segment,elapsed_s,target_mps,measured_mps,error_mps,feedforward_us,command_us,tick,fresh_odom,tf_stamp,x_m,y_m,yaw_rad,distance_m,overspeed_supervisor
1,4.9451,0.25,0.037515,0.212485,1417.743,1417.743,1143,0,1783737198.506853819,0.137808,0.069389,0.031700,0.019882,0
1,4.9662,0.25,0.037515,0.212485,1417.743,1417.743,1144,0,1783737198.506853819,0.137808,0.069389,0.031700,0.019882,0
1,4.9872,0.25,0.037515,0.212485,1417.743,1417.743,1143,0,1783737198.506853819,0.137808,0.069389,0.031700,0.019882,0
1,5.0081,0.25,0.037515,0.212485,1417.743,1417.743,1143,0,1783737198.506853819,0.137808,0.069389,0.031700,0.019882,0
1,5.0235,0.25,0.059518,0.190482,1417.743,1414.643,1141,1,1783737198.605137825,0.150180,0.068511,0.031881,0.031967,0
1,5.0330,0.25,0.059518,0.190482,1417.743,1414.643,1141,0,1783737198.605137825,0.150180,0.068511,0.031881,0.031967,0
1,5.0540,0.25,0.059518,0.190482,1417.743,1414.643,1141,0,1783737198.605137825,0.150180,0.068511,0.031881,0.031967,0
1,5.0750,0.25,0.059518,0.190482,1417.743,1414.643,1141,0,1783737198.605137825,0.150180,0.068511,0.031881,0.031967,0
1,5.0960,0.25,0.059518,0.190482,1417.743,1414.643,1141,0,1783737198.605137825,0.150180,0.068511,0.031881,0.031967,0
1,5.1169,0.25,0.059518,0.190482,1417.743,1414.643,1140,0,1783737198.605137825,0.150180,0.068511,0.031881,0.031967,0
1,5.1239,0.25,0.070563,0.179437,1417.743,1414.154,1141,1,1783737198.705528021,0.160625,0.067549,0.031013,0.042300,0
1,5.1386,0.25,0.070563,0.179437,1417.743,1414.154,1140,0,1783737198.705528021,0.160625,0.067549,0.031013,0.042300,0
1,5.1599,0.25,0.070563,0.179437,1417.743,1414.154,1141,0,1783737198.705528021,0.160625,0.067549,0.031013,0.042300,0
1,5.1809,0.25,0.070563,0.179437,1417.743,1414.154,1140,0,1783737198.705528021,0.160625,0.067549,0.031013,0.042300,0
1,5.2018,0.25,0.070563,0.179437,1417.743,1414.154,1141,0,1783737198.705528021,0.160625,0.067549,0.031013,0.042300,0
1,5.2228,0.25,0.070563,0.179437,1417.743,1414.154,1140,0,1783737198.705528021,0.160625,0.067549,0.031013,0.042300,0
1,5.2246,0.25,0.077606,0.172394,1417.743,1414.295,1141,1,1783737198.806063652,0.170433,0.071719,0.029461,0.052457,0
1,5.2435,0.25,0.077606,0.172394,1417.743,1414.295,1140,0,1783737198.806063652,0.170433,0.071719,0.029461,0.052457,0
1,5.2646,0.25,0.077606,0.172394,1417.743,1414.295,1141,0,1783737198.806063652,0.170433,0.071719,0.029461,0.052457,0
1,5.2855,0.25,0.077606,0.172394,1417.743,1414.295,1140,0,1783737198.806063652,0.170433,0.071719,0.029461,0.052457,0
1,5.3064,0.25,0.077606,0.172394,1417.743,1414.295,1141,0,1783737198.806063652,0.170433,0.071719,0.029461,0.052457,0
1,5.3226,0.25,0.085997,0.164003,1417.743,1414.463,1141,1,1783737198.906592846,0.181571,0.073263,0.027166,0.063701,0
1,5.3345,0.25,0.085997,0.164003,1417.743,1414.463,1140,0,1783737198.906592846,0.181571,0.073263,0.027166,0.063701,0
1,5.3555,0.25,0.085997,0.164003,1417.743,1414.463,1141,0,1783737198.906592846,0.181571,0.073263,0.027166,0.063701,0
1,5.3764,0.25,0.085997,0.164003,1417.743,1414.463,1141,0,1783737198.906592846,0.181571,0.073263,0.027166,0.063701,0
1,5.3973,0.25,0.085997,0.164003,1417.743,1414.463,1140,0,1783737198.906592846,0.181571,0.073263,0.027166,0.063701,0
1,5.4182,0.25,0.085997,0.164003,1417.743,1414.463,1141,0,1783737198.906592846,0.181571,0.073263,0.027166,0.063701,0
1,5.4232,0.25,0.128314,0.121686,1417.743,1415.309,1141,1,1783737199.004693508,0.206661,0.071554,0.024303,0.088501,0
1,5.4443,0.25,0.128314,0.121686,1417.743,1415.309,1142,0,1783737199.004693508,0.206661,0.071554,0.024303,0.088501,0
1,5.4654,0.25,0.128314,0.121686,1417.743,1415.309,1141,0,1783737199.004693508,0.206661,0.071554,0.024303,0.088501,0
1,5.4863,0.25,0.128314,0.121686,1417.743,1415.309,1142,0,1783737199.004693508,0.206661,0.071554,0.024303,0.088501,0
1,5.5074,0.25,0.128314,0.121686,1417.743,1415.309,1141,0,1783737199.004693508,0.206661,0.071554,0.024303,0.088501,0
1,5.5235,0.25,0.154404,0.095596,1417.743,1415.831,1142,1,1783737199.105284214,0.230077,0.071340,0.022385,0.111855,0
1,5.5392,0.25,0.154404,0.095596,1417.743,1415.831,1142,0,1783737199.105284214,0.230077,0.071340,0.022385,0.111855,0
1,5.5602,0.25,0.154404,0.095596,1417.743,1415.831,1141,0,1783737199.105284214,0.230077,0.071340,0.022385,0.111855,0
1,5.5811,0.25,0.154404,0.095596,1417.743,1415.831,1142,0,1783737199.105284214,0.230077,0.071340,0.022385,0.111855,0
1,5.6021,0.25,0.154404,0.095596,1417.743,1415.831,1142,0,1783737199.105284214,0.230077,0.071340,0.022385,0.111855,0
1,5.6214,0.25,0.154404,0.095596,1417.743,1415.831,1142,0,1783737199.105284214,0.230077,0.071340,0.022385,0.111855,0
1,5.6427,0.25,0.167868,0.082132,1417.743,1416.101,1142,1,1783737199.205655336,0.250925,0.074543,0.018345,0.132865,0
1,5.6455,0.25,0.167868,0.082132,1417.743,1416.101,1142,0,1783737199.205655336,0.250925,0.074543,0.018345,0.132865,0
1,5.6665,0.25,0.167868,0.082132,1417.743,1416.101,1142,0,1783737199.205655336,0.250925,0.074543,0.018345,0.132865,0
1,5.6874,0.25,0.167868,0.082132,1417.743,1416.101,1142,0,1783737199.205655336,0.250925,0.074543,0.018345,0.132865,0
1,5.7082,0.25,0.167868,0.082132,1417.743,1416.101,1142,0,1783737199.205655336,0.250925,0.074543,0.018345,0.132865,0
1,5.7219,0.25,0.194922,0.055078,1417.743,1416.642,1142,1,1783737199.303461313,0.277914,0.075614,0.015678,0.159864,0
1,5.7423,0.25,0.194922,0.055078,1417.743,1416.642,1143,0,1783737199.303461313,0.277914,0.075614,0.015678,0.159864,0
1,5.7632,0.25,0.194922,0.055078,1417.743,1416.642,1142,0,1783737199.303461313,0.277914,0.075614,0.015678,0.159864,0
1,5.7841,0.25,0.194922,0.055078,1417.743,1416.642,1143,0,1783737199.303461313,0.277914,0.075614,0.015678,0.159864,0
1,5.8050,0.25,0.194922,0.055078,1417.743,1416.642,1142,0,1783737199.303461313,0.277914,0.075614,0.015678,0.159864,0
1,5.8222,0.25,0.222473,0.027527,1417.743,1417.193,1143,1,1783737199.404030323,0.308621,0.074184,0.012884,0.190442,0
1,5.8323,0.25,0.222473,0.027527,1417.743,1417.193,1143,0,1783737199.404030323,0.308621,0.074184,0.012884,0.190442,0
1,5.8533,0.25,0.222473,0.027527,1417.743,1417.193,1143,0,1783737199.404030323,0.308621,0.074184,0.012884,0.190442,0
1,5.8742,0.25,0.222473,0.027527,1417.743,1417.193,1143,0,1783737199.404030323,0.308621,0.074184,0.012884,0.190442,0
1,5.8951,0.25,0.222473,0.027527,1417.743,1417.193,1143,0,1783737199.404030323,0.308621,0.074184,0.012884,0.190442,0
1,5.9160,0.25,0.222473,0.027527,1417.743,1417.193,1142,0,1783737199.404030323,0.308621,0.074184,0.012884,0.190442,0
1,5.9225,0.25,0.221890,0.028110,1417.743,1417.181,1143,1,1783737199.504279613,0.330677,0.075673,0.010027,0.212544,0
1,5.9396,0.25,0.221890,0.028110,1417.743,1417.181,1143,0,1783737199.504279613,0.330677,0.075673,0.010027,0.212544,0
1,5.9605,0.25,0.221890,0.028110,1417.743,1417.181,1143,0,1783737199.504279613,0.330677,0.075673,0.010027,0.212544,0
1,5.9814,0.25,0.221890,0.028110,1417.743,1417.181,1143,0,1783737199.504279613,0.330677,0.075673,0.010027,0.212544,0
1,6.0026,0.25,0.221890,0.028110,1417.743,1417.181,1143,0,1783737199.504279613,0.330677,0.075673,0.010027,0.212544,0
1,6.0208,0.25,0.227158,0.022842,1417.743,1417.286,1143,1,1783737199.604688644,0.355060,0.077479,0.007207,0.236987,0
1,6.0392,0.25,0.227158,0.022842,1417.743,1417.286,1143,0,1783737199.604688644,0.355060,0.077479,0.007207,0.236987,0
1,6.0603,0.25,0.227158,0.022842,1417.743,1417.286,1143,0,1783737199.604688644,0.355060,0.077479,0.007207,0.236987,0
1,6.0814,0.25,0.227158,0.022842,1417.743,1417.286,1143,0,1783737199.604688644,0.355060,0.077479,0.007207,0.236987,0
1,6.1023,0.25,0.227158,0.022842,1417.743,1417.286,1143,0,1783737199.604688644,0.355060,0.077479,0.007207,0.236987,0
1,6.1212,0.25,0.220647,0.029353,1417.743,1417.156,1143,1,1783737199.702936649,0.374820,0.077420,0.008057,0.256720,0
1,6.1368,0.25,0.220647,0.029353,1417.743,1417.156,1143,0,1783737199.702936649,0.374820,0.077420,0.008057,0.256720,0
1,6.1578,0.25,0.220647,0.029353,1417.743,1417.156,1142,0,1783737199.702936649,0.374820,0.077420,0.008057,0.256720,0
1,6.1789,0.25,0.220647,0.029353,1417.743,1417.156,1143,0,1783737199.702936649,0.374820,0.077420,0.008057,0.256720,0
1,6.2000,0.25,0.220647,0.029353,1417.743,1417.156,1143,0,1783737199.702936649,0.374820,0.077420,0.008057,0.256720,0
1,6.2219,0.25,0.167248,0.082752,1417.743,1416.088,1142,1,1783737199.803340912,0.375523,0.078086,0.008178,0.257454,0
1,6.2410,0.25,0.167248,0.082752,1417.743,1416.088,1142,0,1783737199.803340912,0.375523,0.078086,0.008178,0.257454,0
1,6.2621,0.25,0.167248,0.082752,1417.743,1416.088,1142,0,1783737199.803340912,0.375523,0.078086,0.008178,0.257454,0
1,6.2830,0.25,0.167248,0.082752,1417.743,1416.088,1142,0,1783737199.803340912,0.375523,0.078086,0.008178,0.257454,0
1,6.3040,0.25,0.167248,0.082752,1417.743,1416.088,1142,0,1783737199.803340912,0.375523,0.078086,0.008178,0.257454,0
1,6.3200,0.25,0.122729,0.127271,1417.743,1415.198,1141,1,1783737199.903834343,0.374450,0.076368,0.008950,0.256301,0
1,6.3329,0.25,0.122729,0.127271,1417.743,1415.198,1142,0,1783737199.903834343,0.374450,0.076368,0.008950,0.256301,0
1,6.3539,0.25,0.122729,0.127271,1417.743,1415.198,1141,0,1783737199.903834343,0.374450,0.076368,0.008950,0.256301,0
1,6.3748,0.25,0.122729,0.127271,1417.743,1415.198,1141,0,1783737199.903834343,0.374450,0.076368,0.008950,0.256301,0
1,6.3957,0.25,0.122729,0.127271,1417.743,1415.198,1142,0,1783737199.903834343,0.374450,0.076368,0.008950,0.256301,0
1,6.4165,0.25,0.122729,0.127271,1417.743,1415.198,1141,0,1783737199.903834343,0.374450,0.076368,0.008950,0.256301,0
1,6.4205,0.25,0.087740,0.162260,1417.743,1414.498,1141,1,1783737200.001978397,0.372768,0.075485,0.009906,0.254584,0
1,6.4297,0.25,0.087740,0.162260,1417.743,1414.498,1140,0,1783737200.001978397,0.372768,0.075485,0.009906,0.254584,0
1,6.4507,0.25,0.087740,0.162260,1417.743,1414.498,1141,0,1783737200.001978397,0.372768,0.075485,0.009906,0.254584,0
1,6.4716,0.25,0.087740,0.162260,1417.743,1414.498,1141,0,1783737200.001978397,0.372768,0.075485,0.009906,0.254584,0
1,6.4925,0.25,0.087740,0.162260,1417.743,1414.498,1141,0,1783737200.001978397,0.372768,0.075485,0.009906,0.254584,0
1,6.5134,0.25,0.087740,0.162260,1417.743,1414.498,1140,0,1783737200.001978397,0.372768,0.075485,0.009906,0.254584,0
1,6.5209,0.25,0.071308,0.178692,1417.743,1414.169,1141,1,1783737200.102653027,0.374971,0.076720,0.010614,0.256838,0
1,6.5381,0.25,0.071308,0.178692,1417.743,1414.169,1140,0,1783737200.102653027,0.374971,0.076720,0.010614,0.256838,0
1,6.5591,0.25,0.071308,0.178692,1417.743,1414.169,1141,0,1783737200.102653027,0.374971,0.076720,0.010614,0.256838,0
1,6.5799,0.25,0.071308,0.178692,1417.743,1414.169,1140,0,1783737200.102653027,0.374971,0.076720,0.010614,0.256838,0
1,6.6008,0.25,0.071308,0.178692,1417.743,1414.169,1141,0,1783737200.102653027,0.374971,0.076720,0.010614,0.256838,0
1,6.6193,0.25,0.048493,0.201507,1417.743,1413.713,1140,1,1783737200.203034878,0.372970,0.076497,0.008401,0.254828,0
1,6.6343,0.25,0.048493,0.201507,1417.743,1413.713,1140,0,1783737200.203034878,0.372970,0.076497,0.008401,0.254828,0
1,6.6553,0.25,0.048493,0.201507,1417.743,1413.713,1140,0,1783737200.203034878,0.372970,0.076497,0.008401,0.254828,0
1,6.6762,0.25,0.048493,0.201507,1417.743,1413.713,1140,0,1783737200.203034878,0.372970,0.076497,0.008401,0.254828,0
1,6.6971,0.25,0.048493,0.201507,1417.743,1413.713,1140,0,1783737200.203034878,0.372970,0.076497,0.008401,0.254828,0
1,6.7180,0.25,0.048493,0.201507,1417.743,1413.713,1140,0,1783737200.203034878,0.372970,0.076497,0.008401,0.254828,0
1,6.7198,0.25,0.048493,0.201507,1417.743,1413.713,1140,0,1783737200.203034878,0.372970,0.076497,0.008401,0.254828,0
1,6.7409,0.25,0.034360,0.215640,1417.743,1413.430,1140,1,1783737200.301401377,0.372187,0.075757,0.010686,0.254014,0
1,6.7422,0.25,0.034360,0.215640,1417.743,1413.430,1140,0,1783737200.301401377,0.372187,0.075757,0.010686,0.254014,0
1,6.7631,0.25,0.034360,0.215640,1417.743,1413.430,1140,0,1783737200.301401377,0.372187,0.075757,0.010686,0.254014,0
1,6.7840,0.25,0.034360,0.215640,1417.743,1413.430,1140,0,1783737200.301401377,0.372187,0.075757,0.010686,0.254014,0
1,6.8049,0.25,0.034360,0.215640,1417.743,1413.430,1140,0,1783737200.301401377,0.372187,0.075757,0.010686,0.254014,0
1,6.8204,0.25,0.036094,0.213906,1417.743,1413.465,1139,1,1783737200.401944637,0.376346,0.075154,0.010947,0.258145,0
1,6.8387,0.25,0.036094,0.213906,1417.743,1413.465,1140,0,1783737200.401944637,0.376346,0.075154,0.010947,0.258145,0
1,6.8596,0.25,0.036094,0.213906,1417.743,1413.465,1140,0,1783737200.401944637,0.376346,0.075154,0.010947,0.258145,0
1,6.8805,0.25,0.036094,0.213906,1417.743,1413.465,1140,0,1783737200.401944637,0.376346,0.075154,0.010947,0.258145,0
1,6.9014,0.25,0.036094,0.213906,1417.743,1413.465,1140,0,1783737200.401944637,0.376346,0.075154,0.010947,0.258145,0
1,6.9205,0.25,0.026820,0.223180,1417.743,1413.280,1140,1,1783737200.502477407,0.376232,0.076417,0.010604,0.258084,0
1,6.9348,0.25,0.026820,0.223180,1417.743,1413.280,1139,0,1783737200.502477407,0.376232,0.076417,0.010604,0.258084,0
1,6.9558,0.25,0.026820,0.223180,1417.743,1413.280,1140,0,1783737200.502477407,0.376232,0.076417,0.010604,0.258084,0
1,6.9767,0.25,0.026820,0.223180,1417.743,1413.280,1140,0,1783737200.502477407,0.376232,0.076417,0.010604,0.258084,0
1,6.9976,0.25,0.026820,0.223180,1417.743,1413.280,1140,0,1783737200.502477407,0.376232,0.076417,0.010604,0.258084,0
1,7.0188,0.25,0.018327,0.231673,1417.743,1413.110,1139,1,1783737200.602616787,0.375504,0.077621,0.009907,0.257412,0
1,7.0304,0.25,0.018327,0.231673,1417.743,1413.110,1140,0,1783737200.602616787,0.375504,0.077621,0.009907,0.257412,0
1,7.0514,0.25,0.018327,0.231673,1417.743,1413.110,1139,0,1783737200.602616787,0.375504,0.077621,0.009907,0.257412,0
1,7.0724,0.25,0.018327,0.231673,1417.743,1413.110,1140,0,1783737200.602616787,0.375504,0.077621,0.009907,0.257412,0
1,7.0933,0.25,0.018327,0.231673,1417.743,1413.110,1140,0,1783737200.602616787,0.375504,0.077621,0.009907,0.257412,0
1,7.1142,0.25,0.018327,0.231673,1417.743,1413.110,1139,0,1783737200.602616787,0.375504,0.077621,0.009907,0.257412,0
1,7.1192,0.25,0.008667,0.241333,1417.743,1412.917,1140,1,1783737200.700945854,0.373513,0.076984,0.010345,0.255393,0
1,7.1347,0.25,0.008667,0.241333,1417.743,1412.917,1139,0,1783737200.700945854,0.373513,0.076984,0.010345,0.255393,0
1,7.1557,0.25,0.008667,0.241333,1417.743,1412.917,1140,0,1783737200.700945854,0.373513,0.076984,0.010345,0.255393,0
1,7.1765,0.25,0.008667,0.241333,1417.743,1412.917,1139,0,1783737200.700945854,0.373513,0.076984,0.010345,0.255393,0
1,7.1974,0.25,0.008667,0.241333,1417.743,1412.917,1140,0,1783737200.700945854,0.373513,0.076984,0.010345,0.255393,0
1,7.2183,0.25,0.008667,0.241333,1417.743,1412.917,1139,0,1783737200.700945854,0.373513,0.076984,0.010345,0.255393,0
1,7.2202,0.25,0.012203,0.237797,1417.743,1412.917,1139,1,1783737200.801348686,0.375824,0.074970,0.010415,0.257617,0
1,7.2307,0.25,0.012203,0.237797,1417.743,1412.917,1140,0,1783737200.801348686,0.375824,0.074970,0.010415,0.257617,0
1,7.2518,0.25,0.012203,0.237797,1417.743,1412.917,1139,0,1783737200.801348686,0.375824,0.074970,0.010415,0.257617,0
1,7.2727,0.25,0.012203,0.237797,1417.743,1412.917,1140,0,1783737200.801348686,0.375824,0.074970,0.010415,0.257617,0
1,7.2937,0.25,0.012203,0.237797,1417.743,1412.917,1139,0,1783737200.801348686,0.375824,0.074970,0.010415,0.257617,0
1,7.3147,0.25,0.012203,0.237797,1417.743,1412.917,1140,0,1783737200.801348686,0.375824,0.074970,0.010415,0.257617,0
1,7.3176,0.25,0.006350,0.243650,1417.743,1409.817,1137,1,1783737200.902069569,0.374682,0.076256,0.009979,0.256529,0
1,7.3365,0.25,0.006350,0.243650,1417.743,1409.817,1137,0,1783737200.902069569,0.374682,0.076256,0.009979,0.256529,0
1,7.3576,0.25,0.006350,0.243650,1417.743,1409.817,1137,0,1783737200.902069569,0.374682,0.076256,0.009979,0.256529,0
1,7.3785,0.25,0.006350,0.243650,1417.743,1409.817,1136,0,1783737200.902069569,0.374682,0.076256,0.009979,0.256529,0
1,7.3994,0.25,0.006350,0.243650,1417.743,1409.817,1137,0,1783737200.902069569,0.374682,0.076256,0.009979,0.256529,0
1,7.4184,0.25,0.001958,0.248042,1417.743,1406.717,1135,1,1783737200.999600410,0.373574,0.077699,0.009710,0.255489,0
1,7.4233,0.25,0.001958,0.248042,1417.743,1406.717,1134,0,1783737200.999600410,0.373574,0.077699,0.009710,0.255489,0
1,7.4443,0.25,0.001958,0.248042,1417.743,1406.717,1135,0,1783737200.999600410,0.373574,0.077699,0.009710,0.255489,0
1,7.4653,0.25,0.001958,0.248042,1417.743,1406.717,1134,0,1783737200.999600410,0.373574,0.077699,0.009710,0.255489,0
1,7.4863,0.25,0.001958,0.248042,1417.743,1406.717,1135,0,1783737200.999600410,0.373574,0.077699,0.009710,0.255489,0
1,7.5072,0.25,0.001958,0.248042,1417.743,1406.717,1134,0,1783737200.999600410,0.373574,0.077699,0.009710,0.255489,0
1,7.5185,0.25,0.004681,0.245319,1417.743,1403.617,1132,1,1783737201.100336075,0.374851,0.079481,0.009975,0.256857,0
1,7.5319,0.25,0.004681,0.245319,1417.743,1403.617,1132,0,1783737201.100336075,0.374851,0.079481,0.009975,0.256857,0
1,7.5530,0.25,0.004681,0.245319,1417.743,1403.617,1132,0,1783737201.100336075,0.374851,0.079481,0.009975,0.256857,0
1,7.5740,0.25,0.004681,0.245319,1417.743,1403.617,1132,0,1783737201.100336075,0.374851,0.079481,0.009975,0.256857,0
1,7.5949,0.25,0.004681,0.245319,1417.743,1403.617,1132,0,1783737201.100336075,0.374851,0.079481,0.009975,0.256857,0
1,7.6167,0.25,0.004681,0.245319,1417.743,1403.617,1132,0,1783737201.100336075,0.374851,0.079481,0.009975,0.256857,0
1,7.6175,0.25,0.005934,0.244066,1417.743,1400.517,1129,1,1783737201.200549126,0.375858,0.076001,0.010441,0.257693,0
1,7.6361,0.25,0.005934,0.244066,1417.743,1400.517,1130,0,1783737201.200549126,0.375858,0.076001,0.010441,0.257693,0
1,7.6571,0.25,0.005934,0.244066,1417.743,1400.517,1129,0,1783737201.200549126,0.375858,0.076001,0.010441,0.257693,0
1,7.6781,0.25,0.005934,0.244066,1417.743,1400.517,1130,0,1783737201.200549126,0.375858,0.076001,0.010441,0.257693,0
1,7.6991,0.25,0.005934,0.244066,1417.743,1400.517,1129,0,1783737201.200549126,0.375858,0.076001,0.010441,0.257693,0
1,7.7172,0.25,-0.000074,0.250074,1417.743,1397.417,1127,1,1783737201.298802614,0.374108,0.073388,0.010555,0.255846,0
1,7.7276,0.25,-0.000074,0.250074,1417.743,1397.417,1127,0,1783737201.298802614,0.374108,0.073388,0.010555,0.255846,0
1,7.7488,0.25,-0.000074,0.250074,1417.743,1397.417,1127,0,1783737201.298802614,0.374108,0.073388,0.010555,0.255846,0
1,7.7699,0.25,-0.000074,0.250074,1417.743,1397.417,1127,0,1783737201.298802614,0.374108,0.073388,0.010555,0.255846,0
1,7.7909,0.25,-0.000074,0.250074,1417.743,1397.417,1127,0,1783737201.298802614,0.374108,0.073388,0.010555,0.255846,0
1,7.8120,0.25,-0.000074,0.250074,1417.743,1397.417,1127,0,1783737201.298802614,0.374108,0.073388,0.010555,0.255846,0
1,7.8177,0.25,0.000023,0.249977,1417.743,1394.317,1124,1,1783737201.399330139,0.374159,0.071603,0.011214,0.255845,0
1,7.8287,0.25,0.000023,0.249977,1417.743,1394.317,1125,0,1783737201.399330139,0.374159,0.071603,0.011214,0.255845,0
1,7.8498,0.25,0.000023,0.249977,1417.743,1394.317,1124,0,1783737201.399330139,0.374159,0.071603,0.011214,0.255845,0
1,7.8709,0.25,0.000023,0.249977,1417.743,1394.317,1125,0,1783737201.399330139,0.374159,0.071603,0.011214,0.255845,0
1,7.8919,0.25,0.000023,0.249977,1417.743,1394.317,1124,0,1783737201.399330139,0.374159,0.071603,0.011214,0.255845,0
1,7.9128,0.25,0.000023,0.249977,1417.743,1394.317,1124,0,1783737201.399330139,0.374159,0.071603,0.011214,0.255845,0
1,7.9182,0.25,0.006271,0.243729,1417.743,1391.217,1122,1,1783737201.499778748,0.376661,0.072590,0.011258,0.258373,0
1,7.9352,0.25,0.006271,0.243729,1417.743,1391.217,1122,0,1783737201.499778748,0.376661,0.072590,0.011258,0.258373,0
1,7.9563,0.25,0.006271,0.243729,1417.743,1391.217,1122,0,1783737201.499778748,0.376661,0.072590,0.011258,0.258373,0
1,7.9774,0.25,0.006271,0.243729,1417.743,1391.217,1122,0,1783737201.499778748,0.376661,0.072590,0.011258,0.258373,0
1,7.9983,0.25,0.006271,0.243729,1417.743,1391.217,1122,0,1783737201.499778748,0.376661,0.072590,0.011258,0.258373,0
1,8.0190,0.25,0.011190,0.238810,1417.743,1388.117,1120,1,1783737201.600288868,0.379256,0.073822,0.010782,0.261005,0
1,8.0261,0.25,0.011190,0.238810,1417.743,1388.117,1119,0,1783737201.600288868,0.379256,0.073822,0.010782,0.261005,0
1,8.0471,0.25,0.011190,0.238810,1417.743,1388.117,1120,0,1783737201.600288868,0.379256,0.073822,0.010782,0.261005,0
1,8.0681,0.25,0.011190,0.238810,1417.743,1388.117,1119,0,1783737201.600288868,0.379256,0.073822,0.010782,0.261005,0
1,8.0892,0.25,0.011190,0.238810,1417.743,1388.117,1119,0,1783737201.600288868,0.379256,0.073822,0.010782,0.261005,0
1,8.1103,0.25,0.011190,0.238810,1417.743,1388.117,1120,0,1783737201.600288868,0.379256,0.073822,0.010782,0.261005,0
1,8.1193,0.25,0.021016,0.228984,1417.743,1385.017,1117,1,1783737201.700737715,0.384333,0.073294,0.009063,0.266063,0
1,8.1332,0.25,0.021016,0.228984,1417.743,1385.017,1117,0,1783737201.700737715,0.384333,0.073294,0.009063,0.266063,0
1,8.1545,0.25,0.021016,0.228984,1417.743,1385.017,1117,0,1783737201.700737715,0.384333,0.073294,0.009063,0.266063,0
1,8.1755,0.25,0.021016,0.228984,1417.743,1385.017,1117,0,1783737201.700737715,0.384333,0.073294,0.009063,0.266063,0
1,8.1965,0.25,0.021016,0.228984,1417.743,1385.017,1117,0,1783737201.700737715,0.384333,0.073294,0.009063,0.266063,0
1,8.2174,0.25,0.021016,0.228984,1417.743,1385.017,1117,0,1783737201.700737715,0.384333,0.073294,0.009063,0.266063,0
1,8.2197,0.25,0.039352,0.210648,1417.743,1381.917,1114,1,1783737201.802422285,0.393909,0.075818,0.007366,0.275721,0
1,8.2347,0.25,0.039352,0.210648,1417.743,1381.917,1114,0,1783737201.802422285,0.393909,0.075818,0.007366,0.275721,0
1,8.2557,0.25,0.039352,0.210648,1417.743,1381.917,1115,0,1783737201.802422285,0.393909,0.075818,0.007366,0.275721,0
1,8.2768,0.25,0.039352,0.210648,1417.743,1381.917,1114,0,1783737201.802422285,0.393909,0.075818,0.007366,0.275721,0
1,8.2978,0.25,0.039352,0.210648,1417.743,1381.917,1115,0,1783737201.802422285,0.393909,0.075818,0.007366,0.275721,0
1,8.3188,0.25,0.039352,0.210648,1417.743,1381.917,1114,0,1783737201.802422285,0.393909,0.075818,0.007366,0.275721,0
1,8.3208,0.25,0.088157,0.161843,1417.743,1380.000,1113,1,1783737201.901817799,0.417220,0.076776,0.004857,0.299052,0
1,8.3319,0.25,0.088157,0.161843,1417.743,1380.000,1113,0,1783737201.901817799,0.417220,0.076776,0.004857,0.299052,0
1,8.3530,0.25,0.088157,0.161843,1417.743,1380.000,1113,0,1783737201.901817799,0.417220,0.076776,0.004857,0.299052,0
1,8.3741,0.25,0.088157,0.161843,1417.743,1380.000,1113,0,1783737201.901817799,0.417220,0.076776,0.004857,0.299052,0
1,8.3950,0.25,0.088157,0.161843,1417.743,1380.000,1113,0,1783737201.901817799,0.417220,0.076776,0.004857,0.299052,0
1,8.4160,0.25,0.088157,0.161843,1417.743,1380.000,1113,0,1783737201.901817799,0.417220,0.076776,0.004857,0.299052,0
1,8.4207,0.25,0.166226,0.083774,1417.743,1425.000,1149,1,1783737202.002584219,0.457570,0.075850,-0.000229,0.339344,1
1,8.4352,0.25,0.166226,0.083774,1417.743,1425.000,1149,0,1783737202.002584219,0.457570,0.075850,-0.000229,0.339344,1
1,8.4562,0.25,0.166226,0.083774,1417.743,1425.000,1149,0,1783737202.002584219,0.457570,0.075850,-0.000229,0.339344,1
1,8.4772,0.25,0.166226,0.083774,1417.743,1425.000,1149,0,1783737202.002584219,0.457570,0.075850,-0.000229,0.339344,1
1,8.4981,0.25,0.166226,0.083774,1417.743,1425.000,1150,0,1783737202.002584219,0.457570,0.075850,-0.000229,0.339344,1
1,8.5190,0.25,0.166226,0.083774,1417.743,1425.000,1149,0,1783737202.002584219,0.457570,0.075850,-0.000229,0.339344,1
1,8.5401,0.25,0.285372,-0.035372,1417.743,1425.000,1149,1,1783737202.102862120,0.522034,0.075948,-0.009768,0.403783,1
1,8.5430,0.25,0.285372,-0.035372,1417.743,1425.000,1149,0,1783737202.102862120,0.522034,0.075948,-0.009768,0.403783,1
1,8.5641,0.25,0.285372,-0.035372,1417.743,1425.000,1149,0,1783737202.102862120,0.522034,0.075948,-0.009768,0.403783,1
1,8.5851,0.25,0.285372,-0.035372,1417.743,1425.000,1150,0,1783737202.102862120,0.522034,0.075948,-0.009768,0.403783,1
1,8.6060,0.25,0.285372,-0.035372,1417.743,1425.000,1149,0,1783737202.102862120,0.522034,0.075948,-0.009768,0.403783,1
1,8.6196,0.25,0.355896,-0.105896,1417.743,1425.000,1149,1,1783737202.201120853,0.577890,0.079112,-0.025234,0.459707,1
1,8.6397,0.25,0.355896,-0.105896,1417.743,1425.000,1149,0,1783737202.201120853,0.577890,0.079112,-0.025234,0.459707,1
1,8.6607,0.25,0.355896,-0.105896,1417.743,1425.000,1149,0,1783737202.201120853,0.577890,0.079112,-0.025234,0.459707,1
1,8.6816,0.25,0.355896,-0.105896,1417.743,1425.000,1150,0,1783737202.201120853,0.577890,0.079112,-0.025234,0.459707,1
1,8.7024,0.25,0.355896,-0.105896,1417.743,1425.000,1149,0,1783737202.201120853,0.577890,0.079112,-0.025234,0.459707,1
1,8.7200,0.25,0.374341,-0.124341,1417.743,1425.000,1149,1,1783737202.301762819,0.621140,0.078679,-0.029858,0.502927,1
1,8.7393,0.25,0.374341,-0.124341,1417.743,1425.000,1149,0,1783737202.301762819,0.621140,0.078679,-0.029858,0.502927,1
1,8.7603,0.25,0.374341,-0.124341,1417.743,1425.000,1149,0,1783737202.301762819,0.621140,0.078679,-0.029858,0.502927,1
1,8.7812,0.25,0.374341,-0.124341,1417.743,1425.000,1150,0,1783737202.301762819,0.621140,0.078679,-0.029858,0.502927,1
1,8.8021,0.25,0.374341,-0.124341,1417.743,1425.000,1149,0,1783737202.301762819,0.621140,0.078679,-0.029858,0.502927,1
1,8.8207,0.25,0.374341,-0.124341,1417.743,1425.000,1149,0,1783737202.301762819,0.621140,0.078679,-0.029858,0.502927,1
1,8.8420,0.25,0.357421,-0.107421,1417.743,1425.000,1149,1,1783737202.402063131,0.651919,0.078971,-0.028283,0.533703,1
1,8.8462,0.25,0.357421,-0.107421,1417.743,1425.000,1149,0,1783737202.402063131,0.651919,0.078971,-0.028283,0.533703,1
1,8.8672,0.25,0.357421,-0.107421,1417.743,1425.000,1150,0,1783737202.402063131,0.651919,0.078971,-0.028283,0.533703,1
1,8.8883,0.25,0.357421,-0.107421,1417.743,1425.000,1149,0,1783737202.402063131,0.651919,0.078971,-0.028283,0.533703,1
1,8.9092,0.25,0.357421,-0.107421,1417.743,1425.000,1149,0,1783737202.402063131,0.651919,0.078971,-0.028283,0.533703,1
1,8.9189,0.25,0.310738,-0.060738,1417.743,1425.000,1149,1,1783737202.502773046,0.669042,0.076470,-0.030002,0.550762,1
1,8.9299,0.25,0.310738,-0.060738,1417.743,1425.000,1149,0,1783737202.502773046,0.669042,0.076470,-0.030002,0.550762,1
1,8.9509,0.25,0.310738,-0.060738,1417.743,1425.000,1149,0,1783737202.502773046,0.669042,0.076470,-0.030002,0.550762,1
1,8.9718,0.25,0.310738,-0.060738,1417.743,1425.000,1150,0,1783737202.502773046,0.669042,0.076470,-0.030002,0.550762,1
1,8.9927,0.25,0.310738,-0.060738,1417.743,1425.000,1149,0,1783737202.502773046,0.669042,0.076470,-0.030002,0.550762,1
1,9.0135,0.25,0.310738,-0.060738,1417.743,1425.000,1149,0,1783737202.502773046,0.669042,0.076470,-0.030002,0.550762,1
1,9.0191,0.25,0.225832,0.024168,1417.743,1421.900,1147,1,1783737202.601028204,0.666222,0.077157,-0.029000,0.547959,0
1,9.0372,0.25,0.225832,0.024168,1417.743,1421.900,1146,0,1783737202.601028204,0.666222,0.077157,-0.029000,0.547959,0
1,9.0582,0.25,0.225832,0.024168,1417.743,1421.900,1147,0,1783737202.601028204,0.666222,0.077157,-0.029000,0.547959,0
1,9.0790,0.25,0.225832,0.024168,1417.743,1421.900,1147,0,1783737202.601028204,0.666222,0.077157,-0.029000,0.547959,0
1,9.0999,0.25,0.225832,0.024168,1417.743,1421.900,1147,0,1783737202.601028204,0.666222,0.077157,-0.029000,0.547959,0
1,9.1200,0.25,0.163045,0.086955,1417.743,1418.800,1144,1,1783737202.701294422,0.663699,0.077742,-0.028149,0.545449,0
1,9.1326,0.25,0.163045,0.086955,1417.743,1418.800,1144,0,1783737202.701294422,0.663699,0.077742,-0.028149,0.545449,0
1,9.1536,0.25,0.163045,0.086955,1417.743,1418.800,1144,0,1783737202.701294422,0.663699,0.077742,-0.028149,0.545449,0
1,9.1744,0.25,0.163045,0.086955,1417.743,1418.800,1144,0,1783737202.701294422,0.663699,0.077742,-0.028149,0.545449,0
1,9.1953,0.25,0.163045,0.086955,1417.743,1418.800,1145,0,1783737202.701294422,0.663699,0.077742,-0.028149,0.545449,0
1,9.2162,0.25,0.163045,0.086955,1417.743,1418.800,1144,0,1783737202.701294422,0.663699,0.077742,-0.028149,0.545449,0
1,9.2204,0.25,0.123551,0.126449,1417.743,1415.700,1141,1,1783737202.802074194,0.664153,0.075797,-0.029277,0.545862,0
1,9.2351,0.25,0.123551,0.126449,1417.743,1415.700,1142,0,1783737202.802074194,0.664153,0.075797,-0.029277,0.545862,0
1,9.2561,0.25,0.123551,0.126449,1417.743,1415.700,1142,0,1783737202.802074194,0.664153,0.075797,-0.029277,0.545862,0
1,9.2770,0.25,0.123551,0.126449,1417.743,1415.700,1141,0,1783737202.802074194,0.664153,0.075797,-0.029277,0.545862,0
1,9.2978,0.25,0.123551,0.126449,1417.743,1415.700,1142,0,1783737202.802074194,0.664153,0.075797,-0.029277,0.545862,0
1,9.3185,0.25,0.092934,0.157066,1417.743,1414.602,1141,1,1783737202.902458906,0.664266,0.075912,-0.030116,0.545976,0
1,9.3329,0.25,0.092934,0.157066,1417.743,1414.602,1141,0,1783737202.902458906,0.664266,0.075912,-0.030116,0.545976,0
1,9.3539,0.25,0.092934,0.157066,1417.743,1414.602,1141,0,1783737202.902458906,0.664266,0.075912,-0.030116,0.545976,0
1,9.3749,0.25,0.092934,0.157066,1417.743,1414.602,1140,0,1783737202.902458906,0.664266,0.075912,-0.030116,0.545976,0
1,9.3959,0.25,0.092934,0.157066,1417.743,1414.602,1141,0,1783737202.902458906,0.664266,0.075912,-0.030116,0.545976,0
1,9.4168,0.25,0.092934,0.157066,1417.743,1414.602,1141,0,1783737202.902458906,0.664266,0.075912,-0.030116,0.545976,0
1,9.4190,0.25,0.070219,0.179781,1417.743,1414.148,1140,1,1783737203.000660181,0.664494,0.076746,-0.029890,0.546222,0
1,9.4353,0.25,0.070219,0.179781,1417.743,1414.148,1141,0,1783737203.000660181,0.664494,0.076746,-0.029890,0.546222,0
1,9.4563,0.25,0.070219,0.179781,1417.743,1414.148,1140,0,1783737203.000660181,0.664494,0.076746,-0.029890,0.546222,0
1,9.4772,0.25,0.070219,0.179781,1417.743,1414.148,1141,0,1783737203.000660181,0.664494,0.076746,-0.029890,0.546222,0
1,9.4981,0.25,0.070219,0.179781,1417.743,1414.148,1140,0,1783737203.000660181,0.664494,0.076746,-0.029890,0.546222,0
1,9.5193,0.25,0.055717,0.194283,1417.743,1413.858,1140,1,1783737203.100951433,0.665689,0.075767,-0.030995,0.547397,0
1,9.5309,0.25,0.055717,0.194283,1417.743,1413.858,1141,0,1783737203.100951433,0.665689,0.075767,-0.030995,0.547397,0
1,9.5519,0.25,0.055717,0.194283,1417.743,1413.858,1140,0,1783737203.100951433,0.665689,0.075767,-0.030995,0.547397,0
1,9.5728,0.25,0.055717,0.194283,1417.743,1413.858,1140,0,1783737203.100951433,0.665689,0.075767,-0.030995,0.547397,0
1,9.5938,0.25,0.055717,0.194283,1417.743,1413.858,1140,0,1783737203.100951433,0.665689,0.075767,-0.030995,0.547397,0
1,9.6147,0.25,0.055717,0.194283,1417.743,1413.858,1140,0,1783737203.100951433,0.665689,0.075767,-0.030995,0.547397,0
1,9.6172,0.25,0.034840,0.215160,1417.743,1413.440,1140,1,1783737203.201380968,0.662893,0.075647,-0.031822,0.544599,0
1,9.6329,0.25,0.034840,0.215160,1417.743,1413.440,1140,0,1783737203.201380968,0.662893,0.075647,-0.031822,0.544599,0
1,9.6539,0.25,0.034840,0.215160,1417.743,1413.440,1140,0,1783737203.201380968,0.662893,0.075647,-0.031822,0.544599,0
1,9.6748,0.25,0.034840,0.215160,1417.743,1413.440,1140,0,1783737203.201380968,0.662893,0.075647,-0.031822,0.544599,0
1,9.6957,0.25,0.034840,0.215160,1417.743,1413.440,1140,0,1783737203.201380968,0.662893,0.075647,-0.031822,0.544599,0
1,9.7166,0.25,0.034840,0.215160,1417.743,1413.440,1140,0,1783737203.201380968,0.662893,0.075647,-0.031822,0.544599,0
1,9.7184,0.25,0.026694,0.223306,1417.743,1413.277,1139,1,1783737203.299268246,0.663096,0.075070,-0.031344,0.544790,0
1,9.7391,0.25,0.026694,0.223306,1417.743,1413.277,1140,0,1783737203.299268246,0.663096,0.075070,-0.031344,0.544790,0
1,9.7601,0.25,0.026694,0.223306,1417.743,1413.277,1140,0,1783737203.299268246,0.663096,0.075070,-0.031344,0.544790,0
1,9.7810,0.25,0.026694,0.223306,1417.743,1413.277,1140,0,1783737203.299268246,0.663096,0.075070,-0.031344,0.544790,0
1,9.8019,0.25,0.026694,0.223306,1417.743,1413.277,1139,0,1783737203.299268246,0.663096,0.075070,-0.031344,0.544790,0
1,9.8183,0.25,0.019345,0.230655,1417.743,1413.130,1140,1,1783737203.400048733,0.662902,0.077749,-0.029362,0.544652,0
1,9.8314,0.25,0.019345,0.230655,1417.743,1413.130,1140,0,1783737203.400048733,0.662902,0.077749,-0.029362,0.544652,0
1,9.8524,0.25,0.019345,0.230655,1417.743,1413.130,1139,0,1783737203.400048733,0.662902,0.077749,-0.029362,0.544652,0
1,9.8733,0.25,0.019345,0.230655,1417.743,1413.130,1140,0,1783737203.400048733,0.662902,0.077749,-0.029362,0.544652,0
1,9.8942,0.25,0.019345,0.230655,1417.743,1413.130,1139,0,1783737203.400048733,0.662902,0.077749,-0.029362,0.544652,0
1,9.9152,0.25,0.019345,0.230655,1417.743,1413.130,1140,0,1783737203.400048733,0.662902,0.077749,-0.029362,0.544652,0
1,9.9170,0.25,0.013828,0.236172,1417.743,1413.020,1140,1,1783737203.500493288,0.662644,0.078312,-0.026697,0.544408,0
1,9.9324,0.25,0.013828,0.236172,1417.743,1413.020,1139,0,1783737203.500493288,0.662644,0.078312,-0.026697,0.544408,0
1,9.9534,0.25,0.013828,0.236172,1417.743,1413.020,1140,0,1783737203.500493288,0.662644,0.078312,-0.026697,0.544408,0
1,9.9744,0.25,0.013828,0.236172,1417.743,1413.020,1139,0,1783737203.500493288,0.662644,0.078312,-0.026697,0.544408,0
1,9.9953,0.25,0.013828,0.236172,1417.743,1413.020,1140,0,1783737203.500493288,0.662644,0.078312,-0.026697,0.544408,0
1,10.0172,0.25,0.011389,0.238611,1417.743,1413.020,1139,1,1783737203.598435879,0.662949,0.074678,-0.025853,0.544636,0
1,10.0257,0.25,0.011389,0.238611,1417.743,1413.020,1140,0,1783737203.598435879,0.662949,0.074678,-0.025853,0.544636,0
1,10.0468,0.25,0.011389,0.238611,1417.743,1413.020,1139,0,1783737203.598435879,0.662949,0.074678,-0.025853,0.544636,0
1,10.0681,0.25,0.011389,0.238611,1417.743,1413.020,1140,0,1783737203.598435879,0.662949,0.074678,-0.025853,0.544636,0
1,10.0892,0.25,0.011389,0.238611,1417.743,1413.020,1139,0,1783737203.598435879,0.662949,0.074678,-0.025853,0.544636,0
1,10.1101,0.25,0.011389,0.238611,1417.743,1413.020,1140,0,1783737203.598435879,0.662949,0.074678,-0.025853,0.544636,0
1,10.1175,0.25,0.010710,0.239290,1417.743,1409.920,1137,1,1783737203.698951244,0.663839,0.075375,-0.027208,0.545540,0
1,10.1347,0.25,0.010710,0.239290,1417.743,1409.920,1137,0,1783737203.698951244,0.663839,0.075375,-0.027208,0.545540,0
1,10.1560,0.25,0.010710,0.239290,1417.743,1409.920,1137,0,1783737203.698951244,0.663839,0.075375,-0.027208,0.545540,0
1,10.1771,0.25,0.010710,0.239290,1417.743,1409.920,1137,0,1783737203.698951244,0.663839,0.075375,-0.027208,0.545540,0
1,10.1982,0.25,0.010710,0.239290,1417.743,1409.920,1137,0,1783737203.698951244,0.663839,0.075375,-0.027208,0.545540,0
1,10.2156,0.25,0.013789,0.236211,1417.743,1406.820,1135,1,1783737203.799566269,0.666155,0.075290,-0.029413,0.547853,0
1,10.2256,0.25,0.013789,0.236211,1417.743,1406.820,1134,0,1783737203.799566269,0.666155,0.075290,-0.029413,0.547853,0
1,10.2465,0.25,0.013789,0.236211,1417.743,1406.820,1135,0,1783737203.799566269,0.666155,0.075290,-0.029413,0.547853,0
1,10.2676,0.25,0.013789,0.236211,1417.743,1406.820,1134,0,1783737203.799566269,0.666155,0.075290,-0.029413,0.547853,0
1,10.2885,0.25,0.013789,0.236211,1417.743,1406.820,1135,0,1783737203.799566269,0.666155,0.075290,-0.029413,0.547853,0
1,10.3095,0.25,0.013789,0.236211,1417.743,1406.820,1134,0,1783737203.799566269,0.666155,0.075290,-0.029413,0.547853,0
1,10.3158,0.25,0.014822,0.235178,1417.743,1403.720,1132,1,1783737203.897462845,0.667970,0.077192,-0.031591,0.549707,0
1,10.3251,0.25,0.014822,0.235178,1417.743,1403.720,1132,0,1783737203.897462845,0.667970,0.077192,-0.031591,0.549707,0
1,10.3461,0.25,0.014822,0.235178,1417.743,1403.720,1132,0,1783737203.897462845,0.667970,0.077192,-0.031591,0.549707,0
1,10.3672,0.25,0.014822,0.235178,1417.743,1403.720,1132,0,1783737203.897462845,0.667970,0.077192,-0.031591,0.549707,0
1,10.3882,0.25,0.014822,0.235178,1417.743,1403.720,1132,0,1783737203.897462845,0.667970,0.077192,-0.031591,0.549707,0
1,10.4091,0.25,0.014822,0.235178,1417.743,1403.720,1133,0,1783737203.897462845,0.667970,0.077192,-0.031591,0.549707,0
1,10.4166,0.25,0.016464,0.233536,1417.743,1400.620,1129,1,1783737203.997927427,0.670144,0.077931,-0.031591,0.551896,0
1,10.4353,0.25,0.016464,0.233536,1417.743,1400.620,1130,0,1783737203.997927427,0.670144,0.077931,-0.031591,0.551896,0
1,10.4564,0.25,0.016464,0.233536,1417.743,1400.620,1129,0,1783737203.997927427,0.670144,0.077931,-0.031591,0.551896,0
1,10.4774,0.25,0.016464,0.233536,1417.743,1400.620,1130,0,1783737203.997927427,0.670144,0.077931,-0.031591,0.551896,0
1,10.4983,0.25,0.016464,0.233536,1417.743,1400.620,1129,0,1783737203.997927427,0.670144,0.077931,-0.031591,0.551896,0
1,10.5147,0.25,0.024028,0.225972,1417.743,1397.520,1127,1,1783737204.098753929,0.674837,0.077282,-0.029651,0.556574,0
1,10.5282,0.25,0.024028,0.225972,1417.743,1397.520,1127,0,1783737204.098753929,0.674837,0.077282,-0.029651,0.556574,0
1,10.5493,0.25,0.024028,0.225972,1417.743,1397.520,1127,0,1783737204.098753929,0.674837,0.077282,-0.029651,0.556574,0
1,10.5703,0.25,0.024028,0.225972,1417.743,1397.520,1127,0,1783737204.098753929,0.674837,0.077282,-0.029651,0.556574,0
1,10.5913,0.25,0.024028,0.225972,1417.743,1397.520,1127,0,1783737204.098753929,0.674837,0.077282,-0.029651,0.556574,0
1,10.6122,0.25,0.024028,0.225972,1417.743,1397.520,1127,0,1783737204.098753929,0.674837,0.077282,-0.029651,0.556574,0
1,10.6152,0.25,0.041660,0.208340,1417.743,1394.420,1125,1,1783737204.196792841,0.684074,0.076052,-0.030054,0.565784,0
1,10.6312,0.25,0.041660,0.208340,1417.743,1394.420,1124,0,1783737204.196792841,0.684074,0.076052,-0.030054,0.565784,0
1,10.6522,0.25,0.041660,0.208340,1417.743,1394.420,1125,0,1783737204.196792841,0.684074,0.076052,-0.030054,0.565784,0
1,10.6732,0.25,0.041660,0.208340,1417.743,1394.420,1124,0,1783737204.196792841,0.684074,0.076052,-0.030054,0.565784,0
1,10.6941,0.25,0.041660,0.208340,1417.743,1394.420,1125,0,1783737204.196792841,0.684074,0.076052,-0.030054,0.565784,0
1,10.7157,0.25,0.041660,0.208340,1417.743,1394.420,1125,0,1783737204.196792841,0.684074,0.076052,-0.030054,0.565784,0
1,10.7370,0.25,0.092017,0.157983,1417.743,1391.320,1122,1,1783737204.297249556,0.708492,0.075597,-0.032178,0.590189,0
1,10.7382,0.25,0.092017,0.157983,1417.743,1391.320,1122,0,1783737204.297249556,0.708492,0.075597,-0.032178,0.590189,0
1,10.7591,0.25,0.092017,0.157983,1417.743,1391.320,1122,0,1783737204.297249556,0.708492,0.075597,-0.032178,0.590189,0
1,10.7800,0.25,0.092017,0.157983,1417.743,1391.320,1122,0,1783737204.297249556,0.708492,0.075597,-0.032178,0.590189,0
1,10.8010,0.25,0.092017,0.157983,1417.743,1391.320,1122,0,1783737204.297249556,0.708492,0.075597,-0.032178,0.590189,0
1,10.8165,0.25,0.159036,0.090964,1417.743,1425.000,1149,1,1783737204.397833109,0.744720,0.075156,-0.036682,0.626404,1
1,10.8317,0.25,0.159036,0.090964,1417.743,1425.000,1149,0,1783737204.397833109,0.744720,0.075156,-0.036682,0.626404,1
1,10.8529,0.25,0.159036,0.090964,1417.743,1425.000,1149,0,1783737204.397833109,0.744720,0.075156,-0.036682,0.626404,1
1,10.8740,0.25,0.159036,0.090964,1417.743,1425.000,1149,0,1783737204.397833109,0.744720,0.075156,-0.036682,0.626404,1
1,10.8950,0.25,0.159036,0.090964,1417.743,1425.000,1150,0,1783737204.397833109,0.744720,0.075156,-0.036682,0.626404,1
1,10.9147,0.25,0.217455,0.032545,1417.743,1425.000,1149,1,1783737204.498397350,0.784225,0.074637,-0.042055,0.665897,1
1,10.9230,0.25,0.217455,0.032545,1417.743,1425.000,1149,0,1783737204.498397350,0.784225,0.074637,-0.042055,0.665897,1
1,10.9440,0.25,0.217455,0.032545,1417.743,1425.000,1149,0,1783737204.498397350,0.784225,0.074637,-0.042055,0.665897,1
1,10.9650,0.25,0.217455,0.032545,1417.743,1425.000,1149,0,1783737204.498397350,0.784225,0.074637,-0.042055,0.665897,1
1,10.9861,0.25,0.217455,0.032545,1417.743,1425.000,1150,0,1783737204.498397350,0.784225,0.074637,-0.042055,0.665897,1
1,11.0070,0.25,0.217455,0.032545,1417.743,1425.000,1149,0,1783737204.498397350,0.784225,0.074637,-0.042055,0.665897,1
1,11.0150,0.25,0.283773,-0.033773,1417.743,1425.000,1149,1,1783737204.596593380,0.831471,0.070138,-0.045778,0.713092,1
1,11.0304,0.25,0.283773,-0.033773,1417.743,1425.000,1149,0,1783737204.596593380,0.831471,0.070138,-0.045778,0.713092,1
1,11.0514,0.25,0.283773,-0.033773,1417.743,1425.000,1149,0,1783737204.596593380,0.831471,0.070138,-0.045778,0.713092,1
1,11.0723,0.25,0.283773,-0.033773,1417.743,1425.000,1150,0,1783737204.596593380,0.831471,0.070138,-0.045778,0.713092,1
1,11.0932,0.25,0.283773,-0.033773,1417.743,1425.000,1149,0,1783737204.596593380,0.831471,0.070138,-0.045778,0.713092,1
1,11.1141,0.25,0.283773,-0.033773,1417.743,1425.000,1149,0,1783737204.596593380,0.831471,0.070138,-0.045778,0.713092,1
1,11.1160,0.25,0.298596,-0.048596,1417.743,1425.000,1149,1,1783737204.697079182,0.865841,0.067123,-0.046713,0.747447,1
1,11.1347,0.25,0.298596,-0.048596,1417.743,1425.000,1149,0,1783737204.697079182,0.865841,0.067123,-0.046713,0.747447,1
1,11.1557,0.25,0.298596,-0.048596,1417.743,1425.000,1150,0,1783737204.697079182,0.865841,0.067123,-0.046713,0.747447,1
1,11.1769,0.25,0.298596,-0.048596,1417.743,1425.000,1149,0,1783737204.697079182,0.865841,0.067123,-0.046713,0.747447,1
1,11.1980,0.25,0.298596,-0.048596,1417.743,1425.000,1149,0,1783737204.697079182,0.865841,0.067123,-0.046713,0.747447,1
1,11.2135,0.25,0.288646,-0.038646,1417.743,1425.000,1149,1,1783737204.797645092,0.892148,0.071764,-0.052734,0.773780,1
1,11.2309,0.25,0.288646,-0.038646,1417.743,1425.000,1149,0,1783737204.797645092,0.892148,0.071764,-0.052734,0.773780,1
1,11.2519,0.25,0.288646,-0.038646,1417.743,1425.000,1150,0,1783737204.797645092,0.892148,0.071764,-0.052734,0.773780,1
1,11.2728,0.25,0.288646,-0.038646,1417.743,1425.000,1149,0,1783737204.797645092,0.892148,0.071764,-0.052734,0.773780,1
1,11.2937,0.25,0.288646,-0.038646,1417.743,1425.000,1149,0,1783737204.797645092,0.892148,0.071764,-0.052734,0.773780,1
1,11.3139,0.25,0.269266,-0.019266,1417.743,1425.000,1149,1,1783737204.895466328,0.912763,0.070511,-0.055584,0.794385,1
1,11.3291,0.25,0.269266,-0.019266,1417.743,1425.000,1149,0,1783737204.895466328,0.912763,0.070511,-0.055584,0.794385,1
1,11.3502,0.25,0.269266,-0.019266,1417.743,1425.000,1150,0,1783737204.895466328,0.912763,0.070511,-0.055584,0.794385,1
1,11.3711,0.25,0.269266,-0.019266,1417.743,1425.000,1149,0,1783737204.895466328,0.912763,0.070511,-0.055584,0.794385,1
1,11.3920,0.25,0.269266,-0.019266,1417.743,1425.000,1149,0,1783737204.895466328,0.912763,0.070511,-0.055584,0.794385,1
1,11.4117,0.25,0.233801,0.016199,1417.743,1421.900,1147,1,1783737204.995927572,0.925434,0.067808,-0.054444,0.807042,0
1,11.4269,0.25,0.233801,0.016199,1417.743,1421.900,1146,0,1783737204.995927572,0.925434,0.067808,-0.054444,0.807042,0
1,11.4479,0.25,0.233801,0.016199,1417.743,1421.900,1147,0,1783737204.995927572,0.925434,0.067808,-0.054444,0.807042,0
1,11.4687,0.25,0.233801,0.016199,1417.743,1421.900,1147,0,1783737204.995927572,0.925434,0.067808,-0.054444,0.807042,0
1,11.4896,0.25,0.233801,0.016199,1417.743,1421.900,1146,0,1783737204.995927572,0.925434,0.067808,-0.054444,0.807042,0
1,11.5105,0.25,0.233801,0.016199,1417.743,1421.900,1147,0,1783737204.995927572,0.925434,0.067808,-0.054444,0.807042,0
1,11.5123,0.25,0.208363,0.041637,1417.743,1418.800,1144,1,1783737205.093752623,0.938225,0.065217,-0.056698,0.819829,0
1,11.5291,0.25,0.208363,0.041637,1417.743,1418.800,1144,0,1783737205.093752623,0.938225,0.065217,-0.056698,0.819829,0
1,11.5501,0.25,0.208363,0.041637,1417.743,1418.800,1145,0,1783737205.093752623,0.938225,0.065217,-0.056698,0.819829,0
1,11.5710,0.25,0.208363,0.041637,1417.743,1418.800,1144,0,1783737205.093752623,0.938225,0.065217,-0.056698,0.819829,0
1,11.5919,0.25,0.208363,0.041637,1417.743,1418.800,1144,0,1783737205.093752623,0.938225,0.065217,-0.056698,0.819829,0
1,11.6129,0.25,0.190753,0.059247,1417.743,1416.558,1142,1,1783737205.194221258,0.952183,0.066516,-0.058629,0.833787,0
1,11.6268,0.25,0.190753,0.059247,1417.743,1416.558,1143,0,1783737205.194221258,0.952183,0.066516,-0.058629,0.833787,0
1,11.6478,0.25,0.190753,0.059247,1417.743,1416.558,1142,0,1783737205.194221258,0.952183,0.066516,-0.058629,0.833787,0
1,11.6687,0.25,0.190753,0.059247,1417.743,1416.558,1143,0,1783737205.194221258,0.952183,0.066516,-0.058629,0.833787,0
1,11.6896,0.25,0.190753,0.059247,1417.743,1416.558,1142,0,1783737205.194221258,0.952183,0.066516,-0.058629,0.833787,0
1,11.7104,0.25,0.190753,0.059247,1417.743,1416.558,1142,0,1783737205.194221258,0.952183,0.066516,-0.058629,0.833787,0
1,11.7134,0.25,0.163489,0.086511,1417.743,1416.013,1142,1,1783737205.294863939,0.960537,0.068494,-0.059469,0.842147,0
1,11.7330,0.25,0.163489,0.086511,1417.743,1416.013,1142,0,1783737205.294863939,0.960537,0.068494,-0.059469,0.842147,0
1,11.7540,0.25,0.163489,0.086511,1417.743,1416.013,1142,0,1783737205.294863939,0.960537,0.068494,-0.059469,0.842147,0
1,11.7750,0.25,0.163489,0.086511,1417.743,1416.013,1142,0,1783737205.294863939,0.960537,0.068494,-0.059469,0.842147,0
1,11.7959,0.25,0.163489,0.086511,1417.743,1416.013,1142,0,1783737205.294863939,0.960537,0.068494,-0.059469,0.842147,0
1,11.8139,0.25,0.151965,0.098035,1417.743,1415.783,1142,1,1783737205.395499229,0.972340,0.067947,-0.060647,0.853948,0
1,11.8255,0.25,0.151965,0.098035,1417.743,1415.783,1142,0,1783737205.395499229,0.972340,0.067947,-0.060647,0.853948,0
1,11.8465,0.25,0.151965,0.098035,1417.743,1415.783,1141,0,1783737205.395499229,0.972340,0.067947,-0.060647,0.853948,0
1,11.8675,0.25,0.151965,0.098035,1417.743,1415.783,1142,0,1783737205.395499229,0.972340,0.067947,-0.060647,0.853948,0
1,11.8884,0.25,0.151965,0.098035,1417.743,1415.783,1142,0,1783737205.395499229,0.972340,0.067947,-0.060647,0.853948,0
1,11.9093,0.25,0.151965,0.098035,1417.743,1415.783,1142,0,1783737205.395499229,0.972340,0.067947,-0.060647,0.853948,0
1,11.9146,0.25,0.158458,0.091542,1417.743,1415.912,1142,1,1783737205.496045589,0.990195,0.066817,-0.061749,0.871800,0
1,11.9303,0.25,0.158458,0.091542,1417.743,1415.912,1141,0,1783737205.496045589,0.990195,0.066817,-0.061749,0.871800,0
1,11.9514,0.25,0.158458,0.091542,1417.743,1415.912,1142,0,1783737205.496045589,0.990195,0.066817,-0.061749,0.871800,0
1,11.9723,0.25,0.158458,0.091542,1417.743,1415.912,1142,0,1783737205.496045589,0.990195,0.066817,-0.061749,0.871800,0
1,11.9932,0.25,0.158458,0.091542,1417.743,1415.912,1142,0,1783737205.496045589,0.990195,0.066817,-0.061749,0.871800,0
1,12.0141,0.25,0.158458,0.091542,1417.743,1415.912,1142,0,1783737205.496045589,0.990195,0.066817,-0.061749,0.871800,0
1,12.0160,0.25,0.162644,0.087356,1417.743,1415.996,1142,1,1783737205.596669674,1.007714,0.064526,-0.063474,0.889318,0
1,12.0292,0.25,0.162644,0.087356,1417.743,1415.996,1142,0,1783737205.596669674,1.007714,0.064526,-0.063474,0.889318,0
1,12.0502,0.25,0.162644,0.087356,1417.743,1415.996,1142,0,1783737205.596669674,1.007714,0.064526,-0.063474,0.889318,0
1,12.0711,0.25,0.162644,0.087356,1417.743,1415.996,1142,0,1783737205.596669674,1.007714,0.064526,-0.063474,0.889318,0
1,12.0920,0.25,0.162644,0.087356,1417.743,1415.996,1141,0,1783737205.596669674,1.007714,0.064526,-0.063474,0.889318,0
1,12.1129,0.25,0.162644,0.087356,1417.743,1415.996,1142,0,1783737205.596669674,1.007714,0.064526,-0.063474,0.889318,0
1,12.1157,0.25,0.171251,0.078749,1417.743,1416.168,1143,1,1783737205.697161436,1.027366,0.061576,-0.066168,0.908976,0
1,12.1271,0.25,0.171251,0.078749,1417.743,1416.168,1142,0,1783737205.697161436,1.027366,0.061576,-0.066168,0.908976,0
1,12.1481,0.25,0.171251,0.078749,1417.743,1416.168,1142,0,1783737205.697161436,1.027366,0.061576,-0.066168,0.908976,0
1,12.1690,0.25,0.171251,0.078749,1417.743,1416.168,1142,0,1783737205.697161436,1.027366,0.061576,-0.066168,0.908976,0
1,12.1899,0.25,0.171251,0.078749,1417.743,1416.168,1142,0,1783737205.697161436,1.027366,0.061576,-0.066168,0.908976,0
1,12.2110,0.25,0.171251,0.078749,1417.743,1416.168,1142,0,1783737205.697161436,1.027366,0.061576,-0.066168,0.908976,0
1,12.2162,0.25,0.164044,0.085956,1417.743,1416.024,1142,1,1783737205.797733545,1.041615,0.059987,-0.068429,0.923232,0
1,12.2296,0.25,0.164044,0.085956,1417.743,1416.024,1142,0,1783737205.797733545,1.041615,0.059987,-0.068429,0.923232,0
1,12.2508,0.25,0.164044,0.085956,1417.743,1416.024,1142,0,1783737205.797733545,1.041615,0.059987,-0.068429,0.923232,0
1,12.2719,0.25,0.164044,0.085956,1417.743,1416.024,1142,0,1783737205.797733545,1.041615,0.059987,-0.068429,0.923232,0
1,12.2930,0.25,0.164044,0.085956,1417.743,1416.024,1142,0,1783737205.797733545,1.041615,0.059987,-0.068429,0.923232,0
1,12.3139,0.25,0.164044,0.085956,1417.743,1416.024,1142,0,1783737205.797733545,1.041615,0.059987,-0.068429,0.923232,0
1,12.3168,0.25,0.167265,0.082735,1417.743,1416.089,1142,1,1783737205.898251772,1.059456,0.060164,-0.070858,0.941073,0
1,12.3316,0.25,0.167265,0.082735,1417.743,1416.089,1142,0,1783737205.898251772,1.059456,0.060164,-0.070858,0.941073,0
1,12.3526,0.25,0.167265,0.082735,1417.743,1416.089,1142,0,1783737205.898251772,1.059456,0.060164,-0.070858,0.941073,0
1,12.3735,0.25,0.167265,0.082735,1417.743,1416.089,1142,0,1783737205.898251772,1.059456,0.060164,-0.070858,0.941073,0
1,12.3943,0.25,0.167265,0.082735,1417.743,1416.089,1142,0,1783737205.898251772,1.059456,0.060164,-0.070858,0.941073,0
1,12.4152,0.25,0.167265,0.082735,1417.743,1416.089,1142,0,1783737205.898251772,1.059456,0.060164,-0.070858,0.941073,0
1,12.4172,0.25,0.174974,0.075026,1417.743,1416.243,1142,1,1783737205.998859167,1.079484,0.060802,-0.071580,0.961097,0
1,12.4275,0.25,0.174974,0.075026,1417.743,1416.243,1142,0,1783737205.998859167,1.079484,0.060802,-0.071580,0.961097,0
1,12.4485,0.25,0.174974,0.075026,1417.743,1416.243,1142,0,1783737205.998859167,1.079484,0.060802,-0.071580,0.961097,0
1,12.4694,0.25,0.174974,0.075026,1417.743,1416.243,1142,0,1783737205.998859167,1.079484,0.060802,-0.071580,0.961097,0
1,12.4903,0.25,0.174974,0.075026,1417.743,1416.243,1142,0,1783737205.998859167,1.079484,0.060802,-0.071580,0.961097,0
1,12.5113,0.25,0.174974,0.075026,1417.743,1416.243,1142,0,1783737205.998859167,1.079484,0.060802,-0.071580,0.961097,0
1,12.5151,0.25,0.173935,0.076065,1417.743,1416.222,1143,1,1783737206.098948956,1.096305,0.056291,-0.070600,0.977948,0
1,12.5329,0.25,0.173935,0.076065,1417.743,1416.222,1142,0,1783737206.098948956,1.096305,0.056291,-0.070600,0.977948,0
1,12.5538,0.25,0.173935,0.076065,1417.743,1416.222,1142,0,1783737206.098948956,1.096305,0.056291,-0.070600,0.977948,0
1,12.5747,0.25,0.173935,0.076065,1417.743,1416.222,1142,0,1783737206.098948956,1.096305,0.056291,-0.070600,0.977948,0
1,12.5956,0.25,0.173935,0.076065,1417.743,1416.222,1142,0,1783737206.098948956,1.096305,0.056291,-0.070600,0.977948,0
1,12.6156,0.25,0.169301,0.080699,1417.743,1416.129,1142,1,1783737206.197142124,1.111321,0.052324,-0.070624,0.993007,0
1,12.6309,0.25,0.169301,0.080699,1417.743,1416.129,1142,0,1783737206.197142124,1.111321,0.052324,-0.070624,0.993007,0
1,12.6519,0.25,0.169301,0.080699,1417.743,1416.129,1142,0,1783737206.197142124,1.111321,0.052324,-0.070624,0.993007,0
1,12.6728,0.25,0.169301,0.080699,1417.743,1416.129,1142,0,1783737206.197142124,1.111321,0.052324,-0.070624,0.993007,0
1,12.6938,0.25,0.169301,0.080699,1417.743,1416.129,1142,0,1783737206.197142124,1.111321,0.052324,-0.070624,0.993007,0
1,12.7147,0.25,0.169301,0.080699,1417.743,1416.129,1142,0,1783737206.197142124,1.111321,0.052324,-0.070624,0.993007,0
1,12.7166,0.25,0.162857,0.087143,1417.743,1416.000,1142,1,1783737206.297669411,1.125756,0.051915,-0.070293,1.007446,0
1,12.7252,0.25,0.162857,0.087143,1417.743,1416.000,1142,0,1783737206.297669411,1.125756,0.051915,-0.070293,1.007446,0
1,12.7462,0.25,0.162857,0.087143,1417.743,1416.000,1142,0,1783737206.297669411,1.125756,0.051915,-0.070293,1.007446,0
1,12.7671,0.25,0.162857,0.087143,1417.743,1416.000,1142,0,1783737206.297669411,1.125756,0.051915,-0.070293,1.007446,0
1,12.7880,0.25,0.162857,0.087143,1417.743,1416.000,1142,0,1783737206.297669411,1.125756,0.051915,-0.070293,1.007446,0
1,12.8089,0.25,0.162857,0.087143,1417.743,1416.000,1142,0,1783737206.297669411,1.125756,0.051915,-0.070293,1.007446,0
1,12.8167,0.25,0.155628,0.094372,1417.743,1415.856,1142,1,1783737206.398347855,1.139420,0.053777,-0.075311,1.021086,0
1,12.8374,0.25,0.155628,0.094372,1417.743,1415.856,1141,0,1783737206.398347855,1.139420,0.053777,-0.075311,1.021086,0
1,12.8584,0.25,0.155628,0.094372,1417.743,1415.856,1142,0,1783737206.398347855,1.139420,0.053777,-0.075311,1.021086,0
1,12.8793,0.25,0.155628,0.094372,1417.743,1415.856,1142,0,1783737206.398347855,1.139420,0.053777,-0.075311,1.021086,0
1,12.9002,0.25,0.155628,0.094372,1417.743,1415.856,1142,0,1783737206.398347855,1.139420,0.053777,-0.075311,1.021086,0
1,12.9146,0.25,0.159739,0.090261,1417.743,1415.938,1142,1,1783737206.498817444,1.156618,0.051933,-0.076314,1.038305,0
1,12.9319,0.25,0.159739,0.090261,1417.743,1415.938,1142,0,1783737206.498817444,1.156618,0.051933,-0.076314,1.038305,0
2,15.9261,-0.25,-0.021822,-0.228178,1593.525,1593.525,1285,0,1783737209.497090578,1.180279,0.045360,-0.077277,0.010327,0
2,15.9471,-0.25,-0.021822,-0.228178,1593.525,1593.525,1285,0,1783737209.497090578,1.180279,0.045360,-0.077277,0.010327,0
2,15.9682,-0.25,-0.021822,-0.228178,1593.525,1593.525,1285,0,1783737209.497090578,1.180279,0.045360,-0.077277,0.010327,0
2,15.9891,-0.25,-0.021822,-0.228178,1593.525,1593.525,1285,0,1783737209.497090578,1.180279,0.045360,-0.077277,0.010327,0
2,16.0100,-0.25,-0.021822,-0.228178,1593.525,1593.525,1286,0,1783737209.497090578,1.180279,0.045360,-0.077277,0.010327,0
2,16.0134,-0.25,-0.058670,-0.191330,1593.525,1596.000,1287,1,1783737209.595016718,1.164040,0.050439,-0.074233,0.026567,0
2,16.0327,-0.25,-0.058670,-0.191330,1593.525,1596.000,1287,0,1783737209.595016718,1.164040,0.050439,-0.074233,0.026567,0
2,16.0538,-0.25,-0.058670,-0.191330,1593.525,1596.000,1287,0,1783737209.595016718,1.164040,0.050439,-0.074233,0.026567,0
2,16.0748,-0.25,-0.058670,-0.191330,1593.525,1596.000,1287,0,1783737209.595016718,1.164040,0.050439,-0.074233,0.026567,0
2,16.0957,-0.25,-0.058670,-0.191330,1593.525,1596.000,1287,0,1783737209.595016718,1.164040,0.050439,-0.074233,0.026567,0
2,16.1140,-0.25,-0.058670,-0.191330,1593.525,1596.000,1287,0,1783737209.595016718,1.164040,0.050439,-0.074233,0.026567,0
2,16.1353,-0.25,-0.068140,-0.181860,1593.525,1596.000,1287,1,1783737209.695513248,1.154313,0.050439,-0.070763,0.036245,0
2,16.1366,-0.25,-0.068140,-0.181860,1593.525,1596.000,1287,0,1783737209.695513248,1.154313,0.050439,-0.070763,0.036245,0
2,16.1576,-0.25,-0.068140,-0.181860,1593.525,1596.000,1287,0,1783737209.695513248,1.154313,0.050439,-0.070763,0.036245,0
2,16.1786,-0.25,-0.068140,-0.181860,1593.525,1596.000,1287,0,1783737209.695513248,1.154313,0.050439,-0.070763,0.036245,0
2,16.1996,-0.25,-0.068140,-0.181860,1593.525,1596.000,1288,0,1783737209.695513248,1.154313,0.050439,-0.070763,0.036245,0
2,16.2117,-0.25,-0.084386,-0.165614,1593.525,1596.000,1287,1,1783737209.796039581,1.140833,0.049615,-0.073662,0.049642,0
2,16.2297,-0.25,-0.084386,-0.165614,1593.525,1596.000,1287,0,1783737209.796039581,1.140833,0.049615,-0.073662,0.049642,0
2,16.2507,-0.25,-0.084386,-0.165614,1593.525,1596.000,1287,0,1783737209.796039581,1.140833,0.049615,-0.073662,0.049642,0
2,16.2716,-0.25,-0.084386,-0.165614,1593.525,1596.000,1287,0,1783737209.796039581,1.140833,0.049615,-0.073662,0.049642,0
2,16.2925,-0.25,-0.084386,-0.165614,1593.525,1596.000,1287,0,1783737209.796039581,1.140833,0.049615,-0.073662,0.049642,0
2,16.3125,-0.25,-0.106927,-0.143073,1593.525,1595.671,1287,1,1783737209.893807650,1.123870,0.051680,-0.069043,0.066696,0
2,16.3304,-0.25,-0.106927,-0.143073,1593.525,1595.671,1287,0,1783737209.893807650,1.123870,0.051680,-0.069043,0.066696,0
2,16.3516,-0.25,-0.106927,-0.143073,1593.525,1595.671,1287,0,1783737209.893807650,1.123870,0.051680,-0.069043,0.066696,0
2,16.3726,-0.25,-0.106927,-0.143073,1593.525,1595.671,1286,0,1783737209.893807650,1.123870,0.051680,-0.069043,0.066696,0
2,16.3940,-0.25,-0.106927,-0.143073,1593.525,1595.671,1287,0,1783737209.893807650,1.123870,0.051680,-0.069043,0.066696,0
2,16.4135,-0.25,-0.116969,-0.133031,1593.525,1595.520,1287,1,1783737209.994503021,1.108969,0.050748,-0.063541,0.081526,0
2,16.4245,-0.25,-0.116969,-0.133031,1593.525,1595.520,1287,0,1783737209.994503021,1.108969,0.050748,-0.063541,0.081526,0
2,16.4456,-0.25,-0.116969,-0.133031,1593.525,1595.520,1286,0,1783737209.994503021,1.108969,0.050748,-0.063541,0.081526,0
2,16.4665,-0.25,-0.116969,-0.133031,1593.525,1595.520,1287,0,1783737209.994503021,1.108969,0.050748,-0.063541,0.081526,0
2,16.4876,-0.25,-0.116969,-0.133031,1593.525,1595.520,1287,0,1783737209.994503021,1.108969,0.050748,-0.063541,0.081526,0
2,16.5085,-0.25,-0.116969,-0.133031,1593.525,1595.520,1286,0,1783737209.994503021,1.108969,0.050748,-0.063541,0.081526,0
2,16.5113,-0.25,-0.133123,-0.116877,1593.525,1595.278,1287,1,1783737210.094969511,1.090789,0.052339,-0.061068,0.099760,0
2,16.5254,-0.25,-0.133123,-0.116877,1593.525,1595.278,1286,0,1783737210.094969511,1.090789,0.052339,-0.061068,0.099760,0
2,16.5464,-0.25,-0.133123,-0.116877,1593.525,1595.278,1287,0,1783737210.094969511,1.090789,0.052339,-0.061068,0.099760,0
2,16.5673,-0.25,-0.133123,-0.116877,1593.525,1595.278,1287,0,1783737210.094969511,1.090789,0.052339,-0.061068,0.099760,0
2,16.5882,-0.25,-0.133123,-0.116877,1593.525,1595.278,1286,0,1783737210.094969511,1.090789,0.052339,-0.061068,0.099760,0
2,16.6091,-0.25,-0.133123,-0.116877,1593.525,1595.278,1287,0,1783737210.094969511,1.090789,0.052339,-0.061068,0.099760,0
2,16.6117,-0.25,-0.143516,-0.106484,1593.525,1595.122,1286,1,1783737210.193289518,1.073735,0.054917,-0.058505,0.116935,0
2,16.6265,-0.25,-0.143516,-0.106484,1593.525,1595.122,1286,0,1783737210.193289518,1.073735,0.054917,-0.058505,0.116935,0
2,16.6475,-0.25,-0.143516,-0.106484,1593.525,1595.122,1287,0,1783737210.193289518,1.073735,0.054917,-0.058505,0.116935,0
2,16.6684,-0.25,-0.143516,-0.106484,1593.525,1595.122,1286,0,1783737210.193289518,1.073735,0.054917,-0.058505,0.116935,0
2,16.6893,-0.25,-0.143516,-0.106484,1593.525,1595.122,1287,0,1783737210.193289518,1.073735,0.054917,-0.058505,0.116935,0
2,16.7102,-0.25,-0.143516,-0.106484,1593.525,1595.122,1286,0,1783737210.193289518,1.073735,0.054917,-0.058505,0.116935,0
2,16.7122,-0.25,-0.154723,-0.095277,1593.525,1594.954,1286,1,1783737210.293790102,1.054871,0.056592,-0.058357,0.135868,0
2,16.7216,-0.25,-0.154723,-0.095277,1593.525,1594.954,1286,0,1783737210.293790102,1.054871,0.056592,-0.058357,0.135868,0
2,16.7426,-0.25,-0.154723,-0.095277,1593.525,1594.954,1287,0,1783737210.293790102,1.054871,0.056592,-0.058357,0.135868,0
2,16.7635,-0.25,-0.154723,-0.095277,1593.525,1594.954,1286,0,1783737210.293790102,1.054871,0.056592,-0.058357,0.135868,0
2,16.7844,-0.25,-0.154723,-0.095277,1593.525,1594.954,1286,0,1783737210.293790102,1.054871,0.056592,-0.058357,0.135868,0
2,16.8052,-0.25,-0.154723,-0.095277,1593.525,1594.954,1286,0,1783737210.293790102,1.054871,0.056592,-0.058357,0.135868,0
2,16.8102,-0.25,-0.155386,-0.094614,1593.525,1594.944,1287,1,1783737210.394266605,1.039033,0.056606,-0.057765,0.151674,0
2,16.8237,-0.25,-0.155386,-0.094614,1593.525,1594.944,1286,0,1783737210.394266605,1.039033,0.056606,-0.057765,0.151674,0
2,16.8447,-0.25,-0.155386,-0.094614,1593.525,1594.944,1286,0,1783737210.394266605,1.039033,0.056606,-0.057765,0.151674,0
2,16.8657,-0.25,-0.155386,-0.094614,1593.525,1594.944,1286,0,1783737210.394266605,1.039033,0.056606,-0.057765,0.151674,0
2,16.8866,-0.25,-0.155386,-0.094614,1593.525,1594.944,1287,0,1783737210.394266605,1.039033,0.056606,-0.057765,0.151674,0
2,16.9075,-0.25,-0.155386,-0.094614,1593.525,1594.944,1286,0,1783737210.394266605,1.039033,0.056606,-0.057765,0.151674,0
2,16.9108,-0.25,-0.155386,-0.094614,1593.525,1594.944,1286,0,1783737210.394266605,1.039033,0.056606,-0.057765,0.151674,0
2,16.9319,-0.25,-0.162231,-0.087769,1593.525,1594.842,1286,1,1783737210.492260933,1.021211,0.058657,-0.056475,0.169592,0
2,16.9331,-0.25,-0.162231,-0.087769,1593.525,1594.842,1286,0,1783737210.492260933,1.021211,0.058657,-0.056475,0.169592,0
2,16.9541,-0.25,-0.162231,-0.087769,1593.525,1594.842,1287,0,1783737210.492260933,1.021211,0.058657,-0.056475,0.169592,0
2,16.9750,-0.25,-0.162231,-0.087769,1593.525,1594.842,1286,0,1783737210.492260933,1.021211,0.058657,-0.056475,0.169592,0
2,16.9959,-0.25,-0.162231,-0.087769,1593.525,1594.842,1286,0,1783737210.492260933,1.021211,0.058657,-0.056475,0.169592,0
2,17.0112,-0.25,-0.164251,-0.085749,1593.525,1594.811,1286,1,1783737210.592811584,1.004130,0.059935,-0.054930,0.186720,0
2,17.0210,-0.25,-0.164251,-0.085749,1593.525,1594.811,1286,0,1783737210.592811584,1.004130,0.059935,-0.054930,0.186720,0
2,17.0421,-0.25,-0.164251,-0.085749,1593.525,1594.811,1286,0,1783737210.592811584,1.004130,0.059935,-0.054930,0.186720,0
2,17.0630,-0.25,-0.164251,-0.085749,1593.525,1594.811,1286,0,1783737210.592811584,1.004130,0.059935,-0.054930,0.186720,0
2,17.0839,-0.25,-0.164251,-0.085749,1593.525,1594.811,1287,0,1783737210.592811584,1.004130,0.059935,-0.054930,0.186720,0
2,17.1048,-0.25,-0.164251,-0.085749,1593.525,1594.811,1286,0,1783737210.592811584,1.004130,0.059935,-0.054930,0.186720,0
2,17.1117,-0.25,-0.170879,-0.079121,1593.525,1594.712,1286,1,1783737210.693257809,0.984873,0.058565,-0.051287,0.205857,0
2,17.1267,-0.25,-0.170879,-0.079121,1593.525,1594.712,1286,0,1783737210.693257809,0.984873,0.058565,-0.051287,0.205857,0
2,17.1477,-0.25,-0.170879,-0.079121,1593.525,1594.712,1286,0,1783737210.693257809,0.984873,0.058565,-0.051287,0.205857,0
2,17.1687,-0.25,-0.170879,-0.079121,1593.525,1594.712,1286,0,1783737210.693257809,0.984873,0.058565,-0.051287,0.205857,0
2,17.1896,-0.25,-0.170879,-0.079121,1593.525,1594.712,1286,0,1783737210.693257809,0.984873,0.058565,-0.051287,0.205857,0
2,17.2100,-0.25,-0.170169,-0.079831,1593.525,1594.722,1286,1,1783737210.793770790,0.967973,0.058760,-0.048014,0.222744,0
2,17.2206,-0.25,-0.170169,-0.079831,1593.525,1594.722,1286,0,1783737210.793770790,0.967973,0.058760,-0.048014,0.222744,0
2,17.2416,-0.25,-0.170169,-0.079831,1593.525,1594.722,1286,0,1783737210.793770790,0.967973,0.058760,-0.048014,0.222744,0
2,17.2625,-0.25,-0.170169,-0.079831,1593.525,1594.722,1286,0,1783737210.793770790,0.967973,0.058760,-0.048014,0.222744,0
2,17.2833,-0.25,-0.170169,-0.079831,1593.525,1594.722,1286,0,1783737210.793770790,0.967973,0.058760,-0.048014,0.222744,0
2,17.3042,-0.25,-0.170169,-0.079831,1593.525,1594.722,1286,0,1783737210.793770790,0.967973,0.058760,-0.048014,0.222744,0
2,17.3106,-0.25,-0.163219,-0.086781,1593.525,1594.827,1287,1,1783737210.891978264,0.953939,0.057992,-0.047175,0.236724,0
2,17.3217,-0.25,-0.163219,-0.086781,1593.525,1594.827,1286,0,1783737210.891978264,0.953939,0.057992,-0.047175,0.236724,0
2,17.3427,-0.25,-0.163219,-0.086781,1593.525,1594.827,1286,0,1783737210.891978264,0.953939,0.057992,-0.047175,0.236724,0
2,17.3636,-0.25,-0.163219,-0.086781,1593.525,1594.827,1286,0,1783737210.891978264,0.953939,0.057992,-0.047175,0.236724,0
2,17.3845,-0.25,-0.163219,-0.086781,1593.525,1594.827,1286,0,1783737210.891978264,0.953939,0.057992,-0.047175,0.236724,0
2,17.4054,-0.25,-0.163219,-0.086781,1593.525,1594.827,1286,0,1783737210.891978264,0.953939,0.057992,-0.047175,0.236724,0
2,17.4107,-0.25,-0.151781,-0.098219,1593.525,1594.998,1287,1,1783737210.992632866,0.942117,0.058302,-0.046859,0.248548,0
2,17.4236,-0.25,-0.151781,-0.098219,1593.525,1594.998,1286,0,1783737210.992632866,0.942117,0.058302,-0.046859,0.248548,0
2,17.4446,-0.25,-0.151781,-0.098219,1593.525,1594.998,1286,0,1783737210.992632866,0.942117,0.058302,-0.046859,0.248548,0
2,17.4655,-0.25,-0.151781,-0.098219,1593.525,1594.998,1287,0,1783737210.992632866,0.942117,0.058302,-0.046859,0.248548,0
2,17.4864,-0.25,-0.151781,-0.098219,1593.525,1594.998,1286,0,1783737210.992632866,0.942117,0.058302,-0.046859,0.248548,0
2,17.5074,-0.25,-0.151781,-0.098219,1593.525,1594.998,1286,0,1783737210.992632866,0.942117,0.058302,-0.046859,0.248548,0
2,17.5096,-0.25,-0.160179,-0.089821,1593.525,1594.872,1286,1,1783737211.092775345,0.923629,0.060437,-0.043457,0.267116,0
2,17.5210,-0.25,-0.160179,-0.089821,1593.525,1594.872,1286,0,1783737211.092775345,0.923629,0.060437,-0.043457,0.267116,0
2,17.5421,-0.25,-0.160179,-0.089821,1593.525,1594.872,1287,0,1783737211.092775345,0.923629,0.060437,-0.043457,0.267116,0
2,17.5630,-0.25,-0.160179,-0.089821,1593.525,1594.872,1286,0,1783737211.092775345,0.923629,0.060437,-0.043457,0.267116,0
2,17.5839,-0.25,-0.160179,-0.089821,1593.525,1594.872,1286,0,1783737211.092775345,0.923629,0.060437,-0.043457,0.267116,0
2,17.6048,-0.25,-0.160179,-0.089821,1593.525,1594.872,1286,0,1783737211.092775345,0.923629,0.060437,-0.043457,0.267116,0
2,17.6091,-0.25,-0.170283,-0.079717,1593.525,1594.721,1286,1,1783737211.190786123,0.903867,0.058379,-0.041060,0.286768,0
2,17.6221,-0.25,-0.170283,-0.079717,1593.525,1594.721,1286,0,1783737211.190786123,0.903867,0.058379,-0.041060,0.286768,0
2,17.6432,-0.25,-0.170283,-0.079717,1593.525,1594.721,1286,0,1783737211.190786123,0.903867,0.058379,-0.041060,0.286768,0
2,17.6640,-0.25,-0.170283,-0.079717,1593.525,1594.721,1286,0,1783737211.190786123,0.903867,0.058379,-0.041060,0.286768,0
2,17.6850,-0.25,-0.170283,-0.079717,1593.525,1594.721,1287,0,1783737211.190786123,0.903867,0.058379,-0.041060,0.286768,0
2,17.7059,-0.25,-0.170283,-0.079717,1593.525,1594.721,1286,0,1783737211.190786123,0.903867,0.058379,-0.041060,0.286768,0
2,17.7097,-0.25,-0.187021,-0.062979,1593.525,1594.470,1285,1,1783737211.291248083,0.880090,0.060311,-0.037296,0.310604,0
2,17.7243,-0.25,-0.187021,-0.062979,1593.525,1594.470,1286,0,1783737211.291248083,0.880090,0.060311,-0.037296,0.310604,0
2,17.7453,-0.25,-0.187021,-0.062979,1593.525,1594.470,1286,0,1783737211.291248083,0.880090,0.060311,-0.037296,0.310604,0
2,17.7662,-0.25,-0.187021,-0.062979,1593.525,1594.470,1286,0,1783737211.291248083,0.880090,0.060311,-0.037296,0.310604,0
2,17.7871,-0.25,-0.187021,-0.062979,1593.525,1594.470,1286,0,1783737211.291248083,0.880090,0.060311,-0.037296,0.310604,0
2,17.8079,-0.25,-0.201812,-0.048188,1593.525,1594.248,1286,1,1783737211.391852856,0.855274,0.059268,-0.033147,0.335361,0
2,17.8164,-0.25,-0.201812,-0.048188,1593.525,1594.248,1285,0,1783737211.391852856,0.855274,0.059268,-0.033147,0.335361,0
2,17.8374,-0.25,-0.201812,-0.048188,1593.525,1594.248,1286,0,1783737211.391852856,0.855274,0.059268,-0.033147,0.335361,0
2,17.8584,-0.25,-0.201812,-0.048188,1593.525,1594.248,1286,0,1783737211.391852856,0.855274,0.059268,-0.033147,0.335361,0
2,17.8793,-0.25,-0.201812,-0.048188,1593.525,1594.248,1285,0,1783737211.391852856,0.855274,0.059268,-0.033147,0.335361,0
2,17.9002,-0.25,-0.201812,-0.048188,1593.525,1594.248,1286,0,1783737211.391852856,0.855274,0.059268,-0.033147,0.335361,0
2,17.9084,-0.25,-0.205366,-0.044634,1593.525,1594.194,1286,1,1783737211.489946365,0.834082,0.059547,-0.031127,0.356550,0
2,17.9220,-0.25,-0.205366,-0.044634,1593.525,1594.194,1285,0,1783737211.489946365,0.834082,0.059547,-0.031127,0.356550,0
2,17.9430,-0.25,-0.205366,-0.044634,1593.525,1594.194,1286,0,1783737211.489946365,0.834082,0.059547,-0.031127,0.356550,0
2,17.9640,-0.25,-0.205366,-0.044634,1593.525,1594.194,1286,0,1783737211.489946365,0.834082,0.059547,-0.031127,0.356550,0
2,17.9849,-0.25,-0.205366,-0.044634,1593.525,1594.194,1285,0,1783737211.489946365,0.834082,0.059547,-0.031127,0.356550,0
2,18.0066,-0.25,-0.216451,-0.033549,1593.525,1594.028,1286,1,1783737211.590507984,0.808958,0.059314,-0.023974,0.381653,0
2,18.0231,-0.25,-0.216451,-0.033549,1593.525,1594.028,1285,0,1783737211.590507984,0.808958,0.059314,-0.023974,0.381653,0
2,18.0441,-0.25,-0.216451,-0.033549,1593.525,1594.028,1286,0,1783737211.590507984,0.808958,0.059314,-0.023974,0.381653,0
2,18.0651,-0.25,-0.216451,-0.033549,1593.525,1594.028,1285,0,1783737211.590507984,0.808958,0.059314,-0.023974,0.381653,0
2,18.0860,-0.25,-0.216451,-0.033549,1593.525,1594.028,1286,0,1783737211.590507984,0.808958,0.059314,-0.023974,0.381653,0
2,18.1069,-0.25,-0.222700,-0.027300,1593.525,1593.934,1285,1,1783737211.688283920,0.785360,0.060016,-0.022837,0.405261,0
2,18.1225,-0.25,-0.222700,-0.027300,1593.525,1593.934,1286,0,1783737211.688283920,0.785360,0.060016,-0.022837,0.405261,0
2,18.1436,-0.25,-0.222700,-0.027300,1593.525,1593.934,1285,0,1783737211.688283920,0.785360,0.060016,-0.022837,0.405261,0
2,18.1645,-0.25,-0.222700,-0.027300,1593.525,1593.934,1285,0,1783737211.688283920,0.785360,0.060016,-0.022837,0.405261,0
2,18.1855,-0.25,-0.222700,-0.027300,1593.525,1593.934,1286,0,1783737211.688283920,0.785360,0.060016,-0.022837,0.405261,0
2,18.2064,-0.25,-0.222700,-0.027300,1593.525,1593.934,1285,0,1783737211.688283920,0.785360,0.060016,-0.022837,0.405261,0
2,18.2083,-0.25,-0.227198,-0.022802,1593.525,1593.867,1286,1,1783737211.788941860,0.761147,0.060972,-0.019963,0.429492,0
2,18.2247,-0.25,-0.227198,-0.022802,1593.525,1593.867,1285,0,1783737211.788941860,0.761147,0.060972,-0.019963,0.429492,0
2,18.2457,-0.25,-0.227198,-0.022802,1593.525,1593.867,1285,0,1783737211.788941860,0.761147,0.060972,-0.019963,0.429492,0
2,18.2667,-0.25,-0.227198,-0.022802,1593.525,1593.867,1286,0,1783737211.788941860,0.761147,0.060972,-0.019963,0.429492,0
2,18.2876,-0.25,-0.227198,-0.022802,1593.525,1593.867,1285,0,1783737211.788941860,0.761147,0.060972,-0.019963,0.429492,0
2,18.3081,-0.25,-0.217759,-0.032241,1593.525,1594.009,1286,1,1783737211.889468670,0.742069,0.059012,-0.016015,0.448505,0
2,18.3242,-0.25,-0.217759,-0.032241,1593.525,1594.009,1285,0,1783737211.889468670,0.742069,0.059012,-0.016015,0.448505,0
2,18.3453,-0.25,-0.217759,-0.032241,1593.525,1594.009,1286,0,1783737211.889468670,0.742069,0.059012,-0.016015,0.448505,0
2,18.3662,-0.25,-0.217759,-0.032241,1593.525,1594.009,1285,0,1783737211.889468670,0.742069,0.059012,-0.016015,0.448505,0
2,18.3871,-0.25,-0.217759,-0.032241,1593.525,1594.009,1286,0,1783737211.889468670,0.742069,0.059012,-0.016015,0.448505,0
2,18.4088,-0.25,-0.204683,-0.045317,1593.525,1594.205,1285,1,1783737211.990168333,0.725416,0.059645,-0.015352,0.465170,0
2,18.4266,-0.25,-0.204683,-0.045317,1593.525,1594.205,1286,0,1783737211.990168333,0.725416,0.059645,-0.015352,0.465170,0
2,18.4477,-0.25,-0.204683,-0.045317,1593.525,1594.205,1286,0,1783737211.990168333,0.725416,0.059645,-0.015352,0.465170,0
2,18.4688,-0.25,-0.204683,-0.045317,1593.525,1594.205,1285,0,1783737211.990168333,0.725416,0.059645,-0.015352,0.465170,0
2,18.4898,-0.25,-0.204683,-0.045317,1593.525,1594.205,1286,0,1783737211.990168333,0.725416,0.059645,-0.015352,0.465170,0
2,18.5092,-0.25,-0.201509,-0.048491,1593.525,1594.252,1286,1,1783737212.090729952,0.706072,0.056791,-0.012479,0.484443,0
2,18.5286,-0.25,-0.201509,-0.048491,1593.525,1594.252,1285,0,1783737212.090729952,0.706072,0.056791,-0.012479,0.484443,0
2,18.5496,-0.25,-0.201509,-0.048491,1593.525,1594.252,1286,0,1783737212.090729952,0.706072,0.056791,-0.012479,0.484443,0
2,18.5705,-0.25,-0.201509,-0.048491,1593.525,1594.252,1286,0,1783737212.090729952,0.706072,0.056791,-0.012479,0.484443,0
2,18.5914,-0.25,-0.201509,-0.048491,1593.525,1594.252,1285,0,1783737212.090729952,0.706072,0.056791,-0.012479,0.484443,0
2,18.6097,-0.25,-0.207547,-0.042453,1593.525,1594.162,1286,1,1783737212.191237450,0.683395,0.057271,-0.009543,0.507125,0
2,18.6268,-0.25,-0.207547,-0.042453,1593.525,1594.162,1286,0,1783737212.191237450,0.683395,0.057271,-0.009543,0.507125,0
2,18.6478,-0.25,-0.207547,-0.042453,1593.525,1594.162,1285,0,1783737212.191237450,0.683395,0.057271,-0.009543,0.507125,0
2,18.6688,-0.25,-0.207547,-0.042453,1593.525,1594.162,1286,0,1783737212.191237450,0.683395,0.057271,-0.009543,0.507125,0
2,18.6896,-0.25,-0.207547,-0.042453,1593.525,1594.162,1285,0,1783737212.191237450,0.683395,0.057271,-0.009543,0.507125,0
2,18.7104,-0.25,-0.209941,-0.040059,1593.525,1594.126,1286,1,1783737212.291764498,0.661576,0.058478,-0.007520,0.528963,0
2,18.7179,-0.25,-0.209941,-0.040059,1593.525,1594.126,1286,0,1783737212.291764498,0.661576,0.058478,-0.007520,0.528963,0
2,18.7390,-0.25,-0.209941,-0.040059,1593.525,1594.126,1285,0,1783737212.291764498,0.661576,0.058478,-0.007520,0.528963,0
2,18.7599,-0.25,-0.209941,-0.040059,1593.525,1594.126,1286,0,1783737212.291764498,0.661576,0.058478,-0.007520,0.528963,0
2,18.7808,-0.25,-0.209941,-0.040059,1593.525,1594.126,1285,0,1783737212.291764498,0.661576,0.058478,-0.007520,0.528963,0
2,18.8016,-0.25,-0.209941,-0.040059,1593.525,1594.126,1286,0,1783737212.291764498,0.661576,0.058478,-0.007520,0.528963,0
2,18.8108,-0.25,-0.231187,-0.018813,1593.525,1593.807,1285,1,1783737212.392237425,0.631940,0.057714,-0.005837,0.558579,0
2,18.8214,-0.25,-0.231187,-0.018813,1593.525,1593.807,1286,0,1783737212.392237425,0.631940,0.057714,-0.005837,0.558579,0
2,18.8425,-0.25,-0.231187,-0.018813,1593.525,1593.807,1285,0,1783737212.392237425,0.631940,0.057714,-0.005837,0.558579,0
2,18.8634,-0.25,-0.231187,-0.018813,1593.525,1593.807,1285,0,1783737212.392237425,0.631940,0.057714,-0.005837,0.558579,0
2,18.8843,-0.25,-0.231187,-0.018813,1593.525,1593.807,1286,0,1783737212.392237425,0.631940,0.057714,-0.005837,0.558579,0
2,18.9052,-0.25,-0.231187,-0.018813,1593.525,1593.807,1285,0,1783737212.392237425,0.631940,0.057714,-0.005837,0.558579,0
2,18.9111,-0.25,-0.268907,0.018907,1593.525,1593.241,1285,1,1783737212.492917538,0.593474,0.057962,-0.003620,0.597043,0
2,18.9277,-0.25,-0.268907,0.018907,1593.525,1593.241,1285,0,1783737212.492917538,0.593474,0.057962,-0.003620,0.597043,0
2,18.9486,-0.25,-0.268907,0.018907,1593.525,1593.241,1285,0,1783737212.492917538,0.593474,0.057962,-0.003620,0.597043,0
2,18.9695,-0.25,-0.268907,0.018907,1593.525,1593.241,1284,0,1783737212.492917538,0.593474,0.057962,-0.003620,0.597043,0
2,18.9904,-0.25,-0.268907,0.018907,1593.525,1593.241,1285,0,1783737212.492917538,0.593474,0.057962,-0.003620,0.597043,0
2,19.0088,-0.25,-0.278888,0.028888,1593.525,1593.092,1285,1,1783737212.593283176,0.562474,0.055291,-0.001425,0.627999,0
2,19.0219,-0.25,-0.278888,0.028888,1593.525,1593.092,1285,0,1783737212.593283176,0.562474,0.055291,-0.001425,0.627999,0
2,19.0429,-0.25,-0.278888,0.028888,1593.525,1593.092,1285,0,1783737212.593283176,0.562474,0.055291,-0.001425,0.627999,0
2,19.0639,-0.25,-0.278888,0.028888,1593.525,1593.092,1284,0,1783737212.593283176,0.562474,0.055291,-0.001425,0.627999,0
2,19.0848,-0.25,-0.278888,0.028888,1593.525,1593.092,1285,0,1783737212.593283176,0.562474,0.055291,-0.001425,0.627999,0
2,19.1056,-0.25,-0.278888,0.028888,1593.525,1593.092,1285,0,1783737212.593283176,0.562474,0.055291,-0.001425,0.627999,0
2,19.1097,-0.25,-0.279231,0.029231,1593.525,1593.087,1285,1,1783737212.690947294,0.535102,0.055265,0.002885,0.655368,0
2,19.1239,-0.25,-0.279231,0.029231,1593.525,1593.087,1284,0,1783737212.690947294,0.535102,0.055265,0.002885,0.655368,0
2,19.1448,-0.25,-0.279231,0.029231,1593.525,1593.087,1285,0,1783737212.690947294,0.535102,0.055265,0.002885,0.655368,0
2,19.1658,-0.25,-0.279231,0.029231,1593.525,1593.087,1285,0,1783737212.690947294,0.535102,0.055265,0.002885,0.655368,0
2,19.1867,-0.25,-0.279231,0.029231,1593.525,1593.087,1285,0,1783737212.690947294,0.535102,0.055265,0.002885,0.655368,0
2,19.2075,-0.25,-0.279231,0.029231,1593.525,1593.087,1284,0,1783737212.690947294,0.535102,0.055265,0.002885,0.655368,0
2,19.2101,-0.25,-0.272468,0.022468,1593.525,1593.188,1285,1,1783737212.791831970,0.509652,0.057150,0.005003,0.680841,0
2,19.2304,-0.25,-0.272468,0.022468,1593.525,1593.188,1285,0,1783737212.791831970,0.509652,0.057150,0.005003,0.680841,0
2,19.2514,-0.25,-0.272468,0.022468,1593.525,1593.188,1285,0,1783737212.791831970,0.509652,0.057150,0.005003,0.680841,0
2,19.2723,-0.25,-0.272468,0.022468,1593.525,1593.188,1285,0,1783737212.791831970,0.509652,0.057150,0.005003,0.680841,0
2,19.2932,-0.25,-0.272468,0.022468,1593.525,1593.188,1284,0,1783737212.791831970,0.509652,0.057150,0.005003,0.680841,0
2,19.3107,-0.25,-0.249131,-0.000869,1593.525,1593.538,1286,1,1783737212.892175436,0.491678,0.057138,0.006362,0.698813,0
2,19.3214,-0.25,-0.249131,-0.000869,1593.525,1593.538,1285,0,1783737212.892175436,0.491678,0.057138,0.006362,0.698813,0
2,19.3424,-0.25,-0.249131,-0.000869,1593.525,1593.538,1285,0,1783737212.892175436,0.491678,0.057138,0.006362,0.698813,0
2,19.3634,-0.25,-0.249131,-0.000869,1593.525,1593.538,1285,0,1783737212.892175436,0.491678,0.057138,0.006362,0.698813,0
2,19.3843,-0.25,-0.249131,-0.000869,1593.525,1593.538,1285,0,1783737212.892175436,0.491678,0.057138,0.006362,0.698813,0
2,19.4053,-0.25,-0.249131,-0.000869,1593.525,1593.538,1285,0,1783737212.892175436,0.491678,0.057138,0.006362,0.698813,0
2,19.4110,-0.25,-0.228714,-0.021286,1593.525,1593.844,1285,1,1783737212.992622375,0.474862,0.056438,0.007793,0.715618,0
2,19.4200,-0.25,-0.228714,-0.021286,1593.525,1593.844,1286,0,1783737212.992622375,0.474862,0.056438,0.007793,0.715618,0
2,19.4410,-0.25,-0.228714,-0.021286,1593.525,1593.844,1285,0,1783737212.992622375,0.474862,0.056438,0.007793,0.715618,0
2,19.4619,-0.25,-0.228714,-0.021286,1593.525,1593.844,1286,0,1783737212.992622375,0.474862,0.056438,0.007793,0.715618,0
2,19.4828,-0.25,-0.228714,-0.021286,1593.525,1593.844,1285,0,1783737212.992622375,0.474862,0.056438,0.007793,0.715618,0
2,19.5037,-0.25,-0.228714,-0.021286,1593.525,1593.844,1285,0,1783737212.992622375,0.474862,0.056438,0.007793,0.715618,0
2,19.5094,-0.25,-0.216782,-0.033218,1593.525,1594.023,1286,1,1783737213.093159676,0.456676,0.055354,0.010593,0.733790,0
2,19.5266,-0.25,-0.216782,-0.033218,1593.525,1594.023,1285,0,1783737213.093159676,0.456676,0.055354,0.010593,0.733790,0
2,19.5476,-0.25,-0.216782,-0.033218,1593.525,1594.023,1286,0,1783737213.093159676,0.456676,0.055354,0.010593,0.733790,0
2,19.5687,-0.25,-0.216782,-0.033218,1593.525,1594.023,1285,0,1783737213.093159676,0.456676,0.055354,0.010593,0.733790,0
2,19.5896,-0.25,-0.216782,-0.033218,1593.525,1594.023,1286,0,1783737213.093159676,0.456676,0.055354,0.010593,0.733790,0
2,19.6096,-0.25,-0.212952,-0.037048,1593.525,1594.081,1285,1,1783737213.191458702,0.436889,0.053751,0.010886,0.753560,0
2,19.6227,-0.25,-0.212952,-0.037048,1593.525,1594.081,1286,0,1783737213.191458702,0.436889,0.053751,0.010886,0.753560,0
2,19.6437,-0.25,-0.212952,-0.037048,1593.525,1594.081,1285,0,1783737213.191458702,0.436889,0.053751,0.010886,0.753560,0
2,19.6646,-0.25,-0.212952,-0.037048,1593.525,1594.081,1286,0,1783737213.191458702,0.436889,0.053751,0.010886,0.753560,0
2,19.6856,-0.25,-0.212952,-0.037048,1593.525,1594.081,1285,0,1783737213.191458702,0.436889,0.053751,0.010886,0.753560,0
2,19.7065,-0.25,-0.212952,-0.037048,1593.525,1594.081,1286,0,1783737213.191458702,0.436889,0.053751,0.010886,0.753560,0
2,19.7105,-0.25,-0.199129,-0.050871,1593.525,1594.288,1286,1,1783737213.291653395,0.421103,0.052795,0.012731,0.769338,0
2,19.7217,-0.25,-0.199129,-0.050871,1593.525,1594.288,1285,0,1783737213.291653395,0.421103,0.052795,0.012731,0.769338,0
2,19.7427,-0.25,-0.199129,-0.050871,1593.525,1594.288,1286,0,1783737213.291653395,0.421103,0.052795,0.012731,0.769338,0
2,19.7636,-0.25,-0.199129,-0.050871,1593.525,1594.288,1286,0,1783737213.291653395,0.421103,0.052795,0.012731,0.769338,0
2,19.7845,-0.25,-0.199129,-0.050871,1593.525,1594.288,1286,0,1783737213.291653395,0.421103,0.052795,0.012731,0.769338,0
2,19.8054,-0.25,-0.199129,-0.050871,1593.525,1594.288,1285,0,1783737213.291653395,0.421103,0.052795,0.012731,0.769338,0
2,19.8080,-0.25,-0.192784,-0.057216,1593.525,1594.383,1286,1,1783737213.392570019,0.403566,0.052922,0.013669,0.786876,0
2,19.8260,-0.25,-0.192784,-0.057216,1593.525,1594.383,1286,0,1783737213.392570019,0.403566,0.052922,0.013669,0.786876,0
2,19.8471,-0.25,-0.192784,-0.057216,1593.525,1594.383,1286,0,1783737213.392570019,0.403566,0.052922,0.013669,0.786876,0
2,19.8680,-0.25,-0.192784,-0.057216,1593.525,1594.383,1286,0,1783737213.392570019,0.403566,0.052922,0.013669,0.786876,0
2,19.8890,-0.25,-0.192784,-0.057216,1593.525,1594.383,1285,0,1783737213.392570019,0.403566,0.052922,0.013669,0.786876,0
2,19.9087,-0.25,-0.215062,-0.034938,1593.525,1594.049,1286,1,1783737213.490104675,0.375999,0.057008,0.016831,0.814481,0
2,19.9249,-0.25,-0.215062,-0.034938,1593.525,1594.049,1285,0,1783737213.490104675,0.375999,0.057008,0.016831,0.814481,0
2,19.9459,-0.25,-0.215062,-0.034938,1593.525,1594.049,1286,0,1783737213.490104675,0.375999,0.057008,0.016831,0.814481,0
2,19.9669,-0.25,-0.215062,-0.034938,1593.525,1594.049,1285,0,1783737213.490104675,0.375999,0.057008,0.016831,0.814481,0
2,19.9878,-0.25,-0.215062,-0.034938,1593.525,1594.049,1286,0,1783737213.490104675,0.375999,0.057008,0.016831,0.814481,0
2,20.0066,-0.25,-0.227621,-0.022379,1593.525,1593.861,1285,1,1783737213.590839624,0.349357,0.053222,0.023959,0.841086,0
2,20.0264,-0.25,-0.227621,-0.022379,1593.525,1593.861,1286,0,1783737213.590839624,0.349357,0.053222,0.023959,0.841086,0
2,20.0475,-0.25,-0.227621,-0.022379,1593.525,1593.861,1285,0,1783737213.590839624,0.349357,0.053222,0.023959,0.841086,0
2,20.0684,-0.25,-0.227621,-0.022379,1593.525,1593.861,1285,0,1783737213.590839624,0.349357,0.053222,0.023959,0.841086,0
2,20.0893,-0.25,-0.227621,-0.022379,1593.525,1593.861,1286,0,1783737213.590839624,0.349357,0.053222,0.023959,0.841086,0
2,20.1076,-0.25,-0.250431,0.000431,1593.525,1593.519,1285,1,1783737213.688683748,0.318218,0.050726,0.029360,0.872210,0
2,20.1236,-0.25,-0.250431,0.000431,1593.525,1593.519,1285,0,1783737213.688683748,0.318218,0.050726,0.029360,0.872210,0
2,20.1447,-0.25,-0.250431,0.000431,1593.525,1593.519,1285,0,1783737213.688683748,0.318218,0.050726,0.029360,0.872210,0
2,20.1658,-0.25,-0.250431,0.000431,1593.525,1593.519,1285,0,1783737213.688683748,0.318218,0.050726,0.029360,0.872210,0
2,20.1867,-0.25,-0.250431,0.000431,1593.525,1593.519,1285,0,1783737213.688683748,0.318218,0.050726,0.029360,0.872210,0
2,20.2079,-0.25,-0.267137,0.017137,1593.525,1593.268,1285,1,1783737213.789582491,0.286323,0.046950,0.036000,0.904099,0
2,20.2205,-0.25,-0.267137,0.017137,1593.525,1593.268,1285,0,1783737213.789582491,0.286323,0.046950,0.036000,0.904099,0
2,20.2416,-0.25,-0.267137,0.017137,1593.525,1593.268,1285,0,1783737213.789582491,0.286323,0.046950,0.036000,0.904099,0
2,20.2625,-0.25,-0.267137,0.017137,1593.525,1593.268,1285,0,1783737213.789582491,0.286323,0.046950,0.036000,0.904099,0
2,20.2834,-0.25,-0.267137,0.017137,1593.525,1593.268,1285,0,1783737213.789582491,0.286323,0.046950,0.036000,0.904099,0
2,20.3043,-0.25,-0.267137,0.017137,1593.525,1593.268,1285,0,1783737213.789582491,0.286323,0.046950,0.036000,0.904099,0
2,20.3061,-0.25,-0.267137,0.017137,1593.525,1593.268,1285,0,1783737213.789582491,0.286323,0.046950,0.036000,0.904099,0
2,20.3272,-0.25,-0.256330,0.006330,1593.525,1593.430,1285,1,1783737213.890003443,0.263885,0.045309,0.040614,0.926538,0
2,20.3285,-0.25,-0.256330,0.006330,1593.525,1593.430,1285,0,1783737213.890003443,0.263885,0.045309,0.040614,0.926538,0
2,20.3495,-0.25,-0.256330,0.006330,1593.525,1593.430,1285,0,1783737213.890003443,0.263885,0.045309,0.040614,0.926538,0
2,20.3704,-0.25,-0.256330,0.006330,1593.525,1593.430,1285,0,1783737213.890003443,0.263885,0.045309,0.040614,0.926538,0
2,20.3914,-0.25,-0.256330,0.006330,1593.525,1593.430,1285,0,1783737213.890003443,0.263885,0.045309,0.040614,0.926538,0
2,20.4065,-0.25,-0.258791,0.008791,1593.525,1593.393,1285,1,1783737213.988163471,0.237673,0.046764,0.042393,0.952749,0
2,20.4190,-0.25,-0.258791,0.008791,1593.525,1593.393,1285,0,1783737213.988163471,0.237673,0.046764,0.042393,0.952749,0
2,20.4400,-0.25,-0.258791,0.008791,1593.525,1593.393,1285,0,1783737213.988163471,0.237673,0.046764,0.042393,0.952749,0
2,20.4609,-0.25,-0.258791,0.008791,1593.525,1593.393,1285,0,1783737213.988163471,0.237673,0.046764,0.042393,0.952749,0
2,20.4821,-0.25,-0.258791,0.008791,1593.525,1593.393,1285,0,1783737213.988163471,0.237673,0.046764,0.042393,0.952749,0
2,20.5032,-0.25,-0.258791,0.008791,1593.525,1593.393,1285,0,1783737213.988163471,0.237673,0.046764,0.042393,0.952749,0
2,20.5069,-0.25,-0.254002,0.004002,1593.525,1593.465,1285,1,1783737214.088623285,0.213527,0.048000,0.041679,0.976895,0
2,20.5225,-0.25,-0.254002,0.004002,1593.525,1593.465,1285,0,1783737214.088623285,0.213527,0.048000,0.041679,0.976895,0
2,20.5437,-0.25,-0.254002,0.004002,1593.525,1593.465,1285,0,1783737214.088623285,0.213527,0.048000,0.041679,0.976895,0
2,20.5649,-0.25,-0.254002,0.004002,1593.525,1593.465,1285,0,1783737214.088623285,0.213527,0.048000,0.041679,0.976895,0
2,20.5859,-0.25,-0.254002,0.004002,1593.525,1593.465,1285,0,1783737214.088623285,0.213527,0.048000,0.041679,0.976895,0
2,20.6054,-0.25,-0.224428,-0.025572,1593.525,1593.909,1285,1,1783737214.189216137,0.199881,0.047565,0.042322,0.990540,0
2,20.6156,-0.25,-0.224428,-0.025572,1593.525,1593.909,1286,0,1783737214.189216137,0.199881,0.047565,0.042322,0.990540,0
2,20.6367,-0.25,-0.224428,-0.025572,1593.525,1593.909,1285,0,1783737214.189216137,0.199881,0.047565,0.042322,0.990540,0
2,20.6576,-0.25,-0.224428,-0.025572,1593.525,1593.909,1285,0,1783737214.189216137,0.199881,0.047565,0.042322,0.990540,0
2,20.6785,-0.25,-0.224428,-0.025572,1593.525,1593.909,1286,0,1783737214.189216137,0.199881,0.047565,0.042322,0.990540,0
2,20.6994,-0.25,-0.224428,-0.025572,1593.525,1593.909,1285,0,1783737214.189216137,0.199881,0.047565,0.042322,0.990540,0
2,20.7058,-0.25,-0.200976,-0.049024,1593.525,1594.260,1286,1,1783737214.287275791,0.187131,0.046017,0.046351,1.003291,0
2,20.7202,-0.25,-0.200976,-0.049024,1593.525,1594.260,1286,0,1783737214.287275791,0.187131,0.046017,0.046351,1.003291,0
2,20.7413,-0.25,-0.200976,-0.049024,1593.525,1594.260,1285,0,1783737214.287275791,0.187131,0.046017,0.046351,1.003291,0
2,20.7623,-0.25,-0.200976,-0.049024,1593.525,1594.260,1286,0,1783737214.287275791,0.187131,0.046017,0.046351,1.003291,0
2,20.7832,-0.25,-0.200976,-0.049024,1593.525,1594.260,1286,0,1783737214.287275791,0.187131,0.046017,0.046351,1.003291,0
2,20.8042,-0.25,-0.200976,-0.049024,1593.525,1594.260,1285,0,1783737214.287275791,0.187131,0.046017,0.046351,1.003291,0
2,20.8064,-0.25,-0.185536,-0.064464,1593.525,1594.492,1286,1,1783737214.387907982,0.173246,0.043194,0.050511,1.017184,0
2,20.8180,-0.25,-0.185536,-0.064464,1593.525,1594.492,1286,0,1783737214.387907982,0.173246,0.043194,0.050511,1.017184,0
2,20.8391,-0.25,-0.185536,-0.064464,1593.525,1594.492,1286,0,1783737214.387907982,0.173246,0.043194,0.050511,1.017184,0
2,20.8601,-0.25,-0.185536,-0.064464,1593.525,1594.492,1286,0,1783737214.387907982,0.173246,0.043194,0.050511,1.017184,0
2,20.8811,-0.25,-0.185536,-0.064464,1593.525,1594.492,1286,0,1783737214.387907982,0.173246,0.043194,0.050511,1.017184,0
2,20.9021,-0.25,-0.185536,-0.064464,1593.525,1594.492,1286,0,1783737214.387907982,0.173246,0.043194,0.050511,1.017184,0
2,20.9070,-0.25,-0.168109,-0.081891,1593.525,1594.753,1286,1,1783737214.488544464,0.161687,0.041081,0.054013,1.028753,0
2,20.9219,-0.25,-0.168109,-0.081891,1593.525,1594.753,1286,0,1783737214.488544464,0.161687,0.041081,0.054013,1.028753,0
2,20.9429,-0.25,-0.168109,-0.081891,1593.525,1594.753,1286,0,1783737214.488544464,0.161687,0.041081,0.054013,1.028753,0
2,20.9638,-0.25,-0.168109,-0.081891,1593.525,1594.753,1286,0,1783737214.488544464,0.161687,0.041081,0.054013,1.028753,0
2,20.9846,-0.25,-0.168109,-0.081891,1593.525,1594.753,1286,0,1783737214.488544464,0.161687,0.041081,0.054013,1.028753,0
2,21.0055,-0.25,-0.168109,-0.081891,1593.525,1594.753,1286,0,1783737214.488544464,0.161687,0.041081,0.054013,1.028753,0
2,21.0074,-0.25,-0.145501,-0.104499,1593.525,1595.092,1287,1,1783737214.588984489,0.153812,0.042200,0.054554,1.036622,0
2,21.0236,-0.25,-0.145501,-0.104499,1593.525,1595.092,1286,0,1783737214.588984489,0.153812,0.042200,0.054554,1.036622,0
2,21.0446,-0.25,-0.145501,-0.104499,1593.525,1595.092,1286,0,1783737214.588984489,0.153812,0.042200,0.054554,1.036622,0
2,21.0655,-0.25,-0.145501,-0.104499,1593.525,1595.092,1287,0,1783737214.588984489,0.153812,0.042200,0.054554,1.036622,0
2,21.0864,-0.25,-0.145501,-0.104499,1593.525,1595.092,1286,0,1783737214.588984489,0.153812,0.042200,0.054554,1.036622,0
2,21.1053,-0.25,-0.142496,-0.107504,1593.525,1595.138,1287,1,1783737214.689479828,0.140216,0.045166,0.054572,1.050208,0
2,21.1246,-0.25,-0.142496,-0.107504,1593.525,1595.138,1286,0,1783737214.689479828,0.140216,0.045166,0.054572,1.050208,0
2,21.1457,-0.25,-0.142496,-0.107504,1593.525,1595.138,1286,0,1783737214.689479828,0.140216,0.045166,0.054572,1.050208,0
2,21.1668,-0.25,-0.142496,-0.107504,1593.525,1595.138,1287,0,1783737214.689479828,0.140216,0.045166,0.054572,1.050208,0
2,21.1879,-0.25,-0.142496,-0.107504,1593.525,1595.138,1286,0,1783737214.689479828,0.140216,0.045166,0.054572,1.050208,0
2,21.2059,-0.25,-0.121103,-0.128897,1593.525,1595.458,1287,1,1783737214.787345171,0.134840,0.041497,0.055517,1.055597,0
2,21.2210,-0.25,-0.121103,-0.128897,1593.525,1595.458,1286,0,1783737214.787345171,0.134840,0.041497,0.055517,1.055597,0
2,21.2420,-0.25,-0.121103,-0.128897,1593.525,1595.458,1287,0,1783737214.787345171,0.134840,0.041497,0.055517,1.055597,0
2,21.2629,-0.25,-0.121103,-0.128897,1593.525,1595.458,1287,0,1783737214.787345171,0.134840,0.041497,0.055517,1.055597,0
2,21.2838,-0.25,-0.121103,-0.128897,1593.525,1595.458,1286,0,1783737214.787345171,0.134840,0.041497,0.055517,1.055597,0
2,21.3047,-0.25,-0.121103,-0.128897,1593.525,1595.458,1287,0,1783737214.787345171,0.134840,0.041497,0.055517,1.055597,0
2,21.3066,-0.25,-0.133146,-0.116854,1593.525,1595.278,1287,1,1783737214.887917519,0.117695,0.043218,0.055398,1.072735,0
2,21.3258,-0.25,-0.133146,-0.116854,1593.525,1595.278,1286,0,1783737214.887917519,0.117695,0.043218,0.055398,1.072735,0
2,21.3468,-0.25,-0.133146,-0.116854,1593.525,1595.278,1287,0,1783737214.887917519,0.117695,0.043218,0.055398,1.072735,0
2,21.3677,-0.25,-0.133146,-0.116854,1593.525,1595.278,1286,0,1783737214.887917519,0.117695,0.043218,0.055398,1.072735,0
2,21.3886,-0.25,-0.133146,-0.116854,1593.525,1595.278,1287,0,1783737214.887917519,0.117695,0.043218,0.055398,1.072735,0
2,21.4042,-0.25,-0.133533,-0.116467,1593.525,1595.272,1286,1,1783737214.988485813,0.104163,0.042576,0.055380,1.086269,0
2,21.4206,-0.25,-0.133533,-0.116467,1593.525,1595.272,1287,0,1783737214.988485813,0.104163,0.042576,0.055380,1.086269,0
2,21.4416,-0.25,-0.133533,-0.116467,1593.525,1595.272,1286,0,1783737214.988485813,0.104163,0.042576,0.055380,1.086269,0
2,21.4624,-0.25,-0.133533,-0.116467,1593.525,1595.272,1287,0,1783737214.988485813,0.104163,0.042576,0.055380,1.086269,0
2,21.4833,-0.25,-0.133533,-0.116467,1593.525,1595.272,1286,0,1783737214.988485813,0.104163,0.042576,0.055380,1.086269,0
2,21.5048,-0.25,-0.144997,-0.105003,1593.525,1595.100,1287,1,1783737215.086297750,0.086793,0.039019,0.057694,1.103659,0
2,21.5202,-0.25,-0.144997,-0.105003,1593.525,1595.100,1286,0,1783737215.086297750,0.086793,0.039019,0.057694,1.103659,0
2,21.5412,-0.25,-0.144997,-0.105003,1593.525,1595.100,1286,0,1783737215.086297750,0.086793,0.039019,0.057694,1.103659,0
2,21.5621,-0.25,-0.144997,-0.105003,1593.525,1595.100,1287,0,1783737215.086297750,0.086793,0.039019,0.057694,1.103659,0
2,21.5830,-0.25,-0.144997,-0.105003,1593.525,1595.100,1286,0,1783737215.086297750,0.086793,0.039019,0.057694,1.103659,0
2,21.6040,-0.25,-0.144997,-0.105003,1593.525,1595.100,1286,0,1783737215.086297750,0.086793,0.039019,0.057694,1.103659,0
2,21.6058,-0.25,-0.153194,-0.096806,1593.525,1594.977,1287,1,1783737215.186944246,0.068873,0.038909,0.061378,1.121580,0
2,21.6194,-0.25,-0.153194,-0.096806,1593.525,1594.977,1286,0,1783737215.186944246,0.068873,0.038909,0.061378,1.121580,0
2,21.6404,-0.25,-0.153194,-0.096806,1593.525,1594.977,1286,0,1783737215.186944246,0.068873,0.038909,0.061378,1.121580,0
2,21.6613,-0.25,-0.153194,-0.096806,1593.525,1594.977,1287,0,1783737215.186944246,0.068873,0.038909,0.061378,1.121580,0
2,21.6822,-0.25,-0.153194,-0.096806,1593.525,1594.977,1286,0,1783737215.186944246,0.068873,0.038909,0.061378,1.121580,0
2,21.7035,-0.25,-0.160977,-0.089023,1593.525,1594.860,1286,1,1783737215.287354231,0.050465,0.036747,0.064090,1.140005,0
2,21.7129,-0.25,-0.160977,-0.089023,1593.525,1594.860,1286,0,1783737215.287354231,0.050465,0.036747,0.064090,1.140005,0
2,21.7338,-0.25,-0.160977,-0.089023,1593.525,1594.860,1286,0,1783737215.287354231,0.050465,0.036747,0.064090,1.140005,0
2,21.7547,-0.25,-0.160977,-0.089023,1593.525,1594.860,1287,0,1783737215.287354231,0.050465,0.036747,0.064090,1.140005,0
2,21.7756,-0.25,-0.160977,-0.089023,1593.525,1594.860,1286,0,1783737215.287354231,0.050465,0.036747,0.064090,1.140005,0
2,21.7965,-0.25,-0.160977,-0.089023,1593.525,1594.860,1286,0,1783737215.287354231,0.050465,0.036747,0.064090,1.140005,0
2,21.8037,-0.25,-0.172231,-0.077769,1593.525,1594.692,1286,1,1783737215.385485172,0.030366,0.034376,0.068369,1.160128,0
2,21.8167,-0.25,-0.172231,-0.077769,1593.525,1594.692,1286,0,1783737215.385485172,0.030366,0.034376,0.068369,1.160128,0
2,21.8377,-0.25,-0.172231,-0.077769,1593.525,1594.692,1286,0,1783737215.385485172,0.030366,0.034376,0.068369,1.160128,0
2,21.8588,-0.25,-0.172231,-0.077769,1593.525,1594.692,1286,0,1783737215.385485172,0.030366,0.034376,0.068369,1.160128,0
2,21.8797,-0.25,-0.172231,-0.077769,1593.525,1594.692,1286,0,1783737215.385485172,0.030366,0.034376,0.068369,1.160128,0
2,21.9006,-0.25,-0.172231,-0.077769,1593.525,1594.692,1286,0,1783737215.385485172,0.030366,0.034376,0.068369,1.160128,0
2,21.9045,-0.25,-0.177376,-0.072624,1593.525,1594.614,1286,1,1783737215.485718250,0.011027,0.033834,0.074160,1.179472,0
2,21.9219,-0.25,-0.177376,-0.072624,1593.525,1594.614,1286,0,1783737215.485718250,0.011027,0.033834,0.074160,1.179472,0
2,21.9429,-0.25,-0.177376,-0.072624,1593.525,1594.614,1286,0,1783737215.485718250,0.011027,0.033834,0.074160,1.179472,0
2,21.9639,-0.25,-0.177376,-0.072624,1593.525,1594.614,1286,0,1783737215.485718250,0.011027,0.033834,0.074160,1.179472,0
2,21.9848,-0.25,-0.177376,-0.072624,1593.525,1594.614,1286,0,1783737215.485718250,0.011027,0.033834,0.074160,1.179472,0
2,22.0046,-0.25,-0.180453,-0.069547,1593.525,1594.568,1286,1,1783737215.586584806,-0.007962,0.031200,0.075392,1.198491,0
2,22.0250,-0.25,-0.180453,-0.069547,1593.525,1594.568,1286,0,1783737215.586584806,-0.007962,0.031200,0.075392,1.198491,0
2,22.0461,-0.25,-0.180453,-0.069547,1593.525,1594.568,1286,0,1783737215.586584806,-0.007962,0.031200,0.075392,1.198491,0
2,22.0670,-0.25,-0.180453,-0.069547,1593.525,1594.568,1286,0,1783737215.586584806,-0.007962,0.031200,0.075392,1.198491,0
2,22.0879,-0.25,-0.180453,-0.069547,1593.525,1594.568,1286,0,1783737215.586584806,-0.007962,0.031200,0.075392,1.198491,0
2,22.1055,-0.25,-0.175865,-0.074135,1593.525,1594.637,1286,1,1783737215.686689138,-0.024106,0.029503,0.075999,1.214658,0
2,22.1173,-0.25,-0.175865,-0.074135,1593.525,1594.637,1286,0,1783737215.686689138,-0.024106,0.029503,0.075999,1.214658,0
2,22.1383,-0.25,-0.175865,-0.074135,1593.525,1594.637,1286,0,1783737215.686689138,-0.024106,0.029503,0.075999,1.214658,0
2,22.1592,-0.25,-0.175865,-0.074135,1593.525,1594.637,1286,0,1783737215.686689138,-0.024106,0.029503,0.075999,1.214658,0
2,22.1801,-0.25,-0.175865,-0.074135,1593.525,1594.637,1286,0,1783737215.686689138,-0.024106,0.029503,0.075999,1.214658,0
2,22.2010,-0.25,-0.175865,-0.074135,1593.525,1594.637,1286,0,1783737215.686689138,-0.024106,0.029503,0.075999,1.214658,0
2,22.2061,-0.25,-0.167424,-0.082576,1593.525,1594.764,1286,1,1783737215.787618399,-0.038485,0.029429,0.076587,1.229036,0
2,22.2180,-0.25,-0.167424,-0.082576,1593.525,1594.764,1286,0,1783737215.787618399,-0.038485,0.029429,0.076587,1.229036,0
2,22.2390,-0.25,-0.167424,-0.082576,1593.525,1594.764,1286,0,1783737215.787618399,-0.038485,0.029429,0.076587,1.229036,0
2,22.2600,-0.25,-0.167424,-0.082576,1593.525,1594.764,1286,0,1783737215.787618399,-0.038485,0.029429,0.076587,1.229036,0
2,22.2808,-0.25,-0.167424,-0.082576,1593.525,1594.764,1286,0,1783737215.787618399,-0.038485,0.029429,0.076587,1.229036,0
2,22.3018,-0.25,-0.167424,-0.082576,1593.525,1594.764,1286,0,1783737215.787618399,-0.038485,0.029429,0.076587,1.229036,0
2,22.3066,-0.25,-0.169244,-0.080756,1593.525,1594.736,1286,1,1783737215.888151884,-0.056134,0.029818,0.079031,1.246678,0
2,22.3248,-0.25,-0.169244,-0.080756,1593.525,1594.736,1286,0,1783737215.888151884,-0.056134,0.029818,0.079031,1.246678,0
2,22.3458,-0.25,-0.169244,-0.080756,1593.525,1594.736,1287,0,1783737215.888151884,-0.056134,0.029818,0.079031,1.246678,0
2,22.3667,-0.25,-0.169244,-0.080756,1593.525,1594.736,1286,0,1783737215.888151884,-0.056134,0.029818,0.079031,1.246678,0
2,22.3876,-0.25,-0.169244,-0.080756,1593.525,1594.736,1286,0,1783737215.888151884,-0.056134,0.029818,0.079031,1.246678,0
2,22.4072,-0.25,-0.168348,-0.081652,1593.525,1594.750,1286,1,1783737215.988691092,-0.072416,0.024697,0.084284,1.263040,0
2,22.4210,-0.25,-0.168348,-0.081652,1593.525,1594.750,1286,0,1783737215.988691092,-0.072416,0.024697,0.084284,1.263040,0
2,22.4420,-0.25,-0.168348,-0.081652,1593.525,1594.750,1286,0,1783737215.988691092,-0.072416,0.024697,0.084284,1.263040,0
2,22.4628,-0.25,-0.168348,-0.081652,1593.525,1594.750,1286,0,1783737215.988691092,-0.072416,0.024697,0.084284,1.263040,0
2,22.4837,-0.25,-0.168348,-0.081652,1593.525,1594.750,1286,0,1783737215.988691092,-0.072416,0.024697,0.084284,1.263040,0
2,22.5046,-0.25,-0.168348,-0.081652,1593.525,1594.750,1286,0,1783737215.988691092,-0.072416,0.024697,0.084284,1.263040,0
2,22.5073,-0.25,-0.171180,-0.078820,1593.525,1594.707,1286,1,1783737216.089168549,-0.090327,0.022281,0.087248,1.280993,0
2,22.5187,-0.25,-0.171180,-0.078820,1593.525,1594.707,1286,0,1783737216.089168549,-0.090327,0.022281,0.087248,1.280993,0
2,22.5397,-0.25,-0.171180,-0.078820,1593.525,1594.707,1286,0,1783737216.089168549,-0.090327,0.022281,0.087248,1.280993,0
2,22.5609,-0.25,-0.171180,-0.078820,1593.525,1594.707,1286,0,1783737216.089168549,-0.090327,0.022281,0.087248,1.280993,0
2,22.5820,-0.25,-0.171180,-0.078820,1593.525,1594.707,1287,0,1783737216.089168549,-0.090327,0.022281,0.087248,1.280993,0
2,22.6032,-0.25,-0.171180,-0.078820,1593.525,1594.707,1286,0,1783737216.089168549,-0.090327,0.022281,0.087248,1.280993,0
2,22.6059,-0.25,-0.170083,-0.079917,1593.525,1594.724,1286,1,1783737216.189440250,-0.107351,0.024925,0.088295,1.297966,0
2,22.6233,-0.25,-0.170083,-0.079917,1593.525,1594.724,1286,0,1783737216.189440250,-0.107351,0.024925,0.088295,1.297966,0
2,22.6443,-0.25,-0.170083,-0.079917,1593.525,1594.724,1286,0,1783737216.189440250,-0.107351,0.024925,0.088295,1.297966,0
2,22.6652,-0.25,-0.170083,-0.079917,1593.525,1594.724,1286,0,1783737216.189440250,-0.107351,0.024925,0.088295,1.297966,0
2,22.6861,-0.25,-0.170083,-0.079917,1593.525,1594.724,1286,0,1783737216.189440250,-0.107351,0.024925,0.088295,1.297966,0
2,22.7059,-0.25,-0.174843,-0.075157,1593.525,1594.652,1286,1,1783737216.287940979,-0.125953,0.023790,0.089620,1.316585,0
2,22.7159,-0.25,-0.174843,-0.075157,1593.525,1594.652,1286,0,1783737216.287940979,-0.125953,0.023790,0.089620,1.316585,0
2,22.7368,-0.25,-0.174843,-0.075157,1593.525,1594.652,1286,0,1783737216.287940979,-0.125953,0.023790,0.089620,1.316585,0
2,22.7577,-0.25,-0.174843,-0.075157,1593.525,1594.652,1286,0,1783737216.287940979,-0.125953,0.023790,0.089620,1.316585,0
2,22.7786,-0.25,-0.174843,-0.075157,1593.525,1594.652,1286,0,1783737216.287940979,-0.125953,0.023790,0.089620,1.316585,0
2,22.7995,-0.25,-0.174843,-0.075157,1593.525,1594.652,1286,0,1783737216.287940979,-0.125953,0.023790,0.089620,1.316585,0
2,22.8066,-0.25,-0.149997,-0.100003,1593.525,1595.025,1286,1,1783737216.388076782,-0.133452,0.022826,0.092515,1.324100,0
2,22.8215,-0.25,-0.149997,-0.100003,1593.525,1595.025,1287,0,1783737216.388076782,-0.133452,0.022826,0.092515,1.324100,0
2,22.8425,-0.25,-0.149997,-0.100003,1593.525,1595.025,1286,0,1783737216.388076782,-0.133452,0.022826,0.092515,1.324100,0
2,22.8634,-0.25,-0.149997,-0.100003,1593.525,1595.025,1286,0,1783737216.388076782,-0.133452,0.022826,0.092515,1.324100,0
2,22.8843,-0.25,-0.149997,-0.100003,1593.525,1595.025,1287,0,1783737216.388076782,-0.133452,0.022826,0.092515,1.324100,0
2,22.9052,-0.25,-0.149997,-0.100003,1593.525,1595.025,1286,0,1783737216.388076782,-0.133452,0.022826,0.092515,1.324100,0
2,22.9073,-0.25,-0.113538,-0.136462,1593.525,1595.572,1287,1,1783737216.488637447,-0.133788,0.021918,0.093069,1.324453,0
2,22.9250,-0.25,-0.113538,-0.136462,1593.525,1595.572,1286,0,1783737216.488637447,-0.133788,0.021918,0.093069,1.324453,0
2,22.9460,-0.25,-0.113538,-0.136462,1593.525,1595.572,1287,0,1783737216.488637447,-0.133788,0.021918,0.093069,1.324453,0
2,22.9669,-0.25,-0.113538,-0.136462,1593.525,1595.572,1287,0,1783737216.488637447,-0.133788,0.021918,0.093069,1.324453,0
2,22.9878,-0.25,-0.113538,-0.136462,1593.525,1595.572,1287,0,1783737216.488637447,-0.133788,0.021918,0.093069,1.324453,0
2,23.0053,-0.25,-0.094920,-0.155080,1593.525,1595.851,1287,1,1783737216.589270115,-0.137557,0.020036,0.095204,1.328259,0
2,23.0162,-0.25,-0.094920,-0.155080,1593.525,1595.851,1287,0,1783737216.589270115,-0.137557,0.020036,0.095204,1.328259,0
2,23.0372,-0.25,-0.094920,-0.155080,1593.525,1595.851,1287,0,1783737216.589270115,-0.137557,0.020036,0.095204,1.328259,0
2,23.0581,-0.25,-0.094920,-0.155080,1593.525,1595.851,1286,0,1783737216.589270115,-0.137557,0.020036,0.095204,1.328259,0
2,23.0790,-0.25,-0.094920,-0.155080,1593.525,1595.851,1287,0,1783737216.589270115,-0.137557,0.020036,0.095204,1.328259,0
2,23.0999,-0.25,-0.094920,-0.155080,1593.525,1595.851,1287,0,1783737216.589270115,-0.137557,0.020036,0.095204,1.328259,0
2,23.1057,-0.25,-0.104141,-0.145859,1593.525,1595.713,1287,1,1783737216.687342882,-0.150557,0.020199,0.094601,1.341253,0
2,23.1198,-0.25,-0.104141,-0.145859,1593.525,1595.713,1287,0,1783737216.687342882,-0.150557,0.020199,0.094601,1.341253,0
2,23.1408,-0.25,-0.104141,-0.145859,1593.525,1595.713,1287,0,1783737216.687342882,-0.150557,0.020199,0.094601,1.341253,0
2,23.1618,-0.25,-0.104141,-0.145859,1593.525,1595.713,1287,0,1783737216.687342882,-0.150557,0.020199,0.094601,1.341253,0
2,23.1827,-0.25,-0.104141,-0.145859,1593.525,1595.713,1287,0,1783737216.687342882,-0.150557,0.020199,0.094601,1.341253,0
2,23.2036,-0.25,-0.104141,-0.145859,1593.525,1595.713,1287,0,1783737216.687342882,-0.150557,0.020199,0.094601,1.341253,0
2,23.2062,-0.25,-0.096504,-0.153496,1593.525,1595.827,1287,1,1783737216.787774563,-0.158103,0.021454,0.095627,1.348772,0
2,23.2223,-0.25,-0.096504,-0.153496,1593.525,1595.827,1287,0,1783737216.787774563,-0.158103,0.021454,0.095627,1.348772,0
2,23.2434,-0.25,-0.096504,-0.153496,1593.525,1595.827,1287,0,1783737216.787774563,-0.158103,0.021454,0.095627,1.348772,0
2,23.2643,-0.25,-0.096504,-0.153496,1593.525,1595.827,1286,0,1783737216.787774563,-0.158103,0.021454,0.095627,1.348772,0
2,23.2852,-0.25,-0.096504,-0.153496,1593.525,1595.827,1287,0,1783737216.787774563,-0.158103,0.021454,0.095627,1.348772,0
2,23.3046,-0.25,-0.076897,-0.173103,1593.525,1596.000,1288,1,1783737216.888290882,-0.159506,0.017152,0.097723,1.350265,0
2,23.3185,-0.25,-0.076897,-0.173103,1593.525,1596.000,1287,0,1783737216.888290882,-0.159506,0.017152,0.097723,1.350265,0
2,23.3396,-0.25,-0.076897,-0.173103,1593.525,1596.000,1287,0,1783737216.888290882,-0.159506,0.017152,0.097723,1.350265,0
2,23.3605,-0.25,-0.076897,-0.173103,1593.525,1596.000,1287,0,1783737216.888290882,-0.159506,0.017152,0.097723,1.350265,0
2,23.3814,-0.25,-0.076897,-0.173103,1593.525,1596.000,1287,0,1783737216.888290882,-0.159506,0.017152,0.097723,1.350265,0
2,23.4024,-0.25,-0.076897,-0.173103,1593.525,1596.000,1287,0,1783737216.888290882,-0.159506,0.017152,0.097723,1.350265,0
2,23.4049,-0.25,-0.106345,-0.143655,1593.525,1595.680,1287,1,1783737216.986524820,-0.178788,0.017796,0.098182,1.369527,0
2,23.4208,-0.25,-0.106345,-0.143655,1593.525,1595.680,1287,0,1783737216.986524820,-0.178788,0.017796,0.098182,1.369527,0
2,23.4418,-0.25,-0.106345,-0.143655,1593.525,1595.680,1287,0,1783737216.986524820,-0.178788,0.017796,0.098182,1.369527,0
2,23.4627,-0.25,-0.106345,-0.143655,1593.525,1595.680,1286,0,1783737216.986524820,-0.178788,0.017796,0.098182,1.369527,0
2,23.4836,-0.25,-0.106345,-0.143655,1593.525,1595.680,1287,0,1783737216.986524820,-0.178788,0.017796,0.098182,1.369527,0
2,23.5055,-0.25,-0.106345,-0.143655,1593.525,1595.680,1287,0,1783737216.986524820,-0.178788,0.017796,0.098182,1.369527,0
2,23.5062,-0.25,-0.108240,-0.141760,1593.525,1595.651,1287,1,1783737217.087034702,-0.190302,0.017895,0.097375,1.381037,0
2,23.5226,-0.25,-0.108240,-0.141760,1593.525,1595.651,1287,0,1783737217.087034702,-0.190302,0.017895,0.097375,1.381037,0
2,23.5436,-0.25,-0.108240,-0.141760,1593.525,1595.651,1286,0,1783737217.087034702,-0.190302,0.017895,0.097375,1.381037,0
2,23.5646,-0.25,-0.108240,-0.141760,1593.525,1595.651,1287,0,1783737217.087034702,-0.190302,0.017895,0.097375,1.381037,0
2,23.5855,-0.25,-0.108240,-0.141760,1593.525,1595.651,1287,0,1783737217.087034702,-0.190302,0.017895,0.097375,1.381037,0
2,23.6033,-0.25,-0.074867,-0.175133,1593.525,1596.000,1287,1,1783737217.187585115,-0.187572,0.016189,0.103770,1.378344,0
2,23.6218,-0.25,-0.074867,-0.175133,1593.525,1596.000,1287,0,1783737217.187585115,-0.187572,0.016189,0.103770,1.378344,0
2,23.6429,-0.25,-0.074867,-0.175133,1593.525,1596.000,1287,0,1783737217.187585115,-0.187572,0.016189,0.103770,1.378344,0
2,23.6639,-0.25,-0.074867,-0.175133,1593.525,1596.000,1287,0,1783737217.187585115,-0.187572,0.016189,0.103770,1.378344,0
2,23.6848,-0.25,-0.074867,-0.175133,1593.525,1596.000,1288,0,1783737217.187585115,-0.187572,0.016189,0.103770,1.378344,0
2,23.7037,-0.25,-0.074867,-0.175133,1593.525,1596.000,1287,0,1783737217.187585115,-0.187572,0.016189,0.103770,1.378344,0
2,23.7249,-0.25,-0.090743,-0.159257,1593.525,1595.914,1287,1,1783737217.285402775,-0.200934,0.013793,0.100674,1.391759,0
2,23.7301,-0.25,-0.090743,-0.159257,1593.525,1595.914,1287,0,1783737217.285402775,-0.200934,0.013793,0.100674,1.391759,0
2,23.7511,-0.25,-0.090743,-0.159257,1593.525,1595.914,1287,0,1783737217.285402775,-0.200934,0.013793,0.100674,1.391759,0
2,23.7721,-0.25,-0.090743,-0.159257,1593.525,1595.914,1287,0,1783737217.285402775,-0.200934,0.013793,0.100674,1.391759,0
2,23.7929,-0.25,-0.090743,-0.159257,1593.525,1595.914,1287,0,1783737217.285402775,-0.200934,0.013793,0.100674,1.391759,0
2,23.8044,-0.25,-0.079109,-0.170891,1593.525,1596.000,1287,1,1783737217.385817289,-0.205515,0.014941,0.103222,1.396312,0
2,23.8207,-0.25,-0.079109,-0.170891,1593.525,1596.000,1287,0,1783737217.385817289,-0.205515,0.014941,0.103222,1.396312,0
2,23.8418,-0.25,-0.079109,-0.170891,1593.525,1596.000,1287,0,1783737217.385817289,-0.205515,0.014941,0.103222,1.396312,0
2,23.8627,-0.25,-0.079109,-0.170891,1593.525,1596.000,1287,0,1783737217.385817289,-0.205515,0.014941,0.103222,1.396312,0
2,23.8836,-0.25,-0.079109,-0.170891,1593.525,1596.000,1287,0,1783737217.385817289,-0.205515,0.014941,0.103222,1.396312,0
2,23.9048,-0.25,-0.110817,-0.139183,1593.525,1595.613,1287,1,1783737217.486392498,-0.225711,0.008983,0.105944,1.416651,0
2,23.9194,-0.25,-0.110817,-0.139183,1593.525,1595.613,1287,0,1783737217.486392498,-0.225711,0.008983,0.105944,1.416651,0
3,27.2147,0.25,0.035944,0.214056,1417.743,1417.743,1143,0,1783737220.783654690,-0.232823,0.012420,0.105029,0.021924,0
3,27.2357,0.25,0.035944,0.214056,1417.743,1417.743,1144,0,1783737220.783654690,-0.232823,0.012420,0.105029,0.021924,0
3,27.2566,0.25,0.035944,0.214056,1417.743,1417.743,1143,0,1783737220.783654690,-0.232823,0.012420,0.105029,0.021924,0
3,27.2776,0.25,0.035944,0.214056,1417.743,1417.743,1143,0,1783737220.783654690,-0.232823,0.012420,0.105029,0.021924,0
3,27.2986,0.25,0.035944,0.214056,1417.743,1417.743,1144,0,1783737220.783654690,-0.232823,0.012420,0.105029,0.021924,0
3,27.3004,0.25,0.062876,0.187124,1417.743,1414.643,1141,1,1783737220.881668329,-0.218519,0.011105,0.106862,0.036191,0
3,27.3180,0.25,0.062876,0.187124,1417.743,1414.643,1140,0,1783737220.881668329,-0.218519,0.011105,0.106862,0.036191,0
3,27.3390,0.25,0.062876,0.187124,1417.743,1414.643,1141,0,1783737220.881668329,-0.218519,0.011105,0.106862,0.036191,0
3,27.3600,0.25,0.062876,0.187124,1417.743,1414.643,1141,0,1783737220.881668329,-0.218519,0.011105,0.106862,0.036191,0
3,27.3810,0.25,0.062876,0.187124,1417.743,1414.643,1141,0,1783737220.881668329,-0.218519,0.011105,0.106862,0.036191,0
3,27.4006,0.25,0.062876,0.187124,1417.743,1414.643,1141,0,1783737220.881668329,-0.218519,0.011105,0.106862,0.036191,0
3,27.4218,0.25,0.083230,0.166770,1417.743,1414.408,1140,1,1783737220.981945515,-0.204199,0.013296,0.102462,0.050557,0
3,27.4252,0.25,0.083230,0.166770,1417.743,1414.408,1141,0,1783737220.981945515,-0.204199,0.013296,0.102462,0.050557,0
3,27.4461,0.25,0.083230,0.166770,1417.743,1414.408,1141,0,1783737220.981945515,-0.204199,0.013296,0.102462,0.050557,0
3,27.4671,0.25,0.083230,0.166770,1417.743,1414.408,1140,0,1783737220.981945515,-0.204199,0.013296,0.102462,0.050557,0
3,27.4880,0.25,0.083230,0.166770,1417.743,1414.408,1141,0,1783737220.981945515,-0.204199,0.013296,0.102462,0.050557,0
3,27.5016,0.25,0.103413,0.146587,1417.743,1414.811,1141,1,1783737221.082725048,-0.187956,0.016927,0.099781,0.067003,0
3,27.5142,0.25,0.103413,0.146587,1417.743,1414.811,1141,0,1783737221.082725048,-0.187956,0.016927,0.099781,0.067003,0
3,27.5351,0.25,0.103413,0.146587,1417.743,1414.811,1141,0,1783737221.082725048,-0.187956,0.016927,0.099781,0.067003,0
3,27.5560,0.25,0.103413,0.146587,1417.743,1414.811,1141,0,1783737221.082725048,-0.187956,0.016927,0.099781,0.067003,0
3,27.5769,0.25,0.103413,0.146587,1417.743,1414.811,1141,0,1783737221.082725048,-0.187956,0.016927,0.099781,0.067003,0
3,27.5979,0.25,0.103413,0.146587,1417.743,1414.811,1141,0,1783737221.082725048,-0.187956,0.016927,0.099781,0.067003,0
3,27.5997,0.25,0.126283,0.123717,1417.743,1415.269,1141,1,1783737221.183594227,-0.168335,0.018284,0.099524,0.086669,0
3,27.6159,0.25,0.126283,0.123717,1417.743,1415.269,1142,0,1783737221.183594227,-0.168335,0.018284,0.099524,0.086669,0
3,27.6370,0.25,0.126283,0.123717,1417.743,1415.269,1141,0,1783737221.183594227,-0.168335,0.018284,0.099524,0.086669,0
3,27.6579,0.25,0.126283,0.123717,1417.743,1415.269,1141,0,1783737221.183594227,-0.168335,0.018284,0.099524,0.086669,0
3,27.6788,0.25,0.126283,0.123717,1417.743,1415.269,1142,0,1783737221.183594227,-0.168335,0.018284,0.099524,0.086669,0
3,27.6998,0.25,0.158544,0.091456,1417.743,1415.914,1141,1,1783737221.281380653,-0.143831,0.024222,0.098030,0.111647,0
3,27.7193,0.25,0.158544,0.091456,1417.743,1415.914,1142,0,1783737221.281380653,-0.143831,0.024222,0.098030,0.111647,0
3,27.7404,0.25,0.158544,0.091456,1417.743,1415.914,1142,0,1783737221.281380653,-0.143831,0.024222,0.098030,0.111647,0
3,27.7613,0.25,0.158544,0.091456,1417.743,1415.914,1142,0,1783737221.281380653,-0.143831,0.024222,0.098030,0.111647,0
3,27.7824,0.25,0.158544,0.091456,1417.743,1415.914,1142,0,1783737221.281380653,-0.143831,0.024222,0.098030,0.111647,0
3,27.8003,0.25,0.172692,0.077308,1417.743,1416.197,1142,1,1783737221.381834030,-0.122316,0.026266,0.097441,0.133253,0
3,27.8129,0.25,0.172692,0.077308,1417.743,1416.197,1142,0,1783737221.381834030,-0.122316,0.026266,0.097441,0.133253,0
3,27.8339,0.25,0.172692,0.077308,1417.743,1416.197,1142,0,1783737221.381834030,-0.122316,0.026266,0.097441,0.133253,0
3,27.8548,0.25,0.172692,0.077308,1417.743,1416.197,1142,0,1783737221.381834030,-0.122316,0.026266,0.097441,0.133253,0
3,27.8757,0.25,0.172692,0.077308,1417.743,1416.197,1142,0,1783737221.381834030,-0.122316,0.026266,0.097441,0.133253,0
3,27.8966,0.25,0.172692,0.077308,1417.743,1416.197,1143,0,1783737221.381834030,-0.122316,0.026266,0.097441,0.133253,0
3,27.8984,0.25,0.197635,0.052365,1417.743,1416.696,1142,1,1783737221.482377529,-0.094896,0.027270,0.093624,0.160625,0
3,27.9176,0.25,0.197635,0.052365,1417.743,1416.696,1142,0,1783737221.482377529,-0.094896,0.027270,0.093624,0.160625,0
3,27.9386,0.25,0.197635,0.052365,1417.743,1416.696,1143,0,1783737221.482377529,-0.094896,0.027270,0.093624,0.160625,0
3,27.9594,0.25,0.197635,0.052365,1417.743,1416.696,1142,0,1783737221.482377529,-0.094896,0.027270,0.093624,0.160625,0
3,27.9803,0.25,0.197635,0.052365,1417.743,1416.696,1143,0,1783737221.482377529,-0.094896,0.027270,0.093624,0.160625,0
3,27.9988,0.25,0.217227,0.032773,1417.743,1417.088,1143,1,1783737221.580271721,-0.068175,0.031825,0.088802,0.187676,0
3,28.0127,0.25,0.217227,0.032773,1417.743,1417.088,1143,0,1783737221.580271721,-0.068175,0.031825,0.088802,0.187676,0
3,28.0338,0.25,0.217227,0.032773,1417.743,1417.088,1142,0,1783737221.580271721,-0.068175,0.031825,0.088802,0.187676,0
3,28.0547,0.25,0.217227,0.032773,1417.743,1417.088,1143,0,1783737221.580271721,-0.068175,0.031825,0.088802,0.187676,0
3,28.0756,0.25,0.217227,0.032773,1417.743,1417.088,1143,0,1783737221.580271721,-0.068175,0.031825,0.088802,0.187676,0
3,28.0965,0.25,0.217227,0.032773,1417.743,1417.088,1143,0,1783737221.580271721,-0.068175,0.031825,0.088802,0.187676,0
3,28.0992,0.25,0.227145,0.022855,1417.743,1417.286,1143,1,1783737221.680811167,-0.042502,0.034742,0.085631,0.213515,0
3,28.1097,0.25,0.227145,0.022855,1417.743,1417.286,1143,0,1783737221.680811167,-0.042502,0.034742,0.085631,0.213515,0
3,28.1307,0.25,0.227145,0.022855,1417.743,1417.286,1143,0,1783737221.680811167,-0.042502,0.034742,0.085631,0.213515,0
3,28.1517,0.25,0.227145,0.022855,1417.743,1417.286,1143,0,1783737221.680811167,-0.042502,0.034742,0.085631,0.213515,0
3,28.1726,0.25,0.227145,0.022855,1417.743,1417.286,1143,0,1783737221.680811167,-0.042502,0.034742,0.085631,0.213515,0
3,28.1934,0.25,0.227145,0.022855,1417.743,1417.286,1143,0,1783737221.680811167,-0.042502,0.034742,0.085631,0.213515,0
3,28.1974,0.25,0.227145,0.022855,1417.743,1417.286,1143,0,1783737221.680811167,-0.042502,0.034742,0.085631,0.213515,0
3,28.2186,0.25,0.240756,0.009244,1417.743,1417.558,1143,1,1783737221.781331778,-0.014158,0.035512,0.085805,0.241782,0
3,28.2197,0.25,0.240756,0.009244,1417.743,1417.558,1143,0,1783737221.781331778,-0.014158,0.035512,0.085805,0.241782,0
3,28.2406,0.25,0.240756,0.009244,1417.743,1417.558,1143,0,1783737221.781331778,-0.014158,0.035512,0.085805,0.241782,0
3,28.2615,0.25,0.240756,0.009244,1417.743,1417.558,1143,0,1783737221.781331778,-0.014158,0.035512,0.085805,0.241782,0
3,28.2824,0.25,0.240756,0.009244,1417.743,1417.558,1144,0,1783737221.781331778,-0.014158,0.035512,0.085805,0.241782,0
3,28.2978,0.25,0.242738,0.007262,1417.743,1417.598,1143,1,1783737221.879413843,0.010315,0.035580,0.084483,0.266148,0
3,28.3067,0.25,0.242738,0.007262,1417.743,1417.598,1143,0,1783737221.879413843,0.010315,0.035580,0.084483,0.266148,0
3,28.3277,0.25,0.242738,0.007262,1417.743,1417.598,1143,0,1783737221.879413843,0.010315,0.035580,0.084483,0.266148,0
3,28.3486,0.25,0.242738,0.007262,1417.743,1417.598,1144,0,1783737221.879413843,0.010315,0.035580,0.084483,0.266148,0
3,28.3695,0.25,0.242738,0.007262,1417.743,1417.598,1143,0,1783737221.879413843,0.010315,0.035580,0.084483,0.266148,0
3,28.3903,0.25,0.242738,0.007262,1417.743,1417.598,1143,0,1783737221.879413843,0.010315,0.035580,0.084483,0.266148,0
3,28.3984,0.25,0.243991,0.006009,1417.743,1417.623,1143,1,1783737221.979779482,0.035070,0.037938,0.083640,0.291015,0
3,28.4085,0.25,0.243991,0.006009,1417.743,1417.623,1143,0,1783737221.979779482,0.035070,0.037938,0.083640,0.291015,0
3,28.4296,0.25,0.243991,0.006009,1417.743,1417.623,1144,0,1783737221.979779482,0.035070,0.037938,0.083640,0.291015,0
3,28.4506,0.25,0.243991,0.006009,1417.743,1417.623,1143,0,1783737221.979779482,0.035070,0.037938,0.083640,0.291015,0
3,28.4715,0.25,0.243991,0.006009,1417.743,1417.623,1143,0,1783737221.979779482,0.035070,0.037938,0.083640,0.291015,0
3,28.4924,0.25,0.243991,0.006009,1417.743,1417.623,1143,0,1783737221.979779482,0.035070,0.037938,0.083640,0.291015,0
3,28.4965,0.25,0.245910,0.004090,1417.743,1417.661,1144,1,1783737222.080477953,0.060355,0.039674,0.082908,0.316354,0
3,28.5103,0.25,0.245910,0.004090,1417.743,1417.661,1143,0,1783737222.080477953,0.060355,0.039674,0.082908,0.316354,0
3,28.5313,0.25,0.245910,0.004090,1417.743,1417.661,1143,0,1783737222.080477953,0.060355,0.039674,0.082908,0.316354,0
3,28.5523,0.25,0.245910,0.004090,1417.743,1417.661,1144,0,1783737222.080477953,0.060355,0.039674,0.082908,0.316354,0
3,28.5732,0.25,0.245910,0.004090,1417.743,1417.661,1143,0,1783737222.080477953,0.060355,0.039674,0.082908,0.316354,0
3,28.5941,0.25,0.245910,0.004090,1417.743,1417.661,1143,0,1783737222.080477953,0.060355,0.039674,0.082908,0.316354,0
3,28.5971,0.25,0.243819,0.006181,1417.743,1417.620,1143,1,1783737222.178665161,0.083448,0.043482,0.080479,0.339699,0
3,28.6126,0.25,0.243819,0.006181,1417.743,1417.620,1144,0,1783737222.178665161,0.083448,0.043482,0.080479,0.339699,0
3,28.6336,0.25,0.243819,0.006181,1417.743,1417.620,1143,0,1783737222.178665161,0.083448,0.043482,0.080479,0.339699,0
3,28.6545,0.25,0.243819,0.006181,1417.743,1417.620,1143,0,1783737222.178665161,0.083448,0.043482,0.080479,0.339699,0
3,28.6754,0.25,0.243819,0.006181,1417.743,1417.620,1143,0,1783737222.178665161,0.083448,0.043482,0.080479,0.339699,0
3,28.6963,0.25,0.243819,0.006181,1417.743,1417.620,1144,0,1783737222.178665161,0.083448,0.043482,0.080479,0.339699,0
3,28.6981,0.25,0.234811,0.015189,1417.743,1417.439,1143,1,1783737222.279122114,0.104215,0.045687,0.074923,0.360582,0
3,28.7117,0.25,0.234811,0.015189,1417.743,1417.439,1143,0,1783737222.279122114,0.104215,0.045687,0.074923,0.360582,0
3,28.7327,0.25,0.234811,0.015189,1417.743,1417.439,1143,0,1783737222.279122114,0.104215,0.045687,0.074923,0.360582,0
3,28.7536,0.25,0.234811,0.015189,1417.743,1417.439,1143,0,1783737222.279122114,0.104215,0.045687,0.074923,0.360582,0
3,28.7746,0.25,0.234811,0.015189,1417.743,1417.439,1143,0,1783737222.279122114,0.104215,0.045687,0.074923,0.360582,0
3,28.7958,0.25,0.234811,0.015189,1417.743,1417.439,1143,0,1783737222.279122114,0.104215,0.045687,0.074923,0.360582,0
3,28.7978,0.25,0.233280,0.016720,1417.743,1417.409,1143,1,1783737222.379589558,0.127191,0.046503,0.072487,0.383534,0
3,28.8172,0.25,0.233280,0.016720,1417.743,1417.409,1143,0,1783737222.379589558,0.127191,0.046503,0.072487,0.383534,0
3,28.8384,0.25,0.233280,0.016720,1417.743,1417.409,1143,0,1783737222.379589558,0.127191,0.046503,0.072487,0.383534,0
3,28.8593,0.25,0.233280,0.016720,1417.743,1417.409,1143,0,1783737222.379589558,0.127191,0.046503,0.072487,0.383534,0
3,28.8802,0.25,0.233280,0.016720,1417.743,1417.409,1143,0,1783737222.379589558,0.127191,0.046503,0.072487,0.383534,0
3,28.9013,0.25,0.230941,0.019059,1417.743,1417.362,1144,1,1783737222.480215788,0.149827,0.045938,0.073548,0.406029,0
3,28.9213,0.25,0.230941,0.019059,1417.743,1417.362,1143,0,1783737222.480215788,0.149827,0.045938,0.073548,0.406029,0
3,28.9422,0.25,0.230941,0.019059,1417.743,1417.362,1143,0,1783737222.480215788,0.149827,0.045938,0.073548,0.406029,0
3,28.9631,0.25,0.230941,0.019059,1417.743,1417.362,1143,0,1783737222.480215788,0.149827,0.045938,0.073548,0.406029,0
3,28.9841,0.25,0.230941,0.019059,1417.743,1417.362,1143,0,1783737222.480215788,0.149827,0.045938,0.073548,0.406029,0
3,29.0017,0.25,0.214351,0.035649,1417.743,1417.030,1142,1,1783737222.583286285,0.166762,0.046945,0.073100,0.422989,0
3,29.0192,0.25,0.214351,0.035649,1417.743,1417.030,1143,0,1783737222.583286285,0.166762,0.046945,0.073100,0.422989,0
3,29.0402,0.25,0.214351,0.035649,1417.743,1417.030,1143,0,1783737222.583286285,0.166762,0.046945,0.073100,0.422989,0
3,29.0610,0.25,0.214351,0.035649,1417.743,1417.030,1143,0,1783737222.583286285,0.166762,0.046945,0.073100,0.422989,0
3,29.0819,0.25,0.214351,0.035649,1417.743,1417.030,1142,0,1783737222.583286285,0.166762,0.046945,0.073100,0.422989,0
3,29.0998,0.25,0.214351,0.035649,1417.743,1417.030,1143,0,1783737222.583286285,0.166762,0.046945,0.073100,0.422989,0
3,29.1211,0.25,0.224165,0.025835,1417.743,1417.227,1143,1,1783737222.683787823,0.192224,0.048214,0.070594,0.448468,0
3,29.1224,0.25,0.224165,0.025835,1417.743,1417.227,1143,0,1783737222.683787823,0.192224,0.048214,0.070594,0.448468,0
3,29.1434,0.25,0.224165,0.025835,1417.743,1417.227,1143,0,1783737222.683787823,0.192224,0.048214,0.070594,0.448468,0
3,29.1643,0.25,0.224165,0.025835,1417.743,1417.227,1143,0,1783737222.683787823,0.192224,0.048214,0.070594,0.448468,0
3,29.1852,0.25,0.224165,0.025835,1417.743,1417.227,1143,0,1783737222.683787823,0.192224,0.048214,0.070594,0.448468,0
3,29.2003,0.25,0.229154,0.020846,1417.743,1417.326,1143,1,1783737222.781915665,0.216052,0.050885,0.067968,0.472436,0
3,29.2156,0.25,0.229154,0.020846,1417.743,1417.326,1143,0,1783737222.781915665,0.216052,0.050885,0.067968,0.472436,0
3,29.2366,0.25,0.229154,0.020846,1417.743,1417.326,1143,0,1783737222.781915665,0.216052,0.050885,0.067968,0.472436,0
3,29.2575,0.25,0.229154,0.020846,1417.743,1417.326,1143,0,1783737222.781915665,0.216052,0.050885,0.067968,0.472436,0
3,29.2783,0.25,0.229154,0.020846,1417.743,1417.326,1143,0,1783737222.781915665,0.216052,0.050885,0.067968,0.472436,0
3,29.2993,0.25,0.229154,0.020846,1417.743,1417.326,1143,0,1783737222.781915665,0.216052,0.050885,0.067968,0.472436,0
3,29.3011,0.25,0.218625,0.031375,1417.743,1417.116,1143,1,1783737222.882374048,0.234572,0.055606,0.065811,0.491297,0
3,29.3117,0.25,0.218625,0.031375,1417.743,1417.116,1143,0,1783737222.882374048,0.234572,0.055606,0.065811,0.491297,0
3,29.3327,0.25,0.218625,0.031375,1417.743,1417.116,1142,0,1783737222.882374048,0.234572,0.055606,0.065811,0.491297,0
3,29.3537,0.25,0.218625,0.031375,1417.743,1417.116,1143,0,1783737222.882374048,0.234572,0.055606,0.065811,0.491297,0
3,29.3746,0.25,0.218625,0.031375,1417.743,1417.116,1143,0,1783737222.882374048,0.234572,0.055606,0.065811,0.491297,0
3,29.3956,0.25,0.218625,0.031375,1417.743,1417.116,1143,0,1783737222.882374048,0.234572,0.055606,0.065811,0.491297,0
3,29.4013,0.25,0.228254,0.021746,1417.743,1417.308,1143,1,1783737222.982920885,0.260428,0.056388,0.062144,0.517120,0
3,29.4179,0.25,0.228254,0.021746,1417.743,1417.308,1143,0,1783737222.982920885,0.260428,0.056388,0.062144,0.517120,0
3,29.4389,0.25,0.228254,0.021746,1417.743,1417.308,1143,0,1783737222.982920885,0.260428,0.056388,0.062144,0.517120,0
3,29.4598,0.25,0.228254,0.021746,1417.743,1417.308,1143,0,1783737222.982920885,0.260428,0.056388,0.062144,0.517120,0
3,29.4807,0.25,0.228254,0.021746,1417.743,1417.308,1143,0,1783737222.982920885,0.260428,0.056388,0.062144,0.517120,0
3,29.5018,0.25,0.234235,0.015765,1417.743,1417.428,1143,1,1783737223.083399057,0.285798,0.056610,0.059302,0.542416,0
3,29.5146,0.25,0.234235,0.015765,1417.743,1417.428,1143,0,1783737223.083399057,0.285798,0.056610,0.059302,0.542416,0
3,29.5356,0.25,0.234235,0.015765,1417.743,1417.428,1143,0,1783737223.083399057,0.285798,0.056610,0.059302,0.542416,0
3,29.5565,0.25,0.234235,0.015765,1417.743,1417.428,1143,0,1783737223.083399057,0.285798,0.056610,0.059302,0.542416,0
3,29.5774,0.25,0.234235,0.015765,1417.743,1417.428,1143,0,1783737223.083399057,0.285798,0.056610,0.059302,0.542416,0
3,29.5983,0.25,0.234235,0.015765,1417.743,1417.428,1143,0,1783737223.083399057,0.285798,0.056610,0.059302,0.542416,0
3,29.6001,0.25,0.226917,0.023083,1417.743,1417.282,1143,1,1783737223.183794022,0.306215,0.060086,0.054831,0.563055,0
3,29.6156,0.25,0.226917,0.023083,1417.743,1417.282,1143,0,1783737223.183794022,0.306215,0.060086,0.054831,0.563055,0
3,29.6366,0.25,0.226917,0.023083,1417.743,1417.282,1143,0,1783737223.183794022,0.306215,0.060086,0.054831,0.563055,0
3,29.6575,0.25,0.226917,0.023083,1417.743,1417.282,1143,0,1783737223.183794022,0.306215,0.060086,0.054831,0.563055,0
3,29.6784,0.25,0.226917,0.023083,1417.743,1417.282,1143,0,1783737223.183794022,0.306215,0.060086,0.054831,0.563055,0
3,29.6994,0.25,0.226917,0.023083,1417.743,1417.282,1143,0,1783737223.183794022,0.306215,0.060086,0.054831,0.563055,0
3,29.7012,0.25,0.225979,0.024021,1417.743,1417.263,1143,1,1783737223.282055378,0.327980,0.063743,0.053274,0.585058,0
3,29.7142,0.25,0.225979,0.024021,1417.743,1417.263,1143,0,1783737223.282055378,0.327980,0.063743,0.053274,0.585058,0
3,29.7352,0.25,0.225979,0.024021,1417.743,1417.263,1143,0,1783737223.282055378,0.327980,0.063743,0.053274,0.585058,0
3,29.7563,0.25,0.225979,0.024021,1417.743,1417.263,1143,0,1783737223.282055378,0.327980,0.063743,0.053274,0.585058,0
3,29.7772,0.25,0.225979,0.024021,1417.743,1417.263,1143,0,1783737223.282055378,0.327980,0.063743,0.053274,0.585058,0
3,29.7982,0.25,0.237153,0.012847,1417.743,1417.486,1143,1,1783737223.382463217,0.355173,0.064186,0.053755,0.612184,0
3,29.8116,0.25,0.237153,0.012847,1417.743,1417.486,1143,0,1783737223.382463217,0.355173,0.064186,0.053755,0.612184,0
3,29.8326,0.25,0.237153,0.012847,1417.743,1417.486,1143,0,1783737223.382463217,0.355173,0.064186,0.053755,0.612184,0
3,29.8536,0.25,0.237153,0.012847,1417.743,1417.486,1144,0,1783737223.382463217,0.355173,0.064186,0.053755,0.612184,0
3,29.8746,0.25,0.237153,0.012847,1417.743,1417.486,1143,0,1783737223.382463217,0.355173,0.064186,0.053755,0.612184,0
3,29.8954,0.25,0.237153,0.012847,1417.743,1417.486,1143,0,1783737223.382463217,0.355173,0.064186,0.053755,0.612184,0
3,29.8986,0.25,0.233828,0.016172,1417.743,1417.420,1143,1,1783737223.480317354,0.377130,0.063759,0.052006,0.634026,0
3,29.9142,0.25,0.233828,0.016172,1417.743,1417.420,1143,0,1783737223.480317354,0.377130,0.063759,0.052006,0.634026,0
3,29.9352,0.25,0.233828,0.016172,1417.743,1417.420,1143,0,1783737223.480317354,0.377130,0.063759,0.052006,0.634026,0
3,29.9561,0.25,0.233828,0.016172,1417.743,1417.420,1143,0,1783737223.480317354,0.377130,0.063759,0.052006,0.634026,0
3,29.9770,0.25,0.233828,0.016172,1417.743,1417.420,1143,0,1783737223.480317354,0.377130,0.063759,0.052006,0.634026,0
3,29.9980,0.25,0.233828,0.016172,1417.743,1417.420,1143,0,1783737223.480317354,0.377130,0.063759,0.052006,0.634026,0
3,29.9998,0.25,0.181420,0.068580,1417.743,1416.372,1142,1,1783737223.580708265,0.379389,0.067134,0.051245,0.636565,0
3,30.0173,0.25,0.181420,0.068580,1417.743,1416.372,1143,0,1783737223.580708265,0.379389,0.067134,0.051245,0.636565,0
3,30.0382,0.25,0.181420,0.068580,1417.743,1416.372,1142,0,1783737223.580708265,0.379389,0.067134,0.051245,0.636565,0
3,30.0591,0.25,0.181420,0.068580,1417.743,1416.372,1142,0,1783737223.580708265,0.379389,0.067134,0.051245,0.636565,0
3,30.0800,0.25,0.181420,0.068580,1417.743,1416.372,1142,0,1783737223.580708265,0.379389,0.067134,0.051245,0.636565,0
3,30.0973,0.25,0.132635,0.117365,1417.743,1415.396,1142,1,1783737223.681262016,0.378063,0.066085,0.053080,0.635153,0
3,30.1118,0.25,0.132635,0.117365,1417.743,1415.396,1141,0,1783737223.681262016,0.378063,0.066085,0.053080,0.635153,0
3,30.1330,0.25,0.132635,0.117365,1417.743,1415.396,1142,0,1783737223.681262016,0.378063,0.066085,0.053080,0.635153,0
3,30.1541,0.25,0.132635,0.117365,1417.743,1415.396,1141,0,1783737223.681262016,0.378063,0.066085,0.053080,0.635153,0
3,30.1752,0.25,0.132635,0.117365,1417.743,1415.396,1142,0,1783737223.681262016,0.378063,0.066085,0.053080,0.635153,0
3,30.1961,0.25,0.132635,0.117365,1417.743,1415.396,1141,0,1783737223.681262016,0.378063,0.066085,0.053080,0.635153,0
3,30.1980,0.25,0.097724,0.152276,1417.743,1414.698,1141,1,1783737223.779432297,0.377467,0.064340,0.053291,0.634411,0
3,30.2142,0.25,0.097724,0.152276,1417.743,1414.698,1141,0,1783737223.779432297,0.377467,0.064340,0.053291,0.634411,0
3,30.2352,0.25,0.097724,0.152276,1417.743,1414.698,1141,0,1783737223.779432297,0.377467,0.064340,0.053291,0.634411,0
3,30.2562,0.25,0.097724,0.152276,1417.743,1414.698,1141,0,1783737223.779432297,0.377467,0.064340,0.053291,0.634411,0
3,30.2771,0.25,0.097724,0.152276,1417.743,1414.698,1141,0,1783737223.779432297,0.377467,0.064340,0.053291,0.634411,0
3,30.2985,0.25,0.070632,0.179368,1417.743,1414.156,1140,1,1783737223.880045891,0.376313,0.065846,0.053873,0.633389,0
3,30.3146,0.25,0.070632,0.179368,1417.743,1414.156,1140,0,1783737223.880045891,0.376313,0.065846,0.053873,0.633389,0
3,30.3357,0.25,0.070632,0.179368,1417.743,1414.156,1141,0,1783737223.880045891,0.376313,0.065846,0.053873,0.633389,0
3,30.3566,0.25,0.070632,0.179368,1417.743,1414.156,1140,0,1783737223.880045891,0.376313,0.065846,0.053873,0.633389,0
3,30.3775,0.25,0.070632,0.179368,1417.743,1414.156,1141,0,1783737223.880045891,0.376313,0.065846,0.053873,0.633389,0
3,30.3963,0.25,0.052822,0.197178,1417.743,1413.800,1140,1,1783737223.980549574,0.376294,0.065061,0.054070,0.633303,0
3,30.4089,0.25,0.052822,0.197178,1417.743,1413.800,1140,0,1783737223.980549574,0.376294,0.065061,0.054070,0.633303,0
3,30.4298,0.25,0.052822,0.197178,1417.743,1413.800,1140,0,1783737223.980549574,0.376294,0.065061,0.054070,0.633303,0
3,30.4507,0.25,0.052822,0.197178,1417.743,1413.800,1140,0,1783737223.980549574,0.376294,0.065061,0.054070,0.633303,0
3,30.4716,0.25,0.052822,0.197178,1417.743,1413.800,1141,0,1783737223.980549574,0.376294,0.065061,0.054070,0.633303,0
3,30.4925,0.25,0.052822,0.197178,1417.743,1413.800,1140,0,1783737223.980549574,0.376294,0.065061,0.054070,0.633303,0
3,30.4968,0.25,0.038062,0.211938,1417.743,1413.504,1140,1,1783737224.078398466,0.375548,0.067665,0.052763,0.632786,0
3,30.5167,0.25,0.038062,0.211938,1417.743,1413.504,1140,0,1783737224.078398466,0.375548,0.067665,0.052763,0.632786,0
3,30.5377,0.25,0.038062,0.211938,1417.743,1413.504,1140,0,1783737224.078398466,0.375548,0.067665,0.052763,0.632786,0
3,30.5586,0.25,0.038062,0.211938,1417.743,1413.504,1139,0,1783737224.078398466,0.375548,0.067665,0.052763,0.632786,0
3,30.5796,0.25,0.038062,0.211938,1417.743,1413.504,1140,0,1783737224.078398466,0.375548,0.067665,0.052763,0.632786,0
3,30.5973,0.25,0.031708,0.218292,1417.743,1413.377,1140,1,1783737224.178946972,0.376810,0.067873,0.050778,0.634062,0
3,30.6154,0.25,0.031708,0.218292,1417.743,1413.377,1140,0,1783737224.178946972,0.376810,0.067873,0.050778,0.634062,0
3,30.6364,0.25,0.031708,0.218292,1417.743,1413.377,1140,0,1783737224.178946972,0.376810,0.067873,0.050778,0.634062,0
3,30.6573,0.25,0.031708,0.218292,1417.743,1413.377,1140,0,1783737224.178946972,0.376810,0.067873,0.050778,0.634062,0
3,30.6782,0.25,0.031708,0.218292,1417.743,1413.377,1139,0,1783737224.178946972,0.376810,0.067873,0.050778,0.634062,0
3,30.6954,0.25,0.025833,0.224167,1417.743,1413.260,1140,1,1783737224.279415607,0.377669,0.067228,0.051091,0.634860,0
3,30.7100,0.25,0.025833,0.224167,1417.743,1413.260,1140,0,1783737224.279415607,0.377669,0.067228,0.051091,0.634860,0
3,30.7310,0.25,0.025833,0.224167,1417.743,1413.260,1140,0,1783737224.279415607,0.377669,0.067228,0.051091,0.634860,0
3,30.7518,0.25,0.025833,0.224167,1417.743,1413.260,1139,0,1783737224.279415607,0.377669,0.067228,0.051091,0.634860,0
3,30.7727,0.25,0.025833,0.224167,1417.743,1413.260,1140,0,1783737224.279415607,0.377669,0.067228,0.051091,0.634860,0
3,30.7936,0.25,0.025833,0.224167,1417.743,1413.260,1140,0,1783737224.279415607,0.377669,0.067228,0.051091,0.634860,0
3,30.7961,0.25,0.021251,0.228749,1417.743,1413.168,1139,1,1783737224.377566814,0.378481,0.065777,0.051235,0.635543,0
3,30.8085,0.25,0.021251,0.228749,1417.743,1413.168,1140,0,1783737224.377566814,0.378481,0.065777,0.051235,0.635543,0
3,30.8297,0.25,0.021251,0.228749,1417.743,1413.168,1140,0,1783737224.377566814,0.378481,0.065777,0.051235,0.635543,0
3,30.8508,0.25,0.021251,0.228749,1417.743,1413.168,1139,0,1783737224.377566814,0.378481,0.065777,0.051235,0.635543,0
3,30.8720,0.25,0.021251,0.228749,1417.743,1413.168,1140,0,1783737224.377566814,0.378481,0.065777,0.051235,0.635543,0
3,30.8930,0.25,0.021251,0.228749,1417.743,1413.168,1140,0,1783737224.377566814,0.378481,0.065777,0.051235,0.635543,0
3,30.8962,0.25,0.007488,0.242512,1417.743,1412.893,1139,1,1783737224.478156090,0.375077,0.065762,0.051897,0.632150,0
3,30.9090,0.25,0.007488,0.242512,1417.743,1412.893,1140,0,1783737224.478156090,0.375077,0.065762,0.051897,0.632150,0
3,30.9301,0.25,0.007488,0.242512,1417.743,1412.893,1139,0,1783737224.478156090,0.375077,0.065762,0.051897,0.632150,0
3,30.9510,0.25,0.007488,0.242512,1417.743,1412.893,1139,0,1783737224.478156090,0.375077,0.065762,0.051897,0.632150,0
3,30.9719,0.25,0.007488,0.242512,1417.743,1412.893,1140,0,1783737224.478156090,0.375077,0.065762,0.051897,0.632150,0
3,30.9928,0.25,0.007488,0.242512,1417.743,1412.893,1139,0,1783737224.478156090,0.375077,0.065762,0.051897,0.632150,0
3,30.9973,0.25,0.003381,0.246619,1417.743,1412.811,1140,1,1783737224.578661919,0.374206,0.065235,0.052920,0.631237,0
3,31.0082,0.25,0.003381,0.246619,1417.743,1412.811,1139,0,1783737224.578661919,0.374206,0.065235,0.052920,0.631237,0
3,31.0293,0.25,0.003381,0.246619,1417.743,1412.811,1139,0,1783737224.578661919,0.374206,0.065235,0.052920,0.631237,0
3,31.0503,0.25,0.003381,0.246619,1417.743,1412.811,1140,0,1783737224.578661919,0.374206,0.065235,0.052920,0.631237,0
3,31.0712,0.25,0.003381,0.246619,1417.743,1412.811,1139,0,1783737224.578661919,0.374206,0.065235,0.052920,0.631237,0
3,31.0921,0.25,0.003381,0.246619,1417.743,1412.811,1139,0,1783737224.578661919,0.374206,0.065235,0.052920,0.631237,0
3,31.0977,0.25,0.001883,0.248117,1417.743,1412.811,1140,1,1783737224.679361820,0.373967,0.064772,0.053610,0.630960,0
3,31.1106,0.25,0.001883,0.248117,1417.743,1412.811,1139,0,1783737224.679361820,0.373967,0.064772,0.053610,0.630960,0
3,31.1317,0.25,0.001883,0.248117,1417.743,1412.811,1140,0,1783737224.679361820,0.373967,0.064772,0.053610,0.630960,0
3,31.1527,0.25,0.001883,0.248117,1417.743,1412.811,1139,0,1783737224.679361820,0.373967,0.064772,0.053610,0.630960,0
3,31.1739,0.25,0.001883,0.248117,1417.743,1412.811,1139,0,1783737224.679361820,0.373967,0.064772,0.053610,0.630960,0
3,31.1950,0.25,0.001883,0.248117,1417.743,1412.811,1140,0,1783737224.679361820,0.373967,0.064772,0.053610,0.630960,0
3,31.1982,0.25,0.006165,0.243835,1417.743,1409.711,1137,1,1783737224.779812574,0.375966,0.063161,0.053912,0.632817,0
3,31.2073,0.25,0.006165,0.243835,1417.743,1409.711,1136,0,1783737224.779812574,0.375966,0.063161,0.053912,0.632817,0
3,31.2283,0.25,0.006165,0.243835,1417.743,1409.711,1137,0,1783737224.779812574,0.375966,0.063161,0.053912,0.632817,0
3,31.2492,0.25,0.006165,0.243835,1417.743,1409.711,1137,0,1783737224.779812574,0.375966,0.063161,0.053912,0.632817,0
3,31.2701,0.25,0.006165,0.243835,1417.743,1409.711,1137,0,1783737224.779812574,0.375966,0.063161,0.053912,0.632817,0
3,31.2910,0.25,0.006165,0.243835,1417.743,1409.711,1137,0,1783737224.779812574,0.375966,0.063161,0.053912,0.632817,0
3,31.2989,0.25,0.008015,0.241985,1417.743,1406.611,1134,1,1783737224.880330324,0.377376,0.062354,0.054387,0.634156,0
3,31.3083,0.25,0.008015,0.241985,1417.743,1406.611,1135,0,1783737224.880330324,0.377376,0.062354,0.054387,0.634156,0
3,31.3293,0.25,0.008015,0.241985,1417.743,1406.611,1134,0,1783737224.880330324,0.377376,0.062354,0.054387,0.634156,0
3,31.3503,0.25,0.008015,0.241985,1417.743,1406.611,1134,0,1783737224.880330324,0.377376,0.062354,0.054387,0.634156,0
3,31.3713,0.25,0.008015,0.241985,1417.743,1406.611,1135,0,1783737224.880330324,0.377376,0.062354,0.054387,0.634156,0
3,31.3922,0.25,0.008015,0.241985,1417.743,1406.611,1134,0,1783737224.880330324,0.377376,0.062354,0.054387,0.634156,0
3,31.3994,0.25,0.006287,0.243713,1417.743,1403.511,1132,1,1783737224.980874538,0.377506,0.062006,0.054542,0.634258,0
3,31.4100,0.25,0.006287,0.243713,1417.743,1403.511,1132,0,1783737224.980874538,0.377506,0.062006,0.054542,0.634258,0
3,31.4311,0.25,0.006287,0.243713,1417.743,1403.511,1132,0,1783737224.980874538,0.377506,0.062006,0.054542,0.634258,0
3,31.4521,0.25,0.006287,0.243713,1417.743,1403.511,1131,0,1783737224.980874538,0.377506,0.062006,0.054542,0.634258,0
3,31.4731,0.25,0.006287,0.243713,1417.743,1403.511,1132,0,1783737224.980874538,0.377506,0.062006,0.054542,0.634258,0
3,31.4940,0.25,0.006287,0.243713,1417.743,1403.511,1132,0,1783737224.980874538,0.377506,0.062006,0.054542,0.634258,0
3,31.4998,0.25,0.003658,0.246342,1417.743,1400.411,1130,1,1783737225.081490278,0.376917,0.065062,0.053225,0.633923,0
3,31.5185,0.25,0.003658,0.246342,1417.743,1400.411,1129,0,1783737225.081490278,0.376917,0.065062,0.053225,0.633923,0
3,31.5395,0.25,0.003658,0.246342,1417.743,1400.411,1129,0,1783737225.081490278,0.376917,0.065062,0.053225,0.633923,0
3,31.5604,0.25,0.003658,0.246342,1417.743,1400.411,1130,0,1783737225.081490278,0.376917,0.065062,0.053225,0.633923,0
3,31.5814,0.25,0.003658,0.246342,1417.743,1400.411,1129,0,1783737225.081490278,0.376917,0.065062,0.053225,0.633923,0
3,31.6002,0.25,0.000983,0.249017,1417.743,1397.311,1127,1,1783737225.181833029,0.376105,0.067085,0.051625,0.633290,0
3,31.6072,0.25,0.000983,0.249017,1417.743,1397.311,1127,0,1783737225.181833029,0.376105,0.067085,0.051625,0.633290,0
3,31.6282,0.25,0.000983,0.249017,1417.743,1397.311,1127,0,1783737225.181833029,0.376105,0.067085,0.051625,0.633290,0
3,31.6492,0.25,0.000983,0.249017,1417.743,1397.311,1126,0,1783737225.181833029,0.376105,0.067085,0.051625,0.633290,0
3,31.6701,0.25,0.000983,0.249017,1417.743,1397.311,1127,0,1783737225.181833029,0.376105,0.067085,0.051625,0.633290,0
3,31.6910,0.25,0.000983,0.249017,1417.743,1397.311,1127,0,1783737225.181833029,0.376105,0.067085,0.051625,0.633290,0
3,31.6984,0.25,0.004146,0.245854,1417.743,1394.211,1125,1,1783737225.282324314,0.377469,0.067229,0.050573,0.634662,0
3,31.7123,0.25,0.004146,0.245854,1417.743,1394.211,1124,0,1783737225.282324314,0.377469,0.067229,0.050573,0.634662,0
3,31.7334,0.25,0.004146,0.245854,1417.743,1394.211,1124,0,1783737225.282324314,0.377469,0.067229,0.050573,0.634662,0
3,31.7543,0.25,0.004146,0.245854,1417.743,1394.211,1125,0,1783737225.282324314,0.377469,0.067229,0.050573,0.634662,0
3,31.7752,0.25,0.004146,0.245854,1417.743,1394.211,1124,0,1783737225.282324314,0.377469,0.067229,0.050573,0.634662,0
3,31.7962,0.25,0.004146,0.245854,1417.743,1394.211,1124,0,1783737225.282324314,0.377469,0.067229,0.050573,0.634662,0
3,31.7988,0.25,0.012282,0.237718,1417.743,1391.111,1122,1,1783737225.380493641,0.381080,0.067142,0.049780,0.638251,0
3,31.8148,0.25,0.012282,0.237718,1417.743,1391.111,1122,0,1783737225.380493641,0.381080,0.067142,0.049780,0.638251,0
3,31.8359,0.25,0.012282,0.237718,1417.743,1391.111,1122,0,1783737225.380493641,0.381080,0.067142,0.049780,0.638251,0
3,31.8569,0.25,0.012282,0.237718,1417.743,1391.111,1122,0,1783737225.380493641,0.381080,0.067142,0.049780,0.638251,0
3,31.8780,0.25,0.012282,0.237718,1417.743,1391.111,1122,0,1783737225.380493641,0.381080,0.067142,0.049780,0.638251,0
3,31.8997,0.25,0.020631,0.229369,1417.743,1388.011,1119,1,1783737225.480846167,0.385766,0.065239,0.050442,0.642756,0
3,31.9088,0.25,0.020631,0.229369,1417.743,1388.011,1119,0,1783737225.480846167,0.385766,0.065239,0.050442,0.642756,0
3,31.9298,0.25,0.020631,0.229369,1417.743,1388.011,1120,0,1783737225.480846167,0.385766,0.065239,0.050442,0.642756,0
3,31.9508,0.25,0.020631,0.229369,1417.743,1388.011,1119,0,1783737225.480846167,0.385766,0.065239,0.050442,0.642756,0
3,31.9719,0.25,0.020631,0.229369,1417.743,1388.011,1120,0,1783737225.480846167,0.385766,0.065239,0.050442,0.642756,0
3,31.9929,0.25,0.020631,0.229369,1417.743,1388.011,1119,0,1783737225.480846167,0.385766,0.065239,0.050442,0.642756,0
3,31.9971,0.25,0.051498,0.198502,1417.743,1384.911,1117,1,1783737225.581701040,0.400344,0.064707,0.049973,0.657239,0
3,32.0155,0.25,0.051498,0.198502,1417.743,1384.911,1117,0,1783737225.581701040,0.400344,0.064707,0.049973,0.657239,0
3,32.0365,0.25,0.051498,0.198502,1417.743,1384.911,1116,0,1783737225.581701040,0.400344,0.064707,0.049973,0.657239,0
3,32.0576,0.25,0.051498,0.198502,1417.743,1384.911,1117,0,1783737225.581701040,0.400344,0.064707,0.049973,0.657239,0
3,32.0785,0.25,0.051498,0.198502,1417.743,1384.911,1117,0,1783737225.581701040,0.400344,0.064707,0.049973,0.657239,0
3,32.0981,0.25,0.113569,0.136431,1417.743,1381.811,1115,1,1783737225.679176331,0.429624,0.064093,0.045867,0.686379,0
3,32.1138,0.25,0.113569,0.136431,1417.743,1381.811,1114,0,1783737225.679176331,0.429624,0.064093,0.045867,0.686379,0
3,32.1348,0.25,0.113569,0.136431,1417.743,1381.811,1114,0,1783737225.679176331,0.429624,0.064093,0.045867,0.686379,0
3,32.1560,0.25,0.113569,0.136431,1417.743,1381.811,1115,0,1783737225.679176331,0.429624,0.064093,0.045867,0.686379,0
3,32.1769,0.25,0.113569,0.136431,1417.743,1381.811,1114,0,1783737225.679176331,0.429624,0.064093,0.045867,0.686379,0
3,32.1984,0.25,0.189320,0.060680,1417.743,1425.000,1149,1,1783737225.779880047,0.471459,0.067587,0.045260,0.728359,1
3,32.2165,0.25,0.189320,0.060680,1417.743,1425.000,1149,0,1783737225.779880047,0.471459,0.067587,0.045260,0.728359,1
3,32.2375,0.25,0.189320,0.060680,1417.743,1425.000,1150,0,1783737225.779880047,0.471459,0.067587,0.045260,0.728359,1
3,32.2584,0.25,0.189320,0.060680,1417.743,1425.000,1149,0,1783737225.779880047,0.471459,0.067587,0.045260,0.728359,1
3,32.2793,0.25,0.189320,0.060680,1417.743,1425.000,1149,0,1783737225.779880047,0.471459,0.067587,0.045260,0.728359,1
3,32.2966,0.25,0.285688,-0.035688,1417.743,1425.000,1149,1,1783737225.880584240,0.529264,0.070869,0.035313,0.786245,1
3,32.3177,0.25,0.285688,-0.035688,1417.743,1425.000,1149,0,1783737225.880584240,0.529264,0.070869,0.035313,0.786245,1
3,32.3388,0.25,0.285688,-0.035688,1417.743,1425.000,1150,0,1783737225.880584240,0.529264,0.070869,0.035313,0.786245,1
3,32.3597,0.25,0.285688,-0.035688,1417.743,1425.000,1149,0,1783737225.880584240,0.529264,0.070869,0.035313,0.786245,1
3,32.3806,0.25,0.285688,-0.035688,1417.743,1425.000,1149,0,1783737225.880584240,0.529264,0.070869,0.035313,0.786245,1
3,32.3970,0.25,0.370338,-0.120338,1417.743,1425.000,1149,1,1783737225.978549719,0.590307,0.076933,0.021235,0.847574,1
3,32.4170,0.25,0.370338,-0.120338,1417.743,1425.000,1149,0,1783737225.978549719,0.590307,0.076933,0.021235,0.847574,1
3,32.4380,0.25,0.370338,-0.120338,1417.743,1425.000,1150,0,1783737225.978549719,0.590307,0.076933,0.021235,0.847574,1
3,32.4589,0.25,0.370338,-0.120338,1417.743,1425.000,1149,0,1783737225.978549719,0.590307,0.076933,0.021235,0.847574,1
3,32.4798,0.25,0.370338,-0.120338,1417.743,1425.000,1149,0,1783737225.978549719,0.590307,0.076933,0.021235,0.847574,1
3,32.4973,0.25,0.392932,-0.142932,1417.743,1425.000,1149,1,1783737226.079046249,0.636562,0.081320,0.011051,0.894029,1
3,32.5122,0.25,0.392932,-0.142932,1417.743,1425.000,1149,0,1783737226.079046249,0.636562,0.081320,0.011051,0.894029,1
3,32.5332,0.25,0.392932,-0.142932,1417.743,1425.000,1150,0,1783737226.079046249,0.636562,0.081320,0.011051,0.894029,1
3,32.5541,0.25,0.392932,-0.142932,1417.743,1425.000,1149,0,1783737226.079046249,0.636562,0.081320,0.011051,0.894029,1
3,32.5750,0.25,0.392932,-0.142932,1417.743,1425.000,1149,0,1783737226.079046249,0.636562,0.081320,0.011051,0.894029,1
3,32.5955,0.25,0.392932,-0.142932,1417.743,1425.000,1149,0,1783737226.079046249,0.636562,0.081320,0.011051,0.894029,1
3,32.6169,0.25,0.373133,-0.123133,1417.743,1425.000,1149,1,1783737226.179462194,0.668108,0.078353,0.013437,0.925262,1
3,32.6268,0.25,0.373133,-0.123133,1417.743,1425.000,1149,0,1783737226.179462194,0.668108,0.078353,0.013437,0.925262,1
3,32.6478,0.25,0.373133,-0.123133,1417.743,1425.000,1150,0,1783737226.179462194,0.668108,0.078353,0.013437,0.925262,1
3,32.6687,0.25,0.373133,-0.123133,1417.743,1425.000,1149,0,1783737226.179462194,0.668108,0.078353,0.013437,0.925262,1
3,32.6896,0.25,0.373133,-0.123133,1417.743,1425.000,1149,0,1783737226.179462194,0.668108,0.078353,0.013437,0.925262,1
3,32.6960,0.25,0.321978,-0.071978,1417.743,1425.000,1149,1,1783737226.277595282,0.684637,0.079067,0.012455,0.941799,1
3,32.7109,0.25,0.321978,-0.071978,1417.743,1425.000,1149,0,1783737226.277595282,0.684637,0.079067,0.012455,0.941799,1
3,32.7319,0.25,0.321978,-0.071978,1417.743,1425.000,1150,0,1783737226.277595282,0.684637,0.079067,0.012455,0.941799,1
3,32.7528,0.25,0.321978,-0.071978,1417.743,1425.000,1149,0,1783737226.277595282,0.684637,0.079067,0.012455,0.941799,1
3,32.7737,0.25,0.321978,-0.071978,1417.743,1425.000,1149,0,1783737226.277595282,0.684637,0.079067,0.012455,0.941799,1
3,32.7946,0.25,0.321978,-0.071978,1417.743,1425.000,1149,0,1783737226.277595282,0.684637,0.079067,0.012455,0.941799,1
3,32.7965,0.25,0.270774,-0.020774,1417.743,1421.900,1147,1,1783737226.378113747,0.696420,0.078618,0.010929,0.953520,0
3,32.8119,0.25,0.270774,-0.020774,1417.743,1421.900,1147,0,1783737226.378113747,0.696420,0.078618,0.010929,0.953520,0
3,32.8330,0.25,0.270774,-0.020774,1417.743,1421.900,1146,0,1783737226.378113747,0.696420,0.078618,0.010929,0.953520,0
3,32.8539,0.25,0.270774,-0.020774,1417.743,1421.900,1147,0,1783737226.378113747,0.696420,0.078618,0.010929,0.953520,0
3,32.8748,0.25,0.270774,-0.020774,1417.743,1421.900,1147,0,1783737226.378113747,0.696420,0.078618,0.010929,0.953520,0
3,32.8949,0.25,0.206426,0.043574,1417.743,1418.800,1144,1,1783737226.478646278,0.697762,0.078951,0.009371,0.954882,0
3,32.9134,0.25,0.206426,0.043574,1417.743,1418.800,1144,0,1783737226.478646278,0.697762,0.078951,0.009371,0.954882,0
3,32.9345,0.25,0.206426,0.043574,1417.743,1418.800,1144,0,1783737226.478646278,0.697762,0.078951,0.009371,0.954882,0
3,32.9556,0.25,0.206426,0.043574,1417.743,1418.800,1144,0,1783737226.478646278,0.697762,0.078951,0.009371,0.954882,0
3,32.9767,0.25,0.206426,0.043574,1417.743,1418.800,1145,0,1783737226.478646278,0.697762,0.078951,0.009371,0.954882,0
3,32.9952,0.25,0.161952,0.088048,1417.743,1415.982,1142,1,1783737226.576805115,0.700555,0.079887,0.008282,0.957735,0
3,33.0068,0.25,0.161952,0.088048,1417.743,1415.982,1142,0,1783737226.576805115,0.700555,0.079887,0.008282,0.957735,0
3,33.0278,0.25,0.161952,0.088048,1417.743,1415.982,1141,0,1783737226.576805115,0.700555,0.079887,0.008282,0.957735,0
3,33.0488,0.25,0.161952,0.088048,1417.743,1415.982,1142,0,1783737226.576805115,0.700555,0.079887,0.008282,0.957735,0
3,33.0697,0.25,0.161952,0.088048,1417.743,1415.982,1142,0,1783737226.576805115,0.700555,0.079887,0.008282,0.957735,0
3,33.0905,0.25,0.161952,0.088048,1417.743,1415.982,1142,0,1783737226.576805115,0.700555,0.079887,0.008282,0.957735,0
3,33.0953,0.25,0.139299,0.110701,1417.743,1415.529,1142,1,1783737226.677200794,0.707721,0.079352,0.007159,0.964845,0
3,33.1153,0.25,0.139299,0.110701,1417.743,1415.529,1141,0,1783737226.677200794,0.707721,0.079352,0.007159,0.964845,0
3,33.1363,0.25,0.139299,0.110701,1417.743,1415.529,1142,0,1783737226.677200794,0.707721,0.079352,0.007159,0.964845,0
3,33.1572,0.25,0.139299,0.110701,1417.743,1415.529,1141,0,1783737226.677200794,0.707721,0.079352,0.007159,0.964845,0
3,33.1781,0.25,0.139299,0.110701,1417.743,1415.529,1142,0,1783737226.677200794,0.707721,0.079352,0.007159,0.964845,0
3,33.1936,0.25,0.123173,0.126827,1417.743,1415.207,1141,1,1783737226.777454615,0.715217,0.079783,0.006257,0.972352,0
3,33.2026,0.25,0.123173,0.126827,1417.743,1415.207,1142,0,1783737226.777454615,0.715217,0.079783,0.006257,0.972352,0
3,33.2236,0.25,0.123173,0.126827,1417.743,1415.207,1141,0,1783737226.777454615,0.715217,0.079783,0.006257,0.972352,0
3,33.2445,0.25,0.123173,0.126827,1417.743,1415.207,1141,0,1783737226.777454615,0.715217,0.079783,0.006257,0.972352,0
3,33.2654,0.25,0.123173,0.126827,1417.743,1415.207,1141,0,1783737226.777454615,0.715217,0.079783,0.006257,0.972352,0
3,33.2863,0.25,0.123173,0.126827,1417.743,1415.207,1142,0,1783737226.777454615,0.715217,0.079783,0.006257,0.972352,0
3,33.2944,0.25,0.111025,0.138975,1417.743,1414.964,1141,1,1783737226.875711918,0.722552,0.078796,0.006938,0.979600,0
3,33.3090,0.25,0.111025,0.138975,1417.743,1414.964,1141,0,1783737226.875711918,0.722552,0.078796,0.006938,0.979600,0
3,33.3301,0.25,0.111025,0.138975,1417.743,1414.964,1141,0,1783737226.875711918,0.722552,0.078796,0.006938,0.979600,0
3,33.3511,0.25,0.111025,0.138975,1417.743,1414.964,1141,0,1783737226.875711918,0.722552,0.078796,0.006938,0.979600,0
3,33.3720,0.25,0.111025,0.138975,1417.743,1414.964,1141,0,1783737226.875711918,0.722552,0.078796,0.006938,0.979600,0
3,33.3929,0.25,0.111025,0.138975,1417.743,1414.964,1141,0,1783737226.875711918,0.722552,0.078796,0.006938,0.979600,0
3,33.3948,0.25,0.105099,0.144901,1417.743,1414.845,1141,1,1783737226.976459742,0.731360,0.077211,0.006095,0.988280,0
3,33.4120,0.25,0.105099,0.144901,1417.743,1414.845,1141,0,1783737226.976459742,0.731360,0.077211,0.006095,0.988280,0
3,33.4331,0.25,0.105099,0.144901,1417.743,1414.845,1141,0,1783737226.976459742,0.731360,0.077211,0.006095,0.988280,0
3,33.4541,0.25,0.105099,0.144901,1417.743,1414.845,1141,0,1783737226.976459742,0.731360,0.077211,0.006095,0.988280,0
3,33.4751,0.25,0.105099,0.144901,1417.743,1414.845,1141,0,1783737226.976459742,0.731360,0.077211,0.006095,0.988280,0
3,33.4952,0.25,0.109046,0.140954,1417.743,1414.924,1141,1,1783737227.076943874,0.743506,0.077346,0.004646,1.000409,0
3,33.5063,0.25,0.109046,0.140954,1417.743,1414.924,1142,0,1783737227.076943874,0.743506,0.077346,0.004646,1.000409,0
3,33.5273,0.25,0.109046,0.140954,1417.743,1414.924,1141,0,1783737227.076943874,0.743506,0.077346,0.004646,1.000409,0
3,33.5483,0.25,0.109046,0.140954,1417.743,1414.924,1141,0,1783737227.076943874,0.743506,0.077346,0.004646,1.000409,0
3,33.5692,0.25,0.109046,0.140954,1417.743,1414.924,1141,0,1783737227.076943874,0.743506,0.077346,0.004646,1.000409,0
3,33.5901,0.25,0.109046,0.140954,1417.743,1414.924,1141,0,1783737227.076943874,0.743506,0.077346,0.004646,1.000409,0
3,33.5958,0.25,0.118183,0.131817,1417.743,1415.107,1141,1,1783737227.177244425,0.758104,0.079331,0.002622,1.015106,0
3,33.6100,0.25,0.118183,0.131817,1417.743,1415.107,1141,0,1783737227.177244425,0.758104,0.079331,0.002622,1.015106,0
3,33.6310,0.25,0.118183,0.131817,1417.743,1415.107,1141,0,1783737227.177244425,0.758104,0.079331,0.002622,1.015106,0
3,33.6519,0.25,0.118183,0.131817,1417.743,1415.107,1142,0,1783737227.177244425,0.758104,0.079331,0.002622,1.015106,0
3,33.6728,0.25,0.118183,0.131817,1417.743,1415.107,1141,0,1783737227.177244425,0.758104,0.079331,0.002622,1.015106,0
3,33.6935,0.25,0.129158,0.120842,1417.743,1415.326,1141,1,1783737227.277919769,0.774422,0.080066,0.000370,1.031437,0
3,33.7020,0.25,0.129158,0.120842,1417.743,1415.326,1142,0,1783737227.277919769,0.774422,0.080066,0.000370,1.031437,0
3,33.7230,0.25,0.129158,0.120842,1417.743,1415.326,1141,0,1783737227.277919769,0.774422,0.080066,0.000370,1.031437,0
3,33.7439,0.25,0.129158,0.120842,1417.743,1415.326,1141,0,1783737227.277919769,0.774422,0.080066,0.000370,1.031437,0
3,33.7648,0.25,0.129158,0.120842,1417.743,1415.326,1142,0,1783737227.277919769,0.774422,0.080066,0.000370,1.031437,0
3,33.7857,0.25,0.129158,0.120842,1417.743,1415.326,1141,0,1783737227.277919769,0.774422,0.080066,0.000370,1.031437,0
3,33.7942,0.25,0.146907,0.103093,1417.743,1415.681,1142,1,1783737227.375457048,0.793944,0.079915,-0.000936,1.050906,0
3,33.8044,0.25,0.146907,0.103093,1417.743,1415.681,1142,0,1783737227.375457048,0.793944,0.079915,-0.000936,1.050906,0
3,33.8253,0.25,0.146907,0.103093,1417.743,1415.681,1141,0,1783737227.375457048,0.793944,0.079915,-0.000936,1.050906,0
3,33.8463,0.25,0.146907,0.103093,1417.743,1415.681,1142,0,1783737227.375457048,0.793944,0.079915,-0.000936,1.050906,0
3,33.8672,0.25,0.146907,0.103093,1417.743,1415.681,1142,0,1783737227.375457048,0.793944,0.079915,-0.000936,1.050906,0
3,33.8881,0.25,0.146907,0.103093,1417.743,1415.681,1141,0,1783737227.375457048,0.793944,0.079915,-0.000936,1.050906,0
3,33.8973,0.25,0.170680,0.079320,1417.743,1416.157,1142,1,1783737227.476219416,0.818329,0.080203,-0.000795,1.075258,0
3,33.9113,0.25,0.170680,0.079320,1417.743,1416.157,1142,0,1783737227.476219416,0.818329,0.080203,-0.000795,1.075258,0
3,33.9323,0.25,0.170680,0.079320,1417.743,1416.157,1142,0,1783737227.476219416,0.818329,0.080203,-0.000795,1.075258,0
3,33.9532,0.25,0.170680,0.079320,1417.743,1416.157,1143,0,1783737227.476219416,0.818329,0.080203,-0.000795,1.075258,0
3,33.9742,0.25,0.170680,0.079320,1417.743,1416.157,1142,0,1783737227.476219416,0.818329,0.080203,-0.000795,1.075258,0
3,33.9952,0.25,0.170680,0.079320,1417.743,1416.157,1142,0,1783737227.476219416,0.818329,0.080203,-0.000795,1.075258,0
3,33.9978,0.25,0.183304,0.066696,1417.743,1416.409,1142,1,1783737227.579364777,0.841141,0.079159,-0.001356,1.097959,0
3,34.0106,0.25,0.183304,0.066696,1417.743,1416.409,1142,0,1783737227.579364777,0.841141,0.079159,-0.001356,1.097959,0
3,34.0317,0.25,0.183304,0.066696,1417.743,1416.409,1142,0,1783737227.579364777,0.841141,0.079159,-0.001356,1.097959,0
3,34.0526,0.25,0.183304,0.066696,1417.743,1416.409,1143,0,1783737227.579364777,0.841141,0.079159,-0.001356,1.097959,0
3,34.0735,0.25,0.183304,0.066696,1417.743,1416.409,1142,0,1783737227.579364777,0.841141,0.079159,-0.001356,1.097959,0
3,34.0944,0.25,0.183304,0.066696,1417.743,1416.409,1142,0,1783737227.579364777,0.841141,0.079159,-0.001356,1.097959,0
3,34.0964,0.25,0.200588,0.049412,1417.743,1416.755,1143,1,1783737227.679909468,0.866520,0.078695,-0.004136,1.123263,0
3,34.1066,0.25,0.200588,0.049412,1417.743,1416.755,1142,0,1783737227.679909468,0.866520,0.078695,-0.004136,1.123263,0
3,34.1276,0.25,0.200588,0.049412,1417.743,1416.755,1143,0,1783737227.679909468,0.866520,0.078695,-0.004136,1.123263,0
3,34.1485,0.25,0.200588,0.049412,1417.743,1416.755,1142,0,1783737227.679909468,0.866520,0.078695,-0.004136,1.123263,0
3,34.1694,0.25,0.200588,0.049412,1417.743,1416.755,1143,0,1783737227.679909468,0.866520,0.078695,-0.004136,1.123263,0
3,34.1902,0.25,0.200588,0.049412,1417.743,1416.755,1143,0,1783737227.679909468,0.866520,0.078695,-0.004136,1.123263,0
3,34.1962,0.25,0.205046,0.044954,1417.743,1416.844,1142,1,1783737227.777641773,0.887876,0.079803,-0.007621,1.144647,0
3,34.2067,0.25,0.205046,0.044954,1417.743,1416.844,1143,0,1783737227.777641773,0.887876,0.079803,-0.007621,1.144647,0
3,34.2277,0.25,0.205046,0.044954,1417.743,1416.844,1142,0,1783737227.777641773,0.887876,0.079803,-0.007621,1.144647,0
3,34.2486,0.25,0.205046,0.044954,1417.743,1416.844,1143,0,1783737227.777641773,0.887876,0.079803,-0.007621,1.144647,0
3,34.2694,0.25,0.205046,0.044954,1417.743,1416.844,1143,0,1783737227.777641773,0.887876,0.079803,-0.007621,1.144647,0
3,34.2903,0.25,0.205046,0.044954,1417.743,1416.844,1142,0,1783737227.777641773,0.887876,0.079803,-0.007621,1.144647,0
3,34.2964,0.25,0.207286,0.042714,1417.743,1416.889,1143,1,1783737227.878210783,0.909417,0.081136,-0.012715,1.166229,0
3,34.3108,0.25,0.207286,0.042714,1417.743,1416.889,1143,0,1783737227.878210783,0.909417,0.081136,-0.012715,1.166229,0
3,34.3318,0.25,0.207286,0.042714,1417.743,1416.889,1142,0,1783737227.878210783,0.909417,0.081136,-0.012715,1.166229,0
3,34.3528,0.25,0.207286,0.042714,1417.743,1416.889,1143,0,1783737227.878210783,0.909417,0.081136,-0.012715,1.166229,0
3,34.3737,0.25,0.207286,0.042714,1417.743,1416.889,1142,0,1783737227.878210783,0.909417,0.081136,-0.012715,1.166229,0
3,34.3947,0.25,0.207286,0.042714,1417.743,1416.889,1143,0,1783737227.878210783,0.909417,0.081136,-0.012715,1.166229,0
3,34.3975,0.25,0.208048,0.041952,1417.743,1416.904,1143,1,1783737227.978411436,0.930479,0.080048,-0.015580,1.187189,0
3,34.4174,0.25,0.208048,0.041952,1417.743,1416.904,1142,0,1783737227.978411436,0.930479,0.080048,-0.015580,1.187189,0
3,34.4385,0.25,0.208048,0.041952,1417.743,1416.904,1143,0,1783737227.978411436,0.930479,0.080048,-0.015580,1.187189,0
3,34.4593,0.25,0.208048,0.041952,1417.743,1416.904,1143,0,1783737227.978411436,0.930479,0.080048,-0.015580,1.187189,0
3,34.4802,0.25,0.208048,0.041952,1417.743,1416.904,1142,0,1783737227.978411436,0.930479,0.080048,-0.015580,1.187189,0
3,34.4952,0.25,0.192934,0.057066,1417.743,1416.602,1143,1,1783737228.079568863,0.945436,0.081550,-0.017074,1.202209,0
3,34.5070,0.25,0.192934,0.057066,1417.743,1416.602,1142,0,1783737228.079568863,0.945436,0.081550,-0.017074,1.202209,0
3,34.5280,0.25,0.192934,0.057066,1417.743,1416.602,1143,0,1783737228.079568863,0.945436,0.081550,-0.017074,1.202209,0
3,34.5489,0.25,0.192934,0.057066,1417.743,1416.602,1142,0,1783737228.079568863,0.945436,0.081550,-0.017074,1.202209,0
3,34.5698,0.25,0.192934,0.057066,1417.743,1416.602,1143,0,1783737228.079568863,0.945436,0.081550,-0.017074,1.202209,0
3,34.5907,0.25,0.192934,0.057066,1417.743,1416.602,1142,0,1783737228.079568863,0.945436,0.081550,-0.017074,1.202209,0
3,34.5958,0.25,0.180838,0.069162,1417.743,1416.360,1142,1,1783737228.177376032,0.959590,0.082285,-0.018283,1.216382,0
3,34.6083,0.25,0.180838,0.069162,1417.743,1416.360,1142,0,1783737228.177376032,0.959590,0.082285,-0.018283,1.216382,0
3,34.6293,0.25,0.180838,0.069162,1417.743,1416.360,1143,0,1783737228.177376032,0.959590,0.082285,-0.018283,1.216382,0
3,34.6503,0.25,0.180838,0.069162,1417.743,1416.360,1142,0,1783737228.177376032,0.959590,0.082285,-0.018283,1.216382,0
3,34.6712,0.25,0.180838,0.069162,1417.743,1416.360,1142,0,1783737228.177376032,0.959590,0.082285,-0.018283,1.216382,0
3,34.6922,0.25,0.180838,0.069162,1417.743,1416.360,1142,0,1783737228.177376032,0.959590,0.082285,-0.018283,1.216382,0
3,34.6966,0.25,0.186953,0.063047,1417.743,1416.482,1143,1,1783737228.277923584,0.980175,0.078982,-0.018413,1.236746,0
3,34.7076,0.25,0.186953,0.063047,1417.743,1416.482,1142,0,1783737228.277923584,0.980175,0.078982,-0.018413,1.236746,0
3,34.7287,0.25,0.186953,0.063047,1417.743,1416.482,1142,0,1783737228.277923584,0.980175,0.078982,-0.018413,1.236746,0
3,34.7498,0.25,0.186953,0.063047,1417.743,1416.482,1143,0,1783737228.277923584,0.980175,0.078982,-0.018413,1.236746,0
3,34.7708,0.25,0.186953,0.063047,1417.743,1416.482,1142,0,1783737228.277923584,0.980175,0.078982,-0.018413,1.236746,0
3,34.7918,0.25,0.186953,0.063047,1417.743,1416.482,1142,0,1783737228.277923584,0.980175,0.078982,-0.018413,1.236746,0
3,34.7945,0.25,0.189920,0.060080,1417.743,1416.542,1143,1,1783737228.378285170,1.000064,0.075365,-0.019000,1.256416,0
3,34.8061,0.25,0.189920,0.060080,1417.743,1416.542,1142,0,1783737228.378285170,1.000064,0.075365,-0.019000,1.256416,0
3,34.8272,0.25,0.189920,0.060080,1417.743,1416.542,1142,0,1783737228.378285170,1.000064,0.075365,-0.019000,1.256416,0
3,34.8482,0.25,0.189920,0.060080,1417.743,1416.542,1143,0,1783737228.378285170,1.000064,0.075365,-0.019000,1.256416,0
3,34.8691,0.25,0.189920,0.060080,1417.743,1416.542,1142,0,1783737228.378285170,1.000064,0.075365,-0.019000,1.256416,0
3,34.8901,0.25,0.189920,0.060080,1417.743,1416.542,1143,0,1783737228.378285170,1.000064,0.075365,-0.019000,1.256416,0
3,34.8950,0.25,0.196978,0.053022,1417.743,1416.683,1142,1,1783737228.476587296,1.021548,0.076866,-0.022263,1.277948,0
3,34.9142,0.25,0.196978,0.053022,1417.743,1416.683,1142,0,1783737228.476587296,1.021548,0.076866,-0.022263,1.277948,0
3,34.9353,0.25,0.196978,0.053022,1417.743,1416.683,1143,0,1783737228.476587296,1.021548,0.076866,-0.022263,1.277948,0
3,34.9562,0.25,0.196978,0.053022,1417.743,1416.683,1142,0,1783737228.476587296,1.021548,0.076866,-0.022263,1.277948,0
3,34.9773,0.25,0.196978,0.053022,1417.743,1416.683,1143,0,1783737228.476587296,1.021548,0.076866,-0.022263,1.277948,0
3,34.9953,0.25,0.201130,0.048870,1417.743,1416.766,1142,1,1783737228.577079296,1.043022,0.077042,-0.024779,1.299404,0
3,35.0067,0.25,0.201130,0.048870,1417.743,1416.766,1143,0,1783737228.577079296,1.043022,0.077042,-0.024779,1.299404,0
3,35.0279,0.25,0.201130,0.048870,1417.743,1416.766,1143,0,1783737228.577079296,1.043022,0.077042,-0.024779,1.299404,0
3,35.0488,0.25,0.201130,0.048870,1417.743,1416.766,1142,0,1783737228.577079296,1.043022,0.077042,-0.024779,1.299404,0
3,35.0697,0.25,0.201130,0.048870,1417.743,1416.766,1143,0,1783737228.577079296,1.043022,0.077042,-0.024779,1.299404,0
3,35.0906,0.25,0.201130,0.048870,1417.743,1416.766,1142,0,1783737228.577079296,1.043022,0.077042,-0.024779,1.299404,0
3,35.0937,0.25,0.203523,0.046477,1417.743,1416.814,1143,1,1783737228.677521944,1.064162,0.075822,-0.025103,1.320456,0
3,35.1140,0.25,0.203523,0.046477,1417.743,1416.814,1142,0,1783737228.677521944,1.064162,0.075822,-0.025103,1.320456,0
3,35.1352,0.25,0.203523,0.046477,1417.743,1416.814,1143,0,1783737228.677521944,1.064162,0.075822,-0.025103,1.320456,0
3,35.1564,0.25,0.203523,0.046477,1417.743,1416.814,1143,0,1783737228.677521944,1.064162,0.075822,-0.025103,1.320456,0
3,35.1775,0.25,0.203523,0.046477,1417.743,1416.814,1142,0,1783737228.677521944,1.064162,0.075822,-0.025103,1.320456,0
3,35.1947,0.25,0.207350,0.042650,1417.743,1416.890,1143,1,1783737228.775833845,1.085643,0.074216,-0.024028,1.341836,0
3,35.2028,0.25,0.207350,0.042650,1417.743,1416.890,1143,0,1783737228.775833845,1.085643,0.074216,-0.024028,1.341836,0
4,38.3097,-0.25,-0.024726,-0.225274,1593.502,1593.502,1285,0,1783737231.874412775,1.111761,0.073072,-0.030072,0.011670,0
4,38.3307,-0.25,-0.024726,-0.225274,1593.502,1593.502,1285,0,1783737231.874412775,1.111761,0.073072,-0.030072,0.011670,0
4,38.3517,-0.25,-0.024726,-0.225274,1593.502,1593.502,1285,0,1783737231.874412775,1.111761,0.073072,-0.030072,0.011670,0
4,38.3727,-0.25,-0.024726,-0.225274,1593.502,1593.502,1285,0,1783737231.874412775,1.111761,0.073072,-0.030072,0.011670,0
4,38.3907,-0.25,-0.032944,-0.217056,1593.502,1596.000,1287,1,1783737231.972379446,1.106176,0.075239,-0.027539,0.017656,0
4,38.4022,-0.25,-0.032944,-0.217056,1593.502,1596.000,1288,0,1783737231.972379446,1.106176,0.075239,-0.027539,0.017656,0
4,38.4232,-0.25,-0.032944,-0.217056,1593.502,1596.000,1287,0,1783737231.972379446,1.106176,0.075239,-0.027539,0.017656,0
4,38.4443,-0.25,-0.032944,-0.217056,1593.502,1596.000,1287,0,1783737231.972379446,1.106176,0.075239,-0.027539,0.017656,0
4,38.4652,-0.25,-0.032944,-0.217056,1593.502,1596.000,1287,0,1783737231.972379446,1.106176,0.075239,-0.027539,0.017656,0
4,38.4862,-0.25,-0.032944,-0.217056,1593.502,1596.000,1287,0,1783737231.972379446,1.106176,0.075239,-0.027539,0.017656,0
4,38.4913,-0.25,-0.044947,-0.205053,1593.502,1596.000,1287,1,1783737232.072805405,1.097961,0.071867,-0.024292,0.024995,0
4,38.5092,-0.25,-0.044947,-0.205053,1593.502,1596.000,1287,0,1783737232.072805405,1.097961,0.071867,-0.024292,0.024995,0
4,38.5301,-0.25,-0.044947,-0.205053,1593.502,1596.000,1287,0,1783737232.072805405,1.097961,0.071867,-0.024292,0.024995,0
4,38.5510,-0.25,-0.044947,-0.205053,1593.502,1596.000,1287,0,1783737232.072805405,1.097961,0.071867,-0.024292,0.024995,0
4,38.5719,-0.25,-0.044947,-0.205053,1593.502,1596.000,1287,0,1783737232.072805405,1.097961,0.071867,-0.024292,0.024995,0
4,38.5896,-0.25,-0.055104,-0.194896,1593.502,1596.000,1287,1,1783737232.173370600,1.089357,0.072043,-0.022768,0.033581,0
4,38.6008,-0.25,-0.055104,-0.194896,1593.502,1596.000,1288,0,1783737232.173370600,1.089357,0.072043,-0.022768,0.033581,0
4,38.6218,-0.25,-0.055104,-0.194896,1593.502,1596.000,1287,0,1783737232.173370600,1.089357,0.072043,-0.022768,0.033581,0
4,38.6428,-0.25,-0.055104,-0.194896,1593.502,1596.000,1287,0,1783737232.173370600,1.089357,0.072043,-0.022768,0.033581,0
4,38.6637,-0.25,-0.055104,-0.194896,1593.502,1596.000,1287,0,1783737232.173370600,1.089357,0.072043,-0.022768,0.033581,0
4,38.6846,-0.25,-0.055104,-0.194896,1593.502,1596.000,1287,0,1783737232.173370600,1.089357,0.072043,-0.022768,0.033581,0
4,38.6899,-0.25,-0.062570,-0.187430,1593.502,1596.000,1287,1,1783737232.271569490,1.081053,0.073983,-0.021571,0.042032,0
4,38.6994,-0.25,-0.062570,-0.187430,1593.502,1596.000,1287,0,1783737232.271569490,1.081053,0.073983,-0.021571,0.042032,0
4,38.7204,-0.25,-0.062570,-0.187430,1593.502,1596.000,1287,0,1783737232.271569490,1.081053,0.073983,-0.021571,0.042032,0
4,38.7413,-0.25,-0.062570,-0.187430,1593.502,1596.000,1287,0,1783737232.271569490,1.081053,0.073983,-0.021571,0.042032,0
4,38.7622,-0.25,-0.062570,-0.187430,1593.502,1596.000,1287,0,1783737232.271569490,1.081053,0.073983,-0.021571,0.042032,0
4,38.7830,-0.25,-0.062570,-0.187430,1593.502,1596.000,1288,0,1783737232.271569490,1.081053,0.073983,-0.021571,0.042032,0
4,38.7879,-0.25,-0.071625,-0.178375,1593.502,1596.000,1287,1,1783737232.372066975,1.071101,0.072870,-0.019644,0.051849,0
4,38.8045,-0.25,-0.071625,-0.178375,1593.502,1596.000,1287,0,1783737232.372066975,1.071101,0.072870,-0.019644,0.051849,0
4,38.8256,-0.25,-0.071625,-0.178375,1593.502,1596.000,1287,0,1783737232.372066975,1.071101,0.072870,-0.019644,0.051849,0
4,38.8466,-0.25,-0.071625,-0.178375,1593.502,1596.000,1287,0,1783737232.372066975,1.071101,0.072870,-0.019644,0.051849,0
4,38.8676,-0.25,-0.071625,-0.178375,1593.502,1596.000,1287,0,1783737232.372066975,1.071101,0.072870,-0.019644,0.051849,0
4,38.8885,-0.25,-0.064835,-0.185165,1593.502,1596.000,1287,1,1783737232.470037699,1.066784,0.074727,-0.021512,0.056303,0
4,38.9017,-0.25,-0.064835,-0.185165,1593.502,1596.000,1287,0,1783737232.470037699,1.066784,0.074727,-0.021512,0.056303,0
4,38.9227,-0.25,-0.064835,-0.185165,1593.502,1596.000,1287,0,1783737232.470037699,1.066784,0.074727,-0.021512,0.056303,0
4,38.9436,-0.25,-0.064835,-0.185165,1593.502,1596.000,1287,0,1783737232.470037699,1.066784,0.074727,-0.021512,0.056303,0
4,38.9645,-0.25,-0.064835,-0.185165,1593.502,1596.000,1288,0,1783737232.470037699,1.066784,0.074727,-0.021512,0.056303,0
4,38.9853,-0.25,-0.064835,-0.185165,1593.502,1596.000,1287,0,1783737232.470037699,1.066784,0.074727,-0.021512,0.056303,0
4,38.9893,-0.25,-0.057534,-0.192466,1593.502,1596.000,1287,1,1783737232.570484400,1.063190,0.074023,-0.020563,0.059823,0
4,39.0048,-0.25,-0.057534,-0.192466,1593.502,1596.000,1287,0,1783737232.570484400,1.063190,0.074023,-0.020563,0.059823,0
4,39.0258,-0.25,-0.057534,-0.192466,1593.502,1596.000,1287,0,1783737232.570484400,1.063190,0.074023,-0.020563,0.059823,0
4,39.0467,-0.25,-0.057534,-0.192466,1593.502,1596.000,1287,0,1783737232.570484400,1.063190,0.074023,-0.020563,0.059823,0
4,39.0676,-0.25,-0.057534,-0.192466,1593.502,1596.000,1287,0,1783737232.570484400,1.063190,0.074023,-0.020563,0.059823,0
4,39.0885,-0.25,-0.057534,-0.192466,1593.502,1596.000,1287,0,1783737232.570484400,1.063190,0.074023,-0.020563,0.059823,0
4,39.0903,-0.25,-0.052034,-0.197966,1593.502,1596.000,1287,1,1783737232.671353579,1.059643,0.076038,-0.018974,0.063539,0
4,39.1068,-0.25,-0.052034,-0.197966,1593.502,1596.000,1287,0,1783737232.671353579,1.059643,0.076038,-0.018974,0.063539,0
4,39.1279,-0.25,-0.052034,-0.197966,1593.502,1596.000,1287,0,1783737232.671353579,1.059643,0.076038,-0.018974,0.063539,0
4,39.1490,-0.25,-0.052034,-0.197966,1593.502,1596.000,1288,0,1783737232.671353579,1.059643,0.076038,-0.018974,0.063539,0
4,39.1702,-0.25,-0.052034,-0.197966,1593.502,1596.000,1287,0,1783737232.671353579,1.059643,0.076038,-0.018974,0.063539,0
4,39.1905,-0.25,-0.048819,-0.201181,1593.502,1596.000,1287,1,1783737232.771867275,1.055692,0.075339,-0.018163,0.067404,0
4,39.1987,-0.25,-0.048819,-0.201181,1593.502,1596.000,1287,0,1783737232.771867275,1.055692,0.075339,-0.018163,0.067404,0
4,39.2197,-0.25,-0.048819,-0.201181,1593.502,1596.000,1287,0,1783737232.771867275,1.055692,0.075339,-0.018163,0.067404,0
4,39.2406,-0.25,-0.048819,-0.201181,1593.502,1596.000,1287,0,1783737232.771867275,1.055692,0.075339,-0.018163,0.067404,0
4,39.2615,-0.25,-0.048819,-0.201181,1593.502,1596.000,1287,0,1783737232.771867275,1.055692,0.075339,-0.018163,0.067404,0
4,39.2823,-0.25,-0.048819,-0.201181,1593.502,1596.000,1287,0,1783737232.771867275,1.055692,0.075339,-0.018163,0.067404,0
4,39.2907,-0.25,-0.045521,-0.204479,1593.502,1596.000,1287,1,1783737232.872341394,1.052069,0.073107,-0.019254,0.070861,0
4,39.3020,-0.25,-0.045521,-0.204479,1593.502,1596.000,1287,0,1783737232.872341394,1.052069,0.073107,-0.019254,0.070861,0
4,39.3230,-0.25,-0.045521,-0.204479,1593.502,1596.000,1288,0,1783737232.872341394,1.052069,0.073107,-0.019254,0.070861,0
4,39.3439,-0.25,-0.045521,-0.204479,1593.502,1596.000,1287,0,1783737232.872341394,1.052069,0.073107,-0.019254,0.070861,0
4,39.3648,-0.25,-0.045521,-0.204479,1593.502,1596.000,1287,0,1783737232.872341394,1.052069,0.073107,-0.019254,0.070861,0
4,39.3858,-0.25,-0.045521,-0.204479,1593.502,1596.000,1287,0,1783737232.872341394,1.052069,0.073107,-0.019254,0.070861,0
4,39.3912,-0.25,-0.042248,-0.207752,1593.502,1596.000,1287,1,1783737232.972896099,1.048812,0.073340,-0.019623,0.074126,0
4,39.4039,-0.25,-0.042248,-0.207752,1593.502,1596.000,1287,0,1783737232.972896099,1.048812,0.073340,-0.019623,0.074126,0
4,39.4249,-0.25,-0.042248,-0.207752,1593.502,1596.000,1287,0,1783737232.972896099,1.048812,0.073340,-0.019623,0.074126,0
4,39.4458,-0.25,-0.042248,-0.207752,1593.502,1596.000,1287,0,1783737232.972896099,1.048812,0.073340,-0.019623,0.074126,0
4,39.4667,-0.25,-0.042248,-0.207752,1593.502,1596.000,1287,0,1783737232.972896099,1.048812,0.073340,-0.019623,0.074126,0
4,39.4876,-0.25,-0.042248,-0.207752,1593.502,1596.000,1287,0,1783737232.972896099,1.048812,0.073340,-0.019623,0.074126,0
4,39.4918,-0.25,-0.036968,-0.213032,1593.502,1596.000,1288,1,1783737233.073258400,1.046698,0.073750,-0.017609,0.076259,0
4,39.5112,-0.25,-0.036968,-0.213032,1593.502,1596.000,1287,0,1783737233.073258400,1.046698,0.073750,-0.017609,0.076259,0
4,39.5322,-0.25,-0.036968,-0.213032,1593.502,1596.000,1287,0,1783737233.073258400,1.046698,0.073750,-0.017609,0.076259,0
4,39.5531,-0.25,-0.036968,-0.213032,1593.502,1596.000,1287,0,1783737233.073258400,1.046698,0.073750,-0.017609,0.076259,0
4,39.5740,-0.25,-0.036968,-0.213032,1593.502,1596.000,1287,0,1783737233.073258400,1.046698,0.073750,-0.017609,0.076259,0
4,39.5924,-0.25,-0.042423,-0.207577,1593.502,1596.000,1287,1,1783737233.173924446,1.040740,0.071480,-0.017503,0.082119,0
4,39.6027,-0.25,-0.042423,-0.207577,1593.502,1596.000,1287,0,1783737233.173924446,1.040740,0.071480,-0.017503,0.082119,0
4,39.6237,-0.25,-0.042423,-0.207577,1593.502,1596.000,1287,0,1783737233.173924446,1.040740,0.071480,-0.017503,0.082119,0
4,39.6447,-0.25,-0.042423,-0.207577,1593.502,1596.000,1287,0,1783737233.173924446,1.040740,0.071480,-0.017503,0.082119,0
4,39.6656,-0.25,-0.042423,-0.207577,1593.502,1596.000,1287,0,1783737233.173924446,1.040740,0.071480,-0.017503,0.082119,0
4,39.6864,-0.25,-0.042423,-0.207577,1593.502,1596.000,1287,0,1783737233.173924446,1.040740,0.071480,-0.017503,0.082119,0
4,39.6928,-0.25,-0.052640,-0.197360,1593.502,1596.000,1288,1,1783737233.274438858,1.032380,0.072276,-0.017343,0.090498,0
4,39.7035,-0.25,-0.052640,-0.197360,1593.502,1596.000,1287,0,1783737233.274438858,1.032380,0.072276,-0.017343,0.090498,0
4,39.7245,-0.25,-0.052640,-0.197360,1593.502,1596.000,1287,0,1783737233.274438858,1.032380,0.072276,-0.017343,0.090498,0
4,39.7454,-0.25,-0.052640,-0.197360,1593.502,1596.000,1287,0,1783737233.274438858,1.032380,0.072276,-0.017343,0.090498,0
4,39.7663,-0.25,-0.052640,-0.197360,1593.502,1596.000,1287,0,1783737233.274438858,1.032380,0.072276,-0.017343,0.090498,0
4,39.7871,-0.25,-0.052640,-0.197360,1593.502,1596.000,1287,0,1783737233.274438858,1.032380,0.072276,-0.017343,0.090498,0
4,39.7911,-0.25,-0.055530,-0.194470,1593.502,1596.000,1287,1,1783737233.374925375,1.025943,0.073211,-0.015386,0.096965,0
4,39.8094,-0.25,-0.055530,-0.194470,1593.502,1596.000,1287,0,1783737233.374925375,1.025943,0.073211,-0.015386,0.096965,0
4,39.8304,-0.25,-0.055530,-0.194470,1593.502,1596.000,1287,0,1783737233.374925375,1.025943,0.073211,-0.015386,0.096965,0
4,39.8513,-0.25,-0.055530,-0.194470,1593.502,1596.000,1287,0,1783737233.374925375,1.025943,0.073211,-0.015386,0.096965,0
4,39.8724,-0.25,-0.055530,-0.194470,1593.502,1596.000,1288,0,1783737233.374925375,1.025943,0.073211,-0.015386,0.096965,0
4,39.8912,-0.25,-0.055771,-0.194229,1593.502,1596.000,1287,1,1783737233.473123074,1.020365,0.071274,-0.015039,0.102484,0
4,39.9038,-0.25,-0.055771,-0.194229,1593.502,1596.000,1287,0,1783737233.473123074,1.020365,0.071274,-0.015039,0.102484,0
4,39.9249,-0.25,-0.055771,-0.194229,1593.502,1596.000,1287,0,1783737233.473123074,1.020365,0.071274,-0.015039,0.102484,0
4,39.9458,-0.25,-0.055771,-0.194229,1593.502,1596.000,1287,0,1783737233.473123074,1.020365,0.071274,-0.015039,0.102484,0
4,39.9668,-0.25,-0.055771,-0.194229,1593.502,1596.000,1287,0,1783737233.473123074,1.020365,0.071274,-0.015039,0.102484,0
4,39.9877,-0.25,-0.055771,-0.194229,1593.502,1596.000,1287,0,1783737233.473123074,1.020365,0.071274,-0.015039,0.102484,0
4,39.9921,-0.25,-0.067446,-0.182554,1593.502,1596.000,1287,1,1783737233.573445797,1.010116,0.073608,-0.013558,0.112796,0
4,40.0074,-0.25,-0.067446,-0.182554,1593.502,1596.000,1287,0,1783737233.573445797,1.010116,0.073608,-0.013558,0.112796,0
4,40.0285,-0.25,-0.067446,-0.182554,1593.502,1596.000,1287,0,1783737233.573445797,1.010116,0.073608,-0.013558,0.112796,0
4,40.0494,-0.25,-0.067446,-0.182554,1593.502,1596.000,1288,0,1783737233.573445797,1.010116,0.073608,-0.013558,0.112796,0
4,40.0703,-0.25,-0.067446,-0.182554,1593.502,1596.000,1287,0,1783737233.573445797,1.010116,0.073608,-0.013558,0.112796,0
4,40.0912,-0.25,-0.067446,-0.182554,1593.502,1596.000,1287,0,1783737233.573445797,1.010116,0.073608,-0.013558,0.112796,0
4,40.0930,-0.25,-0.074622,-0.175378,1593.502,1596.000,1287,1,1783737233.674138784,1.000441,0.074222,-0.011928,0.122487,0
4,40.1067,-0.25,-0.074622,-0.175378,1593.502,1596.000,1287,0,1783737233.674138784,1.000441,0.074222,-0.011928,0.122487,0
4,40.1278,-0.25,-0.074622,-0.175378,1593.502,1596.000,1287,0,1783737233.674138784,1.000441,0.074222,-0.011928,0.122487,0
4,40.1489,-0.25,-0.074622,-0.175378,1593.502,1596.000,1287,0,1783737233.674138784,1.000441,0.074222,-0.011928,0.122487,0
4,40.1700,-0.25,-0.074622,-0.175378,1593.502,1596.000,1287,0,1783737233.674138784,1.000441,0.074222,-0.011928,0.122487,0
4,40.1905,-0.25,-0.084105,-0.165895,1593.502,1595.990,1287,1,1783737233.774609804,0.989119,0.073000,-0.010264,0.133762,0
4,40.2006,-0.25,-0.084105,-0.165895,1593.502,1595.990,1287,0,1783737233.774609804,0.989119,0.073000,-0.010264,0.133762,0
4,40.2216,-0.25,-0.084105,-0.165895,1593.502,1595.990,1287,0,1783737233.774609804,0.989119,0.073000,-0.010264,0.133762,0
4,40.2424,-0.25,-0.084105,-0.165895,1593.502,1595.990,1288,0,1783737233.774609804,0.989119,0.073000,-0.010264,0.133762,0
4,40.2633,-0.25,-0.084105,-0.165895,1593.502,1595.990,1287,0,1783737233.774609804,0.989119,0.073000,-0.010264,0.133762,0
4,40.2842,-0.25,-0.084105,-0.165895,1593.502,1595.990,1287,0,1783737233.774609804,0.989119,0.073000,-0.010264,0.133762,0
4,40.2906,-0.25,-0.099254,-0.150746,1593.502,1595.763,1287,1,1783737233.872482300,0.974949,0.072112,-0.008250,0.147908,0
4,40.3086,-0.25,-0.099254,-0.150746,1593.502,1595.763,1287,0,1783737233.872482300,0.974949,0.072112,-0.008250,0.147908,0
4,40.3295,-0.25,-0.099254,-0.150746,1593.502,1595.763,1286,0,1783737233.872482300,0.974949,0.072112,-0.008250,0.147908,0
4,40.3504,-0.25,-0.099254,-0.150746,1593.502,1595.763,1287,0,1783737233.872482300,0.974949,0.072112,-0.008250,0.147908,0
4,40.3713,-0.25,-0.099254,-0.150746,1593.502,1595.763,1287,0,1783737233.872482300,0.974949,0.072112,-0.008250,0.147908,0
4,40.3887,-0.25,-0.100539,-0.149461,1593.502,1595.744,1287,1,1783737233.972697020,0.964499,0.073749,-0.007355,0.158393,0
4,40.3995,-0.25,-0.100539,-0.149461,1593.502,1595.744,1287,0,1783737233.972697020,0.964499,0.073749,-0.007355,0.158393,0
4,40.4205,-0.25,-0.100539,-0.149461,1593.502,1595.744,1287,0,1783737233.972697020,0.964499,0.073749,-0.007355,0.158393,0
4,40.4413,-0.25,-0.100539,-0.149461,1593.502,1595.744,1287,0,1783737233.972697020,0.964499,0.073749,-0.007355,0.158393,0
4,40.4622,-0.25,-0.100539,-0.149461,1593.502,1595.744,1287,0,1783737233.972697020,0.964499,0.073749,-0.007355,0.158393,0
4,40.4831,-0.25,-0.100539,-0.149461,1593.502,1595.744,1287,0,1783737233.972697020,0.964499,0.073749,-0.007355,0.158393,0
4,40.4895,-0.25,-0.110045,-0.139955,1593.502,1595.601,1286,1,1783737234.070800066,0.950901,0.072993,-0.005885,0.171969,0
4,40.5026,-0.25,-0.110045,-0.139955,1593.502,1595.601,1287,0,1783737234.070800066,0.950901,0.072993,-0.005885,0.171969,0
4,40.5236,-0.25,-0.110045,-0.139955,1593.502,1595.601,1287,0,1783737234.070800066,0.950901,0.072993,-0.005885,0.171969,0
4,40.5445,-0.25,-0.110045,-0.139955,1593.502,1595.601,1287,0,1783737234.070800066,0.950901,0.072993,-0.005885,0.171969,0
4,40.5653,-0.25,-0.110045,-0.139955,1593.502,1595.601,1286,0,1783737234.070800066,0.950901,0.072993,-0.005885,0.171969,0
4,40.5862,-0.25,-0.110045,-0.139955,1593.502,1595.601,1287,0,1783737234.070800066,0.950901,0.072993,-0.005885,0.171969,0
4,40.5900,-0.25,-0.110045,-0.139955,1593.502,1595.601,1287,0,1783737234.070800066,0.950901,0.072993,-0.005885,0.171969,0
4,40.6111,-0.25,-0.103215,-0.146785,1593.502,1595.704,1287,1,1783737234.171544790,0.942559,0.071848,-0.007130,0.180290,0
4,40.6123,-0.25,-0.103215,-0.146785,1593.502,1595.704,1287,0,1783737234.171544790,0.942559,0.071848,-0.007130,0.180290,0
4,40.6332,-0.25,-0.103215,-0.146785,1593.502,1595.704,1287,0,1783737234.171544790,0.942559,0.071848,-0.007130,0.180290,0
4,40.6541,-0.25,-0.103215,-0.146785,1593.502,1595.704,1286,0,1783737234.171544790,0.942559,0.071848,-0.007130,0.180290,0
4,40.6750,-0.25,-0.103215,-0.146785,1593.502,1595.704,1287,0,1783737234.171544790,0.942559,0.071848,-0.007130,0.180290,0
4,40.6880,-0.25,-0.124884,-0.125116,1593.502,1595.379,1287,1,1783737234.272084236,0.923466,0.071293,-0.001140,0.199375,0
4,40.7060,-0.25,-0.124884,-0.125116,1593.502,1595.379,1287,0,1783737234.272084236,0.923466,0.071293,-0.001140,0.199375,0
4,40.7270,-0.25,-0.124884,-0.125116,1593.502,1595.379,1286,0,1783737234.272084236,0.923466,0.071293,-0.001140,0.199375,0
4,40.7480,-0.25,-0.124884,-0.125116,1593.502,1595.379,1287,0,1783737234.272084236,0.923466,0.071293,-0.001140,0.199375,0
4,40.7688,-0.25,-0.124884,-0.125116,1593.502,1595.379,1286,0,1783737234.272084236,0.923466,0.071293,-0.001140,0.199375,0
4,40.7888,-0.25,-0.137473,-0.112527,1593.502,1595.190,1287,1,1783737234.370096922,0.906291,0.072521,-0.000229,0.216564,0
4,40.8048,-0.25,-0.137473,-0.112527,1593.502,1595.190,1286,0,1783737234.370096922,0.906291,0.072521,-0.000229,0.216564,0
4,40.8258,-0.25,-0.137473,-0.112527,1593.502,1595.190,1287,0,1783737234.370096922,0.906291,0.072521,-0.000229,0.216564,0
4,40.8469,-0.25,-0.137473,-0.112527,1593.502,1595.190,1286,0,1783737234.370096922,0.906291,0.072521,-0.000229,0.216564,0
4,40.8677,-0.25,-0.137473,-0.112527,1593.502,1595.190,1287,0,1783737234.370096922,0.906291,0.072521,-0.000229,0.216564,0
4,40.8891,-0.25,-0.151000,-0.099000,1593.502,1594.987,1286,1,1783737234.470670223,0.887025,0.070649,0.000956,0.235811,0
4,40.9057,-0.25,-0.151000,-0.099000,1593.502,1594.987,1286,0,1783737234.470670223,0.887025,0.070649,0.000956,0.235811,0
4,40.9267,-0.25,-0.151000,-0.099000,1593.502,1594.987,1286,0,1783737234.470670223,0.887025,0.070649,0.000956,0.235811,0
4,40.9476,-0.25,-0.151000,-0.099000,1593.502,1594.987,1287,0,1783737234.470670223,0.887025,0.070649,0.000956,0.235811,0
4,40.9684,-0.25,-0.151000,-0.099000,1593.502,1594.987,1286,0,1783737234.470670223,0.887025,0.070649,0.000956,0.235811,0
4,40.9870,-0.25,-0.163931,-0.086069,1593.502,1594.793,1286,1,1783737234.571165800,0.866655,0.069610,0.002642,0.256178,0
4,40.9977,-0.25,-0.163931,-0.086069,1593.502,1594.793,1286,0,1783737234.571165800,0.866655,0.069610,0.002642,0.256178,0
4,41.0187,-0.25,-0.163931,-0.086069,1593.502,1594.793,1286,0,1783737234.571165800,0.866655,0.069610,0.002642,0.256178,0
4,41.0396,-0.25,-0.163931,-0.086069,1593.502,1594.793,1286,0,1783737234.571165800,0.866655,0.069610,0.002642,0.256178,0
4,41.0605,-0.25,-0.163931,-0.086069,1593.502,1594.793,1287,0,1783737234.571165800,0.866655,0.069610,0.002642,0.256178,0
4,41.0813,-0.25,-0.163931,-0.086069,1593.502,1594.793,1286,0,1783737234.571165800,0.866655,0.069610,0.002642,0.256178,0
4,41.0877,-0.25,-0.180635,-0.069365,1593.502,1594.542,1286,1,1783737234.669091702,0.844064,0.068846,0.008130,0.278769,0
4,41.1071,-0.25,-0.180635,-0.069365,1593.502,1594.542,1285,0,1783737234.669091702,0.844064,0.068846,0.008130,0.278769,0
4,41.1280,-0.25,-0.180635,-0.069365,1593.502,1594.542,1286,0,1783737234.669091702,0.844064,0.068846,0.008130,0.278769,0
4,41.1490,-0.25,-0.180635,-0.069365,1593.502,1594.542,1286,0,1783737234.669091702,0.844064,0.068846,0.008130,0.278769,0
4,41.1701,-0.25,-0.180635,-0.069365,1593.502,1594.542,1286,0,1783737234.669091702,0.844064,0.068846,0.008130,0.278769,0
4,41.1883,-0.25,-0.193491,-0.056509,1593.502,1594.350,1286,1,1783737234.769790411,0.820719,0.066979,0.013174,0.302123,0
4,41.1974,-0.25,-0.193491,-0.056509,1593.502,1594.350,1286,0,1783737234.769790411,0.820719,0.066979,0.013174,0.302123,0
4,41.2187,-0.25,-0.193491,-0.056509,1593.502,1594.350,1286,0,1783737234.769790411,0.820719,0.066979,0.013174,0.302123,0
4,41.2397,-0.25,-0.193491,-0.056509,1593.502,1594.350,1285,0,1783737234.769790411,0.820719,0.066979,0.013174,0.302123,0
4,41.2606,-0.25,-0.193491,-0.056509,1593.502,1594.350,1286,0,1783737234.769790411,0.820719,0.066979,0.013174,0.302123,0
4,41.2815,-0.25,-0.193491,-0.056509,1593.502,1594.350,1286,0,1783737234.769790411,0.820719,0.066979,0.013174,0.302123,0
4,41.2888,-0.25,-0.210448,-0.039552,1593.502,1594.095,1285,1,1783737234.870267391,0.794467,0.066484,0.016491,0.328378,0
4,41.3000,-0.25,-0.210448,-0.039552,1593.502,1594.095,1286,0,1783737234.870267391,0.794467,0.066484,0.016491,0.328378,0
4,41.3210,-0.25,-0.210448,-0.039552,1593.502,1594.095,1286,0,1783737234.870267391,0.794467,0.066484,0.016491,0.328378,0
4,41.3420,-0.25,-0.210448,-0.039552,1593.502,1594.095,1285,0,1783737234.870267391,0.794467,0.066484,0.016491,0.328378,0
4,41.3629,-0.25,-0.210448,-0.039552,1593.502,1594.095,1286,0,1783737234.870267391,0.794467,0.066484,0.016491,0.328378,0
4,41.3838,-0.25,-0.210448,-0.039552,1593.502,1594.095,1285,0,1783737234.870267391,0.794467,0.066484,0.016491,0.328378,0
4,41.3863,-0.25,-0.210448,-0.039552,1593.502,1594.095,1286,0,1783737234.870267391,0.794467,0.066484,0.016491,0.328378,0
4,41.4075,-0.25,-0.215524,-0.034476,1593.502,1594.019,1285,1,1783737234.970876932,0.771222,0.067965,0.017280,0.351613,0
4,41.4086,-0.25,-0.215524,-0.034476,1593.502,1594.019,1286,0,1783737234.970876932,0.771222,0.067965,0.017280,0.351613,0
4,41.4295,-0.25,-0.215524,-0.034476,1593.502,1594.019,1285,0,1783737234.970876932,0.771222,0.067965,0.017280,0.351613,0
4,41.4504,-0.25,-0.215524,-0.034476,1593.502,1594.019,1286,0,1783737234.970876932,0.771222,0.067965,0.017280,0.351613,0
4,41.4713,-0.25,-0.215524,-0.034476,1593.502,1594.019,1285,0,1783737234.970876932,0.771222,0.067965,0.017280,0.351613,0
4,41.4874,-0.25,-0.213944,-0.036056,1593.502,1594.043,1286,1,1783737235.068360567,0.750886,0.064797,0.019466,0.371975,0
4,41.5046,-0.25,-0.213944,-0.036056,1593.502,1594.043,1285,0,1783737235.068360567,0.750886,0.064797,0.019466,0.371975,0
4,41.5256,-0.25,-0.213944,-0.036056,1593.502,1594.043,1286,0,1783737235.068360567,0.750886,0.064797,0.019466,0.371975,0
4,41.5465,-0.25,-0.213944,-0.036056,1593.502,1594.043,1285,0,1783737235.068360567,0.750886,0.064797,0.019466,0.371975,0
4,41.5674,-0.25,-0.213944,-0.036056,1593.502,1594.043,1286,0,1783737235.068360567,0.750886,0.064797,0.019466,0.371975,0
4,41.5880,-0.25,-0.217043,-0.032957,1593.502,1593.996,1285,1,1783737235.169480085,0.727999,0.064511,0.023491,0.394864,0
4,41.6009,-0.25,-0.217043,-0.032957,1593.502,1593.996,1286,0,1783737235.169480085,0.727999,0.064511,0.023491,0.394864,0
4,41.6219,-0.25,-0.217043,-0.032957,1593.502,1593.996,1285,0,1783737235.169480085,0.727999,0.064511,0.023491,0.394864,0
4,41.6429,-0.25,-0.217043,-0.032957,1593.502,1593.996,1286,0,1783737235.169480085,0.727999,0.064511,0.023491,0.394864,0
4,41.6637,-0.25,-0.217043,-0.032957,1593.502,1593.996,1285,0,1783737235.169480085,0.727999,0.064511,0.023491,0.394864,0
4,41.6846,-0.25,-0.217043,-0.032957,1593.502,1593.996,1286,0,1783737235.169480085,0.727999,0.064511,0.023491,0.394864,0
4,41.6884,-0.25,-0.216982,-0.033018,1593.502,1593.997,1285,1,1783737235.270043850,0.706168,0.065419,0.024202,0.416683,0
4,41.7071,-0.25,-0.216982,-0.033018,1593.502,1593.997,1286,0,1783737235.270043850,0.706168,0.065419,0.024202,0.416683,0
4,41.7281,-0.25,-0.216982,-0.033018,1593.502,1593.997,1285,0,1783737235.270043850,0.706168,0.065419,0.024202,0.416683,0
4,41.7490,-0.25,-0.216982,-0.033018,1593.502,1593.997,1286,0,1783737235.270043850,0.706168,0.065419,0.024202,0.416683,0
4,41.7699,-0.25,-0.216982,-0.033018,1593.502,1593.997,1285,0,1783737235.270043850,0.706168,0.065419,0.024202,0.416683,0
4,41.7888,-0.25,-0.214208,-0.035792,1593.502,1594.039,1286,1,1783737235.370461941,0.685566,0.062410,0.026271,0.437322,0
4,41.8085,-0.25,-0.214208,-0.035792,1593.502,1594.039,1285,0,1783737235.370461941,0.685566,0.062410,0.026271,0.437322,0
4,41.8295,-0.25,-0.214208,-0.035792,1593.502,1594.039,1286,0,1783737235.370461941,0.685566,0.062410,0.026271,0.437322,0
4,41.8505,-0.25,-0.214208,-0.035792,1593.502,1594.039,1285,0,1783737235.370461941,0.685566,0.062410,0.026271,0.437322,0
4,41.8715,-0.25,-0.214208,-0.035792,1593.502,1594.039,1286,0,1783737235.370461941,0.685566,0.062410,0.026271,0.437322,0
4,41.8894,-0.25,-0.222093,-0.027907,1593.502,1593.921,1285,1,1783737235.470938921,0.660924,0.060385,0.030678,0.461996,0
4,41.9003,-0.25,-0.222093,-0.027907,1593.502,1593.921,1286,0,1783737235.470938921,0.660924,0.060385,0.030678,0.461996,0
4,41.9213,-0.25,-0.222093,-0.027907,1593.502,1593.921,1285,0,1783737235.470938921,0.660924,0.060385,0.030678,0.461996,0
4,41.9422,-0.25,-0.222093,-0.027907,1593.502,1593.921,1285,0,1783737235.470938921,0.660924,0.060385,0.030678,0.461996,0
4,41.9632,-0.25,-0.222093,-0.027907,1593.502,1593.921,1286,0,1783737235.470938921,0.660924,0.060385,0.030678,0.461996,0
4,41.9842,-0.25,-0.222093,-0.027907,1593.502,1593.921,1285,0,1783737235.470938921,0.660924,0.060385,0.030678,0.461996,0
4,41.9898,-0.25,-0.264650,0.014650,1593.502,1593.282,1285,1,1783737235.571470261,0.621510,0.058919,0.031303,0.501431,0
4,42.0081,-0.25,-0.264650,0.014650,1593.502,1593.282,1285,0,1783737235.571470261,0.621510,0.058919,0.031303,0.501431,0
4,42.0291,-0.25,-0.264650,0.014650,1593.502,1593.282,1285,0,1783737235.571470261,0.621510,0.058919,0.031303,0.501431,0
4,42.0501,-0.25,-0.264650,0.014650,1593.502,1593.282,1285,0,1783737235.571470261,0.621510,0.058919,0.031303,0.501431,0
4,42.0710,-0.25,-0.264650,0.014650,1593.502,1593.282,1285,0,1783737235.571470261,0.621510,0.058919,0.031303,0.501431,0
4,42.0907,-0.25,-0.285024,0.035024,1593.502,1592.901,1284,1,1783737235.671946287,0.586747,0.057855,0.033892,0.536210,1
4,42.1090,-0.25,-0.285024,0.035024,1593.502,1592.901,1285,0,1783737235.671946287,0.586747,0.057855,0.033892,0.536210,1
4,42.1300,-0.25,-0.285024,0.035024,1593.502,1592.901,1285,0,1783737235.671946287,0.586747,0.057855,0.033892,0.536210,1
4,42.1509,-0.25,-0.285024,0.035024,1593.502,1592.901,1284,0,1783737235.671946287,0.586747,0.057855,0.033892,0.536210,1
4,42.1718,-0.25,-0.285024,0.035024,1593.502,1592.901,1285,0,1783737235.671946287,0.586747,0.057855,0.033892,0.536210,1
4,42.1911,-0.25,-0.285402,0.035402,1593.502,1592.889,1284,1,1783737235.772661209,0.557943,0.055842,0.037312,0.565051,1
4,42.2031,-0.25,-0.285402,0.035402,1593.502,1592.889,1285,0,1783737235.772661209,0.557943,0.055842,0.037312,0.565051,1
4,42.2241,-0.25,-0.285402,0.035402,1593.502,1592.889,1285,0,1783737235.772661209,0.557943,0.055842,0.037312,0.565051,1
4,42.2451,-0.25,-0.285402,0.035402,1593.502,1592.889,1284,0,1783737235.772661209,0.557943,0.055842,0.037312,0.565051,1
4,42.2660,-0.25,-0.285402,0.035402,1593.502,1592.889,1285,0,1783737235.772661209,0.557943,0.055842,0.037312,0.565051,1
4,42.2869,-0.25,-0.285402,0.035402,1593.502,1592.889,1284,0,1783737235.772661209,0.557943,0.055842,0.037312,0.565051,1
4,42.2888,-0.25,-0.282082,0.032082,1593.502,1592.992,1285,1,1783737235.873215199,0.530613,0.054459,0.039069,0.592407,1
4,42.3044,-0.25,-0.282082,0.032082,1593.502,1592.992,1285,0,1783737235.873215199,0.530613,0.054459,0.039069,0.592407,1
4,42.3254,-0.25,-0.282082,0.032082,1593.502,1592.992,1284,0,1783737235.873215199,0.530613,0.054459,0.039069,0.592407,1
4,42.3464,-0.25,-0.282082,0.032082,1593.502,1592.992,1285,0,1783737235.873215199,0.530613,0.054459,0.039069,0.592407,1
4,42.3673,-0.25,-0.282082,0.032082,1593.502,1592.992,1285,0,1783737235.873215199,0.530613,0.054459,0.039069,0.592407,1
4,42.3890,-0.25,-0.282082,0.032082,1593.502,1592.992,1284,0,1783737235.873215199,0.530613,0.054459,0.039069,0.592407,1
4,42.3898,-0.25,-0.270205,0.020205,1593.502,1593.199,1285,1,1783737235.970769405,0.507648,0.055934,0.041905,0.615331,0
4,42.4098,-0.25,-0.270205,0.020205,1593.502,1593.199,1285,0,1783737235.970769405,0.507648,0.055934,0.041905,0.615331,0
4,42.4308,-0.25,-0.270205,0.020205,1593.502,1593.199,1285,0,1783737235.970769405,0.507648,0.055934,0.041905,0.615331,0
4,42.4517,-0.25,-0.270205,0.020205,1593.502,1593.199,1285,0,1783737235.970769405,0.507648,0.055934,0.041905,0.615331,0
4,42.4725,-0.25,-0.270205,0.020205,1593.502,1593.199,1285,0,1783737235.970769405,0.507648,0.055934,0.041905,0.615331,0
4,42.4900,-0.25,-0.245751,-0.004249,1593.502,1593.566,1285,1,1783737236.071164131,0.490659,0.048468,0.045006,0.632519,0
4,42.5090,-0.25,-0.245751,-0.004249,1593.502,1593.566,1285,0,1783737236.071164131,0.490659,0.048468,0.045006,0.632519,0
4,42.5301,-0.25,-0.245751,-0.004249,1593.502,1593.566,1285,0,1783737236.071164131,0.490659,0.048468,0.045006,0.632519,0
4,42.5510,-0.25,-0.245751,-0.004249,1593.502,1593.566,1285,0,1783737236.071164131,0.490659,0.048468,0.045006,0.632519,0
4,42.5719,-0.25,-0.245751,-0.004249,1593.502,1593.566,1285,0,1783737236.071164131,0.490659,0.048468,0.045006,0.632519,0
4,42.5905,-0.25,-0.218346,-0.031654,1593.502,1593.977,1286,1,1783737236.172056913,0.476798,0.050837,0.047181,0.646300,0
4,42.6068,-0.25,-0.218346,-0.031654,1593.502,1593.977,1285,0,1783737236.172056913,0.476798,0.050837,0.047181,0.646300,0
4,42.6278,-0.25,-0.218346,-0.031654,1593.502,1593.977,1286,0,1783737236.172056913,0.476798,0.050837,0.047181,0.646300,0
4,42.6488,-0.25,-0.218346,-0.031654,1593.502,1593.977,1285,0,1783737236.172056913,0.476798,0.050837,0.047181,0.646300,0
4,42.6697,-0.25,-0.218346,-0.031654,1593.502,1593.977,1286,0,1783737236.172056913,0.476798,0.050837,0.047181,0.646300,0
4,42.6884,-0.25,-0.200773,-0.049227,1593.502,1594.240,1285,1,1783737236.272567511,0.462094,0.046804,0.048173,0.661124,0
4,42.7025,-0.25,-0.200773,-0.049227,1593.502,1594.240,1286,0,1783737236.272567511,0.462094,0.046804,0.048173,0.661124,0
4,42.7235,-0.25,-0.200773,-0.049227,1593.502,1594.240,1286,0,1783737236.272567511,0.462094,0.046804,0.048173,0.661124,0
4,42.7445,-0.25,-0.200773,-0.049227,1593.502,1594.240,1285,0,1783737236.272567511,0.462094,0.046804,0.048173,0.661124,0
4,42.7654,-0.25,-0.200773,-0.049227,1593.502,1594.240,1286,0,1783737236.272567511,0.462094,0.046804,0.048173,0.661124,0
4,42.7862,-0.25,-0.200773,-0.049227,1593.502,1594.240,1286,0,1783737236.272567511,0.462094,0.046804,0.048173,0.661124,0
4,42.7889,-0.25,-0.183457,-0.066543,1593.502,1594.500,1285,1,1783737236.370431185,0.449051,0.050028,0.048783,0.674059,0
4,42.8032,-0.25,-0.183457,-0.066543,1593.502,1594.500,1286,0,1783737236.370431185,0.449051,0.050028,0.048783,0.674059,0
4,42.8241,-0.25,-0.183457,-0.066543,1593.502,1594.500,1286,0,1783737236.370431185,0.449051,0.050028,0.048783,0.674059,0
4,42.8451,-0.25,-0.183457,-0.066543,1593.502,1594.500,1286,0,1783737236.370431185,0.449051,0.050028,0.048783,0.674059,0
4,42.8660,-0.25,-0.183457,-0.066543,1593.502,1594.500,1286,0,1783737236.370431185,0.449051,0.050028,0.048783,0.674059,0
4,42.8869,-0.25,-0.183457,-0.066543,1593.502,1594.500,1286,0,1783737236.370431185,0.449051,0.050028,0.048783,0.674059,0
4,42.8893,-0.25,-0.169658,-0.080342,1593.502,1594.707,1286,1,1783737236.471080780,0.436208,0.048374,0.049058,0.686946,0
4,42.9039,-0.25,-0.169658,-0.080342,1593.502,1594.707,1286,0,1783737236.471080780,0.436208,0.048374,0.049058,0.686946,0
4,42.9249,-0.25,-0.169658,-0.080342,1593.502,1594.707,1286,0,1783737236.471080780,0.436208,0.048374,0.049058,0.686946,0
4,42.9458,-0.25,-0.169658,-0.080342,1593.502,1594.707,1286,0,1783737236.471080780,0.436208,0.048374,0.049058,0.686946,0
4,42.9667,-0.25,-0.169658,-0.080342,1593.502,1594.707,1286,0,1783737236.471080780,0.436208,0.048374,0.049058,0.686946,0
4,42.9875,-0.25,-0.170572,-0.079428,1593.502,1594.693,1286,1,1783737236.571476698,0.418767,0.048742,0.050454,0.704368,0
4,42.9995,-0.25,-0.170572,-0.079428,1593.502,1594.693,1286,0,1783737236.571476698,0.418767,0.048742,0.050454,0.704368,0
4,43.0205,-0.25,-0.170572,-0.079428,1593.502,1594.693,1286,0,1783737236.571476698,0.418767,0.048742,0.050454,0.704368,0
4,43.0415,-0.25,-0.170572,-0.079428,1593.502,1594.693,1286,0,1783737236.571476698,0.418767,0.048742,0.050454,0.704368,0
4,43.0624,-0.25,-0.170572,-0.079428,1593.502,1594.693,1286,0,1783737236.571476698,0.418767,0.048742,0.050454,0.704368,0
4,43.0833,-0.25,-0.170572,-0.079428,1593.502,1594.693,1286,0,1783737236.571476698,0.418767,0.048742,0.050454,0.704368,0
4,43.0881,-0.25,-0.179608,-0.070392,1593.502,1594.558,1286,1,1783737236.669538498,0.398458,0.048919,0.053165,0.724664,0
4,43.1013,-0.25,-0.179608,-0.070392,1593.502,1594.558,1286,0,1783737236.669538498,0.398458,0.048919,0.053165,0.724664,0
4,43.1223,-0.25,-0.179608,-0.070392,1593.502,1594.558,1286,0,1783737236.669538498,0.398458,0.048919,0.053165,0.724664,0
4,43.1432,-0.25,-0.179608,-0.070392,1593.502,1594.558,1286,0,1783737236.669538498,0.398458,0.048919,0.053165,0.724664,0
4,43.1640,-0.25,-0.179608,-0.070392,1593.502,1594.558,1286,0,1783737236.669538498,0.398458,0.048919,0.053165,0.724664,0
4,43.1849,-0.25,-0.179608,-0.070392,1593.502,1594.558,1286,0,1783737236.669538498,0.398458,0.048919,0.053165,0.724664,0
4,43.1869,-0.25,-0.192823,-0.057177,1593.502,1594.360,1286,1,1783737236.770119905,0.375172,0.046569,0.056974,0.748008,0
4,43.2021,-0.25,-0.192823,-0.057177,1593.502,1594.360,1286,0,1783737236.770119905,0.375172,0.046569,0.056974,0.748008,0
4,43.2232,-0.25,-0.192823,-0.057177,1593.502,1594.360,1285,0,1783737236.770119905,0.375172,0.046569,0.056974,0.748008,0
4,43.2443,-0.25,-0.192823,-0.057177,1593.502,1594.360,1286,0,1783737236.770119905,0.375172,0.046569,0.056974,0.748008,0
4,43.2654,-0.25,-0.192823,-0.057177,1593.502,1594.360,1286,0,1783737236.770119905,0.375172,0.046569,0.056974,0.748008,0
4,43.2867,-0.25,-0.216370,-0.033630,1593.502,1594.006,1285,1,1783737236.868334532,0.347061,0.044441,0.061543,0.776172,0
4,43.2986,-0.25,-0.216370,-0.033630,1593.502,1594.006,1286,0,1783737236.868334532,0.347061,0.044441,0.061543,0.776172,0
4,43.3197,-0.25,-0.216370,-0.033630,1593.502,1594.006,1285,0,1783737236.868334532,0.347061,0.044441,0.061543,0.776172,0
4,43.3407,-0.25,-0.216370,-0.033630,1593.502,1594.006,1286,0,1783737236.868334532,0.347061,0.044441,0.061543,0.776172,0
4,43.3616,-0.25,-0.216370,-0.033630,1593.502,1594.006,1285,0,1783737236.868334532,0.347061,0.044441,0.061543,0.776172,0
4,43.3824,-0.25,-0.216370,-0.033630,1593.502,1594.006,1286,0,1783737236.868334532,0.347061,0.044441,0.061543,0.776172,0
4,43.3873,-0.25,-0.216370,-0.033630,1593.502,1594.006,1285,0,1783737236.868334532,0.347061,0.044441,0.061543,0.776172,0
4,43.4094,-0.25,-0.251014,0.001014,1593.502,1593.487,1285,1,1783737236.968844175,0.311338,0.044045,0.063568,0.811889,0
4,43.4105,-0.25,-0.251014,0.001014,1593.502,1593.487,1285,0,1783737236.968844175,0.311338,0.044045,0.063568,0.811889,0
4,43.4314,-0.25,-0.251014,0.001014,1593.502,1593.487,1286,0,1783737236.968844175,0.311338,0.044045,0.063568,0.811889,0
4,43.4523,-0.25,-0.251014,0.001014,1593.502,1593.487,1285,0,1783737236.968844175,0.311338,0.044045,0.063568,0.811889,0
4,43.4732,-0.25,-0.251014,0.001014,1593.502,1593.487,1285,0,1783737236.968844175,0.311338,0.044045,0.063568,0.811889,0
4,43.4877,-0.25,-0.250436,0.000436,1593.502,1593.495,1285,1,1783737237.069272041,0.286603,0.039657,0.067962,0.836758,0
4,43.5086,-0.25,-0.250436,0.000436,1593.502,1593.495,1285,0,1783737237.069272041,0.286603,0.039657,0.067962,0.836758,0
4,43.5295,-0.25,-0.250436,0.000436,1593.502,1593.495,1285,0,1783737237.069272041,0.286603,0.039657,0.067962,0.836758,0
4,43.5504,-0.25,-0.250436,0.000436,1593.502,1593.495,1285,0,1783737237.069272041,0.286603,0.039657,0.067962,0.836758,0
4,43.5712,-0.25,-0.250436,0.000436,1593.502,1593.495,1285,0,1783737237.069272041,0.286603,0.039657,0.067962,0.836758,0
4,43.5858,-0.25,-0.259132,0.009132,1593.502,1593.365,1285,1,1783737237.169710636,0.258142,0.036124,0.076054,0.865330,0
4,43.6042,-0.25,-0.259132,0.009132,1593.502,1593.365,1285,0,1783737237.169710636,0.258142,0.036124,0.076054,0.865330,0
4,43.6253,-0.25,-0.259132,0.009132,1593.502,1593.365,1285,0,1783737237.169710636,0.258142,0.036124,0.076054,0.865330,0
4,43.6463,-0.25,-0.259132,0.009132,1593.502,1593.365,1285,0,1783737237.169710636,0.258142,0.036124,0.076054,0.865330,0
4,43.6672,-0.25,-0.259132,0.009132,1593.502,1593.365,1285,0,1783737237.169710636,0.258142,0.036124,0.076054,0.865330,0
4,43.6862,-0.25,-0.259132,0.009132,1593.502,1593.365,1285,0,1783737237.169710636,0.258142,0.036124,0.076054,0.865330,0
4,43.7075,-0.25,-0.265990,0.015990,1593.502,1593.262,1285,1,1783737237.267940521,0.229909,0.036068,0.078730,0.893544,0
4,43.7110,-0.25,-0.265990,0.015990,1593.502,1593.262,1285,0,1783737237.267940521,0.229909,0.036068,0.078730,0.893544,0
4,43.7319,-0.25,-0.265990,0.015990,1593.502,1593.262,1285,0,1783737237.267940521,0.229909,0.036068,0.078730,0.893544,0
4,43.7528,-0.25,-0.265990,0.015990,1593.502,1593.262,1284,0,1783737237.267940521,0.229909,0.036068,0.078730,0.893544,0
4,43.7737,-0.25,-0.265990,0.015990,1593.502,1593.262,1285,0,1783737237.267940521,0.229909,0.036068,0.078730,0.893544,0
4,43.7868,-0.25,-0.249887,-0.000113,1593.502,1593.504,1285,1,1783737237.368318558,0.209842,0.033222,0.082706,0.913706,0
4,43.8074,-0.25,-0.249887,-0.000113,1593.502,1593.504,1285,0,1783737237.368318558,0.209842,0.033222,0.082706,0.913706,0
4,43.8284,-0.25,-0.249887,-0.000113,1593.502,1593.504,1286,0,1783737237.368318558,0.209842,0.033222,0.082706,0.913706,0
4,43.8493,-0.25,-0.249887,-0.000113,1593.502,1593.504,1285,0,1783737237.368318558,0.209842,0.033222,0.082706,0.913706,0
4,43.8703,-0.25,-0.249887,-0.000113,1593.502,1593.504,1285,0,1783737237.368318558,0.209842,0.033222,0.082706,0.913706,0
4,43.8845,-0.25,-0.243060,-0.006940,1593.502,1593.606,1285,1,1783737237.468871355,0.187672,0.029814,0.086402,0.935997,0
4,43.8976,-0.25,-0.243060,-0.006940,1593.502,1593.606,1285,0,1783737237.468871355,0.187672,0.029814,0.086402,0.935997,0
4,43.9186,-0.25,-0.243060,-0.006940,1593.502,1593.606,1285,0,1783737237.468871355,0.187672,0.029814,0.086402,0.935997,0
4,43.9394,-0.25,-0.243060,-0.006940,1593.502,1593.606,1285,0,1783737237.468871355,0.187672,0.029814,0.086402,0.935997,0
4,43.9603,-0.25,-0.243060,-0.006940,1593.502,1593.606,1286,0,1783737237.468871355,0.187672,0.029814,0.086402,0.935997,0
4,43.9812,-0.25,-0.243060,-0.006940,1593.502,1593.606,1285,0,1783737237.468871355,0.187672,0.029814,0.086402,0.935997,0
4,43.9851,-0.25,-0.233515,-0.016485,1593.502,1593.749,1285,1,1783737237.566623926,0.167770,0.027520,0.089167,0.955979,0
4,44.0000,-0.25,-0.233515,-0.016485,1593.502,1593.749,1285,0,1783737237.566623926,0.167770,0.027520,0.089167,0.955979,0
4,44.0211,-0.25,-0.233515,-0.016485,1593.502,1593.749,1286,0,1783737237.566623926,0.167770,0.027520,0.089167,0.955979,0
4,44.0420,-0.25,-0.233515,-0.016485,1593.502,1593.749,1285,0,1783737237.566623926,0.167770,0.027520,0.089167,0.955979,0
4,44.0629,-0.25,-0.233515,-0.016485,1593.502,1593.749,1285,0,1783737237.566623926,0.167770,0.027520,0.089167,0.955979,0
4,44.0838,-0.25,-0.233515,-0.016485,1593.502,1593.749,1285,0,1783737237.566623926,0.167770,0.027520,0.089167,0.955979,0
4,44.0858,-0.25,-0.216429,-0.033571,1593.502,1594.006,1286,1,1783737237.667144537,0.151282,0.025498,0.090670,0.972541,0
4,44.0944,-0.25,-0.216429,-0.033571,1593.502,1594.006,1285,0,1783737237.667144537,0.151282,0.025498,0.090670,0.972541,0
4,44.1154,-0.25,-0.216429,-0.033571,1593.502,1594.006,1286,0,1783737237.667144537,0.151282,0.025498,0.090670,0.972541,0
4,44.1363,-0.25,-0.216429,-0.033571,1593.502,1594.006,1285,0,1783737237.667144537,0.151282,0.025498,0.090670,0.972541,0
4,44.1571,-0.25,-0.216429,-0.033571,1593.502,1594.006,1286,0,1783737237.667144537,0.151282,0.025498,0.090670,0.972541,0
4,44.1780,-0.25,-0.216429,-0.033571,1593.502,1594.006,1285,0,1783737237.667144537,0.151282,0.025498,0.090670,0.972541,0
4,44.1838,-0.25,-0.187044,-0.062956,1593.502,1594.446,1286,1,1783737237.767798185,0.141183,0.026638,0.090996,0.982579,0
4,44.1983,-0.25,-0.187044,-0.062956,1593.502,1594.446,1286,0,1783737237.767798185,0.141183,0.026638,0.090996,0.982579,0
4,44.2193,-0.25,-0.187044,-0.062956,1593.502,1594.446,1286,0,1783737237.767798185,0.141183,0.026638,0.090996,0.982579,0
4,44.2402,-0.25,-0.187044,-0.062956,1593.502,1594.446,1286,0,1783737237.767798185,0.141183,0.026638,0.090996,0.982579,0
4,44.2611,-0.25,-0.187044,-0.062956,1593.502,1594.446,1286,0,1783737237.767798185,0.141183,0.026638,0.090996,0.982579,0
4,44.2819,-0.25,-0.187044,-0.062956,1593.502,1594.446,1285,0,1783737237.767798185,0.141183,0.026638,0.090996,0.982579,0
4,44.2843,-0.25,-0.168433,-0.081567,1593.502,1594.725,1286,1,1783737237.865897417,0.130328,0.024070,0.092466,0.993538,0
4,44.3040,-0.25,-0.168433,-0.081567,1593.502,1594.725,1287,0,1783737237.865897417,0.130328,0.024070,0.092466,0.993538,0
4,44.3250,-0.25,-0.168433,-0.081567,1593.502,1594.725,1286,0,1783737237.865897417,0.130328,0.024070,0.092466,0.993538,0
4,44.3460,-0.25,-0.168433,-0.081567,1593.502,1594.725,1286,0,1783737237.865897417,0.130328,0.024070,0.092466,0.993538,0
4,44.3670,-0.25,-0.168433,-0.081567,1593.502,1594.725,1286,0,1783737237.865897417,0.130328,0.024070,0.092466,0.993538,0
4,44.3848,-0.25,-0.144655,-0.105345,1593.502,1595.082,1286,1,1783737237.966457844,0.123069,0.022505,0.093483,1.000861,0
4,44.3993,-0.25,-0.144655,-0.105345,1593.502,1595.082,1286,0,1783737237.966457844,0.123069,0.022505,0.093483,1.000861,0
4,44.4204,-0.25,-0.144655,-0.105345,1593.502,1595.082,1287,0,1783737237.966457844,0.123069,0.022505,0.093483,1.000861,0
4,44.4413,-0.25,-0.144655,-0.105345,1593.502,1595.082,1286,0,1783737237.966457844,0.123069,0.022505,0.093483,1.000861,0
4,44.4622,-0.25,-0.144655,-0.105345,1593.502,1595.082,1287,0,1783737237.966457844,0.123069,0.022505,0.093483,1.000861,0
4,44.4832,-0.25,-0.144655,-0.105345,1593.502,1595.082,1286,0,1783737237.966457844,0.123069,0.022505,0.093483,1.000861,0
4,44.4856,-0.25,-0.154014,-0.095986,1593.502,1594.942,1286,1,1783737238.066844225,0.104652,0.023104,0.094119,1.019231,0
4,44.5003,-0.25,-0.154014,-0.095986,1593.502,1594.942,1286,0,1783737238.066844225,0.104652,0.023104,0.094119,1.019231,0
4,44.5212,-0.25,-0.154014,-0.095986,1593.502,1594.942,1287,0,1783737238.066844225,0.104652,0.023104,0.094119,1.019231,0
4,44.5421,-0.25,-0.154014,-0.095986,1593.502,1594.942,1286,0,1783737238.066844225,0.104652,0.023104,0.094119,1.019231,0
4,44.5630,-0.25,-0.154014,-0.095986,1593.502,1594.942,1286,0,1783737238.066844225,0.104652,0.023104,0.094119,1.019231,0
4,44.5839,-0.25,-0.154014,-0.095986,1593.502,1594.942,1286,0,1783737238.066844225,0.104652,0.023104,0.094119,1.019231,0
4,44.5860,-0.25,-0.154014,-0.095986,1593.502,1594.942,1287,0,1783737238.066844225,0.104652,0.023104,0.094119,1.019231,0
4,44.6072,-0.25,-0.160977,-0.089023,1593.502,1594.837,1286,1,1783737238.167426825,0.086408,0.021709,0.098712,1.037520,0
4,44.6084,-0.25,-0.160977,-0.089023,1593.502,1594.837,1286,0,1783737238.167426825,0.086408,0.021709,0.098712,1.037520,0
4,44.6293,-0.25,-0.160977,-0.089023,1593.502,1594.837,1286,0,1783737238.167426825,0.086408,0.021709,0.098712,1.037520,0
4,44.6502,-0.25,-0.160977,-0.089023,1593.502,1594.837,1286,0,1783737238.167426825,0.086408,0.021709,0.098712,1.037520,0
4,44.6711,-0.25,-0.160977,-0.089023,1593.502,1594.837,1286,0,1783737238.167426825,0.086408,0.021709,0.098712,1.037520,0
4,44.6863,-0.25,-0.161841,-0.088159,1593.502,1594.824,1287,1,1783737238.268157959,0.070278,0.016668,0.103103,1.053874,0
4,44.7020,-0.25,-0.161841,-0.088159,1593.502,1594.824,1286,0,1783737238.268157959,0.070278,0.016668,0.103103,1.053874,0
4,44.7231,-0.25,-0.161841,-0.088159,1593.502,1594.824,1286,0,1783737238.268157959,0.070278,0.016668,0.103103,1.053874,0
4,44.7441,-0.25,-0.161841,-0.088159,1593.502,1594.824,1286,0,1783737238.268157959,0.070278,0.016668,0.103103,1.053874,0
4,44.7650,-0.25,-0.161841,-0.088159,1593.502,1594.824,1286,0,1783737238.268157959,0.070278,0.016668,0.103103,1.053874,0
4,44.7860,-0.25,-0.161841,-0.088159,1593.502,1594.824,1286,0,1783737238.268157959,0.070278,0.016668,0.103103,1.053874,0
4,44.7878,-0.25,-0.175690,-0.074310,1593.502,1594.617,1286,1,1783737238.368368149,0.048257,0.017943,0.104033,1.075806,0
4,44.8050,-0.25,-0.175690,-0.074310,1593.502,1594.617,1286,0,1783737238.368368149,0.048257,0.017943,0.104033,1.075806,0
4,44.8260,-0.25,-0.175690,-0.074310,1593.502,1594.617,1286,0,1783737238.368368149,0.048257,0.017943,0.104033,1.075806,0
4,44.8470,-0.25,-0.175690,-0.074310,1593.502,1594.617,1286,0,1783737238.368368149,0.048257,0.017943,0.104033,1.075806,0
4,44.8679,-0.25,-0.175690,-0.074310,1593.502,1594.617,1286,0,1783737238.368368149,0.048257,0.017943,0.104033,1.075806,0
4,44.8849,-0.25,-0.189689,-0.060311,1593.502,1594.407,1286,1,1783737238.468943834,0.025078,0.015547,0.105824,1.099073,0
4,44.9039,-0.25,-0.189689,-0.060311,1593.502,1594.407,1286,0,1783737238.468943834,0.025078,0.015547,0.105824,1.099073,0
4,44.9249,-0.25,-0.189689,-0.060311,1593.502,1594.407,1286,0,1783737238.468943834,0.025078,0.015547,0.105824,1.099073,0
4,44.9458,-0.25,-0.189689,-0.060311,1593.502,1594.407,1285,0,1783737238.468943834,0.025078,0.015547,0.105824,1.099073,0
4,44.9668,-0.25,-0.189689,-0.060311,1593.502,1594.407,1286,0,1783737238.468943834,0.025078,0.015547,0.105824,1.099073,0
4,44.9852,-0.25,-0.196576,-0.053424,1593.502,1594.303,1286,1,1783737238.566945791,0.004157,0.011027,0.109415,1.120196,0
4,45.0001,-0.25,-0.196576,-0.053424,1593.502,1594.303,1286,0,1783737238.566945791,0.004157,0.011027,0.109415,1.120196,0
4,45.0211,-0.25,-0.196576,-0.053424,1593.502,1594.303,1285,0,1783737238.566945791,0.004157,0.011027,0.109415,1.120196,0
4,45.0420,-0.25,-0.196576,-0.053424,1593.502,1594.303,1286,0,1783737238.566945791,0.004157,0.011027,0.109415,1.120196,0
4,45.0629,-0.25,-0.196576,-0.053424,1593.502,1594.303,1286,0,1783737238.566945791,0.004157,0.011027,0.109415,1.120196,0
4,45.0838,-0.25,-0.196576,-0.053424,1593.502,1594.303,1286,0,1783737238.566945791,0.004157,0.011027,0.109415,1.120196,0
4,45.0857,-0.25,-0.199690,-0.050310,1593.502,1594.257,1285,1,1783737238.667344332,-0.016739,0.009045,0.113124,1.141168,0
4,45.0957,-0.25,-0.199690,-0.050310,1593.502,1594.257,1286,0,1783737238.667344332,-0.016739,0.009045,0.113124,1.141168,0
4,45.1167,-0.25,-0.199690,-0.050310,1593.502,1594.257,1286,0,1783737238.667344332,-0.016739,0.009045,0.113124,1.141168,0
4,45.1376,-0.25,-0.199690,-0.050310,1593.502,1594.257,1285,0,1783737238.667344332,-0.016739,0.009045,0.113124,1.141168,0
4,45.1585,-0.25,-0.199690,-0.050310,1593.502,1594.257,1286,0,1783737238.667344332,-0.016739,0.009045,0.113124,1.141168,0
4,45.1793,-0.25,-0.199690,-0.050310,1593.502,1594.257,1286,0,1783737238.667344332,-0.016739,0.009045,0.113124,1.141168,0
4,45.1864,-0.25,-0.188299,-0.061701,1593.502,1594.427,1286,1,1783737238.767736435,-0.032170,0.007789,0.114384,1.156643,0
4,45.2034,-0.25,-0.188299,-0.061701,1593.502,1594.427,1285,0,1783737238.767736435,-0.032170,0.007789,0.114384,1.156643,0
4,45.2244,-0.25,-0.188299,-0.061701,1593.502,1594.427,1286,0,1783737238.767736435,-0.032170,0.007789,0.114384,1.156643,0
4,45.2453,-0.25,-0.188299,-0.061701,1593.502,1594.427,1286,0,1783737238.767736435,-0.032170,0.007789,0.114384,1.156643,0
4,45.2662,-0.25,-0.188299,-0.061701,1593.502,1594.427,1286,0,1783737238.767736435,-0.032170,0.007789,0.114384,1.156643,0
4,45.2843,-0.25,-0.183680,-0.066320,1593.502,1594.497,1286,1,1783737238.868506432,-0.049432,0.008048,0.117582,1.173868,0
4,45.2978,-0.25,-0.183680,-0.066320,1593.502,1594.497,1286,0,1783737238.868506432,-0.049432,0.008048,0.117582,1.173868,0
4,45.3190,-0.25,-0.183680,-0.066320,1593.502,1594.497,1286,0,1783737238.868506432,-0.049432,0.008048,0.117582,1.173868,0
4,45.3401,-0.25,-0.183680,-0.066320,1593.502,1594.497,1285,0,1783737238.868506432,-0.049432,0.008048,0.117582,1.173868,0
4,45.3611,-0.25,-0.183680,-0.066320,1593.502,1594.497,1286,0,1783737238.868506432,-0.049432,0.008048,0.117582,1.173868,0
4,45.3822,-0.25,-0.183680,-0.066320,1593.502,1594.497,1286,0,1783737238.868506432,-0.049432,0.008048,0.117582,1.173868,0
4,45.3849,-0.25,-0.188560,-0.061440,1593.502,1594.424,1286,1,1783737238.966430664,-0.068330,-0.001256,0.123265,1.193255,0
4,45.4045,-0.25,-0.188560,-0.061440,1593.502,1594.424,1286,0,1783737238.966430664,-0.068330,-0.001256,0.123265,1.193255,0
4,45.4255,-0.25,-0.188560,-0.061440,1593.502,1594.424,1286,0,1783737238.966430664,-0.068330,-0.001256,0.123265,1.193255,0
4,45.4464,-0.25,-0.188560,-0.061440,1593.502,1594.424,1286,0,1783737238.966430664,-0.068330,-0.001256,0.123265,1.193255,0
4,45.4673,-0.25,-0.188560,-0.061440,1593.502,1594.424,1285,0,1783737238.966430664,-0.068330,-0.001256,0.123265,1.193255,0
4,45.4856,-0.25,-0.188560,-0.061440,1593.502,1594.424,1286,0,1783737238.966430664,-0.068330,-0.001256,0.123265,1.193255,0
4,45.5068,-0.25,-0.192692,-0.057308,1593.502,1594.362,1286,1,1783737239.066967487,-0.088949,-0.002546,0.124934,1.213914,0
4,45.5090,-0.25,-0.192692,-0.057308,1593.502,1594.362,1286,0,1783737239.066967487,-0.088949,-0.002546,0.124934,1.213914,0
4,45.5300,-0.25,-0.192692,-0.057308,1593.502,1594.362,1286,0,1783737239.066967487,-0.088949,-0.002546,0.124934,1.213914,0
4,45.5509,-0.25,-0.192692,-0.057308,1593.502,1594.362,1285,0,1783737239.066967487,-0.088949,-0.002546,0.124934,1.213914,0
4,45.5718,-0.25,-0.192692,-0.057308,1593.502,1594.362,1286,0,1783737239.066967487,-0.088949,-0.002546,0.124934,1.213914,0
4,45.5863,-0.25,-0.194824,-0.055176,1593.502,1594.330,1286,1,1783737239.167630196,-0.109507,-0.001417,0.125507,1.234371,0
4,45.5996,-0.25,-0.194824,-0.055176,1593.502,1594.330,1286,0,1783737239.167630196,-0.109507,-0.001417,0.125507,1.234371,0
4,45.6207,-0.25,-0.194824,-0.055176,1593.502,1594.330,1285,0,1783737239.167630196,-0.109507,-0.001417,0.125507,1.234371,0
4,45.6416,-0.25,-0.194824,-0.055176,1593.502,1594.330,1286,0,1783737239.167630196,-0.109507,-0.001417,0.125507,1.234371,0
4,45.6625,-0.25,-0.194824,-0.055176,1593.502,1594.330,1286,0,1783737239.167630196,-0.109507,-0.001417,0.125507,1.234371,0
4,45.6843,-0.25,-0.198202,-0.051798,1593.502,1594.279,1286,1,1783737239.268413544,-0.130399,-0.003573,0.127351,1.255353,0
4,45.6990,-0.25,-0.198202,-0.051798,1593.502,1594.279,1285,0,1783737239.268413544,-0.130399,-0.003573,0.127351,1.255353,0
4,45.7200,-0.25,-0.198202,-0.051798,1593.502,1594.279,1286,0,1783737239.268413544,-0.130399,-0.003573,0.127351,1.255353,0
4,45.7409,-0.25,-0.198202,-0.051798,1593.502,1594.279,1286,0,1783737239.268413544,-0.130399,-0.003573,0.127351,1.255353,0
4,45.7617,-0.25,-0.198202,-0.051798,1593.502,1594.279,1285,0,1783737239.268413544,-0.130399,-0.003573,0.127351,1.255353,0
4,45.7826,-0.25,-0.198202,-0.051798,1593.502,1594.279,1286,0,1783737239.268413544,-0.130399,-0.003573,0.127351,1.255353,0
4,45.7847,-0.25,-0.190283,-0.059717,1593.502,1594.398,1286,1,1783737239.366329193,-0.146569,-0.005671,0.129975,1.271618,0
4,45.8016,-0.25,-0.190283,-0.059717,1593.502,1594.398,1286,0,1783737239.366329193,-0.146569,-0.005671,0.129975,1.271618,0
4,45.8226,-0.25,-0.190283,-0.059717,1593.502,1594.398,1285,0,1783737239.366329193,-0.146569,-0.005671,0.129975,1.271618,0
4,45.8436,-0.25,-0.190283,-0.059717,1593.502,1594.398,1286,0,1783737239.366329193,-0.146569,-0.005671,0.129975,1.271618,0
4,45.8645,-0.25,-0.190283,-0.059717,1593.502,1594.398,1286,0,1783737239.366329193,-0.146569,-0.005671,0.129975,1.271618,0
4,45.8856,-0.25,-0.155266,-0.094734,1593.502,1594.923,1286,1,1783737239.466856480,-0.151465,-0.007146,0.133145,1.276593,0
4,45.9010,-0.25,-0.155266,-0.094734,1593.502,1594.923,1287,0,1783737239.466856480,-0.151465,-0.007146,0.133145,1.276593,0
4,45.9221,-0.25,-0.155266,-0.094734,1593.502,1594.923,1286,0,1783737239.466856480,-0.151465,-0.007146,0.133145,1.276593,0
4,45.9430,-0.25,-0.155266,-0.094734,1593.502,1594.923,1286,0,1783737239.466856480,-0.151465,-0.007146,0.133145,1.276593,0
4,45.9639,-0.25,-0.155266,-0.094734,1593.502,1594.923,1286,0,1783737239.466856480,-0.151465,-0.007146,0.133145,1.276593,0
4,45.9832,-0.25,-0.157383,-0.092617,1593.502,1594.891,1286,1,1783737239.567647219,-0.168007,-0.007980,0.135935,1.293156,0
4,46.0004,-0.25,-0.157383,-0.092617,1593.502,1594.891,1287,0,1783737239.567647219,-0.168007,-0.007980,0.135935,1.293156,0
4,46.0214,-0.25,-0.157383,-0.092617,1593.502,1594.891,1286,0,1783737239.567647219,-0.168007,-0.007980,0.135935,1.293156,0
4,46.0423,-0.25,-0.157383,-0.092617,1593.502,1594.891,1286,0,1783737239.567647219,-0.168007,-0.007980,0.135935,1.293156,0
4,46.0632,-0.25,-0.157383,-0.092617,1593.502,1594.891,1286,0,1783737239.567647219,-0.168007,-0.007980,0.135935,1.293156,0
4,46.0840,-0.25,-0.166533,-0.083467,1593.502,1594.754,1286,1,1783737239.665308237,-0.186134,-0.015238,0.136264,1.311698,0
4,46.0953,-0.25,-0.166533,-0.083467,1593.502,1594.754,1286,0,1783737239.665308237,-0.186134,-0.015238,0.136264,1.311698,0
4,46.1163,-0.25,-0.166533,-0.083467,1593.502,1594.754,1287,0,1783737239.665308237,-0.186134,-0.015238,0.136264,1.311698,0
4,46.1373,-0.25,-0.166533,-0.083467,1593.502,1594.754,1286,0,1783737239.665308237,-0.186134,-0.015238,0.136264,1.311698,0
4,46.1582,-0.25,-0.166533,-0.083467,1593.502,1594.754,1286,0,1783737239.665308237,-0.186134,-0.015238,0.136264,1.311698,0
4,46.1791,-0.25,-0.166533,-0.083467,1593.502,1594.754,1286,0,1783737239.665308237,-0.186134,-0.015238,0.136264,1.311698,0
4,46.1843,-0.25,-0.162995,-0.087005,1593.502,1594.807,1286,1,1783737239.765845776,-0.201562,-0.015545,0.139927,1.327114,0
4,46.1967,-0.25,-0.162995,-0.087005,1593.502,1594.807,1286,0,1783737239.765845776,-0.201562,-0.015545,0.139927,1.327114,0
4,46.2176,-0.25,-0.162995,-0.087005,1593.502,1594.807,1286,0,1783737239.765845776,-0.201562,-0.015545,0.139927,1.327114,0
4,46.2385,-0.25,-0.162995,-0.087005,1593.502,1594.807,1286,0,1783737239.765845776,-0.201562,-0.015545,0.139927,1.327114,0
4,46.2593,-0.25,-0.162995,-0.087005,1593.502,1594.807,1286,0,1783737239.765845776,-0.201562,-0.015545,0.139927,1.327114,0
4,46.2802,-0.25,-0.162995,-0.087005,1593.502,1594.807,1287,0,1783737239.765845776,-0.201562,-0.015545,0.139927,1.327114,0
4,46.2823,-0.25,-0.168309,-0.081691,1593.502,1594.727,1286,1,1783737239.866339922,-0.219839,-0.018526,0.143094,1.345546,0
4,46.2988,-0.25,-0.168309,-0.081691,1593.502,1594.727,1286,0,1783737239.866339922,-0.219839,-0.018526,0.143094,1.345546,0
