direction,block,elapsed_s,block_elapsed_s,target_speed_mps,target_curvature_1pm,steering_pulse_us,steering_tick,approach_direction,controller_state,esc_pulse_us,esc_tick,adaptive_feedforward_us,integral_trim_us,fresh_odom,transition_sample,tf_stamp,x_m,y_m,yaw_rad,measured_speed_mps,increment_ds_m,increment_dyaw_rad,instant_curvature_1pm,block_motion_m,direction_motion_m,settled_signed_distance_m,settled_heading_change_rad,front_clearance_m,rear_clearance_m
forward,1,3.0164,0.0000,0.2000,0.00000,1450.000,1169,same,startup,1423.384,1148,1419.384,0.000,0,0,1783745373.407500982,-0.344721,-0.757989,0.718434,-0.005143,,,,0.000000,0.000000,0.000000,0.000000,0.990,2.088
forward,1,3.0382,0.0219,0.2000,0.00000,1450.000,1169,same,startup,1423.384,1148,1419.384,0.000,0,0,1783745373.407500982,-0.344721,-0.757989,0.718434,-0.005143,,,,0.000000,0.000000,0.000000,0.000000,0.990,2.088
forward,1,3.0598,0.0434,0.2000,0.00000,1450.000,1169,same,startup,1423.384,1148,1419.384,0.000,0,0,1783745373.407500982,-0.344721,-0.757989,0.718434,-0.005143,,,,0.000000,0.000000,0.000000,0.000000,0.990,2.088
forward,1,3.0814,0.0650,0.2000,0.00000,1450.000,1169,same,startup,1423.384,1148,1419.384,0.000,0,0,1783745373.407500982,-0.344721,-0.757989,0.718434,-0.005143,,,,0.000000,0.000000,0.000000,0.000000,0.990,2.088
forward,1,3.1031,0.0867,0.2000,0.00000,1450.000,1169,same,startup,1423.384,1148,1419.384,0.000,0,0,1783745373.407500982,-0.344721,-0.757989,0.718434,-0.005143,,,,0.000000,0.000000,0.000000,0.000000,0.990,2.087
forward,1,3.1056,0.0892,0.2000,0.00000,1450.000,1169,same,startup,1422.144,1147,1419.384,0.000,1,1,1783745373.507555246,-0.347818,-0.764060,0.719998,-0.019671,-0.0063291,0.0015640,-0.2471167,0.006329,0.006329,0.000000,0.000000,0.990,2.087
forward,1,3.1213,0.1049,0.2000,0.00000,1450.000,1169,same,startup,1422.144,1147,1419.384,0.000,0,0,1783745373.507555246,-0.347818,-0.764060,0.719998,-0.019671,,,,0.006329,0.006329,0.000000,0.000000,0.990,2.087
forward,1,3.1429,0.1265,0.2000,0.00000,1450.000,1169,same,startup,1422.144,1147,1419.384,0.000,0,0,1783745373.507555246,-0.347818,-0.764060,0.719998,-0.019671,,,,0.006329,0.006329,0.000000,0.000000,0.990,2.087
forward,1,3.1644,0.1480,0.2000,0.00000,1450.000,1169,same,startup,1422.144,1147,1419.384,0.000,0,0,1783745373.507555246,-0.347818,-0.764060,0.719998,-0.019671,,,,0.006329,0.006329,0.000000,0.000000,0.990,2.087
forward,1,3.1859,0.1696,0.2000,0.00000,1450.000,1169,same,startup,1422.144,1147,1419.384,0.000,0,0,1783745373.507555246,-0.347818,-0.764060,0.719998,-0.019671,,,,0.006329,0.006329,0.000000,0.000000,0.990,2.085
forward,1,3.2054,0.1890,0.2000,0.00000,1450.000,1169,same,startup,1420.904,1146,1419.384,0.000,1,2,1783745373.605796337,-0.345224,-0.763059,0.721606,-0.008115,0.0026089,0.0016073,0.6160842,0.008938,0.008938,0.000000,0.000000,0.990,2.085
forward,1,3.2173,0.2009,0.2000,0.00000,1450.000,1169,same,startup,1420.904,1146,1419.384,0.000,0,0,1783745373.605796337,-0.345224,-0.763059,0.721606,-0.008115,,,,0.008938,0.008938,0.000000,0.000000,0.990,2.085
forward,1,3.2389,0.2226,0.2000,0.00000,1450.000,1169,same,startup,1420.904,1146,1419.384,0.000,0,0,1783745373.605796337,-0.345224,-0.763059,0.721606,-0.008115,,,,0.008938,0.008938,0.000000,0.000000,0.990,2.085
forward,1,3.2605,0.2441,0.2000,0.00000,1450.000,1169,same,startup,1420.904,1146,1419.384,0.000,0,0,1783745373.605796337,-0.345224,-0.763059,0.721606,-0.008115,,,,0.008938,0.008938,0.000000,0.000000,0.990,2.085
forward,1,3.2820,0.2656,0.2000,0.00000,1450.000,1169,same,startup,1420.904,1146,1419.384,0.000,0,0,1783745373.605796337,-0.345224,-0.763059,0.721606,-0.008115,,,,0.008938,0.008938,0.000000,0.000000,0.992,2.087
forward,1,3.3026,0.2863,0.2000,0.00000,1450.000,1169,same,startup,1419.664,1145,1419.384,0.000,1,3,1783745373.706257820,-0.344549,-0.761134,0.721349,-0.001660,0.0017786,-0.0002569,-0.1444464,0.010717,0.010717,0.000000,0.000000,0.992,2.087
forward,1,3.3175,0.3012,0.2000,0.00000,1450.000,1169,same,startup,1419.664,1145,1419.384,0.000,0,0,1783745373.706257820,-0.344549,-0.761134,0.721349,-0.001660,,,,0.010717,0.010717,0.000000,0.000000,0.992,2.087
forward,1,3.3392,0.3228,0.2000,0.00000,1450.000,1169,same,startup,1419.664,1145,1419.384,0.000,0,0,1783745373.706257820,-0.344549,-0.761134,0.721349,-0.001660,,,,0.010717,0.010717,0.000000,0.000000,0.992,2.087
forward,1,3.3607,0.3444,0.2000,0.00000,1450.000,1169,same,startup,1419.664,1145,1419.384,0.000,0,0,1783745373.706257820,-0.344549,-0.761134,0.721349,-0.001660,,,,0.010717,0.010717,0.000000,0.000000,0.992,2.087
forward,1,3.3823,0.3659,0.2000,0.00000,1450.000,1169,same,startup,1419.664,1145,1419.384,0.000,0,0,1783745373.706257820,-0.344549,-0.761134,0.721349,-0.001660,,,,0.010717,0.010717,0.000000,0.000000,0.992,2.086
forward,1,3.4030,0.3866,0.2000,0.00000,1450.000,1169,same,startup,1418.424,1144,1419.384,0.000,1,4,1783745373.803842783,-0.344326,-0.760532,0.720387,0.000202,0.0005649,-0.0009618,-1.7025300,0.011281,0.011281,0.000000,0.000000,0.992,2.086
forward,1,3.4211,0.4047,0.2000,0.00000,1450.000,1169,same,startup,1418.424,1144,1419.384,0.000,0,0,1783745373.803842783,-0.344326,-0.760532,0.720387,0.000202,,,,0.011281,0.011281,0.000000,0.000000,0.992,2.086
forward,1,3.4428,0.4264,0.2000,0.00000,1450.000,1169,same,startup,1418.424,1144,1419.384,0.000,0,0,1783745373.803842783,-0.344326,-0.760532,0.720387,0.000202,,,,0.011281,0.011281,0.000000,0.000000,0.992,2.086
forward,1,3.4643,0.4480,0.2000,0.00000,1450.000,1169,same,startup,1418.424,1144,1419.384,0.000,0,0,1783745373.803842783,-0.344326,-0.760532,0.720387,0.000202,,,,0.011281,0.011281,0.000000,0.000000,0.992,2.086
forward,1,3.4859,0.4695,0.2000,0.00000,1450.000,1169,same,startup,1418.424,1144,1419.384,0.000,0,0,1783745373.803842783,-0.344326,-0.760532,0.720387,0.000202,,,,0.011281,0.011281,0.000000,0.000000,0.991,2.086
forward,1,3.5012,0.4848,0.2000,0.00000,1450.000,1169,same,startup,1415.324,1141,1419.384,0.000,1,5,1783745373.904335499,-0.341643,-0.760089,0.717113,0.005901,0.0023109,-0.0032737,-1.4166240,0.013592,0.013592,0.000000,0.000000,0.991,2.086
forward,1,3.5177,0.5013,0.2000,0.00000,1450.000,1169,same,startup,1415.324,1141,1419.384,0.000,0,0,1783745373.904335499,-0.341643,-0.760089,0.717113,0.005901,,,,0.013592,0.013592,0.000000,0.000000,0.991,2.086
forward,1,3.5394,0.5230,0.2000,0.00000,1450.000,1169,same,startup,1415.324,1141,1419.384,0.000,0,0,1783745373.904335499,-0.341643,-0.760089,0.717113,0.005901,,,,0.013592,0.013592,0.000000,0.000000,0.991,2.086
forward,1,3.5610,0.5446,0.2000,0.00000,1450.000,1169,same,startup,1415.324,1141,1419.384,0.000,0,0,1783745373.904335499,-0.341643,-0.760089,0.717113,0.005901,,,,0.013592,0.013592,0.000000,0.000000,0.991,2.086
forward,1,3.5826,0.5662,0.2000,0.00000,1450.000,1169,same,startup,1415.324,1141,1419.384,0.000,0,0,1783745373.904335499,-0.341643,-0.760089,0.717113,0.005901,,,,0.013592,0.013592,0.000000,0.000000,0.992,2.085
forward,1,3.6015,0.5852,0.2000,0.00000,1450.000,1169,same,startup,1412.224,1139,1419.384,0.000,1,6,1783745374.002496958,-0.341512,-0.757731,0.715196,0.008622,0.0016476,-0.0019177,-1.1639502,0.015240,0.015240,0.000000,0.000000,0.992,2.085
forward,1,3.6184,0.6020,0.2000,0.00000,1450.000,1169,same,startup,1412.224,1139,1419.384,0.000,0,0,1783745374.002496958,-0.341512,-0.757731,0.715196,0.008622,,,,0.015240,0.015240,0.000000,0.000000,0.992,2.085
forward,1,3.6401,0.6237,0.2000,0.00000,1450.000,1169,same,startup,1412.224,1139,1419.384,0.000,0,0,1783745374.002496958,-0.341512,-0.757731,0.715196,0.008622,,,,0.015240,0.015240,0.000000,0.000000,0.992,2.085
forward,1,3.6617,0.6453,0.2000,0.00000,1450.000,1169,same,startup,1412.224,1139,1419.384,0.000,0,0,1783745374.002496958,-0.341512,-0.757731,0.715196,0.008622,,,,0.015240,0.015240,0.000000,0.000000,0.992,2.085
forward,1,3.6832,0.6668,0.2000,0.00000,1450.000,1169,same,startup,1412.224,1139,1419.384,0.000,0,0,1783745374.002496958,-0.341512,-0.757731,0.715196,0.008622,,,,0.015240,0.015240,0.000000,0.000000,0.992,1.612
forward,1,3.7024,0.6860,0.2000,0.00000,1450.000,1169,same,startup,1409.124,1136,1419.384,0.000,1,7,1783745374.102855921,-0.340508,-0.755331,0.716190,0.012275,0.0023318,0.0009941,0.4263199,0.017572,0.017572,0.000000,0.000000,0.992,1.612
forward,1,3.7158,0.6995,0.2000,0.00000,1450.000,1169,same,startup,1409.124,1136,1419.384,0.000,0,0,1783745374.102855921,-0.340508,-0.755331,0.716190,0.012275,,,,0.017572,0.017572,0.000000,0.000000,0.992,1.612
forward,1,3.7375,0.7212,0.2000,0.00000,1450.000,1169,same,startup,1409.124,1136,1419.384,0.000,0,0,1783745374.102855921,-0.340508,-0.755331,0.716190,0.012275,,,,0.017572,0.017572,0.000000,0.000000,0.992,1.612
forward,1,3.7591,0.7427,0.2000,0.00000,1450.000,1169,same,startup,1409.124,1136,1419.384,0.000,0,0,1783745374.102855921,-0.340508,-0.755331,0.716190,0.012275,,,,0.017572,0.017572,0.000000,0.000000,0.992,1.612
forward,1,3.7806,0.7642,0.2000,0.00000,1450.000,1169,same,startup,1409.124,1136,1419.384,0.000,0,0,1783745374.102855921,-0.340508,-0.755331,0.716190,0.012275,,,,0.017572,0.017572,0.000000,0.000000,0.992,1.612
forward,1,3.8020,0.7857,0.2000,0.00000,1450.000,1169,same,startup,1406.024,1134,1419.384,0.000,1,8,1783745374.203233004,-0.341850,-0.756893,0.717221,0.004131,-0.0020379,0.0010316,-0.5062061,0.019610,0.019610,0.000000,0.000000,0.992,1.612
forward,1,3.8156,0.7992,0.2000,0.00000,1450.000,1169,same,startup,1406.024,1134,1419.384,0.000,0,0,1783745374.203233004,-0.341850,-0.756893,0.717221,0.004131,,,,0.019610,0.019610,0.000000,0.000000,0.992,1.612
forward,1,3.8373,0.8209,0.2000,0.00000,1450.000,1169,same,startup,1406.024,1134,1419.384,0.000,0,0,1783745374.203233004,-0.341850,-0.756893,0.717221,0.004131,,,,0.019610,0.019610,0.000000,0.000000,0.992,1.612
forward,1,3.8588,0.8424,0.2000,0.00000,1450.000,1169,same,startup,1406.024,1134,1419.384,0.000,0,0,1783745374.203233004,-0.341850,-0.756893,0.717221,0.004131,,,,0.019610,0.019610,0.000000,0.000000,0.992,1.612
forward,1,3.8803,0.8639,0.2000,0.00000,1450.000,1169,same,startup,1406.024,1134,1419.384,0.000,0,0,1783745374.203233004,-0.341850,-0.756893,0.717221,0.004131,,,,0.019610,0.019610,0.000000,0.000000,0.994,2.078
forward,1,3.9026,0.8862,0.2000,0.00000,1450.000,1169,same,startup,1402.924,1131,1419.384,0.000,1,9,1783745374.303323984,-0.341140,-0.758680,0.718858,0.001498,-0.0006405,0.0016370,-2.5560445,0.020250,0.020250,0.000000,0.000000,0.994,2.078
forward,1,3.9207,0.9043,0.2000,0.00000,1450.000,1169,same,startup,1402.924,1131,1419.384,0.000,0,0,1783745374.303323984,-0.341140,-0.758680,0.718858,0.001498,,,,0.020250,0.020250,0.000000,0.000000,0.994,2.078
forward,1,3.9423,0.9259,0.2000,0.00000,1450.000,1169,same,startup,1402.924,1131,1419.384,0.000,0,0,1783745374.303323984,-0.341140,-0.758680,0.718858,0.001498,,,,0.020250,0.020250,0.000000,0.000000,0.994,2.078
forward,1,3.9637,0.9474,0.2000,0.00000,1450.000,1169,same,startup,1402.924,1131,1419.384,0.000,0,0,1783745374.303323984,-0.341140,-0.758680,0.718858,0.001498,,,,0.020250,0.020250,0.000000,0.000000,0.994,2.078
forward,1,3.9852,0.9689,0.2000,0.00000,1450.000,1169,same,startup,1402.924,1131,1419.384,0.000,0,0,1783745374.303323984,-0.341140,-0.758680,0.718858,0.001498,,,,0.020250,0.020250,0.000000,0.000000,1.005,2.065
forward,1,4.0007,0.9843,0.2000,0.00000,1450.000,1169,same,startup,1399.824,1129,1419.384,0.000,1,10,1783745374.403879642,-0.335969,-0.752847,0.721020,0.020350,0.0077333,0.0021614,0.2794897,0.027983,0.027983,0.000000,0.000000,1.005,2.065
forward,1,4.0189,1.0025,0.2000,0.00000,1450.000,1169,same,startup,1399.824,1129,1419.384,0.000,0,0,1783745374.403879642,-0.335969,-0.752847,0.721020,0.020350,,,,0.027983,0.027983,0.000000,0.000000,1.005,2.065
forward,1,4.0406,1.0243,0.2000,0.00000,1450.000,1169,same,startup,1399.824,1129,1419.384,0.000,0,0,1783745374.403879642,-0.335969,-0.752847,0.721020,0.020350,,,,0.027983,0.027983,0.000000,0.000000,1.005,2.065
forward,1,4.0623,1.0460,0.2000,0.00000,1450.000,1169,same,startup,1399.824,1129,1419.384,0.000,0,0,1783745374.403879642,-0.335969,-0.752847,0.721020,0.020350,,,,0.027983,0.027983,0.000000,0.000000,1.005,2.065
forward,1,4.0839,1.0675,0.2000,0.00000,1450.000,1169,same,startup,1399.824,1129,1419.384,0.000,0,0,1783745374.403879642,-0.335969,-0.752847,0.721020,0.020350,,,,0.027983,0.027983,0.000000,0.000000,1.023,2.047
forward,1,4.1011,1.0847,0.2000,0.00000,1450.000,1169,same,rolling,1419.384,1145,1419.384,0.000,1,11,1783745374.501968861,-0.323740,-0.742498,0.721029,0.056087,0.0160176,0.0000093,0.0005810,0.044001,0.044001,0.000000,0.000000,1.023,2.047
forward,1,4.1202,1.1038,0.2000,0.00000,1450.000,1169,same,rolling,1419.384,1145,1419.384,0.000,0,0,1783745374.501968861,-0.323740,-0.742498,0.721029,0.056087,,,,0.044001,0.044001,0.000000,0.000000,1.023,2.047
forward,1,4.1418,1.1255,0.2000,0.00000,1450.000,1169,same,rolling,1419.384,1145,1419.384,0.000,0,0,1783745374.501968861,-0.323740,-0.742498,0.721029,0.056087,,,,0.044001,0.044001,0.000000,0.000000,1.023,2.047
forward,1,4.1634,1.1470,0.2000,0.00000,1450.000,1169,same,rolling,1419.384,1145,1419.384,0.000,0,0,1783745374.501968861,-0.323740,-0.742498,0.721029,0.056087,,,,0.044001,0.044001,0.000000,0.000000,1.023,2.047
forward,1,4.1849,1.1686,0.2000,0.00000,1450.000,1169,same,rolling,1419.384,1145,1419.384,0.000,0,0,1783745374.501968861,-0.323740,-0.742498,0.721029,0.056087,,,,0.044001,0.044001,0.000000,0.000000,1.048,2.017
forward,1,4.2012,1.1849,0.2000,0.00000,1450.000,1169,same,rolling,1419.384,1145,1419.384,0.000,0,0,1783745374.501968861,-0.323740,-0.742498,0.721029,0.056087,,,,0.044001,0.044001,0.000000,0.000000,1.048,2.017
forward,1,4.2230,1.2066,0.2000,0.00000,1450.000,1169,same,rolling,1417.556,1143,1419.144,-0.239,1,12,1783745374.602443218,-0.301525,-0.719975,0.719940,0.120577,0.0315536,-0.0010885,-0.0344969,0.075555,0.075555,0.031554,-0.001089,1.048,2.017
forward,1,4.2272,1.2108,0.2000,0.00000,1450.000,1169,same,rolling,1417.556,1143,1419.144,-0.239,0,0,1783745374.602443218,-0.301525,-0.719975,0.719940,0.120577,,,,0.075555,0.075555,0.031554,-0.001089,1.048,2.017
forward,1,4.2488,1.2324,0.2000,0.00000,1450.000,1169,same,rolling,1417.556,1143,1419.144,-0.239,0,0,1783745374.602443218,-0.301525,-0.719975,0.719940,0.120577,,,,0.075555,0.075555,0.031554,-0.001089,1.048,2.017
forward,1,4.2703,1.2540,0.2000,0.00000,1450.000,1169,same,rolling,1417.556,1143,1419.144,-0.239,0,0,1783745374.602443218,-0.301525,-0.719975,0.719940,0.120577,,,,0.075555,0.075555,0.031554,-0.001089,1.048,2.017
forward,1,4.2922,1.2758,0.2000,0.00000,1450.000,1169,same,rolling,1417.556,1143,1419.144,-0.239,0,0,1783745374.602443218,-0.301525,-0.719975,0.719940,0.120577,,,,0.075555,0.075555,0.031554,-0.001089,1.076,1.995
forward,1,4.3017,1.2854,0.2000,0.00000,1450.000,1169,same,rolling,1417.768,1143,1418.965,-0.419,1,13,1783745374.702572823,-0.286886,-0.706445,0.717638,0.140183,0.0199262,-0.0023026,-0.1155559,0.095481,0.095481,0.051480,-0.003391,1.076,1.995
forward,1,4.3226,1.3062,0.2000,0.00000,1450.000,1169,same,rolling,1417.768,1143,1418.965,-0.419,0,0,1783745374.702572823,-0.286886,-0.706445,0.717638,0.140183,,,,0.095481,0.095481,0.051480,-0.003391,1.076,1.995
forward,1,4.3444,1.3281,0.2000,0.00000,1450.000,1169,same,rolling,1417.768,1143,1418.965,-0.419,0,0,1783745374.702572823,-0.286886,-0.706445,0.717638,0.140183,,,,0.095481,0.095481,0.051480,-0.003391,1.076,1.995
forward,1,4.3662,1.3499,0.2000,0.00000,1450.000,1169,same,rolling,1417.768,1143,1418.965,-0.419,0,0,1783745374.702572823,-0.286886,-0.706445,0.717638,0.140183,,,,0.095481,0.095481,0.051480,-0.003391,1.076,1.995
forward,1,4.3878,1.3714,0.2000,0.00000,1450.000,1169,same,rolling,1417.768,1143,1418.965,-0.419,0,0,1783745374.702572823,-0.286886,-0.706445,0.717638,0.140183,,,,0.095481,0.095481,0.051480,-0.003391,1.097,1.974
forward,1,4.4024,1.3861,0.2000,0.00000,1450.000,1169,same,rolling,1418.120,1144,1418.854,-0.530,1,14,1783745374.803093195,-0.269357,-0.690966,0.713458,0.163297,0.0233848,-0.0041797,-0.1787372,0.118866,0.118866,0.074865,-0.007571,1.097,1.974
forward,1,4.4181,1.4017,0.2000,0.00000,1450.000,1169,same,rolling,1418.120,1144,1418.854,-0.530,0,0,1783745374.803093195,-0.269357,-0.690966,0.713458,0.163297,,,,0.118866,0.118866,0.074865,-0.007571,1.097,1.974
forward,1,4.4397,1.4233,0.2000,0.00000,1450.000,1169,same,rolling,1418.120,1144,1418.854,-0.530,0,0,1783745374.803093195,-0.269357,-0.690966,0.713458,0.163297,,,,0.118866,0.118866,0.074865,-0.007571,1.097,1.974
forward,1,4.4614,1.4450,0.2000,0.00000,1450.000,1169,same,rolling,1418.120,1144,1418.854,-0.530,0,0,1783745374.803093195,-0.269357,-0.690966,0.713458,0.163297,,,,0.118866,0.118866,0.074865,-0.007571,1.097,1.974
forward,1,4.4830,1.4666,0.2000,0.00000,1450.000,1169,same,rolling,1418.120,1144,1418.854,-0.530,0,0,1783745374.803093195,-0.269357,-0.690966,0.713458,0.163297,,,,0.118866,0.118866,0.074865,-0.007571,1.122,1.952
forward,1,4.5023,1.4859,0.2000,0.00000,1450.000,1169,same,rolling,1418.631,1144,1418.825,-0.559,1,15,1783745374.903664827,-0.248184,-0.673727,0.712009,0.190313,0.0272911,-0.0014492,-0.0531032,0.146157,0.146157,0.102156,-0.009020,1.122,1.952
forward,1,4.5198,1.5034,0.2000,0.00000,1450.000,1169,same,rolling,1418.631,1144,1418.825,-0.559,0,0,1783745374.903664827,-0.248184,-0.673727,0.712009,0.190313,,,,0.146157,0.146157,0.102156,-0.009020,1.122,1.952
forward,1,4.5415,1.5251,0.2000,0.00000,1450.000,1169,same,rolling,1418.631,1144,1418.825,-0.559,0,0,1783745374.903664827,-0.248184,-0.673727,0.712009,0.190313,,,,0.146157,0.146157,0.102156,-0.009020,1.122,1.952
forward,1,4.5630,1.5467,0.2000,0.00000,1450.000,1169,same,rolling,1418.631,1144,1418.825,-0.559,0,0,1783745374.903664827,-0.248184,-0.673727,0.712009,0.190313,,,,0.146157,0.146157,0.102156,-0.009020,1.122,1.952
forward,1,4.5845,1.5682,0.2000,0.00000,1450.000,1169,same,rolling,1418.631,1144,1418.825,-0.559,0,0,1783745374.903664827,-0.248184,-0.673727,0.712009,0.190313,,,,0.146157,0.146157,0.102156,-0.009020,1.143,1.933
forward,1,4.6029,1.5865,0.2000,0.00000,1450.000,1169,same,rolling,1418.969,1144,1418.844,-0.540,1,16,1783745375.003541231,-0.230096,-0.655821,0.711062,0.206293,0.0253918,-0.0009471,-0.0373000,0.171549,0.171549,0.127548,-0.009967,1.143,1.933
forward,1,4.6142,1.5978,0.2000,0.00000,1450.000,1169,same,rolling,1418.969,1144,1418.844,-0.540,0,0,1783745375.003541231,-0.230096,-0.655821,0.711062,0.206293,,,,0.171549,0.171549,0.127548,-0.009967,1.143,1.933
forward,1,4.6358,1.6195,0.2000,0.00000,1450.000,1169,same,rolling,1418.969,1144,1418.844,-0.540,0,0,1783745375.003541231,-0.230096,-0.655821,0.711062,0.206293,,,,0.171549,0.171549,0.127548,-0.009967,1.143,1.933
forward,1,4.6573,1.6410,0.2000,0.00000,1450.000,1169,same,rolling,1418.969,1144,1418.844,-0.540,0,0,1783745375.003541231,-0.230096,-0.655821,0.711062,0.206293,,,,0.171549,0.171549,0.127548,-0.009967,1.143,1.933
forward,1,4.6788,1.6625,0.2000,0.00000,1450.000,1169,same,rolling,1418.969,1144,1418.844,-0.540,0,0,1783745375.003541231,-0.230096,-0.655821,0.711062,0.206293,,,,0.171549,0.171549,0.127548,-0.009967,1.143,1.933
forward,1,4.7004,1.6840,0.2000,0.00000,1450.000,1169,same,rolling,1418.969,1144,1418.844,-0.540,0,0,1783745375.003541231,-0.230096,-0.655821,0.711062,0.206293,,,,0.171549,0.171549,0.127548,-0.009967,1.164,1.913
forward,1,4.7034,1.6871,0.2000,0.00000,1450.000,1169,same,rolling,1418.675,1144,1418.821,-0.562,1,17,1783745375.104140520,-0.217799,-0.646698,0.712888,0.192669,0.0152707,0.0018263,0.1195941,0.186819,0.186819,0.142818,-0.008141,1.164,1.913
forward,1,4.7230,1.7066,0.2000,0.00000,1450.000,1169,same,rolling,1418.675,1144,1418.821,-0.562,0,0,1783745375.104140520,-0.217799,-0.646698,0.712888,0.192669,,,,0.186819,0.186819,0.142818,-0.008141,1.164,1.913
forward,1,4.7446,1.7282,0.2000,0.00000,1450.000,1169,same,rolling,1418.675,1144,1418.821,-0.562,0,0,1783745375.104140520,-0.217799,-0.646698,0.712888,0.192669,,,,0.186819,0.186819,0.142818,-0.008141,1.164,1.913
forward,1,4.7662,1.7498,0.2000,0.00000,1450.000,1169,same,rolling,1418.675,1144,1418.821,-0.562,0,0,1783745375.104140520,-0.217799,-0.646698,0.712888,0.192669,,,,0.186819,0.186819,0.142818,-0.008141,1.164,1.913
forward,1,4.7877,1.7713,0.2000,0.00000,1450.000,1169,same,rolling,1418.675,1144,1418.821,-0.562,0,0,1783745375.104140520,-0.217799,-0.646698,0.712888,0.192669,,,,0.186819,0.186819,0.142818,-0.008141,1.185,1.893
forward,1,4.8038,1.7874,0.2000,0.00000,1450.000,1169,same,rolling,1418.455,1144,1418.773,-0.610,1,18,1783745375.204696894,-0.204498,-0.637752,0.714679,0.184059,0.0159111,0.0017912,0.1125774,0.202730,0.202730,0.158729,-0.006350,1.185,1.893
forward,1,4.8184,1.8020,0.2000,0.00000,1450.000,1169,same,rolling,1418.455,1144,1418.773,-0.610,0,0,1783745375.204696894,-0.204498,-0.637752,0.714679,0.184059,,,,0.202730,0.202730,0.158729,-0.006350,1.185,1.893
forward,1,4.8400,1.8237,0.2000,0.00000,1450.000,1169,same,rolling,1418.455,1144,1418.773,-0.610,0,0,1783745375.204696894,-0.204498,-0.637752,0.714679,0.184059,,,,0.202730,0.202730,0.158729,-0.006350,1.185,1.893
forward,1,4.8618,1.8454,0.2000,0.00000,1450.000,1169,same,rolling,1418.455,1144,1418.773,-0.610,0,0,1783745375.204696894,-0.204498,-0.637752,0.714679,0.184059,,,,0.202730,0.202730,0.158729,-0.006350,1.185,1.893
forward,1,4.8834,1.8670,0.2000,0.00000,1450.000,1169,same,rolling,1418.455,1144,1418.773,-0.610,0,0,1783745375.204696894,-0.204498,-0.637752,0.714679,0.184059,,,,0.202730,0.202730,0.158729,-0.006350,1.202,1.877
forward,1,4.9015,1.8851,0.2000,0.00000,1450.000,1169,same,rolling,1418.246,1144,1418.704,-0.679,1,19,1783745375.305044651,-0.193645,-0.626352,0.712006,0.177074,0.0156663,-0.0026732,-0.1706343,0.218397,0.218397,0.174396,-0.009023,1.202,1.877
forward,1,4.9185,1.9021,0.2000,0.00000,1450.000,1169,same,rolling,1418.246,1144,1418.704,-0.679,0,0,1783745375.305044651,-0.193645,-0.626352,0.712006,0.177074,,,,0.218397,0.218397,0.174396,-0.009023,1.202,1.877
forward,1,4.9401,1.9238,0.2000,0.00000,1450.000,1169,same,rolling,1418.246,1144,1418.704,-0.679,0,0,1783745375.305044651,-0.193645,-0.626352,0.712006,0.177074,,,,0.218397,0.218397,0.174396,-0.009023,1.202,1.877
forward,1,4.9617,1.9453,0.2000,0.00000,1450.000,1169,same,rolling,1418.246,1144,1418.704,-0.679,0,0,1783745375.305044651,-0.193645,-0.626352,0.712006,0.177074,,,,0.218397,0.218397,0.174396,-0.009023,1.202,1.877
forward,1,4.9832,1.9668,0.2000,0.00000,1450.000,1169,same,rolling,1418.246,1144,1418.704,-0.679,0,0,1783745375.305044651,-0.193645,-0.626352,0.712006,0.177074,,,,0.218397,0.218397,0.174396,-0.009023,1.220,1.862
forward,1,5.0017,1.9854,0.2000,0.00000,1450.000,1169,same,rolling,1418.274,1144,1418.649,-0.734,1,20,1783745375.402800322,-0.180386,-0.612723,0.712687,0.181251,0.0189430,0.0006814,0.0359695,0.237340,0.237340,0.193339,-0.008342,1.220,1.862
forward,1,5.0194,2.0030,0.2000,0.00000,1450.000,1169,same,rolling,1418.274,1144,1418.649,-0.734,0,0,1783745375.402800322,-0.180386,-0.612723,0.712687,0.181251,,,,0.237340,0.237340,0.193339,-0.008342,1.220,1.862
forward,1,5.0415,2.0251,0.2000,0.00000,1450.000,1169,same,rolling,1418.274,1144,1418.649,-0.734,0,0,1783745375.402800322,-0.180386,-0.612723,0.712687,0.181251,,,,0.237340,0.237340,0.193339,-0.008342,1.220,1.862
forward,1,5.0633,2.0469,0.2000,0.00000,1450.000,1169,same,rolling,1418.274,1144,1418.649,-0.734,0,0,1783745375.402800322,-0.180386,-0.612723,0.712687,0.181251,,,,0.237340,0.237340,0.193339,-0.008342,1.220,1.862
forward,1,5.0849,2.0685,0.2000,0.00000,1450.000,1169,same,rolling,1418.274,1144,1418.649,-0.734,0,0,1783745375.402800322,-0.180386,-0.612723,0.712687,0.181251,,,,0.237340,0.237340,0.193339,-0.008342,1.235,1.845
forward,1,5.1027,2.0863,0.2000,0.00000,1450.000,1169,same,rolling,1418.147,1144,1418.584,-0.800,1,21,1783745375.503025293,-0.167499,-0.601736,0.711914,0.178180,0.0169346,-0.0007735,-0.0456751,0.254274,0.254274,0.210273,-0.009115,1.235,1.845
forward,1,5.1174,2.1010,0.2000,0.00000,1450.000,1169,same,rolling,1418.147,1144,1418.584,-0.800,0,0,1783745375.503025293,-0.167499,-0.601736,0.711914,0.178180,,,,0.254274,0.254274,0.210273,-0.009115,1.235,1.845
forward,1,5.1390,2.1226,0.2000,0.00000,1450.000,1169,same,rolling,1418.147,1144,1418.584,-0.800,0,0,1783745375.503025293,-0.167499,-0.601736,0.711914,0.178180,,,,0.254274,0.254274,0.210273,-0.009115,1.235,1.845
forward,1,5.1605,2.1442,0.2000,0.00000,1450.000,1169,same,rolling,1418.147,1144,1418.584,-0.800,0,0,1783745375.503025293,-0.167499,-0.601736,0.711914,0.178180,,,,0.254274,0.254274,0.210273,-0.009115,1.235,1.845
forward,1,5.1821,2.1657,0.2000,0.00000,1450.000,1169,same,rolling,1418.147,1144,1418.584,-0.800,0,0,1783745375.503025293,-0.167499,-0.601736,0.711914,0.178180,,,,0.254274,0.254274,0.210273,-0.009115,1.253,1.833
forward,1,5.2028,2.1864,0.2000,0.00000,1450.000,1169,same,rolling,1417.976,1144,1418.504,-0.880,1,22,1783745375.603666067,-0.154948,-0.591669,0.712089,0.173577,0.0160794,0.0001755,0.0109144,0.270354,0.270354,0.226353,-0.008940,1.253,1.833
forward,1,5.2153,2.1989,0.2000,0.00000,1450.000,1169,same,rolling,1417.976,1144,1418.504,-0.880,0,0,1783745375.603666067,-0.154948,-0.591669,0.712089,0.173577,,,,0.270354,0.270354,0.226353,-0.008940,1.253,1.833
forward,1,5.2369,2.2206,0.2000,0.00000,1450.000,1169,same,rolling,1417.976,1144,1418.504,-0.880,0,0,1783745375.603666067,-0.154948,-0.591669,0.712089,0.173577,,,,0.270354,0.270354,0.226353,-0.008940,1.253,1.833
forward,1,5.2585,2.2421,0.2000,0.00000,1450.000,1169,same,rolling,1417.976,1144,1418.504,-0.880,0,0,1783745375.603666067,-0.154948,-0.591669,0.712089,0.173577,,,,0.270354,0.270354,0.226353,-0.008940,1.253,1.833
forward,1,5.2801,2.2637,0.2000,0.00000,1450.000,1169,same,rolling,1417.976,1144,1418.504,-0.880,0,0,1783745375.603666067,-0.154948,-0.591669,0.712089,0.173577,,,,0.270354,0.270354,0.226353,-0.008940,1.253,1.833
forward,1,5.3019,2.2856,0.2000,0.00000,1450.000,1169,same,rolling,1417.976,1144,1418.504,-0.880,0,0,1783745375.603666067,-0.154948,-0.591669,0.712089,0.173577,,,,0.270354,0.270354,0.226353,-0.008940,1.266,1.817
forward,1,5.3044,2.2880,0.2000,0.00000,1450.000,1169,same,rolling,1417.853,1143,1418.419,-0.965,1,23,1783745375.703922033,-0.143224,-0.579769,0.711084,0.171701,0.0166496,-0.0010054,-0.0603856,0.287003,0.287003,0.243002,-0.009945,1.266,1.817
forward,1,5.3194,2.3031,0.2000,0.00000,1450.000,1169,same,rolling,1417.853,1143,1418.419,-0.965,0,0,1783745375.703922033,-0.143224,-0.579769,0.711084,0.171701,,,,0.287003,0.287003,0.243002,-0.009945,1.266,1.817
forward,1,5.3411,2.3247,0.2000,0.00000,1450.000,1169,same,rolling,1417.853,1143,1418.419,-0.965,0,0,1783745375.703922033,-0.143224,-0.579769,0.711084,0.171701,,,,0.287003,0.287003,0.243002,-0.009945,1.266,1.817
forward,1,5.3626,2.3462,0.2000,0.00000,1450.000,1169,same,rolling,1417.853,1143,1418.419,-0.965,0,0,1783745375.703922033,-0.143224,-0.579769,0.711084,0.171701,,,,0.287003,0.287003,0.243002,-0.009945,1.266,1.817
forward,1,5.3841,2.3677,0.2000,0.00000,1450.000,1169,same,rolling,1417.853,1143,1418.419,-0.965,0,0,1783745375.703922033,-0.143224,-0.579769,0.711084,0.171701,,,,0.287003,0.287003,0.243002,-0.009945,1.282,1.806
forward,1,5.4035,2.3871,0.2000,0.00000,1450.000,1169,same,rolling,1417.665,1143,1418.320,-1.063,1,24,1783745375.804313660,-0.132336,-0.568732,0.713295,0.167259,0.0154536,0.0022105,0.1430399,0.302457,0.302457,0.258456,-0.007734,1.282,1.806
forward,1,5.4211,2.4047,0.2000,0.00000,1450.000,1169,same,rolling,1417.665,1143,1418.320,-1.063,0,0,1783745375.804313660,-0.132336,-0.568732,0.713295,0.167259,,,,0.302457,0.302457,0.258456,-0.007734,1.282,1.806
forward,1,5.4428,2.4264,0.2000,0.00000,1450.000,1169,same,rolling,1417.665,1143,1418.320,-1.063,0,0,1783745375.804313660,-0.132336,-0.568732,0.713295,0.167259,,,,0.302457,0.302457,0.258456,-0.007734,1.282,1.806
forward,1,5.4643,2.4480,0.2000,0.00000,1450.000,1169,same,rolling,1417.665,1143,1418.320,-1.063,0,0,1783745375.804313660,-0.132336,-0.568732,0.713295,0.167259,,,,0.302457,0.302457,0.258456,-0.007734,1.282,1.806
forward,1,5.4859,2.4695,0.2000,0.00000,1450.000,1169,same,rolling,1417.665,1143,1418.320,-1.063,0,0,1783745375.804313660,-0.132336,-0.568732,0.713295,0.167259,,,,0.302457,0.302457,0.258456,-0.007734,1.296,1.791
forward,1,5.5035,2.4871,0.2000,0.00000,1450.000,1169,same,rolling,1417.208,1143,1418.175,-1.209,1,25,1783745375.904716492,-0.123466,-0.562896,0.714839,0.151652,0.0105252,0.0015444,0.1467333,0.312982,0.312982,0.268981,-0.006190,1.296,1.791
forward,1,5.5161,2.4997,0.2000,0.00000,1450.000,1169,same,rolling,1417.208,1143,1418.175,-1.209,0,0,1783745375.904716492,-0.123466,-0.562896,0.714839,0.151652,,,,0.312982,0.312982,0.268981,-0.006190,1.296,1.791
forward,1,5.5377,2.5213,0.2000,0.00000,1450.000,1169,same,rolling,1417.208,1143,1418.175,-1.209,0,0,1783745375.904716492,-0.123466,-0.562896,0.714839,0.151652,,,,0.312982,0.312982,0.268981,-0.006190,1.296,1.791
forward,1,5.5592,2.5428,0.2000,0.00000,1450.000,1169,same,rolling,1417.208,1143,1418.175,-1.209,0,0,1783745375.904716492,-0.123466,-0.562896,0.714839,0.151652,,,,0.312982,0.312982,0.268981,-0.006190,1.296,1.791
forward,1,5.5807,2.5643,0.2000,0.00000,1450.000,1169,same,rolling,1417.208,1143,1418.175,-1.209,0,0,1783745375.904716492,-0.123466,-0.562896,0.714839,0.151652,,,,0.312982,0.312982,0.268981,-0.006190,1.296,1.791
forward,1,5.6022,2.5859,0.2000,0.00000,1450.000,1169,same,rolling,1417.208,1143,1418.175,-1.209,0,0,1783745375.904716492,-0.123466,-0.562896,0.714839,0.151652,,,,0.312982,0.312982,0.268981,-0.006190,1.311,1.775
forward,1,5.6047,2.5883,0.2000,0.00000,1450.000,1169,same,rolling,1416.976,1143,1418.018,-1.366,1,26,1783745376.004800797,-0.113171,-0.553913,0.716013,0.147869,0.0136637,0.0011736,0.0858906,0.326646,0.326646,0.282645,-0.005016,1.311,1.775
forward,1,5.6194,2.6030,0.2000,0.00000,1450.000,1169,same,rolling,1416.976,1143,1418.018,-1.366,0,0,1783745376.004800797,-0.113171,-0.553913,0.716013,0.147869,,,,0.326646,0.326646,0.282645,-0.005016,1.311,1.775
forward,1,5.6410,2.6247,0.2000,0.00000,1450.000,1169,same,rolling,1416.976,1143,1418.018,-1.366,0,0,1783745376.004800797,-0.113171,-0.553913,0.716013,0.147869,,,,0.326646,0.326646,0.282645,-0.005016,1.311,1.775
forward,1,5.6626,2.6462,0.2000,0.00000,1450.000,1169,same,rolling,1416.976,1143,1418.018,-1.366,0,0,1783745376.004800797,-0.113171,-0.553913,0.716013,0.147869,,,,0.326646,0.326646,0.282645,-0.005016,1.311,1.775
forward,1,5.6841,2.6677,0.2000,0.00000,1450.000,1169,same,rolling,1416.976,1143,1418.018,-1.366,0,0,1783745376.004800797,-0.113171,-0.553913,0.716013,0.147869,,,,0.326646,0.326646,0.282645,-0.005016,1.327,1.761
forward,1,5.7046,2.6882,0.2000,0.00000,1450.000,1169,same,rolling,1417.127,1143,1417.901,-1.482,1,27,1783745376.105252981,-0.098982,-0.539369,0.712202,0.161294,0.0202479,-0.0038105,-0.1881911,0.346894,0.346894,0.302893,-0.008827,1.327,1.761
forward,1,5.7200,2.7036,0.2000,0.00000,1450.000,1169,same,rolling,1417.127,1143,1417.901,-1.482,0,0,1783745376.105252981,-0.098982,-0.539369,0.712202,0.161294,,,,0.346894,0.346894,0.302893,-0.008827,1.327,1.761
forward,1,5.7416,2.7252,0.2000,0.00000,1450.000,1169,same,rolling,1417.127,1143,1417.901,-1.482,0,0,1783745376.105252981,-0.098982,-0.539369,0.712202,0.161294,,,,0.346894,0.346894,0.302893,-0.008827,1.327,1.761
forward,1,5.7631,2.7468,0.2000,0.00000,1450.000,1169,same,rolling,1417.127,1143,1417.901,-1.482,0,0,1783745376.105252981,-0.098982,-0.539369,0.712202,0.161294,,,,0.346894,0.346894,0.302893,-0.008827,1.327,1.761
forward,1,5.7847,2.7683,0.2000,0.00000,1450.000,1169,same,rolling,1417.127,1143,1417.901,-1.482,0,0,1783745376.105252981,-0.098982,-0.539369,0.712202,0.161294,,,,0.346894,0.346894,0.302893,-0.008827,1.344,1.744
forward,1,5.8026,2.7862,0.2000,0.00000,1450.000,1169,same,rolling,1417.578,1143,1417.859,-1.525,1,28,1783745376.205812216,-0.081909,-0.519152,0.710850,0.185935,0.0261313,-0.0013520,-0.0517396,0.373025,0.373025,0.329024,-0.010179,1.344,1.744
forward,1,5.8188,2.8025,0.2000,0.00000,1450.000,1169,same,rolling,1417.578,1143,1417.859,-1.525,0,0,1783745376.205812216,-0.081909,-0.519152,0.710850,0.185935,,,,0.373025,0.373025,0.329024,-0.010179,1.344,1.744
forward,1,5.8405,2.8241,0.2000,0.00000,1450.000,1169,same,rolling,1417.578,1143,1417.859,-1.525,0,0,1783745376.205812216,-0.081909,-0.519152,0.710850,0.185935,,,,0.373025,0.373025,0.329024,-0.010179,1.344,1.744
forward,1,5.8621,2.8457,0.2000,0.00000,1450.000,1169,same,rolling,1417.578,1143,1417.859,-1.525,0,0,1783745376.205812216,-0.081909,-0.519152,0.710850,0.185935,,,,0.373025,0.373025,0.329024,-0.010179,1.344,1.744
forward,1,5.8838,2.8674,0.2000,0.00000,1450.000,1169,same,rolling,1417.578,1143,1417.859,-1.525,0,0,1783745376.205812216,-0.081909,-0.519152,0.710850,0.185935,,,,0.373025,0.373025,0.329024,-0.010179,1.363,1.726
forward,1,5.9029,2.8865,0.2000,0.00000,1450.000,1169,same,rolling,1417.643,1143,1417.831,-1.552,1,29,1783745376.303814411,-0.064057,-0.509170,0.708394,0.190591,0.0200470,-0.0024559,-0.1225066,0.393072,0.393072,0.349071,-0.012635,1.363,1.726
forward,1,5.9247,2.9084,0.2000,0.00000,1450.000,1169,same,rolling,1417.643,1143,1417.831,-1.552,0,0,1783745376.303814411,-0.064057,-0.509170,0.708394,0.190591,,,,0.393072,0.393072,0.349071,-0.012635,1.363,1.726
forward,1,5.9465,2.9302,0.2000,0.00000,1450.000,1169,same,rolling,1417.643,1143,1417.831,-1.552,0,0,1783745376.303814411,-0.064057,-0.509170,0.708394,0.190591,,,,0.393072,0.393072,0.349071,-0.012635,1.363,1.726
forward,1,5.9681,2.9517,0.2000,0.00000,1450.000,1169,same,rolling,1417.643,1143,1417.831,-1.552,0,0,1783745376.303814411,-0.064057,-0.509170,0.708394,0.190591,,,,0.393072,0.393072,0.349071,-0.012635,1.363,1.726
forward,1,5.9896,2.9732,0.2000,0.00000,1450.000,1169,same,rolling,1417.643,1143,1417.831,-1.552,0,0,1783745376.303814411,-0.064057,-0.509170,0.708394,0.190591,,,,0.393072,0.393072,0.349071,-0.012635,1.378,1.714
forward,1,6.0006,2.9842,0.2000,0.00000,1450.000,1169,same,rolling,1417.293,1143,1417.761,-1.623,1,30,1783745376.404134035,-0.052252,-0.502184,0.709754,0.176607,0.0135087,0.0013600,0.1006733,0.406581,0.406581,0.362580,-0.011275,1.378,1.714
forward,1,6.0195,3.0032,0.2000,0.00000,1450.000,1169,same,rolling,1417.293,1143,1417.761,-1.623,0,0,1783745376.404134035,-0.052252,-0.502184,0.709754,0.176607,,,,0.406581,0.406581,0.362580,-0.011275,1.378,1.714
forward,1,6.0412,3.0248,0.2000,0.00000,1450.000,1169,same,rolling,1417.293,1143,1417.761,-1.623,0,0,1783745376.404134035,-0.052252,-0.502184,0.709754,0.176607,,,,0.406581,0.406581,0.362580,-0.011275,1.378,1.714
forward,1,6.0631,3.0467,0.2000,0.00000,1450.000,1169,same,rolling,1417.293,1143,1417.761,-1.623,0,0,1783745376.404134035,-0.052252,-0.502184,0.709754,0.176607,,,,0.406581,0.406581,0.362580,-0.011275,1.378,1.714
forward,1,6.0848,3.0684,0.2000,0.00000,1450.000,1169,same,rolling,1417.293,1143,1417.761,-1.623,0,0,1783745376.404134035,-0.052252,-0.502184,0.709754,0.176607,,,,0.406581,0.406581,0.362580,-0.011275,1.393,1.699
forward,1,6.1011,3.0847,0.2000,0.00000,1450.000,1169,same,rolling,1417.081,1143,1417.674,-1.710,1,31,1783745376.501879215,-0.043513,-0.489607,0.707440,0.170360,0.0148199,-0.0023139,-0.1561353,0.421401,0.421401,0.377400,-0.013589,1.393,1.699
forward,1,6.1224,3.1060,0.2000,0.00000,1450.000,1169,same,rolling,1417.081,1143,1417.674,-1.710,0,0,1783745376.501879215,-0.043513,-0.489607,0.707440,0.170360,,,,0.421401,0.421401,0.377400,-0.013589,1.393,1.699
forward,1,6.1441,3.1277,0.2000,0.00000,1450.000,1169,same,rolling,1417.081,1143,1417.674,-1.710,0,0,1783745376.501879215,-0.043513,-0.489607,0.707440,0.170360,,,,0.421401,0.421401,0.377400,-0.013589,1.393,1.699
forward,1,6.1657,3.1493,0.2000,0.00000,1450.000,1169,same,rolling,1417.081,1143,1417.674,-1.710,0,0,1783745376.501879215,-0.043513,-0.489607,0.707440,0.170360,,,,0.421401,0.421401,0.377400,-0.013589,1.393,1.699
forward,1,6.1872,3.1708,0.2000,0.00000,1450.000,1169,same,rolling,1417.081,1143,1417.674,-1.710,0,0,1783745376.501879215,-0.043513,-0.489607,0.707440,0.170360,,,,0.421401,0.421401,0.377400,-0.013589,1.409,1.684
forward,1,6.2017,3.1853,0.2000,0.00000,1450.000,1169,same,rolling,1416.838,1143,1417.565,-1.819,1,32,1783745376.602366447,-0.031728,-0.481173,0.706194,0.163690,0.0144381,-0.0012458,-0.0862875,0.435839,0.435839,0.391838,-0.014835,1.409,1.684
forward,1,6.2118,3.1954,0.2000,0.00000,1450.000,1169,same,rolling,1416.838,1143,1417.565,-1.819,0,0,1783745376.602366447,-0.031728,-0.481173,0.706194,0.163690,,,,0.435839,0.435839,0.391838,-0.014835,1.409,1.684
forward,1,6.2335,3.2171,0.2000,0.00000,1450.000,1169,same,rolling,1416.838,1143,1417.565,-1.819,0,0,1783745376.602366447,-0.031728,-0.481173,0.706194,0.163690,,,,0.435839,0.435839,0.391838,-0.014835,1.409,1.684
forward,1,6.2551,3.2387,0.2000,0.00000,1450.000,1169,same,rolling,1416.838,1143,1417.565,-1.819,0,0,1783745376.602366447,-0.031728,-0.481173,0.706194,0.163690,,,,0.435839,0.435839,0.391838,-0.014835,1.409,1.684
forward,1,6.2767,3.2603,0.2000,0.00000,1450.000,1169,same,rolling,1416.838,1143,1417.565,-1.819,0,0,1783745376.602366447,-0.031728,-0.481173,0.706194,0.163690,,,,0.435839,0.435839,0.391838,-0.014835,1.409,1.684
forward,1,6.2983,3.2820,0.2000,0.00000,1450.000,1169,same,rolling,1416.838,1143,1417.565,-1.819,0,0,1783745376.602366447,-0.031728,-0.481173,0.706194,0.163690,,,,0.435839,0.435839,0.391838,-0.014835,1.409,1.674
forward,1,6.3009,3.2845,0.2000,0.00000,1450.000,1169,same,rolling,1416.603,1142,1417.439,-1.945,1,33,1783745376.702854156,-0.021913,-0.470719,0.704774,0.158223,0.0142513,-0.0014206,-0.0996824,0.450090,0.450090,0.406089,-0.016255,1.409,1.674
forward,2,6.3139,0.0001,0.2000,0.30000,1542.308,1244,increasing,rolling,1416.603,1142,1417.439,-1.945,0,0,1783745376.702854156,-0.021913,-0.470719,0.704774,0.158223,,,,0.000000,0.450090,0.000000,0.000000,1.409,1.674
forward,2,6.3356,0.0218,0.2000,0.30000,1542.308,1244,increasing,rolling,1416.603,1142,1417.439,-1.945,0,0,1783745376.702854156,-0.021913,-0.470719,0.704774,0.158223,,,,0.000000,0.450090,0.000000,0.000000,1.409,1.674
forward,2,6.3574,0.0436,0.2000,0.30000,1542.308,1244,increasing,rolling,1416.603,1142,1417.439,-1.945,0,0,1783745376.702854156,-0.021913,-0.470719,0.704774,0.158223,,,,0.000000,0.450090,0.000000,0.000000,1.409,1.674
forward,2,6.3793,0.0655,0.2000,0.30000,1542.308,1244,increasing,rolling,1416.603,1142,1417.439,-1.945,0,0,1783745376.702854156,-0.021913,-0.470719,0.704774,0.158223,,,,0.000000,0.450090,0.000000,0.000000,1.377,1.666
forward,2,6.4012,0.0874,0.2000,0.30000,1542.308,1244,increasing,rolling,1416.328,1142,1417.296,-2.087,1,1,1783745376.800817013,-0.012360,-0.462052,0.703868,0.151566,0.0128914,-0.0009058,-0.0702607,0.012891,0.462981,0.000000,0.000000,1.377,1.666
forward,2,6.4088,0.0950,0.2000,0.30000,1542.308,1244,increasing,rolling,1416.328,1142,1417.296,-2.087,0,0,1783745376.800817013,-0.012360,-0.462052,0.703868,0.151566,,,,0.012891,0.462981,0.000000,0.000000,1.377,1.666
forward,2,6.4307,0.1170,0.2000,0.30000,1542.308,1244,increasing,rolling,1416.328,1142,1417.296,-2.087,0,0,1783745376.800817013,-0.012360,-0.462052,0.703868,0.151566,,,,0.012891,0.462981,0.000000,0.000000,1.377,1.666
forward,2,6.4526,0.1388,0.2000,0.30000,1542.308,1244,increasing,rolling,1416.328,1142,1417.296,-2.087,0,0,1783745376.800817013,-0.012360,-0.462052,0.703868,0.151566,,,,0.012891,0.462981,0.000000,0.000000,1.377,1.666
forward,2,6.4741,0.1603,0.2000,0.30000,1542.308,1244,increasing,rolling,1416.328,1142,1417.296,-2.087,0,0,1783745376.800817013,-0.012360,-0.462052,0.703868,0.151566,,,,0.012891,0.462981,0.000000,0.000000,1.377,1.666
forward,2,6.4957,0.1819,0.2000,0.30000,1542.308,1244,increasing,rolling,1416.328,1142,1417.296,-2.087,0,0,1783745376.800817013,-0.012360,-0.462052,0.703868,0.151566,,,,0.012891,0.462981,0.000000,0.000000,1.379,1.656
forward,2,6.5005,0.1867,0.2000,0.30000,1542.308,1244,increasing,rolling,1415.881,1142,1417.110,-2.273,1,2,1783745376.901745081,-0.005274,-0.454887,0.708313,0.138545,0.0100407,0.0044455,0.4427457,0.022932,0.473022,0.000000,0.000000,1.379,1.656
forward,2,6.5194,0.2056,0.2000,0.30000,1542.308,1244,increasing,rolling,1415.881,1142,1417.110,-2.273,0,0,1783745376.901745081,-0.005274,-0.454887,0.708313,0.138545,,,,0.022932,0.473022,0.000000,0.000000,1.379,1.656
forward,2,6.5410,0.2273,0.2000,0.30000,1542.308,1244,increasing,rolling,1415.881,1142,1417.110,-2.273,0,0,1783745376.901745081,-0.005274,-0.454887,0.708313,0.138545,,,,0.022932,0.473022,0.000000,0.000000,1.379,1.656
forward,2,6.5626,0.2488,0.2000,0.30000,1542.308,1244,increasing,rolling,1415.881,1142,1417.110,-2.273,0,0,1783745376.901745081,-0.005274,-0.454887,0.708313,0.138545,,,,0.022932,0.473022,0.000000,0.000000,1.379,1.656
forward,2,6.5841,0.2703,0.2000,0.30000,1542.308,1244,increasing,rolling,1415.881,1142,1417.110,-2.273,0,0,1783745376.901745081,-0.005274,-0.454887,0.708313,0.138545,,,,0.022932,0.473022,0.000000,0.000000,1.352,1.639
forward,2,6.5984,0.2846,0.2000,0.30000,1542.308,1244,increasing,rolling,1415.430,1141,1416.891,-2.492,1,3,1783745377.001664162,0.002819,-0.450171,0.712192,0.126956,0.0092113,0.0038781,0.4210147,0.032143,0.482234,0.000000,0.000000,1.352,1.639
forward,2,6.6083,0.2945,0.2000,0.30000,1542.308,1244,increasing,rolling,1415.430,1141,1416.891,-2.492,0,0,1783745377.001664162,0.002819,-0.450171,0.712192,0.126956,,,,0.032143,0.482234,0.000000,0.000000,1.352,1.639
forward,2,6.6300,0.3162,0.2000,0.30000,1542.308,1244,increasing,rolling,1415.430,1141,1416.891,-2.492,0,0,1783745377.001664162,0.002819,-0.450171,0.712192,0.126956,,,,0.032143,0.482234,0.000000,0.000000,1.352,1.639
forward,2,6.6515,0.3378,0.2000,0.30000,1542.308,1244,increasing,rolling,1415.430,1141,1416.891,-2.492,0,0,1783745377.001664162,0.002819,-0.450171,0.712192,0.126956,,,,0.032143,0.482234,0.000000,0.000000,1.352,1.639
forward,2,6.6731,0.3593,0.2000,0.30000,1542.308,1244,increasing,rolling,1415.430,1141,1416.891,-2.492,0,0,1783745377.001664162,0.002819,-0.450171,0.712192,0.126956,,,,0.032143,0.482234,0.000000,0.000000,1.352,1.639
forward,2,6.6947,0.3809,0.2000,0.30000,1542.308,1244,increasing,rolling,1415.430,1141,1416.891,-2.492,0,0,1783745377.001664162,0.002819,-0.450171,0.712192,0.126956,,,,0.032143,0.482234,0.000000,0.000000,1.354,1.623
forward,2,6.6988,0.3850,0.2000,0.30000,1542.308,1244,increasing,rolling,1415.174,1141,1416.672,-2.712,1,4,1783745377.099423170,0.012786,-0.443818,0.716278,0.125118,0.0116926,0.0040861,0.3494590,0.043836,0.493926,0.000000,0.000000,1.354,1.623
forward,2,6.7091,0.3953,0.2000,0.30000,1542.308,1244,increasing,rolling,1415.174,1141,1416.672,-2.712,0,0,1783745377.099423170,0.012786,-0.443818,0.716278,0.125118,,,,0.043836,0.493926,0.000000,0.000000,1.354,1.623
forward,2,6.7307,0.4169,0.2000,0.30000,1542.308,1244,increasing,rolling,1415.174,1141,1416.672,-2.712,0,0,1783745377.099423170,0.012786,-0.443818,0.716278,0.125118,,,,0.043836,0.493926,0.000000,0.000000,1.354,1.623
forward,2,6.7522,0.4384,0.2000,0.30000,1542.308,1244,increasing,rolling,1415.174,1141,1416.672,-2.712,0,0,1783745377.099423170,0.012786,-0.443818,0.716278,0.125118,,,,0.043836,0.493926,0.000000,0.000000,1.354,1.623
forward,2,6.7737,0.4599,0.2000,0.30000,1542.308,1244,increasing,rolling,1415.174,1141,1416.672,-2.712,0,0,1783745377.099423170,0.012786,-0.443818,0.716278,0.125118,,,,0.043836,0.493926,0.000000,0.000000,1.354,1.623
forward,2,6.7952,0.4814,0.2000,0.30000,1542.308,1244,increasing,rolling,1415.174,1141,1416.672,-2.712,0,0,1783745377.099423170,0.012786,-0.443818,0.716278,0.125118,,,,0.043836,0.493926,0.000000,0.000000,1.309,1.604
forward,2,6.7990,0.4852,0.2000,0.30000,1542.308,1244,increasing,rolling,1415.732,1142,1416.549,-2.835,1,5,1783745377.199990988,0.029188,-0.422656,0.723949,0.159181,0.0262853,0.0076710,0.2918361,0.070121,0.520211,0.000000,0.000000,1.309,1.604
forward,2,6.8209,0.5071,0.2000,0.30000,1542.308,1244,increasing,rolling,1415.732,1142,1416.549,-2.835,0,0,1783745377.199990988,0.029188,-0.422656,0.723949,0.159181,,,,0.070121,0.520211,0.000000,0.000000,1.309,1.604
forward,2,6.8223,0.5085,0.2000,0.30000,1542.308,1244,increasing,rolling,1415.732,1142,1416.549,-2.835,0,0,1783745377.199990988,0.029188,-0.422656,0.723949,0.159181,,,,0.070121,0.520211,0.000000,0.000000,1.309,1.604
forward,2,6.8440,0.5302,0.2000,0.30000,1542.308,1244,increasing,rolling,1415.732,1142,1416.549,-2.835,0,0,1783745377.199990988,0.029188,-0.422656,0.723949,0.159181,,,,0.070121,0.520211,0.000000,0.000000,1.309,1.604
forward,2,6.8657,0.5519,0.2000,0.30000,1542.308,1244,increasing,rolling,1415.732,1142,1416.549,-2.835,0,0,1783745377.199990988,0.029188,-0.422656,0.723949,0.159181,,,,0.070121,0.520211,0.000000,0.000000,1.309,1.604
forward,2,6.8874,0.5736,0.2000,0.30000,1542.308,1244,increasing,rolling,1415.732,1142,1416.549,-2.835,0,0,1783745377.199990988,0.029188,-0.422656,0.723949,0.159181,,,,0.070121,0.520211,0.000000,0.000000,1.299,1.582
forward,2,6.8997,0.5859,0.2000,0.30000,1542.308,1244,increasing,rolling,1416.020,1142,1416.480,-2.904,1,6,1783745377.300212145,0.046357,-0.407177,0.729734,0.177048,0.0231160,0.0057854,0.2502781,0.093237,0.543327,0.000000,0.000000,1.299,1.582
forward,2,6.9087,0.5949,0.2000,0.30000,1542.308,1244,increasing,rolling,1416.020,1142,1416.480,-2.904,0,0,1783745377.300212145,0.046357,-0.407177,0.729734,0.177048,,,,0.093237,0.543327,0.000000,0.000000,1.299,1.582
forward,2,6.9303,0.6165,0.2000,0.30000,1542.308,1244,increasing,rolling,1416.020,1142,1416.480,-2.904,0,0,1783745377.300212145,0.046357,-0.407177,0.729734,0.177048,,,,0.093237,0.543327,0.000000,0.000000,1.299,1.582
forward,2,6.9518,0.6380,0.2000,0.30000,1542.308,1244,increasing,rolling,1416.020,1142,1416.480,-2.904,0,0,1783745377.300212145,0.046357,-0.407177,0.729734,0.177048,,,,0.093237,0.543327,0.000000,0.000000,1.299,1.582
forward,2,6.9734,0.6597,0.2000,0.30000,1542.308,1244,increasing,rolling,1416.020,1142,1416.480,-2.904,0,0,1783745377.300212145,0.046357,-0.407177,0.729734,0.177048,,,,0.093237,0.543327,0.000000,0.000000,1.299,1.582
forward,2,6.9951,0.6813,0.2000,0.30000,1542.308,1244,increasing,rolling,1416.020,1142,1416.480,-2.904,0,0,1783745377.300212145,0.046357,-0.407177,0.729734,0.177048,,,,0.093237,0.543327,0.000000,0.000000,1.312,1.559
forward,2,7.0000,0.6862,0.2000,0.30000,1542.308,1244,increasing,rolling,1416.213,1142,1416.445,-2.939,1,7,1783745377.400760889,0.064516,-0.393908,0.735806,0.188415,0.0223737,0.0060724,0.2714082,0.115611,0.565701,0.000000,0.000000,1.312,1.559
forward,2,7.0089,0.6951,0.2000,0.30000,1542.308,1244,increasing,rolling,1416.213,1142,1416.445,-2.939,0,0,1783745377.400760889,0.064516,-0.393908,0.735806,0.188415,,,,0.115611,0.565701,0.000000,0.000000,1.312,1.559
forward,2,7.0305,0.7168,0.2000,0.30000,1542.308,1244,increasing,rolling,1416.213,1142,1416.445,-2.939,0,0,1783745377.400760889,0.064516,-0.393908,0.735806,0.188415,,,,0.115611,0.565701,0.000000,0.000000,1.312,1.559
forward,2,7.0521,0.7383,0.2000,0.30000,1542.308,1244,increasing,rolling,1416.213,1142,1416.445,-2.939,0,0,1783745377.400760889,0.064516,-0.393908,0.735806,0.188415,,,,0.115611,0.565701,0.000000,0.000000,1.312,1.559
forward,2,7.0737,0.7599,0.2000,0.30000,1542.308,1244,increasing,rolling,1416.213,1142,1416.445,-2.939,0,0,1783745377.400760889,0.064516,-0.393908,0.735806,0.188415,,,,0.115611,0.565701,0.000000,0.000000,1.312,1.559
forward,2,7.0954,0.7816,0.2000,0.30000,1542.308,1244,increasing,rolling,1416.213,1142,1416.445,-2.939,0,0,1783745377.400760889,0.064516,-0.393908,0.735806,0.188415,,,,0.115611,0.565701,0.000000,0.000000,1.334,1.533
forward,2,7.1001,0.7863,0.2000,0.30000,1542.308,1244,increasing,rolling,1416.528,1142,1416.455,-2.928,1,8,1783745377.501300573,0.083595,-0.377644,0.745080,0.203616,0.0250563,0.0092731,0.3700909,0.140667,0.590757,0.025056,0.009273,1.334,1.533
forward,2,7.1183,0.8045,0.2000,0.30000,1542.308,1244,increasing,rolling,1416.528,1142,1416.455,-2.928,0,0,1783745377.501300573,0.083595,-0.377644,0.745080,0.203616,,,,0.140667,0.590757,0.025056,0.009273,1.334,1.533
forward,2,7.1400,0.8262,0.2000,0.30000,1542.308,1244,increasing,rolling,1416.528,1142,1416.455,-2.928,0,0,1783745377.501300573,0.083595,-0.377644,0.745080,0.203616,,,,0.140667,0.590757,0.025056,0.009273,1.334,1.533
forward,2,7.1615,0.8478,0.2000,0.30000,1542.308,1244,increasing,rolling,1416.528,1142,1416.455,-2.928,0,0,1783745377.501300573,0.083595,-0.377644,0.745080,0.203616,,,,0.140667,0.590757,0.025056,0.009273,1.334,1.533
forward,2,7.1831,0.8693,0.2000,0.30000,1542.308,1244,increasing,rolling,1416.528,1142,1416.455,-2.928,0,0,1783745377.501300573,0.083595,-0.377644,0.745080,0.203616,,,,0.140667,0.590757,0.025056,0.009273,1.359,1.508
forward,2,7.1979,0.8841,0.2000,0.30000,1542.308,1244,increasing,rolling,1416.935,1143,1416.518,-2.866,1,9,1783745377.601300240,0.104144,-0.359727,0.754513,0.220833,0.0272483,0.0094333,0.3461974,0.167916,0.618006,0.052305,0.018706,1.359,1.508
forward,2,7.2097,0.8959,0.2000,0.30000,1542.308,1244,increasing,rolling,1416.935,1143,1416.518,-2.866,0,0,1783745377.601300240,0.104144,-0.359727,0.754513,0.220833,,,,0.167916,0.618006,0.052305,0.018706,1.359,1.508
forward,2,7.2314,0.9176,0.2000,0.30000,1542.308,1244,increasing,rolling,1416.935,1143,1416.518,-2.866,0,0,1783745377.601300240,0.104144,-0.359727,0.754513,0.220833,,,,0.167916,0.618006,0.052305,0.018706,1.359,1.508
forward,2,7.2530,0.9393,0.2000,0.30000,1542.308,1244,increasing,rolling,1416.935,1143,1416.518,-2.866,0,0,1783745377.601300240,0.104144,-0.359727,0.754513,0.220833,,,,0.167916,0.618006,0.052305,0.018706,1.359,1.508
forward,2,7.2746,0.9608,0.2000,0.30000,1542.308,1244,increasing,rolling,1416.935,1143,1416.518,-2.866,0,0,1783745377.601300240,0.104144,-0.359727,0.754513,0.220833,,,,0.167916,0.618006,0.052305,0.018706,1.359,1.508
forward,2,7.2962,0.9824,0.2000,0.30000,1542.308,1244,increasing,rolling,1416.935,1143,1416.518,-2.866,0,0,1783745377.601300240,0.104144,-0.359727,0.754513,0.220833,,,,0.167916,0.618006,0.052305,0.018706,1.384,1.483
forward,2,7.2987,0.9849,0.2000,0.30000,1542.308,1244,increasing,rolling,1417.288,1143,1416.617,-2.767,1,10,1783745377.699094772,0.121781,-0.339688,0.763418,0.233592,0.0265872,0.0089047,0.3349260,0.194503,0.644593,0.078892,0.027611,1.384,1.483
forward,2,7.3092,0.9954,0.2000,0.30000,1542.308,1244,increasing,rolling,1417.288,1143,1416.617,-2.767,0,0,1783745377.699094772,0.121781,-0.339688,0.763418,0.233592,,,,0.194503,0.644593,0.078892,0.027611,1.384,1.483
forward,2,7.3310,1.0172,0.2000,0.30000,1542.308,1244,increasing,rolling,1417.288,1143,1416.617,-2.767,0,0,1783745377.699094772,0.121781,-0.339688,0.763418,0.233592,,,,0.194503,0.644593,0.078892,0.027611,1.384,1.483
forward,2,7.3525,1.0387,0.2000,0.30000,1542.308,1244,increasing,rolling,1417.288,1143,1416.617,-2.767,0,0,1783745377.699094772,0.121781,-0.339688,0.763418,0.233592,,,,0.194503,0.644593,0.078892,0.027611,1.384,1.483
forward,2,7.3741,1.0603,0.2000,0.30000,1542.308,1244,increasing,rolling,1417.288,1143,1416.617,-2.767,0,0,1783745377.699094772,0.121781,-0.339688,0.763418,0.233592,,,,0.194503,0.644593,0.078892,0.027611,1.384,1.483
forward,2,7.3956,1.0818,0.2000,0.30000,1542.308,1244,increasing,rolling,1417.288,1143,1416.617,-2.767,0,0,1783745377.699094772,0.121781,-0.339688,0.763418,0.233592,,,,0.194503,0.644593,0.078892,0.027611,1.408,1.460
forward,2,7.3987,1.0849,0.2000,0.30000,1542.308,1244,increasing,rolling,1417.291,1143,1416.705,-2.679,1,11,1783745377.799540520,0.138231,-0.325434,0.770369,0.229292,0.0217359,0.0069518,0.3198321,0.216239,0.666329,0.100628,0.034563,1.408,1.460
forward,2,7.4193,1.1055,0.2000,0.30000,1542.308,1244,increasing,rolling,1417.291,1143,1416.705,-2.679,0,0,1783745377.799540520,0.138231,-0.325434,0.770369,0.229292,,,,0.216239,0.666329,0.100628,0.034563,1.408,1.460
forward,2,7.4410,1.1272,0.2000,0.30000,1542.308,1244,increasing,rolling,1417.291,1143,1416.705,-2.679,0,0,1783745377.799540520,0.138231,-0.325434,0.770369,0.229292,,,,0.216239,0.666329,0.100628,0.034563,1.408,1.460
forward,2,7.4626,1.1488,0.2000,0.30000,1542.308,1244,increasing,rolling,1417.291,1143,1416.705,-2.679,0,0,1783745377.799540520,0.138231,-0.325434,0.770369,0.229292,,,,0.216239,0.666329,0.100628,0.034563,1.408,1.460
forward,2,7.4842,1.1704,0.2000,0.30000,1542.308,1244,increasing,rolling,1417.291,1143,1416.705,-2.679,0,0,1783745377.799540520,0.138231,-0.325434,0.770369,0.229292,,,,0.216239,0.666329,0.100628,0.034563,1.431,1.437
forward,2,7.4993,1.1855,0.2000,0.30000,1542.308,1244,increasing,rolling,1417.689,1143,1416.834,-2.550,1,12,1783745377.899963140,0.158906,-0.305906,0.777204,0.242759,0.0284356,0.0068341,0.2403379,0.244674,0.694764,0.129063,0.041397,1.431,1.437
forward,2,7.5117,1.1979,0.2000,0.30000,1542.308,1244,increasing,rolling,1417.689,1143,1416.834,-2.550,0,0,1783745377.899963140,0.158906,-0.305906,0.777204,0.242759,,,,0.244674,0.694764,0.129063,0.041397,1.431,1.437
forward,2,7.5335,1.2197,0.2000,0.30000,1542.308,1244,increasing,rolling,1417.689,1143,1416.834,-2.550,0,0,1783745377.899963140,0.158906,-0.305906,0.777204,0.242759,,,,0.244674,0.694764,0.129063,0.041397,1.431,1.437
forward,2,7.5550,1.2413,0.2000,0.30000,1542.308,1244,increasing,rolling,1417.689,1143,1416.834,-2.550,0,0,1783745377.899963140,0.158906,-0.305906,0.777204,0.242759,,,,0.244674,0.694764,0.129063,0.041397,1.431,1.437
forward,2,7.5766,1.2628,0.2000,0.30000,1542.308,1244,increasing,rolling,1417.689,1143,1416.834,-2.550,0,0,1783745377.899963140,0.158906,-0.305906,0.777204,0.242759,,,,0.244674,0.694764,0.129063,0.041397,1.431,1.437
forward,2,7.5983,1.2845,0.2000,0.30000,1542.308,1244,increasing,rolling,1417.689,1143,1416.834,-2.550,0,0,1783745377.899963140,0.158906,-0.305906,0.777204,0.242759,,,,0.244674,0.694764,0.129063,0.041397,1.454,1.414
forward,2,7.6009,1.2871,0.2000,0.30000,1542.308,1244,increasing,rolling,1417.920,1143,1416.976,-2.408,1,13,1783745378.000327110,0.175765,-0.285753,0.783846,0.247230,0.0261593,0.0066422,0.2539140,0.270834,0.720924,0.155223,0.048039,1.454,1.414
forward,2,7.6140,1.3002,0.2000,0.30000,1542.308,1244,increasing,rolling,1417.920,1143,1416.976,-2.408,0,0,1783745378.000327110,0.175765,-0.285753,0.783846,0.247230,,,,0.270834,0.720924,0.155223,0.048039,1.454,1.414
forward,2,7.6357,1.3219,0.2000,0.30000,1542.308,1244,increasing,rolling,1417.920,1143,1416.976,-2.408,0,0,1783745378.000327110,0.175765,-0.285753,0.783846,0.247230,,,,0.270834,0.720924,0.155223,0.048039,1.454,1.414
forward,2,7.6574,1.3436,0.2000,0.30000,1542.308,1244,increasing,rolling,1417.920,1143,1416.976,-2.408,0,0,1783745378.000327110,0.175765,-0.285753,0.783846,0.247230,,,,0.270834,0.720924,0.155223,0.048039,1.454,1.414
forward,2,7.6790,1.3652,0.2000,0.30000,1542.308,1244,increasing,rolling,1417.920,1143,1416.976,-2.408,0,0,1783745378.000327110,0.175765,-0.285753,0.783846,0.247230,,,,0.270834,0.720924,0.155223,0.048039,1.477,1.392
forward,2,7.6997,1.3859,0.2000,0.30000,1542.308,1244,increasing,rolling,1418.051,1144,1417.117,-2.267,1,14,1783745378.100790262,0.190652,-0.265810,0.790866,0.246729,0.0246359,0.0070200,0.2849480,0.295469,0.745559,0.179858,0.055059,1.477,1.392
forward,2,7.7138,1.4000,0.2000,0.30000,1542.308,1244,increasing,rolling,1418.051,1144,1417.117,-2.267,0,0,1783745378.100790262,0.190652,-0.265810,0.790866,0.246729,,,,0.295469,0.745559,0.179858,0.055059,1.477,1.392
forward,2,7.7355,1.4217,0.2000,0.30000,1542.308,1244,increasing,rolling,1418.051,1144,1417.117,-2.267,0,0,1783745378.100790262,0.190652,-0.265810,0.790866,0.246729,,,,0.295469,0.745559,0.179858,0.055059,1.477,1.392
forward,2,7.7572,1.4434,0.2000,0.30000,1542.308,1244,increasing,rolling,1418.051,1144,1417.117,-2.267,0,0,1783745378.100790262,0.190652,-0.265810,0.790866,0.246729,,,,0.295469,0.745559,0.179858,0.055059,1.477,1.392
forward,2,7.7787,1.4649,0.2000,0.30000,1542.308,1244,increasing,rolling,1418.051,1144,1417.117,-2.267,0,0,1783745378.100790262,0.190652,-0.265810,0.790866,0.246729,,,,0.295469,0.745559,0.179858,0.055059,1.496,1.372
forward,2,7.8001,1.4864,0.2000,0.30000,1542.308,1244,increasing,rolling,1418.006,1144,1417.233,-2.151,1,15,1783745378.200923920,0.206752,-0.251532,0.797228,0.238646,0.0214683,0.0063623,0.2963593,0.316938,0.767028,0.201327,0.061422,1.496,1.372
forward,2,7.8124,1.4987,0.2000,0.30000,1542.308,1244,increasing,rolling,1418.006,1144,1417.233,-2.151,0,0,1783745378.200923920,0.206752,-0.251532,0.797228,0.238646,,,,0.316938,0.767028,0.201327,0.061422,1.496,1.372
forward,2,7.8341,1.5203,0.2000,0.30000,1542.308,1244,increasing,rolling,1418.006,1144,1417.233,-2.151,0,0,1783745378.200923920,0.206752,-0.251532,0.797228,0.238646,,,,0.316938,0.767028,0.201327,0.061422,1.496,1.372
forward,2,7.8556,1.5418,0.2000,0.30000,1542.308,1244,increasing,rolling,1418.006,1144,1417.233,-2.151,0,0,1783745378.200923920,0.206752,-0.251532,0.797228,0.238646,,,,0.316938,0.767028,0.201327,0.061422,1.496,1.372
forward,2,7.8771,1.5634,0.2000,0.30000,1542.308,1244,increasing,rolling,1418.006,1144,1417.233,-2.151,0,0,1783745378.200923920,0.206752,-0.251532,0.797228,0.238646,,,,0.316938,0.767028,0.201327,0.061422,1.496,1.372
forward,2,7.8987,1.5849,0.2000,0.30000,1542.308,1244,increasing,rolling,1418.006,1144,1417.233,-2.151,0,0,1783745378.200923920,0.206752,-0.251532,0.797228,0.238646,,,,0.316938,0.767028,0.201327,0.061422,1.514,1.355
forward,2,7.9013,1.5875,0.2000,0.30000,1542.308,1244,increasing,rolling,1417.942,1144,1417.326,-2.058,1,16,1783745378.301348686,0.223977,-0.239213,0.806442,0.230841,0.0208307,0.0092141,0.4423356,0.337768,0.787858,0.222157,0.070636,1.514,1.355
forward,2,7.9176,1.6039,0.2000,0.30000,1542.308,1244,increasing,rolling,1417.942,1144,1417.326,-2.058,0,0,1783745378.301348686,0.223977,-0.239213,0.806442,0.230841,,,,0.337768,0.787858,0.222157,0.070636,1.514,1.355
forward,2,7.9393,1.6255,0.2000,0.30000,1542.308,1244,increasing,rolling,1417.942,1144,1417.326,-2.058,0,0,1783745378.301348686,0.223977,-0.239213,0.806442,0.230841,,,,0.337768,0.787858,0.222157,0.070636,1.514,1.355
forward,2,7.9608,1.6470,0.2000,0.30000,1542.308,1244,increasing,rolling,1417.942,1144,1417.326,-2.058,0,0,1783745378.301348686,0.223977,-0.239213,0.806442,0.230841,,,,0.337768,0.787858,0.222157,0.070636,1.514,1.355
forward,2,7.9823,1.6685,0.2000,0.30000,1542.308,1244,increasing,rolling,1417.942,1144,1417.326,-2.058,0,0,1783745378.301348686,0.223977,-0.239213,0.806442,0.230841,,,,0.337768,0.787858,0.222157,0.070636,1.533,1.334
forward,2,8.0010,1.6873,0.2000,0.30000,1542.308,1244,increasing,rolling,1418.069,1144,1417.423,-1.961,1,17,1783745378.401780128,0.238199,-0.219923,0.813549,0.232319,0.0237775,0.0071066,0.2988779,0.361546,0.811636,0.245935,0.077742,1.533,1.334
forward,2,8.0189,1.7051,0.2000,0.30000,1542.308,1244,increasing,rolling,1418.069,1144,1417.423,-1.961,0,0,1783745378.401780128,0.238199,-0.219923,0.813549,0.232319,,,,0.361546,0.811636,0.245935,0.077742,1.533,1.334
forward,2,8.0405,1.7267,0.2000,0.30000,1542.308,1244,increasing,rolling,1418.069,1144,1417.423,-1.961,0,0,1783745378.401780128,0.238199,-0.219923,0.813549,0.232319,,,,0.361546,0.811636,0.245935,0.077742,1.533,1.334
forward,2,8.0620,1.7482,0.2000,0.30000,1542.308,1244,increasing,rolling,1418.069,1144,1417.423,-1.961,0,0,1783745378.401780128,0.238199,-0.219923,0.813549,0.232319,,,,0.361546,0.811636,0.245935,0.077742,1.533,1.334
forward,2,8.0835,1.7697,0.2000,0.30000,1542.308,1244,increasing,rolling,1418.069,1144,1417.423,-1.961,0,0,1783745378.401780128,0.238199,-0.219923,0.813549,0.232319,,,,0.361546,0.811636,0.245935,0.077742,1.555,1.316
forward,2,8.0993,1.7855,0.2000,0.30000,1542.308,1244,increasing,rolling,1418.031,1144,1417.503,-1.881,1,18,1783745378.502288103,0.254192,-0.206170,0.816347,0.226418,0.0209777,0.0027985,0.1334026,0.382524,0.832614,0.266913,0.080541,1.555,1.316
forward,2,8.1173,1.8036,0.2000,0.30000,1542.308,1244,increasing,rolling,1418.031,1144,1417.503,-1.881,0,0,1783745378.502288103,0.254192,-0.206170,0.816347,0.226418,,,,0.382524,0.832614,0.266913,0.080541,1.555,1.316
forward,2,8.1391,1.8253,0.2000,0.30000,1542.308,1244,increasing,rolling,1418.031,1144,1417.503,-1.881,0,0,1783745378.502288103,0.254192,-0.206170,0.816347,0.226418,,,,0.382524,0.832614,0.266913,0.080541,1.555,1.316
forward,2,8.1606,1.8468,0.2000,0.30000,1542.308,1244,increasing,rolling,1418.031,1144,1417.503,-1.881,0,0,1783745378.502288103,0.254192,-0.206170,0.816347,0.226418,,,,0.382524,0.832614,0.266913,0.080541,1.555,1.316
forward,2,8.1822,1.8684,0.2000,0.30000,1542.308,1244,increasing,rolling,1418.031,1144,1417.503,-1.881,0,0,1783745378.502288103,0.254192,-0.206170,0.816347,0.226418,,,,0.382524,0.832614,0.266913,0.080541,1.574,1.296
forward,2,8.1992,1.8854,0.2000,0.30000,1542.308,1244,increasing,rolling,1418.026,1144,1417.570,-1.814,1,19,1783745378.600301743,0.268796,-0.191377,0.820403,0.222816,0.0207798,0.0040553,0.1951545,0.403303,0.853393,0.287692,0.084596,1.574,1.296
forward,2,8.2103,1.8965,0.2000,0.30000,1542.308,1244,increasing,rolling,1418.026,1144,1417.570,-1.814,0,0,1783745378.600301743,0.268796,-0.191377,0.820403,0.222816,,,,0.403303,0.853393,0.287692,0.084596,1.574,1.296
forward,2,8.2319,1.9181,0.2000,0.30000,1542.308,1244,increasing,rolling,1418.026,1144,1417.570,-1.814,0,0,1783745378.600301743,0.268796,-0.191377,0.820403,0.222816,,,,0.403303,0.853393,0.287692,0.084596,1.574,1.296
forward,2,8.2534,1.9396,0.2000,0.30000,1542.308,1244,increasing,rolling,1418.026,1144,1417.570,-1.814,0,0,1783745378.600301743,0.268796,-0.191377,0.820403,0.222816,,,,0.403303,0.853393,0.287692,0.084596,1.574,1.296
forward,2,8.2750,1.9612,0.2000,0.30000,1542.308,1244,increasing,rolling,1418.026,1144,1417.570,-1.814,0,0,1783745378.600301743,0.268796,-0.191377,0.820403,0.222816,,,,0.403303,0.853393,0.287692,0.084596,1.574,1.296
forward,2,8.2965,1.9827,0.2000,0.30000,1542.308,1244,increasing,rolling,1418.026,1144,1417.570,-1.814,0,0,1783745378.600301743,0.268796,-0.191377,0.820403,0.222816,,,,0.403303,0.853393,0.287692,0.084596,1.590,1.278
forward,2,8.2996,1.9858,0.2000,0.30000,1542.308,1244,increasing,rolling,1417.644,1143,1417.580,-1.804,1,20,1783745378.700473070,0.279056,-0.181146,0.828623,0.203245,0.0144780,0.0082208,0.5678154,0.417781,0.867871,0.302170,0.092817,1.590,1.278
forward,2,8.3186,2.0048,0.2000,0.30000,1542.308,1244,increasing,rolling,1417.644,1143,1417.580,-1.804,0,0,1783745378.700473070,0.279056,-0.181146,0.828623,0.203245,,,,0.417781,0.867871,0.302170,0.092817,1.590,1.278
forward,2,8.3402,2.0264,0.2000,0.30000,1542.308,1244,increasing,rolling,1417.644,1143,1417.580,-1.804,0,0,1783745378.700473070,0.279056,-0.181146,0.828623,0.203245,,,,0.417781,0.867871,0.302170,0.092817,1.590,1.278
forward,2,8.3617,2.0479,0.2000,0.30000,1542.308,1244,increasing,rolling,1417.644,1143,1417.580,-1.804,0,0,1783745378.700473070,0.279056,-0.181146,0.828623,0.203245,,,,0.417781,0.867871,0.302170,0.092817,1.590,1.278
forward,2,8.3834,2.0696,0.2000,0.30000,1542.308,1244,increasing,rolling,1417.644,1143,1417.580,-1.804,0,0,1783745378.700473070,0.279056,-0.181146,0.828623,0.203245,,,,0.417781,0.867871,0.302170,0.092817,1.609,1.257
forward,2,8.4000,2.0862,0.2000,0.30000,1542.308,1244,increasing,rolling,1417.616,1143,1417.584,-1.799,1,21,1783745378.800905943,0.291209,-0.165513,0.836209,0.201574,0.0197412,0.0075853,0.3842364,0.437522,0.887613,0.321911,0.100402,1.609,1.257
forward,2,8.4088,2.0950,0.2000,0.30000,1542.308,1244,increasing,rolling,1417.616,1143,1417.584,-1.799,0,0,1783745378.800905943,0.291209,-0.165513,0.836209,0.201574,,,,0.437522,0.887613,0.321911,0.100402,1.609,1.257
forward,2,8.4308,2.1170,0.2000,0.30000,1542.308,1244,increasing,rolling,1417.616,1143,1417.584,-1.799,0,0,1783745378.800905943,0.291209,-0.165513,0.836209,0.201574,,,,0.437522,0.887613,0.321911,0.100402,1.609,1.257
forward,2,8.4526,2.1388,0.2000,0.30000,1542.308,1244,increasing,rolling,1417.616,1143,1417.584,-1.799,0,0,1783745378.800905943,0.291209,-0.165513,0.836209,0.201574,,,,0.437522,0.887613,0.321911,0.100402,1.609,1.257
forward,2,8.4744,2.1606,0.2000,0.30000,1542.308,1244,increasing,rolling,1417.616,1143,1417.584,-1.799,0,0,1783745378.800905943,0.291209,-0.165513,0.836209,0.201574,,,,0.437522,0.887613,0.321911,0.100402,1.609,1.257
forward,2,8.4962,2.1824,0.2000,0.30000,1542.308,1244,increasing,rolling,1417.616,1143,1417.584,-1.799,0,0,1783745378.800905943,0.291209,-0.165513,0.836209,0.201574,,,,0.437522,0.887613,0.321911,0.100402,1.631,1.237
forward,2,8.5000,2.1862,0.2000,0.30000,1542.308,1244,increasing,rolling,1417.748,1143,1417.606,-1.778,1,22,1783745378.901135445,0.303461,-0.146382,0.844183,0.207113,0.0224244,0.0079742,0.3556059,0.459947,0.910037,0.344336,0.108376,1.631,1.237
forward,3,8.5132,0.0000,0.2000,-0.30000,1357.692,1095,decreasing,rolling,1417.748,1143,1417.606,-1.778,0,0,1783745378.901135445,0.303461,-0.146382,0.844183,0.207113,,,,0.000000,0.910037,0.000000,0.000000,1.631,1.237
forward,3,8.5350,0.0218,0.2000,-0.30000,1357.692,1095,decreasing,rolling,1417.748,1143,1417.606,-1.778,0,0,1783745378.901135445,0.303461,-0.146382,0.844183,0.207113,,,,0.000000,0.910037,0.000000,0.000000,1.631,1.237
forward,3,8.5566,0.0434,0.2000,-0.30000,1357.692,1095,decreasing,rolling,1417.748,1143,1417.606,-1.778,0,0,1783745378.901135445,0.303461,-0.146382,0.844183,0.207113,,,,0.000000,0.910037,0.000000,0.000000,1.631,1.237
forward,3,8.5782,0.0650,0.2000,-0.30000,1357.692,1095,decreasing,rolling,1417.748,1143,1417.606,-1.778,0,0,1783745378.901135445,0.303461,-0.146382,0.844183,0.207113,,,,0.000000,0.910037,0.000000,0.000000,1.631,1.237
forward,3,8.5998,0.0866,0.2000,-0.30000,1357.692,1095,decreasing,rolling,1417.748,1143,1417.606,-1.778,0,0,1783745378.901135445,0.303461,-0.146382,0.844183,0.207113,,,,0.000000,0.910037,0.000000,0.000000,1.655,1.214
forward,3,8.6023,0.0891,0.2000,-0.30000,1357.692,1095,decreasing,rolling,1417.748,1143,1417.606,-1.778,0,0,1783745378.901135445,0.303461,-0.146382,0.844183,0.207113,,,,0.000000,0.910037,0.000000,0.000000,1.655,1.214
forward,3,8.6243,0.1112,0.2000,-0.30000,1357.692,1095,decreasing,rolling,1418.070,1144,1417.666,-1.717,1,1,1783745379.001396894,0.322767,-0.128749,0.847829,0.220164,0.0259995,0.0036463,0.1402448,0.025999,0.936036,0.000000,0.000000,1.655,1.214
forward,3,8.6263,0.1131,0.2000,-0.30000,1357.692,1095,decreasing,rolling,1418.070,1144,1417.666,-1.717,0,0,1783745379.001396894,0.322767,-0.128749,0.847829,0.220164,,,,0.025999,0.936036,0.000000,0.000000,1.655,1.214
forward,3,8.6480,0.1348,0.2000,-0.30000,1357.692,1095,decreasing,rolling,1418.070,1144,1417.666,-1.717,0,0,1783745379.001396894,0.322767,-0.128749,0.847829,0.220164,,,,0.025999,0.936036,0.000000,0.000000,1.655,1.214
forward,3,8.6696,0.1564,0.2000,-0.30000,1357.692,1095,decreasing,rolling,1418.070,1144,1417.666,-1.717,0,0,1783745379.001396894,0.322767,-0.128749,0.847829,0.220164,,,,0.025999,0.936036,0.000000,0.000000,1.655,1.214
forward,3,8.6911,0.1780,0.2000,-0.30000,1357.692,1095,decreasing,rolling,1418.070,1144,1417.666,-1.717,0,0,1783745379.001396894,0.322767,-0.128749,0.847829,0.220164,,,,0.025999,0.936036,0.000000,0.000000,1.679,1.191
forward,3,8.7017,0.1885,0.2000,-0.30000,1357.692,1095,decreasing,rolling,1418.448,1144,1417.769,-1.615,1,2,1783745379.102044582,0.340179,-0.107165,0.851712,0.233947,0.0277079,0.0038833,0.1401506,0.053707,0.963744,0.000000,0.000000,1.679,1.191
forward,3,8.7105,0.1973,0.2000,-0.30000,1357.692,1095,decreasing,rolling,1418.448,1144,1417.769,-1.615,0,0,1783745379.102044582,0.340179,-0.107165,0.851712,0.233947,,,,0.053707,0.963744,0.000000,0.000000,1.679,1.191
forward,3,8.7322,0.2190,0.2000,-0.30000,1357.692,1095,decreasing,rolling,1418.448,1144,1417.769,-1.615,0,0,1783745379.102044582,0.340179,-0.107165,0.851712,0.233947,,,,0.053707,0.963744,0.000000,0.000000,1.679,1.191
forward,3,8.7537,0.2405,0.2000,-0.30000,1357.692,1095,decreasing,rolling,1418.448,1144,1417.769,-1.615,0,0,1783745379.102044582,0.340179,-0.107165,0.851712,0.233947,,,,0.053707,0.963744,0.000000,0.000000,1.679,1.191
forward,3,8.7752,0.2620,0.2000,-0.30000,1357.692,1095,decreasing,rolling,1418.448,1144,1417.769,-1.615,0,0,1783745379.102044582,0.340179,-0.107165,0.851712,0.233947,,,,0.053707,0.963744,0.000000,0.000000,1.679,1.191
forward,3,8.7967,0.2836,0.2000,-0.30000,1357.692,1095,decreasing,rolling,1418.448,1144,1417.769,-1.615,0,0,1783745379.102044582,0.340179,-0.107165,0.851712,0.233947,,,,0.053707,0.963744,0.000000,0.000000,1.699,1.176
forward,3,8.7992,0.2860,0.2000,-0.30000,1357.692,1095,decreasing,rolling,1418.587,1144,1417.876,-1.508,1,3,1783745379.202574015,0.356543,-0.089372,0.850243,0.235560,0.0241671,-0.0014696,-0.0608112,0.077874,0.987911,0.000000,0.000000,1.699,1.176
forward,3,8.8163,0.3032,0.2000,-0.30000,1357.692,1095,decreasing,rolling,1418.587,1144,1417.876,-1.508,0,0,1783745379.202574015,0.356543,-0.089372,0.850243,0.235560,,,,0.077874,0.987911,0.000000,0.000000,1.699,1.176
forward,3,8.8380,0.3248,0.2000,-0.30000,1357.692,1095,decreasing,rolling,1418.587,1144,1417.876,-1.508,0,0,1783745379.202574015,0.356543,-0.089372,0.850243,0.235560,,,,0.077874,0.987911,0.000000,0.000000,1.699,1.176
forward,3,8.8595,0.3463,0.2000,-0.30000,1357.692,1095,decreasing,rolling,1418.587,1144,1417.876,-1.508,0,0,1783745379.202574015,0.356543,-0.089372,0.850243,0.235560,,,,0.077874,0.987911,0.000000,0.000000,1.699,1.176
forward,3,8.8811,0.3679,0.2000,-0.30000,1357.692,1095,decreasing,rolling,1418.587,1144,1417.876,-1.508,0,0,1783745379.202574015,0.356543,-0.089372,0.850243,0.235560,,,,0.077874,0.987911,0.000000,0.000000,1.719,1.156
forward,3,8.8994,0.3862,0.2000,-0.30000,1357.692,1095,decreasing,rolling,1418.587,1144,1417.876,-1.508,0,0,1783745379.202574015,0.356543,-0.089372,0.850243,0.235560,,,,0.077874,0.987911,0.000000,0.000000,1.719,1.156
forward,3,8.9213,0.4081,0.2000,-0.30000,1357.692,1095,decreasing,rolling,1418.563,1144,1417.964,-1.420,1,4,1783745379.300213814,0.372420,-0.075626,0.844761,0.229957,0.0208120,-0.0054814,-0.2633793,0.098686,1.008723,0.000000,0.000000,1.719,1.156
forward,3,8.9231,0.4100,0.2000,-0.30000,1357.692,1095,decreasing,rolling,1418.563,1144,1417.964,-1.420,0,0,1783745379.300213814,0.372420,-0.075626,0.844761,0.229957,,,,0.098686,1.008723,0.000000,0.000000,1.719,1.156
forward,3,8.9447,0.4315,0.2000,-0.30000,1357.692,1095,decreasing,rolling,1418.563,1144,1417.964,-1.420,0,0,1783745379.300213814,0.372420,-0.075626,0.844761,0.229957,,,,0.098686,1.008723,0.000000,0.000000,1.719,1.156
forward,3,8.9662,0.4531,0.2000,-0.30000,1357.692,1095,decreasing,rolling,1418.563,1144,1417.964,-1.420,0,0,1783745379.300213814,0.372420,-0.075626,0.844761,0.229957,,,,0.098686,1.008723,0.000000,0.000000,1.719,1.156
forward,3,8.9878,0.4746,0.2000,-0.30000,1357.692,1095,decreasing,rolling,1418.563,1144,1417.964,-1.420,0,0,1783745379.300213814,0.372420,-0.075626,0.844761,0.229957,,,,0.098686,1.008723,0.000000,0.000000,1.740,1.137
forward,3,8.9975,0.4843,0.2000,-0.30000,1357.692,1095,decreasing,rolling,1418.648,1144,1418.053,-1.330,1,5,1783745379.400663614,0.385546,-0.056498,0.839332,0.229737,0.0230107,-0.0054297,-0.2359619,0.121697,1.031734,0.000000,0.000000,1.740,1.137
forward,3,9.0113,0.4981,0.2000,-0.30000,1357.692,1095,decreasing,rolling,1418.648,1144,1418.053,-1.330,0,0,1783745379.400663614,0.385546,-0.056498,0.839332,0.229737,,,,0.121697,1.031734,0.000000,0.000000,1.740,1.137
forward,3,9.0331,0.5199,0.2000,-0.30000,1357.692,1095,decreasing,rolling,1418.648,1144,1418.053,-1.330,0,0,1783745379.400663614,0.385546,-0.056498,0.839332,0.229737,,,,0.121697,1.031734,0.000000,0.000000,1.740,1.137
forward,3,9.0547,0.5415,0.2000,-0.30000,1357.692,1095,decreasing,rolling,1418.648,1144,1418.053,-1.330,0,0,1783745379.400663614,0.385546,-0.056498,0.839332,0.229737,,,,0.121697,1.031734,0.000000,0.000000,1.740,1.137
forward,3,9.0764,0.5632,0.2000,-0.30000,1357.692,1095,decreasing,rolling,1418.648,1144,1418.053,-1.330,0,0,1783745379.400663614,0.385546,-0.056498,0.839332,0.229737,,,,0.121697,1.031734,0.000000,0.000000,1.758,1.118
forward,3,9.0977,0.5845,0.2000,-0.30000,1357.692,1095,decreasing,rolling,1418.648,1144,1418.053,-1.330,0,0,1783745379.400663614,0.385546,-0.056498,0.839332,0.229737,,,,0.121697,1.031734,0.000000,0.000000,1.758,1.118
forward,3,9.1196,0.6064,0.2000,-0.30000,1357.692,1095,decreasing,rolling,1418.288,1144,1418.084,-1.300,1,6,1783745379.498807669,0.390266,-0.040691,0.830238,0.210217,0.0148842,-0.0090936,-0.6109581,0.136581,1.046618,0.000000,0.000000,1.758,1.118
forward,3,9.1230,0.6098,0.2000,-0.30000,1357.692,1095,decreasing,rolling,1418.288,1144,1418.084,-1.300,0,0,1783745379.498807669,0.390266,-0.040691,0.830238,0.210217,,,,0.136581,1.046618,0.000000,0.000000,1.758,1.118
forward,3,9.1446,0.6314,0.2000,-0.30000,1357.692,1095,decreasing,rolling,1418.288,1144,1418.084,-1.300,0,0,1783745379.498807669,0.390266,-0.040691,0.830238,0.210217,,,,0.136581,1.046618,0.000000,0.000000,1.758,1.118
forward,3,9.1662,0.6530,0.2000,-0.30000,1357.692,1095,decreasing,rolling,1418.288,1144,1418.084,-1.300,0,0,1783745379.498807669,0.390266,-0.040691,0.830238,0.210217,,,,0.136581,1.046618,0.000000,0.000000,1.758,1.118
forward,3,9.1878,0.6746,0.2000,-0.30000,1357.692,1095,decreasing,rolling,1418.288,1144,1418.084,-1.300,0,0,1783745379.498807669,0.390266,-0.040691,0.830238,0.210217,,,,0.136581,1.046618,0.000000,0.000000,1.776,1.102
forward,3,9.1984,0.6852,0.2000,-0.30000,1357.692,1095,decreasing,rolling,1418.347,1144,1418.118,-1.266,1,7,1783745379.598999023,0.405669,-0.025565,0.829093,0.211454,0.0215577,-0.0011449,-0.0531094,0.158139,1.068176,0.000000,0.000000,1.776,1.102
forward,3,9.2127,0.6995,0.2000,-0.30000,1357.692,1095,decreasing,rolling,1418.347,1144,1418.118,-1.266,0,0,1783745379.598999023,0.405669,-0.025565,0.829093,0.211454,,,,0.158139,1.068176,0.000000,0.000000,1.776,1.102
forward,3,9.2343,0.7211,0.2000,-0.30000,1357.692,1095,decreasing,rolling,1418.347,1144,1418.118,-1.266,0,0,1783745379.598999023,0.405669,-0.025565,0.829093,0.211454,,,,0.158139,1.068176,0.000000,0.000000,1.776,1.102
forward,3,9.2560,0.7428,0.2000,-0.30000,1357.692,1095,decreasing,rolling,1418.347,1144,1418.118,-1.266,0,0,1783745379.598999023,0.405669,-0.025565,0.829093,0.211454,,,,0.158139,1.068176,0.000000,0.000000,1.776,1.102
forward,3,9.2776,0.7644,0.2000,-0.30000,1357.692,1095,decreasing,rolling,1418.347,1144,1418.118,-1.266,0,0,1783745379.598999023,0.405669,-0.025565,0.829093,0.211454,,,,0.158139,1.068176,0.000000,0.000000,1.793,1.086
forward,3,9.2963,0.7832,0.2000,-0.30000,1357.692,1095,decreasing,rolling,1418.347,1144,1418.118,-1.266,0,0,1783745379.598999023,0.405669,-0.025565,0.829093,0.211454,,,,0.158139,1.068176,0.000000,0.000000,1.793,1.086
forward,3,9.3182,0.8050,0.2000,-0.30000,1357.692,1095,decreasing,rolling,1418.247,1144,1418.135,-1.249,1,8,1783745379.699487686,0.418429,-0.011617,0.823729,0.205622,0.0189044,-0.0053639,-0.2837359,0.177043,1.087080,0.018904,-0.005364,1.793,1.086
forward,3,9.3219,0.8087,0.2000,-0.30000,1357.692,1095,decreasing,rolling,1418.247,1144,1418.135,-1.249,0,0,1783745379.699487686,0.418429,-0.011617,0.823729,0.205622,,,,0.177043,1.087080,0.018904,-0.005364,1.793,1.086
forward,3,9.3435,0.8303,0.2000,-0.30000,1357.692,1095,decreasing,rolling,1418.247,1144,1418.135,-1.249,0,0,1783745379.699487686,0.418429,-0.011617,0.823729,0.205622,,,,0.177043,1.087080,0.018904,-0.005364,1.793,1.086
forward,3,9.3650,0.8518,0.2000,-0.30000,1357.692,1095,decreasing,rolling,1418.247,1144,1418.135,-1.249,0,0,1783745379.699487686,0.418429,-0.011617,0.823729,0.205622,,,,0.177043,1.087080,0.018904,-0.005364,1.793,1.086
forward,3,9.3865,0.8733,0.2000,-0.30000,1357.692,1095,decreasing,rolling,1418.247,1144,1418.135,-1.249,0,0,1783745379.699487686,0.418429,-0.011617,0.823729,0.205622,,,,0.177043,1.087080,0.018904,-0.005364,1.809,1.072
forward,3,9.3964,0.8832,0.2000,-0.30000,1357.692,1095,decreasing,rolling,1418.247,1144,1418.135,-1.249,0,0,1783745379.699487686,0.418429,-0.011617,0.823729,0.205622,,,,0.177043,1.087080,0.018904,-0.005364,1.809,1.072
forward,3,9.4183,0.9051,0.2000,-0.30000,1357.692,1095,decreasing,rolling,1418.242,1144,1418.149,-1.235,1,9,1783745379.797547579,0.432458,0.002364,0.821296,0.204671,0.0197904,-0.0024329,-0.1229342,0.196834,1.106871,0.038695,-0.007797,1.809,1.072
forward,3,9.4202,0.9070,0.2000,-0.30000,1357.692,1095,decreasing,rolling,1418.242,1144,1418.149,-1.235,0,0,1783745379.797547579,0.432458,0.002364,0.821296,0.204671,,,,0.196834,1.106871,0.038695,-0.007797,1.809,1.072
forward,3,9.4418,0.9286,0.2000,-0.30000,1357.692,1095,decreasing,rolling,1418.242,1144,1418.149,-1.235,0,0,1783745379.797547579,0.432458,0.002364,0.821296,0.204671,,,,0.196834,1.106871,0.038695,-0.007797,1.809,1.072
forward,3,9.4633,0.9501,0.2000,-0.30000,1357.692,1095,decreasing,rolling,1418.242,1144,1418.149,-1.235,0,0,1783745379.797547579,0.432458,0.002364,0.821296,0.204671,,,,0.196834,1.106871,0.038695,-0.007797,1.809,1.072
forward,3,9.4848,0.9717,0.2000,-0.30000,1357.692,1095,decreasing,rolling,1418.242,1144,1418.149,-1.235,0,0,1783745379.797547579,0.432458,0.002364,0.821296,0.204671,,,,0.196834,1.106871,0.038695,-0.007797,1.826,1.059
forward,3,9.4970,0.9839,0.2000,-0.30000,1357.692,1095,decreasing,rolling,1417.973,1144,1418.126,-1.258,1,10,1783745379.897792101,0.442222,0.014560,0.813452,0.192347,0.0155753,-0.0078442,-0.5036271,0.212409,1.122446,0.054270,-0.015641,1.826,1.059
forward,3,9.5131,0.9999,0.2000,-0.30000,1357.692,1095,decreasing,rolling,1417.973,1144,1418.126,-1.258,0,0,1783745379.897792101,0.442222,0.014560,0.813452,0.192347,,,,0.212409,1.122446,0.054270,-0.015641,1.826,1.059
forward,3,9.5348,1.0216,0.2000,-0.30000,1357.692,1095,decreasing,rolling,1417.973,1144,1418.126,-1.258,0,0,1783745379.897792101,0.442222,0.014560,0.813452,0.192347,,,,0.212409,1.122446,0.054270,-0.015641,1.826,1.059
forward,3,9.5563,1.0432,0.2000,-0.30000,1357.692,1095,decreasing,rolling,1417.973,1144,1418.126,-1.258,0,0,1783745379.897792101,0.442222,0.014560,0.813452,0.192347,,,,0.212409,1.122446,0.054270,-0.015641,1.826,1.059
forward,3,9.5779,1.0647,0.2000,-0.30000,1357.692,1095,decreasing,rolling,1417.973,1144,1418.126,-1.258,0,0,1783745379.897792101,0.442222,0.014560,0.813452,0.192347,,,,0.212409,1.122446,0.054270,-0.015641,1.837,1.048
forward,3,9.5945,1.0813,0.2000,-0.30000,1357.692,1095,decreasing,rolling,1417.973,1144,1418.126,-1.258,0,0,1783745379.897792101,0.442222,0.014560,0.813452,0.192347,,,,0.212409,1.122446,0.054270,-0.015641,1.837,1.048
forward,3,9.6163,1.1031,0.2000,-0.30000,1357.692,1095,decreasing,rolling,1417.772,1143,1418.079,-1.305,1,11,1783745379.998351574,0.453560,0.026183,0.813321,0.184622,0.0162352,-0.0001313,-0.0080899,0.228644,1.138681,0.070505,-0.015772,1.837,1.048
forward,3,9.6249,1.1118,0.2000,-0.30000,1357.692,1095,decreasing,rolling,1417.772,1143,1418.079,-1.305,0,0,1783745379.998351574,0.453560,0.026183,0.813321,0.184622,,,,0.228644,1.138681,0.070505,-0.015772,1.837,1.048
forward,3,9.6466,1.1334,0.2000,-0.30000,1357.692,1095,decreasing,rolling,1417.772,1143,1418.079,-1.305,0,0,1783745379.998351574,0.453560,0.026183,0.813321,0.184622,,,,0.228644,1.138681,0.070505,-0.015772,1.837,1.048
forward,3,9.6681,1.1550,0.2000,-0.30000,1357.692,1095,decreasing,rolling,1417.772,1143,1418.079,-1.305,0,0,1783745379.998351574,0.453560,0.026183,0.813321,0.184622,,,,0.228644,1.138681,0.070505,-0.015772,1.837,1.048
forward,3,9.6897,1.1765,0.2000,-0.30000,1357.692,1095,decreasing,rolling,1417.772,1143,1418.079,-1.305,0,0,1783745379.998351574,0.453560,0.026183,0.813321,0.184622,,,,0.228644,1.138681,0.070505,-0.015772,1.854,1.034
forward,3,9.6952,1.1821,0.2000,-0.30000,1357.692,1095,decreasing,rolling,1417.521,1143,1418.008,-1.376,1,12,1783745380.095817327,0.463484,0.036742,0.807729,0.175635,0.0144906,-0.0055917,-0.3858868,0.243135,1.153172,0.084996,-0.021364,1.854,1.034
forward,3,9.7072,1.1941,0.2000,-0.30000,1357.692,1095,decreasing,rolling,1417.521,1143,1418.008,-1.376,0,0,1783745380.095817327,0.463484,0.036742,0.807729,0.175635,,,,0.243135,1.153172,0.084996,-0.021364,1.854,1.034
forward,3,9.7289,1.2157,0.2000,-0.30000,1357.692,1095,decreasing,rolling,1417.521,1143,1418.008,-1.376,0,0,1783745380.095817327,0.463484,0.036742,0.807729,0.175635,,,,0.243135,1.153172,0.084996,-0.021364,1.854,1.034
forward,3,9.7505,1.2373,0.2000,-0.30000,1357.692,1095,decreasing,rolling,1417.521,1143,1418.008,-1.376,0,0,1783745380.095817327,0.463484,0.036742,0.807729,0.175635,,,,0.243135,1.153172,0.084996,-0.021364,1.854,1.034
forward,3,9.7720,1.2588,0.2000,-0.30000,1357.692,1095,decreasing,rolling,1417.521,1143,1418.008,-1.376,0,0,1783745380.095817327,0.463484,0.036742,0.807729,0.175635,,,,0.243135,1.153172,0.084996,-0.021364,1.854,1.034
forward,3,9.7936,1.2804,0.2000,-0.30000,1357.692,1095,decreasing,rolling,1417.521,1143,1418.008,-1.376,0,0,1783745380.095817327,0.463484,0.036742,0.807729,0.175635,,,,0.243135,1.153172,0.084996,-0.021364,1.102,1.023
forward,3,9.7962,1.2830,0.2000,-0.30000,1357.692,1095,decreasing,rolling,1417.253,1143,1417.909,-1.475,1,13,1783745380.196367264,0.472793,0.047591,0.803040,0.167213,0.0142729,-0.0046888,-0.3285128,0.257408,1.167445,0.099269,-0.026053,1.102,1.023
forward,3,9.8056,1.2924,0.2000,-0.30000,1357.692,1095,decreasing,rolling,1417.253,1143,1417.909,-1.475,0,0,1783745380.196367264,0.472793,0.047591,0.803040,0.167213,,,,0.257408,1.167445,0.099269,-0.026053,1.102,1.023
forward,3,9.8273,1.3142,0.2000,-0.30000,1357.692,1095,decreasing,rolling,1417.253,1143,1417.909,-1.475,0,0,1783745380.196367264,0.472793,0.047591,0.803040,0.167213,,,,0.257408,1.167445,0.099269,-0.026053,1.102,1.023
forward,3,9.8489,1.3358,0.2000,-0.30000,1357.692,1095,decreasing,rolling,1417.253,1143,1417.909,-1.475,0,0,1783745380.196367264,0.472793,0.047591,0.803040,0.167213,,,,0.257408,1.167445,0.099269,-0.026053,1.102,1.023
forward,3,9.8705,1.3573,0.2000,-0.30000,1357.692,1095,decreasing,rolling,1417.253,1143,1417.909,-1.475,0,0,1783745380.196367264,0.472793,0.047591,0.803040,0.167213,,,,0.257408,1.167445,0.099269,-0.026053,1.102,1.023
forward,3,9.8922,1.3791,0.2000,-0.30000,1357.692,1095,decreasing,rolling,1417.253,1143,1417.909,-1.475,0,0,1783745380.196367264,0.472793,0.047591,0.803040,0.167213,,,,0.257408,1.167445,0.099269,-0.026053,1.106,1.007
forward,3,9.8958,1.3826,0.2000,-0.30000,1357.692,1095,decreasing,rolling,1417.076,1143,1417.800,-1.583,1,14,1783745380.296495199,0.483022,0.059090,0.797118,0.163800,0.0153756,-0.0059222,-0.3851659,0.272783,1.182820,0.114644,-0.031975,1.106,1.007
forward,3,9.9120,1.3988,0.2000,-0.30000,1357.692,1095,decreasing,rolling,1417.076,1143,1417.800,-1.583,0,0,1783745380.296495199,0.483022,0.059090,0.797118,0.163800,,,,0.272783,1.182820,0.114644,-0.031975,1.106,1.007
forward,3,9.9337,1.4205,0.2000,-0.30000,1357.692,1095,decreasing,rolling,1417.076,1143,1417.800,-1.583,0,0,1783745380.296495199,0.483022,0.059090,0.797118,0.163800,,,,0.272783,1.182820,0.114644,-0.031975,1.106,1.007
forward,3,9.9552,1.4420,0.2000,-0.30000,1357.692,1095,decreasing,rolling,1417.076,1143,1417.800,-1.583,0,0,1783745380.296495199,0.483022,0.059090,0.797118,0.163800,,,,0.272783,1.182820,0.114644,-0.031975,1.106,1.007
forward,3,9.9767,1.4636,0.2000,-0.30000,1357.692,1095,decreasing,rolling,1417.076,1143,1417.800,-1.583,0,0,1783745380.296495199,0.483022,0.059090,0.797118,0.163800,,,,0.272783,1.182820,0.114644,-0.031975,1.110,0.996
forward,3,9.9963,1.4832,0.2000,-0.30000,1357.692,1095,decreasing,rolling,1417.076,1143,1417.800,-1.583,0,0,1783745380.296495199,0.483022,0.059090,0.797118,0.163800,,,,0.272783,1.182820,0.114644,-0.031975,1.110,0.996
forward,3,10.0189,1.5057,0.2000,-0.30000,1357.692,1095,decreasing,rolling,1417.016,1143,1417.698,-1.686,1,15,1783745380.397033691,0.494624,0.071975,0.797574,0.165929,0.0173245,0.0004553,0.0262815,0.290108,1.200145,0.131969,-0.031520,1.110,0.996
forward,3,10.0283,1.5151,0.2000,-0.30000,1357.692,1095,decreasing,rolling,1417.016,1143,1417.698,-1.686,0,0,1783745380.397033691,0.494624,0.071975,0.797574,0.165929,,,,0.290108,1.200145,0.131969,-0.031520,1.110,0.996
forward,3,10.0503,1.5371,0.2000,-0.30000,1357.692,1095,decreasing,rolling,1417.016,1143,1417.698,-1.686,0,0,1783745380.397033691,0.494624,0.071975,0.797574,0.165929,,,,0.290108,1.200145,0.131969,-0.031520,1.110,0.996
forward,3,10.0720,1.5588,0.2000,-0.30000,1357.692,1095,decreasing,rolling,1417.016,1143,1417.698,-1.686,0,0,1783745380.397033691,0.494624,0.071975,0.797574,0.165929,,,,0.290108,1.200145,0.131969,-0.031520,1.110,0.996
forward,3,10.0935,1.5804,0.2000,-0.30000,1357.692,1095,decreasing,rolling,1417.016,1143,1417.698,-1.686,0,0,1783745380.397033691,0.494624,0.071975,0.797574,0.165929,,,,0.290108,1.200145,0.131969,-0.031520,1.132,0.991
forward,3,10.0966,1.5835,0.2000,-0.30000,1357.692,1095,decreasing,rolling,1417.140,1143,1417.624,-1.759,1,16,1783745380.497586012,0.512324,0.083517,0.789227,0.175768,0.0206419,-0.0083463,-0.4043351,0.310750,1.220787,0.152611,-0.039866,1.132,0.991
forward,3,10.1177,1.6045,0.2000,-0.30000,1357.692,1095,decreasing,rolling,1417.140,1143,1417.624,-1.759,0,0,1783745380.497586012,0.512324,0.083517,0.789227,0.175768,,,,0.310750,1.220787,0.152611,-0.039866,1.132,0.991
forward,3,10.1394,1.6262,0.2000,-0.30000,1357.692,1095,decreasing,rolling,1417.140,1143,1417.624,-1.759,0,0,1783745380.497586012,0.512324,0.083517,0.789227,0.175768,,,,0.310750,1.220787,0.152611,-0.039866,1.132,0.991
forward,3,10.1610,1.6478,0.2000,-0.30000,1357.692,1095,decreasing,rolling,1417.140,1143,1417.624,-1.759,0,0,1783745380.497586012,0.512324,0.083517,0.789227,0.175768,,,,0.310750,1.220787,0.152611,-0.039866,1.132,0.991
forward,3,10.1825,1.6693,0.2000,-0.30000,1357.692,1095,decreasing,rolling,1417.140,1143,1417.624,-1.759,0,0,1783745380.497586012,0.512324,0.083517,0.789227,0.175768,,,,0.310750,1.220787,0.152611,-0.039866,1.129,0.994
forward,3,10.1971,1.6840,0.2000,-0.30000,1357.692,1095,decreasing,rolling,1417.271,1143,1417.578,-1.805,1,17,1783745380.597909689,0.528355,0.097466,0.781612,0.184651,0.0211983,-0.0076150,-0.3592288,0.331948,1.241985,0.173809,-0.047481,1.129,0.994
forward,3,10.2123,1.6991,0.2000,-0.30000,1357.692,1095,decreasing,rolling,1417.271,1143,1417.578,-1.805,0,0,1783745380.597909689,0.528355,0.097466,0.781612,0.184651,,,,0.331948,1.241985,0.173809,-0.047481,1.129,0.994
forward,3,10.2339,1.7208,0.2000,-0.30000,1357.692,1095,decreasing,rolling,1417.271,1143,1417.578,-1.805,0,0,1783745380.597909689,0.528355,0.097466,0.781612,0.184651,,,,0.331948,1.241985,0.173809,-0.047481,1.129,0.994
forward,3,10.2555,1.7423,0.2000,-0.30000,1357.692,1095,decreasing,rolling,1417.271,1143,1417.578,-1.805,0,0,1783745380.597909689,0.528355,0.097466,0.781612,0.184651,,,,0.331948,1.241985,0.173809,-0.047481,1.129,0.994
forward,3,10.2770,1.7638,0.2000,-0.30000,1357.692,1095,decreasing,rolling,1417.271,1143,1417.578,-1.805,0,0,1783745380.597909689,0.528355,0.097466,0.781612,0.184651,,,,0.331948,1.241985,0.173809,-0.047481,1.140,1.014
forward,3,10.2974,1.7842,0.2000,-0.30000,1357.692,1095,decreasing,rolling,1417.252,1143,1417.536,-1.848,1,18,1783745380.698298693,0.540286,0.112426,0.777973,0.185810,0.0190024,-0.0036394,-0.1915234,0.350951,1.260987,0.192811,-0.051120,1.140,1.014
forward,3,10.3140,1.8008,0.2000,-0.30000,1357.692,1095,decreasing,rolling,1417.252,1143,1417.536,-1.848,0,0,1783745380.698298693,0.540286,0.112426,0.777973,0.185810,,,,0.350951,1.260987,0.192811,-0.051120,1.140,1.014
forward,3,10.3357,1.8225,0.2000,-0.30000,1357.692,1095,decreasing,rolling,1417.252,1143,1417.536,-1.848,0,0,1783745380.698298693,0.540286,0.112426,0.777973,0.185810,,,,0.350951,1.260987,0.192811,-0.051120,1.140,1.014
forward,3,10.3572,1.8440,0.2000,-0.30000,1357.692,1095,decreasing,rolling,1417.252,1143,1417.536,-1.848,0,0,1783745380.698298693,0.540286,0.112426,0.777973,0.185810,,,,0.350951,1.260987,0.192811,-0.051120,1.140,1.014
forward,3,10.3787,1.8656,0.2000,-0.30000,1357.692,1095,decreasing,rolling,1417.252,1143,1417.536,-1.848,0,0,1783745380.698298693,0.540286,0.112426,0.777973,0.185810,,,,0.350951,1.260987,0.192811,-0.051120,1.156,1.042
forward,3,10.3977,1.8845,0.2000,-0.30000,1357.692,1095,decreasing,rolling,1417.546,1143,1417.537,-1.847,1,19,1783745380.798452854,0.558987,0.128316,0.772017,0.200460,0.0244789,-0.0059557,-0.2432987,0.375429,1.285466,0.217290,-0.057076,1.156,1.042
forward,3,10.4149,1.9017,0.2000,-0.30000,1357.692,1095,decreasing,rolling,1417.546,1143,1417.537,-1.847,0,0,1783745380.798452854,0.558987,0.128316,0.772017,0.200460,,,,0.375429,1.285466,0.217290,-0.057076,1.156,1.042
forward,3,10.4366,1.9234,0.2000,-0.30000,1357.692,1095,decreasing,rolling,1417.546,1143,1417.537,-1.847,0,0,1783745380.798452854,0.558987,0.128316,0.772017,0.200460,,,,0.375429,1.285466,0.217290,-0.057076,1.156,1.042
forward,3,10.4581,1.9449,0.2000,-0.30000,1357.692,1095,decreasing,rolling,1417.546,1143,1417.537,-1.847,0,0,1783745380.798452854,0.558987,0.128316,0.772017,0.200460,,,,0.375429,1.285466,0.217290,-0.057076,1.156,1.042
forward,3,10.4797,1.9665,0.2000,-0.30000,1357.692,1095,decreasing,rolling,1417.546,1143,1417.537,-1.847,0,0,1783745380.798452854,0.558987,0.128316,0.772017,0.200460,,,,0.375429,1.285466,0.217290,-0.057076,1.160,1.043
forward,3,10.4986,1.9854,0.2000,-0.30000,1357.692,1095,decreasing,rolling,1417.758,1143,1417.566,-1.818,1,20,1783745380.898912668,0.575543,0.145446,0.765779,0.209598,0.0238100,-0.0062377,-0.2619763,0.399239,1.309276,0.241100,-0.063314,1.160,1.043
forward,3,10.5150,2.0018,0.2000,-0.30000,1357.692,1095,decreasing,rolling,1417.758,1143,1417.566,-1.818,0,0,1783745380.898912668,0.575543,0.145446,0.765779,0.209598,,,,0.399239,1.309276,0.241100,-0.063314,1.160,1.043
forward,3,10.5371,2.0239,0.2000,-0.30000,1357.692,1095,decreasing,rolling,1417.758,1143,1417.566,-1.818,0,0,1783745380.898912668,0.575543,0.145446,0.765779,0.209598,,,,0.399239,1.309276,0.241100,-0.063314,1.160,1.043
forward,3,10.5589,2.0458,0.2000,-0.30000,1357.692,1095,decreasing,rolling,1417.758,1143,1417.566,-1.818,0,0,1783745380.898912668,0.575543,0.145446,0.765779,0.209598,,,,0.399239,1.309276,0.241100,-0.063314,1.160,1.043
forward,3,10.5805,2.0673,0.2000,-0.30000,1357.692,1095,decreasing,rolling,1417.758,1143,1417.566,-1.818,0,0,1783745380.898912668,0.575543,0.145446,0.765779,0.209598,,,,0.399239,1.309276,0.241100,-0.063314,1.172,1.071
forward,3,10.5988,2.0856,0.2000,-0.30000,1357.692,1095,decreasing,rolling,1417.848,1143,1417.603,-1.781,1,21,1783745380.999674082,0.589927,0.162510,0.759668,0.212251,0.0221888,-0.0061119,-0.2754499,0.421428,1.331465,0.263289,-0.069426,1.172,1.071
forward,3,10.6091,2.0959,0.2000,-0.30000,1357.692,1095,decreasing,rolling,1417.848,1143,1417.603,-1.781,0,0,1783745380.999674082,0.589927,0.162510,0.759668,0.212251,,,,0.421428,1.331465,0.263289,-0.069426,1.172,1.071
forward,3,10.6307,2.1175,0.2000,-0.30000,1357.692,1095,decreasing,rolling,1417.848,1143,1417.603,-1.781,0,0,1783745380.999674082,0.589927,0.162510,0.759668,0.212251,,,,0.421428,1.331465,0.263289,-0.069426,1.172,1.071
forward,3,10.6523,2.1391,0.2000,-0.30000,1357.692,1095,decreasing,rolling,1417.848,1143,1417.603,-1.781,0,0,1783745380.999674082,0.589927,0.162510,0.759668,0.212251,,,,0.421428,1.331465,0.263289,-0.069426,1.172,1.071
forward,3,10.6738,2.1607,0.2000,-0.30000,1357.692,1095,decreasing,rolling,1417.848,1143,1417.603,-1.781,0,0,1783745380.999674082,0.589927,0.162510,0.759668,0.212251,,,,0.421428,1.331465,0.263289,-0.069426,1.172,1.071
forward,3,10.6955,2.1823,0.2000,-0.30000,1357.692,1095,decreasing,rolling,1417.848,1143,1417.603,-1.781,0,0,1783745380.999674082,0.589927,0.162510,0.759668,0.212251,,,,0.421428,1.331465,0.263289,-0.069426,1.173,1.082
forward,3,10.6980,2.1849,0.2000,-0.30000,1357.692,1095,decreasing,rolling,1417.935,1143,1417.646,-1.737,1,22,1783745381.099766970,0.605523,0.178219,0.753620,0.214448,0.0221241,-0.0060472,-0.2733286,0.443552,1.353589,0.285413,-0.075473,1.173,1.082
forward,3,10.7102,2.1970,0.2000,-0.30000,1357.692,1095,decreasing,rolling,1417.935,1143,1417.646,-1.737,0,0,1783745381.099766970,0.605523,0.178219,0.753620,0.214448,,,,0.443552,1.353589,0.285413,-0.075473,1.173,1.082
forward,3,10.7318,2.2186,0.2000,-0.30000,1357.692,1095,decreasing,rolling,1417.935,1143,1417.646,-1.737,0,0,1783745381.099766970,0.605523,0.178219,0.753620,0.214448,,,,0.443552,1.353589,0.285413,-0.075473,1.173,1.082
forward,3,10.7534,2.2402,0.2000,-0.30000,1357.692,1095,decreasing,rolling,1417.935,1143,1417.646,-1.737,0,0,1783745381.099766970,0.605523,0.178219,0.753620,0.214448,,,,0.443552,1.353589,0.285413,-0.075473,1.173,1.082
forward,3,10.7749,2.2617,0.2000,-0.30000,1357.692,1095,decreasing,rolling,1417.935,1143,1417.646,-1.737,0,0,1783745381.099766970,0.605523,0.178219,0.753620,0.214448,,,,0.443552,1.353589,0.285413,-0.075473,1.189,1.097
forward,3,10.7968,2.2836,0.2000,-0.30000,1357.692,1095,decreasing,rolling,1417.755,1143,1417.660,-1.724,1,23,1783745381.197893620,0.619536,0.188449,0.746453,0.204724,0.0172265,-0.0071675,-0.4160758,0.460779,1.370816,0.302640,-0.082640,1.189,1.097
forward,4,10.8182,0.0000,0.2000,0.60000,1634.615,1318,increasing,rolling,1417.755,1143,1417.660,-1.724,0,0,1783745381.197893620,0.619536,0.188449,0.746453,0.204724,,,,0.000000,1.370816,0.000000,0.000000,1.189,1.097
forward,4,10.8400,0.0218,0.2000,0.60000,1634.615,1318,increasing,rolling,1417.755,1143,1417.660,-1.724,0,0,1783745381.197893620,0.619536,0.188449,0.746453,0.204724,,,,0.000000,1.370816,0.000000,0.000000,1.189,1.097
forward,4,10.8616,0.0434,0.2000,0.60000,1634.615,1318,increasing,rolling,1417.755,1143,1417.660,-1.724,0,0,1783745381.197893620,0.619536,0.188449,0.746453,0.204724,,,,0.000000,1.370816,0.000000,0.000000,1.189,1.097
forward,4,10.8833,0.0651,0.2000,0.60000,1634.615,1318,increasing,rolling,1417.755,1143,1417.660,-1.724,0,0,1783745381.197893620,0.619536,0.188449,0.746453,0.204724,,,,0.000000,1.370816,0.000000,0.000000,1.209,1.110
forward,4,10.8973,0.0791,0.2000,0.60000,1634.615,1318,increasing,rolling,1417.826,1143,1417.682,-1.702,1,1,1783745381.298058748,0.634884,0.203517,0.741890,0.207197,0.0214972,-0.0045624,-0.2122341,0.021497,1.392313,0.000000,0.000000,1.209,1.110
forward,4,10.9140,0.0958,0.2000,0.60000,1634.615,1318,increasing,rolling,1417.826,1143,1417.682,-1.702,0,0,1783745381.298058748,0.634884,0.203517,0.741890,0.207197,,,,0.021497,1.392313,0.000000,0.000000,1.209,1.110
forward,4,10.9356,0.1174,0.2000,0.60000,1634.615,1318,increasing,rolling,1417.826,1143,1417.682,-1.702,0,0,1783745381.298058748,0.634884,0.203517,0.741890,0.207197,,,,0.021497,1.392313,0.000000,0.000000,1.209,1.110
forward,4,10.9574,0.1392,0.2000,0.60000,1634.615,1318,increasing,rolling,1417.826,1143,1417.682,-1.702,0,0,1783745381.298058748,0.634884,0.203517,0.741890,0.207197,,,,0.021497,1.392313,0.000000,0.000000,1.209,1.110
forward,4,10.9790,0.1608,0.2000,0.60000,1634.615,1318,increasing,rolling,1417.826,1143,1417.682,-1.702,0,0,1783745381.298058748,0.634884,0.203517,0.741890,0.207197,,,,0.021497,1.392313,0.000000,0.000000,1.179,1.087
forward,4,10.9976,0.1794,0.2000,0.60000,1634.615,1318,increasing,rolling,1417.646,1143,1417.677,-1.707,1,2,1783745381.398561716,0.646797,0.216128,0.739625,0.198435,0.0173015,-0.0022655,-0.1309394,0.038799,1.409614,0.000000,0.000000,1.179,1.087
forward,4,11.0115,0.1933,0.2000,0.60000,1634.615,1318,increasing,rolling,1417.646,1143,1417.677,-1.707,0,0,1783745381.398561716,0.646797,0.216128,0.739625,0.198435,,,,0.038799,1.409614,0.000000,0.000000,1.179,1.087
forward,4,11.0331,0.2149,0.2000,0.60000,1634.615,1318,increasing,rolling,1417.646,1143,1417.677,-1.707,0,0,1783745381.398561716,0.646797,0.216128,0.739625,0.198435,,,,0.038799,1.409614,0.000000,0.000000,1.179,1.087
forward,4,11.0549,0.2367,0.2000,0.60000,1634.615,1318,increasing,rolling,1417.646,1143,1417.677,-1.707,0,0,1783745381.398561716,0.646797,0.216128,0.739625,0.198435,,,,0.038799,1.409614,0.000000,0.000000,1.179,1.087
forward,4,11.0766,0.2584,0.2000,0.60000,1634.615,1318,increasing,rolling,1417.646,1143,1417.677,-1.707,0,0,1783745381.398561716,0.646797,0.216128,0.739625,0.198435,,,,0.038799,1.409614,0.000000,0.000000,1.158,1.075
forward,4,11.0979,0.2797,0.2000,0.60000,1634.615,1318,increasing,rolling,1417.646,1143,1417.677,-1.707,0,0,1783745381.398561716,0.646797,0.216128,0.739625,0.198435,,,,0.038799,1.409614,0.000000,0.000000,1.158,1.075
forward,4,11.1197,0.3015,0.2000,0.60000,1634.615,1318,increasing,rolling,1417.746,1143,1417.686,-1.698,1,3,1783745381.498858929,0.664360,0.229136,0.754308,0.202978,0.0217249,0.0146831,0.6758644,0.060524,1.431339,0.000000,0.000000,1.158,1.075
forward,4,11.1225,0.3043,0.2000,0.60000,1634.615,1318,increasing,rolling,1417.746,1143,1417.686,-1.698,0,0,1783745381.498858929,0.664360,0.229136,0.754308,0.202978,,,,0.060524,1.431339,0.000000,0.000000,1.158,1.075
forward,4,11.1441,0.3259,0.2000,0.60000,1634.615,1318,increasing,rolling,1417.746,1143,1417.686,-1.698,0,0,1783745381.498858929,0.664360,0.229136,0.754308,0.202978,,,,0.060524,1.431339,0.000000,0.000000,1.158,1.075
forward,4,11.1657,0.3475,0.2000,0.60000,1634.615,1318,increasing,rolling,1417.746,1143,1417.686,-1.698,0,0,1783745381.498858929,0.664360,0.229136,0.754308,0.202978,,,,0.060524,1.431339,0.000000,0.000000,1.158,1.075
forward,4,11.1872,0.3690,0.2000,0.60000,1634.615,1318,increasing,rolling,1417.746,1143,1417.686,-1.698,0,0,1783745381.498858929,0.664360,0.229136,0.754308,0.202978,,,,0.060524,1.431339,0.000000,0.000000,1.153,1.039
forward,4,11.1984,0.3802,0.2000,0.60000,1634.615,1318,increasing,rolling,1417.704,1143,1417.688,-1.695,1,4,1783745381.599118233,0.680499,0.240424,0.768860,0.200782,0.0194697,0.0145518,0.7474084,0.079993,1.450809,0.000000,0.000000,1.153,1.039
forward,4,11.2095,0.3912,0.2000,0.60000,1634.615,1318,increasing,rolling,1417.704,1143,1417.688,-1.695,0,0,1783745381.599118233,0.680499,0.240424,0.768860,0.200782,,,,0.079993,1.450809,0.000000,0.000000,1.153,1.039
forward,4,11.2311,0.4129,0.2000,0.60000,1634.615,1318,increasing,rolling,1417.704,1143,1417.688,-1.695,0,0,1783745381.599118233,0.680499,0.240424,0.768860,0.200782,,,,0.079993,1.450809,0.000000,0.000000,1.153,1.039
forward,4,11.2526,0.4344,0.2000,0.60000,1634.615,1318,increasing,rolling,1417.704,1143,1417.688,-1.695,0,0,1783745381.599118233,0.680499,0.240424,0.768860,0.200782,,,,0.079993,1.450809,0.000000,0.000000,1.153,1.039
forward,4,11.2741,0.4559,0.2000,0.60000,1634.615,1318,increasing,rolling,1417.704,1143,1417.688,-1.695,0,0,1783745381.599118233,0.680499,0.240424,0.768860,0.200782,,,,0.079993,1.450809,0.000000,0.000000,1.171,1.038
forward,4,11.2964,0.4781,0.2000,0.60000,1634.615,1318,increasing,rolling,1417.621,1143,1417.680,-1.704,1,5,1783745381.699646711,0.693586,0.253785,0.777987,0.197086,0.0186980,0.0091268,0.4881158,0.098691,1.469507,0.000000,0.000000,1.171,1.038
forward,4,11.3181,0.4998,0.2000,0.60000,1634.615,1318,increasing,rolling,1417.621,1143,1417.680,-1.704,0,0,1783745381.699646711,0.693586,0.253785,0.777987,0.197086,,,,0.098691,1.469507,0.000000,0.000000,1.171,1.038
forward,4,11.3398,0.5216,0.2000,0.60000,1634.615,1318,increasing,rolling,1417.621,1143,1417.680,-1.704,0,0,1783745381.699646711,0.693586,0.253785,0.777987,0.197086,,,,0.098691,1.469507,0.000000,0.000000,1.171,1.038
forward,4,11.3614,0.5432,0.2000,0.60000,1634.615,1318,increasing,rolling,1417.621,1143,1417.680,-1.704,0,0,1783745381.699646711,0.693586,0.253785,0.777987,0.197086,,,,0.098691,1.469507,0.000000,0.000000,1.171,1.038
forward,4,11.3831,0.5649,0.2000,0.60000,1634.615,1318,increasing,rolling,1417.621,1143,1417.680,-1.704,0,0,1783745381.699646711,0.693586,0.253785,0.777987,0.197086,,,,0.098691,1.469507,0.000000,0.000000,1.187,0.999
forward,4,11.3971,0.5789,0.2000,0.60000,1634.615,1318,increasing,rolling,1417.535,1143,1417.661,-1.723,1,6,1783745381.797685623,0.705923,0.266899,0.787151,0.193702,0.0179953,0.0091643,0.5092628,0.116687,1.487502,0.000000,0.000000,1.187,0.999
forward,4,11.4030,0.5848,0.2000,0.60000,1634.615,1318,increasing,rolling,1417.535,1143,1417.661,-1.723,0,0,1783745381.797685623,0.705923,0.266899,0.787151,0.193702,,,,0.116687,1.487502,0.000000,0.000000,1.187,0.999
forward,4,11.4247,0.6065,0.2000,0.60000,1634.615,1318,increasing,rolling,1417.535,1143,1417.661,-1.723,0,0,1783745381.797685623,0.705923,0.266899,0.787151,0.193702,,,,0.116687,1.487502,0.000000,0.000000,1.187,0.999
forward,4,11.4463,0.6281,0.2000,0.60000,1634.615,1318,increasing,rolling,1417.535,1143,1417.661,-1.723,0,0,1783745381.797685623,0.705923,0.266899,0.787151,0.193702,,,,0.116687,1.487502,0.000000,0.000000,1.187,0.999
forward,4,11.4678,0.6496,0.2000,0.60000,1634.615,1318,increasing,rolling,1417.535,1143,1417.661,-1.723,0,0,1783745381.797685623,0.705923,0.266899,0.787151,0.193702,,,,0.116687,1.487502,0.000000,0.000000,1.187,0.999
forward,4,11.4894,0.6711,0.2000,0.60000,1634.615,1318,increasing,rolling,1417.535,1143,1417.661,-1.723,0,0,1783745381.797685623,0.705923,0.266899,0.787151,0.193702,,,,0.116687,1.487502,0.000000,0.000000,1.204,0.979
forward,4,11.4947,0.6764,0.2000,0.60000,1634.615,1318,increasing,rolling,1417.416,1143,1417.629,-1.755,1,7,1783745381.898098230,0.718199,0.279658,0.797944,0.189356,0.0177046,0.0107933,0.6096336,0.134391,1.505207,0.000000,0.000000,1.204,0.979
forward,4,11.5094,0.6912,0.2000,0.60000,1634.615,1318,increasing,rolling,1417.416,1143,1417.629,-1.755,0,0,1783745381.898098230,0.718199,0.279658,0.797944,0.189356,,,,0.134391,1.505207,0.000000,0.000000,1.204,0.979
forward,4,11.5312,0.7130,0.2000,0.60000,1634.615,1318,increasing,rolling,1417.416,1143,1417.629,-1.755,0,0,1783745381.898098230,0.718199,0.279658,0.797944,0.189356,,,,0.134391,1.505207,0.000000,0.000000,1.204,0.979
forward,4,11.5529,0.7347,0.2000,0.60000,1634.615,1318,increasing,rolling,1417.416,1143,1417.629,-1.755,0,0,1783745381.898098230,0.718199,0.279658,0.797944,0.189356,,,,0.134391,1.505207,0.000000,0.000000,1.204,0.979
forward,4,11.5744,0.7562,0.2000,0.60000,1634.615,1318,increasing,rolling,1417.416,1143,1417.629,-1.755,0,0,1783745381.898098230,0.718199,0.279658,0.797944,0.189356,,,,0.134391,1.505207,0.000000,0.000000,1.224,0.970
forward,4,11.5951,0.7769,0.2000,0.60000,1634.615,1318,increasing,rolling,1417.362,1143,1417.595,-1.789,1,8,1783745381.996001482,0.728895,0.294543,0.811141,0.188342,0.0181416,0.0131965,0.7274162,0.152533,1.523348,0.018142,0.013196,1.224,0.970
forward,4,11.6171,0.7989,0.2000,0.60000,1634.615,1318,increasing,rolling,1417.362,1143,1417.595,-1.789,0,0,1783745381.996001482,0.728895,0.294543,0.811141,0.188342,,,,0.152533,1.523348,0.018142,0.013196,1.224,0.970
forward,4,11.6185,0.8002,0.2000,0.60000,1634.615,1318,increasing,rolling,1417.362,1143,1417.595,-1.789,0,0,1783745381.996001482,0.728895,0.294543,0.811141,0.188342,,,,0.152533,1.523348,0.018142,0.013196,1.224,0.970
forward,4,11.6400,0.8218,0.2000,0.60000,1634.615,1318,increasing,rolling,1417.362,1143,1417.595,-1.789,0,0,1783745381.996001482,0.728895,0.294543,0.811141,0.188342,,,,0.152533,1.523348,0.018142,0.013196,1.224,0.970
forward,4,11.6616,0.8434,0.2000,0.60000,1634.615,1318,increasing,rolling,1417.362,1143,1417.595,-1.789,0,0,1783745381.996001482,0.728895,0.294543,0.811141,0.188342,,,,0.152533,1.523348,0.018142,0.013196,1.224,0.970
forward,4,11.6831,0.8649,0.2000,0.60000,1634.615,1318,increasing,rolling,1417.362,1143,1417.595,-1.789,0,0,1783745381.996001482,0.728895,0.294543,0.811141,0.188342,,,,0.152533,1.523348,0.018142,0.013196,1.242,0.938
forward,4,11.6931,0.8749,0.2000,0.60000,1634.615,1318,increasing,rolling,1417.328,1143,1417.560,-1.824,1,9,1783745382.096402407,0.743674,0.306652,0.825420,0.188418,0.0189399,0.0142791,0.7539141,0.171473,1.542288,0.037082,0.027476,1.242,0.938
forward,4,11.7124,0.8942,0.2000,0.60000,1634.615,1318,increasing,rolling,1417.328,1143,1417.560,-1.824,0,0,1783745382.096402407,0.743674,0.306652,0.825420,0.188418,,,,0.171473,1.542288,0.037082,0.027476,1.242,0.938
forward,4,11.7341,0.9159,0.2000,0.60000,1634.615,1318,increasing,rolling,1417.328,1143,1417.560,-1.824,0,0,1783745382.096402407,0.743674,0.306652,0.825420,0.188418,,,,0.171473,1.542288,0.037082,0.027476,1.242,0.938
forward,4,11.7557,0.9375,0.2000,0.60000,1634.615,1318,increasing,rolling,1417.328,1143,1417.560,-1.824,0,0,1783745382.096402407,0.743674,0.306652,0.825420,0.188418,,,,0.171473,1.542288,0.037082,0.027476,1.242,0.938
forward,4,11.7772,0.9590,0.2000,0.60000,1634.615,1318,increasing,rolling,1417.328,1143,1417.560,-1.824,0,0,1783745382.096402407,0.743674,0.306652,0.825420,0.188418,,,,0.171473,1.542288,0.037082,0.027476,1.260,0.910
forward,4,11.7934,0.9752,0.2000,0.60000,1634.615,1318,increasing,rolling,1417.373,1143,1417.536,-1.848,1,10,1783745382.194404840,0.757806,0.320564,0.835581,0.191831,0.0198033,0.0101607,0.5130809,0.191276,1.562092,0.056885,0.037636,1.260,0.910
forward,4,11.8152,0.9970,0.2000,0.60000,1634.615,1318,increasing,rolling,1417.373,1143,1417.536,-1.848,0,0,1783745382.194404840,0.757806,0.320564,0.835581,0.191831,,,,0.191276,1.562092,0.056885,0.037636,1.260,0.910
forward,4,11.8369,1.0187,0.2000,0.60000,1634.615,1318,increasing,rolling,1417.373,1143,1417.536,-1.848,0,0,1783745382.194404840,0.757806,0.320564,0.835581,0.191831,,,,0.191276,1.562092,0.056885,0.037636,1.260,0.910
forward,4,11.8584,1.0402,0.2000,0.60000,1634.615,1318,increasing,rolling,1417.373,1143,1417.536,-1.848,0,0,1783745382.194404840,0.757806,0.320564,0.835581,0.191831,,,,0.191276,1.562092,0.056885,0.037636,1.260,0.910
forward,4,11.8799,1.0617,0.2000,0.60000,1634.615,1318,increasing,rolling,1417.373,1143,1417.536,-1.848,0,0,1783745382.194404840,0.757806,0.320564,0.835581,0.191831,,,,0.191276,1.562092,0.056885,0.037636,1.280,0.885
forward,4,11.8937,1.0755,0.2000,0.60000,1634.615,1318,increasing,rolling,1417.535,1143,1417.536,-1.848,1,11,1783745382.294638395,0.768121,0.341498,0.847579,0.199950,0.0224832,0.0119983,0.5336545,0.213759,1.584575,0.079368,0.049635,1.280,0.885
forward,4,11.9122,1.0940,0.2000,0.60000,1634.615,1318,increasing,rolling,1417.535,1143,1417.536,-1.848,0,0,1783745382.294638395,0.768121,0.341498,0.847579,0.199950,,,,0.213759,1.584575,0.079368,0.049635,1.280,0.885
forward,4,11.9338,1.1156,0.2000,0.60000,1634.615,1318,increasing,rolling,1417.535,1143,1417.536,-1.848,0,0,1783745382.294638395,0.768121,0.341498,0.847579,0.199950,,,,0.213759,1.584575,0.079368,0.049635,1.280,0.885
forward,4,11.9554,1.1372,0.2000,0.60000,1634.615,1318,increasing,rolling,1417.535,1143,1417.536,-1.848,0,0,1783745382.294638395,0.768121,0.341498,0.847579,0.199950,,,,0.213759,1.584575,0.079368,0.049635,1.280,0.885
forward,4,11.9770,1.1588,0.2000,0.60000,1634.615,1318,increasing,rolling,1417.535,1143,1417.536,-1.848,0,0,1783745382.294638395,0.768121,0.341498,0.847579,0.199950,,,,0.213759,1.584575,0.079368,0.049635,1.301,0.864
forward,4,11.9914,1.1732,0.2000,0.60000,1634.615,1318,increasing,rolling,1417.535,1143,1417.536,-1.848,0,0,1783745382.294638395,0.768121,0.341498,0.847579,0.199950,,,,0.213759,1.584575,0.079368,0.049635,1.301,0.864
forward,4,12.0133,1.1951,0.2000,0.60000,1634.615,1318,increasing,rolling,1417.484,1143,1417.529,-1.855,1,12,1783745382.395009995,0.782030,0.354831,0.863560,0.197753,0.0191872,0.0159809,0.8328934,0.232947,1.603762,0.098555,0.065615,1.301,0.864
forward,4,12.0152,1.1970,0.2000,0.60000,1634.615,1318,increasing,rolling,1417.484,1143,1417.529,-1.855,0,0,1783745382.395009995,0.782030,0.354831,0.863560,0.197753,,,,0.232947,1.603762,0.098555,0.065615,1.301,0.864
forward,4,12.0368,1.2186,0.2000,0.60000,1634.615,1318,increasing,rolling,1417.484,1143,1417.529,-1.855,0,0,1783745382.395009995,0.782030,0.354831,0.863560,0.197753,,,,0.232947,1.603762,0.098555,0.065615,1.301,0.864
forward,4,12.0583,1.2401,0.2000,0.60000,1634.615,1318,increasing,rolling,1417.484,1143,1417.529,-1.855,0,0,1783745382.395009995,0.782030,0.354831,0.863560,0.197753,,,,0.232947,1.603762,0.098555,0.065615,1.301,0.864
forward,4,12.0798,1.2616,0.2000,0.60000,1634.615,1318,increasing,rolling,1417.484,1143,1417.529,-1.855,0,0,1783745382.395009995,0.782030,0.354831,0.863560,0.197753,,,,0.232947,1.603762,0.098555,0.065615,1.324,0.846
forward,4,12.0919,1.2737,0.2000,0.60000,1634.615,1318,increasing,rolling,1417.917,1143,1417.578,-1.805,1,13,1783745382.492655039,0.801675,0.373311,0.878200,0.216903,0.0267891,0.0146402,0.5465003,0.259736,1.630551,0.125344,0.080256,1.324,0.846
forward,4,12.1107,1.2925,0.2000,0.60000,1634.615,1318,increasing,rolling,1417.917,1143,1417.578,-1.805,0,0,1783745382.492655039,0.801675,0.373311,0.878200,0.216903,,,,0.259736,1.630551,0.125344,0.080256,1.324,0.846
forward,4,12.1323,1.3141,0.2000,0.60000,1634.615,1318,increasing,rolling,1417.917,1143,1417.578,-1.805,0,0,1783745382.492655039,0.801675,0.373311,0.878200,0.216903,,,,0.259736,1.630551,0.125344,0.080256,1.324,0.846
forward,4,12.1538,1.3356,0.2000,0.60000,1634.615,1318,increasing,rolling,1417.917,1143,1417.578,-1.805,0,0,1783745382.492655039,0.801675,0.373311,0.878200,0.216903,,,,0.259736,1.630551,0.125344,0.080256,1.324,0.846
forward,4,12.1753,1.3571,0.2000,0.60000,1634.615,1318,increasing,rolling,1417.917,1143,1417.578,-1.805,0,0,1783745382.492655039,0.801675,0.373311,0.878200,0.216903,,,,0.259736,1.630551,0.125344,0.080256,1.344,0.818
forward,4,12.1921,1.3739,0.2000,0.60000,1634.615,1318,increasing,rolling,1418.338,1144,1417.678,-1.706,1,14,1783745382.592807531,0.824495,0.391055,0.891790,0.233030,0.0281840,0.0135898,0.4821816,0.287920,1.658735,0.153528,0.093846,1.344,0.818
forward,4,12.2065,1.3883,0.2000,0.60000,1634.615,1318,increasing,rolling,1418.338,1144,1417.678,-1.706,0,0,1783745382.592807531,0.824495,0.391055,0.891790,0.233030,,,,0.287920,1.658735,0.153528,0.093846,1.344,0.818
forward,4,12.2281,1.4099,0.2000,0.60000,1634.615,1318,increasing,rolling,1418.338,1144,1417.678,-1.706,0,0,1783745382.592807531,0.824495,0.391055,0.891790,0.233030,,,,0.287920,1.658735,0.153528,0.093846,1.344,0.818
forward,4,12.2497,1.4315,0.2000,0.60000,1634.615,1318,increasing,rolling,1418.338,1144,1417.678,-1.706,0,0,1783745382.592807531,0.824495,0.391055,0.891790,0.233030,,,,0.287920,1.658735,0.153528,0.093846,1.344,0.818
forward,4,12.2713,1.4531,0.2000,0.60000,1634.615,1318,increasing,rolling,1418.338,1144,1417.678,-1.706,0,0,1783745382.592807531,0.824495,0.391055,0.891790,0.233030,,,,0.287920,1.658735,0.153528,0.093846,1.368,0.803
forward,4,12.2924,1.4742,0.2000,0.60000,1634.615,1318,increasing,rolling,1418.411,1144,1417.774,-1.610,1,15,1783745382.693437099,0.838651,0.409153,0.907482,0.231852,0.0229758,0.0156921,0.6829830,0.310895,1.681711,0.176504,0.109538,1.368,0.803
forward,4,12.3092,1.4910,0.2000,0.60000,1634.615,1318,increasing,rolling,1418.411,1144,1417.774,-1.610,0,0,1783745382.693437099,0.838651,0.409153,0.907482,0.231852,,,,0.310895,1.681711,0.176504,0.109538,1.368,0.803
forward,4,12.3310,1.5128,0.2000,0.60000,1634.615,1318,increasing,rolling,1418.411,1144,1417.774,-1.610,0,0,1783745382.693437099,0.838651,0.409153,0.907482,0.231852,,,,0.310895,1.681711,0.176504,0.109538,1.368,0.803
forward,4,12.3527,1.5345,0.2000,0.60000,1634.615,1318,increasing,rolling,1418.411,1144,1417.774,-1.610,0,0,1783745382.693437099,0.838651,0.409153,0.907482,0.231852,,,,0.310895,1.681711,0.176504,0.109538,1.368,0.803
forward,4,12.3743,1.5561,0.2000,0.60000,1634.615,1318,increasing,rolling,1418.411,1144,1417.774,-1.610,0,0,1783745382.693437099,0.838651,0.409153,0.907482,0.231852,,,,0.310895,1.681711,0.176504,0.109538,1.390,0.780
forward,4,12.3931,1.5749,0.2000,0.60000,1634.615,1318,increasing,rolling,1418.446,1144,1417.862,-1.522,1,16,1783745382.793628216,0.851802,0.427003,0.922580,0.229201,0.0221671,0.0150981,0.6811020,0.333063,1.703878,0.198671,0.124636,1.390,0.780
forward,4,12.3997,1.5815,0.2000,0.60000,1634.615,1318,increasing,rolling,1418.446,1144,1417.862,-1.522,0,0,1783745382.793628216,0.851802,0.427003,0.922580,0.229201,,,,0.333063,1.703878,0.198671,0.124636,1.390,0.780
forward,4,12.4214,1.6032,0.2000,0.60000,1634.615,1318,increasing,rolling,1418.446,1144,1417.862,-1.522,0,0,1783745382.793628216,0.851802,0.427003,0.922580,0.229201,,,,0.333063,1.703878,0.198671,0.124636,1.390,0.780
forward,4,12.4430,1.6248,0.2000,0.60000,1634.615,1318,increasing,rolling,1418.446,1144,1417.862,-1.522,0,0,1783745382.793628216,0.851802,0.427003,0.922580,0.229201,,,,0.333063,1.703878,0.198671,0.124636,1.390,0.780
forward,4,12.4645,1.6463,0.2000,0.60000,1634.615,1318,increasing,rolling,1418.446,1144,1417.862,-1.522,0,0,1783745382.793628216,0.851802,0.427003,0.922580,0.229201,,,,0.333063,1.703878,0.198671,0.124636,1.390,0.780
forward,4,12.4860,1.6678,0.2000,0.60000,1634.615,1318,increasing,rolling,1418.446,1144,1417.862,-1.522,0,0,1783745382.793628216,0.851802,0.427003,0.922580,0.229201,,,,0.333063,1.703878,0.198671,0.124636,1.413,0.761
forward,4,12.4932,1.6750,0.2000,0.60000,1634.615,1318,increasing,rolling,1418.461,1144,1417.940,-1.444,1,17,1783745382.894051313,0.864399,0.444738,0.936007,0.226040,0.0217472,0.0134269,0.6174098,0.354810,1.725625,0.220418,0.138063,1.413,0.761
forward,4,12.5036,1.6854,0.2000,0.60000,1634.615,1318,increasing,rolling,1418.461,1144,1417.940,-1.444,0,0,1783745382.894051313,0.864399,0.444738,0.936007,0.226040,,,,0.354810,1.725625,0.220418,0.138063,1.413,0.761
forward,4,12.5253,1.7071,0.2000,0.60000,1634.615,1318,increasing,rolling,1418.461,1144,1417.940,-1.444,0,0,1783745382.894051313,0.864399,0.444738,0.936007,0.226040,,,,0.354810,1.725625,0.220418,0.138063,1.413,0.761
forward,4,12.5469,1.7287,0.2000,0.60000,1634.615,1318,increasing,rolling,1418.461,1144,1417.940,-1.444,0,0,1783745382.894051313,0.864399,0.444738,0.936007,0.226040,,,,0.354810,1.725625,0.220418,0.138063,1.413,0.761
forward,4,12.5687,1.7505,0.2000,0.60000,1634.615,1318,increasing,rolling,1418.461,1144,1417.940,-1.444,0,0,1783745382.894051313,0.864399,0.444738,0.936007,0.226040,,,,0.354810,1.725625,0.220418,0.138063,1.413,0.761
forward,4,12.5906,1.7724,0.2000,0.60000,1634.615,1318,increasing,rolling,1418.461,1144,1417.940,-1.444,0,0,1783745382.894051313,0.864399,0.444738,0.936007,0.226040,,,,0.354810,1.725625,0.220418,0.138063,1.434,0.737
forward,4,12.5935,1.7753,0.2000,0.60000,1634.615,1318,increasing,rolling,1418.460,1144,1418.008,-1.375,1,18,1783745382.994614363,0.875479,0.463072,0.950329,0.222597,0.0213463,0.0143216,0.6709148,0.376156,1.746972,0.241765,0.152384,1.434,0.737
forward,4,12.6085,1.7903,0.2000,0.60000,1634.615,1318,increasing,rolling,1418.460,1144,1418.008,-1.375,0,0,1783745382.994614363,0.875479,0.463072,0.950329,0.222597,,,,0.376156,1.746972,0.241765,0.152384,1.434,0.737
forward,4,12.6304,1.8122,0.2000,0.60000,1634.615,1318,increasing,rolling,1418.460,1144,1418.008,-1.375,0,0,1783745382.994614363,0.875479,0.463072,0.950329,0.222597,,,,0.376156,1.746972,0.241765,0.152384,1.434,0.737
forward,4,12.6520,1.8338,0.2000,0.60000,1634.615,1318,increasing,rolling,1418.460,1144,1418.008,-1.375,0,0,1783745382.994614363,0.875479,0.463072,0.950329,0.222597,,,,0.376156,1.746972,0.241765,0.152384,1.434,0.737
forward,4,12.6736,1.8554,0.2000,0.60000,1634.615,1318,increasing,rolling,1418.460,1144,1418.008,-1.375,0,0,1783745382.994614363,0.875479,0.463072,0.950329,0.222597,,,,0.376156,1.746972,0.241765,0.152384,1.454,0.716
forward,4,12.6917,1.8735,0.2000,0.60000,1634.615,1318,increasing,rolling,1418.417,1144,1418.062,-1.322,1,19,1783745383.095104933,0.885765,0.480817,0.961583,0.217771,0.0204289,0.0112541,0.5508923,0.396585,1.767401,0.262194,0.163638,1.454,0.716
forward,4,12.7088,1.8906,0.2000,0.60000,1634.615,1318,increasing,rolling,1418.417,1144,1418.062,-1.322,0,0,1783745383.095104933,0.885765,0.480817,0.961583,0.217771,,,,0.396585,1.767401,0.262194,0.163638,1.454,0.716
forward,4,12.7304,1.9122,0.2000,0.60000,1634.615,1318,increasing,rolling,1418.417,1144,1418.062,-1.322,0,0,1783745383.095104933,0.885765,0.480817,0.961583,0.217771,,,,0.396585,1.767401,0.262194,0.163638,1.454,0.716
forward,4,12.7519,1.9337,0.2000,0.60000,1634.615,1318,increasing,rolling,1418.417,1144,1418.062,-1.322,0,0,1783745383.095104933,0.885765,0.480817,0.961583,0.217771,,,,0.396585,1.767401,0.262194,0.163638,1.454,0.716
forward,4,12.7735,1.9553,0.2000,0.60000,1634.615,1318,increasing,rolling,1418.417,1144,1418.062,-1.322,0,0,1783745383.095104933,0.885765,0.480817,0.961583,0.217771,,,,0.396585,1.767401,0.262194,0.163638,1.472,0.703
forward,4,12.7922,1.9740,0.2000,0.60000,1634.615,1318,increasing,rolling,1418.361,1144,1418.100,-1.284,1,20,1783745383.193094730,0.896069,0.497388,0.972314,0.213055,0.0194910,0.0107314,0.5505827,0.416076,1.786892,0.281685,0.174370,1.472,0.703
forward,4,12.8031,1.9849,0.2000,0.60000,1634.615,1318,increasing,rolling,1418.361,1144,1418.100,-1.284,0,0,1783745383.193094730,0.896069,0.497388,0.972314,0.213055,,,,0.416076,1.786892,0.281685,0.174370,1.472,0.703
forward,4,12.8248,2.0066,0.2000,0.60000,1634.615,1318,increasing,rolling,1418.361,1144,1418.100,-1.284,0,0,1783745383.193094730,0.896069,0.497388,0.972314,0.213055,,,,0.416076,1.786892,0.281685,0.174370,1.472,0.703
forward,4,12.8464,2.0282,0.2000,0.60000,1634.615,1318,increasing,rolling,1418.361,1144,1418.100,-1.284,0,0,1783745383.193094730,0.896069,0.497388,0.972314,0.213055,,,,0.416076,1.786892,0.281685,0.174370,1.472,0.703
forward,4,12.8679,2.0497,0.2000,0.60000,1634.615,1318,increasing,rolling,1418.361,1144,1418.100,-1.284,0,0,1783745383.193094730,0.896069,0.497388,0.972314,0.213055,,,,0.416076,1.786892,0.281685,0.174370,1.472,0.703
forward,4,12.8894,2.0712,0.2000,0.60000,1634.615,1318,increasing,rolling,1418.361,1144,1418.100,-1.284,0,0,1783745383.193094730,0.896069,0.497388,0.972314,0.213055,,,,0.416076,1.786892,0.281685,0.174370,1.492,0.688
forward,4,12.8924,2.0742,0.2000,0.60000,1634.615,1318,increasing,rolling,1418.211,1144,1418.115,-1.269,1,21,1783745383.293419361,0.906199,0.512355,0.982526,0.204829,0.0180736,0.0102119,0.5650192,0.434150,1.804965,0.299758,0.184582,1.492,0.688
forward,4,12.9096,2.0914,0.2000,0.60000,1634.615,1318,increasing,rolling,1418.211,1144,1418.115,-1.269,0,0,1783745383.293419361,0.906199,0.512355,0.982526,0.204829,,,,0.434150,1.804965,0.299758,0.184582,1.492,0.688
forward,4,12.9313,2.1131,0.2000,0.60000,1634.615,1318,increasing,rolling,1418.211,1144,1418.115,-1.269,0,0,1783745383.293419361,0.906199,0.512355,0.982526,0.204829,,,,0.434150,1.804965,0.299758,0.184582,1.492,0.688
forward,4,12.9530,2.1348,0.2000,0.60000,1634.615,1318,increasing,rolling,1418.211,1144,1418.115,-1.269,0,0,1783745383.293419361,0.906199,0.512355,0.982526,0.204829,,,,0.434150,1.804965,0.299758,0.184582,1.492,0.688
forward,4,12.9746,2.1564,0.2000,0.60000,1634.615,1318,increasing,rolling,1418.211,1144,1418.115,-1.269,0,0,1783745383.293419361,0.906199,0.512355,0.982526,0.204829,,,,0.434150,1.804965,0.299758,0.184582,1.510,0.666
forward,4,12.9929,2.1747,0.2000,0.60000,1634.615,1318,increasing,rolling,1418.108,1144,1418.114,-1.270,1,22,1783745383.393745899,0.916807,0.527507,0.993498,0.199692,0.0184884,0.0109725,0.5934792,0.452638,1.823454,0.318247,0.195554,1.510,0.666
forward,5,13.0047,0.0000,0.2000,-0.60000,1265.385,1020,decreasing,rolling,1418.108,1144,1418.114,-1.270,0,0,1783745383.393745899,0.916807,0.527507,0.993498,0.199692,,,,0.000000,1.823454,0.000000,0.000000,1.510,0.666
forward,5,13.0265,0.0218,0.2000,-0.60000,1265.385,1020,decreasing,rolling,1418.108,1144,1418.114,-1.270,0,0,1783745383.393745899,0.916807,0.527507,0.993498,0.199692,,,,0.000000,1.823454,0.000000,0.000000,1.510,0.666
forward,5,13.0482,0.0435,0.2000,-0.60000,1265.385,1020,decreasing,rolling,1418.108,1144,1418.114,-1.270,0,0,1783745383.393745899,0.916807,0.527507,0.993498,0.199692,,,,0.000000,1.823454,0.000000,0.000000,1.510,0.666
forward,5,13.0698,0.0652,0.2000,-0.60000,1265.385,1020,decreasing,rolling,1418.108,1144,1418.114,-1.270,0,0,1783745383.393745899,0.916807,0.527507,0.993498,0.199692,,,,0.000000,1.823454,0.000000,0.000000,1.510,0.666
forward,5,13.0915,0.0868,0.2000,-0.60000,1265.385,1020,decreasing,rolling,1418.108,1144,1418.114,-1.270,0,0,1783745383.393745899,0.916807,0.527507,0.993498,0.199692,,,,0.000000,1.823454,0.000000,0.000000,1.531,0.648
forward,5,13.0941,0.0894,0.2000,-0.60000,1265.385,1020,decreasing,rolling,1418.181,1144,1418.123,-1.261,1,1,1783745383.494242191,0.927583,0.545977,1.005477,0.202915,0.0213636,0.0119787,0.5607053,0.021364,1.844817,0.000000,0.000000,1.531,0.648
forward,5,13.1101,0.1055,0.2000,-0.60000,1265.385,1020,decreasing,rolling,1418.181,1144,1418.123,-1.261,0,0,1783745383.494242191,0.927583,0.545977,1.005477,0.202915,,,,0.021364,1.844817,0.000000,0.000000,1.531,0.648
forward,5,13.1319,0.1272,0.2000,-0.60000,1265.385,1020,decreasing,rolling,1418.181,1144,1418.123,-1.261,0,0,1783745383.494242191,0.927583,0.545977,1.005477,0.202915,,,,0.021364,1.844817,0.000000,0.000000,1.531,0.648
forward,5,13.1535,0.1488,0.2000,-0.60000,1265.385,1020,decreasing,rolling,1418.181,1144,1418.123,-1.261,0,0,1783745383.494242191,0.927583,0.545977,1.005477,0.202915,,,,0.021364,1.844817,0.000000,0.000000,1.531,0.648
forward,5,13.1751,0.1704,0.2000,-0.60000,1265.385,1020,decreasing,rolling,1418.181,1144,1418.123,-1.261,0,0,1783745383.494242191,0.927583,0.545977,1.005477,0.202915,,,,0.021364,1.844817,0.000000,0.000000,1.547,0.655
forward,5,13.1935,0.1888,0.2000,-0.60000,1265.385,1020,decreasing,rolling,1417.843,1143,1418.086,-1.298,1,2,1783745383.594477654,0.934173,0.558726,1.014896,0.187857,0.0143020,0.0094188,0.6585596,0.035666,1.859119,0.000000,0.000000,1.547,0.655
forward,5,13.2150,0.2103,0.2000,-0.60000,1265.385,1020,decreasing,rolling,1417.843,1143,1418.086,-1.298,0,0,1783745383.594477654,0.934173,0.558726,1.014896,0.187857,,,,0.035666,1.859119,0.000000,0.000000,1.547,0.655
forward,5,13.2366,0.2319,0.2000,-0.60000,1265.385,1020,decreasing,rolling,1417.843,1143,1418.086,-1.298,0,0,1783745383.594477654,0.934173,0.558726,1.014896,0.187857,,,,0.035666,1.859119,0.000000,0.000000,1.547,0.655
forward,5,13.2581,0.2535,0.2000,-0.60000,1265.385,1020,decreasing,rolling,1417.843,1143,1418.086,-1.298,0,0,1783745383.594477654,0.934173,0.558726,1.014896,0.187857,,,,0.035666,1.859119,0.000000,0.000000,1.547,0.655
forward,5,13.2797,0.2750,0.2000,-0.60000,1265.385,1020,decreasing,rolling,1417.843,1143,1418.086,-1.298,0,0,1783745383.594477654,0.934173,0.558726,1.014896,0.187857,,,,0.035666,1.859119,0.000000,0.000000,1.562,0.652
forward,5,13.2942,0.2895,0.2000,-0.60000,1265.385,1020,decreasing,rolling,1417.495,1143,1418.009,-1.375,1,3,1783745383.694772720,0.942652,0.569230,1.012519,0.174290,0.0133984,-0.0023773,-0.1774291,0.049064,1.872518,0.000000,0.000000,1.562,0.652
forward,5,13.3117,0.3070,0.2000,-0.60000,1265.385,1020,decreasing,rolling,1417.495,1143,1418.009,-1.375,0,0,1783745383.694772720,0.942652,0.569230,1.012519,0.174290,,,,0.049064,1.872518,0.000000,0.000000,1.562,0.652
forward,5,13.3333,0.3286,0.2000,-0.60000,1265.385,1020,decreasing,rolling,1417.495,1143,1418.009,-1.375,0,0,1783745383.694772720,0.942652,0.569230,1.012519,0.174290,,,,0.049064,1.872518,0.000000,0.000000,1.562,0.652
forward,5,13.3548,0.3501,0.2000,-0.60000,1265.385,1020,decreasing,rolling,1417.495,1143,1418.009,-1.375,0,0,1783745383.694772720,0.942652,0.569230,1.012519,0.174290,,,,0.049064,1.872518,0.000000,0.000000,1.562,0.652
forward,5,13.3763,0.3716,0.2000,-0.60000,1265.385,1020,decreasing,rolling,1417.495,1143,1418.009,-1.375,0,0,1783745383.694772720,0.942652,0.569230,1.012519,0.174290,,,,0.049064,1.872518,0.000000,0.000000,1.579,0.662
forward,5,13.3945,0.3898,0.2000,-0.60000,1265.385,1020,decreasing,rolling,1417.306,1143,1417.917,-1.467,1,4,1783745383.795427799,0.948873,0.583752,1.002614,0.169465,0.0156002,-0.0099050,-0.6349260,0.064664,1.888118,0.000000,0.000000,1.579,0.662
forward,5,13.4151,0.4105,0.2000,-0.60000,1265.385,1020,decreasing,rolling,1417.306,1143,1417.917,-1.467,0,0,1783745383.795427799,0.948873,0.583752,1.002614,0.169465,,,,0.064664,1.888118,0.000000,0.000000,1.579,0.662
forward,5,13.4368,0.4321,0.2000,-0.60000,1265.385,1020,decreasing,rolling,1417.306,1143,1417.917,-1.467,0,0,1783745383.795427799,0.948873,0.583752,1.002614,0.169465,,,,0.064664,1.888118,0.000000,0.000000,1.579,0.662
forward,5,13.4583,0.4536,0.2000,-0.60000,1265.385,1020,decreasing,rolling,1417.306,1143,1417.917,-1.467,0,0,1783745383.795427799,0.948873,0.583752,1.002614,0.169465,,,,0.064664,1.888118,0.000000,0.000000,1.579,0.662
forward,5,13.4799,0.4752,0.2000,-0.60000,1265.385,1020,decreasing,rolling,1417.306,1143,1417.917,-1.467,0,0,1783745383.795427799,0.948873,0.583752,1.002614,0.169465,,,,0.064664,1.888118,0.000000,0.000000,1.594,0.664
forward,5,13.4948,0.4901,0.2000,-0.60000,1265.385,1020,decreasing,rolling,1417.306,1143,1417.917,-1.467,0,0,1783745383.795427799,0.948873,0.583752,1.002614,0.169465,,,,0.064664,1.888118,0.000000,0.000000,1.594,0.664
forward,5,13.5169,0.5122,0.2000,-0.60000,1265.385,1020,decreasing,rolling,1417.657,1143,1417.883,-1.501,1,5,1783745383.895830870,0.960055,0.605991,0.993050,0.188725,0.0247499,-0.0095639,-0.3864215,0.089414,1.912868,0.000000,0.000000,1.594,0.664
forward,5,13.5187,0.5141,0.2000,-0.60000,1265.385,1020,decreasing,rolling,1417.657,1143,1417.883,-1.501,0,0,1783745383.895830870,0.960055,0.605991,0.993050,0.188725,,,,0.089414,1.912868,0.000000,0.000000,1.594,0.664
forward,5,13.5403,0.5357,0.2000,-0.60000,1265.385,1020,decreasing,rolling,1417.657,1143,1417.883,-1.501,0,0,1783745383.895830870,0.960055,0.605991,0.993050,0.188725,,,,0.089414,1.912868,0.000000,0.000000,1.594,0.664
forward,5,13.5619,0.5572,0.2000,-0.60000,1265.385,1020,decreasing,rolling,1417.657,1143,1417.883,-1.501,0,0,1783745383.895830870,0.960055,0.605991,0.993050,0.188725,,,,0.089414,1.912868,0.000000,0.000000,1.594,0.664
forward,5,13.5834,0.5787,0.2000,-0.60000,1265.385,1020,decreasing,rolling,1417.657,1143,1417.883,-1.501,0,0,1783745383.895830870,0.960055,0.605991,0.993050,0.188725,,,,0.089414,1.912868,0.000000,0.000000,1.609,0.666
forward,5,13.5956,0.5909,0.2000,-0.60000,1265.385,1020,decreasing,rolling,1417.801,1143,1417.872,-1.512,1,6,1783745383.996139765,0.972444,0.624203,0.982095,0.196434,0.0220240,-0.0109550,-0.4974102,0.111438,1.934892,0.000000,0.000000,1.609,0.666
forward,5,13.6084,0.6037,0.2000,-0.60000,1265.385,1020,decreasing,rolling,1417.801,1143,1417.872,-1.512,0,0,1783745383.996139765,0.972444,0.624203,0.982095,0.196434,,,,0.111438,1.934892,0.000000,0.000000,1.609,0.666
forward,5,13.6300,0.6253,0.2000,-0.60000,1265.385,1020,decreasing,rolling,1417.801,1143,1417.872,-1.512,0,0,1783745383.996139765,0.972444,0.624203,0.982095,0.196434,,,,0.111438,1.934892,0.000000,0.000000,1.609,0.666
forward,5,13.6516,0.6469,0.2000,-0.60000,1265.385,1020,decreasing,rolling,1417.801,1143,1417.872,-1.512,0,0,1783745383.996139765,0.972444,0.624203,0.982095,0.196434,,,,0.111438,1.934892,0.000000,0.000000,1.609,0.666
forward,5,13.6731,0.6685,0.2000,-0.60000,1265.385,1020,decreasing,rolling,1417.801,1143,1417.872,-1.512,0,0,1783745383.996139765,0.972444,0.624203,0.982095,0.196434,,,,0.111438,1.934892,0.000000,0.000000,1.609,0.666
forward,5,13.6947,0.6900,0.2000,-0.60000,1265.385,1020,decreasing,rolling,1417.801,1143,1417.872,-1.512,0,0,1783745383.996139765,0.972444,0.624203,0.982095,0.196434,,,,0.111438,1.934892,0.000000,0.000000,1.628,0.678
forward,5,13.6975,0.6928,0.2000,-0.60000,1265.385,1020,decreasing,rolling,1417.701,1143,1417.849,-1.534,1,7,1783745384.096580267,0.982177,0.639565,0.971574,0.192570,0.0181774,-0.0105207,-0.5787799,0.129616,1.953069,0.000000,0.000000,1.628,0.678
forward,5,13.7098,0.7052,0.2000,-0.60000,1265.385,1020,decreasing,rolling,1417.701,1143,1417.849,-1.534,0,0,1783745384.096580267,0.982177,0.639565,0.971574,0.192570,,,,0.129616,1.953069,0.000000,0.000000,1.628,0.678
forward,5,13.7315,0.7268,0.2000,-0.60000,1265.385,1020,decreasing,rolling,1417.701,1143,1417.849,-1.534,0,0,1783745384.096580267,0.982177,0.639565,0.971574,0.192570,,,,0.129616,1.953069,0.000000,0.000000,1.628,0.678
forward,5,13.7530,0.7484,0.2000,-0.60000,1265.385,1020,decreasing,rolling,1417.701,1143,1417.849,-1.534,0,0,1783745384.096580267,0.982177,0.639565,0.971574,0.192570,,,,0.129616,1.953069,0.000000,0.000000,1.628,0.678
forward,5,13.7746,0.7700,0.2000,-0.60000,1265.385,1020,decreasing,rolling,1417.701,1143,1417.849,-1.534,0,0,1783745384.096580267,0.982177,0.639565,0.971574,0.192570,,,,0.129616,1.953069,0.000000,0.000000,1.645,0.688
forward,5,13.7937,0.7890,0.2000,-0.60000,1265.385,1020,decreasing,rolling,1417.687,1143,1417.828,-1.556,1,8,1783745384.197007656,0.992643,0.656027,0.961867,0.192954,0.0194935,-0.0097070,-0.4979601,0.149109,1.972563,0.019494,-0.009707,1.645,0.688
forward,5,13.8138,0.8092,0.2000,-0.60000,1265.385,1020,decreasing,rolling,1417.687,1143,1417.828,-1.556,0,0,1783745384.197007656,0.992643,0.656027,0.961867,0.192954,,,,0.149109,1.972563,0.019494,-0.009707,1.645,0.688
forward,5,13.8355,0.8308,0.2000,-0.60000,1265.385,1020,decreasing,rolling,1417.687,1143,1417.828,-1.556,0,0,1783745384.197007656,0.992643,0.656027,0.961867,0.192954,,,,0.149109,1.972563,0.019494,-0.009707,1.645,0.688
forward,5,13.8570,0.8524,0.2000,-0.60000,1265.385,1020,decreasing,rolling,1417.687,1143,1417.828,-1.556,0,0,1783745384.197007656,0.992643,0.656027,0.961867,0.192954,,,,0.149109,1.972563,0.019494,-0.009707,1.645,0.688
forward,5,13.8785,0.8739,0.2000,-0.60000,1265.385,1020,decreasing,rolling,1417.687,1143,1417.828,-1.556,0,0,1783745384.197007656,0.992643,0.656027,0.961867,0.192954,,,,0.149109,1.972563,0.019494,-0.009707,1.668,0.687
forward,5,13.8940,0.8893,0.2000,-0.60000,1265.385,1020,decreasing,rolling,1417.598,1143,1417.799,-1.585,1,9,1783745384.294948578,1.004657,0.669247,0.952252,0.189964,0.0177267,-0.0096149,-0.5423986,0.166836,1.990290,0.037220,-0.019322,1.668,0.687
forward,5,13.9081,0.9034,0.2000,-0.60000,1265.385,1020,decreasing,rolling,1417.598,1143,1417.799,-1.585,0,0,1783745384.294948578,1.004657,0.669247,0.952252,0.189964,,,,0.166836,1.990290,0.037220,-0.019322,1.668,0.687
forward,5,13.9298,0.9251,0.2000,-0.60000,1265.385,1020,decreasing,rolling,1417.598,1143,1417.799,-1.585,0,0,1783745384.294948578,1.004657,0.669247,0.952252,0.189964,,,,0.166836,1.990290,0.037220,-0.019322,1.668,0.687
forward,5,13.9513,0.9466,0.2000,-0.60000,1265.385,1020,decreasing,rolling,1417.598,1143,1417.799,-1.585,0,0,1783745384.294948578,1.004657,0.669247,0.952252,0.189964,,,,0.166836,1.990290,0.037220,-0.019322,1.668,0.687
forward,5,13.9728,0.9682,0.2000,-0.60000,1265.385,1020,decreasing,rolling,1417.598,1143,1417.799,-1.585,0,0,1783745384.294948578,1.004657,0.669247,0.952252,0.189964,,,,0.166836,1.990290,0.037220,-0.019322,1.688,0.697
forward,5,13.9942,0.9895,0.2000,-0.60000,1265.385,1020,decreasing,rolling,1417.531,1143,1417.764,-1.620,1,10,1783745384.395285130,1.013138,0.685833,0.941929,0.188360,0.0184168,-0.0103237,-0.5605575,0.185253,2.008706,0.055637,-0.029646,1.688,0.697
forward,5,14.0122,1.0075,0.2000,-0.60000,1265.385,1020,decreasing,rolling,1417.531,1143,1417.764,-1.620,0,0,1783745384.395285130,1.013138,0.685833,0.941929,0.188360,,,,0.185253,2.008706,0.055637,-0.029646,1.688,0.697
forward,5,14.0338,1.0292,0.2000,-0.60000,1265.385,1020,decreasing,rolling,1417.531,1143,1417.764,-1.620,0,0,1783745384.395285130,1.013138,0.685833,0.941929,0.188360,,,,0.185253,2.008706,0.055637,-0.029646,1.688,0.697
forward,5,14.0556,1.0509,0.2000,-0.60000,1265.385,1020,decreasing,rolling,1417.531,1143,1417.764,-1.620,0,0,1783745384.395285130,1.013138,0.685833,0.941929,0.188360,,,,0.185253,2.008706,0.055637,-0.029646,1.688,0.697
forward,5,14.0771,1.0725,0.2000,-0.60000,1265.385,1020,decreasing,rolling,1417.531,1143,1417.764,-1.620,0,0,1783745384.395285130,1.013138,0.685833,0.941929,0.188360,,,,0.185253,2.008706,0.055637,-0.029646,1.705,0.711
forward,5,14.0925,1.0878,0.2000,-0.60000,1265.385,1020,decreasing,rolling,1417.687,1143,1417.754,-1.630,1,11,1783745384.495440245,1.026765,0.703359,0.929945,0.196666,0.0221928,-0.0119832,-0.5399591,0.207445,2.030899,0.077830,-0.041629,1.705,0.711
forward,5,14.1059,1.1012,0.2000,-0.60000,1265.385,1020,decreasing,rolling,1417.687,1143,1417.754,-1.630,0,0,1783745384.495440245,1.026765,0.703359,0.929945,0.196666,,,,0.207445,2.030899,0.077830,-0.041629,1.705,0.711
forward,5,14.1275,1.1228,0.2000,-0.60000,1265.385,1020,decreasing,rolling,1417.687,1143,1417.754,-1.630,0,0,1783745384.495440245,1.026765,0.703359,0.929945,0.196666,,,,0.207445,2.030899,0.077830,-0.041629,1.705,0.711
forward,5,14.1491,1.1444,0.2000,-0.60000,1265.385,1020,decreasing,rolling,1417.687,1143,1417.754,-1.630,0,0,1783745384.495440245,1.026765,0.703359,0.929945,0.196666,,,,0.207445,2.030899,0.077830,-0.041629,1.705,0.711
forward,5,14.1706,1.1660,0.2000,-0.60000,1265.385,1020,decreasing,rolling,1417.687,1143,1417.754,-1.630,0,0,1783745384.495440245,1.026765,0.703359,0.929945,0.196666,,,,0.207445,2.030899,0.077830,-0.041629,1.610,0.734
forward,5,14.1928,1.1882,0.2000,-0.60000,1265.385,1020,decreasing,rolling,1417.981,1144,1417.783,-1.601,1,12,1783745384.593613386,1.040495,0.723698,0.917794,0.209901,0.0245045,-0.0121515,-0.4958903,0.231950,2.055404,0.102334,-0.053780,1.610,0.734
forward,5,14.2060,1.2013,0.2000,-0.60000,1265.385,1020,decreasing,rolling,1417.981,1144,1417.783,-1.601,0,0,1783745384.593613386,1.040495,0.723698,0.917794,0.209901,,,,0.231950,2.055404,0.102334,-0.053780,1.610,0.734
forward,5,14.2276,1.2229,0.2000,-0.60000,1265.385,1020,decreasing,rolling,1417.981,1144,1417.783,-1.601,0,0,1783745384.593613386,1.040495,0.723698,0.917794,0.209901,,,,0.231950,2.055404,0.102334,-0.053780,1.610,0.734
forward,5,14.2492,1.2445,0.2000,-0.60000,1265.385,1020,decreasing,rolling,1417.981,1144,1417.783,-1.601,0,0,1783745384.593613386,1.040495,0.723698,0.917794,0.209901,,,,0.231950,2.055404,0.102334,-0.053780,1.610,0.734
forward,5,14.2707,1.2660,0.2000,-0.60000,1265.385,1020,decreasing,rolling,1417.981,1144,1417.783,-1.601,0,0,1783745384.593613386,1.040495,0.723698,0.917794,0.209901,,,,0.231950,2.055404,0.102334,-0.053780,1.745,0.739
forward,5,14.2932,1.2886,0.2000,-0.60000,1265.385,1020,decreasing,rolling,1417.981,1144,1417.783,-1.601,0,0,1783745384.593613386,1.040495,0.723698,0.917794,0.209901,,,,0.231950,2.055404,0.102334,-0.053780,1.745,0.739
forward,5,14.2946,1.2899,0.2000,-0.60000,1265.385,1020,decreasing,rolling,1418.032,1144,1417.816,-1.568,1,13,1783745384.694064379,1.056336,0.738572,0.902721,0.210847,0.0214649,-0.0150731,-0.7022184,0.253415,2.076869,0.123799,-0.068853,1.745,0.739
forward,5,14.3132,1.3085,0.2000,-0.60000,1265.385,1020,decreasing,rolling,1418.032,1144,1417.816,-1.568,0,0,1783745384.694064379,1.056336,0.738572,0.902721,0.210847,,,,0.253415,2.076869,0.123799,-0.068853,1.745,0.739
forward,5,14.3348,1.3301,0.2000,-0.60000,1265.385,1020,decreasing,rolling,1418.032,1144,1417.816,-1.568,0,0,1783745384.694064379,1.056336,0.738572,0.902721,0.210847,,,,0.253415,2.076869,0.123799,-0.068853,1.745,0.739
forward,5,14.3564,1.3517,0.2000,-0.60000,1265.385,1020,decreasing,rolling,1418.032,1144,1417.816,-1.568,0,0,1783745384.694064379,1.056336,0.738572,0.902721,0.210847,,,,0.253415,2.076869,0.123799,-0.068853,1.745,0.739
forward,5,14.3779,1.3732,0.2000,-0.60000,1265.385,1020,decreasing,rolling,1418.032,1144,1417.816,-1.568,0,0,1783745384.694064379,1.056336,0.738572,0.902721,0.210847,,,,0.253415,2.076869,0.123799,-0.068853,1.765,0.754
forward,5,14.3908,1.3862,0.2000,-0.60000,1265.385,1020,decreasing,rolling,1417.912,1143,1417.828,-1.556,1,14,1783745384.794483900,1.065134,0.755219,0.890244,0.204182,0.0184959,-0.0124763,-0.6745432,0.271911,2.095365,0.142295,-0.081330,1.765,0.754
forward,5,14.4032,1.3985,0.2000,-0.60000,1265.385,1020,decreasing,rolling,1417.912,1143,1417.828,-1.556,0,0,1783745384.794483900,1.065134,0.755219,0.890244,0.204182,,,,0.271911,2.095365,0.142295,-0.081330,1.765,0.754
forward,5,14.4249,1.4203,0.2000,-0.60000,1265.385,1020,decreasing,rolling,1417.912,1143,1417.828,-1.556,0,0,1783745384.794483900,1.065134,0.755219,0.890244,0.204182,,,,0.271911,2.095365,0.142295,-0.081330,1.765,0.754
forward,5,14.4465,1.4418,0.2000,-0.60000,1265.385,1020,decreasing,rolling,1417.912,1143,1417.828,-1.556,0,0,1783745384.794483900,1.065134,0.755219,0.890244,0.204182,,,,0.271911,2.095365,0.142295,-0.081330,1.765,0.754
forward,5,14.4680,1.4634,0.2000,-0.60000,1265.385,1020,decreasing,rolling,1417.912,1143,1417.828,-1.556,0,0,1783745384.794483900,1.065134,0.755219,0.890244,0.204182,,,,0.271911,2.095365,0.142295,-0.081330,1.765,0.754
forward,5,14.4898,1.4851,0.2000,-0.60000,1265.385,1020,decreasing,rolling,1417.912,1143,1417.828,-1.556,0,0,1783745384.794483900,1.065134,0.755219,0.890244,0.204182,,,,0.271911,2.095365,0.142295,-0.081330,1.651,0.766
forward,5,14.4924,1.4878,0.2000,-0.60000,1265.385,1020,decreasing,rolling,1417.781,1143,1417.822,-1.562,1,15,1783745384.892032623,1.074102,0.770476,0.878564,0.197951,0.0174865,-0.0116808,-0.6679925,0.289397,2.112851,0.159782,-0.093011,1.651,0.766
forward,5,14.5034,1.4987,0.2000,-0.60000,1265.385,1020,decreasing,rolling,1417.781,1143,1417.822,-1.562,0,0,1783745384.892032623,1.074102,0.770476,0.878564,0.197951,,,,0.289397,2.112851,0.159782,-0.093011,1.651,0.766
forward,5,14.5251,1.5204,0.2000,-0.60000,1265.385,1020,decreasing,rolling,1417.781,1143,1417.822,-1.562,0,0,1783745384.892032623,1.074102,0.770476,0.878564,0.197951,,,,0.289397,2.112851,0.159782,-0.093011,1.651,0.766
forward,5,14.5466,1.5419,0.2000,-0.60000,1265.385,1020,decreasing,rolling,1417.781,1143,1417.822,-1.562,0,0,1783745384.892032623,1.074102,0.770476,0.878564,0.197951,,,,0.289397,2.112851,0.159782,-0.093011,1.651,0.766
forward,5,14.5681,1.5634,0.2000,-0.60000,1265.385,1020,decreasing,rolling,1417.781,1143,1417.822,-1.562,0,0,1783745384.892032623,1.074102,0.770476,0.878564,0.197951,,,,0.289397,2.112851,0.159782,-0.093011,1.653,0.783
forward,5,14.5891,1.5844,0.2000,-0.60000,1265.385,1020,decreasing,rolling,1417.835,1143,1417.824,-1.560,1,16,1783745384.992627859,1.088545,0.785730,0.865456,0.200577,0.0209696,-0.0131077,-0.6250817,0.310367,2.133821,0.180751,-0.106118,1.653,0.783
forward,5,14.6037,1.5990,0.2000,-0.60000,1265.385,1020,decreasing,rolling,1417.835,1143,1417.824,-1.560,0,0,1783745384.992627859,1.088545,0.785730,0.865456,0.200577,,,,0.310367,2.133821,0.180751,-0.106118,1.653,0.783
forward,5,14.6253,1.6206,0.2000,-0.60000,1265.385,1020,decreasing,rolling,1417.835,1143,1417.824,-1.560,0,0,1783745384.992627859,1.088545,0.785730,0.865456,0.200577,,,,0.310367,2.133821,0.180751,-0.106118,1.653,0.783
forward,5,14.6471,1.6424,0.2000,-0.60000,1265.385,1020,decreasing,rolling,1417.835,1143,1417.824,-1.560,0,0,1783745384.992627859,1.088545,0.785730,0.865456,0.200577,,,,0.310367,2.133821,0.180751,-0.106118,1.653,0.783
forward,5,14.6689,1.6642,0.2000,-0.60000,1265.385,1020,decreasing,rolling,1417.835,1143,1417.824,-1.560,0,0,1783745384.992627859,1.088545,0.785730,0.865456,0.200577,,,,0.310367,2.133821,0.180751,-0.106118,1.625,0.795
forward,5,14.6895,1.6849,0.2000,-0.60000,1265.385,1020,decreasing,rolling,1417.902,1143,1417.834,-1.550,1,17,1783745385.090121031,1.100860,0.802393,0.853293,0.203414,0.0206614,-0.0121628,-0.5886752,0.331028,2.154482,0.201413,-0.118281,1.625,0.795
forward,5,14.7038,1.6991,0.2000,-0.60000,1265.385,1020,decreasing,rolling,1417.902,1143,1417.834,-1.550,0,0,1783745385.090121031,1.100860,0.802393,0.853293,0.203414,,,,0.331028,2.154482,0.201413,-0.118281,1.625,0.795
forward,5,14.7254,1.7208,0.2000,-0.60000,1265.385,1020,decreasing,rolling,1417.902,1143,1417.834,-1.550,0,0,1783745385.090121031,1.100860,0.802393,0.853293,0.203414,,,,0.331028,2.154482,0.201413,-0.118281,1.625,0.795
forward,5,14.7470,1.7423,0.2000,-0.60000,1265.385,1020,decreasing,rolling,1417.902,1143,1417.834,-1.550,0,0,1783745385.090121031,1.100860,0.802393,0.853293,0.203414,,,,0.331028,2.154482,0.201413,-0.118281,1.625,0.795
forward,5,14.7685,1.7638,0.2000,-0.60000,1265.385,1020,decreasing,rolling,1417.902,1143,1417.834,-1.550,0,0,1783745385.090121031,1.100860,0.802393,0.853293,0.203414,,,,0.331028,2.154482,0.201413,-0.118281,1.605,0.817
forward,5,14.7900,1.7853,0.2000,-0.60000,1265.385,1020,decreasing,rolling,1417.974,1144,1417.852,-1.531,1,18,1783745385.190828562,1.115641,0.818104,0.842063,0.206083,0.0215601,-0.0112297,-0.5208549,0.352588,2.176042,0.222973,-0.129511,1.605,0.817
forward,5,14.8073,1.8026,0.2000,-0.60000,1265.385,1020,decreasing,rolling,1417.974,1144,1417.852,-1.531,0,0,1783745385.190828562,1.115641,0.818104,0.842063,0.206083,,,,0.352588,2.176042,0.222973,-0.129511,1.605,0.817
forward,5,14.8289,1.8243,0.2000,-0.60000,1265.385,1020,decreasing,rolling,1417.974,1144,1417.852,-1.531,0,0,1783745385.190828562,1.115641,0.818104,0.842063,0.206083,,,,0.352588,2.176042,0.222973,-0.129511,1.605,0.817
forward,5,14.8505,1.8458,0.2000,-0.60000,1265.385,1020,decreasing,rolling,1417.974,1144,1417.852,-1.531,0,0,1783745385.190828562,1.115641,0.818104,0.842063,0.206083,,,,0.352588,2.176042,0.222973,-0.129511,1.605,0.817
forward,5,14.8720,1.8674,0.2000,-0.60000,1265.385,1020,decreasing,rolling,1417.974,1144,1417.852,-1.531,0,0,1783745385.190828562,1.115641,0.818104,0.842063,0.206083,,,,0.352588,2.176042,0.222973,-0.129511,1.630,0.831
forward,5,14.8900,1.8854,0.2000,-0.60000,1265.385,1020,decreasing,rolling,1417.446,1143,1417.799,-1.585,1,19,1783745385.291265011,1.124511,0.825148,0.834290,0.182364,0.0111694,-0.0077732,-0.6959354,0.363758,2.187211,0.234142,-0.137284,1.630,0.831
forward,5,14.9089,1.9042,0.2000,-0.60000,1265.385,1020,decreasing,rolling,1417.446,1143,1417.799,-1.585,0,0,1783745385.291265011,1.124511,0.825148,0.834290,0.182364,,,,0.363758,2.187211,0.234142,-0.137284,1.630,0.831
forward,5,14.9305,1.9258,0.2000,-0.60000,1265.385,1020,decreasing,rolling,1417.446,1143,1417.799,-1.585,0,0,1783745385.291265011,1.124511,0.825148,0.834290,0.182364,,,,0.363758,2.187211,0.234142,-0.137284,1.630,0.831
forward,5,14.9521,1.9474,0.2000,-0.60000,1265.385,1020,decreasing,rolling,1417.446,1143,1417.799,-1.585,0,0,1783745385.291265011,1.124511,0.825148,0.834290,0.182364,,,,0.363758,2.187211,0.234142,-0.137284,1.630,0.831
forward,5,14.9737,1.9690,0.2000,-0.60000,1265.385,1020,decreasing,rolling,1417.446,1143,1417.799,-1.585,0,0,1783745385.291265011,1.124511,0.825148,0.834290,0.182364,,,,0.363758,2.187211,0.234142,-0.137284,1.573,0.857
forward,5,14.9904,1.9857,0.2000,-0.60000,1265.385,1020,decreasing,rolling,1417.409,1143,1417.748,-1.635,1,20,1783745385.391308308,1.138652,0.837316,0.826262,0.183057,0.0185217,-0.0080284,-0.4334595,0.382279,2.205733,0.252664,-0.145312,1.573,0.857
forward,5,15.0053,2.0007,0.2000,-0.60000,1265.385,1020,decreasing,rolling,1417.409,1143,1417.748,-1.635,0,0,1783745385.391308308,1.138652,0.837316,0.826262,0.183057,,,,0.382279,2.205733,0.252664,-0.145312,1.573,0.857
forward,5,15.0272,2.0226,0.2000,-0.60000,1265.385,1020,decreasing,rolling,1417.409,1143,1417.748,-1.635,0,0,1783745385.391308308,1.138652,0.837316,0.826262,0.183057,,,,0.382279,2.205733,0.252664,-0.145312,1.573,0.857
forward,5,15.0492,2.0445,0.2000,-0.60000,1265.385,1020,decreasing,rolling,1417.409,1143,1417.748,-1.635,0,0,1783745385.391308308,1.138652,0.837316,0.826262,0.183057,,,,0.382279,2.205733,0.252664,-0.145312,1.573,0.857
forward,5,15.0710,2.0663,0.2000,-0.60000,1265.385,1020,decreasing,rolling,1417.409,1143,1417.748,-1.635,0,0,1783745385.391308308,1.138652,0.837316,0.826262,0.183057,,,,0.382279,2.205733,0.252664,-0.145312,1.585,0.872
forward,5,15.0909,2.0863,0.2000,-0.60000,1265.385,1020,decreasing,rolling,1417.409,1143,1417.748,-1.635,0,0,1783745385.391308308,1.138652,0.837316,0.826262,0.183057,,,,0.382279,2.205733,0.252664,-0.145312,1.585,0.872
forward,5,15.1129,2.1082,0.2000,-0.60000,1265.385,1020,decreasing,rolling,1417.409,1143,1417.704,-1.680,1,21,1783745385.491662025,1.151720,0.851458,0.816539,0.185262,0.0192555,-0.0097227,-0.5049322,0.401535,2.224989,0.271919,-0.155035,1.585,0.872
forward,5,15.1149,2.1102,0.2000,-0.60000,1265.385,1020,decreasing,rolling,1417.409,1143,1417.704,-1.680,0,0,1783745385.491662025,1.151720,0.851458,0.816539,0.185262,,,,0.401535,2.224989,0.271919,-0.155035,1.585,0.872
forward,5,15.1366,2.1319,0.2000,-0.60000,1265.385,1020,decreasing,rolling,1417.409,1143,1417.704,-1.680,0,0,1783745385.491662025,1.151720,0.851458,0.816539,0.185262,,,,0.401535,2.224989,0.271919,-0.155035,1.585,0.872
forward,5,15.1581,2.1534,0.2000,-0.60000,1265.385,1020,decreasing,rolling,1417.409,1143,1417.704,-1.680,0,0,1783745385.491662025,1.151720,0.851458,0.816539,0.185262,,,,0.401535,2.224989,0.271919,-0.155035,1.585,0.872
forward,5,15.1796,2.1749,0.2000,-0.60000,1265.385,1020,decreasing,rolling,1417.409,1143,1417.704,-1.680,0,0,1783745385.491662025,1.151720,0.851458,0.816539,0.185262,,,,0.401535,2.224989,0.271919,-0.155035,1.604,0.890
forward,5,15.1914,2.1867,0.2000,-0.60000,1265.385,1020,decreasing,rolling,1417.309,1143,1417.652,-1.732,1,22,1783745385.592213154,1.161878,0.866154,0.806170,0.182834,0.0176520,-0.0103688,-0.5874014,0.419187,2.242641,0.289571,-0.165404,1.604,0.890
forward,5,15.2055,2.2008,0.2000,-0.60000,1265.385,1020,decreasing,rolling,1417.309,1143,1417.652,-1.732,0,0,1783745385.592213154,1.161878,0.866154,0.806170,0.182834,,,,0.419187,2.242641,0.289571,-0.165404,1.604,0.890
forward,5,15.2271,2.2224,0.2000,-0.60000,1265.385,1020,decreasing,rolling,1417.309,1143,1417.652,-1.732,0,0,1783745385.592213154,1.161878,0.866154,0.806170,0.182834,,,,0.419187,2.242641,0.289571,-0.165404,1.604,0.890
forward,5,15.2487,2.2440,0.2000,-0.60000,1265.385,1020,decreasing,rolling,1417.309,1143,1417.652,-1.732,0,0,1783745385.592213154,1.161878,0.866154,0.806170,0.182834,,,,0.419187,2.242641,0.289571,-0.165404,1.604,0.890
forward,5,15.2702,2.2655,0.2000,-0.60000,1265.385,1020,decreasing,rolling,1417.309,1143,1417.652,-1.732,0,0,1783745385.592213154,1.161878,0.866154,0.806170,0.182834,,,,0.419187,2.242641,0.289571,-0.165404,1.620,0.913
forward,5,15.2919,2.2872,0.2000,-0.60000,1265.385,1020,decreasing,rolling,1417.353,1143,1417.613,-1.771,1,23,1783745385.692622423,1.174516,0.881803,0.795352,0.187002,0.0200319,-0.0108177,-0.5400248,0.439219,2.262673,0.309603,-0.176222,1.620,0.913
forward,5,15.3064,2.3017,0.2000,-0.60000,1265.385,1020,decreasing,rolling,1417.353,1143,1417.613,-1.771,0,0,1783745385.692622423,1.174516,0.881803,0.795352,0.187002,,,,0.439219,2.262673,0.309603,-0.176222,1.620,0.913
forward,5,15.3280,2.3234,0.2000,-0.60000,1265.385,1020,decreasing,rolling,1417.353,1143,1417.613,-1.771,0,0,1783745385.692622423,1.174516,0.881803,0.795352,0.187002,,,,0.439219,2.262673,0.309603,-0.176222,1.620,0.913
forward,5,15.3495,2.3449,0.2000,-0.60000,1265.385,1020,decreasing,rolling,1417.353,1143,1417.613,-1.771,0,0,1783745385.692622423,1.174516,0.881803,0.795352,0.187002,,,,0.439219,2.262673,0.309603,-0.176222,1.620,0.913
forward,5,15.3711,2.3664,0.2000,-0.60000,1265.385,1020,decreasing,rolling,1417.353,1143,1417.613,-1.771,0,0,1783745385.692622423,1.174516,0.881803,0.795352,0.187002,,,,0.439219,2.262673,0.309603,-0.176222,1.633,0.943
forward,5,15.3923,2.3876,0.2000,-0.60000,1265.385,1020,decreasing,rolling,1417.808,1143,1417.639,-1.745,1,24,1783745385.793145418,1.190846,0.904249,0.782065,0.208477,0.0274329,-0.0132878,-0.4843740,0.466652,2.290105,0.337036,-0.189509,1.633,0.943
forward,6,15.4131,0.0000,0.2000,0.00000,1450.000,1169,increasing,rolling,1417.808,1143,1417.639,-1.745,0,0,1783745385.793145418,1.190846,0.904249,0.782065,0.208477,,,,0.000000,2.290105,0.000000,0.000000,1.633,0.943
forward,6,15.4349,0.0218,0.2000,0.00000,1450.000,1169,increasing,rolling,1417.808,1143,1417.639,-1.745,0,0,1783745385.793145418,1.190846,0.904249,0.782065,0.208477,,,,0.000000,2.290105,0.000000,0.000000,1.633,0.943
forward,6,15.4565,0.0434,0.2000,0.00000,1450.000,1169,increasing,rolling,1417.808,1143,1417.639,-1.745,0,0,1783745385.793145418,1.190846,0.904249,0.782065,0.208477,,,,0.000000,2.290105,0.000000,0.000000,1.633,0.943
forward,6,15.4781,0.0650,0.2000,0.00000,1450.000,1169,increasing,rolling,1417.808,1143,1417.639,-1.745,0,0,1783745385.793145418,1.190846,0.904249,0.782065,0.208477,,,,0.000000,2.290105,0.000000,0.000000,1.730,0.967
forward,6,15.4928,0.0797,0.2000,0.00000,1450.000,1169,increasing,rolling,1417.924,1143,1417.676,-1.708,1,1,1783745385.893540621,1.205607,0.921356,0.767800,0.212425,0.0225156,-0.0142649,-0.6335571,0.022516,2.312621,0.000000,0.000000,1.730,0.967
forward,6,15.5094,0.0963,0.2000,0.00000,1450.000,1169,increasing,rolling,1417.924,1143,1417.676,-1.708,0,0,1783745385.893540621,1.205607,0.921356,0.767800,0.212425,,,,0.022516,2.312621,0.000000,0.000000,1.730,0.967
forward,6,15.5310,0.1180,0.2000,0.00000,1450.000,1169,increasing,rolling,1417.924,1143,1417.676,-1.708,0,0,1783745385.893540621,1.205607,0.921356,0.767800,0.212425,,,,0.022516,2.312621,0.000000,0.000000,1.730,0.967
forward,6,15.5527,0.1396,0.2000,0.00000,1450.000,1169,increasing,rolling,1417.924,1143,1417.676,-1.708,0,0,1783745385.893540621,1.205607,0.921356,0.767800,0.212425,,,,0.022516,2.312621,0.000000,0.000000,1.730,0.967
forward,6,15.5743,0.1612,0.2000,0.00000,1450.000,1169,increasing,rolling,1417.924,1143,1417.676,-1.708,0,0,1783745385.893540621,1.205607,0.921356,0.767800,0.212425,,,,0.022516,2.312621,0.000000,0.000000,1.806,0.982
forward,6,15.5931,0.1800,0.2000,0.00000,1450.000,1169,increasing,rolling,1417.924,1143,1417.676,-1.708,0,0,1783745385.893540621,1.205607,0.921356,0.767800,0.212425,,,,0.022516,2.312621,0.000000,0.000000,1.806,0.982
forward,6,15.6149,0.2018,0.2000,0.00000,1450.000,1169,increasing,rolling,1417.288,1143,1417.625,-1.759,1,2,1783745385.993918657,1.216241,0.924114,0.767848,0.183145,0.0095664,0.0000477,0.0049894,0.032082,2.322187,0.000000,0.000000,1.806,0.982
forward,6,15.6268,0.2137,0.2000,0.00000,1450.000,1169,increasing,rolling,1417.288,1143,1417.625,-1.759,0,0,1783745385.993918657,1.216241,0.924114,0.767848,0.183145,,,,0.032082,2.322187,0.000000,0.000000,1.806,0.982
forward,6,15.6485,0.2354,0.2000,0.00000,1450.000,1169,increasing,rolling,1417.288,1143,1417.625,-1.759,0,0,1783745385.993918657,1.216241,0.924114,0.767848,0.183145,,,,0.032082,2.322187,0.000000,0.000000,1.806,0.982
forward,6,15.6700,0.2570,0.2000,0.00000,1450.000,1169,increasing,rolling,1417.288,1143,1417.625,-1.759,0,0,1783745385.993918657,1.216241,0.924114,0.767848,0.183145,,,,0.032082,2.322187,0.000000,0.000000,1.806,0.982
forward,6,15.6916,0.2786,0.2000,0.00000,1450.000,1169,increasing,rolling,1417.288,1143,1417.625,-1.759,0,0,1783745385.993918657,1.216241,0.924114,0.767848,0.183145,,,,0.032082,2.322187,0.000000,0.000000,1.684,0.974
forward,6,15.6941,0.2811,0.2000,0.00000,1450.000,1169,increasing,rolling,1417.153,1143,1417.563,-1.820,1,3,1783745386.094349384,1.231638,0.932524,0.768111,0.179471,0.0169176,0.0002630,0.0155486,0.049000,2.339105,0.000000,0.000000,1.684,0.974
forward,6,15.7141,0.3011,0.2000,0.00000,1450.000,1169,increasing,rolling,1417.153,1143,1417.563,-1.820,0,0,1783745386.094349384,1.231638,0.932524,0.768111,0.179471,,,,0.049000,2.339105,0.000000,0.000000,1.684,0.974
forward,6,15.7357,0.3227,0.2000,0.00000,1450.000,1169,increasing,rolling,1417.153,1143,1417.563,-1.820,0,0,1783745386.094349384,1.231638,0.932524,0.768111,0.179471,,,,0.049000,2.339105,0.000000,0.000000,1.684,0.974
forward,6,15.7573,0.3442,0.2000,0.00000,1450.000,1169,increasing,rolling,1417.153,1143,1417.563,-1.820,0,0,1783745386.094349384,1.231638,0.932524,0.768111,0.179471,,,,0.049000,2.339105,0.000000,0.000000,1.684,0.974
forward,6,15.7788,0.3657,0.2000,0.00000,1450.000,1169,increasing,rolling,1417.153,1143,1417.563,-1.820,0,0,1783745386.094349384,1.231638,0.932524,0.768111,0.179471,,,,0.049000,2.339105,0.000000,0.000000,1.288,0.981
forward,6,15.7940,0.3809,0.2000,0.00000,1450.000,1169,increasing,rolling,1417.386,1143,1417.540,-1.844,1,4,1783745386.194454193,1.243601,0.953401,0.765116,0.192289,0.0230983,-0.0029943,-0.1296347,0.072098,2.362203,0.000000,0.000000,1.288,0.981
forward,6,15.8091,0.3961,0.2000,0.00000,1450.000,1169,increasing,rolling,1417.386,1143,1417.540,-1.844,0,0,1783745386.194454193,1.243601,0.953401,0.765116,0.192289,,,,0.072098,2.362203,0.000000,0.000000,1.288,0.981
forward,6,15.8308,0.4177,0.2000,0.00000,1450.000,1169,increasing,rolling,1417.386,1143,1417.540,-1.844,0,0,1783745386.194454193,1.243601,0.953401,0.765116,0.192289,,,,0.072098,2.362203,0.000000,0.000000,1.288,0.981
forward,6,15.8523,0.4393,0.2000,0.00000,1450.000,1169,increasing,rolling,1417.386,1143,1417.540,-1.844,0,0,1783745386.194454193,1.243601,0.953401,0.765116,0.192289,,,,0.072098,2.362203,0.000000,0.000000,1.288,0.981
forward,6,15.8741,0.4610,0.2000,0.00000,1450.000,1169,increasing,rolling,1417.386,1143,1417.540,-1.844,0,0,1783745386.194454193,1.243601,0.953401,0.765116,0.192289,,,,0.072098,2.362203,0.000000,0.000000,1.724,0.992
forward,6,15.8941,0.4810,0.2000,0.00000,1450.000,1169,increasing,rolling,1417.578,1143,1417.545,-1.839,1,5,1783745386.294934511,1.257475,0.972283,0.761079,0.201634,0.0230772,-0.0040371,-0.1749405,0.095175,2.385281,0.000000,0.000000,1.724,0.992
forward,6,15.9066,0.4936,0.2000,0.00000,1450.000,1169,increasing,rolling,1417.578,1143,1417.545,-1.839,0,0,1783745386.294934511,1.257475,0.972283,0.761079,0.201634,,,,0.095175,2.385281,0.000000,0.000000,1.724,0.992
forward,6,15.9284,0.5154,0.2000,0.00000,1450.000,1169,increasing,rolling,1417.578,1143,1417.545,-1.839,0,0,1783745386.294934511,1.257475,0.972283,0.761079,0.201634,,,,0.095175,2.385281,0.000000,0.000000,1.724,0.992
forward,6,15.9501,0.5371,0.2000,0.00000,1450.000,1169,increasing,rolling,1417.578,1143,1417.545,-1.839,0,0,1783745386.294934511,1.257475,0.972283,0.761079,0.201634,,,,0.095175,2.385281,0.000000,0.000000,1.724,0.992
forward,6,15.9718,0.5587,0.2000,0.00000,1450.000,1169,increasing,rolling,1417.578,1143,1417.545,-1.839,0,0,1783745386.294934511,1.257475,0.972283,0.761079,0.201634,,,,0.095175,2.385281,0.000000,0.000000,1.724,0.992
forward,6,15.9936,0.5805,0.2000,0.00000,1450.000,1169,increasing,rolling,1417.578,1143,1417.545,-1.839,0,0,1783745386.294934511,1.257475,0.972283,0.761079,0.201634,,,,0.095175,2.385281,0.000000,0.000000,1.251,0.996
forward,6,15.9961,0.5830,0.2000,0.00000,1450.000,1169,increasing,rolling,1417.846,1143,1417.584,-1.799,1,6,1783745386.395315409,1.274909,0.989980,0.759893,0.213062,0.0248288,-0.0011858,-0.0477581,0.120004,2.410109,0.000000,0.000000,1.251,0.996
forward,6,16.0126,0.5995,0.2000,0.00000,1450.000,1169,increasing,rolling,1417.846,1143,1417.584,-1.799,0,0,1783745386.395315409,1.274909,0.989980,0.759893,0.213062,,,,0.120004,2.410109,0.000000,0.000000,1.251,0.996
forward,6,16.0342,0.6212,0.2000,0.00000,1450.000,1169,increasing,rolling,1417.846,1143,1417.584,-1.799,0,0,1783745386.395315409,1.274909,0.989980,0.759893,0.213062,,,,0.120004,2.410109,0.000000,0.000000,1.251,0.996
forward,6,16.0560,0.6429,0.2000,0.00000,1450.000,1169,increasing,rolling,1417.846,1143,1417.584,-1.799,0,0,1783745386.395315409,1.274909,0.989980,0.759893,0.213062,,,,0.120004,2.410109,0.000000,0.000000,1.251,0.996
forward,6,16.0777,0.6647,0.2000,0.00000,1450.000,1169,increasing,rolling,1417.846,1143,1417.584,-1.799,0,0,1783745386.395315409,1.274909,0.989980,0.759893,0.213062,,,,0.120004,2.410109,0.000000,0.000000,1.258,0.996
forward,6,16.0922,0.6791,0.2000,0.00000,1450.000,1169,increasing,rolling,1417.692,1143,1417.599,-1.785,1,7,1783745386.495798111,1.291187,0.999033,0.760557,0.204668,0.0180353,0.0006641,0.0368234,0.138039,2.428145,0.000000,0.000000,1.258,0.996
forward,6,16.1099,0.6969,0.2000,0.00000,1450.000,1169,increasing,rolling,1417.692,1143,1417.599,-1.785,0,0,1783745386.495798111,1.291187,0.999033,0.760557,0.204668,,,,0.138039,2.428145,0.000000,0.000000,1.258,0.996
forward,6,16.1317,0.7186,0.2000,0.00000,1450.000,1169,increasing,rolling,1417.692,1143,1417.599,-1.785,0,0,1783745386.495798111,1.291187,0.999033,0.760557,0.204668,,,,0.138039,2.428145,0.000000,0.000000,1.258,0.996
forward,6,16.1533,0.7403,0.2000,0.00000,1450.000,1169,increasing,rolling,1417.692,1143,1417.599,-1.785,0,0,1783745386.495798111,1.291187,0.999033,0.760557,0.204668,,,,0.138039,2.428145,0.000000,0.000000,1.258,0.996
forward,6,16.1748,0.7618,0.2000,0.00000,1450.000,1169,increasing,rolling,1417.692,1143,1417.599,-1.785,0,0,1783745386.495798111,1.291187,0.999033,0.760557,0.204668,,,,0.138039,2.428145,0.000000,0.000000,1.271,1.006
forward,6,16.1928,0.7798,0.2000,0.00000,1450.000,1169,increasing,rolling,1417.681,1143,1417.609,-1.775,1,8,1783745386.593489408,1.304814,1.013117,0.759346,0.203606,0.0195794,-0.0012118,-0.0618916,0.157619,2.447724,0.019579,-0.001212,1.271,1.006
forward,6,16.2122,0.7991,0.2000,0.00000,1450.000,1169,increasing,rolling,1417.681,1143,1417.609,-1.775,0,0,1783745386.593489408,1.304814,1.013117,0.759346,0.203606,,,,0.157619,2.447724,0.019579,-0.001212,1.271,1.006
forward,6,16.2339,0.8209,0.2000,0.00000,1450.000,1169,increasing,rolling,1417.681,1143,1417.609,-1.775,0,0,1783745386.593489408,1.304814,1.013117,0.759346,0.203606,,,,0.157619,2.447724,0.019579,-0.001212,1.271,1.006
forward,6,16.2555,0.8425,0.2000,0.00000,1450.000,1169,increasing,rolling,1417.681,1143,1417.609,-1.775,0,0,1783745386.593489408,1.304814,1.013117,0.759346,0.203606,,,,0.157619,2.447724,0.019579,-0.001212,1.271,1.006
forward,6,16.2771,0.8641,0.2000,0.00000,1450.000,1169,increasing,rolling,1417.681,1143,1417.609,-1.775,0,0,1783745386.593489408,1.304814,1.013117,0.759346,0.203606,,,,0.157619,2.447724,0.019579,-0.001212,1.310,1.007
forward,6,16.2932,0.8801,0.2000,0.00000,1450.000,1169,increasing,rolling,1417.818,1143,1417.636,-1.747,1,9,1783745386.694120884,1.320954,1.029069,0.758513,0.209070,0.0226887,-0.0008331,-0.0367191,0.180307,2.470413,0.042268,-0.002045,1.310,1.007
forward,6,16.3052,0.8922,0.2000,0.00000,1450.000,1169,increasing,rolling,1417.818,1143,1417.636,-1.747,0,0,1783745386.694120884,1.320954,1.029069,0.758513,0.209070,,,,0.180307,2.470413,0.042268,-0.002045,1.310,1.007
forward,6,16.3269,0.9139,0.2000,0.00000,1450.000,1169,increasing,rolling,1417.818,1143,1417.636,-1.747,0,0,1783745386.694120884,1.320954,1.029069,0.758513,0.209070,,,,0.180307,2.470413,0.042268,-0.002045,1.310,1.007
forward,6,16.3485,0.9355,0.2000,0.00000,1450.000,1169,increasing,rolling,1417.818,1143,1417.636,-1.747,0,0,1783745386.694120884,1.320954,1.029069,0.758513,0.209070,,,,0.180307,2.470413,0.042268,-0.002045,1.310,1.007
forward,6,16.3701,0.9570,0.2000,0.00000,1450.000,1169,increasing,rolling,1417.818,1143,1417.636,-1.747,0,0,1783745386.694120884,1.320954,1.029069,0.758513,0.209070,,,,0.180307,2.470413,0.042268,-0.002045,1.345,1.009
forward,6,16.3912,0.9781,0.2000,0.00000,1450.000,1169,increasing,rolling,1417.785,1143,1417.656,-1.728,1,10,1783745386.794219017,1.334101,1.044094,0.757544,0.206444,0.0198761,-0.0009682,-0.0487129,0.200184,2.490289,0.062144,-0.003013,1.345,1.009
forward,6,16.4035,0.9904,0.2000,0.00000,1450.000,1169,increasing,rolling,1417.785,1143,1417.656,-1.728,0,0,1783745386.794219017,1.334101,1.044094,0.757544,0.206444,,,,0.200184,2.490289,0.062144,-0.003013,1.345,1.009
forward,6,16.4252,1.0121,0.2000,0.00000,1450.000,1169,increasing,rolling,1417.785,1143,1417.656,-1.728,0,0,1783745386.794219017,1.334101,1.044094,0.757544,0.206444,,,,0.200184,2.490289,0.062144,-0.003013,1.345,1.009
forward,6,16.4468,1.0337,0.2000,0.00000,1450.000,1169,increasing,rolling,1417.785,1143,1417.656,-1.728,0,0,1783745386.794219017,1.334101,1.044094,0.757544,0.206444,,,,0.200184,2.490289,0.062144,-0.003013,1.345,1.009
forward,6,16.4684,1.0553,0.2000,0.00000,1450.000,1169,increasing,rolling,1417.785,1143,1417.656,-1.728,0,0,1783745386.794219017,1.334101,1.044094,0.757544,0.206444,,,,0.200184,2.490289,0.062144,-0.003013,1.345,1.009
forward,6,16.4900,1.0770,0.2000,0.00000,1450.000,1169,increasing,rolling,1417.785,1143,1417.656,-1.728,0,0,1783745386.794219017,1.334101,1.044094,0.757544,0.206444,,,,0.200184,2.490289,0.062144,-0.003013,1.330,1.025
forward,6,16.4927,1.0797,0.2000,0.00000,1450.000,1169,increasing,rolling,1417.761,1143,1417.669,-1.714,1,11,1783745386.892498016,1.348847,1.056970,0.759676,0.204592,0.0195610,0.0021313,0.1089557,0.219745,2.509850,0.081705,-0.000882,1.330,1.025
forward,6,16.5101,1.0971,0.2000,0.00000,1450.000,1169,increasing,rolling,1417.761,1143,1417.669,-1.714,0,0,1783745386.892498016,1.348847,1.056970,0.759676,0.204592,,,,0.219745,2.509850,0.081705,-0.000882,1.330,1.025
forward,6,16.5318,1.1188,0.2000,0.00000,1450.000,1169,increasing,rolling,1417.761,1143,1417.669,-1.714,0,0,1783745386.892498016,1.348847,1.056970,0.759676,0.204592,,,,0.219745,2.509850,0.081705,-0.000882,1.330,1.025
forward,6,16.5534,1.1403,0.2000,0.00000,1450.000,1169,increasing,rolling,1417.761,1143,1417.669,-1.714,0,0,1783745386.892498016,1.348847,1.056970,0.759676,0.204592,,,,0.219745,2.509850,0.081705,-0.000882,1.330,1.025
forward,6,16.5750,1.1619,0.2000,0.00000,1450.000,1169,increasing,rolling,1417.761,1143,1417.669,-1.714,0,0,1783745386.892498016,1.348847,1.056970,0.759676,0.204592,,,,0.219745,2.509850,0.081705,-0.000882,1.344,1.020
forward,6,16.5894,1.1764,0.2000,0.00000,1450.000,1169,increasing,rolling,1417.557,1143,1417.655,-1.729,1,12,1783745386.992861032,1.361176,1.068284,0.759947,0.195119,0.0167306,0.0002716,0.0162328,0.236475,2.526581,0.098436,-0.000610,1.344,1.020
forward,6,16.6031,1.1900,0.2000,0.00000,1450.000,1169,increasing,rolling,1417.557,1143,1417.655,-1.729,0,0,1783745386.992861032,1.361176,1.068284,0.759947,0.195119,,,,0.236475,2.526581,0.098436,-0.000610,1.344,1.020
forward,6,16.6248,1.2117,0.2000,0.00000,1450.000,1169,increasing,rolling,1417.557,1143,1417.655,-1.729,0,0,1783745386.992861032,1.361176,1.068284,0.759947,0.195119,,,,0.236475,2.526581,0.098436,-0.000610,1.344,1.020
forward,6,16.6464,1.2333,0.2000,0.00000,1450.000,1169,increasing,rolling,1417.557,1143,1417.655,-1.729,0,0,1783745386.992861032,1.361176,1.068284,0.759947,0.195119,,,,0.236475,2.526581,0.098436,-0.000610,1.344,1.020
forward,6,16.6680,1.2549,0.2000,0.00000,1450.000,1169,increasing,rolling,1417.557,1143,1417.655,-1.729,0,0,1783745386.992861032,1.361176,1.068284,0.759947,0.195119,,,,0.236475,2.526581,0.098436,-0.000610,1.366,1.016
forward,6,16.6900,1.2770,0.2000,0.00000,1450.000,1169,increasing,rolling,1417.407,1143,1417.623,-1.761,1,13,1783745387.090730429,1.376544,1.076470,0.758616,0.189209,0.0167824,-0.0013315,-0.0793402,0.253258,2.543363,0.115218,-0.001942,1.366,1.016
forward,6,16.7062,1.2932,0.2000,0.00000,1450.000,1169,increasing,rolling,1417.407,1143,1417.623,-1.761,0,0,1783745387.090730429,1.376544,1.076470,0.758616,0.189209,,,,0.253258,2.543363,0.115218,-0.001942,1.366,1.016
forward,6,16.7281,1.3150,0.2000,0.00000,1450.000,1169,increasing,rolling,1417.407,1143,1417.623,-1.761,0,0,1783745387.090730429,1.376544,1.076470,0.758616,0.189209,,,,0.253258,2.543363,0.115218,-0.001942,1.366,1.016
forward,6,16.7498,1.3368,0.2000,0.00000,1450.000,1169,increasing,rolling,1417.407,1143,1417.623,-1.761,0,0,1783745387.090730429,1.376544,1.076470,0.758616,0.189209,,,,0.253258,2.543363,0.115218,-0.001942,1.366,1.016
forward,6,16.7715,1.3585,0.2000,0.00000,1450.000,1169,increasing,rolling,1417.407,1143,1417.623,-1.761,0,0,1783745387.090730429,1.376544,1.076470,0.758616,0.189209,,,,0.253258,2.543363,0.115218,-0.001942,1.365,1.026
forward,6,16.7906,1.3776,0.2000,0.00000,1450.000,1169,increasing,rolling,1417.225,1143,1417.571,-1.813,1,14,1783745387.191253185,1.385461,1.090923,0.757121,0.182721,0.0164109,-0.0014945,-0.0910664,0.269668,2.559774,0.131629,-0.003436,1.365,1.026
forward,6,16.8037,1.3906,0.2000,0.00000,1450.000,1169,increasing,rolling,1417.225,1143,1417.571,-1.813,0,0,1783745387.191253185,1.385461,1.090923,0.757121,0.182721,,,,0.269668,2.559774,0.131629,-0.003436,1.365,1.026
forward,6,16.8254,1.4123,0.2000,0.00000,1450.000,1169,increasing,rolling,1417.225,1143,1417.571,-1.813,0,0,1783745387.191253185,1.385461,1.090923,0.757121,0.182721,,,,0.269668,2.559774,0.131629,-0.003436,1.365,1.026
forward,6,16.8470,1.4340,0.2000,0.00000,1450.000,1169,increasing,rolling,1417.225,1143,1417.571,-1.813,0,0,1783745387.191253185,1.385461,1.090923,0.757121,0.182721,,,,0.269668,2.559774,0.131629,-0.003436,1.365,1.026
forward,6,16.8686,1.4556,0.2000,0.00000,1450.000,1169,increasing,rolling,1417.225,1143,1417.571,-1.813,0,0,1783745387.191253185,1.385461,1.090923,0.757121,0.182721,,,,0.269668,2.559774,0.131629,-0.003436,1.382,1.026
forward,6,16.8908,1.4777,0.2000,0.00000,1450.000,1169,increasing,rolling,1417.271,1143,1417.532,-1.852,1,15,1783745387.291664124,1.398195,1.106642,0.754720,0.186957,0.0200486,-0.0024011,-0.1197636,0.289717,2.579822,0.151678,-0.005837,1.382,1.026
forward,6,16.9024,1.4893,0.2000,0.00000,1450.000,1169,increasing,rolling,1417.271,1143,1417.532,-1.852,0,0,1783745387.291664124,1.398195,1.106642,0.754720,0.186957,,,,0.289717,2.579822,0.151678,-0.005837,1.382,1.026
forward,6,16.9242,1.5112,0.2000,0.00000,1450.000,1169,increasing,rolling,1417.271,1143,1417.532,-1.852,0,0,1783745387.291664124,1.398195,1.106642,0.754720,0.186957,,,,0.289717,2.579822,0.151678,-0.005837,1.382,1.026
forward,6,16.9459,1.5328,0.2000,0.00000,1450.000,1169,increasing,rolling,1417.271,1143,1417.532,-1.852,0,0,1783745387.291664124,1.398195,1.106642,0.754720,0.186957,,,,0.289717,2.579822,0.151678,-0.005837,1.382,1.026
forward,6,16.9675,1.5544,0.2000,0.00000,1450.000,1169,increasing,rolling,1417.271,1143,1417.532,-1.852,0,0,1783745387.291664124,1.398195,1.106642,0.754720,0.186957,,,,0.289717,2.579822,0.151678,-0.005837,1.406,1.037
forward,6,16.9887,1.5757,0.2000,0.00000,1450.000,1169,increasing,rolling,1417.406,1143,1417.515,-1.869,1,16,1783745387.392060995,1.414643,1.120992,0.754864,0.194532,0.0218121,0.0001435,0.0065794,0.311529,2.601635,0.173490,-0.005694,1.406,1.037
forward,6,17.0095,1.5964,0.2000,0.00000,1450.000,1169,increasing,rolling,1417.406,1143,1417.515,-1.869,0,0,1783745387.392060995,1.414643,1.120992,0.754864,0.194532,,,,0.311529,2.601635,0.173490,-0.005694,1.406,1.037
forward,6,17.0312,1.6181,0.2000,0.00000,1450.000,1169,increasing,rolling,1417.406,1143,1417.515,-1.869,0,0,1783745387.392060995,1.414643,1.120992,0.754864,0.194532,,,,0.311529,2.601635,0.173490,-0.005694,1.406,1.037
forward,6,17.0528,1.6397,0.2000,0.00000,1450.000,1169,increasing,rolling,1417.406,1143,1417.515,-1.869,0,0,1783745387.392060995,1.414643,1.120992,0.754864,0.194532,,,,0.311529,2.601635,0.173490,-0.005694,1.406,1.037
forward,6,17.0743,1.6613,0.2000,0.00000,1450.000,1169,increasing,rolling,1417.406,1143,1417.515,-1.869,0,0,1783745387.392060995,1.414643,1.120992,0.754864,0.194532,,,,0.311529,2.601635,0.173490,-0.005694,1.411,1.029
forward,6,17.0890,1.6759,0.2000,0.00000,1450.000,1169,increasing,rolling,1417.196,1143,1417.474,-1.909,1,17,1783745387.489850044,1.427791,1.129967,0.755691,0.186100,0.0157247,0.0008275,0.0526241,0.327254,2.617359,0.189215,-0.004866,1.411,1.029
forward,6,17.1000,1.6869,0.2000,0.00000,1450.000,1169,increasing,rolling,1417.196,1143,1417.474,-1.909,0,0,1783745387.489850044,1.427791,1.129967,0.755691,0.186100,,,,0.327254,2.617359,0.189215,-0.004866,1.411,1.029
forward,6,17.1217,1.7086,0.2000,0.00000,1450.000,1169,increasing,rolling,1417.196,1143,1417.474,-1.909,0,0,1783745387.489850044,1.427791,1.129967,0.755691,0.186100,,,,0.327254,2.617359,0.189215,-0.004866,1.411,1.029
forward,6,17.1433,1.7303,0.2000,0.00000,1450.000,1169,increasing,rolling,1417.196,1143,1417.474,-1.909,0,0,1783745387.489850044,1.427791,1.129967,0.755691,0.186100,,,,0.327254,2.617359,0.189215,-0.004866,1.411,1.029
forward,6,17.1649,1.7518,0.2000,0.00000,1450.000,1169,increasing,rolling,1417.196,1143,1417.474,-1.909,0,0,1783745387.489850044,1.427791,1.129967,0.755691,0.186100,,,,0.327254,2.617359,0.189215,-0.004866,1.411,1.029
forward,6,17.1865,1.7734,0.2000,0.00000,1450.000,1169,increasing,rolling,1417.196,1143,1417.474,-1.909,0,0,1783745387.489850044,1.427791,1.129967,0.755691,0.186100,,,,0.327254,2.617359,0.189215,-0.004866,1.430,1.051
forward,6,17.1895,1.7765,0.2000,0.00000,1450.000,1169,increasing,rolling,1416.698,1142,1417.373,-2.011,1,18,1783745387.590312243,1.435306,1.137643,0.757684,0.166287,0.0107342,0.0019926,0.1856308,0.337988,2.628094,0.199949,-0.002874,1.430,1.051
forward,6,17.2037,1.7906,0.2000,0.00000,1450.000,1169,increasing,rolling,1416.698,1142,1417.373,-2.011,0,0,1783745387.590312243,1.435306,1.137643,0.757684,0.166287,,,,0.337988,2.628094,0.199949,-0.002874,1.430,1.051
forward,6,17.2254,1.8123,0.2000,0.00000,1450.000,1169,increasing,rolling,1416.698,1142,1417.373,-2.011,0,0,1783745387.590312243,1.435306,1.137643,0.757684,0.166287,,,,0.337988,2.628094,0.199949,-0.002874,1.430,1.051
forward,6,17.2470,1.8339,0.2000,0.00000,1450.000,1169,increasing,rolling,1416.698,1142,1417.373,-2.011,0,0,1783745387.590312243,1.435306,1.137643,0.757684,0.166287,,,,0.337988,2.628094,0.199949,-0.002874,1.430,1.051
forward,6,17.2685,1.8555,0.2000,0.00000,1450.000,1169,increasing,rolling,1416.698,1142,1417.373,-2.011,0,0,1783745387.590312243,1.435306,1.137643,0.757684,0.166287,,,,0.337988,2.628094,0.199949,-0.002874,1.438,1.056
forward,6,17.2899,1.8769,0.2000,0.00000,1450.000,1169,increasing,rolling,1416.698,1142,1417.373,-2.011,0,0,1783745387.590312243,1.435306,1.137643,0.757684,0.166287,,,,0.337988,2.628094,0.199949,-0.002874,1.438,1.056
forward,6,17.3117,1.8987,0.2000,0.00000,1450.000,1169,increasing,rolling,1416.711,1143,1417.286,-2.098,1,19,1783745387.690801859,1.449915,1.149427,0.758767,0.171263,0.0187104,0.0010830,0.0578827,0.356698,2.646804,0.218659,-0.001791,1.438,1.056
forward,6,17.3136,1.9005,0.2000,0.00000,1450.000,1169,increasing,rolling,1416.711,1143,1417.286,-2.098,0,0,1783745387.690801859,1.449915,1.149427,0.758767,0.171263,,,,0.356698,2.646804,0.218659,-0.001791,1.438,1.056
forward,6,17.3351,1.9221,0.2000,0.00000,1450.000,1169,increasing,rolling,1416.711,1143,1417.286,-2.098,0,0,1783745387.690801859,1.449915,1.149427,0.758767,0.171263,,,,0.356698,2.646804,0.218659,-0.001791,1.438,1.056
forward,6,17.3567,1.9436,0.2000,0.00000,1450.000,1169,increasing,rolling,1416.711,1143,1417.286,-2.098,0,0,1783745387.690801859,1.449915,1.149427,0.758767,0.171263,,,,0.356698,2.646804,0.218659,-0.001791,1.438,1.056
forward,6,17.3782,1.9651,0.2000,0.00000,1450.000,1169,increasing,rolling,1416.711,1143,1417.286,-2.098,0,0,1783745387.690801859,1.449915,1.149427,0.758767,0.171263,,,,0.356698,2.646804,0.218659,-0.001791,1.467,1.040
forward,6,17.3874,1.9743,0.2000,0.00000,1450.000,1169,increasing,rolling,1416.715,1143,1417.211,-2.172,1,20,1783745387.791209221,1.463343,1.162538,0.759577,0.175171,0.0187654,0.0008108,0.0432050,0.375464,2.665569,0.237425,-0.000980,1.467,1.040
forward,6,17.3987,1.9856,0.2000,0.00000,1450.000,1169,increasing,rolling,1416.715,1143,1417.211,-2.172,0,0,1783745387.791209221,1.463343,1.162538,0.759577,0.175171,,,,0.375464,2.665569,0.237425,-0.000980,1.467,1.040
forward,6,17.4203,2.0073,0.2000,0.00000,1450.000,1169,increasing,rolling,1416.715,1143,1417.211,-2.172,0,0,1783745387.791209221,1.463343,1.162538,0.759577,0.175171,,,,0.375464,2.665569,0.237425,-0.000980,1.467,1.040
forward,6,17.4419,2.0288,0.2000,0.00000,1450.000,1169,increasing,rolling,1416.715,1143,1417.211,-2.172,0,0,1783745387.791209221,1.463343,1.162538,0.759577,0.175171,,,,0.375464,2.665569,0.237425,-0.000980,1.467,1.040
forward,6,17.4635,2.0504,0.2000,0.00000,1450.000,1169,increasing,rolling,1416.715,1143,1417.211,-2.172,0,0,1783745387.791209221,1.463343,1.162538,0.759577,0.175171,,,,0.375464,2.665569,0.237425,-0.000980,1.467,1.040
forward,6,17.4850,2.0720,0.2000,0.00000,1450.000,1169,increasing,rolling,1416.715,1143,1417.211,-2.172,0,0,1783745387.791209221,1.463343,1.162538,0.759577,0.175171,,,,0.375464,2.665569,0.237425,-0.000980,0.783,1.059
forward,6,17.4879,2.0748,0.2000,0.00000,1450.000,1169,increasing,rolling,1416.636,1142,1417.138,-2.246,1,21,1783745387.888636351,1.475790,1.174054,0.758841,0.174888,0.0169563,-0.0007365,-0.0434344,0.392420,2.682526,0.254381,-0.001716,0.783,1.059
forward,6,17.5048,2.0917,0.2000,0.00000,1450.000,1169,increasing,rolling,1416.636,1142,1417.138,-2.246,0,0,1783745387.888636351,1.475790,1.174054,0.758841,0.174888,,,,0.392420,2.682526,0.254381,-0.001716,0.783,1.059
forward,6,17.5266,2.1135,0.2000,0.00000,1450.000,1169,increasing,rolling,1416.636,1142,1417.138,-2.246,0,0,1783745387.888636351,1.475790,1.174054,0.758841,0.174888,,,,0.392420,2.682526,0.254381,-0.001716,0.783,1.059
forward,6,17.5482,2.1352,0.2000,0.00000,1450.000,1169,increasing,rolling,1416.636,1142,1417.138,-2.246,0,0,1783745387.888636351,1.475790,1.174054,0.758841,0.174888,,,,0.392420,2.682526,0.254381,-0.001716,0.783,1.059
forward,6,17.5698,2.1568,0.2000,0.00000,1450.000,1169,increasing,rolling,1416.636,1142,1417.138,-2.246,0,0,1783745387.888636351,1.475790,1.174054,0.758841,0.174888,,,,0.392420,2.682526,0.254381,-0.001716,0.794,1.061
forward,6,17.5888,2.1758,0.2000,0.00000,1450.000,1169,increasing,rolling,1417.152,1143,1417.140,-2.244,1,22,1783745387.989161491,1.494509,1.194913,0.755017,0.200628,0.0279308,-0.0038242,-0.1369161,0.420351,2.710456,0.282312,-0.005541,0.794,1.061
forward,6,17.6101,2.1971,0.2000,0.00000,1450.000,1169,increasing,rolling,1417.152,1143,1417.140,-2.244,0,0,1783745387.989161491,1.494509,1.194913,0.755017,0.200628,,,,0.420351,2.710456,0.282312,-0.005541,0.794,1.061
forward,6,17.6319,2.2189,0.2000,0.00000,1450.000,1169,increasing,rolling,1417.152,1143,1417.140,-2.244,0,0,1783745387.989161491,1.494509,1.194913,0.755017,0.200628,,,,0.420351,2.710456,0.282312,-0.005541,0.794,1.061
forward,6,17.6536,2.2405,0.2000,0.00000,1450.000,1169,increasing,rolling,1417.152,1143,1417.140,-2.244,0,0,1783745387.989161491,1.494509,1.194913,0.755017,0.200628,,,,0.420351,2.710456,0.282312,-0.005541,0.794,1.061
forward,6,17.6752,2.2622,0.2000,0.00000,1450.000,1169,increasing,rolling,1417.152,1143,1417.140,-2.244,0,0,1783745387.989161491,1.494509,1.194913,0.755017,0.200628,,,,0.420351,2.710456,0.282312,-0.005541,0.808,1.074
forward,6,17.6885,2.2755,0.2000,0.00000,1450.000,1169,increasing,rolling,1417.512,1143,1417.189,-2.195,1,23,1783745388.089586735,1.513630,1.213114,0.755527,0.216187,0.0263981,0.0005102,0.0193281,0.446749,2.736854,0.308710,-0.005030,0.808,1.074
forward,6,17.7072,2.2941,0.2000,0.00000,1450.000,1169,increasing,rolling,1417.512,1143,1417.189,-2.195,0,0,1783745388.089586735,1.513630,1.213114,0.755527,0.216187,,,,0.446749,2.736854,0.308710,-0.005030,0.808,1.074
forward,6,17.7289,2.3159,0.2000,0.00000,1450.000,1169,increasing,rolling,1417.512,1143,1417.189,-2.195,0,0,1783745388.089586735,1.513630,1.213114,0.755527,0.216187,,,,0.446749,2.736854,0.308710,-0.005030,0.808,1.074
forward,6,17.7505,2.3375,0.2000,0.00000,1450.000,1169,increasing,rolling,1417.512,1143,1417.189,-2.195,0,0,1783745388.089586735,1.513630,1.213114,0.755527,0.216187,,,,0.446749,2.736854,0.308710,-0.005030,0.808,1.074
forward,6,17.7721,2.3590,0.2000,0.00000,1450.000,1169,increasing,rolling,1417.512,1143,1417.189,-2.195,0,0,1783745388.089586735,1.513630,1.213114,0.755527,0.216187,,,,0.446749,2.736854,0.308710,-0.005030,0.813,1.077
forward,6,17.7890,2.3759,0.2000,0.00000,1450.000,1169,increasing,rolling,1417.546,1143,1417.235,-2.148,1,24,1783745388.189817429,1.529676,1.227307,0.755974,0.215547,0.0214121,0.0004469,0.0208694,0.468161,2.758267,0.330122,-0.004584,0.813,1.077
reverse,7,18.9017,0.0001,-0.2000,0.00000,1450.000,1169,same,startup,1588.509,1281,1592.509,0.000,0,0,1783745389.291843653,1.559001,1.255832,0.758588,0.021219,,,,0.000000,0.000000,0.000000,0.000000,0.826,1.071
reverse,7,18.9235,0.0219,-0.2000,0.00000,1450.000,1169,same,startup,1588.509,1281,1592.509,0.000,0,0,1783745389.291843653,1.559001,1.255832,0.758588,0.021219,,,,0.000000,0.000000,0.000000,0.000000,0.826,1.071
reverse,7,18.9451,0.0435,-0.2000,0.00000,1450.000,1169,same,startup,1588.509,1281,1592.509,0.000,0,0,1783745389.291843653,1.559001,1.255832,0.758588,0.021219,,,,0.000000,0.000000,0.000000,0.000000,0.826,1.071
reverse,7,18.9667,0.0651,-0.2000,0.00000,1450.000,1169,same,startup,1588.509,1281,1592.509,0.000,0,0,1783745389.291843653,1.559001,1.255832,0.758588,0.021219,,,,0.000000,0.000000,0.000000,0.000000,0.823,1.062
reverse,7,18.9891,0.0875,-0.2000,0.00000,1450.000,1169,same,startup,1589.749,1282,1592.509,0.000,1,1,1783745389.391969204,1.557876,1.254542,0.757616,0.011661,-0.0017033,-0.0009724,0.5708540,0.001703,0.001703,0.000000,0.000000,0.823,1.062
reverse,7,19.0013,0.0997,-0.2000,0.00000,1450.000,1169,same,startup,1589.749,1282,1592.509,0.000,0,0,1783745389.391969204,1.557876,1.254542,0.757616,0.011661,,,,0.001703,0.001703,0.000000,0.000000,0.823,1.062
reverse,7,19.0231,0.1214,-0.2000,0.00000,1450.000,1169,same,startup,1589.749,1282,1592.509,0.000,0,0,1783745389.391969204,1.557876,1.254542,0.757616,0.011661,,,,0.001703,0.001703,0.000000,0.000000,0.823,1.062
reverse,7,19.0447,0.1430,-0.2000,0.00000,1450.000,1169,same,startup,1589.749,1282,1592.509,0.000,0,0,1783745389.391969204,1.557876,1.254542,0.757616,0.011661,,,,0.001703,0.001703,0.000000,0.000000,0.823,1.062
reverse,7,19.0662,0.1646,-0.2000,0.00000,1450.000,1169,same,startup,1589.749,1282,1592.509,0.000,0,0,1783745389.391969204,1.557876,1.254542,0.757616,0.011661,,,,0.001703,0.001703,0.000000,0.000000,0.823,1.062
reverse,7,19.0878,0.1862,-0.2000,0.00000,1450.000,1169,same,startup,1589.749,1282,1592.509,0.000,0,0,1783745389.391969204,1.557876,1.254542,0.757616,0.011661,,,,0.001703,0.001703,0.000000,0.000000,0.833,1.065
reverse,7,19.0904,0.1887,-0.2000,0.00000,1450.000,1169,same,startup,1590.989,1283,1592.509,0.000,1,2,1783745389.490143061,1.558406,1.255507,0.757095,0.011414,0.0010476,-0.0005205,-0.4968222,0.002751,0.002751,0.000000,0.000000,0.833,1.065
reverse,7,19.1025,0.2008,-0.2000,0.00000,1450.000,1169,same,startup,1590.989,1283,1592.509,0.000,0,0,1783745389.490143061,1.558406,1.255507,0.757095,0.011414,,,,0.002751,0.002751,0.000000,0.000000,0.833,1.065
reverse,7,19.1242,0.2225,-0.2000,0.00000,1450.000,1169,same,startup,1590.989,1283,1592.509,0.000,0,0,1783745389.490143061,1.558406,1.255507,0.757095,0.011414,,,,0.002751,0.002751,0.000000,0.000000,0.833,1.065
reverse,7,19.1457,0.2441,-0.2000,0.00000,1450.000,1169,same,startup,1590.989,1283,1592.509,0.000,0,0,1783745389.490143061,1.558406,1.255507,0.757095,0.011414,,,,0.002751,0.002751,0.000000,0.000000,0.833,1.065
reverse,7,19.1673,0.2656,-0.2000,0.00000,1450.000,1169,same,startup,1590.989,1283,1592.509,0.000,0,0,1783745389.490143061,1.558406,1.255507,0.757095,0.011414,,,,0.002751,0.002751,0.000000,0.000000,0.819,1.063
reverse,7,19.1870,0.2853,-0.2000,0.00000,1450.000,1169,same,startup,1590.989,1283,1592.509,0.000,0,0,1783745389.490143061,1.558406,1.255507,0.757095,0.011414,,,,0.002751,0.002751,0.000000,0.000000,0.819,1.063
reverse,7,19.2090,0.3074,-0.2000,0.00000,1450.000,1169,same,startup,1592.229,1284,1592.509,0.000,1,3,1783745389.590506554,1.554151,1.252875,0.758595,-0.003644,-0.0048994,0.0014995,-0.3060571,0.007650,0.007650,0.000000,0.000000,0.819,1.063
reverse,7,19.2112,0.3095,-0.2000,0.00000,1450.000,1169,same,startup,1592.229,1284,1592.509,0.000,0,0,1783745389.590506554,1.554151,1.252875,0.758595,-0.003644,,,,0.007650,0.007650,0.000000,0.000000,0.819,1.063
reverse,7,19.2328,0.3311,-0.2000,0.00000,1450.000,1169,same,startup,1592.229,1284,1592.509,0.000,0,0,1783745389.590506554,1.554151,1.252875,0.758595,-0.003644,,,,0.007650,0.007650,0.000000,0.000000,0.819,1.063
reverse,7,19.2543,0.3527,-0.2000,0.00000,1450.000,1169,same,startup,1592.229,1284,1592.509,0.000,0,0,1783745389.590506554,1.554151,1.252875,0.758595,-0.003644,,,,0.007650,0.007650,0.000000,0.000000,0.819,1.063
reverse,7,19.2758,0.3742,-0.2000,0.00000,1450.000,1169,same,startup,1592.229,1284,1592.509,0.000,0,0,1783745389.590506554,1.554151,1.252875,0.758595,-0.003644,,,,0.007650,0.007650,0.000000,0.000000,0.823,1.056
reverse,7,19.2873,0.3856,-0.2000,0.00000,1450.000,1169,same,startup,1593.469,1285,1592.509,0.000,1,4,1783745389.688239813,1.546986,1.243362,0.758910,-0.032777,-0.0117451,0.0003150,-0.0268221,0.019395,0.019395,0.000000,0.000000,0.823,1.056
reverse,7,19.3033,0.4016,-0.2000,0.00000,1450.000,1169,same,startup,1593.469,1285,1592.509,0.000,0,0,1783745389.688239813,1.546986,1.243362,0.758910,-0.032777,,,,0.019395,0.019395,0.000000,0.000000,0.823,1.056
reverse,7,19.3249,0.4233,-0.2000,0.00000,1450.000,1169,same,startup,1593.469,1285,1592.509,0.000,0,0,1783745389.688239813,1.546986,1.243362,0.758910,-0.032777,,,,0.019395,0.019395,0.000000,0.000000,0.823,1.056
reverse,7,19.3465,0.4448,-0.2000,0.00000,1450.000,1169,same,startup,1593.469,1285,1592.509,0.000,0,0,1783745389.688239813,1.546986,1.243362,0.758910,-0.032777,,,,0.019395,0.019395,0.000000,0.000000,0.823,1.056
reverse,7,19.3680,0.4664,-0.2000,0.00000,1450.000,1169,same,startup,1593.469,1285,1592.509,0.000,0,0,1783745389.688239813,1.546986,1.243362,0.758910,-0.032777,,,,0.019395,0.019395,0.000000,0.000000,0.827,1.064
reverse,7,19.3877,0.4860,-0.2000,0.00000,1450.000,1169,same,startup,1596.569,1288,1592.509,0.000,1,5,1783745389.788593054,1.541317,1.239201,0.756594,-0.041964,-0.0069770,-0.0023154,0.3318661,0.026372,0.026372,0.000000,0.000000,0.827,1.064
reverse,7,19.4074,0.5058,-0.2000,0.00000,1450.000,1169,same,startup,1596.569,1288,1592.509,0.000,0,0,1783745389.788593054,1.541317,1.239201,0.756594,-0.041964,,,,0.026372,0.026372,0.000000,0.000000,0.827,1.064
reverse,7,19.4292,0.5275,-0.2000,0.00000,1450.000,1169,same,startup,1596.569,1288,1592.509,0.000,0,0,1783745389.788593054,1.541317,1.239201,0.756594,-0.041964,,,,0.026372,0.026372,0.000000,0.000000,0.827,1.064
reverse,7,19.4508,0.5491,-0.2000,0.00000,1450.000,1169,same,startup,1596.569,1288,1592.509,0.000,0,0,1783745389.788593054,1.541317,1.239201,0.756594,-0.041964,,,,0.026372,0.026372,0.000000,0.000000,0.827,1.064
reverse,7,19.4724,0.5708,-0.2000,0.00000,1450.000,1169,same,startup,1596.569,1288,1592.509,0.000,0,0,1783745389.788593054,1.541317,1.239201,0.756594,-0.041964,,,,0.026372,0.026372,0.000000,0.000000,0.820,1.062
reverse,7,19.4860,0.5844,-0.2000,0.00000,1450.000,1169,same,rolling,1592.509,1284,1592.509,0.000,1,6,1783745389.888969183,1.531764,1.232855,0.756013,-0.059626,-0.0113035,-0.0005817,0.0514591,0.037676,0.037676,0.000000,0.000000,0.820,1.062
reverse,7,19.4960,0.5943,-0.2000,0.00000,1450.000,1169,same,rolling,1592.509,1284,1592.509,0.000,0,0,1783745389.888969183,1.531764,1.232855,0.756013,-0.059626,,,,0.037676,0.037676,0.000000,0.000000,0.820,1.062
reverse,7,19.5177,0.6160,-0.2000,0.00000,1450.000,1169,same,rolling,1592.509,1284,1592.509,0.000,0,0,1783745389.888969183,1.531764,1.232855,0.756013,-0.059626,,,,0.037676,0.037676,0.000000,0.000000,0.820,1.062
reverse,7,19.5393,0.6376,-0.2000,0.00000,1450.000,1169,same,rolling,1592.509,1284,1592.509,0.000,0,0,1783745389.888969183,1.531764,1.232855,0.756013,-0.059626,,,,0.037676,0.037676,0.000000,0.000000,0.820,1.062
reverse,7,19.5608,0.6591,-0.2000,0.00000,1450.000,1169,same,rolling,1592.509,1284,1592.509,0.000,0,0,1783745389.888969183,1.531764,1.232855,0.756013,-0.059626,,,,0.037676,0.037676,0.000000,0.000000,0.820,1.062
reverse,7,19.5824,0.6808,-0.2000,0.00000,1450.000,1169,same,rolling,1592.509,1284,1592.509,0.000,0,0,1783745389.888969183,1.531764,1.232855,0.756013,-0.059626,,,,0.037676,0.037676,0.000000,0.000000,0.812,1.063
reverse,7,19.5864,0.6847,-0.2000,0.00000,1450.000,1169,same,rolling,1594.811,1286,1592.887,0.378,1,7,1783745389.987143755,1.523273,1.226423,0.755472,-0.071688,-0.0105908,-0.0005403,0.0510162,0.048267,0.048267,0.000000,0.000000,0.812,1.063
reverse,7,19.5959,0.6943,-0.2000,0.00000,1450.000,1169,same,rolling,1594.811,1286,1592.887,0.378,0,0,1783745389.987143755,1.523273,1.226423,0.755472,-0.071688,,,,0.048267,0.048267,0.000000,0.000000,0.812,1.063
reverse,7,19.6177,0.7160,-0.2000,0.00000,1450.000,1169,same,rolling,1594.811,1286,1592.887,0.378,0,0,1783745389.987143755,1.523273,1.226423,0.755472,-0.071688,,,,0.048267,0.048267,0.000000,0.000000,0.812,1.063
reverse,7,19.6392,0.7375,-0.2000,0.00000,1450.000,1169,same,rolling,1594.811,1286,1592.887,0.378,0,0,1783745389.987143755,1.523273,1.226423,0.755472,-0.071688,,,,0.048267,0.048267,0.000000,0.000000,0.812,1.063
reverse,7,19.6607,0.7591,-0.2000,0.00000,1450.000,1169,same,rolling,1594.811,1286,1592.887,0.378,0,0,1783745389.987143755,1.523273,1.226423,0.755472,-0.071688,,,,0.048267,0.048267,0.000000,0.000000,0.812,1.063
reverse,7,19.6823,0.7807,-0.2000,0.00000,1450.000,1169,same,rolling,1594.811,1286,1592.887,0.378,0,0,1783745389.987143755,1.523273,1.226423,0.755472,-0.071688,,,,0.048267,0.048267,0.000000,0.000000,0.808,1.066
reverse,7,19.6867,0.7851,-0.2000,0.00000,1450.000,1169,same,rolling,1595.031,1286,1593.246,0.737,1,8,1783745390.087661028,1.513925,1.220393,0.755597,-0.080973,-0.0109389,0.0001244,-0.0113716,0.059206,0.059206,0.000000,0.000000,0.808,1.066
reverse,7,19.6998,0.7981,-0.2000,0.00000,1450.000,1169,same,rolling,1595.031,1286,1593.246,0.737,0,0,1783745390.087661028,1.513925,1.220393,0.755597,-0.080973,,,,0.059206,0.059206,0.000000,0.000000,0.808,1.066
reverse,7,19.7214,0.8197,-0.2000,0.00000,1450.000,1169,same,rolling,1595.031,1286,1593.246,0.737,0,0,1783745390.087661028,1.513925,1.220393,0.755597,-0.080973,,,,0.059206,0.059206,0.000000,0.000000,0.808,1.066
reverse,7,19.7429,0.8412,-0.2000,0.00000,1450.000,1169,same,rolling,1595.031,1286,1593.246,0.737,0,0,1783745390.087661028,1.513925,1.220393,0.755597,-0.080973,,,,0.059206,0.059206,0.000000,0.000000,0.808,1.066
reverse,7,19.7644,0.8627,-0.2000,0.00000,1450.000,1169,same,rolling,1595.031,1286,1593.246,0.737,0,0,1783745390.087661028,1.513925,1.220393,0.755597,-0.080973,,,,0.059206,0.059206,0.000000,0.000000,0.806,1.046
reverse,7,19.7840,0.8823,-0.2000,0.00000,1450.000,1169,same,rolling,1595.594,1287,1593.638,1.129,1,9,1783745390.188013554,1.512006,1.217235,0.757230,-0.069606,-0.0035629,0.0016332,-0.4583885,0.062769,0.062769,0.000000,0.000000,0.806,1.046
reverse,7,19.7999,0.8983,-0.2000,0.00000,1450.000,1169,same,rolling,1595.594,1287,1593.638,1.129,0,0,1783745390.188013554,1.512006,1.217235,0.757230,-0.069606,,,,0.062769,0.062769,0.000000,0.000000,0.806,1.046
reverse,7,19.8216,0.9199,-0.2000,0.00000,1450.000,1169,same,rolling,1595.594,1287,1593.638,1.129,0,0,1783745390.188013554,1.512006,1.217235,0.757230,-0.069606,,,,0.062769,0.062769,0.000000,0.000000,0.806,1.046
reverse,7,19.8431,0.9414,-0.2000,0.00000,1450.000,1169,same,rolling,1595.594,1287,1593.638,1.129,0,0,1783745390.188013554,1.512006,1.217235,0.757230,-0.069606,,,,0.062769,0.062769,0.000000,0.000000,0.806,1.046
reverse,7,19.8646,0.9630,-0.2000,0.00000,1450.000,1169,same,rolling,1595.594,1287,1593.638,1.129,0,0,1783745390.188013554,1.512006,1.217235,0.757230,-0.069606,,,,0.062769,0.062769,0.000000,0.000000,0.795,1.049
reverse,7,19.8846,0.9829,-0.2000,0.00000,1450.000,1169,same,rolling,1595.594,1287,1593.638,1.129,0,0,1783745390.188013554,1.512006,1.217235,0.757230,-0.069606,,,,0.062769,0.062769,0.000000,0.000000,0.795,1.049
reverse,7,19.9063,1.0047,-0.2000,0.00000,1450.000,1169,same,rolling,1595.575,1287,1593.954,1.445,1,10,1783745390.285335541,1.499718,1.207740,0.756657,-0.091901,-0.0154534,-0.0005731,0.0370885,0.078222,0.078222,0.000000,0.000000,0.795,1.049
reverse,7,19.9083,1.0066,-0.2000,0.00000,1450.000,1169,same,rolling,1595.575,1287,1593.954,1.445,0,0,1783745390.285335541,1.499718,1.207740,0.756657,-0.091901,,,,0.078222,0.078222,0.000000,0.000000,0.795,1.049
reverse,7,19.9299,1.0282,-0.2000,0.00000,1450.000,1169,same,rolling,1595.575,1287,1593.954,1.445,0,0,1783745390.285335541,1.499718,1.207740,0.756657,-0.091901,,,,0.078222,0.078222,0.000000,0.000000,0.795,1.049
reverse,7,19.9514,1.0497,-0.2000,0.00000,1450.000,1169,same,rolling,1595.575,1287,1593.954,1.445,0,0,1783745390.285335541,1.499718,1.207740,0.756657,-0.091901,,,,0.078222,0.078222,0.000000,0.000000,0.795,1.049
reverse,7,19.9729,1.0713,-0.2000,0.00000,1450.000,1169,same,rolling,1595.575,1287,1593.954,1.445,0,0,1783745390.285335541,1.499718,1.207740,0.756657,-0.091901,,,,0.078222,0.078222,0.000000,0.000000,0.792,1.049
reverse,7,19.9851,1.0834,-0.2000,0.00000,1450.000,1169,same,rolling,1595.667,1287,1594.241,1.732,1,11,1783745390.385858774,1.488951,1.198072,0.756795,-0.104902,-0.0144657,0.0001384,-0.0095683,0.092688,0.092688,-0.014466,0.000138,0.792,1.049
reverse,7,19.9995,1.0979,-0.2000,0.00000,1450.000,1169,same,rolling,1595.667,1287,1594.241,1.732,0,0,1783745390.385858774,1.488951,1.198072,0.756795,-0.104902,,,,0.092688,0.092688,-0.014466,0.000138,0.792,1.049
reverse,7,20.0215,1.1199,-0.2000,0.00000,1450.000,1169,same,rolling,1595.667,1287,1594.241,1.732,0,0,1783745390.385858774,1.488951,1.198072,0.756795,-0.104902,,,,0.092688,0.092688,-0.014466,0.000138,0.792,1.049
reverse,7,20.0435,1.1418,-0.2000,0.00000,1450.000,1169,same,rolling,1595.667,1287,1594.241,1.732,0,0,1783745390.385858774,1.488951,1.198072,0.756795,-0.104902,,,,0.092688,0.092688,-0.014466,0.000138,0.792,1.049
reverse,7,20.0652,1.1636,-0.2000,0.00000,1450.000,1169,same,rolling,1595.667,1287,1594.241,1.732,0,0,1783745390.385858774,1.488951,1.198072,0.756795,-0.104902,,,,0.092688,0.092688,-0.014466,0.000138,1.477,1.048
reverse,7,20.0854,1.1837,-0.2000,0.00000,1450.000,1169,same,rolling,1595.359,1287,1594.428,1.919,1,12,1783745390.486367226,1.474650,1.178527,0.761603,-0.137943,-0.0238273,0.0048079,-0.2017815,0.116515,0.116515,-0.038293,0.004946,1.477,1.048
reverse,7,20.1026,1.2010,-0.2000,0.00000,1450.000,1169,same,rolling,1595.359,1287,1594.428,1.919,0,0,1783745390.486367226,1.474650,1.178527,0.761603,-0.137943,,,,0.116515,0.116515,-0.038293,0.004946,1.477,1.048
reverse,7,20.1243,1.2226,-0.2000,0.00000,1450.000,1169,same,rolling,1595.359,1287,1594.428,1.919,0,0,1783745390.486367226,1.474650,1.178527,0.761603,-0.137943,,,,0.116515,0.116515,-0.038293,0.004946,1.477,1.048
reverse,7,20.1459,1.2442,-0.2000,0.00000,1450.000,1169,same,rolling,1595.359,1287,1594.428,1.919,0,0,1783745390.486367226,1.474650,1.178527,0.761603,-0.137943,,,,0.116515,0.116515,-0.038293,0.004946,1.477,1.048
reverse,7,20.1674,1.2658,-0.2000,0.00000,1450.000,1169,same,rolling,1595.359,1287,1594.428,1.919,0,0,1783745390.486367226,1.474650,1.178527,0.761603,-0.137943,,,,0.116515,0.116515,-0.038293,0.004946,1.460,1.021
reverse,7,20.1858,1.2841,-0.2000,0.00000,1450.000,1169,same,rolling,1595.182,1286,1594.554,2.045,1,13,1783745390.586630344,1.463689,1.158279,0.765696,-0.158114,-0.0219203,0.0040932,-0.1867300,0.138435,0.138435,-0.060213,0.009039,1.460,1.021
reverse,7,20.1984,1.2967,-0.2000,0.00000,1450.000,1169,same,rolling,1595.182,1286,1594.554,2.045,0,0,1783745390.586630344,1.463689,1.158279,0.765696,-0.158114,,,,0.138435,0.138435,-0.060213,0.009039,1.460,1.021
reverse,7,20.2201,1.3184,-0.2000,0.00000,1450.000,1169,same,rolling,1595.182,1286,1594.554,2.045,0,0,1783745390.586630344,1.463689,1.158279,0.765696,-0.158114,,,,0.138435,0.138435,-0.060213,0.009039,1.460,1.021
reverse,7,20.2417,1.3400,-0.2000,0.00000,1450.000,1169,same,rolling,1595.182,1286,1594.554,2.045,0,0,1783745390.586630344,1.463689,1.158279,0.765696,-0.158114,,,,0.138435,0.138435,-0.060213,0.009039,1.460,1.021
reverse,7,20.2632,1.3615,-0.2000,0.00000,1450.000,1169,same,rolling,1595.182,1286,1594.554,2.045,0,0,1783745390.586630344,1.463689,1.158279,0.765696,-0.158114,,,,0.138435,0.138435,-0.060213,0.009039,1.460,1.021
reverse,7,20.2847,1.3831,-0.2000,0.00000,1450.000,1169,same,rolling,1595.182,1286,1594.554,2.045,0,0,1783745390.586630344,1.463689,1.158279,0.765696,-0.158114,,,,0.138435,0.138435,-0.060213,0.009039,1.438,1.020
reverse,7,20.2873,1.3857,-0.2000,0.00000,1450.000,1169,same,rolling,1594.936,1286,1594.618,2.109,1,14,1783745390.687016487,1.445686,1.142131,0.767156,-0.178776,-0.0241693,0.0014600,-0.0604063,0.162604,0.162604,-0.084383,0.010499,1.438,1.020
reverse,7,20.3081,1.4064,-0.2000,0.00000,1450.000,1169,same,rolling,1594.936,1286,1594.618,2.109,0,0,1783745390.687016487,1.445686,1.142131,0.767156,-0.178776,,,,0.162604,0.162604,-0.084383,0.010499,1.438,1.020
reverse,7,20.3300,1.4283,-0.2000,0.00000,1450.000,1169,same,rolling,1594.936,1286,1594.618,2.109,0,0,1783745390.687016487,1.445686,1.142131,0.767156,-0.178776,,,,0.162604,0.162604,-0.084383,0.010499,1.438,1.020
reverse,7,20.3515,1.4499,-0.2000,0.00000,1450.000,1169,same,rolling,1594.936,1286,1594.618,2.109,0,0,1783745390.687016487,1.445686,1.142131,0.767156,-0.178776,,,,0.162604,0.162604,-0.084383,0.010499,1.438,1.020
reverse,7,20.3730,1.4714,-0.2000,0.00000,1450.000,1169,same,rolling,1594.936,1286,1594.618,2.109,0,0,1783745390.687016487,1.445686,1.142131,0.767156,-0.178776,,,,0.162604,0.162604,-0.084383,0.010499,1.406,1.013
reverse,7,20.3869,1.4852,-0.2000,0.00000,1450.000,1169,same,rolling,1594.947,1286,1594.673,2.164,1,15,1783745390.787448406,1.430127,1.130707,0.766600,-0.181703,-0.0191304,-0.0005560,0.0290661,0.181735,0.181735,-0.103513,0.009943,1.406,1.013
reverse,7,20.4033,1.5016,-0.2000,0.00000,1450.000,1169,same,rolling,1594.947,1286,1594.673,2.164,0,0,1783745390.787448406,1.430127,1.130707,0.766600,-0.181703,,,,0.181735,0.181735,-0.103513,0.009943,1.406,1.013
reverse,7,20.4250,1.5233,-0.2000,0.00000,1450.000,1169,same,rolling,1594.947,1286,1594.673,2.164,0,0,1783745390.787448406,1.430127,1.130707,0.766600,-0.181703,,,,0.181735,0.181735,-0.103513,0.009943,1.406,1.013
reverse,7,20.4465,1.5449,-0.2000,0.00000,1450.000,1169,same,rolling,1594.947,1286,1594.673,2.164,0,0,1783745390.787448406,1.430127,1.130707,0.766600,-0.181703,,,,0.181735,0.181735,-0.103513,0.009943,1.406,1.013
reverse,7,20.4681,1.5664,-0.2000,0.00000,1450.000,1169,same,rolling,1594.947,1286,1594.673,2.164,0,0,1783745390.787448406,1.430127,1.130707,0.766600,-0.181703,,,,0.181735,0.181735,-0.103513,0.009943,1.391,1.000
reverse,7,20.4870,1.5854,-0.2000,0.00000,1450.000,1169,same,rolling,1594.852,1286,1594.703,2.194,1,16,1783745390.888011217,1.411982,1.118359,0.766798,-0.190062,-0.0216350,0.0001980,-0.0091539,0.203370,0.203370,-0.125148,0.010141,1.391,1.000
reverse,7,20.4985,1.5968,-0.2000,0.00000,1450.000,1169,same,rolling,1594.852,1286,1594.703,2.194,0,0,1783745390.888011217,1.411982,1.118359,0.766798,-0.190062,,,,0.203370,0.203370,-0.125148,0.010141,1.391,1.000
reverse,7,20.5201,1.6184,-0.2000,0.00000,1450.000,1169,same,rolling,1594.852,1286,1594.703,2.194,0,0,1783745390.888011217,1.411982,1.118359,0.766798,-0.190062,,,,0.203370,0.203370,-0.125148,0.010141,1.391,1.000
reverse,7,20.5417,1.6400,-0.2000,0.00000,1450.000,1169,same,rolling,1594.852,1286,1594.703,2.194,0,0,1783745390.888011217,1.411982,1.118359,0.766798,-0.190062,,,,0.203370,0.203370,-0.125148,0.010141,1.391,1.000
reverse,7,20.5632,1.6615,-0.2000,0.00000,1450.000,1169,same,rolling,1594.852,1286,1594.703,2.194,0,0,1783745390.888011217,1.411982,1.118359,0.766798,-0.190062,,,,0.203370,0.203370,-0.125148,0.010141,1.391,1.000
reverse,7,20.5847,1.6830,-0.2000,0.00000,1450.000,1169,same,rolling,1594.852,1286,1594.703,2.194,0,0,1783745390.888011217,1.411982,1.118359,0.766798,-0.190062,,,,0.203370,0.203370,-0.125148,0.010141,1.362,0.997
reverse,7,20.5874,1.6858,-0.2000,0.00000,1450.000,1169,same,rolling,1594.298,1286,1594.635,2.126,1,17,1783745390.988277435,1.391392,1.093542,0.771598,-0.222469,-0.0320542,0.0047996,-0.1497328,0.235424,0.235424,-0.157202,0.014941,1.362,0.997
reverse,7,20.6095,1.7079,-0.2000,0.00000,1450.000,1169,same,rolling,1594.298,1286,1594.635,2.126,0,0,1783745390.988277435,1.391392,1.093542,0.771598,-0.222469,,,,0.235424,0.235424,-0.157202,0.014941,1.362,0.997
reverse,7,20.6109,1.7092,-0.2000,0.00000,1450.000,1169,same,rolling,1594.298,1286,1594.635,2.126,0,0,1783745390.988277435,1.391392,1.093542,0.771598,-0.222469,,,,0.235424,0.235424,-0.157202,0.014941,1.362,0.997
reverse,7,20.6324,1.7307,-0.2000,0.00000,1450.000,1169,same,rolling,1594.298,1286,1594.635,2.126,0,0,1783745390.988277435,1.391392,1.093542,0.771598,-0.222469,,,,0.235424,0.235424,-0.157202,0.014941,1.362,0.997
reverse,7,20.6540,1.7523,-0.2000,0.00000,1450.000,1169,same,rolling,1594.298,1286,1594.635,2.126,0,0,1783745390.988277435,1.391392,1.093542,0.771598,-0.222469,,,,0.235424,0.235424,-0.157202,0.014941,1.362,0.997
reverse,7,20.6755,1.7738,-0.2000,0.00000,1450.000,1169,same,rolling,1594.298,1286,1594.635,2.126,0,0,1783745390.988277435,1.391392,1.093542,0.771598,-0.222469,,,,0.235424,0.235424,-0.157202,0.014941,1.352,0.994
reverse,7,20.6879,1.7862,-0.2000,0.00000,1450.000,1169,same,rolling,1594.162,1286,1594.556,2.047,1,18,1783745391.088729620,1.377946,1.073142,0.776430,-0.226272,-0.0238755,0.0048325,-0.2024020,0.259300,0.259300,-0.181078,0.019773,1.352,0.994
reverse,7,20.6976,1.7960,-0.2000,0.00000,1450.000,1169,same,rolling,1594.162,1286,1594.556,2.047,0,0,1783745391.088729620,1.377946,1.073142,0.776430,-0.226272,,,,0.259300,0.259300,-0.181078,0.019773,1.352,0.994
reverse,7,20.7193,1.8177,-0.2000,0.00000,1450.000,1169,same,rolling,1594.162,1286,1594.556,2.047,0,0,1783745391.088729620,1.377946,1.073142,0.776430,-0.226272,,,,0.259300,0.259300,-0.181078,0.019773,1.352,0.994
reverse,7,20.7409,1.8392,-0.2000,0.00000,1450.000,1169,same,rolling,1594.162,1286,1594.556,2.047,0,0,1783745391.088729620,1.377946,1.073142,0.776430,-0.226272,,,,0.259300,0.259300,-0.181078,0.019773,1.352,0.994
reverse,7,20.7624,1.8607,-0.2000,0.00000,1450.000,1169,same,rolling,1594.162,1286,1594.556,2.047,0,0,1783745391.088729620,1.377946,1.073142,0.776430,-0.226272,,,,0.259300,0.259300,-0.181078,0.019773,1.352,0.994
reverse,7,20.7839,1.8823,-0.2000,0.00000,1450.000,1169,same,rolling,1594.162,1286,1594.556,2.047,0,0,1783745391.088729620,1.377946,1.073142,0.776430,-0.226272,,,,0.259300,0.259300,-0.181078,0.019773,1.365,0.989
reverse,7,20.7883,1.8867,-0.2000,0.00000,1450.000,1169,same,rolling,1594.555,1286,1594.556,2.047,1,19,1783745391.189124584,1.366368,1.067541,0.775324,-0.200053,-0.0121876,-0.0011063,0.0907724,0.271487,0.271487,-0.193265,0.018667,1.365,0.989
reverse,7,20.8088,1.9071,-0.2000,0.00000,1450.000,1169,same,rolling,1594.555,1286,1594.556,2.047,0,0,1783745391.189124584,1.366368,1.067541,0.775324,-0.200053,,,,0.271487,0.271487,-0.193265,0.018667,1.365,0.989
reverse,7,20.8304,1.9288,-0.2000,0.00000,1450.000,1169,same,rolling,1594.555,1286,1594.556,2.047,0,0,1783745391.189124584,1.366368,1.067541,0.775324,-0.200053,,,,0.271487,0.271487,-0.193265,0.018667,1.365,0.989
reverse,7,20.8523,1.9506,-0.2000,0.00000,1450.000,1169,same,rolling,1594.555,1286,1594.556,2.047,0,0,1783745391.189124584,1.366368,1.067541,0.775324,-0.200053,,,,0.271487,0.271487,-0.193265,0.018667,1.365,0.989
reverse,7,20.8741,1.9725,-0.2000,0.00000,1450.000,1169,same,rolling,1594.555,1286,1594.556,2.047,0,0,1783745391.189124584,1.366368,1.067541,0.775324,-0.200053,,,,0.271487,0.271487,-0.193265,0.018667,1.316,0.987
reverse,7,20.8874,1.9857,-0.2000,0.00000,1450.000,1169,same,rolling,1594.620,1286,1594.567,2.058,1,20,1783745391.289615154,1.349281,1.058333,0.774987,-0.196436,-0.0186493,-0.0003371,0.0180746,0.290136,0.290136,-0.211915,0.018330,1.316,0.987
reverse,7,20.8983,1.9967,-0.2000,0.00000,1450.000,1169,same,rolling,1594.620,1286,1594.567,2.058,0,0,1783745391.289615154,1.349281,1.058333,0.774987,-0.196436,,,,0.290136,0.290136,-0.211915,0.018330,1.316,0.987
reverse,7,20.9201,2.0185,-0.2000,0.00000,1450.000,1169,same,rolling,1594.620,1286,1594.567,2.058,0,0,1783745391.289615154,1.349281,1.058333,0.774987,-0.196436,,,,0.290136,0.290136,-0.211915,0.018330,1.316,0.987
reverse,7,20.9418,2.0401,-0.2000,0.00000,1450.000,1169,same,rolling,1594.620,1286,1594.567,2.058,0,0,1783745391.289615154,1.349281,1.058333,0.774987,-0.196436,,,,0.290136,0.290136,-0.211915,0.018330,1.316,0.987
reverse,7,20.9633,2.0617,-0.2000,0.00000,1450.000,1169,same,rolling,1594.620,1286,1594.567,2.058,0,0,1783745391.289615154,1.349281,1.058333,0.774987,-0.196436,,,,0.290136,0.290136,-0.211915,0.018330,1.316,0.987
reverse,7,20.9849,2.0833,-0.2000,0.00000,1450.000,1169,same,rolling,1594.620,1286,1594.567,2.058,0,0,1783745391.289615154,1.349281,1.058333,0.774987,-0.196436,,,,0.290136,0.290136,-0.211915,0.018330,1.299,0.965
reverse,7,20.9876,2.0859,-0.2000,0.00000,1450.000,1169,same,rolling,1594.835,1286,1594.610,2.102,1,21,1783745391.387457609,1.338301,1.048454,0.776660,-0.185031,-0.0147565,0.0016733,-0.1133924,0.304893,0.304893,-0.226671,0.020003,1.299,0.965
reverse,7,21.0051,2.1034,-0.2000,0.00000,1450.000,1169,same,rolling,1594.835,1286,1594.610,2.102,0,0,1783745391.387457609,1.338301,1.048454,0.776660,-0.185031,,,,0.304893,0.304893,-0.226671,0.020003,1.299,0.965
reverse,7,21.0267,2.1251,-0.2000,0.00000,1450.000,1169,same,rolling,1594.835,1286,1594.610,2.102,0,0,1783745391.387457609,1.338301,1.048454,0.776660,-0.185031,,,,0.304893,0.304893,-0.226671,0.020003,1.299,0.965
reverse,7,21.0484,2.1467,-0.2000,0.00000,1450.000,1169,same,rolling,1594.835,1286,1594.610,2.102,0,0,1783745391.387457609,1.338301,1.048454,0.776660,-0.185031,,,,0.304893,0.304893,-0.226671,0.020003,1.299,0.965
reverse,7,21.0704,2.1687,-0.2000,0.00000,1450.000,1169,same,rolling,1594.835,1286,1594.610,2.102,0,0,1783745391.387457609,1.338301,1.048454,0.776660,-0.185031,,,,0.304893,0.304893,-0.226671,0.020003,1.293,0.959
reverse,7,21.0871,2.1854,-0.2000,0.00000,1450.000,1169,same,rolling,1594.835,1286,1594.610,2.102,0,0,1783745391.387457609,1.338301,1.048454,0.776660,-0.185031,,,,0.304893,0.304893,-0.226671,0.020003,1.293,0.959
reverse,7,21.1090,2.2073,-0.2000,0.00000,1450.000,1169,same,rolling,1595.156,1286,1594.702,2.193,1,22,1783745391.487833500,1.334284,1.034841,0.781014,-0.169710,-0.0124211,0.0043536,-0.3504969,0.317314,0.317314,-0.239092,0.024357,1.293,0.959
reverse,7,21.1142,2.2126,-0.2000,0.00000,1450.000,1169,same,rolling,1595.156,1286,1594.702,2.193,0,0,1783745391.487833500,1.334284,1.034841,0.781014,-0.169710,,,,0.317314,0.317314,-0.239092,0.024357,1.293,0.959
reverse,7,21.1358,2.2342,-0.2000,0.00000,1450.000,1169,same,rolling,1595.156,1286,1594.702,2.193,0,0,1783745391.487833500,1.334284,1.034841,0.781014,-0.169710,,,,0.317314,0.317314,-0.239092,0.024357,1.293,0.959
reverse,7,21.1574,2.2557,-0.2000,0.00000,1450.000,1169,same,rolling,1595.156,1286,1594.702,2.193,0,0,1783745391.487833500,1.334284,1.034841,0.781014,-0.169710,,,,0.317314,0.317314,-0.239092,0.024357,1.293,0.959
reverse,7,21.1789,2.2772,-0.2000,0.00000,1450.000,1169,same,rolling,1595.156,1286,1594.702,2.193,0,0,1783745391.487833500,1.334284,1.034841,0.781014,-0.169710,,,,0.317314,0.317314,-0.239092,0.024357,1.777,0.975
reverse,7,21.1878,2.2861,-0.2000,0.00000,1450.000,1169,same,rolling,1595.156,1286,1594.702,2.193,0,0,1783745391.487833500,1.334284,1.034841,0.781014,-0.169710,,,,0.317314,0.317314,-0.239092,0.024357,1.777,0.975
reverse,7,21.2097,2.3080,-0.2000,0.00000,1450.000,1169,same,rolling,1595.175,1286,1594.781,2.272,1,23,1783745391.588271856,1.320116,1.022628,0.780023,-0.173731,-0.0186608,-0.0009907,0.0530872,0.335975,0.335975,-0.257753,0.023366,1.777,0.975
reverse,7,21.2137,2.3120,-0.2000,0.00000,1450.000,1169,same,rolling,1595.175,1286,1594.781,2.272,0,0,1783745391.588271856,1.320116,1.022628,0.780023,-0.173731,,,,0.335975,0.335975,-0.257753,0.023366,1.777,0.975
reverse,7,21.2353,2.3336,-0.2000,0.00000,1450.000,1169,same,rolling,1595.175,1286,1594.781,2.272,0,0,1783745391.588271856,1.320116,1.022628,0.780023,-0.173731,,,,0.335975,0.335975,-0.257753,0.023366,1.777,0.975
reverse,7,21.2568,2.3552,-0.2000,0.00000,1450.000,1169,same,rolling,1595.175,1286,1594.781,2.272,0,0,1783745391.588271856,1.320116,1.022628,0.780023,-0.173731,,,,0.335975,0.335975,-0.257753,0.023366,1.777,0.975
reverse,7,21.2783,2.3767,-0.2000,0.00000,1450.000,1169,same,rolling,1595.175,1286,1594.781,2.272,0,0,1783745391.588271856,1.320116,1.022628,0.780023,-0.173731,,,,0.335975,0.335975,-0.257753,0.023366,1.765,0.951
reverse,7,21.2903,2.3886,-0.2000,0.00000,1450.000,1169,same,rolling,1595.426,1287,1594.889,2.380,1,24,1783745391.688708305,1.309270,1.014218,0.780100,-0.164211,-0.0136243,0.0000765,-0.0056174,0.349599,0.349599,-0.271377,0.023443,1.765,0.951
reverse,7,21.3038,2.4022,-0.2000,0.00000,1450.000,1169,same,rolling,1595.426,1287,1594.889,2.380,0,0,1783745391.688708305,1.309270,1.014218,0.780100,-0.164211,,,,0.349599,0.349599,-0.271377,0.023443,1.765,0.951
reverse,7,21.3255,2.4238,-0.2000,0.00000,1450.000,1169,same,rolling,1595.426,1287,1594.889,2.380,0,0,1783745391.688708305,1.309270,1.014218,0.780100,-0.164211,,,,0.349599,0.349599,-0.271377,0.023443,1.765,0.951
reverse,7,21.3470,2.4454,-0.2000,0.00000,1450.000,1169,same,rolling,1595.426,1287,1594.889,2.380,0,0,1783745391.688708305,1.309270,1.014218,0.780100,-0.164211,,,,0.349599,0.349599,-0.271377,0.023443,1.765,0.951
reverse,7,21.3685,2.4669,-0.2000,0.00000,1450.000,1169,same,rolling,1595.426,1287,1594.889,2.380,0,0,1783745391.688708305,1.309270,1.014218,0.780100,-0.164211,,,,0.349599,0.349599,-0.271377,0.023443,1.327,0.950
reverse,7,21.3906,2.4889,-0.2000,0.00000,1450.000,1169,same,rolling,1595.734,1287,1595.033,2.524,1,25,1783745391.791455269,1.298372,1.007652,0.780308,-0.153245,-0.0123653,0.0002086,-0.0168702,0.361965,0.361965,-0.283743,0.023651,1.327,0.950
reverse,7,21.4026,2.5009,-0.2000,0.00000,1450.000,1169,same,rolling,1595.734,1287,1595.033,2.524,0,0,1783745391.791455269,1.298372,1.007652,0.780308,-0.153245,,,,0.361965,0.361965,-0.283743,0.023651,1.327,0.950
reverse,7,21.4243,2.5227,-0.2000,0.00000,1450.000,1169,same,rolling,1595.734,1287,1595.033,2.524,0,0,1783745391.791455269,1.298372,1.007652,0.780308,-0.153245,,,,0.361965,0.361965,-0.283743,0.023651,1.327,0.950
reverse,7,21.4459,2.5442,-0.2000,0.00000,1450.000,1169,same,rolling,1595.734,1287,1595.033,2.524,0,0,1783745391.791455269,1.298372,1.007652,0.780308,-0.153245,,,,0.361965,0.361965,-0.283743,0.023651,1.327,0.950
reverse,7,21.4675,2.5658,-0.2000,0.00000,1450.000,1169,same,rolling,1595.734,1287,1595.033,2.524,0,0,1783745391.791455269,1.298372,1.007652,0.780308,-0.153245,,,,0.361965,0.361965,-0.283743,0.023651,1.727,0.945
reverse,7,21.4886,2.5869,-0.2000,0.00000,1450.000,1169,same,rolling,1595.421,1287,1595.098,2.589,1,26,1783745391.891889334,1.283122,0.986793,0.784446,-0.178460,-0.0255209,0.0041373,-0.1621130,0.387486,0.387486,-0.309264,0.027789,1.727,0.945
reverse,7,21.5046,2.6030,-0.2000,0.00000,1450.000,1169,same,rolling,1595.421,1287,1595.098,2.589,0,0,1783745391.891889334,1.283122,0.986793,0.784446,-0.178460,,,,0.387486,0.387486,-0.309264,0.027789,1.727,0.945
reverse,7,21.5263,2.6246,-0.2000,0.00000,1450.000,1169,same,rolling,1595.421,1287,1595.098,2.589,0,0,1783745391.891889334,1.283122,0.986793,0.784446,-0.178460,,,,0.387486,0.387486,-0.309264,0.027789,1.727,0.945
reverse,7,21.5478,2.6462,-0.2000,0.00000,1450.000,1169,same,rolling,1595.421,1287,1595.098,2.589,0,0,1783745391.891889334,1.283122,0.986793,0.784446,-0.178460,,,,0.387486,0.387486,-0.309264,0.027789,1.727,0.945
reverse,7,21.5694,2.6677,-0.2000,0.00000,1450.000,1169,same,rolling,1595.421,1287,1595.098,2.589,0,0,1783745391.891889334,1.283122,0.986793,0.784446,-0.178460,,,,0.387486,0.387486,-0.309264,0.027789,1.717,0.947
reverse,7,21.5887,2.6870,-0.2000,0.00000,1450.000,1169,same,rolling,1595.266,1287,1595.125,2.616,1,27,1783745391.989598751,1.270333,0.968201,0.788554,-0.190632,-0.0221945,0.0041080,-0.1850897,0.409680,0.409680,-0.331458,0.031897,1.717,0.947
reverse,7,21.6007,2.6990,-0.2000,0.00000,1450.000,1169,same,rolling,1595.266,1287,1595.125,2.616,0,0,1783745391.989598751,1.270333,0.968201,0.788554,-0.190632,,,,0.409680,0.409680,-0.331458,0.031897,1.717,0.947
reverse,7,21.6223,2.7207,-0.2000,0.00000,1450.000,1169,same,rolling,1595.266,1287,1595.125,2.616,0,0,1783745391.989598751,1.270333,0.968201,0.788554,-0.190632,,,,0.409680,0.409680,-0.331458,0.031897,1.717,0.947
reverse,7,21.6439,2.7422,-0.2000,0.00000,1450.000,1169,same,rolling,1595.266,1287,1595.125,2.616,0,0,1783745391.989598751,1.270333,0.968201,0.788554,-0.190632,,,,0.409680,0.409680,-0.331458,0.031897,1.717,0.947
reverse,7,21.6654,2.7637,-0.2000,0.00000,1450.000,1169,same,rolling,1595.266,1287,1595.125,2.616,0,0,1783745391.989598751,1.270333,0.968201,0.788554,-0.190632,,,,0.409680,0.409680,-0.331458,0.031897,1.717,0.947
reverse,7,21.6870,2.7853,-0.2000,0.00000,1450.000,1169,same,rolling,1595.266,1287,1595.125,2.616,0,0,1783745391.989598751,1.270333,0.968201,0.788554,-0.190632,,,,0.409680,0.409680,-0.331458,0.031897,1.703,0.948
reverse,7,21.6897,2.7880,-0.2000,0.00000,1450.000,1169,same,rolling,1595.277,1287,1595.151,2.642,1,28,1783745392.090045214,1.256519,0.954407,0.790666,-0.191559,-0.0195208,0.0021129,-0.1082373,0.429201,0.429201,-0.350979,0.034010,1.703,0.948
reverse,7,21.7085,2.8068,-0.2000,0.00000,1450.000,1169,same,rolling,1595.277,1287,1595.151,2.642,0,0,1783745392.090045214,1.256519,0.954407,0.790666,-0.191559,,,,0.429201,0.429201,-0.350979,0.034010,1.703,0.948
reverse,7,21.7301,2.8285,-0.2000,0.00000,1450.000,1169,same,rolling,1595.277,1287,1595.151,2.642,0,0,1783745392.090045214,1.256519,0.954407,0.790666,-0.191559,,,,0.429201,0.429201,-0.350979,0.034010,1.703,0.948
reverse,7,21.7517,2.8500,-0.2000,0.00000,1450.000,1169,same,rolling,1595.277,1287,1595.151,2.642,0,0,1783745392.090045214,1.256519,0.954407,0.790666,-0.191559,,,,0.429201,0.429201,-0.350979,0.034010,1.703,0.948
reverse,7,21.7733,2.8716,-0.2000,0.00000,1450.000,1169,same,rolling,1595.277,1287,1595.151,2.642,0,0,1783745392.090045214,1.256519,0.954407,0.790666,-0.191559,,,,0.429201,0.429201,-0.350979,0.034010,1.690,0.938
reverse,7,21.7873,2.8857,-0.2000,0.00000,1450.000,1169,same,rolling,1595.566,1287,1595.220,2.711,1,29,1783745392.190517426,1.248655,0.943364,0.789812,-0.176963,-0.0133804,-0.0008546,0.0638661,0.442581,0.442581,-0.364359,0.033155,1.690,0.938
reverse,7,21.8004,2.8988,-0.2000,0.00000,1450.000,1169,same,rolling,1595.566,1287,1595.220,2.711,0,0,1783745392.190517426,1.248655,0.943364,0.789812,-0.176963,,,,0.442581,0.442581,-0.364359,0.033155,1.690,0.938
reverse,7,21.8221,2.9204,-0.2000,0.00000,1450.000,1169,same,rolling,1595.566,1287,1595.220,2.711,0,0,1783745392.190517426,1.248655,0.943364,0.789812,-0.176963,,,,0.442581,0.442581,-0.364359,0.033155,1.690,0.938
reverse,7,21.8436,2.9420,-0.2000,0.00000,1450.000,1169,same,rolling,1595.566,1287,1595.220,2.711,0,0,1783745392.190517426,1.248655,0.943364,0.789812,-0.176963,,,,0.442581,0.442581,-0.364359,0.033155,1.690,0.938
reverse,7,21.8652,2.9635,-0.2000,0.00000,1450.000,1169,same,rolling,1595.566,1287,1595.220,2.711,0,0,1783745392.190517426,1.248655,0.943364,0.789812,-0.176963,,,,0.442581,0.442581,-0.364359,0.033155,1.669,0.928
reverse,7,21.8875,2.9858,-0.2000,0.00000,1450.000,1169,same,rolling,1595.745,1287,1595.306,2.797,1,30,1783745392.288529634,1.233612,0.937292,0.791107,-0.170723,-0.0148980,0.0012948,-0.0869079,0.457479,0.457479,-0.379257,0.034450,1.669,0.928
reverse,8,21.9070,0.0000,-0.2000,-0.60000,1265.385,1020,decreasing,rolling,1595.745,1287,1595.306,2.797,0,0,1783745392.288529634,1.233612,0.937292,0.791107,-0.170723,,,,0.000000,0.457479,0.000000,0.000000,1.669,0.928
reverse,8,21.9288,0.0218,-0.2000,-0.60000,1265.385,1020,decreasing,rolling,1595.745,1287,1595.306,2.797,0,0,1783745392.288529634,1.233612,0.937292,0.791107,-0.170723,,,,0.000000,0.457479,0.000000,0.000000,1.669,0.928
reverse,8,21.9504,0.0434,-0.2000,-0.60000,1265.385,1020,decreasing,rolling,1595.745,1287,1595.306,2.797,0,0,1783745392.288529634,1.233612,0.937292,0.791107,-0.170723,,,,0.000000,0.457479,0.000000,0.000000,1.669,0.928
reverse,8,21.9721,0.0651,-0.2000,-0.60000,1265.385,1020,decreasing,rolling,1595.745,1287,1595.306,2.797,0,0,1783745392.288529634,1.233612,0.937292,0.791107,-0.170723,,,,0.000000,0.457479,0.000000,0.000000,1.753,0.942
reverse,8,21.9856,0.0786,-0.2000,-0.60000,1265.385,1020,decreasing,rolling,1595.656,1287,1595.364,2.856,1,1,1783745392.388642073,1.221910,0.919284,0.792345,-0.180573,-0.0210361,0.0012388,-0.0588877,0.021036,0.478515,0.000000,0.000000,1.753,0.942
reverse,8,22.0048,0.0978,-0.2000,-0.60000,1265.385,1020,decreasing,rolling,1595.656,1287,1595.364,2.856,0,0,1783745392.388642073,1.221910,0.919284,0.792345,-0.180573,,,,0.021036,0.478515,0.000000,0.000000,1.753,0.942
reverse,8,22.0265,0.1195,-0.2000,-0.60000,1265.385,1020,decreasing,rolling,1595.656,1287,1595.364,2.856,0,0,1783745392.388642073,1.221910,0.919284,0.792345,-0.180573,,,,0.021036,0.478515,0.000000,0.000000,1.753,0.942
reverse,8,22.0482,0.1412,-0.2000,-0.60000,1265.385,1020,decreasing,rolling,1595.656,1287,1595.364,2.856,0,0,1783745392.388642073,1.221910,0.919284,0.792345,-0.180573,,,,0.021036,0.478515,0.000000,0.000000,1.753,0.942
reverse,8,22.0698,0.1628,-0.2000,-0.60000,1265.385,1020,decreasing,rolling,1595.656,1287,1595.364,2.856,0,0,1783745392.388642073,1.221910,0.919284,0.792345,-0.180573,,,,0.021036,0.478515,0.000000,0.000000,1.653,0.931
reverse,8,22.0860,0.1790,-0.2000,-0.60000,1265.385,1020,decreasing,rolling,1595.906,1287,1595.453,2.944,1,2,1783745392.486733198,1.212544,0.909570,0.792008,-0.169818,-0.0134925,-0.0003377,0.0250313,0.034529,0.492008,0.000000,0.000000,1.653,0.931
reverse,8,22.1034,0.1964,-0.2000,-0.60000,1265.385,1020,decreasing,rolling,1595.906,1287,1595.453,2.944,0,0,1783745392.486733198,1.212544,0.909570,0.792008,-0.169818,,,,0.034529,0.492008,0.000000,0.000000,1.653,0.931
reverse,8,22.1250,0.2180,-0.2000,-0.60000,1265.385,1020,decreasing,rolling,1595.906,1287,1595.453,2.944,0,0,1783745392.486733198,1.212544,0.909570,0.792008,-0.169818,,,,0.034529,0.492008,0.000000,0.000000,1.653,0.931
reverse,8,22.1465,0.2395,-0.2000,-0.60000,1265.385,1020,decreasing,rolling,1595.906,1287,1595.453,2.944,0,0,1783745392.486733198,1.212544,0.909570,0.792008,-0.169818,,,,0.034529,0.492008,0.000000,0.000000,1.653,0.931
reverse,8,22.1680,0.2610,-0.2000,-0.60000,1265.385,1020,decreasing,rolling,1595.906,1287,1595.453,2.944,0,0,1783745392.486733198,1.212544,0.909570,0.792008,-0.169818,,,,0.034529,0.492008,0.000000,0.000000,1.724,0.909
reverse,8,22.1864,0.2794,-0.2000,-0.60000,1265.385,1020,decreasing,rolling,1596.408,1287,1595.613,3.104,1,3,1783745392.587171078,1.204157,0.906775,0.791619,-0.146983,-0.0078822,-0.0003884,0.0492698,0.042411,0.499890,0.000000,0.000000,1.724,0.909
reverse,8,22.2057,0.2987,-0.2000,-0.60000,1265.385,1020,decreasing,rolling,1596.408,1287,1595.613,3.104,0,0,1783745392.587171078,1.204157,0.906775,0.791619,-0.146983,,,,0.042411,0.499890,0.000000,0.000000,1.724,0.909
reverse,8,22.2273,0.3203,-0.2000,-0.60000,1265.385,1020,decreasing,rolling,1596.408,1287,1595.613,3.104,0,0,1783745392.587171078,1.204157,0.906775,0.791619,-0.146983,,,,0.042411,0.499890,0.000000,0.000000,1.724,0.909
reverse,8,22.2489,0.3419,-0.2000,-0.60000,1265.385,1020,decreasing,rolling,1596.408,1287,1595.613,3.104,0,0,1783745392.587171078,1.204157,0.906775,0.791619,-0.146983,,,,0.042411,0.499890,0.000000,0.000000,1.724,0.909
reverse,8,22.2704,0.3634,-0.2000,-0.60000,1265.385,1020,decreasing,rolling,1596.408,1287,1595.613,3.104,0,0,1783745392.587171078,1.204157,0.906775,0.791619,-0.146983,,,,0.042411,0.499890,0.000000,0.000000,1.625,0.892
reverse,8,22.2842,0.3772,-0.2000,-0.60000,1265.385,1020,decreasing,rolling,1596.485,1287,1595.759,3.250,1,4,1783745392.687669992,1.193703,0.893725,0.797081,-0.151619,-0.0166352,0.0054616,-0.3283158,0.059046,0.516525,0.000000,0.000000,1.625,0.892
reverse,8,22.3038,0.3968,-0.2000,-0.60000,1265.385,1020,decreasing,rolling,1596.485,1287,1595.759,3.250,0,0,1783745392.687669992,1.193703,0.893725,0.797081,-0.151619,,,,0.059046,0.516525,0.000000,0.000000,1.625,0.892
reverse,8,22.3255,0.4185,-0.2000,-0.60000,1265.385,1020,decreasing,rolling,1596.485,1287,1595.759,3.250,0,0,1783745392.687669992,1.193703,0.893725,0.797081,-0.151619,,,,0.059046,0.516525,0.000000,0.000000,1.625,0.892
reverse,8,22.3470,0.4400,-0.2000,-0.60000,1265.385,1020,decreasing,rolling,1596.485,1287,1595.759,3.250,0,0,1783745392.687669992,1.193703,0.893725,0.797081,-0.151619,,,,0.059046,0.516525,0.000000,0.000000,1.625,0.892
reverse,8,22.3685,0.4615,-0.2000,-0.60000,1265.385,1020,decreasing,rolling,1596.485,1287,1595.759,3.250,0,0,1783745392.687669992,1.193703,0.893725,0.797081,-0.151619,,,,0.059046,0.516525,0.000000,0.000000,1.681,0.879
reverse,8,22.3846,0.4776,-0.2000,-0.60000,1265.385,1020,decreasing,rolling,1596.193,1287,1595.830,3.321,1,5,1783745392.785494566,1.179257,0.873906,0.805278,-0.175779,-0.0242860,0.0081970,-0.3375181,0.083332,0.540811,0.000000,0.000000,1.681,0.879
reverse,8,22.4013,0.4943,-0.2000,-0.60000,1265.385,1020,decreasing,rolling,1596.193,1287,1595.830,3.321,0,0,1783745392.785494566,1.179257,0.873906,0.805278,-0.175779,,,,0.083332,0.540811,0.000000,0.000000,1.681,0.879
reverse,8,22.4231,0.5161,-0.2000,-0.60000,1265.385,1020,decreasing,rolling,1596.193,1287,1595.830,3.321,0,0,1783745392.785494566,1.179257,0.873906,0.805278,-0.175779,,,,0.083332,0.540811,0.000000,0.000000,1.681,0.879
reverse,8,22.4448,0.5378,-0.2000,-0.60000,1265.385,1020,decreasing,rolling,1596.193,1287,1595.830,3.321,0,0,1783745392.785494566,1.179257,0.873906,0.805278,-0.175779,,,,0.083332,0.540811,0.000000,0.000000,1.681,0.879
reverse,8,22.4665,0.5595,-0.2000,-0.60000,1265.385,1020,decreasing,rolling,1596.193,1287,1595.830,3.321,0,0,1783745392.785494566,1.179257,0.873906,0.805278,-0.175779,,,,0.083332,0.540811,0.000000,0.000000,1.661,0.859
reverse,8,22.4851,0.5781,-0.2000,-0.60000,1265.385,1020,decreasing,rolling,1596.123,1287,1595.879,3.370,1,6,1783745392.885941744,1.165870,0.857874,0.816262,-0.183710,-0.0208430,0.0109838,-0.5269800,0.104175,0.561654,0.000000,0.000000,1.661,0.859
reverse,8,22.5068,0.5998,-0.2000,-0.60000,1265.385,1020,decreasing,rolling,1596.123,1287,1595.879,3.370,0,0,1783745392.885941744,1.165870,0.857874,0.816262,-0.183710,,,,0.104175,0.561654,0.000000,0.000000,1.661,0.859
reverse,8,22.5285,0.6215,-0.2000,-0.60000,1265.385,1020,decreasing,rolling,1596.123,1287,1595.879,3.370,0,0,1783745392.885941744,1.165870,0.857874,0.816262,-0.183710,,,,0.104175,0.561654,0.000000,0.000000,1.661,0.859
reverse,8,22.5501,0.6431,-0.2000,-0.60000,1265.385,1020,decreasing,rolling,1596.123,1287,1595.879,3.370,0,0,1783745392.885941744,1.165870,0.857874,0.816262,-0.183710,,,,0.104175,0.561654,0.000000,0.000000,1.661,0.859
reverse,8,22.5716,0.6646,-0.2000,-0.60000,1265.385,1020,decreasing,rolling,1596.123,1287,1595.879,3.370,0,0,1783745392.885941744,1.165870,0.857874,0.816262,-0.183710,,,,0.104175,0.561654,0.000000,0.000000,1.640,0.843
reverse,8,22.5855,0.6785,-0.2000,-0.60000,1265.385,1020,decreasing,rolling,1595.989,1287,1595.897,3.389,1,7,1783745392.986307859,1.153178,0.838915,0.828629,-0.193902,-0.0225302,0.0123670,-0.5489081,0.126705,0.584184,0.000000,0.000000,1.640,0.843
reverse,8,22.6021,0.6951,-0.2000,-0.60000,1265.385,1020,decreasing,rolling,1595.989,1287,1595.897,3.389,0,0,1783745392.986307859,1.153178,0.838915,0.828629,-0.193902,,,,0.126705,0.584184,0.000000,0.000000,1.640,0.843
reverse,8,22.6237,0.7167,-0.2000,-0.60000,1265.385,1020,decreasing,rolling,1595.989,1287,1595.897,3.389,0,0,1783745392.986307859,1.153178,0.838915,0.828629,-0.193902,,,,0.126705,0.584184,0.000000,0.000000,1.640,0.843
reverse,8,22.6454,0.7384,-0.2000,-0.60000,1265.385,1020,decreasing,rolling,1595.989,1287,1595.897,3.389,0,0,1783745392.986307859,1.153178,0.838915,0.828629,-0.193902,,,,0.126705,0.584184,0.000000,0.000000,1.640,0.843
reverse,8,22.6670,0.7600,-0.2000,-0.60000,1265.385,1020,decreasing,rolling,1595.989,1287,1595.897,3.389,0,0,1783745392.986307859,1.153178,0.838915,0.828629,-0.193902,,,,0.126705,0.584184,0.000000,0.000000,1.625,0.827
reverse,8,22.6830,0.7760,-0.2000,-0.60000,1265.385,1020,decreasing,rolling,1595.949,1287,1595.906,3.397,1,8,1783745393.086793900,1.139679,0.823108,0.838168,-0.197116,-0.0207764,0.0095397,-0.4591619,0.147482,0.604961,-0.020776,0.009540,1.625,0.827
reverse,8,22.7016,0.7946,-0.2000,-0.60000,1265.385,1020,decreasing,rolling,1595.949,1287,1595.906,3.397,0,0,1783745393.086793900,1.139679,0.823108,0.838168,-0.197116,,,,0.147482,0.604961,-0.020776,0.009540,1.625,0.827
reverse,8,22.7233,0.8163,-0.2000,-0.60000,1265.385,1020,decreasing,rolling,1595.949,1287,1595.906,3.397,0,0,1783745393.086793900,1.139679,0.823108,0.838168,-0.197116,,,,0.147482,0.604961,-0.020776,0.009540,1.625,0.827
reverse,8,22.7449,0.8379,-0.2000,-0.60000,1265.385,1020,decreasing,rolling,1595.949,1287,1595.906,3.397,0,0,1783745393.086793900,1.139679,0.823108,0.838168,-0.197116,,,,0.147482,0.604961,-0.020776,0.009540,1.625,0.827
reverse,8,22.7664,0.8594,-0.2000,-0.60000,1265.385,1020,decreasing,rolling,1595.949,1287,1595.906,3.397,0,0,1783745393.086793900,1.139679,0.823108,0.838168,-0.197116,,,,0.147482,0.604961,-0.020776,0.009540,1.686,0.803
reverse,8,22.7835,0.8765,-0.2000,-0.60000,1265.385,1020,decreasing,rolling,1596.061,1287,1595.931,3.423,1,9,1783745393.184210777,1.129404,0.809555,0.848193,-0.191348,-0.0169548,0.0100246,-0.5912571,0.164436,0.621916,-0.037731,0.019564,1.686,0.803
reverse,8,22.7963,0.8893,-0.2000,-0.60000,1265.385,1020,decreasing,rolling,1596.061,1287,1595.931,3.423,0,0,1783745393.184210777,1.129404,0.809555,0.848193,-0.191348,,,,0.164436,0.621916,-0.037731,0.019564,1.686,0.803
reverse,8,22.8179,0.9109,-0.2000,-0.60000,1265.385,1020,decreasing,rolling,1596.061,1287,1595.931,3.423,0,0,1783745393.184210777,1.129404,0.809555,0.848193,-0.191348,,,,0.164436,0.621916,-0.037731,0.019564,1.686,0.803
reverse,8,22.8395,0.9325,-0.2000,-0.60000,1265.385,1020,decreasing,rolling,1596.061,1287,1595.931,3.423,0,0,1783745393.184210777,1.129404,0.809555,0.848193,-0.191348,,,,0.164436,0.621916,-0.037731,0.019564,1.686,0.803
reverse,8,22.8610,0.9540,-0.2000,-0.60000,1265.385,1020,decreasing,rolling,1596.061,1287,1595.931,3.423,0,0,1783745393.184210777,1.129404,0.809555,0.848193,-0.191348,,,,0.164436,0.621916,-0.037731,0.019564,1.686,0.803
reverse,8,22.8826,0.9755,-0.2000,-0.60000,1265.385,1020,decreasing,rolling,1596.061,1287,1595.931,3.423,0,0,1783745393.184210777,1.129404,0.809555,0.848193,-0.191348,,,,0.164436,0.621916,-0.037731,0.019564,1.660,0.789
reverse,8,22.8851,0.9781,-0.2000,-0.60000,1265.385,1020,decreasing,rolling,1596.307,1287,1595.994,3.486,1,10,1783745393.284718275,1.121742,0.797237,0.860517,-0.179133,-0.0143212,0.0123243,-0.8605636,0.178757,0.636237,-0.052052,0.031889,1.660,0.789
reverse,8,22.9039,0.9969,-0.2000,-0.60000,1265.385,1020,decreasing,rolling,1596.307,1287,1595.994,3.486,0,0,1783745393.284718275,1.121742,0.797237,0.860517,-0.179133,,,,0.178757,0.636237,-0.052052,0.031889,1.660,0.789
reverse,8,22.9261,1.0191,-0.2000,-0.60000,1265.385,1020,decreasing,rolling,1596.307,1287,1595.994,3.486,0,0,1783745393.284718275,1.121742,0.797237,0.860517,-0.179133,,,,0.178757,0.636237,-0.052052,0.031889,1.660,0.789
reverse,8,22.9480,1.0410,-0.2000,-0.60000,1265.385,1020,decreasing,rolling,1596.307,1287,1595.994,3.486,0,0,1783745393.284718275,1.121742,0.797237,0.860517,-0.179133,,,,0.178757,0.636237,-0.052052,0.031889,1.660,0.789
reverse,8,22.9699,1.0629,-0.2000,-0.60000,1265.385,1020,decreasing,rolling,1596.307,1287,1595.994,3.486,0,0,1783745393.284718275,1.121742,0.797237,0.860517,-0.179133,,,,0.178757,0.636237,-0.052052,0.031889,1.667,0.786
reverse,8,22.9841,1.0771,-0.2000,-0.60000,1265.385,1020,decreasing,rolling,1596.307,1287,1595.994,3.486,0,0,1783745393.284718275,1.121742,0.797237,0.860517,-0.179133,,,,0.178757,0.636237,-0.052052,0.031889,1.667,0.786
reverse,8,23.0063,1.0993,-0.2000,-0.60000,1265.385,1020,decreasing,rolling,1596.457,1287,1596.072,3.563,1,11,1783745393.385215044,1.109088,0.786902,0.869652,-0.174335,-0.0160735,0.0091349,-0.5683217,0.194831,0.652310,-0.068126,0.041024,1.667,0.786
reverse,8,23.0081,1.1011,-0.2000,-0.60000,1265.385,1020,decreasing,rolling,1596.457,1287,1596.072,3.563,0,0,1783745393.385215044,1.109088,0.786902,0.869652,-0.174335,,,,0.194831,0.652310,-0.068126,0.041024,1.667,0.786
reverse,8,23.0297,1.1227,-0.2000,-0.60000,1265.385,1020,decreasing,rolling,1596.457,1287,1596.072,3.563,0,0,1783745393.385215044,1.109088,0.786902,0.869652,-0.174335,,,,0.194831,0.652310,-0.068126,0.041024,1.667,0.786
reverse,8,23.0512,1.1442,-0.2000,-0.60000,1265.385,1020,decreasing,rolling,1596.457,1287,1596.072,3.563,0,0,1783745393.385215044,1.109088,0.786902,0.869652,-0.174335,,,,0.194831,0.652310,-0.068126,0.041024,1.667,0.786
reverse,8,23.0727,1.1657,-0.2000,-0.60000,1265.385,1020,decreasing,rolling,1596.457,1287,1596.072,3.563,0,0,1783745393.385215044,1.109088,0.786902,0.869652,-0.174335,,,,0.194831,0.652310,-0.068126,0.041024,1.656,0.772
reverse,8,23.0845,1.1774,-0.2000,-0.60000,1265.385,1020,decreasing,rolling,1596.480,1287,1596.140,3.631,1,12,1783745393.485398769,1.097027,0.772662,0.877475,-0.177319,-0.0186613,0.0078231,-0.4192118,0.213492,0.670972,-0.086787,0.048847,1.656,0.772
reverse,8,23.1012,1.1942,-0.2000,-0.60000,1265.385,1020,decreasing,rolling,1596.480,1287,1596.140,3.631,0,0,1783745393.485398769,1.097027,0.772662,0.877475,-0.177319,,,,0.213492,0.670972,-0.086787,0.048847,1.656,0.772
reverse,8,23.1228,1.2158,-0.2000,-0.60000,1265.385,1020,decreasing,rolling,1596.480,1287,1596.140,3.631,0,0,1783745393.485398769,1.097027,0.772662,0.877475,-0.177319,,,,0.213492,0.670972,-0.086787,0.048847,1.656,0.772
reverse,8,23.1444,1.2374,-0.2000,-0.60000,1265.385,1020,decreasing,rolling,1596.480,1287,1596.140,3.631,0,0,1783745393.485398769,1.097027,0.772662,0.877475,-0.177319,,,,0.213492,0.670972,-0.086787,0.048847,1.656,0.772
reverse,8,23.1659,1.2589,-0.2000,-0.60000,1265.385,1020,decreasing,rolling,1596.480,1287,1596.140,3.631,0,0,1783745393.485398769,1.097027,0.772662,0.877475,-0.177319,,,,0.213492,0.670972,-0.086787,0.048847,1.778,0.757
reverse,8,23.1845,1.2775,-0.2000,-0.60000,1265.385,1020,decreasing,rolling,1596.798,1288,1596.250,3.741,1,13,1783745393.585773706,1.089343,0.763148,0.885257,-0.163447,-0.0122289,0.0077821,-0.6363663,0.225721,0.683200,-0.099016,0.056629,1.778,0.757
reverse,8,23.2043,1.2973,-0.2000,-0.60000,1265.385,1020,decreasing,rolling,1596.798,1288,1596.250,3.741,0,0,1783745393.585773706,1.089343,0.763148,0.885257,-0.163447,,,,0.225721,0.683200,-0.099016,0.056629,1.778,0.757
reverse,8,23.2260,1.3190,-0.2000,-0.60000,1265.385,1020,decreasing,rolling,1596.798,1288,1596.250,3.741,0,0,1783745393.585773706,1.089343,0.763148,0.885257,-0.163447,,,,0.225721,0.683200,-0.099016,0.056629,1.778,0.757
reverse,8,23.2475,1.3405,-0.2000,-0.60000,1265.385,1020,decreasing,rolling,1596.798,1288,1596.250,3.741,0,0,1783745393.585773706,1.089343,0.763148,0.885257,-0.163447,,,,0.225721,0.683200,-0.099016,0.056629,1.778,0.757
reverse,8,23.2691,1.3621,-0.2000,-0.60000,1265.385,1020,decreasing,rolling,1596.798,1288,1596.250,3.741,0,0,1783745393.585773706,1.089343,0.763148,0.885257,-0.163447,,,,0.225721,0.683200,-0.099016,0.056629,1.644,0.748
reverse,8,23.2853,1.3783,-0.2000,-0.60000,1265.385,1020,decreasing,rolling,1596.964,1288,1596.369,3.860,1,14,1783745393.685836792,1.079597,0.751602,0.893579,-0.160326,-0.0151059,0.0083212,-0.5508554,0.240827,0.698306,-0.114122,0.064950,1.644,0.748
reverse,8,23.3008,1.3938,-0.2000,-0.60000,1265.385,1020,decreasing,rolling,1596.964,1288,1596.369,3.860,0,0,1783745393.685836792,1.079597,0.751602,0.893579,-0.160326,,,,0.240827,0.698306,-0.114122,0.064950,1.644,0.748
reverse,8,23.3225,1.4155,-0.2000,-0.60000,1265.385,1020,decreasing,rolling,1596.964,1288,1596.369,3.860,0,0,1783745393.685836792,1.079597,0.751602,0.893579,-0.160326,,,,0.240827,0.698306,-0.114122,0.064950,1.644,0.748
reverse,8,23.3441,1.4371,-0.2000,-0.60000,1265.385,1020,decreasing,rolling,1596.964,1288,1596.369,3.860,0,0,1783745393.685836792,1.079597,0.751602,0.893579,-0.160326,,,,0.240827,0.698306,-0.114122,0.064950,1.644,0.748
reverse,8,23.3658,1.4587,-0.2000,-0.60000,1265.385,1020,decreasing,rolling,1596.964,1288,1596.369,3.860,0,0,1783745393.685836792,1.079597,0.751602,0.893579,-0.160326,,,,0.240827,0.698306,-0.114122,0.064950,1.746,0.739
reverse,8,23.3858,1.4788,-0.2000,-0.60000,1265.385,1020,decreasing,rolling,1597.018,1288,1596.478,3.969,1,15,1783745393.786580086,1.066481,0.739506,0.902082,-0.164004,-0.0176339,0.0085031,-0.4822010,0.258461,0.715940,-0.131756,0.073453,1.746,0.739
reverse,8,23.3977,1.4907,-0.2000,-0.60000,1265.385,1020,decreasing,rolling,1597.018,1288,1596.478,3.969,0,0,1783745393.786580086,1.066481,0.739506,0.902082,-0.164004,,,,0.258461,0.715940,-0.131756,0.073453,1.746,0.739
reverse,8,23.4194,1.5124,-0.2000,-0.60000,1265.385,1020,decreasing,rolling,1597.018,1288,1596.478,3.969,0,0,1783745393.786580086,1.066481,0.739506,0.902082,-0.164004,,,,0.258461,0.715940,-0.131756,0.073453,1.746,0.739
reverse,8,23.4411,1.5341,-0.2000,-0.60000,1265.385,1020,decreasing,rolling,1597.018,1288,1596.478,3.969,0,0,1783745393.786580086,1.066481,0.739506,0.902082,-0.164004,,,,0.258461,0.715940,-0.131756,0.073453,1.746,0.739
reverse,8,23.4627,1.5557,-0.2000,-0.60000,1265.385,1020,decreasing,rolling,1597.018,1288,1596.478,3.969,0,0,1783745393.786580086,1.066481,0.739506,0.902082,-0.164004,,,,0.258461,0.715940,-0.131756,0.073453,1.746,0.739
reverse,8,23.4844,1.5773,-0.2000,-0.60000,1265.385,1020,decreasing,rolling,1597.018,1288,1596.478,3.969,0,0,1783745393.786580086,1.066481,0.739506,0.902082,-0.164004,,,,0.258461,0.715940,-0.131756,0.073453,1.722,0.723
reverse,8,23.4868,1.5798,-0.2000,-0.60000,1265.385,1020,decreasing,rolling,1596.781,1288,1596.529,4.020,1,16,1783745393.887103319,1.056854,0.716326,0.915259,-0.183190,-0.0242005,0.0131769,-0.5444867,0.282662,0.740141,-0.155956,0.086630,1.722,0.723
reverse,8,23.5074,1.6004,-0.2000,-0.60000,1265.385,1020,decreasing,rolling,1596.781,1288,1596.529,4.020,0,0,1783745393.887103319,1.056854,0.716326,0.915259,-0.183190,,,,0.282662,0.740141,-0.155956,0.086630,1.722,0.723
reverse,8,23.5290,1.6220,-0.2000,-0.60000,1265.385,1020,decreasing,rolling,1596.781,1288,1596.529,4.020,0,0,1783745393.887103319,1.056854,0.716326,0.915259,-0.183190,,,,0.282662,0.740141,-0.155956,0.086630,1.722,0.723
reverse,8,23.5505,1.6435,-0.2000,-0.60000,1265.385,1020,decreasing,rolling,1596.781,1288,1596.529,4.020,0,0,1783745393.887103319,1.056854,0.716326,0.915259,-0.183190,,,,0.282662,0.740141,-0.155956,0.086630,1.722,0.723
reverse,8,23.5720,1.6650,-0.2000,-0.60000,1265.385,1020,decreasing,rolling,1596.781,1288,1596.529,4.020,0,0,1783745393.887103319,1.056854,0.716326,0.915259,-0.183190,,,,0.282662,0.740141,-0.155956,0.086630,1.703,0.705
reverse,8,23.5866,1.6796,-0.2000,-0.60000,1265.385,1020,decreasing,rolling,1596.678,1288,1596.553,4.045,1,17,1783745393.987278938,1.043484,0.699159,0.926333,-0.191693,-0.0217583,0.0110740,-0.5089556,0.304420,0.761899,-0.177715,0.097704,1.703,0.705
reverse,8,23.6068,1.6998,-0.2000,-0.60000,1265.385,1020,decreasing,rolling,1596.678,1288,1596.553,4.045,0,0,1783745393.987278938,1.043484,0.699159,0.926333,-0.191693,,,,0.304420,0.761899,-0.177715,0.097704,1.703,0.705
reverse,8,23.6284,1.7214,-0.2000,-0.60000,1265.385,1020,decreasing,rolling,1596.678,1288,1596.553,4.045,0,0,1783745393.987278938,1.043484,0.699159,0.926333,-0.191693,,,,0.304420,0.761899,-0.177715,0.097704,1.703,0.705
reverse,8,23.6500,1.7429,-0.2000,-0.60000,1265.385,1020,decreasing,rolling,1596.678,1288,1596.553,4.045,0,0,1783745393.987278938,1.043484,0.699159,0.926333,-0.191693,,,,0.304420,0.761899,-0.177715,0.097704,1.703,0.705
reverse,8,23.6715,1.7645,-0.2000,-0.60000,1265.385,1020,decreasing,rolling,1596.678,1288,1596.553,4.045,0,0,1783745393.987278938,1.043484,0.699159,0.926333,-0.191693,,,,0.304420,0.761899,-0.177715,0.097704,1.683,0.700
reverse,8,23.6844,1.7774,-0.2000,-0.60000,1265.385,1020,decreasing,rolling,1596.458,1287,1596.537,4.029,1,18,1783745394.087927341,1.024426,0.682446,0.939597,-0.205307,-0.0247745,0.0132643,-0.5354018,0.329194,0.786674,-0.202489,0.110968,1.683,0.700
reverse,8,23.6998,1.7928,-0.2000,-0.60000,1265.385,1020,decreasing,rolling,1596.458,1287,1596.537,4.029,0,0,1783745394.087927341,1.024426,0.682446,0.939597,-0.205307,,,,0.329194,0.786674,-0.202489,0.110968,1.683,0.700
reverse,8,23.7214,1.8144,-0.2000,-0.60000,1265.385,1020,decreasing,rolling,1596.458,1287,1596.537,4.029,0,0,1783745394.087927341,1.024426,0.682446,0.939597,-0.205307,,,,0.329194,0.786674,-0.202489,0.110968,1.683,0.700
reverse,8,23.7430,1.8360,-0.2000,-0.60000,1265.385,1020,decreasing,rolling,1596.458,1287,1596.537,4.029,0,0,1783745394.087927341,1.024426,0.682446,0.939597,-0.205307,,,,0.329194,0.786674,-0.202489,0.110968,1.683,0.700
reverse,8,23.7646,1.8576,-0.2000,-0.60000,1265.385,1020,decreasing,rolling,1596.458,1287,1596.537,4.029,0,0,1783745394.087927341,1.024426,0.682446,0.939597,-0.205307,,,,0.329194,0.786674,-0.202489,0.110968,1.663,0.689
reverse,8,23.7850,1.8780,-0.2000,-0.60000,1265.385,1020,decreasing,rolling,1596.273,1287,1596.494,3.985,1,19,1783745394.185720921,1.006164,0.666319,0.952498,-0.214727,-0.0237626,0.0129016,-0.5429390,0.352957,0.810436,-0.226252,0.123870,1.663,0.689
reverse,8,23.7973,1.8903,-0.2000,-0.60000,1265.385,1020,decreasing,rolling,1596.273,1287,1596.494,3.985,0,0,1783745394.185720921,1.006164,0.666319,0.952498,-0.214727,,,,0.352957,0.810436,-0.226252,0.123870,1.663,0.689
reverse,8,23.8190,1.9120,-0.2000,-0.60000,1265.385,1020,decreasing,rolling,1596.273,1287,1596.494,3.985,0,0,1783745394.185720921,1.006164,0.666319,0.952498,-0.214727,,,,0.352957,0.810436,-0.226252,0.123870,1.663,0.689
reverse,8,23.8405,1.9335,-0.2000,-0.60000,1265.385,1020,decreasing,rolling,1596.273,1287,1596.494,3.985,0,0,1783745394.185720921,1.006164,0.666319,0.952498,-0.214727,,,,0.352957,0.810436,-0.226252,0.123870,1.663,0.689
reverse,8,23.8620,1.9550,-0.2000,-0.60000,1265.385,1020,decreasing,rolling,1596.273,1287,1596.494,3.985,0,0,1783745394.185720921,1.006164,0.666319,0.952498,-0.214727,,,,0.352957,0.810436,-0.226252,0.123870,1.663,0.689
reverse,8,23.8836,1.9766,-0.2000,-0.60000,1265.385,1020,decreasing,rolling,1596.273,1287,1596.494,3.985,0,0,1783745394.185720921,1.006164,0.666319,0.952498,-0.214727,,,,0.352957,0.810436,-0.226252,0.123870,1.645,0.679
reverse,8,23.8867,1.9797,-0.2000,-0.60000,1265.385,1020,decreasing,rolling,1596.244,1287,1596.452,3.944,1,20,1783745394.286242723,0.995559,0.647794,0.967077,-0.213913,-0.0212576,0.0145790,-0.6858218,0.374215,0.831694,-0.247509,0.138449,1.645,0.679
reverse,8,23.9003,1.9933,-0.2000,-0.60000,1265.385,1020,decreasing,rolling,1596.244,1287,1596.452,3.944,0,0,1783745394.286242723,0.995559,0.647794,0.967077,-0.213913,,,,0.374215,0.831694,-0.247509,0.138449,1.645,0.679
reverse,8,23.9219,2.0149,-0.2000,-0.60000,1265.385,1020,decreasing,rolling,1596.244,1287,1596.452,3.944,0,0,1783745394.286242723,0.995559,0.647794,0.967077,-0.213913,,,,0.374215,0.831694,-0.247509,0.138449,1.645,0.679
reverse,8,23.9434,2.0364,-0.2000,-0.60000,1265.385,1020,decreasing,rolling,1596.244,1287,1596.452,3.944,0,0,1783745394.286242723,0.995559,0.647794,0.967077,-0.213913,,,,0.374215,0.831694,-0.247509,0.138449,1.645,0.679
reverse,8,23.9650,2.0580,-0.2000,-0.60000,1265.385,1020,decreasing,rolling,1596.244,1287,1596.452,3.944,0,0,1783745394.286242723,0.995559,0.647794,0.967077,-0.213913,,,,0.374215,0.831694,-0.247509,0.138449,1.625,0.672
reverse,8,23.9857,2.0787,-0.2000,-0.60000,1265.385,1020,decreasing,rolling,1596.244,1287,1596.452,3.944,0,0,1783745394.286242723,0.995559,0.647794,0.967077,-0.213913,,,,0.374215,0.831694,-0.247509,0.138449,1.625,0.672
reverse,8,24.0079,2.1009,-0.2000,-0.60000,1265.385,1020,decreasing,rolling,1596.283,1287,1596.424,3.915,1,21,1783745394.386709452,0.986736,0.629990,0.977178,-0.209404,-0.0196792,0.0101002,-0.5132416,0.393894,0.851373,-0.267189,0.148549,1.625,0.672
reverse,8,24.0100,2.1030,-0.2000,-0.60000,1265.385,1020,decreasing,rolling,1596.283,1287,1596.424,3.915,0,0,1783745394.386709452,0.986736,0.629990,0.977178,-0.209404,,,,0.393894,0.851373,-0.267189,0.148549,1.625,0.672
reverse,8,24.0316,2.1246,-0.2000,-0.60000,1265.385,1020,decreasing,rolling,1596.283,1287,1596.424,3.915,0,0,1783745394.386709452,0.986736,0.629990,0.977178,-0.209404,,,,0.393894,0.851373,-0.267189,0.148549,1.625,0.672
reverse,8,24.0532,2.1461,-0.2000,-0.60000,1265.385,1020,decreasing,rolling,1596.283,1287,1596.424,3.915,0,0,1783745394.386709452,0.986736,0.629990,0.977178,-0.209404,,,,0.393894,0.851373,-0.267189,0.148549,1.625,0.672
reverse,8,24.0747,2.1677,-0.2000,-0.60000,1265.385,1020,decreasing,rolling,1596.283,1287,1596.424,3.915,0,0,1783745394.386709452,0.986736,0.629990,0.977178,-0.209404,,,,0.393894,0.851373,-0.267189,0.148549,1.607,0.669
reverse,8,24.0861,2.1791,-0.2000,-0.60000,1265.385,1020,decreasing,rolling,1596.268,1287,1596.398,3.889,1,22,1783745394.487015247,0.981187,0.608806,0.987600,-0.208650,-0.0207016,0.0104224,-0.5034581,0.414595,0.872075,-0.287890,0.158971,1.607,0.669
reverse,8,24.1073,2.2003,-0.2000,-0.60000,1265.385,1020,decreasing,rolling,1596.268,1287,1596.398,3.889,0,0,1783745394.487015247,0.981187,0.608806,0.987600,-0.208650,,,,0.414595,0.872075,-0.287890,0.158971,1.607,0.669
reverse,8,24.1291,2.2221,-0.2000,-0.60000,1265.385,1020,decreasing,rolling,1596.268,1287,1596.398,3.889,0,0,1783745394.487015247,0.981187,0.608806,0.987600,-0.208650,,,,0.414595,0.872075,-0.287890,0.158971,1.607,0.669
reverse,8,24.1507,2.2436,-0.2000,-0.60000,1265.385,1020,decreasing,rolling,1596.268,1287,1596.398,3.889,0,0,1783745394.487015247,0.981187,0.608806,0.987600,-0.208650,,,,0.414595,0.872075,-0.287890,0.158971,1.607,0.669
reverse,8,24.1722,2.2651,-0.2000,-0.60000,1265.385,1020,decreasing,rolling,1596.268,1287,1596.398,3.889,0,0,1783745394.487015247,0.981187,0.608806,0.987600,-0.208650,,,,0.414595,0.872075,-0.287890,0.158971,1.587,0.654
reverse,8,24.1868,2.2798,-0.2000,-0.60000,1265.385,1020,decreasing,rolling,1596.207,1287,1596.366,3.857,1,23,1783745394.587531567,0.969430,0.590496,1.001885,-0.210607,-0.0217596,0.0142848,-0.6564837,0.436355,0.893834,-0.309650,0.173256,1.587,0.654
reverse,8,24.2008,2.2938,-0.2000,-0.60000,1265.385,1020,decreasing,rolling,1596.207,1287,1596.366,3.857,0,0,1783745394.587531567,0.969430,0.590496,1.001885,-0.210607,,,,0.436355,0.893834,-0.309650,0.173256,1.587,0.654
reverse,8,24.2224,2.3154,-0.2000,-0.60000,1265.385,1020,decreasing,rolling,1596.207,1287,1596.366,3.857,0,0,1783745394.587531567,0.969430,0.590496,1.001885,-0.210607,,,,0.436355,0.893834,-0.309650,0.173256,1.587,0.654
reverse,8,24.2440,2.3370,-0.2000,-0.60000,1265.385,1020,decreasing,rolling,1596.207,1287,1596.366,3.857,0,0,1783745394.587531567,0.969430,0.590496,1.001885,-0.210607,,,,0.436355,0.893834,-0.309650,0.173256,1.587,0.654
reverse,8,24.2655,2.3585,-0.2000,-0.60000,1265.385,1020,decreasing,rolling,1596.207,1287,1596.366,3.857,0,0,1783745394.587531567,0.969430,0.590496,1.001885,-0.210607,,,,0.436355,0.893834,-0.309650,0.173256,1.564,0.649
reverse,8,24.2869,2.3799,-0.2000,-0.60000,1265.385,1020,decreasing,rolling,1596.207,1287,1596.366,3.857,0,0,1783745394.587531567,0.969430,0.590496,1.001885,-0.210607,,,,0.436355,0.893834,-0.309650,0.173256,1.564,0.649
reverse,8,24.3088,2.4018,-0.2000,-0.60000,1265.385,1020,decreasing,rolling,1596.081,1287,1596.318,3.810,1,24,1783745394.687853575,0.953154,0.573289,1.019711,-0.215828,-0.0232237,0.0178262,-0.7675861,0.459579,0.917058,-0.332873,0.191082,1.564,0.649
reverse,9,24.3118,0.0000,-0.2000,0.60000,1634.615,1318,increasing,rolling,1596.081,1287,1596.318,3.810,0,0,1783745394.687853575,0.953154,0.573289,1.019711,-0.215828,,,,0.000000,0.917058,0.000000,0.000000,1.564,0.649
reverse,9,24.3335,0.0217,-0.2000,0.60000,1634.615,1318,increasing,rolling,1596.081,1287,1596.318,3.810,0,0,1783745394.687853575,0.953154,0.573289,1.019711,-0.215828,,,,0.000000,0.917058,0.000000,0.000000,1.564,0.649
reverse,9,24.3550,0.0433,-0.2000,0.60000,1634.615,1318,increasing,rolling,1596.081,1287,1596.318,3.810,0,0,1783745394.687853575,0.953154,0.573289,1.019711,-0.215828,,,,0.000000,0.917058,0.000000,0.000000,1.564,0.649
reverse,9,24.3766,0.0648,-0.2000,0.60000,1634.615,1318,increasing,rolling,1596.081,1287,1596.318,3.810,0,0,1783745394.687853575,0.953154,0.573289,1.019711,-0.215828,,,,0.000000,0.917058,0.000000,0.000000,1.543,0.641
reverse,9,24.3844,0.0726,-0.2000,0.60000,1634.615,1318,increasing,rolling,1596.081,1287,1596.318,3.810,0,0,1783745394.687853575,0.953154,0.573289,1.019711,-0.215828,,,,0.000000,0.917058,0.000000,0.000000,1.543,0.641
reverse,9,24.4064,0.0946,-0.2000,0.60000,1634.615,1318,increasing,rolling,1596.044,1287,1596.272,3.764,1,1,1783745394.788243055,0.941816,0.555103,1.032530,-0.215235,-0.0214288,0.0128189,-0.5982090,0.021429,0.938487,0.000000,0.000000,1.543,0.641
reverse,9,24.4084,0.0966,-0.2000,0.60000,1634.615,1318,increasing,rolling,1596.044,1287,1596.272,3.764,0,0,1783745394.788243055,0.941816,0.555103,1.032530,-0.215235,,,,0.021429,0.938487,0.000000,0.000000,1.543,0.641
reverse,9,24.4300,0.1182,-0.2000,0.60000,1634.615,1318,increasing,rolling,1596.044,1287,1596.272,3.764,0,0,1783745394.788243055,0.941816,0.555103,1.032530,-0.215235,,,,0.021429,0.938487,0.000000,0.000000,1.543,0.641
reverse,9,24.4517,0.1399,-0.2000,0.60000,1634.615,1318,increasing,rolling,1596.044,1287,1596.272,3.764,0,0,1783745394.788243055,0.941816,0.555103,1.032530,-0.215235,,,,0.021429,0.938487,0.000000,0.000000,1.543,0.641
reverse,9,24.4734,0.1616,-0.2000,0.60000,1634.615,1318,increasing,rolling,1596.044,1287,1596.272,3.764,0,0,1783745394.788243055,0.941816,0.555103,1.032530,-0.215235,,,,0.021429,0.938487,0.000000,0.000000,1.528,0.629
reverse,9,24.4848,0.1731,-0.2000,0.60000,1634.615,1318,increasing,rolling,1596.037,1287,1596.234,3.725,1,2,1783745394.885746956,0.931892,0.537552,1.045705,-0.213117,-0.0201602,0.0131749,-0.6535122,0.041589,0.958647,0.000000,0.000000,1.528,0.629
reverse,9,24.4945,0.1827,-0.2000,0.60000,1634.615,1318,increasing,rolling,1596.037,1287,1596.234,3.725,0,0,1783745394.885746956,0.931892,0.537552,1.045705,-0.213117,,,,0.041589,0.958647,0.000000,0.000000,1.528,0.629
reverse,9,24.5162,0.2044,-0.2000,0.60000,1634.615,1318,increasing,rolling,1596.037,1287,1596.234,3.725,0,0,1783745394.885746956,0.931892,0.537552,1.045705,-0.213117,,,,0.041589,0.958647,0.000000,0.000000,1.528,0.629
reverse,9,24.5377,0.2260,-0.2000,0.60000,1634.615,1318,increasing,rolling,1596.037,1287,1596.234,3.725,0,0,1783745394.885746956,0.931892,0.537552,1.045705,-0.213117,,,,0.041589,0.958647,0.000000,0.000000,1.528,0.629
reverse,9,24.5593,0.2475,-0.2000,0.60000,1634.615,1318,increasing,rolling,1596.037,1287,1596.234,3.725,0,0,1783745394.885746956,0.931892,0.537552,1.045705,-0.213117,,,,0.041589,0.958647,0.000000,0.000000,1.528,0.629
reverse,9,24.5808,0.2690,-0.2000,0.60000,1634.615,1318,increasing,rolling,1596.037,1287,1596.234,3.725,0,0,1783745394.885746956,0.931892,0.537552,1.045705,-0.213117,,,,0.041589,0.958647,0.000000,0.000000,1.506,0.641
reverse,9,24.5853,0.2736,-0.2000,0.60000,1634.615,1318,increasing,rolling,1596.133,1287,1596.217,3.708,1,3,1783745394.986244678,0.920128,0.523075,1.059131,-0.205618,-0.0184034,0.0134266,-0.7295692,0.059992,0.977050,0.000000,0.000000,1.506,0.641
reverse,9,24.6008,0.2891,-0.2000,0.60000,1634.615,1318,increasing,rolling,1596.133,1287,1596.217,3.708,0,0,1783745394.986244678,0.920128,0.523075,1.059131,-0.205618,,,,0.059992,0.977050,0.000000,0.000000,1.506,0.641
reverse,9,24.6224,0.3107,-0.2000,0.60000,1634.615,1318,increasing,rolling,1596.133,1287,1596.217,3.708,0,0,1783745394.986244678,0.920128,0.523075,1.059131,-0.205618,,,,0.059992,0.977050,0.000000,0.000000,1.506,0.641
reverse,9,24.6440,0.3322,-0.2000,0.60000,1634.615,1318,increasing,rolling,1596.133,1287,1596.217,3.708,0,0,1783745394.986244678,0.920128,0.523075,1.059131,-0.205618,,,,0.059992,0.977050,0.000000,0.000000,1.506,0.641
reverse,9,24.6655,0.3538,-0.2000,0.60000,1634.615,1318,increasing,rolling,1596.133,1287,1596.217,3.708,0,0,1783745394.986244678,0.920128,0.523075,1.059131,-0.205618,,,,0.059992,0.977050,0.000000,0.000000,1.489,0.651
reverse,9,24.6837,0.3719,-0.2000,0.60000,1634.615,1318,increasing,rolling,1596.075,1287,1596.193,3.684,1,4,1783745395.086653709,0.911623,0.503105,1.051751,-0.207914,-0.0215679,-0.0073799,0.3421722,0.081560,0.998618,0.000000,0.000000,1.489,0.651
reverse,9,24.7057,0.3939,-0.2000,0.60000,1634.615,1318,increasing,rolling,1596.075,1287,1596.193,3.684,0,0,1783745395.086653709,0.911623,0.503105,1.051751,-0.207914,,,,0.081560,0.998618,0.000000,0.000000,1.489,0.651
reverse,9,24.7273,0.4156,-0.2000,0.60000,1634.615,1318,increasing,rolling,1596.075,1287,1596.193,3.684,0,0,1783745395.086653709,0.911623,0.503105,1.051751,-0.207914,,,,0.081560,0.998618,0.000000,0.000000,1.489,0.651
reverse,9,24.7489,0.4371,-0.2000,0.60000,1634.615,1318,increasing,rolling,1596.075,1287,1596.193,3.684,0,0,1783745395.086653709,0.911623,0.503105,1.051751,-0.207914,,,,0.081560,0.998618,0.000000,0.000000,1.489,0.651
reverse,9,24.7704,0.4586,-0.2000,0.60000,1634.615,1318,increasing,rolling,1596.075,1287,1596.193,3.684,0,0,1783745395.086653709,0.911623,0.503105,1.051751,-0.207914,,,,0.081560,0.998618,0.000000,0.000000,1.475,0.665
reverse,9,24.7837,0.4719,-0.2000,0.60000,1634.615,1318,increasing,rolling,1596.141,1287,1596.185,3.676,1,5,1783745395.184610605,0.900150,0.488475,1.044462,-0.202906,-0.0184045,-0.0072893,0.3960629,0.099965,1.017023,0.000000,0.000000,1.475,0.665
reverse,9,24.7987,0.4870,-0.2000,0.60000,1634.615,1318,increasing,rolling,1596.141,1287,1596.185,3.676,0,0,1783745395.184610605,0.900150,0.488475,1.044462,-0.202906,,,,0.099965,1.017023,0.000000,0.000000,1.475,0.665
reverse,9,24.8204,0.5086,-0.2000,0.60000,1634.615,1318,increasing,rolling,1596.141,1287,1596.185,3.676,0,0,1783745395.184610605,0.900150,0.488475,1.044462,-0.202906,,,,0.099965,1.017023,0.000000,0.000000,1.475,0.665
reverse,9,24.8421,0.5303,-0.2000,0.60000,1634.615,1318,increasing,rolling,1596.141,1287,1596.185,3.676,0,0,1783745395.184610605,0.900150,0.488475,1.044462,-0.202906,,,,0.099965,1.017023,0.000000,0.000000,1.475,0.665
reverse,9,24.8637,0.5519,-0.2000,0.60000,1634.615,1318,increasing,rolling,1596.141,1287,1596.185,3.676,0,0,1783745395.184610605,0.900150,0.488475,1.044462,-0.202906,,,,0.099965,1.017023,0.000000,0.000000,1.458,0.673
reverse,9,24.8842,0.5724,-0.2000,0.60000,1634.615,1318,increasing,rolling,1596.141,1287,1596.185,3.676,0,0,1783745395.184610605,0.900150,0.488475,1.044462,-0.202906,,,,0.099965,1.017023,0.000000,0.000000,1.458,0.673
reverse,9,24.9064,0.5946,-0.2000,0.60000,1634.615,1318,increasing,rolling,1596.556,1288,1596.247,3.738,1,6,1783745395.284980059,0.894408,0.479184,1.037464,-0.179377,-0.0109191,-0.0069981,0.6409072,0.110884,1.027942,0.000000,0.000000,1.458,0.673
reverse,9,24.9082,0.5965,-0.2000,0.60000,1634.615,1318,increasing,rolling,1596.556,1288,1596.247,3.738,0,0,1783745395.284980059,0.894408,0.479184,1.037464,-0.179377,,,,0.110884,1.027942,0.000000,0.000000,1.458,0.673
reverse,9,24.9298,0.6180,-0.2000,0.60000,1634.615,1318,increasing,rolling,1596.556,1288,1596.247,3.738,0,0,1783745395.284980059,0.894408,0.479184,1.037464,-0.179377,,,,0.110884,1.027942,0.000000,0.000000,1.458,0.673
reverse,9,24.9513,0.6396,-0.2000,0.60000,1634.615,1318,increasing,rolling,1596.556,1288,1596.247,3.738,0,0,1783745395.284980059,0.894408,0.479184,1.037464,-0.179377,,,,0.110884,1.027942,0.000000,0.000000,1.458,0.673
reverse,9,24.9729,0.6612,-0.2000,0.60000,1634.615,1318,increasing,rolling,1596.556,1288,1596.247,3.738,0,0,1783745395.284980059,0.894408,0.479184,1.037464,-0.179377,,,,0.110884,1.027942,0.000000,0.000000,1.441,0.693
reverse,9,24.9827,0.6709,-0.2000,0.60000,1634.615,1318,increasing,rolling,1596.847,1288,1596.347,3.839,1,7,1783745395.385457993,0.888313,0.467785,1.030253,-0.166660,-0.0129121,-0.0072107,0.5584462,0.123796,1.040854,0.000000,0.000000,1.441,0.693
reverse,9,24.9975,0.6857,-0.2000,0.60000,1634.615,1318,increasing,rolling,1596.847,1288,1596.347,3.839,0,0,1783745395.385457993,0.888313,0.467785,1.030253,-0.166660,,,,0.123796,1.040854,0.000000,0.000000,1.441,0.693
reverse,9,25.0198,0.7080,-0.2000,0.60000,1634.615,1318,increasing,rolling,1596.847,1288,1596.347,3.839,0,0,1783745395.385457993,0.888313,0.467785,1.030253,-0.166660,,,,0.123796,1.040854,0.000000,0.000000,1.441,0.693
reverse,9,25.0420,0.7302,-0.2000,0.60000,1634.615,1318,increasing,rolling,1596.847,1288,1596.347,3.839,0,0,1783745395.385457993,0.888313,0.467785,1.030253,-0.166660,,,,0.123796,1.040854,0.000000,0.000000,1.441,0.693
reverse,9,25.0637,0.7519,-0.2000,0.60000,1634.615,1318,increasing,rolling,1596.847,1288,1596.347,3.839,0,0,1783745395.385457993,0.888313,0.467785,1.030253,-0.166660,,,,0.123796,1.040854,0.000000,0.000000,1.424,0.706
reverse,9,25.0826,0.7708,-0.2000,0.60000,1634.615,1318,increasing,rolling,1596.847,1288,1596.347,3.839,0,0,1783745395.385457993,0.888313,0.467785,1.030253,-0.166660,,,,0.123796,1.040854,0.000000,0.000000,1.424,0.706
reverse,9,25.1044,0.7927,-0.2000,0.60000,1634.615,1318,increasing,rolling,1596.594,1288,1596.388,3.879,1,8,1783745395.483458042,0.878369,0.445725,1.021761,-0.186270,-0.0240198,-0.0084924,0.3535574,0.147816,1.064874,-0.024020,-0.008492,1.424,0.706
reverse,9,25.1088,0.7971,-0.2000,0.60000,1634.615,1318,increasing,rolling,1596.594,1288,1596.388,3.879,0,0,1783745395.483458042,0.878369,0.445725,1.021761,-0.186270,,,,0.147816,1.064874,-0.024020,-0.008492,1.424,0.706
reverse,9,25.1305,0.8187,-0.2000,0.60000,1634.615,1318,increasing,rolling,1596.594,1288,1596.388,3.879,0,0,1783745395.483458042,0.878369,0.445725,1.021761,-0.186270,,,,0.147816,1.064874,-0.024020,-0.008492,1.424,0.706
reverse,9,25.1520,0.8402,-0.2000,0.60000,1634.615,1318,increasing,rolling,1596.594,1288,1596.388,3.879,0,0,1783745395.483458042,0.878369,0.445725,1.021761,-0.186270,,,,0.147816,1.064874,-0.024020,-0.008492,1.424,0.706
reverse,9,25.1736,0.8618,-0.2000,0.60000,1634.615,1318,increasing,rolling,1596.594,1288,1596.388,3.879,0,0,1783745395.483458042,0.878369,0.445725,1.021761,-0.186270,,,,0.147816,1.064874,-0.024020,-0.008492,1.402,0.725
reverse,9,25.1829,0.8712,-0.2000,0.60000,1634.615,1318,increasing,rolling,1596.329,1287,1596.378,3.869,1,9,1783745395.583782673,0.867857,0.422232,1.012752,-0.203274,-0.0255113,-0.0090087,0.3531258,0.173327,1.090385,-0.049531,-0.017501,1.402,0.725
reverse,9,25.1920,0.8802,-0.2000,0.60000,1634.615,1318,increasing,rolling,1596.329,1287,1596.378,3.869,0,0,1783745395.583782673,0.867857,0.422232,1.012752,-0.203274,,,,0.173327,1.090385,-0.049531,-0.017501,1.402,0.725
reverse,9,25.2136,0.9019,-0.2000,0.60000,1634.615,1318,increasing,rolling,1596.329,1287,1596.378,3.869,0,0,1783745395.583782673,0.867857,0.422232,1.012752,-0.203274,,,,0.173327,1.090385,-0.049531,-0.017501,1.402,0.725
reverse,9,25.2352,0.9234,-0.2000,0.60000,1634.615,1318,increasing,rolling,1596.329,1287,1596.378,3.869,0,0,1783745395.583782673,0.867857,0.422232,1.012752,-0.203274,,,,0.173327,1.090385,-0.049531,-0.017501,1.402,0.725
reverse,9,25.2567,0.9449,-0.2000,0.60000,1634.615,1318,increasing,rolling,1596.329,1287,1596.378,3.869,0,0,1783745395.583782673,0.867857,0.422232,1.012752,-0.203274,,,,0.173327,1.090385,-0.049531,-0.017501,1.402,0.725
reverse,9,25.2782,0.9664,-0.2000,0.60000,1634.615,1318,increasing,rolling,1596.329,1287,1596.378,3.869,0,0,1783745395.583782673,0.867857,0.422232,1.012752,-0.203274,,,,0.173327,1.090385,-0.049531,-0.017501,1.378,0.746
reverse,9,25.2808,0.9690,-0.2000,0.60000,1634.615,1318,increasing,rolling,1596.329,1287,1596.378,3.869,0,0,1783745395.583782673,0.867857,0.422232,1.012752,-0.203274,,,,0.173327,1.090385,-0.049531,-0.017501,1.378,0.746
reverse,9,25.3027,0.9910,-0.2000,0.60000,1634.615,1318,increasing,rolling,1596.164,1287,1596.342,3.833,1,10,1783745395.684273958,0.855316,0.401914,0.998286,-0.211850,-0.0238743,-0.0144662,0.6059309,0.197201,1.114259,-0.073405,-0.031967,1.378,0.746
reverse,9,25.3047,0.9930,-0.2000,0.60000,1634.615,1318,increasing,rolling,1596.164,1287,1596.342,3.833,0,0,1783745395.684273958,0.855316,0.401914,0.998286,-0.211850,,,,0.197201,1.114259,-0.073405,-0.031967,1.378,0.746
reverse,9,25.3263,1.0145,-0.2000,0.60000,1634.615,1318,increasing,rolling,1596.164,1287,1596.342,3.833,0,0,1783745395.684273958,0.855316,0.401914,0.998286,-0.211850,,,,0.197201,1.114259,-0.073405,-0.031967,1.378,0.746
reverse,9,25.3478,1.0360,-0.2000,0.60000,1634.615,1318,increasing,rolling,1596.164,1287,1596.342,3.833,0,0,1783745395.684273958,0.855316,0.401914,0.998286,-0.211850,,,,0.197201,1.114259,-0.073405,-0.031967,1.378,0.746
reverse,9,25.3693,1.0575,-0.2000,0.60000,1634.615,1318,increasing,rolling,1596.164,1287,1596.342,3.833,0,0,1783745395.684273958,0.855316,0.401914,0.998286,-0.211850,,,,0.197201,1.114259,-0.073405,-0.031967,1.352,0.763
reverse,9,25.3812,1.0694,-0.2000,0.60000,1634.615,1318,increasing,rolling,1596.220,1287,1596.322,3.813,1,11,1783745395.782047749,0.840334,0.389335,0.982619,-0.206791,-0.0187350,-0.0156670,0.8362438,0.215936,1.132994,-0.092140,-0.047634,1.352,0.763
reverse,9,25.3967,1.0849,-0.2000,0.60000,1634.615,1318,increasing,rolling,1596.220,1287,1596.322,3.813,0,0,1783745395.782047749,0.840334,0.389335,0.982619,-0.206791,,,,0.215936,1.132994,-0.092140,-0.047634,1.352,0.763
reverse,9,25.4183,1.1065,-0.2000,0.60000,1634.615,1318,increasing,rolling,1596.220,1287,1596.322,3.813,0,0,1783745395.782047749,0.840334,0.389335,0.982619,-0.206791,,,,0.215936,1.132994,-0.092140,-0.047634,1.352,0.763
reverse,9,25.4398,1.1280,-0.2000,0.60000,1634.615,1318,increasing,rolling,1596.220,1287,1596.322,3.813,0,0,1783745395.782047749,0.840334,0.389335,0.982619,-0.206791,,,,0.215936,1.132994,-0.092140,-0.047634,1.352,0.763
reverse,9,25.4614,1.1496,-0.2000,0.60000,1634.615,1318,increasing,rolling,1596.220,1287,1596.322,3.813,0,0,1783745395.782047749,0.840334,0.389335,0.982619,-0.206791,,,,0.215936,1.132994,-0.092140,-0.047634,1.332,0.785
reverse,9,25.4815,1.1697,-0.2000,0.60000,1634.615,1318,increasing,rolling,1596.323,1287,1596.322,3.814,1,12,1783745395.882373095,0.832427,0.372943,0.969408,-0.199965,-0.0180073,-0.0132109,0.7336456,0.233944,1.151002,-0.110148,-0.060845,1.332,0.785
reverse,9,25.5022,1.1904,-0.2000,0.60000,1634.615,1318,increasing,rolling,1596.323,1287,1596.322,3.814,0,0,1783745395.882373095,0.832427,0.372943,0.969408,-0.199965,,,,0.233944,1.151002,-0.110148,-0.060845,1.332,0.785
reverse,9,25.5238,1.2120,-0.2000,0.60000,1634.615,1318,increasing,rolling,1596.323,1287,1596.322,3.814,0,0,1783745395.882373095,0.832427,0.372943,0.969408,-0.199965,,,,0.233944,1.151002,-0.110148,-0.060845,1.332,0.785
reverse,9,25.5453,1.2335,-0.2000,0.60000,1634.615,1318,increasing,rolling,1596.323,1287,1596.322,3.814,0,0,1783745395.882373095,0.832427,0.372943,0.969408,-0.199965,,,,0.233944,1.151002,-0.110148,-0.060845,1.332,0.785
reverse,9,25.5668,1.2551,-0.2000,0.60000,1634.615,1318,increasing,rolling,1596.323,1287,1596.322,3.814,0,0,1783745395.882373095,0.832427,0.372943,0.969408,-0.199965,,,,0.233944,1.151002,-0.110148,-0.060845,1.314,0.805
reverse,9,25.5819,1.2701,-0.2000,0.60000,1634.615,1318,increasing,rolling,1596.414,1287,1596.338,3.829,1,13,1783745395.982747316,0.824307,0.356603,0.956190,-0.194933,-0.0180508,-0.0132178,0.7322555,0.251994,1.169052,-0.128198,-0.074063,1.314,0.805
reverse,9,25.5928,1.2811,-0.2000,0.60000,1634.615,1318,increasing,rolling,1596.414,1287,1596.338,3.829,0,0,1783745395.982747316,0.824307,0.356603,0.956190,-0.194933,,,,0.251994,1.169052,-0.128198,-0.074063,1.314,0.805
reverse,9,25.6145,1.3027,-0.2000,0.60000,1634.615,1318,increasing,rolling,1596.414,1287,1596.338,3.829,0,0,1783745395.982747316,0.824307,0.356603,0.956190,-0.194933,,,,0.251994,1.169052,-0.128198,-0.074063,1.314,0.805
reverse,9,25.6360,1.3242,-0.2000,0.60000,1634.615,1318,increasing,rolling,1596.414,1287,1596.338,3.829,0,0,1783745395.982747316,0.824307,0.356603,0.956190,-0.194933,,,,0.251994,1.169052,-0.128198,-0.074063,1.314,0.805
reverse,9,25.6576,1.3458,-0.2000,0.60000,1634.615,1318,increasing,rolling,1596.414,1287,1596.338,3.829,0,0,1783745395.982747316,0.824307,0.356603,0.956190,-0.194933,,,,0.251994,1.169052,-0.128198,-0.074063,1.314,0.805
reverse,9,25.6792,1.3674,-0.2000,0.60000,1634.615,1318,increasing,rolling,1596.414,1287,1596.338,3.829,0,0,1783745395.982747316,0.824307,0.356603,0.956190,-0.194933,,,,0.251994,1.169052,-0.128198,-0.074063,1.293,0.822
reverse,9,25.6826,1.3709,-0.2000,0.60000,1634.615,1318,increasing,rolling,1596.176,1287,1596.311,3.802,1,14,1783745396.083219290,0.805718,0.338884,0.947034,-0.208947,-0.0252175,-0.0091563,0.3630936,0.277212,1.194270,-0.153416,-0.083219,1.293,0.822
reverse,9,25.6978,1.3861,-0.2000,0.60000,1634.615,1318,increasing,rolling,1596.176,1287,1596.311,3.802,0,0,1783745396.083219290,0.805718,0.338884,0.947034,-0.208947,,,,0.277212,1.194270,-0.153416,-0.083219,1.293,0.822
reverse,9,25.7195,1.4077,-0.2000,0.60000,1634.615,1318,increasing,rolling,1596.176,1287,1596.311,3.802,0,0,1783745396.083219290,0.805718,0.338884,0.947034,-0.208947,,,,0.277212,1.194270,-0.153416,-0.083219,1.293,0.822
reverse,9,25.7411,1.4294,-0.2000,0.60000,1634.615,1318,increasing,rolling,1596.176,1287,1596.311,3.802,0,0,1783745396.083219290,0.805718,0.338884,0.947034,-0.208947,,,,0.277212,1.194270,-0.153416,-0.083219,1.293,0.822
reverse,9,25.7628,1.4511,-0.2000,0.60000,1634.615,1318,increasing,rolling,1596.176,1287,1596.311,3.802,0,0,1783745396.083219290,0.805718,0.338884,0.947034,-0.208947,,,,0.277212,1.194270,-0.153416,-0.083219,1.271,0.839
reverse,9,25.7825,1.4707,-0.2000,0.60000,1634.615,1318,increasing,rolling,1595.935,1287,1596.248,3.739,1,15,1783745396.183604717,0.791642,0.317262,0.937616,-0.220878,-0.0257660,-0.0094175,0.3655030,0.302978,1.220036,-0.179182,-0.092637,1.271,0.839
reverse,9,25.8027,1.4909,-0.2000,0.60000,1634.615,1318,increasing,rolling,1595.935,1287,1596.248,3.739,0,0,1783745396.183604717,0.791642,0.317262,0.937616,-0.220878,,,,0.302978,1.220036,-0.179182,-0.092637,1.271,0.839
reverse,9,25.8243,1.5125,-0.2000,0.60000,1634.615,1318,increasing,rolling,1595.935,1287,1596.248,3.739,0,0,1783745396.183604717,0.791642,0.317262,0.937616,-0.220878,,,,0.302978,1.220036,-0.179182,-0.092637,1.271,0.839
reverse,9,25.8458,1.5340,-0.2000,0.60000,1634.615,1318,increasing,rolling,1595.935,1287,1596.248,3.739,0,0,1783745396.183604717,0.791642,0.317262,0.937616,-0.220878,,,,0.302978,1.220036,-0.179182,-0.092637,1.271,0.839
reverse,9,25.8675,1.5557,-0.2000,0.60000,1634.615,1318,increasing,rolling,1595.935,1287,1596.248,3.739,0,0,1783745396.183604717,0.791642,0.317262,0.937616,-0.220878,,,,0.302978,1.220036,-0.179182,-0.092637,1.250,0.866
reverse,9,25.8829,1.5711,-0.2000,0.60000,1634.615,1318,increasing,rolling,1595.833,1287,1596.179,3.670,1,16,1783745396.283744812,0.779387,0.297747,0.927666,-0.223015,-0.0229749,-0.0099508,0.4331167,0.325953,1.243011,-0.202157,-0.102588,1.250,0.866
reverse,9,25.8929,1.5811,-0.2000,0.60000,1634.615,1318,increasing,rolling,1595.833,1287,1596.179,3.670,0,0,1783745396.283744812,0.779387,0.297747,0.927666,-0.223015,,,,0.325953,1.243011,-0.202157,-0.102588,1.250,0.866
reverse,9,25.9146,1.6028,-0.2000,0.60000,1634.615,1318,increasing,rolling,1595.833,1287,1596.179,3.670,0,0,1783745396.283744812,0.779387,0.297747,0.927666,-0.223015,,,,0.325953,1.243011,-0.202157,-0.102588,1.250,0.866
reverse,9,25.9362,1.6244,-0.2000,0.60000,1634.615,1318,increasing,rolling,1595.833,1287,1596.179,3.670,0,0,1783745396.283744812,0.779387,0.297747,0.927666,-0.223015,,,,0.325953,1.243011,-0.202157,-0.102588,1.250,0.866
reverse,9,25.9577,1.6459,-0.2000,0.60000,1634.615,1318,increasing,rolling,1595.833,1287,1596.179,3.670,0,0,1783745396.283744812,0.779387,0.297747,0.927666,-0.223015,,,,0.325953,1.243011,-0.202157,-0.102588,1.250,0.866
reverse,9,25.9793,1.6675,-0.2000,0.60000,1634.615,1318,increasing,rolling,1595.833,1287,1596.179,3.670,0,0,1783745396.283744812,0.779387,0.297747,0.927666,-0.223015,,,,0.325953,1.243011,-0.202157,-0.102588,1.225,0.885
reverse,9,25.9818,1.6700,-0.2000,0.60000,1634.615,1318,increasing,rolling,1595.695,1287,1596.098,3.589,1,17,1783745396.384225130,0.764037,0.279328,0.915975,-0.226854,-0.0239515,-0.0116911,0.4881156,0.349904,1.266962,-0.226108,-0.114279,1.225,0.885
reverse,9,25.9992,1.6874,-0.2000,0.60000,1634.615,1318,increasing,rolling,1595.695,1287,1596.098,3.589,0,0,1783745396.384225130,0.764037,0.279328,0.915975,-0.226854,,,,0.349904,1.266962,-0.226108,-0.114279,1.225,0.885
reverse,9,26.0208,1.7090,-0.2000,0.60000,1634.615,1318,increasing,rolling,1595.695,1287,1596.098,3.589,0,0,1783745396.384225130,0.764037,0.279328,0.915975,-0.226854,,,,0.349904,1.266962,-0.226108,-0.114279,1.225,0.885
reverse,9,26.0423,1.7306,-0.2000,0.60000,1634.615,1318,increasing,rolling,1595.695,1287,1596.098,3.589,0,0,1783745396.384225130,0.764037,0.279328,0.915975,-0.226854,,,,0.349904,1.266962,-0.226108,-0.114279,1.225,0.885
reverse,9,26.0642,1.7525,-0.2000,0.60000,1634.615,1318,increasing,rolling,1595.695,1287,1596.098,3.589,0,0,1783745396.384225130,0.764037,0.279328,0.915975,-0.226854,,,,0.349904,1.266962,-0.226108,-0.114279,1.201,0.898
reverse,9,26.0812,1.7694,-0.2000,0.60000,1634.615,1318,increasing,rolling,1595.484,1287,1595.997,3.488,1,18,1783745396.482012272,0.748397,0.259730,0.902416,-0.234240,-0.0250723,-0.0135589,0.5407911,0.374977,1.292034,-0.251181,-0.127838,1.201,0.898
reverse,9,26.0947,1.7830,-0.2000,0.60000,1634.615,1318,increasing,rolling,1595.484,1287,1595.997,3.488,0,0,1783745396.482012272,0.748397,0.259730,0.902416,-0.234240,,,,0.374977,1.292034,-0.251181,-0.127838,1.201,0.898
reverse,9,26.1166,1.8048,-0.2000,0.60000,1634.615,1318,increasing,rolling,1595.484,1287,1595.997,3.488,0,0,1783745396.482012272,0.748397,0.259730,0.902416,-0.234240,,,,0.374977,1.292034,-0.251181,-0.127838,1.201,0.898
reverse,9,26.1382,1.8264,-0.2000,0.60000,1634.615,1318,increasing,rolling,1595.484,1287,1595.997,3.488,0,0,1783745396.482012272,0.748397,0.259730,0.902416,-0.234240,,,,0.374977,1.292034,-0.251181,-0.127838,1.201,0.898
reverse,9,26.1598,1.8480,-0.2000,0.60000,1634.615,1318,increasing,rolling,1595.484,1287,1595.997,3.488,0,0,1783745396.482012272,0.748397,0.259730,0.902416,-0.234240,,,,0.374977,1.292034,-0.251181,-0.127838,1.184,0.915
reverse,9,26.1816,1.8698,-0.2000,0.60000,1634.615,1318,increasing,rolling,1595.559,1287,1595.924,3.415,1,19,1783745396.582278490,0.735404,0.245149,0.889616,-0.224307,-0.0195027,-0.0127996,0.6562996,0.394479,1.311537,-0.270683,-0.140637,1.184,0.915
reverse,9,26.1960,1.8842,-0.2000,0.60000,1634.615,1318,increasing,rolling,1595.559,1287,1595.924,3.415,0,0,1783745396.582278490,0.735404,0.245149,0.889616,-0.224307,,,,0.394479,1.311537,-0.270683,-0.140637,1.184,0.915
reverse,9,26.2177,1.9059,-0.2000,0.60000,1634.615,1318,increasing,rolling,1595.559,1287,1595.924,3.415,0,0,1783745396.582278490,0.735404,0.245149,0.889616,-0.224307,,,,0.394479,1.311537,-0.270683,-0.140637,1.184,0.915
reverse,9,26.2393,1.9275,-0.2000,0.60000,1634.615,1318,increasing,rolling,1595.559,1287,1595.924,3.415,0,0,1783745396.582278490,0.735404,0.245149,0.889616,-0.224307,,,,0.394479,1.311537,-0.270683,-0.140637,1.184,0.915
reverse,9,26.2608,1.9490,-0.2000,0.60000,1634.615,1318,increasing,rolling,1595.559,1287,1595.924,3.415,0,0,1783745396.582278490,0.735404,0.245149,0.889616,-0.224307,,,,0.394479,1.311537,-0.270683,-0.140637,1.166,0.935
reverse,9,26.2821,1.9704,-0.2000,0.60000,1634.615,1318,increasing,rolling,1595.762,1287,1595.897,3.388,1,20,1783745396.682921886,0.724323,0.233002,0.879900,-0.209012,-0.0164176,-0.0097161,0.5918102,0.410897,1.327955,-0.287101,-0.150353,1.166,0.935
reverse,9,26.3031,1.9914,-0.2000,0.60000,1634.615,1318,increasing,rolling,1595.762,1287,1595.897,3.388,0,0,1783745396.682921886,0.724323,0.233002,0.879900,-0.209012,,,,0.410897,1.327955,-0.287101,-0.150353,1.166,0.935
reverse,9,26.3248,2.0130,-0.2000,0.60000,1634.615,1318,increasing,rolling,1595.762,1287,1595.897,3.388,0,0,1783745396.682921886,0.724323,0.233002,0.879900,-0.209012,,,,0.410897,1.327955,-0.287101,-0.150353,1.166,0.935
reverse,9,26.3463,2.0345,-0.2000,0.60000,1634.615,1318,increasing,rolling,1595.762,1287,1595.897,3.388,0,0,1783745396.682921886,0.724323,0.233002,0.879900,-0.209012,,,,0.410897,1.327955,-0.287101,-0.150353,1.166,0.935
reverse,9,26.3679,2.0562,-0.2000,0.60000,1634.615,1318,increasing,rolling,1595.762,1287,1595.897,3.388,0,0,1783745396.682921886,0.724323,0.233002,0.879900,-0.209012,,,,0.410897,1.327955,-0.287101,-0.150353,1.146,0.964
reverse,9,26.3826,2.0708,-0.2000,0.60000,1634.615,1318,increasing,rolling,1595.692,1287,1595.863,3.354,1,21,1783745396.783380032,0.711812,0.214860,0.871647,-0.211374,-0.0219461,-0.0082525,0.3760365,0.432843,1.349901,-0.309047,-0.158606,1.146,0.964
reverse,9,26.4033,2.0915,-0.2000,0.60000,1634.615,1318,increasing,rolling,1595.692,1287,1595.863,3.354,0,0,1783745396.783380032,0.711812,0.214860,0.871647,-0.211374,,,,0.432843,1.349901,-0.309047,-0.158606,1.146,0.964
reverse,9,26.4249,2.1131,-0.2000,0.60000,1634.615,1318,increasing,rolling,1595.692,1287,1595.863,3.354,0,0,1783745396.783380032,0.711812,0.214860,0.871647,-0.211374,,,,0.432843,1.349901,-0.309047,-0.158606,1.146,0.964
reverse,9,26.4466,2.1349,-0.2000,0.60000,1634.615,1318,increasing,rolling,1595.692,1287,1595.863,3.354,0,0,1783745396.783380032,0.711812,0.214860,0.871647,-0.211374,,,,0.432843,1.349901,-0.309047,-0.158606,1.146,0.964
reverse,9,26.4683,2.1566,-0.2000,0.60000,1634.615,1318,increasing,rolling,1595.692,1287,1595.863,3.354,0,0,1783745396.783380032,0.711812,0.214860,0.871647,-0.211374,,,,0.432843,1.349901,-0.309047,-0.158606,1.125,0.971
reverse,9,26.4830,2.1712,-0.2000,0.60000,1634.615,1318,increasing,rolling,1595.879,1287,1595.865,3.357,1,22,1783745396.883701801,0.702309,0.201588,0.863082,-0.199071,-0.0162683,-0.0085653,0.5265003,0.449111,1.366169,-0.325315,-0.167171,1.125,0.971
reverse,9,26.5014,2.1897,-0.2000,0.60000,1634.615,1318,increasing,rolling,1595.879,1287,1595.865,3.357,0,0,1783745396.883701801,0.702309,0.201588,0.863082,-0.199071,,,,0.449111,1.366169,-0.325315,-0.167171,1.125,0.971
reverse,9,26.5231,2.2113,-0.2000,0.60000,1634.615,1318,increasing,rolling,1595.879,1287,1595.865,3.357,0,0,1783745396.883701801,0.702309,0.201588,0.863082,-0.199071,,,,0.449111,1.366169,-0.325315,-0.167171,1.125,0.971
reverse,9,26.5446,2.2328,-0.2000,0.60000,1634.615,1318,increasing,rolling,1595.879,1287,1595.865,3.357,0,0,1783745396.883701801,0.702309,0.201588,0.863082,-0.199071,,,,0.449111,1.366169,-0.325315,-0.167171,1.125,0.971
reverse,9,26.5661,2.2543,-0.2000,0.60000,1634.615,1318,increasing,rolling,1595.879,1287,1595.865,3.357,0,0,1783745396.883701801,0.702309,0.201588,0.863082,-0.199071,,,,0.449111,1.366169,-0.325315,-0.167171,1.107,1.001
reverse,9,26.5834,2.2716,-0.2000,0.60000,1634.615,1318,increasing,rolling,1595.828,1287,1595.859,3.350,1,23,1783745396.984273195,0.685694,0.187886,0.853376,-0.202079,-0.0212309,-0.0097061,0.4571687,0.470342,1.387400,-0.346546,-0.176877,1.107,1.001
reverse,10,26.6022,0.0000,-0.2000,-0.30000,1357.692,1095,decreasing,rolling,1595.828,1287,1595.859,3.350,0,0,1783745396.984273195,0.685694,0.187886,0.853376,-0.202079,,,,0.000000,1.387400,0.000000,0.000000,1.107,1.001
reverse,10,26.6239,0.0218,-0.2000,-0.30000,1357.692,1095,decreasing,rolling,1595.828,1287,1595.859,3.350,0,0,1783745396.984273195,0.685694,0.187886,0.853376,-0.202079,,,,0.000000,1.387400,0.000000,0.000000,1.107,1.001
reverse,10,26.6455,0.0434,-0.2000,-0.30000,1357.692,1095,decreasing,rolling,1595.828,1287,1595.859,3.350,0,0,1783745396.984273195,0.685694,0.187886,0.853376,-0.202079,,,,0.000000,1.387400,0.000000,0.000000,1.107,1.001
reverse,10,26.6672,0.0650,-0.2000,-0.30000,1357.692,1095,decreasing,rolling,1595.828,1287,1595.859,3.350,0,0,1783745396.984273195,0.685694,0.187886,0.853376,-0.202079,,,,0.000000,1.387400,0.000000,0.000000,1.090,1.016
reverse,10,26.6840,0.0818,-0.2000,-0.30000,1357.692,1095,decreasing,rolling,1595.947,1287,1595.874,3.365,1,1,1783745397.084674835,0.674199,0.174701,0.841211,-0.195114,-0.0174920,-0.0121649,0.6954524,0.017492,1.404892,0.000000,0.000000,1.090,1.016
reverse,10,26.6988,0.0967,-0.2000,-0.30000,1357.692,1095,decreasing,rolling,1595.947,1287,1595.874,3.365,0,0,1783745397.084674835,0.674199,0.174701,0.841211,-0.195114,,,,0.017492,1.404892,0.000000,0.000000,1.090,1.016
reverse,10,26.7204,0.1183,-0.2000,-0.30000,1357.692,1095,decreasing,rolling,1595.947,1287,1595.874,3.365,0,0,1783745397.084674835,0.674199,0.174701,0.841211,-0.195114,,,,0.017492,1.404892,0.000000,0.000000,1.090,1.016
reverse,10,26.7422,0.1401,-0.2000,-0.30000,1357.692,1095,decreasing,rolling,1595.947,1287,1595.874,3.365,0,0,1783745397.084674835,0.674199,0.174701,0.841211,-0.195114,,,,0.017492,1.404892,0.000000,0.000000,1.090,1.016
reverse,10,26.7638,0.1616,-0.2000,-0.30000,1357.692,1095,decreasing,rolling,1595.947,1287,1595.874,3.365,0,0,1783745397.084674835,0.674199,0.174701,0.841211,-0.195114,,,,0.017492,1.404892,0.000000,0.000000,1.069,1.040
reverse,10,26.7818,0.1797,-0.2000,-0.30000,1357.692,1095,decreasing,rolling,1595.845,1287,1595.869,3.360,1,2,1783745397.184896708,0.663547,0.154454,0.826695,-0.201594,-0.0221524,-0.0145159,0.6552734,0.039644,1.427045,0.000000,0.000000,1.069,1.040
reverse,10,26.7987,0.1966,-0.2000,-0.30000,1357.692,1095,decreasing,rolling,1595.845,1287,1595.869,3.360,0,0,1783745397.184896708,0.663547,0.154454,0.826695,-0.201594,,,,0.039644,1.427045,0.000000,0.000000,1.069,1.040
reverse,10,26.8203,0.2182,-0.2000,-0.30000,1357.692,1095,decreasing,rolling,1595.845,1287,1595.869,3.360,0,0,1783745397.184896708,0.663547,0.154454,0.826695,-0.201594,,,,0.039644,1.427045,0.000000,0.000000,1.069,1.040
reverse,10,26.8419,0.2397,-0.2000,-0.30000,1357.692,1095,decreasing,rolling,1595.845,1287,1595.869,3.360,0,0,1783745397.184896708,0.663547,0.154454,0.826695,-0.201594,,,,0.039644,1.427045,0.000000,0.000000,1.069,1.040
reverse,10,26.8634,0.2613,-0.2000,-0.30000,1357.692,1095,decreasing,rolling,1595.845,1287,1595.869,3.360,0,0,1783745397.184896708,0.663547,0.154454,0.826695,-0.201594,,,,0.039644,1.427045,0.000000,0.000000,1.049,1.027
reverse,10,26.8820,0.2799,-0.2000,-0.30000,1357.692,1095,decreasing,rolling,1595.572,1287,1595.820,3.311,1,3,1783745397.282936811,0.647856,0.134041,0.820059,-0.216570,-0.0256373,-0.0066367,0.2588692,0.065282,1.452682,0.000000,0.000000,1.049,1.027
reverse,10,26.9019,0.2998,-0.2000,-0.30000,1357.692,1095,decreasing,rolling,1595.572,1287,1595.820,3.311,0,0,1783745397.282936811,0.647856,0.134041,0.820059,-0.216570,,,,0.065282,1.452682,0.000000,0.000000,1.049,1.027
reverse,10,26.9235,0.3214,-0.2000,-0.30000,1357.692,1095,decreasing,rolling,1595.572,1287,1595.820,3.311,0,0,1783745397.282936811,0.647856,0.134041,0.820059,-0.216570,,,,0.065282,1.452682,0.000000,0.000000,1.049,1.027
reverse,10,26.9451,0.3430,-0.2000,-0.30000,1357.692,1095,decreasing,rolling,1595.572,1287,1595.820,3.311,0,0,1783745397.282936811,0.647856,0.134041,0.820059,-0.216570,,,,0.065282,1.452682,0.000000,0.000000,1.049,1.027
reverse,10,26.9667,0.3646,-0.2000,-0.30000,1357.692,1095,decreasing,rolling,1595.572,1287,1595.820,3.311,0,0,1783745397.282936811,0.647856,0.134041,0.820059,-0.216570,,,,0.065282,1.452682,0.000000,0.000000,1.030,1.026
reverse,10,26.9823,0.3801,-0.2000,-0.30000,1357.692,1095,decreasing,rolling,1595.572,1287,1595.820,3.311,0,0,1783745397.282936811,0.647856,0.134041,0.820059,-0.216570,,,,0.065282,1.452682,0.000000,0.000000,1.030,1.026
reverse,10,27.0043,0.4021,-0.2000,-0.30000,1357.692,1095,decreasing,rolling,1595.458,1287,1595.760,3.251,1,4,1783745397.383383751,0.632561,0.116619,0.821318,-0.220103,-0.0231734,0.0012592,-0.0543402,0.088455,1.475855,0.000000,0.000000,1.030,1.026
reverse,10,27.0063,0.4042,-0.2000,-0.30000,1357.692,1095,decreasing,rolling,1595.458,1287,1595.760,3.251,0,0,1783745397.383383751,0.632561,0.116619,0.821318,-0.220103,,,,0.088455,1.475855,0.000000,0.000000,1.030,1.026
reverse,10,27.0279,0.4258,-0.2000,-0.30000,1357.692,1095,decreasing,rolling,1595.458,1287,1595.760,3.251,0,0,1783745397.383383751,0.632561,0.116619,0.821318,-0.220103,,,,0.088455,1.475855,0.000000,0.000000,1.030,1.026
reverse,10,27.0494,0.4473,-0.2000,-0.30000,1357.692,1095,decreasing,rolling,1595.458,1287,1595.760,3.251,0,0,1783745397.383383751,0.632561,0.116619,0.821318,-0.220103,,,,0.088455,1.475855,0.000000,0.000000,1.030,1.026
reverse,10,27.0712,0.4691,-0.2000,-0.30000,1357.692,1095,decreasing,rolling,1595.458,1287,1595.760,3.251,0,0,1783745397.383383751,0.632561,0.116619,0.821318,-0.220103,,,,0.088455,1.475855,0.000000,0.000000,1.010,1.028
reverse,10,27.0828,0.4807,-0.2000,-0.30000,1357.692,1095,decreasing,rolling,1595.323,1287,1595.687,3.178,1,5,1783745397.483570337,0.613908,0.101570,0.826234,-0.224255,-0.0237150,0.0049161,-0.2072975,0.112170,1.499570,0.000000,0.000000,1.010,1.028
reverse,10,27.0981,0.4960,-0.2000,-0.30000,1357.692,1095,decreasing,rolling,1595.323,1287,1595.687,3.178,0,0,1783745397.483570337,0.613908,0.101570,0.826234,-0.224255,,,,0.112170,1.499570,0.000000,0.000000,1.010,1.028
reverse,10,27.1202,0.5180,-0.2000,-0.30000,1357.692,1095,decreasing,rolling,1595.323,1287,1595.687,3.178,0,0,1783745397.483570337,0.613908,0.101570,0.826234,-0.224255,,,,0.112170,1.499570,0.000000,0.000000,1.010,1.028
reverse,10,27.1420,0.5398,-0.2000,-0.30000,1357.692,1095,decreasing,rolling,1595.323,1287,1595.687,3.178,0,0,1783745397.483570337,0.613908,0.101570,0.826234,-0.224255,,,,0.112170,1.499570,0.000000,0.000000,1.010,1.028
reverse,10,27.1637,0.5616,-0.2000,-0.30000,1357.692,1095,decreasing,rolling,1595.323,1287,1595.687,3.178,0,0,1783745397.483570337,0.613908,0.101570,0.826234,-0.224255,,,,0.112170,1.499570,0.000000,0.000000,0.997,1.011
reverse,10,27.1833,0.5811,-0.2000,-0.30000,1357.692,1095,decreasing,rolling,1595.566,1287,1595.667,3.158,1,6,1783745397.583907366,0.603537,0.090111,0.829705,-0.206699,-0.0154553,0.0034714,-0.2246111,0.127625,1.515026,0.000000,0.000000,0.997,1.011
reverse,10,27.2006,0.5985,-0.2000,-0.30000,1357.692,1095,decreasing,rolling,1595.566,1287,1595.667,3.158,0,0,1783745397.583907366,0.603537,0.090111,0.829705,-0.206699,,,,0.127625,1.515026,0.000000,0.000000,0.997,1.011
reverse,10,27.2223,0.6202,-0.2000,-0.30000,1357.692,1095,decreasing,rolling,1595.566,1287,1595.667,3.158,0,0,1783745397.583907366,0.603537,0.090111,0.829705,-0.206699,,,,0.127625,1.515026,0.000000,0.000000,0.997,1.011
reverse,10,27.2440,0.6418,-0.2000,-0.30000,1357.692,1095,decreasing,rolling,1595.566,1287,1595.667,3.158,0,0,1783745397.583907366,0.603537,0.090111,0.829705,-0.206699,,,,0.127625,1.515026,0.000000,0.000000,0.997,1.011
reverse,10,27.2655,0.6634,-0.2000,-0.30000,1357.692,1095,decreasing,rolling,1595.566,1287,1595.667,3.158,0,0,1783745397.583907366,0.603537,0.090111,0.829705,-0.206699,,,,0.127625,1.515026,0.000000,0.000000,0.984,1.005
reverse,10,27.2835,0.6814,-0.2000,-0.30000,1357.692,1095,decreasing,rolling,1595.560,1287,1595.649,3.140,1,7,1783745397.684509039,0.588853,0.075790,0.832714,-0.205909,-0.0204762,0.0030085,-0.1469276,0.148102,1.535502,0.000000,0.000000,0.984,1.005
reverse,10,27.3027,0.7006,-0.2000,-0.30000,1357.692,1095,decreasing,rolling,1595.560,1287,1595.649,3.140,0,0,1783745397.684509039,0.588853,0.075790,0.832714,-0.205909,,,,0.148102,1.535502,0.000000,0.000000,0.984,1.005
reverse,10,27.3245,0.7223,-0.2000,-0.30000,1357.692,1095,decreasing,rolling,1595.560,1287,1595.649,3.140,0,0,1783745397.684509039,0.588853,0.075790,0.832714,-0.205909,,,,0.148102,1.535502,0.000000,0.000000,0.984,1.005
reverse,10,27.3461,0.7440,-0.2000,-0.30000,1357.692,1095,decreasing,rolling,1595.560,1287,1595.649,3.140,0,0,1783745397.684509039,0.588853,0.075790,0.832714,-0.205909,,,,0.148102,1.535502,0.000000,0.000000,0.984,1.005
reverse,10,27.3676,0.7655,-0.2000,-0.30000,1357.692,1095,decreasing,rolling,1595.560,1287,1595.649,3.140,0,0,1783745397.684509039,0.588853,0.075790,0.832714,-0.205909,,,,0.148102,1.535502,0.000000,0.000000,0.970,0.998
reverse,10,27.3842,0.7821,-0.2000,-0.30000,1357.692,1095,decreasing,rolling,1595.557,1287,1595.633,3.125,1,8,1783745397.784865141,0.574090,0.061703,0.840465,-0.205124,-0.0203492,0.0077516,-0.3809300,0.168451,1.555851,-0.020349,0.007752,0.970,0.998
reverse,10,27.3997,0.7976,-0.2000,-0.30000,1357.692,1095,decreasing,rolling,1595.557,1287,1595.633,3.125,0,0,1783745397.784865141,0.574090,0.061703,0.840465,-0.205124,,,,0.168451,1.555851,-0.020349,0.007752,0.970,0.998
reverse,10,27.4215,0.8194,-0.2000,-0.30000,1357.692,1095,decreasing,rolling,1595.557,1287,1595.633,3.125,0,0,1783745397.784865141,0.574090,0.061703,0.840465,-0.205124,,,,0.168451,1.555851,-0.020349,0.007752,0.970,0.998
reverse,10,27.4431,0.8409,-0.2000,-0.30000,1357.692,1095,decreasing,rolling,1595.557,1287,1595.633,3.125,0,0,1783745397.784865141,0.574090,0.061703,0.840465,-0.205124,,,,0.168451,1.555851,-0.020349,0.007752,0.970,0.998
reverse,10,27.4647,0.8626,-0.2000,-0.30000,1357.692,1095,decreasing,rolling,1595.557,1287,1595.633,3.125,0,0,1783745397.784865141,0.574090,0.061703,0.840465,-0.205124,,,,0.168451,1.555851,-0.020349,0.007752,0.957,1.011
reverse,10,27.4819,0.8798,-0.2000,-0.30000,1357.692,1095,decreasing,rolling,1595.576,1287,1595.624,3.115,1,9,1783745397.885099888,0.562109,0.045896,0.846816,-0.203160,-0.0197732,0.0063510,-0.3211907,0.188224,1.575624,-0.040122,0.014103,0.957,1.011
reverse,10,27.5009,0.8988,-0.2000,-0.30000,1357.692,1095,decreasing,rolling,1595.576,1287,1595.624,3.115,0,0,1783745397.885099888,0.562109,0.045896,0.846816,-0.203160,,,,0.188224,1.575624,-0.040122,0.014103,0.957,1.011
reverse,10,27.5226,0.9205,-0.2000,-0.30000,1357.692,1095,decreasing,rolling,1595.576,1287,1595.624,3.115,0,0,1783745397.885099888,0.562109,0.045896,0.846816,-0.203160,,,,0.188224,1.575624,-0.040122,0.014103,0.957,1.011
reverse,10,27.5441,0.9420,-0.2000,-0.30000,1357.692,1095,decreasing,rolling,1595.576,1287,1595.624,3.115,0,0,1783745397.885099888,0.562109,0.045896,0.846816,-0.203160,,,,0.188224,1.575624,-0.040122,0.014103,0.957,1.011
reverse,10,27.5656,0.9635,-0.2000,-0.30000,1357.692,1095,decreasing,rolling,1595.576,1287,1595.624,3.115,0,0,1783745397.885099888,0.562109,0.045896,0.846816,-0.203160,,,,0.188224,1.575624,-0.040122,0.014103,0.946,1.023
reverse,10,27.5822,0.9801,-0.2000,-0.30000,1357.692,1095,decreasing,rolling,1595.611,1287,1595.622,3.113,1,10,1783745397.983248234,0.550074,0.031215,0.852036,-0.200695,-0.0189722,0.0052193,-0.2751032,0.207196,1.594596,-0.059095,0.019322,0.946,1.023
reverse,10,27.6002,0.9981,-0.2000,-0.30000,1357.692,1095,decreasing,rolling,1595.611,1287,1595.622,3.113,0,0,1783745397.983248234,0.550074,0.031215,0.852036,-0.200695,,,,0.207196,1.594596,-0.059095,0.019322,0.946,1.023
reverse,10,27.6219,1.0198,-0.2000,-0.30000,1357.692,1095,decreasing,rolling,1595.611,1287,1595.622,3.113,0,0,1783745397.983248234,0.550074,0.031215,0.852036,-0.200695,,,,0.207196,1.594596,-0.059095,0.019322,0.946,1.023
reverse,10,27.6434,1.0413,-0.2000,-0.30000,1357.692,1095,decreasing,rolling,1595.611,1287,1595.622,3.113,0,0,1783745397.983248234,0.550074,0.031215,0.852036,-0.200695,,,,0.207196,1.594596,-0.059095,0.019322,0.946,1.023
reverse,10,27.6649,1.0628,-0.2000,-0.30000,1357.692,1095,decreasing,rolling,1595.611,1287,1595.622,3.113,0,0,1783745397.983248234,0.550074,0.031215,0.852036,-0.200695,,,,0.207196,1.594596,-0.059095,0.019322,0.941,1.040
reverse,10,27.6826,1.0805,-0.2000,-0.30000,1357.692,1095,decreasing,rolling,1595.867,1287,1595.663,3.154,1,11,1783745398.083464384,0.542564,0.018704,0.855419,-0.186357,-0.0143653,0.0033829,-0.2354910,0.221561,1.608962,-0.073460,0.022705,0.941,1.040
reverse,10,27.6988,1.0967,-0.2000,-0.30000,1357.692,1095,decreasing,rolling,1595.867,1287,1595.663,3.154,0,0,1783745398.083464384,0.542564,0.018704,0.855419,-0.186357,,,,0.221561,1.608962,-0.073460,0.022705,0.941,1.040
reverse,10,27.7204,1.1183,-0.2000,-0.30000,1357.692,1095,decreasing,rolling,1595.867,1287,1595.663,3.154,0,0,1783745398.083464384,0.542564,0.018704,0.855419,-0.186357,,,,0.221561,1.608962,-0.073460,0.022705,0.941,1.040
reverse,10,27.7420,1.1398,-0.2000,-0.30000,1357.692,1095,decreasing,rolling,1595.867,1287,1595.663,3.154,0,0,1783745398.083464384,0.542564,0.018704,0.855419,-0.186357,,,,0.221561,1.608962,-0.073460,0.022705,0.941,1.040
reverse,10,27.7635,1.1613,-0.2000,-0.30000,1357.692,1095,decreasing,rolling,1595.867,1287,1595.663,3.154,0,0,1783745398.083464384,0.542564,0.018704,0.855419,-0.186357,,,,0.221561,1.608962,-0.073460,0.022705,0.937,1.056
reverse,10,27.7831,1.1810,-0.2000,-0.30000,1357.692,1095,decreasing,rolling,1595.867,1287,1595.663,3.154,0,0,1783745398.083464384,0.542564,0.018704,0.855419,-0.186357,,,,0.221561,1.608962,-0.073460,0.022705,0.937,1.056
reverse,10,27.8050,1.2029,-0.2000,-0.30000,1357.692,1095,decreasing,rolling,1595.982,1287,1595.716,3.208,1,12,1783745398.183869362,0.534027,0.003519,0.856705,-0.182255,-0.0170638,0.0012866,-0.0753992,0.238625,1.626025,-0.090524,0.023991,0.937,1.056
reverse,10,27.8081,1.2060,-0.2000,-0.30000,1357.692,1095,decreasing,rolling,1595.982,1287,1595.716,3.208,0,0,1783745398.183869362,0.534027,0.003519,0.856705,-0.182255,,,,0.238625,1.626025,-0.090524,0.023991,0.937,1.056
reverse,10,27.8298,1.2276,-0.2000,-0.30000,1357.692,1095,decreasing,rolling,1595.982,1287,1595.716,3.208,0,0,1783745398.183869362,0.534027,0.003519,0.856705,-0.182255,,,,0.238625,1.626025,-0.090524,0.023991,0.937,1.056
reverse,10,27.8513,1.2492,-0.2000,-0.30000,1357.692,1095,decreasing,rolling,1595.982,1287,1595.716,3.208,0,0,1783745398.183869362,0.534027,0.003519,0.856705,-0.182255,,,,0.238625,1.626025,-0.090524,0.023991,0.937,1.056
reverse,10,27.8729,1.2707,-0.2000,-0.30000,1357.692,1095,decreasing,rolling,1595.982,1287,1595.716,3.208,0,0,1783745398.183869362,0.534027,0.003519,0.856705,-0.182255,,,,0.238625,1.626025,-0.090524,0.023991,0.937,1.072
reverse,10,27.8808,1.2787,-0.2000,-0.30000,1357.692,1095,decreasing,rolling,1595.980,1287,1595.760,3.252,1,13,1783745398.284418821,0.519831,-0.010084,0.865961,-0.185346,-0.0195685,0.0092557,-0.4729899,0.258194,1.645594,-0.110092,0.033247,0.937,1.072
reverse,10,27.8987,1.2966,-0.2000,-0.30000,1357.692,1095,decreasing,rolling,1595.980,1287,1595.760,3.252,0,0,1783745398.284418821,0.519831,-0.010084,0.865961,-0.185346,,,,0.258194,1.645594,-0.110092,0.033247,0.937,1.072
reverse,10,27.9204,1.3182,-0.2000,-0.30000,1357.692,1095,decreasing,rolling,1595.980,1287,1595.760,3.252,0,0,1783745398.284418821,0.519831,-0.010084,0.865961,-0.185346,,,,0.258194,1.645594,-0.110092,0.033247,0.937,1.072
reverse,10,27.9419,1.3398,-0.2000,-0.30000,1357.692,1095,decreasing,rolling,1595.980,1287,1595.760,3.252,0,0,1783745398.284418821,0.519831,-0.010084,0.865961,-0.185346,,,,0.258194,1.645594,-0.110092,0.033247,0.937,1.072
reverse,10,27.9634,1.3613,-0.2000,-0.30000,1357.692,1095,decreasing,rolling,1595.980,1287,1595.760,3.252,0,0,1783745398.284418821,0.519831,-0.010084,0.865961,-0.185346,,,,0.258194,1.645594,-0.110092,0.033247,0.934,1.084
reverse,10,27.9815,1.3794,-0.2000,-0.30000,1357.692,1095,decreasing,rolling,1596.031,1287,1595.805,3.296,1,14,1783745398.382215261,0.504639,-0.020759,0.873105,-0.184916,-0.0179580,0.0071438,-0.3978069,0.276152,1.663552,-0.128050,0.040391,0.934,1.084
reverse,10,27.9988,1.3966,-0.2000,-0.30000,1357.692,1095,decreasing,rolling,1596.031,1287,1595.805,3.296,0,0,1783745398.382215261,0.504639,-0.020759,0.873105,-0.184916,,,,0.276152,1.663552,-0.128050,0.040391,0.934,1.084
reverse,10,28.0204,1.4183,-0.2000,-0.30000,1357.692,1095,decreasing,rolling,1596.031,1287,1595.805,3.296,0,0,1783745398.382215261,0.504639,-0.020759,0.873105,-0.184916,,,,0.276152,1.663552,-0.128050,0.040391,0.934,1.084
reverse,10,28.0420,1.4399,-0.2000,-0.30000,1357.692,1095,decreasing,rolling,1596.031,1287,1595.805,3.296,0,0,1783745398.382215261,0.504639,-0.020759,0.873105,-0.184916,,,,0.276152,1.663552,-0.128050,0.040391,0.934,1.084
reverse,10,28.0636,1.4615,-0.2000,-0.30000,1357.692,1095,decreasing,rolling,1596.031,1287,1595.805,3.296,0,0,1783745398.382215261,0.504639,-0.020759,0.873105,-0.184916,,,,0.276152,1.663552,-0.128050,0.040391,0.922,1.095
reverse,10,28.0790,1.4769,-0.2000,-0.30000,1357.692,1095,decreasing,rolling,1596.217,1287,1595.874,3.365,1,15,1783745398.482762098,0.495151,-0.032976,0.879121,-0.177125,-0.0154594,0.0060164,-0.3891745,0.291611,1.679011,-0.143510,0.046407,0.922,1.095
reverse,10,28.0945,1.4923,-0.2000,-0.30000,1357.692,1095,decreasing,rolling,1596.217,1287,1595.874,3.365,0,0,1783745398.482762098,0.495151,-0.032976,0.879121,-0.177125,,,,0.291611,1.679011,-0.143510,0.046407,0.922,1.095
reverse,10,28.1161,1.5139,-0.2000,-0.30000,1357.692,1095,decreasing,rolling,1596.217,1287,1595.874,3.365,0,0,1783745398.482762098,0.495151,-0.032976,0.879121,-0.177125,,,,0.291611,1.679011,-0.143510,0.046407,0.922,1.095
reverse,10,28.1378,1.5356,-0.2000,-0.30000,1357.692,1095,decreasing,rolling,1596.217,1287,1595.874,3.365,0,0,1783745398.482762098,0.495151,-0.032976,0.879121,-0.177125,,,,0.291611,1.679011,-0.143510,0.046407,0.922,1.095
reverse,10,28.1593,1.5572,-0.2000,-0.30000,1357.692,1095,decreasing,rolling,1596.217,1287,1595.874,3.365,0,0,1783745398.482762098,0.495151,-0.032976,0.879121,-0.177125,,,,0.291611,1.679011,-0.143510,0.046407,0.919,1.111
reverse,10,28.1793,1.5772,-0.2000,-0.30000,1357.692,1095,decreasing,rolling,1596.303,1287,1595.944,3.435,1,16,1783745398.580358028,0.484746,-0.046275,0.885586,-0.176085,-0.0168805,0.0064653,-0.3830011,0.308492,1.695892,-0.160390,0.052873,0.919,1.111
reverse,10,28.1920,1.5899,-0.2000,-0.30000,1357.692,1095,decreasing,rolling,1596.303,1287,1595.944,3.435,0,0,1783745398.580358028,0.484746,-0.046275,0.885586,-0.176085,,,,0.308492,1.695892,-0.160390,0.052873,0.919,1.111
reverse,10,28.2138,1.6116,-0.2000,-0.30000,1357.692,1095,decreasing,rolling,1596.303,1287,1595.944,3.435,0,0,1783745398.580358028,0.484746,-0.046275,0.885586,-0.176085,,,,0.308492,1.695892,-0.160390,0.052873,0.919,1.111
reverse,10,28.2353,1.6332,-0.2000,-0.30000,1357.692,1095,decreasing,rolling,1596.303,1287,1595.944,3.435,0,0,1783745398.580358028,0.484746,-0.046275,0.885586,-0.176085,,,,0.308492,1.695892,-0.160390,0.052873,0.919,1.111
reverse,10,28.2568,1.6547,-0.2000,-0.30000,1357.692,1095,decreasing,rolling,1596.303,1287,1595.944,3.435,0,0,1783745398.580358028,0.484746,-0.046275,0.885586,-0.176085,,,,0.308492,1.695892,-0.160390,0.052873,0.914,1.125
reverse,10,28.2776,1.6754,-0.2000,-0.30000,1357.692,1095,decreasing,rolling,1596.421,1287,1596.023,3.515,1,17,1783745398.680609941,0.474369,-0.059255,0.891762,-0.173504,-0.0166178,0.0061757,-0.3716321,0.325110,1.712510,-0.177008,0.059048,0.914,1.125
reverse,10,28.2871,1.6849,-0.2000,-0.30000,1357.692,1095,decreasing,rolling,1596.421,1287,1596.023,3.515,0,0,1783745398.680609941,0.474369,-0.059255,0.891762,-0.173504,,,,0.325110,1.712510,-0.177008,0.059048,0.914,1.125
reverse,10,28.3087,1.7066,-0.2000,-0.30000,1357.692,1095,decreasing,rolling,1596.421,1287,1596.023,3.515,0,0,1783745398.680609941,0.474369,-0.059255,0.891762,-0.173504,,,,0.325110,1.712510,-0.177008,0.059048,0.914,1.125
reverse,10,28.3303,1.7282,-0.2000,-0.30000,1357.692,1095,decreasing,rolling,1596.421,1287,1596.023,3.515,0,0,1783745398.680609941,0.474369,-0.059255,0.891762,-0.173504,,,,0.325110,1.712510,-0.177008,0.059048,0.914,1.125
reverse,10,28.3519,1.7497,-0.2000,-0.30000,1357.692,1095,decreasing,rolling,1596.421,1287,1596.023,3.515,0,0,1783745398.680609941,0.474369,-0.059255,0.891762,-0.173504,,,,0.325110,1.712510,-0.177008,0.059048,0.914,1.125
reverse,10,28.3734,1.7713,-0.2000,-0.30000,1357.692,1095,decreasing,rolling,1596.421,1287,1596.023,3.515,0,0,1783745398.680609941,0.474369,-0.059255,0.891762,-0.173504,,,,0.325110,1.712510,-0.177008,0.059048,0.899,1.140
reverse,10,28.3779,1.7758,-0.2000,-0.30000,1357.692,1095,decreasing,rolling,1596.505,1288,1596.103,3.594,1,18,1783745398.778749704,0.464299,-0.072823,0.897494,-0.173139,-0.0168845,0.0057318,-0.3394720,0.341994,1.729394,-0.193892,0.064780,0.899,1.140
reverse,10,28.3867,1.7846,-0.2000,-0.30000,1357.692,1095,decreasing,rolling,1596.505,1288,1596.103,3.594,0,0,1783745398.778749704,0.464299,-0.072823,0.897494,-0.173139,,,,0.341994,1.729394,-0.193892,0.064780,0.899,1.140
reverse,10,28.4084,1.8063,-0.2000,-0.30000,1357.692,1095,decreasing,rolling,1596.505,1288,1596.103,3.594,0,0,1783745398.778749704,0.464299,-0.072823,0.897494,-0.173139,,,,0.341994,1.729394,-0.193892,0.064780,0.899,1.140
reverse,10,28.4300,1.8278,-0.2000,-0.30000,1357.692,1095,decreasing,rolling,1596.505,1288,1596.103,3.594,0,0,1783745398.778749704,0.464299,-0.072823,0.897494,-0.173139,,,,0.341994,1.729394,-0.193892,0.064780,0.899,1.140
reverse,10,28.4515,1.8494,-0.2000,-0.30000,1357.692,1095,decreasing,rolling,1596.505,1288,1596.103,3.594,0,0,1783745398.778749704,0.464299,-0.072823,0.897494,-0.173139,,,,0.341994,1.729394,-0.193892,0.064780,0.899,1.140
reverse,10,28.4731,1.8710,-0.2000,-0.30000,1357.692,1095,decreasing,rolling,1596.505,1288,1596.103,3.594,0,0,1783745398.778749704,0.464299,-0.072823,0.897494,-0.173139,,,,0.341994,1.729394,-0.193892,0.064780,0.893,1.156
reverse,10,28.4781,1.8760,-0.2000,-0.30000,1357.692,1095,decreasing,rolling,1596.505,1288,1596.103,3.594,0,0,1783745398.778749704,0.464299,-0.072823,0.897494,-0.173139,,,,0.341994,1.729394,-0.193892,0.064780,0.893,1.156
reverse,10,28.5000,1.8978,-0.2000,-0.30000,1357.692,1095,decreasing,rolling,1596.829,1288,1596.224,3.715,1,19,1783745398.879146099,0.454887,-0.080630,0.899929,-0.159659,-0.0119691,0.0024348,-0.2034265,0.353963,1.741363,-0.205862,0.067215,0.893,1.156
reverse,10,28.5019,1.8997,-0.2000,-0.30000,1357.692,1095,decreasing,rolling,1596.829,1288,1596.224,3.715,0,0,1783745398.879146099,0.454887,-0.080630,0.899929,-0.159659,,,,0.353963,1.741363,-0.205862,0.067215,0.893,1.156
reverse,10,28.5235,1.9214,-0.2000,-0.30000,1357.692,1095,decreasing,rolling,1596.829,1288,1596.224,3.715,0,0,1783745398.879146099,0.454887,-0.080630,0.899929,-0.159659,,,,0.353963,1.741363,-0.205862,0.067215,0.893,1.156
reverse,10,28.5450,1.9429,-0.2000,-0.30000,1357.692,1095,decreasing,rolling,1596.829,1288,1596.224,3.715,0,0,1783745398.879146099,0.454887,-0.080630,0.899929,-0.159659,,,,0.353963,1.741363,-0.205862,0.067215,0.893,1.156
reverse,10,28.5666,1.9644,-0.2000,-0.30000,1357.692,1095,decreasing,rolling,1596.829,1288,1596.224,3.715,0,0,1783745398.879146099,0.454887,-0.080630,0.899929,-0.159659,,,,0.353963,1.741363,-0.205862,0.067215,0.890,1.174
reverse,10,28.5786,1.9765,-0.2000,-0.30000,1357.692,1095,decreasing,rolling,1596.829,1288,1596.224,3.715,0,0,1783745398.879146099,0.454887,-0.080630,0.899929,-0.159659,,,,0.353963,1.741363,-0.205862,0.067215,0.890,1.174
reverse,10,28.6010,1.9988,-0.2000,-0.30000,1357.692,1095,decreasing,rolling,1596.647,1288,1596.295,3.786,1,20,1783745398.979471922,0.444205,-0.101230,0.906323,-0.176536,-0.0227908,0.0063941,-0.2805557,0.376754,1.764154,-0.228652,0.073609,0.890,1.174
reverse,10,28.6077,2.0056,-0.2000,-0.30000,1357.692,1095,decreasing,rolling,1596.647,1288,1596.295,3.786,0,0,1783745398.979471922,0.444205,-0.101230,0.906323,-0.176536,,,,0.376754,1.764154,-0.228652,0.073609,0.890,1.174
reverse,10,28.6293,2.0272,-0.2000,-0.30000,1357.692,1095,decreasing,rolling,1596.647,1288,1596.295,3.786,0,0,1783745398.979471922,0.444205,-0.101230,0.906323,-0.176536,,,,0.376754,1.764154,-0.228652,0.073609,0.890,1.174
reverse,10,28.6508,2.0487,-0.2000,-0.30000,1357.692,1095,decreasing,rolling,1596.647,1288,1596.295,3.786,0,0,1783745398.979471922,0.444205,-0.101230,0.906323,-0.176536,,,,0.376754,1.764154,-0.228652,0.073609,0.890,1.174
reverse,10,28.6723,2.0702,-0.2000,-0.30000,1357.692,1095,decreasing,rolling,1596.647,1288,1596.295,3.786,0,0,1783745398.979471922,0.444205,-0.101230,0.906323,-0.176536,,,,0.376754,1.764154,-0.228652,0.073609,0.881,1.194
reverse,10,28.6789,2.0768,-0.2000,-0.30000,1357.692,1095,decreasing,rolling,1596.541,1288,1596.336,3.827,1,21,1783745399.079902887,0.433195,-0.120119,0.913298,-0.186342,-0.0216691,0.0069753,-0.3219028,0.398423,1.785823,-0.250321,0.080584,0.881,1.194
reverse,10,28.6887,2.0865,-0.2000,-0.30000,1357.692,1095,decreasing,rolling,1596.541,1288,1596.336,3.827,0,0,1783745399.079902887,0.433195,-0.120119,0.913298,-0.186342,,,,0.398423,1.785823,-0.250321,0.080584,0.881,1.194
reverse,10,28.7105,2.1084,-0.2000,-0.30000,1357.692,1095,decreasing,rolling,1596.541,1288,1596.336,3.827,0,0,1783745399.079902887,0.433195,-0.120119,0.913298,-0.186342,,,,0.398423,1.785823,-0.250321,0.080584,0.881,1.194
reverse,10,28.7320,2.1299,-0.2000,-0.30000,1357.692,1095,decreasing,rolling,1596.541,1288,1596.336,3.827,0,0,1783745399.079902887,0.433195,-0.120119,0.913298,-0.186342,,,,0.398423,1.785823,-0.250321,0.080584,0.881,1.194
reverse,10,28.7535,2.1514,-0.2000,-0.30000,1357.692,1095,decreasing,rolling,1596.541,1288,1596.336,3.827,0,0,1783745399.079902887,0.433195,-0.120119,0.913298,-0.186342,,,,0.398423,1.785823,-0.250321,0.080584,0.881,1.194
reverse,10,28.7753,2.1732,-0.2000,-0.30000,1357.692,1095,decreasing,rolling,1596.541,1288,1596.336,3.827,0,0,1783745399.079902887,0.433195,-0.120119,0.913298,-0.186342,,,,0.398423,1.785823,-0.250321,0.080584,0.880,1.214
reverse,10,28.7791,2.1770,-0.2000,-0.30000,1357.692,1095,decreasing,rolling,1596.454,1287,1596.356,3.847,1,22,1783745399.180294991,0.417669,-0.135365,0.919295,-0.193414,-0.0215472,0.0059969,-0.2783157,0.419970,1.807370,-0.271869,0.086581,0.880,1.214
reverse,10,28.7931,2.1909,-0.2000,-0.30000,1357.692,1095,decreasing,rolling,1596.454,1287,1596.356,3.847,0,0,1783745399.180294991,0.417669,-0.135365,0.919295,-0.193414,,,,0.419970,1.807370,-0.271869,0.086581,0.880,1.214
reverse,10,28.8147,2.2126,-0.2000,-0.30000,1357.692,1095,decreasing,rolling,1596.454,1287,1596.356,3.847,0,0,1783745399.180294991,0.417669,-0.135365,0.919295,-0.193414,,,,0.419970,1.807370,-0.271869,0.086581,0.880,1.214
reverse,10,28.8363,2.2342,-0.2000,-0.30000,1357.692,1095,decreasing,rolling,1596.454,1287,1596.356,3.847,0,0,1783745399.180294991,0.417669,-0.135365,0.919295,-0.193414,,,,0.419970,1.807370,-0.271869,0.086581,0.880,1.214
reverse,10,28.8578,2.2557,-0.2000,-0.30000,1357.692,1095,decreasing,rolling,1596.454,1287,1596.356,3.847,0,0,1783745399.180294991,0.417669,-0.135365,0.919295,-0.193414,,,,0.419970,1.807370,-0.271869,0.086581,0.868,1.235
reverse,10,28.8796,2.2775,-0.2000,-0.30000,1357.692,1095,decreasing,rolling,1596.165,1287,1596.324,3.815,1,23,1783745399.280491352,0.401434,-0.156024,0.927146,-0.210609,-0.0262707,0.0078512,-0.2988555,0.446241,1.833641,-0.298139,0.094432,0.868,1.235
reverse,10,28.8987,2.2966,-0.2000,-0.30000,1357.692,1095,decreasing,rolling,1596.165,1287,1596.324,3.815,0,0,1783745399.280491352,0.401434,-0.156024,0.927146,-0.210609,,,,0.446241,1.833641,-0.298139,0.094432,0.868,1.235
reverse,10,28.9203,2.3182,-0.2000,-0.30000,1357.692,1095,decreasing,rolling,1596.165,1287,1596.324,3.815,0,0,1783745399.280491352,0.401434,-0.156024,0.927146,-0.210609,,,,0.446241,1.833641,-0.298139,0.094432,0.868,1.235
reverse,10,28.9418,2.3397,-0.2000,-0.30000,1357.692,1095,decreasing,rolling,1596.165,1287,1596.324,3.815,0,0,1783745399.280491352,0.401434,-0.156024,0.927146,-0.210609,,,,0.446241,1.833641,-0.298139,0.094432,0.868,1.235
reverse,10,28.9633,2.3612,-0.2000,-0.30000,1357.692,1095,decreasing,rolling,1596.165,1287,1596.324,3.815,0,0,1783745399.280491352,0.401434,-0.156024,0.927146,-0.210609,,,,0.446241,1.833641,-0.298139,0.094432,0.853,1.256
reverse,10,28.9776,2.3755,-0.2000,-0.30000,1357.692,1095,decreasing,rolling,1596.135,1287,1596.292,3.783,1,24,1783745399.380900621,0.389945,-0.173761,0.936316,-0.210465,-0.0210893,0.0091698,-0.4348059,0.467330,1.854730,-0.319229,0.103602,0.853,1.256
reverse,11,28.9941,0.0000,-0.2000,0.30000,1542.308,1244,increasing,rolling,1596.135,1287,1596.292,3.783,0,0,1783745399.380900621,0.389945,-0.173761,0.936316,-0.210465,,,,0.000000,1.854730,0.000000,0.000000,0.853,1.256
reverse,11,29.0158,0.0217,-0.2000,0.30000,1542.308,1244,increasing,rolling,1596.135,1287,1596.292,3.783,0,0,1783745399.380900621,0.389945,-0.173761,0.936316,-0.210465,,,,0.000000,1.854730,0.000000,0.000000,0.853,1.256
reverse,11,29.0374,0.0433,-0.2000,0.30000,1542.308,1244,increasing,rolling,1596.135,1287,1596.292,3.783,0,0,1783745399.380900621,0.389945,-0.173761,0.936316,-0.210465,,,,0.000000,1.854730,0.000000,0.000000,0.853,1.256
reverse,11,29.0590,0.0649,-0.2000,0.30000,1542.308,1244,increasing,rolling,1596.135,1287,1596.292,3.783,0,0,1783745399.380900621,0.389945,-0.173761,0.936316,-0.210465,,,,0.000000,1.854730,0.000000,0.000000,0.837,1.272
reverse,11,29.0781,0.0840,-0.2000,0.30000,1542.308,1244,increasing,rolling,1596.062,1287,1596.255,3.746,1,1,1783745399.479007959,0.377110,-0.191099,0.944548,-0.212816,-0.0215706,0.0082317,-0.3816187,0.021571,1.876301,0.000000,0.000000,0.837,1.272
reverse,11,29.0923,0.0982,-0.2000,0.30000,1542.308,1244,increasing,rolling,1596.062,1287,1596.255,3.746,0,0,1783745399.479007959,0.377110,-0.191099,0.944548,-0.212816,,,,0.021571,1.876301,0.000000,0.000000,0.837,1.272
reverse,11,29.1140,0.1199,-0.2000,0.30000,1542.308,1244,increasing,rolling,1596.062,1287,1596.255,3.746,0,0,1783745399.479007959,0.377110,-0.191099,0.944548,-0.212816,,,,0.021571,1.876301,0.000000,0.000000,0.837,1.272
reverse,11,29.1359,0.1418,-0.2000,0.30000,1542.308,1244,increasing,rolling,1596.062,1287,1596.255,3.746,0,0,1783745399.479007959,0.377110,-0.191099,0.944548,-0.212816,,,,0.021571,1.876301,0.000000,0.000000,0.837,1.272
reverse,11,29.1578,0.1636,-0.2000,0.30000,1542.308,1244,increasing,rolling,1596.062,1287,1596.255,3.746,0,0,1783745399.479007959,0.377110,-0.191099,0.944548,-0.212816,,,,0.021571,1.876301,0.000000,0.000000,0.823,1.294
reverse,11,29.1789,0.1848,-0.2000,0.30000,1542.308,1244,increasing,rolling,1596.067,1287,1596.223,3.714,1,2,1783745399.579375505,0.368992,-0.210362,0.953834,-0.210393,-0.0203873,0.0092860,-0.4554783,0.041958,1.896688,0.000000,0.000000,0.823,1.294
reverse,11,29.1959,0.2018,-0.2000,0.30000,1542.308,1244,increasing,rolling,1596.067,1287,1596.223,3.714,0,0,1783745399.579375505,0.368992,-0.210362,0.953834,-0.210393,,,,0.041958,1.896688,0.000000,0.000000,0.823,1.294
reverse,11,29.2178,0.2237,-0.2000,0.30000,1542.308,1244,increasing,rolling,1596.067,1287,1596.223,3.714,0,0,1783745399.579375505,0.368992,-0.210362,0.953834,-0.210393,,,,0.041958,1.896688,0.000000,0.000000,0.823,1.294
reverse,11,29.2393,0.2452,-0.2000,0.30000,1542.308,1244,increasing,rolling,1596.067,1287,1596.223,3.714,0,0,1783745399.579375505,0.368992,-0.210362,0.953834,-0.210393,,,,0.041958,1.896688,0.000000,0.000000,0.823,1.294
reverse,11,29.2609,0.2668,-0.2000,0.30000,1542.308,1244,increasing,rolling,1596.067,1287,1596.223,3.714,0,0,1783745399.579375505,0.368992,-0.210362,0.953834,-0.210393,,,,0.041958,1.896688,0.000000,0.000000,0.827,1.316
reverse,11,29.2788,0.2846,-0.2000,0.30000,1542.308,1244,increasing,rolling,1596.067,1287,1596.223,3.714,0,0,1783745399.579375505,0.368992,-0.210362,0.953834,-0.210393,,,,0.041958,1.896688,0.000000,0.000000,0.827,1.316
reverse,11,29.3009,0.3067,-0.2000,0.30000,1542.308,1244,increasing,rolling,1595.963,1287,1596.180,3.671,1,3,1783745399.679721117,0.357404,-0.230021,0.955433,-0.214451,-0.0227408,0.0015991,-0.0703195,0.064699,1.919429,0.000000,0.000000,0.827,1.316
reverse,11,29.3027,0.3086,-0.2000,0.30000,1542.308,1244,increasing,rolling,1595.963,1287,1596.180,3.671,0,0,1783745399.679721117,0.357404,-0.230021,0.955433,-0.214451,,,,0.064699,1.919429,0.000000,0.000000,0.827,1.316
reverse,11,29.3243,0.3302,-0.2000,0.30000,1542.308,1244,increasing,rolling,1595.963,1287,1596.180,3.671,0,0,1783745399.679721117,0.357404,-0.230021,0.955433,-0.214451,,,,0.064699,1.919429,0.000000,0.000000,0.827,1.316
reverse,11,29.3458,0.3517,-0.2000,0.30000,1542.308,1244,increasing,rolling,1595.963,1287,1596.180,3.671,0,0,1783745399.679721117,0.357404,-0.230021,0.955433,-0.214451,,,,0.064699,1.919429,0.000000,0.000000,0.827,1.316
reverse,11,29.3674,0.3733,-0.2000,0.30000,1542.308,1244,increasing,rolling,1595.963,1287,1596.180,3.671,0,0,1783745399.679721117,0.357404,-0.230021,0.955433,-0.214451,,,,0.064699,1.919429,0.000000,0.000000,0.820,1.340
reverse,11,29.3792,0.3851,-0.2000,0.30000,1542.308,1244,increasing,rolling,1595.963,1287,1596.180,3.671,0,0,1783745399.679721117,0.357404,-0.230021,0.955433,-0.214451,,,,0.064699,1.919429,0.000000,0.000000,0.820,1.340
reverse,11,29.4012,0.4070,-0.2000,0.30000,1542.308,1244,increasing,rolling,1595.759,1287,1596.109,3.601,1,4,1783745399.780045748,0.336639,-0.246055,0.951528,-0.223371,-0.0250941,-0.0039052,0.1556229,0.089793,1.944523,0.000000,0.000000,0.820,1.340
reverse,11,29.4034,0.4093,-0.2000,0.30000,1542.308,1244,increasing,rolling,1595.759,1287,1596.109,3.601,0,0,1783745399.780045748,0.336639,-0.246055,0.951528,-0.223371,,,,0.089793,1.944523,0.000000,0.000000,0.820,1.340
reverse,11,29.4250,0.4309,-0.2000,0.30000,1542.308,1244,increasing,rolling,1595.759,1287,1596.109,3.601,0,0,1783745399.780045748,0.336639,-0.246055,0.951528,-0.223371,,,,0.089793,1.944523,0.000000,0.000000,0.820,1.340
reverse,11,29.4465,0.4524,-0.2000,0.30000,1542.308,1244,increasing,rolling,1595.759,1287,1596.109,3.601,0,0,1783745399.780045748,0.336639,-0.246055,0.951528,-0.223371,,,,0.089793,1.944523,0.000000,0.000000,0.820,1.340
reverse,11,29.4681,0.4739,-0.2000,0.30000,1542.308,1244,increasing,rolling,1595.759,1287,1596.109,3.601,0,0,1783745399.780045748,0.336639,-0.246055,0.951528,-0.223371,,,,0.089793,1.944523,0.000000,0.000000,1.527,1.365
reverse,11,29.4799,0.4858,-0.2000,0.30000,1542.308,1244,increasing,rolling,1595.426,1287,1595.995,3.486,1,5,1783745399.880544424,0.323138,-0.271183,0.947667,-0.237907,-0.0282919,-0.0038605,0.1364541,0.118085,1.972815,0.000000,0.000000,1.527,1.365
reverse,11,29.4970,0.5029,-0.2000,0.30000,1542.308,1244,increasing,rolling,1595.426,1287,1595.995,3.486,0,0,1783745399.880544424,0.323138,-0.271183,0.947667,-0.237907,,,,0.118085,1.972815,0.000000,0.000000,1.527,1.365
reverse,11,29.5188,0.5247,-0.2000,0.30000,1542.308,1244,increasing,rolling,1595.426,1287,1595.995,3.486,0,0,1783745399.880544424,0.323138,-0.271183,0.947667,-0.237907,,,,0.118085,1.972815,0.000000,0.000000,1.527,1.365
reverse,11,29.5404,0.5463,-0.2000,0.30000,1542.308,1244,increasing,rolling,1595.426,1287,1595.995,3.486,0,0,1783745399.880544424,0.323138,-0.271183,0.947667,-0.237907,,,,0.118085,1.972815,0.000000,0.000000,1.527,1.365
reverse,11,29.5621,0.5680,-0.2000,0.30000,1542.308,1244,increasing,rolling,1595.426,1287,1595.995,3.486,0,0,1783745399.880544424,0.323138,-0.271183,0.947667,-0.237907,,,,0.118085,1.972815,0.000000,0.000000,1.503,1.385
reverse,11,29.5797,0.5856,-0.2000,0.30000,1542.308,1244,increasing,rolling,1595.349,1287,1595.887,3.378,1,6,1783745399.980968952,0.307393,-0.288262,0.942361,-0.235848,-0.0230646,-0.0053059,0.2300443,0.141149,1.995880,0.000000,0.000000,1.503,1.385
reverse,11,29.5956,0.6015,-0.2000,0.30000,1542.308,1244,increasing,rolling,1595.349,1287,1595.887,3.378,0,0,1783745399.980968952,0.307393,-0.288262,0.942361,-0.235848,,,,0.141149,1.995880,0.000000,0.000000,1.503,1.385
reverse,11,29.6173,0.6232,-0.2000,0.30000,1542.308,1244,increasing,rolling,1595.349,1287,1595.887,3.378,0,0,1783745399.980968952,0.307393,-0.288262,0.942361,-0.235848,,,,0.141149,1.995880,0.000000,0.000000,1.503,1.385
reverse,11,29.6388,0.6447,-0.2000,0.30000,1542.308,1244,increasing,rolling,1595.349,1287,1595.887,3.378,0,0,1783745399.980968952,0.307393,-0.288262,0.942361,-0.235848,,,,0.141149,1.995880,0.000000,0.000000,1.503,1.385
reverse,11,29.6603,0.6662,-0.2000,0.30000,1542.308,1244,increasing,rolling,1595.349,1287,1595.887,3.378,0,0,1783745399.980968952,0.307393,-0.288262,0.942361,-0.235848,,,,0.141149,1.995880,0.000000,0.000000,1.482,1.403
reverse,11,29.6802,0.6861,-0.2000,0.30000,1542.308,1244,increasing,rolling,1595.216,1286,1595.775,3.266,1,7,1783745400.081030130,0.295198,-0.309287,0.936972,-0.237277,-0.0241711,-0.0053896,0.2229786,0.165320,2.020051,0.000000,0.000000,1.482,1.403
reverse,11,29.6985,0.7043,-0.2000,0.30000,1542.308,1244,increasing,rolling,1595.216,1286,1595.775,3.266,0,0,1783745400.081030130,0.295198,-0.309287,0.936972,-0.237277,,,,0.165320,2.020051,0.000000,0.000000,1.482,1.403
reverse,11,29.7202,0.7261,-0.2000,0.30000,1542.308,1244,increasing,rolling,1595.216,1286,1595.775,3.266,0,0,1783745400.081030130,0.295198,-0.309287,0.936972,-0.237277,,,,0.165320,2.020051,0.000000,0.000000,1.482,1.403
reverse,11,29.7418,0.7477,-0.2000,0.30000,1542.308,1244,increasing,rolling,1595.216,1286,1595.775,3.266,0,0,1783745400.081030130,0.295198,-0.309287,0.936972,-0.237277,,,,0.165320,2.020051,0.000000,0.000000,1.482,1.403
reverse,11,29.7633,0.7692,-0.2000,0.30000,1542.308,1244,increasing,rolling,1595.216,1286,1595.775,3.266,0,0,1783745400.081030130,0.295198,-0.309287,0.936972,-0.237277,,,,0.165320,2.020051,0.000000,0.000000,1.466,1.423
reverse,11,29.7810,0.7869,-0.2000,0.30000,1542.308,1244,increasing,rolling,1595.340,1287,1595.702,3.194,1,8,1783745400.181492805,0.283636,-0.323838,0.933081,-0.224177,-0.0185732,-0.0038901,0.2094477,0.183894,2.038624,-0.018573,-0.003890,1.466,1.423
reverse,11,29.7952,0.8010,-0.2000,0.30000,1542.308,1244,increasing,rolling,1595.340,1287,1595.702,3.194,0,0,1783745400.181492805,0.283636,-0.323838,0.933081,-0.224177,,,,0.183894,2.038624,-0.018573,-0.003890,1.466,1.423
reverse,11,29.8168,0.8227,-0.2000,0.30000,1542.308,1244,increasing,rolling,1595.340,1287,1595.702,3.194,0,0,1783745400.181492805,0.283636,-0.323838,0.933081,-0.224177,,,,0.183894,2.038624,-0.018573,-0.003890,1.466,1.423
reverse,11,29.8383,0.8442,-0.2000,0.30000,1542.308,1244,increasing,rolling,1595.340,1287,1595.702,3.194,0,0,1783745400.181492805,0.283636,-0.323838,0.933081,-0.224177,,,,0.183894,2.038624,-0.018573,-0.003890,1.466,1.423
reverse,11,29.8598,0.8657,-0.2000,0.30000,1542.308,1244,increasing,rolling,1595.340,1287,1595.702,3.194,0,0,1783745400.181492805,0.283636,-0.323838,0.933081,-0.224177,,,,0.183894,2.038624,-0.018573,-0.003890,1.446,1.439
reverse,11,29.8788,0.8847,-0.2000,0.30000,1542.308,1244,increasing,rolling,1595.422,1287,1595.655,3.147,1,9,1783745400.281951904,0.275031,-0.341193,0.931693,-0.215577,-0.0190650,-0.0013887,0.0728417,0.202958,2.057689,-0.037638,-0.005279,1.446,1.439
reverse,11,29.8953,0.9012,-0.2000,0.30000,1542.308,1244,increasing,rolling,1595.422,1287,1595.655,3.147,0,0,1783745400.281951904,0.275031,-0.341193,0.931693,-0.215577,,,,0.202958,2.057689,-0.037638,-0.005279,1.446,1.439
reverse,11,29.9169,0.9228,-0.2000,0.30000,1542.308,1244,increasing,rolling,1595.422,1287,1595.655,3.147,0,0,1783745400.281951904,0.275031,-0.341193,0.931693,-0.215577,,,,0.202958,2.057689,-0.037638,-0.005279,1.446,1.439
reverse,11,29.9385,0.9443,-0.2000,0.30000,1542.308,1244,increasing,rolling,1595.422,1287,1595.655,3.147,0,0,1783745400.281951904,0.275031,-0.341193,0.931693,-0.215577,,,,0.202958,2.057689,-0.037638,-0.005279,1.446,1.439
reverse,11,29.9600,0.9659,-0.2000,0.30000,1542.308,1244,increasing,rolling,1595.422,1287,1595.655,3.147,0,0,1783745400.281951904,0.275031,-0.341193,0.931693,-0.215577,,,,0.202958,2.057689,-0.037638,-0.005279,1.428,1.459
reverse,11,29.9788,0.9847,-0.2000,0.30000,1542.308,1244,increasing,rolling,1595.417,1287,1595.616,3.107,1,10,1783745400.380046368,0.267345,-0.360739,0.926638,-0.213314,-0.0202588,-0.0050542,0.2494818,0.223217,2.077948,-0.057897,-0.010333,1.428,1.459
reverse,11,29.9973,1.0032,-0.2000,0.30000,1542.308,1244,increasing,rolling,1595.417,1287,1595.616,3.107,0,0,1783745400.380046368,0.267345,-0.360739,0.926638,-0.213314,,,,0.223217,2.077948,-0.057897,-0.010333,1.428,1.459
reverse,11,30.0192,1.0251,-0.2000,0.30000,1542.308,1244,increasing,rolling,1595.417,1287,1595.616,3.107,0,0,1783745400.380046368,0.267345,-0.360739,0.926638,-0.213314,,,,0.223217,2.077948,-0.057897,-0.010333,1.428,1.459
reverse,11,30.0411,1.0470,-0.2000,0.30000,1542.308,1244,increasing,rolling,1595.417,1287,1595.616,3.107,0,0,1783745400.380046368,0.267345,-0.360739,0.926638,-0.213314,,,,0.223217,2.077948,-0.057897,-0.010333,1.428,1.459
reverse,11,30.0629,1.0688,-0.2000,0.30000,1542.308,1244,increasing,rolling,1595.417,1287,1595.616,3.107,0,0,1783745400.380046368,0.267345,-0.360739,0.926638,-0.213314,,,,0.223217,2.077948,-0.057897,-0.010333,1.408,1.479
reverse,11,30.0792,1.0851,-0.2000,0.30000,1542.308,1244,increasing,rolling,1595.388,1287,1595.578,3.069,1,11,1783745400.480169296,0.255308,-0.378092,0.920862,-0.212674,-0.0211014,-0.0057765,0.2737512,0.244319,2.099049,-0.078998,-0.016110,1.408,1.479
reverse,11,30.0952,1.1011,-0.2000,0.30000,1542.308,1244,increasing,rolling,1595.388,1287,1595.578,3.069,0,0,1783745400.480169296,0.255308,-0.378092,0.920862,-0.212674,,,,0.244319,2.099049,-0.078998,-0.016110,1.408,1.479
reverse,11,30.1168,1.1227,-0.2000,0.30000,1542.308,1244,increasing,rolling,1595.388,1287,1595.578,3.069,0,0,1783745400.480169296,0.255308,-0.378092,0.920862,-0.212674,,,,0.244319,2.099049,-0.078998,-0.016110,1.408,1.479
reverse,11,30.1384,1.1442,-0.2000,0.30000,1542.308,1244,increasing,rolling,1595.388,1287,1595.578,3.069,0,0,1783745400.480169296,0.255308,-0.378092,0.920862,-0.212674,,,,0.244319,2.099049,-0.078998,-0.016110,1.408,1.479
reverse,11,30.1599,1.1658,-0.2000,0.30000,1542.308,1244,increasing,rolling,1595.388,1287,1595.578,3.069,0,0,1783745400.480169296,0.255308,-0.378092,0.920862,-0.212674,,,,0.244319,2.099049,-0.078998,-0.016110,1.390,1.497
reverse,11,30.1796,1.1855,-0.2000,0.30000,1542.308,1244,increasing,rolling,1595.514,1287,1595.567,3.059,1,12,1783745400.580562353,0.242275,-0.390403,0.917908,-0.203562,-0.0176918,-0.0029536,0.1669450,0.262010,2.116741,-0.096690,-0.019063,1.390,1.497
reverse,11,30.1980,1.2039,-0.2000,0.30000,1542.308,1244,increasing,rolling,1595.514,1287,1595.567,3.059,0,0,1783745400.580562353,0.242275,-0.390403,0.917908,-0.203562,,,,0.262010,2.116741,-0.096690,-0.019063,1.390,1.497
reverse,11,30.2197,1.2255,-0.2000,0.30000,1542.308,1244,increasing,rolling,1595.514,1287,1595.567,3.059,0,0,1783745400.580562353,0.242275,-0.390403,0.917908,-0.203562,,,,0.262010,2.116741,-0.096690,-0.019063,1.390,1.497
reverse,11,30.2412,1.2470,-0.2000,0.30000,1542.308,1244,increasing,rolling,1595.514,1287,1595.567,3.059,0,0,1783745400.580562353,0.242275,-0.390403,0.917908,-0.203562,,,,0.262010,2.116741,-0.096690,-0.019063,1.390,1.497
reverse,11,30.2627,1.2685,-0.2000,0.30000,1542.308,1244,increasing,rolling,1595.514,1287,1595.567,3.059,0,0,1783745400.580562353,0.242275,-0.390403,0.917908,-0.203562,,,,0.262010,2.116741,-0.096690,-0.019063,1.368,1.518
reverse,11,30.2801,1.2859,-0.2000,0.30000,1542.308,1244,increasing,rolling,1595.514,1287,1595.567,3.059,0,0,1783745400.580562353,0.242275,-0.390403,0.917908,-0.203562,,,,0.262010,2.116741,-0.096690,-0.019063,1.368,1.518
reverse,11,30.3018,1.3077,-0.2000,0.30000,1542.308,1244,increasing,rolling,1595.351,1287,1595.531,3.022,1,13,1783745400.680969477,0.227465,-0.409088,0.910976,-0.212032,-0.0238409,-0.0069323,0.2907744,0.285851,2.140582,-0.120531,-0.025995,1.368,1.518
reverse,11,30.3043,1.3102,-0.2000,0.30000,1542.308,1244,increasing,rolling,1595.351,1287,1595.531,3.022,0,0,1783745400.680969477,0.227465,-0.409088,0.910976,-0.212032,,,,0.285851,2.140582,-0.120531,-0.025995,1.368,1.518
reverse,11,30.3259,1.3318,-0.2000,0.30000,1542.308,1244,increasing,rolling,1595.351,1287,1595.531,3.022,0,0,1783745400.680969477,0.227465,-0.409088,0.910976,-0.212032,,,,0.285851,2.140582,-0.120531,-0.025995,1.368,1.518
reverse,11,30.3474,1.3533,-0.2000,0.30000,1542.308,1244,increasing,rolling,1595.351,1287,1595.531,3.022,0,0,1783745400.680969477,0.227465,-0.409088,0.910976,-0.212032,,,,0.285851,2.140582,-0.120531,-0.025995,1.368,1.518
reverse,11,30.3689,1.3748,-0.2000,0.30000,1542.308,1244,increasing,rolling,1595.351,1287,1595.531,3.022,0,0,1783745400.680969477,0.227465,-0.409088,0.910976,-0.212032,,,,0.285851,2.140582,-0.120531,-0.025995,1.347,1.541
reverse,11,30.3805,1.3864,-0.2000,0.30000,1542.308,1244,increasing,rolling,1595.171,1286,1595.471,2.962,1,14,1783745400.781448841,0.216260,-0.431416,0.905761,-0.219973,-0.0244966,-0.0052148,0.2128791,0.310348,2.165078,-0.145028,-0.031210,1.347,1.541
reverse,11,30.3907,1.3966,-0.2000,0.30000,1542.308,1244,increasing,rolling,1595.171,1286,1595.471,2.962,0,0,1783745400.781448841,0.216260,-0.431416,0.905761,-0.219973,,,,0.310348,2.165078,-0.145028,-0.031210,1.347,1.541
reverse,11,30.4124,1.4183,-0.2000,0.30000,1542.308,1244,increasing,rolling,1595.171,1286,1595.471,2.962,0,0,1783745400.781448841,0.216260,-0.431416,0.905761,-0.219973,,,,0.310348,2.165078,-0.145028,-0.031210,1.347,1.541
reverse,11,30.4341,1.4400,-0.2000,0.30000,1542.308,1244,increasing,rolling,1595.171,1286,1595.471,2.962,0,0,1783745400.781448841,0.216260,-0.431416,0.905761,-0.219973,,,,0.310348,2.165078,-0.145028,-0.031210,1.347,1.541
reverse,11,30.4556,1.4615,-0.2000,0.30000,1542.308,1244,increasing,rolling,1595.171,1286,1595.471,2.962,0,0,1783745400.781448841,0.216260,-0.431416,0.905761,-0.219973,,,,0.310348,2.165078,-0.145028,-0.031210,1.347,1.541
reverse,11,30.4772,1.4831,-0.2000,0.30000,1542.308,1244,increasing,rolling,1595.171,1286,1595.471,2.962,0,0,1783745400.781448841,0.216260,-0.431416,0.905761,-0.219973,,,,0.310348,2.165078,-0.145028,-0.031210,1.327,1.562
reverse,11,30.4810,1.4869,-0.2000,0.30000,1542.308,1244,increasing,rolling,1595.136,1286,1595.415,2.906,1,15,1783745400.881813765,0.205149,-0.450064,0.900999,-0.218594,-0.0215237,-0.0047618,0.2212367,0.331872,2.186602,-0.166551,-0.035972,1.327,1.562
reverse,11,30.4951,1.5010,-0.2000,0.30000,1542.308,1244,increasing,rolling,1595.136,1286,1595.415,2.906,0,0,1783745400.881813765,0.205149,-0.450064,0.900999,-0.218594,,,,0.331872,2.186602,-0.166551,-0.035972,1.327,1.562
reverse,11,30.5168,1.5227,-0.2000,0.30000,1542.308,1244,increasing,rolling,1595.136,1286,1595.415,2.906,0,0,1783745400.881813765,0.205149,-0.450064,0.900999,-0.218594,,,,0.331872,2.186602,-0.166551,-0.035972,1.327,1.562
reverse,11,30.5384,1.5442,-0.2000,0.30000,1542.308,1244,increasing,rolling,1595.136,1286,1595.415,2.906,0,0,1783745400.881813765,0.205149,-0.450064,0.900999,-0.218594,,,,0.331872,2.186602,-0.166551,-0.035972,1.327,1.562
reverse,11,30.5599,1.5658,-0.2000,0.30000,1542.308,1244,increasing,rolling,1595.136,1286,1595.415,2.906,0,0,1783745400.881813765,0.205149,-0.450064,0.900999,-0.218594,,,,0.331872,2.186602,-0.166551,-0.035972,1.305,1.584
reverse,11,30.5814,1.5873,-0.2000,0.30000,1542.308,1244,increasing,rolling,1594.987,1286,1595.343,2.835,1,16,1783745400.982292175,0.191516,-0.469923,0.895905,-0.223730,-0.0240282,-0.0050947,0.2120304,0.355900,2.210630,-0.190580,-0.041067,1.305,1.584
reverse,11,30.5980,1.6038,-0.2000,0.30000,1542.308,1244,increasing,rolling,1594.987,1286,1595.343,2.835,0,0,1783745400.982292175,0.191516,-0.469923,0.895905,-0.223730,,,,0.355900,2.210630,-0.190580,-0.041067,1.305,1.584
reverse,11,30.6197,1.6256,-0.2000,0.30000,1542.308,1244,increasing,rolling,1594.987,1286,1595.343,2.835,0,0,1783745400.982292175,0.191516,-0.469923,0.895905,-0.223730,,,,0.355900,2.210630,-0.190580,-0.041067,1.305,1.584
reverse,11,30.6412,1.6471,-0.2000,0.30000,1542.308,1244,increasing,rolling,1594.987,1286,1595.343,2.835,0,0,1783745400.982292175,0.191516,-0.469923,0.895905,-0.223730,,,,0.355900,2.210630,-0.190580,-0.041067,1.305,1.584
reverse,11,30.6627,1.6686,-0.2000,0.30000,1542.308,1244,increasing,rolling,1594.987,1286,1595.343,2.835,0,0,1783745400.982292175,0.191516,-0.469923,0.895905,-0.223730,,,,0.355900,2.210630,-0.190580,-0.041067,1.286,1.602
reverse,11,30.6795,1.6853,-0.2000,0.30000,1542.308,1244,increasing,rolling,1594.815,1286,1595.255,2.746,1,17,1783745401.082649708,0.175140,-0.488454,0.890143,-0.229337,-0.0247041,-0.0057615,0.2332211,0.380604,2.235334,-0.215284,-0.046828,1.286,1.602
reverse,11,30.6901,1.6960,-0.2000,0.30000,1542.308,1244,increasing,rolling,1594.815,1286,1595.255,2.746,0,0,1783745401.082649708,0.175140,-0.488454,0.890143,-0.229337,,,,0.380604,2.235334,-0.215284,-0.046828,1.286,1.602
reverse,11,30.7118,1.7177,-0.2000,0.30000,1542.308,1244,increasing,rolling,1594.815,1286,1595.255,2.746,0,0,1783745401.082649708,0.175140,-0.488454,0.890143,-0.229337,,,,0.380604,2.235334,-0.215284,-0.046828,1.286,1.602
reverse,11,30.7333,1.7392,-0.2000,0.30000,1542.308,1244,increasing,rolling,1594.815,1286,1595.255,2.746,0,0,1783745401.082649708,0.175140,-0.488454,0.890143,-0.229337,,,,0.380604,2.235334,-0.215284,-0.046828,1.286,1.602
reverse,11,30.7549,1.7607,-0.2000,0.30000,1542.308,1244,increasing,rolling,1594.815,1286,1595.255,2.746,0,0,1783745401.082649708,0.175140,-0.488454,0.890143,-0.229337,,,,0.380604,2.235334,-0.215284,-0.046828,1.286,1.602
reverse,11,30.7764,1.7822,-0.2000,0.30000,1542.308,1244,increasing,rolling,1594.815,1286,1595.255,2.746,0,0,1783745401.082649708,0.175140,-0.488454,0.890143,-0.229337,,,,0.380604,2.235334,-0.215284,-0.046828,1.265,1.622
reverse,11,30.7797,1.7856,-0.2000,0.30000,1542.308,1244,increasing,rolling,1594.743,1286,1595.171,2.662,1,18,1783745401.180800200,0.159771,-0.504565,0.885429,-0.228539,-0.0221962,-0.0047146,0.2124039,0.402800,2.257531,-0.237480,-0.051543,1.265,1.622
reverse,11,30.7944,1.8003,-0.2000,0.30000,1542.308,1244,increasing,rolling,1594.743,1286,1595.171,2.662,0,0,1783745401.180800200,0.159771,-0.504565,0.885429,-0.228539,,,,0.402800,2.257531,-0.237480,-0.051543,1.265,1.622
reverse,11,30.8162,1.8220,-0.2000,0.30000,1542.308,1244,increasing,rolling,1594.743,1286,1595.171,2.662,0,0,1783745401.180800200,0.159771,-0.504565,0.885429,-0.228539,,,,0.402800,2.257531,-0.237480,-0.051543,1.265,1.622
reverse,11,30.8378,1.8436,-0.2000,0.30000,1542.308,1244,increasing,rolling,1594.743,1286,1595.171,2.662,0,0,1783745401.180800200,0.159771,-0.504565,0.885429,-0.228539,,,,0.402800,2.257531,-0.237480,-0.051543,1.265,1.622
reverse,11,30.8593,1.8652,-0.2000,0.30000,1542.308,1244,increasing,rolling,1594.743,1286,1595.171,2.662,0,0,1783745401.180800200,0.159771,-0.504565,0.885429,-0.228539,,,,0.402800,2.257531,-0.237480,-0.051543,1.247,1.645
reverse,11,30.8804,1.8863,-0.2000,0.30000,1542.308,1244,increasing,rolling,1594.783,1286,1595.106,2.597,1,19,1783745401.281140566,0.147173,-0.520262,0.881607,-0.221550,-0.0201264,-0.0038214,0.1898729,0.422927,2.277657,-0.257606,-0.055364,1.247,1.645
reverse,11,30.8916,1.8975,-0.2000,0.30000,1542.308,1244,increasing,rolling,1594.783,1286,1595.106,2.597,0,0,1783745401.281140566,0.147173,-0.520262,0.881607,-0.221550,,,,0.422927,2.277657,-0.257606,-0.055364,1.247,1.645
reverse,11,30.9133,1.9192,-0.2000,0.30000,1542.308,1244,increasing,rolling,1594.783,1286,1595.106,2.597,0,0,1783745401.281140566,0.147173,-0.520262,0.881607,-0.221550,,,,0.422927,2.277657,-0.257606,-0.055364,1.247,1.645
reverse,11,30.9348,1.9407,-0.2000,0.30000,1542.308,1244,increasing,rolling,1594.783,1286,1595.106,2.597,0,0,1783745401.281140566,0.147173,-0.520262,0.881607,-0.221550,,,,0.422927,2.277657,-0.257606,-0.055364,1.247,1.645
reverse,11,30.9563,1.9622,-0.2000,0.30000,1542.308,1244,increasing,rolling,1594.783,1286,1595.106,2.597,0,0,1783745401.281140566,0.147173,-0.520262,0.881607,-0.221550,,,,0.422927,2.277657,-0.257606,-0.055364,1.247,1.645
reverse,11,30.9778,1.9837,-0.2000,0.30000,1542.308,1244,increasing,rolling,1594.783,1286,1595.106,2.597,0,0,1783745401.281140566,0.147173,-0.520262,0.881607,-0.221550,,,,0.422927,2.277657,-0.257606,-0.055364,1.225,1.666
reverse,11,30.9806,1.9864,-0.2000,0.30000,1542.308,1244,increasing,rolling,1594.835,1286,1595.061,2.552,1,20,1783745401.381378412,0.136422,-0.536823,0.875767,-0.215075,-0.0196115,-0.0058402,0.2977937,0.442538,2.297269,-0.277218,-0.061205,1.225,1.666
reverse,11,30.9975,2.0034,-0.2000,0.30000,1542.308,1244,increasing,rolling,1594.835,1286,1595.061,2.552,0,0,1783745401.381378412,0.136422,-0.536823,0.875767,-0.215075,,,,0.442538,2.297269,-0.277218,-0.061205,1.225,1.666
reverse,11,31.0191,2.0250,-0.2000,0.30000,1542.308,1244,increasing,rolling,1594.835,1286,1595.061,2.552,0,0,1783745401.381378412,0.136422,-0.536823,0.875767,-0.215075,,,,0.442538,2.297269,-0.277218,-0.061205,1.225,1.666
reverse,11,31.0406,2.0465,-0.2000,0.30000,1542.308,1244,increasing,rolling,1594.835,1286,1595.061,2.552,0,0,1783745401.381378412,0.136422,-0.536823,0.875767,-0.215075,,,,0.442538,2.297269,-0.277218,-0.061205,1.225,1.666
reverse,11,31.0626,2.0684,-0.2000,0.30000,1542.308,1244,increasing,rolling,1594.835,1286,1595.061,2.552,0,0,1783745401.381378412,0.136422,-0.536823,0.875767,-0.215075,,,,0.442538,2.297269,-0.277218,-0.061205,1.204,1.685
reverse,11,31.0809,2.0868,-0.2000,0.30000,1542.308,1244,increasing,rolling,1594.735,1286,1595.006,2.498,1,21,1783745401.481871128,0.122771,-0.555170,0.867908,-0.218095,-0.0228275,-0.0078594,0.3442966,0.465366,2.320096,-0.300045,-0.069064,1.204,1.685
reverse,12,31.0992,0.0001,-0.2000,0.00000,1450.000,1169,decreasing,rolling,1594.735,1286,1595.006,2.498,0,0,1783745401.481871128,0.122771,-0.555170,0.867908,-0.218095,,,,0.000000,2.320096,0.000000,0.000000,1.204,1.685
reverse,12,31.1209,0.0218,-0.2000,0.00000,1450.000,1169,decreasing,rolling,1594.735,1286,1595.006,2.498,0,0,1783745401.481871128,0.122771,-0.555170,0.867908,-0.218095,,,,0.000000,2.320096,0.000000,0.000000,1.204,1.685
reverse,12,31.1424,0.0433,-0.2000,0.00000,1450.000,1169,decreasing,rolling,1594.735,1286,1595.006,2.498,0,0,1783745401.481871128,0.122771,-0.555170,0.867908,-0.218095,,,,0.000000,2.320096,0.000000,0.000000,1.204,1.685
reverse,12,31.1640,0.0649,-0.2000,0.00000,1450.000,1169,decreasing,rolling,1594.735,1286,1595.006,2.498,0,0,1783745401.481871128,0.122771,-0.555170,0.867908,-0.218095,,,,0.000000,2.320096,0.000000,0.000000,1.184,1.706
reverse,12,31.1787,0.0796,-0.2000,0.00000,1450.000,1169,decreasing,rolling,1594.661,1286,1594.949,2.440,1,1,1783745401.582246065,0.106946,-0.571022,0.861754,-0.219189,-0.0223305,-0.0061538,0.2755776,0.022331,2.342427,0.000000,0.000000,1.184,1.706
reverse,12,31.1923,0.0932,-0.2000,0.00000,1450.000,1169,decreasing,rolling,1594.661,1286,1594.949,2.440,0,0,1783745401.582246065,0.106946,-0.571022,0.861754,-0.219189,,,,0.022331,2.342427,0.000000,0.000000,1.184,1.706
reverse,12,31.2144,0.1152,-0.2000,0.00000,1450.000,1169,decreasing,rolling,1594.661,1286,1594.949,2.440,0,0,1783745401.582246065,0.106946,-0.571022,0.861754,-0.219189,,,,0.022331,2.342427,0.000000,0.000000,1.184,1.706
reverse,12,31.2362,0.1370,-0.2000,0.00000,1450.000,1169,decreasing,rolling,1594.661,1286,1594.949,2.440,0,0,1783745401.582246065,0.106946,-0.571022,0.861754,-0.219189,,,,0.022331,2.342427,0.000000,0.000000,1.184,1.706
reverse,12,31.2580,0.1589,-0.2000,0.00000,1450.000,1169,decreasing,rolling,1594.661,1286,1594.949,2.440,0,0,1783745401.582246065,0.106946,-0.571022,0.861754,-0.219189,,,,0.022331,2.342427,0.000000,0.000000,1.168,1.722
reverse,12,31.2786,0.1795,-0.2000,0.00000,1450.000,1169,decreasing,rolling,1594.633,1286,1594.897,2.388,1,2,1783745401.679975986,0.092883,-0.586356,0.856552,-0.217590,-0.0207963,-0.0052022,0.2501497,0.043127,2.363223,0.000000,0.000000,1.168,1.722
reverse,12,31.2936,0.1945,-0.2000,0.00000,1450.000,1169,decreasing,rolling,1594.633,1286,1594.897,2.388,0,0,1783745401.679975986,0.092883,-0.586356,0.856552,-0.217590,,,,0.043127,2.363223,0.000000,0.000000,1.168,1.722
reverse,12,31.3153,0.2162,-0.2000,0.00000,1450.000,1169,decreasing,rolling,1594.633,1286,1594.897,2.388,0,0,1783745401.679975986,0.092883,-0.586356,0.856552,-0.217590,,,,0.043127,2.363223,0.000000,0.000000,1.168,1.722
reverse,12,31.3368,0.2377,-0.2000,0.00000,1450.000,1169,decreasing,rolling,1594.633,1286,1594.897,2.388,0,0,1783745401.679975986,0.092883,-0.586356,0.856552,-0.217590,,,,0.043127,2.363223,0.000000,0.000000,1.168,1.722
reverse,12,31.3583,0.2592,-0.2000,0.00000,1450.000,1169,decreasing,rolling,1594.633,1286,1594.897,2.388,0,0,1783745401.679975986,0.092883,-0.586356,0.856552,-0.217590,,,,0.043127,2.363223,0.000000,0.000000,1.151,1.735
reverse,12,31.3769,0.2778,-0.2000,0.00000,1450.000,1169,decreasing,rolling,1594.942,1286,1594.904,2.396,1,3,1783745401.779953957,0.084723,-0.597439,0.856531,-0.197499,-0.0137194,-0.0000205,0.0014961,0.056846,2.376942,0.000000,0.000000,1.151,1.735
reverse,12,31.3918,0.2927,-0.2000,0.00000,1450.000,1169,decreasing,rolling,1594.942,1286,1594.904,2.396,0,0,1783745401.779953957,0.084723,-0.597439,0.856531,-0.197499,,,,0.056846,2.376942,0.000000,0.000000,1.151,1.735
reverse,12,31.4135,0.3144,-0.2000,0.00000,1450.000,1169,decreasing,rolling,1594.942,1286,1594.904,2.396,0,0,1783745401.779953957,0.084723,-0.597439,0.856531,-0.197499,,,,0.056846,2.376942,0.000000,0.000000,1.151,1.735
reverse,12,31.4351,0.3360,-0.2000,0.00000,1450.000,1169,decreasing,rolling,1594.942,1286,1594.904,2.396,0,0,1783745401.779953957,0.084723,-0.597439,0.856531,-0.197499,,,,0.056846,2.376942,0.000000,0.000000,1.151,1.735
reverse,12,31.4567,0.3576,-0.2000,0.00000,1450.000,1169,decreasing,rolling,1594.942,1286,1594.904,2.396,0,0,1783745401.779953957,0.084723,-0.597439,0.856531,-0.197499,,,,0.056846,2.376942,0.000000,0.000000,1.142,1.742
reverse,12,31.4775,0.3784,-0.2000,0.00000,1450.000,1169,decreasing,rolling,1595.293,1287,1594.968,2.460,1,4,1783745401.878273010,0.078479,-0.607757,0.857949,-0.178350,-0.0118874,0.0014177,-0.1192592,0.068734,2.388830,0.000000,0.000000,1.142,1.742
reverse,12,31.4930,0.3939,-0.2000,0.00000,1450.000,1169,decreasing,rolling,1595.293,1287,1594.968,2.460,0,0,1783745401.878273010,0.078479,-0.607757,0.857949,-0.178350,,,,0.068734,2.388830,0.000000,0.000000,1.142,1.742
reverse,12,31.5147,0.4156,-0.2000,0.00000,1450.000,1169,decreasing,rolling,1595.293,1287,1594.968,2.460,0,0,1783745401.878273010,0.078479,-0.607757,0.857949,-0.178350,,,,0.068734,2.388830,0.000000,0.000000,1.142,1.742
reverse,12,31.5363,0.4372,-0.2000,0.00000,1450.000,1169,decreasing,rolling,1595.293,1287,1594.968,2.460,0,0,1783745401.878273010,0.078479,-0.607757,0.857949,-0.178350,,,,0.068734,2.388830,0.000000,0.000000,1.142,1.742
reverse,12,31.5578,0.4587,-0.2000,0.00000,1450.000,1169,decreasing,rolling,1595.293,1287,1594.968,2.460,0,0,1783745401.878273010,0.078479,-0.607757,0.857949,-0.178350,,,,0.068734,2.388830,0.000000,0.000000,1.137,1.753
reverse,12,31.5753,0.4762,-0.2000,0.00000,1450.000,1169,decreasing,rolling,1595.787,1287,1595.105,2.597,1,5,1783745401.978739262,0.072624,-0.613737,0.857582,-0.154550,-0.0083537,-0.0003671,0.0439410,0.077087,2.397183,0.000000,0.000000,1.137,1.753
reverse,12,31.5851,0.4859,-0.2000,0.00000,1450.000,1169,decreasing,rolling,1595.787,1287,1595.105,2.597,0,0,1783745401.978739262,0.072624,-0.613737,0.857582,-0.154550,,,,0.077087,2.397183,0.000000,0.000000,1.137,1.753
reverse,12,31.6067,0.5076,-0.2000,0.00000,1450.000,1169,decreasing,rolling,1595.787,1287,1595.105,2.597,0,0,1783745401.978739262,0.072624,-0.613737,0.857582,-0.154550,,,,0.077087,2.397183,0.000000,0.000000,1.137,1.753
reverse,12,31.6283,0.5292,-0.2000,0.00000,1450.000,1169,decreasing,rolling,1595.787,1287,1595.105,2.597,0,0,1783745401.978739262,0.072624,-0.613737,0.857582,-0.154550,,,,0.077087,2.397183,0.000000,0.000000,1.137,1.753
reverse,12,31.6499,0.5508,-0.2000,0.00000,1450.000,1169,decreasing,rolling,1595.787,1287,1595.105,2.597,0,0,1783745401.978739262,0.072624,-0.613737,0.857582,-0.154550,,,,0.077087,2.397183,0.000000,0.000000,1.137,1.753
reverse,12,31.6714,0.5723,-0.2000,0.00000,1450.000,1169,decreasing,rolling,1595.787,1287,1595.105,2.597,0,0,1783745401.978739262,0.072624,-0.613737,0.857582,-0.154550,,,,0.077087,2.397183,0.000000,0.000000,1.127,1.761
reverse,12,31.6757,0.5766,-0.2000,0.00000,1450.000,1169,decreasing,rolling,1595.971,1287,1595.247,2.738,1,6,1783745402.076521397,0.063495,-0.624365,0.854461,-0.151732,-0.0140099,-0.0031211,0.2227803,0.091097,2.411193,0.000000,0.000000,1.127,1.761
reverse,12,31.6916,0.5925,-0.2000,0.00000,1450.000,1169,decreasing,rolling,1595.971,1287,1595.247,2.738,0,0,1783745402.076521397,0.063495,-0.624365,0.854461,-0.151732,,,,0.091097,2.411193,0.000000,0.000000,1.127,1.761
reverse,12,31.7132,0.6141,-0.2000,0.00000,1450.000,1169,decreasing,rolling,1595.971,1287,1595.247,2.738,0,0,1783745402.076521397,0.063495,-0.624365,0.854461,-0.151732,,,,0.091097,2.411193,0.000000,0.000000,1.127,1.761
reverse,12,31.7347,0.6356,-0.2000,0.00000,1450.000,1169,decreasing,rolling,1595.971,1287,1595.247,2.738,0,0,1783745402.076521397,0.063495,-0.624365,0.854461,-0.151732,,,,0.091097,2.411193,0.000000,0.000000,1.127,1.761
reverse,12,31.7562,0.6571,-0.2000,0.00000,1450.000,1169,decreasing,rolling,1595.971,1287,1595.247,2.738,0,0,1783745402.076521397,0.063495,-0.624365,0.854461,-0.151732,,,,0.091097,2.411193,0.000000,0.000000,1.117,1.771
reverse,12,31.7736,0.6745,-0.2000,0.00000,1450.000,1169,decreasing,rolling,1596.670,1288,1595.485,2.976,1,7,1783745402.177000046,0.060141,-0.625295,0.855067,-0.121022,-0.0029032,0.0006063,-0.2088332,0.094000,2.414096,0.000000,0.000000,1.117,1.771
reverse,12,31.7890,0.6899,-0.2000,0.00000,1450.000,1169,decreasing,rolling,1596.670,1288,1595.485,2.976,0,0,1783745402.177000046,0.060141,-0.625295,0.855067,-0.121022,,,,0.094000,2.414096,0.000000,0.000000,1.117,1.771
reverse,12,31.8108,0.7117,-0.2000,0.00000,1450.000,1169,decreasing,rolling,1596.670,1288,1595.485,2.976,0,0,1783745402.177000046,0.060141,-0.625295,0.855067,-0.121022,,,,0.094000,2.414096,0.000000,0.000000,1.117,1.771
reverse,12,31.8324,0.7333,-0.2000,0.00000,1450.000,1169,decreasing,rolling,1596.670,1288,1595.485,2.976,0,0,1783745402.177000046,0.060141,-0.625295,0.855067,-0.121022,,,,0.094000,2.414096,0.000000,0.000000,1.117,1.771
reverse,12,31.8539,0.7548,-0.2000,0.00000,1450.000,1169,decreasing,rolling,1596.670,1288,1595.485,2.976,0,0,1783745402.177000046,0.060141,-0.625295,0.855067,-0.121022,,,,0.094000,2.414096,0.000000,0.000000,1.104,1.783
reverse,12,31.8741,0.7750,-0.2000,0.00000,1450.000,1169,decreasing,rolling,1597.136,1288,1595.755,3.246,1,8,1783745402.274838686,0.056349,-0.630913,0.855119,-0.107957,-0.0067276,0.0000526,-0.0078220,0.100728,2.420824,-0.006728,0.000053,1.104,1.783
reverse,12,31.8860,0.7869,-0.2000,0.00000,1450.000,1169,decreasing,rolling,1597.136,1288,1595.755,3.246,0,0,1783745402.274838686,0.056349,-0.630913,0.855119,-0.107957,,,,0.100728,2.420824,-0.006728,0.000053,1.104,1.783
reverse,12,31.9078,0.8086,-0.2000,0.00000,1450.000,1169,decreasing,rolling,1597.136,1288,1595.755,3.246,0,0,1783745402.274838686,0.056349,-0.630913,0.855119,-0.107957,,,,0.100728,2.420824,-0.006728,0.000053,1.104,1.783
reverse,12,31.9296,0.8304,-0.2000,0.00000,1450.000,1169,decreasing,rolling,1597.136,1288,1595.755,3.246,0,0,1783745402.274838686,0.056349,-0.630913,0.855119,-0.107957,,,,0.100728,2.420824,-0.006728,0.000053,1.104,1.783
reverse,12,31.9511,0.8520,-0.2000,0.00000,1450.000,1169,decreasing,rolling,1597.136,1288,1595.755,3.246,0,0,1783745402.274838686,0.056349,-0.630913,0.855119,-0.107957,,,,0.100728,2.420824,-0.006728,0.000053,1.104,1.783
reverse,12,31.9729,0.8737,-0.2000,0.00000,1450.000,1169,decreasing,rolling,1597.136,1288,1595.755,3.246,0,0,1783745402.274838686,0.056349,-0.630913,0.855119,-0.107957,,,,0.100728,2.420824,-0.006728,0.000053,1.092,1.798
reverse,12,31.9753,0.8761,-0.2000,0.00000,1450.000,1169,decreasing,rolling,1597.136,1288,1595.755,3.246,0,0,1783745402.274838686,0.056349,-0.630913,0.855119,-0.107957,,,,0.100728,2.420824,-0.006728,0.000053,1.092,1.798
reverse,12,31.9973,0.8982,-0.2000,0.00000,1450.000,1169,decreasing,rolling,1596.826,1288,1595.934,3.426,1,9,1783745402.375350237,0.042179,-0.650349,0.855914,-0.140576,-0.0239652,0.0007941,-0.0331375,0.124693,2.444789,-0.030693,0.000847,1.092,1.798
reverse,12,31.9992,0.9001,-0.2000,0.00000,1450.000,1169,decreasing,rolling,1596.826,1288,1595.934,3.426,0,0,1783745402.375350237,0.042179,-0.650349,0.855914,-0.140576,,,,0.124693,2.444789,-0.030693,0.000847,1.092,1.798
reverse,12,32.0208,0.9217,-0.2000,0.00000,1450.000,1169,decreasing,rolling,1596.826,1288,1595.934,3.426,0,0,1783745402.375350237,0.042179,-0.650349,0.855914,-0.140576,,,,0.124693,2.444789,-0.030693,0.000847,1.092,1.798
reverse,12,32.0423,0.9432,-0.2000,0.00000,1450.000,1169,decreasing,rolling,1596.826,1288,1595.934,3.426,0,0,1783745402.375350237,0.042179,-0.650349,0.855914,-0.140576,,,,0.124693,2.444789,-0.030693,0.000847,1.092,1.798
reverse,12,32.0639,0.9647,-0.2000,0.00000,1450.000,1169,decreasing,rolling,1596.826,1288,1595.934,3.426,0,0,1783745402.375350237,0.042179,-0.650349,0.855914,-0.140576,,,,0.124693,2.444789,-0.030693,0.000847,1.079,1.816
reverse,12,32.0749,0.9758,-0.2000,0.00000,1450.000,1169,decreasing,rolling,1596.736,1288,1596.068,3.560,1,10,1783745402.475787401,0.031565,-0.667771,0.857835,-0.155509,-0.0201182,0.0019216,-0.0955140,0.144811,2.464908,-0.050811,0.002768,1.079,1.816
reverse,12,32.0888,0.9897,-0.2000,0.00000,1450.000,1169,decreasing,rolling,1596.736,1288,1596.068,3.560,0,0,1783745402.475787401,0.031565,-0.667771,0.857835,-0.155509,,,,0.144811,2.464908,-0.050811,0.002768,1.079,1.816
reverse,12,32.1105,1.0114,-0.2000,0.00000,1450.000,1169,decreasing,rolling,1596.736,1288,1596.068,3.560,0,0,1783745402.475787401,0.031565,-0.667771,0.857835,-0.155509,,,,0.144811,2.464908,-0.050811,0.002768,1.079,1.816
reverse,12,32.1321,1.0330,-0.2000,0.00000,1450.000,1169,decreasing,rolling,1596.736,1288,1596.068,3.560,0,0,1783745402.475787401,0.031565,-0.667771,0.857835,-0.155509,,,,0.144811,2.464908,-0.050811,0.002768,1.079,1.816
reverse,12,32.1537,1.0545,-0.2000,0.00000,1450.000,1169,decreasing,rolling,1596.736,1288,1596.068,3.560,0,0,1783745402.475787401,0.031565,-0.667771,0.857835,-0.155509,,,,0.144811,2.464908,-0.050811,0.002768,1.062,1.834
reverse,12,32.1752,1.0760,-0.2000,0.00000,1450.000,1169,decreasing,rolling,1597.186,1288,1596.255,3.746,1,11,1783745402.575955868,0.022057,-0.670832,0.857742,-0.137931,-0.0085341,-0.0000933,0.0109355,0.153346,2.473442,-0.059345,0.002675,1.062,1.834
reverse,12,32.1934,1.0942,-0.2000,0.00000,1450.000,1169,decreasing,rolling,1597.186,1288,1596.255,3.746,0,0,1783745402.575955868,0.022057,-0.670832,0.857742,-0.137931,,,,0.153346,2.473442,-0.059345,0.002675,1.062,1.834
reverse,12,32.2150,1.1159,-0.2000,0.00000,1450.000,1169,decreasing,rolling,1597.186,1288,1596.255,3.746,0,0,1783745402.575955868,0.022057,-0.670832,0.857742,-0.137931,,,,0.153346,2.473442,-0.059345,0.002675,1.062,1.834
reverse,12,32.2365,1.1374,-0.2000,0.00000,1450.000,1169,decreasing,rolling,1597.186,1288,1596.255,3.746,0,0,1783745402.575955868,0.022057,-0.670832,0.857742,-0.137931,,,,0.153346,2.473442,-0.059345,0.002675,1.062,1.834
reverse,12,32.2580,1.1589,-0.2000,0.00000,1450.000,1169,decreasing,rolling,1597.186,1288,1596.255,3.746,0,0,1783745402.575955868,0.022057,-0.670832,0.857742,-0.137931,,,,0.153346,2.473442,-0.059345,0.002675,1.042,1.855
reverse,12,32.2730,1.1739,-0.2000,0.00000,1450.000,1169,decreasing,rolling,1597.186,1288,1596.255,3.746,0,0,1783745402.575955868,0.022057,-0.670832,0.857742,-0.137931,,,,0.153346,2.473442,-0.059345,0.002675,1.042,1.855
reverse,12,32.2951,1.1960,-0.2000,0.00000,1450.000,1169,decreasing,rolling,1597.463,1288,1596.457,3.948,1,12,1783745402.676434278,0.015078,-0.680452,0.858613,-0.132913,-0.0118423,0.0008708,-0.0735302,0.165188,2.485284,-0.071187,0.003546,1.042,1.855
reverse,12,32.2970,1.1979,-0.2000,0.00000,1450.000,1169,decreasing,rolling,1597.463,1288,1596.457,3.948,0,0,1783745402.676434278,0.015078,-0.680452,0.858613,-0.132913,,,,0.165188,2.485284,-0.071187,0.003546,1.042,1.855
reverse,12,32.3185,1.2194,-0.2000,0.00000,1450.000,1169,decreasing,rolling,1597.463,1288,1596.457,3.948,0,0,1783745402.676434278,0.015078,-0.680452,0.858613,-0.132913,,,,0.165188,2.485284,-0.071187,0.003546,1.042,1.855
reverse,12,32.3401,1.2410,-0.2000,0.00000,1450.000,1169,decreasing,rolling,1597.463,1288,1596.457,3.948,0,0,1783745402.676434278,0.015078,-0.680452,0.858613,-0.132913,,,,0.165188,2.485284,-0.071187,0.003546,1.042,1.855
reverse,12,32.3616,1.2625,-0.2000,0.00000,1450.000,1169,decreasing,rolling,1597.463,1288,1596.457,3.948,0,0,1783745402.676434278,0.015078,-0.680452,0.858613,-0.132913,,,,0.165188,2.485284,-0.071187,0.003546,1.023,1.872
reverse,12,32.3734,1.2743,-0.2000,0.00000,1450.000,1169,decreasing,rolling,1597.252,1288,1596.587,4.079,1,13,1783745402.774314642,0.000621,-0.696926,0.859014,-0.155665,-0.0219176,0.0004011,-0.0183023,0.187105,2.507202,-0.093105,0.003947,1.023,1.872
reverse,12,32.3880,1.2889,-0.2000,0.00000,1450.000,1169,decreasing,rolling,1597.252,1288,1596.587,4.079,0,0,1783745402.774314642,0.000621,-0.696926,0.859014,-0.155665,,,,0.187105,2.507202,-0.093105,0.003947,1.023,1.872
reverse,12,32.4097,1.3105,-0.2000,0.00000,1450.000,1169,decreasing,rolling,1597.252,1288,1596.587,4.079,0,0,1783745402.774314642,0.000621,-0.696926,0.859014,-0.155665,,,,0.187105,2.507202,-0.093105,0.003947,1.023,1.872
reverse,12,32.4312,1.3321,-0.2000,0.00000,1450.000,1169,decreasing,rolling,1597.252,1288,1596.587,4.079,0,0,1783745402.774314642,0.000621,-0.696926,0.859014,-0.155665,,,,0.187105,2.507202,-0.093105,0.003947,1.023,1.872
reverse,12,32.4527,1.3536,-0.2000,0.00000,1450.000,1169,decreasing,rolling,1597.252,1288,1596.587,4.079,0,0,1783745402.774314642,0.000621,-0.696926,0.859014,-0.155665,,,,0.187105,2.507202,-0.093105,0.003947,1.006,1.895
reverse,12,32.4739,1.3748,-0.2000,0.00000,1450.000,1169,decreasing,rolling,1596.718,1288,1596.609,4.100,1,14,1783745402.874677658,-0.020176,-0.719286,0.860926,-0.192756,-0.0305133,0.0019120,-0.0626617,0.217619,2.537715,-0.123618,0.005859,1.006,1.895
reverse,12,32.4900,1.3908,-0.2000,0.00000,1450.000,1169,decreasing,rolling,1596.718,1288,1596.609,4.100,0,0,1783745402.874677658,-0.020176,-0.719286,0.860926,-0.192756,,,,0.217619,2.537715,-0.123618,0.005859,1.006,1.895
reverse,12,32.5117,1.4126,-0.2000,0.00000,1450.000,1169,decreasing,rolling,1596.718,1288,1596.609,4.100,0,0,1783745402.874677658,-0.020176,-0.719286,0.860926,-0.192756,,,,0.217619,2.537715,-0.123618,0.005859,1.006,1.895
reverse,12,32.5332,1.4341,-0.2000,0.00000,1450.000,1169,decreasing,rolling,1596.718,1288,1596.609,4.100,0,0,1783745402.874677658,-0.020176,-0.719286,0.860926,-0.192756,,,,0.217619,2.537715,-0.123618,0.005859,1.006,1.895
reverse,12,32.5547,1.4556,-0.2000,0.00000,1450.000,1169,decreasing,rolling,1596.718,1288,1596.609,4.100,0,0,1783745402.874677658,-0.020176,-0.719286,0.860926,-0.192756,,,,0.217619,2.537715,-0.123618,0.005859,0.985,1.916
reverse,12,32.5744,1.4753,-0.2000,0.00000,1450.000,1169,decreasing,rolling,1596.580,1288,1596.604,4.095,1,15,1783745402.975248575,-0.034187,-0.737503,0.862063,-0.201615,-0.0229495,0.0011371,-0.0495484,0.240568,2.560664,-0.146568,0.006996,0.985,1.916
reverse,12,32.5950,1.4959,-0.2000,0.00000,1450.000,1169,decreasing,rolling,1596.580,1288,1596.604,4.095,0,0,1783745402.975248575,-0.034187,-0.737503,0.862063,-0.201615,,,,0.240568,2.560664,-0.146568,0.006996,0.985,1.916
reverse,12,32.6167,1.5175,-0.2000,0.00000,1450.000,1169,decreasing,rolling,1596.580,1288,1596.604,4.095,0,0,1783745402.975248575,-0.034187,-0.737503,0.862063,-0.201615,,,,0.240568,2.560664,-0.146568,0.006996,0.985,1.916
reverse,12,32.6382,1.5391,-0.2000,0.00000,1450.000,1169,decreasing,rolling,1596.580,1288,1596.604,4.095,0,0,1783745402.975248575,-0.034187,-0.737503,0.862063,-0.201615,,,,0.240568,2.560664,-0.146568,0.006996,0.985,1.916
reverse,12,32.6601,1.5610,-0.2000,0.00000,1450.000,1169,decreasing,rolling,1596.580,1288,1596.604,4.095,0,0,1783745402.975248575,-0.034187,-0.737503,0.862063,-0.201615,,,,0.240568,2.560664,-0.146568,0.006996,0.967,1.936
reverse,12,32.6743,1.5751,-0.2000,0.00000,1450.000,1169,decreasing,rolling,1596.560,1288,1596.597,4.088,1,16,1783745403.075633764,-0.046996,-0.753625,0.865426,-0.202458,-0.0205775,0.0033633,-0.1634474,0.261146,2.581242,-0.167145,0.010359,0.967,1.936
reverse,12,32.6837,1.5846,-0.2000,0.00000,1450.000,1169,decreasing,rolling,1596.560,1288,1596.597,4.088,0,0,1783745403.075633764,-0.046996,-0.753625,0.865426,-0.202458,,,,0.261146,2.581242,-0.167145,0.010359,0.967,1.936
reverse,12,32.7055,1.6064,-0.2000,0.00000,1450.000,1169,decreasing,rolling,1596.560,1288,1596.597,4.088,0,0,1783745403.075633764,-0.046996,-0.753625,0.865426,-0.202458,,,,0.261146,2.581242,-0.167145,0.010359,0.967,1.936
reverse,12,32.7271,1.6280,-0.2000,0.00000,1450.000,1169,decreasing,rolling,1596.560,1288,1596.597,4.088,0,0,1783745403.075633764,-0.046996,-0.753625,0.865426,-0.202458,,,,0.261146,2.581242,-0.167145,0.010359,0.967,1.936
reverse,12,32.7486,1.6495,-0.2000,0.00000,1450.000,1169,decreasing,rolling,1596.560,1288,1596.597,4.088,0,0,1783745403.075633764,-0.046996,-0.753625,0.865426,-0.202458,,,,0.261146,2.581242,-0.167145,0.010359,0.967,1.936
reverse,12,32.7701,1.6710,-0.2000,0.00000,1450.000,1169,decreasing,rolling,1596.560,1288,1596.597,4.088,0,0,1783745403.075633764,-0.046996,-0.753625,0.865426,-0.202458,,,,0.261146,2.581242,-0.167145,0.010359,0.946,1.961
reverse,12,32.7752,1.6761,-0.2000,0.00000,1450.000,1169,decreasing,rolling,1596.519,1288,1596.584,4.075,1,17,1783745403.175838709,-0.059767,-0.770365,0.868483,-0.204303,-0.0210267,0.0030565,-0.1453612,0.282172,2.602269,-0.188172,0.013416,0.946,1.961
reverse,12,32.7857,1.6865,-0.2000,0.00000,1450.000,1169,decreasing,rolling,1596.519,1288,1596.584,4.075,0,0,1783745403.175838709,-0.059767,-0.770365,0.868483,-0.204303,,,,0.282172,2.602269,-0.188172,0.013416,0.946,1.961
reverse,12,32.8073,1.7082,-0.2000,0.00000,1450.000,1169,decreasing,rolling,1596.519,1288,1596.584,4.075,0,0,1783745403.175838709,-0.059767,-0.770365,0.868483,-0.204303,,,,0.282172,2.602269,-0.188172,0.013416,0.946,1.961
reverse,12,32.8288,1.7297,-0.2000,0.00000,1450.000,1169,decreasing,rolling,1596.519,1288,1596.584,4.075,0,0,1783745403.175838709,-0.059767,-0.770365,0.868483,-0.204303,,,,0.282172,2.602269,-0.188172,0.013416,0.946,1.961
reverse,12,32.8503,1.7512,-0.2000,0.00000,1450.000,1169,decreasing,rolling,1596.519,1288,1596.584,4.075,0,0,1783745403.175838709,-0.059767,-0.770365,0.868483,-0.204303,,,,0.282172,2.602269,-0.188172,0.013416,0.928,1.984
reverse,12,32.8727,1.7736,-0.2000,0.00000,1450.000,1169,decreasing,rolling,1596.194,1287,1596.519,4.010,1,18,1783745403.276469231,-0.077862,-0.791128,0.870190,-0.221641,-0.0275382,0.0017070,-0.0619878,0.309711,2.629807,-0.215710,0.015123,0.928,1.984
reverse,12,32.8889,1.7898,-0.2000,0.00000,1450.000,1169,decreasing,rolling,1596.194,1287,1596.519,4.010,0,0,1783745403.276469231,-0.077862,-0.791128,0.870190,-0.221641,,,,0.309711,2.629807,-0.215710,0.015123,0.928,1.984
reverse,12,32.9105,1.8114,-0.2000,0.00000,1450.000,1169,decreasing,rolling,1596.194,1287,1596.519,4.010,0,0,1783745403.276469231,-0.077862,-0.791128,0.870190,-0.221641,,,,0.309711,2.629807,-0.215710,0.015123,0.928,1.984
reverse,12,32.9320,1.8329,-0.2000,0.00000,1450.000,1169,decreasing,rolling,1596.194,1287,1596.519,4.010,0,0,1783745403.276469231,-0.077862,-0.791128,0.870190,-0.221641,,,,0.309711,2.629807,-0.215710,0.015123,0.928,1.984
reverse,12,32.9536,1.8544,-0.2000,0.00000,1450.000,1169,decreasing,rolling,1596.194,1287,1596.519,4.010,0,0,1783745403.276469231,-0.077862,-0.791128,0.870190,-0.221641,,,,0.309711,2.629807,-0.215710,0.015123,0.902,2.007
reverse,12,32.9728,1.8737,-0.2000,0.00000,1450.000,1169,decreasing,rolling,1596.009,1287,1596.436,3.927,1,19,1783745403.373728275,-0.092203,-0.810682,0.871904,-0.228423,-0.0241950,0.0017145,-0.0708618,0.333906,2.654002,-0.239905,0.016837,0.902,2.007
reverse,12,32.9850,1.8859,-0.2000,0.00000,1450.000,1169,decreasing,rolling,1596.009,1287,1596.436,3.927,0,0,1783745403.373728275,-0.092203,-0.810682,0.871904,-0.228423,,,,0.333906,2.654002,-0.239905,0.016837,0.902,2.007
reverse,12,33.0066,1.9075,-0.2000,0.00000,1450.000,1169,decreasing,rolling,1596.009,1287,1596.436,3.927,0,0,1783745403.373728275,-0.092203,-0.810682,0.871904,-0.228423,,,,0.333906,2.654002,-0.239905,0.016837,0.902,2.007
reverse,12,33.0281,1.9290,-0.2000,0.00000,1450.000,1169,decreasing,rolling,1596.009,1287,1596.436,3.927,0,0,1783745403.373728275,-0.092203,-0.810682,0.871904,-0.228423,,,,0.333906,2.654002,-0.239905,0.016837,0.902,2.007
reverse,12,33.0497,1.9505,-0.2000,0.00000,1450.000,1169,decreasing,rolling,1596.009,1287,1596.436,3.927,0,0,1783745403.373728275,-0.092203,-0.810682,0.871904,-0.228423,,,,0.333906,2.654002,-0.239905,0.016837,0.902,2.007
reverse,12,33.0712,1.9721,-0.2000,0.00000,1450.000,1169,decreasing,rolling,1596.009,1287,1596.436,3.927,0,0,1783745403.373728275,-0.092203,-0.810682,0.871904,-0.228423,,,,0.333906,2.654002,-0.239905,0.016837,0.882,2.033
reverse,12,33.0736,1.9745,-0.2000,0.00000,1450.000,1169,decreasing,rolling,1595.970,1287,1596.358,3.849,1,20,1783745403.474134445,-0.105423,-0.828170,0.875793,-0.225833,-0.0218948,0.0038887,-0.1776078,0.355800,2.675897,-0.261800,0.020726,0.882,2.033
reverse,12,33.0921,1.9930,-0.2000,0.00000,1450.000,1169,decreasing,rolling,1595.970,1287,1596.358,3.849,0,0,1783745403.474134445,-0.105423,-0.828170,0.875793,-0.225833,,,,0.355800,2.675897,-0.261800,0.020726,0.882,2.033
reverse,12,33.1138,2.0147,-0.2000,0.00000,1450.000,1169,decreasing,rolling,1595.970,1287,1596.358,3.849,0,0,1783745403.474134445,-0.105423,-0.828170,0.875793,-0.225833,,,,0.355800,2.675897,-0.261800,0.020726,0.882,2.033
reverse,12,33.1353,2.0362,-0.2000,0.00000,1450.000,1169,decreasing,rolling,1595.970,1287,1596.358,3.849,0,0,1783745403.474134445,-0.105423,-0.828170,0.875793,-0.225833,,,,0.355800,2.675897,-0.261800,0.020726,0.882,2.033
reverse,12,33.1568,2.0577,-0.2000,0.00000,1450.000,1169,decreasing,rolling,1595.970,1287,1596.358,3.849,0,0,1783745403.474134445,-0.105423,-0.828170,0.875793,-0.225833,,,,0.355800,2.675897,-0.261800,0.020726,0.860,2.056
reverse,12,33.1736,2.0745,-0.2000,0.00000,1450.000,1169,decreasing,rolling,1595.822,1287,1596.268,3.759,1,21,1783745403.574555397,-0.122644,-0.845402,0.878438,-0.229773,-0.0242609,0.0026449,-0.1090182,0.380061,2.700157,-0.286061,0.023371,0.860,2.056
reverse,12,33.1834,2.0843,-0.2000,0.00000,1450.000,1169,decreasing,rolling,1595.822,1287,1596.268,3.759,0,0,1783745403.574555397,-0.122644,-0.845402,0.878438,-0.229773,,,,0.380061,2.700157,-0.286061,0.023371,0.860,2.056
reverse,12,33.2052,2.1061,-0.2000,0.00000,1450.000,1169,decreasing,rolling,1595.822,1287,1596.268,3.759,0,0,1783745403.574555397,-0.122644,-0.845402,0.878438,-0.229773,,,,0.380061,2.700157,-0.286061,0.023371,0.860,2.056
reverse,12,33.2267,2.1276,-0.2000,0.00000,1450.000,1169,decreasing,rolling,1595.822,1287,1596.268,3.759,0,0,1783745403.574555397,-0.122644,-0.845402,0.878438,-0.229773,,,,0.380061,2.700157,-0.286061,0.023371,0.860,2.056
reverse,12,33.2482,2.1491,-0.2000,0.00000,1450.000,1169,decreasing,rolling,1595.822,1287,1596.268,3.759,0,0,1783745403.574555397,-0.122644,-0.845402,0.878438,-0.229773,,,,0.380061,2.700157,-0.286061,0.023371,0.860,2.056
reverse,12,33.2706,2.1715,-0.2000,0.00000,1450.000,1169,decreasing,rolling,1595.822,1287,1596.268,3.759,0,0,1783745403.574555397,-0.122644,-0.845402,0.878438,-0.229773,,,,0.380061,2.700157,-0.286061,0.023371,0.842,2.078
reverse,12,33.2735,2.1744,-0.2000,0.00000,1450.000,1169,decreasing,rolling,1595.886,1287,1596.204,3.696,1,22,1783745403.674790144,-0.134142,-0.861338,0.881932,-0.221236,-0.0196084,0.0034946,-0.1782206,0.399670,2.719766,-0.305669,0.026866,0.842,2.078
reverse,12,33.2933,2.1942,-0.2000,0.00000,1450.000,1169,decreasing,rolling,1595.886,1287,1596.204,3.696,0,0,1783745403.674790144,-0.134142,-0.861338,0.881932,-0.221236,,,,0.399670,2.719766,-0.305669,0.026866,0.842,2.078
reverse,12,33.3154,2.2162,-0.2000,0.00000,1450.000,1169,decreasing,rolling,1595.886,1287,1596.204,3.696,0,0,1783745403.674790144,-0.134142,-0.861338,0.881932,-0.221236,,,,0.399670,2.719766,-0.305669,0.026866,0.842,2.078
reverse,12,33.3372,2.2380,-0.2000,0.00000,1450.000,1169,decreasing,rolling,1595.886,1287,1596.204,3.696,0,0,1783745403.674790144,-0.134142,-0.861338,0.881932,-0.221236,,,,0.399670,2.719766,-0.305669,0.026866,0.842,2.078
reverse,12,33.3590,2.2598,-0.2000,0.00000,1450.000,1169,decreasing,rolling,1595.886,1287,1596.204,3.696,0,0,1783745403.674790144,-0.134142,-0.861338,0.881932,-0.221236,,,,0.399670,2.719766,-0.305669,0.026866,0.826,2.097
reverse,12,33.3727,2.2736,-0.2000,0.00000,1450.000,1169,decreasing,rolling,1595.963,1287,1596.165,3.656,1,23,1783745403.773244381,-0.146499,-0.875394,0.884822,-0.213423,-0.0187049,0.0028896,-0.1544842,0.418375,2.738471,-0.324374,0.029755,0.826,2.097
reverse,12,33.3810,2.2818,-0.2000,0.00000,1450.000,1169,decreasing,rolling,1595.963,1287,1596.165,3.656,0,0,1783745403.773244381,-0.146499,-0.875394,0.884822,-0.213423,,,,0.418375,2.738471,-0.324374,0.029755,0.826,2.097
reverse,12,33.4027,2.3036,-0.2000,0.00000,1450.000,1169,decreasing,rolling,1595.963,1287,1596.165,3.656,0,0,1783745403.773244381,-0.146499,-0.875394,0.884822,-0.213423,,,,0.418375,2.738471,-0.324374,0.029755,0.826,2.097
reverse,12,33.4243,2.3251,-0.2000,0.00000,1450.000,1169,decreasing,rolling,1595.963,1287,1596.165,3.656,0,0,1783745403.773244381,-0.146499,-0.875394,0.884822,-0.213423,,,,0.418375,2.738471,-0.324374,0.029755,0.826,2.097
reverse,12,33.4458,2.3467,-0.2000,0.00000,1450.000,1169,decreasing,rolling,1595.963,1287,1596.165,3.656,0,0,1783745403.773244381,-0.146499,-0.875394,0.884822,-0.213423,,,,0.418375,2.738471,-0.324374,0.029755,0.826,2.097
reverse,12,33.4674,2.3683,-0.2000,0.00000,1450.000,1169,decreasing,rolling,1595.963,1287,1596.165,3.656,0,0,1783745403.773244381,-0.146499,-0.875394,0.884822,-0.213423,,,,0.418375,2.738471,-0.324374,0.029755,0.817,2.114
reverse,12,33.4725,2.3734,-0.2000,0.00000,1450.000,1169,decreasing,rolling,1596.184,1287,1596.168,3.659,1,24,1783745403.873607635,-0.157973,-0.886164,0.883669,-0.198935,-0.0156034,-0.0011527,0.0738727,0.433978,2.754074,-0.339978,0.028603,0.817,2.114
reverse,12,33.4887,2.3896,-0.2000,0.00000,1450.000,1169,decreasing,rolling,1596.184,1287,1596.168,3.659,0,0,1783745403.873607635,-0.157973,-0.886164,0.883669,-0.198935,,,,0.433978,2.754074,-0.339978,0.028603,0.817,2.114
reverse,12,33.5104,2.4112,-0.2000,0.00000,1450.000,1169,decreasing,rolling,1596.184,1287,1596.168,3.659,0,0,1783745403.873607635,-0.157973,-0.886164,0.883669,-0.198935,,,,0.433978,2.754074,-0.339978,0.028603,0.817,2.114
reverse,12,33.5319,2.4328,-0.2000,0.00000,1450.000,1169,decreasing,rolling,1596.184,1287,1596.168,3.659,0,0,1783745403.873607635,-0.157973,-0.886164,0.883669,-0.198935,,,,0.433978,2.754074,-0.339978,0.028603,0.817,2.114
reverse,12,33.5534,2.4543,-0.2000,0.00000,1450.000,1169,decreasing,rolling,1596.184,1287,1596.168,3.659,0,0,1783745403.873607635,-0.157973,-0.886164,0.883669,-0.198935,,,,0.433978,2.754074,-0.339978,0.028603,0.809,2.134
reverse,12,33.5728,2.4737,-0.2000,0.00000,1450.000,1169,decreasing,rolling,1596.387,1287,1596.204,3.696,1,25,1783745403.973765373,-0.166887,-0.898877,0.883676,-0.187847,-0.0154826,0.0000067,-0.0004306,0.449461,2.769557,-0.355460,0.028609,0.809,2.134
reverse,12,33.5860,2.4869,-0.2000,0.00000,1450.000,1169,decreasing,rolling,1596.387,1287,1596.204,3.696,0,0,1783745403.973765373,-0.166887,-0.898877,0.883676,-0.187847,,,,0.449461,2.769557,-0.355460,0.028609,0.809,2.134
reverse,12,33.6076,2.5085,-0.2000,0.00000,1450.000,1169,decreasing,rolling,1596.387,1287,1596.204,3.696,0,0,1783745403.973765373,-0.166887,-0.898877,0.883676,-0.187847,,,,0.449461,2.769557,-0.355460,0.028609,0.809,2.134
reverse,12,33.6292,2.5301,-0.2000,0.00000,1450.000,1169,decreasing,rolling,1596.387,1287,1596.204,3.696,0,0,1783745403.973765373,-0.166887,-0.898877,0.883676,-0.187847,,,,0.449461,2.769557,-0.355460,0.028609,0.809,2.134
reverse,12,33.6507,2.5516,-0.2000,0.00000,1450.000,1169,decreasing,rolling,1596.387,1287,1596.204,3.696,0,0,1783745403.973765373,-0.166887,-0.898877,0.883676,-0.187847,,,,0.449461,2.769557,-0.355460,0.028609,0.813,2.151
reverse,12,33.6732,2.5741,-0.2000,0.00000,1450.000,1169,decreasing,rolling,1596.387,1287,1596.204,3.696,0,0,1783745403.973765373,-0.166887,-0.898877,0.883676,-0.187847,,,,0.449461,2.769557,-0.355460,0.028609,0.813,2.151
reverse,12,33.6746,2.5754,-0.2000,0.00000,1450.000,1169,decreasing,rolling,1596.479,1287,1596.250,3.741,1,26,1783745404.074073076,-0.176165,-0.914030,0.885582,-0.184753,-0.0176012,0.0019059,-0.1082850,0.467062,2.787158,-0.373062,0.030515,0.813,2.151
