stage,side,candidate,direction,elapsed_s,steering_pulse_us,steering_tick,controller_state,esc_pulse_us,esc_tick,adaptive_feedforward_us,integral_trim_us,fresh_odom,fresh_in_leg,tf_stamp,x_m,y_m,yaw_rad,measured_speed_mps,increment_ds_m,increment_dyaw_rad,leg_motion_m,settled_signed_distance_m,settled_heading_change_rad,front_clearance_m,rear_clearance_m
warmup,center,0,forward,3.3724,1450.000,1169,startup,1422.144,1147,1419.384,0.000,1,1,1783746224.794563293,-0.183494,-0.964092,0.898486,-0.001367,0.0000165,0.0001464,0.000016,0.000000,0.000000,0.760,1.923
warmup,center,0,forward,3.3834,1450.000,1169,startup,1422.144,1147,1419.384,0.000,0,0,1783746224.794563293,-0.183494,-0.964092,0.898486,-0.001367,,,0.000016,0.000000,0.000000,0.760,1.923
warmup,center,0,forward,3.4051,1450.000,1169,startup,1422.144,1147,1419.384,0.000,0,0,1783746224.794563293,-0.183494,-0.964092,0.898486,-0.001367,,,0.000016,0.000000,0.000000,0.760,1.923
warmup,center,0,forward,3.4267,1450.000,1169,startup,1422.144,1147,1419.384,0.000,0,0,1783746224.794563293,-0.183494,-0.964092,0.898486,-0.001367,,,0.000016,0.000000,0.000000,0.760,1.923
warmup,center,0,forward,3.4482,1450.000,1169,startup,1422.144,1147,1419.384,0.000,0,0,1783746224.794563293,-0.183494,-0.964092,0.898486,-0.001367,,,0.000016,0.000000,0.000000,0.760,1.923
warmup,center,0,forward,3.4697,1450.000,1169,startup,1422.144,1147,1419.384,0.000,0,0,1783746224.794563293,-0.183494,-0.964092,0.898486,-0.001367,,,0.000016,0.000000,0.000000,0.753,2.187
warmup,center,0,forward,3.4722,1450.000,1169,startup,1420.904,1146,1419.384,0.000,1,2,1783746224.894641161,-0.184869,-0.963993,0.898208,-0.002970,-0.0007785,-0.0002777,0.000795,0.000000,0.000000,0.753,2.187
warmup,center,0,forward,3.4851,1450.000,1169,startup,1420.904,1146,1419.384,0.000,0,0,1783746224.894641161,-0.184869,-0.963993,0.898208,-0.002970,,,0.000795,0.000000,0.000000,0.753,2.187
warmup,center,0,forward,3.5067,1450.000,1169,startup,1420.904,1146,1419.384,0.000,0,0,1783746224.894641161,-0.184869,-0.963993,0.898208,-0.002970,,,0.000795,0.000000,0.000000,0.753,2.187
warmup,center,0,forward,3.5283,1450.000,1169,startup,1420.904,1146,1419.384,0.000,0,0,1783746224.894641161,-0.184869,-0.963993,0.898208,-0.002970,,,0.000795,0.000000,0.000000,0.753,2.187
warmup,center,0,forward,3.5499,1450.000,1169,startup,1420.904,1146,1419.384,0.000,0,0,1783746224.894641161,-0.184869,-0.963993,0.898208,-0.002970,,,0.000795,0.000000,0.000000,0.753,2.187
warmup,center,0,forward,3.5718,1450.000,1169,startup,1420.904,1146,1419.384,0.000,0,0,1783746224.894641161,-0.184869,-0.963993,0.898208,-0.002970,,,0.000795,0.000000,0.000000,0.755,2.185
warmup,center,0,forward,3.5747,1450.000,1169,startup,1419.664,1145,1419.384,0.000,1,3,1783746224.992790699,-0.185433,-0.964850,0.898409,-0.004831,-0.0010221,0.0002009,0.001817,0.000000,0.000000,0.755,2.185
warmup,center,0,forward,3.5803,1450.000,1169,startup,1419.664,1145,1419.384,0.000,0,0,1783746224.992790699,-0.185433,-0.964850,0.898409,-0.004831,,,0.001817,0.000000,0.000000,0.755,2.185
warmup,center,0,forward,3.6020,1450.000,1169,startup,1419.664,1145,1419.384,0.000,0,0,1783746224.992790699,-0.185433,-0.964850,0.898409,-0.004831,,,0.001817,0.000000,0.000000,0.755,2.185
warmup,center,0,forward,3.6236,1450.000,1169,startup,1419.664,1145,1419.384,0.000,0,0,1783746224.992790699,-0.185433,-0.964850,0.898409,-0.004831,,,0.001817,0.000000,0.000000,0.755,2.185
warmup,center,0,forward,3.6451,1450.000,1169,startup,1419.664,1145,1419.384,0.000,0,0,1783746224.992790699,-0.185433,-0.964850,0.898409,-0.004831,,,0.001817,0.000000,0.000000,0.755,2.185
warmup,center,0,forward,3.6666,1450.000,1169,startup,1419.664,1145,1419.384,0.000,0,0,1783746224.992790699,-0.185433,-0.964850,0.898409,-0.004831,,,0.001817,0.000000,0.000000,0.752,1.916
warmup,center,0,forward,3.6697,1450.000,1169,startup,1418.424,1144,1419.384,0.000,1,4,1783746225.093500376,-0.183283,-0.963743,0.897819,0.001851,0.0022054,-0.0005902,0.004022,0.000000,0.000000,0.752,1.916
warmup,center,0,forward,3.6866,1450.000,1169,startup,1418.424,1144,1419.384,0.000,0,0,1783746225.093500376,-0.183283,-0.963743,0.897819,0.001851,,,0.004022,0.000000,0.000000,0.752,1.916
warmup,center,0,forward,3.7083,1450.000,1169,startup,1418.424,1144,1419.384,0.000,0,0,1783746225.093500376,-0.183283,-0.963743,0.897819,0.001851,,,0.004022,0.000000,0.000000,0.752,1.916
warmup,center,0,forward,3.7298,1450.000,1169,startup,1418.424,1144,1419.384,0.000,0,0,1783746225.093500376,-0.183283,-0.963743,0.897819,0.001851,,,0.004022,0.000000,0.000000,0.752,1.916
warmup,center,0,forward,3.7514,1450.000,1169,startup,1418.424,1144,1419.384,0.000,0,0,1783746225.093500376,-0.183283,-0.963743,0.897819,0.001851,,,0.004022,0.000000,0.000000,0.751,2.184
warmup,center,0,forward,3.7705,1450.000,1169,startup,1415.324,1141,1419.384,0.000,1,5,1783746225.190671206,-0.182599,-0.963558,0.897658,0.002859,0.0005714,-0.0001607,0.004594,0.000000,0.000000,0.751,2.184
warmup,center,0,forward,3.7860,1450.000,1169,startup,1415.324,1141,1419.384,0.000,0,0,1783746225.190671206,-0.182599,-0.963558,0.897658,0.002859,,,0.004594,0.000000,0.000000,0.751,2.184
warmup,center,0,forward,3.8076,1450.000,1169,startup,1415.324,1141,1419.384,0.000,0,0,1783746225.190671206,-0.182599,-0.963558,0.897658,0.002859,,,0.004594,0.000000,0.000000,0.751,2.184
warmup,center,0,forward,3.8292,1450.000,1169,startup,1415.324,1141,1419.384,0.000,0,0,1783746225.190671206,-0.182599,-0.963558,0.897658,0.002859,,,0.004594,0.000000,0.000000,0.751,2.184
warmup,center,0,forward,3.8507,1450.000,1169,startup,1415.324,1141,1419.384,0.000,0,0,1783746225.190671206,-0.182599,-0.963558,0.897658,0.002859,,,0.004594,0.000000,0.000000,0.762,2.184
warmup,center,0,forward,3.8706,1450.000,1169,startup,1412.224,1139,1419.384,0.000,1,6,1783746225.291400433,-0.182599,-0.963620,0.897977,0.002023,-0.0000489,0.0003184,0.004643,0.000000,0.000000,0.762,2.184
warmup,center,0,forward,3.8777,1450.000,1169,startup,1412.224,1139,1419.384,0.000,0,0,1783746225.291400433,-0.182599,-0.963620,0.897977,0.002023,,,0.004643,0.000000,0.000000,0.762,2.184
warmup,center,0,forward,3.8994,1450.000,1169,startup,1412.224,1139,1419.384,0.000,0,0,1783746225.291400433,-0.182599,-0.963620,0.897977,0.002023,,,0.004643,0.000000,0.000000,0.762,2.184
warmup,center,0,forward,3.9209,1450.000,1169,startup,1412.224,1139,1419.384,0.000,0,0,1783746225.291400433,-0.182599,-0.963620,0.897977,0.002023,,,0.004643,0.000000,0.000000,0.762,2.184
warmup,center,0,forward,3.9425,1450.000,1169,startup,1412.224,1139,1419.384,0.000,0,0,1783746225.291400433,-0.182599,-0.963620,0.897977,0.002023,,,0.004643,0.000000,0.000000,0.762,2.184
warmup,center,0,forward,3.9640,1450.000,1169,startup,1412.224,1139,1419.384,0.000,0,0,1783746225.291400433,-0.182599,-0.963620,0.897977,0.002023,,,0.004643,0.000000,0.000000,0.760,2.185
warmup,center,0,forward,3.9712,1450.000,1169,startup,1409.124,1136,1419.384,0.000,1,7,1783746225.391547680,-0.181474,-0.963221,0.898317,0.004046,0.0010132,0.0003399,0.005656,0.000000,0.000000,0.760,2.185
warmup,center,0,forward,3.9817,1450.000,1169,startup,1409.124,1136,1419.384,0.000,0,0,1783746225.391547680,-0.181474,-0.963221,0.898317,0.004046,,,0.005656,0.000000,0.000000,0.760,2.185
warmup,center,0,forward,4.0033,1450.000,1169,startup,1409.124,1136,1419.384,0.000,0,0,1783746225.391547680,-0.181474,-0.963221,0.898317,0.004046,,,0.005656,0.000000,0.000000,0.760,2.185
warmup,center,0,forward,4.0249,1450.000,1169,startup,1409.124,1136,1419.384,0.000,0,0,1783746225.391547680,-0.181474,-0.963221,0.898317,0.004046,,,0.005656,0.000000,0.000000,0.760,2.185
warmup,center,0,forward,4.0464,1450.000,1169,startup,1409.124,1136,1419.384,0.000,0,0,1783746225.391547680,-0.181474,-0.963221,0.898317,0.004046,,,0.005656,0.000000,0.000000,0.760,2.185
warmup,center,0,forward,4.0679,1450.000,1169,startup,1409.124,1136,1419.384,0.000,0,0,1783746225.391547680,-0.181474,-0.963221,0.898317,0.004046,,,0.005656,0.000000,0.000000,0.753,2.184
warmup,center,0,forward,4.0715,1450.000,1169,startup,1406.024,1134,1419.384,0.000,1,8,1783746225.492146730,-0.183372,-0.961305,0.898704,0.003823,0.0003171,0.0003871,0.005973,0.000000,0.000000,0.753,2.184
warmup,center,0,forward,4.0890,1450.000,1169,startup,1406.024,1134,1419.384,0.000,0,0,1783746225.492146730,-0.183372,-0.961305,0.898704,0.003823,,,0.005973,0.000000,0.000000,0.753,2.184
warmup,center,0,forward,4.1108,1450.000,1169,startup,1406.024,1134,1419.384,0.000,0,0,1783746225.492146730,-0.183372,-0.961305,0.898704,0.003823,,,0.005973,0.000000,0.000000,0.753,2.184
warmup,center,0,forward,4.1324,1450.000,1169,startup,1406.024,1134,1419.384,0.000,0,0,1783746225.492146730,-0.183372,-0.961305,0.898704,0.003823,,,0.005973,0.000000,0.000000,0.753,2.184
warmup,center,0,forward,4.1539,1450.000,1169,startup,1406.024,1134,1419.384,0.000,0,0,1783746225.492146730,-0.183372,-0.961305,0.898704,0.003823,,,0.005973,0.000000,0.000000,0.754,2.175
warmup,center,0,forward,4.1695,1450.000,1169,startup,1402.924,1131,1419.384,0.000,1,9,1783746225.592419386,-0.182253,-0.962017,0.898508,0.003215,0.0001397,-0.0001957,0.006113,0.000000,0.000000,0.754,2.175
warmup,center,0,forward,4.1839,1450.000,1169,startup,1402.924,1131,1419.384,0.000,0,0,1783746225.592419386,-0.182253,-0.962017,0.898508,0.003215,,,0.006113,0.000000,0.000000,0.754,2.175
warmup,center,0,forward,4.2055,1450.000,1169,startup,1402.924,1131,1419.384,0.000,0,0,1783746225.592419386,-0.182253,-0.962017,0.898508,0.003215,,,0.006113,0.000000,0.000000,0.754,2.175
warmup,center,0,forward,4.2270,1450.000,1169,startup,1402.924,1131,1419.384,0.000,0,0,1783746225.592419386,-0.182253,-0.962017,0.898508,0.003215,,,0.006113,0.000000,0.000000,0.754,2.175
warmup,center,0,forward,4.2486,1450.000,1169,startup,1402.924,1131,1419.384,0.000,0,0,1783746225.592419386,-0.182253,-0.962017,0.898508,0.003215,,,0.006113,0.000000,0.000000,0.756,2.161
warmup,center,0,forward,4.2701,1450.000,1169,startup,1399.824,1129,1419.384,0.000,1,10,1783746225.690366983,-0.177714,-0.957856,0.899270,0.017934,0.0060815,0.0007614,0.012194,0.000000,0.000000,0.756,2.161
warmup,center,0,forward,4.2866,1450.000,1169,startup,1399.824,1129,1419.384,0.000,0,0,1783746225.690366983,-0.177714,-0.957856,0.899270,0.017934,,,0.012194,0.000000,0.000000,0.756,2.161
warmup,center,0,forward,4.3082,1450.000,1169,startup,1399.824,1129,1419.384,0.000,0,0,1783746225.690366983,-0.177714,-0.957856,0.899270,0.017934,,,0.012194,0.000000,0.000000,0.756,2.161
warmup,center,0,forward,4.3297,1450.000,1169,startup,1399.824,1129,1419.384,0.000,0,0,1783746225.690366983,-0.177714,-0.957856,0.899270,0.017934,,,0.012194,0.000000,0.000000,0.756,2.161
warmup,center,0,forward,4.3513,1450.000,1169,startup,1399.824,1129,1419.384,0.000,0,0,1783746225.690366983,-0.177714,-0.957856,0.899270,0.017934,,,0.012194,0.000000,0.000000,0.762,2.141
warmup,center,0,forward,4.3701,1450.000,1169,startup,1399.824,1129,1419.384,0.000,0,0,1783746225.690366983,-0.177714,-0.957856,0.899270,0.017934,,,0.012194,0.000000,0.000000,0.762,2.141
warmup,center,0,forward,4.3920,1450.000,1169,rolling,1419.384,1145,1419.384,0.000,1,11,1783746225.790994167,-0.167065,-0.937141,0.899112,0.070201,0.0228427,-0.0001581,0.035037,0.000000,0.000000,0.762,2.141
warmup,center,0,forward,4.3950,1450.000,1169,rolling,1419.384,1145,1419.384,0.000,0,0,1783746225.790994167,-0.167065,-0.937141,0.899112,0.070201,,,0.035037,0.000000,0.000000,0.762,2.141
warmup,center,0,forward,4.4167,1450.000,1169,rolling,1419.384,1145,1419.384,0.000,0,0,1783746225.790994167,-0.167065,-0.937141,0.899112,0.070201,,,0.035037,0.000000,0.000000,0.762,2.141
warmup,center,0,forward,4.4383,1450.000,1169,rolling,1419.384,1145,1419.384,0.000,0,0,1783746225.790994167,-0.167065,-0.937141,0.899112,0.070201,,,0.035037,0.000000,0.000000,0.762,2.141
warmup,center,0,forward,4.4599,1450.000,1169,rolling,1419.384,1145,1419.384,0.000,0,0,1783746225.790994167,-0.167065,-0.937141,0.899112,0.070201,,,0.035037,0.000000,0.000000,0.780,2.112
warmup,center,0,forward,4.4704,1450.000,1169,rolling,1417.164,1143,1419.094,-0.290,1,12,1783746225.891012430,-0.152553,-0.922704,0.899475,0.103470,0.0203313,0.0003635,0.055368,0.020331,0.000364,0.780,2.112
warmup,center,0,forward,4.4837,1450.000,1169,rolling,1417.164,1143,1419.094,-0.290,0,0,1783746225.891012430,-0.152553,-0.922704,0.899475,0.103470,,,0.055368,0.020331,0.000364,0.780,2.112
warmup,center,0,forward,4.5054,1450.000,1169,rolling,1417.164,1143,1419.094,-0.290,0,0,1783746225.891012430,-0.152553,-0.922704,0.899475,0.103470,,,0.055368,0.020331,0.000364,0.780,2.112
warmup,center,0,forward,4.5269,1450.000,1169,rolling,1417.164,1143,1419.094,-0.290,0,0,1783746225.891012430,-0.152553,-0.922704,0.899475,0.103470,,,0.055368,0.020331,0.000364,0.780,2.112
warmup,center,0,forward,4.5487,1450.000,1169,rolling,1417.164,1143,1419.094,-0.290,0,0,1783746225.891012430,-0.152553,-0.922704,0.899475,0.103470,,,0.055368,0.020331,0.000364,0.804,2.082
warmup,center,0,forward,4.5709,1450.000,1169,rolling,1417.164,1143,1419.094,-0.290,0,0,1783746225.891012430,-0.152553,-0.922704,0.899475,0.103470,,,0.055368,0.020331,0.000364,0.804,2.082
warmup,center,0,forward,4.5942,1450.000,1169,rolling,1417.777,1143,1418.922,-0.462,1,13,1783746225.991408110,-0.137581,-0.901177,0.899334,0.142767,0.0261689,-0.0001415,0.081537,0.046500,0.000222,0.804,2.082
warmup,center,0,forward,4.6019,1450.000,1169,rolling,1417.777,1143,1418.922,-0.462,0,0,1783746225.991408110,-0.137581,-0.901177,0.899334,0.142767,,,0.081537,0.046500,0.000222,0.804,2.082
warmup,center,0,forward,4.6238,1450.000,1169,rolling,1417.777,1143,1418.922,-0.462,0,0,1783746225.991408110,-0.137581,-0.901177,0.899334,0.142767,,,0.081537,0.046500,0.000222,0.804,2.082
warmup,center,0,forward,4.6453,1450.000,1169,rolling,1417.777,1143,1418.922,-0.462,0,0,1783746225.991408110,-0.137581,-0.901177,0.899334,0.142767,,,0.081537,0.046500,0.000222,0.804,2.082
warmup,center,0,forward,4.6669,1450.000,1169,rolling,1417.777,1143,1418.922,-0.462,0,0,1783746225.991408110,-0.137581,-0.901177,0.899334,0.142767,,,0.081537,0.046500,0.000222,0.827,1.844
warmup,center,0,forward,4.6715,1450.000,1169,rolling,1418.622,1144,1418.883,-0.501,1,14,1783746226.091976166,-0.116802,-0.876624,0.898897,0.186998,0.0321506,-0.0004370,0.113688,0.078651,-0.000215,0.827,1.844
warmup,center,0,forward,4.6883,1450.000,1169,rolling,1418.622,1144,1418.883,-0.501,0,0,1783746226.091976166,-0.116802,-0.876624,0.898897,0.186998,,,0.113688,0.078651,-0.000215,0.827,1.844
warmup,center,0,forward,4.7100,1450.000,1169,rolling,1418.622,1144,1418.883,-0.501,0,0,1783746226.091976166,-0.116802,-0.876624,0.898897,0.186998,,,0.113688,0.078651,-0.000215,0.827,1.844
warmup,center,0,forward,4.7315,1450.000,1169,rolling,1418.622,1144,1418.883,-0.501,0,0,1783746226.091976166,-0.116802,-0.876624,0.898897,0.186998,,,0.113688,0.078651,-0.000215,0.827,1.844
warmup,center,0,forward,4.7531,1450.000,1169,rolling,1418.622,1144,1418.883,-0.501,0,0,1783746226.091976166,-0.116802,-0.876624,0.898897,0.186998,,,0.113688,0.078651,-0.000215,0.846,2.041
warmup,center,0,forward,4.7720,1450.000,1169,rolling,1418.981,1144,1418.895,-0.488,1,15,1783746226.192417383,-0.102380,-0.855230,0.898399,0.204267,0.0257203,-0.0004973,0.139408,0.104371,-0.000712,0.846,2.041
warmup,center,0,forward,4.7876,1450.000,1169,rolling,1418.981,1144,1418.895,-0.488,0,0,1783746226.192417383,-0.102380,-0.855230,0.898399,0.204267,,,0.139408,0.104371,-0.000712,0.846,2.041
warmup,center,0,forward,4.8093,1450.000,1169,rolling,1418.981,1144,1418.895,-0.488,0,0,1783746226.192417383,-0.102380,-0.855230,0.898399,0.204267,,,0.139408,0.104371,-0.000712,0.846,2.041
warmup,center,0,forward,4.8309,1450.000,1169,rolling,1418.981,1144,1418.895,-0.488,0,0,1783746226.192417383,-0.102380,-0.855230,0.898399,0.204267,,,0.139408,0.104371,-0.000712,0.846,2.041
warmup,center,0,forward,4.8525,1450.000,1169,rolling,1418.981,1144,1418.895,-0.488,0,0,1783746226.192417383,-0.102380,-0.855230,0.898399,0.204267,,,0.139408,0.104371,-0.000712,0.865,2.022
warmup,center,0,forward,4.8725,1450.000,1169,rolling,1418.946,1144,1418.902,-0.482,1,16,1783746226.292886734,-0.090853,-0.839246,0.898675,0.202181,0.0196844,0.0002754,0.159092,0.124056,-0.000437,0.865,2.022
warmup,center,0,forward,4.8826,1450.000,1169,rolling,1418.946,1144,1418.902,-0.482,0,0,1783746226.292886734,-0.090853,-0.839246,0.898675,0.202181,,,0.159092,0.124056,-0.000437,0.865,2.022
warmup,center,0,forward,4.9043,1450.000,1169,rolling,1418.946,1144,1418.902,-0.482,0,0,1783746226.292886734,-0.090853,-0.839246,0.898675,0.202181,,,0.159092,0.124056,-0.000437,0.865,2.022
warmup,center,0,forward,4.9259,1450.000,1169,rolling,1418.946,1144,1418.902,-0.482,0,0,1783746226.292886734,-0.090853,-0.839246,0.898675,0.202181,,,0.159092,0.124056,-0.000437,0.865,2.022
warmup,center,0,forward,4.9475,1450.000,1169,rolling,1418.946,1144,1418.902,-0.482,0,0,1783746226.292886734,-0.090853,-0.839246,0.898675,0.202181,,,0.159092,0.124056,-0.000437,0.865,2.022
warmup,center,0,forward,4.9690,1450.000,1169,rolling,1418.946,1144,1418.902,-0.482,0,0,1783746226.292886734,-0.090853,-0.839246,0.898675,0.202181,,,0.159092,0.124056,-0.000437,0.881,2.004
warmup,center,0,forward,4.9727,1450.000,1169,rolling,1418.574,1144,1418.859,-0.525,1,17,1783746226.393122673,-0.079724,-0.830632,0.898544,0.185730,0.0136700,-0.0001303,0.172762,0.137726,-0.000567,0.881,2.004
warmup,center,0,forward,4.9890,1450.000,1169,rolling,1418.574,1144,1418.859,-0.525,0,0,1783746226.393122673,-0.079724,-0.830632,0.898544,0.185730,,,0.172762,0.137726,-0.000567,0.881,2.004
warmup,center,0,forward,5.0106,1450.000,1169,rolling,1418.574,1144,1418.859,-0.525,0,0,1783746226.393122673,-0.079724,-0.830632,0.898544,0.185730,,,0.172762,0.137726,-0.000567,0.881,2.004
warmup,center,0,forward,5.0321,1450.000,1169,rolling,1418.574,1144,1418.859,-0.525,0,0,1783746226.393122673,-0.079724,-0.830632,0.898544,0.185730,,,0.172762,0.137726,-0.000567,0.881,2.004
warmup,center,0,forward,5.0536,1450.000,1169,rolling,1418.574,1144,1418.859,-0.525,0,0,1783746226.393122673,-0.079724,-0.830632,0.898544,0.185730,,,0.172762,0.137726,-0.000567,0.895,1.745
warmup,center,0,forward,5.0731,1450.000,1169,rolling,1417.971,1144,1418.743,-0.641,1,18,1783746226.493699551,-0.074337,-0.823547,0.899659,0.161416,0.0088982,0.0011142,0.181661,0.146624,0.000547,0.895,1.745
warmup,center,0,forward,5.0915,1450.000,1169,rolling,1417.971,1144,1418.743,-0.641,0,0,1783746226.493699551,-0.074337,-0.823547,0.899659,0.161416,,,0.181661,0.146624,0.000547,0.895,1.745
warmup,center,0,forward,5.1132,1450.000,1169,rolling,1417.971,1144,1418.743,-0.641,0,0,1783746226.493699551,-0.074337,-0.823547,0.899659,0.161416,,,0.181661,0.146624,0.000547,0.895,1.745
warmup,center,0,forward,5.1347,1450.000,1169,rolling,1417.971,1144,1418.743,-0.641,0,0,1783746226.493699551,-0.074337,-0.823547,0.899659,0.161416,,,0.181661,0.146624,0.000547,0.895,1.745
warmup,center,0,forward,5.1562,1450.000,1169,rolling,1417.971,1144,1418.743,-0.641,0,0,1783746226.493699551,-0.074337,-0.823547,0.899659,0.161416,,,0.181661,0.146624,0.000547,0.908,1.977
warmup,center,0,forward,5.1705,1450.000,1169,rolling,1417.476,1143,1418.577,-0.807,1,19,1783746226.593963623,-0.068695,-0.815786,0.900052,0.144965,0.0095865,0.0003937,0.191247,0.156210,0.000941,0.908,1.977
warmup,center,0,forward,5.1799,1450.000,1169,rolling,1417.476,1143,1418.577,-0.807,0,0,1783746226.593963623,-0.068695,-0.815786,0.900052,0.144965,,,0.191247,0.156210,0.000941,0.908,1.977
warmup,center,0,forward,5.2015,1450.000,1169,rolling,1417.476,1143,1418.577,-0.807,0,0,1783746226.593963623,-0.068695,-0.815786,0.900052,0.144965,,,0.191247,0.156210,0.000941,0.908,1.977
warmup,center,0,forward,5.2231,1450.000,1169,rolling,1417.476,1143,1418.577,-0.807,0,0,1783746226.593963623,-0.068695,-0.815786,0.900052,0.144965,,,0.191247,0.156210,0.000941,0.908,1.977
warmup,center,0,forward,5.2446,1450.000,1169,rolling,1417.476,1143,1418.577,-0.807,0,0,1783746226.593963623,-0.068695,-0.815786,0.900052,0.144965,,,0.191247,0.156210,0.000941,0.908,1.977
warmup,center,0,forward,5.2663,1450.000,1169,rolling,1417.476,1143,1418.577,-0.807,0,0,1783746226.593963623,-0.068695,-0.815786,0.900052,0.144965,,,0.191247,0.156210,0.000941,0.919,1.964
warmup,center,0,forward,5.2714,1450.000,1169,rolling,1417.548,1143,1418.446,-0.938,1,20,1783746226.691545486,-0.058326,-0.800908,0.900173,0.155096,0.0181002,0.0001206,0.209347,0.174310,0.001061,0.919,1.964
warmup,center,0,forward,5.2881,1450.000,1169,rolling,1417.548,1143,1418.446,-0.938,0,0,1783746226.691545486,-0.058326,-0.800908,0.900173,0.155096,,,0.209347,0.174310,0.001061,0.919,1.964
warmup,center,0,forward,5.3099,1450.000,1169,rolling,1417.548,1143,1418.446,-0.938,0,0,1783746226.691545486,-0.058326,-0.800908,0.900173,0.155096,,,0.209347,0.174310,0.001061,0.919,1.964
warmup,center,0,forward,5.3314,1450.000,1169,rolling,1417.548,1143,1418.446,-0.938,0,0,1783746226.691545486,-0.058326,-0.800908,0.900173,0.155096,,,0.209347,0.174310,0.001061,0.919,1.964
warmup,center,0,forward,5.3530,1450.000,1169,rolling,1417.548,1143,1418.446,-0.938,0,0,1783746226.691545486,-0.058326,-0.800908,0.900173,0.155096,,,0.209347,0.174310,0.001061,0.932,1.952
warmup,center,0,forward,5.3716,1450.000,1169,rolling,1417.548,1143,1418.446,-0.938,0,0,1783746226.691545486,-0.058326,-0.800908,0.900173,0.155096,,,0.209347,0.174310,0.001061,0.932,1.952
warmup,center,0,forward,5.3937,1450.000,1169,rolling,1417.488,1143,1418.320,-1.064,1,21,1783746226.792309284,-0.047315,-0.788001,0.902880,0.158385,0.0169540,0.0027068,0.226301,0.191264,0.003768,0.932,1.952
warmup,center,0,forward,5.3955,1450.000,1169,rolling,1417.488,1143,1418.320,-1.064,0,0,1783746226.792309284,-0.047315,-0.788001,0.902880,0.158385,,,0.226301,0.191264,0.003768,0.932,1.952
warmup,center,0,forward,5.4171,1450.000,1169,rolling,1417.488,1143,1418.320,-1.064,0,0,1783746226.792309284,-0.047315,-0.788001,0.902880,0.158385,,,0.226301,0.191264,0.003768,0.932,1.952
warmup,center,0,forward,5.4386,1450.000,1169,rolling,1417.488,1143,1418.320,-1.064,0,0,1783746226.792309284,-0.047315,-0.788001,0.902880,0.158385,,,0.226301,0.191264,0.003768,0.932,1.952
warmup,center,0,forward,5.4601,1450.000,1169,rolling,1417.488,1143,1418.320,-1.064,0,0,1783746226.792309284,-0.047315,-0.788001,0.902880,0.158385,,,0.226301,0.191264,0.003768,0.942,1.938
warmup,center,0,forward,5.4695,1450.000,1169,rolling,1416.799,1143,1418.121,-1.263,1,22,1783746226.892558098,-0.042793,-0.783862,0.901837,0.133879,0.0060511,-0.0010428,0.232352,0.197316,0.002725,0.942,1.938
warmup,center,0,forward,5.4864,1450.000,1169,rolling,1416.799,1143,1418.121,-1.263,0,0,1783746226.892558098,-0.042793,-0.783862,0.901837,0.133879,,,0.232352,0.197316,0.002725,0.942,1.938
warmup,center,0,forward,5.5080,1450.000,1169,rolling,1416.799,1143,1418.121,-1.263,0,0,1783746226.892558098,-0.042793,-0.783862,0.901837,0.133879,,,0.232352,0.197316,0.002725,0.942,1.938
warmup,center,0,forward,5.5295,1450.000,1169,rolling,1416.799,1143,1418.121,-1.263,0,0,1783746226.892558098,-0.042793,-0.783862,0.901837,0.133879,,,0.232352,0.197316,0.002725,0.942,1.938
warmup,center,0,forward,5.5511,1450.000,1169,rolling,1416.799,1143,1418.121,-1.263,0,0,1783746226.892558098,-0.042793,-0.783862,0.901837,0.133879,,,0.232352,0.197316,0.002725,0.957,1.923
warmup,center,0,forward,5.5703,1450.000,1169,rolling,1417.073,1143,1417.987,-1.397,1,23,1783746226.990469694,-0.031148,-0.766155,0.901140,0.154314,0.0211115,-0.0006972,0.253464,0.218427,0.002028,0.957,1.923
warmup,center,0,forward,5.5898,1450.000,1169,rolling,1417.073,1143,1417.987,-1.397,0,0,1783746226.990469694,-0.031148,-0.766155,0.901140,0.154314,,,0.253464,0.218427,0.002028,0.957,1.923
warmup,center,0,forward,5.6114,1450.000,1169,rolling,1417.073,1143,1417.987,-1.397,0,0,1783746226.990469694,-0.031148,-0.766155,0.901140,0.154314,,,0.253464,0.218427,0.002028,0.957,1.923
warmup,center,0,forward,5.6333,1450.000,1169,rolling,1417.073,1143,1417.987,-1.397,0,0,1783746226.990469694,-0.031148,-0.766155,0.901140,0.154314,,,0.253464,0.218427,0.002028,0.957,1.923
warmup,center,0,forward,5.6549,1450.000,1169,rolling,1417.073,1143,1417.987,-1.397,0,0,1783746226.990469694,-0.031148,-0.766155,0.901140,0.154314,,,0.253464,0.218427,0.002028,0.971,1.907
warmup,center,0,forward,5.6682,1450.000,1169,rolling,1417.265,1143,1417.892,-1.492,1,24,1783746227.091146946,-0.019400,-0.748269,0.900220,0.168664,0.0213146,-0.0009191,0.274779,0.239742,0.001109,0.971,1.907
warmup,center,0,forward,5.6761,1450.000,1169,rolling,1417.265,1143,1417.892,-1.492,0,0,1783746227.091146946,-0.019400,-0.748269,0.900220,0.168664,,,0.274779,0.239742,0.001109,0.971,1.907
warmup,center,0,forward,5.6979,1450.000,1169,rolling,1417.265,1143,1417.892,-1.492,0,0,1783746227.091146946,-0.019400,-0.748269,0.900220,0.168664,,,0.274779,0.239742,0.001109,0.971,1.907
warmup,center,0,forward,5.7196,1450.000,1169,rolling,1417.265,1143,1417.892,-1.492,0,0,1783746227.091146946,-0.019400,-0.748269,0.900220,0.168664,,,0.274779,0.239742,0.001109,0.971,1.907
warmup,center,0,forward,5.7411,1450.000,1169,rolling,1417.265,1143,1417.892,-1.492,0,0,1783746227.091146946,-0.019400,-0.748269,0.900220,0.168664,,,0.274779,0.239742,0.001109,0.971,1.907
warmup,center,0,forward,5.7627,1450.000,1169,rolling,1417.265,1143,1417.892,-1.492,0,0,1783746227.091146946,-0.019400,-0.748269,0.900220,0.168664,,,0.274779,0.239742,0.001109,0.985,1.890
warmup,center,0,forward,5.7683,1450.000,1169,rolling,1416.685,1142,1417.737,-1.646,1,25,1783746227.189116240,-0.013481,-0.742516,0.902385,0.147382,0.0081840,0.0021646,0.282963,0.247926,0.003274,0.985,1.890
warmup,center,0,forward,5.7898,1450.000,1169,rolling,1416.685,1142,1417.737,-1.646,0,0,1783746227.189116240,-0.013481,-0.742516,0.902385,0.147382,,,0.282963,0.247926,0.003274,0.985,1.890
warmup,center,0,forward,5.8115,1450.000,1169,rolling,1416.685,1142,1417.737,-1.646,0,0,1783746227.189116240,-0.013481,-0.742516,0.902385,0.147382,,,0.282963,0.247926,0.003274,0.985,1.890
warmup,center,0,forward,5.8330,1450.000,1169,rolling,1416.685,1142,1417.737,-1.646,0,0,1783746227.189116240,-0.013481,-0.742516,0.902385,0.147382,,,0.282963,0.247926,0.003274,0.985,1.890
warmup,center,0,forward,5.8545,1450.000,1169,rolling,1416.685,1142,1417.737,-1.646,0,0,1783746227.189116240,-0.013481,-0.742516,0.902385,0.147382,,,0.282963,0.247926,0.003274,0.999,1.875
warmup,center,0,forward,5.8689,1450.000,1169,rolling,1416.521,1142,1417.579,-1.805,1,26,1783746227.289316893,-0.004111,-0.731220,0.903021,0.147143,0.0146719,0.0006355,0.297635,0.262598,0.003909,0.999,1.875
warmup,center,0,forward,5.8896,1450.000,1169,rolling,1416.521,1142,1417.579,-1.805,0,0,1783746227.289316893,-0.004111,-0.731220,0.903021,0.147143,,,0.297635,0.262598,0.003909,0.999,1.875
warmup,center,0,forward,5.9112,1450.000,1169,rolling,1416.521,1142,1417.579,-1.805,0,0,1783746227.289316893,-0.004111,-0.731220,0.903021,0.147143,,,0.297635,0.262598,0.003909,0.999,1.875
warmup,center,0,forward,5.9328,1450.000,1169,rolling,1416.521,1142,1417.579,-1.805,0,0,1783746227.289316893,-0.004111,-0.731220,0.903021,0.147143,,,0.297635,0.262598,0.003909,0.999,1.875
warmup,center,0,forward,5.9543,1450.000,1169,rolling,1416.521,1142,1417.579,-1.805,0,0,1783746227.289316893,-0.004111,-0.731220,0.903021,0.147143,,,0.297635,0.262598,0.003909,1.018,1.855
warmup,center,0,forward,5.9691,1450.000,1169,rolling,1416.511,1142,1417.439,-1.945,1,27,1783746227.389787197,0.005964,-0.717026,0.901120,0.153612,0.0173834,-0.0019008,0.315018,0.279981,0.002008,1.018,1.855
warmup,center,0,forward,5.9798,1450.000,1169,rolling,1416.511,1142,1417.439,-1.945,0,0,1783746227.389787197,0.005964,-0.717026,0.901120,0.153612,,,0.315018,0.279981,0.002008,1.018,1.855
warmup,center,0,forward,6.0015,1450.000,1169,rolling,1416.511,1142,1417.439,-1.945,0,0,1783746227.389787197,0.005964,-0.717026,0.901120,0.153612,,,0.315018,0.279981,0.002008,1.018,1.855
warmup,center,0,forward,6.0231,1450.000,1169,rolling,1416.511,1142,1417.439,-1.945,0,0,1783746227.389787197,0.005964,-0.717026,0.901120,0.153612,,,0.315018,0.279981,0.002008,1.018,1.855
warmup,center,0,forward,6.0446,1450.000,1169,rolling,1416.511,1142,1417.439,-1.945,0,0,1783746227.389787197,0.005964,-0.717026,0.901120,0.153612,,,0.315018,0.279981,0.002008,1.036,1.833
warmup,center,0,forward,6.0668,1450.000,1169,rolling,1416.895,1143,1417.368,-2.016,1,28,1783746227.490068197,0.021826,-0.698304,0.898548,0.176352,0.0245260,-0.0025721,0.339544,0.304507,-0.000564,1.036,1.833
warmup,center,0,forward,6.0831,1450.000,1169,rolling,1416.895,1143,1417.368,-2.016,0,0,1783746227.490068197,0.021826,-0.698304,0.898548,0.176352,,,0.339544,0.304507,-0.000564,1.036,1.833
warmup,center,0,forward,6.1047,1450.000,1169,rolling,1416.895,1143,1417.368,-2.016,0,0,1783746227.490068197,0.021826,-0.698304,0.898548,0.176352,,,0.339544,0.304507,-0.000564,1.036,1.833
warmup,center,0,forward,6.1263,1450.000,1169,rolling,1416.895,1143,1417.368,-2.016,0,0,1783746227.490068197,0.021826,-0.698304,0.898548,0.176352,,,0.339544,0.304507,-0.000564,1.036,1.833
warmup,center,0,forward,6.1479,1450.000,1169,rolling,1416.895,1143,1417.368,-2.016,0,0,1783746227.490068197,0.021826,-0.698304,0.898548,0.176352,,,0.339544,0.304507,-0.000564,1.056,1.814
warmup,center,0,forward,6.1673,1450.000,1169,rolling,1417.410,1143,1417.373,-2.011,1,29,1783746227.587702513,0.037871,-0.676351,0.897452,0.201829,0.0271677,-0.0010954,0.366712,0.331675,-0.001659,1.056,1.814
warmup,center,0,forward,6.1763,1450.000,1169,rolling,1417.410,1143,1417.373,-2.011,0,0,1783746227.587702513,0.037871,-0.676351,0.897452,0.201829,,,0.366712,0.331675,-0.001659,1.056,1.814
warmup,center,0,forward,6.1980,1450.000,1169,rolling,1417.410,1143,1417.373,-2.011,0,0,1783746227.587702513,0.037871,-0.676351,0.897452,0.201829,,,0.366712,0.331675,-0.001659,1.056,1.814
warmup,center,0,forward,6.2195,1450.000,1169,rolling,1417.410,1143,1417.373,-2.011,0,0,1783746227.587702513,0.037871,-0.676351,0.897452,0.201829,,,0.366712,0.331675,-0.001659,1.056,1.814
warmup,center,0,forward,6.2410,1450.000,1169,rolling,1417.410,1143,1417.373,-2.011,0,0,1783746227.587702513,0.037871,-0.676351,0.897452,0.201829,,,0.366712,0.331675,-0.001659,1.056,1.814
warmup,center,0,forward,6.2625,1450.000,1169,rolling,1417.410,1143,1417.373,-2.011,0,0,1783746227.587702513,0.037871,-0.676351,0.897452,0.201829,,,0.366712,0.331675,-0.001659,1.074,1.798
warmup,center,0,forward,6.2675,1450.000,1169,rolling,1417.328,1143,1417.367,-2.017,1,30,1783746227.688140869,0.048728,-0.661019,0.897189,0.198057,0.0187557,-0.0002632,0.385467,0.350430,-0.001922,1.074,1.798
warmup,center,0,reverse,7.5384,1450.000,1169,startup,1588.509,1281,1592.509,0.000,0,0,1783746228.892759800,0.049331,-0.657560,0.899481,-0.018818,,,0.000000,0.000000,0.000000,1.095,1.784
warmup,center,0,reverse,7.5600,1450.000,1169,startup,1588.509,1281,1592.509,0.000,0,0,1783746228.892759800,0.049331,-0.657560,0.899481,-0.018818,,,0.000000,0.000000,0.000000,1.094,1.784
warmup,center,0,reverse,7.5703,1450.000,1169,startup,1589.749,1282,1592.509,0.000,1,1,1783746228.990900755,0.050879,-0.657302,0.900071,-0.011146,0.0011647,0.0005899,0.001165,0.000000,0.000000,1.094,1.784
warmup,center,0,reverse,7.5841,1450.000,1169,startup,1589.749,1282,1592.509,0.000,0,0,1783746228.990900755,0.050879,-0.657302,0.900071,-0.011146,,,0.001165,0.000000,0.000000,1.094,1.784
warmup,center,0,reverse,7.6057,1450.000,1169,startup,1589.749,1282,1592.509,0.000,0,0,1783746228.990900755,0.050879,-0.657302,0.900071,-0.011146,,,0.001165,0.000000,0.000000,1.094,1.784
warmup,center,0,reverse,7.6273,1450.000,1169,startup,1589.749,1282,1592.509,0.000,0,0,1783746228.990900755,0.050879,-0.657302,0.900071,-0.011146,,,0.001165,0.000000,0.000000,1.094,1.784
warmup,center,0,reverse,7.6488,1450.000,1169,startup,1589.749,1282,1592.509,0.000,0,0,1783746228.990900755,0.050879,-0.657302,0.900071,-0.011146,,,0.001165,0.000000,0.000000,1.095,1.785
warmup,center,0,reverse,7.6705,1450.000,1169,startup,1590.989,1283,1592.509,0.000,1,2,1783746229.091249704,0.049948,-0.654769,0.900878,-0.004855,0.0014069,0.0008064,0.002572,0.000000,0.000000,1.095,1.785
warmup,center,0,reverse,7.6887,1450.000,1169,startup,1590.989,1283,1592.509,0.000,0,0,1783746229.091249704,0.049948,-0.654769,0.900878,-0.004855,,,0.002572,0.000000,0.000000,1.095,1.785
warmup,center,0,reverse,7.7104,1450.000,1169,startup,1590.989,1283,1592.509,0.000,0,0,1783746229.091249704,0.049948,-0.654769,0.900878,-0.004855,,,0.002572,0.000000,0.000000,1.095,1.785
warmup,center,0,reverse,7.7319,1450.000,1169,startup,1590.989,1283,1592.509,0.000,0,0,1783746229.091249704,0.049948,-0.654769,0.900878,-0.004855,,,0.002572,0.000000,0.000000,1.095,1.785
warmup,center,0,reverse,7.7535,1450.000,1169,startup,1590.989,1283,1592.509,0.000,0,0,1783746229.091249704,0.049948,-0.654769,0.900878,-0.004855,,,0.002572,0.000000,0.000000,1.092,1.789
warmup,center,0,reverse,7.7684,1450.000,1169,startup,1592.229,1284,1592.509,0.000,1,3,1783746229.191475153,0.050710,-0.655975,0.899119,-0.004818,-0.0004717,-0.0017589,0.003043,0.000000,0.000000,1.092,1.789
warmup,center,0,reverse,7.7846,1450.000,1169,startup,1592.229,1284,1592.509,0.000,0,0,1783746229.191475153,0.050710,-0.655975,0.899119,-0.004818,,,0.003043,0.000000,0.000000,1.092,1.789
warmup,center,0,reverse,7.8063,1450.000,1169,startup,1592.229,1284,1592.509,0.000,0,0,1783746229.191475153,0.050710,-0.655975,0.899119,-0.004818,,,0.003043,0.000000,0.000000,1.092,1.789
warmup,center,0,reverse,7.8279,1450.000,1169,startup,1592.229,1284,1592.509,0.000,0,0,1783746229.191475153,0.050710,-0.655975,0.899119,-0.004818,,,0.003043,0.000000,0.000000,1.092,1.789
warmup,center,0,reverse,7.8494,1450.000,1169,startup,1592.229,1284,1592.509,0.000,0,0,1783746229.191475153,0.050710,-0.655975,0.899119,-0.004818,,,0.003043,0.000000,0.000000,1.084,1.798
warmup,center,0,reverse,7.8690,1450.000,1169,startup,1593.469,1285,1592.509,0.000,1,4,1783746229.289370298,0.052191,-0.659358,0.898082,-0.008018,-0.0017249,-0.0010368,0.004768,0.000000,0.000000,1.084,1.798
warmup,center,0,reverse,7.8829,1450.000,1169,startup,1593.469,1285,1592.509,0.000,0,0,1783746229.289370298,0.052191,-0.659358,0.898082,-0.008018,,,0.004768,0.000000,0.000000,1.084,1.798
warmup,center,0,reverse,7.9045,1450.000,1169,startup,1593.469,1285,1592.509,0.000,0,0,1783746229.289370298,0.052191,-0.659358,0.898082,-0.008018,,,0.004768,0.000000,0.000000,1.084,1.798
warmup,center,0,reverse,7.9261,1450.000,1169,startup,1593.469,1285,1592.509,0.000,0,0,1783746229.289370298,0.052191,-0.659358,0.898082,-0.008018,,,0.004768,0.000000,0.000000,1.084,1.798
warmup,center,0,reverse,7.9476,1450.000,1169,startup,1593.469,1285,1592.509,0.000,0,0,1783746229.289370298,0.052191,-0.659358,0.898082,-0.008018,,,0.004768,0.000000,0.000000,1.077,1.808
warmup,center,0,reverse,7.9670,1450.000,1169,startup,1596.569,1288,1592.509,0.000,1,5,1783746229.389943123,0.049296,-0.661256,0.898850,-0.014185,-0.0032873,0.0007678,0.008055,0.000000,0.000000,1.077,1.808
warmup,center,0,reverse,7.9784,1450.000,1169,startup,1596.569,1288,1592.509,0.000,0,0,1783746229.389943123,0.049296,-0.661256,0.898850,-0.014185,,,0.008055,0.000000,0.000000,1.077,1.808
warmup,center,0,reverse,8.0001,1450.000,1169,startup,1596.569,1288,1592.509,0.000,0,0,1783746229.389943123,0.049296,-0.661256,0.898850,-0.014185,,,0.008055,0.000000,0.000000,1.077,1.808
warmup,center,0,reverse,8.0216,1450.000,1169,startup,1596.569,1288,1592.509,0.000,0,0,1783746229.389943123,0.049296,-0.661256,0.898850,-0.014185,,,0.008055,0.000000,0.000000,1.077,1.808
warmup,center,0,reverse,8.0431,1450.000,1169,startup,1596.569,1288,1592.509,0.000,0,0,1783746229.389943123,0.049296,-0.661256,0.898850,-0.014185,,,0.008055,0.000000,0.000000,1.077,1.808
warmup,center,0,reverse,8.0646,1450.000,1169,startup,1596.569,1288,1592.509,0.000,0,0,1783746229.389943123,0.049296,-0.661256,0.898850,-0.014185,,,0.008055,0.000000,0.000000,1.064,1.822
warmup,center,0,reverse,8.0673,1450.000,1169,startup,1599.669,1290,1592.509,0.000,1,6,1783746229.487915754,0.039886,-0.669340,0.897934,-0.041734,-0.0121858,-0.0009161,0.020241,0.000000,0.000000,1.064,1.822
warmup,center,0,reverse,8.0836,1450.000,1169,startup,1599.669,1290,1592.509,0.000,0,0,1783746229.487915754,0.039886,-0.669340,0.897934,-0.041734,,,0.020241,0.000000,0.000000,1.064,1.822
warmup,center,0,reverse,8.1052,1450.000,1169,startup,1599.669,1290,1592.509,0.000,0,0,1783746229.487915754,0.039886,-0.669340,0.897934,-0.041734,,,0.020241,0.000000,0.000000,1.064,1.822
warmup,center,0,reverse,8.1268,1450.000,1169,startup,1599.669,1290,1592.509,0.000,0,0,1783746229.487915754,0.039886,-0.669340,0.897934,-0.041734,,,0.020241,0.000000,0.000000,1.064,1.822
warmup,center,0,reverse,8.1483,1450.000,1169,startup,1599.669,1290,1592.509,0.000,0,0,1783746229.487915754,0.039886,-0.669340,0.897934,-0.041734,,,0.020241,0.000000,0.000000,1.049,1.840
warmup,center,0,reverse,8.1678,1450.000,1169,startup,1599.669,1290,1592.509,0.000,0,0,1783746229.487915754,0.039886,-0.669340,0.897934,-0.041734,,,0.020241,0.000000,0.000000,1.049,1.840
warmup,center,0,reverse,8.1898,1450.000,1169,rolling,1592.509,1284,1592.509,0.000,1,7,1783746229.588141680,0.027463,-0.688250,0.901253,-0.087510,-0.0225345,0.0033195,0.042776,0.000000,0.000000,1.049,1.840
warmup,center,0,reverse,8.1917,1450.000,1169,rolling,1592.509,1284,1592.509,0.000,0,0,1783746229.588141680,0.027463,-0.688250,0.901253,-0.087510,,,0.042776,0.000000,0.000000,1.049,1.840
warmup,center,0,reverse,8.2134,1450.000,1169,rolling,1592.509,1284,1592.509,0.000,0,0,1783746229.588141680,0.027463,-0.688250,0.901253,-0.087510,,,0.042776,0.000000,0.000000,1.049,1.840
warmup,center,0,reverse,8.2350,1450.000,1169,rolling,1592.509,1284,1592.509,0.000,0,0,1783746229.588141680,0.027463,-0.688250,0.901253,-0.087510,,,0.042776,0.000000,0.000000,1.049,1.840
warmup,center,0,reverse,8.2566,1450.000,1169,rolling,1592.509,1284,1592.509,0.000,0,0,1783746229.588141680,0.027463,-0.688250,0.901253,-0.087510,,,0.042776,0.000000,0.000000,1.031,1.861
warmup,center,0,reverse,8.2658,1450.000,1169,rolling,1593.881,1285,1592.739,0.230,1,8,1783746229.688729763,0.015650,-0.708755,0.901656,-0.123816,-0.0234103,0.0004030,0.066186,-0.023410,0.000403,1.031,1.861
warmup,center,0,reverse,8.2822,1450.000,1169,rolling,1593.881,1285,1592.739,0.230,0,0,1783746229.688729763,0.015650,-0.708755,0.901656,-0.123816,,,0.066186,-0.023410,0.000403,1.031,1.861
warmup,center,0,reverse,8.3038,1450.000,1169,rolling,1593.881,1285,1592.739,0.230,0,0,1783746229.688729763,0.015650,-0.708755,0.901656,-0.123816,,,0.066186,-0.023410,0.000403,1.031,1.861
warmup,center,0,reverse,8.3253,1450.000,1169,rolling,1593.881,1285,1592.739,0.230,0,0,1783746229.688729763,0.015650,-0.708755,0.901656,-0.123816,,,0.066186,-0.023410,0.000403,1.031,1.861
warmup,center,0,reverse,8.3470,1450.000,1169,rolling,1593.881,1285,1592.739,0.230,0,0,1783746229.688729763,0.015650,-0.708755,0.901656,-0.123816,,,0.066186,-0.023410,0.000403,1.010,1.882
warmup,center,0,reverse,8.3661,1450.000,1169,rolling,1593.696,1285,1592.895,0.387,1,9,1783746229.786703587,0.001863,-0.724726,0.903061,-0.146647,-0.0210784,0.0014052,0.087264,-0.044489,0.001808,1.010,1.882
warmup,center,0,reverse,8.3820,1450.000,1169,rolling,1593.696,1285,1592.895,0.387,0,0,1783746229.786703587,0.001863,-0.724726,0.903061,-0.146647,,,0.087264,-0.044489,0.001808,1.010,1.882
warmup,center,0,reverse,8.4038,1450.000,1169,rolling,1593.696,1285,1592.895,0.387,0,0,1783746229.786703587,0.001863,-0.724726,0.903061,-0.146647,,,0.087264,-0.044489,0.001808,1.010,1.882
warmup,center,0,reverse,8.4254,1450.000,1169,rolling,1593.696,1285,1592.895,0.387,0,0,1783746229.786703587,0.001863,-0.724726,0.903061,-0.146647,,,0.087264,-0.044489,0.001808,1.010,1.882
warmup,center,0,reverse,8.4471,1450.000,1169,rolling,1593.696,1285,1592.895,0.387,0,0,1783746229.786703587,0.001863,-0.724726,0.903061,-0.146647,,,0.087264,-0.044489,0.001808,0.991,1.903
warmup,center,0,reverse,8.4667,1450.000,1169,rolling,1593.681,1285,1593.027,0.518,1,10,1783746229.886883259,-0.009166,-0.739712,0.902815,-0.156392,-0.0185959,-0.0002468,0.105860,-0.063084,0.001561,0.991,1.903
warmup,center,0,reverse,8.4814,1450.000,1169,rolling,1593.681,1285,1593.027,0.518,0,0,1783746229.886883259,-0.009166,-0.739712,0.902815,-0.156392,,,0.105860,-0.063084,0.001561,0.991,1.903
warmup,center,0,reverse,8.5030,1450.000,1169,rolling,1593.681,1285,1593.027,0.518,0,0,1783746229.886883259,-0.009166,-0.739712,0.902815,-0.156392,,,0.105860,-0.063084,0.001561,0.991,1.903
warmup,center,0,reverse,8.5246,1450.000,1169,rolling,1593.681,1285,1593.027,0.518,0,0,1783746229.886883259,-0.009166,-0.739712,0.902815,-0.156392,,,0.105860,-0.063084,0.001561,0.991,1.903
warmup,center,0,reverse,8.5461,1450.000,1169,rolling,1593.681,1285,1593.027,0.518,0,0,1783746229.886883259,-0.009166,-0.739712,0.902815,-0.156392,,,0.105860,-0.063084,0.001561,0.974,1.921
warmup,center,0,reverse,8.5641,1450.000,1169,rolling,1593.575,1285,1593.118,0.610,1,11,1783746229.987455130,-0.022922,-0.755633,0.903159,-0.169544,-0.0210195,0.0003440,0.126880,-0.084104,0.001905,0.974,1.921
warmup,center,0,reverse,8.5781,1450.000,1169,rolling,1593.575,1285,1593.118,0.610,0,0,1783746229.987455130,-0.022922,-0.755633,0.903159,-0.169544,,,0.126880,-0.084104,0.001905,0.974,1.921
warmup,center,0,reverse,8.5998,1450.000,1169,rolling,1593.575,1285,1593.118,0.610,0,0,1783746229.987455130,-0.022922,-0.755633,0.903159,-0.169544,,,0.126880,-0.084104,0.001905,0.974,1.921
warmup,center,0,reverse,8.6213,1450.000,1169,rolling,1593.575,1285,1593.118,0.610,0,0,1783746229.987455130,-0.022922,-0.755633,0.903159,-0.169544,,,0.126880,-0.084104,0.001905,0.974,1.921
warmup,center,0,reverse,8.6428,1450.000,1169,rolling,1593.575,1285,1593.118,0.610,0,0,1783746229.987455130,-0.022922,-0.755633,0.903159,-0.169544,,,0.126880,-0.084104,0.001905,0.955,1.943
warmup,center,0,reverse,8.6645,1450.000,1169,rolling,1593.575,1285,1593.118,0.610,0,0,1783746229.987455130,-0.022922,-0.755633,0.903159,-0.169544,,,0.126880,-0.084104,0.001905,0.955,1.943
warmup,center,0,reverse,8.6873,1450.000,1169,rolling,1593.467,1285,1593.175,0.667,1,12,1783746230.084986687,-0.036446,-0.771498,0.905695,-0.180553,-0.0208310,0.0025363,0.147711,-0.104935,0.004442,0.955,1.943
warmup,center,0,reverse,8.6901,1450.000,1169,rolling,1593.467,1285,1593.175,0.667,0,0,1783746230.084986687,-0.036446,-0.771498,0.905695,-0.180553,,,0.147711,-0.104935,0.004442,0.955,1.943
warmup,center,0,reverse,8.7119,1450.000,1169,rolling,1593.467,1285,1593.175,0.667,0,0,1783746230.084986687,-0.036446,-0.771498,0.905695,-0.180553,,,0.147711,-0.104935,0.004442,0.955,1.943
warmup,center,0,reverse,8.7338,1450.000,1169,rolling,1593.467,1285,1593.175,0.667,0,0,1783746230.084986687,-0.036446,-0.771498,0.905695,-0.180553,,,0.147711,-0.104935,0.004442,0.955,1.943
warmup,center,0,reverse,8.7555,1450.000,1169,rolling,1593.467,1285,1593.175,0.667,0,0,1783746230.084986687,-0.036446,-0.771498,0.905695,-0.180553,,,0.147711,-0.104935,0.004442,0.937,1.964
warmup,center,0,reverse,8.7647,1450.000,1169,rolling,1593.249,1285,1593.188,0.679,1,13,1783746230.185447454,-0.051246,-0.790790,0.907881,-0.195922,-0.0243142,0.0021858,0.172025,-0.129249,0.006627,0.937,1.964
warmup,center,0,reverse,8.7806,1450.000,1169,rolling,1593.249,1285,1593.188,0.679,0,0,1783746230.185447454,-0.051246,-0.790790,0.907881,-0.195922,,,0.172025,-0.129249,0.006627,0.937,1.964
warmup,center,0,reverse,8.8022,1450.000,1169,rolling,1593.249,1285,1593.188,0.679,0,0,1783746230.185447454,-0.051246,-0.790790,0.907881,-0.195922,,,0.172025,-0.129249,0.006627,0.937,1.964
warmup,center,0,reverse,8.8238,1450.000,1169,rolling,1593.249,1285,1593.188,0.679,0,0,1783746230.185447454,-0.051246,-0.790790,0.907881,-0.195922,,,0.172025,-0.129249,0.006627,0.937,1.964
warmup,center,0,reverse,8.8453,1450.000,1169,rolling,1593.249,1285,1593.188,0.679,0,0,1783746230.185447454,-0.051246,-0.790790,0.907881,-0.195922,,,0.172025,-0.129249,0.006627,0.918,1.986
warmup,center,0,reverse,8.8655,1450.000,1169,rolling,1593.002,1285,1593.157,0.648,1,14,1783746230.285754204,-0.063925,-0.813147,0.910995,-0.210322,-0.0254303,0.0031143,0.197455,-0.154679,0.009742,0.918,1.986
warmup,center,0,reverse,8.8747,1450.000,1169,rolling,1593.002,1285,1593.157,0.648,0,0,1783746230.285754204,-0.063925,-0.813147,0.910995,-0.210322,,,0.197455,-0.154679,0.009742,0.918,1.986
warmup,center,0,reverse,8.8964,1450.000,1169,rolling,1593.002,1285,1593.157,0.648,0,0,1783746230.285754204,-0.063925,-0.813147,0.910995,-0.210322,,,0.197455,-0.154679,0.009742,0.918,1.986
warmup,center,0,reverse,8.9180,1450.000,1169,rolling,1593.002,1285,1593.157,0.648,0,0,1783746230.285754204,-0.063925,-0.813147,0.910995,-0.210322,,,0.197455,-0.154679,0.009742,0.918,1.986
warmup,center,0,reverse,8.9395,1450.000,1169,rolling,1593.002,1285,1593.157,0.648,0,0,1783746230.285754204,-0.063925,-0.813147,0.910995,-0.210322,,,0.197455,-0.154679,0.009742,0.918,1.986
warmup,center,0,reverse,8.9610,1450.000,1169,rolling,1593.002,1285,1593.157,0.648,0,0,1783746230.285754204,-0.063925,-0.813147,0.910995,-0.210322,,,0.197455,-0.154679,0.009742,0.897,1.779
warmup,center,0,reverse,8.9658,1450.000,1169,rolling,1592.968,1285,1593.125,0.616,1,15,1783746230.386132479,-0.075529,-0.830939,0.915093,-0.210479,-0.0211745,0.0040977,0.218630,-0.175854,0.013839,0.897,1.779
warmup,center,0,reverse,8.9780,1450.000,1169,rolling,1592.968,1285,1593.125,0.616,0,0,1783746230.386132479,-0.075529,-0.830939,0.915093,-0.210479,,,0.218630,-0.175854,0.013839,0.897,1.779
warmup,center,0,reverse,8.9996,1450.000,1169,rolling,1592.968,1285,1593.125,0.616,0,0,1783746230.386132479,-0.075529,-0.830939,0.915093,-0.210479,,,0.218630,-0.175854,0.013839,0.897,1.779
warmup,center,0,reverse,9.0212,1450.000,1169,rolling,1592.968,1285,1593.125,0.616,0,0,1783746230.386132479,-0.075529,-0.830939,0.915093,-0.210479,,,0.218630,-0.175854,0.013839,0.897,1.779
warmup,center,0,reverse,9.0427,1450.000,1169,rolling,1592.968,1285,1593.125,0.616,0,0,1783746230.386132479,-0.075529,-0.830939,0.915093,-0.210479,,,0.218630,-0.175854,0.013839,0.897,1.779
warmup,center,0,reverse,9.0642,1450.000,1169,rolling,1592.968,1285,1593.125,0.616,0,0,1783746230.386132479,-0.075529,-0.830939,0.915093,-0.210479,,,0.218630,-0.175854,0.013839,0.882,2.022
warmup,center,0,reverse,9.0667,1450.000,1169,rolling,1593.253,1285,1593.146,0.638,1,16,1783746230.486744642,-0.087022,-0.839890,0.914635,-0.192901,-0.0141024,-0.0004575,0.232732,-0.189956,0.013382,0.882,2.022
warmup,center,0,reverse,9.0855,1450.000,1169,rolling,1593.253,1285,1593.146,0.638,0,0,1783746230.486744642,-0.087022,-0.839890,0.914635,-0.192901,,,0.232732,-0.189956,0.013382,0.882,2.022
warmup,center,0,reverse,9.1071,1450.000,1169,rolling,1593.253,1285,1593.146,0.638,0,0,1783746230.486744642,-0.087022,-0.839890,0.914635,-0.192901,,,0.232732,-0.189956,0.013382,0.882,2.022
warmup,center,0,reverse,9.1287,1450.000,1169,rolling,1593.253,1285,1593.146,0.638,0,0,1783746230.486744642,-0.087022,-0.839890,0.914635,-0.192901,,,0.232732,-0.189956,0.013382,0.882,2.022
warmup,center,0,reverse,9.1504,1450.000,1169,rolling,1593.253,1285,1593.146,0.638,0,0,1783746230.486744642,-0.087022,-0.839890,0.914635,-0.192901,,,0.232732,-0.189956,0.013382,0.867,2.038
warmup,center,0,reverse,9.1663,1450.000,1169,rolling,1593.253,1285,1593.146,0.638,0,0,1783746230.486744642,-0.087022,-0.839890,0.914635,-0.192901,,,0.232732,-0.189956,0.013382,0.867,2.038
warmup,center,0,reverse,9.1883,1450.000,1169,rolling,1593.947,1285,1593.280,0.771,1,17,1783746230.586639643,-0.091747,-0.841718,0.914247,-0.155517,-0.0043320,-0.0003883,0.237064,-0.194288,0.012994,0.867,2.038
warmup,center,0,reverse,9.1931,1450.000,1169,rolling,1593.947,1285,1593.280,0.771,0,0,1783746230.586639643,-0.091747,-0.841718,0.914247,-0.155517,,,0.237064,-0.194288,0.012994,0.867,2.038
warmup,center,0,reverse,9.2148,1450.000,1169,rolling,1593.947,1285,1593.280,0.771,0,0,1783746230.586639643,-0.091747,-0.841718,0.914247,-0.155517,,,0.237064,-0.194288,0.012994,0.867,2.038
warmup,center,0,reverse,9.2367,1450.000,1169,rolling,1593.947,1285,1593.280,0.771,0,0,1783746230.586639643,-0.091747,-0.841718,0.914247,-0.155517,,,0.237064,-0.194288,0.012994,0.867,2.038
warmup,center,0,reverse,9.2583,1450.000,1169,rolling,1593.947,1285,1593.280,0.771,0,0,1783746230.586639643,-0.091747,-0.841718,0.914247,-0.155517,,,0.237064,-0.194288,0.012994,0.854,2.052
warmup,center,0,reverse,9.2668,1450.000,1169,rolling,1594.283,1286,1593.448,0.939,1,18,1783746230.687257290,-0.098194,-0.850828,0.917439,-0.144346,-0.0111520,0.0031922,0.248216,-0.205440,0.016186,0.854,2.052
warmup,center,0,reverse,9.2792,1450.000,1169,rolling,1594.283,1286,1593.448,0.939,0,0,1783746230.687257290,-0.098194,-0.850828,0.917439,-0.144346,,,0.248216,-0.205440,0.016186,0.854,2.052
warmup,center,0,reverse,9.3009,1450.000,1169,rolling,1594.283,1286,1593.448,0.939,0,0,1783746230.687257290,-0.098194,-0.850828,0.917439,-0.144346,,,0.248216,-0.205440,0.016186,0.854,2.052
warmup,center,0,reverse,9.3225,1450.000,1169,rolling,1594.283,1286,1593.448,0.939,0,0,1783746230.687257290,-0.098194,-0.850828,0.917439,-0.144346,,,0.248216,-0.205440,0.016186,0.854,2.052
warmup,center,0,reverse,9.3441,1450.000,1169,rolling,1594.283,1286,1593.448,0.939,0,0,1783746230.687257290,-0.098194,-0.850828,0.917439,-0.144346,,,0.248216,-0.205440,0.016186,0.854,2.052
warmup,center,0,reverse,9.3656,1450.000,1169,rolling,1594.283,1286,1593.448,0.939,0,0,1783746230.687257290,-0.098194,-0.850828,0.917439,-0.144346,,,0.248216,-0.205440,0.016186,0.845,2.059
warmup,center,0,reverse,9.3681,1450.000,1169,rolling,1594.473,1286,1593.619,1.111,1,19,1783746230.787843227,-0.105805,-0.862649,0.920603,-0.143091,-0.0140141,0.0031637,0.262230,-0.219454,0.019349,0.845,2.059
warmup,center,0,reverse,9.3833,1450.000,1169,rolling,1594.473,1286,1593.619,1.111,0,0,1783746230.787843227,-0.105805,-0.862649,0.920603,-0.143091,,,0.262230,-0.219454,0.019349,0.845,2.059
warmup,center,0,reverse,9.4049,1450.000,1169,rolling,1594.473,1286,1593.619,1.111,0,0,1783746230.787843227,-0.105805,-0.862649,0.920603,-0.143091,,,0.262230,-0.219454,0.019349,0.845,2.059
warmup,center,0,reverse,9.4265,1450.000,1169,rolling,1594.473,1286,1593.619,1.111,0,0,1783746230.787843227,-0.105805,-0.862649,0.920603,-0.143091,,,0.262230,-0.219454,0.019349,0.845,2.059
warmup,center,0,reverse,9.4480,1450.000,1169,rolling,1594.473,1286,1593.619,1.111,0,0,1783746230.787843227,-0.105805,-0.862649,0.920603,-0.143091,,,0.262230,-0.219454,0.019349,0.840,1.828
warmup,center,0,reverse,9.4678,1450.000,1169,rolling,1594.473,1286,1593.619,1.111,0,0,1783746230.787843227,-0.105805,-0.862649,0.920603,-0.143091,,,0.262230,-0.219454,0.019349,0.840,1.828
warmup,center,0,reverse,9.4897,1450.000,1169,rolling,1594.662,1286,1593.793,1.285,1,20,1783746230.888012648,-0.113136,-0.874590,0.919306,-0.142114,-0.0139418,-0.0012965,0.276172,-0.233396,0.018053,0.840,1.828
warmup,center,0,reverse,9.4915,1450.000,1169,rolling,1594.662,1286,1593.793,1.285,0,0,1783746230.888012648,-0.113136,-0.874590,0.919306,-0.142114,,,0.276172,-0.233396,0.018053,0.840,1.828
warmup,center,0,reverse,9.5131,1450.000,1169,rolling,1594.662,1286,1593.793,1.285,0,0,1783746230.888012648,-0.113136,-0.874590,0.919306,-0.142114,,,0.276172,-0.233396,0.018053,0.840,1.828
warmup,center,0,reverse,9.5346,1450.000,1169,rolling,1594.662,1286,1593.793,1.285,0,0,1783746230.888012648,-0.113136,-0.874590,0.919306,-0.142114,,,0.276172,-0.233396,0.018053,0.840,1.828
warmup,center,0,reverse,9.5561,1450.000,1169,rolling,1594.662,1286,1593.793,1.285,0,0,1783746230.888012648,-0.113136,-0.874590,0.919306,-0.142114,,,0.276172,-0.233396,0.018053,0.836,2.062
warmup,center,0,reverse,9.5678,1450.000,1169,rolling,1594.662,1286,1593.793,1.285,0,0,1783746230.888012648,-0.113136,-0.874590,0.919306,-0.142114,,,0.276172,-0.233396,0.018053,0.836,2.062
warmup,center,0,reverse,9.5900,1450.000,1169,rolling,1595.550,1287,1594.088,1.579,1,21,1783746230.988676310,-0.112144,-0.873287,0.919039,-0.102517,0.0016380,-0.0002671,0.277810,-0.231758,0.017786,0.836,2.062
warmup,center,0,reverse,9.5921,1450.000,1169,rolling,1595.550,1287,1594.088,1.579,0,0,1783746230.988676310,-0.112144,-0.873287,0.919039,-0.102517,,,0.277810,-0.231758,0.017786,0.836,2.062
warmup,center,0,reverse,9.6139,1450.000,1169,rolling,1595.550,1287,1594.088,1.579,0,0,1783746230.988676310,-0.112144,-0.873287,0.919039,-0.102517,,,0.277810,-0.231758,0.017786,0.836,2.062
warmup,center,0,reverse,9.6355,1450.000,1169,rolling,1595.550,1287,1594.088,1.579,0,0,1783746230.988676310,-0.112144,-0.873287,0.919039,-0.102517,,,0.277810,-0.231758,0.017786,0.836,2.062
warmup,center,0,reverse,9.6570,1450.000,1169,rolling,1595.550,1287,1594.088,1.579,0,0,1783746230.988676310,-0.112144,-0.873287,0.919039,-0.102517,,,0.277810,-0.231758,0.017786,0.837,2.064
warmup,center,0,reverse,9.6684,1450.000,1169,rolling,1596.374,1287,1594.469,1.960,1,22,1783746231.088745356,-0.113294,-0.870444,0.919017,-0.072986,0.0015618,-0.0000216,0.279372,-0.231758,0.017786,0.837,2.064
warmup,center,0,reverse,9.6840,1450.000,1169,rolling,1596.374,1287,1594.469,1.960,0,0,1783746231.088745356,-0.113294,-0.870444,0.919017,-0.072986,,,0.279372,-0.231758,0.017786,0.837,2.064
warmup,center,0,reverse,9.7056,1450.000,1169,rolling,1596.374,1287,1594.469,1.960,0,0,1783746231.088745356,-0.113294,-0.870444,0.919017,-0.072986,,,0.279372,-0.231758,0.017786,0.837,2.064
warmup,center,0,reverse,9.7272,1450.000,1169,rolling,1596.374,1287,1594.469,1.960,0,0,1783746231.088745356,-0.113294,-0.870444,0.919017,-0.072986,,,0.279372,-0.231758,0.017786,0.837,2.064
warmup,center,0,reverse,9.7487,1450.000,1169,rolling,1596.374,1287,1594.469,1.960,0,0,1783746231.088745356,-0.113294,-0.870444,0.919017,-0.072986,,,0.279372,-0.231758,0.017786,0.838,1.844
warmup,center,0,reverse,9.7687,1450.000,1169,rolling,1597.119,1288,1594.913,2.404,1,23,1783746231.189395905,-0.112464,-0.870181,0.919471,-0.052969,0.0007127,0.0004535,0.280085,-0.231758,0.017786,0.838,1.844
warmup,center,0,reverse,9.7777,1450.000,1169,rolling,1597.119,1288,1594.913,2.404,0,0,1783746231.189395905,-0.112464,-0.870181,0.919471,-0.052969,,,0.280085,-0.231758,0.017786,0.838,1.844
warmup,center,0,reverse,9.7993,1450.000,1169,rolling,1597.119,1288,1594.913,2.404,0,0,1783746231.189395905,-0.112464,-0.870181,0.919471,-0.052969,,,0.280085,-0.231758,0.017786,0.838,1.844
warmup,center,0,reverse,9.8208,1450.000,1169,rolling,1597.119,1288,1594.913,2.404,0,0,1783746231.189395905,-0.112464,-0.870181,0.919471,-0.052969,,,0.280085,-0.231758,0.017786,0.838,1.844
warmup,center,0,reverse,9.8424,1450.000,1169,rolling,1597.119,1288,1594.913,2.404,0,0,1783746231.189395905,-0.112464,-0.870181,0.919471,-0.052969,,,0.280085,-0.231758,0.017786,0.838,1.844
warmup,center,0,reverse,9.8640,1450.000,1169,rolling,1597.119,1288,1594.913,2.404,0,0,1783746231.189395905,-0.112464,-0.870181,0.919471,-0.052969,,,0.280085,-0.231758,0.017786,0.837,2.066
warmup,center,0,reverse,9.8691,1450.000,1169,rolling,1597.810,1289,1595.396,2.888,1,24,1783746231.289508104,-0.110695,-0.871215,0.919765,-0.039103,0.0002498,0.0002936,0.280334,-0.231758,0.017786,0.837,2.066
warmup,center,0,reverse,9.8784,1450.000,1169,rolling,1597.810,1289,1595.396,2.888,0,0,1783746231.289508104,-0.110695,-0.871215,0.919765,-0.039103,,,0.280334,-0.231758,0.017786,0.837,2.066
warmup,center,0,reverse,9.9001,1450.000,1169,rolling,1597.810,1289,1595.396,2.888,0,0,1783746231.289508104,-0.110695,-0.871215,0.919765,-0.039103,,,0.280334,-0.231758,0.017786,0.837,2.066
warmup,center,0,reverse,9.9217,1450.000,1169,rolling,1597.810,1289,1595.396,2.888,0,0,1783746231.289508104,-0.110695,-0.871215,0.919765,-0.039103,,,0.280334,-0.231758,0.017786,0.837,2.066
warmup,center,0,reverse,9.9434,1450.000,1169,rolling,1597.810,1289,1595.396,2.888,0,0,1783746231.289508104,-0.110695,-0.871215,0.919765,-0.039103,,,0.280334,-0.231758,0.017786,0.837,2.066
warmup,center,0,reverse,9.9650,1450.000,1169,rolling,1597.810,1289,1595.396,2.888,0,0,1783746231.289508104,-0.110695,-0.871215,0.919765,-0.039103,,,0.280334,-0.231758,0.017786,0.837,2.065
warmup,center,0,reverse,9.9694,1450.000,1169,rolling,1598.472,1289,1595.911,3.402,1,25,1783746231.390026331,-0.111375,-0.870685,0.919929,-0.029302,0.0000100,0.0001644,0.280344,-0.231758,0.017786,0.837,2.065
warmup,center,0,reverse,9.9844,1450.000,1169,rolling,1598.472,1289,1595.911,3.402,0,0,1783746231.390026331,-0.111375,-0.870685,0.919929,-0.029302,,,0.280344,-0.231758,0.017786,0.837,2.065
warmup,center,0,reverse,10.0061,1450.000,1169,rolling,1598.472,1289,1595.911,3.402,0,0,1783746231.390026331,-0.111375,-0.870685,0.919929,-0.029302,,,0.280344,-0.231758,0.017786,0.837,2.065
warmup,center,0,reverse,10.0276,1450.000,1169,rolling,1598.472,1289,1595.911,3.402,0,0,1783746231.390026331,-0.111375,-0.870685,0.919929,-0.029302,,,0.280344,-0.231758,0.017786,0.837,2.065
warmup,center,0,reverse,10.0491,1450.000,1169,rolling,1598.472,1289,1595.911,3.402,0,0,1783746231.390026331,-0.111375,-0.870685,0.919929,-0.029302,,,0.280344,-0.231758,0.017786,0.837,2.064
warmup,center,0,reverse,10.0678,1450.000,1169,rolling,1599.104,1290,1596.445,3.936,1,26,1783746231.490338564,-0.113428,-0.869500,0.920783,-0.022724,-0.0002999,0.0008543,0.280644,-0.231758,0.017786,0.837,2.064
warmup,center,0,reverse,10.0771,1450.000,1169,rolling,1599.104,1290,1596.445,3.936,0,0,1783746231.490338564,-0.113428,-0.869500,0.920783,-0.022724,,,0.280644,-0.231758,0.017786,0.837,2.064
warmup,center,0,reverse,10.0987,1450.000,1169,rolling,1599.104,1290,1596.445,3.936,0,0,1783746231.490338564,-0.113428,-0.869500,0.920783,-0.022724,,,0.280644,-0.231758,0.017786,0.837,2.064
warmup,center,0,reverse,10.1203,1450.000,1169,rolling,1599.104,1290,1596.445,3.936,0,0,1783746231.490338564,-0.113428,-0.869500,0.920783,-0.022724,,,0.280644,-0.231758,0.017786,0.837,2.064
warmup,center,0,reverse,10.1418,1450.000,1169,rolling,1599.104,1290,1596.445,3.936,0,0,1783746231.490338564,-0.113428,-0.869500,0.920783,-0.022724,,,0.280644,-0.231758,0.017786,0.837,2.064
warmup,center,0,reverse,10.1634,1450.000,1169,rolling,1599.104,1290,1596.445,3.936,0,0,1783746231.490338564,-0.113428,-0.869500,0.920783,-0.022724,,,0.280644,-0.231758,0.017786,0.836,2.066
warmup,center,0,reverse,10.1678,1450.000,1169,rolling,1599.789,1290,1596.992,4.483,1,27,1783746231.588197470,-0.112977,-0.868128,0.920553,-0.013557,0.0013647,-0.0002302,0.282009,-0.231758,0.017786,0.836,2.066
warmup,center,0,reverse,10.1801,1450.000,1169,rolling,1599.789,1290,1596.992,4.483,0,0,1783746231.588197470,-0.112977,-0.868128,0.920553,-0.013557,,,0.282009,-0.231758,0.017786,0.836,2.066
warmup,center,0,reverse,10.2017,1450.000,1169,rolling,1599.789,1290,1596.992,4.483,0,0,1783746231.588197470,-0.112977,-0.868128,0.920553,-0.013557,,,0.282009,-0.231758,0.017786,0.836,2.066
warmup,center,0,reverse,10.2233,1450.000,1169,rolling,1599.789,1290,1596.992,4.483,0,0,1783746231.588197470,-0.112977,-0.868128,0.920553,-0.013557,,,0.282009,-0.231758,0.017786,0.836,2.066
warmup,center,0,reverse,10.2449,1450.000,1169,rolling,1599.789,1290,1596.992,4.483,0,0,1783746231.588197470,-0.112977,-0.868128,0.920553,-0.013557,,,0.282009,-0.231758,0.017786,0.837,2.063
warmup,center,0,reverse,10.2660,1450.000,1169,rolling,1600.363,1291,1597.556,5.047,1,28,1783746231.688735485,-0.114164,-0.868604,0.920536,-0.012898,-0.0010980,-0.0000171,0.283107,-0.231758,0.017786,0.837,2.063
warmup,center,0,reverse,10.2770,1450.000,1169,rolling,1600.363,1291,1597.556,5.047,0,0,1783746231.688735485,-0.114164,-0.868604,0.920536,-0.012898,,,0.283107,-0.231758,0.017786,0.837,2.063
warmup,center,0,reverse,10.2986,1450.000,1169,rolling,1600.363,1291,1597.556,5.047,0,0,1783746231.688735485,-0.114164,-0.868604,0.920536,-0.012898,,,0.283107,-0.231758,0.017786,0.837,2.063
warmup,center,0,reverse,10.3201,1450.000,1169,rolling,1600.363,1291,1597.556,5.047,0,0,1783746231.688735485,-0.114164,-0.868604,0.920536,-0.012898,,,0.283107,-0.231758,0.017786,0.837,2.063
warmup,center,0,reverse,10.3416,1450.000,1169,rolling,1600.363,1291,1597.556,5.047,0,0,1783746231.688735485,-0.114164,-0.868604,0.920536,-0.012898,,,0.283107,-0.231758,0.017786,0.837,2.063
warmup,center,0,reverse,10.3631,1450.000,1169,rolling,1600.363,1291,1597.556,5.047,0,0,1783746231.688735485,-0.114164,-0.868604,0.920536,-0.012898,,,0.283107,-0.231758,0.017786,0.836,1.814
warmup,center,0,reverse,10.3663,1450.000,1169,recovery,1600.915,1291,1598.106,5.597,1,29,1783746231.786648750,-0.114158,-0.870119,0.920281,-0.012742,-0.0012019,-0.0002545,0.284309,-0.231758,0.017786,0.836,1.814
warmup,center,0,reverse,10.3746,1450.000,1169,recovery,1600.915,1291,1598.106,5.597,0,0,1783746231.786648750,-0.114158,-0.870119,0.920281,-0.012742,,,0.284309,-0.231758,0.017786,0.836,1.814
warmup,center,0,reverse,10.3964,1450.000,1169,recovery,1600.915,1291,1598.106,5.597,0,0,1783746231.786648750,-0.114158,-0.870119,0.920281,-0.012742,,,0.284309,-0.231758,0.017786,0.836,1.814
warmup,center,0,reverse,10.4179,1450.000,1169,recovery,1600.915,1291,1598.106,5.597,0,0,1783746231.786648750,-0.114158,-0.870119,0.920281,-0.012742,,,0.284309,-0.231758,0.017786,0.836,1.814
warmup,center,0,reverse,10.4395,1450.000,1169,recovery,1600.915,1291,1598.106,5.597,0,0,1783746231.786648750,-0.114158,-0.870119,0.920281,-0.012742,,,0.284309,-0.231758,0.017786,0.836,1.814
warmup,center,0,reverse,10.4611,1450.000,1169,recovery,1600.915,1291,1598.106,5.597,0,0,1783746231.786648750,-0.114158,-0.870119,0.920281,-0.012742,,,0.284309,-0.231758,0.017786,0.836,1.836
warmup,center,0,reverse,10.4642,1450.000,1169,recovery,1604.015,1294,1598.106,5.597,1,30,1783746231.887246609,-0.113375,-0.869812,0.921201,-0.007771,0.0007184,0.0009198,0.285027,-0.231758,0.017786,0.836,1.836
warmup,center,0,reverse,10.4839,1450.000,1169,recovery,1604.015,1294,1598.106,5.597,0,0,1783746231.887246609,-0.113375,-0.869812,0.921201,-0.007771,,,0.285027,-0.231758,0.017786,0.836,1.836
warmup,center,0,reverse,10.5055,1450.000,1169,recovery,1604.015,1294,1598.106,5.597,0,0,1783746231.887246609,-0.113375,-0.869812,0.921201,-0.007771,,,0.285027,-0.231758,0.017786,0.836,1.836
warmup,center,0,reverse,10.5271,1450.000,1169,recovery,1604.015,1294,1598.106,5.597,0,0,1783746231.887246609,-0.113375,-0.869812,0.921201,-0.007771,,,0.285027,-0.231758,0.017786,0.836,1.836
warmup,center,0,reverse,10.5486,1450.000,1169,recovery,1604.015,1294,1598.106,5.597,0,0,1783746231.887246609,-0.113375,-0.869812,0.921201,-0.007771,,,0.285027,-0.231758,0.017786,0.836,1.822
warmup,center,0,reverse,10.5643,1450.000,1169,recovery,1607.115,1296,1598.106,5.597,1,31,1783746231.985148668,-0.113247,-0.870098,0.920724,-0.006211,-0.0001499,-0.0004768,0.285177,-0.231758,0.017786,0.836,1.822
warmup,center,0,reverse,10.5756,1450.000,1169,recovery,1607.115,1296,1598.106,5.597,0,0,1783746231.985148668,-0.113247,-0.870098,0.920724,-0.006211,,,0.285177,-0.231758,0.017786,0.836,1.822
warmup,center,0,reverse,10.5972,1450.000,1169,recovery,1607.115,1296,1598.106,5.597,0,0,1783746231.985148668,-0.113247,-0.870098,0.920724,-0.006211,,,0.285177,-0.231758,0.017786,0.836,1.822
warmup,center,0,reverse,10.6191,1450.000,1169,recovery,1607.115,1296,1598.106,5.597,0,0,1783746231.985148668,-0.113247,-0.870098,0.920724,-0.006211,,,0.285177,-0.231758,0.017786,0.836,1.822
warmup,center,0,reverse,10.6409,1450.000,1169,recovery,1607.115,1296,1598.106,5.597,0,0,1783746231.985148668,-0.113247,-0.870098,0.920724,-0.006211,,,0.285177,-0.231758,0.017786,0.836,1.822
warmup,center,0,reverse,10.6624,1450.000,1169,recovery,1607.115,1296,1598.106,5.597,0,0,1783746231.985148668,-0.113247,-0.870098,0.920724,-0.006211,,,0.285177,-0.231758,0.017786,0.834,1.842
warmup,center,0,reverse,10.6653,1450.000,1169,recovery,1610.215,1299,1598.106,5.597,1,32,1783746232.085286617,-0.112393,-0.874772,0.919612,-0.012651,-0.0032016,-0.0011119,0.288379,-0.231758,0.017786,0.834,1.842
warmup,center,0,reverse,10.6791,1450.000,1169,recovery,1610.215,1299,1598.106,5.597,0,0,1783746232.085286617,-0.112393,-0.874772,0.919612,-0.012651,,,0.288379,-0.231758,0.017786,0.834,1.842
warmup,center,0,reverse,10.7007,1450.000,1169,recovery,1610.215,1299,1598.106,5.597,0,0,1783746232.085286617,-0.112393,-0.874772,0.919612,-0.012651,,,0.288379,-0.231758,0.017786,0.834,1.842
warmup,center,0,reverse,10.7223,1450.000,1169,recovery,1610.215,1299,1598.106,5.597,0,0,1783746232.085286617,-0.112393,-0.874772,0.919612,-0.012651,,,0.288379,-0.231758,0.017786,0.834,1.842
warmup,center,0,reverse,10.7439,1450.000,1169,recovery,1610.215,1299,1598.106,5.597,0,0,1783746232.085286617,-0.112393,-0.874772,0.919612,-0.012651,,,0.288379,-0.231758,0.017786,0.825,2.088
warmup,center,0,reverse,10.7636,1450.000,1169,recovery,1613.315,1301,1598.106,5.597,1,33,1783746232.186053991,-0.116742,-0.880632,0.918180,-0.027593,-0.0072972,-0.0014321,0.295676,-0.231758,0.017786,0.825,2.088
warmup,center,0,reverse,10.7718,1450.000,1169,recovery,1613.315,1301,1598.106,5.597,0,0,1783746232.186053991,-0.116742,-0.880632,0.918180,-0.027593,,,0.295676,-0.231758,0.017786,0.825,2.088
warmup,center,0,reverse,10.7937,1450.000,1169,recovery,1613.315,1301,1598.106,5.597,0,0,1783746232.186053991,-0.116742,-0.880632,0.918180,-0.027593,,,0.295676,-0.231758,0.017786,0.825,2.088
warmup,center,0,reverse,10.8155,1450.000,1169,recovery,1613.315,1301,1598.106,5.597,0,0,1783746232.186053991,-0.116742,-0.880632,0.918180,-0.027593,,,0.295676,-0.231758,0.017786,0.825,2.088
warmup,center,0,reverse,10.8373,1450.000,1169,recovery,1613.315,1301,1598.106,5.597,0,0,1783746232.186053991,-0.116742,-0.880632,0.918180,-0.027593,,,0.295676,-0.231758,0.017786,0.825,2.088
warmup,center,0,reverse,10.8588,1450.000,1169,recovery,1613.315,1301,1598.106,5.597,0,0,1783746232.186053991,-0.116742,-0.880632,0.918180,-0.027593,,,0.295676,-0.231758,0.017786,0.809,2.116
warmup,center,0,reverse,10.8632,1450.000,1169,rolling,1598.106,1289,1598.106,5.597,1,34,1783746232.284103155,-0.132068,-0.899530,0.920586,-0.082704,-0.0243200,0.0024057,0.319996,-0.231758,0.017786,0.809,2.116
warmup,center,0,reverse,10.8780,1450.000,1169,rolling,1598.106,1289,1598.106,5.597,0,0,1783746232.284103155,-0.132068,-0.899530,0.920586,-0.082704,,,0.319996,-0.231758,0.017786,0.809,2.116
warmup,center,0,reverse,10.8998,1450.000,1169,rolling,1598.106,1289,1598.106,5.597,0,0,1783746232.284103155,-0.132068,-0.899530,0.920586,-0.082704,,,0.319996,-0.231758,0.017786,0.809,2.116
warmup,center,0,reverse,10.9214,1450.000,1169,rolling,1598.106,1289,1598.106,5.597,0,0,1783746232.284103155,-0.132068,-0.899530,0.920586,-0.082704,,,0.319996,-0.231758,0.017786,0.809,2.116
warmup,center,0,reverse,10.9431,1450.000,1169,rolling,1598.106,1289,1598.106,5.597,0,0,1783746232.284103155,-0.132068,-0.899530,0.920586,-0.082704,,,0.319996,-0.231758,0.017786,0.781,2.147
warmup,center,0,reverse,10.9637,1450.000,1169,rolling,1598.106,1289,1598.106,5.597,0,0,1783746232.284103155,-0.132068,-0.899530,0.920586,-0.082704,,,0.319996,-0.231758,0.017786,0.781,2.147
warmup,center,0,reverse,10.9857,1450.000,1169,rolling,1599.316,1290,1598.308,5.799,1,35,1783746232.384059429,-0.148004,-0.922953,0.924059,-0.132793,-0.0282935,0.0034727,0.348289,-0.260052,0.021259,0.781,2.147
warmup,center,0,reverse,10.9876,1450.000,1169,rolling,1599.316,1290,1598.308,5.799,0,0,1783746232.384059429,-0.148004,-0.922953,0.924059,-0.132793,,,0.348289,-0.260052,0.021259,0.781,2.147
warmup,center,0,reverse,11.0092,1450.000,1169,rolling,1599.316,1290,1598.308,5.799,0,0,1783746232.384059429,-0.148004,-0.922953,0.924059,-0.132793,,,0.348289,-0.260052,0.021259,0.781,2.147
warmup,center,0,reverse,11.0308,1450.000,1169,rolling,1599.316,1290,1598.308,5.799,0,0,1783746232.384059429,-0.148004,-0.922953,0.924059,-0.132793,,,0.348289,-0.260052,0.021259,0.781,2.147
warmup,center,0,reverse,11.0523,1450.000,1169,rolling,1599.316,1290,1598.308,5.799,0,0,1783746232.384059429,-0.148004,-0.922953,0.924059,-0.132793,,,0.348289,-0.260052,0.021259,0.750,2.184
warmup,center,0,reverse,11.0644,1450.000,1169,rolling,1598.752,1289,1598.382,5.873,1,36,1783746232.484620810,-0.164758,-0.948488,0.928103,-0.175365,-0.0304781,0.0040443,0.378768,-0.290530,0.025303,0.750,2.184
warmup,center,0,reverse,11.0738,1450.000,1169,rolling,1598.752,1289,1598.382,5.873,0,0,1783746232.484620810,-0.164758,-0.948488,0.928103,-0.175365,,,0.378768,-0.290530,0.025303,0.750,2.184
warmup,center,0,reverse,11.0954,1450.000,1169,rolling,1598.752,1289,1598.382,5.873,0,0,1783746232.484620810,-0.164758,-0.948488,0.928103,-0.175365,,,0.378768,-0.290530,0.025303,0.750,2.184
warmup,center,0,reverse,11.1170,1450.000,1169,rolling,1598.752,1289,1598.382,5.873,0,0,1783746232.484620810,-0.164758,-0.948488,0.928103,-0.175365,,,0.378768,-0.290530,0.025303,0.750,2.184
warmup,center,0,reverse,11.1386,1450.000,1169,rolling,1598.752,1289,1598.382,5.873,0,0,1783746232.484620810,-0.164758,-0.948488,0.928103,-0.175365,,,0.378768,-0.290530,0.025303,0.750,2.184
warmup,center,0,reverse,11.1601,1450.000,1169,rolling,1598.752,1289,1598.382,5.873,0,0,1783746232.484620810,-0.164758,-0.948488,0.928103,-0.175365,,,0.378768,-0.290530,0.025303,0.735,2.217
warmup,center,0,reverse,11.1627,1450.000,1169,rolling,1597.963,1289,1598.312,5.803,1,37,1783746232.585142612,-0.188415,-0.976867,0.930123,-0.223279,-0.0368936,0.0020196,0.415661,-0.327424,0.027322,0.735,2.217
probe,lower,1,forward,13.6592,1400.000,1129,startup,1421.367,1146,1417.367,-2.017,0,0,1783746234.984229326,-0.221916,-1.019656,0.935936,0.001438,,,0.000000,0.000000,0.000000,0.724,1.750
probe,lower,1,forward,13.6618,1400.000,1129,startup,1420.127,1145,1417.367,-2.017,1,1,1783746235.082070589,-0.221506,-1.019902,0.936066,0.001194,0.0000451,0.0001293,0.000045,0.000000,0.000000,0.724,1.750
probe,lower,1,forward,13.6710,1400.000,1129,startup,1420.127,1145,1417.367,-2.017,0,0,1783746235.082070589,-0.221506,-1.019902,0.936066,0.001194,,,0.000045,0.000000,0.000000,0.724,1.750
probe,lower,1,forward,13.6930,1400.000,1129,startup,1420.127,1145,1417.367,-2.017,0,0,1783746235.082070589,-0.221506,-1.019902,0.936066,0.001194,,,0.000045,0.000000,0.000000,0.724,1.750
probe,lower,1,forward,13.7146,1400.000,1129,startup,1420.127,1145,1417.367,-2.017,0,0,1783746235.082070589,-0.221506,-1.019902,0.936066,0.001194,,,0.000045,0.000000,0.000000,0.724,1.750
probe,lower,1,forward,13.7361,1400.000,1129,startup,1420.127,1145,1417.367,-2.017,0,0,1783746235.082070589,-0.221506,-1.019902,0.936066,0.001194,,,0.000045,0.000000,0.000000,0.724,1.750
probe,lower,1,forward,13.7577,1400.000,1129,startup,1420.127,1145,1417.367,-2.017,0,0,1783746235.082070589,-0.221506,-1.019902,0.936066,0.001194,,,0.000045,0.000000,0.000000,0.727,1.739
probe,lower,1,forward,13.7622,1400.000,1129,startup,1418.887,1144,1417.367,-2.017,1,2,1783746235.182664156,-0.221252,-1.021487,0.934817,-0.001902,-0.0011254,-0.0012485,0.001171,0.000000,0.000000,0.727,1.739
probe,lower,1,forward,13.7783,1400.000,1129,startup,1418.887,1144,1417.367,-2.017,0,0,1783746235.182664156,-0.221252,-1.021487,0.934817,-0.001902,,,0.001171,0.000000,0.000000,0.727,1.739
probe,lower,1,forward,13.8001,1400.000,1129,startup,1418.887,1144,1417.367,-2.017,0,0,1783746235.182664156,-0.221252,-1.021487,0.934817,-0.001902,,,0.001171,0.000000,0.000000,0.727,1.739
probe,lower,1,forward,13.8216,1400.000,1129,startup,1418.887,1144,1417.367,-2.017,0,0,1783746235.182664156,-0.221252,-1.021487,0.934817,-0.001902,,,0.001171,0.000000,0.000000,0.727,1.739
probe,lower,1,forward,13.8431,1400.000,1129,startup,1418.887,1144,1417.367,-2.017,0,0,1783746235.182664156,-0.221252,-1.021487,0.934817,-0.001902,,,0.001171,0.000000,0.000000,0.725,1.731
probe,lower,1,forward,13.8628,1400.000,1129,startup,1417.647,1143,1417.367,-2.017,1,3,1783746235.283175230,-0.220721,-1.021122,0.934364,0.000090,0.0006095,-0.0004533,0.001780,0.000000,0.000000,0.725,1.731
probe,lower,1,forward,13.8736,1400.000,1129,startup,1417.647,1143,1417.367,-2.017,0,0,1783746235.283175230,-0.220721,-1.021122,0.934364,0.000090,,,0.001780,0.000000,0.000000,0.725,1.731
probe,lower,1,forward,13.8952,1400.000,1129,startup,1417.647,1143,1417.367,-2.017,0,0,1783746235.283175230,-0.220721,-1.021122,0.934364,0.000090,,,0.001780,0.000000,0.000000,0.725,1.731
probe,lower,1,forward,13.9167,1400.000,1129,startup,1417.647,1143,1417.367,-2.017,0,0,1783746235.283175230,-0.220721,-1.021122,0.934364,0.000090,,,0.001780,0.000000,0.000000,0.725,1.731
probe,lower,1,forward,13.9383,1400.000,1129,startup,1417.647,1143,1417.367,-2.017,0,0,1783746235.283175230,-0.220721,-1.021122,0.934364,0.000090,,,0.001780,0.000000,0.000000,0.725,1.731
probe,lower,1,forward,13.9598,1400.000,1129,startup,1417.647,1143,1417.367,-2.017,0,0,1783746235.283175230,-0.220721,-1.021122,0.934364,0.000090,,,0.001780,0.000000,0.000000,0.719,2.253
probe,lower,1,forward,13.9629,1400.000,1129,startup,1416.407,1142,1417.367,-2.017,1,4,1783746235.383433819,-0.217925,-1.017117,0.933684,0.012242,0.0048825,-0.0006801,0.006663,0.000000,0.000000,0.719,2.253
probe,lower,1,forward,13.9733,1400.000,1129,startup,1416.407,1142,1417.367,-2.017,0,0,1783746235.383433819,-0.217925,-1.017117,0.933684,0.012242,,,0.006663,0.000000,0.000000,0.719,2.253
probe,lower,1,forward,13.9949,1400.000,1129,startup,1416.407,1142,1417.367,-2.017,0,0,1783746235.383433819,-0.217925,-1.017117,0.933684,0.012242,,,0.006663,0.000000,0.000000,0.719,2.253
probe,lower,1,forward,14.0165,1400.000,1129,startup,1416.407,1142,1417.367,-2.017,0,0,1783746235.383433819,-0.217925,-1.017117,0.933684,0.012242,,,0.006663,0.000000,0.000000,0.719,2.253
probe,lower,1,forward,14.0380,1400.000,1129,startup,1416.407,1142,1417.367,-2.017,0,0,1783746235.383433819,-0.217925,-1.017117,0.933684,0.012242,,,0.006663,0.000000,0.000000,0.719,2.253
probe,lower,1,forward,14.0596,1400.000,1129,startup,1416.407,1142,1417.367,-2.017,0,0,1783746235.383433819,-0.217925,-1.017117,0.933684,0.012242,,,0.006663,0.000000,0.000000,0.719,2.253
probe,lower,1,forward,14.0631,1400.000,1129,startup,1413.307,1140,1417.367,-2.017,1,5,1783746235.483917475,-0.216686,-1.014792,0.933082,0.015664,0.0026056,-0.0006016,0.009268,0.000000,0.000000,0.719,2.253
probe,lower,1,forward,14.0751,1400.000,1129,startup,1413.307,1140,1417.367,-2.017,0,0,1783746235.483917475,-0.216686,-1.014792,0.933082,0.015664,,,0.009268,0.000000,0.000000,0.719,2.253
probe,lower,1,forward,14.0968,1400.000,1129,startup,1413.307,1140,1417.367,-2.017,0,0,1783746235.483917475,-0.216686,-1.014792,0.933082,0.015664,,,0.009268,0.000000,0.000000,0.719,2.253
probe,lower,1,forward,14.1183,1400.000,1129,startup,1413.307,1140,1417.367,-2.017,0,0,1783746235.483917475,-0.216686,-1.014792,0.933082,0.015664,,,0.009268,0.000000,0.000000,0.719,2.253
probe,lower,1,forward,14.1398,1400.000,1129,startup,1413.307,1140,1417.367,-2.017,0,0,1783746235.483917475,-0.216686,-1.014792,0.933082,0.015664,,,0.009268,0.000000,0.000000,0.719,2.253
probe,lower,1,forward,14.1614,1400.000,1129,startup,1413.307,1140,1417.367,-2.017,0,0,1783746235.483917475,-0.216686,-1.014792,0.933082,0.015664,,,0.009268,0.000000,0.000000,0.722,1.734
probe,lower,1,forward,14.1639,1400.000,1129,startup,1410.207,1137,1417.367,-2.017,1,6,1783746235.584017992,-0.217538,-1.015792,0.932332,0.008476,-0.0013101,-0.0007499,0.010578,0.000000,0.000000,0.722,1.734
probe,lower,1,forward,14.1811,1400.000,1129,startup,1410.207,1137,1417.367,-2.017,0,0,1783746235.584017992,-0.217538,-1.015792,0.932332,0.008476,,,0.010578,0.000000,0.000000,0.722,1.734
probe,lower,1,forward,14.2028,1400.000,1129,startup,1410.207,1137,1417.367,-2.017,0,0,1783746235.584017992,-0.217538,-1.015792,0.932332,0.008476,,,0.010578,0.000000,0.000000,0.722,1.734
probe,lower,1,forward,14.2243,1400.000,1129,startup,1410.207,1137,1417.367,-2.017,0,0,1783746235.584017992,-0.217538,-1.015792,0.932332,0.008476,,,0.010578,0.000000,0.000000,0.722,1.734
probe,lower,1,forward,14.2458,1400.000,1129,startup,1410.207,1137,1417.367,-2.017,0,0,1783746235.584017992,-0.217538,-1.015792,0.932332,0.008476,,,0.010578,0.000000,0.000000,0.731,1.723
probe,lower,1,forward,14.2641,1400.000,1129,startup,1407.107,1135,1417.367,-2.017,1,7,1783746235.684581280,-0.217995,-1.013338,0.932947,0.010579,0.0016983,0.0006141,0.012276,0.000000,0.000000,0.731,1.723
probe,lower,1,forward,14.2751,1400.000,1129,startup,1407.107,1135,1417.367,-2.017,0,0,1783746235.684581280,-0.217995,-1.013338,0.932947,0.010579,,,0.012276,0.000000,0.000000,0.731,1.723
probe,lower,1,forward,14.2968,1400.000,1129,startup,1407.107,1135,1417.367,-2.017,0,0,1783746235.684581280,-0.217995,-1.013338,0.932947,0.010579,,,0.012276,0.000000,0.000000,0.731,1.723
probe,lower,1,forward,14.3183,1400.000,1129,startup,1407.107,1135,1417.367,-2.017,0,0,1783746235.684581280,-0.217995,-1.013338,0.932947,0.010579,,,0.012276,0.000000,0.000000,0.731,1.723
probe,lower,1,forward,14.3398,1400.000,1129,startup,1407.107,1135,1417.367,-2.017,0,0,1783746235.684581280,-0.217995,-1.013338,0.932947,0.010579,,,0.012276,0.000000,0.000000,0.731,1.723
probe,lower,1,forward,14.3614,1400.000,1129,startup,1407.107,1135,1417.367,-2.017,0,0,1783746235.684581280,-0.217995,-1.013338,0.932947,0.010579,,,0.012276,0.000000,0.000000,0.721,1.717
probe,lower,1,forward,14.3642,1400.000,1129,startup,1404.007,1132,1417.367,-2.017,1,8,1783746235.785068989,-0.219194,-1.015557,0.932337,0.001723,-0.0024965,-0.0006095,0.014773,0.000000,0.000000,0.721,1.717
probe,lower,1,forward,14.3809,1400.000,1129,startup,1404.007,1132,1417.367,-2.017,0,0,1783746235.785068989,-0.219194,-1.015557,0.932337,0.001723,,,0.014773,0.000000,0.000000,0.721,1.717
probe,lower,1,forward,14.4026,1400.000,1129,startup,1404.007,1132,1417.367,-2.017,0,0,1783746235.785068989,-0.219194,-1.015557,0.932337,0.001723,,,0.014773,0.000000,0.000000,0.721,1.717
probe,lower,1,forward,14.4242,1400.000,1129,startup,1404.007,1132,1417.367,-2.017,0,0,1783746235.785068989,-0.219194,-1.015557,0.932337,0.001723,,,0.014773,0.000000,0.000000,0.721,1.717
probe,lower,1,forward,14.4457,1400.000,1129,startup,1404.007,1132,1417.367,-2.017,0,0,1783746235.785068989,-0.219194,-1.015557,0.932337,0.001723,,,0.014773,0.000000,0.000000,0.725,2.252
probe,lower,1,forward,14.4648,1400.000,1129,startup,1404.007,1132,1417.367,-2.017,0,0,1783746235.785068989,-0.219194,-1.015557,0.932337,0.001723,,,0.014773,0.000000,0.000000,0.725,2.252
probe,lower,1,forward,14.4868,1400.000,1129,startup,1400.907,1130,1417.367,-2.017,1,9,1783746235.885199308,-0.220569,-1.019161,0.934724,-0.007983,-0.0037149,0.0023872,0.018488,0.000000,0.000000,0.725,2.252
probe,lower,1,forward,14.4887,1400.000,1129,startup,1400.907,1130,1417.367,-2.017,0,0,1783746235.885199308,-0.220569,-1.019161,0.934724,-0.007983,,,0.018488,0.000000,0.000000,0.725,2.252
probe,lower,1,forward,14.5103,1400.000,1129,startup,1400.907,1130,1417.367,-2.017,0,0,1783746235.885199308,-0.220569,-1.019161,0.934724,-0.007983,,,0.018488,0.000000,0.000000,0.725,2.252
probe,lower,1,forward,14.5318,1400.000,1129,startup,1400.907,1130,1417.367,-2.017,0,0,1783746235.885199308,-0.220569,-1.019161,0.934724,-0.007983,,,0.018488,0.000000,0.000000,0.725,2.252
probe,lower,1,forward,14.5534,1400.000,1129,startup,1400.907,1130,1417.367,-2.017,0,0,1783746235.885199308,-0.220569,-1.019161,0.934724,-0.007983,,,0.018488,0.000000,0.000000,0.717,1.715
probe,lower,1,forward,14.5653,1400.000,1129,startup,1397.807,1127,1417.367,-2.017,1,10,1783746235.985753298,-0.218259,-1.015905,0.936004,0.003937,0.0039916,0.0012801,0.022480,0.000000,0.000000,0.717,1.715
probe,lower,1,forward,14.5801,1400.000,1129,startup,1397.807,1127,1417.367,-2.017,0,0,1783746235.985753298,-0.218259,-1.015905,0.936004,0.003937,,,0.022480,0.000000,0.000000,0.717,1.715
probe,lower,1,forward,14.6022,1400.000,1129,startup,1397.807,1127,1417.367,-2.017,0,0,1783746235.985753298,-0.218259,-1.015905,0.936004,0.003937,,,0.022480,0.000000,0.000000,0.717,1.715
probe,lower,1,forward,14.6239,1400.000,1129,startup,1397.807,1127,1417.367,-2.017,0,0,1783746235.985753298,-0.218259,-1.015905,0.936004,0.003937,,,0.022480,0.000000,0.000000,0.717,1.715
probe,lower,1,forward,14.6455,1400.000,1129,startup,1397.807,1127,1417.367,-2.017,0,0,1783746235.985753298,-0.218259,-1.015905,0.936004,0.003937,,,0.022480,0.000000,0.000000,0.717,1.719
probe,lower,1,forward,14.6630,1400.000,1129,startup,1397.807,1127,1417.367,-2.017,0,0,1783746235.985753298,-0.218259,-1.015905,0.936004,0.003937,,,0.022480,0.000000,0.000000,0.717,1.719
probe,lower,1,forward,14.6849,1400.000,1129,startup,1394.707,1125,1417.367,-2.017,1,11,1783746236.086215734,-0.215657,-1.010690,0.932111,0.017237,0.0057401,-0.0038933,0.028220,0.000000,0.000000,0.717,1.719
probe,lower,1,forward,14.6867,1400.000,1129,startup,1394.707,1125,1417.367,-2.017,0,0,1783746236.086215734,-0.215657,-1.010690,0.932111,0.017237,,,0.028220,0.000000,0.000000,0.717,1.719
probe,lower,1,forward,14.7083,1400.000,1129,startup,1394.707,1125,1417.367,-2.017,0,0,1783746236.086215734,-0.215657,-1.010690,0.932111,0.017237,,,0.028220,0.000000,0.000000,0.717,1.719
probe,lower,1,forward,14.7298,1400.000,1129,startup,1394.707,1125,1417.367,-2.017,0,0,1783746236.086215734,-0.215657,-1.010690,0.932111,0.017237,,,0.028220,0.000000,0.000000,0.717,1.719
probe,lower,1,forward,14.7513,1400.000,1129,startup,1394.707,1125,1417.367,-2.017,0,0,1783746236.086215734,-0.215657,-1.010690,0.932111,0.017237,,,0.028220,0.000000,0.000000,0.729,1.706
probe,lower,1,forward,14.7632,1400.000,1129,rolling,1417.367,1143,1417.367,-2.017,1,12,1783746236.183887005,-0.206381,-0.998826,0.931406,0.051465,0.0150557,-0.0007051,0.043275,0.000000,0.000000,0.729,1.706
probe,lower,1,forward,14.7774,1400.000,1129,rolling,1417.367,1143,1417.367,-2.017,0,0,1783746236.183887005,-0.206381,-0.998826,0.931406,0.051465,,,0.043275,0.000000,0.000000,0.729,1.706
probe,lower,1,forward,14.7991,1400.000,1129,rolling,1417.367,1143,1417.367,-2.017,0,0,1783746236.183887005,-0.206381,-0.998826,0.931406,0.051465,,,0.043275,0.000000,0.000000,0.729,1.706
probe,lower,1,forward,14.8206,1400.000,1129,rolling,1417.367,1143,1417.367,-2.017,0,0,1783746236.183887005,-0.206381,-0.998826,0.931406,0.051465,,,0.043275,0.000000,0.000000,0.729,1.706
probe,lower,1,forward,14.8422,1400.000,1129,rolling,1417.367,1143,1417.367,-2.017,0,0,1783746236.183887005,-0.206381,-0.998826,0.931406,0.051465,,,0.043275,0.000000,0.000000,0.725,2.184
probe,lower,1,forward,14.8637,1400.000,1129,rolling,1417.367,1143,1417.367,-2.017,0,0,1783746236.183887005,-0.206381,-0.998826,0.931406,0.051465,,,0.043275,0.000000,0.000000,0.725,2.184
probe,lower,1,forward,14.8856,1400.000,1129,rolling,1415.467,1142,1417.119,-2.265,1,13,1783746236.284142256,-0.187590,-0.973410,0.929376,0.117415,0.0316071,-0.0020298,0.074883,0.031607,-0.002030,0.725,2.184
probe,lower,1,forward,14.8909,1400.000,1129,rolling,1415.467,1142,1417.119,-2.265,0,0,1783746236.284142256,-0.187590,-0.973410,0.929376,0.117415,,,0.074883,0.031607,-0.002030,0.725,2.184
probe,lower,1,forward,14.9128,1400.000,1129,rolling,1415.467,1142,1417.119,-2.265,0,0,1783746236.284142256,-0.187590,-0.973410,0.929376,0.117415,,,0.074883,0.031607,-0.002030,0.725,2.184
probe,lower,1,forward,14.9348,1400.000,1129,rolling,1415.467,1142,1417.119,-2.265,0,0,1783746236.284142256,-0.187590,-0.973410,0.929376,0.117415,,,0.074883,0.031607,-0.002030,0.725,2.184
probe,lower,1,forward,14.9565,1400.000,1129,rolling,1415.467,1142,1417.119,-2.265,0,0,1783746236.284142256,-0.187590,-0.973410,0.929376,0.117415,,,0.074883,0.031607,-0.002030,0.744,2.153
probe,lower,1,forward,14.9611,1400.000,1129,rolling,1415.959,1142,1416.967,-2.417,1,14,1783746236.384609938,-0.172312,-0.953958,0.922376,0.149598,0.0247299,-0.0069997,0.099612,0.056337,-0.009030,0.744,2.153
probe,lower,1,forward,14.9744,1400.000,1129,rolling,1415.959,1142,1416.967,-2.417,0,0,1783746236.384609938,-0.172312,-0.953958,0.922376,0.149598,,,0.099612,0.056337,-0.009030,0.744,2.153
probe,lower,1,forward,14.9960,1400.000,1129,rolling,1415.959,1142,1416.967,-2.417,0,0,1783746236.384609938,-0.172312,-0.953958,0.922376,0.149598,,,0.099612,0.056337,-0.009030,0.744,2.153
probe,lower,1,forward,15.0175,1400.000,1129,rolling,1415.959,1142,1416.967,-2.417,0,0,1783746236.384609938,-0.172312,-0.953958,0.922376,0.149598,,,0.099612,0.056337,-0.009030,0.744,2.153
probe,lower,1,forward,15.0390,1400.000,1129,rolling,1415.959,1142,1416.967,-2.417,0,0,1783746236.384609938,-0.172312,-0.953958,0.922376,0.149598,,,0.099612,0.056337,-0.009030,0.744,2.153
probe,lower,1,forward,15.0605,1400.000,1129,rolling,1415.959,1142,1416.967,-2.417,0,0,1783746236.384609938,-0.172312,-0.953958,0.922376,0.149598,,,0.099612,0.056337,-0.009030,0.768,2.125
probe,lower,1,forward,15.0630,1400.000,1129,rolling,1416.558,1142,1416.915,-2.469,1,15,1783746236.482343912,-0.158813,-0.929857,0.919544,0.182174,0.0273559,-0.0028320,0.126968,0.083693,-0.011862,0.768,2.125
probe,lower,1,forward,15.0795,1400.000,1129,rolling,1416.558,1142,1416.915,-2.469,0,0,1783746236.482343912,-0.158813,-0.929857,0.919544,0.182174,,,0.126968,0.083693,-0.011862,0.768,2.125
probe,lower,1,forward,15.1010,1400.000,1129,rolling,1416.558,1142,1416.915,-2.469,0,0,1783746236.482343912,-0.158813,-0.929857,0.919544,0.182174,,,0.126968,0.083693,-0.011862,0.768,2.125
probe,lower,1,forward,15.1225,1400.000,1129,rolling,1416.558,1142,1416.915,-2.469,0,0,1783746236.482343912,-0.158813,-0.929857,0.919544,0.182174,,,0.126968,0.083693,-0.011862,0.768,2.125
probe,lower,1,forward,15.1441,1400.000,1129,rolling,1416.558,1142,1416.915,-2.469,0,0,1783746236.482343912,-0.158813,-0.929857,0.919544,0.182174,,,0.126968,0.083693,-0.011862,0.793,2.101
probe,lower,1,forward,15.1623,1400.000,1129,rolling,1417.116,1143,1416.941,-2.443,1,16,1783746236.583002329,-0.139166,-0.908318,0.915601,0.208770,0.0290457,-0.0039431,0.156014,0.112739,-0.015805,0.793,2.101
probe,lower,1,forward,15.1799,1400.000,1129,rolling,1417.116,1143,1416.941,-2.443,0,0,1783746236.583002329,-0.139166,-0.908318,0.915601,0.208770,,,0.156014,0.112739,-0.015805,0.793,2.101
probe,lower,1,forward,15.2018,1400.000,1129,rolling,1417.116,1143,1416.941,-2.443,0,0,1783746236.583002329,-0.139166,-0.908318,0.915601,0.208770,,,0.156014,0.112739,-0.015805,0.793,2.101
probe,lower,1,forward,15.2233,1400.000,1129,rolling,1417.116,1143,1416.941,-2.443,0,0,1783746236.583002329,-0.139166,-0.908318,0.915601,0.208770,,,0.156014,0.112739,-0.015805,0.793,2.101
probe,lower,1,forward,15.2449,1400.000,1129,rolling,1417.116,1143,1416.941,-2.443,0,0,1783746236.583002329,-0.139166,-0.908318,0.915601,0.208770,,,0.156014,0.112739,-0.015805,0.814,1.827
probe,lower,1,forward,15.2604,1400.000,1129,rolling,1417.192,1143,1416.974,-2.410,1,17,1783746236.683178186,-0.128512,-0.889030,0.909987,0.210922,0.0217762,-0.0056141,0.177790,0.134515,-0.021419,0.814,1.827
probe,lower,1,forward,15.2731,1400.000,1129,rolling,1417.192,1143,1416.974,-2.410,0,0,1783746236.683178186,-0.128512,-0.889030,0.909987,0.210922,,,0.177790,0.134515,-0.021419,0.814,1.827
probe,lower,1,forward,15.2949,1400.000,1129,rolling,1417.192,1143,1416.974,-2.410,0,0,1783746236.683178186,-0.128512,-0.889030,0.909987,0.210922,,,0.177790,0.134515,-0.021419,0.814,1.827
probe,lower,1,forward,15.3165,1400.000,1129,rolling,1417.192,1143,1416.974,-2.410,0,0,1783746236.683178186,-0.128512,-0.889030,0.909987,0.210922,,,0.177790,0.134515,-0.021419,0.814,1.827
probe,lower,1,forward,15.3382,1400.000,1129,rolling,1417.192,1143,1416.974,-2.410,0,0,1783746236.683178186,-0.128512,-0.889030,0.909987,0.210922,,,0.177790,0.134515,-0.021419,0.835,2.055
probe,lower,1,forward,15.3607,1400.000,1129,rolling,1417.502,1143,1417.042,-2.342,1,18,1783746236.781342030,-0.112107,-0.869545,0.904835,0.223019,0.0254546,-0.0051525,0.203245,0.159969,-0.026571,0.835,2.055
probe,lower,1,forward,15.3768,1400.000,1129,rolling,1417.502,1143,1417.042,-2.342,0,0,1783746236.781342030,-0.112107,-0.869545,0.904835,0.223019,,,0.203245,0.159969,-0.026571,0.835,2.055
probe,lower,1,forward,15.3985,1400.000,1129,rolling,1417.502,1143,1417.042,-2.342,0,0,1783746236.781342030,-0.112107,-0.869545,0.904835,0.223019,,,0.203245,0.159969,-0.026571,0.835,2.055
probe,lower,1,forward,15.4200,1400.000,1129,rolling,1417.502,1143,1417.042,-2.342,0,0,1783746236.781342030,-0.112107,-0.869545,0.904835,0.223019,,,0.203245,0.159969,-0.026571,0.835,2.055
probe,lower,1,forward,15.4415,1400.000,1129,rolling,1417.502,1143,1417.042,-2.342,0,0,1783746236.781342030,-0.112107,-0.869545,0.904835,0.223019,,,0.203245,0.159969,-0.026571,0.853,1.790
probe,lower,1,forward,15.4584,1400.000,1129,rolling,1417.573,1143,1417.111,-2.273,1,19,1783746236.881545544,-0.099191,-0.851232,0.900737,0.223093,0.0223770,-0.0040973,0.225622,0.182346,-0.030669,0.853,1.790
probe,lower,1,forward,15.4705,1400.000,1129,rolling,1417.573,1143,1417.111,-2.273,0,0,1783746236.881545544,-0.099191,-0.851232,0.900737,0.223093,,,0.225622,0.182346,-0.030669,0.853,1.790
probe,lower,1,forward,15.4921,1400.000,1129,rolling,1417.573,1143,1417.111,-2.273,0,0,1783746236.881545544,-0.099191,-0.851232,0.900737,0.223093,,,0.225622,0.182346,-0.030669,0.853,1.790
probe,lower,1,forward,15.5136,1400.000,1129,rolling,1417.573,1143,1417.111,-2.273,0,0,1783746236.881545544,-0.099191,-0.851232,0.900737,0.223093,,,0.225622,0.182346,-0.030669,0.853,1.790
probe,lower,1,forward,15.5351,1400.000,1129,rolling,1417.573,1143,1417.111,-2.273,0,0,1783746236.881545544,-0.099191,-0.851232,0.900737,0.223093,,,0.225622,0.182346,-0.030669,0.853,1.790
probe,lower,1,forward,15.5566,1400.000,1129,rolling,1417.573,1143,1417.111,-2.273,0,0,1783746236.881545544,-0.099191,-0.851232,0.900737,0.223093,,,0.225622,0.182346,-0.030669,0.869,1.789
probe,lower,1,forward,15.5590,1400.000,1129,rolling,1417.589,1143,1417.172,-2.211,1,20,1783746236.979425430,-0.085312,-0.835493,0.897344,0.220848,0.0209574,-0.0033933,0.246579,0.203304,-0.034062,0.869,1.789
probe,lower,1,forward,15.5713,1400.000,1129,rolling,1417.589,1143,1417.172,-2.211,0,0,1783746236.979425430,-0.085312,-0.835493,0.897344,0.220848,,,0.246579,0.203304,-0.034062,0.869,1.789
probe,lower,1,forward,15.5929,1400.000,1129,rolling,1417.589,1143,1417.172,-2.211,0,0,1783746236.979425430,-0.085312,-0.835493,0.897344,0.220848,,,0.246579,0.203304,-0.034062,0.869,1.789
probe,lower,1,forward,15.6146,1400.000,1129,rolling,1417.589,1143,1417.172,-2.211,0,0,1783746236.979425430,-0.085312,-0.835493,0.897344,0.220848,,,0.246579,0.203304,-0.034062,0.869,1.789
probe,lower,1,forward,15.6364,1400.000,1129,rolling,1417.589,1143,1417.172,-2.211,0,0,1783746236.979425430,-0.085312,-0.835493,0.897344,0.220848,,,0.246579,0.203304,-0.034062,0.869,1.789
probe,lower,1,forward,15.6580,1400.000,1129,rolling,1417.589,1143,1417.172,-2.211,0,0,1783746236.979425430,-0.085312,-0.835493,0.897344,0.220848,,,0.246579,0.203304,-0.034062,0.885,1.999
probe,lower,1,forward,15.6604,1400.000,1129,rolling,1417.589,1143,1417.172,-2.211,0,0,1783746236.979425430,-0.085312,-0.835493,0.897344,0.220848,,,0.246579,0.203304,-0.034062,0.885,1.999
probe,lower,1,forward,15.6823,1400.000,1129,rolling,1417.223,1143,1417.179,-2.205,1,21,1783746237.079861164,-0.075537,-0.824492,0.898250,0.202215,0.0146952,0.0009059,0.261274,0.217999,-0.033156,0.885,1.999
probe,lower,1,forward,15.6844,1400.000,1129,rolling,1417.223,1143,1417.179,-2.205,0,0,1783746237.079861164,-0.075537,-0.824492,0.898250,0.202215,,,0.261274,0.217999,-0.033156,0.885,1.999
probe,lower,1,forward,15.7060,1400.000,1129,rolling,1417.223,1143,1417.179,-2.205,0,0,1783746237.079861164,-0.075537,-0.824492,0.898250,0.202215,,,0.261274,0.217999,-0.033156,0.885,1.999
probe,lower,1,forward,15.7275,1400.000,1129,rolling,1417.223,1143,1417.179,-2.205,0,0,1783746237.079861164,-0.075537,-0.824492,0.898250,0.202215,,,0.261274,0.217999,-0.033156,0.885,1.999
probe,lower,1,forward,15.7491,1400.000,1129,rolling,1417.223,1143,1417.179,-2.205,0,0,1783746237.079861164,-0.075537,-0.824492,0.898250,0.202215,,,0.261274,0.217999,-0.033156,0.903,1.980
probe,lower,1,forward,15.7597,1400.000,1129,rolling,1416.743,1143,1417.122,-2.262,1,22,1783746237.180443048,-0.067398,-0.815846,0.895114,0.181078,0.0118353,-0.0031358,0.273110,0.229834,-0.036292,0.903,1.980
probe,lower,1,forward,15.7781,1400.000,1129,rolling,1416.743,1143,1417.122,-2.262,0,0,1783746237.180443048,-0.067398,-0.815846,0.895114,0.181078,,,0.273110,0.229834,-0.036292,0.903,1.980
probe,lower,1,forward,15.7997,1400.000,1129,rolling,1416.743,1143,1417.122,-2.262,0,0,1783746237.180443048,-0.067398,-0.815846,0.895114,0.181078,,,0.273110,0.229834,-0.036292,0.903,1.980
probe,lower,1,forward,15.8212,1400.000,1129,rolling,1416.743,1143,1417.122,-2.262,0,0,1783746237.180443048,-0.067398,-0.815846,0.895114,0.181078,,,0.273110,0.229834,-0.036292,0.903,1.980
probe,lower,1,forward,15.8427,1400.000,1129,rolling,1416.743,1143,1417.122,-2.262,0,0,1783746237.180443048,-0.067398,-0.815846,0.895114,0.181078,,,0.273110,0.229834,-0.036292,0.917,1.964
probe,lower,1,forward,15.8605,1400.000,1129,rolling,1416.626,1142,1417.057,-2.327,1,23,1783746237.280625105,-0.057907,-0.801547,0.890513,0.178455,0.0170895,-0.0046009,0.290199,0.246924,-0.040893,0.917,1.964
probe,lower,1,forward,15.8726,1400.000,1129,rolling,1416.626,1142,1417.057,-2.327,0,0,1783746237.280625105,-0.057907,-0.801547,0.890513,0.178455,,,0.290199,0.246924,-0.040893,0.917,1.964
probe,lower,1,forward,15.8942,1400.000,1129,rolling,1416.626,1142,1417.057,-2.327,0,0,1783746237.280625105,-0.057907,-0.801547,0.890513,0.178455,,,0.290199,0.246924,-0.040893,0.917,1.964
probe,lower,1,forward,15.9157,1400.000,1129,rolling,1416.626,1142,1417.057,-2.327,0,0,1783746237.280625105,-0.057907,-0.801547,0.890513,0.178455,,,0.290199,0.246924,-0.040893,0.917,1.964
probe,lower,1,forward,15.9373,1400.000,1129,rolling,1416.626,1142,1417.057,-2.327,0,0,1783746237.280625105,-0.057907,-0.801547,0.890513,0.178455,,,0.290199,0.246924,-0.040893,0.917,1.964
probe,lower,1,forward,15.9589,1400.000,1129,rolling,1416.626,1142,1417.057,-2.327,0,0,1783746237.280625105,-0.057907,-0.801547,0.890513,0.178455,,,0.290199,0.246924,-0.040893,0.932,1.948
probe,lower,1,forward,15.9615,1400.000,1129,rolling,1416.609,1142,1416.998,-2.385,1,24,1783746237.381275892,-0.048328,-0.785104,0.886508,0.180541,0.0188017,-0.0040052,0.309001,0.265726,-0.044898,0.932,1.948
probe,lower,1,forward,15.9708,1400.000,1129,rolling,1416.609,1142,1416.998,-2.385,0,0,1783746237.381275892,-0.048328,-0.785104,0.886508,0.180541,,,0.309001,0.265726,-0.044898,0.932,1.948
probe,lower,1,forward,15.9925,1400.000,1129,rolling,1416.609,1142,1416.998,-2.385,0,0,1783746237.381275892,-0.048328,-0.785104,0.886508,0.180541,,,0.309001,0.265726,-0.044898,0.932,1.948
probe,lower,1,forward,16.0141,1400.000,1129,rolling,1416.609,1142,1416.998,-2.385,0,0,1783746237.381275892,-0.048328,-0.785104,0.886508,0.180541,,,0.309001,0.265726,-0.044898,0.932,1.948
probe,lower,1,forward,16.0356,1400.000,1129,rolling,1416.609,1142,1416.998,-2.385,0,0,1783746237.381275892,-0.048328,-0.785104,0.886508,0.180541,,,0.309001,0.265726,-0.044898,0.932,1.948
probe,lower,1,forward,16.0574,1400.000,1129,rolling,1416.609,1142,1416.998,-2.385,0,0,1783746237.381275892,-0.048328,-0.785104,0.886508,0.180541,,,0.309001,0.265726,-0.044898,0.947,1.929
probe,lower,1,forward,16.0606,1400.000,1129,rolling,1416.570,1142,1416.942,-2.441,1,25,1783746237.481433630,-0.035889,-0.771475,0.885128,0.181395,0.0184248,-0.0013805,0.327426,0.284150,-0.046278,0.947,1.929
probe,lower,1,forward,16.0808,1400.000,1129,rolling,1416.570,1142,1416.942,-2.441,0,0,1783746237.481433630,-0.035889,-0.771475,0.885128,0.181395,,,0.327426,0.284150,-0.046278,0.947,1.929
probe,lower,1,forward,16.1025,1400.000,1129,rolling,1416.570,1142,1416.942,-2.441,0,0,1783746237.481433630,-0.035889,-0.771475,0.885128,0.181395,,,0.327426,0.284150,-0.046278,0.947,1.929
probe,lower,1,forward,16.1241,1400.000,1129,rolling,1416.570,1142,1416.942,-2.441,0,0,1783746237.481433630,-0.035889,-0.771475,0.885128,0.181395,,,0.327426,0.284150,-0.046278,0.947,1.929
probe,lower,1,forward,16.1457,1400.000,1129,rolling,1416.570,1142,1416.942,-2.441,0,0,1783746237.481433630,-0.035889,-0.771475,0.885128,0.181395,,,0.327426,0.284150,-0.046278,0.965,1.911
probe,lower,1,forward,16.1614,1400.000,1129,rolling,1416.344,1142,1416.864,-2.520,1,26,1783746237.581638575,-0.024945,-0.760780,0.885123,0.173987,0.0152073,-0.0000043,0.342633,0.299358,-0.046283,0.965,1.911
probe,lower,1,forward,16.1753,1400.000,1129,rolling,1416.344,1142,1416.864,-2.520,0,0,1783746237.581638575,-0.024945,-0.760780,0.885123,0.173987,,,0.342633,0.299358,-0.046283,0.965,1.911
probe,lower,1,forward,16.1969,1400.000,1129,rolling,1416.344,1142,1416.864,-2.520,0,0,1783746237.581638575,-0.024945,-0.760780,0.885123,0.173987,,,0.342633,0.299358,-0.046283,0.965,1.911
probe,lower,1,forward,16.2185,1400.000,1129,rolling,1416.344,1142,1416.864,-2.520,0,0,1783746237.581638575,-0.024945,-0.760780,0.885123,0.173987,,,0.342633,0.299358,-0.046283,0.965,1.911
probe,lower,1,forward,16.2400,1400.000,1129,rolling,1416.344,1142,1416.864,-2.520,0,0,1783746237.581638575,-0.024945,-0.760780,0.885123,0.173987,,,0.342633,0.299358,-0.046283,0.982,1.891
probe,lower,1,forward,16.2617,1400.000,1129,rolling,1416.288,1142,1416.789,-2.595,1,27,1783746237.682142735,-0.016150,-0.744872,0.883175,0.174963,0.0178788,-0.0019479,0.360512,0.317237,-0.048231,0.982,1.891
probe,lower,1,forward,16.2756,1400.000,1129,rolling,1416.288,1142,1416.789,-2.595,0,0,1783746237.682142735,-0.016150,-0.744872,0.883175,0.174963,,,0.360512,0.317237,-0.048231,0.982,1.891
probe,lower,1,forward,16.2972,1400.000,1129,rolling,1416.288,1142,1416.789,-2.595,0,0,1783746237.682142735,-0.016150,-0.744872,0.883175,0.174963,,,0.360512,0.317237,-0.048231,0.982,1.891
probe,lower,1,forward,16.3187,1400.000,1129,rolling,1416.288,1142,1416.789,-2.595,0,0,1783746237.682142735,-0.016150,-0.744872,0.883175,0.174963,,,0.360512,0.317237,-0.048231,0.982,1.891
probe,lower,1,forward,16.3403,1400.000,1129,rolling,1416.288,1142,1416.789,-2.595,0,0,1783746237.682142735,-0.016150,-0.744872,0.883175,0.174963,,,0.360512,0.317237,-0.048231,1.002,1.872
probe,lower,1,forward,16.3596,1400.000,1129,rolling,1416.446,1142,1416.744,-2.640,1,28,1783746237.782543182,-0.003805,-0.727009,0.879652,0.185096,0.0216355,-0.0035233,0.382148,0.338872,-0.051754,1.002,1.872
probe,lower,1,reverse,17.8388,1400.000,1129,startup,1594.312,1286,1598.312,5.803,0,0,1783746239.180438280,0.022806,-0.703328,0.869541,0.006819,,,0.000000,0.000000,0.000000,1.034,1.845
probe,lower,1,reverse,17.8583,1400.000,1129,startup,1595.552,1287,1598.312,5.803,1,1,1783746239.281032085,0.024359,-0.703374,0.869848,0.007517,0.0009669,0.0003069,0.000967,0.000000,0.000000,1.034,1.845
probe,lower,1,reverse,17.8701,1400.000,1129,startup,1595.552,1287,1598.312,5.803,0,0,1783746239.281032085,0.024359,-0.703374,0.869848,0.007517,,,0.000967,0.000000,0.000000,1.034,1.845
probe,lower,1,reverse,17.8917,1400.000,1129,startup,1595.552,1287,1598.312,5.803,0,0,1783746239.281032085,0.024359,-0.703374,0.869848,0.007517,,,0.000967,0.000000,0.000000,1.034,1.845
probe,lower,1,reverse,17.9133,1400.000,1129,startup,1595.552,1287,1598.312,5.803,0,0,1783746239.281032085,0.024359,-0.703374,0.869848,0.007517,,,0.000967,0.000000,0.000000,1.034,1.845
probe,lower,1,reverse,17.9348,1400.000,1129,startup,1595.552,1287,1598.312,5.803,0,0,1783746239.281032085,0.024359,-0.703374,0.869848,0.007517,,,0.000967,0.000000,0.000000,1.034,1.845
probe,lower,1,reverse,17.9563,1400.000,1129,startup,1595.552,1287,1598.312,5.803,0,0,1783746239.281032085,0.024359,-0.703374,0.869848,0.007517,,,0.000967,0.000000,0.000000,1.035,1.846
probe,lower,1,reverse,17.9587,1400.000,1129,startup,1596.792,1288,1598.312,5.803,1,2,1783746239.378917456,0.022081,-0.702728,0.869804,0.003146,-0.0009756,-0.0000443,0.001943,0.000000,0.000000,1.035,1.846
probe,lower,1,reverse,17.9701,1400.000,1129,startup,1596.792,1288,1598.312,5.803,0,0,1783746239.378917456,0.022081,-0.702728,0.869804,0.003146,,,0.001943,0.000000,0.000000,1.035,1.846
probe,lower,1,reverse,17.9917,1400.000,1129,startup,1596.792,1288,1598.312,5.803,0,0,1783746239.378917456,0.022081,-0.702728,0.869804,0.003146,,,0.001943,0.000000,0.000000,1.035,1.846
probe,lower,1,reverse,18.0132,1400.000,1129,startup,1596.792,1288,1598.312,5.803,0,0,1783746239.378917456,0.022081,-0.702728,0.869804,0.003146,,,0.001943,0.000000,0.000000,1.035,1.846
probe,lower,1,reverse,18.0347,1400.000,1129,startup,1596.792,1288,1598.312,5.803,0,0,1783746239.378917456,0.022081,-0.702728,0.869804,0.003146,,,0.001943,0.000000,0.000000,1.035,1.846
probe,lower,1,reverse,18.0563,1400.000,1129,startup,1596.792,1288,1598.312,5.803,0,0,1783746239.378917456,0.022081,-0.702728,0.869804,0.003146,,,0.001943,0.000000,0.000000,1.031,1.855
probe,lower,1,reverse,18.0588,1400.000,1129,startup,1598.032,1289,1598.312,5.803,1,3,1783746239.479109049,0.020410,-0.705900,0.869044,-0.006378,-0.0035017,-0.0007597,0.005444,0.000000,0.000000,1.031,1.855
probe,lower,1,reverse,18.0721,1400.000,1129,startup,1598.032,1289,1598.312,5.803,0,0,1783746239.479109049,0.020410,-0.705900,0.869044,-0.006378,,,0.005444,0.000000,0.000000,1.031,1.855
probe,lower,1,reverse,18.0937,1400.000,1129,startup,1598.032,1289,1598.312,5.803,0,0,1783746239.479109049,0.020410,-0.705900,0.869044,-0.006378,,,0.005444,0.000000,0.000000,1.031,1.855
probe,lower,1,reverse,18.1152,1400.000,1129,startup,1598.032,1289,1598.312,5.803,0,0,1783746239.479109049,0.020410,-0.705900,0.869044,-0.006378,,,0.005444,0.000000,0.000000,1.031,1.855
probe,lower,1,reverse,18.1368,1400.000,1129,startup,1598.032,1289,1598.312,5.803,0,0,1783746239.479109049,0.020410,-0.705900,0.869044,-0.006378,,,0.005444,0.000000,0.000000,1.020,1.867
probe,lower,1,reverse,18.1566,1400.000,1129,startup,1598.032,1289,1598.312,5.803,0,0,1783746239.479109049,0.020410,-0.705900,0.869044,-0.006378,,,0.005444,0.000000,0.000000,1.020,1.867
probe,lower,1,reverse,18.1784,1400.000,1129,startup,1599.272,1290,1598.312,5.803,1,4,1783746239.579701900,0.012643,-0.711449,0.873300,-0.027764,-0.0092465,0.0042564,0.014691,0.000000,0.000000,1.020,1.867
probe,lower,1,reverse,18.1803,1400.000,1129,startup,1599.272,1290,1598.312,5.803,0,0,1783746239.579701900,0.012643,-0.711449,0.873300,-0.027764,,,0.014691,0.000000,0.000000,1.020,1.867
probe,lower,1,reverse,18.2019,1400.000,1129,startup,1599.272,1290,1598.312,5.803,0,0,1783746239.579701900,0.012643,-0.711449,0.873300,-0.027764,,,0.014691,0.000000,0.000000,1.020,1.867
probe,lower,1,reverse,18.2234,1400.000,1129,startup,1599.272,1290,1598.312,5.803,0,0,1783746239.579701900,0.012643,-0.711449,0.873300,-0.027764,,,0.014691,0.000000,0.000000,1.020,1.867
probe,lower,1,reverse,18.2449,1400.000,1129,startup,1599.272,1290,1598.312,5.803,0,0,1783746239.579701900,0.012643,-0.711449,0.873300,-0.027764,,,0.014691,0.000000,0.000000,1.006,1.884
probe,lower,1,reverse,18.2568,1400.000,1129,rolling,1598.312,1289,1598.312,5.803,1,5,1783746239.677560329,0.001016,-0.724102,0.875120,-0.064674,-0.0171648,0.0018200,0.031856,0.000000,0.000000,1.006,1.884
probe,lower,1,reverse,18.2761,1400.000,1129,rolling,1598.312,1289,1598.312,5.803,0,0,1783746239.677560329,0.001016,-0.724102,0.875120,-0.064674,,,0.031856,0.000000,0.000000,1.006,1.884
probe,lower,1,reverse,18.2978,1400.000,1129,rolling,1598.312,1289,1598.312,5.803,0,0,1783746239.677560329,0.001016,-0.724102,0.875120,-0.064674,,,0.031856,0.000000,0.000000,1.006,1.884
probe,lower,1,reverse,18.3194,1400.000,1129,rolling,1598.312,1289,1598.312,5.803,0,0,1783746239.677560329,0.001016,-0.724102,0.875120,-0.064674,,,0.031856,0.000000,0.000000,1.006,1.884
probe,lower,1,reverse,18.3410,1400.000,1129,rolling,1598.312,1289,1598.312,5.803,0,0,1783746239.677560329,0.001016,-0.724102,0.875120,-0.064674,,,0.031856,0.000000,0.000000,0.992,1.901
probe,lower,1,reverse,18.3574,1400.000,1129,rolling,1600.276,1291,1598.640,6.131,1,6,1783746239.777790546,-0.007642,-0.739032,0.878091,-0.090942,-0.0170138,0.0029705,0.048869,0.000000,0.000000,0.992,1.901
probe,lower,1,reverse,18.3753,1400.000,1129,rolling,1600.276,1291,1598.640,6.131,0,0,1783746239.777790546,-0.007642,-0.739032,0.878091,-0.090942,,,0.048869,0.000000,0.000000,0.992,1.901
probe,lower,1,reverse,18.3970,1400.000,1129,rolling,1600.276,1291,1598.640,6.131,0,0,1783746239.777790546,-0.007642,-0.739032,0.878091,-0.090942,,,0.048869,0.000000,0.000000,0.992,1.901
probe,lower,1,reverse,18.4185,1400.000,1129,rolling,1600.276,1291,1598.640,6.131,0,0,1783746239.777790546,-0.007642,-0.739032,0.878091,-0.090942,,,0.048869,0.000000,0.000000,0.992,1.901
probe,lower,1,reverse,18.4400,1400.000,1129,rolling,1600.276,1291,1598.640,6.131,0,0,1783746239.777790546,-0.007642,-0.739032,0.878091,-0.090942,,,0.048869,0.000000,0.000000,0.974,1.923
probe,lower,1,reverse,18.4579,1400.000,1129,rolling,1600.150,1290,1598.893,6.384,1,7,1783746239.878337383,-0.018606,-0.754993,0.880814,-0.116162,-0.0192870,0.0027227,0.068156,-0.019287,0.002723,0.974,1.923
probe,lower,1,reverse,18.4661,1400.000,1129,rolling,1600.150,1290,1598.893,6.384,0,0,1783746239.878337383,-0.018606,-0.754993,0.880814,-0.116162,,,0.068156,-0.019287,0.002723,0.974,1.923
probe,lower,1,reverse,18.4877,1400.000,1129,rolling,1600.150,1290,1598.893,6.384,0,0,1783746239.878337383,-0.018606,-0.754993,0.880814,-0.116162,,,0.068156,-0.019287,0.002723,0.974,1.923
probe,lower,1,reverse,18.5093,1400.000,1129,rolling,1600.150,1290,1598.893,6.384,0,0,1783746239.878337383,-0.018606,-0.754993,0.880814,-0.116162,,,0.068156,-0.019287,0.002723,0.974,1.923
probe,lower,1,reverse,18.5308,1400.000,1129,rolling,1600.150,1290,1598.893,6.384,0,0,1783746239.878337383,-0.018606,-0.754993,0.880814,-0.116162,,,0.068156,-0.019287,0.002723,0.974,1.923
probe,lower,1,reverse,18.5524,1400.000,1129,rolling,1600.150,1290,1598.893,6.384,0,0,1783746239.878337383,-0.018606,-0.754993,0.880814,-0.116162,,,0.068156,-0.019287,0.002723,0.952,1.949
probe,lower,1,reverse,18.5580,1400.000,1129,rolling,1599.797,1290,1599.044,6.535,1,8,1783746239.978639603,-0.033543,-0.775273,0.887026,-0.149814,-0.0251530,0.0062126,0.093309,-0.044440,0.008935,0.952,1.949
probe,lower,1,reverse,18.5732,1400.000,1129,rolling,1599.797,1290,1599.044,6.535,0,0,1783746239.978639603,-0.033543,-0.775273,0.887026,-0.149814,,,0.093309,-0.044440,0.008935,0.952,1.949
probe,lower,1,reverse,18.5948,1400.000,1129,rolling,1599.797,1290,1599.044,6.535,0,0,1783746239.978639603,-0.033543,-0.775273,0.887026,-0.149814,,,0.093309,-0.044440,0.008935,0.952,1.949
probe,lower,1,reverse,18.6164,1400.000,1129,rolling,1599.797,1290,1599.044,6.535,0,0,1783746239.978639603,-0.033543,-0.775273,0.887026,-0.149814,,,0.093309,-0.044440,0.008935,0.952,1.949
probe,lower,1,reverse,18.6380,1400.000,1129,rolling,1599.797,1290,1599.044,6.535,0,0,1783746239.978639603,-0.033543,-0.775273,0.887026,-0.149814,,,0.093309,-0.044440,0.008935,0.925,1.979
probe,lower,1,reverse,18.6584,1400.000,1129,rolling,1599.546,1290,1599.128,6.619,1,9,1783746240.078978539,-0.047825,-0.794558,0.893056,-0.172095,-0.0239747,0.0060297,0.117284,-0.068415,0.014965,0.925,1.979
probe,lower,1,reverse,18.6705,1400.000,1129,rolling,1599.546,1290,1599.128,6.619,0,0,1783746240.078978539,-0.047825,-0.794558,0.893056,-0.172095,,,0.117284,-0.068415,0.014965,0.925,1.979
probe,lower,1,reverse,18.6922,1400.000,1129,rolling,1599.546,1290,1599.128,6.619,0,0,1783746240.078978539,-0.047825,-0.794558,0.893056,-0.172095,,,0.117284,-0.068415,0.014965,0.925,1.979
probe,lower,1,reverse,18.7138,1400.000,1129,rolling,1599.546,1290,1599.128,6.619,0,0,1783746240.078978539,-0.047825,-0.794558,0.893056,-0.172095,,,0.117284,-0.068415,0.014965,0.925,1.979
probe,lower,1,reverse,18.7355,1400.000,1129,rolling,1599.546,1290,1599.128,6.619,0,0,1783746240.078978539,-0.047825,-0.794558,0.893056,-0.172095,,,0.117284,-0.068415,0.014965,0.925,1.979
probe,lower,1,reverse,18.7572,1400.000,1129,rolling,1599.546,1290,1599.128,6.619,0,0,1783746240.078978539,-0.047825,-0.794558,0.893056,-0.172095,,,0.117284,-0.068415,0.014965,0.901,1.768
probe,lower,1,reverse,18.7600,1400.000,1129,rolling,1599.096,1290,1599.122,6.614,1,10,1783746240.179243565,-0.066710,-0.816780,0.901866,-0.201752,-0.0291492,0.0088101,0.146433,-0.097564,0.023775,0.901,1.768
probe,lower,1,reverse,18.7707,1400.000,1129,rolling,1599.096,1290,1599.122,6.614,0,0,1783746240.179243565,-0.066710,-0.816780,0.901866,-0.201752,,,0.146433,-0.097564,0.023775,0.901,1.768
probe,lower,1,reverse,18.7926,1400.000,1129,rolling,1599.096,1290,1599.122,6.614,0,0,1783746240.179243565,-0.066710,-0.816780,0.901866,-0.201752,,,0.146433,-0.097564,0.023775,0.901,1.768
probe,lower,1,reverse,18.8142,1400.000,1129,rolling,1599.096,1290,1599.122,6.614,0,0,1783746240.179243565,-0.066710,-0.816780,0.901866,-0.201752,,,0.146433,-0.097564,0.023775,0.901,1.768
probe,lower,1,reverse,18.8359,1400.000,1129,rolling,1599.096,1290,1599.122,6.614,0,0,1783746240.179243565,-0.066710,-0.816780,0.901866,-0.201752,,,0.146433,-0.097564,0.023775,0.901,1.768
probe,lower,1,reverse,18.8575,1400.000,1129,rolling,1599.096,1290,1599.122,6.614,0,0,1783746240.179243565,-0.066710,-0.816780,0.901866,-0.201752,,,0.146433,-0.097564,0.023775,0.876,2.037
probe,lower,1,reverse,18.8600,1400.000,1129,rolling,1598.707,1289,1599.053,6.544,1,11,1783746240.280007601,-0.087818,-0.836975,0.912100,-0.223043,-0.0289111,0.0102345,0.175344,-0.126475,0.034010,0.876,2.037
probe,lower,1,reverse,18.8715,1400.000,1129,rolling,1598.707,1289,1599.053,6.544,0,0,1783746240.280007601,-0.087818,-0.836975,0.912100,-0.223043,,,0.175344,-0.126475,0.034010,0.876,2.037
probe,lower,1,reverse,18.8931,1400.000,1129,rolling,1598.707,1289,1599.053,6.544,0,0,1783746240.280007601,-0.087818,-0.836975,0.912100,-0.223043,,,0.175344,-0.126475,0.034010,0.876,2.037
probe,lower,1,reverse,18.9146,1400.000,1129,rolling,1598.707,1289,1599.053,6.544,0,0,1783746240.280007601,-0.087818,-0.836975,0.912100,-0.223043,,,0.175344,-0.126475,0.034010,0.876,2.037
probe,lower,1,reverse,18.9362,1400.000,1129,rolling,1598.707,1289,1599.053,6.544,0,0,1783746240.280007601,-0.087818,-0.836975,0.912100,-0.223043,,,0.175344,-0.126475,0.034010,0.850,2.062
probe,lower,1,reverse,18.9572,1400.000,1129,rolling,1598.209,1289,1598.912,6.404,1,12,1783746240.379858732,-0.106739,-0.862545,0.921417,-0.246912,-0.0318043,0.0093170,0.207149,-0.158279,0.043327,0.850,2.062
probe,lower,1,reverse,18.9758,1400.000,1129,rolling,1598.209,1289,1598.912,6.404,0,0,1783746240.379858732,-0.106739,-0.862545,0.921417,-0.246912,,,0.207149,-0.158279,0.043327,0.850,2.062
probe,lower,1,reverse,18.9974,1400.000,1129,rolling,1598.209,1289,1598.912,6.404,0,0,1783746240.379858732,-0.106739,-0.862545,0.921417,-0.246912,,,0.207149,-0.158279,0.043327,0.850,2.062
probe,lower,1,reverse,19.0189,1400.000,1129,rolling,1598.209,1289,1598.912,6.404,0,0,1783746240.379858732,-0.106739,-0.862545,0.921417,-0.246912,,,0.207149,-0.158279,0.043327,0.850,2.062
probe,lower,1,reverse,19.0407,1400.000,1129,rolling,1598.209,1289,1598.912,6.404,0,0,1783746240.379858732,-0.106739,-0.862545,0.921417,-0.246912,,,0.207149,-0.158279,0.043327,0.827,2.088
probe,lower,1,reverse,19.0577,1400.000,1129,rolling,1597.879,1289,1598.743,6.234,1,13,1783746240.478133440,-0.122663,-0.886173,0.926283,-0.257562,-0.0284517,0.0048653,0.235600,-0.186731,0.048192,0.827,2.088
probe,lower,1,reverse,19.0774,1400.000,1129,rolling,1597.879,1289,1598.743,6.234,0,0,1783746240.478133440,-0.122663,-0.886173,0.926283,-0.257562,,,0.235600,-0.186731,0.048192,0.827,2.088
probe,lower,1,reverse,19.0993,1400.000,1129,rolling,1597.879,1289,1598.743,6.234,0,0,1783746240.478133440,-0.122663,-0.886173,0.926283,-0.257562,,,0.235600,-0.186731,0.048192,0.827,2.088
probe,lower,1,reverse,19.1210,1400.000,1129,rolling,1597.879,1289,1598.743,6.234,0,0,1783746240.478133440,-0.122663,-0.886173,0.926283,-0.257562,,,0.235600,-0.186731,0.048192,0.827,2.088
probe,lower,1,reverse,19.1425,1400.000,1129,rolling,1597.879,1289,1598.743,6.234,0,0,1783746240.478133440,-0.122663,-0.886173,0.926283,-0.257562,,,0.235600,-0.186731,0.048192,0.804,2.115
probe,lower,1,reverse,19.1581,1400.000,1129,rolling,1597.526,1288,1598.539,6.030,1,14,1783746240.578631639,-0.139434,-0.910962,0.932376,-0.267544,-0.0298971,0.0060929,0.265497,-0.216628,0.054285,0.804,2.115
probe,lower,1,reverse,19.1755,1400.000,1129,rolling,1597.526,1288,1598.539,6.030,0,0,1783746240.578631639,-0.139434,-0.910962,0.932376,-0.267544,,,0.265497,-0.216628,0.054285,0.804,2.115
probe,lower,1,reverse,19.1972,1400.000,1129,rolling,1597.526,1288,1598.539,6.030,0,0,1783746240.578631639,-0.139434,-0.910962,0.932376,-0.267544,,,0.265497,-0.216628,0.054285,0.804,2.115
probe,lower,1,reverse,19.2187,1400.000,1129,rolling,1597.526,1288,1598.539,6.030,0,0,1783746240.578631639,-0.139434,-0.910962,0.932376,-0.267544,,,0.265497,-0.216628,0.054285,0.804,2.115
probe,lower,1,reverse,19.2402,1400.000,1129,rolling,1597.526,1288,1598.539,6.030,0,0,1783746240.578631639,-0.139434,-0.910962,0.932376,-0.267544,,,0.265497,-0.216628,0.054285,0.783,2.141
probe,lower,1,reverse,19.2585,1400.000,1129,rolling,1597.526,1288,1598.539,6.030,0,0,1783746240.578631639,-0.139434,-0.910962,0.932376,-0.267544,,,0.265497,-0.216628,0.054285,0.783,2.141
probe,lower,1,reverse,19.2804,1400.000,1129,rolling,1597.962,1289,1598.442,5.934,1,15,1783746240.679107428,-0.147709,-0.920511,0.935854,-0.232004,-0.0125984,0.0034784,0.278096,-0.229226,0.057763,0.783,2.141
probe,lower,1,reverse,19.2874,1400.000,1129,rolling,1597.962,1289,1598.442,5.934,0,0,1783746240.679107428,-0.147709,-0.920511,0.935854,-0.232004,,,0.278096,-0.229226,0.057763,0.783,2.141
probe,lower,1,reverse,19.3090,1400.000,1129,rolling,1597.962,1289,1598.442,5.934,0,0,1783746240.679107428,-0.147709,-0.920511,0.935854,-0.232004,,,0.278096,-0.229226,0.057763,0.783,2.141
probe,lower,1,reverse,19.3306,1400.000,1129,rolling,1597.962,1289,1598.442,5.934,0,0,1783746240.679107428,-0.147709,-0.920511,0.935854,-0.232004,,,0.278096,-0.229226,0.057763,0.783,2.141
probe,lower,1,reverse,19.3521,1400.000,1129,rolling,1597.962,1289,1598.442,5.934,0,0,1783746240.679107428,-0.147709,-0.920511,0.935854,-0.232004,,,0.278096,-0.229226,0.057763,0.760,1.707
probe,lower,1,reverse,19.3590,1400.000,1129,rolling,1597.629,1288,1598.306,5.798,1,16,1783746240.779514313,-0.164860,-0.943373,0.940783,-0.245159,-0.0285780,0.0049292,0.306674,-0.257804,0.062692,0.760,1.707
probe,lower,1,reverse,19.3731,1400.000,1129,rolling,1597.629,1288,1598.306,5.798,0,0,1783746240.779514313,-0.164860,-0.943373,0.940783,-0.245159,,,0.306674,-0.257804,0.062692,0.760,1.707
probe,lower,1,reverse,19.3948,1400.000,1129,rolling,1597.629,1288,1598.306,5.798,0,0,1783746240.779514313,-0.164860,-0.943373,0.940783,-0.245159,,,0.306674,-0.257804,0.062692,0.760,1.707
probe,lower,1,reverse,19.4164,1400.000,1129,rolling,1597.629,1288,1598.306,5.798,0,0,1783746240.779514313,-0.164860,-0.943373,0.940783,-0.245159,,,0.306674,-0.257804,0.062692,0.760,1.707
probe,lower,1,reverse,19.4380,1400.000,1129,rolling,1597.629,1288,1598.306,5.798,0,0,1783746240.779514313,-0.164860,-0.943373,0.940783,-0.245159,,,0.306674,-0.257804,0.062692,0.737,1.666
probe,lower,1,reverse,19.4593,1400.000,1129,rolling,1597.426,1288,1598.159,5.650,1,17,1783746240.879962444,-0.179677,-0.964880,0.946989,-0.248851,-0.0261091,0.0062059,0.332783,-0.283914,0.068898,0.737,1.666
probe,lower,1,reverse,19.4720,1400.000,1129,rolling,1597.426,1288,1598.159,5.650,0,0,1783746240.879962444,-0.179677,-0.964880,0.946989,-0.248851,,,0.332783,-0.283914,0.068898,0.737,1.666
probe,lower,1,reverse,19.4937,1400.000,1129,rolling,1597.426,1288,1598.159,5.650,0,0,1783746240.879962444,-0.179677,-0.964880,0.946989,-0.248851,,,0.332783,-0.283914,0.068898,0.737,1.666
probe,lower,1,reverse,19.5153,1400.000,1129,rolling,1597.426,1288,1598.159,5.650,0,0,1783746240.879962444,-0.179677,-0.964880,0.946989,-0.248851,,,0.332783,-0.283914,0.068898,0.737,1.666
probe,lower,1,reverse,19.5370,1400.000,1129,rolling,1597.426,1288,1598.159,5.650,0,0,1783746240.879962444,-0.179677,-0.964880,0.946989,-0.248851,,,0.332783,-0.283914,0.068898,0.737,1.666
probe,lower,1,reverse,19.5587,1400.000,1129,rolling,1597.426,1288,1598.159,5.650,0,0,1783746240.879962444,-0.179677,-0.964880,0.946989,-0.248851,,,0.332783,-0.283914,0.068898,0.717,1.655
probe,lower,1,reverse,19.5613,1400.000,1129,rolling,1597.300,1288,1598.016,5.507,1,18,1783746240.980175018,-0.192151,-0.986061,0.953182,-0.247723,-0.0244859,0.0061932,0.357269,-0.308400,0.075092,0.717,1.655
probe,lower,1,reverse,19.5753,1400.000,1129,rolling,1597.300,1288,1598.016,5.507,0,0,1783746240.980175018,-0.192151,-0.986061,0.953182,-0.247723,,,0.357269,-0.308400,0.075092,0.717,1.655
probe,lower,1,reverse,19.5974,1400.000,1129,rolling,1597.300,1288,1598.016,5.507,0,0,1783746240.980175018,-0.192151,-0.986061,0.953182,-0.247723,,,0.357269,-0.308400,0.075092,0.717,1.655
probe,lower,1,reverse,19.6192,1400.000,1129,rolling,1597.300,1288,1598.016,5.507,0,0,1783746240.980175018,-0.192151,-0.986061,0.953182,-0.247723,,,0.357269,-0.308400,0.075092,0.717,1.655
probe,lower,1,reverse,19.6408,1400.000,1129,rolling,1597.300,1288,1598.016,5.507,0,0,1783746240.980175018,-0.192151,-0.986061,0.953182,-0.247723,,,0.357269,-0.308400,0.075092,0.710,1.678
probe,lower,1,reverse,19.6600,1400.000,1129,rolling,1597.291,1288,1597.895,5.386,1,19,1783746241.080504894,-0.204170,-1.004335,0.961170,-0.240264,-0.0218607,0.0079871,0.379130,-0.330260,0.083079,0.710,1.678
probe,lower,1,reverse,19.6695,1400.000,1129,rolling,1597.291,1288,1597.895,5.386,0,0,1783746241.080504894,-0.204170,-1.004335,0.961170,-0.240264,,,0.379130,-0.330260,0.083079,0.710,1.678
probe,lower,1,reverse,19.6912,1400.000,1129,rolling,1597.291,1288,1597.895,5.386,0,0,1783746241.080504894,-0.204170,-1.004335,0.961170,-0.240264,,,0.379130,-0.330260,0.083079,0.710,1.678
probe,lower,1,reverse,19.7128,1400.000,1129,rolling,1597.291,1288,1597.895,5.386,0,0,1783746241.080504894,-0.204170,-1.004335,0.961170,-0.240264,,,0.379130,-0.330260,0.083079,0.710,1.678
probe,lower,1,reverse,19.7343,1400.000,1129,rolling,1597.291,1288,1597.895,5.386,0,0,1783746241.080504894,-0.204170,-1.004335,0.961170,-0.240264,,,0.379130,-0.330260,0.083079,0.710,1.678
probe,lower,1,reverse,19.7559,1400.000,1129,rolling,1597.291,1288,1597.895,5.386,0,0,1783746241.080504894,-0.204170,-1.004335,0.961170,-0.240264,,,0.379130,-0.330260,0.083079,0.695,1.696
probe,lower,1,reverse,19.7584,1400.000,1129,rolling,1596.962,1288,1597.739,5.230,1,20,1783746241.180961609,-0.222741,-1.026455,0.966548,-0.251775,-0.0287616,0.0053788,0.407891,-0.359022,0.088457,0.695,1.696
probe,upper,1,forward,22.2677,1500.000,1210,startup,1420.744,1146,1416.744,-2.640,0,0,1783746243.675370932,-0.249914,-1.071861,0.976390,0.000864,,,0.000000,0.000000,0.000000,0.689,1.730
probe,upper,1,forward,22.2894,1500.000,1210,startup,1420.744,1146,1416.744,-2.640,0,0,1783746243.675370932,-0.249914,-1.071861,0.976390,0.000864,,,0.000000,0.000000,0.000000,0.689,1.730
probe,upper,1,forward,22.3110,1500.000,1210,startup,1420.744,1146,1416.744,-2.640,0,0,1783746243.675370932,-0.249914,-1.071861,0.976390,0.000864,,,0.000000,0.000000,0.000000,0.689,1.730
probe,upper,1,forward,22.3325,1500.000,1210,startup,1420.744,1146,1416.744,-2.640,0,0,1783746243.675370932,-0.249914,-1.071861,0.976390,0.000864,,,0.000000,0.000000,0.000000,0.689,1.730
probe,upper,1,forward,22.3540,1500.000,1210,startup,1420.744,1146,1416.744,-2.640,0,0,1783746243.675370932,-0.249914,-1.071861,0.976390,0.000864,,,0.000000,0.000000,0.000000,0.690,1.744
probe,upper,1,forward,22.3565,1500.000,1210,startup,1419.504,1145,1416.744,-2.640,1,1,1783746243.775806665,-0.250497,-1.071358,0.976361,0.000872,0.0000902,-0.0000283,0.000090,0.000000,0.000000,0.690,1.744
probe,upper,1,forward,22.3700,1500.000,1210,startup,1419.504,1145,1416.744,-2.640,0,0,1783746243.775806665,-0.250497,-1.071358,0.976361,0.000872,,,0.000090,0.000000,0.000000,0.690,1.744
probe,upper,1,forward,22.3917,1500.000,1210,startup,1419.504,1145,1416.744,-2.640,0,0,1783746243.775806665,-0.250497,-1.071358,0.976361,0.000872,,,0.000090,0.000000,0.000000,0.690,1.744
probe,upper,1,forward,22.4133,1500.000,1210,startup,1419.504,1145,1416.744,-2.640,0,0,1783746243.775806665,-0.250497,-1.071358,0.976361,0.000872,,,0.000090,0.000000,0.000000,0.690,1.744
probe,upper,1,forward,22.4349,1500.000,1210,startup,1419.504,1145,1416.744,-2.640,0,0,1783746243.775806665,-0.250497,-1.071358,0.976361,0.000872,,,0.000090,0.000000,0.000000,0.689,1.727
probe,upper,1,forward,22.4556,1500.000,1210,startup,1418.264,1144,1416.744,-2.640,1,2,1783746243.876318932,-0.249866,-1.070432,0.977605,0.003441,0.0011205,0.0012434,0.001211,0.000000,0.000000,0.689,1.727
probe,upper,1,forward,22.4655,1500.000,1210,startup,1418.264,1144,1416.744,-2.640,0,0,1783746243.876318932,-0.249866,-1.070432,0.977605,0.003441,,,0.001211,0.000000,0.000000,0.689,1.727
probe,upper,1,forward,22.4871,1500.000,1210,startup,1418.264,1144,1416.744,-2.640,0,0,1783746243.876318932,-0.249866,-1.070432,0.977605,0.003441,,,0.001211,0.000000,0.000000,0.689,1.727
probe,upper,1,forward,22.5087,1500.000,1210,startup,1418.264,1144,1416.744,-2.640,0,0,1783746243.876318932,-0.249866,-1.070432,0.977605,0.003441,,,0.001211,0.000000,0.000000,0.689,1.727
probe,upper,1,forward,22.5302,1500.000,1210,startup,1418.264,1144,1416.744,-2.640,0,0,1783746243.876318932,-0.249866,-1.070432,0.977605,0.003441,,,0.001211,0.000000,0.000000,0.689,1.727
probe,upper,1,forward,22.5517,1500.000,1210,startup,1418.264,1144,1416.744,-2.640,0,0,1783746243.876318932,-0.249866,-1.070432,0.977605,0.003441,,,0.001211,0.000000,0.000000,0.679,1.740
probe,upper,1,forward,22.5559,1500.000,1210,startup,1417.024,1143,1416.744,-2.640,1,3,1783746243.976492405,-0.246409,-1.061737,0.979806,0.025401,0.0091440,0.0022015,0.010355,0.000000,0.000000,0.679,1.740
probe,upper,1,forward,22.5731,1500.000,1210,startup,1417.024,1143,1416.744,-2.640,0,0,1783746243.976492405,-0.246409,-1.061737,0.979806,0.025401,,,0.010355,0.000000,0.000000,0.679,1.740
probe,upper,1,forward,22.5948,1500.000,1210,startup,1417.024,1143,1416.744,-2.640,0,0,1783746243.976492405,-0.246409,-1.061737,0.979806,0.025401,,,0.010355,0.000000,0.000000,0.679,1.740
probe,upper,1,forward,22.6163,1500.000,1210,startup,1417.024,1143,1416.744,-2.640,0,0,1783746243.976492405,-0.246409,-1.061737,0.979806,0.025401,,,0.010355,0.000000,0.000000,0.679,1.740
probe,upper,1,forward,22.6379,1500.000,1210,startup,1417.024,1143,1416.744,-2.640,0,0,1783746243.976492405,-0.246409,-1.061737,0.979806,0.025401,,,0.010355,0.000000,0.000000,0.683,1.712
probe,upper,1,forward,22.6564,1500.000,1210,startup,1415.784,1142,1416.744,-2.640,1,4,1783746244.076905727,-0.244999,-1.054633,0.981456,0.035700,0.0066870,0.0016494,0.017042,0.000000,0.000000,0.683,1.712
probe,upper,1,forward,22.6714,1500.000,1210,startup,1415.784,1142,1416.744,-2.640,0,0,1783746244.076905727,-0.244999,-1.054633,0.981456,0.035700,,,0.017042,0.000000,0.000000,0.683,1.712
probe,upper,1,forward,22.6931,1500.000,1210,startup,1415.784,1142,1416.744,-2.640,0,0,1783746244.076905727,-0.244999,-1.054633,0.981456,0.035700,,,0.017042,0.000000,0.000000,0.683,1.712
probe,upper,1,forward,22.7146,1500.000,1210,startup,1415.784,1142,1416.744,-2.640,0,0,1783746244.076905727,-0.244999,-1.054633,0.981456,0.035700,,,0.017042,0.000000,0.000000,0.683,1.712
probe,upper,1,forward,22.7362,1500.000,1210,startup,1415.784,1142,1416.744,-2.640,0,0,1783746244.076905727,-0.244999,-1.054633,0.981456,0.035700,,,0.017042,0.000000,0.000000,0.691,1.724
probe,upper,1,forward,22.7566,1500.000,1210,startup,1412.684,1139,1416.744,-2.640,1,5,1783746244.177304745,-0.238406,-1.050773,0.981764,0.043889,0.0068730,0.0003078,0.023915,0.000000,0.000000,0.691,1.724
probe,upper,1,forward,22.7702,1500.000,1210,startup,1412.684,1139,1416.744,-2.640,0,0,1783746244.177304745,-0.238406,-1.050773,0.981764,0.043889,,,0.023915,0.000000,0.000000,0.691,1.724
probe,upper,1,forward,22.7918,1500.000,1210,startup,1412.684,1139,1416.744,-2.640,0,0,1783746244.177304745,-0.238406,-1.050773,0.981764,0.043889,,,0.023915,0.000000,0.000000,0.691,1.724
probe,upper,1,forward,22.8134,1500.000,1210,startup,1412.684,1139,1416.744,-2.640,0,0,1783746244.177304745,-0.238406,-1.050773,0.981764,0.043889,,,0.023915,0.000000,0.000000,0.691,1.724
probe,upper,1,forward,22.8349,1500.000,1210,startup,1412.684,1139,1416.744,-2.640,0,0,1783746244.177304745,-0.238406,-1.050773,0.981764,0.043889,,,0.023915,0.000000,0.000000,0.682,1.702
probe,upper,1,forward,22.8550,1500.000,1210,startup,1409.584,1137,1416.744,-2.640,1,6,1783746244.277488232,-0.235438,-1.047726,0.980699,0.043354,0.0041825,-0.0010646,0.028097,0.000000,0.000000,0.682,1.702
probe,upper,1,forward,22.8702,1500.000,1210,startup,1409.584,1137,1416.744,-2.640,0,0,1783746244.277488232,-0.235438,-1.047726,0.980699,0.043354,,,0.028097,0.000000,0.000000,0.682,1.702
probe,upper,1,forward,22.8919,1500.000,1210,startup,1409.584,1137,1416.744,-2.640,0,0,1783746244.277488232,-0.235438,-1.047726,0.980699,0.043354,,,0.028097,0.000000,0.000000,0.682,1.702
probe,upper,1,forward,22.9134,1500.000,1210,startup,1409.584,1137,1416.744,-2.640,0,0,1783746244.277488232,-0.235438,-1.047726,0.980699,0.043354,,,0.028097,0.000000,0.000000,0.682,1.702
probe,upper,1,forward,22.9349,1500.000,1210,startup,1409.584,1137,1416.744,-2.640,0,0,1783746244.277488232,-0.235438,-1.047726,0.980699,0.043354,,,0.028097,0.000000,0.000000,0.684,1.678
probe,upper,1,forward,22.9555,1500.000,1210,rolling,1416.744,1143,1416.744,-2.640,1,7,1783746244.375892639,-0.227572,-1.031989,0.985057,0.076868,0.0174581,0.0043577,0.045555,0.000000,0.000000,0.684,1.678
probe,upper,1,forward,22.9725,1500.000,1210,rolling,1416.744,1143,1416.744,-2.640,0,0,1783746244.375892639,-0.227572,-1.031989,0.985057,0.076868,,,0.045555,0.000000,0.000000,0.684,1.678
probe,upper,1,forward,22.9943,1500.000,1210,rolling,1416.744,1143,1416.744,-2.640,0,0,1783746244.375892639,-0.227572,-1.031989,0.985057,0.076868,,,0.045555,0.000000,0.000000,0.684,1.678
probe,upper,1,forward,23.0159,1500.000,1210,rolling,1416.744,1143,1416.744,-2.640,0,0,1783746244.375892639,-0.227572,-1.031989,0.985057,0.076868,,,0.045555,0.000000,0.000000,0.684,1.678
probe,upper,1,forward,23.0374,1500.000,1210,rolling,1416.744,1143,1416.744,-2.640,0,0,1783746244.375892639,-0.227572,-1.031989,0.985057,0.076868,,,0.045555,0.000000,0.000000,0.693,1.667
probe,upper,1,forward,23.0556,1500.000,1210,rolling,1414.595,1141,1416.463,-2.920,1,8,1783746244.476038933,-0.217122,-1.015388,0.988831,0.106608,0.0196115,0.0037746,0.065167,0.019611,0.003775,0.693,1.667
probe,upper,1,forward,23.0659,1500.000,1210,rolling,1414.595,1141,1416.463,-2.920,0,0,1783746244.476038933,-0.217122,-1.015388,0.988831,0.106608,,,0.065167,0.019611,0.003775,0.693,1.667
probe,upper,1,forward,23.0876,1500.000,1210,rolling,1414.595,1141,1416.463,-2.920,0,0,1783746244.476038933,-0.217122,-1.015388,0.988831,0.106608,,,0.065167,0.019611,0.003775,0.693,1.667
probe,upper,1,forward,23.1092,1500.000,1210,rolling,1414.595,1141,1416.463,-2.920,0,0,1783746244.476038933,-0.217122,-1.015388,0.988831,0.106608,,,0.065167,0.019611,0.003775,0.693,1.667
probe,upper,1,forward,23.1308,1500.000,1210,rolling,1414.595,1141,1416.463,-2.920,0,0,1783746244.476038933,-0.217122,-1.015388,0.988831,0.106608,,,0.065167,0.019611,0.003775,0.693,1.667
probe,upper,1,forward,23.1524,1500.000,1210,rolling,1414.595,1141,1416.463,-2.920,0,0,1783746244.476038933,-0.217122,-1.015388,0.988831,0.106608,,,0.065167,0.019611,0.003775,0.707,1.702
probe,upper,1,forward,23.1550,1500.000,1210,rolling,1415.080,1141,1416.282,-3.102,1,9,1783746244.576577187,-0.203491,-0.995498,0.989613,0.139902,0.0241073,0.0007821,0.089274,0.043719,0.004557,0.707,1.702
probe,upper,1,forward,23.1773,1500.000,1210,rolling,1415.080,1141,1416.282,-3.102,0,0,1783746244.576577187,-0.203491,-0.995498,0.989613,0.139902,,,0.089274,0.043719,0.004557,0.707,1.702
probe,upper,1,forward,23.1788,1500.000,1210,rolling,1415.080,1141,1416.282,-3.102,0,0,1783746244.576577187,-0.203491,-0.995498,0.989613,0.139902,,,0.089274,0.043719,0.004557,0.707,1.702
probe,upper,1,forward,23.2008,1500.000,1210,rolling,1415.080,1141,1416.282,-3.102,0,0,1783746244.576577187,-0.203491,-0.995498,0.989613,0.139902,,,0.089274,0.043719,0.004557,0.707,1.702
probe,upper,1,forward,23.2225,1500.000,1210,rolling,1415.080,1141,1416.282,-3.102,0,0,1783746244.576577187,-0.203491,-0.995498,0.989613,0.139902,,,0.089274,0.043719,0.004557,0.707,1.702
probe,upper,1,forward,23.2444,1500.000,1210,rolling,1415.080,1141,1416.282,-3.102,0,0,1783746244.576577187,-0.203491,-0.995498,0.989613,0.139902,,,0.089274,0.043719,0.004557,0.729,1.642
probe,upper,1,forward,23.2536,1500.000,1210,rolling,1415.445,1141,1416.175,-3.209,1,10,1783746244.674376488,-0.191304,-0.976094,0.992129,0.163491,0.0229103,0.0025156,0.112185,0.066629,0.007072,0.729,1.642
probe,upper,1,forward,23.2671,1500.000,1210,rolling,1415.445,1141,1416.175,-3.209,0,0,1783746244.674376488,-0.191304,-0.976094,0.992129,0.163491,,,0.112185,0.066629,0.007072,0.729,1.642
probe,upper,1,forward,23.2887,1500.000,1210,rolling,1415.445,1141,1416.175,-3.209,0,0,1783746244.674376488,-0.191304,-0.976094,0.992129,0.163491,,,0.112185,0.066629,0.007072,0.729,1.642
probe,upper,1,forward,23.3103,1500.000,1210,rolling,1415.445,1141,1416.175,-3.209,0,0,1783746244.674376488,-0.191304,-0.976094,0.992129,0.163491,,,0.112185,0.066629,0.007072,0.729,1.642
probe,upper,1,forward,23.3318,1500.000,1210,rolling,1415.445,1141,1416.175,-3.209,0,0,1783746244.674376488,-0.191304,-0.976094,0.992129,0.163491,,,0.112185,0.066629,0.007072,0.749,1.599
probe,upper,1,forward,23.3520,1500.000,1210,rolling,1415.672,1142,1416.109,-3.275,1,11,1783746244.774661541,-0.180644,-0.956448,0.993879,0.178158,0.0222790,0.0017504,0.134464,0.088908,0.008823,0.749,1.599
probe,upper,1,forward,23.3667,1500.000,1210,rolling,1415.672,1142,1416.109,-3.275,0,0,1783746244.774661541,-0.180644,-0.956448,0.993879,0.178158,,,0.134464,0.088908,0.008823,0.749,1.599
probe,upper,1,forward,23.3884,1500.000,1210,rolling,1415.672,1142,1416.109,-3.275,0,0,1783746244.774661541,-0.180644,-0.956448,0.993879,0.178158,,,0.134464,0.088908,0.008823,0.749,1.599
probe,upper,1,forward,23.4100,1500.000,1210,rolling,1415.672,1142,1416.109,-3.275,0,0,1783746244.774661541,-0.180644,-0.956448,0.993879,0.178158,,,0.134464,0.088908,0.008823,0.749,1.599
probe,upper,1,forward,23.4315,1500.000,1210,rolling,1415.672,1142,1416.109,-3.275,0,0,1783746244.774661541,-0.180644,-0.956448,0.993879,0.178158,,,0.134464,0.088908,0.008823,0.772,1.584
probe,upper,1,forward,23.4522,1500.000,1210,rolling,1415.935,1142,1416.087,-3.297,1,12,1783746244.872681379,-0.168247,-0.937011,0.994168,0.192413,0.0230522,0.0002887,0.157516,0.111960,0.009111,0.772,1.584
probe,upper,1,forward,23.4673,1500.000,1210,rolling,1415.935,1142,1416.087,-3.297,0,0,1783746244.872681379,-0.168247,-0.937011,0.994168,0.192413,,,0.157516,0.111960,0.009111,0.772,1.584
probe,upper,1,forward,23.4891,1500.000,1210,rolling,1415.935,1142,1416.087,-3.297,0,0,1783746244.872681379,-0.168247,-0.937011,0.994168,0.192413,,,0.157516,0.111960,0.009111,0.772,1.584
probe,upper,1,forward,23.5107,1500.000,1210,rolling,1415.935,1142,1416.087,-3.297,0,0,1783746244.872681379,-0.168247,-0.937011,0.994168,0.192413,,,0.157516,0.111960,0.009111,0.772,1.584
probe,upper,1,forward,23.5325,1500.000,1210,rolling,1415.935,1142,1416.087,-3.297,0,0,1783746244.872681379,-0.168247,-0.937011,0.994168,0.192413,,,0.157516,0.111960,0.009111,0.793,1.559
probe,upper,1,forward,23.5527,1500.000,1210,rolling,1416.175,1142,1416.098,-3.285,1,13,1783746244.973017931,-0.155938,-0.916525,0.996718,0.203823,0.0238856,0.0025498,0.181401,0.135846,0.011661,0.793,1.559
probe,upper,1,forward,23.5668,1500.000,1210,rolling,1416.175,1142,1416.098,-3.285,0,0,1783746244.973017931,-0.155938,-0.916525,0.996718,0.203823,,,0.181401,0.135846,0.011661,0.793,1.559
probe,upper,1,forward,23.5884,1500.000,1210,rolling,1416.175,1142,1416.098,-3.285,0,0,1783746244.973017931,-0.155938,-0.916525,0.996718,0.203823,,,0.181401,0.135846,0.011661,0.793,1.559
probe,upper,1,forward,23.6100,1500.000,1210,rolling,1416.175,1142,1416.098,-3.285,0,0,1783746244.973017931,-0.155938,-0.916525,0.996718,0.203823,,,0.181401,0.135846,0.011661,0.793,1.559
probe,upper,1,forward,23.6316,1500.000,1210,rolling,1416.175,1142,1416.098,-3.285,0,0,1783746244.973017931,-0.155938,-0.916525,0.996718,0.203823,,,0.181401,0.135846,0.011661,0.811,1.553
probe,upper,1,forward,23.6529,1500.000,1210,rolling,1416.046,1142,1416.092,-3.292,1,14,1783746245.073481798,-0.146719,-0.901021,0.999910,0.197725,0.0180264,0.0031921,0.199428,0.153872,0.014853,0.811,1.553
probe,upper,1,forward,23.6727,1500.000,1210,rolling,1416.046,1142,1416.092,-3.292,0,0,1783746245.073481798,-0.146719,-0.901021,0.999910,0.197725,,,0.199428,0.153872,0.014853,0.811,1.553
probe,upper,1,forward,23.6943,1500.000,1210,rolling,1416.046,1142,1416.092,-3.292,0,0,1783746245.073481798,-0.146719,-0.901021,0.999910,0.197725,,,0.199428,0.153872,0.014853,0.811,1.553
probe,upper,1,forward,23.7159,1500.000,1210,rolling,1416.046,1142,1416.092,-3.292,0,0,1783746245.073481798,-0.146719,-0.901021,0.999910,0.197725,,,0.199428,0.153872,0.014853,0.811,1.553
probe,upper,1,forward,23.7375,1500.000,1210,rolling,1416.046,1142,1416.092,-3.292,0,0,1783746245.073481798,-0.146719,-0.901021,0.999910,0.197725,,,0.199428,0.153872,0.014853,0.829,1.533
probe,upper,1,forward,23.7507,1500.000,1210,rolling,1415.835,1142,1416.058,-3.326,1,15,1783746245.173801184,-0.137350,-0.887689,1.001549,0.188864,0.0162799,0.0016394,0.215708,0.170152,0.016493,0.829,1.533
probe,upper,1,forward,23.7641,1500.000,1210,rolling,1415.835,1142,1416.058,-3.326,0,0,1783746245.173801184,-0.137350,-0.887689,1.001549,0.188864,,,0.215708,0.170152,0.016493,0.829,1.533
probe,upper,1,forward,23.7857,1500.000,1210,rolling,1415.835,1142,1416.058,-3.326,0,0,1783746245.173801184,-0.137350,-0.887689,1.001549,0.188864,,,0.215708,0.170152,0.016493,0.829,1.533
probe,upper,1,forward,23.8072,1500.000,1210,rolling,1415.835,1142,1416.058,-3.326,0,0,1783746245.173801184,-0.137350,-0.887689,1.001549,0.188864,,,0.215708,0.170152,0.016493,0.829,1.533
probe,upper,1,forward,23.8287,1500.000,1210,rolling,1415.835,1142,1416.058,-3.326,0,0,1783746245.173801184,-0.137350,-0.887689,1.001549,0.188864,,,0.215708,0.170152,0.016493,0.829,1.533
probe,upper,1,forward,23.8504,1500.000,1210,rolling,1415.835,1142,1416.058,-3.326,0,0,1783746245.173801184,-0.137350,-0.887689,1.001549,0.188864,,,0.215708,0.170152,0.016493,0.846,1.515
probe,upper,1,forward,23.8528,1500.000,1210,rolling,1415.966,1142,1416.046,-3.337,1,16,1783746245.271644831,-0.125641,-0.869924,1.005244,0.196006,0.0212741,0.0036949,0.236982,0.191426,0.020187,0.846,1.515
probe,upper,1,forward,23.8691,1500.000,1210,rolling,1415.966,1142,1416.046,-3.337,0,0,1783746245.271644831,-0.125641,-0.869924,1.005244,0.196006,,,0.236982,0.191426,0.020187,0.846,1.515
probe,upper,1,forward,23.8907,1500.000,1210,rolling,1415.966,1142,1416.046,-3.337,0,0,1783746245.271644831,-0.125641,-0.869924,1.005244,0.196006,,,0.236982,0.191426,0.020187,0.846,1.515
probe,upper,1,forward,23.9123,1500.000,1210,rolling,1415.966,1142,1416.046,-3.337,0,0,1783746245.271644831,-0.125641,-0.869924,1.005244,0.196006,,,0.236982,0.191426,0.020187,0.846,1.515
probe,upper,1,forward,23.9339,1500.000,1210,rolling,1415.966,1142,1416.046,-3.337,0,0,1783746245.271644831,-0.125641,-0.869924,1.005244,0.196006,,,0.236982,0.191426,0.020187,0.864,1.506
probe,upper,1,forward,23.9519,1500.000,1210,rolling,1415.847,1142,1416.020,-3.364,1,17,1783746245.372246027,-0.117148,-0.854180,1.009027,0.191354,0.0178466,0.0037827,0.254828,0.209273,0.023970,0.864,1.506
probe,upper,1,forward,23.9633,1500.000,1210,rolling,1415.847,1142,1416.020,-3.364,0,0,1783746245.372246027,-0.117148,-0.854180,1.009027,0.191354,,,0.254828,0.209273,0.023970,0.864,1.506
probe,upper,1,forward,23.9850,1500.000,1210,rolling,1415.847,1142,1416.020,-3.364,0,0,1783746245.372246027,-0.117148,-0.854180,1.009027,0.191354,,,0.254828,0.209273,0.023970,0.864,1.506
probe,upper,1,forward,24.0067,1500.000,1210,rolling,1415.847,1142,1416.020,-3.364,0,0,1783746245.372246027,-0.117148,-0.854180,1.009027,0.191354,,,0.254828,0.209273,0.023970,0.864,1.506
probe,upper,1,forward,24.0283,1500.000,1210,rolling,1415.847,1142,1416.020,-3.364,0,0,1783746245.372246027,-0.117148,-0.854180,1.009027,0.191354,,,0.254828,0.209273,0.023970,0.864,1.506
probe,upper,1,forward,24.0499,1500.000,1210,rolling,1415.847,1142,1416.020,-3.364,0,0,1783746245.372246027,-0.117148,-0.854180,1.009027,0.191354,,,0.254828,0.209273,0.023970,0.879,1.510
probe,upper,1,forward,24.0524,1500.000,1210,rolling,1415.700,1142,1415.978,-3.405,1,18,1783746245.472561836,-0.108373,-0.839522,1.009785,0.186079,0.0170791,0.0007585,0.271907,0.226352,0.024729,0.879,1.510
probe,upper,1,forward,24.0713,1500.000,1210,rolling,1415.700,1142,1415.978,-3.405,0,0,1783746245.472561836,-0.108373,-0.839522,1.009785,0.186079,,,0.271907,0.226352,0.024729,0.879,1.510
probe,upper,1,forward,24.0929,1500.000,1210,rolling,1415.700,1142,1415.978,-3.405,0,0,1783746245.472561836,-0.108373,-0.839522,1.009785,0.186079,,,0.271907,0.226352,0.024729,0.879,1.510
probe,upper,1,forward,24.1144,1500.000,1210,rolling,1415.700,1142,1415.978,-3.405,0,0,1783746245.472561836,-0.108373,-0.839522,1.009785,0.186079,,,0.271907,0.226352,0.024729,0.879,1.510
probe,upper,1,forward,24.1359,1500.000,1210,rolling,1415.700,1142,1415.978,-3.405,0,0,1783746245.472561836,-0.108373,-0.839522,1.009785,0.186079,,,0.271907,0.226352,0.024729,0.895,1.485
probe,upper,1,forward,24.1525,1500.000,1210,rolling,1415.882,1142,1415.966,-3.418,1,19,1783746245.572992325,-0.096471,-0.820307,1.013006,0.195824,0.0226029,0.0032208,0.294510,0.248955,0.027949,0.895,1.485
probe,upper,1,forward,24.1710,1500.000,1210,rolling,1415.882,1142,1415.966,-3.418,0,0,1783746245.572992325,-0.096471,-0.820307,1.013006,0.195824,,,0.294510,0.248955,0.027949,0.895,1.485
probe,upper,1,forward,24.1926,1500.000,1210,rolling,1415.882,1142,1415.966,-3.418,0,0,1783746245.572992325,-0.096471,-0.820307,1.013006,0.195824,,,0.294510,0.248955,0.027949,0.895,1.485
probe,upper,1,forward,24.2142,1500.000,1210,rolling,1415.882,1142,1415.966,-3.418,0,0,1783746245.572992325,-0.096471,-0.820307,1.013006,0.195824,,,0.294510,0.248955,0.027949,0.895,1.485
probe,upper,1,forward,24.2357,1500.000,1210,rolling,1415.882,1142,1415.966,-3.418,0,0,1783746245.572992325,-0.096471,-0.820307,1.013006,0.195824,,,0.294510,0.248955,0.027949,0.910,1.484
probe,upper,1,forward,24.2529,1500.000,1210,rolling,1415.882,1142,1415.966,-3.418,0,0,1783746245.572992325,-0.096471,-0.820307,1.013006,0.195824,,,0.294510,0.248955,0.027949,0.910,1.484
probe,upper,1,forward,24.2749,1500.000,1210,rolling,1415.382,1141,1415.889,-3.494,1,20,1783746245.673373938,-0.088142,-0.812350,1.015252,0.174652,0.0111559,0.0022455,0.305666,0.260111,0.030195,0.910,1.484
probe,upper,1,forward,24.2767,1500.000,1210,rolling,1415.382,1141,1415.889,-3.494,0,0,1783746245.673373938,-0.088142,-0.812350,1.015252,0.174652,,,0.305666,0.260111,0.030195,0.910,1.484
probe,upper,1,forward,24.2983,1500.000,1210,rolling,1415.382,1141,1415.889,-3.494,0,0,1783746245.673373938,-0.088142,-0.812350,1.015252,0.174652,,,0.305666,0.260111,0.030195,0.910,1.484
probe,upper,1,forward,24.3198,1500.000,1210,rolling,1415.382,1141,1415.889,-3.494,0,0,1783746245.673373938,-0.088142,-0.812350,1.015252,0.174652,,,0.305666,0.260111,0.030195,0.910,1.484
probe,upper,1,forward,24.3413,1500.000,1210,rolling,1415.382,1141,1415.889,-3.494,0,0,1783746245.673373938,-0.088142,-0.812350,1.015252,0.174652,,,0.305666,0.260111,0.030195,0.928,1.468
probe,upper,1,forward,24.3502,1500.000,1210,rolling,1414.892,1141,1415.759,-3.625,1,21,1783746245.773838520,-0.083953,-0.802805,1.015952,0.156668,0.0103193,0.0007006,0.315986,0.270430,0.030896,0.928,1.468
probe,upper,1,forward,24.3687,1500.000,1210,rolling,1414.892,1141,1415.759,-3.625,0,0,1783746245.773838520,-0.083953,-0.802805,1.015952,0.156668,,,0.315986,0.270430,0.030896,0.928,1.468
probe,upper,1,forward,24.3904,1500.000,1210,rolling,1414.892,1141,1415.759,-3.625,0,0,1783746245.773838520,-0.083953,-0.802805,1.015952,0.156668,,,0.315986,0.270430,0.030896,0.928,1.468
probe,upper,1,forward,24.4120,1500.000,1210,rolling,1414.892,1141,1415.759,-3.625,0,0,1783746245.773838520,-0.083953,-0.802805,1.015952,0.156668,,,0.315986,0.270430,0.030896,0.928,1.468
probe,upper,1,forward,24.4335,1500.000,1210,rolling,1414.892,1141,1415.759,-3.625,0,0,1783746245.773838520,-0.083953,-0.802805,1.015952,0.156668,,,0.315986,0.270430,0.030896,0.946,1.470
probe,upper,1,forward,24.4508,1500.000,1210,rolling,1414.980,1141,1415.660,-3.724,1,22,1783746245.871172190,-0.074365,-0.786524,1.017434,0.166019,0.0188899,0.0014818,0.334876,0.289320,0.032377,0.946,1.470
probe,upper,1,forward,24.4675,1500.000,1210,rolling,1414.980,1141,1415.660,-3.724,0,0,1783746245.871172190,-0.074365,-0.786524,1.017434,0.166019,,,0.334876,0.289320,0.032377,0.946,1.470
probe,upper,1,forward,24.4892,1500.000,1210,rolling,1414.980,1141,1415.660,-3.724,0,0,1783746245.871172190,-0.074365,-0.786524,1.017434,0.166019,,,0.334876,0.289320,0.032377,0.946,1.470
probe,upper,1,forward,24.5106,1500.000,1210,rolling,1414.980,1141,1415.660,-3.724,0,0,1783746245.871172190,-0.074365,-0.786524,1.017434,0.166019,,,0.334876,0.289320,0.032377,0.946,1.470
probe,upper,1,forward,24.5321,1500.000,1210,rolling,1414.980,1141,1415.660,-3.724,0,0,1783746245.871172190,-0.074365,-0.786524,1.017434,0.166019,,,0.334876,0.289320,0.032377,0.966,1.459
probe,upper,1,forward,24.5511,1500.000,1210,rolling,1415.404,1141,1415.626,-3.758,1,23,1783746245.971737623,-0.059232,-0.765433,1.020294,0.188886,0.0258942,0.0028601,0.360770,0.315214,0.035237,0.966,1.459
probe,upper,1,forward,24.5718,1500.000,1210,rolling,1415.404,1141,1415.626,-3.758,0,0,1783746245.971737623,-0.059232,-0.765433,1.020294,0.188886,,,0.360770,0.315214,0.035237,0.966,1.459
probe,upper,1,forward,24.5936,1500.000,1210,rolling,1415.404,1141,1415.626,-3.758,0,0,1783746245.971737623,-0.059232,-0.765433,1.020294,0.188886,,,0.360770,0.315214,0.035237,0.966,1.459
probe,upper,1,forward,24.6155,1500.000,1210,rolling,1415.404,1141,1415.626,-3.758,0,0,1783746245.971737623,-0.059232,-0.765433,1.020294,0.188886,,,0.360770,0.315214,0.035237,0.966,1.459
probe,upper,1,forward,24.6371,1500.000,1210,rolling,1415.404,1141,1415.626,-3.758,0,0,1783746245.971737623,-0.059232,-0.765433,1.020294,0.188886,,,0.360770,0.315214,0.035237,0.984,1.441
probe,upper,1,forward,24.6518,1500.000,1210,rolling,1415.395,1141,1415.596,-3.788,1,24,1783746246.071938515,-0.053102,-0.746490,1.025015,0.189974,0.0193625,0.0047208,0.380132,0.334577,0.039958,0.984,1.441
probe,upper,1,reverse,26.2468,1500.000,1210,startup,1593.739,1285,1597.739,5.230,0,0,1783746247.570485830,-0.034911,-0.716387,1.034008,-0.020286,,,0.000000,0.000000,0.000000,1.019,1.433
probe,upper,1,reverse,26.2686,1500.000,1210,startup,1594.979,1286,1597.739,5.230,1,1,1783746247.668308496,-0.033215,-0.709833,1.033910,0.001396,0.0064997,-0.0000982,0.006500,0.000000,0.000000,1.019,1.433
probe,upper,1,reverse,26.2717,1500.000,1210,startup,1594.979,1286,1597.739,5.230,0,0,1783746247.668308496,-0.033215,-0.709833,1.033910,0.001396,,,0.006500,0.000000,0.000000,1.019,1.433
probe,upper,1,reverse,26.2934,1500.000,1210,startup,1594.979,1286,1597.739,5.230,0,0,1783746247.668308496,-0.033215,-0.709833,1.033910,0.001396,,,0.006500,0.000000,0.000000,1.019,1.433
probe,upper,1,reverse,26.3149,1500.000,1210,startup,1594.979,1286,1597.739,5.230,0,0,1783746247.668308496,-0.033215,-0.709833,1.033910,0.001396,,,0.006500,0.000000,0.000000,1.019,1.433
probe,upper,1,reverse,26.3364,1500.000,1210,startup,1594.979,1286,1597.739,5.230,0,0,1783746247.668308496,-0.033215,-0.709833,1.033910,0.001396,,,0.006500,0.000000,0.000000,1.021,1.419
probe,upper,1,reverse,26.3456,1500.000,1210,startup,1596.219,1287,1597.739,5.230,1,2,1783746247.768941879,-0.031180,-0.708788,1.032914,0.005865,0.0019391,-0.0009957,0.008439,0.000000,0.000000,1.021,1.419
probe,upper,1,reverse,26.3571,1500.000,1210,startup,1596.219,1287,1597.739,5.230,0,0,1783746247.768941879,-0.031180,-0.708788,1.032914,0.005865,,,0.008439,0.000000,0.000000,1.021,1.419
probe,upper,1,reverse,26.3788,1500.000,1210,startup,1596.219,1287,1597.739,5.230,0,0,1783746247.768941879,-0.031180,-0.708788,1.032914,0.005865,,,0.008439,0.000000,0.000000,1.021,1.419
probe,upper,1,reverse,26.4005,1500.000,1210,startup,1596.219,1287,1597.739,5.230,0,0,1783746247.768941879,-0.031180,-0.708788,1.032914,0.005865,,,0.008439,0.000000,0.000000,1.021,1.419
probe,upper,1,reverse,26.4220,1500.000,1210,startup,1596.219,1287,1597.739,5.230,0,0,1783746247.768941879,-0.031180,-0.708788,1.032914,0.005865,,,0.008439,0.000000,0.000000,1.021,1.419
probe,upper,1,reverse,26.4436,1500.000,1210,startup,1596.219,1287,1597.739,5.230,0,0,1783746247.768941879,-0.031180,-0.708788,1.032914,0.005865,,,0.008439,0.000000,0.000000,1.018,1.421
probe,upper,1,reverse,26.4462,1500.000,1210,startup,1597.459,1288,1597.739,5.230,1,3,1783746247.866376162,-0.030859,-0.706064,1.031905,0.010820,0.0025029,-0.0010090,0.010942,0.000000,0.000000,1.018,1.421
probe,upper,1,reverse,26.4588,1500.000,1210,startup,1597.459,1288,1597.739,5.230,0,0,1783746247.866376162,-0.030859,-0.706064,1.031905,0.010820,,,0.010942,0.000000,0.000000,1.018,1.421
probe,upper,1,reverse,26.4805,1500.000,1210,startup,1597.459,1288,1597.739,5.230,0,0,1783746247.866376162,-0.030859,-0.706064,1.031905,0.010820,,,0.010942,0.000000,0.000000,1.018,1.421
probe,upper,1,reverse,26.5020,1500.000,1210,startup,1597.459,1288,1597.739,5.230,0,0,1783746247.866376162,-0.030859,-0.706064,1.031905,0.010820,,,0.010942,0.000000,0.000000,1.018,1.421
probe,upper,1,reverse,26.5235,1500.000,1210,startup,1597.459,1288,1597.739,5.230,0,0,1783746247.866376162,-0.030859,-0.706064,1.031905,0.010820,,,0.010942,0.000000,0.000000,1.018,1.421
probe,upper,1,reverse,26.5451,1500.000,1210,startup,1597.459,1288,1597.739,5.230,0,0,1783746247.866376162,-0.030859,-0.706064,1.031905,0.010820,,,0.010942,0.000000,0.000000,1.012,1.428
probe,upper,1,reverse,26.5476,1500.000,1210,startup,1598.699,1289,1597.739,5.230,1,4,1783746247.966921806,-0.032971,-0.710900,1.029603,-0.004897,-0.0052333,-0.0023024,0.016175,0.000000,0.000000,1.012,1.428
probe,upper,1,reverse,26.5630,1500.000,1210,startup,1598.699,1289,1597.739,5.230,0,0,1783746247.966921806,-0.032971,-0.710900,1.029603,-0.004897,,,0.016175,0.000000,0.000000,1.012,1.428
probe,upper,1,reverse,26.5847,1500.000,1210,startup,1598.699,1289,1597.739,5.230,0,0,1783746247.966921806,-0.032971,-0.710900,1.029603,-0.004897,,,0.016175,0.000000,0.000000,1.012,1.428
probe,upper,1,reverse,26.6062,1500.000,1210,startup,1598.699,1289,1597.739,5.230,0,0,1783746247.966921806,-0.032971,-0.710900,1.029603,-0.004897,,,0.016175,0.000000,0.000000,1.012,1.428
probe,upper,1,reverse,26.6279,1500.000,1210,startup,1598.699,1289,1597.739,5.230,0,0,1783746247.966921806,-0.032971,-0.710900,1.029603,-0.004897,,,0.016175,0.000000,0.000000,1.003,1.444
probe,upper,1,reverse,26.6469,1500.000,1210,startup,1601.799,1292,1597.739,5.230,1,5,1783746248.067136765,-0.038732,-0.721904,1.027799,-0.034602,-0.0123985,-0.0018043,0.028574,0.000000,0.000000,1.003,1.444
probe,upper,1,reverse,26.6589,1500.000,1210,startup,1601.799,1292,1597.739,5.230,0,0,1783746248.067136765,-0.038732,-0.721904,1.027799,-0.034602,,,0.028574,0.000000,0.000000,1.003,1.444
probe,upper,1,reverse,26.6805,1500.000,1210,startup,1601.799,1292,1597.739,5.230,0,0,1783746248.067136765,-0.038732,-0.721904,1.027799,-0.034602,,,0.028574,0.000000,0.000000,1.003,1.444
probe,upper,1,reverse,26.7021,1500.000,1210,startup,1601.799,1292,1597.739,5.230,0,0,1783746248.067136765,-0.038732,-0.721904,1.027799,-0.034602,,,0.028574,0.000000,0.000000,1.003,1.444
probe,upper,1,reverse,26.7236,1500.000,1210,startup,1601.799,1292,1597.739,5.230,0,0,1783746248.067136765,-0.038732,-0.721904,1.027799,-0.034602,,,0.028574,0.000000,0.000000,1.003,1.444
probe,upper,1,reverse,26.7452,1500.000,1210,startup,1601.799,1292,1597.739,5.230,0,0,1783746248.067136765,-0.038732,-0.721904,1.027799,-0.034602,,,0.028574,0.000000,0.000000,0.987,1.435
probe,upper,1,reverse,26.7477,1500.000,1210,rolling,1597.739,1288,1597.739,5.230,1,6,1783746248.167712450,-0.045238,-0.734697,1.028067,-0.061534,-0.0143148,0.0002680,0.042888,0.000000,0.000000,0.987,1.435
probe,upper,1,reverse,26.7584,1500.000,1210,rolling,1597.739,1288,1597.739,5.230,0,0,1783746248.167712450,-0.045238,-0.734697,1.028067,-0.061534,,,0.042888,0.000000,0.000000,0.987,1.435
probe,upper,1,reverse,26.7801,1500.000,1210,rolling,1597.739,1288,1597.739,5.230,0,0,1783746248.167712450,-0.045238,-0.734697,1.028067,-0.061534,,,0.042888,0.000000,0.000000,0.987,1.435
probe,upper,1,reverse,26.8017,1500.000,1210,rolling,1597.739,1288,1597.739,5.230,0,0,1783746248.167712450,-0.045238,-0.734697,1.028067,-0.061534,,,0.042888,0.000000,0.000000,0.987,1.435
probe,upper,1,reverse,26.8233,1500.000,1210,rolling,1597.739,1288,1597.739,5.230,0,0,1783746248.167712450,-0.045238,-0.734697,1.028067,-0.061534,,,0.042888,0.000000,0.000000,0.965,1.467
probe,upper,1,reverse,26.8452,1500.000,1210,rolling,1599.490,1290,1598.032,5.523,1,7,1783746248.268241882,-0.056580,-0.754456,1.026482,-0.102795,-0.0227777,-0.0015851,0.065666,-0.022778,-0.001585,0.965,1.467
probe,upper,1,reverse,26.8651,1500.000,1210,rolling,1599.490,1290,1598.032,5.523,0,0,1783746248.268241882,-0.056580,-0.754456,1.026482,-0.102795,,,0.065666,-0.022778,-0.001585,0.965,1.467
probe,upper,1,reverse,26.8867,1500.000,1210,rolling,1599.490,1290,1598.032,5.523,0,0,1783746248.268241882,-0.056580,-0.754456,1.026482,-0.102795,,,0.065666,-0.022778,-0.001585,0.965,1.467
probe,upper,1,reverse,26.9082,1500.000,1210,rolling,1599.490,1290,1598.032,5.523,0,0,1783746248.268241882,-0.056580,-0.754456,1.026482,-0.102795,,,0.065666,-0.022778,-0.001585,0.965,1.467
probe,upper,1,reverse,26.9297,1500.000,1210,rolling,1599.490,1290,1598.032,5.523,0,0,1783746248.268241882,-0.056580,-0.754456,1.026482,-0.102795,,,0.065666,-0.022778,-0.001585,0.941,1.462
probe,upper,1,reverse,26.9454,1500.000,1210,rolling,1598.921,1289,1598.177,5.669,1,8,1783746248.366133451,-0.071096,-0.779232,1.026499,-0.150422,-0.0287119,0.0000171,0.094378,-0.051490,-0.001568,0.941,1.462
probe,upper,1,reverse,26.9625,1500.000,1210,rolling,1598.921,1289,1598.177,5.669,0,0,1783746248.366133451,-0.071096,-0.779232,1.026499,-0.150422,,,0.094378,-0.051490,-0.001568,0.941,1.462
probe,upper,1,reverse,26.9842,1500.000,1210,rolling,1598.921,1289,1598.177,5.669,0,0,1783746248.366133451,-0.071096,-0.779232,1.026499,-0.150422,,,0.094378,-0.051490,-0.001568,0.941,1.462
probe,upper,1,reverse,27.0057,1500.000,1210,rolling,1598.921,1289,1598.177,5.669,0,0,1783746248.366133451,-0.071096,-0.779232,1.026499,-0.150422,,,0.094378,-0.051490,-0.001568,0.941,1.462
probe,upper,1,reverse,27.0274,1500.000,1210,rolling,1598.921,1289,1598.177,5.669,0,0,1783746248.366133451,-0.071096,-0.779232,1.026499,-0.150422,,,0.094378,-0.051490,-0.001568,0.911,1.492
probe,upper,1,reverse,27.0460,1500.000,1210,rolling,1598.316,1289,1598.200,5.692,1,9,1783746248.466372013,-0.087334,-0.806663,1.024644,-0.192314,-0.0318747,-0.0018551,0.126253,-0.083364,-0.003423,0.911,1.492
probe,upper,1,reverse,27.0583,1500.000,1210,rolling,1598.316,1289,1598.200,5.692,0,0,1783746248.466372013,-0.087334,-0.806663,1.024644,-0.192314,,,0.126253,-0.083364,-0.003423,0.911,1.492
probe,upper,1,reverse,27.0799,1500.000,1210,rolling,1598.316,1289,1598.200,5.692,0,0,1783746248.466372013,-0.087334,-0.806663,1.024644,-0.192314,,,0.126253,-0.083364,-0.003423,0.911,1.492
probe,upper,1,reverse,27.1015,1500.000,1210,rolling,1598.316,1289,1598.200,5.692,0,0,1783746248.466372013,-0.087334,-0.806663,1.024644,-0.192314,,,0.126253,-0.083364,-0.003423,0.911,1.492
probe,upper,1,reverse,27.1232,1500.000,1210,rolling,1598.316,1289,1598.200,5.692,0,0,1783746248.466372013,-0.087334,-0.806663,1.024644,-0.192314,,,0.126253,-0.083364,-0.003423,0.911,1.492
probe,upper,1,reverse,27.1449,1500.000,1210,rolling,1598.316,1289,1598.200,5.692,0,0,1783746248.466372013,-0.087334,-0.806663,1.024644,-0.192314,,,0.126253,-0.083364,-0.003423,0.885,1.500
probe,upper,1,reverse,27.1474,1500.000,1210,rolling,1597.910,1289,1598.152,5.643,1,10,1783746248.566964149,-0.103843,-0.830482,1.024757,-0.216132,-0.0289289,0.0001137,0.155182,-0.112293,-0.003309,0.885,1.500
probe,upper,1,reverse,27.1645,1500.000,1210,rolling,1597.910,1289,1598.152,5.643,0,0,1783746248.566964149,-0.103843,-0.830482,1.024757,-0.216132,,,0.155182,-0.112293,-0.003309,0.885,1.500
probe,upper,1,reverse,27.1862,1500.000,1210,rolling,1597.910,1289,1598.152,5.643,0,0,1783746248.566964149,-0.103843,-0.830482,1.024757,-0.216132,,,0.155182,-0.112293,-0.003309,0.885,1.500
probe,upper,1,reverse,27.2078,1500.000,1210,rolling,1597.910,1289,1598.152,5.643,0,0,1783746248.566964149,-0.103843,-0.830482,1.024757,-0.216132,,,0.155182,-0.112293,-0.003309,0.885,1.500
probe,upper,1,reverse,27.2295,1500.000,1210,rolling,1597.910,1289,1598.152,5.643,0,0,1783746248.566964149,-0.103843,-0.830482,1.024757,-0.216132,,,0.155182,-0.112293,-0.003309,0.859,1.538
probe,upper,1,reverse,27.2468,1500.000,1210,rolling,1597.565,1288,1598.054,5.545,1,11,1783746248.667270184,-0.118452,-0.854683,1.025504,-0.232556,-0.0282689,0.0007468,0.183450,-0.140562,-0.002563,0.859,1.538
probe,upper,1,reverse,27.2541,1500.000,1210,rolling,1597.565,1288,1598.054,5.545,0,0,1783746248.667270184,-0.118452,-0.854683,1.025504,-0.232556,,,0.183450,-0.140562,-0.002563,0.859,1.538
probe,upper,1,reverse,27.2759,1500.000,1210,rolling,1597.565,1288,1598.054,5.545,0,0,1783746248.667270184,-0.118452,-0.854683,1.025504,-0.232556,,,0.183450,-0.140562,-0.002563,0.859,1.538
probe,upper,1,reverse,27.2977,1500.000,1210,rolling,1597.565,1288,1598.054,5.545,0,0,1783746248.667270184,-0.118452,-0.854683,1.025504,-0.232556,,,0.183450,-0.140562,-0.002563,0.859,1.538
probe,upper,1,reverse,27.3195,1500.000,1210,rolling,1597.565,1288,1598.054,5.545,0,0,1783746248.667270184,-0.118452,-0.854683,1.025504,-0.232556,,,0.183450,-0.140562,-0.002563,0.859,1.538
probe,upper,1,reverse,27.3414,1500.000,1210,rolling,1597.565,1288,1598.054,5.545,0,0,1783746248.667270184,-0.118452,-0.854683,1.025504,-0.232556,,,0.183450,-0.140562,-0.002563,0.837,1.543
probe,upper,1,reverse,27.3470,1500.000,1210,rolling,1597.231,1288,1597.916,5.408,1,12,1783746248.767611742,-0.134233,-0.878557,1.025337,-0.245664,-0.0285963,-0.0001668,0.212047,-0.169158,-0.002729,0.837,1.543
probe,upper,1,reverse,27.3617,1500.000,1210,rolling,1597.231,1288,1597.916,5.408,0,0,1783746248.767611742,-0.134233,-0.878557,1.025337,-0.245664,,,0.212047,-0.169158,-0.002729,0.837,1.543
probe,upper,1,reverse,27.3835,1500.000,1210,rolling,1597.231,1288,1597.916,5.408,0,0,1783746248.767611742,-0.134233,-0.878557,1.025337,-0.245664,,,0.212047,-0.169158,-0.002729,0.837,1.543
probe,upper,1,reverse,27.4051,1500.000,1210,rolling,1597.231,1288,1597.916,5.408,0,0,1783746248.767611742,-0.134233,-0.878557,1.025337,-0.245664,,,0.212047,-0.169158,-0.002729,0.837,1.543
probe,upper,1,reverse,27.4266,1500.000,1210,rolling,1597.231,1288,1597.916,5.408,0,0,1783746248.767611742,-0.134233,-0.878557,1.025337,-0.245664,,,0.212047,-0.169158,-0.002729,0.813,1.562
probe,upper,1,reverse,27.4474,1500.000,1210,rolling,1597.132,1288,1597.785,5.276,1,13,1783746248.868132353,-0.146073,-0.899267,1.022410,-0.243556,-0.0238466,-0.0029272,0.235893,-0.193005,-0.005657,0.813,1.562
probe,upper,1,reverse,27.4691,1500.000,1210,rolling,1597.132,1288,1597.785,5.276,0,0,1783746248.868132353,-0.146073,-0.899267,1.022410,-0.243556,,,0.235893,-0.193005,-0.005657,0.813,1.562
probe,upper,1,reverse,27.4907,1500.000,1210,rolling,1597.132,1288,1597.785,5.276,0,0,1783746248.868132353,-0.146073,-0.899267,1.022410,-0.243556,,,0.235893,-0.193005,-0.005657,0.813,1.562
probe,upper,1,reverse,27.5123,1500.000,1210,rolling,1597.132,1288,1597.785,5.276,0,0,1783746248.868132353,-0.146073,-0.899267,1.022410,-0.243556,,,0.235893,-0.193005,-0.005657,0.813,1.562
probe,upper,1,reverse,27.5337,1500.000,1210,rolling,1597.132,1288,1597.785,5.276,0,0,1783746248.868132353,-0.146073,-0.899267,1.022410,-0.243556,,,0.235893,-0.193005,-0.005657,0.789,1.587
probe,upper,1,reverse,27.5479,1500.000,1210,rolling,1597.189,1288,1597.685,5.177,1,14,1783746248.968378782,-0.155670,-0.917113,1.019045,-0.233119,-0.0202308,-0.0033648,0.256124,-0.213236,-0.009021,0.789,1.587
probe,upper,1,reverse,27.5581,1500.000,1210,rolling,1597.189,1288,1597.685,5.177,0,0,1783746248.968378782,-0.155670,-0.917113,1.019045,-0.233119,,,0.256124,-0.213236,-0.009021,0.789,1.587
probe,upper,1,reverse,27.5797,1500.000,1210,rolling,1597.189,1288,1597.685,5.177,0,0,1783746248.968378782,-0.155670,-0.917113,1.019045,-0.233119,,,0.256124,-0.213236,-0.009021,0.789,1.587
probe,upper,1,reverse,27.6012,1500.000,1210,rolling,1597.189,1288,1597.685,5.177,0,0,1783746248.968378782,-0.155670,-0.917113,1.019045,-0.233119,,,0.256124,-0.213236,-0.009021,0.789,1.587
probe,upper,1,reverse,27.6227,1500.000,1210,rolling,1597.189,1288,1597.685,5.177,0,0,1783746248.968378782,-0.155670,-0.917113,1.019045,-0.233119,,,0.256124,-0.213236,-0.009021,0.789,1.587
probe,upper,1,reverse,27.6443,1500.000,1210,rolling,1597.189,1288,1597.685,5.177,0,0,1783746248.968378782,-0.155670,-0.917113,1.019045,-0.233119,,,0.256124,-0.213236,-0.009021,0.765,1.614
probe,upper,1,reverse,27.6467,1500.000,1210,rolling,1597.077,1288,1597.583,5.075,1,15,1783746249.068864822,-0.167626,-0.937580,1.016286,-0.233793,-0.0236958,-0.0027595,0.279820,-0.236932,-0.011781,0.765,1.614
probe,upper,1,reverse,27.6601,1500.000,1210,rolling,1597.077,1288,1597.583,5.075,0,0,1783746249.068864822,-0.167626,-0.937580,1.016286,-0.233793,,,0.279820,-0.236932,-0.011781,0.765,1.614
probe,upper,1,reverse,27.6819,1500.000,1210,rolling,1597.077,1288,1597.583,5.075,0,0,1783746249.068864822,-0.167626,-0.937580,1.016286,-0.233793,,,0.279820,-0.236932,-0.011781,0.765,1.614
probe,upper,1,reverse,27.7034,1500.000,1210,rolling,1597.077,1288,1597.583,5.075,0,0,1783746249.068864822,-0.167626,-0.937580,1.016286,-0.233793,,,0.279820,-0.236932,-0.011781,0.765,1.614
probe,upper,1,reverse,27.7249,1500.000,1210,rolling,1597.077,1288,1597.583,5.075,0,0,1783746249.068864822,-0.167626,-0.937580,1.016286,-0.233793,,,0.279820,-0.236932,-0.011781,0.741,2.123
probe,upper,1,reverse,27.7466,1500.000,1210,rolling,1596.829,1288,1597.460,4.951,1,16,1783746249.166759253,-0.180464,-0.960373,1.013360,-0.242089,-0.0261356,-0.0029258,0.305956,-0.263067,-0.014707,0.741,2.123
probe,upper,1,reverse,27.7550,1500.000,1210,rolling,1596.829,1288,1597.460,4.951,0,0,1783746249.166759253,-0.180464,-0.960373,1.013360,-0.242089,,,0.305956,-0.263067,-0.014707,0.741,2.123
probe,upper,1,reverse,27.7767,1500.000,1210,rolling,1596.829,1288,1597.460,4.951,0,0,1783746249.166759253,-0.180464,-0.960373,1.013360,-0.242089,,,0.305956,-0.263067,-0.014707,0.741,2.123
probe,upper,1,reverse,27.7983,1500.000,1210,rolling,1596.829,1288,1597.460,4.951,0,0,1783746249.166759253,-0.180464,-0.960373,1.013360,-0.242089,,,0.305956,-0.263067,-0.014707,0.741,2.123
probe,upper,1,reverse,27.8199,1500.000,1210,rolling,1596.829,1288,1597.460,4.951,0,0,1783746249.166759253,-0.180464,-0.960373,1.013360,-0.242089,,,0.305956,-0.263067,-0.014707,0.741,2.123
probe,upper,1,reverse,27.8415,1500.000,1210,rolling,1596.829,1288,1597.460,4.951,0,0,1783746249.166759253,-0.180464,-0.960373,1.013360,-0.242089,,,0.305956,-0.263067,-0.014707,0.720,1.668
probe,upper,1,reverse,27.8465,1500.000,1210,rolling,1596.599,1288,1597.316,4.807,1,17,1783746249.267265081,-0.192743,-0.984100,1.010556,-0.247801,-0.0266280,-0.0028036,0.332584,-0.289695,-0.017510,0.720,1.668
probe,upper,1,reverse,27.8543,1500.000,1210,rolling,1596.599,1288,1597.316,4.807,0,0,1783746249.267265081,-0.192743,-0.984100,1.010556,-0.247801,,,0.332584,-0.289695,-0.017510,0.720,1.668
probe,upper,1,reverse,27.8759,1500.000,1210,rolling,1596.599,1288,1597.316,4.807,0,0,1783746249.267265081,-0.192743,-0.984100,1.010556,-0.247801,,,0.332584,-0.289695,-0.017510,0.720,1.668
probe,upper,1,reverse,27.8975,1500.000,1210,rolling,1596.599,1288,1597.316,4.807,0,0,1783746249.267265081,-0.192743,-0.984100,1.010556,-0.247801,,,0.332584,-0.289695,-0.017510,0.720,1.668
probe,upper,1,reverse,27.9192,1500.000,1210,rolling,1596.599,1288,1597.316,4.807,0,0,1783746249.267265081,-0.192743,-0.984100,1.010556,-0.247801,,,0.332584,-0.289695,-0.017510,0.720,1.668
probe,upper,1,reverse,27.9408,1500.000,1210,rolling,1596.599,1288,1597.316,4.807,0,0,1783746249.267265081,-0.192743,-0.984100,1.010556,-0.247801,,,0.332584,-0.289695,-0.017510,0.696,1.676
probe,upper,1,reverse,27.9470,1500.000,1210,rolling,1596.411,1287,1597.165,4.656,1,18,1783746249.367437124,-0.207112,-1.005549,1.009569,-0.250254,-0.0258054,-0.0009869,0.358389,-0.315501,-0.018497,0.696,1.676
probe,upper,1,reverse,27.9648,1500.000,1210,rolling,1596.411,1287,1597.165,4.656,0,0,1783746249.367437124,-0.207112,-1.005549,1.009569,-0.250254,,,0.358389,-0.315501,-0.018497,0.696,1.676
probe,upper,1,reverse,27.9865,1500.000,1210,rolling,1596.411,1287,1597.165,4.656,0,0,1783746249.367437124,-0.207112,-1.005549,1.009569,-0.250254,,,0.358389,-0.315501,-0.018497,0.696,1.676
probe,upper,1,reverse,28.0080,1500.000,1210,rolling,1596.411,1287,1597.165,4.656,0,0,1783746249.367437124,-0.207112,-1.005549,1.009569,-0.250254,,,0.358389,-0.315501,-0.018497,0.696,1.676
probe,upper,1,reverse,28.0296,1500.000,1210,rolling,1596.411,1287,1597.165,4.656,0,0,1783746249.367437124,-0.207112,-1.005549,1.009569,-0.250254,,,0.358389,-0.315501,-0.018497,0.671,1.707
probe,upper,1,reverse,28.0474,1500.000,1210,rolling,1596.209,1287,1597.005,4.496,1,19,1783746249.467900991,-0.220379,-1.028234,1.007104,-0.253049,-0.0262649,-0.0024656,0.384654,-0.341766,-0.020963,0.671,1.707
search,lower,2,forward,30.7891,1331.173,1074,startup,1419.596,1145,1415.596,-3.788,0,0,1783746252.163465261,-0.249651,-1.079281,0.997025,0.001835,,,0.000000,0.000000,0.000000,0.658,1.747
search,lower,2,forward,30.8107,1331.173,1074,startup,1419.596,1145,1415.596,-3.788,0,0,1783746252.163465261,-0.249651,-1.079281,0.997025,0.001835,,,0.000000,0.000000,0.000000,0.658,1.747
search,lower,2,forward,30.8323,1331.173,1074,startup,1419.596,1145,1415.596,-3.788,0,0,1783746252.163465261,-0.249651,-1.079281,0.997025,0.001835,,,0.000000,0.000000,0.000000,0.654,1.768
search,lower,2,forward,30.8439,1331.173,1074,startup,1418.356,1144,1415.596,-3.788,1,1,1783746252.264174938,-0.252318,-1.080021,0.996901,-0.003759,-0.0020688,-0.0001241,0.002069,0.000000,0.000000,0.654,1.768
search,lower,2,forward,30.8547,1331.173,1074,startup,1418.356,1144,1415.596,-3.788,0,0,1783746252.264174938,-0.252318,-1.080021,0.996901,-0.003759,,,0.002069,0.000000,0.000000,0.654,1.768
search,lower,2,forward,30.8763,1331.173,1074,startup,1418.356,1144,1415.596,-3.788,0,0,1783746252.264174938,-0.252318,-1.080021,0.996901,-0.003759,,,0.002069,0.000000,0.000000,0.654,1.768
search,lower,2,forward,30.8978,1331.173,1074,startup,1418.356,1144,1415.596,-3.788,0,0,1783746252.264174938,-0.252318,-1.080021,0.996901,-0.003759,,,0.002069,0.000000,0.000000,0.654,1.768
search,lower,2,forward,30.9193,1331.173,1074,startup,1418.356,1144,1415.596,-3.788,0,0,1783746252.264174938,-0.252318,-1.080021,0.996901,-0.003759,,,0.002069,0.000000,0.000000,0.654,1.768
search,lower,2,forward,30.9409,1331.173,1074,startup,1418.356,1144,1415.596,-3.788,0,0,1783746252.264174938,-0.252318,-1.080021,0.996901,-0.003759,,,0.002069,0.000000,0.000000,0.657,1.757
search,lower,2,forward,30.9436,1331.173,1074,startup,1417.116,1143,1415.596,-3.788,1,2,1783746252.364345074,-0.252605,-1.080512,0.997265,-0.004237,-0.0005682,0.0003647,0.002637,0.000000,0.000000,0.657,1.757
search,lower,2,forward,30.9532,1331.173,1074,startup,1417.116,1143,1415.596,-3.788,0,0,1783746252.364345074,-0.252605,-1.080512,0.997265,-0.004237,,,0.002637,0.000000,0.000000,0.657,1.757
search,lower,2,forward,30.9749,1331.173,1074,startup,1417.116,1143,1415.596,-3.788,0,0,1783746252.364345074,-0.252605,-1.080512,0.997265,-0.004237,,,0.002637,0.000000,0.000000,0.657,1.757
search,lower,2,forward,30.9966,1331.173,1074,startup,1417.116,1143,1415.596,-3.788,0,0,1783746252.364345074,-0.252605,-1.080512,0.997265,-0.004237,,,0.002637,0.000000,0.000000,0.657,1.757
search,lower,2,forward,31.0181,1331.173,1074,startup,1417.116,1143,1415.596,-3.788,0,0,1783746252.364345074,-0.252605,-1.080512,0.997265,-0.004237,,,0.002637,0.000000,0.000000,0.657,1.757
search,lower,2,forward,31.0397,1331.173,1074,startup,1417.116,1143,1415.596,-3.788,0,0,1783746252.364345074,-0.252605,-1.080512,0.997265,-0.004237,,,0.002637,0.000000,0.000000,0.655,1.744
search,lower,2,forward,31.0422,1331.173,1074,startup,1415.876,1142,1415.596,-3.788,1,3,1783746252.464433193,-0.251881,-1.078819,0.998794,0.001355,0.0018150,0.0015282,0.004452,0.000000,0.000000,0.655,1.744
search,lower,2,forward,31.0614,1331.173,1074,startup,1415.876,1142,1415.596,-3.788,0,0,1783746252.464433193,-0.251881,-1.078819,0.998794,0.001355,,,0.004452,0.000000,0.000000,0.655,1.744
search,lower,2,forward,31.0830,1331.173,1074,startup,1415.876,1142,1415.596,-3.788,0,0,1783746252.464433193,-0.251881,-1.078819,0.998794,0.001355,,,0.004452,0.000000,0.000000,0.655,1.744
search,lower,2,forward,31.1046,1331.173,1074,startup,1415.876,1142,1415.596,-3.788,0,0,1783746252.464433193,-0.251881,-1.078819,0.998794,0.001355,,,0.004452,0.000000,0.000000,0.655,1.744
search,lower,2,forward,31.1262,1331.173,1074,startup,1415.876,1142,1415.596,-3.788,0,0,1783746252.464433193,-0.251881,-1.078819,0.998794,0.001355,,,0.004452,0.000000,0.000000,0.659,1.800
search,lower,2,forward,31.1420,1331.173,1074,startup,1414.636,1141,1415.596,-3.788,1,4,1783746252.562557220,-0.246848,-1.069750,0.999228,0.027385,0.0103497,0.0004349,0.014802,0.000000,0.000000,0.659,1.800
search,lower,2,forward,31.1578,1331.173,1074,startup,1414.636,1141,1415.596,-3.788,0,0,1783746252.562557220,-0.246848,-1.069750,0.999228,0.027385,,,0.014802,0.000000,0.000000,0.659,1.800
search,lower,2,forward,31.1795,1331.173,1074,startup,1414.636,1141,1415.596,-3.788,0,0,1783746252.562557220,-0.246848,-1.069750,0.999228,0.027385,,,0.014802,0.000000,0.000000,0.659,1.800
search,lower,2,forward,31.2011,1331.173,1074,startup,1414.636,1141,1415.596,-3.788,0,0,1783746252.562557220,-0.246848,-1.069750,0.999228,0.027385,,,0.014802,0.000000,0.000000,0.659,1.800
search,lower,2,forward,31.2226,1331.173,1074,startup,1414.636,1141,1415.596,-3.788,0,0,1783746252.562557220,-0.246848,-1.069750,0.999228,0.027385,,,0.014802,0.000000,0.000000,0.658,1.787
search,lower,2,forward,31.2426,1331.173,1074,startup,1411.536,1138,1415.596,-3.788,1,5,1783746252.662977934,-0.241234,-1.063412,0.996107,0.041375,0.0083696,-0.0031220,0.023171,0.000000,0.000000,0.658,1.787
search,lower,2,forward,31.2609,1331.173,1074,startup,1411.536,1138,1415.596,-3.788,0,0,1783746252.662977934,-0.241234,-1.063412,0.996107,0.041375,,,0.023171,0.000000,0.000000,0.658,1.787
search,lower,2,forward,31.2825,1331.173,1074,startup,1411.536,1138,1415.596,-3.788,0,0,1783746252.662977934,-0.241234,-1.063412,0.996107,0.041375,,,0.023171,0.000000,0.000000,0.658,1.787
search,lower,2,forward,31.3040,1331.173,1074,startup,1411.536,1138,1415.596,-3.788,0,0,1783746252.662977934,-0.241234,-1.063412,0.996107,0.041375,,,0.023171,0.000000,0.000000,0.658,1.787
search,lower,2,forward,31.3255,1331.173,1074,startup,1411.536,1138,1415.596,-3.788,0,0,1783746252.662977934,-0.241234,-1.063412,0.996107,0.041375,,,0.023171,0.000000,0.000000,0.668,1.705
search,lower,2,forward,31.3433,1331.173,1074,rolling,1415.596,1142,1415.596,-3.788,1,6,1783746252.763458967,-0.235097,-1.053519,0.994628,0.059991,0.0116397,-0.0014787,0.034811,0.000000,0.000000,0.668,1.705
search,lower,2,forward,31.3609,1331.173,1074,rolling,1415.596,1142,1415.596,-3.788,0,0,1783746252.763458967,-0.235097,-1.053519,0.994628,0.059991,,,0.034811,0.000000,0.000000,0.668,1.705
search,lower,2,forward,31.3826,1331.173,1074,rolling,1415.596,1142,1415.596,-3.788,0,0,1783746252.763458967,-0.235097,-1.053519,0.994628,0.059991,,,0.034811,0.000000,0.000000,0.668,1.705
search,lower,2,forward,31.4042,1331.173,1074,rolling,1415.596,1142,1415.596,-3.788,0,0,1783746252.763458967,-0.235097,-1.053519,0.994628,0.059991,,,0.034811,0.000000,0.000000,0.668,1.705
search,lower,2,forward,31.4258,1331.173,1074,rolling,1415.596,1142,1415.596,-3.788,0,0,1783746252.763458967,-0.235097,-1.053519,0.994628,0.059991,,,0.034811,0.000000,0.000000,0.670,1.703
search,lower,2,forward,31.4441,1331.173,1074,rolling,1412.774,1139,1415.226,-4.158,1,7,1783746252.864131212,-0.229233,-1.041763,0.991026,0.077400,0.0130497,-0.0036014,0.047861,0.000000,0.000000,0.670,1.703
search,lower,2,forward,31.4595,1331.173,1074,rolling,1412.774,1139,1415.226,-4.158,0,0,1783746252.864131212,-0.229233,-1.041763,0.991026,0.077400,,,0.047861,0.000000,0.000000,0.670,1.703
search,lower,2,forward,31.4814,1331.173,1074,rolling,1412.774,1139,1415.226,-4.158,0,0,1783746252.864131212,-0.229233,-1.041763,0.991026,0.077400,,,0.047861,0.000000,0.000000,0.670,1.703
search,lower,2,forward,31.5032,1331.173,1074,rolling,1412.774,1139,1415.226,-4.158,0,0,1783746252.864131212,-0.229233,-1.041763,0.991026,0.077400,,,0.047861,0.000000,0.000000,0.670,1.703
search,lower,2,forward,31.5249,1331.173,1074,rolling,1412.774,1139,1415.226,-4.158,0,0,1783746252.864131212,-0.229233,-1.041763,0.991026,0.077400,,,0.047861,0.000000,0.000000,0.679,1.711
search,lower,2,forward,31.5437,1331.173,1074,rolling,1413.175,1140,1414.957,-4.426,1,8,1783746252.964485168,-0.215875,-1.025160,0.987324,0.110892,0.0212117,-0.0037022,0.069072,0.021212,-0.003702,0.679,1.711
search,lower,2,forward,31.5600,1331.173,1074,rolling,1413.175,1140,1414.957,-4.426,0,0,1783746252.964485168,-0.215875,-1.025160,0.987324,0.110892,,,0.069072,0.021212,-0.003702,0.679,1.711
search,lower,2,forward,31.5817,1331.173,1074,rolling,1413.175,1140,1414.957,-4.426,0,0,1783746252.964485168,-0.215875,-1.025160,0.987324,0.110892,,,0.069072,0.021212,-0.003702,0.679,1.711
search,lower,2,forward,31.6034,1331.173,1074,rolling,1413.175,1140,1414.957,-4.426,0,0,1783746252.964485168,-0.215875,-1.025160,0.987324,0.110892,,,0.069072,0.021212,-0.003702,0.679,1.711
search,lower,2,forward,31.6250,1331.173,1074,rolling,1413.175,1140,1414.957,-4.426,0,0,1783746252.964485168,-0.215875,-1.025160,0.987324,0.110892,,,0.069072,0.021212,-0.003702,0.686,1.701
search,lower,2,forward,31.6441,1331.173,1074,rolling,1413.220,1140,1414.731,-4.653,1,9,1783746253.064584255,-0.207898,-1.010612,0.981387,0.124459,0.0165324,-0.0059370,0.085605,0.037744,-0.009639,0.686,1.701
search,lower,2,forward,31.6644,1331.173,1074,rolling,1413.220,1140,1414.731,-4.653,0,0,1783746253.064584255,-0.207898,-1.010612,0.981387,0.124459,,,0.085605,0.037744,-0.009639,0.686,1.701
search,lower,2,forward,31.6863,1331.173,1074,rolling,1413.220,1140,1414.731,-4.653,0,0,1783746253.064584255,-0.207898,-1.010612,0.981387,0.124459,,,0.085605,0.037744,-0.009639,0.686,1.701
search,lower,2,forward,31.7079,1331.173,1074,rolling,1413.220,1140,1414.731,-4.653,0,0,1783746253.064584255,-0.207898,-1.010612,0.981387,0.124459,,,0.085605,0.037744,-0.009639,0.686,1.701
search,lower,2,forward,31.7294,1331.173,1074,rolling,1413.220,1140,1414.731,-4.653,0,0,1783746253.064584255,-0.207898,-1.010612,0.981387,0.124459,,,0.085605,0.037744,-0.009639,0.704,1.653
search,lower,2,forward,31.7444,1331.173,1074,rolling,1413.334,1140,1414.548,-4.836,1,10,1783746253.164964676,-0.198014,-0.995013,0.976679,0.139318,0.0184595,-0.0047078,0.104064,0.056204,-0.014347,0.704,1.653
search,lower,2,forward,31.7567,1331.173,1074,rolling,1413.334,1140,1414.548,-4.836,0,0,1783746253.164964676,-0.198014,-0.995013,0.976679,0.139318,,,0.104064,0.056204,-0.014347,0.704,1.653
search,lower,2,forward,31.7783,1331.173,1074,rolling,1413.334,1140,1414.548,-4.836,0,0,1783746253.164964676,-0.198014,-0.995013,0.976679,0.139318,,,0.104064,0.056204,-0.014347,0.704,1.653
search,lower,2,forward,31.7999,1331.173,1074,rolling,1413.334,1140,1414.548,-4.836,0,0,1783746253.164964676,-0.198014,-0.995013,0.976679,0.139318,,,0.104064,0.056204,-0.014347,0.704,1.653
search,lower,2,forward,31.8214,1331.173,1074,rolling,1413.334,1140,1414.548,-4.836,0,0,1783746253.164964676,-0.198014,-0.995013,0.976679,0.139318,,,0.104064,0.056204,-0.014347,0.704,1.653
search,lower,2,forward,31.8429,1331.173,1074,rolling,1413.334,1140,1414.548,-4.836,0,0,1783746253.164964676,-0.198014,-0.995013,0.976679,0.139318,,,0.104064,0.056204,-0.014347,0.725,1.656
search,lower,2,forward,31.8454,1331.173,1074,rolling,1413.727,1140,1414.440,-4.943,1,11,1783746253.265442371,-0.186183,-0.973961,0.969435,0.164354,0.0240604,-0.0072446,0.128125,0.080264,-0.021592,0.725,1.656
search,lower,2,forward,31.8635,1331.173,1074,rolling,1413.727,1140,1414.440,-4.943,0,0,1783746253.265442371,-0.186183,-0.973961,0.969435,0.164354,,,0.128125,0.080264,-0.021592,0.725,1.656
search,lower,2,forward,31.8853,1331.173,1074,rolling,1413.727,1140,1414.440,-4.943,0,0,1783746253.265442371,-0.186183,-0.973961,0.969435,0.164354,,,0.128125,0.080264,-0.021592,0.725,1.656
search,lower,2,forward,31.9070,1331.173,1074,rolling,1413.727,1140,1414.440,-4.943,0,0,1783746253.265442371,-0.186183,-0.973961,0.969435,0.164354,,,0.128125,0.080264,-0.021592,0.725,1.656
search,lower,2,forward,31.9287,1331.173,1074,rolling,1413.727,1140,1414.440,-4.943,0,0,1783746253.265442371,-0.186183,-0.973961,0.969435,0.164354,,,0.128125,0.080264,-0.021592,0.744,1.651
search,lower,2,forward,31.9456,1331.173,1074,rolling,1414.016,1140,1414.385,-4.999,1,12,1783746253.366054058,-0.173809,-0.953986,0.962248,0.181576,0.0234669,-0.0071871,0.151592,0.103731,-0.028779,0.744,1.651
search,lower,2,forward,31.9594,1331.173,1074,rolling,1414.016,1140,1414.385,-4.999,0,0,1783746253.366054058,-0.173809,-0.953986,0.962248,0.181576,,,0.151592,0.103731,-0.028779,0.744,1.651
search,lower,2,forward,31.9810,1331.173,1074,rolling,1414.016,1140,1414.385,-4.999,0,0,1783746253.366054058,-0.173809,-0.953986,0.962248,0.181576,,,0.151592,0.103731,-0.028779,0.744,1.651
search,lower,2,forward,32.0025,1331.173,1074,rolling,1414.016,1140,1414.385,-4.999,0,0,1783746253.366054058,-0.173809,-0.953986,0.962248,0.181576,,,0.151592,0.103731,-0.028779,0.744,1.651
search,lower,2,forward,32.0241,1331.173,1074,rolling,1414.016,1140,1414.385,-4.999,0,0,1783746253.366054058,-0.173809,-0.953986,0.962248,0.181576,,,0.151592,0.103731,-0.028779,0.764,2.136
search,lower,2,forward,32.0428,1331.173,1074,rolling,1414.118,1140,1414.350,-5.034,1,13,1783746253.466383934,-0.162627,-0.936231,0.950015,0.188395,0.0209540,-0.0122329,0.172546,0.124685,-0.041011,0.764,2.136
search,lower,2,forward,32.0602,1331.173,1074,rolling,1414.118,1140,1414.350,-5.034,0,0,1783746253.466383934,-0.162627,-0.936231,0.950015,0.188395,,,0.172546,0.124685,-0.041011,0.764,2.136
search,lower,2,forward,32.0818,1331.173,1074,rolling,1414.118,1140,1414.350,-5.034,0,0,1783746253.466383934,-0.162627,-0.936231,0.950015,0.188395,,,0.172546,0.124685,-0.041011,0.764,2.136
search,lower,2,forward,32.1033,1331.173,1074,rolling,1414.118,1140,1414.350,-5.034,0,0,1783746253.466383934,-0.162627,-0.936231,0.950015,0.188395,,,0.172546,0.124685,-0.041011,0.764,2.136
search,lower,2,forward,32.1248,1331.173,1074,rolling,1414.118,1140,1414.350,-5.034,0,0,1783746253.466383934,-0.162627,-0.936231,0.950015,0.188395,,,0.172546,0.124685,-0.041011,0.781,2.115
search,lower,2,forward,32.1434,1331.173,1074,rolling,1414.328,1141,1414.347,-5.037,1,14,1783746253.563785315,-0.148944,-0.918347,0.940892,0.199071,0.0225095,-0.0091235,0.195055,0.147194,-0.050135,0.781,2.115
search,lower,2,forward,32.1594,1331.173,1074,rolling,1414.328,1141,1414.347,-5.037,0,0,1783746253.563785315,-0.148944,-0.918347,0.940892,0.199071,,,0.195055,0.147194,-0.050135,0.781,2.115
search,lower,2,forward,32.1811,1331.173,1074,rolling,1414.328,1141,1414.347,-5.037,0,0,1783746253.563785315,-0.148944,-0.918347,0.940892,0.199071,,,0.195055,0.147194,-0.050135,0.781,2.115
search,lower,2,forward,32.2027,1331.173,1074,rolling,1414.328,1141,1414.347,-5.037,0,0,1783746253.563785315,-0.148944,-0.918347,0.940892,0.199071,,,0.195055,0.147194,-0.050135,0.781,2.115
search,lower,2,forward,32.2243,1331.173,1074,rolling,1414.328,1141,1414.347,-5.037,0,0,1783746253.563785315,-0.148944,-0.918347,0.940892,0.199071,,,0.195055,0.147194,-0.050135,0.800,2.095
search,lower,2,forward,32.2441,1331.173,1074,rolling,1414.518,1141,1414.369,-5.014,1,15,1783746253.664313316,-0.134410,-0.900024,0.932194,0.207426,0.0233720,-0.0086980,0.218427,0.170566,-0.058833,0.800,2.095
search,lower,2,forward,32.2525,1331.173,1074,rolling,1414.518,1141,1414.369,-5.014,0,0,1783746253.664313316,-0.134410,-0.900024,0.932194,0.207426,,,0.218427,0.170566,-0.058833,0.800,2.095
search,lower,2,forward,32.2742,1331.173,1074,rolling,1414.518,1141,1414.369,-5.014,0,0,1783746253.664313316,-0.134410,-0.900024,0.932194,0.207426,,,0.218427,0.170566,-0.058833,0.800,2.095
search,lower,2,forward,32.2958,1331.173,1074,rolling,1414.518,1141,1414.369,-5.014,0,0,1783746253.664313316,-0.134410,-0.900024,0.932194,0.207426,,,0.218427,0.170566,-0.058833,0.800,2.095
search,lower,2,forward,32.3173,1331.173,1074,rolling,1414.518,1141,1414.369,-5.014,0,0,1783746253.664313316,-0.134410,-0.900024,0.932194,0.207426,,,0.218427,0.170566,-0.058833,0.800,2.095
search,lower,2,forward,32.3388,1331.173,1074,rolling,1414.518,1141,1414.369,-5.014,0,0,1783746253.664313316,-0.134410,-0.900024,0.932194,0.207426,,,0.218427,0.170566,-0.058833,0.818,2.076
search,lower,2,forward,32.3441,1331.173,1074,rolling,1414.659,1141,1414.407,-4.976,1,16,1783746253.764888048,-0.121532,-0.881024,0.924752,0.212563,0.0229282,-0.0074411,0.241355,0.193495,-0.066274,0.818,2.076
search,lower,2,forward,32.3581,1331.173,1074,rolling,1414.659,1141,1414.407,-4.976,0,0,1783746253.764888048,-0.121532,-0.881024,0.924752,0.212563,,,0.241355,0.193495,-0.066274,0.818,2.076
search,lower,2,forward,32.3798,1331.173,1074,rolling,1414.659,1141,1414.407,-4.976,0,0,1783746253.764888048,-0.121532,-0.881024,0.924752,0.212563,,,0.241355,0.193495,-0.066274,0.818,2.076
search,lower,2,forward,32.4014,1331.173,1074,rolling,1414.659,1141,1414.407,-4.976,0,0,1783746253.764888048,-0.121532,-0.881024,0.924752,0.212563,,,0.241355,0.193495,-0.066274,0.818,2.076
search,lower,2,forward,32.4231,1331.173,1074,rolling,1414.659,1141,1414.407,-4.976,0,0,1783746253.764888048,-0.121532,-0.881024,0.924752,0.212563,,,0.241355,0.193495,-0.066274,0.836,2.053
search,lower,2,forward,32.4447,1331.173,1074,rolling,1414.528,1141,1414.423,-4.961,1,17,1783746253.865097046,-0.112104,-0.865125,0.918744,0.205238,0.0183646,-0.0060084,0.259720,0.211859,-0.072282,0.836,2.053
search,lower,2,forward,32.4666,1331.173,1074,rolling,1414.528,1141,1414.423,-4.961,0,0,1783746253.865097046,-0.112104,-0.865125,0.918744,0.205238,,,0.259720,0.211859,-0.072282,0.836,2.053
search,lower,2,forward,32.4680,1331.173,1074,rolling,1414.528,1141,1414.423,-4.961,0,0,1783746253.865097046,-0.112104,-0.865125,0.918744,0.205238,,,0.259720,0.211859,-0.072282,0.836,2.053
search,lower,2,forward,32.4896,1331.173,1074,rolling,1414.528,1141,1414.423,-4.961,0,0,1783746253.865097046,-0.112104,-0.865125,0.918744,0.205238,,,0.259720,0.211859,-0.072282,0.836,2.053
search,lower,2,forward,32.5113,1331.173,1074,rolling,1414.528,1141,1414.423,-4.961,0,0,1783746253.865097046,-0.112104,-0.865125,0.918744,0.205238,,,0.259720,0.211859,-0.072282,0.836,2.053
search,lower,2,forward,32.5329,1331.173,1074,rolling,1414.528,1141,1414.423,-4.961,0,0,1783746253.865097046,-0.112104,-0.865125,0.918744,0.205238,,,0.259720,0.211859,-0.072282,0.853,2.035
search,lower,2,forward,32.5450,1331.173,1074,rolling,1414.446,1141,1414.426,-4.958,1,18,1783746253.965570927,-0.101438,-0.849456,0.913436,0.201014,0.0189236,-0.0053076,0.278643,0.230783,-0.077590,0.853,2.035
search,lower,2,forward,32.5639,1331.173,1074,rolling,1414.446,1141,1414.426,-4.958,0,0,1783746253.965570927,-0.101438,-0.849456,0.913436,0.201014,,,0.278643,0.230783,-0.077590,0.853,2.035
search,lower,2,forward,32.5855,1331.173,1074,rolling,1414.446,1141,1414.426,-4.958,0,0,1783746253.965570927,-0.101438,-0.849456,0.913436,0.201014,,,0.278643,0.230783,-0.077590,0.853,2.035
search,lower,2,forward,32.6071,1331.173,1074,rolling,1414.446,1141,1414.426,-4.958,0,0,1783746253.965570927,-0.101438,-0.849456,0.913436,0.201014,,,0.278643,0.230783,-0.077590,0.853,2.035
search,lower,2,forward,32.6286,1331.173,1074,rolling,1414.446,1141,1414.426,-4.958,0,0,1783746253.965570927,-0.101438,-0.849456,0.913436,0.201014,,,0.278643,0.230783,-0.077590,0.868,2.016
search,lower,2,forward,32.6452,1331.173,1074,rolling,1414.094,1140,1414.383,-5.001,1,19,1783746254.065877438,-0.094255,-0.837358,0.905349,0.185552,0.0139591,-0.0080876,0.292602,0.244742,-0.085678,0.868,2.016
search,lower,2,forward,32.6604,1331.173,1074,rolling,1414.094,1140,1414.383,-5.001,0,0,1783746254.065877438,-0.094255,-0.837358,0.905349,0.185552,,,0.292602,0.244742,-0.085678,0.868,2.016
search,lower,2,forward,32.6821,1331.173,1074,rolling,1414.094,1140,1414.383,-5.001,0,0,1783746254.065877438,-0.094255,-0.837358,0.905349,0.185552,,,0.292602,0.244742,-0.085678,0.868,2.016
search,lower,2,forward,32.7036,1331.173,1074,rolling,1414.094,1140,1414.383,-5.001,0,0,1783746254.065877438,-0.094255,-0.837358,0.905349,0.185552,,,0.292602,0.244742,-0.085678,0.868,2.016
search,lower,2,forward,32.7252,1331.173,1074,rolling,1414.094,1140,1414.383,-5.001,0,0,1783746254.065877438,-0.094255,-0.837358,0.905349,0.185552,,,0.292602,0.244742,-0.085678,0.886,1.997
search,lower,2,forward,32.7433,1331.173,1074,rolling,1414.061,1140,1414.341,-5.043,1,20,1783746254.166138649,-0.079629,-0.824953,0.899467,0.186039,0.0187992,-0.0058823,0.311402,0.263541,-0.091560,0.886,1.997
search,lower,2,forward,32.7629,1331.173,1074,rolling,1414.061,1140,1414.341,-5.043,0,0,1783746254.166138649,-0.079629,-0.824953,0.899467,0.186039,,,0.311402,0.263541,-0.091560,0.886,1.997
search,lower,2,forward,32.7845,1331.173,1074,rolling,1414.061,1140,1414.341,-5.043,0,0,1783746254.166138649,-0.079629,-0.824953,0.899467,0.186039,,,0.311402,0.263541,-0.091560,0.886,1.997
search,lower,2,forward,32.8061,1331.173,1074,rolling,1414.061,1140,1414.341,-5.043,0,0,1783746254.166138649,-0.079629,-0.824953,0.899467,0.186039,,,0.311402,0.263541,-0.091560,0.886,1.997
search,lower,2,forward,32.8276,1331.173,1074,rolling,1414.061,1140,1414.341,-5.043,0,0,1783746254.166138649,-0.079629,-0.824953,0.899467,0.186039,,,0.311402,0.263541,-0.091560,0.903,1.979
search,lower,2,forward,32.8438,1331.173,1074,rolling,1414.081,1140,1414.307,-5.076,1,21,1783746254.264142036,-0.069053,-0.808749,0.893537,0.188664,0.0192613,-0.0059291,0.330663,0.282802,-0.097489,0.903,1.979
search,lower,2,forward,32.8578,1331.173,1074,rolling,1414.081,1140,1414.307,-5.076,0,0,1783746254.264142036,-0.069053,-0.808749,0.893537,0.188664,,,0.330663,0.282802,-0.097489,0.903,1.979
search,lower,2,forward,32.8794,1331.173,1074,rolling,1414.081,1140,1414.307,-5.076,0,0,1783746254.264142036,-0.069053,-0.808749,0.893537,0.188664,,,0.330663,0.282802,-0.097489,0.903,1.979
search,lower,2,forward,32.9009,1331.173,1074,rolling,1414.081,1140,1414.307,-5.076,0,0,1783746254.264142036,-0.069053,-0.808749,0.893537,0.188664,,,0.330663,0.282802,-0.097489,0.903,1.979
search,lower,2,forward,32.9225,1331.173,1074,rolling,1414.081,1140,1414.307,-5.076,0,0,1783746254.264142036,-0.069053,-0.808749,0.893537,0.188664,,,0.330663,0.282802,-0.097489,0.920,1.956
search,lower,2,forward,32.9441,1331.173,1074,rolling,1414.305,1141,1414.307,-5.077,1,22,1783746254.364517212,-0.055174,-0.789825,0.884763,0.199878,0.0234396,-0.0087748,0.354103,0.306242,-0.106264,0.920,1.956
search,lower,2,forward,32.9611,1331.173,1074,rolling,1414.305,1141,1414.307,-5.077,0,0,1783746254.364517212,-0.055174,-0.789825,0.884763,0.199878,,,0.354103,0.306242,-0.106264,0.920,1.956
search,lower,2,forward,32.9827,1331.173,1074,rolling,1414.305,1141,1414.307,-5.077,0,0,1783746254.364517212,-0.055174,-0.789825,0.884763,0.199878,,,0.354103,0.306242,-0.106264,0.920,1.956
search,lower,2,forward,33.0042,1331.173,1074,rolling,1414.305,1141,1414.307,-5.077,0,0,1783746254.364517212,-0.055174,-0.789825,0.884763,0.199878,,,0.354103,0.306242,-0.106264,0.920,1.956
search,lower,2,forward,33.0258,1331.173,1074,rolling,1414.305,1141,1414.307,-5.077,0,0,1783746254.364517212,-0.055174,-0.789825,0.884763,0.199878,,,0.354103,0.306242,-0.106264,0.941,1.936
search,lower,2,forward,33.0423,1331.173,1074,rolling,1414.342,1141,1414.312,-5.072,1,23,1783746254.464899063,-0.042284,-0.773584,0.877349,0.201539,0.0207311,-0.0074135,0.374834,0.326973,-0.113677,0.941,1.936
search,lower,2,forward,33.0545,1331.173,1074,rolling,1414.342,1141,1414.312,-5.072,0,0,1783746254.464899063,-0.042284,-0.773584,0.877349,0.201539,,,0.374834,0.326973,-0.113677,0.941,1.936
search,lower,2,forward,33.0761,1331.173,1074,rolling,1414.342,1141,1414.312,-5.072,0,0,1783746254.464899063,-0.042284,-0.773584,0.877349,0.201539,,,0.374834,0.326973,-0.113677,0.941,1.936
search,lower,2,forward,33.0977,1331.173,1074,rolling,1414.342,1141,1414.312,-5.072,0,0,1783746254.464899063,-0.042284,-0.773584,0.877349,0.201539,,,0.374834,0.326973,-0.113677,0.941,1.936
search,lower,2,forward,33.1192,1331.173,1074,rolling,1414.342,1141,1414.312,-5.072,0,0,1783746254.464899063,-0.042284,-0.773584,0.877349,0.201539,,,0.374834,0.326973,-0.113677,0.959,1.911
search,lower,2,forward,33.1400,1331.173,1074,rolling,1414.462,1141,1414.331,-5.053,1,24,1783746254.562879562,-0.028579,-0.756748,0.870103,0.206540,0.0217071,-0.0072464,0.396541,0.348680,-0.120924,0.959,1.911
search,lower,2,reverse,34.7193,1331.173,1074,startup,1593.005,1285,1597.005,4.496,0,0,1783746256.061326504,0.003039,-0.725185,0.853440,0.007333,,,0.000000,0.000000,0.000000,0.991,1.890
search,lower,2,reverse,34.7414,1331.173,1074,startup,1594.245,1286,1597.005,4.496,1,1,1783746256.161583424,0.002253,-0.725136,0.853597,0.004303,-0.0004800,0.0001574,0.000480,0.000000,0.000000,0.991,1.890
search,lower,2,reverse,34.7496,1331.173,1074,startup,1594.245,1286,1597.005,4.496,0,0,1783746256.161583424,0.002253,-0.725136,0.853597,0.004303,,,0.000480,0.000000,0.000000,0.991,1.890
search,lower,2,reverse,34.7713,1331.173,1074,startup,1594.245,1286,1597.005,4.496,0,0,1783746256.161583424,0.002253,-0.725136,0.853597,0.004303,,,0.000480,0.000000,0.000000,0.991,1.890
search,lower,2,reverse,34.7928,1331.173,1074,startup,1594.245,1286,1597.005,4.496,0,0,1783746256.161583424,0.002253,-0.725136,0.853597,0.004303,,,0.000480,0.000000,0.000000,0.991,1.890
search,lower,2,reverse,34.8144,1331.173,1074,startup,1594.245,1286,1597.005,4.496,0,0,1783746256.161583424,0.002253,-0.725136,0.853597,0.004303,,,0.000480,0.000000,0.000000,0.991,1.890
search,lower,2,reverse,34.8360,1331.173,1074,startup,1594.245,1286,1597.005,4.496,0,0,1783746256.161583424,0.002253,-0.725136,0.853597,0.004303,,,0.000480,0.000000,0.000000,0.993,1.889
search,lower,2,reverse,34.8416,1331.173,1074,startup,1595.485,1287,1597.005,4.496,1,2,1783746256.261830807,0.000849,-0.724286,0.853511,0.002524,-0.0002821,-0.0000856,0.000762,0.000000,0.000000,0.993,1.889
search,lower,2,reverse,34.8521,1331.173,1074,startup,1595.485,1287,1597.005,4.496,0,0,1783746256.261830807,0.000849,-0.724286,0.853511,0.002524,,,0.000762,0.000000,0.000000,0.993,1.889
search,lower,2,reverse,34.8738,1331.173,1074,startup,1595.485,1287,1597.005,4.496,0,0,1783746256.261830807,0.000849,-0.724286,0.853511,0.002524,,,0.000762,0.000000,0.000000,0.993,1.889
search,lower,2,reverse,34.8953,1331.173,1074,startup,1595.485,1287,1597.005,4.496,0,0,1783746256.261830807,0.000849,-0.724286,0.853511,0.002524,,,0.000762,0.000000,0.000000,0.993,1.889
search,lower,2,reverse,34.9169,1331.173,1074,startup,1595.485,1287,1597.005,4.496,0,0,1783746256.261830807,0.000849,-0.724286,0.853511,0.002524,,,0.000762,0.000000,0.000000,0.993,1.889
search,lower,2,reverse,34.9385,1331.173,1074,startup,1595.485,1287,1597.005,4.496,0,0,1783746256.261830807,0.000849,-0.724286,0.853511,0.002524,,,0.000762,0.000000,0.000000,0.989,1.897
search,lower,2,reverse,34.9410,1331.173,1074,startup,1596.725,1288,1597.005,4.496,1,3,1783746256.362434864,0.000676,-0.727031,0.853849,-0.003530,-0.0021822,0.0003371,0.002944,0.000000,0.000000,0.989,1.897
search,lower,2,reverse,34.9584,1331.173,1074,startup,1596.725,1288,1597.005,4.496,0,0,1783746256.362434864,0.000676,-0.727031,0.853849,-0.003530,,,0.002944,0.000000,0.000000,0.989,1.897
search,lower,2,reverse,34.9801,1331.173,1074,startup,1596.725,1288,1597.005,4.496,0,0,1783746256.362434864,0.000676,-0.727031,0.853849,-0.003530,,,0.002944,0.000000,0.000000,0.989,1.897
search,lower,2,reverse,35.0017,1331.173,1074,startup,1596.725,1288,1597.005,4.496,0,0,1783746256.362434864,0.000676,-0.727031,0.853849,-0.003530,,,0.002944,0.000000,0.000000,0.989,1.897
search,lower,2,reverse,35.0232,1331.173,1074,startup,1596.725,1288,1597.005,4.496,0,0,1783746256.362434864,0.000676,-0.727031,0.853849,-0.003530,,,0.002944,0.000000,0.000000,0.982,1.908
search,lower,2,reverse,35.0397,1331.173,1074,startup,1597.965,1289,1597.005,4.496,1,4,1783746256.460427761,-0.007684,-0.735523,0.858603,-0.032989,-0.0118931,0.0047543,0.014837,0.000000,0.000000,0.982,1.908
search,lower,2,reverse,35.0560,1331.173,1074,startup,1597.965,1289,1597.005,4.496,0,0,1783746256.460427761,-0.007684,-0.735523,0.858603,-0.032989,,,0.014837,0.000000,0.000000,0.982,1.908
search,lower,2,reverse,35.0776,1331.173,1074,startup,1597.965,1289,1597.005,4.496,0,0,1783746256.460427761,-0.007684,-0.735523,0.858603,-0.032989,,,0.014837,0.000000,0.000000,0.982,1.908
search,lower,2,reverse,35.0992,1331.173,1074,startup,1597.965,1289,1597.005,4.496,0,0,1783746256.460427761,-0.007684,-0.735523,0.858603,-0.032989,,,0.014837,0.000000,0.000000,0.982,1.908
search,lower,2,reverse,35.1207,1331.173,1074,startup,1597.965,1289,1597.005,4.496,0,0,1783746256.460427761,-0.007684,-0.735523,0.858603,-0.032989,,,0.014837,0.000000,0.000000,0.971,1.919
search,lower,2,reverse,35.1404,1331.173,1074,rolling,1597.005,1288,1597.005,4.496,1,5,1783746256.560665131,-0.018095,-0.744921,0.863104,-0.059443,-0.0139133,0.0045011,0.028751,0.000000,0.000000,0.971,1.919
search,lower,2,reverse,35.1537,1331.173,1074,rolling,1597.005,1288,1597.005,4.496,0,0,1783746256.560665131,-0.018095,-0.744921,0.863104,-0.059443,,,0.028751,0.000000,0.000000,0.971,1.919
search,lower,2,reverse,35.1755,1331.173,1074,rolling,1597.005,1288,1597.005,4.496,0,0,1783746256.560665131,-0.018095,-0.744921,0.863104,-0.059443,,,0.028751,0.000000,0.000000,0.971,1.919
search,lower,2,reverse,35.1971,1331.173,1074,rolling,1597.005,1288,1597.005,4.496,0,0,1783746256.560665131,-0.018095,-0.744921,0.863104,-0.059443,,,0.028751,0.000000,0.000000,0.971,1.919
search,lower,2,reverse,35.2187,1331.173,1074,rolling,1597.005,1288,1597.005,4.496,0,0,1783746256.560665131,-0.018095,-0.744921,0.863104,-0.059443,,,0.028751,0.000000,0.000000,0.956,1.939
search,lower,2,reverse,35.2406,1331.173,1074,rolling,1599.211,1290,1597.375,4.866,1,6,1783746256.661322594,-0.024883,-0.756572,0.868390,-0.077547,-0.0132726,0.0052856,0.042023,0.000000,0.000000,0.956,1.939
search,lower,2,reverse,35.2587,1331.173,1074,rolling,1599.211,1290,1597.375,4.866,0,0,1783746256.661322594,-0.024883,-0.756572,0.868390,-0.077547,,,0.042023,0.000000,0.000000,0.956,1.939
search,lower,2,reverse,35.2803,1331.173,1074,rolling,1599.211,1290,1597.375,4.866,0,0,1783746256.661322594,-0.024883,-0.756572,0.868390,-0.077547,,,0.042023,0.000000,0.000000,0.956,1.939
search,lower,2,reverse,35.3018,1331.173,1074,rolling,1599.211,1290,1597.375,4.866,0,0,1783746256.661322594,-0.024883,-0.756572,0.868390,-0.077547,,,0.042023,0.000000,0.000000,0.956,1.939
search,lower,2,reverse,35.3233,1331.173,1074,rolling,1599.211,1290,1597.375,4.866,0,0,1783746256.661322594,-0.024883,-0.756572,0.868390,-0.077547,,,0.042023,0.000000,0.000000,0.938,1.962
search,lower,2,reverse,35.3407,1331.173,1074,rolling,1599.047,1290,1597.654,5.145,1,7,1783746256.761534214,-0.036045,-0.772823,0.873866,-0.107108,-0.0196208,0.0054767,0.061644,-0.019621,0.005477,0.938,1.962
search,lower,2,reverse,35.3496,1331.173,1074,rolling,1599.047,1290,1597.654,5.145,0,0,1783746256.761534214,-0.036045,-0.772823,0.873866,-0.107108,,,0.061644,-0.019621,0.005477,0.938,1.962
search,lower,2,reverse,35.3713,1331.173,1074,rolling,1599.047,1290,1597.654,5.145,0,0,1783746256.761534214,-0.036045,-0.772823,0.873866,-0.107108,,,0.061644,-0.019621,0.005477,0.938,1.962
search,lower,2,reverse,35.3928,1331.173,1074,rolling,1599.047,1290,1597.654,5.145,0,0,1783746256.761534214,-0.036045,-0.772823,0.873866,-0.107108,,,0.061644,-0.019621,0.005477,0.938,1.962
search,lower,2,reverse,35.4144,1331.173,1074,rolling,1599.047,1290,1597.654,5.145,0,0,1783746256.761534214,-0.036045,-0.772823,0.873866,-0.107108,,,0.061644,-0.019621,0.005477,0.938,1.962
search,lower,2,reverse,35.4359,1331.173,1074,rolling,1599.047,1290,1597.654,5.145,0,0,1783746256.761534214,-0.036045,-0.772823,0.873866,-0.107108,,,0.061644,-0.019621,0.005477,0.916,1.987
search,lower,2,reverse,35.4415,1331.173,1074,rolling,1598.483,1289,1597.792,5.283,1,8,1783746256.861650705,-0.055573,-0.794932,0.886262,-0.153951,-0.0294821,0.0123956,0.091126,-0.049103,0.017872,0.916,1.987
search,lower,2,reverse,35.4618,1331.173,1074,rolling,1598.483,1289,1597.792,5.283,0,0,1783746256.861650705,-0.055573,-0.794932,0.886262,-0.153951,,,0.091126,-0.049103,0.017872,0.916,1.987
search,lower,2,reverse,35.4835,1331.173,1074,rolling,1598.483,1289,1597.792,5.283,0,0,1783746256.861650705,-0.055573,-0.794932,0.886262,-0.153951,,,0.091126,-0.049103,0.017872,0.916,1.987
search,lower,2,reverse,35.5051,1331.173,1074,rolling,1598.483,1289,1597.792,5.283,0,0,1783746256.861650705,-0.055573,-0.794932,0.886262,-0.153951,,,0.091126,-0.049103,0.017872,0.916,1.987
search,lower,2,reverse,35.5267,1331.173,1074,rolling,1598.483,1289,1597.792,5.283,0,0,1783746256.861650705,-0.055573,-0.794932,0.886262,-0.153951,,,0.091126,-0.049103,0.017872,0.891,1.771
search,lower,2,reverse,35.5417,1331.173,1074,rolling,1597.879,1289,1597.807,5.298,1,9,1783746256.962395430,-0.075536,-0.820114,0.899968,-0.195206,-0.0321345,0.0137064,0.123261,-0.081237,0.031579,0.891,1.771
search,lower,2,reverse,35.5597,1331.173,1074,rolling,1597.879,1289,1597.807,5.298,0,0,1783746256.962395430,-0.075536,-0.820114,0.899968,-0.195206,,,0.123261,-0.081237,0.031579,0.891,1.771
search,lower,2,reverse,35.5813,1331.173,1074,rolling,1597.879,1289,1597.807,5.298,0,0,1783746256.962395430,-0.075536,-0.820114,0.899968,-0.195206,,,0.123261,-0.081237,0.031579,0.891,1.771
search,lower,2,reverse,35.6032,1331.173,1074,rolling,1597.879,1289,1597.807,5.298,0,0,1783746256.962395430,-0.075536,-0.820114,0.899968,-0.195206,,,0.123261,-0.081237,0.031579,0.891,1.771
search,lower,2,reverse,35.6253,1331.173,1074,rolling,1597.879,1289,1597.807,5.298,0,0,1783746256.962395430,-0.075536,-0.820114,0.899968,-0.195206,,,0.123261,-0.081237,0.031579,0.868,1.790
search,lower,2,reverse,35.6438,1331.173,1074,rolling,1597.747,1289,1597.797,5.288,1,10,1783746257.062597513,-0.090214,-0.837587,0.912893,-0.203305,-0.0228063,0.0129250,0.146067,-0.104044,0.044504,0.868,1.790
search,lower,2,reverse,35.6592,1331.173,1074,rolling,1597.747,1289,1597.797,5.288,0,0,1783746257.062597513,-0.090214,-0.837587,0.912893,-0.203305,,,0.146067,-0.104044,0.044504,0.868,1.790
search,lower,2,reverse,35.6810,1331.173,1074,rolling,1597.747,1289,1597.797,5.288,0,0,1783746257.062597513,-0.090214,-0.837587,0.912893,-0.203305,,,0.146067,-0.104044,0.044504,0.868,1.790
search,lower,2,reverse,35.7026,1331.173,1074,rolling,1597.747,1289,1597.797,5.288,0,0,1783746257.062597513,-0.090214,-0.837587,0.912893,-0.203305,,,0.146067,-0.104044,0.044504,0.868,1.790
search,lower,2,reverse,35.7243,1331.173,1074,rolling,1597.747,1289,1597.797,5.288,0,0,1783746257.062597513,-0.090214,-0.837587,0.912893,-0.203305,,,0.146067,-0.104044,0.044504,0.845,2.066
search,lower,2,reverse,35.7402,1331.173,1074,rolling,1597.537,1288,1597.753,5.244,1,11,1783746257.163469553,-0.105060,-0.857698,0.923360,-0.214424,-0.0249943,0.0104663,0.171061,-0.129038,0.054970,0.845,2.066
search,lower,2,reverse,35.7579,1331.173,1074,rolling,1597.537,1288,1597.753,5.244,0,0,1783746257.163469553,-0.105060,-0.857698,0.923360,-0.214424,,,0.171061,-0.129038,0.054970,0.845,2.066
search,lower,2,reverse,35.7796,1331.173,1074,rolling,1597.537,1288,1597.753,5.244,0,0,1783746257.163469553,-0.105060,-0.857698,0.923360,-0.214424,,,0.171061,-0.129038,0.054970,0.845,2.066
search,lower,2,reverse,35.8012,1331.173,1074,rolling,1597.537,1288,1597.753,5.244,0,0,1783746257.163469553,-0.105060,-0.857698,0.923360,-0.214424,,,0.171061,-0.129038,0.054970,0.845,2.066
search,lower,2,reverse,35.8227,1331.173,1074,rolling,1597.537,1288,1597.753,5.244,0,0,1783746257.163469553,-0.105060,-0.857698,0.923360,-0.214424,,,0.171061,-0.129038,0.054970,0.825,2.091
search,lower,2,reverse,35.8404,1331.173,1074,rolling,1597.331,1288,1597.684,5.176,1,12,1783746257.260841131,-0.119471,-0.877426,0.933183,-0.223539,-0.0244290,0.0098231,0.195490,-0.153467,0.064793,0.825,2.091
search,lower,2,reverse,35.8482,1331.173,1074,rolling,1597.331,1288,1597.684,5.176,0,0,1783746257.260841131,-0.119471,-0.877426,0.933183,-0.223539,,,0.195490,-0.153467,0.064793,0.825,2.091
search,lower,2,reverse,35.8699,1331.173,1074,rolling,1597.331,1288,1597.684,5.176,0,0,1783746257.260841131,-0.119471,-0.877426,0.933183,-0.223539,,,0.195490,-0.153467,0.064793,0.825,2.091
search,lower,2,reverse,35.8914,1331.173,1074,rolling,1597.331,1288,1597.684,5.176,0,0,1783746257.260841131,-0.119471,-0.877426,0.933183,-0.223539,,,0.195490,-0.153467,0.064793,0.825,2.091
search,lower,2,reverse,35.9129,1331.173,1074,rolling,1597.331,1288,1597.684,5.176,0,0,1783746257.260841131,-0.119471,-0.877426,0.933183,-0.223539,,,0.195490,-0.153467,0.064793,0.825,2.091
search,lower,2,reverse,35.9345,1331.173,1074,rolling,1597.331,1288,1597.684,5.176,0,0,1783746257.260841131,-0.119471,-0.877426,0.933183,-0.223539,,,0.195490,-0.153467,0.064793,0.803,2.115
search,lower,2,reverse,35.9406,1331.173,1074,rolling,1597.109,1288,1597.588,5.079,1,13,1783746257.361389160,-0.134814,-0.898242,0.944636,-0.231950,-0.0258592,0.0114531,0.221349,-0.179326,0.076246,0.803,2.115
search,lower,2,reverse,35.9534,1331.173,1074,rolling,1597.109,1288,1597.588,5.079,0,0,1783746257.361389160,-0.134814,-0.898242,0.944636,-0.231950,,,0.221349,-0.179326,0.076246,0.803,2.115
search,lower,2,reverse,35.9750,1331.173,1074,rolling,1597.109,1288,1597.588,5.079,0,0,1783746257.361389160,-0.134814,-0.898242,0.944636,-0.231950,,,0.221349,-0.179326,0.076246,0.803,2.115
search,lower,2,reverse,35.9966,1331.173,1074,rolling,1597.109,1288,1597.588,5.079,0,0,1783746257.361389160,-0.134814,-0.898242,0.944636,-0.231950,,,0.221349,-0.179326,0.076246,0.803,2.115
search,lower,2,reverse,36.0181,1331.173,1074,rolling,1597.109,1288,1597.588,5.079,0,0,1783746257.361389160,-0.134814,-0.898242,0.944636,-0.231950,,,0.221349,-0.179326,0.076246,0.784,1.644
search,lower,2,reverse,36.0389,1331.173,1074,rolling,1596.928,1288,1597.478,4.969,1,14,1783746257.461617231,-0.148647,-0.919247,0.955422,-0.236650,-0.0251323,0.0107862,0.246482,-0.204458,0.087032,0.784,1.644
search,lower,2,reverse,36.0469,1331.173,1074,rolling,1596.928,1288,1597.478,4.969,0,0,1783746257.461617231,-0.148647,-0.919247,0.955422,-0.236650,,,0.246482,-0.204458,0.087032,0.784,1.644
search,lower,2,reverse,36.0685,1331.173,1074,rolling,1596.928,1288,1597.478,4.969,0,0,1783746257.461617231,-0.148647,-0.919247,0.955422,-0.236650,,,0.246482,-0.204458,0.087032,0.784,1.644
search,lower,2,reverse,36.0901,1331.173,1074,rolling,1596.928,1288,1597.478,4.969,0,0,1783746257.461617231,-0.148647,-0.919247,0.955422,-0.236650,,,0.246482,-0.204458,0.087032,0.784,1.644
search,lower,2,reverse,36.1116,1331.173,1074,rolling,1596.928,1288,1597.478,4.969,0,0,1783746257.461617231,-0.148647,-0.919247,0.955422,-0.236650,,,0.246482,-0.204458,0.087032,0.784,1.644
search,lower,2,reverse,36.1332,1331.173,1074,rolling,1596.928,1288,1597.478,4.969,0,0,1783746257.461617231,-0.148647,-0.919247,0.955422,-0.236650,,,0.246482,-0.204458,0.087032,0.763,1.620
search,lower,2,reverse,36.1390,1331.173,1074,rolling,1596.738,1288,1597.356,4.848,1,15,1783746257.559793949,-0.162357,-0.940199,0.965845,-0.241219,-0.0250276,0.0104226,0.271509,-0.229486,0.097455,0.763,1.620
search,lower,2,reverse,36.1473,1331.173,1074,rolling,1596.738,1288,1597.356,4.848,0,0,1783746257.559793949,-0.162357,-0.940199,0.965845,-0.241219,,,0.271509,-0.229486,0.097455,0.763,1.620
search,lower,2,reverse,36.1690,1331.173,1074,rolling,1596.738,1288,1597.356,4.848,0,0,1783746257.559793949,-0.162357,-0.940199,0.965845,-0.241219,,,0.271509,-0.229486,0.097455,0.763,1.620
search,lower,2,reverse,36.1906,1331.173,1074,rolling,1596.738,1288,1597.356,4.848,0,0,1783746257.559793949,-0.162357,-0.940199,0.965845,-0.241219,,,0.271509,-0.229486,0.097455,0.763,1.620
search,lower,2,reverse,36.2121,1331.173,1074,rolling,1596.738,1288,1597.356,4.848,0,0,1783746257.559793949,-0.162357,-0.940199,0.965845,-0.241219,,,0.271509,-0.229486,0.097455,0.763,1.620
search,lower,2,reverse,36.2337,1331.173,1074,rolling,1596.738,1288,1597.356,4.848,0,0,1783746257.559793949,-0.162357,-0.940199,0.965845,-0.241219,,,0.271509,-0.229486,0.097455,0.743,1.631
search,lower,2,reverse,36.2396,1331.173,1074,rolling,1596.572,1288,1597.225,4.717,1,16,1783746257.659970045,-0.176124,-0.961202,0.976243,-0.243572,-0.0251075,0.0103982,0.296617,-0.254593,0.107853,0.743,1.631
search,lower,2,reverse,36.2516,1331.173,1074,rolling,1596.572,1288,1597.225,4.717,0,0,1783746257.659970045,-0.176124,-0.961202,0.976243,-0.243572,,,0.296617,-0.254593,0.107853,0.743,1.631
search,lower,2,reverse,36.2732,1331.173,1074,rolling,1596.572,1288,1597.225,4.717,0,0,1783746257.659970045,-0.176124,-0.961202,0.976243,-0.243572,,,0.296617,-0.254593,0.107853,0.743,1.631
search,lower,2,reverse,36.2948,1331.173,1074,rolling,1596.572,1288,1597.225,4.717,0,0,1783746257.659970045,-0.176124,-0.961202,0.976243,-0.243572,,,0.296617,-0.254593,0.107853,0.743,1.631
search,lower,2,reverse,36.3165,1331.173,1074,rolling,1596.572,1288,1597.225,4.717,0,0,1783746257.659970045,-0.176124,-0.961202,0.976243,-0.243572,,,0.296617,-0.254593,0.107853,0.723,1.645
search,lower,2,reverse,36.3374,1331.173,1074,rolling,1596.507,1288,1597.105,4.596,1,17,1783746257.760565996,-0.189281,-0.980086,0.985534,-0.239867,-0.0230116,0.0092913,0.319628,-0.277605,0.117145,0.723,1.645
search,lower,2,reverse,36.3522,1331.173,1074,rolling,1596.507,1288,1597.105,4.596,0,0,1783746257.760565996,-0.189281,-0.980086,0.985534,-0.239867,,,0.319628,-0.277605,0.117145,0.723,1.645
search,lower,2,reverse,36.3738,1331.173,1074,rolling,1596.507,1288,1597.105,4.596,0,0,1783746257.760565996,-0.189281,-0.980086,0.985534,-0.239867,,,0.319628,-0.277605,0.117145,0.723,1.645
search,lower,2,reverse,36.3955,1331.173,1074,rolling,1596.507,1288,1597.105,4.596,0,0,1783746257.760565996,-0.189281,-0.980086,0.985534,-0.239867,,,0.319628,-0.277605,0.117145,0.723,1.645
search,lower,2,reverse,36.4172,1331.173,1074,rolling,1596.507,1288,1597.105,4.596,0,0,1783746257.760565996,-0.189281,-0.980086,0.985534,-0.239867,,,0.319628,-0.277605,0.117145,0.701,2.167
search,lower,2,reverse,36.4379,1331.173,1074,rolling,1596.361,1287,1596.983,4.475,1,18,1783746257.858361959,-0.201158,-1.001099,0.996264,-0.241473,-0.0240860,0.0107302,0.343714,-0.301691,0.127875,0.701,2.167
search,lower,2,reverse,36.4558,1331.173,1074,rolling,1596.361,1287,1596.983,4.475,0,0,1783746257.858361959,-0.201158,-1.001099,0.996264,-0.241473,,,0.343714,-0.301691,0.127875,0.701,2.167
search,lower,2,reverse,36.4775,1331.173,1074,rolling,1596.361,1287,1596.983,4.475,0,0,1783746257.858361959,-0.201158,-1.001099,0.996264,-0.241473,,,0.343714,-0.301691,0.127875,0.701,2.167
search,lower,2,reverse,36.4990,1331.173,1074,rolling,1596.361,1287,1596.983,4.475,0,0,1783746257.858361959,-0.201158,-1.001099,0.996264,-0.241473,,,0.343714,-0.301691,0.127875,0.701,2.167
search,lower,2,reverse,36.5206,1331.173,1074,rolling,1596.361,1287,1596.983,4.475,0,0,1783746257.858361959,-0.201158,-1.001099,0.996264,-0.241473,,,0.343714,-0.301691,0.127875,0.682,1.700
search,lower,2,reverse,36.5354,1331.173,1074,rolling,1596.205,1287,1596.853,4.345,1,19,1783746257.958674431,-0.214428,-1.022193,1.004874,-0.243208,-0.0249191,0.0086100,0.368633,-0.326610,0.136485,0.682,1.700
search,lower,2,reverse,36.5485,1331.173,1074,rolling,1596.205,1287,1596.853,4.345,0,0,1783746257.958674431,-0.214428,-1.022193,1.004874,-0.243208,,,0.368633,-0.326610,0.136485,0.682,1.700
search,lower,2,reverse,36.5701,1331.173,1074,rolling,1596.205,1287,1596.853,4.345,0,0,1783746257.958674431,-0.214428,-1.022193,1.004874,-0.243208,,,0.368633,-0.326610,0.136485,0.682,1.700
search,lower,2,reverse,36.5917,1331.173,1074,rolling,1596.205,1287,1596.853,4.345,0,0,1783746257.958674431,-0.214428,-1.022193,1.004874,-0.243208,,,0.368633,-0.326610,0.136485,0.682,1.700
search,lower,2,reverse,36.6132,1331.173,1074,rolling,1596.205,1287,1596.853,4.345,0,0,1783746257.958674431,-0.214428,-1.022193,1.004874,-0.243208,,,0.368633,-0.326610,0.136485,0.661,1.734
search,lower,2,reverse,36.6358,1331.173,1074,rolling,1596.205,1287,1596.853,4.345,0,0,1783746257.958674431,-0.214428,-1.022193,1.004874,-0.243208,,,0.368633,-0.326610,0.136485,0.661,1.734
search,lower,2,reverse,36.6371,1331.173,1074,rolling,1596.161,1287,1596.740,4.231,1,20,1783746258.056349754,-0.225721,-1.041031,1.017217,-0.238612,-0.0219598,0.0123432,0.390593,-0.348570,0.148828,0.661,1.734
search,lower,3,forward,39.0367,1257.856,1014,startup,1417.091,1143,1414.331,-5.053,1,1,1783746260.458399773,-0.253919,-1.081163,1.042205,0.001726,0.0005605,0.0004862,0.000561,0.000000,0.000000,0.641,2.096
search,lower,3,forward,39.0493,1257.856,1014,startup,1417.091,1143,1414.331,-5.053,0,0,1783746260.458399773,-0.253919,-1.081163,1.042205,0.001726,,,0.000561,0.000000,0.000000,0.641,2.096
search,lower,3,forward,39.0709,1257.856,1014,startup,1417.091,1143,1414.331,-5.053,0,0,1783746260.458399773,-0.253919,-1.081163,1.042205,0.001726,,,0.000561,0.000000,0.000000,0.641,2.096
search,lower,3,forward,39.0924,1257.856,1014,startup,1417.091,1143,1414.331,-5.053,0,0,1783746260.458399773,-0.253919,-1.081163,1.042205,0.001726,,,0.000561,0.000000,0.000000,0.641,2.096
search,lower,3,forward,39.1140,1257.856,1014,startup,1417.091,1143,1414.331,-5.053,0,0,1783746260.458399773,-0.253919,-1.081163,1.042205,0.001726,,,0.000561,0.000000,0.000000,0.641,2.096
search,lower,3,forward,39.1355,1257.856,1014,startup,1417.091,1143,1414.331,-5.053,0,0,1783746260.458399773,-0.253919,-1.081163,1.042205,0.001726,,,0.000561,0.000000,0.000000,0.641,1.752
search,lower,3,forward,39.1384,1257.856,1014,startup,1415.851,1142,1414.331,-5.053,1,2,1783746260.558794022,-0.253973,-1.083733,1.043561,-0.004301,-0.0022471,0.0013563,0.002808,0.000000,0.000000,0.641,1.752
search,lower,3,forward,39.1535,1257.856,1014,startup,1415.851,1142,1414.331,-5.053,0,0,1783746260.558794022,-0.253973,-1.083733,1.043561,-0.004301,,,0.002808,0.000000,0.000000,0.641,1.752
search,lower,3,forward,39.1752,1257.856,1014,startup,1415.851,1142,1414.331,-5.053,0,0,1783746260.558794022,-0.253973,-1.083733,1.043561,-0.004301,,,0.002808,0.000000,0.000000,0.641,1.752
search,lower,3,forward,39.1967,1257.856,1014,startup,1415.851,1142,1414.331,-5.053,0,0,1783746260.558794022,-0.253973,-1.083733,1.043561,-0.004301,,,0.002808,0.000000,0.000000,0.641,1.752
search,lower,3,forward,39.2182,1257.856,1014,startup,1415.851,1142,1414.331,-5.053,0,0,1783746260.558794022,-0.253973,-1.083733,1.043561,-0.004301,,,0.002808,0.000000,0.000000,0.637,1.740
search,lower,3,forward,39.2386,1257.856,1014,startup,1414.611,1141,1414.331,-5.053,1,3,1783746260.659213305,-0.254043,-1.083699,1.042412,-0.003240,-0.0000058,-0.0011488,0.002813,0.000000,0.000000,0.637,1.740
search,lower,3,forward,39.2524,1257.856,1014,startup,1414.611,1141,1414.331,-5.053,0,0,1783746260.659213305,-0.254043,-1.083699,1.042412,-0.003240,,,0.002813,0.000000,0.000000,0.637,1.740
search,lower,3,forward,39.2740,1257.856,1014,startup,1414.611,1141,1414.331,-5.053,0,0,1783746260.659213305,-0.254043,-1.083699,1.042412,-0.003240,,,0.002813,0.000000,0.000000,0.637,1.740
search,lower,3,forward,39.2956,1257.856,1014,startup,1414.611,1141,1414.331,-5.053,0,0,1783746260.659213305,-0.254043,-1.083699,1.042412,-0.003240,,,0.002813,0.000000,0.000000,0.637,1.740
search,lower,3,forward,39.3172,1257.856,1014,startup,1414.611,1141,1414.331,-5.053,0,0,1783746260.659213305,-0.254043,-1.083699,1.042412,-0.003240,,,0.002813,0.000000,0.000000,0.647,1.751
search,lower,3,forward,39.3365,1257.856,1014,startup,1413.371,1140,1414.331,-5.053,1,4,1783746260.759319305,-0.248652,-1.075417,1.039760,0.022220,0.0098705,-0.0026525,0.012684,0.000000,0.000000,0.647,1.751
search,lower,3,forward,39.3537,1257.856,1014,startup,1413.371,1140,1414.331,-5.053,0,0,1783746260.759319305,-0.248652,-1.075417,1.039760,0.022220,,,0.012684,0.000000,0.000000,0.647,1.751
search,lower,3,forward,39.3753,1257.856,1014,startup,1413.371,1140,1414.331,-5.053,0,0,1783746260.759319305,-0.248652,-1.075417,1.039760,0.022220,,,0.012684,0.000000,0.000000,0.647,1.751
search,lower,3,forward,39.3968,1257.856,1014,startup,1413.371,1140,1414.331,-5.053,0,0,1783746260.759319305,-0.248652,-1.075417,1.039760,0.022220,,,0.012684,0.000000,0.000000,0.647,1.751
search,lower,3,forward,39.4184,1257.856,1014,startup,1413.371,1140,1414.331,-5.053,0,0,1783746260.759319305,-0.248652,-1.075417,1.039760,0.022220,,,0.012684,0.000000,0.000000,0.645,1.717
search,lower,3,forward,39.4370,1257.856,1014,startup,1410.271,1137,1414.331,-5.053,1,5,1783746260.857426167,-0.243793,-1.067048,1.036437,0.041325,0.0096772,-0.0033231,0.022361,0.000000,0.000000,0.645,1.717
search,lower,3,forward,39.4526,1257.856,1014,startup,1410.271,1137,1414.331,-5.053,0,0,1783746260.857426167,-0.243793,-1.067048,1.036437,0.041325,,,0.022361,0.000000,0.000000,0.645,1.717
search,lower,3,forward,39.4742,1257.856,1014,startup,1410.271,1137,1414.331,-5.053,0,0,1783746260.857426167,-0.243793,-1.067048,1.036437,0.041325,,,0.022361,0.000000,0.000000,0.645,1.717
search,lower,3,forward,39.4958,1257.856,1014,startup,1410.271,1137,1414.331,-5.053,0,0,1783746260.857426167,-0.243793,-1.067048,1.036437,0.041325,,,0.022361,0.000000,0.000000,0.645,1.717
search,lower,3,forward,39.5173,1257.856,1014,startup,1410.271,1137,1414.331,-5.053,0,0,1783746260.857426167,-0.243793,-1.067048,1.036437,0.041325,,,0.022361,0.000000,0.000000,0.651,1.709
search,lower,3,forward,39.5344,1257.856,1014,rolling,1414.331,1141,1414.331,-5.053,1,6,1783746260.957935572,-0.236475,-1.053064,1.030693,0.070191,0.0157590,-0.0057432,0.038120,0.000000,0.000000,0.651,1.709
search,lower,3,forward,39.5548,1257.856,1014,rolling,1414.331,1141,1414.331,-5.053,0,0,1783746260.957935572,-0.236475,-1.053064,1.030693,0.070191,,,0.038120,0.000000,0.000000,0.651,1.709
search,lower,3,forward,39.5765,1257.856,1014,rolling,1414.331,1141,1414.331,-5.053,0,0,1783746260.957935572,-0.236475,-1.053064,1.030693,0.070191,,,0.038120,0.000000,0.000000,0.651,1.709
search,lower,3,forward,39.5983,1257.856,1014,rolling,1414.331,1141,1414.331,-5.053,0,0,1783746260.957935572,-0.236475,-1.053064,1.030693,0.070191,,,0.038120,0.000000,0.000000,0.651,1.709
search,lower,3,forward,39.6201,1257.856,1014,rolling,1414.331,1141,1414.331,-5.053,0,0,1783746260.957935572,-0.236475,-1.053064,1.030693,0.070191,,,0.038120,0.000000,0.000000,0.662,1.695
search,lower,3,forward,39.6347,1257.856,1014,rolling,1414.331,1141,1414.331,-5.053,0,0,1783746260.957935572,-0.236475,-1.053064,1.030693,0.070191,,,0.038120,0.000000,0.000000,0.662,1.695
search,lower,3,forward,39.6566,1257.856,1014,rolling,1412.123,1139,1414.049,-5.334,1,7,1783746261.055330038,-0.226465,-1.035881,1.018833,0.103679,0.0198825,-0.0118607,0.058003,0.019882,-0.011861,0.662,1.695
search,lower,3,forward,39.6631,1257.856,1014,rolling,1412.123,1139,1414.049,-5.334,0,0,1783746261.055330038,-0.226465,-1.035881,1.018833,0.103679,,,0.058003,0.019882,-0.011861,0.662,1.695
search,lower,3,forward,39.6848,1257.856,1014,rolling,1412.123,1139,1414.049,-5.334,0,0,1783746261.055330038,-0.226465,-1.035881,1.018833,0.103679,,,0.058003,0.019882,-0.011861,0.662,1.695
search,lower,3,forward,39.7064,1257.856,1014,rolling,1412.123,1139,1414.049,-5.334,0,0,1783746261.055330038,-0.226465,-1.035881,1.018833,0.103679,,,0.058003,0.019882,-0.011861,0.662,1.695
search,lower,3,forward,39.7279,1257.856,1014,rolling,1412.123,1139,1414.049,-5.334,0,0,1783746261.055330038,-0.226465,-1.035881,1.018833,0.103679,,,0.058003,0.019882,-0.011861,0.680,2.175
search,lower,3,forward,39.7360,1257.856,1014,rolling,1412.640,1139,1413.865,-5.519,1,8,1783746261.155753613,-0.213454,-1.015119,1.006164,0.138756,0.0245020,-0.0126693,0.082505,0.044384,-0.024530,0.680,2.175
search,lower,3,forward,39.7541,1257.856,1014,rolling,1412.640,1139,1413.865,-5.519,0,0,1783746261.155753613,-0.213454,-1.015119,1.006164,0.138756,,,0.082505,0.044384,-0.024530,0.680,2.175
search,lower,3,forward,39.7762,1257.856,1014,rolling,1412.640,1139,1413.865,-5.519,0,0,1783746261.155753613,-0.213454,-1.015119,1.006164,0.138756,,,0.082505,0.044384,-0.024530,0.680,2.175
search,lower,3,forward,39.7980,1257.856,1014,rolling,1412.640,1139,1413.865,-5.519,0,0,1783746261.155753613,-0.213454,-1.015119,1.006164,0.138756,,,0.082505,0.044384,-0.024530,0.680,2.175
search,lower,3,forward,39.8196,1257.856,1014,rolling,1412.640,1139,1413.865,-5.519,0,0,1783746261.155753613,-0.213454,-1.015119,1.006164,0.138756,,,0.082505,0.044384,-0.024530,0.697,1.655
search,lower,3,forward,39.8331,1257.856,1014,rolling,1412.640,1139,1413.865,-5.519,0,0,1783746261.155753613,-0.213454,-1.015119,1.006164,0.138756,,,0.082505,0.044384,-0.024530,0.697,1.655
search,lower,3,forward,39.8551,1257.856,1014,rolling,1412.984,1140,1413.749,-5.634,1,9,1783746261.256468296,-0.202999,-0.994228,0.996699,0.161734,0.0232316,-0.0094647,0.105736,0.067616,-0.033995,0.697,1.655
search,lower,3,forward,39.8580,1257.856,1014,rolling,1412.984,1140,1413.749,-5.634,0,0,1783746261.256468296,-0.202999,-0.994228,0.996699,0.161734,,,0.105736,0.067616,-0.033995,0.697,1.655
search,lower,3,forward,39.8796,1257.856,1014,rolling,1412.984,1140,1413.749,-5.634,0,0,1783746261.256468296,-0.202999,-0.994228,0.996699,0.161734,,,0.105736,0.067616,-0.033995,0.697,1.655
search,lower,3,forward,39.9012,1257.856,1014,rolling,1412.984,1140,1413.749,-5.634,0,0,1783746261.256468296,-0.202999,-0.994228,0.996699,0.161734,,,0.105736,0.067616,-0.033995,0.697,1.655
search,lower,3,forward,39.9227,1257.856,1014,rolling,1412.984,1140,1413.749,-5.634,0,0,1783746261.256468296,-0.202999,-0.994228,0.996699,0.161734,,,0.105736,0.067616,-0.033995,0.719,1.638
search,lower,3,forward,39.9341,1257.856,1014,rolling,1413.272,1140,1413.688,-5.695,1,10,1783746261.353921890,-0.190370,-0.975526,0.983385,0.179188,0.0225652,-0.0133135,0.128301,0.090181,-0.047308,0.719,1.638
search,lower,3,forward,39.9550,1257.856,1014,rolling,1413.272,1140,1413.688,-5.695,0,0,1783746261.353921890,-0.190370,-0.975526,0.983385,0.179188,,,0.128301,0.090181,-0.047308,0.719,1.638
search,lower,3,forward,39.9766,1257.856,1014,rolling,1413.272,1140,1413.688,-5.695,0,0,1783746261.353921890,-0.190370,-0.975526,0.983385,0.179188,,,0.128301,0.090181,-0.047308,0.719,1.638
search,lower,3,forward,39.9981,1257.856,1014,rolling,1413.272,1140,1413.688,-5.695,0,0,1783746261.353921890,-0.190370,-0.975526,0.983385,0.179188,,,0.128301,0.090181,-0.047308,0.719,1.638
search,lower,3,forward,40.0196,1257.856,1014,rolling,1413.272,1140,1413.688,-5.695,0,0,1783746261.353921890,-0.190370,-0.975526,0.983385,0.179188,,,0.128301,0.090181,-0.047308,0.738,1.658
search,lower,3,forward,40.0344,1257.856,1014,rolling,1413.351,1140,1413.644,-5.740,1,11,1783746261.454733133,-0.180080,-0.957673,0.968819,0.185359,0.0205526,-0.0145662,0.148854,0.110734,-0.061874,0.738,1.658
search,lower,3,forward,40.0468,1257.856,1014,rolling,1413.351,1140,1413.644,-5.740,0,0,1783746261.454733133,-0.180080,-0.957673,0.968819,0.185359,,,0.148854,0.110734,-0.061874,0.738,1.658
search,lower,3,forward,40.0684,1257.856,1014,rolling,1413.351,1140,1413.644,-5.740,0,0,1783746261.454733133,-0.180080,-0.957673,0.968819,0.185359,,,0.148854,0.110734,-0.061874,0.738,1.658
search,lower,3,forward,40.0900,1257.856,1014,rolling,1413.351,1140,1413.644,-5.740,0,0,1783746261.454733133,-0.180080,-0.957673,0.968819,0.185359,,,0.148854,0.110734,-0.061874,0.738,1.658
search,lower,3,forward,40.1115,1257.856,1014,rolling,1413.351,1140,1413.644,-5.740,0,0,1783746261.454733133,-0.180080,-0.957673,0.968819,0.185359,,,0.148854,0.110734,-0.061874,0.738,1.658
search,lower,3,forward,40.1331,1257.856,1014,rolling,1413.351,1140,1413.644,-5.740,0,0,1783746261.454733133,-0.180080,-0.957673,0.968819,0.185359,,,0.148854,0.110734,-0.061874,0.761,2.140
search,lower,3,forward,40.1356,1257.856,1014,rolling,1413.853,1140,1413.672,-5.712,1,12,1783746261.555281639,-0.166413,-0.932851,0.951317,0.209066,0.0281725,-0.0175023,0.177026,0.138906,-0.079377,0.761,2.140
search,lower,3,forward,40.1559,1257.856,1014,rolling,1413.853,1140,1413.672,-5.712,0,0,1783746261.555281639,-0.166413,-0.932851,0.951317,0.209066,,,0.177026,0.138906,-0.079377,0.761,2.140
search,lower,3,forward,40.1775,1257.856,1014,rolling,1413.853,1140,1413.672,-5.712,0,0,1783746261.555281639,-0.166413,-0.932851,0.951317,0.209066,,,0.177026,0.138906,-0.079377,0.761,2.140
search,lower,3,forward,40.1992,1257.856,1014,rolling,1413.853,1140,1413.672,-5.712,0,0,1783746261.555281639,-0.166413,-0.932851,0.951317,0.209066,,,0.177026,0.138906,-0.079377,0.761,2.140
search,lower,3,forward,40.2208,1257.856,1014,rolling,1413.853,1140,1413.672,-5.712,0,0,1783746261.555281639,-0.166413,-0.932851,0.951317,0.209066,,,0.177026,0.138906,-0.079377,0.780,2.115
search,lower,3,forward,40.2323,1257.856,1014,rolling,1414.271,1141,1413.750,-5.634,1,13,1783746261.655510902,-0.148151,-0.911786,0.935207,0.226077,0.0277744,-0.0161095,0.204801,0.166681,-0.095486,0.780,2.115
search,lower,3,forward,40.2445,1257.856,1014,rolling,1414.271,1141,1413.750,-5.634,0,0,1783746261.655510902,-0.148151,-0.911786,0.935207,0.226077,,,0.204801,0.166681,-0.095486,0.780,2.115
search,lower,3,forward,40.2664,1257.856,1014,rolling,1414.271,1141,1413.750,-5.634,0,0,1783746261.655510902,-0.148151,-0.911786,0.935207,0.226077,,,0.204801,0.166681,-0.095486,0.780,2.115
search,lower,3,forward,40.2880,1257.856,1014,rolling,1414.271,1141,1413.750,-5.634,0,0,1783746261.655510902,-0.148151,-0.911786,0.935207,0.226077,,,0.204801,0.166681,-0.095486,0.780,2.115
search,lower,3,forward,40.3095,1257.856,1014,rolling,1414.271,1141,1413.750,-5.634,0,0,1783746261.655510902,-0.148151,-0.911786,0.935207,0.226077,,,0.204801,0.166681,-0.095486,0.780,2.115
search,lower,3,forward,40.3311,1257.856,1014,rolling,1414.271,1141,1413.750,-5.634,0,0,1783746261.655510902,-0.148151,-0.911786,0.935207,0.226077,,,0.204801,0.166681,-0.095486,0.800,2.091
search,lower,3,forward,40.3335,1257.856,1014,rolling,1414.393,1141,1413.832,-5.552,1,14,1783746261.753308773,-0.135239,-0.892870,0.920054,0.228046,0.0228803,-0.0151529,0.227681,0.189561,-0.110639,0.800,2.091
search,lower,3,forward,40.3496,1257.856,1014,rolling,1414.393,1141,1413.832,-5.552,0,0,1783746261.753308773,-0.135239,-0.892870,0.920054,0.228046,,,0.227681,0.189561,-0.110639,0.800,2.091
search,lower,3,forward,40.3712,1257.856,1014,rolling,1414.393,1141,1413.832,-5.552,0,0,1783746261.753308773,-0.135239,-0.892870,0.920054,0.228046,,,0.227681,0.189561,-0.110639,0.800,2.091
search,lower,3,forward,40.3928,1257.856,1014,rolling,1414.393,1141,1413.832,-5.552,0,0,1783746261.753308773,-0.135239,-0.892870,0.920054,0.228046,,,0.227681,0.189561,-0.110639,0.800,2.091
search,lower,3,forward,40.4144,1257.856,1014,rolling,1414.393,1141,1413.832,-5.552,0,0,1783746261.753308773,-0.135239,-0.892870,0.920054,0.228046,,,0.227681,0.189561,-0.110639,0.822,2.067
search,lower,3,forward,40.4356,1257.856,1014,rolling,1414.559,1141,1413.928,-5.456,1,15,1783746261.853923559,-0.121504,-0.872691,0.903425,0.231572,0.0243639,-0.0166295,0.252045,0.213925,-0.127269,0.822,2.067
search,lower,3,forward,40.4545,1257.856,1014,rolling,1414.559,1141,1413.928,-5.456,0,0,1783746261.853923559,-0.121504,-0.872691,0.903425,0.231572,,,0.252045,0.213925,-0.127269,0.822,2.067
search,lower,3,forward,40.4764,1257.856,1014,rolling,1414.559,1141,1413.928,-5.456,0,0,1783746261.853923559,-0.121504,-0.872691,0.903425,0.231572,,,0.252045,0.213925,-0.127269,0.822,2.067
search,lower,3,forward,40.4979,1257.856,1014,rolling,1414.559,1141,1413.928,-5.456,0,0,1783746261.853923559,-0.121504,-0.872691,0.903425,0.231572,,,0.252045,0.213925,-0.127269,0.822,2.067
search,lower,3,forward,40.5197,1257.856,1014,rolling,1414.559,1141,1413.928,-5.456,0,0,1783746261.853923559,-0.121504,-0.872691,0.903425,0.231572,,,0.252045,0.213925,-0.127269,0.840,2.046
search,lower,3,forward,40.5335,1257.856,1014,rolling,1414.615,1141,1414.019,-5.365,1,16,1783746261.955686092,-0.108666,-0.853691,0.887667,0.229827,0.0228551,-0.0157581,0.274900,0.236780,-0.143027,0.840,2.046
search,lower,3,forward,40.5502,1257.856,1014,rolling,1414.615,1141,1414.019,-5.365,0,0,1783746261.955686092,-0.108666,-0.853691,0.887667,0.229827,,,0.274900,0.236780,-0.143027,0.840,2.046
search,lower,3,forward,40.5719,1257.856,1014,rolling,1414.615,1141,1414.019,-5.365,0,0,1783746261.955686092,-0.108666,-0.853691,0.887667,0.229827,,,0.274900,0.236780,-0.143027,0.840,2.046
search,lower,3,forward,40.5935,1257.856,1014,rolling,1414.615,1141,1414.019,-5.365,0,0,1783746261.955686092,-0.108666,-0.853691,0.887667,0.229827,,,0.274900,0.236780,-0.143027,0.840,2.046
search,lower,3,forward,40.6152,1257.856,1014,rolling,1414.615,1141,1414.019,-5.365,0,0,1783746261.955686092,-0.108666,-0.853691,0.887667,0.229827,,,0.274900,0.236780,-0.143027,0.862,2.020
search,lower,3,forward,40.6344,1257.856,1014,rolling,1414.779,1141,1414.117,-5.267,1,17,1783746262.054466486,-0.094119,-0.834580,0.872989,0.233109,0.0239989,-0.0146782,0.298899,0.260779,-0.157705,0.862,2.020
search,lower,3,forward,40.6502,1257.856,1014,rolling,1414.779,1141,1414.117,-5.267,0,0,1783746262.054466486,-0.094119,-0.834580,0.872989,0.233109,,,0.298899,0.260779,-0.157705,0.862,2.020
search,lower,3,forward,40.6721,1257.856,1014,rolling,1414.779,1141,1414.117,-5.267,0,0,1783746262.054466486,-0.094119,-0.834580,0.872989,0.233109,,,0.298899,0.260779,-0.157705,0.862,2.020
search,lower,3,forward,40.6938,1257.856,1014,rolling,1414.779,1141,1414.117,-5.267,0,0,1783746262.054466486,-0.094119,-0.834580,0.872989,0.233109,,,0.298899,0.260779,-0.157705,0.862,2.020
search,lower,3,forward,40.7154,1257.856,1014,rolling,1414.779,1141,1414.117,-5.267,0,0,1783746262.054466486,-0.094119,-0.834580,0.872989,0.233109,,,0.298899,0.260779,-0.157705,0.880,2.000
search,lower,3,forward,40.7347,1257.856,1014,rolling,1414.993,1141,1414.232,-5.152,1,18,1783746262.155165195,-0.079589,-0.813493,0.861065,0.238087,0.0254789,-0.0119237,0.324378,0.286258,-0.169629,0.880,2.000
search,lower,3,forward,40.7528,1257.856,1014,rolling,1414.993,1141,1414.232,-5.152,0,0,1783746262.155165195,-0.079589,-0.813493,0.861065,0.238087,,,0.324378,0.286258,-0.169629,0.880,2.000
search,lower,3,forward,40.7744,1257.856,1014,rolling,1414.993,1141,1414.232,-5.152,0,0,1783746262.155165195,-0.079589,-0.813493,0.861065,0.238087,,,0.324378,0.286258,-0.169629,0.880,2.000
search,lower,3,forward,40.7960,1257.856,1014,rolling,1414.993,1141,1414.232,-5.152,0,0,1783746262.155165195,-0.079589,-0.813493,0.861065,0.238087,,,0.324378,0.286258,-0.169629,0.880,2.000
search,lower,3,forward,40.8176,1257.856,1014,rolling,1414.993,1141,1414.232,-5.152,0,0,1783746262.155165195,-0.079589,-0.813493,0.861065,0.238087,,,0.324378,0.286258,-0.169629,0.900,1.976
search,lower,3,forward,40.8348,1257.856,1014,rolling,1414.975,1141,1414.329,-5.055,1,19,1783746262.255354881,-0.064022,-0.798499,0.845149,0.232296,0.0215332,-0.0159155,0.345911,0.307791,-0.185544,0.900,1.976
search,lower,3,forward,40.8516,1257.856,1014,rolling,1414.975,1141,1414.329,-5.055,0,0,1783746262.255354881,-0.064022,-0.798499,0.845149,0.232296,,,0.345911,0.307791,-0.185544,0.900,1.976
search,lower,3,forward,40.8732,1257.856,1014,rolling,1414.975,1141,1414.329,-5.055,0,0,1783746262.255354881,-0.064022,-0.798499,0.845149,0.232296,,,0.345911,0.307791,-0.185544,0.900,1.976
search,lower,3,forward,40.8948,1257.856,1014,rolling,1414.975,1141,1414.329,-5.055,0,0,1783746262.255354881,-0.064022,-0.798499,0.845149,0.232296,,,0.345911,0.307791,-0.185544,0.900,1.976
search,lower,3,forward,40.9163,1257.856,1014,rolling,1414.975,1141,1414.329,-5.055,0,0,1783746262.255354881,-0.064022,-0.798499,0.845149,0.232296,,,0.345911,0.307791,-0.185544,0.919,1.954
search,lower,3,forward,40.9353,1257.856,1014,rolling,1414.902,1141,1414.404,-4.980,1,20,1783746262.355723619,-0.050214,-0.783557,0.830379,0.224894,0.0203435,-0.0147705,0.366255,0.328135,-0.200315,0.919,1.954
search,lower,3,forward,40.9512,1257.856,1014,rolling,1414.902,1141,1414.404,-4.980,0,0,1783746262.355723619,-0.050214,-0.783557,0.830379,0.224894,,,0.366255,0.328135,-0.200315,0.919,1.954
search,lower,3,forward,40.9729,1257.856,1014,rolling,1414.902,1141,1414.404,-4.980,0,0,1783746262.355723619,-0.050214,-0.783557,0.830379,0.224894,,,0.366255,0.328135,-0.200315,0.919,1.954
search,lower,3,forward,40.9947,1257.856,1014,rolling,1414.902,1141,1414.404,-4.980,0,0,1783746262.355723619,-0.050214,-0.783557,0.830379,0.224894,,,0.366255,0.328135,-0.200315,0.919,1.954
search,lower,3,forward,41.0163,1257.856,1014,rolling,1414.902,1141,1414.404,-4.980,0,0,1783746262.355723619,-0.050214,-0.783557,0.830379,0.224894,,,0.366255,0.328135,-0.200315,0.940,1.932
search,lower,3,forward,41.0358,1257.856,1014,rolling,1415.416,1141,1414.536,-4.847,1,21,1783746262.456254005,-0.029449,-0.761503,0.814365,0.243997,0.0302904,-0.0160144,0.396545,0.358425,-0.216329,0.940,1.932
search,lower,3,reverse,42.3992,1257.856,1014,startup,1592.740,1284,1596.740,4.231,0,0,1783746263.753781557,0.000973,-0.733591,0.785899,0.015297,,,0.000000,0.000000,0.000000,0.979,1.901
search,lower,3,reverse,42.4208,1257.856,1014,startup,1592.740,1284,1596.740,4.231,0,0,1783746263.753781557,0.000973,-0.733591,0.785899,0.015297,,,0.000000,0.000000,0.000000,0.978,1.901
search,lower,3,reverse,42.4315,1257.856,1014,startup,1593.980,1285,1596.740,4.231,1,1,1783746263.851656914,-0.000072,-0.733449,0.785345,0.009839,-0.0006396,-0.0005540,0.000640,0.000000,0.000000,0.978,1.901
search,lower,3,reverse,42.4437,1257.856,1014,startup,1593.980,1285,1596.740,4.231,0,0,1783746263.851656914,-0.000072,-0.733449,0.785345,0.009839,,,0.000640,0.000000,0.000000,0.978,1.901
search,lower,3,reverse,42.4654,1257.856,1014,startup,1593.980,1285,1596.740,4.231,0,0,1783746263.851656914,-0.000072,-0.733449,0.785345,0.009839,,,0.000640,0.000000,0.000000,0.978,1.901
search,lower,3,reverse,42.4870,1257.856,1014,startup,1593.980,1285,1596.740,4.231,0,0,1783746263.851656914,-0.000072,-0.733449,0.785345,0.009839,,,0.000640,0.000000,0.000000,0.978,1.901
search,lower,3,reverse,42.5087,1257.856,1014,startup,1593.980,1285,1596.740,4.231,0,0,1783746263.851656914,-0.000072,-0.733449,0.785345,0.009839,,,0.000640,0.000000,0.000000,0.978,1.901
search,lower,3,reverse,42.5306,1257.856,1014,startup,1593.980,1285,1596.740,4.231,0,0,1783746263.851656914,-0.000072,-0.733449,0.785345,0.009839,,,0.000640,0.000000,0.000000,0.979,1.902
search,lower,3,reverse,42.5331,1257.856,1014,startup,1595.220,1286,1596.740,4.231,1,2,1783746263.952224970,-0.001243,-0.732819,0.785953,0.006431,-0.0003816,0.0006078,0.001021,0.000000,0.000000,0.979,1.902
search,lower,3,reverse,42.5482,1257.856,1014,startup,1595.220,1286,1596.740,4.231,0,0,1783746263.952224970,-0.001243,-0.732819,0.785953,0.006431,,,0.001021,0.000000,0.000000,0.979,1.902
search,lower,3,reverse,42.5699,1257.856,1014,startup,1595.220,1286,1596.740,4.231,0,0,1783746263.952224970,-0.001243,-0.732819,0.785953,0.006431,,,0.001021,0.000000,0.000000,0.979,1.902
search,lower,3,reverse,42.5915,1257.856,1014,startup,1595.220,1286,1596.740,4.231,0,0,1783746263.952224970,-0.001243,-0.732819,0.785953,0.006431,,,0.001021,0.000000,0.000000,0.979,1.902
search,lower,3,reverse,42.6131,1257.856,1014,startup,1595.220,1286,1596.740,4.231,0,0,1783746263.952224970,-0.001243,-0.732819,0.785953,0.006431,,,0.001021,0.000000,0.000000,0.975,1.907
search,lower,3,reverse,42.6320,1257.856,1014,startup,1596.460,1287,1596.740,4.231,1,3,1783746264.052346945,-0.002350,-0.735351,0.787524,-0.001605,-0.0025742,0.0015712,0.003595,0.000000,0.000000,0.975,1.907
search,lower,3,reverse,42.6451,1257.856,1014,startup,1596.460,1287,1596.740,4.231,0,0,1783746264.052346945,-0.002350,-0.735351,0.787524,-0.001605,,,0.003595,0.000000,0.000000,0.975,1.907
search,lower,3,reverse,42.6667,1257.856,1014,startup,1596.460,1287,1596.740,4.231,0,0,1783746264.052346945,-0.002350,-0.735351,0.787524,-0.001605,,,0.003595,0.000000,0.000000,0.975,1.907
search,lower,3,reverse,42.6883,1257.856,1014,startup,1596.460,1287,1596.740,4.231,0,0,1783746264.052346945,-0.002350,-0.735351,0.787524,-0.001605,,,0.003595,0.000000,0.000000,0.975,1.907
search,lower,3,reverse,42.7099,1257.856,1014,startup,1596.460,1287,1596.740,4.231,0,0,1783746264.052346945,-0.002350,-0.735351,0.787524,-0.001605,,,0.003595,0.000000,0.000000,0.967,1.918
search,lower,3,reverse,42.7323,1257.856,1014,startup,1597.700,1288,1596.740,4.231,1,4,1783746264.152904510,-0.001695,-0.737460,0.789308,-0.003775,-0.0010343,0.0017836,0.004630,0.000000,0.000000,0.967,1.918
search,lower,3,reverse,42.7451,1257.856,1014,startup,1597.700,1288,1596.740,4.231,0,0,1783746264.152904510,-0.001695,-0.737460,0.789308,-0.003775,,,0.004630,0.000000,0.000000,0.967,1.918
search,lower,3,reverse,42.7667,1257.856,1014,startup,1597.700,1288,1596.740,4.231,0,0,1783746264.152904510,-0.001695,-0.737460,0.789308,-0.003775,,,0.004630,0.000000,0.000000,0.967,1.918
search,lower,3,reverse,42.7882,1257.856,1014,startup,1597.700,1288,1596.740,4.231,0,0,1783746264.152904510,-0.001695,-0.737460,0.789308,-0.003775,,,0.004630,0.000000,0.000000,0.967,1.918
search,lower,3,reverse,42.8098,1257.856,1014,startup,1597.700,1288,1596.740,4.231,0,0,1783746264.152904510,-0.001695,-0.737460,0.789308,-0.003775,,,0.004630,0.000000,0.000000,0.967,1.918
search,lower,3,reverse,42.8314,1257.856,1014,startup,1597.700,1288,1596.740,4.231,0,0,1783746264.152904510,-0.001695,-0.737460,0.789308,-0.003775,,,0.004630,0.000000,0.000000,0.957,1.931
search,lower,3,reverse,42.8339,1257.856,1014,startup,1597.700,1288,1596.740,4.231,0,0,1783746264.152904510,-0.001695,-0.737460,0.789308,-0.003775,,,0.004630,0.000000,0.000000,0.957,1.931
search,lower,3,reverse,42.8557,1257.856,1014,startup,1600.800,1291,1596.740,4.231,1,5,1783746264.253149033,-0.011790,-0.745542,0.799776,-0.034853,-0.0128400,0.0104688,0.017470,0.000000,0.000000,0.957,1.931
search,lower,3,reverse,42.8648,1257.856,1014,startup,1600.800,1291,1596.740,4.231,0,0,1783746264.253149033,-0.011790,-0.745542,0.799776,-0.034853,,,0.017470,0.000000,0.000000,0.957,1.931
search,lower,3,reverse,42.8865,1257.856,1014,startup,1600.800,1291,1596.740,4.231,0,0,1783746264.253149033,-0.011790,-0.745542,0.799776,-0.034853,,,0.017470,0.000000,0.000000,0.957,1.931
search,lower,3,reverse,42.9081,1257.856,1014,startup,1600.800,1291,1596.740,4.231,0,0,1783746264.253149033,-0.011790,-0.745542,0.799776,-0.034853,,,0.017470,0.000000,0.000000,0.957,1.931
search,lower,3,reverse,42.9296,1257.856,1014,startup,1600.800,1291,1596.740,4.231,0,0,1783746264.253149033,-0.011790,-0.745542,0.799776,-0.034853,,,0.017470,0.000000,0.000000,0.945,1.947
search,lower,3,reverse,42.9331,1257.856,1014,rolling,1596.740,1288,1596.740,4.231,1,6,1783746264.353333235,-0.024487,-0.755552,0.808204,-0.066110,-0.0160178,0.0084273,0.033487,0.000000,0.000000,0.945,1.947
search,lower,3,reverse,42.9467,1257.856,1014,rolling,1596.740,1288,1596.740,4.231,0,0,1783746264.353333235,-0.024487,-0.755552,0.808204,-0.066110,,,0.033487,0.000000,0.000000,0.945,1.947
search,lower,3,reverse,42.9685,1257.856,1014,rolling,1596.740,1288,1596.740,4.231,0,0,1783746264.353333235,-0.024487,-0.755552,0.808204,-0.066110,,,0.033487,0.000000,0.000000,0.945,1.947
search,lower,3,reverse,42.9901,1257.856,1014,rolling,1596.740,1288,1596.740,4.231,0,0,1783746264.353333235,-0.024487,-0.755552,0.808204,-0.066110,,,0.033487,0.000000,0.000000,0.945,1.947
search,lower,3,reverse,43.0116,1257.856,1014,rolling,1596.740,1288,1596.740,4.231,0,0,1783746264.353333235,-0.024487,-0.755552,0.808204,-0.066110,,,0.033487,0.000000,0.000000,0.928,1.970
search,lower,3,reverse,43.0332,1257.856,1014,rolling,1598.521,1289,1597.039,4.530,1,7,1783746264.454001665,-0.037066,-0.772263,0.819577,-0.101202,-0.0207857,0.0113731,0.054273,-0.020786,0.011373,0.928,1.970
search,lower,3,reverse,43.0486,1257.856,1014,rolling,1598.521,1289,1597.039,4.530,0,0,1783746264.454001665,-0.037066,-0.772263,0.819577,-0.101202,,,0.054273,-0.020786,0.011373,0.928,1.970
search,lower,3,reverse,43.0702,1257.856,1014,rolling,1598.521,1289,1597.039,4.530,0,0,1783746264.454001665,-0.037066,-0.772263,0.819577,-0.101202,,,0.054273,-0.020786,0.011373,0.928,1.970
search,lower,3,reverse,43.0917,1257.856,1014,rolling,1598.521,1289,1597.039,4.530,0,0,1783746264.454001665,-0.037066,-0.772263,0.819577,-0.101202,,,0.054273,-0.020786,0.011373,0.928,1.970
search,lower,3,reverse,43.1132,1257.856,1014,rolling,1598.521,1289,1597.039,4.530,0,0,1783746264.454001665,-0.037066,-0.772263,0.819577,-0.101202,,,0.054273,-0.020786,0.011373,0.907,1.994
search,lower,3,reverse,43.1314,1257.856,1014,rolling,1597.824,1289,1597.170,4.661,1,8,1783746264.554115057,-0.057309,-0.797436,0.834857,-0.156390,-0.0322317,0.0152799,0.086505,-0.053017,0.026653,0.907,1.994
search,lower,3,reverse,43.1475,1257.856,1014,rolling,1597.824,1289,1597.170,4.661,0,0,1783746264.554115057,-0.057309,-0.797436,0.834857,-0.156390,,,0.086505,-0.053017,0.026653,0.907,1.994
search,lower,3,reverse,43.1691,1257.856,1014,rolling,1597.824,1289,1597.170,4.661,0,0,1783746264.554115057,-0.057309,-0.797436,0.834857,-0.156390,,,0.086505,-0.053017,0.026653,0.907,1.994
search,lower,3,reverse,43.1908,1257.856,1014,rolling,1597.824,1289,1597.170,4.661,0,0,1783746264.554115057,-0.057309,-0.797436,0.834857,-0.156390,,,0.086505,-0.053017,0.026653,0.907,1.994
search,lower,3,reverse,43.2124,1257.856,1014,rolling,1597.824,1289,1597.170,4.661,0,0,1783746264.554115057,-0.057309,-0.797436,0.834857,-0.156390,,,0.086505,-0.053017,0.026653,0.886,2.016
search,lower,3,reverse,43.2317,1257.856,1014,rolling,1597.824,1289,1597.170,4.661,0,0,1783746264.554115057,-0.057309,-0.797436,0.834857,-0.156390,,,0.086505,-0.053017,0.026653,0.886,2.016
search,lower,3,reverse,43.2538,1257.856,1014,rolling,1597.691,1288,1597.255,4.746,1,9,1783746264.652288198,-0.073991,-0.810781,0.851921,-0.170923,-0.0210603,0.0170640,0.107565,-0.074078,0.043717,0.886,2.016
search,lower,3,reverse,43.2564,1257.856,1014,rolling,1597.691,1288,1597.255,4.746,0,0,1783746264.652288198,-0.073991,-0.810781,0.851921,-0.170923,,,0.107565,-0.074078,0.043717,0.886,2.016
search,lower,3,reverse,43.2781,1257.856,1014,rolling,1597.691,1288,1597.255,4.746,0,0,1783746264.652288198,-0.073991,-0.810781,0.851921,-0.170923,,,0.107565,-0.074078,0.043717,0.886,2.016
search,lower,3,reverse,43.2998,1257.856,1014,rolling,1597.691,1288,1597.255,4.746,0,0,1783746264.652288198,-0.073991,-0.810781,0.851921,-0.170923,,,0.107565,-0.074078,0.043717,0.886,2.016
search,lower,3,reverse,43.3214,1257.856,1014,rolling,1597.691,1288,1597.255,4.746,0,0,1783746264.652288198,-0.073991,-0.810781,0.851921,-0.170923,,,0.107565,-0.074078,0.043717,0.868,2.039
search,lower,3,reverse,43.3322,1257.856,1014,rolling,1597.322,1288,1597.266,4.758,1,10,1783746264.752665997,-0.092340,-0.831056,0.868348,-0.196275,-0.0273359,0.0164275,0.134901,-0.101414,0.060144,0.868,2.039
search,lower,3,reverse,43.3496,1257.856,1014,rolling,1597.322,1288,1597.266,4.758,0,0,1783746264.752665997,-0.092340,-0.831056,0.868348,-0.196275,,,0.134901,-0.101414,0.060144,0.868,2.039
search,lower,3,reverse,43.3712,1257.856,1014,rolling,1597.322,1288,1597.266,4.758,0,0,1783746264.752665997,-0.092340,-0.831056,0.868348,-0.196275,,,0.134901,-0.101414,0.060144,0.868,2.039
search,lower,3,reverse,43.3928,1257.856,1014,rolling,1597.322,1288,1597.266,4.758,0,0,1783746264.752665997,-0.092340,-0.831056,0.868348,-0.196275,,,0.134901,-0.101414,0.060144,0.868,2.039
search,lower,3,reverse,43.4144,1257.856,1014,rolling,1597.322,1288,1597.266,4.758,0,0,1783746264.752665997,-0.092340,-0.831056,0.868348,-0.196275,,,0.134901,-0.101414,0.060144,0.846,2.060
search,lower,3,reverse,43.4329,1257.856,1014,rolling,1597.053,1288,1597.231,4.722,1,11,1783746264.853135347,-0.107780,-0.852003,0.885138,-0.211848,-0.0259782,0.0167895,0.160879,-0.127392,0.076934,0.846,2.060
search,lower,3,reverse,43.4414,1257.856,1014,rolling,1597.053,1288,1597.231,4.722,0,0,1783746264.853135347,-0.107780,-0.852003,0.885138,-0.211848,,,0.160879,-0.127392,0.076934,0.846,2.060
search,lower,3,reverse,43.4632,1257.856,1014,rolling,1597.053,1288,1597.231,4.722,0,0,1783746264.853135347,-0.107780,-0.852003,0.885138,-0.211848,,,0.160879,-0.127392,0.076934,0.846,2.060
search,lower,3,reverse,43.4848,1257.856,1014,rolling,1597.053,1288,1597.231,4.722,0,0,1783746264.853135347,-0.107780,-0.852003,0.885138,-0.211848,,,0.160879,-0.127392,0.076934,0.846,2.060
search,lower,3,reverse,43.5065,1257.856,1014,rolling,1597.053,1288,1597.231,4.722,0,0,1783746264.853135347,-0.107780,-0.852003,0.885138,-0.211848,,,0.160879,-0.127392,0.076934,0.846,2.060
search,lower,3,reverse,43.5281,1257.856,1014,rolling,1597.053,1288,1597.231,4.722,0,0,1783746264.853135347,-0.107780,-0.852003,0.885138,-0.211848,,,0.160879,-0.127392,0.076934,0.830,2.079
search,lower,3,reverse,43.5326,1257.856,1014,rolling,1597.053,1288,1597.231,4.722,0,0,1783746264.853135347,-0.107780,-0.852003,0.885138,-0.211848,,,0.160879,-0.127392,0.076934,0.830,2.079
search,lower,3,reverse,43.5548,1257.856,1014,rolling,1597.177,1288,1597.222,4.713,1,12,1783746264.953536510,-0.119096,-0.865626,0.896832,-0.202979,-0.0177082,0.0116940,0.178587,-0.145100,0.088628,0.830,2.079
search,lower,3,reverse,43.5566,1257.856,1014,rolling,1597.177,1288,1597.222,4.713,0,0,1783746264.953536510,-0.119096,-0.865626,0.896832,-0.202979,,,0.178587,-0.145100,0.088628,0.830,2.079
search,lower,3,reverse,43.5782,1257.856,1014,rolling,1597.177,1288,1597.222,4.713,0,0,1783746264.953536510,-0.119096,-0.865626,0.896832,-0.202979,,,0.178587,-0.145100,0.088628,0.830,2.079
search,lower,3,reverse,43.5997,1257.856,1014,rolling,1597.177,1288,1597.222,4.713,0,0,1783746264.953536510,-0.119096,-0.865626,0.896832,-0.202979,,,0.178587,-0.145100,0.088628,0.830,2.079
search,lower,3,reverse,43.6213,1257.856,1014,rolling,1597.177,1288,1597.222,4.713,0,0,1783746264.953536510,-0.119096,-0.865626,0.896832,-0.202979,,,0.178587,-0.145100,0.088628,0.813,2.099
search,lower,3,reverse,43.6334,1257.856,1014,rolling,1597.177,1288,1597.222,4.713,0,0,1783746264.953536510,-0.119096,-0.865626,0.896832,-0.202979,,,0.178587,-0.145100,0.088628,0.813,2.099
search,lower,3,reverse,43.6553,1257.856,1014,rolling,1597.043,1288,1597.192,4.683,1,13,1783746265.053535938,-0.131643,-0.885115,0.912595,-0.209925,-0.0230760,0.0157638,0.201663,-0.168176,0.104392,0.813,2.099
search,lower,3,reverse,43.6578,1257.856,1014,rolling,1597.043,1288,1597.192,4.683,0,0,1783746265.053535938,-0.131643,-0.885115,0.912595,-0.209925,,,0.201663,-0.168176,0.104392,0.813,2.099
search,lower,3,reverse,43.6795,1257.856,1014,rolling,1597.043,1288,1597.192,4.683,0,0,1783746265.053535938,-0.131643,-0.885115,0.912595,-0.209925,,,0.201663,-0.168176,0.104392,0.813,2.099
search,lower,3,reverse,43.7011,1257.856,1014,rolling,1597.043,1288,1597.192,4.683,0,0,1783746265.053535938,-0.131643,-0.885115,0.912595,-0.209925,,,0.201663,-0.168176,0.104392,0.813,2.099
search,lower,3,reverse,43.7226,1257.856,1014,rolling,1597.043,1288,1597.192,4.683,0,0,1783746265.053535938,-0.131643,-0.885115,0.912595,-0.209925,,,0.201663,-0.168176,0.104392,0.798,2.122
search,lower,3,reverse,43.7337,1257.856,1014,rolling,1597.160,1288,1597.187,4.678,1,14,1783746265.154312134,-0.142452,-0.899359,0.925353,-0.201801,-0.0178808,0.0127571,0.219544,-0.186057,0.117149,0.798,2.122
search,lower,3,reverse,43.7480,1257.856,1014,rolling,1597.160,1288,1597.187,4.678,0,0,1783746265.154312134,-0.142452,-0.899359,0.925353,-0.201801,,,0.219544,-0.186057,0.117149,0.798,2.122
search,lower,3,reverse,43.7697,1257.856,1014,rolling,1597.160,1288,1597.187,4.678,0,0,1783746265.154312134,-0.142452,-0.899359,0.925353,-0.201801,,,0.219544,-0.186057,0.117149,0.798,2.122
search,lower,3,reverse,43.7912,1257.856,1014,rolling,1597.160,1288,1597.187,4.678,0,0,1783746265.154312134,-0.142452,-0.899359,0.925353,-0.201801,,,0.219544,-0.186057,0.117149,0.798,2.122
search,lower,3,reverse,43.8128,1257.856,1014,rolling,1597.160,1288,1597.187,4.678,0,0,1783746265.154312134,-0.142452,-0.899359,0.925353,-0.201801,,,0.219544,-0.186057,0.117149,0.778,2.145
search,lower,3,reverse,43.8315,1257.856,1014,rolling,1597.083,1288,1597.169,4.661,1,15,1783746265.254490376,-0.155084,-0.917120,0.937521,-0.205730,-0.0217903,0.0121681,0.241335,-0.207847,0.129317,0.778,2.145
search,lower,3,reverse,43.8495,1257.856,1014,rolling,1597.083,1288,1597.169,4.661,0,0,1783746265.254490376,-0.155084,-0.917120,0.937521,-0.205730,,,0.241335,-0.207847,0.129317,0.778,2.145
search,lower,3,reverse,43.8711,1257.856,1014,rolling,1597.083,1288,1597.169,4.661,0,0,1783746265.254490376,-0.155084,-0.917120,0.937521,-0.205730,,,0.241335,-0.207847,0.129317,0.778,2.145
search,lower,3,reverse,43.8930,1257.856,1014,rolling,1597.083,1288,1597.169,4.661,0,0,1783746265.254490376,-0.155084,-0.917120,0.937521,-0.205730,,,0.241335,-0.207847,0.129317,0.778,2.145
search,lower,3,reverse,43.9147,1257.856,1014,rolling,1597.083,1288,1597.169,4.661,0,0,1783746265.254490376,-0.155084,-0.917120,0.937521,-0.205730,,,0.241335,-0.207847,0.129317,0.761,1.656
search,lower,3,reverse,43.9331,1257.856,1014,rolling,1597.001,1288,1597.142,4.633,1,16,1783746265.352398872,-0.167883,-0.934479,0.951231,-0.209365,-0.0215661,0.0137102,0.262901,-0.229413,0.143027,0.761,1.656
search,lower,3,reverse,43.9442,1257.856,1014,rolling,1597.001,1288,1597.142,4.633,0,0,1783746265.352398872,-0.167883,-0.934479,0.951231,-0.209365,,,0.262901,-0.229413,0.143027,0.761,1.656
search,lower,3,reverse,43.9661,1257.856,1014,rolling,1597.001,1288,1597.142,4.633,0,0,1783746265.352398872,-0.167883,-0.934479,0.951231,-0.209365,,,0.262901,-0.229413,0.143027,0.761,1.656
search,lower,3,reverse,43.9877,1257.856,1014,rolling,1597.001,1288,1597.142,4.633,0,0,1783746265.352398872,-0.167883,-0.934479,0.951231,-0.209365,,,0.262901,-0.229413,0.143027,0.761,1.656
search,lower,3,reverse,44.0092,1257.856,1014,rolling,1597.001,1288,1597.142,4.633,0,0,1783746265.352398872,-0.167883,-0.934479,0.951231,-0.209365,,,0.262901,-0.229413,0.143027,0.743,1.620
search,lower,3,reverse,44.0300,1257.856,1014,rolling,1596.893,1288,1597.100,4.591,1,17,1783746265.453106642,-0.180661,-0.953452,0.966744,-0.213797,-0.0228701,0.0155130,0.285771,-0.252283,0.158540,0.743,1.620
search,lower,3,reverse,44.0496,1257.856,1014,rolling,1596.893,1288,1597.100,4.591,0,0,1783746265.453106642,-0.180661,-0.953452,0.966744,-0.213797,,,0.285771,-0.252283,0.158540,0.743,1.620
search,lower,3,reverse,44.0713,1257.856,1014,rolling,1596.893,1288,1597.100,4.591,0,0,1783746265.453106642,-0.180661,-0.953452,0.966744,-0.213797,,,0.285771,-0.252283,0.158540,0.743,1.620
search,lower,3,reverse,44.0929,1257.856,1014,rolling,1596.893,1288,1597.100,4.591,0,0,1783746265.453106642,-0.180661,-0.953452,0.966744,-0.213797,,,0.285771,-0.252283,0.158540,0.743,1.620
search,lower,3,reverse,44.1144,1257.856,1014,rolling,1596.893,1288,1597.100,4.591,0,0,1783746265.453106642,-0.180661,-0.953452,0.966744,-0.213797,,,0.285771,-0.252283,0.158540,0.728,1.650
search,lower,3,reverse,44.1304,1257.856,1014,rolling,1596.806,1288,1597.052,4.543,1,18,1783746265.550878286,-0.192165,-0.972126,0.981766,-0.216375,-0.0219115,0.0150224,0.307682,-0.274195,0.173563,0.728,1.650
search,lower,3,reverse,44.1440,1257.856,1014,rolling,1596.806,1288,1597.052,4.543,0,0,1783746265.550878286,-0.192165,-0.972126,0.981766,-0.216375,,,0.307682,-0.274195,0.173563,0.728,1.650
search,lower,3,reverse,44.1656,1257.856,1014,rolling,1596.806,1288,1597.052,4.543,0,0,1783746265.550878286,-0.192165,-0.972126,0.981766,-0.216375,,,0.307682,-0.274195,0.173563,0.728,1.650
search,lower,3,reverse,44.1872,1257.856,1014,rolling,1596.806,1288,1597.052,4.543,0,0,1783746265.550878286,-0.192165,-0.972126,0.981766,-0.216375,,,0.307682,-0.274195,0.173563,0.728,1.650
search,lower,3,reverse,44.2088,1257.856,1014,rolling,1596.806,1288,1597.052,4.543,0,0,1783746265.550878286,-0.192165,-0.972126,0.981766,-0.216375,,,0.307682,-0.274195,0.173563,0.707,1.669
search,lower,3,reverse,44.2307,1257.856,1014,rolling,1596.785,1288,1597.007,4.499,1,19,1783746265.651301861,-0.203299,-0.990061,0.996103,-0.214816,-0.0211029,0.0143365,0.328785,-0.295298,0.187899,0.707,1.669
search,lower,3,reverse,44.2413,1257.856,1014,rolling,1596.785,1288,1597.007,4.499,0,0,1783746265.651301861,-0.203299,-0.990061,0.996103,-0.214816,,,0.328785,-0.295298,0.187899,0.707,1.669
search,lower,3,reverse,44.2629,1257.856,1014,rolling,1596.785,1288,1597.007,4.499,0,0,1783746265.651301861,-0.203299,-0.990061,0.996103,-0.214816,,,0.328785,-0.295298,0.187899,0.707,1.669
search,lower,3,reverse,44.2845,1257.856,1014,rolling,1596.785,1288,1597.007,4.499,0,0,1783746265.651301861,-0.203299,-0.990061,0.996103,-0.214816,,,0.328785,-0.295298,0.187899,0.707,1.669
search,lower,3,reverse,44.3060,1257.856,1014,rolling,1596.785,1288,1597.007,4.499,0,0,1783746265.651301861,-0.203299,-0.990061,0.996103,-0.214816,,,0.328785,-0.295298,0.187899,0.692,1.671
search,lower,3,reverse,44.3280,1257.856,1014,rolling,1596.707,1288,1596.957,4.448,1,20,1783746265.751561165,-0.215657,-1.008625,1.010249,-0.216709,-0.0222964,0.0141459,0.351082,-0.317594,0.202045,0.692,1.671
search,lower,3,reverse,44.3422,1257.856,1014,rolling,1596.707,1288,1596.957,4.448,0,0,1783746265.751561165,-0.215657,-1.008625,1.010249,-0.216709,,,0.351082,-0.317594,0.202045,0.692,1.671
search,lower,3,reverse,44.3639,1257.856,1014,rolling,1596.707,1288,1596.957,4.448,0,0,1783746265.751561165,-0.215657,-1.008625,1.010249,-0.216709,,,0.351082,-0.317594,0.202045,0.692,1.671
search,lower,3,reverse,44.3854,1257.856,1014,rolling,1596.707,1288,1596.957,4.448,0,0,1783746265.751561165,-0.215657,-1.008625,1.010249,-0.216709,,,0.351082,-0.317594,0.202045,0.692,1.671
search,lower,3,reverse,44.4070,1257.856,1014,rolling,1596.707,1288,1596.957,4.448,0,0,1783746265.751561165,-0.215657,-1.008625,1.010249,-0.216709,,,0.351082,-0.317594,0.202045,0.674,2.085
search,lower,3,reverse,44.4287,1257.856,1014,rolling,1596.591,1288,1596.898,4.389,1,21,1783746265.848990917,-0.227617,-1.027757,1.023454,-0.220427,-0.0225628,0.0132055,0.373644,-0.340157,0.215250,0.674,2.085
search,lower,3,reverse,44.4385,1257.856,1014,rolling,1596.591,1288,1596.898,4.389,0,0,1783746265.848990917,-0.227617,-1.027757,1.023454,-0.220427,,,0.373644,-0.340157,0.215250,0.674,2.085
search,lower,3,reverse,44.4601,1257.856,1014,rolling,1596.591,1288,1596.898,4.389,0,0,1783746265.848990917,-0.227617,-1.027757,1.023454,-0.220427,,,0.373644,-0.340157,0.215250,0.674,2.085
search,lower,3,reverse,44.4817,1257.856,1014,rolling,1596.591,1288,1596.898,4.389,0,0,1783746265.848990917,-0.227617,-1.027757,1.023454,-0.220427,,,0.373644,-0.340157,0.215250,0.674,2.085
search,lower,3,reverse,44.5033,1257.856,1014,rolling,1596.591,1288,1596.898,4.389,0,0,1783746265.848990917,-0.227617,-1.027757,1.023454,-0.220427,,,0.373644,-0.340157,0.215250,0.674,2.085
search,lower,3,reverse,44.5248,1257.856,1014,rolling,1596.591,1288,1596.898,4.389,0,0,1783746265.848990917,-0.227617,-1.027757,1.023454,-0.220427,,,0.373644,-0.340157,0.215250,0.656,1.778
search,lower,3,reverse,44.5290,1257.856,1014,rolling,1596.345,1287,1596.805,4.296,1,22,1783746265.949563980,-0.241197,-1.050276,1.040393,-0.230687,-0.0262966,0.0169385,0.399941,-0.366454,0.232189,0.656,1.778
search,lower,4,forward,47.2363,1194.710,963,startup,1418.536,1144,1414.536,-4.847,0,0,1783746268.647474289,-0.269159,-1.097064,1.078066,-0.014500,,,0.000000,0.000000,0.000000,0.633,1.758
search,lower,4,forward,47.2580,1194.710,963,startup,1418.536,1144,1414.536,-4.847,0,0,1783746268.647474289,-0.269159,-1.097064,1.078066,-0.014500,,,0.000000,0.000000,0.000000,0.633,1.758
search,lower,4,forward,47.2795,1194.710,963,startup,1418.536,1144,1414.536,-4.847,0,0,1783746268.647474289,-0.269159,-1.097064,1.078066,-0.014500,,,0.000000,0.000000,0.000000,0.633,1.758
search,lower,4,forward,47.3011,1194.710,963,startup,1418.536,1144,1414.536,-4.847,0,0,1783746268.647474289,-0.269159,-1.097064,1.078066,-0.014500,,,0.000000,0.000000,0.000000,0.633,1.758
search,lower,4,forward,47.3226,1194.710,963,startup,1418.536,1144,1414.536,-4.847,0,0,1783746268.647474289,-0.269159,-1.097064,1.078066,-0.014500,,,0.000000,0.000000,0.000000,0.632,1.762
search,lower,4,forward,47.3274,1194.710,963,startup,1417.296,1143,1414.536,-4.847,1,1,1783746268.747844934,-0.268014,-1.097870,1.077798,-0.011295,-0.0001685,-0.0002680,0.000169,0.000000,0.000000,0.632,1.762
search,lower,4,forward,47.3417,1194.710,963,startup,1417.296,1143,1414.536,-4.847,0,0,1783746268.747844934,-0.268014,-1.097870,1.077798,-0.011295,,,0.000169,0.000000,0.000000,0.632,1.762
search,lower,4,forward,47.3635,1194.710,963,startup,1417.296,1143,1414.536,-4.847,0,0,1783746268.747844934,-0.268014,-1.097870,1.077798,-0.011295,,,0.000169,0.000000,0.000000,0.632,1.762
search,lower,4,forward,47.3853,1194.710,963,startup,1417.296,1143,1414.536,-4.847,0,0,1783746268.747844934,-0.268014,-1.097870,1.077798,-0.011295,,,0.000169,0.000000,0.000000,0.632,1.762
search,lower,4,forward,47.4069,1194.710,963,startup,1417.296,1143,1414.536,-4.847,0,0,1783746268.747844934,-0.268014,-1.097870,1.077798,-0.011295,,,0.000169,0.000000,0.000000,0.631,1.748
search,lower,4,forward,47.4253,1194.710,963,startup,1416.056,1142,1414.536,-4.847,1,2,1783746268.848382473,-0.267919,-1.094823,1.077601,-0.001687,0.0027283,-0.0001970,0.002897,0.000000,0.000000,0.631,1.748
search,lower,4,forward,47.4398,1194.710,963,startup,1416.056,1142,1414.536,-4.847,0,0,1783746268.848382473,-0.267919,-1.094823,1.077601,-0.001687,,,0.002897,0.000000,0.000000,0.631,1.748
search,lower,4,forward,47.4614,1194.710,963,startup,1416.056,1142,1414.536,-4.847,0,0,1783746268.848382473,-0.267919,-1.094823,1.077601,-0.001687,,,0.002897,0.000000,0.000000,0.631,1.748
search,lower,4,forward,47.4830,1194.710,963,startup,1416.056,1142,1414.536,-4.847,0,0,1783746268.848382473,-0.267919,-1.094823,1.077601,-0.001687,,,0.002897,0.000000,0.000000,0.631,1.748
search,lower,4,forward,47.5046,1194.710,963,startup,1416.056,1142,1414.536,-4.847,0,0,1783746268.848382473,-0.267919,-1.094823,1.077601,-0.001687,,,0.002897,0.000000,0.000000,0.634,1.759
search,lower,4,forward,47.5259,1194.710,963,startup,1414.816,1141,1414.536,-4.847,1,3,1783746268.946203470,-0.267783,-1.096465,1.076543,-0.004796,-0.0013815,-0.0010583,0.004278,0.000000,0.000000,0.634,1.759
search,lower,4,forward,47.5386,1194.710,963,startup,1414.816,1141,1414.536,-4.847,0,0,1783746268.946203470,-0.267783,-1.096465,1.076543,-0.004796,,,0.004278,0.000000,0.000000,0.634,1.759
search,lower,4,forward,47.5603,1194.710,963,startup,1414.816,1141,1414.536,-4.847,0,0,1783746268.946203470,-0.267783,-1.096465,1.076543,-0.004796,,,0.004278,0.000000,0.000000,0.634,1.759
search,lower,4,forward,47.5819,1194.710,963,startup,1414.816,1141,1414.536,-4.847,0,0,1783746268.946203470,-0.267783,-1.096465,1.076543,-0.004796,,,0.004278,0.000000,0.000000,0.634,1.759
search,lower,4,forward,47.6034,1194.710,963,startup,1414.816,1141,1414.536,-4.847,0,0,1783746268.946203470,-0.267783,-1.096465,1.076543,-0.004796,,,0.004278,0.000000,0.000000,0.634,1.759
search,lower,4,forward,47.6250,1194.710,963,startup,1414.816,1141,1414.536,-4.847,0,0,1783746268.946203470,-0.267783,-1.096465,1.076543,-0.004796,,,0.004278,0.000000,0.000000,0.630,2.018
search,lower,4,forward,47.6274,1194.710,963,startup,1413.576,1140,1414.536,-4.847,1,4,1783746269.046870947,-0.266901,-1.095338,1.076127,-0.000092,0.0014113,-0.0004151,0.005690,0.000000,0.000000,0.630,2.018
search,lower,4,forward,47.6404,1194.710,963,startup,1413.576,1140,1414.536,-4.847,0,0,1783746269.046870947,-0.266901,-1.095338,1.076127,-0.000092,,,0.005690,0.000000,0.000000,0.630,2.018
search,lower,4,forward,47.6620,1194.710,963,startup,1413.576,1140,1414.536,-4.847,0,0,1783746269.046870947,-0.266901,-1.095338,1.076127,-0.000092,,,0.005690,0.000000,0.000000,0.630,2.018
search,lower,4,forward,47.6836,1194.710,963,startup,1413.576,1140,1414.536,-4.847,0,0,1783746269.046870947,-0.266901,-1.095338,1.076127,-0.000092,,,0.005690,0.000000,0.000000,0.630,2.018
search,lower,4,forward,47.7051,1194.710,963,startup,1413.576,1140,1414.536,-4.847,0,0,1783746269.046870947,-0.266901,-1.095338,1.076127,-0.000092,,,0.005690,0.000000,0.000000,0.632,2.027
search,lower,4,forward,47.7267,1194.710,963,startup,1410.476,1137,1414.536,-4.847,1,5,1783746269.147115707,-0.262265,-1.089125,1.074963,0.019058,0.0076694,-0.0011644,0.013359,0.000000,0.000000,0.632,2.027
search,lower,4,forward,47.7404,1194.710,963,startup,1410.476,1137,1414.536,-4.847,0,0,1783746269.147115707,-0.262265,-1.089125,1.074963,0.019058,,,0.013359,0.000000,0.000000,0.632,2.027
search,lower,4,forward,47.7620,1194.710,963,startup,1410.476,1137,1414.536,-4.847,0,0,1783746269.147115707,-0.262265,-1.089125,1.074963,0.019058,,,0.013359,0.000000,0.000000,0.632,2.027
search,lower,4,forward,47.7836,1194.710,963,startup,1410.476,1137,1414.536,-4.847,0,0,1783746269.147115707,-0.262265,-1.089125,1.074963,0.019058,,,0.013359,0.000000,0.000000,0.632,2.027
search,lower,4,forward,47.8051,1194.710,963,startup,1410.476,1137,1414.536,-4.847,0,0,1783746269.147115707,-0.262265,-1.089125,1.074963,0.019058,,,0.013359,0.000000,0.000000,0.633,1.749
search,lower,4,forward,47.8272,1194.710,963,startup,1407.376,1135,1414.536,-4.847,1,6,1783746269.247466087,-0.262407,-1.086155,1.073743,0.020631,0.0025440,-0.0012200,0.015903,0.000000,0.000000,0.633,1.749
search,lower,4,forward,47.8424,1194.710,963,startup,1407.376,1135,1414.536,-4.847,0,0,1783746269.247466087,-0.262407,-1.086155,1.073743,0.020631,,,0.015903,0.000000,0.000000,0.633,1.749
search,lower,4,forward,47.8640,1194.710,963,startup,1407.376,1135,1414.536,-4.847,0,0,1783746269.247466087,-0.262407,-1.086155,1.073743,0.020631,,,0.015903,0.000000,0.000000,0.633,1.749
search,lower,4,forward,47.8856,1194.710,963,startup,1407.376,1135,1414.536,-4.847,0,0,1783746269.247466087,-0.262407,-1.086155,1.073743,0.020631,,,0.015903,0.000000,0.000000,0.633,1.749
search,lower,4,forward,47.9073,1194.710,963,startup,1407.376,1135,1414.536,-4.847,0,0,1783746269.247466087,-0.262407,-1.086155,1.073743,0.020631,,,0.015903,0.000000,0.000000,0.641,2.055
search,lower,4,forward,47.9271,1194.710,963,startup,1404.276,1132,1414.536,-4.847,1,7,1783746269.348113298,-0.258435,-1.078158,1.066046,0.037634,0.0089217,-0.0076975,0.024825,0.000000,0.000000,0.641,2.055
search,lower,4,forward,47.9476,1194.710,963,startup,1404.276,1132,1414.536,-4.847,0,0,1783746269.348113298,-0.258435,-1.078158,1.066046,0.037634,,,0.024825,0.000000,0.000000,0.641,2.055
search,lower,4,forward,47.9694,1194.710,963,startup,1404.276,1132,1414.536,-4.847,0,0,1783746269.348113298,-0.258435,-1.078158,1.066046,0.037634,,,0.024825,0.000000,0.000000,0.641,2.055
search,lower,4,forward,47.9910,1194.710,963,startup,1404.276,1132,1414.536,-4.847,0,0,1783746269.348113298,-0.258435,-1.078158,1.066046,0.037634,,,0.024825,0.000000,0.000000,0.641,2.055
search,lower,4,forward,48.0129,1194.710,963,startup,1404.276,1132,1414.536,-4.847,0,0,1783746269.348113298,-0.258435,-1.078158,1.066046,0.037634,,,0.024825,0.000000,0.000000,0.652,1.714
search,lower,4,forward,48.0279,1194.710,963,rolling,1414.536,1141,1414.536,-4.847,1,8,1783746269.447887897,-0.248042,-1.059381,1.052887,0.082000,0.0214611,-0.0131589,0.046286,0.000000,0.000000,0.652,1.714
search,lower,4,forward,48.0439,1194.710,963,rolling,1414.536,1141,1414.536,-4.847,0,0,1783746269.447887897,-0.248042,-1.059381,1.052887,0.082000,,,0.046286,0.000000,0.000000,0.652,1.714
search,lower,4,forward,48.0661,1194.710,963,rolling,1414.536,1141,1414.536,-4.847,0,0,1783746269.447887897,-0.248042,-1.059381,1.052887,0.082000,,,0.046286,0.000000,0.000000,0.652,1.714
search,lower,4,forward,48.0879,1194.710,963,rolling,1414.536,1141,1414.536,-4.847,0,0,1783746269.447887897,-0.248042,-1.059381,1.052887,0.082000,,,0.046286,0.000000,0.000000,0.652,1.714
search,lower,4,forward,48.1095,1194.710,963,rolling,1414.536,1141,1414.536,-4.847,0,0,1783746269.447887897,-0.248042,-1.059381,1.052887,0.082000,,,0.046286,0.000000,0.000000,0.669,1.692
search,lower,4,forward,48.1285,1194.710,963,rolling,1414.536,1141,1414.536,-4.847,0,0,1783746269.447887897,-0.248042,-1.059381,1.052887,0.082000,,,0.046286,0.000000,0.000000,0.669,1.692
search,lower,4,forward,48.1505,1194.710,963,rolling,1413.371,1140,1414.383,-5.000,1,9,1783746269.548629522,-0.231335,-1.028131,1.030080,0.149373,0.0354099,-0.0228068,0.081696,0.035410,-0.022807,0.669,1.692
search,lower,4,forward,48.1548,1194.710,963,rolling,1413.371,1140,1414.383,-5.000,0,0,1783746269.548629522,-0.231335,-1.028131,1.030080,0.149373,,,0.081696,0.035410,-0.022807,0.669,1.692
search,lower,4,forward,48.1764,1194.710,963,rolling,1413.371,1140,1414.383,-5.000,0,0,1783746269.548629522,-0.231335,-1.028131,1.030080,0.149373,,,0.081696,0.035410,-0.022807,0.669,1.692
search,lower,4,forward,48.1980,1194.710,963,rolling,1413.371,1140,1414.383,-5.000,0,0,1783746269.548629522,-0.231335,-1.028131,1.030080,0.149373,,,0.081696,0.035410,-0.022807,0.669,1.692
search,lower,4,forward,48.2196,1194.710,963,rolling,1413.371,1140,1414.383,-5.000,0,0,1783746269.548629522,-0.231335,-1.028131,1.030080,0.149373,,,0.081696,0.035410,-0.022807,0.689,1.664
search,lower,4,forward,48.2282,1194.710,963,rolling,1413.838,1140,1414.312,-5.072,1,10,1783746269.649159670,-0.217434,-1.006330,1.007300,0.176321,0.0258529,-0.0227795,0.107549,0.061263,-0.045586,0.689,1.664
search,lower,4,forward,48.2501,1194.710,963,rolling,1413.838,1140,1414.312,-5.072,0,0,1783746269.649159670,-0.217434,-1.006330,1.007300,0.176321,,,0.107549,0.061263,-0.045586,0.689,1.664
search,lower,4,forward,48.2720,1194.710,963,rolling,1413.838,1140,1414.312,-5.072,0,0,1783746269.649159670,-0.217434,-1.006330,1.007300,0.176321,,,0.107549,0.061263,-0.045586,0.689,1.664
search,lower,4,forward,48.2937,1194.710,963,rolling,1413.838,1140,1414.312,-5.072,0,0,1783746269.649159670,-0.217434,-1.006330,1.007300,0.176321,,,0.107549,0.061263,-0.045586,0.689,1.664
search,lower,4,forward,48.3154,1194.710,963,rolling,1413.838,1140,1414.312,-5.072,0,0,1783746269.649159670,-0.217434,-1.006330,1.007300,0.176321,,,0.107549,0.061263,-0.045586,0.712,1.656
search,lower,4,forward,48.3290,1194.710,963,rolling,1414.228,1141,1414.301,-5.083,1,11,1783746269.749115229,-0.205905,-0.983266,0.985477,0.196335,0.0256264,-0.0218232,0.133175,0.086889,-0.067410,0.712,1.656
search,lower,4,forward,48.3450,1194.710,963,rolling,1414.228,1141,1414.301,-5.083,0,0,1783746269.749115229,-0.205905,-0.983266,0.985477,0.196335,,,0.133175,0.086889,-0.067410,0.712,1.656
search,lower,4,forward,48.3670,1194.710,963,rolling,1414.228,1141,1414.301,-5.083,0,0,1783746269.749115229,-0.205905,-0.983266,0.985477,0.196335,,,0.133175,0.086889,-0.067410,0.712,1.656
search,lower,4,forward,48.3886,1194.710,963,rolling,1414.228,1141,1414.301,-5.083,0,0,1783746269.749115229,-0.205905,-0.983266,0.985477,0.196335,,,0.133175,0.086889,-0.067410,0.712,1.656
search,lower,4,forward,48.4103,1194.710,963,rolling,1414.228,1141,1414.301,-5.083,0,0,1783746269.749115229,-0.205905,-0.983266,0.985477,0.196335,,,0.133175,0.086889,-0.067410,0.732,1.686
search,lower,4,forward,48.4293,1194.710,963,rolling,1414.648,1141,1414.347,-5.037,1,12,1783746269.849944592,-0.191588,-0.959930,0.961615,0.215058,0.0273475,-0.0238619,0.160523,0.114237,-0.091271,0.732,1.686
search,lower,4,forward,48.4465,1194.710,963,rolling,1414.648,1141,1414.347,-5.037,0,0,1783746269.849944592,-0.191588,-0.959930,0.961615,0.215058,,,0.160523,0.114237,-0.091271,0.732,1.686
search,lower,4,forward,48.4682,1194.710,963,rolling,1414.648,1141,1414.347,-5.037,0,0,1783746269.849944592,-0.191588,-0.959930,0.961615,0.215058,,,0.160523,0.114237,-0.091271,0.732,1.686
search,lower,4,forward,48.4900,1194.710,963,rolling,1414.648,1141,1414.347,-5.037,0,0,1783746269.849944592,-0.191588,-0.959930,0.961615,0.215058,,,0.160523,0.114237,-0.091271,0.732,1.686
search,lower,4,forward,48.5117,1194.710,963,rolling,1414.648,1141,1414.347,-5.037,0,0,1783746269.849944592,-0.191588,-0.959930,0.961615,0.215058,,,0.160523,0.114237,-0.091271,0.752,2.147
search,lower,4,forward,48.5298,1194.710,963,rolling,1414.970,1141,1414.428,-4.956,1,13,1783746269.950142384,-0.176477,-0.938317,0.938850,0.227089,0.0263703,-0.0227657,0.186893,0.140607,-0.114037,0.752,2.147
search,lower,4,forward,48.5479,1194.710,963,rolling,1414.970,1141,1414.428,-4.956,0,0,1783746269.950142384,-0.176477,-0.938317,0.938850,0.227089,,,0.186893,0.140607,-0.114037,0.752,2.147
search,lower,4,forward,48.5697,1194.710,963,rolling,1414.970,1141,1414.428,-4.956,0,0,1783746269.950142384,-0.176477,-0.938317,0.938850,0.227089,,,0.186893,0.140607,-0.114037,0.752,2.147
search,lower,4,forward,48.5915,1194.710,963,rolling,1414.970,1141,1414.428,-4.956,0,0,1783746269.950142384,-0.176477,-0.938317,0.938850,0.227089,,,0.186893,0.140607,-0.114037,0.752,2.147
search,lower,4,forward,48.6131,1194.710,963,rolling,1414.970,1141,1414.428,-4.956,0,0,1783746269.950142384,-0.176477,-0.938317,0.938850,0.227089,,,0.186893,0.140607,-0.114037,0.773,2.123
search,lower,4,forward,48.6306,1194.710,963,rolling,1415.340,1141,1414.548,-4.836,1,14,1783746270.050697327,-0.160308,-0.915599,0.917214,0.239622,0.0278758,-0.0216355,0.214769,0.168483,-0.135673,0.773,2.123
search,lower,4,forward,48.6447,1194.710,963,rolling,1415.340,1141,1414.548,-4.836,0,0,1783746270.050697327,-0.160308,-0.915599,0.917214,0.239622,,,0.214769,0.168483,-0.135673,0.773,2.123
search,lower,4,forward,48.6665,1194.710,963,rolling,1415.340,1141,1414.548,-4.836,0,0,1783746270.050697327,-0.160308,-0.915599,0.917214,0.239622,,,0.214769,0.168483,-0.135673,0.773,2.123
search,lower,4,forward,48.6881,1194.710,963,rolling,1415.340,1141,1414.548,-4.836,0,0,1783746270.050697327,-0.160308,-0.915599,0.917214,0.239622,,,0.214769,0.168483,-0.135673,0.773,2.123
search,lower,4,forward,48.7098,1194.710,963,rolling,1415.340,1141,1414.548,-4.836,0,0,1783746270.050697327,-0.160308,-0.915599,0.917214,0.239622,,,0.214769,0.168483,-0.135673,0.792,1.855
search,lower,4,forward,48.7307,1194.710,963,rolling,1415.422,1141,1414.662,-4.721,1,15,1783746270.151363611,-0.145318,-0.897526,0.896195,0.238006,0.0234711,-0.0210195,0.238240,0.191954,-0.156692,0.792,1.855
search,lower,4,forward,48.7514,1194.710,963,rolling,1415.422,1141,1414.662,-4.721,0,0,1783746270.151363611,-0.145318,-0.897526,0.896195,0.238006,,,0.238240,0.191954,-0.156692,0.792,1.855
search,lower,4,forward,48.7730,1194.710,963,rolling,1415.422,1141,1414.662,-4.721,0,0,1783746270.151363611,-0.145318,-0.897526,0.896195,0.238006,,,0.238240,0.191954,-0.156692,0.792,1.855
search,lower,4,forward,48.7948,1194.710,963,rolling,1415.422,1141,1414.662,-4.721,0,0,1783746270.151363611,-0.145318,-0.897526,0.896195,0.238006,,,0.238240,0.191954,-0.156692,0.792,1.855
search,lower,4,forward,48.8167,1194.710,963,rolling,1415.422,1141,1414.662,-4.721,0,0,1783746270.151363611,-0.145318,-0.897526,0.896195,0.238006,,,0.238240,0.191954,-0.156692,0.810,2.080
search,lower,4,forward,48.8281,1194.710,963,rolling,1415.395,1141,1414.758,-4.626,1,16,1783746270.251392603,-0.134743,-0.878609,0.876199,0.231844,0.0213421,-0.0199954,0.259582,0.213296,-0.176688,0.810,2.080
search,lower,4,forward,48.8426,1194.710,963,rolling,1415.395,1141,1414.758,-4.626,0,0,1783746270.251392603,-0.134743,-0.878609,0.876199,0.231844,,,0.259582,0.213296,-0.176688,0.810,2.080
search,lower,4,forward,48.8644,1194.710,963,rolling,1415.395,1141,1414.758,-4.626,0,0,1783746270.251392603,-0.134743,-0.878609,0.876199,0.231844,,,0.259582,0.213296,-0.176688,0.810,2.080
search,lower,4,forward,48.8860,1194.710,963,rolling,1415.395,1141,1414.758,-4.626,0,0,1783746270.251392603,-0.134743,-0.878609,0.876199,0.231844,,,0.259582,0.213296,-0.176688,0.810,2.080
search,lower,4,forward,48.9077,1194.710,963,rolling,1415.395,1141,1414.758,-4.626,0,0,1783746270.251392603,-0.134743,-0.878609,0.876199,0.231844,,,0.259582,0.213296,-0.176688,0.826,2.062
search,lower,4,forward,48.9292,1194.710,963,rolling,1415.570,1142,1414.862,-4.522,1,17,1783746270.348992348,-0.119147,-0.860332,0.858778,0.235426,0.0240263,-0.0174212,0.283608,0.237322,-0.194109,0.826,2.062
search,lower,4,forward,48.9489,1194.710,963,rolling,1415.570,1142,1414.862,-4.522,0,0,1783746270.348992348,-0.119147,-0.860332,0.858778,0.235426,,,0.283608,0.237322,-0.194109,0.826,2.062
search,lower,4,forward,48.9704,1194.710,963,rolling,1415.570,1142,1414.862,-4.522,0,0,1783746270.348992348,-0.119147,-0.860332,0.858778,0.235426,,,0.283608,0.237322,-0.194109,0.826,2.062
search,lower,4,forward,48.9921,1194.710,963,rolling,1415.570,1142,1414.862,-4.522,0,0,1783746270.348992348,-0.119147,-0.860332,0.858778,0.235426,,,0.283608,0.237322,-0.194109,0.826,2.062
search,lower,4,forward,49.0137,1194.710,963,rolling,1415.570,1142,1414.862,-4.522,0,0,1783746270.348992348,-0.119147,-0.860332,0.858778,0.235426,,,0.283608,0.237322,-0.194109,0.842,2.042
search,lower,4,forward,49.0295,1194.710,963,rolling,1415.431,1141,1414.936,-4.447,1,18,1783746270.450005054,-0.108095,-0.844157,0.842677,0.224702,0.0194479,-0.0161009,0.303056,0.256770,-0.210210,0.842,2.042
search,lower,4,forward,49.0448,1194.710,963,rolling,1415.431,1141,1414.936,-4.447,0,0,1783746270.450005054,-0.108095,-0.844157,0.842677,0.224702,,,0.303056,0.256770,-0.210210,0.842,2.042
search,lower,4,forward,49.0665,1194.710,963,rolling,1415.431,1141,1414.936,-4.447,0,0,1783746270.450005054,-0.108095,-0.844157,0.842677,0.224702,,,0.303056,0.256770,-0.210210,0.842,2.042
search,lower,4,forward,49.0880,1194.710,963,rolling,1415.431,1141,1414.936,-4.447,0,0,1783746270.450005054,-0.108095,-0.844157,0.842677,0.224702,,,0.303056,0.256770,-0.210210,0.842,2.042
search,lower,4,forward,49.1096,1194.710,963,rolling,1415.431,1141,1414.936,-4.447,0,0,1783746270.450005054,-0.108095,-0.844157,0.842677,0.224702,,,0.303056,0.256770,-0.210210,0.860,2.020
search,lower,4,forward,49.1272,1194.710,963,rolling,1415.192,1141,1414.970,-4.414,1,19,1783746270.550253391,-0.096140,-0.831959,0.824384,0.211090,0.0170677,-0.0182935,0.320124,0.273838,-0.228503,0.860,2.020
search,lower,4,forward,49.1432,1194.710,963,rolling,1415.192,1141,1414.970,-4.414,0,0,1783746270.550253391,-0.096140,-0.831959,0.824384,0.211090,,,0.320124,0.273838,-0.228503,0.860,2.020
search,lower,4,forward,49.1649,1194.710,963,rolling,1415.192,1141,1414.970,-4.414,0,0,1783746270.550253391,-0.096140,-0.831959,0.824384,0.211090,,,0.320124,0.273838,-0.228503,0.860,2.020
search,lower,4,forward,49.1864,1194.710,963,rolling,1415.192,1141,1414.970,-4.414,0,0,1783746270.550253391,-0.096140,-0.831959,0.824384,0.211090,,,0.320124,0.273838,-0.228503,0.860,2.020
search,lower,4,forward,49.2080,1194.710,963,rolling,1415.192,1141,1414.970,-4.414,0,0,1783746270.550253391,-0.096140,-0.831959,0.824384,0.211090,,,0.320124,0.273838,-0.228503,0.876,2.001
search,lower,4,forward,49.2278,1194.710,963,rolling,1415.526,1142,1415.041,-4.343,1,20,1783746270.648102760,-0.078027,-0.813576,0.807127,0.224235,0.0258000,-0.0172564,0.345924,0.299638,-0.245760,0.876,2.001
search,lower,4,forward,49.2494,1194.710,963,rolling,1415.526,1142,1415.041,-4.343,0,0,1783746270.648102760,-0.078027,-0.813576,0.807127,0.224235,,,0.345924,0.299638,-0.245760,0.876,2.001
search,lower,4,forward,49.2711,1194.710,963,rolling,1415.526,1142,1415.041,-4.343,0,0,1783746270.648102760,-0.078027,-0.813576,0.807127,0.224235,,,0.345924,0.299638,-0.245760,0.876,2.001
search,lower,4,forward,49.2926,1194.710,963,rolling,1415.526,1142,1415.041,-4.343,0,0,1783746270.648102760,-0.078027,-0.813576,0.807127,0.224235,,,0.345924,0.299638,-0.245760,0.876,2.001
search,lower,4,forward,49.3141,1194.710,963,rolling,1415.526,1142,1415.041,-4.343,0,0,1783746270.648102760,-0.078027,-0.813576,0.807127,0.224235,,,0.345924,0.299638,-0.245760,0.891,1.985
search,lower,4,forward,49.3278,1194.710,963,rolling,1415.358,1141,1415.082,-4.301,1,21,1783746270.748655319,-0.064836,-0.800828,0.790183,0.213764,0.0183359,-0.0169437,0.364260,0.317974,-0.262703,0.891,1.985
search,lower,4,forward,49.3459,1194.710,963,rolling,1415.358,1141,1415.082,-4.301,0,0,1783746270.748655319,-0.064836,-0.800828,0.790183,0.213764,,,0.364260,0.317974,-0.262703,0.891,1.985
search,lower,4,forward,49.3677,1194.710,963,rolling,1415.358,1141,1415.082,-4.301,0,0,1783746270.748655319,-0.064836,-0.800828,0.790183,0.213764,,,0.364260,0.317974,-0.262703,0.891,1.985
search,lower,4,forward,49.3894,1194.710,963,rolling,1415.358,1141,1415.082,-4.301,0,0,1783746270.748655319,-0.064836,-0.800828,0.790183,0.213764,,,0.364260,0.317974,-0.262703,0.891,1.985
search,lower,4,forward,49.4110,1194.710,963,rolling,1415.358,1141,1415.082,-4.301,0,0,1783746270.748655319,-0.064836,-0.800828,0.790183,0.213764,,,0.364260,0.317974,-0.262703,0.906,1.965
search,lower,4,forward,49.4260,1194.710,963,rolling,1415.257,1141,1415.105,-4.278,1,22,1783746270.848759890,-0.051521,-0.787376,0.770039,0.207591,0.0189269,-0.0201440,0.383187,0.336901,-0.282847,0.906,1.965
search,lower,4,reverse,50.8202,1194.710,963,startup,1592.805,1285,1596.805,4.296,0,0,1783746272.146984100,-0.023023,-0.763219,0.733083,-0.002415,,,0.000000,0.000000,0.000000,0.942,1.938
search,lower,4,reverse,50.8238,1194.710,963,startup,1592.805,1285,1596.805,4.296,0,0,1783746272.146984100,-0.023023,-0.763219,0.733083,-0.002415,,,0.000000,0.000000,0.000000,0.942,1.938
search,lower,4,reverse,50.8458,1194.710,963,startup,1594.045,1286,1596.805,4.296,1,1,1783746272.244425535,-0.019782,-0.758327,0.733967,0.012766,0.0056818,0.0008832,0.005682,0.000000,0.000000,0.942,1.938
search,lower,4,reverse,50.8477,1194.710,963,startup,1594.045,1286,1596.805,4.296,0,0,1783746272.244425535,-0.019782,-0.758327,0.733967,0.012766,,,0.005682,0.000000,0.000000,0.942,1.938
search,lower,4,reverse,50.8694,1194.710,963,startup,1594.045,1286,1596.805,4.296,0,0,1783746272.244425535,-0.019782,-0.758327,0.733967,0.012766,,,0.005682,0.000000,0.000000,0.942,1.938
search,lower,4,reverse,50.8910,1194.710,963,startup,1594.045,1286,1596.805,4.296,0,0,1783746272.244425535,-0.019782,-0.758327,0.733967,0.012766,,,0.005682,0.000000,0.000000,0.942,1.938
search,lower,4,reverse,50.9125,1194.710,963,startup,1594.045,1286,1596.805,4.296,0,0,1783746272.244425535,-0.019782,-0.758327,0.733967,0.012766,,,0.005682,0.000000,0.000000,0.941,1.940
search,lower,4,reverse,50.9241,1194.710,963,startup,1595.285,1287,1596.805,4.296,1,2,1783746272.344753504,-0.020373,-0.760375,0.732598,0.005066,-0.0018093,-0.0013681,0.007491,0.000000,0.000000,0.941,1.940
search,lower,4,reverse,50.9416,1194.710,963,startup,1595.285,1287,1596.805,4.296,0,0,1783746272.344753504,-0.020373,-0.760375,0.732598,0.005066,,,0.007491,0.000000,0.000000,0.941,1.940
search,lower,4,reverse,50.9632,1194.710,963,startup,1595.285,1287,1596.805,4.296,0,0,1783746272.344753504,-0.020373,-0.760375,0.732598,0.005066,,,0.007491,0.000000,0.000000,0.941,1.940
search,lower,4,reverse,50.9847,1194.710,963,startup,1595.285,1287,1596.805,4.296,0,0,1783746272.344753504,-0.020373,-0.760375,0.732598,0.005066,,,0.007491,0.000000,0.000000,0.941,1.940
search,lower,4,reverse,51.0064,1194.710,963,startup,1595.285,1287,1596.805,4.296,0,0,1783746272.344753504,-0.020373,-0.760375,0.732598,0.005066,,,0.007491,0.000000,0.000000,0.938,1.943
search,lower,4,reverse,51.0247,1194.710,963,startup,1596.525,1288,1596.805,4.296,1,3,1783746272.445071459,-0.027229,-0.763049,0.734673,-0.013354,-0.0068833,0.0020744,0.014374,0.000000,0.000000,0.938,1.943
search,lower,4,reverse,51.0386,1194.710,963,startup,1596.525,1288,1596.805,4.296,0,0,1783746272.445071459,-0.027229,-0.763049,0.734673,-0.013354,,,0.014374,0.000000,0.000000,0.938,1.943
search,lower,4,reverse,51.0602,1194.710,963,startup,1596.525,1288,1596.805,4.296,0,0,1783746272.445071459,-0.027229,-0.763049,0.734673,-0.013354,,,0.014374,0.000000,0.000000,0.938,1.943
search,lower,4,reverse,51.0817,1194.710,963,startup,1596.525,1288,1596.805,4.296,0,0,1783746272.445071459,-0.027229,-0.763049,0.734673,-0.013354,,,0.014374,0.000000,0.000000,0.938,1.943
search,lower,4,reverse,51.1032,1194.710,963,startup,1596.525,1288,1596.805,4.296,0,0,1783746272.445071459,-0.027229,-0.763049,0.734673,-0.013354,,,0.014374,0.000000,0.000000,0.932,1.953
search,lower,4,reverse,51.1252,1194.710,963,startup,1597.765,1289,1596.805,4.296,1,4,1783746272.545405865,-0.031523,-0.770007,0.740925,-0.029594,-0.0078576,0.0062519,0.022232,0.000000,0.000000,0.932,1.953
search,lower,4,reverse,51.1401,1194.710,963,startup,1597.765,1289,1596.805,4.296,0,0,1783746272.545405865,-0.031523,-0.770007,0.740925,-0.029594,,,0.022232,0.000000,0.000000,0.932,1.953
search,lower,4,reverse,51.1617,1194.710,963,startup,1597.765,1289,1596.805,4.296,0,0,1783746272.545405865,-0.031523,-0.770007,0.740925,-0.029594,,,0.022232,0.000000,0.000000,0.932,1.953
search,lower,4,reverse,51.1832,1194.710,963,startup,1597.765,1289,1596.805,4.296,0,0,1783746272.545405865,-0.031523,-0.770007,0.740925,-0.029594,,,0.022232,0.000000,0.000000,0.932,1.953
search,lower,4,reverse,51.2048,1194.710,963,startup,1597.765,1289,1596.805,4.296,0,0,1783746272.545405865,-0.031523,-0.770007,0.740925,-0.029594,,,0.022232,0.000000,0.000000,0.920,1.964
search,lower,4,reverse,51.2253,1194.710,963,startup,1600.865,1291,1596.805,4.296,1,5,1783746272.646091461,-0.035198,-0.773984,0.748777,-0.035597,-0.0053976,0.0078521,0.027629,0.000000,0.000000,0.920,1.964
search,lower,4,reverse,51.2417,1194.710,963,startup,1600.865,1291,1596.805,4.296,0,0,1783746272.646091461,-0.035198,-0.773984,0.748777,-0.035597,,,0.027629,0.000000,0.000000,0.920,1.964
search,lower,4,reverse,51.2635,1194.710,963,startup,1600.865,1291,1596.805,4.296,0,0,1783746272.646091461,-0.035198,-0.773984,0.748777,-0.035597,,,0.027629,0.000000,0.000000,0.920,1.964
search,lower,4,reverse,51.2852,1194.710,963,startup,1600.865,1291,1596.805,4.296,0,0,1783746272.646091461,-0.035198,-0.773984,0.748777,-0.035597,,,0.027629,0.000000,0.000000,0.920,1.964
search,lower,4,reverse,51.3071,1194.710,963,startup,1600.865,1291,1596.805,4.296,0,0,1783746272.646091461,-0.035198,-0.773984,0.748777,-0.035597,,,0.027629,0.000000,0.000000,0.910,1.982
search,lower,4,reverse,51.3261,1194.710,963,rolling,1596.805,1288,1596.805,4.296,1,6,1783746272.746206522,-0.047951,-0.787280,0.761076,-0.072643,-0.0183992,0.0122994,0.046029,0.000000,0.000000,0.910,1.982
search,lower,4,reverse,51.3428,1194.710,963,rolling,1596.805,1288,1596.805,4.296,0,0,1783746272.746206522,-0.047951,-0.787280,0.761076,-0.072643,,,0.046029,0.000000,0.000000,0.910,1.982
search,lower,4,reverse,51.3645,1194.710,963,rolling,1596.805,1288,1596.805,4.296,0,0,1783746272.746206522,-0.047951,-0.787280,0.761076,-0.072643,,,0.046029,0.000000,0.000000,0.910,1.982
search,lower,4,reverse,51.3864,1194.710,963,rolling,1596.805,1288,1596.805,4.296,0,0,1783746272.746206522,-0.047951,-0.787280,0.761076,-0.072643,,,0.046029,0.000000,0.000000,0.910,1.982
search,lower,4,reverse,51.4081,1194.710,963,rolling,1596.805,1288,1596.805,4.296,0,0,1783746272.746206522,-0.047951,-0.787280,0.761076,-0.072643,,,0.046029,0.000000,0.000000,0.894,2.000
search,lower,4,reverse,51.4239,1194.710,963,rolling,1598.473,1289,1597.084,4.575,1,7,1783746272.846714020,-0.064519,-0.800760,0.783255,-0.107397,-0.0212733,0.0221787,0.067302,-0.021273,0.022179,0.894,2.000
search,lower,4,reverse,51.4442,1194.710,963,rolling,1598.473,1289,1597.084,4.575,0,0,1783746272.846714020,-0.064519,-0.800760,0.783255,-0.107397,,,0.067302,-0.021273,0.022179,0.894,2.000
search,lower,4,reverse,51.4660,1194.710,963,rolling,1598.473,1289,1597.084,4.575,0,0,1783746272.846714020,-0.064519,-0.800760,0.783255,-0.107397,,,0.067302,-0.021273,0.022179,0.894,2.000
search,lower,4,reverse,51.4878,1194.710,963,rolling,1598.473,1289,1597.084,4.575,0,0,1783746272.846714020,-0.064519,-0.800760,0.783255,-0.107397,,,0.067302,-0.021273,0.022179,0.894,2.000
search,lower,4,reverse,51.5094,1194.710,963,rolling,1598.473,1289,1597.084,4.575,0,0,1783746272.846714020,-0.064519,-0.800760,0.783255,-0.107397,,,0.067302,-0.021273,0.022179,0.877,2.020
search,lower,4,reverse,51.5241,1194.710,963,rolling,1598.107,1289,1597.252,4.743,1,8,1783746272.944728374,-0.082765,-0.817160,0.805056,-0.143005,-0.0244867,0.0218011,0.091789,-0.045760,0.043980,0.877,2.020
search,lower,4,reverse,51.5429,1194.710,963,rolling,1598.107,1289,1597.252,4.743,0,0,1783746272.944728374,-0.082765,-0.817160,0.805056,-0.143005,,,0.091789,-0.045760,0.043980,0.877,2.020
search,lower,4,reverse,51.5646,1194.710,963,rolling,1598.107,1289,1597.252,4.743,0,0,1783746272.944728374,-0.082765,-0.817160,0.805056,-0.143005,,,0.091789,-0.045760,0.043980,0.877,2.020
search,lower,4,reverse,51.5863,1194.710,963,rolling,1598.107,1289,1597.252,4.743,0,0,1783746272.944728374,-0.082765,-0.817160,0.805056,-0.143005,,,0.091789,-0.045760,0.043980,0.877,2.020
search,lower,4,reverse,51.6080,1194.710,963,rolling,1598.107,1289,1597.252,4.743,0,0,1783746272.944728374,-0.082765,-0.817160,0.805056,-0.143005,,,0.091789,-0.045760,0.043980,0.862,2.042
search,lower,4,reverse,51.6247,1194.710,963,rolling,1597.607,1288,1597.311,4.802,1,9,1783746273.045119524,-0.102602,-0.838771,0.819589,-0.180297,-0.0293315,0.0145332,0.121120,-0.075091,0.058513,0.862,2.042
search,lower,4,reverse,51.6431,1194.710,963,rolling,1597.607,1288,1597.311,4.802,0,0,1783746273.045119524,-0.102602,-0.838771,0.819589,-0.180297,,,0.121120,-0.075091,0.058513,0.862,2.042
search,lower,4,reverse,51.6650,1194.710,963,rolling,1597.607,1288,1597.311,4.802,0,0,1783746273.045119524,-0.102602,-0.838771,0.819589,-0.180297,,,0.121120,-0.075091,0.058513,0.862,2.042
search,lower,4,reverse,51.6867,1194.710,963,rolling,1597.607,1288,1597.311,4.802,0,0,1783746273.045119524,-0.102602,-0.838771,0.819589,-0.180297,,,0.121120,-0.075091,0.058513,0.862,2.042
search,lower,4,reverse,51.7082,1194.710,963,rolling,1597.607,1288,1597.311,4.802,0,0,1783746273.045119524,-0.102602,-0.838771,0.819589,-0.180297,,,0.121120,-0.075091,0.058513,0.845,2.059
search,lower,4,reverse,51.7251,1194.710,963,rolling,1597.607,1288,1597.311,4.802,0,0,1783746273.045119524,-0.102602,-0.838771,0.819589,-0.180297,,,0.121120,-0.075091,0.058513,0.845,2.059
search,lower,4,reverse,51.7471,1194.710,963,rolling,1597.989,1289,1597.425,4.916,1,10,1783746273.145513058,-0.110748,-0.846075,0.835938,-0.162339,-0.0108894,0.0163486,0.132010,-0.085981,0.074862,0.845,2.059
search,lower,4,reverse,51.7495,1194.710,963,rolling,1597.989,1289,1597.425,4.916,0,0,1783746273.145513058,-0.110748,-0.846075,0.835938,-0.162339,,,0.132010,-0.085981,0.074862,0.845,2.059
search,lower,4,reverse,51.7713,1194.710,963,rolling,1597.989,1289,1597.425,4.916,0,0,1783746273.145513058,-0.110748,-0.846075,0.835938,-0.162339,,,0.132010,-0.085981,0.074862,0.845,2.059
search,lower,4,reverse,51.7929,1194.710,963,rolling,1597.989,1289,1597.425,4.916,0,0,1783746273.145513058,-0.110748,-0.846075,0.835938,-0.162339,,,0.132010,-0.085981,0.074862,0.845,2.059
search,lower,4,reverse,51.8145,1194.710,963,rolling,1597.989,1289,1597.425,4.916,0,0,1783746273.145513058,-0.110748,-0.846075,0.835938,-0.162339,,,0.132010,-0.085981,0.074862,0.828,2.078
search,lower,4,reverse,51.8256,1194.710,963,rolling,1597.990,1289,1597.519,5.010,1,11,1783746273.245866299,-0.122042,-0.861208,0.852125,-0.168623,-0.0188136,0.0161870,0.150823,-0.104794,0.091049,0.828,2.078
search,lower,4,reverse,51.8408,1194.710,963,rolling,1597.990,1289,1597.519,5.010,0,0,1783746273.245866299,-0.122042,-0.861208,0.852125,-0.168623,,,0.150823,-0.104794,0.091049,0.828,2.078
search,lower,4,reverse,51.8626,1194.710,963,rolling,1597.990,1289,1597.519,5.010,0,0,1783746273.245866299,-0.122042,-0.861208,0.852125,-0.168623,,,0.150823,-0.104794,0.091049,0.828,2.078
search,lower,4,reverse,51.8842,1194.710,963,rolling,1597.990,1289,1597.519,5.010,0,0,1783746273.245866299,-0.122042,-0.861208,0.852125,-0.168623,,,0.150823,-0.104794,0.091049,0.828,2.078
search,lower,4,reverse,51.9060,1194.710,963,rolling,1597.990,1289,1597.519,5.010,0,0,1783746273.245866299,-0.122042,-0.861208,0.852125,-0.168623,,,0.150823,-0.104794,0.091049,0.811,2.100
search,lower,4,reverse,51.9258,1194.710,963,rolling,1597.745,1289,1597.557,5.048,1,12,1783746273.346148252,-0.138109,-0.879640,0.868730,-0.187424,-0.0244516,0.0166051,0.175275,-0.129246,0.107654,0.811,2.100
search,lower,4,reverse,51.9380,1194.710,963,rolling,1597.745,1289,1597.557,5.048,0,0,1783746273.346148252,-0.138109,-0.879640,0.868730,-0.187424,,,0.175275,-0.129246,0.107654,0.811,2.100
search,lower,4,reverse,51.9596,1194.710,963,rolling,1597.745,1289,1597.557,5.048,0,0,1783746273.346148252,-0.138109,-0.879640,0.868730,-0.187424,,,0.175275,-0.129246,0.107654,0.811,2.100
search,lower,4,reverse,51.9811,1194.710,963,rolling,1597.745,1289,1597.557,5.048,0,0,1783746273.346148252,-0.138109,-0.879640,0.868730,-0.187424,,,0.175275,-0.129246,0.107654,0.811,2.100
search,lower,4,reverse,52.0026,1194.710,963,rolling,1597.745,1289,1597.557,5.048,0,0,1783746273.346148252,-0.138109,-0.879640,0.868730,-0.187424,,,0.175275,-0.129246,0.107654,0.811,2.100
search,lower,4,reverse,52.0242,1194.710,963,rolling,1597.745,1289,1597.557,5.048,0,0,1783746273.346148252,-0.138109,-0.879640,0.868730,-0.187424,,,0.175275,-0.129246,0.107654,0.795,1.871
search,lower,4,reverse,52.0266,1194.710,963,rolling,1597.745,1289,1597.557,5.048,0,0,1783746273.346148252,-0.138109,-0.879640,0.868730,-0.187424,,,0.175275,-0.129246,0.107654,0.795,1.871
search,lower,4,reverse,52.0485,1194.710,963,rolling,1597.635,1288,1597.570,5.061,1,13,1783746273.446651459,-0.151055,-0.897675,0.889479,-0.195660,-0.0221477,0.0207492,0.197423,-0.151394,0.128403,0.795,1.871
search,lower,4,reverse,52.0503,1194.710,963,rolling,1597.635,1288,1597.570,5.061,0,0,1783746273.446651459,-0.151055,-0.897675,0.889479,-0.195660,,,0.197423,-0.151394,0.128403,0.795,1.871
search,lower,4,reverse,52.0718,1194.710,963,rolling,1597.635,1288,1597.570,5.061,0,0,1783746273.446651459,-0.151055,-0.897675,0.889479,-0.195660,,,0.197423,-0.151394,0.128403,0.795,1.871
search,lower,4,reverse,52.0933,1194.710,963,rolling,1597.635,1288,1597.570,5.061,0,0,1783746273.446651459,-0.151055,-0.897675,0.889479,-0.195660,,,0.197423,-0.151394,0.128403,0.795,1.871
search,lower,4,reverse,52.1149,1194.710,963,rolling,1597.635,1288,1597.570,5.061,0,0,1783746273.446651459,-0.151055,-0.897675,0.889479,-0.195660,,,0.197423,-0.151394,0.128403,0.775,2.150
search,lower,4,reverse,52.1262,1194.710,963,rolling,1597.250,1288,1597.517,5.008,1,14,1783746273.546684980,-0.168525,-0.920086,0.910039,-0.217756,-0.0284140,0.0205598,0.225836,-0.179808,0.148963,0.775,2.150
search,lower,4,reverse,52.1452,1194.710,963,rolling,1597.250,1288,1597.517,5.008,0,0,1783746273.546684980,-0.168525,-0.920086,0.910039,-0.217756,,,0.225836,-0.179808,0.148963,0.775,2.150
search,lower,4,reverse,52.1672,1194.710,963,rolling,1597.250,1288,1597.517,5.008,0,0,1783746273.546684980,-0.168525,-0.920086,0.910039,-0.217756,,,0.225836,-0.179808,0.148963,0.775,2.150
search,lower,4,reverse,52.1889,1194.710,963,rolling,1597.250,1288,1597.517,5.008,0,0,1783746273.546684980,-0.168525,-0.920086,0.910039,-0.217756,,,0.225836,-0.179808,0.148963,0.775,2.150
search,lower,4,reverse,52.2107,1194.710,963,rolling,1597.250,1288,1597.517,5.008,0,0,1783746273.546684980,-0.168525,-0.920086,0.910039,-0.217756,,,0.225836,-0.179808,0.148963,0.754,1.659
search,lower,4,reverse,52.2240,1194.710,963,rolling,1596.932,1288,1597.419,4.910,1,15,1783746273.647220850,-0.184118,-0.943160,0.931960,-0.232461,-0.0278056,0.0219205,0.253642,-0.207613,0.170883,0.754,1.659
search,lower,4,reverse,52.2387,1194.710,963,rolling,1596.932,1288,1597.419,4.910,0,0,1783746273.647220850,-0.184118,-0.943160,0.931960,-0.232461,,,0.253642,-0.207613,0.170883,0.754,1.659
search,lower,4,reverse,52.2604,1194.710,963,rolling,1596.932,1288,1597.419,4.910,0,0,1783746273.647220850,-0.184118,-0.943160,0.931960,-0.232461,,,0.253642,-0.207613,0.170883,0.754,1.659
search,lower,4,reverse,52.2819,1194.710,963,rolling,1596.932,1288,1597.419,4.910,0,0,1783746273.647220850,-0.184118,-0.943160,0.931960,-0.232461,,,0.253642,-0.207613,0.170883,0.754,1.659
search,lower,4,reverse,52.3034,1194.710,963,rolling,1596.932,1288,1597.419,4.910,0,0,1783746273.647220850,-0.184118,-0.943160,0.931960,-0.232461,,,0.253642,-0.207613,0.170883,0.736,1.648
search,lower,4,reverse,52.3247,1194.710,963,rolling,1596.932,1288,1597.419,4.910,0,0,1783746273.647220850,-0.184118,-0.943160,0.931960,-0.232461,,,0.253642,-0.207613,0.170883,0.736,1.648
search,lower,4,reverse,52.3467,1194.710,963,rolling,1596.871,1288,1597.329,4.820,1,16,1783746273.745164633,-0.197260,-0.960825,0.954251,-0.230541,-0.0220161,0.0222911,0.275658,-0.229630,0.193174,0.736,1.648
search,lower,4,reverse,52.3490,1194.710,963,rolling,1596.871,1288,1597.329,4.820,0,0,1783746273.745164633,-0.197260,-0.960825,0.954251,-0.230541,,,0.275658,-0.229630,0.193174,0.736,1.648
search,lower,4,reverse,52.3705,1194.710,963,rolling,1596.871,1288,1597.329,4.820,0,0,1783746273.745164633,-0.197260,-0.960825,0.954251,-0.230541,,,0.275658,-0.229630,0.193174,0.736,1.648
search,lower,4,reverse,52.3920,1194.710,963,rolling,1596.871,1288,1597.329,4.820,0,0,1783746273.745164633,-0.197260,-0.960825,0.954251,-0.230541,,,0.275658,-0.229630,0.193174,0.736,1.648
search,lower,4,reverse,52.4135,1194.710,963,rolling,1596.871,1288,1597.329,4.820,0,0,1783746273.745164633,-0.197260,-0.960825,0.954251,-0.230541,,,0.275658,-0.229630,0.193174,0.718,1.648
search,lower,4,reverse,52.4258,1194.710,963,rolling,1596.525,1288,1597.195,4.686,1,17,1783746273.845606804,-0.213956,-0.984305,0.973891,-0.244612,-0.0288094,0.0196408,0.304468,-0.258439,0.212815,0.718,1.648
search,lower,4,reverse,52.4451,1194.710,963,rolling,1596.525,1288,1597.195,4.686,0,0,1783746273.845606804,-0.213956,-0.984305,0.973891,-0.244612,,,0.304468,-0.258439,0.212815,0.718,1.648
search,lower,4,reverse,52.4670,1194.710,963,rolling,1596.525,1288,1597.195,4.686,0,0,1783746273.845606804,-0.213956,-0.984305,0.973891,-0.244612,,,0.304468,-0.258439,0.212815,0.718,1.648
search,lower,4,reverse,52.4887,1194.710,963,rolling,1596.525,1288,1597.195,4.686,0,0,1783746273.845606804,-0.213956,-0.984305,0.973891,-0.244612,,,0.304468,-0.258439,0.212815,0.718,1.648
search,lower,4,reverse,52.5103,1194.710,963,rolling,1596.525,1288,1597.195,4.686,0,0,1783746273.845606804,-0.213956,-0.984305,0.973891,-0.244612,,,0.304468,-0.258439,0.212815,0.707,1.676
search,lower,4,reverse,52.5230,1194.710,963,rolling,1596.488,1287,1597.076,4.567,1,18,1783746273.946295977,-0.227029,-1.002568,0.994862,-0.239190,-0.0224461,0.0209702,0.326914,-0.280885,0.233785,0.707,1.676
search,lower,4,reverse,52.5443,1194.710,963,rolling,1596.488,1287,1597.076,4.567,0,0,1783746273.946295977,-0.227029,-1.002568,0.994862,-0.239190,,,0.326914,-0.280885,0.233785,0.707,1.676
search,lower,4,reverse,52.5661,1194.710,963,rolling,1596.488,1287,1597.076,4.567,0,0,1783746273.946295977,-0.227029,-1.002568,0.994862,-0.239190,,,0.326914,-0.280885,0.233785,0.707,1.676
search,lower,4,reverse,52.5878,1194.710,963,rolling,1596.488,1287,1597.076,4.567,0,0,1783746273.946295977,-0.227029,-1.002568,0.994862,-0.239190,,,0.326914,-0.280885,0.233785,0.707,1.676
search,lower,4,reverse,52.6094,1194.710,963,rolling,1596.488,1287,1597.076,4.567,0,0,1783746273.946295977,-0.227029,-1.002568,0.994862,-0.239190,,,0.326914,-0.280885,0.233785,0.685,1.706
search,lower,4,reverse,52.6231,1194.710,963,rolling,1596.237,1287,1596.939,4.430,1,19,1783746274.043831587,-0.240023,-1.025481,1.018445,-0.246831,-0.0263104,0.0235836,0.353224,-0.307195,0.257369,0.685,1.706
search,lower,4,reverse,52.6450,1194.710,963,rolling,1596.237,1287,1596.939,4.430,0,0,1783746274.043831587,-0.240023,-1.025481,1.018445,-0.246831,,,0.353224,-0.307195,0.257369,0.685,1.706
search,lower,4,reverse,52.6668,1194.710,963,rolling,1596.237,1287,1596.939,4.430,0,0,1783746274.043831587,-0.240023,-1.025481,1.018445,-0.246831,,,0.353224,-0.307195,0.257369,0.685,1.706
search,lower,4,reverse,52.6885,1194.710,963,rolling,1596.237,1287,1596.939,4.430,0,0,1783746274.043831587,-0.240023,-1.025481,1.018445,-0.246831,,,0.353224,-0.307195,0.257369,0.685,1.706
search,lower,4,reverse,52.7101,1194.710,963,rolling,1596.237,1287,1596.939,4.430,0,0,1783746274.043831587,-0.240023,-1.025481,1.018445,-0.246831,,,0.353224,-0.307195,0.257369,0.676,1.732
search,lower,4,reverse,52.7209,1194.710,963,rolling,1596.077,1287,1596.795,4.286,1,20,1783746274.143982887,-0.252440,-1.047361,1.040028,-0.247901,-0.0251491,0.0215832,0.378373,-0.332344,0.278952,0.676,1.732
search,lower,4,reverse,52.7411,1194.710,963,rolling,1596.077,1287,1596.795,4.286,0,0,1783746274.143982887,-0.252440,-1.047361,1.040028,-0.247901,,,0.378373,-0.332344,0.278952,0.676,1.732
search,lower,4,reverse,52.7627,1194.710,963,rolling,1596.077,1287,1596.795,4.286,0,0,1783746274.143982887,-0.252440,-1.047361,1.040028,-0.247901,,,0.378373,-0.332344,0.278952,0.676,1.732
search,lower,4,reverse,52.7843,1194.710,963,rolling,1596.077,1287,1596.795,4.286,0,0,1783746274.143982887,-0.252440,-1.047361,1.040028,-0.247901,,,0.378373,-0.332344,0.278952,0.676,1.732
search,lower,4,reverse,52.8058,1194.710,963,rolling,1596.077,1287,1596.795,4.286,0,0,1783746274.143982887,-0.252440,-1.047361,1.040028,-0.247901,,,0.378373,-0.332344,0.278952,0.655,1.740
search,lower,4,reverse,52.8213,1194.710,963,rolling,1595.860,1287,1596.642,4.133,1,21,1783746274.241789579,-0.264586,-1.070255,1.061443,-0.252137,-0.0259037,0.0214150,0.404277,-0.358248,0.300367,0.655,1.740
search,lower,5,forward,55.2196,1137.539,917,startup,1417.865,1143,1415.105,-4.278,1,1,1783746276.641242266,-0.275504,-1.095346,1.095345,0.000614,0.0005959,-0.0005350,0.000596,0.000000,0.000000,0.634,1.768
search,lower,5,forward,55.2315,1137.539,917,startup,1417.865,1143,1415.105,-4.278,0,0,1783746276.641242266,-0.275504,-1.095346,1.095345,0.000614,,,0.000596,0.000000,0.000000,0.634,1.768
search,lower,5,forward,55.2532,1137.539,917,startup,1417.865,1143,1415.105,-4.278,0,0,1783746276.641242266,-0.275504,-1.095346,1.095345,0.000614,,,0.000596,0.000000,0.000000,0.634,1.768
search,lower,5,forward,55.2747,1137.539,917,startup,1417.865,1143,1415.105,-4.278,0,0,1783746276.641242266,-0.275504,-1.095346,1.095345,0.000614,,,0.000596,0.000000,0.000000,0.634,1.768
search,lower,5,forward,55.2963,1137.539,917,startup,1417.865,1143,1415.105,-4.278,0,0,1783746276.641242266,-0.275504,-1.095346,1.095345,0.000614,,,0.000596,0.000000,0.000000,0.634,1.768
search,lower,5,forward,55.3178,1137.539,917,startup,1417.865,1143,1415.105,-4.278,0,0,1783746276.641242266,-0.275504,-1.095346,1.095345,0.000614,,,0.000596,0.000000,0.000000,0.639,1.780
search,lower,5,forward,55.3211,1137.539,917,startup,1416.625,1142,1415.105,-4.278,1,2,1783746276.741743088,-0.278632,-1.096818,1.094442,-0.006360,-0.0027416,-0.0009026,0.003337,0.000000,0.000000,0.639,1.780
search,lower,5,forward,55.3355,1137.539,917,startup,1416.625,1142,1415.105,-4.278,0,0,1783746276.741743088,-0.278632,-1.096818,1.094442,-0.006360,,,0.003337,0.000000,0.000000,0.639,1.780
search,lower,5,forward,55.3572,1137.539,917,startup,1416.625,1142,1415.105,-4.278,0,0,1783746276.741743088,-0.278632,-1.096818,1.094442,-0.006360,,,0.003337,0.000000,0.000000,0.639,1.780
search,lower,5,forward,55.3789,1137.539,917,startup,1416.625,1142,1415.105,-4.278,0,0,1783746276.741743088,-0.278632,-1.096818,1.094442,-0.006360,,,0.003337,0.000000,0.000000,0.639,1.780
search,lower,5,forward,55.4005,1137.539,917,startup,1416.625,1142,1415.105,-4.278,0,0,1783746276.741743088,-0.278632,-1.096818,1.094442,-0.006360,,,0.003337,0.000000,0.000000,0.636,1.760
search,lower,5,forward,55.4215,1137.539,917,startup,1416.625,1142,1415.105,-4.278,0,0,1783746276.741743088,-0.278632,-1.096818,1.094442,-0.006360,,,0.003337,0.000000,0.000000,0.636,1.760
search,lower,5,forward,55.4435,1137.539,917,startup,1415.385,1141,1415.105,-4.278,1,3,1783746276.842063665,-0.276626,-1.092520,1.095990,0.007041,0.0047396,0.0015477,0.008077,0.000000,0.000000,0.636,1.760
search,lower,5,forward,55.4474,1137.539,917,startup,1415.385,1141,1415.105,-4.278,0,0,1783746276.842063665,-0.276626,-1.092520,1.095990,0.007041,,,0.008077,0.000000,0.000000,0.636,1.760
search,lower,5,forward,55.4690,1137.539,917,startup,1415.385,1141,1415.105,-4.278,0,0,1783746276.842063665,-0.276626,-1.092520,1.095990,0.007041,,,0.008077,0.000000,0.000000,0.636,1.760
search,lower,5,forward,55.4906,1137.539,917,startup,1415.385,1141,1415.105,-4.278,0,0,1783746276.842063665,-0.276626,-1.092520,1.095990,0.007041,,,0.008077,0.000000,0.000000,0.636,1.760
search,lower,5,forward,55.5121,1137.539,917,startup,1415.385,1141,1415.105,-4.278,0,0,1783746276.842063665,-0.276626,-1.092520,1.095990,0.007041,,,0.008077,0.000000,0.000000,0.639,1.762
search,lower,5,forward,55.5221,1137.539,917,startup,1414.145,1140,1415.105,-4.278,1,4,1783746276.942443371,-0.278424,-1.096257,1.095832,-0.005044,-0.0041455,-0.0001579,0.012223,0.000000,0.000000,0.639,1.762
search,lower,5,forward,55.5351,1137.539,917,startup,1414.145,1140,1415.105,-4.278,0,0,1783746276.942443371,-0.278424,-1.096257,1.095832,-0.005044,,,0.012223,0.000000,0.000000,0.639,1.762
search,lower,5,forward,55.5568,1137.539,917,startup,1414.145,1140,1415.105,-4.278,0,0,1783746276.942443371,-0.278424,-1.096257,1.095832,-0.005044,,,0.012223,0.000000,0.000000,0.639,1.762
search,lower,5,forward,55.5783,1137.539,917,startup,1414.145,1140,1415.105,-4.278,0,0,1783746276.942443371,-0.278424,-1.096257,1.095832,-0.005044,,,0.012223,0.000000,0.000000,0.639,1.762
search,lower,5,forward,55.5998,1137.539,917,startup,1414.145,1140,1415.105,-4.278,0,0,1783746276.942443371,-0.278424,-1.096257,1.095832,-0.005044,,,0.012223,0.000000,0.000000,0.637,1.779
search,lower,5,forward,55.6207,1137.539,917,startup,1411.045,1138,1415.105,-4.278,1,5,1783746277.042907715,-0.278046,-1.094943,1.096463,-0.000443,0.0013419,0.0006309,0.013564,0.000000,0.000000,0.637,1.779
search,lower,5,forward,55.6395,1137.539,917,startup,1411.045,1138,1415.105,-4.278,0,0,1783746277.042907715,-0.278046,-1.094943,1.096463,-0.000443,,,0.013564,0.000000,0.000000,0.637,1.779
search,lower,5,forward,55.6612,1137.539,917,startup,1411.045,1138,1415.105,-4.278,0,0,1783746277.042907715,-0.278046,-1.094943,1.096463,-0.000443,,,0.013564,0.000000,0.000000,0.637,1.779
search,lower,5,forward,55.6828,1137.539,917,startup,1411.045,1138,1415.105,-4.278,0,0,1783746277.042907715,-0.278046,-1.094943,1.096463,-0.000443,,,0.013564,0.000000,0.000000,0.637,1.779
search,lower,5,forward,55.7043,1137.539,917,startup,1411.045,1138,1415.105,-4.278,0,0,1783746277.042907715,-0.278046,-1.094943,1.096463,-0.000443,,,0.013564,0.000000,0.000000,0.641,1.752
search,lower,5,forward,55.7204,1137.539,917,startup,1407.945,1135,1415.105,-4.278,1,6,1783746277.141249895,-0.274704,-1.093624,1.095026,0.006534,0.0027012,-0.0014367,0.016266,0.000000,0.000000,0.641,1.752
search,lower,5,forward,55.7351,1137.539,917,startup,1407.945,1135,1415.105,-4.278,0,0,1783746277.141249895,-0.274704,-1.093624,1.095026,0.006534,,,0.016266,0.000000,0.000000,0.641,1.752
search,lower,5,forward,55.7568,1137.539,917,startup,1407.945,1135,1415.105,-4.278,0,0,1783746277.141249895,-0.274704,-1.093624,1.095026,0.006534,,,0.016266,0.000000,0.000000,0.641,1.752
search,lower,5,forward,55.7783,1137.539,917,startup,1407.945,1135,1415.105,-4.278,0,0,1783746277.141249895,-0.274704,-1.093624,1.095026,0.006534,,,0.016266,0.000000,0.000000,0.641,1.752
search,lower,5,forward,55.7999,1137.539,917,startup,1407.945,1135,1415.105,-4.278,0,0,1783746277.141249895,-0.274704,-1.093624,1.095026,0.006534,,,0.016266,0.000000,0.000000,0.642,1.740
search,lower,5,forward,55.8207,1137.539,917,startup,1404.845,1133,1415.105,-4.278,1,7,1783746277.241206169,-0.274409,-1.087654,1.088263,0.018492,0.0054342,-0.0067634,0.021700,0.000000,0.000000,0.642,1.740
search,lower,5,forward,55.8394,1137.539,917,startup,1404.845,1133,1415.105,-4.278,0,0,1783746277.241206169,-0.274409,-1.087654,1.088263,0.018492,,,0.021700,0.000000,0.000000,0.642,1.740
search,lower,5,forward,55.8610,1137.539,917,startup,1404.845,1133,1415.105,-4.278,0,0,1783746277.241206169,-0.274409,-1.087654,1.088263,0.018492,,,0.021700,0.000000,0.000000,0.642,1.740
search,lower,5,forward,55.8825,1137.539,917,startup,1404.845,1133,1415.105,-4.278,0,0,1783746277.241206169,-0.274409,-1.087654,1.088263,0.018492,,,0.021700,0.000000,0.000000,0.642,1.740
search,lower,5,forward,55.9040,1137.539,917,startup,1404.845,1133,1415.105,-4.278,0,0,1783746277.241206169,-0.274409,-1.087654,1.088263,0.018492,,,0.021700,0.000000,0.000000,0.652,2.006
search,lower,5,forward,55.9209,1137.539,917,startup,1404.845,1133,1415.105,-4.278,0,0,1783746277.241206169,-0.274409,-1.087654,1.088263,0.018492,,,0.021700,0.000000,0.000000,0.652,2.006
search,lower,5,forward,55.9428,1137.539,917,rolling,1415.105,1141,1415.105,-4.278,1,8,1783746277.341650248,-0.265656,-1.073249,1.075298,0.055753,0.0168281,-0.0129648,0.038528,0.000000,0.000000,0.652,2.006
search,lower,5,forward,55.9479,1137.539,917,rolling,1415.105,1141,1415.105,-4.278,0,0,1783746277.341650248,-0.265656,-1.073249,1.075298,0.055753,,,0.038528,0.000000,0.000000,0.652,2.006
search,lower,5,forward,55.9696,1137.539,917,rolling,1415.105,1141,1415.105,-4.278,0,0,1783746277.341650248,-0.265656,-1.073249,1.075298,0.055753,,,0.038528,0.000000,0.000000,0.652,2.006
search,lower,5,forward,55.9911,1137.539,917,rolling,1415.105,1141,1415.105,-4.278,0,0,1783746277.341650248,-0.265656,-1.073249,1.075298,0.055753,,,0.038528,0.000000,0.000000,0.652,2.006
search,lower,5,forward,56.0126,1137.539,917,rolling,1415.105,1141,1415.105,-4.278,0,0,1783746277.341650248,-0.265656,-1.073249,1.075298,0.055753,,,0.038528,0.000000,0.000000,0.662,1.729
search,lower,5,forward,56.0220,1137.539,917,rolling,1413.150,1140,1414.850,-4.534,1,9,1783746277.441854239,-0.251349,-1.047627,1.057886,0.115028,0.0293448,-0.0174116,0.067873,0.029345,-0.017412,0.662,1.729
search,lower,5,forward,56.0421,1137.539,917,rolling,1413.150,1140,1414.850,-4.534,0,0,1783746277.441854239,-0.251349,-1.047627,1.057886,0.115028,,,0.067873,0.029345,-0.017412,0.662,1.729
search,lower,5,forward,56.0637,1137.539,917,rolling,1413.150,1140,1414.850,-4.534,0,0,1783746277.441854239,-0.251349,-1.047627,1.057886,0.115028,,,0.067873,0.029345,-0.017412,0.662,1.729
search,lower,5,forward,56.0852,1137.539,917,rolling,1413.150,1140,1414.850,-4.534,0,0,1783746277.441854239,-0.251349,-1.047627,1.057886,0.115028,,,0.067873,0.029345,-0.017412,0.662,1.729
search,lower,5,forward,56.1069,1137.539,917,rolling,1413.150,1140,1414.850,-4.534,0,0,1783746277.441854239,-0.251349,-1.047627,1.057886,0.115028,,,0.067873,0.029345,-0.017412,0.677,1.691
search,lower,5,forward,56.1218,1137.539,917,rolling,1413.150,1140,1414.850,-4.534,0,0,1783746277.441854239,-0.251349,-1.047627,1.057886,0.115028,,,0.067873,0.029345,-0.017412,0.677,1.691
search,lower,5,forward,56.1436,1137.539,917,rolling,1413.373,1140,1414.656,-4.728,1,10,1783746277.542492867,-0.243726,-1.028975,1.035305,0.135863,0.0199634,-0.0225809,0.087836,0.049308,-0.039992,0.677,1.691
search,lower,5,forward,56.1463,1137.539,917,rolling,1413.373,1140,1414.656,-4.728,0,0,1783746277.542492867,-0.243726,-1.028975,1.035305,0.135863,,,0.087836,0.049308,-0.039992,0.677,1.691
search,lower,5,forward,56.1680,1137.539,917,rolling,1413.373,1140,1414.656,-4.728,0,0,1783746277.542492867,-0.243726,-1.028975,1.035305,0.135863,,,0.087836,0.049308,-0.039992,0.677,1.691
search,lower,5,forward,56.1895,1137.539,917,rolling,1413.373,1140,1414.656,-4.728,0,0,1783746277.542492867,-0.243726,-1.028975,1.035305,0.135863,,,0.087836,0.049308,-0.039992,0.677,1.691
search,lower,5,forward,56.2110,1137.539,917,rolling,1413.373,1140,1414.656,-4.728,0,0,1783746277.542492867,-0.243726,-1.028975,1.035305,0.135863,,,0.087836,0.049308,-0.039992,0.695,1.669
search,lower,5,forward,56.2219,1137.539,917,rolling,1413.609,1140,1414.519,-4.864,1,11,1783746277.642714024,-0.233685,-1.010402,1.012517,0.154495,0.0210859,-0.0227887,0.108922,0.070394,-0.062781,0.695,1.669
search,lower,5,forward,56.2367,1137.539,917,rolling,1413.609,1140,1414.519,-4.864,0,0,1783746277.642714024,-0.233685,-1.010402,1.012517,0.154495,,,0.108922,0.070394,-0.062781,0.695,1.669
search,lower,5,forward,56.2584,1137.539,917,rolling,1413.609,1140,1414.519,-4.864,0,0,1783746277.642714024,-0.233685,-1.010402,1.012517,0.154495,,,0.108922,0.070394,-0.062781,0.695,1.669
search,lower,5,forward,56.2802,1137.539,917,rolling,1413.609,1140,1414.519,-4.864,0,0,1783746277.642714024,-0.233685,-1.010402,1.012517,0.154495,,,0.108922,0.070394,-0.062781,0.695,1.669
search,lower,5,forward,56.3018,1137.539,917,rolling,1413.609,1140,1414.519,-4.864,0,0,1783746277.642714024,-0.233685,-1.010402,1.012517,0.154495,,,0.108922,0.070394,-0.062781,0.711,1.666
search,lower,5,forward,56.3204,1137.539,917,rolling,1414.287,1141,1414.489,-4.895,1,12,1783746277.742833138,-0.216976,-0.985896,0.987599,0.189905,0.0296487,-0.0249181,0.138571,0.100043,-0.087699,0.711,1.666
search,lower,5,forward,56.3390,1137.539,917,rolling,1414.287,1141,1414.489,-4.895,0,0,1783746277.742833138,-0.216976,-0.985896,0.987599,0.189905,,,0.138571,0.100043,-0.087699,0.711,1.666
search,lower,5,forward,56.3609,1137.539,917,rolling,1414.287,1141,1414.489,-4.895,0,0,1783746277.742833138,-0.216976,-0.985896,0.987599,0.189905,,,0.138571,0.100043,-0.087699,0.711,1.666
search,lower,5,forward,56.3826,1137.539,917,rolling,1414.287,1141,1414.489,-4.895,0,0,1783746277.742833138,-0.216976,-0.985896,0.987599,0.189905,,,0.138571,0.100043,-0.087699,0.711,1.666
search,lower,5,forward,56.4042,1137.539,917,rolling,1414.287,1141,1414.489,-4.895,0,0,1783746277.742833138,-0.216976,-0.985896,0.987599,0.189905,,,0.138571,0.100043,-0.087699,0.727,1.671
search,lower,5,forward,56.4206,1137.539,917,rolling,1414.287,1141,1414.489,-4.895,0,0,1783746277.742833138,-0.216976,-0.985896,0.987599,0.189905,,,0.138571,0.100043,-0.087699,0.727,1.671
search,lower,5,forward,56.4428,1137.539,917,rolling,1414.642,1141,1414.509,-4.875,1,13,1783746277.841306925,-0.205642,-0.963006,0.961053,0.206669,0.0253040,-0.0265459,0.163875,0.125347,-0.114245,0.727,1.671
search,lower,5,forward,56.4447,1137.539,917,rolling,1414.642,1141,1414.509,-4.875,0,0,1783746277.841306925,-0.205642,-0.963006,0.961053,0.206669,,,0.163875,0.125347,-0.114245,0.727,1.671
search,lower,5,forward,56.4664,1137.539,917,rolling,1414.642,1141,1414.509,-4.875,0,0,1783746277.841306925,-0.205642,-0.963006,0.961053,0.206669,,,0.163875,0.125347,-0.114245,0.727,1.671
search,lower,5,forward,56.4881,1137.539,917,rolling,1414.642,1141,1414.509,-4.875,0,0,1783746277.841306925,-0.205642,-0.963006,0.961053,0.206669,,,0.163875,0.125347,-0.114245,0.727,1.671
search,lower,5,forward,56.5097,1137.539,917,rolling,1414.642,1141,1414.509,-4.875,0,0,1783746277.841306925,-0.205642,-0.963006,0.961053,0.206669,,,0.163875,0.125347,-0.114245,0.753,1.890
search,lower,5,forward,56.5214,1137.539,917,rolling,1414.869,1141,1414.556,-4.828,1,14,1783746277.941510439,-0.191852,-0.942967,0.932516,0.215678,0.0243199,-0.0285367,0.188195,0.149667,-0.142782,0.753,1.890
search,lower,5,forward,56.5313,1137.539,917,rolling,1414.869,1141,1414.556,-4.828,0,0,1783746277.941510439,-0.191852,-0.942967,0.932516,0.215678,,,0.188195,0.149667,-0.142782,0.753,1.890
search,lower,5,forward,56.5530,1137.539,917,rolling,1414.869,1141,1414.556,-4.828,0,0,1783746277.941510439,-0.191852,-0.942967,0.932516,0.215678,,,0.188195,0.149667,-0.142782,0.753,1.890
search,lower,5,forward,56.5745,1137.539,917,rolling,1414.869,1141,1414.556,-4.828,0,0,1783746277.941510439,-0.191852,-0.942967,0.932516,0.215678,,,0.188195,0.149667,-0.142782,0.753,1.890
search,lower,5,forward,56.5961,1137.539,917,rolling,1414.869,1141,1414.556,-4.828,0,0,1783746277.941510439,-0.191852,-0.942967,0.932516,0.215678,,,0.188195,0.149667,-0.142782,0.753,1.890
search,lower,5,forward,56.6178,1137.539,917,rolling,1414.869,1141,1414.556,-4.828,0,0,1783746277.941510439,-0.191852,-0.942967,0.932516,0.215678,,,0.188195,0.149667,-0.142782,0.766,2.138
search,lower,5,forward,56.6203,1137.539,917,rolling,1415.066,1141,1414.623,-4.761,1,15,1783746278.042178154,-0.177083,-0.923640,0.907983,0.222166,0.0243244,-0.0245331,0.212519,0.173991,-0.167315,0.766,2.138
search,lower,5,forward,56.6405,1137.539,917,rolling,1415.066,1141,1414.623,-4.761,0,0,1783746278.042178154,-0.177083,-0.923640,0.907983,0.222166,,,0.212519,0.173991,-0.167315,0.766,2.138
search,lower,5,forward,56.6622,1137.539,917,rolling,1415.066,1141,1414.623,-4.761,0,0,1783746278.042178154,-0.177083,-0.923640,0.907983,0.222166,,,0.212519,0.173991,-0.167315,0.766,2.138
search,lower,5,forward,56.6838,1137.539,917,rolling,1415.066,1141,1414.623,-4.761,0,0,1783746278.042178154,-0.177083,-0.923640,0.907983,0.222166,,,0.212519,0.173991,-0.167315,0.766,2.138
search,lower,5,forward,56.7054,1137.539,917,rolling,1415.066,1141,1414.623,-4.761,0,0,1783746278.042178154,-0.177083,-0.923640,0.907983,0.222166,,,0.212519,0.173991,-0.167315,0.789,2.118
search,lower,5,forward,56.7194,1137.539,917,rolling,1415.348,1141,1414.715,-4.668,1,16,1783746278.139653444,-0.161221,-0.903879,0.884666,0.231615,0.0253396,-0.0233170,0.237859,0.199331,-0.190632,0.789,2.118
search,lower,5,forward,56.7357,1137.539,917,rolling,1415.348,1141,1414.715,-4.668,0,0,1783746278.139653444,-0.161221,-0.903879,0.884666,0.231615,,,0.237859,0.199331,-0.190632,0.789,2.118
search,lower,5,forward,56.7574,1137.539,917,rolling,1415.348,1141,1414.715,-4.668,0,0,1783746278.139653444,-0.161221,-0.903879,0.884666,0.231615,,,0.237859,0.199331,-0.190632,0.789,2.118
search,lower,5,forward,56.7789,1137.539,917,rolling,1415.348,1141,1414.715,-4.668,0,0,1783746278.139653444,-0.161221,-0.903879,0.884666,0.231615,,,0.237859,0.199331,-0.190632,0.789,2.118
search,lower,5,forward,56.8004,1137.539,917,rolling,1415.348,1141,1414.715,-4.668,0,0,1783746278.139653444,-0.161221,-0.903879,0.884666,0.231615,,,0.237859,0.199331,-0.190632,0.802,2.097
search,lower,5,forward,56.8197,1137.539,917,rolling,1415.557,1142,1414.826,-4.558,1,17,1783746278.240333319,-0.145469,-0.884051,0.860421,0.236568,0.0253138,-0.0242447,0.263172,0.224645,-0.214877,0.802,2.097
search,lower,5,forward,56.8276,1137.539,917,rolling,1415.557,1142,1414.826,-4.558,0,0,1783746278.240333319,-0.145469,-0.884051,0.860421,0.236568,,,0.263172,0.224645,-0.214877,0.802,2.097
search,lower,5,forward,56.8492,1137.539,917,rolling,1415.557,1142,1414.826,-4.558,0,0,1783746278.240333319,-0.145469,-0.884051,0.860421,0.236568,,,0.263172,0.224645,-0.214877,0.802,2.097
search,lower,5,forward,56.8707,1137.539,917,rolling,1415.557,1142,1414.826,-4.558,0,0,1783746278.240333319,-0.145469,-0.884051,0.860421,0.236568,,,0.263172,0.224645,-0.214877,0.802,2.097
search,lower,5,forward,56.8922,1137.539,917,rolling,1415.557,1142,1414.826,-4.558,0,0,1783746278.240333319,-0.145469,-0.884051,0.860421,0.236568,,,0.263172,0.224645,-0.214877,0.802,2.097
search,lower,5,forward,56.9139,1137.539,917,rolling,1415.557,1142,1414.826,-4.558,0,0,1783746278.240333319,-0.145469,-0.884051,0.860421,0.236568,,,0.263172,0.224645,-0.214877,0.820,2.077
search,lower,5,forward,56.9176,1137.539,917,rolling,1415.550,1142,1414.920,-4.463,1,18,1783746278.340553284,-0.131274,-0.867672,0.837437,0.231491,0.0216737,-0.0229841,0.284846,0.246318,-0.237861,0.820,2.077
search,lower,5,forward,56.9327,1137.539,917,rolling,1415.550,1142,1414.920,-4.463,0,0,1783746278.340553284,-0.131274,-0.867672,0.837437,0.231491,,,0.284846,0.246318,-0.237861,0.820,2.077
search,lower,5,forward,56.9543,1137.539,917,rolling,1415.550,1142,1414.920,-4.463,0,0,1783746278.340553284,-0.131274,-0.867672,0.837437,0.231491,,,0.284846,0.246318,-0.237861,0.820,2.077
search,lower,5,forward,56.9758,1137.539,917,rolling,1415.550,1142,1414.920,-4.463,0,0,1783746278.340553284,-0.131274,-0.867672,0.837437,0.231491,,,0.284846,0.246318,-0.237861,0.820,2.077
search,lower,5,forward,56.9973,1137.539,917,rolling,1415.550,1142,1414.920,-4.463,0,0,1783746278.340553284,-0.131274,-0.867672,0.837437,0.231491,,,0.284846,0.246318,-0.237861,0.836,2.059
search,lower,5,forward,57.0185,1137.539,917,rolling,1415.504,1142,1414.995,-4.389,1,19,1783746278.438544273,-0.117031,-0.853178,0.815381,0.225435,0.0203103,-0.0220556,0.305156,0.266629,-0.259916,0.836,2.059
search,lower,5,forward,57.0290,1137.539,917,rolling,1415.504,1142,1414.995,-4.389,0,0,1783746278.438544273,-0.117031,-0.853178,0.815381,0.225435,,,0.305156,0.266629,-0.259916,0.836,2.059
search,lower,5,forward,57.0507,1137.539,917,rolling,1415.504,1142,1414.995,-4.389,0,0,1783746278.438544273,-0.117031,-0.853178,0.815381,0.225435,,,0.305156,0.266629,-0.259916,0.836,2.059
search,lower,5,forward,57.0722,1137.539,917,rolling,1415.504,1142,1414.995,-4.389,0,0,1783746278.438544273,-0.117031,-0.853178,0.815381,0.225435,,,0.305156,0.266629,-0.259916,0.836,2.059
search,lower,5,forward,57.0937,1137.539,917,rolling,1415.504,1142,1414.995,-4.389,0,0,1783746278.438544273,-0.117031,-0.853178,0.815381,0.225435,,,0.305156,0.266629,-0.259916,0.836,2.059
search,lower,5,forward,57.1152,1137.539,917,rolling,1415.504,1142,1414.995,-4.389,0,0,1783746278.438544273,-0.117031,-0.853178,0.815381,0.225435,,,0.305156,0.266629,-0.259916,0.871,2.043
search,lower,5,forward,57.1182,1137.539,917,rolling,1415.382,1141,1415.046,-4.338,1,20,1783746278.539124250,-0.107378,-0.835832,0.796521,0.216798,0.0191993,-0.0188609,0.324356,0.285828,-0.278777,0.871,2.043
search,lower,5,forward,57.1366,1137.539,917,rolling,1415.382,1141,1415.046,-4.338,0,0,1783746278.539124250,-0.107378,-0.835832,0.796521,0.216798,,,0.324356,0.285828,-0.278777,0.871,2.043
search,lower,5,forward,57.1582,1137.539,917,rolling,1415.382,1141,1415.046,-4.338,0,0,1783746278.539124250,-0.107378,-0.835832,0.796521,0.216798,,,0.324356,0.285828,-0.278777,0.871,2.043
search,lower,5,forward,57.1798,1137.539,917,rolling,1415.382,1141,1415.046,-4.338,0,0,1783746278.539124250,-0.107378,-0.835832,0.796521,0.216798,,,0.324356,0.285828,-0.278777,0.871,2.043
search,lower,5,forward,57.2014,1137.539,917,rolling,1415.382,1141,1415.046,-4.338,0,0,1783746278.539124250,-0.107378,-0.835832,0.796521,0.216798,,,0.324356,0.285828,-0.278777,0.877,2.026
search,lower,5,forward,57.2163,1137.539,917,rolling,1415.181,1141,1415.064,-4.320,1,21,1783746278.639203548,-0.096933,-0.821794,0.782909,0.205871,0.0173227,-0.0136117,0.341678,0.303150,-0.292389,0.877,2.026
search,lower,5,forward,57.2334,1137.539,917,rolling,1415.181,1141,1415.064,-4.320,0,0,1783746278.639203548,-0.096933,-0.821794,0.782909,0.205871,,,0.341678,0.303150,-0.292389,0.877,2.026
search,lower,5,forward,57.2550,1137.539,917,rolling,1415.181,1141,1415.064,-4.320,0,0,1783746278.639203548,-0.096933,-0.821794,0.782909,0.205871,,,0.341678,0.303150,-0.292389,0.877,2.026
search,lower,5,forward,57.2765,1137.539,917,rolling,1415.181,1141,1415.064,-4.320,0,0,1783746278.639203548,-0.096933,-0.821794,0.782909,0.205871,,,0.341678,0.303150,-0.292389,0.877,2.026
search,lower,5,forward,57.2981,1137.539,917,rolling,1415.181,1141,1415.064,-4.320,0,0,1783746278.639203548,-0.096933,-0.821794,0.782909,0.205871,,,0.341678,0.303150,-0.292389,0.899,2.010
search,lower,5,forward,57.3164,1137.539,917,rolling,1414.555,1141,1414.999,-4.385,1,22,1783746278.736871719,-0.088646,-0.817181,0.765285,0.177826,0.0091505,-0.0176237,0.350829,0.312301,-0.310013,0.899,2.010
search,lower,5,forward,57.3342,1137.539,917,rolling,1414.555,1141,1414.999,-4.385,0,0,1783746278.736871719,-0.088646,-0.817181,0.765285,0.177826,,,0.350829,0.312301,-0.310013,0.899,2.010
search,lower,5,forward,57.3559,1137.539,917,rolling,1414.555,1141,1414.999,-4.385,0,0,1783746278.736871719,-0.088646,-0.817181,0.765285,0.177826,,,0.350829,0.312301,-0.310013,0.899,2.010
search,lower,5,forward,57.3774,1137.539,917,rolling,1414.555,1141,1414.999,-4.385,0,0,1783746278.736871719,-0.088646,-0.817181,0.765285,0.177826,,,0.350829,0.312301,-0.310013,0.899,2.010
search,lower,5,forward,57.3989,1137.539,917,rolling,1414.555,1141,1414.999,-4.385,0,0,1783746278.736871719,-0.088646,-0.817181,0.765285,0.177826,,,0.350829,0.312301,-0.310013,0.911,1.993
search,lower,5,forward,57.4167,1137.539,917,rolling,1414.515,1141,1414.935,-4.449,1,23,1783746278.837442636,-0.075525,-0.804350,0.744453,0.178980,0.0183483,-0.0208316,0.369177,0.330649,-0.330844,0.911,1.993
search,lower,5,forward,57.4385,1137.539,917,rolling,1414.515,1141,1414.935,-4.449,0,0,1783746278.837442636,-0.075525,-0.804350,0.744453,0.178980,,,0.369177,0.330649,-0.330844,0.911,1.993
search,lower,5,forward,57.4605,1137.539,917,rolling,1414.515,1141,1414.935,-4.449,0,0,1783746278.837442636,-0.075525,-0.804350,0.744453,0.178980,,,0.369177,0.330649,-0.330844,0.911,1.993
search,lower,5,forward,57.4823,1137.539,917,rolling,1414.515,1141,1414.935,-4.449,0,0,1783746278.837442636,-0.075525,-0.804350,0.744453,0.178980,,,0.369177,0.330649,-0.330844,0.911,1.993
search,lower,5,forward,57.5039,1137.539,917,rolling,1414.515,1141,1414.935,-4.449,0,0,1783746278.837442636,-0.075525,-0.804350,0.744453,0.178980,,,0.369177,0.330649,-0.330844,0.933,1.979
search,lower,5,forward,57.5171,1137.539,917,rolling,1414.692,1141,1414.903,-4.480,1,24,1783746278.937631607,-0.058046,-0.790696,0.723181,0.189442,0.0221245,-0.0212727,0.391302,0.352774,-0.352117,0.933,1.979
search,lower,5,reverse,58.9143,1137.539,917,startup,1593.882,1285,1596.642,4.133,1,1,1783746280.335886240,-0.032002,-0.766085,0.686018,0.007087,0.0005866,0.0002563,0.000587,0.000000,0.000000,0.960,1.960
search,lower,5,reverse,58.9255,1137.539,917,startup,1593.882,1285,1596.642,4.133,0,0,1783746280.335886240,-0.032002,-0.766085,0.686018,0.007087,,,0.000587,0.000000,0.000000,0.960,1.960
search,lower,5,reverse,58.9471,1137.539,917,startup,1593.882,1285,1596.642,4.133,0,0,1783746280.335886240,-0.032002,-0.766085,0.686018,0.007087,,,0.000587,0.000000,0.000000,0.960,1.960
search,lower,5,reverse,58.9686,1137.539,917,startup,1593.882,1285,1596.642,4.133,0,0,1783746280.335886240,-0.032002,-0.766085,0.686018,0.007087,,,0.000587,0.000000,0.000000,0.960,1.960
search,lower,5,reverse,58.9901,1137.539,917,startup,1593.882,1285,1596.642,4.133,0,0,1783746280.335886240,-0.032002,-0.766085,0.686018,0.007087,,,0.000587,0.000000,0.000000,0.960,1.960
search,lower,5,reverse,59.0117,1137.539,917,startup,1593.882,1285,1596.642,4.133,0,0,1783746280.335886240,-0.032002,-0.766085,0.686018,0.007087,,,0.000587,0.000000,0.000000,1.028,1.960
search,lower,5,reverse,59.0158,1137.539,917,startup,1595.122,1286,1596.642,4.133,1,2,1783746280.436468840,-0.032286,-0.767302,0.685483,0.002853,-0.0009905,-0.0005345,0.001577,0.000000,0.000000,1.028,1.960
search,lower,5,reverse,59.0316,1137.539,917,startup,1595.122,1286,1596.642,4.133,0,0,1783746280.436468840,-0.032286,-0.767302,0.685483,0.002853,,,0.001577,0.000000,0.000000,1.028,1.960
search,lower,5,reverse,59.0532,1137.539,917,startup,1595.122,1286,1596.642,4.133,0,0,1783746280.436468840,-0.032286,-0.767302,0.685483,0.002853,,,0.001577,0.000000,0.000000,1.028,1.960
search,lower,5,reverse,59.0747,1137.539,917,startup,1595.122,1286,1596.642,4.133,0,0,1783746280.436468840,-0.032286,-0.767302,0.685483,0.002853,,,0.001577,0.000000,0.000000,1.028,1.960
search,lower,5,reverse,59.0962,1137.539,917,startup,1595.122,1286,1596.642,4.133,0,0,1783746280.436468840,-0.032286,-0.767302,0.685483,0.002853,,,0.001577,0.000000,0.000000,1.049,1.964
search,lower,5,reverse,59.1167,1137.539,917,startup,1596.362,1287,1596.642,4.133,1,3,1783746280.536748886,-0.032944,-0.774275,0.683305,-0.010122,-0.0049182,-0.0021784,0.006495,0.000000,0.000000,1.049,1.964
search,lower,5,reverse,59.1296,1137.539,917,startup,1596.362,1287,1596.642,4.133,0,0,1783746280.536748886,-0.032944,-0.774275,0.683305,-0.010122,,,0.006495,0.000000,0.000000,1.049,1.964
search,lower,5,reverse,59.1513,1137.539,917,startup,1596.362,1287,1596.642,4.133,0,0,1783746280.536748886,-0.032944,-0.774275,0.683305,-0.010122,,,0.006495,0.000000,0.000000,1.049,1.964
search,lower,5,reverse,59.1728,1137.539,917,startup,1596.362,1287,1596.642,4.133,0,0,1783746280.536748886,-0.032944,-0.774275,0.683305,-0.010122,,,0.006495,0.000000,0.000000,1.049,1.964
search,lower,5,reverse,59.1943,1137.539,917,startup,1596.362,1287,1596.642,4.133,0,0,1783746280.536748886,-0.032944,-0.774275,0.683305,-0.010122,,,0.006495,0.000000,0.000000,0.960,1.971
search,lower,5,reverse,59.2166,1137.539,917,startup,1597.602,1288,1596.642,4.133,1,4,1783746280.637346029,-0.037412,-0.770781,0.694998,-0.010639,-0.0012265,0.0116938,0.007722,0.000000,0.000000,0.960,1.971
search,lower,5,reverse,59.2368,1137.539,917,startup,1597.602,1288,1596.642,4.133,0,0,1783746280.637346029,-0.037412,-0.770781,0.694998,-0.010639,,,0.007722,0.000000,0.000000,0.960,1.971
search,lower,5,reverse,59.2584,1137.539,917,startup,1597.602,1288,1596.642,4.133,0,0,1783746280.637346029,-0.037412,-0.770781,0.694998,-0.010639,,,0.007722,0.000000,0.000000,0.960,1.971
search,lower,5,reverse,59.2799,1137.539,917,startup,1597.602,1288,1596.642,4.133,0,0,1783746280.637346029,-0.037412,-0.770781,0.694998,-0.010639,,,0.007722,0.000000,0.000000,0.960,1.971
search,lower,5,reverse,59.3014,1137.539,917,startup,1597.602,1288,1596.642,4.133,0,0,1783746280.637346029,-0.037412,-0.770781,0.694998,-0.010639,,,0.007722,0.000000,0.000000,0.946,1.983
search,lower,5,reverse,59.3167,1137.539,917,startup,1600.702,1291,1596.642,4.133,1,5,1783746280.737564087,-0.042453,-0.776455,0.702417,-0.026712,-0.0075093,0.0074187,0.015231,0.000000,0.000000,0.946,1.983
search,lower,5,reverse,59.3386,1137.539,917,startup,1600.702,1291,1596.642,4.133,0,0,1783746280.737564087,-0.042453,-0.776455,0.702417,-0.026712,,,0.015231,0.000000,0.000000,0.946,1.983
search,lower,5,reverse,59.3602,1137.539,917,startup,1600.702,1291,1596.642,4.133,0,0,1783746280.737564087,-0.042453,-0.776455,0.702417,-0.026712,,,0.015231,0.000000,0.000000,0.946,1.983
search,lower,5,reverse,59.3817,1137.539,917,startup,1600.702,1291,1596.642,4.133,0,0,1783746280.737564087,-0.042453,-0.776455,0.702417,-0.026712,,,0.015231,0.000000,0.000000,0.946,1.983
search,lower,5,reverse,59.4032,1137.539,917,startup,1600.702,1291,1596.642,4.133,0,0,1783746280.737564087,-0.042453,-0.776455,0.702417,-0.026712,,,0.015231,0.000000,0.000000,0.930,1.992
search,lower,5,reverse,59.4177,1137.539,917,rolling,1596.642,1288,1596.642,4.133,1,6,1783746280.837728024,-0.054853,-0.788272,0.716515,-0.062730,-0.0171065,0.0140978,0.032338,0.000000,0.000000,0.930,1.992
search,lower,5,reverse,59.4394,1137.539,917,rolling,1596.642,1288,1596.642,4.133,0,0,1783746280.837728024,-0.054853,-0.788272,0.716515,-0.062730,,,0.032338,0.000000,0.000000,0.930,1.992
search,lower,5,reverse,59.4611,1137.539,917,rolling,1596.642,1288,1596.642,4.133,0,0,1783746280.837728024,-0.054853,-0.788272,0.716515,-0.062730,,,0.032338,0.000000,0.000000,0.930,1.992
search,lower,5,reverse,59.4827,1137.539,917,rolling,1596.642,1288,1596.642,4.133,0,0,1783746280.837728024,-0.054853,-0.788272,0.716515,-0.062730,,,0.032338,0.000000,0.000000,0.930,1.992
search,lower,5,reverse,59.5043,1137.539,917,rolling,1596.642,1288,1596.642,4.133,0,0,1783746280.837728024,-0.054853,-0.788272,0.716515,-0.062730,,,0.032338,0.000000,0.000000,0.932,2.008
search,lower,5,reverse,59.5151,1137.539,917,rolling,1598.420,1289,1596.940,4.431,1,7,1783746280.938446999,-0.071362,-0.802640,0.734600,-0.101368,-0.0218844,0.0180856,0.054222,-0.021884,0.018086,0.932,2.008
search,lower,5,reverse,59.5347,1137.539,917,rolling,1598.420,1289,1596.940,4.431,0,0,1783746280.938446999,-0.071362,-0.802640,0.734600,-0.101368,,,0.054222,-0.021884,0.018086,0.932,2.008
search,lower,5,reverse,59.5564,1137.539,917,rolling,1598.420,1289,1596.940,4.431,0,0,1783746280.938446999,-0.071362,-0.802640,0.734600,-0.101368,,,0.054222,-0.021884,0.018086,0.932,2.008
search,lower,5,reverse,59.5780,1137.539,917,rolling,1598.420,1289,1596.940,4.431,0,0,1783746280.938446999,-0.071362,-0.802640,0.734600,-0.101368,,,0.054222,-0.021884,0.018086,0.932,2.008
search,lower,5,reverse,59.5998,1137.539,917,rolling,1598.420,1289,1596.940,4.431,0,0,1783746280.938446999,-0.071362,-0.802640,0.734600,-0.101368,,,0.054222,-0.021884,0.018086,0.905,2.023
search,lower,5,reverse,59.6161,1137.539,917,rolling,1598.495,1289,1597.194,4.686,1,8,1783746281.036134005,-0.085429,-0.808859,0.755554,-0.113279,-0.0145565,0.0209535,0.068778,-0.036441,0.039039,0.905,2.023
search,lower,5,reverse,59.6360,1137.539,917,rolling,1598.495,1289,1597.194,4.686,0,0,1783746281.036134005,-0.085429,-0.808859,0.755554,-0.113279,,,0.068778,-0.036441,0.039039,0.905,2.023
search,lower,5,reverse,59.6577,1137.539,917,rolling,1598.495,1289,1597.194,4.686,0,0,1783746281.036134005,-0.085429,-0.808859,0.755554,-0.113279,,,0.068778,-0.036441,0.039039,0.905,2.023
search,lower,5,reverse,59.6793,1137.539,917,rolling,1598.495,1289,1597.194,4.686,0,0,1783746281.036134005,-0.085429,-0.808859,0.755554,-0.113279,,,0.068778,-0.036441,0.039039,0.905,2.023
search,lower,5,reverse,59.7008,1137.539,917,rolling,1598.495,1289,1597.194,4.686,0,0,1783746281.036134005,-0.085429,-0.808859,0.755554,-0.113279,,,0.068778,-0.036441,0.039039,0.896,2.041
search,lower,5,reverse,59.7160,1137.539,917,rolling,1598.478,1289,1597.410,4.901,1,9,1783746281.136947155,-0.097174,-0.822155,0.774095,-0.128803,-0.0176802,0.0185410,0.086459,-0.054121,0.057580,0.896,2.041
search,lower,5,reverse,59.7289,1137.539,917,rolling,1598.478,1289,1597.410,4.901,0,0,1783746281.136947155,-0.097174,-0.822155,0.774095,-0.128803,,,0.086459,-0.054121,0.057580,0.896,2.041
search,lower,5,reverse,59.7507,1137.539,917,rolling,1598.478,1289,1597.410,4.901,0,0,1783746281.136947155,-0.097174,-0.822155,0.774095,-0.128803,,,0.086459,-0.054121,0.057580,0.896,2.041
search,lower,5,reverse,59.7723,1137.539,917,rolling,1598.478,1289,1597.410,4.901,0,0,1783746281.136947155,-0.097174,-0.822155,0.774095,-0.128803,,,0.086459,-0.054121,0.057580,0.896,2.041
search,lower,5,reverse,59.7938,1137.539,917,rolling,1598.478,1289,1597.410,4.901,0,0,1783746281.136947155,-0.097174,-0.822155,0.774095,-0.128803,,,0.086459,-0.054121,0.057580,0.896,2.041
search,lower,5,reverse,59.8154,1137.539,917,rolling,1598.478,1289,1597.410,4.901,0,0,1783746281.136947155,-0.097174,-0.822155,0.774095,-0.128803,,,0.086459,-0.054121,0.057580,0.883,2.057
search,lower,5,reverse,59.8180,1137.539,917,rolling,1598.241,1289,1597.548,5.039,1,10,1783746281.236931801,-0.113679,-0.838011,0.791746,-0.153821,-0.0228837,0.0176505,0.109342,-0.077005,0.075231,0.883,2.057
search,lower,5,reverse,59.8314,1137.539,917,rolling,1598.241,1289,1597.548,5.039,0,0,1783746281.236931801,-0.113679,-0.838011,0.791746,-0.153821,,,0.109342,-0.077005,0.075231,0.883,2.057
search,lower,5,reverse,59.8531,1137.539,917,rolling,1598.241,1289,1597.548,5.039,0,0,1783746281.236931801,-0.113679,-0.838011,0.791746,-0.153821,,,0.109342,-0.077005,0.075231,0.883,2.057
search,lower,5,reverse,59.8747,1137.539,917,rolling,1598.241,1289,1597.548,5.039,0,0,1783746281.236931801,-0.113679,-0.838011,0.791746,-0.153821,,,0.109342,-0.077005,0.075231,0.883,2.057
search,lower,5,reverse,59.8962,1137.539,917,rolling,1598.241,1289,1597.548,5.039,0,0,1783746281.236931801,-0.113679,-0.838011,0.791746,-0.153821,,,0.109342,-0.077005,0.075231,0.859,2.076
search,lower,5,reverse,59.9169,1137.539,917,rolling,1597.960,1289,1597.617,5.108,1,11,1783746281.337591648,-0.130725,-0.856146,0.808611,-0.177171,-0.0248853,0.0168658,0.134228,-0.101890,0.092096,0.859,2.076
search,lower,5,reverse,59.9325,1137.539,917,rolling,1597.960,1289,1597.617,5.108,0,0,1783746281.337591648,-0.130725,-0.856146,0.808611,-0.177171,,,0.134228,-0.101890,0.092096,0.859,2.076
search,lower,5,reverse,59.9543,1137.539,917,rolling,1597.960,1289,1597.617,5.108,0,0,1783746281.337591648,-0.130725,-0.856146,0.808611,-0.177171,,,0.134228,-0.101890,0.092096,0.859,2.076
search,lower,5,reverse,59.9760,1137.539,917,rolling,1597.960,1289,1597.617,5.108,0,0,1783746281.337591648,-0.130725,-0.856146,0.808611,-0.177171,,,0.134228,-0.101890,0.092096,0.859,2.076
search,lower,5,reverse,59.9975,1137.539,917,rolling,1597.960,1289,1597.617,5.108,0,0,1783746281.337591648,-0.130725,-0.856146,0.808611,-0.177171,,,0.134228,-0.101890,0.092096,0.836,2.093
search,lower,5,reverse,60.0144,1137.539,917,rolling,1598.254,1289,1597.724,5.215,1,12,1783746281.437821150,-0.139503,-0.865357,0.829159,-0.164613,-0.0127232,0.0205477,0.146951,-0.114613,0.112644,0.836,2.093
search,lower,5,reverse,60.0347,1137.539,917,rolling,1598.254,1289,1597.724,5.215,0,0,1783746281.437821150,-0.139503,-0.865357,0.829159,-0.164613,,,0.146951,-0.114613,0.112644,0.836,2.093
search,lower,5,reverse,60.0563,1137.539,917,rolling,1598.254,1289,1597.724,5.215,0,0,1783746281.437821150,-0.139503,-0.865357,0.829159,-0.164613,,,0.146951,-0.114613,0.112644,0.836,2.093
search,lower,5,reverse,60.0778,1137.539,917,rolling,1598.254,1289,1597.724,5.215,0,0,1783746281.437821150,-0.139503,-0.865357,0.829159,-0.164613,,,0.146951,-0.114613,0.112644,0.836,2.093
search,lower,5,reverse,60.0993,1137.539,917,rolling,1598.254,1289,1597.724,5.215,0,0,1783746281.437821150,-0.139503,-0.865357,0.829159,-0.164613,,,0.146951,-0.114613,0.112644,0.829,2.118
search,lower,5,reverse,60.1149,1137.539,917,rolling,1597.915,1289,1597.755,5.246,1,13,1783746281.535270691,-0.155870,-0.885175,0.851061,-0.189345,-0.0256819,0.0219015,0.172633,-0.140295,0.134546,0.829,2.118
search,lower,5,reverse,60.1318,1137.539,917,rolling,1597.915,1289,1597.755,5.246,0,0,1783746281.535270691,-0.155870,-0.885175,0.851061,-0.189345,,,0.172633,-0.140295,0.134546,0.829,2.118
search,lower,5,reverse,60.1535,1137.539,917,rolling,1597.915,1289,1597.755,5.246,0,0,1783746281.535270691,-0.155870,-0.885175,0.851061,-0.189345,,,0.172633,-0.140295,0.134546,0.829,2.118
search,lower,5,reverse,60.1750,1137.539,917,rolling,1597.915,1289,1597.755,5.246,0,0,1783746281.535270691,-0.155870,-0.885175,0.851061,-0.189345,,,0.172633,-0.140295,0.134546,0.829,2.118
search,lower,5,reverse,60.1966,1137.539,917,rolling,1597.915,1289,1597.755,5.246,0,0,1783746281.535270691,-0.155870,-0.885175,0.851061,-0.189345,,,0.172633,-0.140295,0.134546,0.798,2.144
search,lower,5,reverse,60.2154,1137.539,917,rolling,1597.630,1288,1597.734,5.225,1,14,1783746281.635845661,-0.171529,-0.906137,0.877474,-0.206911,-0.0261102,0.0264137,0.198743,-0.166405,0.160959,0.798,2.144
search,lower,5,reverse,60.2295,1137.539,917,rolling,1597.630,1288,1597.734,5.225,0,0,1783746281.635845661,-0.171529,-0.906137,0.877474,-0.206911,,,0.198743,-0.166405,0.160959,0.798,2.144
search,lower,5,reverse,60.2513,1137.539,917,rolling,1597.630,1288,1597.734,5.225,0,0,1783746281.635845661,-0.171529,-0.906137,0.877474,-0.206911,,,0.198743,-0.166405,0.160959,0.798,2.144
search,lower,5,reverse,60.2730,1137.539,917,rolling,1597.630,1288,1597.734,5.225,0,0,1783746281.635845661,-0.171529,-0.906137,0.877474,-0.206911,,,0.198743,-0.166405,0.160959,0.798,2.144
search,lower,5,reverse,60.2946,1137.539,917,rolling,1597.630,1288,1597.734,5.225,0,0,1783746281.635845661,-0.171529,-0.906137,0.877474,-0.206911,,,0.198743,-0.166405,0.160959,0.780,2.166
search,lower,5,reverse,60.3156,1137.539,917,rolling,1597.267,1288,1597.656,5.147,1,15,1783746281.735927820,-0.189649,-0.927902,0.904006,-0.225919,-0.0283175,0.0265314,0.227060,-0.194723,0.187491,0.780,2.166
search,lower,5,reverse,60.3299,1137.539,917,rolling,1597.267,1288,1597.656,5.147,0,0,1783746281.735927820,-0.189649,-0.927902,0.904006,-0.225919,,,0.227060,-0.194723,0.187491,0.780,2.166
search,lower,5,reverse,60.3515,1137.539,917,rolling,1597.267,1288,1597.656,5.147,0,0,1783746281.735927820,-0.189649,-0.927902,0.904006,-0.225919,,,0.227060,-0.194723,0.187491,0.780,2.166
search,lower,5,reverse,60.3730,1137.539,917,rolling,1597.267,1288,1597.656,5.147,0,0,1783746281.735927820,-0.189649,-0.927902,0.904006,-0.225919,,,0.227060,-0.194723,0.187491,0.780,2.166
search,lower,5,reverse,60.3945,1137.539,917,rolling,1597.267,1288,1597.656,5.147,0,0,1783746281.735927820,-0.189649,-0.927902,0.904006,-0.225919,,,0.227060,-0.194723,0.187491,0.770,1.648
search,lower,5,reverse,60.4162,1137.539,917,rolling,1596.989,1288,1597.544,5.036,1,16,1783746281.836575270,-0.205470,-0.950049,0.927397,-0.237004,-0.0272010,0.0233913,0.254261,-0.221924,0.210882,0.770,1.648
search,lower,5,reverse,60.4363,1137.539,917,rolling,1596.989,1288,1597.544,5.036,0,0,1783746281.836575270,-0.205470,-0.950049,0.927397,-0.237004,,,0.254261,-0.221924,0.210882,0.770,1.648
search,lower,5,reverse,60.4582,1137.539,917,rolling,1596.989,1288,1597.544,5.036,0,0,1783746281.836575270,-0.205470,-0.950049,0.927397,-0.237004,,,0.254261,-0.221924,0.210882,0.770,1.648
search,lower,5,reverse,60.4800,1137.539,917,rolling,1596.989,1288,1597.544,5.036,0,0,1783746281.836575270,-0.205470,-0.950049,0.927397,-0.237004,,,0.254261,-0.221924,0.210882,0.770,1.648
search,lower,5,reverse,60.5019,1137.539,917,rolling,1596.989,1288,1597.544,5.036,0,0,1783746281.836575270,-0.205470,-0.950049,0.927397,-0.237004,,,0.254261,-0.221924,0.210882,0.748,1.640
search,lower,5,reverse,60.5172,1137.539,917,rolling,1596.682,1288,1597.400,4.891,1,17,1783746281.937097788,-0.222081,-0.972826,0.952852,-0.247863,-0.0281905,0.0254553,0.282452,-0.250114,0.236337,0.748,1.640
search,lower,5,reverse,60.5270,1137.539,917,rolling,1596.682,1288,1597.400,4.891,0,0,1783746281.937097788,-0.222081,-0.972826,0.952852,-0.247863,,,0.282452,-0.250114,0.236337,0.748,1.640
search,lower,5,reverse,60.5486,1137.539,917,rolling,1596.682,1288,1597.400,4.891,0,0,1783746281.937097788,-0.222081,-0.972826,0.952852,-0.247863,,,0.282452,-0.250114,0.236337,0.748,1.640
search,lower,5,reverse,60.5701,1137.539,917,rolling,1596.682,1288,1597.400,4.891,0,0,1783746281.937097788,-0.222081,-0.972826,0.952852,-0.247863,,,0.282452,-0.250114,0.236337,0.748,1.640
search,lower,5,reverse,60.5917,1137.539,917,rolling,1596.682,1288,1597.400,4.891,0,0,1783746281.937097788,-0.222081,-0.972826,0.952852,-0.247863,,,0.282452,-0.250114,0.236337,0.748,1.640
search,lower,5,reverse,60.6133,1137.539,917,rolling,1596.682,1288,1597.400,4.891,0,0,1783746281.937097788,-0.222081,-0.972826,0.952852,-0.247863,,,0.282452,-0.250114,0.236337,0.734,1.661
search,lower,5,reverse,60.6168,1137.539,917,rolling,1596.561,1288,1597.260,4.751,1,18,1783746282.037512302,-0.235266,-0.993334,0.978467,-0.246563,-0.0243669,0.0256147,0.306819,-0.274481,0.261952,0.734,1.661
search,lower,5,reverse,60.6329,1137.539,917,rolling,1596.561,1288,1597.260,4.751,0,0,1783746282.037512302,-0.235266,-0.993334,0.978467,-0.246563,,,0.306819,-0.274481,0.261952,0.734,1.661
search,lower,5,reverse,60.6547,1137.539,917,rolling,1596.561,1288,1597.260,4.751,0,0,1783746282.037512302,-0.235266,-0.993334,0.978467,-0.246563,,,0.306819,-0.274481,0.261952,0.734,1.661
search,lower,5,reverse,60.6765,1137.539,917,rolling,1596.561,1288,1597.260,4.751,0,0,1783746282.037512302,-0.235266,-0.993334,0.978467,-0.246563,,,0.306819,-0.274481,0.261952,0.734,1.661
search,lower,5,reverse,60.6981,1137.539,917,rolling,1596.561,1288,1597.260,4.751,0,0,1783746282.037512302,-0.235266,-0.993334,0.978467,-0.246563,,,0.306819,-0.274481,0.261952,0.715,1.684
search,lower,5,reverse,60.7147,1137.539,917,rolling,1596.432,1287,1597.122,4.613,1,19,1783746282.137673140,-0.248383,-1.013970,1.006417,-0.245949,-0.0244499,0.0279498,0.331269,-0.298931,0.289902,0.715,1.684
search,lower,5,reverse,60.7275,1137.539,917,rolling,1596.432,1287,1597.122,4.613,0,0,1783746282.137673140,-0.248383,-1.013970,1.006417,-0.245949,,,0.331269,-0.298931,0.289902,0.715,1.684
search,lower,5,reverse,60.7491,1137.539,917,rolling,1596.432,1287,1597.122,4.613,0,0,1783746282.137673140,-0.248383,-1.013970,1.006417,-0.245949,,,0.331269,-0.298931,0.289902,0.715,1.684
search,lower,5,reverse,60.7706,1137.539,917,rolling,1596.432,1287,1597.122,4.613,0,0,1783746282.137673140,-0.248383,-1.013970,1.006417,-0.245949,,,0.331269,-0.298931,0.289902,0.715,1.684
search,lower,5,reverse,60.7921,1137.539,917,rolling,1596.432,1287,1597.122,4.613,0,0,1783746282.137673140,-0.248383,-1.013970,1.006417,-0.245949,,,0.331269,-0.298931,0.289902,0.715,1.684
search,lower,5,reverse,60.8136,1137.539,917,rolling,1596.432,1287,1597.122,4.613,0,0,1783746282.137673140,-0.248383,-1.013970,1.006417,-0.245949,,,0.331269,-0.298931,0.289902,0.694,1.713
search,lower,5,reverse,60.8161,1137.539,917,rolling,1596.179,1287,1596.967,4.459,1,20,1783746282.235556841,-0.260727,-1.037665,1.034883,-0.252535,-0.0266530,0.0284662,0.357922,-0.325584,0.318368,0.694,1.713
search,lower,5,reverse,60.8273,1137.539,917,rolling,1596.179,1287,1596.967,4.459,0,0,1783746282.235556841,-0.260727,-1.037665,1.034883,-0.252535,,,0.357922,-0.325584,0.318368,0.694,1.713
search,lower,5,reverse,60.8490,1137.539,917,rolling,1596.179,1287,1596.967,4.459,0,0,1783746282.235556841,-0.260727,-1.037665,1.034883,-0.252535,,,0.357922,-0.325584,0.318368,0.694,1.713
search,lower,5,reverse,60.8705,1137.539,917,rolling,1596.179,1287,1596.967,4.459,0,0,1783746282.235556841,-0.260727,-1.037665,1.034883,-0.252535,,,0.357922,-0.325584,0.318368,0.694,1.713
search,lower,5,reverse,60.8920,1137.539,917,rolling,1596.179,1287,1596.967,4.459,0,0,1783746282.235556841,-0.260727,-1.037665,1.034883,-0.252535,,,0.357922,-0.325584,0.318368,0.676,1.953
search,lower,5,reverse,60.9131,1137.539,917,rolling,1595.713,1287,1596.758,4.249,1,21,1783746282.335975885,-0.276718,-1.065637,1.065427,-0.269614,-0.0322196,0.0305445,0.390141,-0.357804,0.348913,0.676,1.953
search,lower,6,forward,63.2060,1060.271,855,startup,1417.663,1143,1414.903,-4.480,1,1,1783746284.629932880,-0.288625,-1.091900,1.101913,-0.007944,-0.0033831,-0.0000282,0.003383,0.000000,0.000000,0.653,1.283
search,lower,6,forward,63.2219,1060.271,855,startup,1417.663,1143,1414.903,-4.480,0,0,1783746284.629932880,-0.288625,-1.091900,1.101913,-0.007944,,,0.003383,0.000000,0.000000,0.653,1.283
search,lower,6,forward,63.2436,1060.271,855,startup,1417.663,1143,1414.903,-4.480,0,0,1783746284.629932880,-0.288625,-1.091900,1.101913,-0.007944,,,0.003383,0.000000,0.000000,0.653,1.283
search,lower,6,forward,63.2651,1060.271,855,startup,1417.663,1143,1414.903,-4.480,0,0,1783746284.629932880,-0.288625,-1.091900,1.101913,-0.007944,,,0.003383,0.000000,0.000000,0.653,1.283
search,lower,6,forward,63.2867,1060.271,855,startup,1417.663,1143,1414.903,-4.480,0,0,1783746284.629932880,-0.288625,-1.091900,1.101913,-0.007944,,,0.003383,0.000000,0.000000,0.653,1.289
search,lower,6,forward,63.3075,1060.271,855,startup,1416.423,1142,1414.903,-4.480,1,2,1783746284.728064775,-0.290472,-1.093225,1.101815,-0.011095,-0.0020166,-0.0000974,0.005400,0.000000,0.000000,0.653,1.289
search,lower,6,forward,63.3233,1060.271,855,startup,1416.423,1142,1414.903,-4.480,0,0,1783746284.728064775,-0.290472,-1.093225,1.101815,-0.011095,,,0.005400,0.000000,0.000000,0.653,1.289
search,lower,6,forward,63.3449,1060.271,855,startup,1416.423,1142,1414.903,-4.480,0,0,1783746284.728064775,-0.290472,-1.093225,1.101815,-0.011095,,,0.005400,0.000000,0.000000,0.653,1.289
search,lower,6,forward,63.3664,1060.271,855,startup,1416.423,1142,1414.903,-4.480,0,0,1783746284.728064775,-0.290472,-1.093225,1.101815,-0.011095,,,0.005400,0.000000,0.000000,0.653,1.289
search,lower,6,forward,63.3880,1060.271,855,startup,1416.423,1142,1414.903,-4.480,0,0,1783746284.728064775,-0.290472,-1.093225,1.101815,-0.011095,,,0.005400,0.000000,0.000000,0.654,1.280
search,lower,6,forward,63.4082,1060.271,855,startup,1415.183,1141,1414.903,-4.480,1,3,1783746284.828401804,-0.288225,-1.089817,1.101867,0.001784,0.0040559,0.0000517,0.009456,0.000000,0.000000,0.654,1.280
search,lower,6,forward,63.4239,1060.271,855,startup,1415.183,1141,1414.903,-4.480,0,0,1783746284.828401804,-0.288225,-1.089817,1.101867,0.001784,,,0.009456,0.000000,0.000000,0.654,1.280
search,lower,6,forward,63.4455,1060.271,855,startup,1415.183,1141,1414.903,-4.480,0,0,1783746284.828401804,-0.288225,-1.089817,1.101867,0.001784,,,0.009456,0.000000,0.000000,0.654,1.280
search,lower,6,forward,63.4671,1060.271,855,startup,1415.183,1141,1414.903,-4.480,0,0,1783746284.828401804,-0.288225,-1.089817,1.101867,0.001784,,,0.009456,0.000000,0.000000,0.654,1.280
search,lower,6,forward,63.4886,1060.271,855,startup,1415.183,1141,1414.903,-4.480,0,0,1783746284.828401804,-0.288225,-1.089817,1.101867,0.001784,,,0.009456,0.000000,0.000000,0.653,1.292
search,lower,6,forward,63.5085,1060.271,855,startup,1413.943,1140,1414.903,-4.480,1,4,1783746284.928959370,-0.286649,-1.087497,1.101417,0.008253,0.0027814,-0.0004499,0.012237,0.000000,0.000000,0.653,1.292
search,lower,6,forward,63.5191,1060.271,855,startup,1413.943,1140,1414.903,-4.480,0,0,1783746284.928959370,-0.286649,-1.087497,1.101417,0.008253,,,0.012237,0.000000,0.000000,0.653,1.292
search,lower,6,forward,63.5408,1060.271,855,startup,1413.943,1140,1414.903,-4.480,0,0,1783746284.928959370,-0.286649,-1.087497,1.101417,0.008253,,,0.012237,0.000000,0.000000,0.653,1.292
search,lower,6,forward,63.5623,1060.271,855,startup,1413.943,1140,1414.903,-4.480,0,0,1783746284.928959370,-0.286649,-1.087497,1.101417,0.008253,,,0.012237,0.000000,0.000000,0.653,1.292
search,lower,6,forward,63.5838,1060.271,855,startup,1413.943,1140,1414.903,-4.480,0,0,1783746284.928959370,-0.286649,-1.087497,1.101417,0.008253,,,0.012237,0.000000,0.000000,0.653,1.292
search,lower,6,forward,63.6054,1060.271,855,startup,1413.943,1140,1414.903,-4.480,0,0,1783746284.928959370,-0.286649,-1.087497,1.101417,0.008253,,,0.012237,0.000000,0.000000,0.651,1.294
search,lower,6,forward,63.6086,1060.271,855,startup,1413.943,1140,1414.903,-4.480,0,0,1783746284.928959370,-0.286649,-1.087497,1.101417,0.008253,,,0.012237,0.000000,0.000000,0.651,1.294
search,lower,6,forward,63.6303,1060.271,855,startup,1410.843,1138,1414.903,-4.480,1,5,1783746285.029313087,-0.284528,-1.083194,1.099013,0.018140,0.0047970,-0.0024039,0.017034,0.000000,0.000000,0.651,1.294
search,lower,6,forward,63.6322,1060.271,855,startup,1410.843,1138,1414.903,-4.480,0,0,1783746285.029313087,-0.284528,-1.083194,1.099013,0.018140,,,0.017034,0.000000,0.000000,0.651,1.294
search,lower,6,forward,63.6538,1060.271,855,startup,1410.843,1138,1414.903,-4.480,0,0,1783746285.029313087,-0.284528,-1.083194,1.099013,0.018140,,,0.017034,0.000000,0.000000,0.651,1.294
search,lower,6,forward,63.6754,1060.271,855,startup,1410.843,1138,1414.903,-4.480,0,0,1783746285.029313087,-0.284528,-1.083194,1.099013,0.018140,,,0.017034,0.000000,0.000000,0.651,1.294
search,lower,6,forward,63.6970,1060.271,855,startup,1410.843,1138,1414.903,-4.480,0,0,1783746285.029313087,-0.284528,-1.083194,1.099013,0.018140,,,0.017034,0.000000,0.000000,0.652,1.293
search,lower,6,forward,63.7089,1060.271,855,startup,1407.743,1135,1414.903,-4.480,1,6,1783746285.129466295,-0.285807,-1.087533,1.098373,0.002508,-0.0044454,-0.0006398,0.021479,0.000000,0.000000,0.652,1.293
search,lower,6,forward,63.7244,1060.271,855,startup,1407.743,1135,1414.903,-4.480,0,0,1783746285.129466295,-0.285807,-1.087533,1.098373,0.002508,,,0.021479,0.000000,0.000000,0.652,1.293
search,lower,6,forward,63.7461,1060.271,855,startup,1407.743,1135,1414.903,-4.480,0,0,1783746285.129466295,-0.285807,-1.087533,1.098373,0.002508,,,0.021479,0.000000,0.000000,0.652,1.293
search,lower,6,forward,63.7676,1060.271,855,startup,1407.743,1135,1414.903,-4.480,0,0,1783746285.129466295,-0.285807,-1.087533,1.098373,0.002508,,,0.021479,0.000000,0.000000,0.652,1.293
search,lower,6,forward,63.7891,1060.271,855,startup,1407.743,1135,1414.903,-4.480,0,0,1783746285.129466295,-0.285807,-1.087533,1.098373,0.002508,,,0.021479,0.000000,0.000000,0.653,1.288
search,lower,6,forward,63.8093,1060.271,855,startup,1404.643,1133,1414.903,-4.480,1,7,1783746285.229804993,-0.283730,-1.086622,1.098070,0.006257,0.0017563,-0.0003028,0.023236,0.000000,0.000000,0.653,1.288
search,lower,6,forward,63.8256,1060.271,855,startup,1404.643,1133,1414.903,-4.480,0,0,1783746285.229804993,-0.283730,-1.086622,1.098070,0.006257,,,0.023236,0.000000,0.000000,0.653,1.288
search,lower,6,forward,63.8473,1060.271,855,startup,1404.643,1133,1414.903,-4.480,0,0,1783746285.229804993,-0.283730,-1.086622,1.098070,0.006257,,,0.023236,0.000000,0.000000,0.653,1.288
search,lower,6,forward,63.8688,1060.271,855,startup,1404.643,1133,1414.903,-4.480,0,0,1783746285.229804993,-0.283730,-1.086622,1.098070,0.006257,,,0.023236,0.000000,0.000000,0.653,1.288
search,lower,6,forward,63.8903,1060.271,855,startup,1404.643,1133,1414.903,-4.480,0,0,1783746285.229804993,-0.283730,-1.086622,1.098070,0.006257,,,0.023236,0.000000,0.000000,0.655,1.739
search,lower,6,forward,63.9074,1060.271,855,startup,1401.543,1130,1414.903,-4.480,1,8,1783746285.330296755,-0.283653,-1.083301,1.098493,0.012138,0.0029927,0.0004225,0.026228,0.000000,0.000000,0.655,1.739
search,lower,6,forward,63.9157,1060.271,855,startup,1401.543,1130,1414.903,-4.480,0,0,1783746285.330296755,-0.283653,-1.083301,1.098493,0.012138,,,0.026228,0.000000,0.000000,0.655,1.739
search,lower,6,forward,63.9374,1060.271,855,startup,1401.543,1130,1414.903,-4.480,0,0,1783746285.330296755,-0.283653,-1.083301,1.098493,0.012138,,,0.026228,0.000000,0.000000,0.655,1.739
search,lower,6,forward,63.9589,1060.271,855,startup,1401.543,1130,1414.903,-4.480,0,0,1783746285.330296755,-0.283653,-1.083301,1.098493,0.012138,,,0.026228,0.000000,0.000000,0.655,1.739
search,lower,6,forward,63.9804,1060.271,855,startup,1401.543,1130,1414.903,-4.480,0,0,1783746285.330296755,-0.283653,-1.083301,1.098493,0.012138,,,0.026228,0.000000,0.000000,0.655,1.739
search,lower,6,forward,64.0019,1060.271,855,startup,1401.543,1130,1414.903,-4.480,0,0,1783746285.330296755,-0.283653,-1.083301,1.098493,0.012138,,,0.026228,0.000000,0.000000,0.658,1.722
search,lower,6,forward,64.0078,1060.271,855,rolling,1414.903,1141,1414.903,-4.480,1,9,1783746285.428027153,-0.275529,-1.069304,1.093262,0.050447,0.0161622,-0.0052308,0.042391,0.000000,0.000000,0.658,1.722
search,lower,6,forward,64.0257,1060.271,855,rolling,1414.903,1141,1414.903,-4.480,0,0,1783746285.428027153,-0.275529,-1.069304,1.093262,0.050447,,,0.042391,0.000000,0.000000,0.658,1.722
search,lower,6,forward,64.0474,1060.271,855,rolling,1414.903,1141,1414.903,-4.480,0,0,1783746285.428027153,-0.275529,-1.069304,1.093262,0.050447,,,0.042391,0.000000,0.000000,0.658,1.722
search,lower,6,forward,64.0690,1060.271,855,rolling,1414.903,1141,1414.903,-4.480,0,0,1783746285.428027153,-0.275529,-1.069304,1.093262,0.050447,,,0.042391,0.000000,0.000000,0.658,1.722
search,lower,6,forward,64.0908,1060.271,855,rolling,1414.903,1141,1414.903,-4.480,0,0,1783746285.428027153,-0.275529,-1.069304,1.093262,0.050447,,,0.042391,0.000000,0.000000,0.673,1.709
search,lower,6,forward,64.1083,1060.271,855,rolling,1414.903,1141,1414.903,-4.480,0,0,1783746285.428027153,-0.275529,-1.069304,1.093262,0.050447,,,0.042391,0.000000,0.000000,0.673,1.709
search,lower,6,forward,64.1302,1060.271,855,rolling,1412.310,1139,1414.563,-4.821,1,10,1783746285.528704405,-0.266914,-1.051309,1.071863,0.087334,0.0199336,-0.0213991,0.062324,0.000000,0.000000,0.673,1.709
search,lower,6,forward,64.1327,1060.271,855,rolling,1412.310,1139,1414.563,-4.821,0,0,1783746285.528704405,-0.266914,-1.051309,1.071863,0.087334,,,0.062324,0.000000,0.000000,0.673,1.709
search,lower,6,forward,64.1543,1060.271,855,rolling,1412.310,1139,1414.563,-4.821,0,0,1783746285.528704405,-0.266914,-1.051309,1.071863,0.087334,,,0.062324,0.000000,0.000000,0.673,1.709
search,lower,6,forward,64.1758,1060.271,855,rolling,1412.310,1139,1414.563,-4.821,0,0,1783746285.528704405,-0.266914,-1.051309,1.071863,0.087334,,,0.062324,0.000000,0.000000,0.673,1.709
search,lower,6,forward,64.1973,1060.271,855,rolling,1412.310,1139,1414.563,-4.821,0,0,1783746285.528704405,-0.266914,-1.051309,1.071863,0.087334,,,0.062324,0.000000,0.000000,0.691,1.713
search,lower,6,forward,64.2086,1060.271,855,rolling,1412.310,1139,1414.563,-4.821,0,0,1783746285.528704405,-0.266914,-1.051309,1.071863,0.087334,,,0.062324,0.000000,0.000000,0.691,1.713
search,lower,6,forward,64.2304,1060.271,855,rolling,1412.556,1139,1414.300,-5.083,1,11,1783746285.629092455,-0.258555,-1.034233,1.042748,0.112768,0.0189803,-0.0291153,0.081305,0.018980,-0.029115,0.691,1.713
search,lower,6,forward,64.2413,1060.271,855,rolling,1412.556,1139,1414.300,-5.083,0,0,1783746285.629092455,-0.258555,-1.034233,1.042748,0.112768,,,0.081305,0.018980,-0.029115,0.691,1.713
search,lower,6,forward,64.2629,1060.271,855,rolling,1412.556,1139,1414.300,-5.083,0,0,1783746285.629092455,-0.258555,-1.034233,1.042748,0.112768,,,0.081305,0.018980,-0.029115,0.691,1.713
search,lower,6,forward,64.2845,1060.271,855,rolling,1412.556,1139,1414.300,-5.083,0,0,1783746285.629092455,-0.258555,-1.034233,1.042748,0.112768,,,0.081305,0.018980,-0.029115,0.691,1.713
search,lower,6,forward,64.3060,1060.271,855,rolling,1412.556,1139,1414.300,-5.083,0,0,1783746285.629092455,-0.258555,-1.034233,1.042748,0.112768,,,0.081305,0.018980,-0.029115,0.705,1.745
search,lower,6,forward,64.3089,1060.271,855,rolling,1413.295,1140,1414.169,-5.215,1,12,1783746285.729452372,-0.245030,-1.008759,1.016965,0.156321,0.0288014,-0.0257828,0.110106,0.047782,-0.054898,0.705,1.745
search,lower,6,forward,64.3263,1060.271,855,rolling,1413.295,1140,1414.169,-5.215,0,0,1783746285.729452372,-0.245030,-1.008759,1.016965,0.156321,,,0.110106,0.047782,-0.054898,0.705,1.745
search,lower,6,forward,64.3479,1060.271,855,rolling,1413.295,1140,1414.169,-5.215,0,0,1783746285.729452372,-0.245030,-1.008759,1.016965,0.156321,,,0.110106,0.047782,-0.054898,0.705,1.745
search,lower,6,forward,64.3695,1060.271,855,rolling,1413.295,1140,1414.169,-5.215,0,0,1783746285.729452372,-0.245030,-1.008759,1.016965,0.156321,,,0.110106,0.047782,-0.054898,0.705,1.745
search,lower,6,forward,64.3910,1060.271,855,rolling,1413.295,1140,1414.169,-5.215,0,0,1783746285.729452372,-0.245030,-1.008759,1.016965,0.156321,,,0.110106,0.047782,-0.054898,0.719,1.665
search,lower,6,forward,64.4094,1060.271,855,rolling,1413.352,1140,1414.062,-5.322,1,13,1783746285.829802513,-0.234597,-0.992923,0.990796,0.164478,0.0189610,-0.0261693,0.129067,0.066743,-0.081067,0.719,1.665
search,lower,6,forward,64.4272,1060.271,855,rolling,1413.352,1140,1414.062,-5.322,0,0,1783746285.829802513,-0.234597,-0.992923,0.990796,0.164478,,,0.129067,0.066743,-0.081067,0.719,1.665
search,lower,6,forward,64.4488,1060.271,855,rolling,1413.352,1140,1414.062,-5.322,0,0,1783746285.829802513,-0.234597,-0.992923,0.990796,0.164478,,,0.129067,0.066743,-0.081067,0.719,1.665
search,lower,6,forward,64.4704,1060.271,855,rolling,1413.352,1140,1414.062,-5.322,0,0,1783746285.829802513,-0.234597,-0.992923,0.990796,0.164478,,,0.129067,0.066743,-0.081067,0.719,1.665
search,lower,6,forward,64.4919,1060.271,855,rolling,1413.352,1140,1414.062,-5.322,0,0,1783746285.829802513,-0.234597,-0.992923,0.990796,0.164478,,,0.129067,0.066743,-0.081067,0.738,1.661
search,lower,6,forward,64.5097,1060.271,855,rolling,1413.662,1140,1414.010,-5.374,1,14,1783746285.930203199,-0.223788,-0.971508,0.962313,0.182610,0.0237956,-0.0284827,0.152863,0.090538,-0.109550,0.738,1.661
search,lower,6,forward,64.5314,1060.271,855,rolling,1413.662,1140,1414.010,-5.374,0,0,1783746285.930203199,-0.223788,-0.971508,0.962313,0.182610,,,0.152863,0.090538,-0.109550,0.738,1.661
search,lower,6,forward,64.5531,1060.271,855,rolling,1413.662,1140,1414.010,-5.374,0,0,1783746285.930203199,-0.223788,-0.971508,0.962313,0.182610,,,0.152863,0.090538,-0.109550,0.738,1.661
search,lower,6,forward,64.5747,1060.271,855,rolling,1413.662,1140,1414.010,-5.374,0,0,1783746285.930203199,-0.223788,-0.971508,0.962313,0.182610,,,0.152863,0.090538,-0.109550,0.738,1.661
search,lower,6,forward,64.5966,1060.271,855,rolling,1413.662,1140,1414.010,-5.374,0,0,1783746285.930203199,-0.223788,-0.971508,0.962313,0.182610,,,0.152863,0.090538,-0.109550,0.765,2.183
search,lower,6,forward,64.6106,1060.271,855,rolling,1413.662,1140,1414.010,-5.374,0,0,1783746285.930203199,-0.223788,-0.971508,0.962313,0.182610,,,0.152863,0.090538,-0.109550,0.765,2.183
search,lower,6,forward,64.6331,1060.271,855,rolling,1413.688,1140,1413.967,-5.416,1,15,1783746286.030574083,-0.212830,-0.955130,0.931230,0.186013,0.0196950,-0.0310831,0.172558,0.110233,-0.140633,0.765,2.183
search,lower,6,forward,64.6424,1060.271,855,rolling,1413.688,1140,1413.967,-5.416,0,0,1783746286.030574083,-0.212830,-0.955130,0.931230,0.186013,,,0.172558,0.110233,-0.140633,0.765,2.183
search,lower,6,forward,64.6644,1060.271,855,rolling,1413.688,1140,1413.967,-5.416,0,0,1783746286.030574083,-0.212830,-0.955130,0.931230,0.186013,,,0.172558,0.110233,-0.140633,0.765,2.183
search,lower,6,forward,64.6862,1060.271,855,rolling,1413.688,1140,1413.967,-5.416,0,0,1783746286.030574083,-0.212830,-0.955130,0.931230,0.186013,,,0.172558,0.110233,-0.140633,0.765,2.183
search,lower,6,forward,64.7078,1060.271,855,rolling,1413.688,1140,1413.967,-5.416,0,0,1783746286.030574083,-0.212830,-0.955130,0.931230,0.186013,,,0.172558,0.110233,-0.140633,0.790,2.158
search,lower,6,forward,64.7108,1060.271,855,rolling,1414.155,1140,1413.992,-5.392,1,16,1783746286.131234884,-0.196435,-0.932867,0.902965,0.208164,0.0276431,-0.0282643,0.200201,0.137876,-0.168898,0.790,2.158
search,lower,6,forward,64.7300,1060.271,855,rolling,1414.155,1140,1413.992,-5.392,0,0,1783746286.131234884,-0.196435,-0.932867,0.902965,0.208164,,,0.200201,0.137876,-0.168898,0.790,2.158
search,lower,6,forward,64.7516,1060.271,855,rolling,1414.155,1140,1413.992,-5.392,0,0,1783746286.131234884,-0.196435,-0.932867,0.902965,0.208164,,,0.200201,0.137876,-0.168898,0.790,2.158
search,lower,6,forward,64.7732,1060.271,855,rolling,1414.155,1140,1413.992,-5.392,0,0,1783746286.131234884,-0.196435,-0.932867,0.902965,0.208164,,,0.200201,0.137876,-0.168898,0.790,2.158
search,lower,6,forward,64.7947,1060.271,855,rolling,1414.155,1140,1413.992,-5.392,0,0,1783746286.131234884,-0.196435,-0.932867,0.902965,0.208164,,,0.200201,0.137876,-0.168898,0.804,2.136
search,lower,6,forward,64.8108,1060.271,855,rolling,1414.281,1141,1414.030,-5.354,1,17,1783746286.231678009,-0.183483,-0.914179,0.873818,0.212551,0.0226712,-0.0291479,0.222872,0.160547,-0.198045,0.804,2.136
search,lower,6,forward,64.8218,1060.271,855,rolling,1414.281,1141,1414.030,-5.354,0,0,1783746286.231678009,-0.183483,-0.914179,0.873818,0.212551,,,0.222872,0.160547,-0.198045,0.804,2.136
search,lower,6,forward,64.8436,1060.271,855,rolling,1414.281,1141,1414.030,-5.354,0,0,1783746286.231678009,-0.183483,-0.914179,0.873818,0.212551,,,0.222872,0.160547,-0.198045,0.804,2.136
search,lower,6,forward,64.8651,1060.271,855,rolling,1414.281,1141,1414.030,-5.354,0,0,1783746286.231678009,-0.183483,-0.914179,0.873818,0.212551,,,0.222872,0.160547,-0.198045,0.804,2.136
search,lower,6,forward,64.8866,1060.271,855,rolling,1414.281,1141,1414.030,-5.354,0,0,1783746286.231678009,-0.183483,-0.914179,0.873818,0.212551,,,0.222872,0.160547,-0.198045,0.841,2.116
search,lower,6,forward,64.9089,1060.271,855,rolling,1414.467,1141,1414.087,-5.297,1,18,1783746286.331409931,-0.168605,-0.895607,0.843358,0.219023,0.0237802,-0.0304597,0.246652,0.184328,-0.228505,0.841,2.116
search,lower,6,forward,64.9276,1060.271,855,rolling,1414.467,1141,1414.087,-5.297,0,0,1783746286.331409931,-0.168605,-0.895607,0.843358,0.219023,,,0.246652,0.184328,-0.228505,0.841,2.116
search,lower,6,forward,64.9493,1060.271,855,rolling,1414.467,1141,1414.087,-5.297,0,0,1783746286.331409931,-0.168605,-0.895607,0.843358,0.219023,,,0.246652,0.184328,-0.228505,0.841,2.116
search,lower,6,forward,64.9708,1060.271,855,rolling,1414.467,1141,1414.087,-5.297,0,0,1783746286.331409931,-0.168605,-0.895607,0.843358,0.219023,,,0.246652,0.184328,-0.228505,0.841,2.116
search,lower,6,forward,64.9924,1060.271,855,rolling,1414.467,1141,1414.087,-5.297,0,0,1783746286.331409931,-0.168605,-0.895607,0.843358,0.219023,,,0.246652,0.184328,-0.228505,0.888,2.095
search,lower,6,forward,65.0091,1060.271,855,rolling,1414.651,1141,1414.159,-5.225,1,19,1783746286.429590940,-0.153194,-0.877599,0.813296,0.224585,0.0236881,-0.0300618,0.270340,0.208016,-0.258567,0.888,2.095
search,lower,6,forward,65.0149,1060.271,855,rolling,1414.651,1141,1414.159,-5.225,0,0,1783746286.429590940,-0.153194,-0.877599,0.813296,0.224585,,,0.270340,0.208016,-0.258567,0.888,2.095
search,lower,6,forward,65.0366,1060.271,855,rolling,1414.651,1141,1414.159,-5.225,0,0,1783746286.429590940,-0.153194,-0.877599,0.813296,0.224585,,,0.270340,0.208016,-0.258567,0.888,2.095
search,lower,6,forward,65.0581,1060.271,855,rolling,1414.651,1141,1414.159,-5.225,0,0,1783746286.429590940,-0.153194,-0.877599,0.813296,0.224585,,,0.270340,0.208016,-0.258567,0.888,2.095
search,lower,6,forward,65.0796,1060.271,855,rolling,1414.651,1141,1414.159,-5.225,0,0,1783746286.429590940,-0.153194,-0.877599,0.813296,0.224585,,,0.270340,0.208016,-0.258567,0.888,2.095
search,lower,6,forward,65.1011,1060.271,855,rolling,1414.651,1141,1414.159,-5.225,0,0,1783746286.429590940,-0.153194,-0.877599,0.813296,0.224585,,,0.270340,0.208016,-0.258567,0.909,2.078
search,lower,6,forward,65.1093,1060.271,855,rolling,1414.664,1141,1414.225,-5.159,1,20,1783746286.529839039,-0.139832,-0.860676,0.785178,0.221924,0.0214472,-0.0281186,0.291787,0.229463,-0.286685,0.909,2.078
search,lower,6,forward,65.1233,1060.271,855,rolling,1414.664,1141,1414.225,-5.159,0,0,1783746286.529839039,-0.139832,-0.860676,0.785178,0.221924,,,0.291787,0.229463,-0.286685,0.909,2.078
search,lower,6,forward,65.1449,1060.271,855,rolling,1414.664,1141,1414.225,-5.159,0,0,1783746286.529839039,-0.139832,-0.860676,0.785178,0.221924,,,0.291787,0.229463,-0.286685,0.909,2.078
search,lower,6,forward,65.1664,1060.271,855,rolling,1414.664,1141,1414.225,-5.159,0,0,1783746286.529839039,-0.139832,-0.860676,0.785178,0.221924,,,0.291787,0.229463,-0.286685,0.909,2.078
search,lower,6,forward,65.1879,1060.271,855,rolling,1414.664,1141,1414.225,-5.159,0,0,1783746286.529839039,-0.139832,-0.860676,0.785178,0.221924,,,0.291787,0.229463,-0.286685,0.925,2.059
search,lower,6,forward,65.2096,1060.271,855,rolling,1414.884,1141,1414.312,-5.072,1,21,1783746286.630332470,-0.122888,-0.842239,0.758344,0.228640,0.0250016,-0.0268334,0.316789,0.254465,-0.313519,0.925,2.059
search,lower,6,forward,65.2234,1060.271,855,rolling,1414.884,1141,1414.312,-5.072,0,0,1783746286.630332470,-0.122888,-0.842239,0.758344,0.228640,,,0.316789,0.254465,-0.313519,0.925,2.059
search,lower,6,forward,65.2451,1060.271,855,rolling,1414.884,1141,1414.312,-5.072,0,0,1783746286.630332470,-0.122888,-0.842239,0.758344,0.228640,,,0.316789,0.254465,-0.313519,0.925,2.059
search,lower,6,forward,65.2666,1060.271,855,rolling,1414.884,1141,1414.312,-5.072,0,0,1783746286.630332470,-0.122888,-0.842239,0.758344,0.228640,,,0.316789,0.254465,-0.313519,0.925,2.059
search,lower,6,forward,65.2881,1060.271,855,rolling,1414.884,1141,1414.312,-5.072,0,0,1783746286.630332470,-0.122888,-0.842239,0.758344,0.228640,,,0.316789,0.254465,-0.313519,0.956,2.043
search,lower,6,forward,65.3101,1060.271,855,rolling,1414.884,1141,1414.312,-5.072,0,0,1783746286.630332470,-0.122888,-0.842239,0.758344,0.228640,,,0.316789,0.254465,-0.313519,0.956,2.043
search,lower,6,forward,65.3321,1060.271,855,rolling,1414.628,1141,1414.353,-5.031,1,22,1783746286.730592728,-0.110949,-0.830188,0.734389,0.213739,0.0169474,-0.0239549,0.333736,0.271412,-0.337474,0.956,2.043
search,lower,6,forward,65.3344,1060.271,855,rolling,1414.628,1141,1414.353,-5.031,0,0,1783746286.730592728,-0.110949,-0.830188,0.734389,0.213739,,,0.333736,0.271412,-0.337474,0.956,2.043
search,lower,6,forward,65.3559,1060.271,855,rolling,1414.628,1141,1414.353,-5.031,0,0,1783746286.730592728,-0.110949,-0.830188,0.734389,0.213739,,,0.333736,0.271412,-0.337474,0.956,2.043
search,lower,6,forward,65.3774,1060.271,855,rolling,1414.628,1141,1414.353,-5.031,0,0,1783746286.730592728,-0.110949,-0.830188,0.734389,0.213739,,,0.333736,0.271412,-0.337474,0.956,2.043
search,lower,6,forward,65.3989,1060.271,855,rolling,1414.628,1141,1414.353,-5.031,0,0,1783746286.730592728,-0.110949,-0.830188,0.734389,0.213739,,,0.333736,0.271412,-0.337474,0.996,2.028
search,lower,6,forward,65.4106,1060.271,855,rolling,1414.506,1141,1414.373,-5.011,1,23,1783746286.831139803,-0.094605,-0.820541,0.712170,0.206643,0.0186370,-0.0222190,0.352373,0.290049,-0.359693,0.996,2.028
search,lower,6,forward,65.4234,1060.271,855,rolling,1414.506,1141,1414.373,-5.011,0,0,1783746286.831139803,-0.094605,-0.820541,0.712170,0.206643,,,0.352373,0.290049,-0.359693,0.996,2.028
search,lower,6,forward,65.4450,1060.271,855,rolling,1414.506,1141,1414.373,-5.011,0,0,1783746286.831139803,-0.094605,-0.820541,0.712170,0.206643,,,0.352373,0.290049,-0.359693,0.996,2.028
search,lower,6,forward,65.4666,1060.271,855,rolling,1414.506,1141,1414.373,-5.011,0,0,1783746286.831139803,-0.094605,-0.820541,0.712170,0.206643,,,0.352373,0.290049,-0.359693,0.996,2.028
search,lower,6,forward,65.4881,1060.271,855,rolling,1414.506,1141,1414.373,-5.011,0,0,1783746286.831139803,-0.094605,-0.820541,0.712170,0.206643,,,0.352373,0.290049,-0.359693,0.996,2.028
search,lower,6,forward,65.5096,1060.271,855,rolling,1414.506,1141,1414.373,-5.011,0,0,1783746286.831139803,-0.094605,-0.820541,0.712170,0.206643,,,0.352373,0.290049,-0.359693,1.029,2.015
search,lower,6,forward,65.5121,1060.271,855,rolling,1414.369,1141,1414.372,-5.011,1,24,1783746286.931438684,-0.081407,-0.808268,0.688713,0.199851,0.0180012,-0.0234574,0.370374,0.308050,-0.383150,1.029,2.015
search,lower,6,forward,65.5264,1060.271,855,rolling,1414.369,1141,1414.372,-5.011,0,0,1783746286.931438684,-0.081407,-0.808268,0.688713,0.199851,,,0.370374,0.308050,-0.383150,1.029,2.015
search,lower,6,forward,65.5480,1060.271,855,rolling,1414.369,1141,1414.372,-5.011,0,0,1783746286.931438684,-0.081407,-0.808268,0.688713,0.199851,,,0.370374,0.308050,-0.383150,1.029,2.015
search,lower,6,forward,65.5695,1060.271,855,rolling,1414.369,1141,1414.372,-5.011,0,0,1783746286.931438684,-0.081407,-0.808268,0.688713,0.199851,,,0.370374,0.308050,-0.383150,1.029,2.015
search,lower,6,forward,65.5910,1060.271,855,rolling,1414.369,1141,1414.372,-5.011,0,0,1783746286.931438684,-0.081407,-0.808268,0.688713,0.199851,,,0.370374,0.308050,-0.383150,1.066,2.001
search,lower,6,forward,65.6089,1060.271,855,rolling,1414.178,1140,1414.347,-5.037,1,25,1783746287.031627417,-0.069841,-0.796024,0.669706,0.191536,0.0166905,-0.0190071,0.387065,0.324741,-0.402157,1.066,2.001
search,lower,6,reverse,67.1818,1060.271,855,startup,1592.758,1284,1596.758,4.249,0,0,1783746288.530401707,-0.038672,-0.777128,0.614266,0.000722,,,0.000000,0.000000,0.000000,1.148,1.727
search,lower,6,reverse,67.2034,1060.271,855,startup,1592.758,1284,1596.758,4.249,0,0,1783746288.530401707,-0.038672,-0.777128,0.614266,0.000722,,,0.000000,0.000000,0.000000,1.110,1.724
search,lower,6,reverse,67.2103,1060.271,855,startup,1593.998,1285,1596.758,4.249,1,1,1783746288.630678415,-0.038790,-0.773704,0.615234,0.005225,0.0018783,0.0009677,0.001878,0.000000,0.000000,1.110,1.724
search,lower,6,reverse,67.2308,1060.271,855,startup,1593.998,1285,1596.758,4.249,0,0,1783746288.630678415,-0.038790,-0.773704,0.615234,0.005225,,,0.001878,0.000000,0.000000,1.110,1.724
search,lower,6,reverse,67.2524,1060.271,855,startup,1593.998,1285,1596.758,4.249,0,0,1783746288.630678415,-0.038790,-0.773704,0.615234,0.005225,,,0.001878,0.000000,0.000000,1.110,1.724
search,lower,6,reverse,67.2739,1060.271,855,startup,1593.998,1285,1596.758,4.249,0,0,1783746288.630678415,-0.038790,-0.773704,0.615234,0.005225,,,0.001878,0.000000,0.000000,1.110,1.724
search,lower,6,reverse,67.2954,1060.271,855,startup,1593.998,1285,1596.758,4.249,0,0,1783746288.630678415,-0.038790,-0.773704,0.615234,0.005225,,,0.001878,0.000000,0.000000,1.179,1.717
search,lower,6,reverse,67.3108,1060.271,855,startup,1595.238,1286,1596.758,4.249,1,2,1783746288.731277943,-0.037213,-0.771368,0.616395,0.010471,0.0026367,0.0011610,0.004515,0.000000,0.000000,1.179,1.717
search,lower,6,reverse,67.3201,1060.271,855,startup,1595.238,1286,1596.758,4.249,0,0,1783746288.731277943,-0.037213,-0.771368,0.616395,0.010471,,,0.004515,0.000000,0.000000,1.179,1.717
search,lower,6,reverse,67.3417,1060.271,855,startup,1595.238,1286,1596.758,4.249,0,0,1783746288.731277943,-0.037213,-0.771368,0.616395,0.010471,,,0.004515,0.000000,0.000000,1.179,1.717
search,lower,6,reverse,67.3633,1060.271,855,startup,1595.238,1286,1596.758,4.249,0,0,1783746288.731277943,-0.037213,-0.771368,0.616395,0.010471,,,0.004515,0.000000,0.000000,1.179,1.717
search,lower,6,reverse,67.3848,1060.271,855,startup,1595.238,1286,1596.758,4.249,0,0,1783746288.731277943,-0.037213,-0.771368,0.616395,0.010471,,,0.004515,0.000000,0.000000,1.179,1.717
search,lower,6,reverse,67.4063,1060.271,855,startup,1595.238,1286,1596.758,4.249,0,0,1783746288.731277943,-0.037213,-0.771368,0.616395,0.010471,,,0.004515,0.000000,0.000000,1.122,1.722
search,lower,6,reverse,67.4109,1060.271,855,startup,1596.478,1287,1596.758,4.249,1,3,1783746288.831511736,-0.042898,-0.777249,0.618922,-0.012202,-0.0080408,0.0025270,0.012556,0.000000,0.000000,1.122,1.722
search,lower,6,reverse,67.4254,1060.271,855,startup,1596.478,1287,1596.758,4.249,0,0,1783746288.831511736,-0.042898,-0.777249,0.618922,-0.012202,,,0.012556,0.000000,0.000000,1.122,1.722
search,lower,6,reverse,67.4470,1060.271,855,startup,1596.478,1287,1596.758,4.249,0,0,1783746288.831511736,-0.042898,-0.777249,0.618922,-0.012202,,,0.012556,0.000000,0.000000,1.122,1.722
search,lower,6,reverse,67.4686,1060.271,855,startup,1596.478,1287,1596.758,4.249,0,0,1783746288.831511736,-0.042898,-0.777249,0.618922,-0.012202,,,0.012556,0.000000,0.000000,1.122,1.722
search,lower,6,reverse,67.4901,1060.271,855,startup,1596.478,1287,1596.758,4.249,0,0,1783746288.831511736,-0.042898,-0.777249,0.618922,-0.012202,,,0.012556,0.000000,0.000000,1.094,1.747
search,lower,6,reverse,67.5090,1060.271,855,startup,1596.478,1287,1596.758,4.249,0,0,1783746288.831511736,-0.042898,-0.777249,0.618922,-0.012202,,,0.012556,0.000000,0.000000,1.094,1.747
search,lower,6,reverse,67.5309,1060.271,855,startup,1597.718,1288,1596.758,4.249,1,4,1783746288.931828499,-0.049299,-0.781451,0.627684,-0.028214,-0.0076492,0.0087623,0.020205,0.000000,0.000000,1.094,1.747
search,lower,6,reverse,67.5334,1060.271,855,startup,1597.718,1288,1596.758,4.249,0,0,1783746288.931828499,-0.049299,-0.781451,0.627684,-0.028214,,,0.020205,0.000000,0.000000,1.094,1.747
search,lower,6,reverse,67.5549,1060.271,855,startup,1597.718,1288,1596.758,4.249,0,0,1783746288.931828499,-0.049299,-0.781451,0.627684,-0.028214,,,0.020205,0.000000,0.000000,1.094,1.747
search,lower,6,reverse,67.5764,1060.271,855,startup,1597.718,1288,1596.758,4.249,0,0,1783746288.931828499,-0.049299,-0.781451,0.627684,-0.028214,,,0.020205,0.000000,0.000000,1.094,1.747
search,lower,6,reverse,67.5980,1060.271,855,startup,1597.718,1288,1596.758,4.249,0,0,1783746288.931828499,-0.049299,-0.781451,0.627684,-0.028214,,,0.020205,0.000000,0.000000,1.112,1.767
search,lower,6,reverse,67.6094,1060.271,855,startup,1600.818,1291,1596.758,4.249,1,5,1783746289.029954195,-0.054116,-0.786565,0.637108,-0.038762,-0.0069086,0.0094239,0.027114,0.000000,0.000000,1.112,1.767
search,lower,6,reverse,67.6187,1060.271,855,startup,1600.818,1291,1596.758,4.249,0,0,1783746289.029954195,-0.054116,-0.786565,0.637108,-0.038762,,,0.027114,0.000000,0.000000,1.112,1.767
search,lower,6,reverse,67.6404,1060.271,855,startup,1600.818,1291,1596.758,4.249,0,0,1783746289.029954195,-0.054116,-0.786565,0.637108,-0.038762,,,0.027114,0.000000,0.000000,1.112,1.767
search,lower,6,reverse,67.6619,1060.271,855,startup,1600.818,1291,1596.758,4.249,0,0,1783746289.029954195,-0.054116,-0.786565,0.637108,-0.038762,,,0.027114,0.000000,0.000000,1.112,1.767
search,lower,6,reverse,67.6834,1060.271,855,startup,1600.818,1291,1596.758,4.249,0,0,1783746289.029954195,-0.054116,-0.786565,0.637108,-0.038762,,,0.027114,0.000000,0.000000,1.112,1.767
search,lower,6,reverse,67.7051,1060.271,855,startup,1600.818,1291,1596.758,4.249,0,0,1783746289.029954195,-0.054116,-0.786565,0.637108,-0.038762,,,0.027114,0.000000,0.000000,1.086,1.799
search,lower,6,reverse,67.7098,1060.271,855,rolling,1596.758,1288,1596.758,4.249,1,6,1783746289.130026817,-0.064313,-0.793093,0.652578,-0.059232,-0.0120730,0.0154704,0.039187,0.000000,0.000000,1.086,1.799
search,lower,6,reverse,67.7248,1060.271,855,rolling,1596.758,1288,1596.758,4.249,0,0,1783746289.130026817,-0.064313,-0.793093,0.652578,-0.059232,,,0.039187,0.000000,0.000000,1.086,1.799
search,lower,6,reverse,67.7464,1060.271,855,rolling,1596.758,1288,1596.758,4.249,0,0,1783746289.130026817,-0.064313,-0.793093,0.652578,-0.059232,,,0.039187,0.000000,0.000000,1.086,1.799
search,lower,6,reverse,67.7680,1060.271,855,rolling,1596.758,1288,1596.758,4.249,0,0,1783746289.130026817,-0.064313,-0.793093,0.652578,-0.059232,,,0.039187,0.000000,0.000000,1.086,1.799
search,lower,6,reverse,67.7896,1060.271,855,rolling,1596.758,1288,1596.758,4.249,0,0,1783746289.130026817,-0.064313,-0.793093,0.652578,-0.059232,,,0.039187,0.000000,0.000000,1.057,2.019
search,lower,6,reverse,67.8100,1060.271,855,rolling,1598.974,1289,1597.129,4.620,1,7,1783746289.230716705,-0.074935,-0.800820,0.668100,-0.077023,-0.0131296,0.0155213,0.052316,0.000000,0.000000,1.057,2.019
search,lower,6,reverse,67.8241,1060.271,855,rolling,1598.974,1289,1597.129,4.620,0,0,1783746289.230716705,-0.074935,-0.800820,0.668100,-0.077023,,,0.052316,0.000000,0.000000,1.057,2.019
search,lower,6,reverse,67.8457,1060.271,855,rolling,1598.974,1289,1597.129,4.620,0,0,1783746289.230716705,-0.074935,-0.800820,0.668100,-0.077023,,,0.052316,0.000000,0.000000,1.057,2.019
search,lower,6,reverse,67.8673,1060.271,855,rolling,1598.974,1289,1597.129,4.620,0,0,1783746289.230716705,-0.074935,-0.800820,0.668100,-0.077023,,,0.052316,0.000000,0.000000,1.057,2.019
search,lower,6,reverse,67.8888,1060.271,855,rolling,1598.974,1289,1597.129,4.620,0,0,1783746289.230716705,-0.074935,-0.800820,0.668100,-0.077023,,,0.052316,0.000000,0.000000,1.036,2.027
search,lower,6,reverse,67.9110,1060.271,855,rolling,1599.091,1290,1597.457,4.948,1,8,1783746289.330896854,-0.086046,-0.808289,0.683398,-0.091057,-0.0133399,0.0152979,0.065656,0.000000,0.000000,1.036,2.027
search,lower,6,reverse,67.9167,1060.271,855,rolling,1599.091,1290,1597.457,4.948,0,0,1783746289.330896854,-0.086046,-0.808289,0.683398,-0.091057,,,0.065656,0.000000,0.000000,1.036,2.027
search,lower,6,reverse,67.9384,1060.271,855,rolling,1599.091,1290,1597.457,4.948,0,0,1783746289.330896854,-0.086046,-0.808289,0.683398,-0.091057,,,0.065656,0.000000,0.000000,1.036,2.027
search,lower,6,reverse,67.9599,1060.271,855,rolling,1599.091,1290,1597.457,4.948,0,0,1783746289.330896854,-0.086046,-0.808289,0.683398,-0.091057,,,0.065656,0.000000,0.000000,1.036,2.027
search,lower,6,reverse,67.9815,1060.271,855,rolling,1599.091,1290,1597.457,4.948,0,0,1783746289.330896854,-0.086046,-0.808289,0.683398,-0.091057,,,0.065656,0.000000,0.000000,1.036,2.027
search,lower,6,reverse,68.0031,1060.271,855,rolling,1599.091,1290,1597.457,4.948,0,0,1783746289.330896854,-0.086046,-0.808289,0.683398,-0.091057,,,0.065656,0.000000,0.000000,1.025,2.042
search,lower,6,reverse,68.0108,1060.271,855,rolling,1599.025,1290,1597.719,5.211,1,9,1783746289.431527853,-0.099831,-0.819814,0.700627,-0.112933,-0.0179688,0.0172297,0.083625,-0.017969,0.017230,1.025,2.042
search,lower,6,reverse,68.0228,1060.271,855,rolling,1599.025,1290,1597.719,5.211,0,0,1783746289.431527853,-0.099831,-0.819814,0.700627,-0.112933,,,0.083625,-0.017969,0.017230,1.025,2.042
search,lower,6,reverse,68.0445,1060.271,855,rolling,1599.025,1290,1597.719,5.211,0,0,1783746289.431527853,-0.099831,-0.819814,0.700627,-0.112933,,,0.083625,-0.017969,0.017230,1.025,2.042
search,lower,6,reverse,68.0661,1060.271,855,rolling,1599.025,1290,1597.719,5.211,0,0,1783746289.431527853,-0.099831,-0.819814,0.700627,-0.112933,,,0.083625,-0.017969,0.017230,1.025,2.042
search,lower,6,reverse,68.0878,1060.271,855,rolling,1599.025,1290,1597.719,5.211,0,0,1783746289.431527853,-0.099831,-0.819814,0.700627,-0.112933,,,0.083625,-0.017969,0.017230,0.981,2.056
search,lower,6,reverse,68.1087,1060.271,855,rolling,1599.025,1290,1597.719,5.211,0,0,1783746289.431527853,-0.099831,-0.819814,0.700627,-0.112933,,,0.083625,-0.017969,0.017230,0.981,2.056
search,lower,6,reverse,68.1308,1060.271,855,rolling,1598.905,1289,1597.917,5.409,1,10,1783746289.531759262,-0.114721,-0.832911,0.723092,-0.134159,-0.0198295,0.0224651,0.103454,-0.037798,0.039695,0.981,2.056
search,lower,6,reverse,68.1328,1060.271,855,rolling,1598.905,1289,1597.917,5.409,0,0,1783746289.531759262,-0.114721,-0.832911,0.723092,-0.134159,,,0.103454,-0.037798,0.039695,0.981,2.056
search,lower,6,reverse,68.1543,1060.271,855,rolling,1598.905,1289,1597.917,5.409,0,0,1783746289.531759262,-0.114721,-0.832911,0.723092,-0.134159,,,0.103454,-0.037798,0.039695,0.981,2.056
search,lower,6,reverse,68.1758,1060.271,855,rolling,1598.905,1289,1597.917,5.409,0,0,1783746289.531759262,-0.114721,-0.832911,0.723092,-0.134159,,,0.103454,-0.037798,0.039695,0.981,2.056
search,lower,6,reverse,68.1973,1060.271,855,rolling,1598.905,1289,1597.917,5.409,0,0,1783746289.531759262,-0.114721,-0.832911,0.723092,-0.134159,,,0.103454,-0.037798,0.039695,0.970,2.068
search,lower,6,reverse,68.2091,1060.271,855,rolling,1598.890,1289,1598.077,5.568,1,11,1783746289.629620552,-0.129211,-0.843234,0.745259,-0.145768,-0.0176730,0.0221670,0.121127,-0.055471,0.061862,0.970,2.068
search,lower,6,reverse,68.2216,1060.271,855,rolling,1598.890,1289,1598.077,5.568,0,0,1783746289.629620552,-0.129211,-0.843234,0.745259,-0.145768,,,0.121127,-0.055471,0.061862,0.970,2.068
search,lower,6,reverse,68.2434,1060.271,855,rolling,1598.890,1289,1598.077,5.568,0,0,1783746289.629620552,-0.129211,-0.843234,0.745259,-0.145768,,,0.121127,-0.055471,0.061862,0.970,2.068
search,lower,6,reverse,68.2650,1060.271,855,rolling,1598.890,1289,1598.077,5.568,0,0,1783746289.629620552,-0.129211,-0.843234,0.745259,-0.145768,,,0.121127,-0.055471,0.061862,0.970,2.068
search,lower,6,reverse,68.2867,1060.271,855,rolling,1598.890,1289,1598.077,5.568,0,0,1783746289.629620552,-0.129211,-0.843234,0.745259,-0.145768,,,0.121127,-0.055471,0.061862,0.970,2.068
search,lower,6,reverse,68.3084,1060.271,855,rolling,1598.890,1289,1598.077,5.568,0,0,1783746289.629620552,-0.129211,-0.843234,0.745259,-0.145768,,,0.121127,-0.055471,0.061862,0.933,2.085
search,lower,6,reverse,68.3108,1060.271,855,rolling,1598.959,1289,1598.224,5.715,1,12,1783746289.729910851,-0.141837,-0.854207,0.768430,-0.150990,-0.0167139,0.0231707,0.137841,-0.072185,0.085033,0.933,2.085
search,lower,6,reverse,68.3220,1060.271,855,rolling,1598.959,1289,1598.224,5.715,0,0,1783746289.729910851,-0.141837,-0.854207,0.768430,-0.150990,,,0.137841,-0.072185,0.085033,0.933,2.085
search,lower,6,reverse,68.3437,1060.271,855,rolling,1598.959,1289,1598.224,5.715,0,0,1783746289.729910851,-0.141837,-0.854207,0.768430,-0.150990,,,0.137841,-0.072185,0.085033,0.933,2.085
search,lower,6,reverse,68.3652,1060.271,855,rolling,1598.959,1289,1598.224,5.715,0,0,1783746289.729910851,-0.141837,-0.854207,0.768430,-0.150990,,,0.137841,-0.072185,0.085033,0.933,2.085
search,lower,6,reverse,68.3867,1060.271,855,rolling,1598.959,1289,1598.224,5.715,0,0,1783746289.729910851,-0.141837,-0.854207,0.768430,-0.150990,,,0.137841,-0.072185,0.085033,0.912,2.103
search,lower,6,reverse,68.4075,1060.271,855,rolling,1598.986,1290,1598.351,5.843,1,13,1783746289.830373049,-0.153851,-0.867477,0.789733,-0.157715,-0.0178713,0.0213025,0.155713,-0.090057,0.106335,0.912,2.103
search,lower,6,reverse,68.4177,1060.271,855,rolling,1598.986,1290,1598.351,5.843,0,0,1783746289.830373049,-0.153851,-0.867477,0.789733,-0.157715,,,0.155713,-0.090057,0.106335,0.912,2.103
search,lower,6,reverse,68.4394,1060.271,855,rolling,1598.986,1290,1598.351,5.843,0,0,1783746289.830373049,-0.153851,-0.867477,0.789733,-0.157715,,,0.155713,-0.090057,0.106335,0.912,2.103
search,lower,6,reverse,68.4610,1060.271,855,rolling,1598.986,1290,1598.351,5.843,0,0,1783746289.830373049,-0.153851,-0.867477,0.789733,-0.157715,,,0.155713,-0.090057,0.106335,0.912,2.103
search,lower,6,reverse,68.4826,1060.271,855,rolling,1598.986,1290,1598.351,5.843,0,0,1783746289.830373049,-0.153851,-0.867477,0.789733,-0.157715,,,0.155713,-0.090057,0.106335,0.900,2.125
search,lower,6,reverse,68.5050,1060.271,855,rolling,1598.986,1290,1598.351,5.843,0,0,1783746289.830373049,-0.153851,-0.867477,0.789733,-0.157715,,,0.155713,-0.090057,0.106335,0.900,2.125
search,lower,6,reverse,68.5063,1060.271,855,rolling,1598.750,1289,1598.417,5.908,1,14,1783746289.928333759,-0.170052,-0.884255,0.814529,-0.177809,-0.0233237,0.0247964,0.179036,-0.113380,0.131132,0.900,2.125
search,lower,6,reverse,68.5250,1060.271,855,rolling,1598.750,1289,1598.417,5.908,0,0,1783746289.928333759,-0.170052,-0.884255,0.814529,-0.177809,,,0.179036,-0.113380,0.131132,0.900,2.125
search,lower,6,reverse,68.5467,1060.271,855,rolling,1598.750,1289,1598.417,5.908,0,0,1783746289.928333759,-0.170052,-0.884255,0.814529,-0.177809,,,0.179036,-0.113380,0.131132,0.900,2.125
search,lower,6,reverse,68.5682,1060.271,855,rolling,1598.750,1289,1598.417,5.908,0,0,1783746289.928333759,-0.170052,-0.884255,0.814529,-0.177809,,,0.179036,-0.113380,0.131132,0.900,2.125
search,lower,6,reverse,68.5897,1060.271,855,rolling,1598.750,1289,1598.417,5.908,0,0,1783746289.928333759,-0.170052,-0.884255,0.814529,-0.177809,,,0.179036,-0.113380,0.131132,0.857,2.143
search,lower,6,reverse,68.6057,1060.271,855,rolling,1598.750,1289,1598.417,5.908,0,0,1783746289.928333759,-0.170052,-0.884255,0.814529,-0.177809,,,0.179036,-0.113380,0.131132,0.857,2.143
search,lower,6,reverse,68.6277,1060.271,855,rolling,1598.563,1289,1598.441,5.932,1,15,1783746290.025885105,-0.186334,-0.900280,0.843334,-0.191827,-0.0228154,0.0288046,0.201852,-0.136196,0.159936,0.857,2.143
search,lower,6,reverse,68.6297,1060.271,855,rolling,1598.563,1289,1598.441,5.932,0,0,1783746290.025885105,-0.186334,-0.900280,0.843334,-0.191827,,,0.201852,-0.136196,0.159936,0.857,2.143
search,lower,6,reverse,68.6513,1060.271,855,rolling,1598.563,1289,1598.441,5.932,0,0,1783746290.025885105,-0.186334,-0.900280,0.843334,-0.191827,,,0.201852,-0.136196,0.159936,0.857,2.143
search,lower,6,reverse,68.6728,1060.271,855,rolling,1598.563,1289,1598.441,5.932,0,0,1783746290.025885105,-0.186334,-0.900280,0.843334,-0.191827,,,0.201852,-0.136196,0.159936,0.857,2.143
search,lower,6,reverse,68.6944,1060.271,855,rolling,1598.563,1289,1598.441,5.932,0,0,1783746290.025885105,-0.186334,-0.900280,0.843334,-0.191827,,,0.201852,-0.136196,0.159936,0.845,2.165
search,lower,6,reverse,68.7036,1060.271,855,rolling,1598.294,1289,1598.416,5.907,1,16,1783746290.126597643,-0.202065,-0.920907,0.873640,-0.208144,-0.0258928,0.0303068,0.227745,-0.162088,0.190243,0.845,2.165
search,lower,6,reverse,68.7172,1060.271,855,rolling,1598.294,1289,1598.416,5.907,0,0,1783746290.126597643,-0.202065,-0.920907,0.873640,-0.208144,,,0.227745,-0.162088,0.190243,0.845,2.165
search,lower,6,reverse,68.7390,1060.271,855,rolling,1598.294,1289,1598.416,5.907,0,0,1783746290.126597643,-0.202065,-0.920907,0.873640,-0.208144,,,0.227745,-0.162088,0.190243,0.845,2.165
search,lower,6,reverse,68.7610,1060.271,855,rolling,1598.294,1289,1598.416,5.907,0,0,1783746290.126597643,-0.202065,-0.920907,0.873640,-0.208144,,,0.227745,-0.162088,0.190243,0.845,2.165
search,lower,6,reverse,68.7828,1060.271,855,rolling,1598.294,1289,1598.416,5.907,0,0,1783746290.126597643,-0.202065,-0.920907,0.873640,-0.208144,,,0.227745,-0.162088,0.190243,0.814,2.192
search,lower,6,reverse,68.8061,1060.271,855,rolling,1598.106,1289,1598.365,5.856,1,17,1783746290.224493265,-0.216664,-0.939921,0.901793,-0.217302,-0.0239624,0.0281522,0.251707,-0.186051,0.218395,0.814,2.192
search,lower,6,reverse,68.8194,1060.271,855,rolling,1598.106,1289,1598.365,5.856,0,0,1783746290.224493265,-0.216664,-0.939921,0.901793,-0.217302,,,0.251707,-0.186051,0.218395,0.814,2.192
search,lower,6,reverse,68.8411,1060.271,855,rolling,1598.106,1289,1598.365,5.856,0,0,1783746290.224493265,-0.216664,-0.939921,0.901793,-0.217302,,,0.251707,-0.186051,0.218395,0.814,2.192
search,lower,6,reverse,68.8627,1060.271,855,rolling,1598.106,1289,1598.365,5.856,0,0,1783746290.224493265,-0.216664,-0.939921,0.901793,-0.217302,,,0.251707,-0.186051,0.218395,0.814,2.192
search,lower,6,reverse,68.8843,1060.271,855,rolling,1598.106,1289,1598.365,5.856,0,0,1783746290.224493265,-0.216664,-0.939921,0.901793,-0.217302,,,0.251707,-0.186051,0.218395,0.790,1.633
search,lower,6,reverse,68.9044,1060.271,855,rolling,1597.752,1289,1598.262,5.754,1,18,1783746290.325325966,-0.234006,-0.962721,0.929339,-0.233999,-0.0286455,0.0275468,0.280353,-0.214696,0.245942,0.790,1.633
search,lower,6,reverse,68.9218,1060.271,855,rolling,1597.752,1289,1598.262,5.754,0,0,1783746290.325325966,-0.234006,-0.962721,0.929339,-0.233999,,,0.280353,-0.214696,0.245942,0.790,1.633
search,lower,6,reverse,68.9434,1060.271,855,rolling,1597.752,1289,1598.262,5.754,0,0,1783746290.325325966,-0.234006,-0.962721,0.929339,-0.233999,,,0.280353,-0.214696,0.245942,0.790,1.633
search,lower,6,reverse,68.9649,1060.271,855,rolling,1597.752,1289,1598.262,5.754,0,0,1783746290.325325966,-0.234006,-0.962721,0.929339,-0.233999,,,0.280353,-0.214696,0.245942,0.790,1.633
search,lower,6,reverse,68.9864,1060.271,855,rolling,1597.752,1289,1598.262,5.754,0,0,1783746290.325325966,-0.234006,-0.962721,0.929339,-0.233999,,,0.280353,-0.214696,0.245942,0.774,1.663
search,lower,6,reverse,69.0049,1060.271,855,rolling,1597.811,1289,1598.187,5.678,1,19,1783746290.425291300,-0.244660,-0.979493,0.958927,-0.225100,-0.0198335,0.0295876,0.300186,-0.234530,0.275529,0.774,1.663
search,lower,6,reverse,69.0243,1060.271,855,rolling,1597.811,1289,1598.187,5.678,0,0,1783746290.425291300,-0.244660,-0.979493,0.958927,-0.225100,,,0.300186,-0.234530,0.275529,0.774,1.663
search,lower,6,reverse,69.0459,1060.271,855,rolling,1597.811,1289,1598.187,5.678,0,0,1783746290.425291300,-0.244660,-0.979493,0.958927,-0.225100,,,0.300186,-0.234530,0.275529,0.774,1.663
search,lower,6,reverse,69.0675,1060.271,855,rolling,1597.811,1289,1598.187,5.678,0,0,1783746290.425291300,-0.244660,-0.979493,0.958927,-0.225100,,,0.300186,-0.234530,0.275529,0.774,1.663
search,lower,6,reverse,69.0890,1060.271,855,rolling,1597.811,1289,1598.187,5.678,0,0,1783746290.425291300,-0.244660,-0.979493,0.958927,-0.225100,,,0.300186,-0.234530,0.275529,0.742,1.680
search,lower,6,reverse,69.1025,1060.271,855,rolling,1597.698,1288,1598.105,5.596,1,20,1783746290.525735140,-0.258630,-0.998340,0.991998,-0.227163,-0.0234386,0.0330712,0.323625,-0.257969,0.308601,0.742,1.680
search,lower,6,reverse,69.1215,1060.271,855,rolling,1597.698,1288,1598.105,5.596,0,0,1783746290.525735140,-0.258630,-0.998340,0.991998,-0.227163,,,0.323625,-0.257969,0.308601,0.742,1.680
search,lower,6,reverse,69.1433,1060.271,855,rolling,1597.698,1288,1598.105,5.596,0,0,1783746290.525735140,-0.258630,-0.998340,0.991998,-0.227163,,,0.323625,-0.257969,0.308601,0.742,1.680
search,lower,6,reverse,69.1648,1060.271,855,rolling,1597.698,1288,1598.105,5.596,0,0,1783746290.525735140,-0.258630,-0.998340,0.991998,-0.227163,,,0.323625,-0.257969,0.308601,0.742,1.680
search,lower,6,reverse,69.1863,1060.271,855,rolling,1597.698,1288,1598.105,5.596,0,0,1783746290.525735140,-0.258630,-0.998340,0.991998,-0.227163,,,0.323625,-0.257969,0.308601,0.719,1.745
search,lower,6,reverse,69.2028,1060.271,855,rolling,1597.319,1288,1597.977,5.468,1,21,1783746290.623512983,-0.272508,-1.023567,1.024352,-0.243857,-0.0287408,0.0323538,0.352365,-0.286709,0.340954,0.719,1.745
search,lower,6,reverse,69.2196,1060.271,855,rolling,1597.319,1288,1597.977,5.468,0,0,1783746290.623512983,-0.272508,-1.023567,1.024352,-0.243857,,,0.352365,-0.286709,0.340954,0.719,1.745
search,lower,6,reverse,69.2413,1060.271,855,rolling,1597.319,1288,1597.977,5.468,0,0,1783746290.623512983,-0.272508,-1.023567,1.024352,-0.243857,,,0.352365,-0.286709,0.340954,0.719,1.745
search,lower,6,reverse,69.2628,1060.271,855,rolling,1597.319,1288,1597.977,5.468,0,0,1783746290.623512983,-0.272508,-1.023567,1.024352,-0.243857,,,0.352365,-0.286709,0.340954,0.719,1.745
search,lower,6,reverse,69.2844,1060.271,855,rolling,1597.319,1288,1597.977,5.468,0,0,1783746290.623512983,-0.272508,-1.023567,1.024352,-0.243857,,,0.352365,-0.286709,0.340954,0.698,1.725
search,lower,6,reverse,69.3034,1060.271,855,rolling,1596.884,1288,1597.794,5.285,1,22,1783746290.723754644,-0.288188,-1.050535,1.057326,-0.260693,-0.0311953,0.0329741,0.383561,-0.317905,0.373929,0.698,1.725
search,upper,2,forward,71.7077,1531.173,1235,startup,1418.347,1144,1414.347,-5.037,0,0,1783746293.123250961,-0.295596,-1.070999,1.108424,-0.002341,,,0.000000,0.000000,0.000000,0.669,1.267
search,upper,2,forward,71.7294,1531.173,1235,startup,1418.347,1144,1414.347,-5.037,0,0,1783746293.123250961,-0.295596,-1.070999,1.108424,-0.002341,,,0.000000,0.000000,0.000000,0.669,1.267
search,upper,2,forward,71.7510,1531.173,1235,startup,1418.347,1144,1414.347,-5.037,0,0,1783746293.123250961,-0.295596,-1.070999,1.108424,-0.002341,,,0.000000,0.000000,0.000000,0.669,1.267
search,upper,2,forward,71.7726,1531.173,1235,startup,1418.347,1144,1414.347,-5.037,0,0,1783746293.123250961,-0.295596,-1.070999,1.108424,-0.002341,,,0.000000,0.000000,0.000000,0.669,1.267
search,upper,2,forward,71.7942,1531.173,1235,startup,1418.347,1144,1414.347,-5.037,0,0,1783746293.123250961,-0.295596,-1.070999,1.108424,-0.002341,,,0.000000,0.000000,0.000000,0.669,1.264
search,upper,2,forward,71.8006,1531.173,1235,startup,1417.107,1143,1414.347,-5.037,1,1,1783746293.220936537,-0.294181,-1.071480,1.108985,-0.001241,0.0002009,0.0005612,0.000201,0.000000,0.000000,0.669,1.264
search,upper,2,forward,71.8128,1531.173,1235,startup,1417.107,1143,1414.347,-5.037,0,0,1783746293.220936537,-0.294181,-1.071480,1.108985,-0.001241,,,0.000201,0.000000,0.000000,0.669,1.264
search,upper,2,forward,71.8345,1531.173,1235,startup,1417.107,1143,1414.347,-5.037,0,0,1783746293.220936537,-0.294181,-1.071480,1.108985,-0.001241,,,0.000201,0.000000,0.000000,0.669,1.264
search,upper,2,forward,71.8561,1531.173,1235,startup,1417.107,1143,1414.347,-5.037,0,0,1783746293.220936537,-0.294181,-1.071480,1.108985,-0.001241,,,0.000201,0.000000,0.000000,0.669,1.264
search,upper,2,forward,71.8777,1531.173,1235,startup,1417.107,1143,1414.347,-5.037,0,0,1783746293.220936537,-0.294181,-1.071480,1.108985,-0.001241,,,0.000201,0.000000,0.000000,0.669,1.264
search,upper,2,forward,71.8992,1531.173,1235,startup,1417.107,1143,1414.347,-5.037,0,0,1783746293.220936537,-0.294181,-1.071480,1.108985,-0.001241,,,0.000201,0.000000,0.000000,0.670,1.264
search,upper,2,forward,71.9017,1531.173,1235,startup,1415.867,1142,1414.347,-5.037,1,2,1783746293.321536779,-0.293887,-1.068659,1.109650,0.005671,0.0026568,0.0006651,0.002858,0.000000,0.000000,0.670,1.264
search,upper,2,forward,71.9181,1531.173,1235,startup,1415.867,1142,1414.347,-5.037,0,0,1783746293.321536779,-0.293887,-1.068659,1.109650,0.005671,,,0.002858,0.000000,0.000000,0.670,1.264
search,upper,2,forward,71.9397,1531.173,1235,startup,1415.867,1142,1414.347,-5.037,0,0,1783746293.321536779,-0.293887,-1.068659,1.109650,0.005671,,,0.002858,0.000000,0.000000,0.670,1.264
search,upper,2,forward,71.9612,1531.173,1235,startup,1415.867,1142,1414.347,-5.037,0,0,1783746293.321536779,-0.293887,-1.068659,1.109650,0.005671,,,0.002858,0.000000,0.000000,0.670,1.264
search,upper,2,forward,71.9827,1531.173,1235,startup,1415.867,1142,1414.347,-5.037,0,0,1783746293.321536779,-0.293887,-1.068659,1.109650,0.005671,,,0.002858,0.000000,0.000000,0.670,1.264
search,upper,2,forward,71.9987,1531.173,1235,startup,1414.627,1141,1414.347,-5.037,1,3,1783746293.422095776,-0.293731,-1.067017,1.110550,0.008083,0.0015404,0.0008997,0.004398,0.000000,0.000000,0.670,1.264
search,upper,2,forward,72.0077,1531.173,1235,startup,1414.627,1141,1414.347,-5.037,0,0,1783746293.422095776,-0.293731,-1.067017,1.110550,0.008083,,,0.004398,0.000000,0.000000,0.670,1.264
search,upper,2,forward,72.0294,1531.173,1235,startup,1414.627,1141,1414.347,-5.037,0,0,1783746293.422095776,-0.293731,-1.067017,1.110550,0.008083,,,0.004398,0.000000,0.000000,0.670,1.264
search,upper,2,forward,72.0509,1531.173,1235,startup,1414.627,1141,1414.347,-5.037,0,0,1783746293.422095776,-0.293731,-1.067017,1.110550,0.008083,,,0.004398,0.000000,0.000000,0.670,1.264
search,upper,2,forward,72.0725,1531.173,1235,startup,1414.627,1141,1414.347,-5.037,0,0,1783746293.422095776,-0.293731,-1.067017,1.110550,0.008083,,,0.004398,0.000000,0.000000,0.670,1.264
search,upper,2,forward,72.0940,1531.173,1235,startup,1414.627,1141,1414.347,-5.037,0,0,1783746293.422095776,-0.293731,-1.067017,1.110550,0.008083,,,0.004398,0.000000,0.000000,0.677,1.264
search,upper,2,forward,72.0992,1531.173,1235,startup,1413.387,1140,1414.347,-5.037,1,4,1783746293.519687176,-0.292063,-1.064770,1.111311,0.013115,0.0027530,0.0007606,0.007151,0.000000,0.000000,0.677,1.264
search,upper,2,forward,72.1119,1531.173,1235,startup,1413.387,1140,1414.347,-5.037,0,0,1783746293.519687176,-0.292063,-1.064770,1.111311,0.013115,,,0.007151,0.000000,0.000000,0.677,1.264
search,upper,2,forward,72.1336,1531.173,1235,startup,1413.387,1140,1414.347,-5.037,0,0,1783746293.519687176,-0.292063,-1.064770,1.111311,0.013115,,,0.007151,0.000000,0.000000,0.677,1.264
search,upper,2,forward,72.1551,1531.173,1235,startup,1413.387,1140,1414.347,-5.037,0,0,1783746293.519687176,-0.292063,-1.064770,1.111311,0.013115,,,0.007151,0.000000,0.000000,0.677,1.264
search,upper,2,forward,72.1767,1531.173,1235,startup,1413.387,1140,1414.347,-5.037,0,0,1783746293.519687176,-0.292063,-1.064770,1.111311,0.013115,,,0.007151,0.000000,0.000000,0.677,1.264
search,upper,2,forward,72.1983,1531.173,1235,startup,1413.387,1140,1414.347,-5.037,0,0,1783746293.519687176,-0.292063,-1.064770,1.111311,0.013115,,,0.007151,0.000000,0.000000,0.674,1.260
search,upper,2,forward,72.2012,1531.173,1235,startup,1410.287,1137,1414.347,-5.037,1,5,1783746293.620153904,-0.290056,-1.062759,1.112239,0.016536,0.0026924,0.0009281,0.009844,0.000000,0.000000,0.674,1.260
search,upper,2,forward,72.2044,1531.173,1235,startup,1410.287,1137,1414.347,-5.037,0,0,1783746293.620153904,-0.290056,-1.062759,1.112239,0.016536,,,0.009844,0.000000,0.000000,0.674,1.260
search,upper,2,forward,72.2261,1531.173,1235,startup,1410.287,1137,1414.347,-5.037,0,0,1783746293.620153904,-0.290056,-1.062759,1.112239,0.016536,,,0.009844,0.000000,0.000000,0.674,1.260
search,upper,2,forward,72.2476,1531.173,1235,startup,1410.287,1137,1414.347,-5.037,0,0,1783746293.620153904,-0.290056,-1.062759,1.112239,0.016536,,,0.009844,0.000000,0.000000,0.674,1.260
search,upper,2,forward,72.2691,1531.173,1235,startup,1410.287,1137,1414.347,-5.037,0,0,1783746293.620153904,-0.290056,-1.062759,1.112239,0.016536,,,0.009844,0.000000,0.000000,0.674,1.260
search,upper,2,forward,72.2907,1531.173,1235,startup,1410.287,1137,1414.347,-5.037,0,0,1783746293.620153904,-0.290056,-1.062759,1.112239,0.016536,,,0.009844,0.000000,0.000000,0.673,1.262
search,upper,2,forward,72.2999,1531.173,1235,startup,1407.187,1135,1414.347,-5.037,1,6,1783746293.720513821,-0.289085,-1.061542,1.113242,0.016190,0.0015208,0.0010032,0.011364,0.000000,0.000000,0.673,1.262
search,upper,2,forward,72.3085,1531.173,1235,startup,1407.187,1135,1414.347,-5.037,0,0,1783746293.720513821,-0.289085,-1.061542,1.113242,0.016190,,,0.011364,0.000000,0.000000,0.673,1.262
search,upper,2,forward,72.3302,1531.173,1235,startup,1407.187,1135,1414.347,-5.037,0,0,1783746293.720513821,-0.289085,-1.061542,1.113242,0.016190,,,0.011364,0.000000,0.000000,0.673,1.262
search,upper,2,forward,72.3517,1531.173,1235,startup,1407.187,1135,1414.347,-5.037,0,0,1783746293.720513821,-0.289085,-1.061542,1.113242,0.016190,,,0.011364,0.000000,0.000000,0.673,1.262
search,upper,2,forward,72.3732,1531.173,1235,startup,1407.187,1135,1414.347,-5.037,0,0,1783746293.720513821,-0.289085,-1.061542,1.113242,0.016190,,,0.011364,0.000000,0.000000,0.673,1.262
search,upper,2,forward,72.3947,1531.173,1235,startup,1407.187,1135,1414.347,-5.037,0,0,1783746293.720513821,-0.289085,-1.061542,1.113242,0.016190,,,0.011364,0.000000,0.000000,0.674,1.262
search,upper,2,forward,72.3979,1531.173,1235,startup,1404.087,1132,1414.347,-5.037,1,7,1783746293.820885420,-0.290343,-1.061007,1.113894,0.011956,-0.0000749,0.0006523,0.011439,0.000000,0.000000,0.674,1.262
search,upper,2,forward,72.4139,1531.173,1235,startup,1404.087,1132,1414.347,-5.037,0,0,1783746293.820885420,-0.290343,-1.061007,1.113894,0.011956,,,0.011439,0.000000,0.000000,0.674,1.262
search,upper,2,forward,72.4356,1531.173,1235,startup,1404.087,1132,1414.347,-5.037,0,0,1783746293.820885420,-0.290343,-1.061007,1.113894,0.011956,,,0.011439,0.000000,0.000000,0.674,1.262
search,upper,2,forward,72.4572,1531.173,1235,startup,1404.087,1132,1414.347,-5.037,0,0,1783746293.820885420,-0.290343,-1.061007,1.113894,0.011956,,,0.011439,0.000000,0.000000,0.674,1.262
search,upper,2,forward,72.4789,1531.173,1235,startup,1404.087,1132,1414.347,-5.037,0,0,1783746293.820885420,-0.290343,-1.061007,1.113894,0.011956,,,0.011439,0.000000,0.000000,0.678,1.248
search,upper,2,forward,72.4986,1531.173,1235,startup,1400.987,1130,1414.347,-5.037,1,8,1783746293.918817043,-0.286993,-1.054785,1.112984,0.026993,0.0070612,-0.0009098,0.018500,0.000000,0.000000,0.678,1.248
search,upper,2,forward,72.5103,1531.173,1235,startup,1400.987,1130,1414.347,-5.037,0,0,1783746293.918817043,-0.286993,-1.054785,1.112984,0.026993,,,0.018500,0.000000,0.000000,0.678,1.248
search,upper,2,forward,72.5319,1531.173,1235,startup,1400.987,1130,1414.347,-5.037,0,0,1783746293.918817043,-0.286993,-1.054785,1.112984,0.026993,,,0.018500,0.000000,0.000000,0.678,1.248
search,upper,2,forward,72.5536,1531.173,1235,startup,1400.987,1130,1414.347,-5.037,0,0,1783746293.918817043,-0.286993,-1.054785,1.112984,0.026993,,,0.018500,0.000000,0.000000,0.678,1.248
search,upper,2,forward,72.5751,1531.173,1235,startup,1400.987,1130,1414.347,-5.037,0,0,1783746293.918817043,-0.286993,-1.054785,1.112984,0.026993,,,0.018500,0.000000,0.000000,0.678,1.248
search,upper,2,forward,72.5967,1531.173,1235,startup,1400.987,1130,1414.347,-5.037,0,0,1783746293.918817043,-0.286993,-1.054785,1.112984,0.026993,,,0.018500,0.000000,0.000000,0.681,1.229
search,upper,2,forward,72.5992,1531.173,1235,rolling,1414.347,1141,1414.347,-5.037,1,9,1783746294.019239902,-0.281079,-1.041306,1.115391,0.056855,0.0147062,0.0024070,0.033207,0.000000,0.000000,0.681,1.229
search,upper,2,forward,72.6172,1531.173,1235,rolling,1414.347,1141,1414.347,-5.037,0,0,1783746294.019239902,-0.281079,-1.041306,1.115391,0.056855,,,0.033207,0.000000,0.000000,0.681,1.229
search,upper,2,forward,72.6390,1531.173,1235,rolling,1414.347,1141,1414.347,-5.037,0,0,1783746294.019239902,-0.281079,-1.041306,1.115391,0.056855,,,0.033207,0.000000,0.000000,0.681,1.229
search,upper,2,forward,72.6606,1531.173,1235,rolling,1414.347,1141,1414.347,-5.037,0,0,1783746294.019239902,-0.281079,-1.041306,1.115391,0.056855,,,0.033207,0.000000,0.000000,0.681,1.229
search,upper,2,forward,72.6824,1531.173,1235,rolling,1414.347,1141,1414.347,-5.037,0,0,1783746294.019239902,-0.281079,-1.041306,1.115391,0.056855,,,0.033207,0.000000,0.000000,0.701,1.209
search,upper,2,forward,72.6989,1531.173,1235,rolling,1414.347,1141,1414.347,-5.037,0,0,1783746294.019239902,-0.281079,-1.041306,1.115391,0.056855,,,0.033207,0.000000,0.000000,0.701,1.209
search,upper,2,forward,72.7208,1531.173,1235,rolling,1412.428,1139,1414.096,-5.288,1,10,1783746294.119640589,-0.271121,-1.013128,1.123367,0.116594,0.0296995,0.0079751,0.062906,0.029699,0.007975,0.701,1.209
search,upper,2,forward,72.7253,1531.173,1235,rolling,1412.428,1139,1414.096,-5.288,0,0,1783746294.119640589,-0.271121,-1.013128,1.123367,0.116594,,,0.062906,0.029699,0.007975,0.701,1.209
search,upper,2,forward,72.7470,1531.173,1235,rolling,1412.428,1139,1414.096,-5.288,0,0,1783746294.119640589,-0.271121,-1.013128,1.123367,0.116594,,,0.062906,0.029699,0.007975,0.701,1.209
search,upper,2,forward,72.7685,1531.173,1235,rolling,1412.428,1139,1414.096,-5.288,0,0,1783746294.119640589,-0.271121,-1.013128,1.123367,0.116594,,,0.062906,0.029699,0.007975,0.701,1.209
search,upper,2,forward,72.7901,1531.173,1235,rolling,1412.428,1139,1414.096,-5.288,0,0,1783746294.119640589,-0.271121,-1.013128,1.123367,0.116594,,,0.062906,0.029699,0.007975,0.733,1.185
search,upper,2,forward,72.7997,1531.173,1235,rolling,1413.232,1140,1413.983,-5.401,1,11,1783746294.219912052,-0.257088,-0.986477,1.132476,0.162474,0.0300929,0.0091092,0.092999,0.059792,0.017084,0.733,1.185
search,upper,2,forward,72.8115,1531.173,1235,rolling,1413.232,1140,1413.983,-5.401,0,0,1783746294.219912052,-0.257088,-0.986477,1.132476,0.162474,,,0.092999,0.059792,0.017084,0.733,1.185
search,upper,2,forward,72.8332,1531.173,1235,rolling,1413.232,1140,1413.983,-5.401,0,0,1783746294.219912052,-0.257088,-0.986477,1.132476,0.162474,,,0.092999,0.059792,0.017084,0.733,1.185
search,upper,2,forward,72.8547,1531.173,1235,rolling,1413.232,1140,1413.983,-5.401,0,0,1783746294.219912052,-0.257088,-0.986477,1.132476,0.162474,,,0.092999,0.059792,0.017084,0.733,1.185
search,upper,2,forward,72.8763,1531.173,1235,rolling,1413.232,1140,1413.983,-5.401,0,0,1783746294.219912052,-0.257088,-0.986477,1.132476,0.162474,,,0.092999,0.059792,0.017084,0.733,1.185
search,upper,2,forward,72.8979,1531.173,1235,rolling,1413.232,1140,1413.983,-5.401,0,0,1783746294.219912052,-0.257088,-0.986477,1.132476,0.162474,,,0.092999,0.059792,0.017084,0.761,1.607
search,upper,2,forward,72.9007,1531.173,1235,rolling,1413.232,1140,1413.983,-5.401,0,0,1783746294.219912052,-0.257088,-0.986477,1.132476,0.162474,,,0.092999,0.059792,0.017084,0.761,1.607
search,upper,2,forward,72.9229,1531.173,1235,rolling,1414.165,1140,1414.007,-5.377,1,12,1783746294.320528984,-0.242482,-0.955070,1.139455,0.207919,0.0346376,0.0069791,0.127637,0.094430,0.024063,0.761,1.607
search,upper,2,forward,72.9249,1531.173,1235,rolling,1414.165,1140,1414.007,-5.377,0,0,1783746294.320528984,-0.242482,-0.955070,1.139455,0.207919,,,0.127637,0.094430,0.024063,0.761,1.607
search,upper,2,forward,72.9468,1531.173,1235,rolling,1414.165,1140,1414.007,-5.377,0,0,1783746294.320528984,-0.242482,-0.955070,1.139455,0.207919,,,0.127637,0.094430,0.024063,0.761,1.607
search,upper,2,forward,72.9686,1531.173,1235,rolling,1414.165,1140,1414.007,-5.377,0,0,1783746294.320528984,-0.242482,-0.955070,1.139455,0.207919,,,0.127637,0.094430,0.024063,0.761,1.607
search,upper,2,forward,72.9904,1531.173,1235,rolling,1414.165,1140,1414.007,-5.377,0,0,1783746294.320528984,-0.242482,-0.955070,1.139455,0.207919,,,0.127637,0.094430,0.024063,0.791,1.555
search,upper,2,forward,73.0003,1531.173,1235,rolling,1414.798,1141,1414.110,-5.274,1,13,1783746294.420698404,-0.230480,-0.925986,1.145949,0.234412,0.0314423,0.0064942,0.159079,0.125872,0.030558,0.791,1.555
search,upper,2,forward,73.0180,1531.173,1235,rolling,1414.798,1141,1414.110,-5.274,0,0,1783746294.420698404,-0.230480,-0.925986,1.145949,0.234412,,,0.159079,0.125872,0.030558,0.791,1.555
search,upper,2,forward,73.0397,1531.173,1235,rolling,1414.798,1141,1414.110,-5.274,0,0,1783746294.420698404,-0.230480,-0.925986,1.145949,0.234412,,,0.159079,0.125872,0.030558,0.791,1.555
search,upper,2,forward,73.0613,1531.173,1235,rolling,1414.798,1141,1414.110,-5.274,0,0,1783746294.420698404,-0.230480,-0.925986,1.145949,0.234412,,,0.159079,0.125872,0.030558,0.791,1.555
search,upper,2,forward,73.0828,1531.173,1235,rolling,1414.798,1141,1414.110,-5.274,0,0,1783746294.420698404,-0.230480,-0.925986,1.145949,0.234412,,,0.159079,0.125872,0.030558,0.822,1.533
search,upper,2,forward,73.1007,1531.173,1235,rolling,1415.465,1142,1414.288,-5.096,1,14,1783746294.521133423,-0.216604,-0.895645,1.151871,0.258852,0.0333618,0.0059217,0.192441,0.159234,0.036479,0.822,1.533
search,upper,2,forward,73.1115,1531.173,1235,rolling,1415.465,1142,1414.288,-5.096,0,0,1783746294.521133423,-0.216604,-0.895645,1.151871,0.258852,,,0.192441,0.159234,0.036479,0.822,1.533
search,upper,2,forward,73.1333,1531.173,1235,rolling,1415.465,1142,1414.288,-5.096,0,0,1783746294.521133423,-0.216604,-0.895645,1.151871,0.258852,,,0.192441,0.159234,0.036479,0.822,1.533
search,upper,2,forward,73.1550,1531.173,1235,rolling,1415.465,1142,1414.288,-5.096,0,0,1783746294.521133423,-0.216604,-0.895645,1.151871,0.258852,,,0.192441,0.159234,0.036479,0.822,1.533
search,upper,2,forward,73.1766,1531.173,1235,rolling,1415.465,1142,1414.288,-5.096,0,0,1783746294.521133423,-0.216604,-0.895645,1.151871,0.258852,,,0.192441,0.159234,0.036479,0.822,1.533
search,upper,2,forward,73.1982,1531.173,1235,rolling,1415.465,1142,1414.288,-5.096,0,0,1783746294.521133423,-0.216604,-0.895645,1.151871,0.258852,,,0.192441,0.159234,0.036479,0.850,1.497
search,upper,2,forward,73.2010,1531.173,1235,rolling,1416.138,1142,1414.530,-4.854,1,15,1783746294.621558666,-0.202297,-0.864081,1.156035,0.280408,0.0346545,0.0041643,0.227095,0.193889,0.040644,0.850,1.497
search,upper,2,forward,73.2171,1531.173,1235,rolling,1416.138,1142,1414.530,-4.854,0,0,1783746294.621558666,-0.202297,-0.864081,1.156035,0.280408,,,0.227095,0.193889,0.040644,0.850,1.497
search,upper,2,forward,73.2389,1531.173,1235,rolling,1416.138,1142,1414.530,-4.854,0,0,1783746294.621558666,-0.202297,-0.864081,1.156035,0.280408,,,0.227095,0.193889,0.040644,0.850,1.497
search,upper,2,forward,73.2604,1531.173,1235,rolling,1416.138,1142,1414.530,-4.854,0,0,1783746294.621558666,-0.202297,-0.864081,1.156035,0.280408,,,0.227095,0.193889,0.040644,0.850,1.497
search,upper,2,forward,73.2819,1531.173,1235,rolling,1416.138,1142,1414.530,-4.854,0,0,1783746294.621558666,-0.202297,-0.864081,1.156035,0.280408,,,0.227095,0.193889,0.040644,0.877,1.474
search,upper,2,forward,73.3015,1531.173,1235,rolling,1416.308,1142,1414.763,-4.621,1,16,1783746294.722016335,-0.193073,-0.838740,1.158281,0.277278,0.0269115,0.0022457,0.254007,0.220800,0.042889,0.877,1.474
search,upper,2,forward,73.3215,1531.173,1235,rolling,1416.308,1142,1414.763,-4.621,0,0,1783746294.722016335,-0.193073,-0.838740,1.158281,0.277278,,,0.254007,0.220800,0.042889,0.877,1.474
search,upper,2,forward,73.3431,1531.173,1235,rolling,1416.308,1142,1414.763,-4.621,0,0,1783746294.722016335,-0.193073,-0.838740,1.158281,0.277278,,,0.254007,0.220800,0.042889,0.877,1.474
search,upper,2,forward,73.3646,1531.173,1235,rolling,1416.308,1142,1414.763,-4.621,0,0,1783746294.722016335,-0.193073,-0.838740,1.158281,0.277278,,,0.254007,0.220800,0.042889,0.877,1.474
search,upper,2,forward,73.3861,1531.173,1235,rolling,1416.308,1142,1414.763,-4.621,0,0,1783746294.722016335,-0.193073,-0.838740,1.158281,0.277278,,,0.254007,0.220800,0.042889,0.902,1.449
search,upper,2,forward,73.4018,1531.173,1235,rolling,1416.578,1142,1415.000,-4.384,1,17,1783746294.822403908,-0.182345,-0.812356,1.164550,0.278869,0.0284739,0.0062695,0.282481,0.249274,0.049159,0.902,1.449
search,upper,2,forward,73.4169,1531.173,1235,rolling,1416.578,1142,1415.000,-4.384,0,0,1783746294.822403908,-0.182345,-0.812356,1.164550,0.278869,,,0.282481,0.249274,0.049159,0.902,1.449
search,upper,2,forward,73.4385,1531.173,1235,rolling,1416.578,1142,1415.000,-4.384,0,0,1783746294.822403908,-0.182345,-0.812356,1.164550,0.278869,,,0.282481,0.249274,0.049159,0.902,1.449
search,upper,2,forward,73.4601,1531.173,1235,rolling,1416.578,1142,1415.000,-4.384,0,0,1783746294.822403908,-0.182345,-0.812356,1.164550,0.278869,,,0.282481,0.249274,0.049159,0.902,1.449
search,upper,2,forward,73.4816,1531.173,1235,rolling,1416.578,1142,1415.000,-4.384,0,0,1783746294.822403908,-0.182345,-0.812356,1.164550,0.278869,,,0.282481,0.249274,0.049159,0.927,1.423
search,upper,2,forward,73.5022,1531.173,1235,rolling,1416.873,1143,1415.245,-4.139,1,18,1783746294.922628880,-0.171814,-0.785352,1.173104,0.281419,0.0289719,0.0085535,0.311452,0.278246,0.057712,0.927,1.423
search,upper,2,forward,73.5175,1531.173,1235,rolling,1416.873,1143,1415.245,-4.139,0,0,1783746294.922628880,-0.171814,-0.785352,1.173104,0.281419,,,0.311452,0.278246,0.057712,0.927,1.423
search,upper,2,forward,73.5392,1531.173,1235,rolling,1416.873,1143,1415.245,-4.139,0,0,1783746294.922628880,-0.171814,-0.785352,1.173104,0.281419,,,0.311452,0.278246,0.057712,0.927,1.423
search,upper,2,forward,73.5607,1531.173,1235,rolling,1416.873,1143,1415.245,-4.139,0,0,1783746294.922628880,-0.171814,-0.785352,1.173104,0.281419,,,0.311452,0.278246,0.057712,0.927,1.423
search,upper,2,forward,73.5822,1531.173,1235,rolling,1416.873,1143,1415.245,-4.139,0,0,1783746294.922628880,-0.171814,-0.785352,1.173104,0.281419,,,0.311452,0.278246,0.057712,0.954,1.401
search,upper,2,forward,73.6025,1531.173,1235,rolling,1416.873,1143,1415.245,-4.139,0,0,1783746294.922628880,-0.171814,-0.785352,1.173104,0.281419,,,0.311452,0.278246,0.057712,0.954,1.401
search,upper,2,forward,73.6245,1531.173,1235,rolling,1416.254,1142,1415.377,-4.007,1,19,1783746295.023139477,-0.166291,-0.773384,1.180373,0.243824,0.0131708,0.0072692,0.324623,0.291417,0.064982,0.954,1.401
search,upper,2,forward,73.6264,1531.173,1235,rolling,1416.254,1142,1415.377,-4.007,0,0,1783746295.023139477,-0.166291,-0.773384,1.180373,0.243824,,,0.324623,0.291417,0.064982,0.954,1.401
search,upper,2,forward,73.6479,1531.173,1235,rolling,1416.254,1142,1415.377,-4.007,0,0,1783746295.023139477,-0.166291,-0.773384,1.180373,0.243824,,,0.324623,0.291417,0.064982,0.954,1.401
search,upper,2,forward,73.6695,1531.173,1235,rolling,1416.254,1142,1415.377,-4.007,0,0,1783746295.023139477,-0.166291,-0.773384,1.180373,0.243824,,,0.324623,0.291417,0.064982,0.954,1.401
search,upper,2,forward,73.6910,1531.173,1235,rolling,1416.254,1142,1415.377,-4.007,0,0,1783746295.023139477,-0.166291,-0.773384,1.180373,0.243824,,,0.324623,0.291417,0.064982,0.976,1.374
search,upper,2,forward,73.7030,1531.173,1235,rolling,1416.283,1142,1415.496,-3.888,1,20,1783746295.123466730,-0.157944,-0.752298,1.187018,0.239375,0.0226769,0.0066452,0.347300,0.314094,0.071627,0.976,1.374
search,upper,2,forward,73.7154,1531.173,1235,rolling,1416.283,1142,1415.496,-3.888,0,0,1783746295.123466730,-0.157944,-0.752298,1.187018,0.239375,,,0.347300,0.314094,0.071627,0.976,1.374
search,upper,2,forward,73.7370,1531.173,1235,rolling,1416.283,1142,1415.496,-3.888,0,0,1783746295.123466730,-0.157944,-0.752298,1.187018,0.239375,,,0.347300,0.314094,0.071627,0.976,1.374
search,upper,2,forward,73.7585,1531.173,1235,rolling,1416.283,1142,1415.496,-3.888,0,0,1783746295.123466730,-0.157944,-0.752298,1.187018,0.239375,,,0.347300,0.314094,0.071627,0.976,1.374
search,upper,2,forward,73.7800,1531.173,1235,rolling,1416.283,1142,1415.496,-3.888,0,0,1783746295.123466730,-0.157944,-0.752298,1.187018,0.239375,,,0.347300,0.314094,0.071627,0.998,1.362
search,upper,2,forward,73.8007,1531.173,1235,rolling,1416.382,1142,1415.611,-3.772,1,21,1783746295.223597288,-0.149988,-0.730032,1.192846,0.238524,0.0236278,0.0058277,0.370928,0.337721,0.077454,0.998,1.362
search,upper,2,forward,73.8143,1531.173,1235,rolling,1416.382,1142,1415.611,-3.772,0,0,1783746295.223597288,-0.149988,-0.730032,1.192846,0.238524,,,0.370928,0.337721,0.077454,0.998,1.362
search,upper,2,forward,73.8360,1531.173,1235,rolling,1416.382,1142,1415.611,-3.772,0,0,1783746295.223597288,-0.149988,-0.730032,1.192846,0.238524,,,0.370928,0.337721,0.077454,0.998,1.362
search,upper,2,forward,73.8575,1531.173,1235,rolling,1416.382,1142,1415.611,-3.772,0,0,1783746295.223597288,-0.149988,-0.730032,1.192846,0.238524,,,0.370928,0.337721,0.077454,0.998,1.362
search,upper,2,forward,73.8790,1531.173,1235,rolling,1416.382,1142,1415.611,-3.772,0,0,1783746295.223597288,-0.149988,-0.730032,1.192846,0.238524,,,0.370928,0.337721,0.077454,1.019,1.344
search,upper,2,forward,73.9012,1531.173,1235,rolling,1416.618,1142,1415.740,-3.643,1,22,1783746295.321606398,-0.138504,-0.707176,1.199689,0.243869,0.0254732,0.0068436,0.396401,0.363194,0.084298,1.019,1.344
search,upper,2,reverse,75.4713,1531.173,1235,startup,1593.794,1285,1597.794,5.285,0,0,1783746296.817588806,-0.117690,-0.665363,1.207071,0.000755,,,0.000000,0.000000,0.000000,1.061,1.319
search,upper,2,reverse,75.4928,1531.173,1235,startup,1593.794,1285,1597.794,5.285,0,0,1783746296.817588806,-0.117690,-0.665363,1.207071,0.000755,,,0.000000,0.000000,0.000000,1.060,1.309
search,upper,2,reverse,75.4975,1531.173,1235,startup,1595.034,1286,1597.794,5.285,1,1,1783746296.917849302,-0.119660,-0.665148,1.207109,-0.000681,-0.0005002,0.0000388,0.000500,0.000000,0.000000,1.060,1.309
search,upper,2,reverse,75.5171,1531.173,1235,startup,1595.034,1286,1597.794,5.285,0,0,1783746296.917849302,-0.119660,-0.665148,1.207109,-0.000681,,,0.000500,0.000000,0.000000,1.060,1.309
search,upper,2,reverse,75.5388,1531.173,1235,startup,1595.034,1286,1597.794,5.285,0,0,1783746296.917849302,-0.119660,-0.665148,1.207109,-0.000681,,,0.000500,0.000000,0.000000,1.060,1.309
search,upper,2,reverse,75.5604,1531.173,1235,startup,1595.034,1286,1597.794,5.285,0,0,1783746296.917849302,-0.119660,-0.665148,1.207109,-0.000681,,,0.000500,0.000000,0.000000,1.060,1.309
search,upper,2,reverse,75.5819,1531.173,1235,startup,1595.034,1286,1597.794,5.285,0,0,1783746296.917849302,-0.119660,-0.665148,1.207109,-0.000681,,,0.000500,0.000000,0.000000,1.061,1.327
search,upper,2,reverse,75.5953,1531.173,1235,startup,1596.274,1287,1597.794,5.285,1,2,1783746297.018416643,-0.119363,-0.662990,1.207819,0.004767,0.0021230,0.0007093,0.002623,0.000000,0.000000,1.061,1.327
search,upper,2,reverse,75.6107,1531.173,1235,startup,1596.274,1287,1597.794,5.285,0,0,1783746297.018416643,-0.119363,-0.662990,1.207819,0.004767,,,0.002623,0.000000,0.000000,1.061,1.327
search,upper,2,reverse,75.6325,1531.173,1235,startup,1596.274,1287,1597.794,5.285,0,0,1783746297.018416643,-0.119363,-0.662990,1.207819,0.004767,,,0.002623,0.000000,0.000000,1.061,1.327
search,upper,2,reverse,75.6542,1531.173,1235,startup,1596.274,1287,1597.794,5.285,0,0,1783746297.018416643,-0.119363,-0.662990,1.207819,0.004767,,,0.002623,0.000000,0.000000,1.061,1.327
search,upper,2,reverse,75.6759,1531.173,1235,startup,1596.274,1287,1597.794,5.285,0,0,1783746297.018416643,-0.119363,-0.662990,1.207819,0.004767,,,0.002623,0.000000,0.000000,1.057,1.314
search,upper,2,reverse,75.6956,1531.173,1235,startup,1597.514,1288,1597.794,5.285,1,3,1783746297.116310120,-0.119881,-0.664830,1.207829,-0.001287,-0.0019039,0.0000107,0.004527,0.000000,0.000000,1.057,1.314
search,upper,2,reverse,75.7168,1531.173,1235,startup,1597.514,1288,1597.794,5.285,0,0,1783746297.116310120,-0.119881,-0.664830,1.207829,-0.001287,,,0.004527,0.000000,0.000000,1.057,1.314
search,upper,2,reverse,75.7384,1531.173,1235,startup,1597.514,1288,1597.794,5.285,0,0,1783746297.116310120,-0.119881,-0.664830,1.207829,-0.001287,,,0.004527,0.000000,0.000000,1.057,1.314
search,upper,2,reverse,75.7600,1531.173,1235,startup,1597.514,1288,1597.794,5.285,0,0,1783746297.116310120,-0.119881,-0.664830,1.207829,-0.001287,,,0.004527,0.000000,0.000000,1.057,1.314
search,upper,2,reverse,75.7815,1531.173,1235,startup,1597.514,1288,1597.794,5.285,0,0,1783746297.116310120,-0.119881,-0.664830,1.207829,-0.001287,,,0.004527,0.000000,0.000000,1.055,1.302
search,upper,2,reverse,75.7962,1531.173,1235,startup,1598.754,1289,1597.794,5.285,1,4,1783746297.216459513,-0.121383,-0.664996,1.208408,-0.002685,-0.0006887,0.0005782,0.005216,0.000000,0.000000,1.055,1.302
search,upper,2,reverse,75.8089,1531.173,1235,startup,1598.754,1289,1597.794,5.285,0,0,1783746297.216459513,-0.121383,-0.664996,1.208408,-0.002685,,,0.005216,0.000000,0.000000,1.055,1.302
search,upper,2,reverse,75.8305,1531.173,1235,startup,1598.754,1289,1597.794,5.285,0,0,1783746297.216459513,-0.121383,-0.664996,1.208408,-0.002685,,,0.005216,0.000000,0.000000,1.055,1.302
search,upper,2,reverse,75.8520,1531.173,1235,startup,1598.754,1289,1597.794,5.285,0,0,1783746297.216459513,-0.121383,-0.664996,1.208408,-0.002685,,,0.005216,0.000000,0.000000,1.055,1.302
search,upper,2,reverse,75.8736,1531.173,1235,startup,1598.754,1289,1597.794,5.285,0,0,1783746297.216459513,-0.121383,-0.664996,1.208408,-0.002685,,,0.005216,0.000000,0.000000,1.055,1.302
search,upper,2,reverse,75.8952,1531.173,1235,startup,1598.754,1289,1597.794,5.285,0,0,1783746297.216459513,-0.121383,-0.664996,1.208408,-0.002685,,,0.005216,0.000000,0.000000,1.057,1.324
search,upper,2,reverse,75.8976,1531.173,1235,startup,1601.854,1292,1597.794,5.285,1,5,1783746297.317047358,-0.121546,-0.667187,1.209256,-0.007249,-0.0021067,0.0008486,0.007323,0.000000,0.000000,1.057,1.324
search,upper,2,reverse,75.9092,1531.173,1235,startup,1601.854,1292,1597.794,5.285,0,0,1783746297.317047358,-0.121546,-0.667187,1.209256,-0.007249,,,0.007323,0.000000,0.000000,1.057,1.324
search,upper,2,reverse,75.9308,1531.173,1235,startup,1601.854,1292,1597.794,5.285,0,0,1783746297.317047358,-0.121546,-0.667187,1.209256,-0.007249,,,0.007323,0.000000,0.000000,1.057,1.324
search,upper,2,reverse,75.9524,1531.173,1235,startup,1601.854,1292,1597.794,5.285,0,0,1783746297.317047358,-0.121546,-0.667187,1.209256,-0.007249,,,0.007323,0.000000,0.000000,1.057,1.324
search,upper,2,reverse,75.9740,1531.173,1235,startup,1601.854,1292,1597.794,5.285,0,0,1783746297.317047358,-0.121546,-0.667187,1.209256,-0.007249,,,0.007323,0.000000,0.000000,1.057,1.324
search,upper,2,reverse,75.9956,1531.173,1235,startup,1601.854,1292,1597.794,5.285,0,0,1783746297.317047358,-0.121546,-0.667187,1.209256,-0.007249,,,0.007323,0.000000,0.000000,1.052,1.318
search,upper,2,reverse,75.9982,1531.173,1235,startup,1604.954,1294,1597.794,5.285,1,6,1783746297.417202950,-0.123189,-0.671474,1.210038,-0.016895,-0.0045902,0.0007818,0.011913,0.000000,0.000000,1.052,1.318
search,upper,2,reverse,76.0113,1531.173,1235,startup,1604.954,1294,1597.794,5.285,0,0,1783746297.417202950,-0.123189,-0.671474,1.210038,-0.016895,,,0.011913,0.000000,0.000000,1.052,1.318
search,upper,2,reverse,76.0330,1531.173,1235,startup,1604.954,1294,1597.794,5.285,0,0,1783746297.417202950,-0.123189,-0.671474,1.210038,-0.016895,,,0.011913,0.000000,0.000000,1.052,1.318
search,upper,2,reverse,76.0545,1531.173,1235,startup,1604.954,1294,1597.794,5.285,0,0,1783746297.417202950,-0.123189,-0.671474,1.210038,-0.016895,,,0.011913,0.000000,0.000000,1.052,1.318
search,upper,2,reverse,76.0760,1531.173,1235,startup,1604.954,1294,1597.794,5.285,0,0,1783746297.417202950,-0.123189,-0.671474,1.210038,-0.016895,,,0.011913,0.000000,0.000000,1.038,1.349
search,upper,2,reverse,76.0949,1531.173,1235,startup,1608.054,1297,1597.794,5.285,1,7,1783746297.517816544,-0.129960,-0.683762,1.207160,-0.047185,-0.0138903,-0.0028782,0.025803,0.000000,0.000000,1.038,1.349
search,upper,2,reverse,76.1122,1531.173,1235,startup,1608.054,1297,1597.794,5.285,0,0,1783746297.517816544,-0.129960,-0.683762,1.207160,-0.047185,,,0.025803,0.000000,0.000000,1.038,1.349
search,upper,2,reverse,76.1340,1531.173,1235,startup,1608.054,1297,1597.794,5.285,0,0,1783746297.517816544,-0.129960,-0.683762,1.207160,-0.047185,,,0.025803,0.000000,0.000000,1.038,1.349
search,upper,2,reverse,76.1556,1531.173,1235,startup,1608.054,1297,1597.794,5.285,0,0,1783746297.517816544,-0.129960,-0.683762,1.207160,-0.047185,,,0.025803,0.000000,0.000000,1.038,1.349
search,upper,2,reverse,76.1771,1531.173,1235,startup,1608.054,1297,1597.794,5.285,0,0,1783746297.517816544,-0.129960,-0.683762,1.207160,-0.047185,,,0.025803,0.000000,0.000000,1.017,1.362
search,upper,2,reverse,76.1952,1531.173,1235,rolling,1597.794,1289,1597.794,5.285,1,8,1783746297.615820169,-0.134300,-0.708556,1.202102,-0.098406,-0.0247038,-0.0050573,0.050507,0.000000,0.000000,1.017,1.362
search,upper,2,reverse,76.2149,1531.173,1235,rolling,1597.794,1289,1597.794,5.285,0,0,1783746297.615820169,-0.134300,-0.708556,1.202102,-0.098406,,,0.050507,0.000000,0.000000,1.017,1.362
search,upper,2,reverse,76.2367,1531.173,1235,rolling,1597.794,1289,1597.794,5.285,0,0,1783746297.615820169,-0.134300,-0.708556,1.202102,-0.098406,,,0.050507,0.000000,0.000000,1.017,1.362
search,upper,2,reverse,76.2584,1531.173,1235,rolling,1597.794,1289,1597.794,5.285,0,0,1783746297.615820169,-0.134300,-0.708556,1.202102,-0.098406,,,0.050507,0.000000,0.000000,1.017,1.362
search,upper,2,reverse,76.2802,1531.173,1235,rolling,1597.794,1289,1597.794,5.285,0,0,1783746297.615820169,-0.134300,-0.708556,1.202102,-0.098406,,,0.050507,0.000000,0.000000,0.988,1.442
search,upper,2,reverse,76.2954,1531.173,1235,rolling,1598.827,1289,1597.967,5.458,1,9,1783746297.716127634,-0.145215,-0.733953,1.196630,-0.142662,-0.0276277,-0.0054720,0.078135,-0.027628,-0.005472,0.988,1.442
search,upper,2,reverse,76.3145,1531.173,1235,rolling,1598.827,1289,1597.967,5.458,0,0,1783746297.716127634,-0.145215,-0.733953,1.196630,-0.142662,,,0.078135,-0.027628,-0.005472,0.988,1.442
search,upper,2,reverse,76.3362,1531.173,1235,rolling,1598.827,1289,1597.967,5.458,0,0,1783746297.716127634,-0.145215,-0.733953,1.196630,-0.142662,,,0.078135,-0.027628,-0.005472,0.988,1.442
search,upper,2,reverse,76.3578,1531.173,1235,rolling,1598.827,1289,1597.967,5.458,0,0,1783746297.716127634,-0.145215,-0.733953,1.196630,-0.142662,,,0.078135,-0.027628,-0.005472,0.988,1.442
search,upper,2,reverse,76.3794,1531.173,1235,rolling,1598.827,1289,1597.967,5.458,0,0,1783746297.716127634,-0.145215,-0.733953,1.196630,-0.142662,,,0.078135,-0.027628,-0.005472,0.956,1.426
search,upper,2,reverse,76.3961,1531.173,1235,rolling,1598.278,1289,1598.019,5.510,1,10,1783746297.816427946,-0.155927,-0.762383,1.195099,-0.182714,-0.0303778,-0.0015310,0.108512,-0.058005,-0.007003,0.956,1.426
search,upper,2,reverse,76.4150,1531.173,1235,rolling,1598.278,1289,1598.019,5.510,0,0,1783746297.816427946,-0.155927,-0.762383,1.195099,-0.182714,,,0.108512,-0.058005,-0.007003,0.956,1.426
search,upper,2,reverse,76.4367,1531.173,1235,rolling,1598.278,1289,1598.019,5.510,0,0,1783746297.816427946,-0.155927,-0.762383,1.195099,-0.182714,,,0.108512,-0.058005,-0.007003,0.956,1.426
search,upper,2,reverse,76.4583,1531.173,1235,rolling,1598.278,1289,1598.019,5.510,0,0,1783746297.816427946,-0.155927,-0.762383,1.195099,-0.182714,,,0.108512,-0.058005,-0.007003,0.956,1.426
search,upper,2,reverse,76.4798,1531.173,1235,rolling,1598.278,1289,1598.019,5.510,0,0,1783746297.816427946,-0.155927,-0.762383,1.195099,-0.182714,,,0.108512,-0.058005,-0.007003,0.928,1.451
search,upper,2,reverse,76.4965,1531.173,1235,rolling,1597.661,1288,1597.959,5.450,1,11,1783746297.916980267,-0.167627,-0.793588,1.191893,-0.219877,-0.0333197,-0.0032068,0.141832,-0.091325,-0.010210,0.928,1.451
search,upper,2,reverse,76.5149,1531.173,1235,rolling,1597.661,1288,1597.959,5.450,0,0,1783746297.916980267,-0.167627,-0.793588,1.191893,-0.219877,,,0.141832,-0.091325,-0.010210,0.928,1.451
search,upper,2,reverse,76.5366,1531.173,1235,rolling,1597.661,1288,1597.959,5.450,0,0,1783746297.916980267,-0.167627,-0.793588,1.191893,-0.219877,,,0.141832,-0.091325,-0.010210,0.928,1.451
search,upper,2,reverse,76.5581,1531.173,1235,rolling,1597.661,1288,1597.959,5.450,0,0,1783746297.916980267,-0.167627,-0.793588,1.191893,-0.219877,,,0.141832,-0.091325,-0.010210,0.928,1.451
search,upper,2,reverse,76.5796,1531.173,1235,rolling,1597.661,1288,1597.959,5.450,0,0,1783746297.916980267,-0.167627,-0.793588,1.191893,-0.219877,,,0.141832,-0.091325,-0.010210,0.899,1.490
search,upper,2,reverse,76.5968,1531.173,1235,rolling,1597.386,1288,1597.863,5.354,1,12,1783746298.017443180,-0.177663,-0.818511,1.187439,-0.231769,-0.0268682,-0.0044536,0.168700,-0.118193,-0.014663,0.899,1.490
search,upper,2,reverse,76.6169,1531.173,1235,rolling,1597.386,1288,1597.863,5.354,0,0,1783746298.017443180,-0.177663,-0.818511,1.187439,-0.231769,,,0.168700,-0.118193,-0.014663,0.899,1.490
search,upper,2,reverse,76.6386,1531.173,1235,rolling,1597.386,1288,1597.863,5.354,0,0,1783746298.017443180,-0.177663,-0.818511,1.187439,-0.231769,,,0.168700,-0.118193,-0.014663,0.899,1.490
search,upper,2,reverse,76.6602,1531.173,1235,rolling,1597.386,1288,1597.863,5.354,0,0,1783746298.017443180,-0.177663,-0.818511,1.187439,-0.231769,,,0.168700,-0.118193,-0.014663,0.899,1.490
search,upper,2,reverse,76.6817,1531.173,1235,rolling,1597.386,1288,1597.863,5.354,0,0,1783746298.017443180,-0.177663,-0.818511,1.187439,-0.231769,,,0.168700,-0.118193,-0.014663,0.872,1.507
search,upper,2,reverse,76.6976,1531.173,1235,rolling,1596.904,1288,1597.703,5.194,1,13,1783746298.117645979,-0.188764,-0.848368,1.180418,-0.253261,-0.0318384,-0.0070210,0.200539,-0.150032,-0.021684,0.872,1.507
search,upper,2,reverse,76.7101,1531.173,1235,rolling,1596.904,1288,1597.703,5.194,0,0,1783746298.117645979,-0.188764,-0.848368,1.180418,-0.253261,,,0.200539,-0.150032,-0.021684,0.872,1.507
search,upper,2,reverse,76.7319,1531.173,1235,rolling,1596.904,1288,1597.703,5.194,0,0,1783746298.117645979,-0.188764,-0.848368,1.180418,-0.253261,,,0.200539,-0.150032,-0.021684,0.872,1.507
search,upper,2,reverse,76.7535,1531.173,1235,rolling,1596.904,1288,1597.703,5.194,0,0,1783746298.117645979,-0.188764,-0.848368,1.180418,-0.253261,,,0.200539,-0.150032,-0.021684,0.872,1.507
search,upper,2,reverse,76.7752,1531.173,1235,rolling,1596.904,1288,1597.703,5.194,0,0,1783746298.117645979,-0.188764,-0.848368,1.180418,-0.253261,,,0.200539,-0.150032,-0.021684,0.842,1.528
search,upper,2,reverse,76.7953,1531.173,1235,rolling,1596.533,1288,1597.507,4.998,1,14,1783746298.218138218,-0.200122,-0.876285,1.173922,-0.264923,-0.0301384,-0.0064961,0.230677,-0.180170,-0.028181,0.842,1.528
search,upper,2,reverse,76.8089,1531.173,1235,rolling,1596.533,1288,1597.507,4.998,0,0,1783746298.218138218,-0.200122,-0.876285,1.173922,-0.264923,,,0.230677,-0.180170,-0.028181,0.842,1.528
search,upper,2,reverse,76.8306,1531.173,1235,rolling,1596.533,1288,1597.507,4.998,0,0,1783746298.218138218,-0.200122,-0.876285,1.173922,-0.264923,,,0.230677,-0.180170,-0.028181,0.842,1.528
search,upper,2,reverse,76.8521,1531.173,1235,rolling,1596.533,1288,1597.507,4.998,0,0,1783746298.218138218,-0.200122,-0.876285,1.173922,-0.264923,,,0.230677,-0.180170,-0.028181,0.842,1.528
search,upper,2,reverse,76.8737,1531.173,1235,rolling,1596.533,1288,1597.507,4.998,0,0,1783746298.218138218,-0.200122,-0.876285,1.173922,-0.264923,,,0.230677,-0.180170,-0.028181,0.816,1.131
search,upper,2,reverse,76.8957,1531.173,1235,rolling,1596.087,1287,1597.274,4.766,1,15,1783746298.316141367,-0.213344,-0.904943,1.168449,-0.279160,-0.0315446,-0.0054732,0.262221,-0.211715,-0.033654,0.816,1.131
search,upper,2,reverse,76.9152,1531.173,1235,rolling,1596.087,1287,1597.274,4.766,0,0,1783746298.316141367,-0.213344,-0.904943,1.168449,-0.279160,,,0.262221,-0.211715,-0.033654,0.816,1.131
search,upper,2,reverse,76.9368,1531.173,1235,rolling,1596.087,1287,1597.274,4.766,0,0,1783746298.316141367,-0.213344,-0.904943,1.168449,-0.279160,,,0.262221,-0.211715,-0.033654,0.816,1.131
search,upper,2,reverse,76.9584,1531.173,1235,rolling,1596.087,1287,1597.274,4.766,0,0,1783746298.316141367,-0.213344,-0.904943,1.168449,-0.279160,,,0.262221,-0.211715,-0.033654,0.816,1.131
search,upper,2,reverse,76.9799,1531.173,1235,rolling,1596.087,1287,1597.274,4.766,0,0,1783746298.316141367,-0.213344,-0.904943,1.168449,-0.279160,,,0.262221,-0.211715,-0.033654,0.790,1.156
search,upper,2,reverse,76.9957,1531.173,1235,rolling,1595.832,1287,1597.033,4.524,1,16,1783746298.416595221,-0.221417,-0.932397,1.163173,-0.280085,-0.0284145,-0.0052757,0.290636,-0.240129,-0.038929,0.790,1.156
search,upper,2,reverse,77.0126,1531.173,1235,rolling,1595.832,1287,1597.033,4.524,0,0,1783746298.416595221,-0.221417,-0.932397,1.163173,-0.280085,,,0.290636,-0.240129,-0.038929,0.790,1.156
search,upper,2,reverse,77.0342,1531.173,1235,rolling,1595.832,1287,1597.033,4.524,0,0,1783746298.416595221,-0.221417,-0.932397,1.163173,-0.280085,,,0.290636,-0.240129,-0.038929,0.790,1.156
search,upper,2,reverse,77.0560,1531.173,1235,rolling,1595.832,1287,1597.033,4.524,0,0,1783746298.416595221,-0.221417,-0.932397,1.163173,-0.280085,,,0.290636,-0.240129,-0.038929,0.790,1.156
search,upper,2,reverse,77.0782,1531.173,1235,rolling,1595.832,1287,1597.033,4.524,0,0,1783746298.416595221,-0.221417,-0.932397,1.163173,-0.280085,,,0.290636,-0.240129,-0.038929,0.765,1.164
search,upper,2,reverse,77.0968,1531.173,1235,rolling,1595.619,1287,1596.797,4.288,1,17,1783746298.516733646,-0.229788,-0.958658,1.157857,-0.278519,-0.0274197,-0.0053160,0.318056,-0.267549,-0.044245,0.765,1.164
search,upper,2,reverse,77.1090,1531.173,1235,rolling,1595.619,1287,1596.797,4.288,0,0,1783746298.516733646,-0.229788,-0.958658,1.157857,-0.278519,,,0.318056,-0.267549,-0.044245,0.765,1.164
search,upper,2,reverse,77.1308,1531.173,1235,rolling,1595.619,1287,1596.797,4.288,0,0,1783746298.516733646,-0.229788,-0.958658,1.157857,-0.278519,,,0.318056,-0.267549,-0.044245,0.765,1.164
search,upper,2,reverse,77.1525,1531.173,1235,rolling,1595.619,1287,1596.797,4.288,0,0,1783746298.516733646,-0.229788,-0.958658,1.157857,-0.278519,,,0.318056,-0.267549,-0.044245,0.765,1.164
search,upper,2,reverse,77.1740,1531.173,1235,rolling,1595.619,1287,1596.797,4.288,0,0,1783746298.516733646,-0.229788,-0.958658,1.157857,-0.278519,,,0.318056,-0.267549,-0.044245,0.765,1.164
search,upper,2,reverse,77.1958,1531.173,1235,rolling,1595.619,1287,1596.797,4.288,0,0,1783746298.516733646,-0.229788,-0.958658,1.157857,-0.278519,,,0.318056,-0.267549,-0.044245,0.740,1.194
search,upper,2,reverse,77.1988,1531.173,1235,rolling,1595.484,1287,1596.577,4.068,1,18,1783746298.617588282,-0.240534,-0.982113,1.152375,-0.272835,-0.0257969,-0.0054825,0.343853,-0.293346,-0.049728,0.740,1.194
search,upper,2,reverse,77.2057,1531.173,1235,rolling,1595.484,1287,1596.577,4.068,0,0,1783746298.617588282,-0.240534,-0.982113,1.152375,-0.272835,,,0.343853,-0.293346,-0.049728,0.740,1.194
search,upper,2,reverse,77.2275,1531.173,1235,rolling,1595.484,1287,1596.577,4.068,0,0,1783746298.617588282,-0.240534,-0.982113,1.152375,-0.272835,,,0.343853,-0.293346,-0.049728,0.740,1.194
search,upper,2,reverse,77.2491,1531.173,1235,rolling,1595.484,1287,1596.577,4.068,0,0,1783746298.617588282,-0.240534,-0.982113,1.152375,-0.272835,,,0.343853,-0.293346,-0.049728,0.740,1.194
search,upper,2,reverse,77.2706,1531.173,1235,rolling,1595.484,1287,1596.577,4.068,0,0,1783746298.617588282,-0.240534,-0.982113,1.152375,-0.272835,,,0.343853,-0.293346,-0.049728,0.740,1.194
search,upper,2,reverse,77.2921,1531.173,1235,rolling,1595.484,1287,1596.577,4.068,0,0,1783746298.617588282,-0.240534,-0.982113,1.152375,-0.272835,,,0.343853,-0.293346,-0.049728,0.717,1.209
search,upper,2,reverse,77.2972,1531.173,1235,rolling,1595.307,1287,1596.365,3.856,1,19,1783746298.717542887,-0.252219,-1.005762,1.146695,-0.270556,-0.0263602,-0.0056796,0.370213,-0.319706,-0.055408,0.717,1.209
search,upper,2,reverse,77.3064,1531.173,1235,rolling,1595.307,1287,1596.365,3.856,0,0,1783746298.717542887,-0.252219,-1.005762,1.146695,-0.270556,,,0.370213,-0.319706,-0.055408,0.717,1.209
search,upper,2,reverse,77.3280,1531.173,1235,rolling,1595.307,1287,1596.365,3.856,0,0,1783746298.717542887,-0.252219,-1.005762,1.146695,-0.270556,,,0.370213,-0.319706,-0.055408,0.717,1.209
search,upper,2,reverse,77.3495,1531.173,1235,rolling,1595.307,1287,1596.365,3.856,0,0,1783746298.717542887,-0.252219,-1.005762,1.146695,-0.270556,,,0.370213,-0.319706,-0.055408,0.717,1.209
search,upper,2,reverse,77.3710,1531.173,1235,rolling,1595.307,1287,1596.365,3.856,0,0,1783746298.717542887,-0.252219,-1.005762,1.146695,-0.270556,,,0.370213,-0.319706,-0.055408,0.717,1.209
search,upper,2,reverse,77.3925,1531.173,1235,rolling,1595.307,1287,1596.365,3.856,0,0,1783746298.717542887,-0.252219,-1.005762,1.146695,-0.270556,,,0.370213,-0.319706,-0.055408,0.693,1.235
search,upper,2,reverse,77.3950,1531.173,1235,rolling,1595.307,1287,1596.365,3.856,0,0,1783746298.717542887,-0.252219,-1.005762,1.146695,-0.270556,,,0.370213,-0.319706,-0.055408,0.693,1.235
search,upper,2,reverse,77.4168,1531.173,1235,rolling,1595.369,1287,1596.198,3.690,1,20,1783746298.818114996,-0.259383,-1.025634,1.148900,-0.255270,-0.0210609,0.0022055,0.391274,-0.340767,-0.053202,0.693,1.235
search,upper,3,forward,79.7956,1565.423,1262,startup,1418.500,1144,1415.740,-3.643,1,1,1783746301.217272758,-0.282308,-1.072819,1.142160,0.009427,0.0061648,-0.0006372,0.006165,0.000000,0.000000,0.649,1.263
search,upper,3,forward,79.8097,1565.423,1262,startup,1418.500,1144,1415.740,-3.643,0,0,1783746301.217272758,-0.282308,-1.072819,1.142160,0.009427,,,0.006165,0.000000,0.000000,0.649,1.263
search,upper,3,forward,79.8314,1565.423,1262,startup,1418.500,1144,1415.740,-3.643,0,0,1783746301.217272758,-0.282308,-1.072819,1.142160,0.009427,,,0.006165,0.000000,0.000000,0.649,1.263
search,upper,3,forward,79.8530,1565.423,1262,startup,1418.500,1144,1415.740,-3.643,0,0,1783746301.217272758,-0.282308,-1.072819,1.142160,0.009427,,,0.006165,0.000000,0.000000,0.649,1.263
search,upper,3,forward,79.8746,1565.423,1262,startup,1418.500,1144,1415.740,-3.643,0,0,1783746301.217272758,-0.282308,-1.072819,1.142160,0.009427,,,0.006165,0.000000,0.000000,0.650,1.267
search,upper,3,forward,79.8946,1565.423,1262,startup,1417.260,1143,1415.740,-3.643,1,2,1783746301.317763805,-0.281915,-1.075529,1.141059,0.001346,-0.0023010,-0.0011007,0.008466,0.000000,0.000000,0.650,1.267
search,upper,3,forward,79.9097,1565.423,1262,startup,1417.260,1143,1415.740,-3.643,0,0,1783746301.317763805,-0.281915,-1.075529,1.141059,0.001346,,,0.008466,0.000000,0.000000,0.650,1.267
search,upper,3,forward,79.9313,1565.423,1262,startup,1417.260,1143,1415.740,-3.643,0,0,1783746301.317763805,-0.281915,-1.075529,1.141059,0.001346,,,0.008466,0.000000,0.000000,0.650,1.267
search,upper,3,forward,79.9529,1565.423,1262,startup,1417.260,1143,1415.740,-3.643,0,0,1783746301.317763805,-0.281915,-1.075529,1.141059,0.001346,,,0.008466,0.000000,0.000000,0.650,1.267
search,upper,3,forward,79.9744,1565.423,1262,startup,1417.260,1143,1415.740,-3.643,0,0,1783746301.317763805,-0.281915,-1.075529,1.141059,0.001346,,,0.008466,0.000000,0.000000,0.651,1.260
search,upper,3,forward,79.9951,1565.423,1262,startup,1417.260,1143,1415.740,-3.643,0,0,1783746301.317763805,-0.281915,-1.075529,1.141059,0.001346,,,0.008466,0.000000,0.000000,0.651,1.260
search,upper,3,forward,80.0169,1565.423,1262,startup,1416.020,1142,1415.740,-3.643,1,3,1783746301.415605783,-0.280738,-1.069916,1.143227,0.015306,0.0055950,0.0021675,0.014061,0.000000,0.000000,0.651,1.260
search,upper,3,forward,80.0215,1565.423,1262,startup,1416.020,1142,1415.740,-3.643,0,0,1783746301.415605783,-0.280738,-1.069916,1.143227,0.015306,,,0.014061,0.000000,0.000000,0.651,1.260
search,upper,3,forward,80.0430,1565.423,1262,startup,1416.020,1142,1415.740,-3.643,0,0,1783746301.415605783,-0.280738,-1.069916,1.143227,0.015306,,,0.014061,0.000000,0.000000,0.651,1.260
search,upper,3,forward,80.0646,1565.423,1262,startup,1416.020,1142,1415.740,-3.643,0,0,1783746301.415605783,-0.280738,-1.069916,1.143227,0.015306,,,0.014061,0.000000,0.000000,0.651,1.260
search,upper,3,forward,80.0862,1565.423,1262,startup,1416.020,1142,1415.740,-3.643,0,0,1783746301.415605783,-0.280738,-1.069916,1.143227,0.015306,,,0.014061,0.000000,0.000000,0.654,1.255
search,upper,3,forward,80.0956,1565.423,1262,startup,1414.780,1141,1415.740,-3.643,1,4,1783746301.516053438,-0.280205,-1.065208,1.144610,0.022694,0.0045061,0.0013834,0.018567,0.000000,0.000000,0.654,1.255
search,upper,3,forward,80.1062,1565.423,1262,startup,1414.780,1141,1415.740,-3.643,0,0,1783746301.516053438,-0.280205,-1.065208,1.144610,0.022694,,,0.018567,0.000000,0.000000,0.654,1.255
search,upper,3,forward,80.1278,1565.423,1262,startup,1414.780,1141,1415.740,-3.643,0,0,1783746301.516053438,-0.280205,-1.065208,1.144610,0.022694,,,0.018567,0.000000,0.000000,0.654,1.255
search,upper,3,forward,80.1493,1565.423,1262,startup,1414.780,1141,1415.740,-3.643,0,0,1783746301.516053438,-0.280205,-1.065208,1.144610,0.022694,,,0.018567,0.000000,0.000000,0.654,1.255
search,upper,3,forward,80.1708,1565.423,1262,startup,1414.780,1141,1415.740,-3.643,0,0,1783746301.516053438,-0.280205,-1.065208,1.144610,0.022694,,,0.018567,0.000000,0.000000,0.654,1.255
search,upper,3,forward,80.1924,1565.423,1262,startup,1414.780,1141,1415.740,-3.643,0,0,1783746301.516053438,-0.280205,-1.065208,1.144610,0.022694,,,0.018567,0.000000,0.000000,0.665,1.250
search,upper,3,forward,80.1959,1565.423,1262,startup,1411.680,1138,1415.740,-3.643,1,5,1783746301.616531134,-0.279156,-1.060902,1.146973,0.027858,0.0043555,0.0023625,0.022922,0.000000,0.000000,0.665,1.250
search,upper,3,forward,80.2096,1565.423,1262,startup,1411.680,1138,1415.740,-3.643,0,0,1783746301.616531134,-0.279156,-1.060902,1.146973,0.027858,,,0.022922,0.000000,0.000000,0.665,1.250
search,upper,3,forward,80.2312,1565.423,1262,startup,1411.680,1138,1415.740,-3.643,0,0,1783746301.616531134,-0.279156,-1.060902,1.146973,0.027858,,,0.022922,0.000000,0.000000,0.665,1.250
search,upper,3,forward,80.2528,1565.423,1262,startup,1411.680,1138,1415.740,-3.643,0,0,1783746301.616531134,-0.279156,-1.060902,1.146973,0.027858,,,0.022922,0.000000,0.000000,0.665,1.250
search,upper,3,forward,80.2745,1565.423,1262,startup,1411.680,1138,1415.740,-3.643,0,0,1783746301.616531134,-0.279156,-1.060902,1.146973,0.027858,,,0.022922,0.000000,0.000000,0.675,1.227
search,upper,3,forward,80.2962,1565.423,1262,rolling,1415.740,1142,1415.740,-3.643,1,6,1783746301.716930389,-0.274802,-1.048958,1.149530,0.052464,0.0126786,0.0025576,0.035601,0.000000,0.000000,0.675,1.227
search,upper,3,forward,80.3167,1565.423,1262,rolling,1415.740,1142,1415.740,-3.643,0,0,1783746301.716930389,-0.274802,-1.048958,1.149530,0.052464,,,0.035601,0.000000,0.000000,0.675,1.227
search,upper,3,forward,80.3384,1565.423,1262,rolling,1415.740,1142,1415.740,-3.643,0,0,1783746301.716930389,-0.274802,-1.048958,1.149530,0.052464,,,0.035601,0.000000,0.000000,0.675,1.227
search,upper,3,forward,80.3600,1565.423,1262,rolling,1415.740,1142,1415.740,-3.643,0,0,1783746301.716930389,-0.274802,-1.048958,1.149530,0.052464,,,0.035601,0.000000,0.000000,0.675,1.227
search,upper,3,forward,80.3816,1565.423,1262,rolling,1415.740,1142,1415.740,-3.643,0,0,1783746301.716930389,-0.274802,-1.048958,1.149530,0.052464,,,0.035601,0.000000,0.000000,0.693,1.215
search,upper,3,forward,80.3966,1565.423,1262,rolling,1413.622,1140,1415.464,-3.920,1,7,1783746301.817131758,-0.261212,-1.024919,1.157863,0.107919,0.0274838,0.0083331,0.063085,0.027484,0.008333,0.693,1.215
search,upper,3,forward,80.4134,1565.423,1262,rolling,1413.622,1140,1415.464,-3.920,0,0,1783746301.817131758,-0.261212,-1.024919,1.157863,0.107919,,,0.063085,0.027484,0.008333,0.693,1.215
search,upper,3,forward,80.4356,1565.423,1262,rolling,1413.622,1140,1415.464,-3.920,0,0,1783746301.817131758,-0.261212,-1.024919,1.157863,0.107919,,,0.063085,0.027484,0.008333,0.693,1.215
search,upper,3,forward,80.4572,1565.423,1262,rolling,1413.622,1140,1415.464,-3.920,0,0,1783746301.817131758,-0.261212,-1.024919,1.157863,0.107919,,,0.063085,0.027484,0.008333,0.693,1.215
search,upper,3,forward,80.4789,1565.423,1262,rolling,1413.622,1140,1415.464,-3.920,0,0,1783746301.817131758,-0.261212,-1.024919,1.157863,0.107919,,,0.063085,0.027484,0.008333,0.711,1.196
search,upper,3,forward,80.4944,1565.423,1262,rolling,1413.892,1140,1415.258,-4.126,1,8,1783746301.917586327,-0.253966,-1.005817,1.163327,0.131726,0.0204070,0.0054641,0.083492,0.047891,0.013797,0.711,1.196
search,upper,3,forward,80.5151,1565.423,1262,rolling,1413.892,1140,1415.258,-4.126,0,0,1783746301.917586327,-0.253966,-1.005817,1.163327,0.131726,,,0.083492,0.047891,0.013797,0.711,1.196
search,upper,3,forward,80.5367,1565.423,1262,rolling,1413.892,1140,1415.258,-4.126,0,0,1783746301.917586327,-0.253966,-1.005817,1.163327,0.131726,,,0.083492,0.047891,0.013797,0.711,1.196
search,upper,3,forward,80.5582,1565.423,1262,rolling,1413.892,1140,1415.258,-4.126,0,0,1783746301.917586327,-0.253966,-1.005817,1.163327,0.131726,,,0.083492,0.047891,0.013797,0.711,1.196
search,upper,3,forward,80.5797,1565.423,1262,rolling,1413.892,1140,1415.258,-4.126,0,0,1783746301.917586327,-0.253966,-1.005817,1.163327,0.131726,,,0.083492,0.047891,0.013797,0.733,1.173
search,upper,3,forward,80.5949,1565.423,1262,rolling,1414.019,1140,1415.099,-4.284,1,9,1783746302.015305281,-0.247969,-0.988330,1.169539,0.145961,0.0184362,0.0062114,0.101928,0.066327,0.020009,0.733,1.173
search,upper,3,forward,80.6032,1565.423,1262,rolling,1414.019,1140,1415.099,-4.284,0,0,1783746302.015305281,-0.247969,-0.988330,1.169539,0.145961,,,0.101928,0.066327,0.020009,0.733,1.173
search,upper,3,forward,80.6252,1565.423,1262,rolling,1414.019,1140,1415.099,-4.284,0,0,1783746302.015305281,-0.247969,-0.988330,1.169539,0.145961,,,0.101928,0.066327,0.020009,0.733,1.173
search,upper,3,forward,80.6470,1565.423,1262,rolling,1414.019,1140,1415.099,-4.284,0,0,1783746302.015305281,-0.247969,-0.988330,1.169539,0.145961,,,0.101928,0.066327,0.020009,0.733,1.173
search,upper,3,forward,80.6686,1565.423,1262,rolling,1414.019,1140,1415.099,-4.284,0,0,1783746302.015305281,-0.247969,-0.988330,1.169539,0.145961,,,0.101928,0.066327,0.020009,0.733,1.173
search,upper,3,forward,80.6904,1565.423,1262,rolling,1414.019,1140,1415.099,-4.284,0,0,1783746302.015305281,-0.247969,-0.988330,1.169539,0.145961,,,0.101928,0.066327,0.020009,0.755,1.152
search,upper,3,forward,80.6951,1565.423,1262,rolling,1414.272,1141,1414.991,-4.393,1,10,1783746302.115593195,-0.238869,-0.968404,1.182252,0.164047,0.0218933,0.0127136,0.123821,0.088220,0.032722,0.755,1.152
search,upper,3,forward,80.7129,1565.423,1262,rolling,1414.272,1141,1414.991,-4.393,0,0,1783746302.115593195,-0.238869,-0.968404,1.182252,0.164047,,,0.123821,0.088220,0.032722,0.755,1.152
search,upper,3,forward,80.7346,1565.423,1262,rolling,1414.272,1141,1414.991,-4.393,0,0,1783746302.115593195,-0.238869,-0.968404,1.182252,0.164047,,,0.123821,0.088220,0.032722,0.755,1.152
search,upper,3,forward,80.7561,1565.423,1262,rolling,1414.272,1141,1414.991,-4.393,0,0,1783746302.115593195,-0.238869,-0.968404,1.182252,0.164047,,,0.123821,0.088220,0.032722,0.755,1.152
search,upper,3,forward,80.7776,1565.423,1262,rolling,1414.272,1141,1414.991,-4.393,0,0,1783746302.115593195,-0.238869,-0.968404,1.182252,0.164047,,,0.123821,0.088220,0.032722,0.778,1.132
search,upper,3,forward,80.7955,1565.423,1262,rolling,1414.499,1141,1414.927,-4.457,1,11,1783746302.216125250,-0.231301,-0.947355,1.195538,0.178621,0.0223526,0.0132852,0.146174,0.110573,0.046007,0.778,1.132
search,upper,3,forward,80.8116,1565.423,1262,rolling,1414.499,1141,1414.927,-4.457,0,0,1783746302.216125250,-0.231301,-0.947355,1.195538,0.178621,,,0.146174,0.110573,0.046007,0.778,1.132
search,upper,3,forward,80.8333,1565.423,1262,rolling,1414.499,1141,1414.927,-4.457,0,0,1783746302.216125250,-0.231301,-0.947355,1.195538,0.178621,,,0.146174,0.110573,0.046007,0.778,1.132
search,upper,3,forward,80.8550,1565.423,1262,rolling,1414.499,1141,1414.927,-4.457,0,0,1783746302.216125250,-0.231301,-0.947355,1.195538,0.178621,,,0.146174,0.110573,0.046007,0.778,1.132
search,upper,3,forward,80.8767,1565.423,1262,rolling,1414.499,1141,1414.927,-4.457,0,0,1783746302.216125250,-0.231301,-0.947355,1.195538,0.178621,,,0.146174,0.110573,0.046007,0.803,1.104
search,upper,3,forward,80.8964,1565.423,1262,rolling,1414.804,1141,1414.911,-4.473,1,12,1783746302.316358328,-0.225671,-0.923444,1.209078,0.194660,0.0243343,0.0135400,0.170508,0.134907,0.059547,0.803,1.104
search,upper,3,forward,80.9077,1565.423,1262,rolling,1414.804,1141,1414.911,-4.473,0,0,1783746302.316358328,-0.225671,-0.923444,1.209078,0.194660,,,0.170508,0.134907,0.059547,0.803,1.104
search,upper,3,forward,80.9293,1565.423,1262,rolling,1414.804,1141,1414.911,-4.473,0,0,1783746302.316358328,-0.225671,-0.923444,1.209078,0.194660,,,0.170508,0.134907,0.059547,0.803,1.104
search,upper,3,forward,80.9508,1565.423,1262,rolling,1414.804,1141,1414.911,-4.473,0,0,1783746302.316358328,-0.225671,-0.923444,1.209078,0.194660,,,0.170508,0.134907,0.059547,0.803,1.104
search,upper,3,forward,80.9724,1565.423,1262,rolling,1414.804,1141,1414.911,-4.473,0,0,1783746302.316358328,-0.225671,-0.923444,1.209078,0.194660,,,0.170508,0.134907,0.059547,0.826,1.081
search,upper,3,forward,80.9940,1565.423,1262,rolling,1415.408,1141,1414.976,-4.408,1,13,1783746302.416897297,-0.212926,-0.895747,1.217884,0.221600,0.0304049,0.0088062,0.200913,0.165312,0.068354,0.826,1.081
search,upper,3,forward,81.0141,1565.423,1262,rolling,1415.408,1141,1414.976,-4.408,0,0,1783746302.416897297,-0.212926,-0.895747,1.217884,0.221600,,,0.200913,0.165312,0.068354,0.826,1.081
search,upper,3,forward,81.0357,1565.423,1262,rolling,1415.408,1141,1414.976,-4.408,0,0,1783746302.416897297,-0.212926,-0.895747,1.217884,0.221600,,,0.200913,0.165312,0.068354,0.826,1.081
search,upper,3,forward,81.0572,1565.423,1262,rolling,1415.408,1141,1414.976,-4.408,0,0,1783746302.416897297,-0.212926,-0.895747,1.217884,0.221600,,,0.200913,0.165312,0.068354,0.826,1.081
search,upper,3,forward,81.0787,1565.423,1262,rolling,1415.408,1141,1414.976,-4.408,0,0,1783746302.416897297,-0.212926,-0.895747,1.217884,0.221600,,,0.200913,0.165312,0.068354,0.854,1.061
search,upper,3,forward,81.0940,1565.423,1262,rolling,1415.923,1142,1415.097,-4.287,1,14,1783746302.514868259,-0.202845,-0.868098,1.226437,0.241297,0.0294296,0.0085536,0.230343,0.194742,0.076907,0.854,1.061
search,upper,3,forward,81.1095,1565.423,1262,rolling,1415.923,1142,1415.097,-4.287,0,0,1783746302.514868259,-0.202845,-0.868098,1.226437,0.241297,,,0.230343,0.194742,0.076907,0.854,1.061
search,upper,3,forward,81.1312,1565.423,1262,rolling,1415.923,1142,1415.097,-4.287,0,0,1783746302.514868259,-0.202845,-0.868098,1.226437,0.241297,,,0.230343,0.194742,0.076907,0.854,1.061
search,upper,3,forward,81.1528,1565.423,1262,rolling,1415.923,1142,1415.097,-4.287,0,0,1783746302.514868259,-0.202845,-0.868098,1.226437,0.241297,,,0.230343,0.194742,0.076907,0.854,1.061
search,upper,3,forward,81.1744,1565.423,1262,rolling,1415.923,1142,1415.097,-4.287,0,0,1783746302.514868259,-0.202845,-0.868098,1.226437,0.241297,,,0.230343,0.194742,0.076907,0.877,1.032
search,upper,3,forward,81.1948,1565.423,1262,rolling,1415.896,1142,1415.201,-4.182,1,15,1783746302.614892483,-0.197237,-0.847263,1.232825,0.234736,0.0215104,0.0063878,0.251853,0.216252,0.083295,0.877,1.032
search,upper,3,forward,81.2121,1565.423,1262,rolling,1415.896,1142,1415.201,-4.182,0,0,1783746302.614892483,-0.197237,-0.847263,1.232825,0.234736,,,0.251853,0.216252,0.083295,0.877,1.032
search,upper,3,forward,81.2344,1565.423,1262,rolling,1415.896,1142,1415.201,-4.182,0,0,1783746302.614892483,-0.197237,-0.847263,1.232825,0.234736,,,0.251853,0.216252,0.083295,0.877,1.032
search,upper,3,forward,81.2562,1565.423,1262,rolling,1415.896,1142,1415.201,-4.182,0,0,1783746302.614892483,-0.197237,-0.847263,1.232825,0.234736,,,0.251853,0.216252,0.083295,0.877,1.032
search,upper,3,forward,81.2778,1565.423,1262,rolling,1415.896,1142,1415.201,-4.182,0,0,1783746302.614892483,-0.197237,-0.847263,1.232825,0.234736,,,0.251853,0.216252,0.083295,0.901,1.016
search,upper,3,forward,81.2948,1565.423,1262,rolling,1415.896,1142,1415.201,-4.182,0,0,1783746302.614892483,-0.197237,-0.847263,1.232825,0.234736,,,0.251853,0.216252,0.083295,0.901,1.016
search,upper,3,forward,81.3166,1565.423,1262,rolling,1416.033,1142,1415.311,-4.073,1,16,1783746302.715608835,-0.188006,-0.824857,1.245227,0.236100,0.0241913,0.0124016,0.276044,0.240443,0.095697,0.901,1.016
search,upper,3,forward,81.3234,1565.423,1262,rolling,1416.033,1142,1415.311,-4.073,0,0,1783746302.715608835,-0.188006,-0.824857,1.245227,0.236100,,,0.276044,0.240443,0.095697,0.901,1.016
search,upper,3,forward,81.3451,1565.423,1262,rolling,1416.033,1142,1415.311,-4.073,0,0,1783746302.715608835,-0.188006,-0.824857,1.245227,0.236100,,,0.276044,0.240443,0.095697,0.901,1.016
search,upper,3,forward,81.3666,1565.423,1262,rolling,1416.033,1142,1415.311,-4.073,0,0,1783746302.715608835,-0.188006,-0.824857,1.245227,0.236100,,,0.276044,0.240443,0.095697,0.901,1.016
search,upper,3,forward,81.3882,1565.423,1262,rolling,1416.033,1142,1415.311,-4.073,0,0,1783746302.715608835,-0.188006,-0.824857,1.245227,0.236100,,,0.276044,0.240443,0.095697,0.923,0.996
search,upper,3,forward,81.3955,1565.423,1262,rolling,1416.033,1142,1415.311,-4.073,0,0,1783746302.715608835,-0.188006,-0.824857,1.245227,0.236100,,,0.276044,0.240443,0.095697,0.923,0.996
search,upper,3,forward,81.4177,1565.423,1262,rolling,1415.999,1142,1415.400,-3.983,1,17,1783746302.815692186,-0.179561,-0.805365,1.252536,0.229937,0.0211622,0.0073092,0.297207,0.261606,0.103006,0.923,0.996
search,upper,3,forward,81.4204,1565.423,1262,rolling,1415.999,1142,1415.400,-3.983,0,0,1783746302.815692186,-0.179561,-0.805365,1.252536,0.229937,,,0.297207,0.261606,0.103006,0.923,0.996
search,upper,3,forward,81.4421,1565.423,1262,rolling,1415.999,1142,1415.400,-3.983,0,0,1783746302.815692186,-0.179561,-0.805365,1.252536,0.229937,,,0.297207,0.261606,0.103006,0.923,0.996
search,upper,3,forward,81.4637,1565.423,1262,rolling,1415.999,1142,1415.400,-3.983,0,0,1783746302.815692186,-0.179561,-0.805365,1.252536,0.229937,,,0.297207,0.261606,0.103006,0.923,0.996
search,upper,3,forward,81.4853,1565.423,1262,rolling,1415.999,1142,1415.400,-3.983,0,0,1783746302.815692186,-0.179561,-0.805365,1.252536,0.229937,,,0.297207,0.261606,0.103006,0.946,0.976
search,upper,3,forward,81.4957,1565.423,1262,rolling,1416.184,1142,1415.503,-3.880,1,18,1783746302.916440248,-0.172166,-0.781670,1.258589,0.234042,0.0248200,0.0060527,0.322027,0.286426,0.109059,0.946,0.976
search,upper,3,forward,81.5094,1565.423,1262,rolling,1416.184,1142,1415.503,-3.880,0,0,1783746302.916440248,-0.172166,-0.781670,1.258589,0.234042,,,0.322027,0.286426,0.109059,0.946,0.976
search,upper,3,forward,81.5310,1565.423,1262,rolling,1416.184,1142,1415.503,-3.880,0,0,1783746302.916440248,-0.172166,-0.781670,1.258589,0.234042,,,0.322027,0.286426,0.109059,0.946,0.976
search,upper,3,forward,81.5526,1565.423,1262,rolling,1416.184,1142,1415.503,-3.880,0,0,1783746302.916440248,-0.172166,-0.781670,1.258589,0.234042,,,0.322027,0.286426,0.109059,0.946,0.976
search,upper,3,forward,81.5741,1565.423,1262,rolling,1416.184,1142,1415.503,-3.880,0,0,1783746302.916440248,-0.172166,-0.781670,1.258589,0.234042,,,0.322027,0.286426,0.109059,0.969,0.955
search,upper,3,forward,81.5963,1565.423,1262,rolling,1416.382,1142,1415.618,-3.766,1,19,1783746303.016592979,-0.164918,-0.757628,1.268424,0.238208,0.0251088,0.0098350,0.347135,0.311534,0.118894,0.969,0.955
search,upper,3,forward,81.6186,1565.423,1262,rolling,1416.382,1142,1415.618,-3.766,0,0,1783746303.016592979,-0.164918,-0.757628,1.268424,0.238208,,,0.347135,0.311534,0.118894,0.969,0.955
search,upper,3,forward,81.6200,1565.423,1262,rolling,1416.382,1142,1415.618,-3.766,0,0,1783746303.016592979,-0.164918,-0.757628,1.268424,0.238208,,,0.347135,0.311534,0.118894,0.969,0.955
search,upper,3,forward,81.6417,1565.423,1262,rolling,1416.382,1142,1415.618,-3.766,0,0,1783746303.016592979,-0.164918,-0.757628,1.268424,0.238208,,,0.347135,0.311534,0.118894,0.969,0.955
search,upper,3,forward,81.6633,1565.423,1262,rolling,1416.382,1142,1415.618,-3.766,0,0,1783746303.016592979,-0.164918,-0.757628,1.268424,0.238208,,,0.347135,0.311534,0.118894,0.969,0.955
search,upper,3,forward,81.6849,1565.423,1262,rolling,1416.382,1142,1415.618,-3.766,0,0,1783746303.016592979,-0.164918,-0.757628,1.268424,0.238208,,,0.347135,0.311534,0.118894,0.988,0.940
search,upper,3,forward,81.6968,1565.423,1262,rolling,1416.040,1142,1415.673,-3.710,1,20,1783746303.117216587,-0.161733,-0.741900,1.276882,0.218333,0.0159701,0.0084582,0.363105,0.327504,0.127352,0.988,0.940
search,upper,3,forward,81.7137,1565.423,1262,rolling,1416.040,1142,1415.673,-3.710,0,0,1783746303.117216587,-0.161733,-0.741900,1.276882,0.218333,,,0.363105,0.327504,0.127352,0.988,0.940
search,upper,3,forward,81.7353,1565.423,1262,rolling,1416.040,1142,1415.673,-3.710,0,0,1783746303.117216587,-0.161733,-0.741900,1.276882,0.218333,,,0.363105,0.327504,0.127352,0.988,0.940
search,upper,3,forward,81.7569,1565.423,1262,rolling,1416.040,1142,1415.673,-3.710,0,0,1783746303.117216587,-0.161733,-0.741900,1.276882,0.218333,,,0.363105,0.327504,0.127352,0.988,0.940
search,upper,3,forward,81.7784,1565.423,1262,rolling,1416.040,1142,1415.673,-3.710,0,0,1783746303.117216587,-0.161733,-0.741900,1.276882,0.218333,,,0.363105,0.327504,0.127352,1.008,0.919
search,upper,3,forward,81.7945,1565.423,1262,rolling,1416.205,1142,1415.743,-3.641,1,21,1783746303.217518806,-0.150503,-0.720399,1.284891,0.223104,0.0238133,0.0080093,0.386919,0.351318,0.135361,1.008,0.919
search,upper,3,reverse,83.1630,1565.423,1262,startup,1592.198,1284,1596.198,3.690,0,0,1783746304.512320042,-0.142258,-0.689322,1.301110,0.013380,,,0.000000,0.000000,0.000000,1.043,0.898
search,upper,3,reverse,83.1846,1565.423,1262,startup,1592.198,1284,1596.198,3.690,0,0,1783746304.512320042,-0.142258,-0.689322,1.301110,0.013380,,,0.000000,0.000000,0.000000,1.043,0.895
search,upper,3,reverse,83.1900,1565.423,1262,startup,1593.438,1285,1596.198,3.690,1,1,1783746304.610319376,-0.142197,-0.689239,1.301558,0.010280,0.0000961,0.0004478,0.000096,0.000000,0.000000,1.043,0.895
search,upper,3,reverse,83.2071,1565.423,1262,startup,1593.438,1285,1596.198,3.690,0,0,1783746304.610319376,-0.142197,-0.689239,1.301558,0.010280,,,0.000096,0.000000,0.000000,1.043,0.895
search,upper,3,reverse,83.2287,1565.423,1262,startup,1593.438,1285,1596.198,3.690,0,0,1783746304.610319376,-0.142197,-0.689239,1.301558,0.010280,,,0.000096,0.000000,0.000000,1.043,0.895
search,upper,3,reverse,83.2503,1565.423,1262,startup,1593.438,1285,1596.198,3.690,0,0,1783746304.610319376,-0.142197,-0.689239,1.301558,0.010280,,,0.000096,0.000000,0.000000,1.043,0.895
search,upper,3,reverse,83.2720,1565.423,1262,startup,1593.438,1285,1596.198,3.690,0,0,1783746304.610319376,-0.142197,-0.689239,1.301558,0.010280,,,0.000096,0.000000,0.000000,1.043,0.896
search,upper,3,reverse,83.2902,1565.423,1262,startup,1594.678,1286,1596.198,3.690,1,2,1783746304.710924387,-0.142025,-0.689095,1.301951,0.008169,0.0001848,0.0003931,0.000281,0.000000,0.000000,1.043,0.896
search,upper,3,reverse,83.2963,1565.423,1262,startup,1594.678,1286,1596.198,3.690,0,0,1783746304.710924387,-0.142025,-0.689095,1.301951,0.008169,,,0.000281,0.000000,0.000000,1.043,0.896
search,upper,3,reverse,83.3182,1565.423,1262,startup,1594.678,1286,1596.198,3.690,0,0,1783746304.710924387,-0.142025,-0.689095,1.301951,0.008169,,,0.000281,0.000000,0.000000,1.043,0.896
search,upper,3,reverse,83.3399,1565.423,1262,startup,1594.678,1286,1596.198,3.690,0,0,1783746304.710924387,-0.142025,-0.689095,1.301951,0.008169,,,0.000281,0.000000,0.000000,1.043,0.896
search,upper,3,reverse,83.3615,1565.423,1262,startup,1594.678,1286,1596.198,3.690,0,0,1783746304.710924387,-0.142025,-0.689095,1.301951,0.008169,,,0.000281,0.000000,0.000000,1.043,0.896
search,upper,3,reverse,83.3831,1565.423,1262,startup,1594.678,1286,1596.198,3.690,0,0,1783746304.710924387,-0.142025,-0.689095,1.301951,0.008169,,,0.000281,0.000000,0.000000,1.041,0.905
search,upper,3,reverse,83.3909,1565.423,1262,startup,1595.918,1287,1596.198,3.690,1,3,1783746304.811111450,-0.142348,-0.693976,1.301590,-0.005829,-0.0047915,-0.0003612,0.005072,0.000000,0.000000,1.041,0.905
search,upper,3,reverse,83.4055,1565.423,1262,startup,1595.918,1287,1596.198,3.690,0,0,1783746304.811111450,-0.142348,-0.693976,1.301590,-0.005829,,,0.005072,0.000000,0.000000,1.041,0.905
search,upper,3,reverse,83.4273,1565.423,1262,startup,1595.918,1287,1596.198,3.690,0,0,1783746304.811111450,-0.142348,-0.693976,1.301590,-0.005829,,,0.005072,0.000000,0.000000,1.041,0.905
search,upper,3,reverse,83.4489,1565.423,1262,startup,1595.918,1287,1596.198,3.690,0,0,1783746304.811111450,-0.142348,-0.693976,1.301590,-0.005829,,,0.005072,0.000000,0.000000,1.041,0.905
search,upper,3,reverse,83.4704,1565.423,1262,startup,1595.918,1287,1596.198,3.690,0,0,1783746304.811111450,-0.142348,-0.693976,1.301590,-0.005829,,,0.005072,0.000000,0.000000,1.031,0.913
search,upper,3,reverse,83.4889,1565.423,1262,startup,1597.158,1288,1596.198,3.690,1,4,1783746304.911788940,-0.149595,-0.702802,1.300858,-0.030288,-0.0104366,-0.0007318,0.015509,0.000000,0.000000,1.031,0.913
search,upper,3,reverse,83.5015,1565.423,1262,startup,1597.158,1288,1596.198,3.690,0,0,1783746304.911788940,-0.149595,-0.702802,1.300858,-0.030288,,,0.015509,0.000000,0.000000,1.031,0.913
search,upper,3,reverse,83.5231,1565.423,1262,startup,1597.158,1288,1596.198,3.690,0,0,1783746304.911788940,-0.149595,-0.702802,1.300858,-0.030288,,,0.015509,0.000000,0.000000,1.031,0.913
search,upper,3,reverse,83.5447,1565.423,1262,startup,1597.158,1288,1596.198,3.690,0,0,1783746304.911788940,-0.149595,-0.702802,1.300858,-0.030288,,,0.015509,0.000000,0.000000,1.031,0.913
search,upper,3,reverse,83.5662,1565.423,1262,startup,1597.158,1288,1596.198,3.690,0,0,1783746304.911788940,-0.149595,-0.702802,1.300858,-0.030288,,,0.015509,0.000000,0.000000,1.031,0.913
search,upper,3,reverse,83.5877,1565.423,1262,startup,1597.158,1288,1596.198,3.690,0,0,1783746304.911788940,-0.149595,-0.702802,1.300858,-0.030288,,,0.015509,0.000000,0.000000,1.015,0.930
search,upper,3,reverse,83.5901,1565.423,1262,rolling,1596.198,1287,1596.198,3.690,1,5,1783746305.009526253,-0.154750,-0.717995,1.299668,-0.063689,-0.0160183,-0.0011907,0.031527,0.000000,0.000000,1.015,0.930
search,upper,3,reverse,83.6037,1565.423,1262,rolling,1596.198,1287,1596.198,3.690,0,0,1783746305.009526253,-0.154750,-0.717995,1.299668,-0.063689,,,0.031527,0.000000,0.000000,1.015,0.930
search,upper,3,reverse,83.6255,1565.423,1262,rolling,1596.198,1287,1596.198,3.690,0,0,1783746305.009526253,-0.154750,-0.717995,1.299668,-0.063689,,,0.031527,0.000000,0.000000,1.015,0.930
search,upper,3,reverse,83.6471,1565.423,1262,rolling,1596.198,1287,1596.198,3.690,0,0,1783746305.009526253,-0.154750,-0.717995,1.299668,-0.063689,,,0.031527,0.000000,0.000000,1.015,0.930
search,upper,3,reverse,83.6687,1565.423,1262,rolling,1596.198,1287,1596.198,3.690,0,0,1783746305.009526253,-0.154750,-0.717995,1.299668,-0.063689,,,0.031527,0.000000,0.000000,0.999,0.943
search,upper,3,reverse,83.6894,1565.423,1262,rolling,1598.310,1289,1596.551,4.042,1,6,1783746305.109808683,-0.158255,-0.731579,1.296108,-0.082732,-0.0140257,-0.0035599,0.045553,0.000000,0.000000,0.999,0.943
search,upper,3,reverse,83.7078,1565.423,1262,rolling,1598.310,1289,1596.551,4.042,0,0,1783746305.109808683,-0.158255,-0.731579,1.296108,-0.082732,,,0.045553,0.000000,0.000000,0.999,0.943
search,upper,3,reverse,83.7295,1565.423,1262,rolling,1598.310,1289,1596.551,4.042,0,0,1783746305.109808683,-0.158255,-0.731579,1.296108,-0.082732,,,0.045553,0.000000,0.000000,0.999,0.943
search,upper,3,reverse,83.7510,1565.423,1262,rolling,1598.310,1289,1596.551,4.042,0,0,1783746305.109808683,-0.158255,-0.731579,1.296108,-0.082732,,,0.045553,0.000000,0.000000,0.999,0.943
search,upper,3,reverse,83.7725,1565.423,1262,rolling,1598.310,1289,1596.551,4.042,0,0,1783746305.109808683,-0.158255,-0.731579,1.296108,-0.082732,,,0.045553,0.000000,0.000000,0.975,0.967
search,upper,3,reverse,83.7897,1565.423,1262,rolling,1598.310,1289,1596.551,4.042,0,0,1783746305.109808683,-0.158255,-0.731579,1.296108,-0.082732,,,0.045553,0.000000,0.000000,0.975,0.967
search,upper,3,reverse,83.8116,1565.423,1262,rolling,1598.148,1289,1596.818,4.310,1,7,1783746305.210258245,-0.161870,-0.751157,1.284704,-0.111363,-0.0198141,-0.0114034,0.065367,-0.019814,-0.011403,0.975,0.967
search,upper,3,reverse,83.8134,1565.423,1262,rolling,1598.148,1289,1596.818,4.310,0,0,1783746305.210258245,-0.161870,-0.751157,1.284704,-0.111363,,,0.065367,-0.019814,-0.011403,0.975,0.967
search,upper,3,reverse,83.8350,1565.423,1262,rolling,1598.148,1289,1596.818,4.310,0,0,1783746305.210258245,-0.161870,-0.751157,1.284704,-0.111363,,,0.065367,-0.019814,-0.011403,0.975,0.967
search,upper,3,reverse,83.8565,1565.423,1262,rolling,1598.148,1289,1596.818,4.310,0,0,1783746305.210258245,-0.161870,-0.751157,1.284704,-0.111363,,,0.065367,-0.019814,-0.011403,0.975,0.967
search,upper,3,reverse,83.8781,1565.423,1262,rolling,1598.148,1289,1596.818,4.310,0,0,1783746305.210258245,-0.161870,-0.751157,1.284704,-0.111363,,,0.065367,-0.019814,-0.011403,0.952,0.985
search,upper,3,reverse,83.8876,1565.423,1262,rolling,1597.728,1288,1596.970,4.461,1,8,1783746305.310574293,-0.169260,-0.776582,1.276266,-0.149506,-0.0264769,-0.0084388,0.091844,-0.046291,-0.019842,0.952,0.985
search,upper,3,reverse,83.9069,1565.423,1262,rolling,1597.728,1288,1596.970,4.461,0,0,1783746305.310574293,-0.169260,-0.776582,1.276266,-0.149506,,,0.091844,-0.046291,-0.019842,0.952,0.985
search,upper,3,reverse,83.9285,1565.423,1262,rolling,1597.728,1288,1596.970,4.461,0,0,1783746305.310574293,-0.169260,-0.776582,1.276266,-0.149506,,,0.091844,-0.046291,-0.019842,0.952,0.985
search,upper,3,reverse,83.9502,1565.423,1262,rolling,1597.728,1288,1596.970,4.461,0,0,1783746305.310574293,-0.169260,-0.776582,1.276266,-0.149506,,,0.091844,-0.046291,-0.019842,0.952,0.985
search,upper,3,reverse,83.9718,1565.423,1262,rolling,1597.728,1288,1596.970,4.461,0,0,1783746305.310574293,-0.169260,-0.776582,1.276266,-0.149506,,,0.091844,-0.046291,-0.019842,0.925,1.013
search,upper,3,reverse,83.9882,1565.423,1262,rolling,1597.310,1288,1597.026,4.517,1,9,1783746305.408528805,-0.174245,-0.803312,1.268916,-0.181075,-0.0270143,-0.0073495,0.118858,-0.073305,-0.027192,0.925,1.013
search,upper,3,reverse,84.0064,1565.423,1262,rolling,1597.310,1288,1597.026,4.517,0,0,1783746305.408528805,-0.174245,-0.803312,1.268916,-0.181075,,,0.118858,-0.073305,-0.027192,0.925,1.013
search,upper,3,reverse,84.0281,1565.423,1262,rolling,1597.310,1288,1597.026,4.517,0,0,1783746305.408528805,-0.174245,-0.803312,1.268916,-0.181075,,,0.118858,-0.073305,-0.027192,0.925,1.013
search,upper,3,reverse,84.0498,1565.423,1262,rolling,1597.310,1288,1597.026,4.517,0,0,1783746305.408528805,-0.174245,-0.803312,1.268916,-0.181075,,,0.118858,-0.073305,-0.027192,0.925,1.013
search,upper,3,reverse,84.0713,1565.423,1262,rolling,1597.310,1288,1597.026,4.517,0,0,1783746305.408528805,-0.174245,-0.803312,1.268916,-0.181075,,,0.118858,-0.073305,-0.027192,0.896,1.042
search,upper,3,reverse,84.0885,1565.423,1262,rolling,1596.796,1288,1596.987,4.479,1,10,1783746305.509132862,-0.184196,-0.832640,1.262816,-0.212750,-0.0309634,-0.0061001,0.149822,-0.104269,-0.033292,0.896,1.042
search,upper,3,reverse,84.1020,1565.423,1262,rolling,1596.796,1288,1596.987,4.479,0,0,1783746305.509132862,-0.184196,-0.832640,1.262816,-0.212750,,,0.149822,-0.104269,-0.033292,0.896,1.042
search,upper,3,reverse,84.1251,1565.423,1262,rolling,1596.796,1288,1596.987,4.479,0,0,1783746305.509132862,-0.184196,-0.832640,1.262816,-0.212750,,,0.149822,-0.104269,-0.033292,0.896,1.042
search,upper,3,reverse,84.1469,1565.423,1262,rolling,1596.796,1288,1596.987,4.479,0,0,1783746305.509132862,-0.184196,-0.832640,1.262816,-0.212750,,,0.149822,-0.104269,-0.033292,0.896,1.042
search,upper,3,reverse,84.1684,1565.423,1262,rolling,1596.796,1288,1596.987,4.479,0,0,1783746305.509132862,-0.184196,-0.832640,1.262816,-0.212750,,,0.149822,-0.104269,-0.033292,0.868,1.071
search,upper,3,reverse,84.1888,1565.423,1262,rolling,1596.261,1287,1596.866,4.357,1,11,1783746305.609438181,-0.195594,-0.863012,1.253254,-0.240329,-0.0324053,-0.0095617,0.182227,-0.136674,-0.042853,0.868,1.071
search,upper,3,reverse,84.2085,1565.423,1262,rolling,1596.261,1287,1596.866,4.357,0,0,1783746305.609438181,-0.195594,-0.863012,1.253254,-0.240329,,,0.182227,-0.136674,-0.042853,0.868,1.071
search,upper,3,reverse,84.2302,1565.423,1262,rolling,1596.261,1287,1596.866,4.357,0,0,1783746305.609438181,-0.195594,-0.863012,1.253254,-0.240329,,,0.182227,-0.136674,-0.042853,0.868,1.071
search,upper,3,reverse,84.2517,1565.423,1262,rolling,1596.261,1287,1596.866,4.357,0,0,1783746305.609438181,-0.195594,-0.863012,1.253254,-0.240329,,,0.182227,-0.136674,-0.042853,0.868,1.071
search,upper,3,reverse,84.2733,1565.423,1262,rolling,1596.261,1287,1596.866,4.357,0,0,1783746305.609438181,-0.195594,-0.863012,1.253254,-0.240329,,,0.182227,-0.136674,-0.042853,0.837,1.099
search,upper,3,reverse,84.2896,1565.423,1262,rolling,1595.749,1287,1596.680,4.171,1,12,1783746305.709607124,-0.207268,-0.893658,1.243575,-0.262024,-0.0327660,-0.0096796,0.214993,-0.169440,-0.052533,0.837,1.099
search,upper,3,reverse,84.2957,1565.423,1262,rolling,1595.749,1287,1596.680,4.171,0,0,1783746305.709607124,-0.207268,-0.893658,1.243575,-0.262024,,,0.214993,-0.169440,-0.052533,0.837,1.099
search,upper,3,reverse,84.3173,1565.423,1262,rolling,1595.749,1287,1596.680,4.171,0,0,1783746305.709607124,-0.207268,-0.893658,1.243575,-0.262024,,,0.214993,-0.169440,-0.052533,0.837,1.099
search,upper,3,reverse,84.3388,1565.423,1262,rolling,1595.749,1287,1596.680,4.171,0,0,1783746305.709607124,-0.207268,-0.893658,1.243575,-0.262024,,,0.214993,-0.169440,-0.052533,0.837,1.099
search,upper,3,reverse,84.3603,1565.423,1262,rolling,1595.749,1287,1596.680,4.171,0,0,1783746305.709607124,-0.207268,-0.893658,1.243575,-0.262024,,,0.214993,-0.169440,-0.052533,0.837,1.099
search,upper,3,reverse,84.3818,1565.423,1262,rolling,1595.749,1287,1596.680,4.171,0,0,1783746305.709607124,-0.207268,-0.893658,1.243575,-0.262024,,,0.214993,-0.169440,-0.052533,0.808,1.128
search,upper,3,reverse,84.3896,1565.423,1262,rolling,1595.713,1287,1596.518,4.009,1,13,1783746305.810222626,-0.210227,-0.916957,1.230430,-0.253622,-0.0229822,-0.0131444,0.237975,-0.192422,-0.065677,0.808,1.128
search,upper,3,reverse,84.4068,1565.423,1262,rolling,1595.713,1287,1596.518,4.009,0,0,1783746305.810222626,-0.210227,-0.916957,1.230430,-0.253622,,,0.237975,-0.192422,-0.065677,0.808,1.128
search,upper,3,reverse,84.4285,1565.423,1262,rolling,1595.713,1287,1596.518,4.009,0,0,1783746305.810222626,-0.210227,-0.916957,1.230430,-0.253622,,,0.237975,-0.192422,-0.065677,0.808,1.128
search,upper,3,reverse,84.4501,1565.423,1262,rolling,1595.713,1287,1596.518,4.009,0,0,1783746305.810222626,-0.210227,-0.916957,1.230430,-0.253622,,,0.237975,-0.192422,-0.065677,0.808,1.128
search,upper,3,reverse,84.4716,1565.423,1262,rolling,1595.713,1287,1596.518,4.009,0,0,1783746305.810222626,-0.210227,-0.916957,1.230430,-0.253622,,,0.237975,-0.192422,-0.065677,0.780,1.153
search,upper,3,reverse,84.4900,1565.423,1262,rolling,1595.499,1287,1596.347,3.839,1,14,1783746305.910638809,-0.216326,-0.943093,1.217391,-0.256572,-0.0266527,-0.0130397,0.264628,-0.219075,-0.078717,0.780,1.153
search,upper,3,reverse,84.5027,1565.423,1262,rolling,1595.499,1287,1596.347,3.839,0,0,1783746305.910638809,-0.216326,-0.943093,1.217391,-0.256572,,,0.264628,-0.219075,-0.078717,0.780,1.153
search,upper,3,reverse,84.5244,1565.423,1262,rolling,1595.499,1287,1596.347,3.839,0,0,1783746305.910638809,-0.216326,-0.943093,1.217391,-0.256572,,,0.264628,-0.219075,-0.078717,0.780,1.153
search,upper,3,reverse,84.5460,1565.423,1262,rolling,1595.499,1287,1596.347,3.839,0,0,1783746305.910638809,-0.216326,-0.943093,1.217391,-0.256572,,,0.264628,-0.219075,-0.078717,0.780,1.153
search,upper,3,reverse,84.5675,1565.423,1262,rolling,1595.499,1287,1596.347,3.839,0,0,1783746305.910638809,-0.216326,-0.943093,1.217391,-0.256572,,,0.264628,-0.219075,-0.078717,0.752,1.181
search,upper,3,reverse,84.5890,1565.423,1262,rolling,1594.987,1286,1596.120,3.611,1,15,1783746306.010859966,-0.228575,-0.974099,1.207731,-0.275576,-0.0333322,-0.0096595,0.297960,-0.252407,-0.088377,0.752,1.181
search,upper,3,reverse,84.6018,1565.423,1262,rolling,1594.987,1286,1596.120,3.611,0,0,1783746306.010859966,-0.228575,-0.974099,1.207731,-0.275576,,,0.297960,-0.252407,-0.088377,0.752,1.181
search,upper,3,reverse,84.6236,1565.423,1262,rolling,1594.987,1286,1596.120,3.611,0,0,1783746306.010859966,-0.228575,-0.974099,1.207731,-0.275576,,,0.297960,-0.252407,-0.088377,0.752,1.181
search,upper,3,reverse,84.6452,1565.423,1262,rolling,1594.987,1286,1596.120,3.611,0,0,1783746306.010859966,-0.228575,-0.974099,1.207731,-0.275576,,,0.297960,-0.252407,-0.088377,0.752,1.181
search,upper,3,reverse,84.6668,1565.423,1262,rolling,1594.987,1286,1596.120,3.611,0,0,1783746306.010859966,-0.228575,-0.974099,1.207731,-0.275576,,,0.297960,-0.252407,-0.088377,0.726,1.202
search,upper,3,reverse,84.6882,1565.423,1262,rolling,1594.798,1286,1595.903,3.394,1,16,1783746306.109319448,-0.237024,-0.999101,1.201692,-0.273637,-0.0263696,-0.0060392,0.324330,-0.278777,-0.094416,0.726,1.202
search,upper,3,reverse,84.7065,1565.423,1262,rolling,1594.798,1286,1595.903,3.394,0,0,1783746306.109319448,-0.237024,-0.999101,1.201692,-0.273637,,,0.324330,-0.278777,-0.094416,0.726,1.202
search,upper,3,reverse,84.7281,1565.423,1262,rolling,1594.798,1286,1595.903,3.394,0,0,1783746306.109319448,-0.237024,-0.999101,1.201692,-0.273637,,,0.324330,-0.278777,-0.094416,0.726,1.202
search,upper,3,reverse,84.7496,1565.423,1262,rolling,1594.798,1286,1595.903,3.394,0,0,1783746306.109319448,-0.237024,-0.999101,1.201692,-0.273637,,,0.324330,-0.278777,-0.094416,0.726,1.202
search,upper,3,reverse,84.7712,1565.423,1262,rolling,1594.798,1286,1595.903,3.394,0,0,1783746306.109319448,-0.237024,-0.999101,1.201692,-0.273637,,,0.324330,-0.278777,-0.094416,0.699,1.227
search,upper,3,reverse,84.7888,1565.423,1262,rolling,1594.517,1286,1595.672,3.164,1,17,1783746306.208970547,-0.249616,-1.024900,1.193534,-0.277015,-0.0286146,-0.0081583,0.352944,-0.307391,-0.102574,0.699,1.227
search,upper,3,reverse,84.8058,1565.423,1262,rolling,1594.517,1286,1595.672,3.164,0,0,1783746306.208970547,-0.249616,-1.024900,1.193534,-0.277015,,,0.352944,-0.307391,-0.102574,0.699,1.227
search,upper,3,reverse,84.8274,1565.423,1262,rolling,1594.517,1286,1595.672,3.164,0,0,1783746306.208970547,-0.249616,-1.024900,1.193534,-0.277015,,,0.352944,-0.307391,-0.102574,0.699,1.227
search,upper,3,reverse,84.8492,1565.423,1262,rolling,1594.517,1286,1595.672,3.164,0,0,1783746306.208970547,-0.249616,-1.024900,1.193534,-0.277015,,,0.352944,-0.307391,-0.102574,0.699,1.227
search,upper,3,reverse,84.8709,1565.423,1262,rolling,1594.517,1286,1595.672,3.164,0,0,1783746306.208970547,-0.249616,-1.024900,1.193534,-0.277015,,,0.352944,-0.307391,-0.102574,0.674,1.258
search,upper,3,reverse,84.8867,1565.423,1262,rolling,1594.305,1286,1595.443,2.934,1,18,1783746306.309594870,-0.258150,-1.051032,1.185482,-0.275913,-0.0274309,-0.0080511,0.380375,-0.334822,-0.110625,0.674,1.258
search,upper,4,forward,87.4879,1584.329,1278,startup,1418.503,1144,1415.743,-3.641,1,1,1783746308.909555435,-0.283034,-1.097506,1.172612,-0.001592,-0.0001899,0.0008412,0.000190,0.000000,0.000000,0.630,1.286
search,upper,4,forward,87.4998,1584.329,1278,startup,1418.503,1144,1415.743,-3.641,0,0,1783746308.909555435,-0.283034,-1.097506,1.172612,-0.001592,,,0.000190,0.000000,0.000000,0.630,1.286
search,upper,4,forward,87.5214,1584.329,1278,startup,1418.503,1144,1415.743,-3.641,0,0,1783746308.909555435,-0.283034,-1.097506,1.172612,-0.001592,,,0.000190,0.000000,0.000000,0.630,1.286
search,upper,4,forward,87.5430,1584.329,1278,startup,1418.503,1144,1415.743,-3.641,0,0,1783746308.909555435,-0.283034,-1.097506,1.172612,-0.001592,,,0.000190,0.000000,0.000000,0.630,1.286
search,upper,4,forward,87.5645,1584.329,1278,startup,1418.503,1144,1415.743,-3.641,0,0,1783746308.909555435,-0.283034,-1.097506,1.172612,-0.001592,,,0.000190,0.000000,0.000000,0.630,1.286
search,upper,4,forward,87.5862,1584.329,1278,startup,1418.503,1144,1415.743,-3.641,0,0,1783746308.909555435,-0.283034,-1.097506,1.172612,-0.001592,,,0.000190,0.000000,0.000000,0.630,1.283
search,upper,4,forward,87.5887,1584.329,1278,startup,1417.263,1143,1415.743,-3.641,1,2,1783746309.010014296,-0.282231,-1.097615,1.172424,-0.000670,0.0002107,-0.0001877,0.000401,0.000000,0.000000,0.630,1.283
search,upper,4,forward,87.6006,1584.329,1278,startup,1417.263,1143,1415.743,-3.641,0,0,1783746309.010014296,-0.282231,-1.097615,1.172424,-0.000670,,,0.000401,0.000000,0.000000,0.630,1.283
search,upper,4,forward,87.6223,1584.329,1278,startup,1417.263,1143,1415.743,-3.641,0,0,1783746309.010014296,-0.282231,-1.097615,1.172424,-0.000670,,,0.000401,0.000000,0.000000,0.630,1.283
search,upper,4,forward,87.6439,1584.329,1278,startup,1417.263,1143,1415.743,-3.641,0,0,1783746309.010014296,-0.282231,-1.097615,1.172424,-0.000670,,,0.000401,0.000000,0.000000,0.630,1.283
search,upper,4,forward,87.6654,1584.329,1278,startup,1417.263,1143,1415.743,-3.641,0,0,1783746309.010014296,-0.282231,-1.097615,1.172424,-0.000670,,,0.000401,0.000000,0.000000,0.632,1.280
search,upper,4,forward,87.6879,1584.329,1278,startup,1416.023,1142,1415.743,-3.641,1,3,1783746309.108058691,-0.282908,-1.096573,1.172612,0.001277,0.0006976,0.0001876,0.001098,0.000000,0.000000,0.632,1.280
search,upper,4,forward,87.6950,1584.329,1278,startup,1416.023,1142,1415.743,-3.641,0,0,1783746309.108058691,-0.282908,-1.096573,1.172612,0.001277,,,0.001098,0.000000,0.000000,0.632,1.280
search,upper,4,forward,87.7167,1584.329,1278,startup,1416.023,1142,1415.743,-3.641,0,0,1783746309.108058691,-0.282908,-1.096573,1.172612,0.001277,,,0.001098,0.000000,0.000000,0.632,1.280
search,upper,4,forward,87.7382,1584.329,1278,startup,1416.023,1142,1415.743,-3.641,0,0,1783746309.108058691,-0.282908,-1.096573,1.172612,0.001277,,,0.001098,0.000000,0.000000,0.632,1.280
search,upper,4,forward,87.7597,1584.329,1278,startup,1416.023,1142,1415.743,-3.641,0,0,1783746309.108058691,-0.282908,-1.096573,1.172612,0.001277,,,0.001098,0.000000,0.000000,0.632,1.280
search,upper,4,forward,87.7812,1584.329,1278,startup,1416.023,1142,1415.743,-3.641,0,0,1783746309.108058691,-0.282908,-1.096573,1.172612,0.001277,,,0.001098,0.000000,0.000000,0.640,1.268
search,upper,4,forward,87.7881,1584.329,1278,startup,1414.783,1141,1415.743,-3.641,1,4,1783746309.208455086,-0.281654,-1.092805,1.173982,0.010818,0.0039600,0.0013698,0.005058,0.000000,0.000000,0.640,1.268
search,upper,4,forward,87.7994,1584.329,1278,startup,1414.783,1141,1415.743,-3.641,0,0,1783746309.208455086,-0.281654,-1.092805,1.173982,0.010818,,,0.005058,0.000000,0.000000,0.640,1.268
search,upper,4,forward,87.8211,1584.329,1278,startup,1414.783,1141,1415.743,-3.641,0,0,1783746309.208455086,-0.281654,-1.092805,1.173982,0.010818,,,0.005058,0.000000,0.000000,0.640,1.268
search,upper,4,forward,87.8427,1584.329,1278,startup,1414.783,1141,1415.743,-3.641,0,0,1783746309.208455086,-0.281654,-1.092805,1.173982,0.010818,,,0.005058,0.000000,0.000000,0.640,1.268
search,upper,4,forward,87.8642,1584.329,1278,startup,1414.783,1141,1415.743,-3.641,0,0,1783746309.208455086,-0.281654,-1.092805,1.173982,0.010818,,,0.005058,0.000000,0.000000,0.649,1.260
search,upper,4,forward,87.8856,1584.329,1278,startup,1411.683,1138,1415.743,-3.641,1,5,1783746309.309010983,-0.274398,-1.079009,1.177064,0.046715,0.0155262,0.0030819,0.020584,0.000000,0.000000,0.649,1.260
search,upper,4,forward,87.8968,1584.329,1278,startup,1411.683,1138,1415.743,-3.641,0,0,1783746309.309010983,-0.274398,-1.079009,1.177064,0.046715,,,0.020584,0.000000,0.000000,0.649,1.260
search,upper,4,forward,87.9185,1584.329,1278,startup,1411.683,1138,1415.743,-3.641,0,0,1783746309.309010983,-0.274398,-1.079009,1.177064,0.046715,,,0.020584,0.000000,0.000000,0.649,1.260
search,upper,4,forward,87.9401,1584.329,1278,startup,1411.683,1138,1415.743,-3.641,0,0,1783746309.309010983,-0.274398,-1.079009,1.177064,0.046715,,,0.020584,0.000000,0.000000,0.649,1.260
search,upper,4,forward,87.9617,1584.329,1278,startup,1411.683,1138,1415.743,-3.641,0,0,1783746309.309010983,-0.274398,-1.079009,1.177064,0.046715,,,0.020584,0.000000,0.000000,0.649,1.260
search,upper,4,forward,87.9832,1584.329,1278,startup,1411.683,1138,1415.743,-3.641,0,0,1783746309.309010983,-0.274398,-1.079009,1.177064,0.046715,,,0.020584,0.000000,0.000000,0.662,1.241
search,upper,4,forward,87.9860,1584.329,1278,rolling,1415.743,1142,1415.743,-3.641,1,6,1783746309.406365156,-0.266325,-1.061760,1.182448,0.083887,0.0190236,0.0053845,0.039608,0.000000,0.000000,0.662,1.241
search,upper,4,forward,88.0015,1584.329,1278,rolling,1415.743,1142,1415.743,-3.641,0,0,1783746309.406365156,-0.266325,-1.061760,1.182448,0.083887,,,0.039608,0.000000,0.000000,0.662,1.241
search,upper,4,forward,88.0232,1584.329,1278,rolling,1415.743,1142,1415.743,-3.641,0,0,1783746309.406365156,-0.266325,-1.061760,1.182448,0.083887,,,0.039608,0.000000,0.000000,0.662,1.241
search,upper,4,forward,88.0448,1584.329,1278,rolling,1415.743,1142,1415.743,-3.641,0,0,1783746309.406365156,-0.266325,-1.061760,1.182448,0.083887,,,0.039608,0.000000,0.000000,0.662,1.241
search,upper,4,forward,88.0665,1584.329,1278,rolling,1415.743,1142,1415.743,-3.641,0,0,1783746309.406365156,-0.266325,-1.061760,1.182448,0.083887,,,0.039608,0.000000,0.000000,0.679,1.228
search,upper,4,forward,88.0865,1584.329,1278,rolling,1413.505,1140,1415.450,-3.934,1,7,1783746309.506840944,-0.261608,-1.046398,1.188419,0.102748,0.0160089,0.0059711,0.055617,0.016009,0.005971,0.679,1.228
search,upper,4,forward,88.1046,1584.329,1278,rolling,1413.505,1140,1415.450,-3.934,0,0,1783746309.506840944,-0.261608,-1.046398,1.188419,0.102748,,,0.055617,0.016009,0.005971,0.679,1.228
search,upper,4,forward,88.1263,1584.329,1278,rolling,1413.505,1140,1415.450,-3.934,0,0,1783746309.506840944,-0.261608,-1.046398,1.188419,0.102748,,,0.055617,0.016009,0.005971,0.679,1.228
search,upper,4,forward,88.1479,1584.329,1278,rolling,1413.505,1140,1415.450,-3.934,0,0,1783746309.506840944,-0.261608,-1.046398,1.188419,0.102748,,,0.055617,0.016009,0.005971,0.679,1.228
search,upper,4,forward,88.1694,1584.329,1278,rolling,1413.505,1140,1415.450,-3.934,0,0,1783746309.506840944,-0.261608,-1.046398,1.188419,0.102748,,,0.055617,0.016009,0.005971,0.698,1.208
search,upper,4,forward,88.1866,1584.329,1278,rolling,1413.652,1140,1415.214,-4.170,1,8,1783746309.607368231,-0.252718,-1.030531,1.201270,0.121883,0.0180232,0.0128507,0.073640,0.034032,0.018822,0.698,1.208
search,upper,4,forward,88.2078,1584.329,1278,rolling,1413.652,1140,1415.214,-4.170,0,0,1783746309.607368231,-0.252718,-1.030531,1.201270,0.121883,,,0.073640,0.034032,0.018822,0.698,1.208
search,upper,4,forward,88.2295,1584.329,1278,rolling,1413.652,1140,1415.214,-4.170,0,0,1783746309.607368231,-0.252718,-1.030531,1.201270,0.121883,,,0.073640,0.034032,0.018822,0.698,1.208
search,upper,4,forward,88.2511,1584.329,1278,rolling,1413.652,1140,1415.214,-4.170,0,0,1783746309.607368231,-0.252718,-1.030531,1.201270,0.121883,,,0.073640,0.034032,0.018822,0.698,1.208
search,upper,4,forward,88.2726,1584.329,1278,rolling,1413.652,1140,1415.214,-4.170,0,0,1783746309.607368231,-0.252718,-1.030531,1.201270,0.121883,,,0.073640,0.034032,0.018822,0.719,1.186
search,upper,4,forward,88.2849,1584.329,1278,rolling,1413.917,1140,1415.045,-4.339,1,9,1783746309.707530975,-0.245931,-1.010746,1.213141,0.143590,0.0209052,0.0118711,0.094545,0.054937,0.030693,0.719,1.186
search,upper,4,forward,88.2985,1584.329,1278,rolling,1413.917,1140,1415.045,-4.339,0,0,1783746309.707530975,-0.245931,-1.010746,1.213141,0.143590,,,0.094545,0.054937,0.030693,0.719,1.186
search,upper,4,forward,88.3201,1584.329,1278,rolling,1413.917,1140,1415.045,-4.339,0,0,1783746309.707530975,-0.245931,-1.010746,1.213141,0.143590,,,0.094545,0.054937,0.030693,0.719,1.186
search,upper,4,forward,88.3416,1584.329,1278,rolling,1413.917,1140,1415.045,-4.339,0,0,1783746309.707530975,-0.245931,-1.010746,1.213141,0.143590,,,0.094545,0.054937,0.030693,0.719,1.186
search,upper,4,forward,88.3632,1584.329,1278,rolling,1413.917,1140,1415.045,-4.339,0,0,1783746309.707530975,-0.245931,-1.010746,1.213141,0.143590,,,0.094545,0.054937,0.030693,0.741,1.164
search,upper,4,forward,88.3848,1584.329,1278,rolling,1414.101,1140,1414.924,-4.460,1,10,1783746309.805728436,-0.239593,-0.991657,1.226142,0.158876,0.0201041,0.0130008,0.114649,0.075041,0.043694,0.741,1.164
search,upper,4,forward,88.4052,1584.329,1278,rolling,1414.101,1140,1414.924,-4.460,0,0,1783746309.805728436,-0.239593,-0.991657,1.226142,0.158876,,,0.114649,0.075041,0.043694,0.741,1.164
search,upper,4,forward,88.4269,1584.329,1278,rolling,1414.101,1140,1414.924,-4.460,0,0,1783746309.805728436,-0.239593,-0.991657,1.226142,0.158876,,,0.114649,0.075041,0.043694,0.741,1.164
search,upper,4,forward,88.4485,1584.329,1278,rolling,1414.101,1140,1414.924,-4.460,0,0,1783746309.805728436,-0.239593,-0.991657,1.226142,0.158876,,,0.114649,0.075041,0.043694,0.741,1.164
search,upper,4,forward,88.4700,1584.329,1278,rolling,1414.101,1140,1414.924,-4.460,0,0,1783746309.805728436,-0.239593,-0.991657,1.226142,0.158876,,,0.114649,0.075041,0.043694,0.763,1.143
search,upper,4,forward,88.4858,1584.329,1278,rolling,1414.481,1141,1414.866,-4.518,1,11,1783746309.905738354,-0.233167,-0.967793,1.240612,0.180763,0.0246451,0.0144700,0.139294,0.099687,0.058164,0.763,1.143
search,upper,4,forward,88.4981,1584.329,1278,rolling,1414.481,1141,1414.866,-4.518,0,0,1783746309.905738354,-0.233167,-0.967793,1.240612,0.180763,,,0.139294,0.099687,0.058164,0.763,1.143
search,upper,4,forward,88.5199,1584.329,1278,rolling,1414.481,1141,1414.866,-4.518,0,0,1783746309.905738354,-0.233167,-0.967793,1.240612,0.180763,,,0.139294,0.099687,0.058164,0.763,1.143
search,upper,4,forward,88.5415,1584.329,1278,rolling,1414.481,1141,1414.866,-4.518,0,0,1783746309.905738354,-0.233167,-0.967793,1.240612,0.180763,,,0.139294,0.099687,0.058164,0.763,1.143
search,upper,4,forward,88.5631,1584.329,1278,rolling,1414.481,1141,1414.866,-4.518,0,0,1783746309.905738354,-0.233167,-0.967793,1.240612,0.180763,,,0.139294,0.099687,0.058164,0.763,1.143
search,upper,4,forward,88.5849,1584.329,1278,rolling,1414.481,1141,1414.866,-4.518,0,0,1783746309.905738354,-0.233167,-0.967793,1.240612,0.180763,,,0.139294,0.099687,0.058164,0.790,1.113
search,upper,4,forward,88.5875,1584.329,1278,rolling,1415.200,1141,1414.910,-4.474,1,12,1783746310.006324053,-0.222000,-0.938029,1.253493,0.214537,0.0317710,0.0128814,0.171065,0.131457,0.071045,0.790,1.113
search,upper,4,forward,88.6045,1584.329,1278,rolling,1415.200,1141,1414.910,-4.474,0,0,1783746310.006324053,-0.222000,-0.938029,1.253493,0.214537,,,0.171065,0.131457,0.071045,0.790,1.113
search,upper,4,forward,88.6261,1584.329,1278,rolling,1415.200,1141,1414.910,-4.474,0,0,1783746310.006324053,-0.222000,-0.938029,1.253493,0.214537,,,0.171065,0.131457,0.071045,0.790,1.113
search,upper,4,forward,88.6477,1584.329,1278,rolling,1415.200,1141,1414.910,-4.474,0,0,1783746310.006324053,-0.222000,-0.938029,1.253493,0.214537,,,0.171065,0.131457,0.071045,0.790,1.113
search,upper,4,forward,88.6693,1584.329,1278,rolling,1415.200,1141,1414.910,-4.474,0,0,1783746310.006324053,-0.222000,-0.938029,1.253493,0.214537,,,0.171065,0.131457,0.071045,0.816,1.090
search,upper,4,forward,88.6841,1584.329,1278,rolling,1415.604,1142,1415.001,-4.383,1,13,1783746310.106920004,-0.213271,-0.911556,1.264228,0.230175,0.0278740,0.0107351,0.198939,0.159331,0.081780,0.816,1.090
search,upper,4,forward,88.6962,1584.329,1278,rolling,1415.604,1142,1415.001,-4.383,0,0,1783746310.106920004,-0.213271,-0.911556,1.264228,0.230175,,,0.198939,0.159331,0.081780,0.816,1.090
search,upper,4,forward,88.7179,1584.329,1278,rolling,1415.604,1142,1415.001,-4.383,0,0,1783746310.106920004,-0.213271,-0.911556,1.264228,0.230175,,,0.198939,0.159331,0.081780,0.816,1.090
search,upper,4,forward,88.7394,1584.329,1278,rolling,1415.604,1142,1415.001,-4.383,0,0,1783746310.106920004,-0.213271,-0.911556,1.264228,0.230175,,,0.198939,0.159331,0.081780,0.816,1.090
search,upper,4,forward,88.7609,1584.329,1278,rolling,1415.604,1142,1415.001,-4.383,0,0,1783746310.106920004,-0.213271,-0.911556,1.264228,0.230175,,,0.198939,0.159331,0.081780,0.816,1.090
search,upper,4,forward,88.7825,1584.329,1278,rolling,1415.604,1142,1415.001,-4.383,0,0,1783746310.106920004,-0.213271,-0.911556,1.264228,0.230175,,,0.198939,0.159331,0.081780,0.840,1.071
search,upper,4,forward,88.7849,1584.329,1278,rolling,1415.667,1142,1415.086,-4.298,1,14,1783746310.204611063,-0.206521,-0.890571,1.270380,0.229041,0.0220428,0.0061517,0.220982,0.181374,0.087932,0.840,1.071
search,upper,4,forward,88.8006,1584.329,1278,rolling,1415.667,1142,1415.086,-4.298,0,0,1783746310.204611063,-0.206521,-0.890571,1.270380,0.229041,,,0.220982,0.181374,0.087932,0.840,1.071
search,upper,4,forward,88.8223,1584.329,1278,rolling,1415.667,1142,1415.086,-4.298,0,0,1783746310.204611063,-0.206521,-0.890571,1.270380,0.229041,,,0.220982,0.181374,0.087932,0.840,1.071
search,upper,4,forward,88.8438,1584.329,1278,rolling,1415.667,1142,1415.086,-4.298,0,0,1783746310.204611063,-0.206521,-0.890571,1.270380,0.229041,,,0.220982,0.181374,0.087932,0.840,1.071
search,upper,4,forward,88.8654,1584.329,1278,rolling,1415.667,1142,1415.086,-4.298,0,0,1783746310.204611063,-0.206521,-0.890571,1.270380,0.229041,,,0.220982,0.181374,0.087932,0.865,1.043
search,upper,4,forward,88.8847,1584.329,1278,rolling,1415.607,1142,1415.154,-4.230,1,15,1783746310.305138826,-0.200942,-0.870895,1.278027,0.222632,0.0204480,0.0076470,0.241430,0.201822,0.095579,0.865,1.043
search,upper,4,forward,88.9009,1584.329,1278,rolling,1415.607,1142,1415.154,-4.230,0,0,1783746310.305138826,-0.200942,-0.870895,1.278027,0.222632,,,0.241430,0.201822,0.095579,0.865,1.043
search,upper,4,forward,88.9225,1584.329,1278,rolling,1415.607,1142,1415.154,-4.230,0,0,1783746310.305138826,-0.200942,-0.870895,1.278027,0.222632,,,0.241430,0.201822,0.095579,0.865,1.043
search,upper,4,forward,88.9440,1584.329,1278,rolling,1415.607,1142,1415.154,-4.230,0,0,1783746310.305138826,-0.200942,-0.870895,1.278027,0.222632,,,0.241430,0.201822,0.095579,0.865,1.043
search,upper,4,forward,88.9655,1584.329,1278,rolling,1415.607,1142,1415.154,-4.230,0,0,1783746310.305138826,-0.200942,-0.870895,1.278027,0.222632,,,0.241430,0.201822,0.095579,0.887,1.028
search,upper,4,forward,88.9848,1584.329,1278,rolling,1415.607,1142,1415.154,-4.230,0,0,1783746310.305138826,-0.200942,-0.870895,1.278027,0.222632,,,0.241430,0.201822,0.095579,0.887,1.028
search,upper,4,forward,89.0067,1584.329,1278,rolling,1415.711,1142,1415.227,-4.157,1,16,1783746310.405622005,-0.194976,-0.848674,1.290436,0.224200,0.0230010,0.0124097,0.264431,0.224823,0.107989,0.887,1.028
search,upper,4,forward,89.0092,1584.329,1278,rolling,1415.711,1142,1415.227,-4.157,0,0,1783746310.405622005,-0.194976,-0.848674,1.290436,0.224200,,,0.264431,0.224823,0.107989,0.887,1.028
search,upper,4,forward,89.0307,1584.329,1278,rolling,1415.711,1142,1415.227,-4.157,0,0,1783746310.405622005,-0.194976,-0.848674,1.290436,0.224200,,,0.264431,0.224823,0.107989,0.887,1.028
search,upper,4,forward,89.0523,1584.329,1278,rolling,1415.711,1142,1415.227,-4.157,0,0,1783746310.405622005,-0.194976,-0.848674,1.290436,0.224200,,,0.264431,0.224823,0.107989,0.887,1.028
search,upper,4,forward,89.0738,1584.329,1278,rolling,1415.711,1142,1415.227,-4.157,0,0,1783746310.405622005,-0.194976,-0.848674,1.290436,0.224200,,,0.264431,0.224823,0.107989,0.906,1.005
search,upper,4,forward,89.0829,1584.329,1278,rolling,1415.658,1142,1415.283,-4.100,1,17,1783746310.505782127,-0.188707,-0.829394,1.304503,0.218710,0.0202565,0.0140661,0.284688,0.245080,0.122055,0.906,1.005
search,upper,4,forward,89.0986,1584.329,1278,rolling,1415.658,1142,1415.283,-4.100,0,0,1783746310.505782127,-0.188707,-0.829394,1.304503,0.218710,,,0.284688,0.245080,0.122055,0.906,1.005
search,upper,4,forward,89.1203,1584.329,1278,rolling,1415.658,1142,1415.283,-4.100,0,0,1783746310.505782127,-0.188707,-0.829394,1.304503,0.218710,,,0.284688,0.245080,0.122055,0.906,1.005
search,upper,4,forward,89.1418,1584.329,1278,rolling,1415.658,1142,1415.283,-4.100,0,0,1783746310.505782127,-0.188707,-0.829394,1.304503,0.218710,,,0.284688,0.245080,0.122055,0.906,1.005
search,upper,4,forward,89.1635,1584.329,1278,rolling,1415.658,1142,1415.283,-4.100,0,0,1783746310.505782127,-0.188707,-0.829394,1.304503,0.218710,,,0.284688,0.245080,0.122055,0.928,0.988
search,upper,4,forward,89.1835,1584.329,1278,rolling,1415.733,1142,1415.341,-4.043,1,18,1783746310.603726625,-0.183191,-0.808338,1.315655,0.219591,0.0217665,0.0111519,0.306454,0.266846,0.133207,0.928,0.988
search,upper,4,forward,89.2041,1584.329,1278,rolling,1415.733,1142,1415.341,-4.043,0,0,1783746310.603726625,-0.183191,-0.808338,1.315655,0.219591,,,0.306454,0.266846,0.133207,0.928,0.988
search,upper,4,forward,89.2258,1584.329,1278,rolling,1415.733,1142,1415.341,-4.043,0,0,1783746310.603726625,-0.183191,-0.808338,1.315655,0.219591,,,0.306454,0.266846,0.133207,0.928,0.988
search,upper,4,forward,89.2474,1584.329,1278,rolling,1415.733,1142,1415.341,-4.043,0,0,1783746310.603726625,-0.183191,-0.808338,1.315655,0.219591,,,0.306454,0.266846,0.133207,0.928,0.988
search,upper,4,forward,89.2689,1584.329,1278,rolling,1415.733,1142,1415.341,-4.043,0,0,1783746310.603726625,-0.183191,-0.808338,1.315655,0.219591,,,0.306454,0.266846,0.133207,0.949,0.966
search,upper,4,forward,89.2836,1584.329,1278,rolling,1415.642,1142,1415.380,-4.003,1,19,1783746310.704246998,-0.179766,-0.789124,1.324319,0.213097,0.0194623,0.0086642,0.325916,0.286308,0.141871,0.949,0.966
search,upper,4,forward,89.2960,1584.329,1278,rolling,1415.642,1142,1415.380,-4.003,0,0,1783746310.704246998,-0.179766,-0.789124,1.324319,0.213097,,,0.325916,0.286308,0.141871,0.949,0.966
search,upper,4,forward,89.3176,1584.329,1278,rolling,1415.642,1142,1415.380,-4.003,0,0,1783746310.704246998,-0.179766,-0.789124,1.324319,0.213097,,,0.325916,0.286308,0.141871,0.949,0.966
search,upper,4,forward,89.3392,1584.329,1278,rolling,1415.642,1142,1415.380,-4.003,0,0,1783746310.704246998,-0.179766,-0.789124,1.324319,0.213097,,,0.325916,0.286308,0.141871,0.949,0.966
search,upper,4,forward,89.3607,1584.329,1278,rolling,1415.642,1142,1415.380,-4.003,0,0,1783746310.704246998,-0.179766,-0.789124,1.324319,0.213097,,,0.325916,0.286308,0.141871,0.949,0.966
search,upper,4,forward,89.3822,1584.329,1278,rolling,1415.642,1142,1415.380,-4.003,0,0,1783746310.704246998,-0.179766,-0.789124,1.324319,0.213097,,,0.325916,0.286308,0.141871,0.969,0.947
search,upper,4,forward,89.3847,1584.329,1278,rolling,1415.870,1142,1415.444,-3.939,1,20,1783746310.804537296,-0.170913,-0.765909,1.333842,0.221293,0.0246593,0.0095231,0.350576,0.310968,0.151394,0.969,0.947
search,upper,4,forward,89.4010,1584.329,1278,rolling,1415.870,1142,1415.444,-3.939,0,0,1783746310.804537296,-0.170913,-0.765909,1.333842,0.221293,,,0.350576,0.310968,0.151394,0.969,0.947
search,upper,4,forward,89.4226,1584.329,1278,rolling,1415.870,1142,1415.444,-3.939,0,0,1783746310.804537296,-0.170913,-0.765909,1.333842,0.221293,,,0.350576,0.310968,0.151394,0.969,0.947
search,upper,4,forward,89.4442,1584.329,1278,rolling,1415.870,1142,1415.444,-3.939,0,0,1783746310.804537296,-0.170913,-0.765909,1.333842,0.221293,,,0.350576,0.310968,0.151394,0.969,0.947
search,upper,4,forward,89.4657,1584.329,1278,rolling,1415.870,1142,1415.444,-3.939,0,0,1783746310.804537296,-0.170913,-0.765909,1.333842,0.221293,,,0.350576,0.310968,0.151394,0.987,0.936
search,upper,4,forward,89.4845,1584.329,1278,rolling,1415.605,1142,1415.465,-3.918,1,21,1783746310.905136347,-0.168090,-0.749625,1.344101,0.206968,0.0164979,0.0102591,0.367074,0.327466,0.161653,0.987,0.936
search,upper,4,forward,89.5045,1584.329,1278,rolling,1415.605,1142,1415.465,-3.918,0,0,1783746310.905136347,-0.168090,-0.749625,1.344101,0.206968,,,0.367074,0.327466,0.161653,0.987,0.936
search,upper,4,forward,89.5266,1584.329,1278,rolling,1415.605,1142,1415.465,-3.918,0,0,1783746310.905136347,-0.168090,-0.749625,1.344101,0.206968,,,0.367074,0.327466,0.161653,0.987,0.936
search,upper,4,forward,89.5483,1584.329,1278,rolling,1415.605,1142,1415.465,-3.918,0,0,1783746310.905136347,-0.168090,-0.749625,1.344101,0.206968,,,0.367074,0.327466,0.161653,0.987,0.936
search,upper,4,forward,89.5700,1584.329,1278,rolling,1415.605,1142,1415.465,-3.918,0,0,1783746310.905136347,-0.168090,-0.749625,1.344101,0.206968,,,0.367074,0.327466,0.161653,1.002,0.922
search,upper,4,forward,89.5860,1584.329,1278,rolling,1415.605,1142,1415.465,-3.918,0,0,1783746310.905136347,-0.168090,-0.749625,1.344101,0.206968,,,0.367074,0.327466,0.161653,1.002,0.922
search,upper,4,forward,89.6081,1584.329,1278,rolling,1415.311,1141,1415.445,-3.939,1,22,1783746311.005357981,-0.165701,-0.734530,1.350043,0.193264,0.0152489,0.0059424,0.382322,0.342714,0.167595,1.002,0.922
search,upper,4,reverse,91.0634,1584.329,1278,startup,1591.443,1283,1595.443,2.934,0,0,1783746312.405839920,-0.157415,-0.709138,1.363500,-0.004073,,,0.000000,0.000000,0.000000,1.031,0.900
search,upper,4,reverse,91.0858,1584.329,1278,startup,1592.683,1284,1595.443,2.934,1,1,1783746312.506069660,-0.156888,-0.711980,1.363172,-0.009720,-0.0026724,-0.0003285,0.002672,0.000000,0.000000,1.031,0.900
search,upper,4,reverse,91.1050,1584.329,1278,startup,1592.683,1284,1595.443,2.934,0,0,1783746312.506069660,-0.156888,-0.711980,1.363172,-0.009720,,,0.002672,0.000000,0.000000,1.031,0.900
search,upper,4,reverse,91.1269,1584.329,1278,startup,1592.683,1284,1595.443,2.934,0,0,1783746312.506069660,-0.156888,-0.711980,1.363172,-0.009720,,,0.002672,0.000000,0.000000,1.031,0.900
search,upper,4,reverse,91.1484,1584.329,1278,startup,1592.683,1284,1595.443,2.934,0,0,1783746312.506069660,-0.156888,-0.711980,1.363172,-0.009720,,,0.002672,0.000000,0.000000,1.031,0.900
search,upper,4,reverse,91.1700,1584.329,1278,startup,1592.683,1284,1595.443,2.934,0,0,1783746312.506069660,-0.156888,-0.711980,1.363172,-0.009720,,,0.002672,0.000000,0.000000,1.030,0.902
search,upper,4,reverse,91.1839,1584.329,1278,startup,1593.923,1285,1595.443,2.934,1,2,1783746312.606580734,-0.155704,-0.711244,1.362304,-0.004891,0.0009647,-0.0008679,0.003637,0.000000,0.000000,1.030,0.902
search,upper,4,reverse,91.1974,1584.329,1278,startup,1593.923,1285,1595.443,2.934,0,0,1783746312.606580734,-0.155704,-0.711244,1.362304,-0.004891,,,0.003637,0.000000,0.000000,1.030,0.902
search,upper,4,reverse,91.2190,1584.329,1278,startup,1593.923,1285,1595.443,2.934,0,0,1783746312.606580734,-0.155704,-0.711244,1.362304,-0.004891,,,0.003637,0.000000,0.000000,1.030,0.902
search,upper,4,reverse,91.2405,1584.329,1278,startup,1593.923,1285,1595.443,2.934,0,0,1783746312.606580734,-0.155704,-0.711244,1.362304,-0.004891,,,0.003637,0.000000,0.000000,1.030,0.902
search,upper,4,reverse,91.2620,1584.329,1278,startup,1593.923,1285,1595.443,2.934,0,0,1783746312.606580734,-0.155704,-0.711244,1.362304,-0.004891,,,0.003637,0.000000,0.000000,1.028,0.910
search,upper,4,reverse,91.2839,1584.329,1278,startup,1595.163,1286,1595.443,2.934,1,3,1783746312.704490423,-0.156167,-0.712797,1.362462,-0.007793,-0.0016154,0.0001583,0.005253,0.000000,0.000000,1.028,0.910
search,upper,4,reverse,91.2949,1584.329,1278,startup,1595.163,1286,1595.443,2.934,0,0,1783746312.704490423,-0.156167,-0.712797,1.362462,-0.007793,,,0.005253,0.000000,0.000000,1.028,0.910
search,upper,4,reverse,91.3165,1584.329,1278,startup,1595.163,1286,1595.443,2.934,0,0,1783746312.704490423,-0.156167,-0.712797,1.362462,-0.007793,,,0.005253,0.000000,0.000000,1.028,0.910
search,upper,4,reverse,91.3381,1584.329,1278,startup,1595.163,1286,1595.443,2.934,0,0,1783746312.704490423,-0.156167,-0.712797,1.362462,-0.007793,,,0.005253,0.000000,0.000000,1.028,0.910
search,upper,4,reverse,91.3596,1584.329,1278,startup,1595.163,1286,1595.443,2.934,0,0,1783746312.704490423,-0.156167,-0.712797,1.362462,-0.007793,,,0.005253,0.000000,0.000000,1.028,0.910
search,upper,4,reverse,91.3811,1584.329,1278,startup,1595.163,1286,1595.443,2.934,0,0,1783746312.704490423,-0.156167,-0.712797,1.362462,-0.007793,,,0.005253,0.000000,0.000000,1.018,0.917
search,upper,4,reverse,91.3843,1584.329,1278,startup,1596.403,1287,1595.443,2.934,1,4,1783746312.804838896,-0.158759,-0.716548,1.361531,-0.016326,-0.0042070,-0.0009315,0.009460,0.000000,0.000000,1.018,0.917
search,upper,4,reverse,91.4027,1584.329,1278,startup,1596.403,1287,1595.443,2.934,0,0,1783746312.804838896,-0.158759,-0.716548,1.361531,-0.016326,,,0.009460,0.000000,0.000000,1.018,0.917
search,upper,4,reverse,91.4244,1584.329,1278,startup,1596.403,1287,1595.443,2.934,0,0,1783746312.804838896,-0.158759,-0.716548,1.361531,-0.016326,,,0.009460,0.000000,0.000000,1.018,0.917
search,upper,4,reverse,91.4460,1584.329,1278,startup,1596.403,1287,1595.443,2.934,0,0,1783746312.804838896,-0.158759,-0.716548,1.361531,-0.016326,,,0.009460,0.000000,0.000000,1.018,0.917
search,upper,4,reverse,91.4675,1584.329,1278,startup,1596.403,1287,1595.443,2.934,0,0,1783746312.804838896,-0.158759,-0.716548,1.361531,-0.016326,,,0.009460,0.000000,0.000000,1.007,0.928
search,upper,4,reverse,91.4847,1584.329,1278,startup,1596.403,1287,1595.443,2.934,0,0,1783746312.804838896,-0.158759,-0.716548,1.361531,-0.016326,,,0.009460,0.000000,0.000000,1.007,0.928
search,upper,4,reverse,91.5066,1584.329,1278,startup,1599.503,1290,1595.443,2.934,1,5,1783746312.905216932,-0.160262,-0.726767,1.357563,-0.037916,-0.0103074,-0.0039680,0.019767,0.000000,0.000000,1.007,0.928
search,upper,4,reverse,91.5105,1584.329,1278,startup,1599.503,1290,1595.443,2.934,0,0,1783746312.905216932,-0.160262,-0.726767,1.357563,-0.037916,,,0.019767,0.000000,0.000000,1.007,0.928
search,upper,4,reverse,91.5321,1584.329,1278,startup,1599.503,1290,1595.443,2.934,0,0,1783746312.905216932,-0.160262,-0.726767,1.357563,-0.037916,,,0.019767,0.000000,0.000000,1.007,0.928
search,upper,4,reverse,91.5540,1584.329,1278,startup,1599.503,1290,1595.443,2.934,0,0,1783746312.905216932,-0.160262,-0.726767,1.357563,-0.037916,,,0.019767,0.000000,0.000000,1.007,0.928
search,upper,4,reverse,91.5758,1584.329,1278,startup,1599.503,1290,1595.443,2.934,0,0,1783746312.905216932,-0.160262,-0.726767,1.357563,-0.037916,,,0.019767,0.000000,0.000000,0.993,0.942
search,upper,4,reverse,91.5850,1584.329,1278,rolling,1595.443,1287,1595.443,2.934,1,6,1783746313.005630255,-0.162192,-0.738094,1.353376,-0.057013,-0.0114778,-0.0041865,0.031245,0.000000,0.000000,0.993,0.942
search,upper,4,reverse,91.5987,1584.329,1278,rolling,1595.443,1287,1595.443,2.934,0,0,1783746313.005630255,-0.162192,-0.738094,1.353376,-0.057013,,,0.031245,0.000000,0.000000,0.993,0.942
search,upper,4,reverse,91.6205,1584.329,1278,rolling,1595.443,1287,1595.443,2.934,0,0,1783746313.005630255,-0.162192,-0.738094,1.353376,-0.057013,,,0.031245,0.000000,0.000000,0.993,0.942
search,upper,4,reverse,91.6421,1584.329,1278,rolling,1595.443,1287,1595.443,2.934,0,0,1783746313.005630255,-0.162192,-0.738094,1.353376,-0.057013,,,0.031245,0.000000,0.000000,0.993,0.942
search,upper,4,reverse,91.6638,1584.329,1278,rolling,1595.443,1287,1595.443,2.934,0,0,1783746313.005630255,-0.162192,-0.738094,1.353376,-0.057013,,,0.031245,0.000000,0.000000,0.975,0.960
search,upper,4,reverse,91.6830,1584.329,1278,rolling,1597.339,1288,1595.760,3.251,1,7,1783746313.105968475,-0.166924,-0.758418,1.345680,-0.094751,-0.0208667,-0.0076958,0.052111,0.000000,0.000000,0.975,0.960
search,upper,4,reverse,91.7008,1584.329,1278,rolling,1597.339,1288,1595.760,3.251,0,0,1783746313.105968475,-0.166924,-0.758418,1.345680,-0.094751,,,0.052111,0.000000,0.000000,0.975,0.960
search,upper,4,reverse,91.7224,1584.329,1278,rolling,1597.339,1288,1595.760,3.251,0,0,1783746313.105968475,-0.166924,-0.758418,1.345680,-0.094751,,,0.052111,0.000000,0.000000,0.975,0.960
search,upper,4,reverse,91.7440,1584.329,1278,rolling,1597.339,1288,1595.760,3.251,0,0,1783746313.105968475,-0.166924,-0.758418,1.345680,-0.094751,,,0.052111,0.000000,0.000000,0.975,0.960
search,upper,4,reverse,91.7656,1584.329,1278,rolling,1597.339,1288,1595.760,3.251,0,0,1783746313.105968475,-0.166924,-0.758418,1.345680,-0.094751,,,0.052111,0.000000,0.000000,0.954,0.983
search,upper,4,reverse,91.7834,1584.329,1278,rolling,1597.139,1288,1595.985,3.477,1,8,1783746313.203631401,-0.171164,-0.778304,1.337955,-0.123103,-0.0203295,-0.0077253,0.072441,-0.020329,-0.007725,0.954,0.983
search,upper,4,reverse,91.7914,1584.329,1278,rolling,1597.139,1288,1595.985,3.477,0,0,1783746313.203631401,-0.171164,-0.778304,1.337955,-0.123103,,,0.072441,-0.020329,-0.007725,0.954,0.983
search,upper,4,reverse,91.8131,1584.329,1278,rolling,1597.139,1288,1595.985,3.477,0,0,1783746313.203631401,-0.171164,-0.778304,1.337955,-0.123103,,,0.072441,-0.020329,-0.007725,0.954,0.983
search,upper,4,reverse,91.8347,1584.329,1278,rolling,1597.139,1288,1595.985,3.477,0,0,1783746313.203631401,-0.171164,-0.778304,1.337955,-0.123103,,,0.072441,-0.020329,-0.007725,0.954,0.983
search,upper,4,reverse,91.8563,1584.329,1278,rolling,1597.139,1288,1595.985,3.477,0,0,1783746313.203631401,-0.171164,-0.778304,1.337955,-0.123103,,,0.072441,-0.020329,-0.007725,0.954,0.983
search,upper,4,reverse,91.8779,1584.329,1278,rolling,1597.139,1288,1595.985,3.477,0,0,1783746313.203631401,-0.171164,-0.778304,1.337955,-0.123103,,,0.072441,-0.020329,-0.007725,0.933,1.010
search,upper,4,reverse,91.8840,1584.329,1278,rolling,1596.862,1288,1596.132,3.624,1,9,1783746313.304317713,-0.178363,-0.801020,1.332001,-0.151346,-0.0237696,-0.0059541,0.096210,-0.044099,-0.013679,0.933,1.010
search,upper,4,reverse,91.9011,1584.329,1278,rolling,1596.862,1288,1596.132,3.624,0,0,1783746313.304317713,-0.178363,-0.801020,1.332001,-0.151346,,,0.096210,-0.044099,-0.013679,0.933,1.010
search,upper,4,reverse,91.9227,1584.329,1278,rolling,1596.862,1288,1596.132,3.624,0,0,1783746313.304317713,-0.178363,-0.801020,1.332001,-0.151346,,,0.096210,-0.044099,-0.013679,0.933,1.010
search,upper,4,reverse,91.9442,1584.329,1278,rolling,1596.862,1288,1596.132,3.624,0,0,1783746313.304317713,-0.178363,-0.801020,1.332001,-0.151346,,,0.096210,-0.044099,-0.013679,0.933,1.010
search,upper,4,reverse,91.9658,1584.329,1278,rolling,1596.862,1288,1596.132,3.624,0,0,1783746313.304317713,-0.178363,-0.801020,1.332001,-0.151346,,,0.096210,-0.044099,-0.013679,0.904,1.031
search,upper,4,reverse,91.9841,1584.329,1278,rolling,1596.862,1288,1596.132,3.624,0,0,1783746313.304317713,-0.178363,-0.801020,1.332001,-0.151346,,,0.096210,-0.044099,-0.013679,0.904,1.031
search,upper,4,reverse,92.0060,1584.329,1278,rolling,1596.416,1287,1596.180,3.671,1,10,1783746313.404824734,-0.181877,-0.829453,1.321532,-0.184248,-0.0284389,-0.0104690,0.124649,-0.072538,-0.024148,0.904,1.031
search,upper,4,reverse,92.0088,1584.329,1278,rolling,1596.416,1287,1596.180,3.671,0,0,1783746313.404824734,-0.181877,-0.829453,1.321532,-0.184248,,,0.124649,-0.072538,-0.024148,0.904,1.031
search,upper,4,reverse,92.0304,1584.329,1278,rolling,1596.416,1287,1596.180,3.671,0,0,1783746313.404824734,-0.181877,-0.829453,1.321532,-0.184248,,,0.124649,-0.072538,-0.024148,0.904,1.031
search,upper,4,reverse,92.0520,1584.329,1278,rolling,1596.416,1287,1596.180,3.671,0,0,1783746313.404824734,-0.181877,-0.829453,1.321532,-0.184248,,,0.124649,-0.072538,-0.024148,0.904,1.031
search,upper,4,reverse,92.0736,1584.329,1278,rolling,1596.416,1287,1596.180,3.671,0,0,1783746313.404824734,-0.181877,-0.829453,1.321532,-0.184248,,,0.124649,-0.072538,-0.024148,0.877,1.056
search,upper,4,reverse,92.0846,1584.329,1278,rolling,1596.112,1287,1596.169,3.660,1,11,1783746313.504979372,-0.189962,-0.854486,1.310045,-0.203743,-0.0262633,-0.0114864,0.150913,-0.098801,-0.035635,0.877,1.056
search,upper,4,reverse,92.0948,1584.329,1278,rolling,1596.112,1287,1596.169,3.660,0,0,1783746313.504979372,-0.189962,-0.854486,1.310045,-0.203743,,,0.150913,-0.098801,-0.035635,0.877,1.056
search,upper,4,reverse,92.1165,1584.329,1278,rolling,1596.112,1287,1596.169,3.660,0,0,1783746313.504979372,-0.189962,-0.854486,1.310045,-0.203743,,,0.150913,-0.098801,-0.035635,0.877,1.056
search,upper,4,reverse,92.1381,1584.329,1278,rolling,1596.112,1287,1596.169,3.660,0,0,1783746313.504979372,-0.189962,-0.854486,1.310045,-0.203743,,,0.150913,-0.098801,-0.035635,0.877,1.056
search,upper,4,reverse,92.1596,1584.329,1278,rolling,1596.112,1287,1596.169,3.660,0,0,1783746313.504979372,-0.189962,-0.854486,1.310045,-0.203743,,,0.150913,-0.098801,-0.035635,0.877,1.056
search,upper,4,reverse,92.1812,1584.329,1278,rolling,1596.112,1287,1596.169,3.660,0,0,1783746313.504979372,-0.189962,-0.854486,1.310045,-0.203743,,,0.150913,-0.098801,-0.035635,0.850,1.084
search,upper,4,reverse,92.1837,1584.329,1278,rolling,1595.620,1287,1596.077,3.568,1,12,1783746313.605490923,-0.199525,-0.884226,1.298751,-0.230432,-0.0312088,-0.0112946,0.182122,-0.130010,-0.046929,0.850,1.084
search,upper,4,reverse,92.1983,1584.329,1278,rolling,1595.620,1287,1596.077,3.568,0,0,1783746313.605490923,-0.199525,-0.884226,1.298751,-0.230432,,,0.182122,-0.130010,-0.046929,0.850,1.084
search,upper,4,reverse,92.2200,1584.329,1278,rolling,1595.620,1287,1596.077,3.568,0,0,1783746313.605490923,-0.199525,-0.884226,1.298751,-0.230432,,,0.182122,-0.130010,-0.046929,0.850,1.084
search,upper,4,reverse,92.2416,1584.329,1278,rolling,1595.620,1287,1596.077,3.568,0,0,1783746313.605490923,-0.199525,-0.884226,1.298751,-0.230432,,,0.182122,-0.130010,-0.046929,0.850,1.084
search,upper,4,reverse,92.2632,1584.329,1278,rolling,1595.620,1287,1596.077,3.568,0,0,1783746313.605490923,-0.199525,-0.884226,1.298751,-0.230432,,,0.182122,-0.130010,-0.046929,0.822,1.112
search,upper,4,reverse,92.2831,1584.329,1278,rolling,1595.525,1287,1595.986,3.478,1,13,1783746313.703394413,-0.200793,-0.907462,1.287058,-0.230768,-0.0226917,-0.0116927,0.204813,-0.152702,-0.058622,0.822,1.112
search,upper,4,reverse,92.2987,1584.329,1278,rolling,1595.525,1287,1595.986,3.478,0,0,1783746313.703394413,-0.200793,-0.907462,1.287058,-0.230768,,,0.204813,-0.152702,-0.058622,0.822,1.112
search,upper,4,reverse,92.3204,1584.329,1278,rolling,1595.525,1287,1595.986,3.478,0,0,1783746313.703394413,-0.200793,-0.907462,1.287058,-0.230768,,,0.204813,-0.152702,-0.058622,0.822,1.112
search,upper,4,reverse,92.3420,1584.329,1278,rolling,1595.525,1287,1595.986,3.478,0,0,1783746313.703394413,-0.200793,-0.907462,1.287058,-0.230768,,,0.204813,-0.152702,-0.058622,0.822,1.112
search,upper,4,reverse,92.3635,1584.329,1278,rolling,1595.525,1287,1595.986,3.478,0,0,1783746313.703394413,-0.200793,-0.907462,1.287058,-0.230768,,,0.204813,-0.152702,-0.058622,0.795,1.139
search,upper,4,reverse,92.3832,1584.329,1278,rolling,1595.076,1286,1595.834,3.326,1,14,1783746313.803616285,-0.210989,-0.936850,1.279284,-0.250587,-0.0310732,-0.0077739,0.235886,-0.183775,-0.066396,0.795,1.139
search,upper,4,reverse,92.4047,1584.329,1278,rolling,1595.076,1286,1595.834,3.326,0,0,1783746313.803616285,-0.210989,-0.936850,1.279284,-0.250587,,,0.235886,-0.183775,-0.066396,0.795,1.139
search,upper,4,reverse,92.4265,1584.329,1278,rolling,1595.076,1286,1595.834,3.326,0,0,1783746313.803616285,-0.210989,-0.936850,1.279284,-0.250587,,,0.235886,-0.183775,-0.066396,0.795,1.139
search,upper,4,reverse,92.4480,1584.329,1278,rolling,1595.076,1286,1595.834,3.326,0,0,1783746313.803616285,-0.210989,-0.936850,1.279284,-0.250587,,,0.235886,-0.183775,-0.066396,0.795,1.139
search,upper,4,reverse,92.4697,1584.329,1278,rolling,1595.076,1286,1595.834,3.326,0,0,1783746313.803616285,-0.210989,-0.936850,1.279284,-0.250587,,,0.235886,-0.183775,-0.066396,0.768,1.160
search,upper,4,reverse,92.4837,1584.329,1278,rolling,1594.601,1286,1595.628,3.119,1,15,1783746313.904136896,-0.221200,-0.967585,1.268635,-0.268464,-0.0323771,-0.0106489,0.268264,-0.216152,-0.077045,0.768,1.160
search,upper,4,reverse,92.4991,1584.329,1278,rolling,1594.601,1286,1595.628,3.119,0,0,1783746313.904136896,-0.221200,-0.967585,1.268635,-0.268464,,,0.268264,-0.216152,-0.077045,0.768,1.160
search,upper,4,reverse,92.5208,1584.329,1278,rolling,1594.601,1286,1595.628,3.119,0,0,1783746313.904136896,-0.221200,-0.967585,1.268635,-0.268464,,,0.268264,-0.216152,-0.077045,0.768,1.160
search,upper,4,reverse,92.5424,1584.329,1278,rolling,1594.601,1286,1595.628,3.119,0,0,1783746313.904136896,-0.221200,-0.967585,1.268635,-0.268464,,,0.268264,-0.216152,-0.077045,0.768,1.160
search,upper,4,reverse,92.5639,1584.329,1278,rolling,1594.601,1286,1595.628,3.119,0,0,1783746313.904136896,-0.221200,-0.967585,1.268635,-0.268464,,,0.268264,-0.216152,-0.077045,0.741,1.189
search,upper,4,reverse,92.5844,1584.329,1278,rolling,1594.427,1286,1595.427,2.918,1,16,1783746314.004590988,-0.229029,-0.992628,1.255703,-0.266647,-0.0262383,-0.0129324,0.294502,-0.242390,-0.089977,0.741,1.189
search,upper,4,reverse,92.5950,1584.329,1278,rolling,1594.427,1286,1595.427,2.918,0,0,1783746314.004590988,-0.229029,-0.992628,1.255703,-0.266647,,,0.294502,-0.242390,-0.089977,0.741,1.189
search,upper,4,reverse,92.6168,1584.329,1278,rolling,1594.427,1286,1595.427,2.918,0,0,1783746314.004590988,-0.229029,-0.992628,1.255703,-0.266647,,,0.294502,-0.242390,-0.089977,0.741,1.189
search,upper,4,reverse,92.6384,1584.329,1278,rolling,1594.427,1286,1595.427,2.918,0,0,1783746314.004590988,-0.229029,-0.992628,1.255703,-0.266647,,,0.294502,-0.242390,-0.089977,0.741,1.189
search,upper,4,reverse,92.6599,1584.329,1278,rolling,1594.427,1286,1595.427,2.918,0,0,1783746314.004590988,-0.229029,-0.992628,1.255703,-0.266647,,,0.294502,-0.242390,-0.089977,0.741,1.189
search,upper,4,reverse,92.6816,1584.329,1278,rolling,1594.427,1286,1595.427,2.918,0,0,1783746314.004590988,-0.229029,-0.992628,1.255703,-0.266647,,,0.294502,-0.242390,-0.089977,0.716,1.211
search,upper,4,reverse,92.6846,1584.329,1278,rolling,1594.559,1286,1595.282,2.773,1,17,1783746314.105020523,-0.232094,-1.012021,1.241777,-0.248193,-0.0193659,-0.0139254,0.313868,-0.261756,-0.103903,0.716,1.211
search,upper,4,reverse,92.6989,1584.329,1278,rolling,1594.559,1286,1595.282,2.773,0,0,1783746314.105020523,-0.232094,-1.012021,1.241777,-0.248193,,,0.313868,-0.261756,-0.103903,0.716,1.211
search,upper,4,reverse,92.7205,1584.329,1278,rolling,1594.559,1286,1595.282,2.773,0,0,1783746314.105020523,-0.232094,-1.012021,1.241777,-0.248193,,,0.313868,-0.261756,-0.103903,0.716,1.211
search,upper,4,reverse,92.7420,1584.329,1278,rolling,1594.559,1286,1595.282,2.773,0,0,1783746314.105020523,-0.232094,-1.012021,1.241777,-0.248193,,,0.313868,-0.261756,-0.103903,0.716,1.211
search,upper,4,reverse,92.7636,1584.329,1278,rolling,1594.559,1286,1595.282,2.773,0,0,1783746314.105020523,-0.232094,-1.012021,1.241777,-0.248193,,,0.313868,-0.261756,-0.103903,0.691,1.232
search,upper,4,reverse,92.7823,1584.329,1278,rolling,1594.414,1286,1595.137,2.628,1,18,1783746314.205624342,-0.239722,-1.035784,1.228645,-0.248145,-0.0249497,-0.0131326,0.338817,-0.286706,-0.117035,0.691,1.232
search,upper,4,reverse,92.8001,1584.329,1278,rolling,1594.414,1286,1595.137,2.628,0,0,1783746314.205624342,-0.239722,-1.035784,1.228645,-0.248145,,,0.338817,-0.286706,-0.117035,0.691,1.232
search,upper,4,reverse,92.8218,1584.329,1278,rolling,1594.414,1286,1595.137,2.628,0,0,1783746314.205624342,-0.239722,-1.035784,1.228645,-0.248145,,,0.338817,-0.286706,-0.117035,0.691,1.232
search,upper,4,reverse,92.8433,1584.329,1278,rolling,1594.414,1286,1595.137,2.628,0,0,1783746314.205624342,-0.239722,-1.035784,1.228645,-0.248145,,,0.338817,-0.286706,-0.117035,0.691,1.232
search,upper,4,reverse,92.8648,1584.329,1278,rolling,1594.414,1286,1595.137,2.628,0,0,1783746314.205624342,-0.239722,-1.035784,1.228645,-0.248145,,,0.338817,-0.286706,-0.117035,0.664,1.263
search,upper,4,reverse,92.8829,1584.329,1278,rolling,1594.294,1286,1594.999,2.490,1,19,1783746314.303272009,-0.245939,-1.058817,1.222280,-0.246986,-0.0237781,-0.0063643,0.362596,-0.310484,-0.123400,0.664,1.263
search,upper,4,reverse,92.8985,1584.329,1278,rolling,1594.294,1286,1594.999,2.490,0,0,1783746314.303272009,-0.245939,-1.058817,1.222280,-0.246986,,,0.362596,-0.310484,-0.123400,0.664,1.263
search,upper,4,reverse,92.9202,1584.329,1278,rolling,1594.294,1286,1594.999,2.490,0,0,1783746314.303272009,-0.245939,-1.058817,1.222280,-0.246986,,,0.362596,-0.310484,-0.123400,0.664,1.263
search,upper,4,reverse,92.9417,1584.329,1278,rolling,1594.294,1286,1594.999,2.490,0,0,1783746314.303272009,-0.245939,-1.058817,1.222280,-0.246986,,,0.362596,-0.310484,-0.123400,0.664,1.263
search,upper,4,reverse,92.9633,1584.329,1278,rolling,1594.294,1286,1594.999,2.490,0,0,1783746314.303272009,-0.245939,-1.058817,1.222280,-0.246986,,,0.362596,-0.310484,-0.123400,0.642,1.282
search,upper,4,reverse,92.9834,1584.329,1278,rolling,1594.189,1286,1594.863,2.355,1,20,1783746314.403748274,-0.254022,-1.081413,1.216022,-0.244949,-0.0239974,-0.0062584,0.386593,-0.334482,-0.129658,0.642,1.282
search,upper,5,forward,95.4815,1612.688,1301,startup,1418.205,1144,1415.445,-3.939,1,1,1783746316.903492689,-0.275496,-1.124473,1.194745,0.003943,0.0002474,0.0005104,0.000247,0.000000,0.000000,0.600,1.310
search,upper,5,forward,95.4902,1612.688,1301,startup,1418.205,1144,1415.445,-3.939,0,0,1783746316.903492689,-0.275496,-1.124473,1.194745,0.003943,,,0.000247,0.000000,0.000000,0.600,1.310
search,upper,5,forward,95.5119,1612.688,1301,startup,1418.205,1144,1415.445,-3.939,0,0,1783746316.903492689,-0.275496,-1.124473,1.194745,0.003943,,,0.000247,0.000000,0.000000,0.600,1.310
search,upper,5,forward,95.5334,1612.688,1301,startup,1418.205,1144,1415.445,-3.939,0,0,1783746316.903492689,-0.275496,-1.124473,1.194745,0.003943,,,0.000247,0.000000,0.000000,0.600,1.310
search,upper,5,forward,95.5550,1612.688,1301,startup,1418.205,1144,1415.445,-3.939,0,0,1783746316.903492689,-0.275496,-1.124473,1.194745,0.003943,,,0.000247,0.000000,0.000000,0.600,1.310
search,upper,5,forward,95.5765,1612.688,1301,startup,1418.205,1144,1415.445,-3.939,0,0,1783746316.903492689,-0.275496,-1.124473,1.194745,0.003943,,,0.000247,0.000000,0.000000,0.600,1.310
search,upper,5,forward,95.5832,1612.688,1301,startup,1416.965,1143,1415.445,-3.939,1,2,1783746317.003612518,-0.274868,-1.126115,1.194211,-0.000281,-0.0012970,-0.0005338,0.001544,0.000000,0.000000,0.600,1.310
search,upper,5,forward,95.5975,1612.688,1301,startup,1416.965,1143,1415.445,-3.939,0,0,1783746317.003612518,-0.274868,-1.126115,1.194211,-0.000281,,,0.001544,0.000000,0.000000,0.600,1.310
search,upper,5,forward,95.6195,1612.688,1301,startup,1416.965,1143,1415.445,-3.939,0,0,1783746317.003612518,-0.274868,-1.126115,1.194211,-0.000281,,,0.001544,0.000000,0.000000,0.600,1.310
search,upper,5,forward,95.6413,1612.688,1301,startup,1416.965,1143,1415.445,-3.939,0,0,1783746317.003612518,-0.274868,-1.126115,1.194211,-0.000281,,,0.001544,0.000000,0.000000,0.600,1.310
search,upper,5,forward,95.6628,1612.688,1301,startup,1416.965,1143,1415.445,-3.939,0,0,1783746317.003612518,-0.274868,-1.126115,1.194211,-0.000281,,,0.001544,0.000000,0.000000,0.602,1.312
search,upper,5,forward,95.6821,1612.688,1301,startup,1415.725,1142,1415.445,-3.939,1,3,1783746317.104089260,-0.275948,-1.126135,1.194340,-0.001244,-0.0004152,0.0001290,0.001960,0.000000,0.000000,0.602,1.312
search,upper,5,forward,95.6919,1612.688,1301,startup,1415.725,1142,1415.445,-3.939,0,0,1783746317.104089260,-0.275948,-1.126135,1.194340,-0.001244,,,0.001960,0.000000,0.000000,0.602,1.312
search,upper,5,forward,95.7137,1612.688,1301,startup,1415.725,1142,1415.445,-3.939,0,0,1783746317.104089260,-0.275948,-1.126135,1.194340,-0.001244,,,0.001960,0.000000,0.000000,0.602,1.312
search,upper,5,forward,95.7355,1612.688,1301,startup,1415.725,1142,1415.445,-3.939,0,0,1783746317.104089260,-0.275948,-1.126135,1.194340,-0.001244,,,0.001960,0.000000,0.000000,0.602,1.312
search,upper,5,forward,95.7573,1612.688,1301,startup,1415.725,1142,1415.445,-3.939,0,0,1783746317.104089260,-0.275948,-1.126135,1.194340,-0.001244,,,0.001960,0.000000,0.000000,0.602,1.312
search,upper,5,forward,95.7789,1612.688,1301,startup,1415.725,1142,1415.445,-3.939,0,0,1783746317.104089260,-0.275948,-1.126135,1.194340,-0.001244,,,0.001960,0.000000,0.000000,0.603,1.314
search,upper,5,forward,95.7818,1612.688,1301,startup,1414.485,1141,1415.445,-3.939,1,4,1783746317.202372313,-0.275615,-1.126555,1.194241,-0.001615,-0.0002680,-0.0000990,0.002228,0.000000,0.000000,0.603,1.314
search,upper,5,forward,95.7929,1612.688,1301,startup,1414.485,1141,1415.445,-3.939,0,0,1783746317.202372313,-0.275615,-1.126555,1.194241,-0.001615,,,0.002228,0.000000,0.000000,0.603,1.314
search,upper,5,forward,95.8145,1612.688,1301,startup,1414.485,1141,1415.445,-3.939,0,0,1783746317.202372313,-0.275615,-1.126555,1.194241,-0.001615,,,0.002228,0.000000,0.000000,0.603,1.314
search,upper,5,forward,95.8360,1612.688,1301,startup,1414.485,1141,1415.445,-3.939,0,0,1783746317.202372313,-0.275615,-1.126555,1.194241,-0.001615,,,0.002228,0.000000,0.000000,0.603,1.314
search,upper,5,forward,95.8576,1612.688,1301,startup,1414.485,1141,1415.445,-3.939,0,0,1783746317.202372313,-0.275615,-1.126555,1.194241,-0.001615,,,0.002228,0.000000,0.000000,0.603,1.314
search,upper,5,forward,95.8791,1612.688,1301,startup,1414.485,1141,1415.445,-3.939,0,0,1783746317.202372313,-0.275615,-1.126555,1.194241,-0.001615,,,0.002228,0.000000,0.000000,0.601,1.308
search,upper,5,forward,95.8822,1612.688,1301,startup,1411.385,1138,1415.445,-3.939,1,5,1783746317.302666664,-0.275628,-1.125666,1.193716,0.000836,0.0008213,-0.0005248,0.003049,0.000000,0.000000,0.601,1.308
search,upper,5,forward,95.8957,1612.688,1301,startup,1411.385,1138,1415.445,-3.939,0,0,1783746317.302666664,-0.275628,-1.125666,1.193716,0.000836,,,0.003049,0.000000,0.000000,0.601,1.308
search,upper,5,forward,95.9173,1612.688,1301,startup,1411.385,1138,1415.445,-3.939,0,0,1783746317.302666664,-0.275628,-1.125666,1.193716,0.000836,,,0.003049,0.000000,0.000000,0.601,1.308
search,upper,5,forward,95.9388,1612.688,1301,startup,1411.385,1138,1415.445,-3.939,0,0,1783746317.302666664,-0.275628,-1.125666,1.193716,0.000836,,,0.003049,0.000000,0.000000,0.601,1.308
search,upper,5,forward,95.9603,1612.688,1301,startup,1411.385,1138,1415.445,-3.939,0,0,1783746317.302666664,-0.275628,-1.125666,1.193716,0.000836,,,0.003049,0.000000,0.000000,0.602,1.311
search,upper,5,forward,95.9826,1612.688,1301,startup,1408.285,1136,1415.445,-3.939,1,6,1783746317.403039932,-0.274822,-1.125451,1.193203,0.001866,0.0004975,-0.0005126,0.003546,0.000000,0.000000,0.602,1.311
search,upper,5,forward,95.9899,1612.688,1301,startup,1408.285,1136,1415.445,-3.939,0,0,1783746317.403039932,-0.274822,-1.125451,1.193203,0.001866,,,0.003546,0.000000,0.000000,0.602,1.311
search,upper,5,forward,96.0116,1612.688,1301,startup,1408.285,1136,1415.445,-3.939,0,0,1783746317.403039932,-0.274822,-1.125451,1.193203,0.001866,,,0.003546,0.000000,0.000000,0.602,1.311
search,upper,5,forward,96.0331,1612.688,1301,startup,1408.285,1136,1415.445,-3.939,0,0,1783746317.403039932,-0.274822,-1.125451,1.193203,0.001866,,,0.003546,0.000000,0.000000,0.602,1.311
search,upper,5,forward,96.0546,1612.688,1301,startup,1408.285,1136,1415.445,-3.939,0,0,1783746317.403039932,-0.274822,-1.125451,1.193203,0.001866,,,0.003546,0.000000,0.000000,0.602,1.311
search,upper,5,forward,96.0761,1612.688,1301,startup,1408.285,1136,1415.445,-3.939,0,0,1783746317.403039932,-0.274822,-1.125451,1.193203,0.001866,,,0.003546,0.000000,0.000000,0.604,1.303
search,upper,5,forward,96.0799,1612.688,1301,startup,1405.185,1133,1415.445,-3.939,1,7,1783746317.503426552,-0.275348,-1.125218,1.193049,0.001454,0.0000220,-0.0001545,0.003568,0.000000,0.000000,0.604,1.303
search,upper,5,forward,96.0914,1612.688,1301,startup,1405.185,1133,1415.445,-3.939,0,0,1783746317.503426552,-0.275348,-1.125218,1.193049,0.001454,,,0.003568,0.000000,0.000000,0.604,1.303
search,upper,5,forward,96.1130,1612.688,1301,startup,1405.185,1133,1415.445,-3.939,0,0,1783746317.503426552,-0.275348,-1.125218,1.193049,0.001454,,,0.003568,0.000000,0.000000,0.604,1.303
search,upper,5,forward,96.1347,1612.688,1301,startup,1405.185,1133,1415.445,-3.939,0,0,1783746317.503426552,-0.275348,-1.125218,1.193049,0.001454,,,0.003568,0.000000,0.000000,0.604,1.303
search,upper,5,forward,96.1564,1612.688,1301,startup,1405.185,1133,1415.445,-3.939,0,0,1783746317.503426552,-0.275348,-1.125218,1.193049,0.001454,,,0.003568,0.000000,0.000000,0.604,1.303
search,upper,5,forward,96.1780,1612.688,1301,startup,1405.185,1133,1415.445,-3.939,0,0,1783746317.503426552,-0.275348,-1.125218,1.193049,0.001454,,,0.003568,0.000000,0.000000,0.612,1.291
search,upper,5,forward,96.1805,1612.688,1301,startup,1402.085,1131,1415.445,-3.939,1,8,1783746317.600855589,-0.269743,-1.113393,1.199253,0.034594,0.0130567,0.0062045,0.016625,0.000000,0.000000,0.612,1.291
search,upper,5,forward,96.2013,1612.688,1301,startup,1402.085,1131,1415.445,-3.939,0,0,1783746317.600855589,-0.269743,-1.113393,1.199253,0.034594,,,0.016625,0.000000,0.000000,0.612,1.291
search,upper,5,forward,96.2229,1612.688,1301,startup,1402.085,1131,1415.445,-3.939,0,0,1783746317.600855589,-0.269743,-1.113393,1.199253,0.034594,,,0.016625,0.000000,0.000000,0.612,1.291
search,upper,5,forward,96.2445,1612.688,1301,startup,1402.085,1131,1415.445,-3.939,0,0,1783746317.600855589,-0.269743,-1.113393,1.199253,0.034594,,,0.016625,0.000000,0.000000,0.612,1.291
search,upper,5,forward,96.2661,1612.688,1301,startup,1402.085,1131,1415.445,-3.939,0,0,1783746317.600855589,-0.269743,-1.113393,1.199253,0.034594,,,0.016625,0.000000,0.000000,0.632,1.270
search,upper,5,forward,96.2807,1612.688,1301,rolling,1415.445,1141,1415.445,-3.939,1,9,1783746317.701216459,-0.268796,-1.101877,1.207846,0.053564,0.0110873,0.0085923,0.027712,0.000000,0.000000,0.632,1.270
search,upper,5,forward,96.2948,1612.688,1301,rolling,1415.445,1141,1415.445,-3.939,0,0,1783746317.701216459,-0.268796,-1.101877,1.207846,0.053564,,,0.027712,0.000000,0.000000,0.632,1.270
search,upper,5,forward,96.3165,1612.688,1301,rolling,1415.445,1141,1415.445,-3.939,0,0,1783746317.701216459,-0.268796,-1.101877,1.207846,0.053564,,,0.027712,0.000000,0.000000,0.632,1.270
search,upper,5,forward,96.3383,1612.688,1301,rolling,1415.445,1141,1415.445,-3.939,0,0,1783746317.701216459,-0.268796,-1.101877,1.207846,0.053564,,,0.027712,0.000000,0.000000,0.632,1.270
search,upper,5,forward,96.3599,1612.688,1301,rolling,1415.445,1141,1415.445,-3.939,0,0,1783746317.701216459,-0.268796,-1.101877,1.207846,0.053564,,,0.027712,0.000000,0.000000,0.656,1.247
search,upper,5,forward,96.3788,1612.688,1301,rolling,1415.445,1141,1415.445,-3.939,0,0,1783746317.701216459,-0.268796,-1.101877,1.207846,0.053564,,,0.027712,0.000000,0.000000,0.656,1.247
search,upper,5,forward,96.4007,1612.688,1301,rolling,1413.331,1140,1415.169,-4.215,1,10,1783746317.801589966,-0.258323,-1.076658,1.225191,0.108136,0.0272865,0.0173454,0.054999,0.027287,0.017345,0.656,1.247
search,upper,5,forward,96.4045,1612.688,1301,rolling,1413.331,1140,1415.169,-4.215,0,0,1783746317.801589966,-0.258323,-1.076658,1.225191,0.108136,,,0.054999,0.027287,0.017345,0.656,1.247
search,upper,5,forward,96.4261,1612.688,1301,rolling,1413.331,1140,1415.169,-4.215,0,0,1783746317.801589966,-0.258323,-1.076658,1.225191,0.108136,,,0.054999,0.027287,0.017345,0.656,1.247
search,upper,5,forward,96.4477,1612.688,1301,rolling,1413.331,1140,1415.169,-4.215,0,0,1783746317.801589966,-0.258323,-1.076658,1.225191,0.108136,,,0.054999,0.027287,0.017345,0.656,1.247
search,upper,5,forward,96.4692,1612.688,1301,rolling,1413.331,1140,1415.169,-4.215,0,0,1783746317.801589966,-0.258323,-1.076658,1.225191,0.108136,,,0.054999,0.027287,0.017345,0.684,1.219
search,upper,5,forward,96.4795,1612.688,1301,rolling,1414.137,1140,1415.036,-4.347,1,11,1783746317.899681807,-0.249281,-1.049087,1.241329,0.155036,0.0290094,0.0161380,0.084008,0.056296,0.033483,0.684,1.219
search,upper,5,forward,96.4882,1612.688,1301,rolling,1414.137,1140,1415.036,-4.347,0,0,1783746317.899681807,-0.249281,-1.049087,1.241329,0.155036,,,0.084008,0.056296,0.033483,0.684,1.219
search,upper,5,forward,96.5099,1612.688,1301,rolling,1414.137,1140,1415.036,-4.347,0,0,1783746317.899681807,-0.249281,-1.049087,1.241329,0.155036,,,0.084008,0.056296,0.033483,0.684,1.219
search,upper,5,forward,96.5314,1612.688,1301,rolling,1414.137,1140,1415.036,-4.347,0,0,1783746317.899681807,-0.249281,-1.049087,1.241329,0.155036,,,0.084008,0.056296,0.033483,0.684,1.219
search,upper,5,forward,96.5529,1612.688,1301,rolling,1414.137,1140,1415.036,-4.347,0,0,1783746317.899681807,-0.249281,-1.049087,1.241329,0.155036,,,0.084008,0.056296,0.033483,0.684,1.219
search,upper,5,forward,96.5744,1612.688,1301,rolling,1414.137,1140,1415.036,-4.347,0,0,1783746317.899681807,-0.249281,-1.049087,1.241329,0.155036,,,0.084008,0.056296,0.033483,0.710,1.191
search,upper,5,forward,96.5792,1612.688,1301,rolling,1415.153,1141,1415.052,-4.332,1,12,1783746318.000148535,-0.233046,-1.016882,1.258226,0.205070,0.0356828,0.0168971,0.119691,0.091979,0.050380,0.710,1.191
search,upper,5,forward,96.5970,1612.688,1301,rolling,1415.153,1141,1415.052,-4.332,0,0,1783746318.000148535,-0.233046,-1.016882,1.258226,0.205070,,,0.119691,0.091979,0.050380,0.710,1.191
search,upper,5,forward,96.6187,1612.688,1301,rolling,1415.153,1141,1415.052,-4.332,0,0,1783746318.000148535,-0.233046,-1.016882,1.258226,0.205070,,,0.119691,0.091979,0.050380,0.710,1.191
search,upper,5,forward,96.6403,1612.688,1301,rolling,1415.153,1141,1415.052,-4.332,0,0,1783746318.000148535,-0.233046,-1.016882,1.258226,0.205070,,,0.119691,0.091979,0.050380,0.710,1.191
search,upper,5,forward,96.6618,1612.688,1301,rolling,1415.153,1141,1415.052,-4.332,0,0,1783746318.000148535,-0.233046,-1.016882,1.258226,0.205070,,,0.119691,0.091979,0.050380,0.735,1.164
search,upper,5,forward,96.6800,1612.688,1301,rolling,1415.507,1142,1415.111,-4.273,1,13,1783746318.100206852,-0.226674,-0.991193,1.273483,0.219806,0.0264168,0.0152568,0.146108,0.118395,0.065637,0.735,1.164
search,upper,5,forward,96.6985,1612.688,1301,rolling,1415.507,1142,1415.111,-4.273,0,0,1783746318.100206852,-0.226674,-0.991193,1.273483,0.219806,,,0.146108,0.118395,0.065637,0.735,1.164
search,upper,5,forward,96.7201,1612.688,1301,rolling,1415.507,1142,1415.111,-4.273,0,0,1783746318.100206852,-0.226674,-0.991193,1.273483,0.219806,,,0.146108,0.118395,0.065637,0.735,1.164
search,upper,5,forward,96.7416,1612.688,1301,rolling,1415.507,1142,1415.111,-4.273,0,0,1783746318.100206852,-0.226674,-0.991193,1.273483,0.219806,,,0.146108,0.118395,0.065637,0.735,1.164
search,upper,5,forward,96.7631,1612.688,1301,rolling,1415.507,1142,1415.111,-4.273,0,0,1783746318.100206852,-0.226674,-0.991193,1.273483,0.219806,,,0.146108,0.118395,0.065637,0.763,1.138
search,upper,5,forward,96.7778,1612.688,1301,rolling,1415.507,1142,1415.111,-4.273,0,0,1783746318.100206852,-0.226674,-0.991193,1.273483,0.219806,,,0.146108,0.118395,0.065637,0.763,1.138
search,upper,5,forward,96.7997,1612.688,1301,rolling,1415.488,1142,1415.161,-4.223,1,14,1783746318.200874805,-0.223483,-0.970500,1.295401,0.216390,0.0207521,0.0219187,0.166860,0.139148,0.087556,0.763,1.138
search,upper,5,forward,96.8015,1612.688,1301,rolling,1415.488,1142,1415.161,-4.223,0,0,1783746318.200874805,-0.223483,-0.970500,1.295401,0.216390,,,0.166860,0.139148,0.087556,0.763,1.138
search,upper,5,forward,96.8233,1612.688,1301,rolling,1415.488,1142,1415.161,-4.223,0,0,1783746318.200874805,-0.223483,-0.970500,1.295401,0.216390,,,0.166860,0.139148,0.087556,0.763,1.138
search,upper,5,forward,96.8449,1612.688,1301,rolling,1415.488,1142,1415.161,-4.223,0,0,1783746318.200874805,-0.223483,-0.970500,1.295401,0.216390,,,0.166860,0.139148,0.087556,0.763,1.138
search,upper,5,forward,96.8665,1612.688,1301,rolling,1415.488,1142,1415.161,-4.223,0,0,1783746318.200874805,-0.223483,-0.970500,1.295401,0.216390,,,0.166860,0.139148,0.087556,0.791,1.113
search,upper,5,forward,96.8782,1612.688,1301,rolling,1415.488,1142,1415.161,-4.223,0,0,1783746318.200874805,-0.223483,-0.970500,1.295401,0.216390,,,0.166860,0.139148,0.087556,0.791,1.113
search,upper,5,forward,96.9001,1612.688,1301,rolling,1415.701,1142,1415.230,-4.154,1,15,1783746318.298764706,-0.217598,-0.947232,1.309410,0.223574,0.0239955,0.0140090,0.190855,0.163143,0.101565,0.791,1.113
search,upper,5,forward,96.9020,1612.688,1301,rolling,1415.701,1142,1415.230,-4.154,0,0,1783746318.298764706,-0.217598,-0.947232,1.309410,0.223574,,,0.190855,0.163143,0.101565,0.791,1.113
search,upper,5,forward,96.9235,1612.688,1301,rolling,1415.701,1142,1415.230,-4.154,0,0,1783746318.298764706,-0.217598,-0.947232,1.309410,0.223574,,,0.190855,0.163143,0.101565,0.791,1.113
search,upper,5,forward,96.9451,1612.688,1301,rolling,1415.701,1142,1415.230,-4.154,0,0,1783746318.298764706,-0.217598,-0.947232,1.309410,0.223574,,,0.190855,0.163143,0.101565,0.791,1.113
search,upper,5,forward,96.9666,1612.688,1301,rolling,1415.701,1142,1415.230,-4.154,0,0,1783746318.298764706,-0.217598,-0.947232,1.309410,0.223574,,,0.190855,0.163143,0.101565,0.815,1.093
search,upper,5,forward,96.9786,1612.688,1301,rolling,1415.866,1142,1415.313,-4.071,1,16,1783746318.399208307,-0.211652,-0.923888,1.323029,0.227637,0.0240887,0.0136186,0.214944,0.187232,0.115184,0.815,1.093
search,upper,5,forward,96.9963,1612.688,1301,rolling,1415.866,1142,1415.313,-4.071,0,0,1783746318.399208307,-0.211652,-0.923888,1.323029,0.227637,,,0.214944,0.187232,0.115184,0.815,1.093
search,upper,5,forward,97.0181,1612.688,1301,rolling,1415.866,1142,1415.313,-4.071,0,0,1783746318.399208307,-0.211652,-0.923888,1.323029,0.227637,,,0.214944,0.187232,0.115184,0.815,1.093
search,upper,5,forward,97.0396,1612.688,1301,rolling,1415.866,1142,1415.313,-4.071,0,0,1783746318.399208307,-0.211652,-0.923888,1.323029,0.227637,,,0.214944,0.187232,0.115184,0.815,1.093
search,upper,5,forward,97.0612,1612.688,1301,rolling,1415.866,1142,1415.313,-4.071,0,0,1783746318.399208307,-0.211652,-0.923888,1.323029,0.227637,,,0.214944,0.187232,0.115184,0.838,1.069
search,upper,5,forward,97.0790,1612.688,1301,rolling,1415.853,1142,1415.384,-4.000,1,17,1783746318.499505758,-0.206947,-0.903251,1.336328,0.223480,0.0211639,0.0132986,0.236108,0.208396,0.128482,0.838,1.069
search,upper,5,forward,97.0899,1612.688,1301,rolling,1415.853,1142,1415.384,-4.000,0,0,1783746318.499505758,-0.206947,-0.903251,1.336328,0.223480,,,0.236108,0.208396,0.128482,0.838,1.069
search,upper,5,forward,97.1117,1612.688,1301,rolling,1415.853,1142,1415.384,-4.000,0,0,1783746318.499505758,-0.206947,-0.903251,1.336328,0.223480,,,0.236108,0.208396,0.128482,0.838,1.069
search,upper,5,forward,97.1333,1612.688,1301,rolling,1415.853,1142,1415.384,-4.000,0,0,1783746318.499505758,-0.206947,-0.903251,1.336328,0.223480,,,0.236108,0.208396,0.128482,0.838,1.069
search,upper,5,forward,97.1548,1612.688,1301,rolling,1415.853,1142,1415.384,-4.000,0,0,1783746318.499505758,-0.206947,-0.903251,1.336328,0.223480,,,0.236108,0.208396,0.128482,0.838,1.069
search,upper,5,forward,97.1763,1612.688,1301,rolling,1415.853,1142,1415.384,-4.000,0,0,1783746318.499505758,-0.206947,-0.903251,1.336328,0.223480,,,0.236108,0.208396,0.128482,0.861,1.046
search,upper,5,forward,97.1793,1612.688,1301,rolling,1415.853,1142,1415.384,-4.000,0,0,1783746318.499505758,-0.206947,-0.903251,1.336328,0.223480,,,0.236108,0.208396,0.128482,0.861,1.046
search,upper,5,forward,97.2012,1612.688,1301,rolling,1416.400,1142,1415.517,-3.867,1,18,1783746318.599947929,-0.196671,-0.874072,1.346666,0.244149,0.0307508,0.0103385,0.266859,0.239147,0.138821,0.861,1.046
search,upper,5,forward,97.2031,1612.688,1301,rolling,1416.400,1142,1415.517,-3.867,0,0,1783746318.599947929,-0.196671,-0.874072,1.346666,0.244149,,,0.266859,0.239147,0.138821,0.861,1.046
search,upper,5,forward,97.2247,1612.688,1301,rolling,1416.400,1142,1415.517,-3.867,0,0,1783746318.599947929,-0.196671,-0.874072,1.346666,0.244149,,,0.266859,0.239147,0.138821,0.861,1.046
search,upper,5,forward,97.2462,1612.688,1301,rolling,1416.400,1142,1415.517,-3.867,0,0,1783746318.599947929,-0.196671,-0.874072,1.346666,0.244149,,,0.266859,0.239147,0.138821,0.861,1.046
search,upper,5,forward,97.2677,1612.688,1301,rolling,1416.400,1142,1415.517,-3.867,0,0,1783746318.599947929,-0.196671,-0.874072,1.346666,0.244149,,,0.266859,0.239147,0.138821,0.881,1.026
search,upper,5,forward,97.2772,1612.688,1301,rolling,1416.174,1142,1415.603,-3.781,1,19,1783746318.700243473,-0.191164,-0.856608,1.359665,0.228580,0.0182410,0.0129986,0.285100,0.257388,0.151819,0.881,1.026
search,upper,5,forward,97.2992,1612.688,1301,rolling,1416.174,1142,1415.603,-3.781,0,0,1783746318.700243473,-0.191164,-0.856608,1.359665,0.228580,,,0.285100,0.257388,0.151819,0.881,1.026
search,upper,5,forward,97.3005,1612.688,1301,rolling,1416.174,1142,1415.603,-3.781,0,0,1783746318.700243473,-0.191164,-0.856608,1.359665,0.228580,,,0.285100,0.257388,0.151819,0.881,1.026
search,upper,5,forward,97.3220,1612.688,1301,rolling,1416.174,1142,1415.603,-3.781,0,0,1783746318.700243473,-0.191164,-0.856608,1.359665,0.228580,,,0.285100,0.257388,0.151819,0.881,1.026
search,upper,5,forward,97.3436,1612.688,1301,rolling,1416.174,1142,1415.603,-3.781,0,0,1783746318.700243473,-0.191164,-0.856608,1.359665,0.228580,,,0.285100,0.257388,0.151819,0.881,1.026
search,upper,5,forward,97.3651,1612.688,1301,rolling,1416.174,1142,1415.603,-3.781,0,0,1783746318.700243473,-0.191164,-0.856608,1.359665,0.228580,,,0.285100,0.257388,0.151819,0.904,1.006
search,upper,5,forward,97.3777,1612.688,1301,rolling,1415.858,1142,1415.635,-3.748,1,20,1783746318.798111200,-0.190498,-0.840867,1.370081,0.211143,0.0155446,0.0104157,0.300645,0.272932,0.162235,0.904,1.006
search,upper,5,forward,97.3922,1612.688,1301,rolling,1415.858,1142,1415.635,-3.748,0,0,1783746318.798111200,-0.190498,-0.840867,1.370081,0.211143,,,0.300645,0.272932,0.162235,0.904,1.006
search,upper,5,forward,97.4140,1612.688,1301,rolling,1415.858,1142,1415.635,-3.748,0,0,1783746318.798111200,-0.190498,-0.840867,1.370081,0.211143,,,0.300645,0.272932,0.162235,0.904,1.006
search,upper,5,forward,97.4356,1612.688,1301,rolling,1415.858,1142,1415.635,-3.748,0,0,1783746318.798111200,-0.190498,-0.840867,1.370081,0.211143,,,0.300645,0.272932,0.162235,0.904,1.006
search,upper,5,forward,97.4572,1612.688,1301,rolling,1415.858,1142,1415.635,-3.748,0,0,1783746318.798111200,-0.190498,-0.840867,1.370081,0.211143,,,0.300645,0.272932,0.162235,0.922,0.986
search,upper,5,forward,97.4782,1612.688,1301,rolling,1415.858,1142,1415.635,-3.748,0,0,1783746318.798111200,-0.190498,-0.840867,1.370081,0.211143,,,0.300645,0.272932,0.162235,0.922,0.986
search,upper,5,forward,97.5001,1612.688,1301,rolling,1416.156,1142,1415.704,-3.680,1,21,1783746318.898694038,-0.182759,-0.816050,1.379040,0.222607,0.0258499,0.0089592,0.326494,0.298782,0.171194,0.922,0.986
search,upper,5,forward,97.5037,1612.688,1301,rolling,1416.156,1142,1415.704,-3.680,0,0,1783746318.898694038,-0.182759,-0.816050,1.379040,0.222607,,,0.326494,0.298782,0.171194,0.922,0.986
search,upper,5,forward,97.5253,1612.688,1301,rolling,1416.156,1142,1415.704,-3.680,0,0,1783746318.898694038,-0.182759,-0.816050,1.379040,0.222607,,,0.326494,0.298782,0.171194,0.922,0.986
search,upper,5,forward,97.5469,1612.688,1301,rolling,1416.156,1142,1415.704,-3.680,0,0,1783746318.898694038,-0.182759,-0.816050,1.379040,0.222607,,,0.326494,0.298782,0.171194,0.922,0.986
search,upper,5,forward,97.5684,1612.688,1301,rolling,1416.156,1142,1415.704,-3.680,0,0,1783746318.898694038,-0.182759,-0.816050,1.379040,0.222607,,,0.326494,0.298782,0.171194,0.941,0.975
search,upper,5,forward,97.5789,1612.688,1301,rolling,1415.779,1142,1415.713,-3.670,1,22,1783746318.999004126,-0.181502,-0.801463,1.389600,0.203261,0.0145672,0.0105603,0.341062,0.313349,0.181754,0.941,0.975
search,upper,5,forward,97.6000,1612.688,1301,rolling,1415.779,1142,1415.713,-3.670,0,0,1783746318.999004126,-0.181502,-0.801463,1.389600,0.203261,,,0.341062,0.313349,0.181754,0.941,0.975
search,upper,5,forward,97.6217,1612.688,1301,rolling,1415.779,1142,1415.713,-3.670,0,0,1783746318.999004126,-0.181502,-0.801463,1.389600,0.203261,,,0.341062,0.313349,0.181754,0.941,0.975
search,upper,5,forward,97.6432,1612.688,1301,rolling,1415.779,1142,1415.713,-3.670,0,0,1783746318.999004126,-0.181502,-0.801463,1.389600,0.203261,,,0.341062,0.313349,0.181754,0.941,0.975
search,upper,5,forward,97.6647,1612.688,1301,rolling,1415.779,1142,1415.713,-3.670,0,0,1783746318.999004126,-0.181502,-0.801463,1.389600,0.203261,,,0.341062,0.313349,0.181754,0.959,0.957
search,upper,5,forward,97.6789,1612.688,1301,rolling,1415.497,1142,1415.685,-3.699,1,23,1783746319.099352121,-0.180124,-0.786151,1.401734,0.190607,0.0153177,0.0121341,0.356379,0.328667,0.193889,0.959,0.957
search,upper,5,forward,97.6912,1612.688,1301,rolling,1415.497,1142,1415.685,-3.699,0,0,1783746319.099352121,-0.180124,-0.786151,1.401734,0.190607,,,0.356379,0.328667,0.193889,0.959,0.957
search,upper,5,forward,97.7129,1612.688,1301,rolling,1415.497,1142,1415.685,-3.699,0,0,1783746319.099352121,-0.180124,-0.786151,1.401734,0.190607,,,0.356379,0.328667,0.193889,0.959,0.957
search,upper,5,forward,97.7344,1612.688,1301,rolling,1415.497,1142,1415.685,-3.699,0,0,1783746319.099352121,-0.180124,-0.786151,1.401734,0.190607,,,0.356379,0.328667,0.193889,0.959,0.957
search,upper,5,forward,97.7563,1612.688,1301,rolling,1415.497,1142,1415.685,-3.699,0,0,1783746319.099352121,-0.180124,-0.786151,1.401734,0.190607,,,0.356379,0.328667,0.193889,0.959,0.957
search,upper,5,forward,97.7784,1612.688,1301,rolling,1415.497,1142,1415.685,-3.699,0,0,1783746319.099352121,-0.180124,-0.786151,1.401734,0.190607,,,0.356379,0.328667,0.193889,0.977,0.940
search,upper,5,forward,97.7808,1612.688,1301,rolling,1415.352,1141,1415.642,-3.742,1,24,1783746319.199838877,-0.179838,-0.768862,1.413648,0.185512,0.0171055,0.0119138,0.373485,0.345772,0.205802,0.977,0.940
search,upper,5,forward,97.7979,1612.688,1301,rolling,1415.352,1141,1415.642,-3.742,0,0,1783746319.199838877,-0.179838,-0.768862,1.413648,0.185512,,,0.373485,0.345772,0.205802,0.977,0.940
search,upper,5,forward,97.8198,1612.688,1301,rolling,1415.352,1141,1415.642,-3.742,0,0,1783746319.199838877,-0.179838,-0.768862,1.413648,0.185512,,,0.373485,0.345772,0.205802,0.977,0.940
search,upper,5,forward,97.8414,1612.688,1301,rolling,1415.352,1141,1415.642,-3.742,0,0,1783746319.199838877,-0.179838,-0.768862,1.413648,0.185512,,,0.373485,0.345772,0.205802,0.977,0.940
search,upper,5,forward,97.8630,1612.688,1301,rolling,1415.352,1141,1415.642,-3.742,0,0,1783746319.199838877,-0.179838,-0.768862,1.413648,0.185512,,,0.373485,0.345772,0.205802,0.989,0.927
search,upper,5,forward,97.8774,1612.688,1301,rolling,1415.141,1141,1415.576,-3.808,1,25,1783746319.300308943,-0.172915,-0.754026,1.421884,0.178246,0.0157183,0.0082361,0.389203,0.361491,0.214038,0.989,0.927
search,upper,5,reverse,99.1518,1612.688,1301,startup,1590.863,1283,1594.863,2.355,0,0,1783746320.497259617,-0.171538,-0.735032,1.432418,0.006407,,,0.000000,0.000000,0.000000,1.006,0.916
search,upper,5,reverse,99.1733,1612.688,1301,startup,1590.863,1283,1594.863,2.355,0,0,1783746320.497259617,-0.171538,-0.735032,1.432418,0.006407,,,0.000000,0.000000,0.000000,1.006,0.915
search,upper,5,reverse,99.1771,1612.688,1301,startup,1592.103,1284,1594.863,2.355,1,1,1783746320.597818136,-0.171497,-0.734991,1.432282,0.004921,0.0000467,-0.0001356,0.000047,0.000000,0.000000,1.006,0.915
search,upper,5,reverse,99.1931,1612.688,1301,startup,1592.103,1284,1594.863,2.355,0,0,1783746320.597818136,-0.171497,-0.734991,1.432282,0.004921,,,0.000047,0.000000,0.000000,1.006,0.915
search,upper,5,reverse,99.2147,1612.688,1301,startup,1592.103,1284,1594.863,2.355,0,0,1783746320.597818136,-0.171497,-0.734991,1.432282,0.004921,,,0.000047,0.000000,0.000000,1.006,0.915
search,upper,5,reverse,99.2362,1612.688,1301,startup,1592.103,1284,1594.863,2.355,0,0,1783746320.597818136,-0.171497,-0.734991,1.432282,0.004921,,,0.000047,0.000000,0.000000,1.006,0.915
search,upper,5,reverse,99.2577,1612.688,1301,startup,1592.103,1284,1594.863,2.355,0,0,1783746320.597818136,-0.171497,-0.734991,1.432282,0.004921,,,0.000047,0.000000,0.000000,1.006,0.920
search,upper,5,reverse,99.2750,1612.688,1301,startup,1593.343,1285,1594.863,2.355,1,2,1783746320.698001385,-0.171191,-0.735577,1.431927,0.002349,-0.0005378,-0.0003548,0.000584,0.000000,0.000000,1.006,0.920
search,upper,5,reverse,99.2830,1612.688,1301,startup,1593.343,1285,1594.863,2.355,0,0,1783746320.698001385,-0.171191,-0.735577,1.431927,0.002349,,,0.000584,0.000000,0.000000,1.006,0.920
search,upper,5,reverse,99.3047,1612.688,1301,startup,1593.343,1285,1594.863,2.355,0,0,1783746320.698001385,-0.171191,-0.735577,1.431927,0.002349,,,0.000584,0.000000,0.000000,1.006,0.920
search,upper,5,reverse,99.3263,1612.688,1301,startup,1593.343,1285,1594.863,2.355,0,0,1783746320.698001385,-0.171191,-0.735577,1.431927,0.002349,,,0.000584,0.000000,0.000000,1.006,0.920
search,upper,5,reverse,99.3478,1612.688,1301,startup,1593.343,1285,1594.863,2.355,0,0,1783746320.698001385,-0.171191,-0.735577,1.431927,0.002349,,,0.000584,0.000000,0.000000,1.006,0.920
search,upper,5,reverse,99.3693,1612.688,1301,startup,1593.343,1285,1594.863,2.355,0,0,1783746320.698001385,-0.171191,-0.735577,1.431927,0.002349,,,0.000584,0.000000,0.000000,1.003,0.919
search,upper,5,reverse,99.3756,1612.688,1301,startup,1594.583,1286,1594.863,2.355,1,3,1783746320.795869350,-0.173131,-0.737450,1.431798,-0.003665,-0.0021242,-0.0001298,0.002709,0.000000,0.000000,1.003,0.919
search,upper,5,reverse,99.3913,1612.688,1301,startup,1594.583,1286,1594.863,2.355,0,0,1783746320.795869350,-0.173131,-0.737450,1.431798,-0.003665,,,0.002709,0.000000,0.000000,1.003,0.919
search,upper,5,reverse,99.4129,1612.688,1301,startup,1594.583,1286,1594.863,2.355,0,0,1783746320.795869350,-0.173131,-0.737450,1.431798,-0.003665,,,0.002709,0.000000,0.000000,1.003,0.919
search,upper,5,reverse,99.4345,1612.688,1301,startup,1594.583,1286,1594.863,2.355,0,0,1783746320.795869350,-0.173131,-0.737450,1.431798,-0.003665,,,0.002709,0.000000,0.000000,1.003,0.919
search,upper,5,reverse,99.4561,1612.688,1301,startup,1594.583,1286,1594.863,2.355,0,0,1783746320.795869350,-0.173131,-0.737450,1.431798,-0.003665,,,0.002709,0.000000,0.000000,1.000,0.922
search,upper,5,reverse,99.4758,1612.688,1301,startup,1595.823,1287,1594.863,2.355,1,4,1783746320.896465778,-0.173580,-0.741008,1.432025,-0.011660,-0.0035858,0.0002271,0.006295,0.000000,0.000000,1.000,0.922
search,upper,5,reverse,99.4933,1612.688,1301,startup,1595.823,1287,1594.863,2.355,0,0,1783746320.896465778,-0.173580,-0.741008,1.432025,-0.011660,,,0.006295,0.000000,0.000000,1.000,0.922
search,upper,5,reverse,99.5150,1612.688,1301,startup,1595.823,1287,1594.863,2.355,0,0,1783746320.896465778,-0.173580,-0.741008,1.432025,-0.011660,,,0.006295,0.000000,0.000000,1.000,0.922
search,upper,5,reverse,99.5365,1612.688,1301,startup,1595.823,1287,1594.863,2.355,0,0,1783746320.896465778,-0.173580,-0.741008,1.432025,-0.011660,,,0.006295,0.000000,0.000000,1.000,0.922
search,upper,5,reverse,99.5581,1612.688,1301,startup,1595.823,1287,1594.863,2.355,0,0,1783746320.896465778,-0.173580,-0.741008,1.432025,-0.011660,,,0.006295,0.000000,0.000000,0.998,0.927
search,upper,5,reverse,99.5765,1612.688,1301,startup,1595.823,1287,1594.863,2.355,0,0,1783746320.896465778,-0.173580,-0.741008,1.432025,-0.011660,,,0.006295,0.000000,0.000000,0.998,0.927
search,upper,5,reverse,99.5988,1612.688,1301,startup,1598.923,1289,1594.863,2.355,1,5,1783746320.996606350,-0.173898,-0.744037,1.429708,-0.016343,-0.0030434,-0.0023162,0.009338,0.000000,0.000000,0.998,0.927
search,upper,5,reverse,99.6009,1612.688,1301,startup,1598.923,1289,1594.863,2.355,0,0,1783746320.996606350,-0.173898,-0.744037,1.429708,-0.016343,,,0.009338,0.000000,0.000000,0.998,0.927
search,upper,5,reverse,99.6228,1612.688,1301,startup,1598.923,1289,1594.863,2.355,0,0,1783746320.996606350,-0.173898,-0.744037,1.429708,-0.016343,,,0.009338,0.000000,0.000000,0.998,0.927
search,upper,5,reverse,99.6444,1612.688,1301,startup,1598.923,1289,1594.863,2.355,0,0,1783746320.996606350,-0.173898,-0.744037,1.429708,-0.016343,,,0.009338,0.000000,0.000000,0.998,0.927
search,upper,5,reverse,99.6660,1612.688,1301,startup,1598.923,1289,1594.863,2.355,0,0,1783746320.996606350,-0.173898,-0.744037,1.429708,-0.016343,,,0.009338,0.000000,0.000000,0.999,0.923
search,upper,5,reverse,99.6743,1612.688,1301,startup,1602.023,1292,1594.863,2.355,1,6,1783746321.097176075,-0.174821,-0.745860,1.427659,-0.017068,-0.0019355,-0.0020494,0.011273,0.000000,0.000000,0.999,0.923
search,upper,5,reverse,99.6906,1612.688,1301,startup,1602.023,1292,1594.863,2.355,0,0,1783746321.097176075,-0.174821,-0.745860,1.427659,-0.017068,,,0.011273,0.000000,0.000000,0.999,0.923
search,upper,5,reverse,99.7122,1612.688,1301,startup,1602.023,1292,1594.863,2.355,0,0,1783746321.097176075,-0.174821,-0.745860,1.427659,-0.017068,,,0.011273,0.000000,0.000000,0.999,0.923
search,upper,5,reverse,99.7338,1612.688,1301,startup,1602.023,1292,1594.863,2.355,0,0,1783746321.097176075,-0.174821,-0.745860,1.427659,-0.017068,,,0.011273,0.000000,0.000000,0.999,0.923
search,upper,5,reverse,99.7553,1612.688,1301,startup,1602.023,1292,1594.863,2.355,0,0,1783746321.097176075,-0.174821,-0.745860,1.427659,-0.017068,,,0.011273,0.000000,0.000000,0.999,0.924
search,upper,5,reverse,99.7745,1612.688,1301,startup,1605.123,1294,1594.863,2.355,1,7,1783746321.195147753,-0.172985,-0.742756,1.426282,-0.004291,0.0033351,-0.0013767,0.014609,0.000000,0.000000,0.999,0.924
search,upper,5,reverse,99.7864,1612.688,1301,startup,1605.123,1294,1594.863,2.355,0,0,1783746321.195147753,-0.172985,-0.742756,1.426282,-0.004291,,,0.014609,0.000000,0.000000,0.999,0.924
search,upper,5,reverse,99.8081,1612.688,1301,startup,1605.123,1294,1594.863,2.355,0,0,1783746321.195147753,-0.172985,-0.742756,1.426282,-0.004291,,,0.014609,0.000000,0.000000,0.999,0.924
search,upper,5,reverse,99.8298,1612.688,1301,startup,1605.123,1294,1594.863,2.355,0,0,1783746321.195147753,-0.172985,-0.742756,1.426282,-0.004291,,,0.014609,0.000000,0.000000,0.999,0.924
search,upper,5,reverse,99.8516,1612.688,1301,startup,1605.123,1294,1594.863,2.355,0,0,1783746321.195147753,-0.172985,-0.742756,1.426282,-0.004291,,,0.014609,0.000000,0.000000,0.999,0.924
search,upper,5,reverse,99.8735,1612.688,1301,startup,1605.123,1294,1594.863,2.355,0,0,1783746321.195147753,-0.172985,-0.742756,1.426282,-0.004291,,,0.014609,0.000000,0.000000,0.998,0.926
search,upper,5,reverse,99.8758,1612.688,1301,startup,1608.223,1297,1594.863,2.355,1,8,1783746321.295420170,-0.170995,-0.743809,1.425359,-0.005099,-0.0007545,-0.0009238,0.015363,0.000000,0.000000,0.998,0.926
search,upper,5,reverse,99.8915,1612.688,1301,startup,1608.223,1297,1594.863,2.355,0,0,1783746321.295420170,-0.170995,-0.743809,1.425359,-0.005099,,,0.015363,0.000000,0.000000,0.998,0.926
search,upper,5,reverse,99.9132,1612.688,1301,startup,1608.223,1297,1594.863,2.355,0,0,1783746321.295420170,-0.170995,-0.743809,1.425359,-0.005099,,,0.015363,0.000000,0.000000,0.998,0.926
search,upper,5,reverse,99.9348,1612.688,1301,startup,1608.223,1297,1594.863,2.355,0,0,1783746321.295420170,-0.170995,-0.743809,1.425359,-0.005099,,,0.015363,0.000000,0.000000,0.998,0.926
search,upper,5,reverse,99.9564,1612.688,1301,startup,1608.223,1297,1594.863,2.355,0,0,1783746321.295420170,-0.170995,-0.743809,1.425359,-0.005099,,,0.015363,0.000000,0.000000,0.993,0.934
search,upper,5,reverse,99.9752,1612.688,1301,startup,1611.323,1299,1594.863,2.355,1,9,1783746321.396118879,-0.169032,-0.744701,1.424461,-0.005307,-0.0005971,-0.0008980,0.015960,0.000000,0.000000,0.993,0.934
search,upper,5,reverse,99.9893,1612.688,1301,startup,1611.323,1299,1594.863,2.355,0,0,1783746321.396118879,-0.169032,-0.744701,1.424461,-0.005307,,,0.015960,0.000000,0.000000,0.993,0.934
search,upper,5,reverse,100.0109,1612.688,1301,startup,1611.323,1299,1594.863,2.355,0,0,1783746321.396118879,-0.169032,-0.744701,1.424461,-0.005307,,,0.015960,0.000000,0.000000,0.993,0.934
search,upper,5,reverse,100.0324,1612.688,1301,startup,1611.323,1299,1594.863,2.355,0,0,1783746321.396118879,-0.169032,-0.744701,1.424461,-0.005307,,,0.015960,0.000000,0.000000,0.993,0.934
search,upper,5,reverse,100.0540,1612.688,1301,startup,1611.323,1299,1594.863,2.355,0,0,1783746321.396118879,-0.169032,-0.744701,1.424461,-0.005307,,,0.015960,0.000000,0.000000,0.985,0.944
search,upper,5,reverse,100.0759,1612.688,1301,startup,1614.423,1302,1594.863,2.355,1,10,1783746321.496140718,-0.171209,-0.752748,1.421628,-0.024674,-0.0082794,-0.0028326,0.024239,0.000000,0.000000,0.985,0.944
search,upper,5,reverse,100.0919,1612.688,1301,startup,1614.423,1302,1594.863,2.355,0,0,1783746321.496140718,-0.171209,-0.752748,1.421628,-0.024674,,,0.024239,0.000000,0.000000,0.985,0.944
search,upper,5,reverse,100.1135,1612.688,1301,startup,1614.423,1302,1594.863,2.355,0,0,1783746321.496140718,-0.171209,-0.752748,1.421628,-0.024674,,,0.024239,0.000000,0.000000,0.985,0.944
search,upper,5,reverse,100.1351,1612.688,1301,startup,1614.423,1302,1594.863,2.355,0,0,1783746321.496140718,-0.171209,-0.752748,1.421628,-0.024674,,,0.024239,0.000000,0.000000,0.985,0.944
search,upper,5,reverse,100.1566,1612.688,1301,startup,1614.423,1302,1594.863,2.355,0,0,1783746321.496140718,-0.171209,-0.752748,1.421628,-0.024674,,,0.024239,0.000000,0.000000,0.966,0.970
search,upper,5,reverse,100.1760,1612.688,1301,startup,1614.423,1302,1594.863,2.355,0,0,1783746321.496140718,-0.171209,-0.752748,1.421628,-0.024674,,,0.024239,0.000000,0.000000,0.966,0.970
search,upper,5,reverse,100.1980,1612.688,1301,rolling,1594.863,1286,1594.863,2.355,1,11,1783746321.596746922,-0.175644,-0.771603,1.416645,-0.066487,-0.0193090,-0.0049831,0.043548,0.000000,0.000000,0.966,0.970
search,upper,5,reverse,100.1999,1612.688,1301,rolling,1594.863,1286,1594.863,2.355,0,0,1783746321.596746922,-0.175644,-0.771603,1.416645,-0.066487,,,0.043548,0.000000,0.000000,0.966,0.970
search,upper,5,reverse,100.2216,1612.688,1301,rolling,1594.863,1286,1594.863,2.355,0,0,1783746321.596746922,-0.175644,-0.771603,1.416645,-0.066487,,,0.043548,0.000000,0.000000,0.966,0.970
search,upper,5,reverse,100.2432,1612.688,1301,rolling,1594.863,1286,1594.863,2.355,0,0,1783746321.596746922,-0.175644,-0.771603,1.416645,-0.066487,,,0.043548,0.000000,0.000000,0.966,0.970
search,upper,5,reverse,100.2647,1612.688,1301,rolling,1594.863,1286,1594.863,2.355,0,0,1783746321.596746922,-0.175644,-0.771603,1.416645,-0.066487,,,0.043548,0.000000,0.000000,0.934,1.001
search,upper,5,reverse,100.2768,1612.688,1301,rolling,1594.863,1286,1594.863,2.355,0,0,1783746321.596746922,-0.175644,-0.771603,1.416645,-0.066487,,,0.043548,0.000000,0.000000,0.934,1.001
search,upper,5,reverse,100.2990,1612.688,1301,rolling,1596.092,1287,1595.069,2.560,1,12,1783746321.697014809,-0.177604,-0.804568,1.400380,-0.131768,-0.0328487,-0.0162650,0.076397,-0.032849,-0.016265,0.934,1.001
search,upper,5,reverse,100.3114,1612.688,1301,rolling,1596.092,1287,1595.069,2.560,0,0,1783746321.697014809,-0.177604,-0.804568,1.400380,-0.131768,,,0.076397,-0.032849,-0.016265,0.934,1.001
search,upper,5,reverse,100.3331,1612.688,1301,rolling,1596.092,1287,1595.069,2.560,0,0,1783746321.697014809,-0.177604,-0.804568,1.400380,-0.131768,,,0.076397,-0.032849,-0.016265,0.934,1.001
search,upper,5,reverse,100.3548,1612.688,1301,rolling,1596.092,1287,1595.069,2.560,0,0,1783746321.697014809,-0.177604,-0.804568,1.400380,-0.131768,,,0.076397,-0.032849,-0.016265,0.899,1.035
search,upper,5,reverse,100.3771,1612.688,1301,rolling,1595.460,1287,1595.134,2.625,1,13,1783746321.797465324,-0.179950,-0.836591,1.383582,-0.178292,-0.0319297,-0.0167977,0.108327,-0.064778,-0.033063,0.899,1.035
search,upper,5,reverse,100.3873,1612.688,1301,rolling,1595.460,1287,1595.134,2.625,0,0,1783746321.797465324,-0.179950,-0.836591,1.383582,-0.178292,,,0.108327,-0.064778,-0.033063,0.899,1.035
search,upper,5,reverse,100.4090,1612.688,1301,rolling,1595.460,1287,1595.134,2.625,0,0,1783746321.797465324,-0.179950,-0.836591,1.383582,-0.178292,,,0.108327,-0.064778,-0.033063,0.899,1.035
search,upper,5,reverse,100.4306,1612.688,1301,rolling,1595.460,1287,1595.134,2.625,0,0,1783746321.797465324,-0.179950,-0.836591,1.383582,-0.178292,,,0.108327,-0.064778,-0.033063,0.899,1.035
search,upper,5,reverse,100.4522,1612.688,1301,rolling,1595.460,1287,1595.134,2.625,0,0,1783746321.797465324,-0.179950,-0.836591,1.383582,-0.178292,,,0.108327,-0.064778,-0.033063,0.899,1.035
search,upper,5,reverse,100.4739,1612.688,1301,rolling,1595.460,1287,1595.134,2.625,0,0,1783746321.797465324,-0.179950,-0.836591,1.383582,-0.178292,,,0.108327,-0.064778,-0.033063,0.864,1.069
search,upper,5,reverse,100.4764,1612.688,1301,rolling,1594.781,1286,1595.075,2.566,1,14,1783746321.897915125,-0.190130,-0.869761,1.365637,-0.219628,-0.0345180,-0.0179455,0.142845,-0.099296,-0.051008,0.864,1.069
search,upper,5,reverse,100.4943,1612.688,1301,rolling,1594.781,1286,1595.075,2.566,0,0,1783746321.897915125,-0.190130,-0.869761,1.365637,-0.219628,,,0.142845,-0.099296,-0.051008,0.864,1.069
search,upper,5,reverse,100.5158,1612.688,1301,rolling,1594.781,1286,1595.075,2.566,0,0,1783746321.897915125,-0.190130,-0.869761,1.365637,-0.219628,,,0.142845,-0.099296,-0.051008,0.864,1.069
search,upper,5,reverse,100.5374,1612.688,1301,rolling,1594.781,1286,1595.075,2.566,0,0,1783746321.897915125,-0.190130,-0.869761,1.365637,-0.219628,,,0.142845,-0.099296,-0.051008,0.864,1.069
search,upper,5,reverse,100.5589,1612.688,1301,rolling,1594.781,1286,1595.075,2.566,0,0,1783746321.897915125,-0.190130,-0.869761,1.365637,-0.219628,,,0.142845,-0.099296,-0.051008,0.831,1.104
search,upper,5,reverse,100.5757,1612.688,1301,rolling,1594.229,1286,1594.936,2.428,1,15,1783746321.995795488,-0.193783,-0.901992,1.350080,-0.247157,-0.0322754,-0.0155563,0.175120,-0.131572,-0.066564,0.831,1.104
search,upper,5,reverse,100.5902,1612.688,1301,rolling,1594.229,1286,1594.936,2.428,0,0,1783746321.995795488,-0.193783,-0.901992,1.350080,-0.247157,,,0.175120,-0.131572,-0.066564,0.831,1.104
search,upper,5,reverse,100.6118,1612.688,1301,rolling,1594.229,1286,1594.936,2.428,0,0,1783746321.995795488,-0.193783,-0.901992,1.350080,-0.247157,,,0.175120,-0.131572,-0.066564,0.831,1.104
search,upper,5,reverse,100.6338,1612.688,1301,rolling,1594.229,1286,1594.936,2.428,0,0,1783746321.995795488,-0.193783,-0.901992,1.350080,-0.247157,,,0.175120,-0.131572,-0.066564,0.831,1.104
search,upper,5,reverse,100.6556,1612.688,1301,rolling,1594.229,1286,1594.936,2.428,0,0,1783746321.995795488,-0.193783,-0.901992,1.350080,-0.247157,,,0.175120,-0.131572,-0.066564,0.800,1.130
search,upper,5,reverse,100.6755,1612.688,1301,rolling,1593.840,1285,1594.753,2.244,1,16,1783746322.096270800,-0.199611,-0.931795,1.333916,-0.260878,-0.0303476,-0.0161641,0.205468,-0.161919,-0.082729,0.800,1.130
search,upper,5,reverse,100.6878,1612.688,1301,rolling,1593.840,1285,1594.753,2.244,0,0,1783746322.096270800,-0.199611,-0.931795,1.333916,-0.260878,,,0.205468,-0.161919,-0.082729,0.800,1.130
search,upper,5,reverse,100.7095,1612.688,1301,rolling,1593.840,1285,1594.753,2.244,0,0,1783746322.096270800,-0.199611,-0.931795,1.333916,-0.260878,,,0.205468,-0.161919,-0.082729,0.800,1.130
search,upper,5,reverse,100.7312,1612.688,1301,rolling,1593.840,1285,1594.753,2.244,0,0,1783746322.096270800,-0.199611,-0.931795,1.333916,-0.260878,,,0.205468,-0.161919,-0.082729,0.800,1.130
search,upper,5,reverse,100.7528,1612.688,1301,rolling,1593.840,1285,1594.753,2.244,0,0,1783746322.096270800,-0.199611,-0.931795,1.333916,-0.260878,,,0.205468,-0.161919,-0.082729,0.800,1.130
search,upper,5,reverse,100.7745,1612.688,1301,rolling,1593.840,1285,1594.753,2.244,0,0,1783746322.096270800,-0.199611,-0.931795,1.333916,-0.260878,,,0.205468,-0.161919,-0.082729,0.770,1.162
search,upper,5,reverse,100.7771,1612.688,1301,rolling,1593.438,1285,1594.534,2.025,1,17,1783746322.196344852,-0.207404,-0.961783,1.318150,-0.273058,-0.0309829,-0.0157664,0.236451,-0.192902,-0.098495,0.770,1.162
search,upper,5,reverse,100.7905,1612.688,1301,rolling,1593.438,1285,1594.534,2.025,0,0,1783746322.196344852,-0.207404,-0.961783,1.318150,-0.273058,,,0.236451,-0.192902,-0.098495,0.770,1.162
search,upper,5,reverse,100.8121,1612.688,1301,rolling,1593.438,1285,1594.534,2.025,0,0,1783746322.196344852,-0.207404,-0.961783,1.318150,-0.273058,,,0.236451,-0.192902,-0.098495,0.770,1.162
search,upper,5,reverse,100.8339,1612.688,1301,rolling,1593.438,1285,1594.534,2.025,0,0,1783746322.196344852,-0.207404,-0.961783,1.318150,-0.273058,,,0.236451,-0.192902,-0.098495,0.770,1.162
search,upper,5,reverse,100.8554,1612.688,1301,rolling,1593.438,1285,1594.534,2.025,0,0,1783746322.196344852,-0.207404,-0.961783,1.318150,-0.273058,,,0.236451,-0.192902,-0.098495,0.740,1.189
search,upper,5,reverse,100.8767,1612.688,1301,rolling,1593.094,1285,1594.292,1.784,1,18,1783746322.296978235,-0.212060,-0.991828,1.304732,-0.279903,-0.0302342,-0.0134176,0.266685,-0.223137,-0.111913,0.740,1.189
search,upper,5,reverse,100.8889,1612.688,1301,rolling,1593.094,1285,1594.292,1.784,0,0,1783746322.296978235,-0.212060,-0.991828,1.304732,-0.279903,,,0.266685,-0.223137,-0.111913,0.740,1.189
search,upper,5,reverse,100.9105,1612.688,1301,rolling,1593.094,1285,1594.292,1.784,0,0,1783746322.296978235,-0.212060,-0.991828,1.304732,-0.279903,,,0.266685,-0.223137,-0.111913,0.740,1.189
search,upper,5,reverse,100.9320,1612.688,1301,rolling,1593.094,1285,1594.292,1.784,0,0,1783746322.296978235,-0.212060,-0.991828,1.304732,-0.279903,,,0.266685,-0.223137,-0.111913,0.740,1.189
search,upper,5,reverse,100.9535,1612.688,1301,rolling,1593.094,1285,1594.292,1.784,0,0,1783746322.296978235,-0.212060,-0.991828,1.304732,-0.279903,,,0.266685,-0.223137,-0.111913,0.715,1.213
search,upper,5,reverse,100.9741,1612.688,1301,rolling,1592.718,1284,1594.029,1.520,1,19,1783746322.397469759,-0.223071,-1.021076,1.292243,-0.287376,-0.0311318,-0.0124890,0.297817,-0.254268,-0.124402,0.715,1.213
search,upper,5,reverse,100.9919,1612.688,1301,rolling,1592.718,1284,1594.029,1.520,0,0,1783746322.397469759,-0.223071,-1.021076,1.292243,-0.287376,,,0.297817,-0.254268,-0.124402,0.715,1.213
search,upper,5,reverse,101.0136,1612.688,1301,rolling,1592.718,1284,1594.029,1.520,0,0,1783746322.397469759,-0.223071,-1.021076,1.292243,-0.287376,,,0.297817,-0.254268,-0.124402,0.715,1.213
search,upper,5,reverse,101.0352,1612.688,1301,rolling,1592.718,1284,1594.029,1.520,0,0,1783746322.397469759,-0.223071,-1.021076,1.292243,-0.287376,,,0.297817,-0.254268,-0.124402,0.715,1.213
search,upper,5,reverse,101.0567,1612.688,1301,rolling,1592.718,1284,1594.029,1.520,0,0,1783746322.397469759,-0.223071,-1.021076,1.292243,-0.287376,,,0.297817,-0.254268,-0.124402,0.687,1.243
search,upper,5,reverse,101.0746,1612.688,1301,rolling,1592.815,1285,1593.831,1.322,1,20,1783746322.494973183,-0.227837,-1.040879,1.280451,-0.267697,-0.0203448,-0.0117925,0.318162,-0.274613,-0.136194,0.687,1.243
search,upper,5,reverse,101.0937,1612.688,1301,rolling,1592.815,1285,1593.831,1.322,0,0,1783746322.494973183,-0.227837,-1.040879,1.280451,-0.267697,,,0.318162,-0.274613,-0.136194,0.687,1.243
search,upper,5,reverse,101.1154,1612.688,1301,rolling,1592.815,1285,1593.831,1.322,0,0,1783746322.494973183,-0.227837,-1.040879,1.280451,-0.267697,,,0.318162,-0.274613,-0.136194,0.687,1.243
search,upper,5,reverse,101.1370,1612.688,1301,rolling,1592.815,1285,1593.831,1.322,0,0,1783746322.494973183,-0.227837,-1.040879,1.280451,-0.267697,,,0.318162,-0.274613,-0.136194,0.687,1.243
search,upper,5,reverse,101.1585,1612.688,1301,rolling,1592.815,1285,1593.831,1.322,0,0,1783746322.494973183,-0.227837,-1.040879,1.280451,-0.267697,,,0.318162,-0.274613,-0.136194,0.661,1.267
search,upper,5,reverse,101.1749,1612.688,1301,rolling,1592.396,1284,1593.591,1.082,1,21,1783746322.595463276,-0.238774,-1.070688,1.270059,-0.279642,-0.0317024,-0.0103914,0.349864,-0.306315,-0.146585,0.661,1.267
search,upper,5,reverse,101.1907,1612.688,1301,rolling,1592.396,1284,1593.591,1.082,0,0,1783746322.595463276,-0.238774,-1.070688,1.270059,-0.279642,,,0.349864,-0.306315,-0.146585,0.661,1.267
search,upper,5,reverse,101.2123,1612.688,1301,rolling,1592.396,1284,1593.591,1.082,0,0,1783746322.595463276,-0.238774,-1.070688,1.270059,-0.279642,,,0.349864,-0.306315,-0.146585,0.661,1.267
search,upper,5,reverse,101.2338,1612.688,1301,rolling,1592.396,1284,1593.591,1.082,0,0,1783746322.595463276,-0.238774,-1.070688,1.270059,-0.279642,,,0.349864,-0.306315,-0.146585,0.661,1.267
search,upper,5,reverse,101.2553,1612.688,1301,rolling,1592.396,1284,1593.591,1.082,0,0,1783746322.595463276,-0.238774,-1.070688,1.270059,-0.279642,,,0.349864,-0.306315,-0.146585,0.641,1.296
search,upper,5,reverse,101.2751,1612.688,1301,rolling,1592.414,1284,1593.394,0.885,1,22,1783746322.695856571,-0.247743,-1.091276,1.256938,-0.265352,-0.0223359,-0.0131216,0.372200,-0.328651,-0.159707,0.641,1.296
search,upper,5,reverse,101.2947,1612.688,1301,rolling,1592.414,1284,1593.394,0.885,0,0,1783746322.695856571,-0.247743,-1.091276,1.256938,-0.265352,,,0.372200,-0.328651,-0.159707,0.641,1.296
search,upper,5,reverse,101.3164,1612.688,1301,rolling,1592.414,1284,1593.394,0.885,0,0,1783746322.695856571,-0.247743,-1.091276,1.256938,-0.265352,,,0.372200,-0.328651,-0.159707,0.641,1.296
search,upper,5,reverse,101.3379,1612.688,1301,rolling,1592.414,1284,1593.394,0.885,0,0,1783746322.695856571,-0.247743,-1.091276,1.256938,-0.265352,,,0.372200,-0.328651,-0.159707,0.641,1.296
search,upper,5,reverse,101.3594,1612.688,1301,rolling,1592.414,1284,1593.394,0.885,0,0,1783746322.695856571,-0.247743,-1.091276,1.256938,-0.265352,,,0.372200,-0.328651,-0.159707,0.619,1.306
search,upper,5,reverse,101.3735,1612.688,1301,rolling,1592.720,1284,1593.282,0.773,1,23,1783746322.796070099,-0.248658,-1.107191,1.246222,-0.237428,-0.0153982,-0.0107153,0.387598,-0.344050,-0.170422,0.619,1.306
