stage,side,candidate,direction,elapsed_s,steering_pulse_us,steering_tick,controller_state,esc_pulse_us,esc_tick,adaptive_feedforward_us,integral_trim_us,fresh_odom,fresh_in_leg,tf_stamp,x_m,y_m,yaw_rad,measured_speed_mps,increment_ds_m,increment_dyaw_rad,leg_motion_m,settled_signed_distance_m,settled_heading_change_rad,front_clearance_m,rear_clearance_m
warmup,center,0,forward,3.3874,1450.000,1169,startup,1423.384,1148,1419.384,0.000,0,0,1783746694.152050257,0.242760,-0.444793,0.844142,-0.007774,,,0.000000,0.000000,0.000000,1.330,1.544
warmup,center,0,forward,3.4097,1450.000,1169,startup,1422.144,1147,1419.384,0.000,1,1,1783746694.249985695,0.241377,-0.444886,0.843815,-0.008354,-0.0009885,-0.0003271,0.000988,0.000000,0.000000,1.330,1.544
warmup,center,0,forward,3.4122,1450.000,1169,startup,1422.144,1147,1419.384,0.000,0,0,1783746694.249985695,0.241377,-0.444886,0.843815,-0.008354,,,0.000988,0.000000,0.000000,1.330,1.544
warmup,center,0,forward,3.4341,1450.000,1169,startup,1422.144,1147,1419.384,0.000,0,0,1783746694.249985695,0.241377,-0.444886,0.843815,-0.008354,,,0.000988,0.000000,0.000000,1.330,1.544
warmup,center,0,forward,3.4559,1450.000,1169,startup,1422.144,1147,1419.384,0.000,0,0,1783746694.249985695,0.241377,-0.444886,0.843815,-0.008354,,,0.000988,0.000000,0.000000,1.330,1.544
warmup,center,0,forward,3.4776,1450.000,1169,startup,1422.144,1147,1419.384,0.000,0,0,1783746694.249985695,0.241377,-0.444886,0.843815,-0.008354,,,0.000988,0.000000,0.000000,1.331,1.543
warmup,center,0,forward,3.4888,1450.000,1169,startup,1420.904,1146,1419.384,0.000,1,2,1783746694.350635290,0.240468,-0.443753,0.843268,-0.005664,0.0002422,-0.0005475,0.001231,0.000000,0.000000,1.331,1.543
warmup,center,0,forward,3.4967,1450.000,1169,startup,1420.904,1146,1419.384,0.000,0,0,1783746694.350635290,0.240468,-0.443753,0.843268,-0.005664,,,0.001231,0.000000,0.000000,1.331,1.543
warmup,center,0,forward,3.5184,1450.000,1169,startup,1420.904,1146,1419.384,0.000,0,0,1783746694.350635290,0.240468,-0.443753,0.843268,-0.005664,,,0.001231,0.000000,0.000000,1.331,1.543
warmup,center,0,forward,3.5399,1450.000,1169,startup,1420.904,1146,1419.384,0.000,0,0,1783746694.350635290,0.240468,-0.443753,0.843268,-0.005664,,,0.001231,0.000000,0.000000,1.331,1.543
warmup,center,0,forward,3.5614,1450.000,1169,startup,1420.904,1146,1419.384,0.000,0,0,1783746694.350635290,0.240468,-0.443753,0.843268,-0.005664,,,0.001231,0.000000,0.000000,1.331,1.543
warmup,center,0,forward,3.5829,1450.000,1169,startup,1420.904,1146,1419.384,0.000,0,0,1783746694.350635290,0.240468,-0.443753,0.843268,-0.005664,,,0.001231,0.000000,0.000000,1.333,1.541
warmup,center,0,forward,3.5867,1450.000,1169,startup,1419.664,1145,1419.384,0.000,1,3,1783746694.450941324,0.239451,-0.442032,0.842614,-0.002732,0.0006082,-0.0006534,0.001839,0.000000,0.000000,1.333,1.541
warmup,center,0,forward,3.5984,1450.000,1169,startup,1419.664,1145,1419.384,0.000,0,0,1783746694.450941324,0.239451,-0.442032,0.842614,-0.002732,,,0.001839,0.000000,0.000000,1.333,1.541
warmup,center,0,forward,3.6200,1450.000,1169,startup,1419.664,1145,1419.384,0.000,0,0,1783746694.450941324,0.239451,-0.442032,0.842614,-0.002732,,,0.001839,0.000000,0.000000,1.333,1.541
warmup,center,0,forward,3.6415,1450.000,1169,startup,1419.664,1145,1419.384,0.000,0,0,1783746694.450941324,0.239451,-0.442032,0.842614,-0.002732,,,0.001839,0.000000,0.000000,1.333,1.541
warmup,center,0,forward,3.6631,1450.000,1169,startup,1419.664,1145,1419.384,0.000,0,0,1783746694.450941324,0.239451,-0.442032,0.842614,-0.002732,,,0.001839,0.000000,0.000000,1.333,1.541
warmup,center,0,forward,3.6849,1450.000,1169,startup,1419.664,1145,1419.384,0.000,0,0,1783746694.450941324,0.239451,-0.442032,0.842614,-0.002732,,,0.001839,0.000000,0.000000,1.333,1.541
warmup,center,0,forward,3.6874,1450.000,1169,startup,1418.424,1144,1419.384,0.000,1,4,1783746694.548940182,0.244563,-0.442310,0.844726,0.006088,0.0031898,0.0021121,0.005029,0.000000,0.000000,1.333,1.541
warmup,center,0,forward,3.7078,1450.000,1169,startup,1418.424,1144,1419.384,0.000,0,0,1783746694.548940182,0.244563,-0.442310,0.844726,0.006088,,,0.005029,0.000000,0.000000,1.333,1.541
warmup,center,0,forward,3.7295,1450.000,1169,startup,1418.424,1144,1419.384,0.000,0,0,1783746694.548940182,0.244563,-0.442310,0.844726,0.006088,,,0.005029,0.000000,0.000000,1.333,1.541
warmup,center,0,forward,3.7513,1450.000,1169,startup,1418.424,1144,1419.384,0.000,0,0,1783746694.548940182,0.244563,-0.442310,0.844726,0.006088,,,0.005029,0.000000,0.000000,1.333,1.541
warmup,center,0,forward,3.7731,1450.000,1169,startup,1418.424,1144,1419.384,0.000,0,0,1783746694.548940182,0.244563,-0.442310,0.844726,0.006088,,,0.005029,0.000000,0.000000,1.335,1.540
warmup,center,0,forward,3.7876,1450.000,1169,startup,1415.324,1141,1419.384,0.000,1,5,1783746694.649262667,0.235876,-0.447422,0.843368,-0.019336,-0.0095916,-0.0013584,0.014620,0.000000,0.000000,1.335,1.540
warmup,center,0,forward,3.8093,1450.000,1169,startup,1415.324,1141,1419.384,0.000,0,0,1783746694.649262667,0.235876,-0.447422,0.843368,-0.019336,,,0.014620,0.000000,0.000000,1.335,1.540
warmup,center,0,forward,3.8310,1450.000,1169,startup,1415.324,1141,1419.384,0.000,0,0,1783746694.649262667,0.235876,-0.447422,0.843368,-0.019336,,,0.014620,0.000000,0.000000,1.335,1.540
warmup,center,0,forward,3.8525,1450.000,1169,startup,1415.324,1141,1419.384,0.000,0,0,1783746694.649262667,0.235876,-0.447422,0.843368,-0.019336,,,0.014620,0.000000,0.000000,1.335,1.540
warmup,center,0,forward,3.8739,1450.000,1169,startup,1415.324,1141,1419.384,0.000,0,0,1783746694.649262667,0.235876,-0.447422,0.843368,-0.019336,,,0.014620,0.000000,0.000000,1.334,1.540
warmup,center,0,forward,3.8878,1450.000,1169,startup,1415.324,1141,1419.384,0.000,0,0,1783746694.649262667,0.235876,-0.447422,0.843368,-0.019336,,,0.014620,0.000000,0.000000,1.334,1.540
warmup,center,0,forward,3.9096,1450.000,1169,startup,1412.224,1139,1419.384,0.000,1,6,1783746694.749845982,0.244132,-0.438875,0.842817,0.015008,0.0118729,-0.0005514,0.026493,0.000000,0.000000,1.334,1.540
warmup,center,0,forward,3.9174,1450.000,1169,startup,1412.224,1139,1419.384,0.000,0,0,1783746694.749845982,0.244132,-0.438875,0.842817,0.015008,,,0.026493,0.000000,0.000000,1.334,1.540
warmup,center,0,forward,3.9391,1450.000,1169,startup,1412.224,1139,1419.384,0.000,0,0,1783746694.749845982,0.244132,-0.438875,0.842817,0.015008,,,0.026493,0.000000,0.000000,1.334,1.540
warmup,center,0,forward,3.9609,1450.000,1169,startup,1412.224,1139,1419.384,0.000,0,0,1783746694.749845982,0.244132,-0.438875,0.842817,0.015008,,,0.026493,0.000000,0.000000,1.334,1.540
warmup,center,0,forward,3.9824,1450.000,1169,startup,1412.224,1139,1419.384,0.000,0,0,1783746694.749845982,0.244132,-0.438875,0.842817,0.015008,,,0.026493,0.000000,0.000000,1.334,1.539
warmup,center,0,forward,3.9884,1450.000,1169,startup,1409.124,1136,1419.384,0.000,1,7,1783746694.849995613,0.247019,-0.433557,0.842419,0.025962,0.0058912,-0.0003976,0.032384,0.000000,0.000000,1.334,1.539
warmup,center,0,forward,4.0075,1450.000,1169,startup,1409.124,1136,1419.384,0.000,0,0,1783746694.849995613,0.247019,-0.433557,0.842419,0.025962,,,0.032384,0.000000,0.000000,1.334,1.539
warmup,center,0,forward,4.0292,1450.000,1169,startup,1409.124,1136,1419.384,0.000,0,0,1783746694.849995613,0.247019,-0.433557,0.842419,0.025962,,,0.032384,0.000000,0.000000,1.334,1.539
warmup,center,0,forward,4.0507,1450.000,1169,startup,1409.124,1136,1419.384,0.000,0,0,1783746694.849995613,0.247019,-0.433557,0.842419,0.025962,,,0.032384,0.000000,0.000000,1.334,1.539
warmup,center,0,forward,4.0723,1450.000,1169,startup,1409.124,1136,1419.384,0.000,0,0,1783746694.849995613,0.247019,-0.433557,0.842419,0.025962,,,0.032384,0.000000,0.000000,1.338,1.538
warmup,center,0,forward,4.0887,1450.000,1169,startup,1406.024,1134,1419.384,0.000,1,8,1783746694.950572252,0.251815,-0.434028,0.842650,0.026532,0.0028403,0.0002309,0.035225,0.000000,0.000000,1.338,1.538
warmup,center,0,forward,4.1016,1450.000,1169,startup,1406.024,1134,1419.384,0.000,0,0,1783746694.950572252,0.251815,-0.434028,0.842650,0.026532,,,0.035225,0.000000,0.000000,1.338,1.538
warmup,center,0,forward,4.1232,1450.000,1169,startup,1406.024,1134,1419.384,0.000,0,0,1783746694.950572252,0.251815,-0.434028,0.842650,0.026532,,,0.035225,0.000000,0.000000,1.338,1.538
warmup,center,0,forward,4.1449,1450.000,1169,startup,1406.024,1134,1419.384,0.000,0,0,1783746694.950572252,0.251815,-0.434028,0.842650,0.026532,,,0.035225,0.000000,0.000000,1.338,1.538
warmup,center,0,forward,4.1665,1450.000,1169,startup,1406.024,1134,1419.384,0.000,0,0,1783746694.950572252,0.251815,-0.434028,0.842650,0.026532,,,0.035225,0.000000,0.000000,1.339,1.532
warmup,center,0,forward,4.1891,1450.000,1169,startup,1406.024,1134,1419.384,0.000,0,0,1783746694.950572252,0.251815,-0.434028,0.842650,0.026532,,,0.035225,0.000000,0.000000,1.339,1.532
warmup,center,0,forward,4.1904,1450.000,1169,startup,1402.924,1131,1419.384,0.000,1,9,1783746695.050836325,0.249493,-0.432206,0.842081,0.019436,-0.0001856,-0.0005691,0.035410,0.000000,0.000000,1.339,1.532
warmup,center,0,forward,4.2085,1450.000,1169,startup,1402.924,1131,1419.384,0.000,0,0,1783746695.050836325,0.249493,-0.432206,0.842081,0.019436,,,0.035410,0.000000,0.000000,1.339,1.532
warmup,center,0,forward,4.2303,1450.000,1169,startup,1402.924,1131,1419.384,0.000,0,0,1783746695.050836325,0.249493,-0.432206,0.842081,0.019436,,,0.035410,0.000000,0.000000,1.339,1.532
warmup,center,0,forward,4.2519,1450.000,1169,startup,1402.924,1131,1419.384,0.000,0,0,1783746695.050836325,0.249493,-0.432206,0.842081,0.019436,,,0.035410,0.000000,0.000000,1.339,1.532
warmup,center,0,forward,4.2734,1450.000,1169,startup,1402.924,1131,1419.384,0.000,0,0,1783746695.050836325,0.249493,-0.432206,0.842081,0.019436,,,0.035410,0.000000,0.000000,1.347,1.523
warmup,center,0,forward,4.2895,1450.000,1169,startup,1399.824,1129,1419.384,0.000,1,10,1783746695.151146173,0.248697,-0.428660,0.843663,0.019854,0.0021173,0.0015824,0.037528,0.000000,0.000000,1.347,1.523
warmup,center,0,forward,4.3080,1450.000,1169,startup,1399.824,1129,1419.384,0.000,0,0,1783746695.151146173,0.248697,-0.428660,0.843663,0.019854,,,0.037528,0.000000,0.000000,1.347,1.523
warmup,center,0,forward,4.3296,1450.000,1169,startup,1399.824,1129,1419.384,0.000,0,0,1783746695.151146173,0.248697,-0.428660,0.843663,0.019854,,,0.037528,0.000000,0.000000,1.347,1.523
warmup,center,0,forward,4.3512,1450.000,1169,startup,1399.824,1129,1419.384,0.000,0,0,1783746695.151146173,0.248697,-0.428660,0.843663,0.019854,,,0.037528,0.000000,0.000000,1.347,1.523
warmup,center,0,forward,4.3727,1450.000,1169,startup,1399.824,1129,1419.384,0.000,0,0,1783746695.151146173,0.248697,-0.428660,0.843663,0.019854,,,0.037528,0.000000,0.000000,1.362,1.508
warmup,center,0,forward,4.3898,1450.000,1169,startup,1396.724,1126,1419.384,0.000,1,11,1783746695.251662493,0.254588,-0.425384,0.848442,0.030703,0.0063578,0.0047785,0.043885,0.000000,0.000000,1.362,1.508
warmup,center,0,forward,4.4019,1450.000,1169,startup,1396.724,1126,1419.384,0.000,0,0,1783746695.251662493,0.254588,-0.425384,0.848442,0.030703,,,0.043885,0.000000,0.000000,1.362,1.508
warmup,center,0,forward,4.4235,1450.000,1169,startup,1396.724,1126,1419.384,0.000,0,0,1783746695.251662493,0.254588,-0.425384,0.848442,0.030703,,,0.043885,0.000000,0.000000,1.362,1.508
warmup,center,0,forward,4.4450,1450.000,1169,startup,1396.724,1126,1419.384,0.000,0,0,1783746695.251662493,0.254588,-0.425384,0.848442,0.030703,,,0.043885,0.000000,0.000000,1.362,1.508
warmup,center,0,forward,4.4665,1450.000,1169,startup,1396.724,1126,1419.384,0.000,0,0,1783746695.251662493,0.254588,-0.425384,0.848442,0.030703,,,0.043885,0.000000,0.000000,1.362,1.508
warmup,center,0,forward,4.4881,1450.000,1169,startup,1396.724,1126,1419.384,0.000,0,0,1783746695.251662493,0.254588,-0.425384,0.848442,0.030703,,,0.043885,0.000000,0.000000,1.376,1.488
warmup,center,0,forward,4.4906,1450.000,1169,startup,1396.724,1126,1419.384,0.000,0,0,1783746695.251662493,0.254588,-0.425384,0.848442,0.030703,,,0.043885,0.000000,0.000000,1.376,1.488
warmup,center,0,forward,4.5123,1450.000,1169,rolling,1419.384,1145,1419.384,0.000,1,12,1783746695.351929903,0.273421,-0.405703,0.844798,0.090894,0.0272191,-0.0036437,0.071104,0.000000,0.000000,1.376,1.488
warmup,center,0,forward,4.5168,1450.000,1169,rolling,1419.384,1145,1419.384,0.000,0,0,1783746695.351929903,0.273421,-0.405703,0.844798,0.090894,,,0.071104,0.000000,0.000000,1.376,1.488
warmup,center,0,forward,4.5385,1450.000,1169,rolling,1419.384,1145,1419.384,0.000,0,0,1783746695.351929903,0.273421,-0.405703,0.844798,0.090894,,,0.071104,0.000000,0.000000,1.376,1.488
warmup,center,0,forward,4.5600,1450.000,1169,rolling,1419.384,1145,1419.384,0.000,0,0,1783746695.351929903,0.273421,-0.405703,0.844798,0.090894,,,0.071104,0.000000,0.000000,1.376,1.488
warmup,center,0,forward,4.5815,1450.000,1169,rolling,1419.384,1145,1419.384,0.000,0,0,1783746695.351929903,0.273421,-0.405703,0.844798,0.090894,,,0.071104,0.000000,0.000000,1.400,1.461
warmup,center,0,forward,4.5907,1450.000,1169,rolling,1417.667,1143,1419.159,-0.225,1,13,1783746695.452587843,0.288441,-0.388214,0.842017,0.125418,0.0230498,-0.0027815,0.094154,0.023050,-0.002782,1.400,1.461
warmup,center,0,forward,4.6101,1450.000,1169,rolling,1417.667,1143,1419.159,-0.225,0,0,1783746695.452587843,0.288441,-0.388214,0.842017,0.125418,,,0.094154,0.023050,-0.002782,1.400,1.461
warmup,center,0,forward,4.6317,1450.000,1169,rolling,1417.667,1143,1419.159,-0.225,0,0,1783746695.452587843,0.288441,-0.388214,0.842017,0.125418,,,0.094154,0.023050,-0.002782,1.400,1.461
warmup,center,0,forward,4.6533,1450.000,1169,rolling,1417.667,1143,1419.159,-0.225,0,0,1783746695.452587843,0.288441,-0.388214,0.842017,0.125418,,,0.094154,0.023050,-0.002782,1.400,1.461
warmup,center,0,forward,4.6748,1450.000,1169,rolling,1417.667,1143,1419.159,-0.225,0,0,1783746695.452587843,0.288441,-0.388214,0.842017,0.125418,,,0.094154,0.023050,-0.002782,1.431,1.434
warmup,center,0,forward,4.6914,1450.000,1169,rolling,1418.687,1144,1419.097,-0.287,1,14,1783746695.552834749,0.311010,-0.362429,0.845529,0.179518,0.0342660,0.0035127,0.128420,0.057316,0.000731,1.431,1.434
warmup,center,0,forward,4.7043,1450.000,1169,rolling,1418.687,1144,1419.097,-0.287,0,0,1783746695.552834749,0.311010,-0.362429,0.845529,0.179518,,,0.128420,0.057316,0.000731,1.431,1.434
warmup,center,0,forward,4.7260,1450.000,1169,rolling,1418.687,1144,1419.097,-0.287,0,0,1783746695.552834749,0.311010,-0.362429,0.845529,0.179518,,,0.128420,0.057316,0.000731,1.431,1.434
warmup,center,0,forward,4.7475,1450.000,1169,rolling,1418.687,1144,1419.097,-0.287,0,0,1783746695.552834749,0.311010,-0.362429,0.845529,0.179518,,,0.128420,0.057316,0.000731,1.431,1.434
warmup,center,0,forward,4.7690,1450.000,1169,rolling,1418.687,1144,1419.097,-0.287,0,0,1783746695.552834749,0.311010,-0.362429,0.845529,0.179518,,,0.128420,0.057316,0.000731,1.455,1.411
warmup,center,0,forward,4.7894,1450.000,1169,rolling,1418.687,1144,1419.097,-0.287,0,0,1783746695.552834749,0.311010,-0.362429,0.845529,0.179518,,,0.128420,0.057316,0.000731,1.455,1.411
warmup,center,0,forward,4.8113,1450.000,1169,rolling,1419.377,1145,1419.134,-0.250,1,15,1783746695.653297901,0.326538,-0.334557,0.846434,0.212181,0.0311608,0.0009045,0.159581,0.088477,0.001636,1.455,1.411
warmup,center,0,forward,4.8138,1450.000,1169,rolling,1419.377,1145,1419.134,-0.250,0,0,1783746695.653297901,0.326538,-0.334557,0.846434,0.212181,,,0.159581,0.088477,0.001636,1.455,1.411
warmup,center,0,forward,4.8354,1450.000,1169,rolling,1419.377,1145,1419.134,-0.250,0,0,1783746695.653297901,0.326538,-0.334557,0.846434,0.212181,,,0.159581,0.088477,0.001636,1.455,1.411
warmup,center,0,forward,4.8570,1450.000,1169,rolling,1419.377,1145,1419.134,-0.250,0,0,1783746695.653297901,0.326538,-0.334557,0.846434,0.212181,,,0.159581,0.088477,0.001636,1.455,1.411
warmup,center,0,forward,4.8785,1450.000,1169,rolling,1419.377,1145,1419.134,-0.250,0,0,1783746695.653297901,0.326538,-0.334557,0.846434,0.212181,,,0.159581,0.088477,0.001636,1.479,1.394
warmup,center,0,forward,4.8902,1450.000,1169,rolling,1419.610,1145,1419.195,-0.189,1,16,1783746695.751329899,0.342322,-0.316263,0.845606,0.220749,0.0241602,-0.0008280,0.183741,0.112637,0.000808,1.479,1.394
warmup,center,0,forward,4.9000,1450.000,1169,rolling,1419.610,1145,1419.195,-0.189,0,0,1783746695.751329899,0.342322,-0.316263,0.845606,0.220749,,,0.183741,0.112637,0.000808,1.479,1.394
warmup,center,0,forward,4.9217,1450.000,1169,rolling,1419.610,1145,1419.195,-0.189,0,0,1783746695.751329899,0.342322,-0.316263,0.845606,0.220749,,,0.183741,0.112637,0.000808,1.479,1.394
warmup,center,0,forward,4.9433,1450.000,1169,rolling,1419.610,1145,1419.195,-0.189,0,0,1783746695.751329899,0.342322,-0.316263,0.845606,0.220749,,,0.183741,0.112637,0.000808,1.479,1.394
warmup,center,0,forward,4.9649,1450.000,1169,rolling,1419.610,1145,1419.195,-0.189,0,0,1783746695.751329899,0.342322,-0.316263,0.845606,0.220749,,,0.183741,0.112637,0.000808,1.479,1.394
warmup,center,0,forward,4.9864,1450.000,1169,rolling,1419.610,1145,1419.195,-0.189,0,0,1783746695.751329899,0.342322,-0.316263,0.845606,0.220749,,,0.183741,0.112637,0.000808,1.493,1.380
warmup,center,0,forward,4.9898,1450.000,1169,rolling,1419.344,1145,1419.214,-0.170,1,17,1783746695.851671457,0.353222,-0.303975,0.845013,0.206486,0.0164255,-0.0005924,0.200167,0.129062,0.000215,1.493,1.380
warmup,center,0,forward,5.0050,1450.000,1169,rolling,1419.344,1145,1419.214,-0.170,0,0,1783746695.851671457,0.353222,-0.303975,0.845013,0.206486,,,0.200167,0.129062,0.000215,1.493,1.380
warmup,center,0,forward,5.0268,1450.000,1169,rolling,1419.344,1145,1419.214,-0.170,0,0,1783746695.851671457,0.353222,-0.303975,0.845013,0.206486,,,0.200167,0.129062,0.000215,1.493,1.380
warmup,center,0,forward,5.0485,1450.000,1169,rolling,1419.344,1145,1419.214,-0.170,0,0,1783746695.851671457,0.353222,-0.303975,0.845013,0.206486,,,0.200167,0.129062,0.000215,1.493,1.380
warmup,center,0,forward,5.0702,1450.000,1169,rolling,1419.344,1145,1419.214,-0.170,0,0,1783746695.851671457,0.353222,-0.303975,0.845013,0.206486,,,0.200167,0.129062,0.000215,1.508,1.368
warmup,center,0,forward,5.0875,1450.000,1169,rolling,1419.135,1144,1419.204,-0.180,1,18,1783746695.951908112,0.365177,-0.292230,0.843905,0.196566,0.0167201,-0.0011079,0.216887,0.145782,-0.000893,1.508,1.368
warmup,center,0,forward,5.1028,1450.000,1169,rolling,1419.135,1144,1419.204,-0.180,0,0,1783746695.951908112,0.365177,-0.292230,0.843905,0.196566,,,0.216887,0.145782,-0.000893,1.508,1.368
warmup,center,0,forward,5.1244,1450.000,1169,rolling,1419.135,1144,1419.204,-0.180,0,0,1783746695.951908112,0.365177,-0.292230,0.843905,0.196566,,,0.216887,0.145782,-0.000893,1.508,1.368
warmup,center,0,forward,5.1460,1450.000,1169,rolling,1419.135,1144,1419.204,-0.180,0,0,1783746695.951908112,0.365177,-0.292230,0.843905,0.196566,,,0.216887,0.145782,-0.000893,1.508,1.368
warmup,center,0,forward,5.1675,1450.000,1169,rolling,1419.135,1144,1419.204,-0.180,0,0,1783746695.951908112,0.365177,-0.292230,0.843905,0.196566,,,0.216887,0.145782,-0.000893,1.523,1.359
warmup,center,0,forward,5.1880,1450.000,1169,rolling,1419.115,1144,1419.193,-0.191,1,19,1783746696.049456835,0.379866,-0.279867,0.842785,0.196123,0.0190019,-0.0011205,0.235889,0.164784,-0.002013,1.523,1.359
warmup,center,0,forward,5.2026,1450.000,1169,rolling,1419.115,1144,1419.193,-0.191,0,0,1783746696.049456835,0.379866,-0.279867,0.842785,0.196123,,,0.235889,0.164784,-0.002013,1.523,1.359
warmup,center,0,forward,5.2242,1450.000,1169,rolling,1419.115,1144,1419.193,-0.191,0,0,1783746696.049456835,0.379866,-0.279867,0.842785,0.196123,,,0.235889,0.164784,-0.002013,1.523,1.359
warmup,center,0,forward,5.2458,1450.000,1169,rolling,1419.115,1144,1419.193,-0.191,0,0,1783746696.049456835,0.379866,-0.279867,0.842785,0.196123,,,0.235889,0.164784,-0.002013,1.523,1.359
warmup,center,0,forward,5.2673,1450.000,1169,rolling,1419.115,1144,1419.193,-0.191,0,0,1783746696.049456835,0.379866,-0.279867,0.842785,0.196123,,,0.235889,0.164784,-0.002013,1.533,1.350
warmup,center,0,forward,5.2884,1450.000,1169,rolling,1418.920,1144,1419.157,-0.227,1,20,1783746696.150011301,0.392001,-0.268554,0.841231,0.188166,0.0165208,-0.0015539,0.252410,0.181305,-0.003567,1.533,1.350
warmup,center,0,forward,5.3008,1450.000,1169,rolling,1418.920,1144,1419.157,-0.227,0,0,1783746696.150011301,0.392001,-0.268554,0.841231,0.188166,,,0.252410,0.181305,-0.003567,1.533,1.350
warmup,center,0,forward,5.3224,1450.000,1169,rolling,1418.920,1144,1419.157,-0.227,0,0,1783746696.150011301,0.392001,-0.268554,0.841231,0.188166,,,0.252410,0.181305,-0.003567,1.533,1.350
warmup,center,0,forward,5.3439,1450.000,1169,rolling,1418.920,1144,1419.157,-0.227,0,0,1783746696.150011301,0.392001,-0.268554,0.841231,0.188166,,,0.252410,0.181305,-0.003567,1.533,1.350
warmup,center,0,forward,5.3655,1450.000,1169,rolling,1418.920,1144,1419.157,-0.227,0,0,1783746696.150011301,0.392001,-0.268554,0.841231,0.188166,,,0.252410,0.181305,-0.003567,1.539,1.342
warmup,center,0,forward,5.3864,1450.000,1169,rolling,1417.647,1143,1418.959,-0.425,1,21,1783746696.250452995,0.386298,-0.267085,0.841526,0.134389,-0.0027062,0.0002951,0.255116,0.178599,-0.003272,1.539,1.342
warmup,center,0,forward,5.4041,1450.000,1169,rolling,1417.647,1143,1418.959,-0.425,0,0,1783746696.250452995,0.386298,-0.267085,0.841526,0.134389,,,0.255116,0.178599,-0.003272,1.539,1.342
warmup,center,0,forward,5.4258,1450.000,1169,rolling,1417.647,1143,1418.959,-0.425,0,0,1783746696.250452995,0.386298,-0.267085,0.841526,0.134389,,,0.255116,0.178599,-0.003272,1.539,1.342
warmup,center,0,forward,5.4474,1450.000,1169,rolling,1417.647,1143,1418.959,-0.425,0,0,1783746696.250452995,0.386298,-0.267085,0.841526,0.134389,,,0.255116,0.178599,-0.003272,1.539,1.342
warmup,center,0,forward,5.4692,1450.000,1169,rolling,1417.647,1143,1418.959,-0.425,0,0,1783746696.250452995,0.386298,-0.267085,0.841526,0.134389,,,0.255116,0.178599,-0.003272,1.545,1.339
warmup,center,0,forward,5.4864,1450.000,1169,rolling,1417.647,1143,1418.959,-0.425,0,0,1783746696.250452995,0.386298,-0.267085,0.841526,0.134389,,,0.255116,0.178599,-0.003272,1.545,1.339
warmup,center,0,forward,5.5086,1450.000,1169,rolling,1416.905,1143,1418.696,-0.688,1,22,1783746696.348441362,0.388621,-0.264076,0.840845,0.110465,0.0037915,-0.0006810,0.258907,0.182391,-0.003953,1.545,1.339
warmup,center,0,forward,5.5106,1450.000,1169,rolling,1416.905,1143,1418.696,-0.688,0,0,1783746696.348441362,0.388621,-0.264076,0.840845,0.110465,,,0.258907,0.182391,-0.003953,1.545,1.339
warmup,center,0,forward,5.5325,1450.000,1169,rolling,1416.905,1143,1418.696,-0.688,0,0,1783746696.348441362,0.388621,-0.264076,0.840845,0.110465,,,0.258907,0.182391,-0.003953,1.545,1.339
warmup,center,0,forward,5.5542,1450.000,1169,rolling,1416.905,1143,1418.696,-0.688,0,0,1783746696.348441362,0.388621,-0.264076,0.840845,0.110465,,,0.258907,0.182391,-0.003953,1.545,1.339
warmup,center,0,forward,5.5758,1450.000,1169,rolling,1416.905,1143,1418.696,-0.688,0,0,1783746696.348441362,0.388621,-0.264076,0.840845,0.110465,,,0.258907,0.182391,-0.003953,0.795,1.333
warmup,center,0,forward,5.5868,1450.000,1169,rolling,1416.666,1142,1418.431,-0.953,1,23,1783746696.448575497,0.397690,-0.256650,0.842642,0.111762,0.0115807,0.0017973,0.270488,0.193971,-0.002156,0.795,1.333
warmup,center,0,forward,5.6060,1450.000,1169,rolling,1416.666,1142,1418.431,-0.953,0,0,1783746696.448575497,0.397690,-0.256650,0.842642,0.111762,,,0.270488,0.193971,-0.002156,0.795,1.333
warmup,center,0,forward,5.6277,1450.000,1169,rolling,1416.666,1142,1418.431,-0.953,0,0,1783746696.448575497,0.397690,-0.256650,0.842642,0.111762,,,0.270488,0.193971,-0.002156,0.795,1.333
warmup,center,0,forward,5.6493,1450.000,1169,rolling,1416.666,1142,1418.431,-0.953,0,0,1783746696.448575497,0.397690,-0.256650,0.842642,0.111762,,,0.270488,0.193971,-0.002156,0.795,1.333
warmup,center,0,forward,5.6708,1450.000,1169,rolling,1416.666,1142,1418.431,-0.953,0,0,1783746696.448575497,0.397690,-0.256650,0.842642,0.111762,,,0.270488,0.193971,-0.002156,0.794,1.327
warmup,center,0,forward,5.6850,1450.000,1169,rolling,1416.115,1142,1418.128,-1.256,1,24,1783746696.548912287,0.400585,-0.250891,0.845994,0.099338,0.0062277,0.0033513,0.276716,0.193971,-0.002156,0.794,1.327
warmup,center,0,forward,5.6994,1450.000,1169,rolling,1416.115,1142,1418.128,-1.256,0,0,1783746696.548912287,0.400585,-0.250891,0.845994,0.099338,,,0.276716,0.193971,-0.002156,0.794,1.327
warmup,center,0,forward,5.7211,1450.000,1169,rolling,1416.115,1142,1418.128,-1.256,0,0,1783746696.548912287,0.400585,-0.250891,0.845994,0.099338,,,0.276716,0.193971,-0.002156,0.794,1.327
warmup,center,0,forward,5.7426,1450.000,1169,rolling,1416.115,1142,1418.128,-1.256,0,0,1783746696.548912287,0.400585,-0.250891,0.845994,0.099338,,,0.276716,0.193971,-0.002156,0.794,1.327
warmup,center,0,forward,5.7642,1450.000,1169,rolling,1416.115,1142,1418.128,-1.256,0,0,1783746696.548912287,0.400585,-0.250891,0.845994,0.099338,,,0.276716,0.193971,-0.002156,0.808,1.319
warmup,center,0,forward,5.7855,1450.000,1169,rolling,1415.704,1142,1417.817,-1.567,1,25,1783746696.646987915,0.404999,-0.244405,0.846442,0.094340,0.0077819,0.0004483,0.284498,0.193971,-0.002156,0.808,1.319
warmup,center,0,forward,5.8002,1450.000,1169,rolling,1415.704,1142,1417.817,-1.567,0,0,1783746696.646987915,0.404999,-0.244405,0.846442,0.094340,,,0.284498,0.193971,-0.002156,0.808,1.319
warmup,center,0,forward,5.8219,1450.000,1169,rolling,1415.704,1142,1417.817,-1.567,0,0,1783746696.646987915,0.404999,-0.244405,0.846442,0.094340,,,0.284498,0.193971,-0.002156,0.808,1.319
warmup,center,0,forward,5.8435,1450.000,1169,rolling,1415.704,1142,1417.817,-1.567,0,0,1783746696.646987915,0.404999,-0.244405,0.846442,0.094340,,,0.284498,0.193971,-0.002156,0.808,1.319
warmup,center,0,forward,5.8652,1450.000,1169,rolling,1415.704,1142,1417.817,-1.567,0,0,1783746696.646987915,0.404999,-0.244405,0.846442,0.094340,,,0.284498,0.193971,-0.002156,0.800,1.311
warmup,center,0,forward,5.8834,1450.000,1169,rolling,1415.607,1142,1417.527,-1.857,1,26,1783746696.747550964,0.414507,-0.234980,0.846626,0.103967,0.0133594,0.0001835,0.297857,0.207331,-0.001972,0.800,1.311
warmup,center,0,forward,5.8957,1450.000,1169,rolling,1415.607,1142,1417.527,-1.857,0,0,1783746696.747550964,0.414507,-0.234980,0.846626,0.103967,,,0.297857,0.207331,-0.001972,0.800,1.311
warmup,center,0,forward,5.9173,1450.000,1169,rolling,1415.607,1142,1417.527,-1.857,0,0,1783746696.747550964,0.414507,-0.234980,0.846626,0.103967,,,0.297857,0.207331,-0.001972,0.800,1.311
warmup,center,0,forward,5.9388,1450.000,1169,rolling,1415.607,1142,1417.527,-1.857,0,0,1783746696.747550964,0.414507,-0.234980,0.846626,0.103967,,,0.297857,0.207331,-0.001972,0.800,1.311
warmup,center,0,forward,5.9603,1450.000,1169,rolling,1415.607,1142,1417.527,-1.857,0,0,1783746696.747550964,0.414507,-0.234980,0.846626,0.103967,,,0.297857,0.207331,-0.001972,0.800,1.311
warmup,center,0,forward,5.9819,1450.000,1169,rolling,1415.607,1142,1417.527,-1.857,0,0,1783746696.747550964,0.414507,-0.234980,0.846626,0.103967,,,0.297857,0.207331,-0.001972,0.803,1.304
warmup,center,0,forward,5.9844,1450.000,1169,rolling,1415.128,1141,1417.220,-2.164,1,27,1783746696.845496178,0.418555,-0.229447,0.846577,0.095398,0.0068258,-0.0000484,0.304683,0.207331,-0.001972,0.803,1.304
warmup,center,0,forward,5.9994,1450.000,1169,rolling,1415.128,1141,1417.220,-2.164,0,0,1783746696.845496178,0.418555,-0.229447,0.846577,0.095398,,,0.304683,0.207331,-0.001972,0.803,1.304
warmup,center,0,forward,6.0210,1450.000,1169,rolling,1415.128,1141,1417.220,-2.164,0,0,1783746696.845496178,0.418555,-0.229447,0.846577,0.095398,,,0.304683,0.207331,-0.001972,0.803,1.304
warmup,center,0,forward,6.0425,1450.000,1169,rolling,1415.128,1141,1417.220,-2.164,0,0,1783746696.845496178,0.418555,-0.229447,0.846577,0.095398,,,0.304683,0.207331,-0.001972,0.803,1.304
warmup,center,0,forward,6.0641,1450.000,1169,rolling,1415.128,1141,1417.220,-2.164,0,0,1783746696.845496178,0.418555,-0.229447,0.846577,0.095398,,,0.304683,0.207331,-0.001972,0.797,1.297
warmup,center,0,forward,6.0840,1450.000,1169,rolling,1414.366,1141,1416.847,-2.537,1,28,1783746696.945832014,0.419812,-0.228186,0.846753,0.075978,0.0017777,0.0001756,0.306461,0.207331,-0.001972,0.797,1.297
warmup,center,0,forward,6.1031,1450.000,1169,rolling,1414.366,1141,1416.847,-2.537,0,0,1783746696.945832014,0.419812,-0.228186,0.846753,0.075978,,,0.306461,0.207331,-0.001972,0.797,1.297
warmup,center,0,forward,6.1247,1450.000,1169,rolling,1414.366,1141,1416.847,-2.537,0,0,1783746696.945832014,0.419812,-0.228186,0.846753,0.075978,,,0.306461,0.207331,-0.001972,0.797,1.297
warmup,center,0,forward,6.1463,1450.000,1169,rolling,1414.366,1141,1416.847,-2.537,0,0,1783746696.945832014,0.419812,-0.228186,0.846753,0.075978,,,0.306461,0.207331,-0.001972,0.797,1.297
warmup,center,0,forward,6.1678,1450.000,1169,rolling,1414.366,1141,1416.847,-2.537,0,0,1783746696.945832014,0.419812,-0.228186,0.846753,0.075978,,,0.306461,0.207331,-0.001972,0.807,1.289
warmup,center,0,forward,6.1848,1450.000,1169,rolling,1414.234,1141,1416.505,-2.879,1,29,1783746697.046033144,0.431656,-0.222898,0.847557,0.086436,0.0118048,0.0008044,0.318266,0.207331,-0.001972,0.807,1.289
warmup,center,0,forward,6.1999,1450.000,1169,rolling,1414.234,1141,1416.505,-2.879,0,0,1783746697.046033144,0.431656,-0.222898,0.847557,0.086436,,,0.318266,0.207331,-0.001972,0.807,1.289
warmup,center,0,forward,6.2215,1450.000,1169,rolling,1414.234,1141,1416.505,-2.879,0,0,1783746697.046033144,0.431656,-0.222898,0.847557,0.086436,,,0.318266,0.207331,-0.001972,0.807,1.289
warmup,center,0,forward,6.2431,1450.000,1169,rolling,1414.234,1141,1416.505,-2.879,0,0,1783746697.046033144,0.431656,-0.222898,0.847557,0.086436,,,0.318266,0.207331,-0.001972,0.807,1.289
warmup,center,0,forward,6.2646,1450.000,1169,rolling,1414.234,1141,1416.505,-2.879,0,0,1783746697.046033144,0.431656,-0.222898,0.847557,0.086436,,,0.318266,0.207331,-0.001972,0.802,1.283
warmup,center,0,forward,6.2848,1450.000,1169,rolling,1413.934,1140,1416.168,-3.216,1,30,1783746697.146608829,0.435485,-0.213679,0.847517,0.088305,0.0094452,-0.0000399,0.327711,0.207331,-0.001972,0.802,1.283
warmup,center,0,forward,6.2998,1450.000,1169,rolling,1413.934,1140,1416.168,-3.216,0,0,1783746697.146608829,0.435485,-0.213679,0.847517,0.088305,,,0.327711,0.207331,-0.001972,0.802,1.283
warmup,center,0,forward,6.3214,1450.000,1169,rolling,1413.934,1140,1416.168,-3.216,0,0,1783746697.146608829,0.435485,-0.213679,0.847517,0.088305,,,0.327711,0.207331,-0.001972,0.802,1.283
warmup,center,0,forward,6.3429,1450.000,1169,rolling,1413.934,1140,1416.168,-3.216,0,0,1783746697.146608829,0.435485,-0.213679,0.847517,0.088305,,,0.327711,0.207331,-0.001972,0.802,1.283
warmup,center,0,forward,6.3645,1450.000,1169,rolling,1413.934,1140,1416.168,-3.216,0,0,1783746697.146608829,0.435485,-0.213679,0.847517,0.088305,,,0.327711,0.207331,-0.001972,0.804,1.271
warmup,center,0,forward,6.3852,1450.000,1169,rolling,1413.484,1140,1415.817,-3.567,1,31,1783746697.246918201,0.436331,-0.205262,0.847085,0.083347,0.0068686,-0.0004323,0.334579,0.207331,-0.001972,0.804,1.271
warmup,center,0,forward,6.4022,1450.000,1169,rolling,1413.484,1140,1415.817,-3.567,0,0,1783746697.246918201,0.436331,-0.205262,0.847085,0.083347,,,0.334579,0.207331,-0.001972,0.804,1.271
warmup,center,0,forward,6.4238,1450.000,1169,rolling,1413.484,1140,1415.817,-3.567,0,0,1783746697.246918201,0.436331,-0.205262,0.847085,0.083347,,,0.334579,0.207331,-0.001972,0.804,1.271
warmup,center,0,forward,6.4453,1450.000,1169,rolling,1413.484,1140,1415.817,-3.567,0,0,1783746697.246918201,0.436331,-0.205262,0.847085,0.083347,,,0.334579,0.207331,-0.001972,0.804,1.271
warmup,center,0,forward,6.4668,1450.000,1169,rolling,1413.484,1140,1415.817,-3.567,0,0,1783746697.246918201,0.436331,-0.205262,0.847085,0.083347,,,0.334579,0.207331,-0.001972,0.817,1.260
warmup,center,0,forward,6.4858,1450.000,1169,rolling,1413.281,1140,1415.485,-3.898,1,32,1783746697.347216368,0.444431,-0.197831,0.847510,0.089759,0.0109321,0.0004250,0.345511,0.207331,-0.001972,0.817,1.260
warmup,center,0,forward,6.4999,1450.000,1169,rolling,1413.281,1140,1415.485,-3.898,0,0,1783746697.347216368,0.444431,-0.197831,0.847510,0.089759,,,0.345511,0.207331,-0.001972,0.817,1.260
warmup,center,0,forward,6.5215,1450.000,1169,rolling,1413.281,1140,1415.485,-3.898,0,0,1783746697.347216368,0.444431,-0.197831,0.847510,0.089759,,,0.345511,0.207331,-0.001972,0.817,1.260
warmup,center,0,forward,6.5430,1450.000,1169,rolling,1413.281,1140,1415.485,-3.898,0,0,1783746697.347216368,0.444431,-0.197831,0.847510,0.089759,,,0.345511,0.207331,-0.001972,0.817,1.260
warmup,center,0,forward,6.5645,1450.000,1169,rolling,1413.281,1140,1415.485,-3.898,0,0,1783746697.347216368,0.444431,-0.197831,0.847510,0.089759,,,0.345511,0.207331,-0.001972,0.818,1.247
warmup,center,0,forward,6.5860,1450.000,1169,rolling,1413.211,1140,1415.187,-4.196,1,33,1783746697.447770119,0.456770,-0.190557,0.847127,0.101183,0.0136202,-0.0003832,0.359132,0.220951,-0.002355,0.818,1.247
warmup,center,0,forward,6.6005,1450.000,1169,rolling,1413.211,1140,1415.187,-4.196,0,0,1783746697.447770119,0.456770,-0.190557,0.847127,0.101183,,,0.359132,0.220951,-0.002355,0.818,1.247
warmup,center,0,forward,6.6222,1450.000,1169,rolling,1413.211,1140,1415.187,-4.196,0,0,1783746697.447770119,0.456770,-0.190557,0.847127,0.101183,,,0.359132,0.220951,-0.002355,0.818,1.247
warmup,center,0,forward,6.6438,1450.000,1169,rolling,1413.211,1140,1415.187,-4.196,0,0,1783746697.447770119,0.456770,-0.190557,0.847127,0.101183,,,0.359132,0.220951,-0.002355,0.818,1.247
warmup,center,0,forward,6.6653,1450.000,1169,rolling,1413.211,1140,1415.187,-4.196,0,0,1783746697.447770119,0.456770,-0.190557,0.847127,0.101183,,,0.359132,0.220951,-0.002355,0.820,1.232
warmup,center,0,forward,6.6866,1450.000,1169,rolling,1413.211,1140,1415.187,-4.196,0,0,1783746697.447770119,0.456770,-0.190557,0.847127,0.101183,,,0.359132,0.220951,-0.002355,0.820,1.232
warmup,center,0,forward,6.7086,1450.000,1169,rolling,1413.563,1140,1414.975,-4.409,1,34,1783746697.548070192,0.472293,-0.175607,0.848825,0.129425,0.0214796,0.0016982,0.380611,0.242430,-0.000657,0.820,1.232
warmup,center,0,forward,6.7118,1450.000,1169,rolling,1413.563,1140,1414.975,-4.409,0,0,1783746697.548070192,0.472293,-0.175607,0.848825,0.129425,,,0.380611,0.242430,-0.000657,0.820,1.232
warmup,center,0,forward,6.7334,1450.000,1169,rolling,1413.563,1140,1414.975,-4.409,0,0,1783746697.548070192,0.472293,-0.175607,0.848825,0.129425,,,0.380611,0.242430,-0.000657,0.820,1.232
warmup,center,0,forward,6.7550,1450.000,1169,rolling,1413.563,1140,1414.975,-4.409,0,0,1783746697.548070192,0.472293,-0.175607,0.848825,0.129425,,,0.380611,0.242430,-0.000657,0.820,1.232
warmup,center,0,forward,6.7765,1450.000,1169,rolling,1413.563,1140,1414.975,-4.409,0,0,1783746697.548070192,0.472293,-0.175607,0.848825,0.129425,,,0.380611,0.242430,-0.000657,0.811,1.214
warmup,center,0,forward,6.7869,1450.000,1169,rolling,1413.563,1140,1414.975,-4.409,0,0,1783746697.548070192,0.472293,-0.175607,0.848825,0.129425,,,0.380611,0.242430,-0.000657,0.811,1.214
warmup,center,0,forward,6.8086,1450.000,1169,rolling,1413.783,1140,1414.819,-4.565,1,35,1783746697.648620605,0.481581,-0.156378,0.845883,0.148191,0.0205614,-0.0029423,0.401173,0.262992,-0.003599,0.811,1.214
warmup,center,0,forward,6.8113,1450.000,1169,rolling,1413.783,1140,1414.819,-4.565,0,0,1783746697.648620605,0.481581,-0.156378,0.845883,0.148191,,,0.401173,0.262992,-0.003599,0.811,1.214
warmup,center,0,forward,6.8329,1450.000,1169,rolling,1413.783,1140,1414.819,-4.565,0,0,1783746697.648620605,0.481581,-0.156378,0.845883,0.148191,,,0.401173,0.262992,-0.003599,0.811,1.214
warmup,center,0,forward,6.8545,1450.000,1169,rolling,1413.783,1140,1414.819,-4.565,0,0,1783746697.648620605,0.481581,-0.156378,0.845883,0.148191,,,0.401173,0.262992,-0.003599,0.811,1.214
warmup,center,0,forward,6.8760,1450.000,1169,rolling,1413.783,1140,1414.819,-4.565,0,0,1783746697.648620605,0.481581,-0.156378,0.845883,0.148191,,,0.401173,0.262992,-0.003599,0.810,1.199
warmup,center,0,forward,6.8869,1450.000,1169,rolling,1413.861,1140,1414.693,-4.690,1,36,1783746697.748969078,0.492344,-0.140576,0.844145,0.158386,0.0189628,-0.0017376,0.420135,0.281955,-0.005337,0.810,1.199
warmup,center,0,forward,6.8979,1450.000,1169,rolling,1413.861,1140,1414.693,-4.690,0,0,1783746697.748969078,0.492344,-0.140576,0.844145,0.158386,,,0.420135,0.281955,-0.005337,0.810,1.199
warmup,center,0,forward,6.9195,1450.000,1169,rolling,1413.861,1140,1414.693,-4.690,0,0,1783746697.748969078,0.492344,-0.140576,0.844145,0.158386,,,0.420135,0.281955,-0.005337,0.810,1.199
warmup,center,0,forward,6.9410,1450.000,1169,rolling,1413.861,1140,1414.693,-4.690,0,0,1783746697.748969078,0.492344,-0.140576,0.844145,0.158386,,,0.420135,0.281955,-0.005337,0.810,1.199
warmup,center,0,forward,6.9625,1450.000,1169,rolling,1413.861,1140,1414.693,-4.690,0,0,1783746697.748969078,0.492344,-0.140576,0.844145,0.158386,,,0.420135,0.281955,-0.005337,0.810,1.199
warmup,center,0,forward,6.9841,1450.000,1169,rolling,1413.861,1140,1414.693,-4.690,0,0,1783746697.748969078,0.492344,-0.140576,0.844145,0.158386,,,0.420135,0.281955,-0.005337,0.823,1.181
warmup,center,0,forward,6.9877,1450.000,1169,rolling,1414.116,1140,1414.618,-4.766,1,37,1783746697.849129438,0.505496,-0.122193,0.843799,0.174893,0.0224774,-0.0003457,0.442613,0.304432,-0.005683,0.823,1.181
warmup,center,0,forward,7.0045,1450.000,1169,rolling,1414.116,1140,1414.618,-4.766,0,0,1783746697.849129438,0.505496,-0.122193,0.843799,0.174893,,,0.442613,0.304432,-0.005683,0.823,1.181
warmup,center,0,forward,7.0261,1450.000,1169,rolling,1414.116,1140,1414.618,-4.766,0,0,1783746697.849129438,0.505496,-0.122193,0.843799,0.174893,,,0.442613,0.304432,-0.005683,0.823,1.181
warmup,center,0,forward,7.0478,1450.000,1169,rolling,1414.116,1140,1414.618,-4.766,0,0,1783746697.849129438,0.505496,-0.122193,0.843799,0.174893,,,0.442613,0.304432,-0.005683,0.823,1.181
warmup,center,0,forward,7.0694,1450.000,1169,rolling,1414.116,1140,1414.618,-4.766,0,0,1783746697.849129438,0.505496,-0.122193,0.843799,0.174893,,,0.442613,0.304432,-0.005683,0.819,1.160
warmup,center,0,forward,7.0877,1450.000,1169,rolling,1414.116,1140,1414.618,-4.766,0,0,1783746697.849129438,0.505496,-0.122193,0.843799,0.174893,,,0.442613,0.304432,-0.005683,0.819,1.160
warmup,center,0,forward,7.1097,1450.000,1169,rolling,1414.053,1140,1414.544,-4.840,1,38,1783746697.949777603,0.519446,-0.110725,0.846130,0.175475,0.0178371,0.0023309,0.460450,0.322269,-0.003352,0.819,1.160
warmup,center,0,forward,7.1115,1450.000,1169,rolling,1414.053,1140,1414.544,-4.840,0,0,1783746697.949777603,0.519446,-0.110725,0.846130,0.175475,,,0.460450,0.322269,-0.003352,0.819,1.160
warmup,center,0,forward,7.1330,1450.000,1169,rolling,1414.053,1140,1414.544,-4.840,0,0,1783746697.949777603,0.519446,-0.110725,0.846130,0.175475,,,0.460450,0.322269,-0.003352,0.819,1.160
warmup,center,0,forward,7.1546,1450.000,1169,rolling,1414.053,1140,1414.544,-4.840,0,0,1783746697.949777603,0.519446,-0.110725,0.846130,0.175475,,,0.460450,0.322269,-0.003352,0.819,1.160
warmup,center,0,forward,7.1761,1450.000,1169,rolling,1414.053,1140,1414.544,-4.840,0,0,1783746697.949777603,0.519446,-0.110725,0.846130,0.175475,,,0.460450,0.322269,-0.003352,0.820,1.141
warmup,center,0,forward,7.1887,1450.000,1169,rolling,1414.112,1140,1414.488,-4.896,1,39,1783746698.049887657,0.535387,-0.098298,0.847857,0.181222,0.0198680,0.0017264,0.480318,0.342137,-0.001625,0.820,1.141
warmup,center,0,forward,7.1986,1450.000,1169,rolling,1414.112,1140,1414.488,-4.896,0,0,1783746698.049887657,0.535387,-0.098298,0.847857,0.181222,,,0.480318,0.342137,-0.001625,0.820,1.141
warmup,center,0,forward,7.2202,1450.000,1169,rolling,1414.112,1140,1414.488,-4.896,0,0,1783746698.049887657,0.535387,-0.098298,0.847857,0.181222,,,0.480318,0.342137,-0.001625,0.820,1.141
warmup,center,0,forward,7.2419,1450.000,1169,rolling,1414.112,1140,1414.488,-4.896,0,0,1783746698.049887657,0.535387,-0.098298,0.847857,0.181222,,,0.480318,0.342137,-0.001625,0.820,1.141
warmup,center,0,forward,7.2634,1450.000,1169,rolling,1414.112,1140,1414.488,-4.896,0,0,1783746698.049887657,0.535387,-0.098298,0.847857,0.181222,,,0.480318,0.342137,-0.001625,0.820,1.141
warmup,center,0,forward,7.2849,1450.000,1169,rolling,1414.112,1140,1414.488,-4.896,0,0,1783746698.049887657,0.535387,-0.098298,0.847857,0.181222,,,0.480318,0.342137,-0.001625,0.822,1.127
warmup,center,0,forward,7.2874,1450.000,1169,rolling,1414.462,1141,1414.484,-4.900,1,40,1783746698.150663137,0.553035,-0.080024,0.848739,0.198874,0.0253784,0.0008819,0.505696,0.367515,-0.000744,0.822,1.127
warmup,center,0,forward,7.3073,1450.000,1169,rolling,1414.462,1141,1414.484,-4.900,0,0,1783746698.150663137,0.553035,-0.080024,0.848739,0.198874,,,0.505696,0.367515,-0.000744,0.822,1.127
warmup,center,0,forward,7.3289,1450.000,1169,rolling,1414.462,1141,1414.484,-4.900,0,0,1783746698.150663137,0.553035,-0.080024,0.848739,0.198874,,,0.505696,0.367515,-0.000744,0.822,1.127
warmup,center,0,forward,7.3505,1450.000,1169,rolling,1414.462,1141,1414.484,-4.900,0,0,1783746698.150663137,0.553035,-0.080024,0.848739,0.198874,,,0.505696,0.367515,-0.000744,0.822,1.127
warmup,center,0,forward,7.3721,1450.000,1169,rolling,1414.462,1141,1414.484,-4.900,0,0,1783746698.150663137,0.553035,-0.080024,0.848739,0.198874,,,0.505696,0.367515,-0.000744,0.845,1.122
warmup,center,0,forward,7.3869,1450.000,1169,rolling,1414.799,1141,1414.524,-4.859,1,41,1783746698.248412132,0.568812,-0.060269,0.847944,0.213740,0.0252524,-0.0007941,0.530949,0.392768,-0.001538,0.845,1.122
warmup,center,0,forward,7.3978,1450.000,1169,rolling,1414.799,1141,1414.524,-4.859,0,0,1783746698.248412132,0.568812,-0.060269,0.847944,0.213740,,,0.530949,0.392768,-0.001538,0.845,1.122
warmup,center,0,forward,7.4194,1450.000,1169,rolling,1414.799,1141,1414.524,-4.859,0,0,1783746698.248412132,0.568812,-0.060269,0.847944,0.213740,,,0.530949,0.392768,-0.001538,0.845,1.122
warmup,center,0,forward,7.4410,1450.000,1169,rolling,1414.799,1141,1414.524,-4.859,0,0,1783746698.248412132,0.568812,-0.060269,0.847944,0.213740,,,0.530949,0.392768,-0.001538,0.845,1.122
warmup,center,0,forward,7.4626,1450.000,1169,rolling,1414.799,1141,1414.524,-4.859,0,0,1783746698.248412132,0.568812,-0.060269,0.847944,0.213740,,,0.530949,0.392768,-0.001538,0.845,1.122
warmup,center,0,forward,7.4842,1450.000,1169,rolling,1414.799,1141,1414.524,-4.859,0,0,1783746698.248412132,0.568812,-0.060269,0.847944,0.213740,,,0.530949,0.392768,-0.001538,0.868,1.104
warmup,center,0,forward,7.4871,1450.000,1169,rolling,1415.189,1141,1414.611,-4.772,1,42,1783746698.348686934,0.583891,-0.036893,0.846994,0.228874,0.0275030,-0.0009504,0.558452,0.420271,-0.002488,0.868,1.104
warmup,center,0,forward,7.4989,1450.000,1169,rolling,1415.189,1141,1414.611,-4.772,0,0,1783746698.348686934,0.583891,-0.036893,0.846994,0.228874,,,0.558452,0.420271,-0.002488,0.868,1.104
warmup,center,0,forward,7.5206,1450.000,1169,rolling,1415.189,1141,1414.611,-4.772,0,0,1783746698.348686934,0.583891,-0.036893,0.846994,0.228874,,,0.558452,0.420271,-0.002488,0.868,1.104
warmup,center,0,forward,7.5421,1450.000,1169,rolling,1415.189,1141,1414.611,-4.772,0,0,1783746698.348686934,0.583891,-0.036893,0.846994,0.228874,,,0.558452,0.420271,-0.002488,0.868,1.104
warmup,center,0,forward,7.5638,1450.000,1169,rolling,1415.189,1141,1414.611,-4.772,0,0,1783746698.348686934,0.583891,-0.036893,0.846994,0.228874,,,0.558452,0.420271,-0.002488,0.887,1.113
warmup,center,0,forward,7.5849,1450.000,1169,rolling,1415.551,1142,1414.734,-4.649,1,43,1783746698.449127436,0.601530,-0.015384,0.843786,0.240840,0.0277956,-0.0032079,0.586247,0.448066,-0.005696,0.887,1.113
warmup,center,0,forward,7.5994,1450.000,1169,rolling,1415.551,1142,1414.734,-4.649,0,0,1783746698.449127436,0.601530,-0.015384,0.843786,0.240840,,,0.586247,0.448066,-0.005696,0.887,1.113
warmup,center,0,forward,7.6212,1450.000,1169,rolling,1415.551,1142,1414.734,-4.649,0,0,1783746698.449127436,0.601530,-0.015384,0.843786,0.240840,,,0.586247,0.448066,-0.005696,0.887,1.113
warmup,center,0,forward,7.6429,1450.000,1169,rolling,1415.551,1142,1414.734,-4.649,0,0,1783746698.449127436,0.601530,-0.015384,0.843786,0.240840,,,0.586247,0.448066,-0.005696,0.887,1.113
warmup,center,0,forward,7.6644,1450.000,1169,rolling,1415.551,1142,1414.734,-4.649,0,0,1783746698.449127436,0.601530,-0.015384,0.843786,0.240840,,,0.586247,0.448066,-0.005696,0.905,1.114
warmup,center,0,forward,7.6853,1450.000,1169,rolling,1415.729,1142,1414.861,-4.523,1,44,1783746698.546634674,0.617762,0.002933,0.842581,0.243381,0.0244746,-0.0012048,0.610722,0.472541,-0.006901,0.905,1.114
warmup,center,0,forward,7.7012,1450.000,1169,rolling,1415.729,1142,1414.861,-4.523,0,0,1783746698.546634674,0.617762,0.002933,0.842581,0.243381,,,0.610722,0.472541,-0.006901,0.905,1.114
warmup,center,0,forward,7.7229,1450.000,1169,rolling,1415.729,1142,1414.861,-4.523,0,0,1783746698.546634674,0.617762,0.002933,0.842581,0.243381,,,0.610722,0.472541,-0.006901,0.905,1.114
warmup,center,0,forward,7.7445,1450.000,1169,rolling,1415.729,1142,1414.861,-4.523,0,0,1783746698.546634674,0.617762,0.002933,0.842581,0.243381,,,0.610722,0.472541,-0.006901,0.905,1.114
warmup,center,0,forward,7.7660,1450.000,1169,rolling,1415.729,1142,1414.861,-4.523,0,0,1783746698.546634674,0.617762,0.002933,0.842581,0.243381,,,0.610722,0.472541,-0.006901,0.928,1.102
warmup,center,0,forward,7.7856,1450.000,1169,rolling,1415.922,1142,1415.000,-4.383,1,45,1783746698.647346973,0.632027,0.024500,0.841871,0.246056,0.0255891,-0.0007102,0.636311,0.498130,-0.007611,0.928,1.102
warmup,center,0,forward,7.8042,1450.000,1169,rolling,1415.922,1142,1415.000,-4.383,0,0,1783746698.647346973,0.632027,0.024500,0.841871,0.246056,,,0.636311,0.498130,-0.007611,0.928,1.102
warmup,center,0,forward,7.8259,1450.000,1169,rolling,1415.922,1142,1415.000,-4.383,0,0,1783746698.647346973,0.632027,0.024500,0.841871,0.246056,,,0.636311,0.498130,-0.007611,0.928,1.102
warmup,center,0,forward,7.8474,1450.000,1169,rolling,1415.922,1142,1415.000,-4.383,0,0,1783746698.647346973,0.632027,0.024500,0.841871,0.246056,,,0.636311,0.498130,-0.007611,0.928,1.102
warmup,center,0,forward,7.8689,1450.000,1169,rolling,1415.922,1142,1415.000,-4.383,0,0,1783746698.647346973,0.632027,0.024500,0.841871,0.246056,,,0.636311,0.498130,-0.007611,0.947,1.104
warmup,center,0,forward,7.8834,1450.000,1169,rolling,1416.035,1142,1415.136,-4.248,1,46,1783746698.747689962,0.646745,0.043871,0.842026,0.244966,0.0242526,0.0001545,0.660564,0.522383,-0.007457,0.947,1.104
warmup,center,0,forward,7.8931,1450.000,1169,rolling,1416.035,1142,1415.136,-4.248,0,0,1783746698.747689962,0.646745,0.043871,0.842026,0.244966,,,0.660564,0.522383,-0.007457,0.947,1.104
warmup,center,0,forward,7.9147,1450.000,1169,rolling,1416.035,1142,1415.136,-4.248,0,0,1783746698.747689962,0.646745,0.043871,0.842026,0.244966,,,0.660564,0.522383,-0.007457,0.947,1.104
warmup,center,0,forward,7.9362,1450.000,1169,rolling,1416.035,1142,1415.136,-4.248,0,0,1783746698.747689962,0.646745,0.043871,0.842026,0.244966,,,0.660564,0.522383,-0.007457,0.947,1.104
warmup,center,0,forward,7.9577,1450.000,1169,rolling,1416.035,1142,1415.136,-4.248,0,0,1783746698.747689962,0.646745,0.043871,0.842026,0.244966,,,0.660564,0.522383,-0.007457,0.947,1.104
warmup,center,0,forward,7.9792,1450.000,1169,rolling,1416.035,1142,1415.136,-4.248,0,0,1783746698.747689962,0.646745,0.043871,0.842026,0.244966,,,0.660564,0.522383,-0.007457,0.965,1.110
warmup,center,0,forward,7.9835,1450.000,1169,rolling,1415.859,1142,1415.228,-4.155,1,47,1783746698.845479965,0.662247,0.055111,0.843146,0.231547,0.0187062,0.0011206,0.679270,0.541089,-0.006336,0.965,1.110
warmup,center,0,forward,8.0000,1450.000,1169,rolling,1415.859,1142,1415.228,-4.155,0,0,1783746698.845479965,0.662247,0.055111,0.843146,0.231547,,,0.679270,0.541089,-0.006336,0.965,1.110
warmup,center,0,forward,8.0216,1450.000,1169,rolling,1415.859,1142,1415.228,-4.155,0,0,1783746698.845479965,0.662247,0.055111,0.843146,0.231547,,,0.679270,0.541089,-0.006336,0.965,1.110
warmup,center,0,forward,8.0431,1450.000,1169,rolling,1415.859,1142,1415.228,-4.155,0,0,1783746698.845479965,0.662247,0.055111,0.843146,0.231547,,,0.679270,0.541089,-0.006336,0.965,1.110
warmup,center,0,forward,8.0646,1450.000,1169,rolling,1415.859,1142,1415.228,-4.155,0,0,1783746698.845479965,0.662247,0.055111,0.843146,0.231547,,,0.679270,0.541089,-0.006336,0.982,1.099
warmup,center,0,forward,8.0843,1450.000,1169,rolling,1415.859,1142,1415.228,-4.155,0,0,1783746698.845479965,0.662247,0.055111,0.843146,0.231547,,,0.679270,0.541089,-0.006336,0.982,1.099
warmup,center,0,forward,8.1061,1450.000,1169,rolling,1415.758,1142,1415.298,-4.086,1,48,1783746698.945651293,0.675098,0.070162,0.851304,0.223045,0.0197879,0.0081573,0.699058,0.560877,0.001821,0.982,1.099
warmup,center,0,forward,8.1142,1450.000,1169,rolling,1415.758,1142,1415.298,-4.086,0,0,1783746698.945651293,0.675098,0.070162,0.851304,0.223045,,,0.699058,0.560877,0.001821,0.982,1.099
warmup,center,0,forward,8.1358,1450.000,1169,rolling,1415.758,1142,1415.298,-4.086,0,0,1783746698.945651293,0.675098,0.070162,0.851304,0.223045,,,0.699058,0.560877,0.001821,0.982,1.099
warmup,center,0,forward,8.1574,1450.000,1169,rolling,1415.758,1142,1415.298,-4.086,0,0,1783746698.945651293,0.675098,0.070162,0.851304,0.223045,,,0.699058,0.560877,0.001821,0.982,1.099
warmup,center,0,forward,8.1790,1450.000,1169,rolling,1415.758,1142,1415.298,-4.086,0,0,1783746698.945651293,0.675098,0.070162,0.851304,0.223045,,,0.699058,0.560877,0.001821,0.997,1.103
warmup,center,0,forward,8.1821,1450.000,1169,rolling,1415.756,1142,1415.358,-4.026,1,49,1783746699.046341896,0.689983,0.085301,0.856004,0.219902,0.0211925,0.0047009,0.720250,0.582069,0.006522,0.997,1.103
warmup,center,0,forward,8.1987,1450.000,1169,rolling,1415.756,1142,1415.358,-4.026,0,0,1783746699.046341896,0.689983,0.085301,0.856004,0.219902,,,0.720250,0.582069,0.006522,0.997,1.103
warmup,center,0,forward,8.2203,1450.000,1169,rolling,1415.756,1142,1415.358,-4.026,0,0,1783746699.046341896,0.689983,0.085301,0.856004,0.219902,,,0.720250,0.582069,0.006522,0.997,1.103
warmup,center,0,forward,8.2419,1450.000,1169,rolling,1415.756,1142,1415.358,-4.026,0,0,1783746699.046341896,0.689983,0.085301,0.856004,0.219902,,,0.720250,0.582069,0.006522,0.997,1.103
warmup,center,0,forward,8.2636,1450.000,1169,rolling,1415.756,1142,1415.358,-4.026,0,0,1783746699.046341896,0.689983,0.085301,0.856004,0.219902,,,0.720250,0.582069,0.006522,1.015,1.104
warmup,center,0,forward,8.2827,1450.000,1169,rolling,1415.373,1141,1415.360,-4.024,1,50,1783746699.144230127,0.697081,0.097671,0.852952,0.200658,0.0139907,-0.0030523,0.734241,0.596060,0.003470,1.015,1.104
warmup,center,0,forward,8.3039,1450.000,1169,rolling,1415.373,1141,1415.360,-4.024,0,0,1783746699.144230127,0.697081,0.097671,0.852952,0.200658,,,0.734241,0.596060,0.003470,1.015,1.104
warmup,center,0,forward,8.3255,1450.000,1169,rolling,1415.373,1141,1415.360,-4.024,0,0,1783746699.144230127,0.697081,0.097671,0.852952,0.200658,,,0.734241,0.596060,0.003470,1.015,1.104
warmup,center,0,forward,8.3470,1450.000,1169,rolling,1415.373,1141,1415.360,-4.024,0,0,1783746699.144230127,0.697081,0.097671,0.852952,0.200658,,,0.734241,0.596060,0.003470,1.015,1.104
warmup,center,0,forward,8.3686,1450.000,1169,rolling,1415.373,1141,1415.360,-4.024,0,0,1783746699.144230127,0.697081,0.097671,0.852952,0.200658,,,0.734241,0.596060,0.003470,1.031,1.105
warmup,center,0,forward,8.3833,1450.000,1169,rolling,1415.102,1141,1415.326,-4.058,1,51,1783746699.244756222,0.707550,0.108979,0.854491,0.188800,0.0154033,0.0015391,0.749644,0.611463,0.005009,1.031,1.105
warmup,center,0,forward,8.4016,1450.000,1169,rolling,1415.102,1141,1415.326,-4.058,0,0,1783746699.244756222,0.707550,0.108979,0.854491,0.188800,,,0.749644,0.611463,0.005009,1.031,1.105
warmup,center,0,forward,8.4232,1450.000,1169,rolling,1415.102,1141,1415.326,-4.058,0,0,1783746699.244756222,0.707550,0.108979,0.854491,0.188800,,,0.749644,0.611463,0.005009,1.031,1.105
warmup,center,0,forward,8.4447,1450.000,1169,rolling,1415.102,1141,1415.326,-4.058,0,0,1783746699.244756222,0.707550,0.108979,0.854491,0.188800,,,0.749644,0.611463,0.005009,1.031,1.105
warmup,center,0,forward,8.4662,1450.000,1169,rolling,1415.102,1141,1415.326,-4.058,0,0,1783746699.244756222,0.707550,0.108979,0.854491,0.188800,,,0.749644,0.611463,0.005009,1.048,1.105
warmup,center,0,forward,8.4832,1450.000,1169,rolling,1415.262,1141,1415.317,-4.066,1,52,1783746699.345111132,0.723432,0.124756,0.854086,0.197224,0.0223288,-0.0004050,0.771973,0.633792,0.004604,1.048,1.105
warmup,center,0,reverse,9.7569,1450.000,1169,startup,1588.509,1281,1592.509,0.000,0,0,1783746700.547395229,0.733861,0.142917,0.853286,-0.000888,,,0.000000,0.000000,0.000000,1.069,1.091
warmup,center,0,reverse,9.7786,1450.000,1169,startup,1588.509,1281,1592.509,0.000,0,0,1783746700.547395229,0.733861,0.142917,0.853286,-0.000888,,,0.000000,0.000000,0.000000,1.068,1.108
warmup,center,0,reverse,9.7838,1450.000,1169,startup,1588.509,1281,1592.509,0.000,0,0,1783746700.547395229,0.733861,0.142917,0.853286,-0.000888,,,0.000000,0.000000,0.000000,1.068,1.108
warmup,center,0,reverse,9.8061,1450.000,1169,startup,1589.749,1282,1592.509,0.000,1,1,1783746700.647536993,0.737350,0.144991,0.847733,0.008970,0.0038601,-0.0055528,0.003860,0.000000,0.000000,1.068,1.108
warmup,center,0,reverse,9.8123,1450.000,1169,startup,1589.749,1282,1592.509,0.000,0,0,1783746700.647536993,0.737350,0.144991,0.847733,0.008970,,,0.003860,0.000000,0.000000,1.068,1.108
warmup,center,0,reverse,9.8340,1450.000,1169,startup,1589.749,1282,1592.509,0.000,0,0,1783746700.647536993,0.737350,0.144991,0.847733,0.008970,,,0.003860,0.000000,0.000000,1.068,1.108
warmup,center,0,reverse,9.8556,1450.000,1169,startup,1589.749,1282,1592.509,0.000,0,0,1783746700.647536993,0.737350,0.144991,0.847733,0.008970,,,0.003860,0.000000,0.000000,1.068,1.108
warmup,center,0,reverse,9.8771,1450.000,1169,startup,1589.749,1282,1592.509,0.000,0,0,1783746700.647536993,0.737350,0.144991,0.847733,0.008970,,,0.003860,0.000000,0.000000,1.070,1.097
warmup,center,0,reverse,9.8840,1450.000,1169,startup,1590.989,1283,1592.509,0.000,1,2,1783746700.745748758,0.736963,0.144737,0.848392,0.005592,-0.0004463,0.0006583,0.004306,0.000000,0.000000,1.070,1.097
warmup,center,0,reverse,9.9061,1450.000,1169,startup,1590.989,1283,1592.509,0.000,0,0,1783746700.745748758,0.736963,0.144737,0.848392,0.005592,,,0.004306,0.000000,0.000000,1.070,1.097
warmup,center,0,reverse,9.9074,1450.000,1169,startup,1590.989,1283,1592.509,0.000,0,0,1783746700.745748758,0.736963,0.144737,0.848392,0.005592,,,0.004306,0.000000,0.000000,1.070,1.097
warmup,center,0,reverse,9.9290,1450.000,1169,startup,1590.989,1283,1592.509,0.000,0,0,1783746700.745748758,0.736963,0.144737,0.848392,0.005592,,,0.004306,0.000000,0.000000,1.070,1.097
warmup,center,0,reverse,9.9505,1450.000,1169,startup,1590.989,1283,1592.509,0.000,0,0,1783746700.745748758,0.736963,0.144737,0.848392,0.005592,,,0.004306,0.000000,0.000000,1.070,1.097
warmup,center,0,reverse,9.9720,1450.000,1169,startup,1590.989,1283,1592.509,0.000,0,0,1783746700.745748758,0.736963,0.144737,0.848392,0.005592,,,0.004306,0.000000,0.000000,1.068,1.107
warmup,center,0,reverse,9.9841,1450.000,1169,startup,1592.229,1284,1592.509,0.000,1,3,1783746700.846118450,0.736751,0.144521,0.849123,0.003440,-0.0003028,0.0007316,0.004609,0.000000,0.000000,1.068,1.107
warmup,center,0,reverse,9.9959,1450.000,1169,startup,1592.229,1284,1592.509,0.000,0,0,1783746700.846118450,0.736751,0.144521,0.849123,0.003440,,,0.004609,0.000000,0.000000,1.068,1.107
warmup,center,0,reverse,10.0175,1450.000,1169,startup,1592.229,1284,1592.509,0.000,0,0,1783746700.846118450,0.736751,0.144521,0.849123,0.003440,,,0.004609,0.000000,0.000000,1.068,1.107
warmup,center,0,reverse,10.0391,1450.000,1169,startup,1592.229,1284,1592.509,0.000,0,0,1783746700.846118450,0.736751,0.144521,0.849123,0.003440,,,0.004609,0.000000,0.000000,1.068,1.107
warmup,center,0,reverse,10.0607,1450.000,1169,startup,1592.229,1284,1592.509,0.000,0,0,1783746700.846118450,0.736751,0.144521,0.849123,0.003440,,,0.004609,0.000000,0.000000,1.064,1.092
warmup,center,0,reverse,10.0818,1450.000,1169,startup,1593.469,1285,1592.509,0.000,1,4,1783746700.946336746,0.733820,0.138665,0.849366,-0.013217,-0.0063326,0.0002428,0.010942,0.000000,0.000000,1.064,1.092
warmup,center,0,reverse,10.0989,1450.000,1169,startup,1593.469,1285,1592.509,0.000,0,0,1783746700.946336746,0.733820,0.138665,0.849366,-0.013217,,,0.010942,0.000000,0.000000,1.064,1.092
warmup,center,0,reverse,10.1205,1450.000,1169,startup,1593.469,1285,1592.509,0.000,0,0,1783746700.946336746,0.733820,0.138665,0.849366,-0.013217,,,0.010942,0.000000,0.000000,1.064,1.092
warmup,center,0,reverse,10.1420,1450.000,1169,startup,1593.469,1285,1592.509,0.000,0,0,1783746700.946336746,0.733820,0.138665,0.849366,-0.013217,,,0.010942,0.000000,0.000000,1.064,1.092
warmup,center,0,reverse,10.1635,1450.000,1169,startup,1593.469,1285,1592.509,0.000,0,0,1783746700.946336746,0.733820,0.138665,0.849366,-0.013217,,,0.010942,0.000000,0.000000,1.062,1.099
warmup,center,0,reverse,10.1823,1450.000,1169,startup,1596.569,1288,1592.509,0.000,1,5,1783746701.043814421,0.735396,0.133506,0.850835,-0.017186,-0.0028361,0.0014686,0.013778,0.000000,0.000000,1.062,1.099
warmup,center,0,reverse,10.2040,1450.000,1169,startup,1596.569,1288,1592.509,0.000,0,0,1783746701.043814421,0.735396,0.133506,0.850835,-0.017186,,,0.013778,0.000000,0.000000,1.062,1.099
warmup,center,0,reverse,10.2256,1450.000,1169,startup,1596.569,1288,1592.509,0.000,0,0,1783746701.043814421,0.735396,0.133506,0.850835,-0.017186,,,0.013778,0.000000,0.000000,1.062,1.099
warmup,center,0,reverse,10.2472,1450.000,1169,startup,1596.569,1288,1592.509,0.000,0,0,1783746701.043814421,0.735396,0.133506,0.850835,-0.017186,,,0.013778,0.000000,0.000000,1.062,1.099
warmup,center,0,reverse,10.2687,1450.000,1169,startup,1596.569,1288,1592.509,0.000,0,0,1783746701.043814421,0.735396,0.133506,0.850835,-0.017186,,,0.013778,0.000000,0.000000,1.056,1.092
warmup,center,0,reverse,10.2832,1450.000,1169,startup,1599.669,1290,1592.509,0.000,1,6,1783746701.144462585,0.728500,0.134628,0.851600,-0.022084,-0.0037013,0.0007648,0.017479,0.000000,0.000000,1.056,1.092
warmup,center,0,reverse,10.2994,1450.000,1169,startup,1599.669,1290,1592.509,0.000,0,0,1783746701.144462585,0.728500,0.134628,0.851600,-0.022084,,,0.017479,0.000000,0.000000,1.056,1.092
warmup,center,0,reverse,10.3210,1450.000,1169,startup,1599.669,1290,1592.509,0.000,0,0,1783746701.144462585,0.728500,0.134628,0.851600,-0.022084,,,0.017479,0.000000,0.000000,1.056,1.092
warmup,center,0,reverse,10.3427,1450.000,1169,startup,1599.669,1290,1592.509,0.000,0,0,1783746701.144462585,0.728500,0.134628,0.851600,-0.022084,,,0.017479,0.000000,0.000000,1.056,1.092
warmup,center,0,reverse,10.3642,1450.000,1169,startup,1599.669,1290,1592.509,0.000,0,0,1783746701.144462585,0.728500,0.134628,0.851600,-0.022084,,,0.017479,0.000000,0.000000,1.050,1.094
warmup,center,0,reverse,10.3806,1450.000,1169,startup,1602.769,1293,1592.509,0.000,1,7,1783746701.244896412,0.721142,0.127195,0.851386,-0.042547,-0.0104390,-0.0002133,0.027918,0.000000,0.000000,1.050,1.094
warmup,center,0,reverse,10.3988,1450.000,1169,startup,1602.769,1293,1592.509,0.000,0,0,1783746701.244896412,0.721142,0.127195,0.851386,-0.042547,,,0.027918,0.000000,0.000000,1.050,1.094
warmup,center,0,reverse,10.4205,1450.000,1169,startup,1602.769,1293,1592.509,0.000,0,0,1783746701.244896412,0.721142,0.127195,0.851386,-0.042547,,,0.027918,0.000000,0.000000,1.050,1.094
warmup,center,0,reverse,10.4420,1450.000,1169,startup,1602.769,1293,1592.509,0.000,0,0,1783746701.244896412,0.721142,0.127195,0.851386,-0.042547,,,0.027918,0.000000,0.000000,1.050,1.094
warmup,center,0,reverse,10.4635,1450.000,1169,startup,1602.769,1293,1592.509,0.000,0,0,1783746701.244896412,0.721142,0.127195,0.851386,-0.042547,,,0.027918,0.000000,0.000000,1.036,1.101
warmup,center,0,reverse,10.4809,1450.000,1169,rolling,1592.509,1284,1592.509,0.000,1,8,1783746701.342758656,0.714015,0.117149,0.852834,-0.063214,-0.0122535,0.0014478,0.040172,0.000000,0.000000,1.036,1.101
warmup,center,0,reverse,10.4977,1450.000,1169,rolling,1592.509,1284,1592.509,0.000,0,0,1783746701.342758656,0.714015,0.117149,0.852834,-0.063214,,,0.040172,0.000000,0.000000,1.036,1.101
warmup,center,0,reverse,10.5194,1450.000,1169,rolling,1592.509,1284,1592.509,0.000,0,0,1783746701.342758656,0.714015,0.117149,0.852834,-0.063214,,,0.040172,0.000000,0.000000,1.036,1.101
warmup,center,0,reverse,10.5410,1450.000,1169,rolling,1592.509,1284,1592.509,0.000,0,0,1783746701.342758656,0.714015,0.117149,0.852834,-0.063214,,,0.040172,0.000000,0.000000,1.036,1.101
warmup,center,0,reverse,10.5626,1450.000,1169,rolling,1592.509,1284,1592.509,0.000,0,0,1783746701.342758656,0.714015,0.117149,0.852834,-0.063214,,,0.040172,0.000000,0.000000,1.017,1.097
warmup,center,0,reverse,10.5789,1450.000,1169,rolling,1594.365,1286,1592.819,0.310,1,9,1783746701.443042278,0.700283,0.102767,0.852935,-0.096933,-0.0198654,0.0001013,0.060037,0.000000,0.000000,1.017,1.097
warmup,center,0,reverse,10.5947,1450.000,1169,rolling,1594.365,1286,1592.819,0.310,0,0,1783746701.443042278,0.700283,0.102767,0.852935,-0.096933,,,0.060037,0.000000,0.000000,1.017,1.097
warmup,center,0,reverse,10.6163,1450.000,1169,rolling,1594.365,1286,1592.819,0.310,0,0,1783746701.443042278,0.700283,0.102767,0.852935,-0.096933,,,0.060037,0.000000,0.000000,1.017,1.097
warmup,center,0,reverse,10.6378,1450.000,1169,rolling,1594.365,1286,1592.819,0.310,0,0,1783746701.443042278,0.700283,0.102767,0.852935,-0.096933,,,0.060037,0.000000,0.000000,1.017,1.097
warmup,center,0,reverse,10.6595,1450.000,1169,rolling,1594.365,1286,1592.819,0.310,0,0,1783746701.443042278,0.700283,0.102767,0.852935,-0.096933,,,0.060037,0.000000,0.000000,0.997,1.087
warmup,center,0,reverse,10.6792,1450.000,1169,rolling,1593.990,1285,1593.011,0.502,1,10,1783746701.540922165,0.683829,0.084899,0.853696,-0.134719,-0.0242817,0.0007607,0.084319,-0.024282,0.000761,0.997,1.087
warmup,center,0,reverse,10.6950,1450.000,1169,rolling,1593.990,1285,1593.011,0.502,0,0,1783746701.540922165,0.683829,0.084899,0.853696,-0.134719,,,0.084319,-0.024282,0.000761,0.997,1.087
warmup,center,0,reverse,10.7167,1450.000,1169,rolling,1593.990,1285,1593.011,0.502,0,0,1783746701.540922165,0.683829,0.084899,0.853696,-0.134719,,,0.084319,-0.024282,0.000761,0.997,1.087
warmup,center,0,reverse,10.7383,1450.000,1169,rolling,1593.990,1285,1593.011,0.502,0,0,1783746701.540922165,0.683829,0.084899,0.853696,-0.134719,,,0.084319,-0.024282,0.000761,0.997,1.087
warmup,center,0,reverse,10.7598,1450.000,1169,rolling,1593.990,1285,1593.011,0.502,0,0,1783746701.540922165,0.683829,0.084899,0.853696,-0.134719,,,0.084319,-0.024282,0.000761,0.976,1.099
warmup,center,0,reverse,10.7800,1450.000,1169,rolling,1593.522,1285,1593.096,0.587,1,11,1783746701.641249180,0.664520,0.064153,0.855991,-0.171622,-0.0283254,0.0022945,0.112644,-0.052607,0.003055,0.976,1.099
warmup,center,0,reverse,10.7934,1450.000,1169,rolling,1593.522,1285,1593.096,0.587,0,0,1783746701.641249180,0.664520,0.064153,0.855991,-0.171622,,,0.112644,-0.052607,0.003055,0.976,1.099
warmup,center,0,reverse,10.8150,1450.000,1169,rolling,1593.522,1285,1593.096,0.587,0,0,1783746701.641249180,0.664520,0.064153,0.855991,-0.171622,,,0.112644,-0.052607,0.003055,0.976,1.099
warmup,center,0,reverse,10.8366,1450.000,1169,rolling,1593.522,1285,1593.096,0.587,0,0,1783746701.641249180,0.664520,0.064153,0.855991,-0.171622,,,0.112644,-0.052607,0.003055,0.976,1.099
warmup,center,0,reverse,10.8581,1450.000,1169,rolling,1593.522,1285,1593.096,0.587,0,0,1783746701.641249180,0.664520,0.064153,0.855991,-0.171622,,,0.112644,-0.052607,0.003055,0.956,1.089
warmup,center,0,reverse,10.8779,1450.000,1169,rolling,1593.147,1285,1593.105,0.596,1,12,1783746701.741850376,0.646601,0.043232,0.858555,-0.197169,-0.0275455,0.0025642,0.140190,-0.080153,0.005619,0.956,1.089
warmup,center,0,reverse,10.8907,1450.000,1169,rolling,1593.147,1285,1593.105,0.596,0,0,1783746701.741850376,0.646601,0.043232,0.858555,-0.197169,,,0.140190,-0.080153,0.005619,0.956,1.089
warmup,center,0,reverse,10.9124,1450.000,1169,rolling,1593.147,1285,1593.105,0.596,0,0,1783746701.741850376,0.646601,0.043232,0.858555,-0.197169,,,0.140190,-0.080153,0.005619,0.956,1.089
warmup,center,0,reverse,10.9341,1450.000,1169,rolling,1593.147,1285,1593.105,0.596,0,0,1783746701.741850376,0.646601,0.043232,0.858555,-0.197169,,,0.140190,-0.080153,0.005619,0.956,1.089
warmup,center,0,reverse,10.9556,1450.000,1169,rolling,1593.147,1285,1593.105,0.596,0,0,1783746701.741850376,0.646601,0.043232,0.858555,-0.197169,,,0.140190,-0.080153,0.005619,0.934,1.095
warmup,center,0,reverse,10.9780,1450.000,1169,rolling,1593.147,1285,1593.105,0.596,0,0,1783746701.741850376,0.646601,0.043232,0.858555,-0.197169,,,0.140190,-0.080153,0.005619,0.934,1.095
warmup,center,0,reverse,10.9794,1450.000,1169,rolling,1593.147,1285,1593.105,0.596,0,0,1783746701.741850376,0.646601,0.043232,0.858555,-0.197169,,,0.140190,-0.080153,0.005619,0.934,1.095
warmup,center,0,reverse,11.0014,1450.000,1169,rolling,1593.181,1285,1593.117,0.608,1,13,1783746701.839916706,0.638539,0.025380,0.859727,-0.195763,-0.0187843,0.0011718,0.158974,-0.098937,0.006791,0.934,1.095
warmup,center,0,reverse,11.0086,1450.000,1169,rolling,1593.181,1285,1593.117,0.608,0,0,1783746701.839916706,0.638539,0.025380,0.859727,-0.195763,,,0.158974,-0.098937,0.006791,0.934,1.095
warmup,center,0,reverse,11.0304,1450.000,1169,rolling,1593.181,1285,1593.117,0.608,0,0,1783746701.839916706,0.638539,0.025380,0.859727,-0.195763,,,0.158974,-0.098937,0.006791,0.934,1.095
warmup,center,0,reverse,11.0521,1450.000,1169,rolling,1593.181,1285,1593.117,0.608,0,0,1783746701.839916706,0.638539,0.025380,0.859727,-0.195763,,,0.158974,-0.098937,0.006791,0.934,1.095
warmup,center,0,reverse,11.0737,1450.000,1169,rolling,1593.181,1285,1593.117,0.608,0,0,1783746701.839916706,0.638539,0.025380,0.859727,-0.195763,,,0.158974,-0.098937,0.006791,0.914,1.087
warmup,center,0,reverse,11.0783,1450.000,1169,rolling,1593.126,1285,1593.118,0.610,1,14,1783746701.940108061,0.626566,0.007832,0.859743,-0.199494,-0.0211091,0.0000164,0.180083,-0.120046,0.006808,0.914,1.087
warmup,center,0,reverse,11.0902,1450.000,1169,rolling,1593.126,1285,1593.118,0.610,0,0,1783746701.940108061,0.626566,0.007832,0.859743,-0.199494,,,0.180083,-0.120046,0.006808,0.914,1.087
warmup,center,0,reverse,11.1118,1450.000,1169,rolling,1593.126,1285,1593.118,0.610,0,0,1783746701.940108061,0.626566,0.007832,0.859743,-0.199494,,,0.180083,-0.120046,0.006808,0.914,1.087
warmup,center,0,reverse,11.1334,1450.000,1169,rolling,1593.126,1285,1593.118,0.610,0,0,1783746701.940108061,0.626566,0.007832,0.859743,-0.199494,,,0.180083,-0.120046,0.006808,0.914,1.087
warmup,center,0,reverse,11.1549,1450.000,1169,rolling,1593.126,1285,1593.118,0.610,0,0,1783746701.940108061,0.626566,0.007832,0.859743,-0.199494,,,0.180083,-0.120046,0.006808,0.914,1.087
warmup,center,0,reverse,11.1764,1450.000,1169,rolling,1593.126,1285,1593.118,0.610,0,0,1783746701.940108061,0.626566,0.007832,0.859743,-0.199494,,,0.180083,-0.120046,0.006808,0.897,1.096
warmup,center,0,reverse,11.1790,1450.000,1169,rolling,1593.273,1285,1593.144,0.636,1,15,1783746702.040395021,0.617397,-0.006400,0.859758,-0.191421,-0.0167679,0.0000151,0.196851,-0.136814,0.006823,0.897,1.096
warmup,center,0,reverse,11.1954,1450.000,1169,rolling,1593.273,1285,1593.144,0.636,0,0,1783746702.040395021,0.617397,-0.006400,0.859758,-0.191421,,,0.196851,-0.136814,0.006823,0.897,1.096
warmup,center,0,reverse,11.2170,1450.000,1169,rolling,1593.273,1285,1593.144,0.636,0,0,1783746702.040395021,0.617397,-0.006400,0.859758,-0.191421,,,0.196851,-0.136814,0.006823,0.897,1.096
warmup,center,0,reverse,11.2386,1450.000,1169,rolling,1593.273,1285,1593.144,0.636,0,0,1783746702.040395021,0.617397,-0.006400,0.859758,-0.191421,,,0.196851,-0.136814,0.006823,0.897,1.096
warmup,center,0,reverse,11.2601,1450.000,1169,rolling,1593.273,1285,1593.144,0.636,0,0,1783746702.040395021,0.617397,-0.006400,0.859758,-0.191421,,,0.196851,-0.136814,0.006823,0.879,1.092
warmup,center,0,reverse,11.2791,1450.000,1169,rolling,1593.113,1285,1593.139,0.630,1,16,1783746702.141090870,0.604979,-0.026635,0.857783,-0.201739,-0.0234314,-0.0019753,0.220282,-0.160245,0.004847,0.879,1.092
warmup,center,0,reverse,11.3008,1450.000,1169,rolling,1593.113,1285,1593.139,0.630,0,0,1783746702.141090870,0.604979,-0.026635,0.857783,-0.201739,,,0.220282,-0.160245,0.004847,0.879,1.092
warmup,center,0,reverse,11.3224,1450.000,1169,rolling,1593.113,1285,1593.139,0.630,0,0,1783746702.141090870,0.604979,-0.026635,0.857783,-0.201739,,,0.220282,-0.160245,0.004847,0.879,1.092
warmup,center,0,reverse,11.3439,1450.000,1169,rolling,1593.113,1285,1593.139,0.630,0,0,1783746702.141090870,0.604979,-0.026635,0.857783,-0.201739,,,0.220282,-0.160245,0.004847,0.879,1.092
warmup,center,0,reverse,11.3654,1450.000,1169,rolling,1593.113,1285,1593.139,0.630,0,0,1783746702.141090870,0.604979,-0.026635,0.857783,-0.201739,,,0.220282,-0.160245,0.004847,0.864,1.097
warmup,center,0,reverse,11.3799,1450.000,1169,rolling,1593.340,1285,1593.173,0.664,1,17,1783746702.241217613,0.597185,-0.039750,0.859971,-0.188811,-0.0150217,0.0021880,0.235304,-0.175267,0.007035,0.864,1.097
warmup,center,0,reverse,11.3999,1450.000,1169,rolling,1593.340,1285,1593.173,0.664,0,0,1783746702.241217613,0.597185,-0.039750,0.859971,-0.188811,,,0.235304,-0.175267,0.007035,0.864,1.097
warmup,center,0,reverse,11.4215,1450.000,1169,rolling,1593.340,1285,1593.173,0.664,0,0,1783746702.241217613,0.597185,-0.039750,0.859971,-0.188811,,,0.235304,-0.175267,0.007035,0.864,1.097
warmup,center,0,reverse,11.4430,1450.000,1169,rolling,1593.340,1285,1593.173,0.664,0,0,1783746702.241217613,0.597185,-0.039750,0.859971,-0.188811,,,0.235304,-0.175267,0.007035,0.864,1.097
warmup,center,0,reverse,11.4646,1450.000,1169,rolling,1593.340,1285,1593.173,0.664,0,0,1783746702.241217613,0.597185,-0.039750,0.859971,-0.188811,,,0.235304,-0.175267,0.007035,0.850,1.112
warmup,center,0,reverse,11.4800,1450.000,1169,rolling,1593.491,1285,1593.226,0.717,1,18,1783746702.341843605,0.585605,-0.051405,0.864529,-0.182317,-0.0163853,0.0045581,0.251689,-0.191652,0.011594,0.850,1.112
warmup,center,0,reverse,11.4986,1450.000,1169,rolling,1593.491,1285,1593.226,0.717,0,0,1783746702.341843605,0.585605,-0.051405,0.864529,-0.182317,,,0.251689,-0.191652,0.011594,0.850,1.112
warmup,center,0,reverse,11.5203,1450.000,1169,rolling,1593.491,1285,1593.226,0.717,0,0,1783746702.341843605,0.585605,-0.051405,0.864529,-0.182317,,,0.251689,-0.191652,0.011594,0.850,1.112
warmup,center,0,reverse,11.5418,1450.000,1169,rolling,1593.491,1285,1593.226,0.717,0,0,1783746702.341843605,0.585605,-0.051405,0.864529,-0.182317,,,0.251689,-0.191652,0.011594,0.850,1.112
warmup,center,0,reverse,11.5633,1450.000,1169,rolling,1593.491,1285,1593.226,0.717,0,0,1783746702.341843605,0.585605,-0.051405,0.864529,-0.182317,,,0.251689,-0.191652,0.011594,0.839,1.122
warmup,center,0,reverse,11.5805,1450.000,1169,rolling,1593.648,1285,1593.296,0.788,1,19,1783746702.442020178,0.570525,-0.059537,0.869486,-0.176563,-0.0159583,0.0049570,0.267648,-0.207611,0.016551,0.839,1.122
warmup,center,0,reverse,11.6013,1450.000,1169,rolling,1593.648,1285,1593.296,0.788,0,0,1783746702.442020178,0.570525,-0.059537,0.869486,-0.176563,,,0.267648,-0.207611,0.016551,0.839,1.122
warmup,center,0,reverse,11.6229,1450.000,1169,rolling,1593.648,1285,1593.296,0.788,0,0,1783746702.442020178,0.570525,-0.059537,0.869486,-0.176563,,,0.267648,-0.207611,0.016551,0.839,1.122
warmup,center,0,reverse,11.6444,1450.000,1169,rolling,1593.648,1285,1593.296,0.788,0,0,1783746702.442020178,0.570525,-0.059537,0.869486,-0.176563,,,0.267648,-0.207611,0.016551,0.839,1.122
warmup,center,0,reverse,11.6661,1450.000,1169,rolling,1593.648,1285,1593.296,0.788,0,0,1783746702.442020178,0.570525,-0.059537,0.869486,-0.176563,,,0.267648,-0.207611,0.016551,0.826,1.135
warmup,center,0,reverse,11.6818,1450.000,1169,rolling,1593.648,1285,1593.296,0.788,0,0,1783746702.442020178,0.570525,-0.059537,0.869486,-0.176563,,,0.267648,-0.207611,0.016551,0.826,1.135
warmup,center,0,reverse,11.7043,1450.000,1169,rolling,1593.773,1285,1593.376,0.868,1,20,1783746702.542605400,0.560871,-0.073030,0.869497,-0.173525,-0.0165373,0.0000111,0.284185,-0.224148,0.016562,0.826,1.135
warmup,center,0,reverse,11.7063,1450.000,1169,rolling,1593.773,1285,1593.376,0.868,0,0,1783746702.542605400,0.560871,-0.073030,0.869497,-0.173525,,,0.284185,-0.224148,0.016562,0.826,1.135
warmup,center,0,reverse,11.7281,1450.000,1169,rolling,1593.773,1285,1593.376,0.868,0,0,1783746702.542605400,0.560871,-0.073030,0.869497,-0.173525,,,0.284185,-0.224148,0.016562,0.826,1.135
warmup,center,0,reverse,11.7499,1450.000,1169,rolling,1593.773,1285,1593.376,0.868,0,0,1783746702.542605400,0.560871,-0.073030,0.869497,-0.173525,,,0.284185,-0.224148,0.016562,0.826,1.135
warmup,center,0,reverse,11.7716,1450.000,1169,rolling,1593.773,1285,1593.376,0.868,0,0,1783746702.542605400,0.560871,-0.073030,0.869497,-0.173525,,,0.284185,-0.224148,0.016562,0.812,1.147
warmup,center,0,reverse,11.7813,1450.000,1169,rolling,1593.940,1285,1593.471,0.962,1,21,1783746702.642886400,0.548299,-0.082657,0.868962,-0.168706,-0.0154682,-0.0005350,0.299653,-0.239616,0.016027,0.812,1.147
warmup,center,0,reverse,11.8010,1450.000,1169,rolling,1593.940,1285,1593.471,0.962,0,0,1783746702.642886400,0.548299,-0.082657,0.868962,-0.168706,,,0.299653,-0.239616,0.016027,0.812,1.147
warmup,center,0,reverse,11.8227,1450.000,1169,rolling,1593.940,1285,1593.471,0.962,0,0,1783746702.642886400,0.548299,-0.082657,0.868962,-0.168706,,,0.299653,-0.239616,0.016027,0.812,1.147
warmup,center,0,reverse,11.8442,1450.000,1169,rolling,1593.940,1285,1593.471,0.962,0,0,1783746702.642886400,0.548299,-0.082657,0.868962,-0.168706,,,0.299653,-0.239616,0.016027,0.812,1.147
warmup,center,0,reverse,11.8657,1450.000,1169,rolling,1593.940,1285,1593.471,0.962,0,0,1783746702.642886400,0.548299,-0.082657,0.868962,-0.168706,,,0.299653,-0.239616,0.016027,0.799,1.161
warmup,center,0,reverse,11.8819,1450.000,1169,rolling,1593.974,1285,1593.555,1.046,1,22,1783746702.743430614,0.536983,-0.097069,0.869915,-0.172062,-0.0183120,0.0009531,0.317965,-0.257928,0.016980,0.799,1.161
warmup,center,0,reverse,11.8957,1450.000,1169,rolling,1593.974,1285,1593.555,1.046,0,0,1783746702.743430614,0.536983,-0.097069,0.869915,-0.172062,,,0.317965,-0.257928,0.016980,0.799,1.161
warmup,center,0,reverse,11.9174,1450.000,1169,rolling,1593.974,1285,1593.555,1.046,0,0,1783746702.743430614,0.536983,-0.097069,0.869915,-0.172062,,,0.317965,-0.257928,0.016980,0.799,1.161
warmup,center,0,reverse,11.9389,1450.000,1169,rolling,1593.974,1285,1593.555,1.046,0,0,1783746702.743430614,0.536983,-0.097069,0.869915,-0.172062,,,0.317965,-0.257928,0.016980,0.799,1.161
warmup,center,0,reverse,11.9604,1450.000,1169,rolling,1593.974,1285,1593.555,1.046,0,0,1783746702.743430614,0.536983,-0.097069,0.869915,-0.172062,,,0.317965,-0.257928,0.016980,0.795,1.176
warmup,center,0,reverse,11.9820,1450.000,1169,rolling,1593.928,1285,1593.617,1.108,1,23,1783746702.843804598,0.528273,-0.116089,0.872708,-0.179259,-0.0201603,0.0027930,0.338125,-0.278088,0.019773,0.795,1.176
warmup,center,0,reverse,11.9988,1450.000,1169,rolling,1593.928,1285,1593.617,1.108,0,0,1783746702.843804598,0.528273,-0.116089,0.872708,-0.179259,,,0.338125,-0.278088,0.019773,0.795,1.176
warmup,center,0,reverse,12.0204,1450.000,1169,rolling,1593.928,1285,1593.617,1.108,0,0,1783746702.843804598,0.528273,-0.116089,0.872708,-0.179259,,,0.338125,-0.278088,0.019773,0.795,1.176
warmup,center,0,reverse,12.0420,1450.000,1169,rolling,1593.928,1285,1593.617,1.108,0,0,1783746702.843804598,0.528273,-0.116089,0.872708,-0.179259,,,0.338125,-0.278088,0.019773,0.795,1.176
warmup,center,0,reverse,12.0635,1450.000,1169,rolling,1593.928,1285,1593.617,1.108,0,0,1783746702.843804598,0.528273,-0.116089,0.872708,-0.179259,,,0.338125,-0.278088,0.019773,0.794,1.190
warmup,center,0,reverse,12.0823,1450.000,1169,rolling,1593.991,1285,1593.680,1.171,1,24,1783746702.944134474,0.519715,-0.132361,0.876754,-0.179233,-0.0179747,0.0040455,0.356100,-0.296063,0.023818,0.794,1.190
warmup,center,0,reverse,12.0959,1450.000,1169,rolling,1593.991,1285,1593.680,1.171,0,0,1783746702.944134474,0.519715,-0.132361,0.876754,-0.179233,,,0.356100,-0.296063,0.023818,0.794,1.190
warmup,center,0,reverse,12.1175,1450.000,1169,rolling,1593.991,1285,1593.680,1.171,0,0,1783746702.944134474,0.519715,-0.132361,0.876754,-0.179233,,,0.356100,-0.296063,0.023818,0.794,1.190
warmup,center,0,reverse,12.1390,1450.000,1169,rolling,1593.991,1285,1593.680,1.171,0,0,1783746702.944134474,0.519715,-0.132361,0.876754,-0.179233,,,0.356100,-0.296063,0.023818,0.794,1.190
warmup,center,0,reverse,12.1605,1450.000,1169,rolling,1593.991,1285,1593.680,1.171,0,0,1783746702.944134474,0.519715,-0.132361,0.876754,-0.179233,,,0.356100,-0.296063,0.023818,0.786,1.202
warmup,center,0,reverse,12.1828,1450.000,1169,rolling,1594.187,1286,1593.764,1.256,1,25,1783746703.044383526,0.514537,-0.147559,0.880466,-0.171843,-0.0150045,0.0037124,0.371105,-0.311068,0.027531,0.786,1.202
warmup,center,0,reverse,12.2014,1450.000,1169,rolling,1594.187,1286,1593.764,1.256,0,0,1783746703.044383526,0.514537,-0.147559,0.880466,-0.171843,,,0.371105,-0.311068,0.027531,0.786,1.202
warmup,center,0,reverse,12.2230,1450.000,1169,rolling,1594.187,1286,1593.764,1.256,0,0,1783746703.044383526,0.514537,-0.147559,0.880466,-0.171843,,,0.371105,-0.311068,0.027531,0.786,1.202
warmup,center,0,reverse,12.2447,1450.000,1169,rolling,1594.187,1286,1593.764,1.256,0,0,1783746703.044383526,0.514537,-0.147559,0.880466,-0.171843,,,0.371105,-0.311068,0.027531,0.786,1.202
warmup,center,0,reverse,12.2662,1450.000,1169,rolling,1594.187,1286,1593.764,1.256,0,0,1783746703.044383526,0.514537,-0.147559,0.880466,-0.171843,,,0.371105,-0.311068,0.027531,0.781,1.217
warmup,center,0,reverse,12.2831,1450.000,1169,rolling,1594.370,1286,1593.866,1.357,1,26,1783746703.144947767,0.503009,-0.157609,0.881025,-0.166394,-0.0150893,0.0005589,0.386194,-0.326157,0.028090,0.781,1.217
warmup,center,0,reverse,12.2975,1450.000,1169,rolling,1594.370,1286,1593.866,1.357,0,0,1783746703.144947767,0.503009,-0.157609,0.881025,-0.166394,,,0.386194,-0.326157,0.028090,0.781,1.217
warmup,center,0,reverse,12.3191,1450.000,1169,rolling,1594.370,1286,1593.866,1.357,0,0,1783746703.144947767,0.503009,-0.157609,0.881025,-0.166394,,,0.386194,-0.326157,0.028090,0.781,1.217
warmup,center,0,reverse,12.3408,1450.000,1169,rolling,1594.370,1286,1593.866,1.357,0,0,1783746703.144947767,0.503009,-0.157609,0.881025,-0.166394,,,0.386194,-0.326157,0.028090,0.781,1.217
warmup,center,0,reverse,12.3623,1450.000,1169,rolling,1594.370,1286,1593.866,1.357,0,0,1783746703.144947767,0.503009,-0.157609,0.881025,-0.166394,,,0.386194,-0.326157,0.028090,0.782,1.230
warmup,center,0,reverse,12.3811,1450.000,1169,rolling,1594.783,1286,1594.019,1.510,1,27,1783746703.245271921,0.492922,-0.161923,0.879039,-0.149097,-0.0097520,-0.0019863,0.395946,-0.335909,0.026103,0.782,1.230
warmup,center,0,reverse,12.3987,1450.000,1169,rolling,1594.783,1286,1594.019,1.510,0,0,1783746703.245271921,0.492922,-0.161923,0.879039,-0.149097,,,0.395946,-0.335909,0.026103,0.782,1.230
warmup,center,0,reverse,12.4203,1450.000,1169,rolling,1594.783,1286,1594.019,1.510,0,0,1783746703.245271921,0.492922,-0.161923,0.879039,-0.149097,,,0.395946,-0.335909,0.026103,0.782,1.230
warmup,center,0,reverse,12.4418,1450.000,1169,rolling,1594.783,1286,1594.019,1.510,0,0,1783746703.245271921,0.492922,-0.161923,0.879039,-0.149097,,,0.395946,-0.335909,0.026103,0.782,1.230
warmup,center,0,reverse,12.4634,1450.000,1169,rolling,1594.783,1286,1594.019,1.510,0,0,1783746703.245271921,0.492922,-0.161923,0.879039,-0.149097,,,0.395946,-0.335909,0.026103,0.786,1.237
warmup,center,0,reverse,12.4813,1450.000,1169,rolling,1594.948,1286,1594.171,1.662,1,28,1783746703.343233585,0.478187,-0.168223,0.876413,-0.148216,-0.0142606,-0.0026256,0.410207,-0.350170,0.023478,0.786,1.237
warmup,center,0,reverse,12.4933,1450.000,1169,rolling,1594.948,1286,1594.171,1.662,0,0,1783746703.343233585,0.478187,-0.168223,0.876413,-0.148216,,,0.410207,-0.350170,0.023478,0.786,1.237
warmup,center,0,reverse,12.5149,1450.000,1169,rolling,1594.948,1286,1594.171,1.662,0,0,1783746703.343233585,0.478187,-0.168223,0.876413,-0.148216,,,0.410207,-0.350170,0.023478,0.786,1.237
warmup,center,0,reverse,12.5367,1450.000,1169,rolling,1594.948,1286,1594.171,1.662,0,0,1783746703.343233585,0.478187,-0.168223,0.876413,-0.148216,,,0.410207,-0.350170,0.023478,0.786,1.237
warmup,center,0,reverse,12.5584,1450.000,1169,rolling,1594.948,1286,1594.171,1.662,0,0,1783746703.343233585,0.478187,-0.168223,0.876413,-0.148216,,,0.410207,-0.350170,0.023478,0.786,1.237
warmup,center,0,reverse,12.5802,1450.000,1169,rolling,1594.948,1286,1594.171,1.662,0,0,1783746703.343233585,0.478187,-0.168223,0.876413,-0.148216,,,0.410207,-0.350170,0.023478,0.776,1.243
warmup,center,0,reverse,12.5828,1450.000,1169,rolling,1595.212,1286,1594.345,1.836,1,29,1783746703.443293095,0.472010,-0.179242,0.873866,-0.142187,-0.0124174,-0.0025475,0.422624,-0.362587,0.020930,0.776,1.243
warmup,center,0,reverse,12.5994,1450.000,1169,rolling,1595.212,1286,1594.345,1.836,0,0,1783746703.443293095,0.472010,-0.179242,0.873866,-0.142187,,,0.422624,-0.362587,0.020930,0.776,1.243
warmup,center,0,reverse,12.6211,1450.000,1169,rolling,1595.212,1286,1594.345,1.836,0,0,1783746703.443293095,0.472010,-0.179242,0.873866,-0.142187,,,0.422624,-0.362587,0.020930,0.776,1.243
warmup,center,0,reverse,12.6427,1450.000,1169,rolling,1595.212,1286,1594.345,1.836,0,0,1783746703.443293095,0.472010,-0.179242,0.873866,-0.142187,,,0.422624,-0.362587,0.020930,0.776,1.243
warmup,center,0,reverse,12.6642,1450.000,1169,rolling,1595.212,1286,1594.345,1.836,0,0,1783746703.443293095,0.472010,-0.179242,0.873866,-0.142187,,,0.422624,-0.362587,0.020930,0.780,1.247
warmup,center,0,reverse,12.6809,1450.000,1169,rolling,1595.212,1286,1594.345,1.836,0,0,1783746703.443293095,0.472010,-0.179242,0.873866,-0.142187,,,0.422624,-0.362587,0.020930,0.780,1.247
warmup,center,0,reverse,12.7028,1450.000,1169,rolling,1595.933,1287,1594.611,2.102,1,30,1783746703.543908596,0.472323,-0.182224,0.878363,-0.111834,-0.0020904,0.0044977,0.424714,-0.364677,0.025428,0.780,1.247
warmup,center,0,reverse,12.7055,1450.000,1169,rolling,1595.933,1287,1594.611,2.102,0,0,1783746703.543908596,0.472323,-0.182224,0.878363,-0.111834,,,0.424714,-0.364677,0.025428,0.780,1.247
warmup,center,0,reverse,12.7271,1450.000,1169,rolling,1595.933,1287,1594.611,2.102,0,0,1783746703.543908596,0.472323,-0.182224,0.878363,-0.111834,,,0.424714,-0.364677,0.025428,0.780,1.247
warmup,center,0,reverse,12.7487,1450.000,1169,rolling,1595.933,1287,1594.611,2.102,0,0,1783746703.543908596,0.472323,-0.182224,0.878363,-0.111834,,,0.424714,-0.364677,0.025428,0.780,1.247
warmup,center,0,reverse,12.7705,1450.000,1169,rolling,1595.933,1287,1594.611,2.102,0,0,1783746703.543908596,0.472323,-0.182224,0.878363,-0.111834,,,0.424714,-0.364677,0.025428,0.777,1.253
warmup,center,0,reverse,12.7795,1450.000,1169,rolling,1596.304,1287,1594.888,2.380,1,31,1783746703.641921282,0.465932,-0.188017,0.881741,-0.105651,-0.0085370,0.0033780,0.433251,-0.373214,0.028806,0.777,1.253
warmup,center,0,reverse,12.7947,1450.000,1169,rolling,1596.304,1287,1594.888,2.380,0,0,1783746703.641921282,0.465932,-0.188017,0.881741,-0.105651,,,0.433251,-0.373214,0.028806,0.777,1.253
warmup,center,0,reverse,12.8163,1450.000,1169,rolling,1596.304,1287,1594.888,2.380,0,0,1783746703.641921282,0.465932,-0.188017,0.881741,-0.105651,,,0.433251,-0.373214,0.028806,0.777,1.253
warmup,center,0,reverse,12.8379,1450.000,1169,rolling,1596.304,1287,1594.888,2.380,0,0,1783746703.641921282,0.465932,-0.188017,0.881741,-0.105651,,,0.433251,-0.373214,0.028806,0.777,1.253
warmup,center,0,reverse,12.8594,1450.000,1169,rolling,1596.304,1287,1594.888,2.380,0,0,1783746703.641921282,0.465932,-0.188017,0.881741,-0.105651,,,0.433251,-0.373214,0.028806,0.773,1.263
warmup,center,0,reverse,12.8802,1450.000,1169,rolling,1596.803,1288,1595.207,2.698,1,32,1783746703.741840601,0.464880,-0.194580,0.883905,-0.093595,-0.0057381,0.0021641,0.438989,-0.373214,0.028806,0.773,1.263
warmup,center,0,reverse,12.8994,1450.000,1169,rolling,1596.803,1288,1595.207,2.698,0,0,1783746703.741840601,0.464880,-0.194580,0.883905,-0.093595,,,0.438989,-0.373214,0.028806,0.773,1.263
warmup,center,0,reverse,12.9212,1450.000,1169,rolling,1596.803,1288,1595.207,2.698,0,0,1783746703.741840601,0.464880,-0.194580,0.883905,-0.093595,,,0.438989,-0.373214,0.028806,0.773,1.263
warmup,center,0,reverse,12.9430,1450.000,1169,rolling,1596.803,1288,1595.207,2.698,0,0,1783746703.741840601,0.464880,-0.194580,0.883905,-0.093595,,,0.438989,-0.373214,0.028806,0.773,1.263
warmup,center,0,reverse,12.9646,1450.000,1169,rolling,1596.803,1288,1595.207,2.698,0,0,1783746703.741840601,0.464880,-0.194580,0.883905,-0.093595,,,0.438989,-0.373214,0.028806,0.780,1.274
warmup,center,0,reverse,12.9782,1450.000,1169,rolling,1596.986,1288,1595.505,2.996,1,33,1783746703.842313766,0.455487,-0.203034,0.883584,-0.101282,-0.0124932,-0.0003216,0.451483,-0.385707,0.028484,0.780,1.274
warmup,center,0,reverse,12.9909,1450.000,1169,rolling,1596.986,1288,1595.505,2.996,0,0,1783746703.842313766,0.455487,-0.203034,0.883584,-0.101282,,,0.451483,-0.385707,0.028484,0.780,1.274
warmup,center,0,reverse,13.0125,1450.000,1169,rolling,1596.986,1288,1595.505,2.996,0,0,1783746703.842313766,0.455487,-0.203034,0.883584,-0.101282,,,0.451483,-0.385707,0.028484,0.780,1.274
warmup,center,0,reverse,13.0342,1450.000,1169,rolling,1596.986,1288,1595.505,2.996,0,0,1783746703.842313766,0.455487,-0.203034,0.883584,-0.101282,,,0.451483,-0.385707,0.028484,0.780,1.274
warmup,center,0,reverse,13.0558,1450.000,1169,rolling,1596.986,1288,1595.505,2.996,0,0,1783746703.842313766,0.455487,-0.203034,0.883584,-0.101282,,,0.451483,-0.385707,0.028484,0.785,1.285
warmup,center,0,reverse,13.0784,1450.000,1169,rolling,1596.986,1288,1595.505,2.996,0,0,1783746703.842313766,0.455487,-0.203034,0.883584,-0.101282,,,0.451483,-0.385707,0.028484,0.785,1.285
warmup,center,0,reverse,13.0797,1450.000,1169,rolling,1597.240,1288,1595.789,3.280,1,34,1783746703.940279007,0.448360,-0.211040,0.883665,-0.103293,-0.0107100,0.0000810,0.462193,-0.396417,0.028565,0.785,1.285
warmup,center,0,reverse,13.0923,1450.000,1169,rolling,1597.240,1288,1595.789,3.280,0,0,1783746703.940279007,0.448360,-0.211040,0.883665,-0.103293,,,0.462193,-0.396417,0.028565,0.785,1.285
warmup,center,0,reverse,13.1141,1450.000,1169,rolling,1597.240,1288,1595.789,3.280,0,0,1783746703.940279007,0.448360,-0.211040,0.883665,-0.103293,,,0.462193,-0.396417,0.028565,0.785,1.285
warmup,center,0,reverse,13.1357,1450.000,1169,rolling,1597.240,1288,1595.789,3.280,0,0,1783746703.940279007,0.448360,-0.211040,0.883665,-0.103293,,,0.462193,-0.396417,0.028565,0.785,1.285
warmup,center,0,reverse,13.1573,1450.000,1169,rolling,1597.240,1288,1595.789,3.280,0,0,1783746703.940279007,0.448360,-0.211040,0.883665,-0.103293,,,0.462193,-0.396417,0.028565,0.783,1.299
warmup,center,0,reverse,13.1790,1450.000,1169,rolling,1597.448,1288,1596.066,3.557,1,35,1783746704.040371418,0.440196,-0.220080,0.882703,-0.107860,-0.0121674,-0.0009614,0.474360,-0.408585,0.027604,0.783,1.299
warmup,center,0,reverse,13.1942,1450.000,1169,rolling,1597.448,1288,1596.066,3.557,0,0,1783746704.040371418,0.440196,-0.220080,0.882703,-0.107860,,,0.474360,-0.408585,0.027604,0.783,1.299
warmup,center,0,reverse,13.2159,1450.000,1169,rolling,1597.448,1288,1596.066,3.557,0,0,1783746704.040371418,0.440196,-0.220080,0.882703,-0.107860,,,0.474360,-0.408585,0.027604,0.783,1.299
warmup,center,0,reverse,13.2374,1450.000,1169,rolling,1597.448,1288,1596.066,3.557,0,0,1783746704.040371418,0.440196,-0.220080,0.882703,-0.107860,,,0.474360,-0.408585,0.027604,0.783,1.299
warmup,center,0,reverse,13.2590,1450.000,1169,rolling,1597.448,1288,1596.066,3.557,0,0,1783746704.040371418,0.440196,-0.220080,0.882703,-0.107860,,,0.474360,-0.408585,0.027604,0.777,1.313
warmup,center,0,reverse,13.2767,1450.000,1169,rolling,1597.223,1288,1596.260,3.751,1,36,1783746704.141090870,0.428596,-0.239160,0.883962,-0.135770,-0.0221080,0.0012585,0.496468,-0.430693,0.028862,0.777,1.313
warmup,center,0,reverse,13.2929,1450.000,1169,rolling,1597.223,1288,1596.260,3.751,0,0,1783746704.141090870,0.428596,-0.239160,0.883962,-0.135770,,,0.496468,-0.430693,0.028862,0.777,1.313
warmup,center,0,reverse,13.3145,1450.000,1169,rolling,1597.223,1288,1596.260,3.751,0,0,1783746704.141090870,0.428596,-0.239160,0.883962,-0.135770,,,0.496468,-0.430693,0.028862,0.777,1.313
warmup,center,0,reverse,13.3361,1450.000,1169,rolling,1597.223,1288,1596.260,3.751,0,0,1783746704.141090870,0.428596,-0.239160,0.883962,-0.135770,,,0.496468,-0.430693,0.028862,0.777,1.313
warmup,center,0,reverse,13.3576,1450.000,1169,rolling,1597.223,1288,1596.260,3.751,0,0,1783746704.141090870,0.428596,-0.239160,0.883962,-0.135770,,,0.496468,-0.430693,0.028862,0.762,1.332
warmup,center,0,reverse,13.3772,1450.000,1169,rolling,1597.145,1288,1596.405,3.896,1,37,1783746704.238858223,0.416519,-0.253950,0.884344,-0.150652,-0.0190939,0.0003817,0.515562,-0.449787,0.029244,0.762,1.332
warmup,center,0,reverse,13.3932,1450.000,1169,rolling,1597.145,1288,1596.405,3.896,0,0,1783746704.238858223,0.416519,-0.253950,0.884344,-0.150652,,,0.515562,-0.449787,0.029244,0.762,1.332
warmup,center,0,reverse,13.4148,1450.000,1169,rolling,1597.145,1288,1596.405,3.896,0,0,1783746704.238858223,0.416519,-0.253950,0.884344,-0.150652,,,0.515562,-0.449787,0.029244,0.762,1.332
warmup,center,0,reverse,13.4364,1450.000,1169,rolling,1597.145,1288,1596.405,3.896,0,0,1783746704.238858223,0.416519,-0.253950,0.884344,-0.150652,,,0.515562,-0.449787,0.029244,0.762,1.332
warmup,center,0,reverse,13.4579,1450.000,1169,rolling,1597.145,1288,1596.405,3.896,0,0,1783746704.238858223,0.416519,-0.253950,0.884344,-0.150652,,,0.515562,-0.449787,0.029244,0.749,1.354
warmup,center,0,reverse,13.4779,1450.000,1169,rolling,1597.046,1288,1596.512,4.003,1,38,1783746704.339293003,0.401761,-0.268562,0.885424,-0.164403,-0.0206550,0.0010806,0.536217,-0.470442,0.030325,0.749,1.354
warmup,center,0,reverse,13.4871,1450.000,1169,rolling,1597.046,1288,1596.512,4.003,0,0,1783746704.339293003,0.401761,-0.268562,0.885424,-0.164403,,,0.536217,-0.470442,0.030325,0.749,1.354
warmup,center,0,reverse,13.5087,1450.000,1169,rolling,1597.046,1288,1596.512,4.003,0,0,1783746704.339293003,0.401761,-0.268562,0.885424,-0.164403,,,0.536217,-0.470442,0.030325,0.749,1.354
warmup,center,0,reverse,13.5302,1450.000,1169,rolling,1597.046,1288,1596.512,4.003,0,0,1783746704.339293003,0.401761,-0.268562,0.885424,-0.164403,,,0.536217,-0.470442,0.030325,0.749,1.354
warmup,center,0,reverse,13.5517,1450.000,1169,rolling,1597.046,1288,1596.512,4.003,0,0,1783746704.339293003,0.401761,-0.268562,0.885424,-0.164403,,,0.536217,-0.470442,0.030325,0.749,1.354
warmup,center,0,reverse,13.5732,1450.000,1169,rolling,1597.046,1288,1596.512,4.003,0,0,1783746704.339293003,0.401761,-0.268562,0.885424,-0.164403,,,0.536217,-0.470442,0.030325,0.747,1.374
warmup,center,0,reverse,13.5783,1450.000,1169,rolling,1596.713,1288,1596.545,4.037,1,39,1783746704.439742804,0.387339,-0.290783,0.889163,-0.188850,-0.0263371,0.0037387,0.562554,-0.496779,0.034063,0.747,1.374
warmup,center,0,reverse,13.5917,1450.000,1169,rolling,1596.713,1288,1596.545,4.037,0,0,1783746704.439742804,0.387339,-0.290783,0.889163,-0.188850,,,0.562554,-0.496779,0.034063,0.747,1.374
warmup,center,0,reverse,13.6133,1450.000,1169,rolling,1596.713,1288,1596.545,4.037,0,0,1783746704.439742804,0.387339,-0.290783,0.889163,-0.188850,,,0.562554,-0.496779,0.034063,0.747,1.374
warmup,center,0,reverse,13.6348,1450.000,1169,rolling,1596.713,1288,1596.545,4.037,0,0,1783746704.439742804,0.387339,-0.290783,0.889163,-0.188850,,,0.562554,-0.496779,0.034063,0.747,1.374
warmup,center,0,reverse,13.6564,1450.000,1169,rolling,1596.713,1288,1596.545,4.037,0,0,1783746704.439742804,0.387339,-0.290783,0.889163,-0.188850,,,0.562554,-0.496779,0.034063,0.745,1.398
warmup,center,0,reverse,13.6783,1450.000,1169,rolling,1596.524,1288,1596.542,4.033,1,40,1783746704.540414572,0.370830,-0.308273,0.892066,-0.201190,-0.0239809,0.0029034,0.586535,-0.520760,0.036967,0.745,1.398
warmup,center,0,reverse,13.6924,1450.000,1169,rolling,1596.524,1288,1596.542,4.033,0,0,1783746704.540414572,0.370830,-0.308273,0.892066,-0.201190,,,0.586535,-0.520760,0.036967,0.745,1.398
warmup,center,0,reverse,13.7140,1450.000,1169,rolling,1596.524,1288,1596.542,4.033,0,0,1783746704.540414572,0.370830,-0.308273,0.892066,-0.201190,,,0.586535,-0.520760,0.036967,0.745,1.398
warmup,center,0,reverse,13.7356,1450.000,1169,rolling,1596.524,1288,1596.542,4.033,0,0,1783746704.540414572,0.370830,-0.308273,0.892066,-0.201190,,,0.586535,-0.520760,0.036967,0.745,1.398
warmup,center,0,reverse,13.7575,1450.000,1169,rolling,1596.524,1288,1596.542,4.033,0,0,1783746704.540414572,0.370830,-0.308273,0.892066,-0.201190,,,0.586535,-0.520760,0.036967,1.476,1.417
warmup,center,0,reverse,13.7795,1450.000,1169,rolling,1596.524,1288,1596.542,4.033,0,0,1783746704.540414572,0.370830,-0.308273,0.892066,-0.201190,,,0.586535,-0.520760,0.036967,1.476,1.417
warmup,center,0,reverse,13.8019,1450.000,1169,rolling,1596.539,1288,1596.541,4.032,1,41,1783746704.640369892,0.359389,-0.324353,0.894319,-0.200165,-0.0197004,0.0022524,0.606235,-0.540460,0.039219,1.476,1.417
warmup,center,0,reverse,13.8087,1450.000,1169,rolling,1596.539,1288,1596.541,4.032,0,0,1783746704.640369892,0.359389,-0.324353,0.894319,-0.200165,,,0.606235,-0.540460,0.039219,1.476,1.417
warmup,center,0,reverse,13.8307,1450.000,1169,rolling,1596.539,1288,1596.541,4.032,0,0,1783746704.640369892,0.359389,-0.324353,0.894319,-0.200165,,,0.606235,-0.540460,0.039219,1.476,1.417
warmup,center,0,reverse,13.8525,1450.000,1169,rolling,1596.539,1288,1596.541,4.032,0,0,1783746704.640369892,0.359389,-0.324353,0.894319,-0.200165,,,0.606235,-0.540460,0.039219,1.476,1.417
warmup,center,0,reverse,13.8741,1450.000,1169,rolling,1596.539,1288,1596.541,4.032,0,0,1783746704.640369892,0.359389,-0.324353,0.894319,-0.200165,,,0.606235,-0.540460,0.039219,1.452,1.441
warmup,center,0,reverse,13.8791,1450.000,1169,rolling,1596.289,1287,1596.499,3.990,1,42,1783746704.741049528,0.341849,-0.343268,0.894117,-0.214015,-0.0257302,-0.0002015,0.631965,-0.566190,0.039018,1.452,1.441
warmup,center,0,reverse,13.8939,1450.000,1169,rolling,1596.289,1287,1596.499,3.990,0,0,1783746704.741049528,0.341849,-0.343268,0.894117,-0.214015,,,0.631965,-0.566190,0.039018,1.452,1.441
warmup,center,0,reverse,13.9156,1450.000,1169,rolling,1596.289,1287,1596.499,3.990,0,0,1783746704.741049528,0.341849,-0.343268,0.894117,-0.214015,,,0.631965,-0.566190,0.039018,1.452,1.441
warmup,center,0,reverse,13.9373,1450.000,1169,rolling,1596.289,1287,1596.499,3.990,0,0,1783746704.741049528,0.341849,-0.343268,0.894117,-0.214015,,,0.631965,-0.566190,0.039018,1.452,1.441
warmup,center,0,reverse,13.9588,1450.000,1169,rolling,1596.289,1287,1596.499,3.990,0,0,1783746704.741049528,0.341849,-0.343268,0.894117,-0.214015,,,0.631965,-0.566190,0.039018,1.427,1.467
warmup,center,0,reverse,13.9794,1450.000,1169,rolling,1595.894,1287,1596.398,3.889,1,43,1783746704.841207743,0.322368,-0.365171,0.893295,-0.233588,-0.0292767,-0.0008220,0.661242,-0.595467,0.038196,1.427,1.467
warmup,center,0,reverse,13.9952,1450.000,1169,rolling,1595.894,1287,1596.398,3.889,0,0,1783746704.841207743,0.322368,-0.365171,0.893295,-0.233588,,,0.661242,-0.595467,0.038196,1.427,1.467
warmup,center,0,reverse,14.0168,1450.000,1169,rolling,1595.894,1287,1596.398,3.889,0,0,1783746704.841207743,0.322368,-0.365171,0.893295,-0.233588,,,0.661242,-0.595467,0.038196,1.427,1.467
warmup,center,0,reverse,14.0383,1450.000,1169,rolling,1595.894,1287,1596.398,3.889,0,0,1783746704.841207743,0.322368,-0.365171,0.893295,-0.233588,,,0.661242,-0.595467,0.038196,1.427,1.467
warmup,center,0,reverse,14.0598,1450.000,1169,rolling,1595.894,1287,1596.398,3.889,0,0,1783746704.841207743,0.322368,-0.365171,0.893295,-0.233588,,,0.661242,-0.595467,0.038196,1.399,1.490
warmup,center,0,reverse,14.0803,1450.000,1169,rolling,1595.500,1287,1596.248,3.739,1,44,1783746704.941488743,0.309337,-0.393114,0.894329,-0.249840,-0.0299434,0.0010336,0.691186,-0.625410,0.039229,1.399,1.490
warmup,center,0,reverse,14.0932,1450.000,1169,rolling,1595.500,1287,1596.248,3.739,0,0,1783746704.941488743,0.309337,-0.393114,0.894329,-0.249840,,,0.691186,-0.625410,0.039229,1.399,1.490
warmup,center,0,reverse,14.1149,1450.000,1169,rolling,1595.500,1287,1596.248,3.739,0,0,1783746704.941488743,0.309337,-0.393114,0.894329,-0.249840,,,0.691186,-0.625410,0.039229,1.399,1.490
warmup,center,0,reverse,14.1365,1450.000,1169,rolling,1595.500,1287,1596.248,3.739,0,0,1783746704.941488743,0.309337,-0.393114,0.894329,-0.249840,,,0.691186,-0.625410,0.039229,1.399,1.490
warmup,center,0,reverse,14.1581,1450.000,1169,rolling,1595.500,1287,1596.248,3.739,0,0,1783746704.941488743,0.309337,-0.393114,0.894329,-0.249840,,,0.691186,-0.625410,0.039229,1.373,1.513
warmup,center,0,reverse,14.1802,1450.000,1169,rolling,1595.326,1287,1596.093,3.585,1,45,1783746705.042253733,0.296057,-0.415414,0.897671,-0.251165,-0.0257095,0.0033423,0.716895,-0.651120,0.042572,1.373,1.513
warmup,center,0,reverse,14.1977,1450.000,1169,rolling,1595.326,1287,1596.093,3.585,0,0,1783746705.042253733,0.296057,-0.415414,0.897671,-0.251165,,,0.716895,-0.651120,0.042572,1.373,1.513
warmup,center,0,reverse,14.2193,1450.000,1169,rolling,1595.326,1287,1596.093,3.585,0,0,1783746705.042253733,0.296057,-0.415414,0.897671,-0.251165,,,0.716895,-0.651120,0.042572,1.373,1.513
warmup,center,0,reverse,14.2408,1450.000,1169,rolling,1595.326,1287,1596.093,3.585,0,0,1783746705.042253733,0.296057,-0.415414,0.897671,-0.251165,,,0.716895,-0.651120,0.042572,1.373,1.513
warmup,center,0,reverse,14.2624,1450.000,1169,rolling,1595.326,1287,1596.093,3.585,0,0,1783746705.042253733,0.296057,-0.415414,0.897671,-0.251165,,,0.716895,-0.651120,0.042572,1.349,1.538
warmup,center,0,reverse,14.2807,1450.000,1169,rolling,1595.013,1286,1595.913,3.405,1,46,1783746705.142301083,0.277600,-0.437364,0.899372,-0.260010,-0.0286681,0.0017006,0.745563,-0.679788,0.044272,1.349,1.538
warmup,center,0,reverse,14.2989,1450.000,1169,rolling,1595.013,1286,1595.913,3.405,0,0,1783746705.142301083,0.277600,-0.437364,0.899372,-0.260010,,,0.745563,-0.679788,0.044272,1.349,1.538
warmup,center,0,reverse,14.3205,1450.000,1169,rolling,1595.013,1286,1595.913,3.405,0,0,1783746705.142301083,0.277600,-0.437364,0.899372,-0.260010,,,0.745563,-0.679788,0.044272,1.349,1.538
warmup,center,0,reverse,14.3420,1450.000,1169,rolling,1595.013,1286,1595.913,3.405,0,0,1783746705.142301083,0.277600,-0.437364,0.899372,-0.260010,,,0.745563,-0.679788,0.044272,1.349,1.538
warmup,center,0,reverse,14.3636,1450.000,1169,rolling,1595.013,1286,1595.913,3.405,0,0,1783746705.142301083,0.277600,-0.437364,0.899372,-0.260010,,,0.745563,-0.679788,0.044272,1.327,1.559
warmup,center,0,reverse,14.3813,1450.000,1169,rolling,1594.698,1286,1595.710,3.201,1,47,1783746705.242807627,0.258067,-0.459036,0.902510,-0.267433,-0.0291166,0.0031386,0.774680,-0.708905,0.047411,1.327,1.559
probe,lower,1,forward,16.7765,1400.000,1129,startup,1418.077,1144,1415.317,-4.066,1,1,1783746707.639804840,0.239032,-0.486908,0.903631,0.013849,0.0000399,-0.0005217,0.000040,0.000000,0.000000,1.292,1.584
probe,lower,1,forward,16.7961,1400.000,1129,startup,1418.077,1144,1415.317,-4.066,0,0,1783746707.639804840,0.239032,-0.486908,0.903631,0.013849,,,0.000040,0.000000,0.000000,1.292,1.584
probe,lower,1,forward,16.8177,1400.000,1129,startup,1418.077,1144,1415.317,-4.066,0,0,1783746707.639804840,0.239032,-0.486908,0.903631,0.013849,,,0.000040,0.000000,0.000000,1.292,1.584
probe,lower,1,forward,16.8393,1400.000,1129,startup,1418.077,1144,1415.317,-4.066,0,0,1783746707.639804840,0.239032,-0.486908,0.903631,0.013849,,,0.000040,0.000000,0.000000,1.292,1.584
probe,lower,1,forward,16.8610,1400.000,1129,startup,1418.077,1144,1415.317,-4.066,0,0,1783746707.639804840,0.239032,-0.486908,0.903631,0.013849,,,0.000040,0.000000,0.000000,1.293,1.583
probe,lower,1,forward,16.8782,1400.000,1129,startup,1416.837,1143,1415.317,-4.066,1,2,1783746707.739847183,0.236106,-0.485620,0.904422,0.008392,-0.0007982,0.0007912,0.000838,0.000000,0.000000,1.293,1.583
probe,lower,1,forward,16.8952,1400.000,1129,startup,1416.837,1143,1415.317,-4.066,0,0,1783746707.739847183,0.236106,-0.485620,0.904422,0.008392,,,0.000838,0.000000,0.000000,1.293,1.583
probe,lower,1,forward,16.9168,1400.000,1129,startup,1416.837,1143,1415.317,-4.066,0,0,1783746707.739847183,0.236106,-0.485620,0.904422,0.008392,,,0.000838,0.000000,0.000000,1.293,1.583
probe,lower,1,forward,16.9384,1400.000,1129,startup,1416.837,1143,1415.317,-4.066,0,0,1783746707.739847183,0.236106,-0.485620,0.904422,0.008392,,,0.000838,0.000000,0.000000,1.293,1.583
probe,lower,1,forward,16.9599,1400.000,1129,startup,1416.837,1143,1415.317,-4.066,0,0,1783746707.739847183,0.236106,-0.485620,0.904422,0.008392,,,0.000838,0.000000,0.000000,1.291,1.577
probe,lower,1,forward,16.9762,1400.000,1129,startup,1415.597,1142,1415.317,-4.066,1,3,1783746707.840405703,0.236372,-0.490627,0.906191,-0.003089,-0.0037741,0.0017696,0.004612,0.000000,0.000000,1.291,1.577
probe,lower,1,forward,16.9938,1400.000,1129,startup,1415.597,1142,1415.317,-4.066,0,0,1783746707.840405703,0.236372,-0.490627,0.906191,-0.003089,,,0.004612,0.000000,0.000000,1.291,1.577
probe,lower,1,forward,17.0155,1400.000,1129,startup,1415.597,1142,1415.317,-4.066,0,0,1783746707.840405703,0.236372,-0.490627,0.906191,-0.003089,,,0.004612,0.000000,0.000000,1.291,1.577
probe,lower,1,forward,17.0370,1400.000,1129,startup,1415.597,1142,1415.317,-4.066,0,0,1783746707.840405703,0.236372,-0.490627,0.906191,-0.003089,,,0.004612,0.000000,0.000000,1.291,1.577
probe,lower,1,forward,17.0585,1400.000,1129,startup,1415.597,1142,1415.317,-4.066,0,0,1783746707.840405703,0.236372,-0.490627,0.906191,-0.003089,,,0.004612,0.000000,0.000000,1.301,1.570
probe,lower,1,forward,17.0765,1400.000,1129,startup,1414.357,1141,1415.317,-4.066,1,4,1783746707.938375711,0.242182,-0.490013,0.907443,0.008055,0.0040643,0.0012513,0.008677,0.000000,0.000000,1.301,1.570
probe,lower,1,forward,17.0975,1400.000,1129,startup,1414.357,1141,1415.317,-4.066,0,0,1783746707.938375711,0.242182,-0.490013,0.907443,0.008055,,,0.008677,0.000000,0.000000,1.301,1.570
probe,lower,1,forward,17.1191,1400.000,1129,startup,1414.357,1141,1415.317,-4.066,0,0,1783746707.938375711,0.242182,-0.490013,0.907443,0.008055,,,0.008677,0.000000,0.000000,1.301,1.570
probe,lower,1,forward,17.1407,1400.000,1129,startup,1414.357,1141,1415.317,-4.066,0,0,1783746707.938375711,0.242182,-0.490013,0.907443,0.008055,,,0.008677,0.000000,0.000000,1.301,1.570
probe,lower,1,forward,17.1622,1400.000,1129,startup,1414.357,1141,1415.317,-4.066,0,0,1783746707.938375711,0.242182,-0.490013,0.907443,0.008055,,,0.008677,0.000000,0.000000,1.310,1.563
probe,lower,1,forward,17.1772,1400.000,1129,startup,1411.257,1138,1415.317,-4.066,1,5,1783746708.038521290,0.247766,-0.480357,0.906485,0.033616,0.0110459,-0.0009581,0.019722,0.000000,0.000000,1.310,1.563
probe,lower,1,forward,17.1909,1400.000,1129,startup,1411.257,1138,1415.317,-4.066,0,0,1783746708.038521290,0.247766,-0.480357,0.906485,0.033616,,,0.019722,0.000000,0.000000,1.310,1.563
probe,lower,1,forward,17.2125,1400.000,1129,startup,1411.257,1138,1415.317,-4.066,0,0,1783746708.038521290,0.247766,-0.480357,0.906485,0.033616,,,0.019722,0.000000,0.000000,1.310,1.563
probe,lower,1,forward,17.2340,1400.000,1129,startup,1411.257,1138,1415.317,-4.066,0,0,1783746708.038521290,0.247766,-0.480357,0.906485,0.033616,,,0.019722,0.000000,0.000000,1.310,1.563
probe,lower,1,forward,17.2557,1400.000,1129,startup,1411.257,1138,1415.317,-4.066,0,0,1783746708.038521290,0.247766,-0.480357,0.906485,0.033616,,,0.019722,0.000000,0.000000,1.316,1.554
probe,lower,1,forward,17.2772,1400.000,1129,startup,1408.157,1136,1415.317,-4.066,1,6,1783746708.139130354,0.251189,-0.472638,0.903804,0.045550,0.0081851,-0.0026805,0.027907,0.000000,0.000000,1.316,1.554
probe,lower,1,forward,17.2903,1400.000,1129,startup,1408.157,1136,1415.317,-4.066,0,0,1783746708.139130354,0.251189,-0.472638,0.903804,0.045550,,,0.027907,0.000000,0.000000,1.316,1.554
probe,lower,1,forward,17.3120,1400.000,1129,startup,1408.157,1136,1415.317,-4.066,0,0,1783746708.139130354,0.251189,-0.472638,0.903804,0.045550,,,0.027907,0.000000,0.000000,1.316,1.554
probe,lower,1,forward,17.3335,1400.000,1129,startup,1408.157,1136,1415.317,-4.066,0,0,1783746708.139130354,0.251189,-0.472638,0.903804,0.045550,,,0.027907,0.000000,0.000000,1.316,1.554
probe,lower,1,forward,17.3550,1400.000,1129,startup,1408.157,1136,1415.317,-4.066,0,0,1783746708.139130354,0.251189,-0.472638,0.903804,0.045550,,,0.027907,0.000000,0.000000,1.325,1.541
probe,lower,1,forward,17.3750,1400.000,1129,rolling,1415.317,1141,1415.317,-4.066,1,7,1783746708.239256859,0.260523,-0.463581,0.901025,0.066353,0.0128925,-0.0027788,0.040800,0.000000,0.000000,1.325,1.541
probe,lower,1,forward,17.3924,1400.000,1129,rolling,1415.317,1141,1415.317,-4.066,0,0,1783746708.239256859,0.260523,-0.463581,0.901025,0.066353,,,0.040800,0.000000,0.000000,1.325,1.541
probe,lower,1,forward,17.4142,1400.000,1129,rolling,1415.317,1141,1415.317,-4.066,0,0,1783746708.239256859,0.260523,-0.463581,0.901025,0.066353,,,0.040800,0.000000,0.000000,1.325,1.541
probe,lower,1,forward,17.4357,1400.000,1129,rolling,1415.317,1141,1415.317,-4.066,0,0,1783746708.239256859,0.260523,-0.463581,0.901025,0.066353,,,0.040800,0.000000,0.000000,1.325,1.541
probe,lower,1,forward,17.4572,1400.000,1129,rolling,1415.317,1141,1415.317,-4.066,0,0,1783746708.239256859,0.260523,-0.463581,0.901025,0.066353,,,0.040800,0.000000,0.000000,1.340,1.526
probe,lower,1,forward,17.4757,1400.000,1129,rolling,1412.786,1139,1414.993,-4.390,1,8,1783746708.337134123,0.272261,-0.452963,0.902462,0.089634,0.0156092,0.0014362,0.056409,0.000000,0.000000,1.340,1.526
probe,lower,1,forward,17.4940,1400.000,1129,rolling,1412.786,1139,1414.993,-4.390,0,0,1783746708.337134123,0.272261,-0.452963,0.902462,0.089634,,,0.056409,0.000000,0.000000,1.340,1.526
probe,lower,1,forward,17.5156,1400.000,1129,rolling,1412.786,1139,1414.993,-4.390,0,0,1783746708.337134123,0.272261,-0.452963,0.902462,0.089634,,,0.056409,0.000000,0.000000,1.340,1.526
probe,lower,1,forward,17.5372,1400.000,1129,rolling,1412.786,1139,1414.993,-4.390,0,0,1783746708.337134123,0.272261,-0.452963,0.902462,0.089634,,,0.056409,0.000000,0.000000,1.340,1.526
probe,lower,1,forward,17.5588,1400.000,1129,rolling,1412.786,1139,1414.993,-4.390,0,0,1783746708.337134123,0.272261,-0.452963,0.902462,0.089634,,,0.056409,0.000000,0.000000,1.358,1.510
probe,lower,1,forward,17.5759,1400.000,1129,rolling,1412.871,1139,1414.715,-4.669,1,9,1783746708.437877655,0.283818,-0.441241,0.901442,0.107831,0.0163630,-0.0010201,0.072772,0.016363,-0.001020,1.358,1.510
probe,lower,1,forward,17.5916,1400.000,1129,rolling,1412.871,1139,1414.715,-4.669,0,0,1783746708.437877655,0.283818,-0.441241,0.901442,0.107831,,,0.072772,0.016363,-0.001020,1.358,1.510
probe,lower,1,forward,17.6132,1400.000,1129,rolling,1412.871,1139,1414.715,-4.669,0,0,1783746708.437877655,0.283818,-0.441241,0.901442,0.107831,,,0.072772,0.016363,-0.001020,1.358,1.510
probe,lower,1,forward,17.6347,1400.000,1129,rolling,1412.871,1139,1414.715,-4.669,0,0,1783746708.437877655,0.283818,-0.441241,0.901442,0.107831,,,0.072772,0.016363,-0.001020,1.358,1.510
probe,lower,1,forward,17.6563,1400.000,1129,rolling,1412.871,1139,1414.715,-4.669,0,0,1783746708.437877655,0.283818,-0.441241,0.901442,0.107831,,,0.072772,0.016363,-0.001020,1.371,1.498
probe,lower,1,forward,17.6740,1400.000,1129,rolling,1412.862,1139,1414.473,-4.911,1,10,1783746708.538051605,0.293783,-0.429413,0.901845,0.119453,0.0154587,0.0004036,0.088231,0.031822,-0.000616,1.371,1.498
probe,lower,1,forward,17.6866,1400.000,1129,rolling,1412.862,1139,1414.473,-4.911,0,0,1783746708.538051605,0.293783,-0.429413,0.901845,0.119453,,,0.088231,0.031822,-0.000616,1.371,1.498
probe,lower,1,forward,17.7082,1400.000,1129,rolling,1412.862,1139,1414.473,-4.911,0,0,1783746708.538051605,0.293783,-0.429413,0.901845,0.119453,,,0.088231,0.031822,-0.000616,1.371,1.498
probe,lower,1,forward,17.7298,1400.000,1129,rolling,1412.862,1139,1414.473,-4.911,0,0,1783746708.538051605,0.293783,-0.429413,0.901845,0.119453,,,0.088231,0.031822,-0.000616,1.371,1.498
probe,lower,1,forward,17.7515,1400.000,1129,rolling,1412.862,1139,1414.473,-4.911,0,0,1783746708.538051605,0.293783,-0.429413,0.901845,0.119453,,,0.088231,0.031822,-0.000616,1.371,1.498
probe,lower,1,forward,17.7732,1400.000,1129,rolling,1412.862,1139,1414.473,-4.911,0,0,1783746708.538051605,0.293783,-0.429413,0.901845,0.119453,,,0.088231,0.031822,-0.000616,1.383,1.485
probe,lower,1,forward,17.7757,1400.000,1129,rolling,1412.579,1139,1414.230,-5.153,1,11,1783746708.635902643,0.298503,-0.419260,0.900058,0.117410,0.0108891,-0.0017873,0.099120,0.042711,-0.002404,1.383,1.485
probe,lower,1,forward,17.7924,1400.000,1129,rolling,1412.579,1139,1414.230,-5.153,0,0,1783746708.635902643,0.298503,-0.419260,0.900058,0.117410,,,0.099120,0.042711,-0.002404,1.383,1.485
probe,lower,1,forward,17.8140,1400.000,1129,rolling,1412.579,1139,1414.230,-5.153,0,0,1783746708.635902643,0.298503,-0.419260,0.900058,0.117410,,,0.099120,0.042711,-0.002404,1.383,1.485
probe,lower,1,forward,17.8355,1400.000,1129,rolling,1412.579,1139,1414.230,-5.153,0,0,1783746708.635902643,0.298503,-0.419260,0.900058,0.117410,,,0.099120,0.042711,-0.002404,1.383,1.485
probe,lower,1,forward,17.8571,1400.000,1129,rolling,1412.579,1139,1414.230,-5.153,0,0,1783746708.635902643,0.298503,-0.419260,0.900058,0.117410,,,0.099120,0.042711,-0.002404,1.396,1.474
probe,lower,1,forward,17.8747,1400.000,1129,rolling,1412.461,1139,1413.999,-5.385,1,12,1783746708.736370802,0.304829,-0.406287,0.899254,0.123129,0.0140942,-0.0008035,0.113214,0.056805,-0.003207,1.396,1.474
probe,lower,1,forward,17.8896,1400.000,1129,rolling,1412.461,1139,1413.999,-5.385,0,0,1783746708.736370802,0.304829,-0.406287,0.899254,0.123129,,,0.113214,0.056805,-0.003207,1.396,1.474
probe,lower,1,forward,17.9115,1400.000,1129,rolling,1412.461,1139,1413.999,-5.385,0,0,1783746708.736370802,0.304829,-0.406287,0.899254,0.123129,,,0.113214,0.056805,-0.003207,1.396,1.474
probe,lower,1,forward,17.9333,1400.000,1129,rolling,1412.461,1139,1413.999,-5.385,0,0,1783746708.736370802,0.304829,-0.406287,0.899254,0.123129,,,0.113214,0.056805,-0.003207,1.396,1.474
probe,lower,1,forward,17.9556,1400.000,1129,rolling,1412.461,1139,1413.999,-5.385,0,0,1783746708.736370802,0.304829,-0.406287,0.899254,0.123129,,,0.113214,0.056805,-0.003207,1.413,1.457
probe,lower,1,forward,17.9724,1400.000,1129,rolling,1412.593,1139,1413.815,-5.569,1,13,1783746708.836764812,0.309594,-0.386158,0.894408,0.138917,0.0187015,-0.0048462,0.131916,0.075506,-0.008053,1.413,1.457
probe,lower,1,forward,17.9936,1400.000,1129,rolling,1412.593,1139,1413.815,-5.569,0,0,1783746708.836764812,0.309594,-0.386158,0.894408,0.138917,,,0.131916,0.075506,-0.008053,1.413,1.457
probe,lower,1,forward,18.0152,1400.000,1129,rolling,1412.593,1139,1413.815,-5.569,0,0,1783746708.836764812,0.309594,-0.386158,0.894408,0.138917,,,0.131916,0.075506,-0.008053,1.413,1.457
probe,lower,1,forward,18.0367,1400.000,1129,rolling,1412.593,1139,1413.815,-5.569,0,0,1783746708.836764812,0.309594,-0.386158,0.894408,0.138917,,,0.131916,0.075506,-0.008053,1.413,1.457
probe,lower,1,forward,18.0583,1400.000,1129,rolling,1412.593,1139,1413.815,-5.569,0,0,1783746708.836764812,0.309594,-0.386158,0.894408,0.138917,,,0.131916,0.075506,-0.008053,1.429,1.441
probe,lower,1,forward,18.0729,1400.000,1129,rolling,1412.593,1139,1413.815,-5.569,0,0,1783746708.836764812,0.309594,-0.386158,0.894408,0.138917,,,0.131916,0.075506,-0.008053,1.429,1.441
probe,lower,1,forward,18.0948,1400.000,1129,rolling,1412.879,1139,1413.695,-5.689,1,14,1783746708.934747696,0.327582,-0.372952,0.892565,0.159207,0.0215638,-0.0018434,0.153479,0.097070,-0.009897,1.429,1.441
probe,lower,1,forward,18.0969,1400.000,1129,rolling,1412.879,1139,1413.695,-5.689,0,0,1783746708.934747696,0.327582,-0.372952,0.892565,0.159207,,,0.153479,0.097070,-0.009897,1.429,1.441
probe,lower,1,forward,18.1184,1400.000,1129,rolling,1412.879,1139,1413.695,-5.689,0,0,1783746708.934747696,0.327582,-0.372952,0.892565,0.159207,,,0.153479,0.097070,-0.009897,1.429,1.441
probe,lower,1,forward,18.1400,1400.000,1129,rolling,1412.879,1139,1413.695,-5.689,0,0,1783746708.934747696,0.327582,-0.372952,0.892565,0.159207,,,0.153479,0.097070,-0.009897,1.429,1.441
probe,lower,1,forward,18.1615,1400.000,1129,rolling,1412.879,1139,1413.695,-5.689,0,0,1783746708.934747696,0.327582,-0.372952,0.892565,0.159207,,,0.153479,0.097070,-0.009897,1.450,1.424
probe,lower,1,forward,18.1737,1400.000,1129,rolling,1412.866,1139,1413.587,-5.797,1,15,1783746709.034952641,0.340947,-0.360771,0.890439,0.163997,0.0178734,-0.0021254,0.171353,0.114944,-0.012022,1.450,1.424
probe,lower,1,forward,18.1848,1400.000,1129,rolling,1412.866,1139,1413.587,-5.797,0,0,1783746709.034952641,0.340947,-0.360771,0.890439,0.163997,,,0.171353,0.114944,-0.012022,1.450,1.424
probe,lower,1,forward,18.2065,1400.000,1129,rolling,1412.866,1139,1413.587,-5.797,0,0,1783746709.034952641,0.340947,-0.360771,0.890439,0.163997,,,0.171353,0.114944,-0.012022,1.450,1.424
probe,lower,1,forward,18.2280,1400.000,1129,rolling,1412.866,1139,1413.587,-5.797,0,0,1783746709.034952641,0.340947,-0.360771,0.890439,0.163997,,,0.171353,0.114944,-0.012022,1.450,1.424
probe,lower,1,forward,18.2495,1400.000,1129,rolling,1412.866,1139,1413.587,-5.797,0,0,1783746709.034952641,0.340947,-0.360771,0.890439,0.163997,,,0.171353,0.114944,-0.012022,1.450,1.424
probe,lower,1,forward,18.2711,1400.000,1129,rolling,1412.866,1139,1413.587,-5.797,0,0,1783746709.034952641,0.340947,-0.360771,0.890439,0.163997,,,0.171353,0.114944,-0.012022,1.465,1.404
probe,lower,1,forward,18.2739,1400.000,1129,rolling,1412.724,1139,1413.473,-5.910,1,16,1783746709.135432243,0.354957,-0.351690,0.887943,0.162504,0.0158784,-0.0024965,0.187231,0.130822,-0.014519,1.465,1.404
probe,lower,1,forward,18.2864,1400.000,1129,rolling,1412.724,1139,1413.473,-5.910,0,0,1783746709.135432243,0.354957,-0.351690,0.887943,0.162504,,,0.187231,0.130822,-0.014519,1.465,1.404
probe,lower,1,forward,18.3080,1400.000,1129,rolling,1412.724,1139,1413.473,-5.910,0,0,1783746709.135432243,0.354957,-0.351690,0.887943,0.162504,,,0.187231,0.130822,-0.014519,1.465,1.404
probe,lower,1,forward,18.3296,1400.000,1129,rolling,1412.724,1139,1413.473,-5.910,0,0,1783746709.135432243,0.354957,-0.351690,0.887943,0.162504,,,0.187231,0.130822,-0.014519,1.465,1.404
probe,lower,1,forward,18.3511,1400.000,1129,rolling,1412.724,1139,1413.473,-5.910,0,0,1783746709.135432243,0.354957,-0.351690,0.887943,0.162504,,,0.187231,0.130822,-0.014519,1.465,1.404
probe,lower,1,forward,18.3727,1400.000,1129,rolling,1412.724,1139,1413.473,-5.910,0,0,1783746709.135432243,0.354957,-0.351690,0.887943,0.162504,,,0.187231,0.130822,-0.014519,1.484,1.389
probe,lower,1,forward,18.3751,1400.000,1129,rolling,1412.906,1139,1413.399,-5.985,1,17,1783746709.235921383,0.372720,-0.338441,0.885364,0.175352,0.0214942,-0.0025794,0.208725,0.152316,-0.017098,1.484,1.389
probe,lower,1,forward,18.3958,1400.000,1129,rolling,1412.906,1139,1413.399,-5.985,0,0,1783746709.235921383,0.372720,-0.338441,0.885364,0.175352,,,0.208725,0.152316,-0.017098,1.484,1.389
probe,lower,1,forward,18.4174,1400.000,1129,rolling,1412.906,1139,1413.399,-5.985,0,0,1783746709.235921383,0.372720,-0.338441,0.885364,0.175352,,,0.208725,0.152316,-0.017098,1.484,1.389
probe,lower,1,forward,18.4390,1400.000,1129,rolling,1412.906,1139,1413.399,-5.985,0,0,1783746709.235921383,0.372720,-0.338441,0.885364,0.175352,,,0.208725,0.152316,-0.017098,1.484,1.389
probe,lower,1,forward,18.4606,1400.000,1129,rolling,1412.906,1139,1413.399,-5.985,0,0,1783746709.235921383,0.372720,-0.338441,0.885364,0.175352,,,0.208725,0.152316,-0.017098,0.750,1.368
probe,lower,1,forward,18.4748,1400.000,1129,rolling,1413.097,1140,1413.360,-6.024,1,18,1783746709.336331367,0.386830,-0.321261,0.882089,0.186866,0.0222314,-0.0032745,0.230957,0.174547,-0.020373,0.750,1.368
probe,lower,1,forward,18.4840,1400.000,1129,rolling,1413.097,1140,1413.360,-6.024,0,0,1783746709.336331367,0.386830,-0.321261,0.882089,0.186866,,,0.230957,0.174547,-0.020373,0.750,1.368
probe,lower,1,forward,18.5056,1400.000,1129,rolling,1413.097,1140,1413.360,-6.024,0,0,1783746709.336331367,0.386830,-0.321261,0.882089,0.186866,,,0.230957,0.174547,-0.020373,0.750,1.368
probe,lower,1,forward,18.5273,1400.000,1129,rolling,1413.097,1140,1413.360,-6.024,0,0,1783746709.336331367,0.386830,-0.321261,0.882089,0.186866,,,0.230957,0.174547,-0.020373,0.750,1.368
probe,lower,1,forward,18.5488,1400.000,1129,rolling,1413.097,1140,1413.360,-6.024,0,0,1783746709.336331367,0.386830,-0.321261,0.882089,0.186866,,,0.230957,0.174547,-0.020373,0.750,1.368
probe,lower,1,forward,18.5703,1400.000,1129,rolling,1413.097,1140,1413.360,-6.024,0,0,1783746709.336331367,0.386830,-0.321261,0.882089,0.186866,,,0.230957,0.174547,-0.020373,0.748,1.350
probe,lower,1,forward,18.5751,1400.000,1129,rolling,1413.085,1140,1413.324,-6.060,1,19,1783746709.436671257,0.399698,-0.306947,0.880917,0.188063,0.0192308,-0.0011719,0.250187,0.193778,-0.021545,0.748,1.350
probe,lower,1,forward,18.5876,1400.000,1129,rolling,1413.085,1140,1413.324,-6.060,0,0,1783746709.436671257,0.399698,-0.306947,0.880917,0.188063,,,0.250187,0.193778,-0.021545,0.748,1.350
probe,lower,1,forward,18.6093,1400.000,1129,rolling,1413.085,1140,1413.324,-6.060,0,0,1783746709.436671257,0.399698,-0.306947,0.880917,0.188063,,,0.250187,0.193778,-0.021545,0.748,1.350
probe,lower,1,forward,18.6308,1400.000,1129,rolling,1413.085,1140,1413.324,-6.060,0,0,1783746709.436671257,0.399698,-0.306947,0.880917,0.188063,,,0.250187,0.193778,-0.021545,0.748,1.350
probe,lower,1,forward,18.6524,1400.000,1129,rolling,1413.085,1140,1413.324,-6.060,0,0,1783746709.436671257,0.399698,-0.306947,0.880917,0.188063,,,0.250187,0.193778,-0.021545,0.748,1.350
probe,lower,1,forward,18.6739,1400.000,1129,rolling,1413.085,1140,1413.324,-6.060,0,0,1783746709.436671257,0.399698,-0.306947,0.880917,0.188063,,,0.250187,0.193778,-0.021545,0.753,1.336
probe,lower,1,forward,18.6765,1400.000,1129,rolling,1413.162,1140,1413.303,-6.081,1,20,1783746709.537277460,0.408546,-0.287141,0.878437,0.192984,0.0209004,-0.0024804,0.271088,0.214679,-0.024025,0.753,1.336
probe,lower,1,forward,18.6936,1400.000,1129,rolling,1413.162,1140,1413.303,-6.081,0,0,1783746709.537277460,0.408546,-0.287141,0.878437,0.192984,,,0.271088,0.214679,-0.024025,0.753,1.336
probe,lower,1,forward,18.7153,1400.000,1129,rolling,1413.162,1140,1413.303,-6.081,0,0,1783746709.537277460,0.408546,-0.287141,0.878437,0.192984,,,0.271088,0.214679,-0.024025,0.753,1.336
probe,lower,1,forward,18.7369,1400.000,1129,rolling,1413.162,1140,1413.303,-6.081,0,0,1783746709.537277460,0.408546,-0.287141,0.878437,0.192984,,,0.271088,0.214679,-0.024025,0.753,1.336
probe,lower,1,forward,18.7588,1400.000,1129,rolling,1413.162,1140,1413.303,-6.081,0,0,1783746709.537277460,0.408546,-0.287141,0.878437,0.192984,,,0.271088,0.214679,-0.024025,0.765,1.321
probe,lower,1,forward,18.7767,1400.000,1129,rolling,1413.397,1140,1413.315,-6.069,1,21,1783746709.637449503,0.412884,-0.259804,0.874941,0.204103,0.0237870,-0.0034956,0.294875,0.238466,-0.027521,0.765,1.321
probe,lower,1,forward,18.7929,1400.000,1129,rolling,1413.397,1140,1413.315,-6.069,0,0,1783746709.637449503,0.412884,-0.259804,0.874941,0.204103,,,0.294875,0.238466,-0.027521,0.765,1.321
probe,lower,1,forward,18.8145,1400.000,1129,rolling,1413.397,1140,1413.315,-6.069,0,0,1783746709.637449503,0.412884,-0.259804,0.874941,0.204103,,,0.294875,0.238466,-0.027521,0.765,1.321
probe,lower,1,forward,18.8361,1400.000,1129,rolling,1413.397,1140,1413.315,-6.069,0,0,1783746709.637449503,0.412884,-0.259804,0.874941,0.204103,,,0.294875,0.238466,-0.027521,0.765,1.321
probe,lower,1,forward,18.8576,1400.000,1129,rolling,1413.397,1140,1413.315,-6.069,0,0,1783746709.637449503,0.412884,-0.259804,0.874941,0.204103,,,0.294875,0.238466,-0.027521,0.768,1.305
probe,lower,1,forward,18.8763,1400.000,1129,rolling,1413.202,1140,1413.300,-6.084,1,22,1783746709.737975359,0.420803,-0.244379,0.868091,0.195112,0.0169023,-0.0068501,0.311777,0.255368,-0.034371,0.768,1.305
probe,lower,1,forward,18.8975,1400.000,1129,rolling,1413.202,1140,1413.300,-6.084,0,0,1783746709.737975359,0.420803,-0.244379,0.868091,0.195112,,,0.311777,0.255368,-0.034371,0.768,1.305
probe,lower,1,forward,18.9191,1400.000,1129,rolling,1413.202,1140,1413.300,-6.084,0,0,1783746709.737975359,0.420803,-0.244379,0.868091,0.195112,,,0.311777,0.255368,-0.034371,0.768,1.305
probe,lower,1,forward,18.9406,1400.000,1129,rolling,1413.202,1140,1413.300,-6.084,0,0,1783746709.737975359,0.420803,-0.244379,0.868091,0.195112,,,0.311777,0.255368,-0.034371,0.768,1.305
probe,lower,1,forward,18.9621,1400.000,1129,rolling,1413.202,1140,1413.300,-6.084,0,0,1783746709.737975359,0.420803,-0.244379,0.868091,0.195112,,,0.311777,0.255368,-0.034371,0.783,1.292
probe,lower,1,forward,18.9765,1400.000,1129,rolling,1413.084,1140,1413.272,-6.112,1,23,1783746709.838476658,0.434358,-0.232541,0.863722,0.190611,0.0177993,-0.0043690,0.329577,0.273167,-0.038740,0.783,1.292
probe,lower,1,forward,18.9935,1400.000,1129,rolling,1413.084,1140,1413.272,-6.112,0,0,1783746709.838476658,0.434358,-0.232541,0.863722,0.190611,,,0.329577,0.273167,-0.038740,0.783,1.292
probe,lower,1,forward,19.0151,1400.000,1129,rolling,1413.084,1140,1413.272,-6.112,0,0,1783746709.838476658,0.434358,-0.232541,0.863722,0.190611,,,0.329577,0.273167,-0.038740,0.783,1.292
probe,lower,1,forward,19.0367,1400.000,1129,rolling,1413.084,1140,1413.272,-6.112,0,0,1783746709.838476658,0.434358,-0.232541,0.863722,0.190611,,,0.329577,0.273167,-0.038740,0.783,1.292
probe,lower,1,forward,19.0583,1400.000,1129,rolling,1413.084,1140,1413.272,-6.112,0,0,1783746709.838476658,0.434358,-0.232541,0.863722,0.190611,,,0.329577,0.273167,-0.038740,0.789,1.278
probe,lower,1,forward,19.0774,1400.000,1129,rolling,1412.792,1139,1413.209,-6.175,1,24,1783746709.938656330,0.440202,-0.218464,0.862005,0.179130,0.0144948,-0.0017167,0.344071,0.287662,-0.040456,0.789,1.278
probe,lower,1,forward,19.0901,1400.000,1129,rolling,1412.792,1139,1413.209,-6.175,0,0,1783746709.938656330,0.440202,-0.218464,0.862005,0.179130,,,0.344071,0.287662,-0.040456,0.789,1.278
probe,lower,1,forward,19.1118,1400.000,1129,rolling,1412.792,1139,1413.209,-6.175,0,0,1783746709.938656330,0.440202,-0.218464,0.862005,0.179130,,,0.344071,0.287662,-0.040456,0.789,1.278
probe,lower,1,forward,19.1333,1400.000,1129,rolling,1412.792,1139,1413.209,-6.175,0,0,1783746709.938656330,0.440202,-0.218464,0.862005,0.179130,,,0.344071,0.287662,-0.040456,0.789,1.278
probe,lower,1,forward,19.1549,1400.000,1129,rolling,1412.792,1139,1413.209,-6.175,0,0,1783746709.938656330,0.440202,-0.218464,0.862005,0.179130,,,0.344071,0.287662,-0.040456,0.781,1.263
probe,lower,1,forward,19.1774,1400.000,1129,rolling,1412.792,1139,1413.209,-6.175,0,0,1783746709.938656330,0.440202,-0.218464,0.862005,0.179130,,,0.344071,0.287662,-0.040456,0.781,1.263
probe,lower,1,forward,19.1787,1400.000,1129,rolling,1412.387,1139,1413.102,-6.282,1,25,1783746710.038967133,0.448945,-0.210141,0.859393,0.164281,0.0120108,-0.0026124,0.356082,0.299673,-0.043069,0.781,1.263
probe,lower,1,forward,19.1924,1400.000,1129,rolling,1412.387,1139,1413.102,-6.282,0,0,1783746710.038967133,0.448945,-0.210141,0.859393,0.164281,,,0.356082,0.299673,-0.043069,0.781,1.263
probe,lower,1,forward,19.2141,1400.000,1129,rolling,1412.387,1139,1413.102,-6.282,0,0,1783746710.038967133,0.448945,-0.210141,0.859393,0.164281,,,0.356082,0.299673,-0.043069,0.781,1.263
probe,lower,1,forward,19.2358,1400.000,1129,rolling,1412.387,1139,1413.102,-6.282,0,0,1783746710.038967133,0.448945,-0.210141,0.859393,0.164281,,,0.356082,0.299673,-0.043069,0.781,1.263
probe,lower,1,forward,19.2574,1400.000,1129,rolling,1412.387,1139,1413.102,-6.282,0,0,1783746710.038967133,0.448945,-0.210141,0.859393,0.164281,,,0.356082,0.299673,-0.043069,0.794,1.247
probe,lower,1,forward,19.2776,1400.000,1129,rolling,1412.196,1139,1412.983,-6.401,1,26,1783746710.139424562,0.458918,-0.198867,0.859045,0.160667,0.0150512,-0.0003476,0.371133,0.314724,-0.043416,0.794,1.247
probe,lower,1,forward,19.2941,1400.000,1129,rolling,1412.196,1139,1412.983,-6.401,0,0,1783746710.139424562,0.458918,-0.198867,0.859045,0.160667,,,0.371133,0.314724,-0.043416,0.794,1.247
probe,lower,1,forward,19.3158,1400.000,1129,rolling,1412.196,1139,1412.983,-6.401,0,0,1783746710.139424562,0.458918,-0.198867,0.859045,0.160667,,,0.371133,0.314724,-0.043416,0.794,1.247
probe,lower,1,forward,19.3373,1400.000,1129,rolling,1412.196,1139,1412.983,-6.401,0,0,1783746710.139424562,0.458918,-0.198867,0.859045,0.160667,,,0.371133,0.314724,-0.043416,0.794,1.247
probe,lower,1,forward,19.3589,1400.000,1129,rolling,1412.196,1139,1412.983,-6.401,0,0,1783746710.139424562,0.458918,-0.198867,0.859045,0.160667,,,0.371133,0.314724,-0.043416,0.791,1.230
probe,lower,1,forward,19.3778,1400.000,1129,rolling,1412.196,1139,1412.983,-6.401,0,0,1783746710.139424562,0.458918,-0.198867,0.859045,0.160667,,,0.371133,0.314724,-0.043416,0.791,1.230
probe,lower,1,forward,19.3996,1400.000,1129,rolling,1412.511,1139,1412.921,-6.462,1,27,1783746710.239624977,0.472424,-0.179283,0.856060,0.179500,0.0236471,-0.0029857,0.394780,0.338371,-0.046402,0.791,1.230
probe,lower,1,forward,19.4112,1400.000,1129,rolling,1412.511,1139,1412.921,-6.462,0,0,1783746710.239624977,0.472424,-0.179283,0.856060,0.179500,,,0.394780,0.338371,-0.046402,0.791,1.230
probe,lower,1,forward,19.4328,1400.000,1129,rolling,1412.511,1139,1412.921,-6.462,0,0,1783746710.239624977,0.472424,-0.179283,0.856060,0.179500,,,0.394780,0.338371,-0.046402,0.791,1.230
probe,lower,1,forward,19.4543,1400.000,1129,rolling,1412.511,1139,1412.921,-6.462,0,0,1783746710.239624977,0.472424,-0.179283,0.856060,0.179500,,,0.394780,0.338371,-0.046402,0.796,1.216
probe,lower,1,forward,19.4759,1400.000,1129,rolling,1412.784,1139,1412.903,-6.480,1,28,1783746710.339983463,0.490098,-0.163051,0.854928,0.194023,0.0238445,-0.0011315,0.418625,0.362216,-0.047533,0.796,1.216
probe,lower,1,forward,19.4940,1400.000,1129,rolling,1412.784,1139,1412.903,-6.480,0,0,1783746710.339983463,0.490098,-0.163051,0.854928,0.194023,,,0.418625,0.362216,-0.047533,0.796,1.216
probe,lower,1,forward,19.5157,1400.000,1129,rolling,1412.784,1139,1412.903,-6.480,0,0,1783746710.339983463,0.490098,-0.163051,0.854928,0.194023,,,0.418625,0.362216,-0.047533,0.796,1.216
probe,lower,1,forward,19.5373,1400.000,1129,rolling,1412.784,1139,1412.903,-6.480,0,0,1783746710.339983463,0.490098,-0.163051,0.854928,0.194023,,,0.418625,0.362216,-0.047533,0.796,1.216
probe,lower,1,forward,19.5588,1400.000,1129,rolling,1412.784,1139,1412.903,-6.480,0,0,1783746710.339983463,0.490098,-0.163051,0.854928,0.194023,,,0.418625,0.362216,-0.047533,0.795,1.199
probe,lower,1,forward,19.5765,1400.000,1129,rolling,1412.891,1139,1412.902,-6.482,1,29,1783746710.438060284,0.505885,-0.148737,0.854786,0.199456,0.0211606,-0.0001424,0.439785,0.383376,-0.047676,0.795,1.199
probe,lower,1,forward,19.5920,1400.000,1129,rolling,1412.891,1139,1412.902,-6.482,0,0,1783746710.438060284,0.505885,-0.148737,0.854786,0.199456,,,0.439785,0.383376,-0.047676,0.795,1.199
probe,lower,1,forward,19.6136,1400.000,1129,rolling,1412.891,1139,1412.902,-6.482,0,0,1783746710.438060284,0.505885,-0.148737,0.854786,0.199456,,,0.439785,0.383376,-0.047676,0.795,1.199
probe,lower,1,forward,19.6352,1400.000,1129,rolling,1412.891,1139,1412.902,-6.482,0,0,1783746710.438060284,0.505885,-0.148737,0.854786,0.199456,,,0.439785,0.383376,-0.047676,0.795,1.199
probe,lower,1,forward,19.6567,1400.000,1129,rolling,1412.891,1139,1412.902,-6.482,0,0,1783746710.438060284,0.505885,-0.148737,0.854786,0.199456,,,0.439785,0.383376,-0.047676,0.790,1.183
probe,lower,1,forward,19.6769,1400.000,1129,rolling,1412.676,1139,1412.872,-6.512,1,30,1783746710.538596869,0.516338,-0.136201,0.854492,0.190173,0.0163195,-0.0002934,0.456105,0.399696,-0.047969,0.790,1.183
probe,lower,1,forward,19.6896,1400.000,1129,rolling,1412.676,1139,1412.872,-6.512,0,0,1783746710.538596869,0.516338,-0.136201,0.854492,0.190173,,,0.456105,0.399696,-0.047969,0.790,1.183
probe,lower,1,forward,19.7113,1400.000,1129,rolling,1412.676,1139,1412.872,-6.512,0,0,1783746710.538596869,0.516338,-0.136201,0.854492,0.190173,,,0.456105,0.399696,-0.047969,0.790,1.183
probe,lower,1,forward,19.7329,1400.000,1129,rolling,1412.676,1139,1412.872,-6.512,0,0,1783746710.538596869,0.516338,-0.136201,0.854492,0.190173,,,0.456105,0.399696,-0.047969,0.790,1.183
probe,lower,1,forward,19.7544,1400.000,1129,rolling,1412.676,1139,1412.872,-6.512,0,0,1783746710.538596869,0.516338,-0.136201,0.854492,0.190173,,,0.456105,0.399696,-0.047969,0.790,1.183
probe,lower,1,forward,19.7760,1400.000,1129,rolling,1412.676,1139,1412.872,-6.512,0,0,1783746710.538596869,0.516338,-0.136201,0.854492,0.190173,,,0.456105,0.399696,-0.047969,0.807,1.163
probe,lower,1,forward,19.7785,1400.000,1129,rolling,1412.199,1139,1412.784,-6.600,1,31,1783746710.638832569,0.521404,-0.125653,0.849337,0.170748,0.0112738,-0.0051556,0.467379,0.410970,-0.053125,0.807,1.163
probe,lower,1,forward,19.7957,1400.000,1129,rolling,1412.199,1139,1412.784,-6.600,0,0,1783746710.638832569,0.521404,-0.125653,0.849337,0.170748,,,0.467379,0.410970,-0.053125,0.807,1.163
probe,lower,1,forward,19.8176,1400.000,1129,rolling,1412.199,1139,1412.784,-6.600,0,0,1783746710.638832569,0.521404,-0.125653,0.849337,0.170748,,,0.467379,0.410970,-0.053125,0.807,1.163
probe,lower,1,forward,19.8392,1400.000,1129,rolling,1412.199,1139,1412.784,-6.600,0,0,1783746710.638832569,0.521404,-0.125653,0.849337,0.170748,,,0.467379,0.410970,-0.053125,0.807,1.163
probe,lower,1,forward,19.8608,1400.000,1129,rolling,1412.199,1139,1412.784,-6.600,0,0,1783746710.638832569,0.521404,-0.125653,0.849337,0.170748,,,0.467379,0.410970,-0.053125,0.803,1.155
probe,lower,1,forward,19.8753,1400.000,1129,rolling,1412.470,1139,1412.743,-6.641,1,32,1783746710.739277840,0.536199,-0.107482,0.846360,0.186336,0.0234139,-0.0029771,0.490793,0.434383,-0.056102,0.803,1.155
probe,lower,1,forward,19.8907,1400.000,1129,rolling,1412.470,1139,1412.743,-6.641,0,0,1783746710.739277840,0.536199,-0.107482,0.846360,0.186336,,,0.490793,0.434383,-0.056102,0.803,1.155
probe,lower,1,forward,19.9124,1400.000,1129,rolling,1412.470,1139,1412.743,-6.641,0,0,1783746710.739277840,0.536199,-0.107482,0.846360,0.186336,,,0.490793,0.434383,-0.056102,0.803,1.155
probe,lower,1,forward,19.9340,1400.000,1129,rolling,1412.470,1139,1412.743,-6.641,0,0,1783746710.739277840,0.536199,-0.107482,0.846360,0.186336,,,0.490793,0.434383,-0.056102,0.803,1.155
probe,lower,1,forward,19.9555,1400.000,1129,rolling,1412.470,1139,1412.743,-6.641,0,0,1783746710.739277840,0.536199,-0.107482,0.846360,0.186336,,,0.490793,0.434383,-0.056102,0.816,1.142
probe,lower,1,forward,19.9756,1400.000,1129,rolling,1412.815,1139,1412.752,-6.631,1,33,1783746710.837143898,0.552504,-0.088777,0.843832,0.203138,0.0248132,-0.0025275,0.515606,0.459197,-0.058629,0.816,1.142
probe,lower,1,forward,19.9891,1400.000,1129,rolling,1412.815,1139,1412.752,-6.631,0,0,1783746710.837143898,0.552504,-0.088777,0.843832,0.203138,,,0.515606,0.459197,-0.058629,0.816,1.142
probe,lower,1,forward,20.0109,1400.000,1129,rolling,1412.815,1139,1412.752,-6.631,0,0,1783746710.837143898,0.552504,-0.088777,0.843832,0.203138,,,0.515606,0.459197,-0.058629,0.816,1.142
probe,lower,1,forward,20.0340,1400.000,1129,rolling,1412.815,1139,1412.752,-6.631,0,0,1783746710.837143898,0.552504,-0.088777,0.843832,0.203138,,,0.515606,0.459197,-0.058629,0.816,1.142
probe,lower,1,forward,20.0557,1400.000,1129,rolling,1412.815,1139,1412.752,-6.631,0,0,1783746710.837143898,0.552504,-0.088777,0.843832,0.203138,,,0.515606,0.459197,-0.058629,0.837,1.152
probe,lower,1,forward,20.0763,1400.000,1129,rolling,1413.375,1140,1412.834,-6.550,1,34,1783746710.937720299,0.572359,-0.066210,0.839801,0.227065,0.0300570,-0.0040314,0.545663,0.489254,-0.062661,0.837,1.152
probe,lower,1,forward,20.0975,1400.000,1129,rolling,1413.375,1140,1412.834,-6.550,0,0,1783746710.937720299,0.572359,-0.066210,0.839801,0.227065,,,0.545663,0.489254,-0.062661,0.837,1.152
probe,lower,1,forward,20.1192,1400.000,1129,rolling,1413.375,1140,1412.834,-6.550,0,0,1783746710.937720299,0.572359,-0.066210,0.839801,0.227065,,,0.545663,0.489254,-0.062661,0.837,1.152
probe,lower,1,forward,20.1407,1400.000,1129,rolling,1413.375,1140,1412.834,-6.550,0,0,1783746710.937720299,0.572359,-0.066210,0.839801,0.227065,,,0.545663,0.489254,-0.062661,0.837,1.152
probe,lower,1,forward,20.1623,1400.000,1129,rolling,1413.375,1140,1412.834,-6.550,0,0,1783746710.937720299,0.572359,-0.066210,0.839801,0.227065,,,0.545663,0.489254,-0.062661,0.859,1.151
probe,lower,1,forward,20.1765,1400.000,1129,rolling,1413.821,1140,1412.963,-6.421,1,35,1783746711.038149118,0.592098,-0.044754,0.835746,0.242870,0.0291531,-0.0040548,0.574816,0.518407,-0.066716,0.859,1.151
probe,lower,1,forward,20.1873,1400.000,1129,rolling,1413.821,1140,1412.963,-6.421,0,0,1783746711.038149118,0.592098,-0.044754,0.835746,0.242870,,,0.574816,0.518407,-0.066716,0.859,1.151
probe,lower,1,forward,20.2089,1400.000,1129,rolling,1413.821,1140,1412.963,-6.421,0,0,1783746711.038149118,0.592098,-0.044754,0.835746,0.242870,,,0.574816,0.518407,-0.066716,0.859,1.151
probe,lower,1,forward,20.2305,1400.000,1129,rolling,1413.821,1140,1412.963,-6.421,0,0,1783746711.038149118,0.592098,-0.044754,0.835746,0.242870,,,0.574816,0.518407,-0.066716,0.859,1.151
probe,lower,1,forward,20.2520,1400.000,1129,rolling,1413.821,1140,1412.963,-6.421,0,0,1783746711.038149118,0.592098,-0.044754,0.835746,0.242870,,,0.574816,0.518407,-0.066716,0.859,1.151
probe,lower,1,forward,20.2735,1400.000,1129,rolling,1413.821,1140,1412.963,-6.421,0,0,1783746711.038149118,0.592098,-0.044754,0.835746,0.242870,,,0.574816,0.518407,-0.066716,0.878,1.158
probe,lower,1,forward,20.2769,1400.000,1129,rolling,1414.181,1140,1413.122,-6.261,1,36,1783746711.138537407,0.612636,-0.025028,0.831711,0.252904,0.0284102,-0.0040349,0.603226,0.546817,-0.070750,0.878,1.158
probe,lower,1,forward,20.2911,1400.000,1129,rolling,1414.181,1140,1413.122,-6.261,0,0,1783746711.138537407,0.612636,-0.025028,0.831711,0.252904,,,0.603226,0.546817,-0.070750,0.878,1.158
probe,lower,1,forward,20.3127,1400.000,1129,rolling,1414.181,1140,1413.122,-6.261,0,0,1783746711.138537407,0.612636,-0.025028,0.831711,0.252904,,,0.603226,0.546817,-0.070750,0.878,1.158
probe,lower,1,forward,20.3342,1400.000,1129,rolling,1414.181,1140,1413.122,-6.261,0,0,1783746711.138537407,0.612636,-0.025028,0.831711,0.252904,,,0.603226,0.546817,-0.070750,0.878,1.158
probe,lower,1,forward,20.3557,1400.000,1129,rolling,1414.181,1140,1413.122,-6.261,0,0,1783746711.138537407,0.612636,-0.025028,0.831711,0.252904,,,0.603226,0.546817,-0.070750,0.900,1.176
probe,lower,1,forward,20.3747,1400.000,1129,rolling,1414.375,1141,1413.286,-6.097,1,37,1783746711.238987446,0.629199,-0.004929,0.827442,0.254409,0.0260090,-0.0042696,0.629235,0.572826,-0.075020,0.900,1.176
probe,lower,1,forward,20.3893,1400.000,1129,rolling,1414.375,1141,1413.286,-6.097,0,0,1783746711.238987446,0.629199,-0.004929,0.827442,0.254409,,,0.629235,0.572826,-0.075020,0.900,1.176
probe,lower,1,forward,20.4109,1400.000,1129,rolling,1414.375,1141,1413.286,-6.097,0,0,1783746711.238987446,0.629199,-0.004929,0.827442,0.254409,,,0.629235,0.572826,-0.075020,0.900,1.176
probe,lower,1,forward,20.4324,1400.000,1129,rolling,1414.375,1141,1413.286,-6.097,0,0,1783746711.238987446,0.629199,-0.004929,0.827442,0.254409,,,0.629235,0.572826,-0.075020,0.900,1.176
probe,lower,1,forward,20.4539,1400.000,1129,rolling,1414.375,1141,1413.286,-6.097,0,0,1783746711.238987446,0.629199,-0.004929,0.827442,0.254409,,,0.629235,0.572826,-0.075020,0.919,1.184
probe,lower,1,forward,20.4751,1400.000,1129,rolling,1414.454,1141,1413.436,-5.948,1,38,1783746711.336878538,0.649340,0.008495,0.823043,0.250888,0.0235257,-0.0043985,0.652761,0.596352,-0.079419,0.919,1.184
probe,lower,1,forward,20.4939,1400.000,1129,rolling,1414.454,1141,1413.436,-5.948,0,0,1783746711.336878538,0.649340,0.008495,0.823043,0.250888,,,0.652761,0.596352,-0.079419,0.919,1.184
probe,lower,1,forward,20.5156,1400.000,1129,rolling,1414.454,1141,1413.436,-5.948,0,0,1783746711.336878538,0.649340,0.008495,0.823043,0.250888,,,0.652761,0.596352,-0.079419,0.919,1.184
probe,lower,1,forward,20.5371,1400.000,1129,rolling,1414.454,1141,1413.436,-5.948,0,0,1783746711.336878538,0.649340,0.008495,0.823043,0.250888,,,0.652761,0.596352,-0.079419,0.919,1.184
probe,lower,1,forward,20.5587,1400.000,1129,rolling,1414.454,1141,1413.436,-5.948,0,0,1783746711.336878538,0.649340,0.008495,0.823043,0.250888,,,0.652761,0.596352,-0.079419,0.939,1.196
probe,lower,1,forward,20.5753,1400.000,1129,rolling,1414.454,1141,1413.436,-5.948,0,0,1783746711.336878538,0.649340,0.008495,0.823043,0.250888,,,0.652761,0.596352,-0.079419,0.939,1.196
probe,lower,1,forward,20.5974,1400.000,1129,rolling,1414.224,1141,1413.539,-5.845,1,39,1783746711.437244177,0.665143,0.019061,0.818146,0.234257,0.0185039,-0.0048975,0.671265,0.614855,-0.084316,0.939,1.196
probe,lower,1,forward,20.5993,1400.000,1129,rolling,1414.224,1141,1413.539,-5.845,0,0,1783746711.437244177,0.665143,0.019061,0.818146,0.234257,,,0.671265,0.614855,-0.084316,0.939,1.196
probe,lower,1,forward,20.6209,1400.000,1129,rolling,1414.224,1141,1413.539,-5.845,0,0,1783746711.437244177,0.665143,0.019061,0.818146,0.234257,,,0.671265,0.614855,-0.084316,0.939,1.196
probe,lower,1,forward,20.6423,1400.000,1129,rolling,1414.224,1141,1413.539,-5.845,0,0,1783746711.437244177,0.665143,0.019061,0.818146,0.234257,,,0.671265,0.614855,-0.084316,0.939,1.196
probe,lower,1,forward,20.6638,1400.000,1129,rolling,1414.224,1141,1413.539,-5.845,0,0,1783746711.437244177,0.665143,0.019061,0.818146,0.234257,,,0.671265,0.614855,-0.084316,0.957,1.199
probe,lower,1,forward,20.6764,1400.000,1129,rolling,1413.885,1140,1413.584,-5.800,1,40,1783746711.537485838,0.676706,0.029838,0.815221,0.215028,0.0157721,-0.0029248,0.687037,0.630628,-0.087241,0.957,1.199
probe,lower,1,forward,20.6920,1400.000,1129,rolling,1413.885,1140,1413.584,-5.800,0,0,1783746711.537485838,0.676706,0.029838,0.815221,0.215028,,,0.687037,0.630628,-0.087241,0.957,1.199
probe,lower,1,forward,20.7136,1400.000,1129,rolling,1413.885,1140,1413.584,-5.800,0,0,1783746711.537485838,0.676706,0.029838,0.815221,0.215028,,,0.687037,0.630628,-0.087241,0.957,1.199
probe,lower,1,forward,20.7352,1400.000,1129,rolling,1413.885,1140,1413.584,-5.800,0,0,1783746711.537485838,0.676706,0.029838,0.815221,0.215028,,,0.687037,0.630628,-0.087241,0.957,1.199
probe,lower,1,forward,20.7567,1400.000,1129,rolling,1413.885,1140,1413.584,-5.800,0,0,1783746711.537485838,0.676706,0.029838,0.815221,0.215028,,,0.687037,0.630628,-0.087241,0.974,1.204
probe,lower,1,forward,20.7735,1400.000,1129,rolling,1413.885,1140,1413.584,-5.800,0,0,1783746711.537485838,0.676706,0.029838,0.815221,0.215028,,,0.687037,0.630628,-0.087241,0.974,1.204
probe,lower,1,forward,20.7954,1400.000,1129,rolling,1413.756,1140,1413.607,-5.777,1,41,1783746711.638140440,0.676927,0.055250,0.810474,0.207485,0.0186068,-0.0047468,0.705644,0.649234,-0.091988,0.974,1.204
probe,lower,1,forward,20.8022,1400.000,1129,rolling,1413.756,1140,1413.607,-5.777,0,0,1783746711.638140440,0.676927,0.055250,0.810474,0.207485,,,0.705644,0.649234,-0.091988,0.974,1.204
probe,lower,1,forward,20.8239,1400.000,1129,rolling,1413.756,1140,1413.607,-5.777,0,0,1783746711.638140440,0.676927,0.055250,0.810474,0.207485,,,0.705644,0.649234,-0.091988,0.974,1.204
probe,lower,1,forward,20.8455,1400.000,1129,rolling,1413.756,1140,1413.607,-5.777,0,0,1783746711.638140440,0.676927,0.055250,0.810474,0.207485,,,0.705644,0.649234,-0.091988,0.974,1.204
probe,lower,1,forward,20.8670,1400.000,1129,rolling,1413.756,1140,1413.607,-5.777,0,0,1783746711.638140440,0.676927,0.055250,0.810474,0.207485,,,0.705644,0.649234,-0.091988,0.989,1.204
probe,lower,1,forward,20.8742,1400.000,1129,rolling,1413.636,1140,1413.611,-5.773,1,42,1783746711.735715628,0.686847,0.070414,0.807893,0.201272,0.0178202,-0.0025814,0.723464,0.667055,-0.094569,0.989,1.204
probe,lower,1,forward,20.8947,1400.000,1129,rolling,1413.636,1140,1413.611,-5.773,0,0,1783746711.735715628,0.686847,0.070414,0.807893,0.201272,,,0.723464,0.667055,-0.094569,0.989,1.204
probe,lower,1,forward,20.9165,1400.000,1129,rolling,1413.636,1140,1413.611,-5.773,0,0,1783746711.735715628,0.686847,0.070414,0.807893,0.201272,,,0.723464,0.667055,-0.094569,0.989,1.204
probe,lower,1,forward,20.9381,1400.000,1129,rolling,1413.636,1140,1413.611,-5.773,0,0,1783746711.735715628,0.686847,0.070414,0.807893,0.201272,,,0.723464,0.667055,-0.094569,0.989,1.204
probe,lower,1,forward,20.9596,1400.000,1129,rolling,1413.636,1140,1413.611,-5.773,0,0,1783746711.735715628,0.686847,0.070414,0.807893,0.201272,,,0.723464,0.667055,-0.094569,1.007,1.215
probe,lower,1,forward,20.9745,1400.000,1129,rolling,1413.522,1140,1413.599,-5.785,1,43,1783746711.836220503,0.698914,0.084021,0.806399,0.196160,0.0181738,-0.0014932,0.741638,0.685228,-0.096062,1.007,1.215
probe,lower,1,forward,20.9844,1400.000,1129,rolling,1413.522,1140,1413.599,-5.785,0,0,1783746711.836220503,0.698914,0.084021,0.806399,0.196160,,,0.741638,0.685228,-0.096062,1.007,1.215
probe,lower,1,forward,21.0062,1400.000,1129,rolling,1413.522,1140,1413.599,-5.785,0,0,1783746711.836220503,0.698914,0.084021,0.806399,0.196160,,,0.741638,0.685228,-0.096062,1.007,1.215
probe,lower,1,forward,21.0277,1400.000,1129,rolling,1413.522,1140,1413.599,-5.785,0,0,1783746711.836220503,0.698914,0.084021,0.806399,0.196160,,,0.741638,0.685228,-0.096062,1.007,1.215
probe,lower,1,forward,21.0492,1400.000,1129,rolling,1413.522,1140,1413.599,-5.785,0,0,1783746711.836220503,0.698914,0.084021,0.806399,0.196160,,,0.741638,0.685228,-0.096062,1.007,1.215
probe,lower,1,forward,21.0708,1400.000,1129,rolling,1413.522,1140,1413.599,-5.785,0,0,1783746711.836220503,0.698914,0.084021,0.806399,0.196160,,,0.741638,0.685228,-0.096062,1.026,1.216
probe,lower,1,forward,21.0732,1400.000,1129,rolling,1413.804,1140,1413.626,-5.758,1,44,1783746711.936596394,0.717537,0.100548,0.806730,0.208932,0.0248179,0.0003309,0.766455,0.710046,-0.095731,1.026,1.216
probe,lower,1,reverse,22.4468,1400.000,1129,startup,1591.710,1284,1595.710,3.201,0,0,1783746713.236394405,0.758437,0.108358,0.807492,0.012236,,,0.000000,0.000000,0.000000,1.052,1.244
probe,lower,1,reverse,22.4684,1400.000,1129,startup,1591.710,1284,1595.710,3.201,0,0,1783746713.236394405,0.758437,0.108358,0.807492,0.012236,,,0.000000,0.000000,0.000000,1.053,1.240
probe,lower,1,reverse,22.4754,1400.000,1129,startup,1592.950,1285,1595.710,3.201,1,1,1783746713.336863041,0.762236,0.109607,0.806832,0.017961,0.0035301,-0.0006602,0.003530,0.000000,0.000000,1.053,1.240
probe,lower,1,reverse,22.4952,1400.000,1129,startup,1592.950,1285,1595.710,3.201,0,0,1783746713.336863041,0.762236,0.109607,0.806832,0.017961,,,0.003530,0.000000,0.000000,1.053,1.240
probe,lower,1,reverse,22.5169,1400.000,1129,startup,1592.950,1285,1595.710,3.201,0,0,1783746713.336863041,0.762236,0.109607,0.806832,0.017961,,,0.003530,0.000000,0.000000,1.053,1.240
probe,lower,1,reverse,22.5385,1400.000,1129,startup,1592.950,1285,1595.710,3.201,0,0,1783746713.336863041,0.762236,0.109607,0.806832,0.017961,,,0.003530,0.000000,0.000000,1.053,1.240
probe,lower,1,reverse,22.5600,1400.000,1129,startup,1592.950,1285,1595.710,3.201,0,0,1783746713.336863041,0.762236,0.109607,0.806832,0.017961,,,0.003530,0.000000,0.000000,1.054,1.227
probe,lower,1,reverse,22.5757,1400.000,1129,startup,1592.950,1285,1595.710,3.201,0,0,1783746713.336863041,0.762236,0.109607,0.806832,0.017961,,,0.003530,0.000000,0.000000,1.054,1.227
probe,lower,1,reverse,22.5976,1400.000,1129,startup,1594.190,1286,1595.710,3.201,1,2,1783746713.437438011,0.761117,0.105565,0.805810,0.004293,-0.0036921,-0.0010221,0.007222,0.000000,0.000000,1.054,1.227
probe,lower,1,reverse,22.6014,1400.000,1129,startup,1594.190,1286,1595.710,3.201,0,0,1783746713.437438011,0.761117,0.105565,0.805810,0.004293,,,0.007222,0.000000,0.000000,1.054,1.227
probe,lower,1,reverse,22.6230,1400.000,1129,startup,1594.190,1286,1595.710,3.201,0,0,1783746713.437438011,0.761117,0.105565,0.805810,0.004293,,,0.007222,0.000000,0.000000,1.054,1.227
probe,lower,1,reverse,22.6446,1400.000,1129,startup,1594.190,1286,1595.710,3.201,0,0,1783746713.437438011,0.761117,0.105565,0.805810,0.004293,,,0.007222,0.000000,0.000000,1.054,1.227
probe,lower,1,reverse,22.6661,1400.000,1129,startup,1594.190,1286,1595.710,3.201,0,0,1783746713.437438011,0.761117,0.105565,0.805810,0.004293,,,0.007222,0.000000,0.000000,1.049,1.244
probe,lower,1,reverse,22.6759,1400.000,1129,startup,1595.430,1287,1595.710,3.201,1,3,1783746713.537770748,0.759472,0.103315,0.803403,-0.003663,-0.0027622,-0.0024069,0.009984,0.000000,0.000000,1.049,1.244
probe,lower,1,reverse,22.6878,1400.000,1129,startup,1595.430,1287,1595.710,3.201,0,0,1783746713.537770748,0.759472,0.103315,0.803403,-0.003663,,,0.009984,0.000000,0.000000,1.049,1.244
probe,lower,1,reverse,22.7095,1400.000,1129,startup,1595.430,1287,1595.710,3.201,0,0,1783746713.537770748,0.759472,0.103315,0.803403,-0.003663,,,0.009984,0.000000,0.000000,1.049,1.244
probe,lower,1,reverse,22.7310,1400.000,1129,startup,1595.430,1287,1595.710,3.201,0,0,1783746713.537770748,0.759472,0.103315,0.803403,-0.003663,,,0.009984,0.000000,0.000000,1.049,1.244
probe,lower,1,reverse,22.7526,1400.000,1129,startup,1595.430,1287,1595.710,3.201,0,0,1783746713.537770748,0.759472,0.103315,0.803403,-0.003663,,,0.009984,0.000000,0.000000,1.042,1.236
probe,lower,1,reverse,22.7740,1400.000,1129,startup,1596.670,1288,1595.710,3.201,1,4,1783746713.638062239,0.753195,0.099510,0.803930,-0.020434,-0.0070953,0.0005269,0.017080,0.000000,0.000000,1.042,1.236
probe,lower,1,reverse,22.7959,1400.000,1129,startup,1596.670,1288,1595.710,3.201,0,0,1783746713.638062239,0.753195,0.099510,0.803930,-0.020434,,,0.017080,0.000000,0.000000,1.042,1.236
probe,lower,1,reverse,22.8175,1400.000,1129,startup,1596.670,1288,1595.710,3.201,0,0,1783746713.638062239,0.753195,0.099510,0.803930,-0.020434,,,0.017080,0.000000,0.000000,1.042,1.236
probe,lower,1,reverse,22.8391,1400.000,1129,startup,1596.670,1288,1595.710,3.201,0,0,1783746713.638062239,0.753195,0.099510,0.803930,-0.020434,,,0.017080,0.000000,0.000000,1.042,1.236
probe,lower,1,reverse,22.8606,1400.000,1129,startup,1596.670,1288,1595.710,3.201,0,0,1783746713.638062239,0.753195,0.099510,0.803930,-0.020434,,,0.017080,0.000000,0.000000,1.035,1.219
probe,lower,1,reverse,22.8745,1400.000,1129,startup,1599.770,1290,1595.710,3.201,1,5,1783746713.736106634,0.741719,0.092325,0.804942,-0.048819,-0.0131356,0.0010121,0.030215,0.000000,0.000000,1.035,1.219
probe,lower,1,reverse,22.8842,1400.000,1129,startup,1599.770,1290,1595.710,3.201,0,0,1783746713.736106634,0.741719,0.092325,0.804942,-0.048819,,,0.030215,0.000000,0.000000,1.035,1.219
probe,lower,1,reverse,22.9059,1400.000,1129,startup,1599.770,1290,1595.710,3.201,0,0,1783746713.736106634,0.741719,0.092325,0.804942,-0.048819,,,0.030215,0.000000,0.000000,1.035,1.219
probe,lower,1,reverse,22.9274,1400.000,1129,startup,1599.770,1290,1595.710,3.201,0,0,1783746713.736106634,0.741719,0.092325,0.804942,-0.048819,,,0.030215,0.000000,0.000000,1.035,1.219
probe,lower,1,reverse,22.9490,1400.000,1129,startup,1599.770,1290,1595.710,3.201,0,0,1783746713.736106634,0.741719,0.092325,0.804942,-0.048819,,,0.030215,0.000000,0.000000,1.035,1.219
probe,lower,1,reverse,22.9707,1400.000,1129,startup,1599.770,1290,1595.710,3.201,0,0,1783746713.736106634,0.741719,0.092325,0.804942,-0.048819,,,0.030215,0.000000,0.000000,1.027,1.226
probe,lower,1,reverse,22.9749,1400.000,1129,rolling,1595.710,1287,1595.710,3.201,1,6,1783746713.836430311,0.736995,0.083408,0.807957,-0.060801,-0.0097058,0.0030155,0.039921,0.000000,0.000000,1.027,1.226
probe,lower,1,reverse,22.9886,1400.000,1129,rolling,1595.710,1287,1595.710,3.201,0,0,1783746713.836430311,0.736995,0.083408,0.807957,-0.060801,,,0.039921,0.000000,0.000000,1.027,1.226
probe,lower,1,reverse,23.0104,1400.000,1129,rolling,1595.710,1287,1595.710,3.201,0,0,1783746713.836430311,0.736995,0.083408,0.807957,-0.060801,,,0.039921,0.000000,0.000000,1.027,1.226
probe,lower,1,reverse,23.0320,1400.000,1129,rolling,1595.710,1287,1595.710,3.201,0,0,1783746713.836430311,0.736995,0.083408,0.807957,-0.060801,,,0.039921,0.000000,0.000000,1.027,1.226
probe,lower,1,reverse,23.0537,1400.000,1129,rolling,1595.710,1287,1595.710,3.201,0,0,1783746713.836430311,0.736995,0.083408,0.807957,-0.060801,,,0.039921,0.000000,0.000000,1.020,1.209
probe,lower,1,reverse,23.0754,1400.000,1129,rolling,1598.076,1289,1596.106,3.597,1,7,1783746713.936981678,0.732332,0.075047,0.811183,-0.068649,-0.0092703,0.0032262,0.049191,0.000000,0.000000,1.020,1.209
probe,lower,1,reverse,23.0880,1400.000,1129,rolling,1598.076,1289,1596.106,3.597,0,0,1783746713.936981678,0.732332,0.075047,0.811183,-0.068649,,,0.049191,0.000000,0.000000,1.020,1.209
probe,lower,1,reverse,23.1096,1400.000,1129,rolling,1598.076,1289,1596.106,3.597,0,0,1783746713.936981678,0.732332,0.075047,0.811183,-0.068649,,,0.049191,0.000000,0.000000,1.020,1.209
probe,lower,1,reverse,23.1311,1400.000,1129,rolling,1598.076,1289,1596.106,3.597,0,0,1783746713.936981678,0.732332,0.075047,0.811183,-0.068649,,,0.049191,0.000000,0.000000,1.020,1.209
probe,lower,1,reverse,23.1526,1400.000,1129,rolling,1598.076,1289,1596.106,3.597,0,0,1783746713.936981678,0.732332,0.075047,0.811183,-0.068649,,,0.049191,0.000000,0.000000,1.020,1.209
probe,lower,1,reverse,23.1745,1400.000,1129,rolling,1598.076,1289,1596.106,3.597,0,0,1783746713.936981678,0.732332,0.075047,0.811183,-0.068649,,,0.049191,0.000000,0.000000,1.010,1.197
probe,lower,1,reverse,23.1772,1400.000,1129,rolling,1598.161,1289,1596.450,3.941,1,8,1783746714.037370682,0.723845,0.064053,0.814063,-0.085899,-0.0138184,0.0028800,0.063010,0.000000,0.000000,1.010,1.197
probe,lower,1,reverse,23.1866,1400.000,1129,rolling,1598.161,1289,1596.450,3.941,0,0,1783746714.037370682,0.723845,0.064053,0.814063,-0.085899,,,0.063010,0.000000,0.000000,1.010,1.197
probe,lower,1,reverse,23.2082,1400.000,1129,rolling,1598.161,1289,1596.450,3.941,0,0,1783746714.037370682,0.723845,0.064053,0.814063,-0.085899,,,0.063010,0.000000,0.000000,1.010,1.197
probe,lower,1,reverse,23.2297,1400.000,1129,rolling,1598.161,1289,1596.450,3.941,0,0,1783746714.037370682,0.723845,0.064053,0.814063,-0.085899,,,0.063010,0.000000,0.000000,1.010,1.197
probe,lower,1,reverse,23.2513,1400.000,1129,rolling,1598.161,1289,1596.450,3.941,0,0,1783746714.037370682,0.723845,0.064053,0.814063,-0.085899,,,0.063010,0.000000,0.000000,0.996,1.189
probe,lower,1,reverse,23.2735,1400.000,1129,rolling,1598.336,1289,1596.765,4.256,1,9,1783746714.137627363,0.712284,0.057955,0.817081,-0.095256,-0.0123643,0.0030180,0.075374,0.000000,0.000000,0.996,1.189
probe,lower,1,reverse,23.2901,1400.000,1129,rolling,1598.336,1289,1596.765,4.256,0,0,1783746714.137627363,0.712284,0.057955,0.817081,-0.095256,,,0.075374,0.000000,0.000000,0.996,1.189
probe,lower,1,reverse,23.3118,1400.000,1129,rolling,1598.336,1289,1596.765,4.256,0,0,1783746714.137627363,0.712284,0.057955,0.817081,-0.095256,,,0.075374,0.000000,0.000000,0.996,1.189
probe,lower,1,reverse,23.3334,1400.000,1129,rolling,1598.336,1289,1596.765,4.256,0,0,1783746714.137627363,0.712284,0.057955,0.817081,-0.095256,,,0.075374,0.000000,0.000000,0.996,1.189
probe,lower,1,reverse,23.3549,1400.000,1129,rolling,1598.336,1289,1596.765,4.256,0,0,1783746714.137627363,0.712284,0.057955,0.817081,-0.095256,,,0.075374,0.000000,0.000000,0.977,1.196
probe,lower,1,reverse,23.3740,1400.000,1129,rolling,1598.293,1289,1597.015,4.506,1,10,1783746714.235559225,0.699300,0.046849,0.820045,-0.114790,-0.0169807,0.0029640,0.092355,-0.016981,0.002964,0.977,1.196
probe,lower,1,reverse,23.3925,1400.000,1129,rolling,1598.293,1289,1597.015,4.506,0,0,1783746714.235559225,0.699300,0.046849,0.820045,-0.114790,,,0.092355,-0.016981,0.002964,0.977,1.196
probe,lower,1,reverse,23.4141,1400.000,1129,rolling,1598.293,1289,1597.015,4.506,0,0,1783746714.235559225,0.699300,0.046849,0.820045,-0.114790,,,0.092355,-0.016981,0.002964,0.977,1.196
probe,lower,1,reverse,23.4356,1400.000,1129,rolling,1598.293,1289,1597.015,4.506,0,0,1783746714.235559225,0.699300,0.046849,0.820045,-0.114790,,,0.092355,-0.016981,0.002964,0.977,1.196
probe,lower,1,reverse,23.4572,1400.000,1129,rolling,1598.293,1289,1597.015,4.506,0,0,1783746714.235559225,0.699300,0.046849,0.820045,-0.114790,,,0.092355,-0.016981,0.002964,0.954,1.174
probe,lower,1,reverse,23.4743,1400.000,1129,rolling,1597.738,1288,1597.136,4.627,1,11,1783746714.336104393,0.677890,0.026233,0.822374,-0.159884,-0.0296776,0.0023284,0.122032,-0.046658,0.005292,0.954,1.174
probe,lower,1,reverse,23.4930,1400.000,1129,rolling,1597.738,1288,1597.136,4.627,0,0,1783746714.336104393,0.677890,0.026233,0.822374,-0.159884,,,0.122032,-0.046658,0.005292,0.954,1.174
probe,lower,1,reverse,23.5147,1400.000,1129,rolling,1597.738,1288,1597.136,4.627,0,0,1783746714.336104393,0.677890,0.026233,0.822374,-0.159884,,,0.122032,-0.046658,0.005292,0.954,1.174
probe,lower,1,reverse,23.5362,1400.000,1129,rolling,1597.738,1288,1597.136,4.627,0,0,1783746714.336104393,0.677890,0.026233,0.822374,-0.159884,,,0.122032,-0.046658,0.005292,0.954,1.174
probe,lower,1,reverse,23.5578,1400.000,1129,rolling,1597.738,1288,1597.136,4.627,0,0,1783746714.336104393,0.677890,0.026233,0.822374,-0.159884,,,0.122032,-0.046658,0.005292,0.933,1.169
probe,lower,1,reverse,23.5717,1400.000,1129,rolling,1597.738,1288,1597.136,4.627,0,0,1783746714.336104393,0.677890,0.026233,0.822374,-0.159884,,,0.122032,-0.046658,0.005292,0.933,1.169
probe,lower,1,reverse,23.5936,1400.000,1129,rolling,1597.470,1288,1597.192,4.683,1,12,1783746714.436424971,0.654034,0.014645,0.828203,-0.181459,-0.0246973,0.0058287,0.146730,-0.071356,0.011121,0.933,1.169
probe,lower,1,reverse,23.5973,1400.000,1129,rolling,1597.470,1288,1597.192,4.683,0,0,1783746714.436424971,0.654034,0.014645,0.828203,-0.181459,,,0.146730,-0.071356,0.011121,0.933,1.169
probe,lower,1,reverse,23.6190,1400.000,1129,rolling,1597.470,1288,1597.192,4.683,0,0,1783746714.436424971,0.654034,0.014645,0.828203,-0.181459,,,0.146730,-0.071356,0.011121,0.933,1.169
probe,lower,1,reverse,23.6408,1400.000,1129,rolling,1597.470,1288,1597.192,4.683,0,0,1783746714.436424971,0.654034,0.014645,0.828203,-0.181459,,,0.146730,-0.071356,0.011121,0.933,1.169
probe,lower,1,reverse,23.6624,1400.000,1129,rolling,1597.470,1288,1597.192,4.683,0,0,1783746714.436424971,0.654034,0.014645,0.828203,-0.181459,,,0.146730,-0.071356,0.011121,0.906,1.156
probe,lower,1,reverse,23.6726,1400.000,1129,rolling,1597.037,1288,1597.167,4.658,1,13,1783746714.533921480,0.629881,-0.001617,0.835359,-0.208630,-0.0282880,0.0071568,0.175018,-0.099644,0.018278,0.906,1.156
probe,lower,1,reverse,23.6874,1400.000,1129,rolling,1597.037,1288,1597.167,4.658,0,0,1783746714.533921480,0.629881,-0.001617,0.835359,-0.208630,,,0.175018,-0.099644,0.018278,0.906,1.156
probe,lower,1,reverse,23.7091,1400.000,1129,rolling,1597.037,1288,1597.167,4.658,0,0,1783746714.533921480,0.629881,-0.001617,0.835359,-0.208630,,,0.175018,-0.099644,0.018278,0.906,1.156
probe,lower,1,reverse,23.7306,1400.000,1129,rolling,1597.037,1288,1597.167,4.658,0,0,1783746714.533921480,0.629881,-0.001617,0.835359,-0.208630,,,0.175018,-0.099644,0.018278,0.906,1.156
probe,lower,1,reverse,23.7524,1400.000,1129,rolling,1597.037,1288,1597.167,4.658,0,0,1783746714.533921480,0.629881,-0.001617,0.835359,-0.208630,,,0.175018,-0.099644,0.018278,0.885,1.134
probe,lower,1,reverse,23.7727,1400.000,1129,rolling,1597.037,1288,1597.167,4.658,0,0,1783746714.533921480,0.629881,-0.001617,0.835359,-0.208630,,,0.175018,-0.099644,0.018278,0.885,1.134
probe,lower,1,reverse,23.7952,1400.000,1129,rolling,1596.164,1287,1596.999,4.490,1,14,1783746714.634378195,0.606495,-0.034194,0.841098,-0.255669,-0.0398597,0.0057385,0.214877,-0.139503,0.024016,0.885,1.134
probe,lower,1,reverse,23.8073,1400.000,1129,rolling,1596.164,1287,1596.999,4.490,0,0,1783746714.634378195,0.606495,-0.034194,0.841098,-0.255669,,,0.214877,-0.139503,0.024016,0.885,1.134
probe,lower,1,reverse,23.8289,1400.000,1129,rolling,1596.164,1287,1596.999,4.490,0,0,1783746714.634378195,0.606495,-0.034194,0.841098,-0.255669,,,0.214877,-0.139503,0.024016,0.885,1.134
probe,lower,1,reverse,23.8504,1400.000,1129,rolling,1596.164,1287,1596.999,4.490,0,0,1783746714.634378195,0.606495,-0.034194,0.841098,-0.255669,,,0.214877,-0.139503,0.024016,0.885,1.134
probe,lower,1,reverse,23.8721,1400.000,1129,rolling,1596.164,1287,1596.999,4.490,0,0,1783746714.634378195,0.606495,-0.034194,0.841098,-0.255669,,,0.214877,-0.139503,0.024016,0.862,1.132
probe,lower,1,reverse,23.8746,1400.000,1129,rolling,1595.726,1287,1596.786,4.277,1,15,1783746714.734877586,0.591248,-0.063089,0.847273,-0.270673,-0.0317263,0.0061749,0.246604,-0.171229,0.030191,0.862,1.132
probe,lower,1,reverse,23.8938,1400.000,1129,rolling,1595.726,1287,1596.786,4.277,0,0,1783746714.734877586,0.591248,-0.063089,0.847273,-0.270673,,,0.246604,-0.171229,0.030191,0.862,1.132
probe,lower,1,reverse,23.9155,1400.000,1129,rolling,1595.726,1287,1596.786,4.277,0,0,1783746714.734877586,0.591248,-0.063089,0.847273,-0.270673,,,0.246604,-0.171229,0.030191,0.862,1.132
probe,lower,1,reverse,23.9370,1400.000,1129,rolling,1595.726,1287,1596.786,4.277,0,0,1783746714.734877586,0.591248,-0.063089,0.847273,-0.270673,,,0.246604,-0.171229,0.030191,0.862,1.132
probe,lower,1,reverse,23.9585,1400.000,1129,rolling,1595.726,1287,1596.786,4.277,0,0,1783746714.734877586,0.591248,-0.063089,0.847273,-0.270673,,,0.246604,-0.171229,0.030191,0.840,1.125
probe,lower,1,reverse,23.9735,1400.000,1129,rolling,1595.631,1287,1596.593,4.084,1,16,1783746714.835299015,0.580393,-0.086228,0.855446,-0.264141,-0.0245576,0.0081737,0.271161,-0.195787,0.038365,0.840,1.125
probe,lower,1,reverse,23.9868,1400.000,1129,rolling,1595.631,1287,1596.593,4.084,0,0,1783746714.835299015,0.580393,-0.086228,0.855446,-0.264141,,,0.271161,-0.195787,0.038365,0.840,1.125
probe,lower,1,reverse,24.0085,1400.000,1129,rolling,1595.631,1287,1596.593,4.084,0,0,1783746714.835299015,0.580393,-0.086228,0.855446,-0.264141,,,0.271161,-0.195787,0.038365,0.840,1.125
probe,lower,1,reverse,24.0300,1400.000,1129,rolling,1595.631,1287,1596.593,4.084,0,0,1783746714.835299015,0.580393,-0.086228,0.855446,-0.264141,,,0.271161,-0.195787,0.038365,0.840,1.125
probe,lower,1,reverse,24.0515,1400.000,1129,rolling,1595.631,1287,1596.593,4.084,0,0,1783746714.835299015,0.580393,-0.086228,0.855446,-0.264141,,,0.271161,-0.195787,0.038365,0.817,1.145
probe,lower,1,reverse,24.0711,1400.000,1129,rolling,1595.635,1287,1596.433,3.924,1,17,1783746714.935528755,0.570959,-0.107257,0.861605,-0.253185,-0.0220820,0.0061585,0.293243,-0.217869,0.044524,0.817,1.145
probe,lower,1,reverse,24.0876,1400.000,1129,rolling,1595.635,1287,1596.433,3.924,0,0,1783746714.935528755,0.570959,-0.107257,0.861605,-0.253185,,,0.293243,-0.217869,0.044524,0.817,1.145
probe,lower,1,reverse,24.1094,1400.000,1129,rolling,1595.635,1287,1596.433,3.924,0,0,1783746714.935528755,0.570959,-0.107257,0.861605,-0.253185,,,0.293243,-0.217869,0.044524,0.817,1.145
probe,lower,1,reverse,24.1312,1400.000,1129,rolling,1595.635,1287,1596.433,3.924,0,0,1783746714.935528755,0.570959,-0.107257,0.861605,-0.253185,,,0.293243,-0.217869,0.044524,0.817,1.145
probe,lower,1,reverse,24.1530,1400.000,1129,rolling,1595.635,1287,1596.433,3.924,0,0,1783746714.935528755,0.570959,-0.107257,0.861605,-0.253185,,,0.293243,-0.217869,0.044524,0.795,1.166
probe,lower,1,reverse,24.1727,1400.000,1129,rolling,1595.635,1287,1596.433,3.924,0,0,1783746714.935528755,0.570959,-0.107257,0.861605,-0.253185,,,0.293243,-0.217869,0.044524,0.795,1.166
probe,lower,1,reverse,24.1960,1400.000,1129,rolling,1595.520,1287,1596.283,3.775,1,18,1783746715.033263683,0.541024,-0.113049,0.864550,-0.250926,-0.0238619,0.0029454,0.317105,-0.241731,0.047469,0.795,1.166
probe,lower,1,reverse,24.2090,1400.000,1129,rolling,1595.520,1287,1596.283,3.775,0,0,1783746715.033263683,0.541024,-0.113049,0.864550,-0.250926,,,0.317105,-0.241731,0.047469,0.795,1.166
probe,lower,1,reverse,24.2307,1400.000,1129,rolling,1595.520,1287,1596.283,3.775,0,0,1783746715.033263683,0.541024,-0.113049,0.864550,-0.250926,,,0.317105,-0.241731,0.047469,0.795,1.166
probe,lower,1,reverse,24.2523,1400.000,1129,rolling,1595.520,1287,1596.283,3.775,0,0,1783746715.033263683,0.541024,-0.113049,0.864550,-0.250926,,,0.317105,-0.241731,0.047469,0.788,1.184
probe,lower,1,reverse,24.2723,1400.000,1129,rolling,1595.329,1287,1596.123,3.615,1,19,1783746715.134004116,0.519113,-0.128675,0.869585,-0.252944,-0.0260916,0.0050349,0.343197,-0.267823,0.052504,0.788,1.184
probe,lower,1,reverse,24.2935,1400.000,1129,rolling,1595.329,1287,1596.123,3.615,0,0,1783746715.134004116,0.519113,-0.128675,0.869585,-0.252944,,,0.343197,-0.267823,0.052504,0.788,1.184
probe,lower,1,reverse,24.3152,1400.000,1129,rolling,1595.329,1287,1596.123,3.615,0,0,1783746715.134004116,0.519113,-0.128675,0.869585,-0.252944,,,0.343197,-0.267823,0.052504,0.788,1.184
probe,lower,1,reverse,24.3369,1400.000,1129,rolling,1595.329,1287,1596.123,3.615,0,0,1783746715.134004116,0.519113,-0.128675,0.869585,-0.252944,,,0.343197,-0.267823,0.052504,0.788,1.184
probe,lower,1,reverse,24.3584,1400.000,1129,rolling,1595.329,1287,1596.123,3.615,0,0,1783746715.134004116,0.519113,-0.128675,0.869585,-0.252944,,,0.343197,-0.267823,0.052504,0.778,1.202
probe,lower,1,reverse,24.3727,1400.000,1129,rolling,1595.467,1287,1596.014,3.505,1,20,1783746715.234434366,0.510012,-0.145547,0.875694,-0.236444,-0.0187749,0.0061091,0.361972,-0.286598,0.058613,0.778,1.202
probe,lower,1,reverse,24.3943,1400.000,1129,rolling,1595.467,1287,1596.014,3.505,0,0,1783746715.234434366,0.510012,-0.145547,0.875694,-0.236444,,,0.361972,-0.286598,0.058613,0.778,1.202
probe,lower,1,reverse,24.4159,1400.000,1129,rolling,1595.467,1287,1596.014,3.505,0,0,1783746715.234434366,0.510012,-0.145547,0.875694,-0.236444,,,0.361972,-0.286598,0.058613,0.778,1.202
probe,lower,1,reverse,24.4374,1400.000,1129,rolling,1595.467,1287,1596.014,3.505,0,0,1783746715.234434366,0.510012,-0.145547,0.875694,-0.236444,,,0.361972,-0.286598,0.058613,0.778,1.202
probe,lower,1,reverse,24.4589,1400.000,1129,rolling,1595.467,1287,1596.014,3.505,0,0,1783746715.234434366,0.510012,-0.145547,0.875694,-0.236444,,,0.361972,-0.286598,0.058613,0.769,1.222
probe,lower,1,reverse,24.4730,1400.000,1129,rolling,1595.550,1287,1595.936,3.427,1,21,1783746715.334819078,0.496641,-0.159721,0.878221,-0.225765,-0.0194474,0.0025271,0.381419,-0.306045,0.061140,0.769,1.222
probe,lower,1,reverse,24.4858,1400.000,1129,rolling,1595.550,1287,1595.936,3.427,0,0,1783746715.334819078,0.496641,-0.159721,0.878221,-0.225765,,,0.381419,-0.306045,0.061140,0.769,1.222
probe,lower,1,reverse,24.5074,1400.000,1129,rolling,1595.550,1287,1595.936,3.427,0,0,1783746715.334819078,0.496641,-0.159721,0.878221,-0.225765,,,0.381419,-0.306045,0.061140,0.769,1.222
probe,lower,1,reverse,24.5289,1400.000,1129,rolling,1595.550,1287,1595.936,3.427,0,0,1783746715.334819078,0.496641,-0.159721,0.878221,-0.225765,,,0.381419,-0.306045,0.061140,0.769,1.222
probe,lower,1,reverse,24.5504,1400.000,1129,rolling,1595.550,1287,1595.936,3.427,0,0,1783746715.334819078,0.496641,-0.159721,0.878221,-0.225765,,,0.381419,-0.306045,0.061140,0.771,1.237
probe,lower,1,reverse,24.5707,1400.000,1129,rolling,1595.672,1287,1595.892,3.383,1,22,1783746715.434762955,0.483876,-0.172691,0.880331,-0.214677,-0.0181311,0.0021092,0.399550,-0.324176,0.063249,0.771,1.237
probe,lower,1,reverse,24.5827,1400.000,1129,rolling,1595.672,1287,1595.892,3.383,0,0,1783746715.434762955,0.483876,-0.172691,0.880331,-0.214677,,,0.399550,-0.324176,0.063249,0.771,1.237
probe,lower,1,reverse,24.6044,1400.000,1129,rolling,1595.672,1287,1595.892,3.383,0,0,1783746715.434762955,0.483876,-0.172691,0.880331,-0.214677,,,0.399550,-0.324176,0.063249,0.771,1.237
probe,lower,1,reverse,24.6259,1400.000,1129,rolling,1595.672,1287,1595.892,3.383,0,0,1783746715.434762955,0.483876,-0.172691,0.880331,-0.214677,,,0.399550,-0.324176,0.063249,0.771,1.237
probe,lower,1,reverse,24.6474,1400.000,1129,rolling,1595.672,1287,1595.892,3.383,0,0,1783746715.434762955,0.483876,-0.172691,0.880331,-0.214677,,,0.399550,-0.324176,0.063249,0.771,1.237
probe,lower,1,reverse,24.6690,1400.000,1129,rolling,1595.672,1287,1595.892,3.383,0,0,1783746715.434762955,0.483876,-0.172691,0.880331,-0.214677,,,0.399550,-0.324176,0.063249,0.771,1.250
probe,lower,1,reverse,24.6714,1400.000,1129,rolling,1595.672,1287,1595.892,3.383,0,0,1783746715.434762955,0.483876,-0.172691,0.880331,-0.214677,,,0.399550,-0.324176,0.063249,0.771,1.250
probe,lower,1,reverse,24.6934,1400.000,1129,rolling,1595.761,1287,1595.871,3.362,1,23,1783746715.532741547,0.475025,-0.188899,0.886938,-0.207303,-0.0181439,0.0066073,0.417694,-0.342320,0.069856,0.771,1.250
probe,lower,1,reverse,24.6953,1400.000,1129,rolling,1595.761,1287,1595.871,3.362,0,0,1783746715.532741547,0.475025,-0.188899,0.886938,-0.207303,,,0.417694,-0.342320,0.069856,0.771,1.250
probe,lower,1,reverse,24.7169,1400.000,1129,rolling,1595.761,1287,1595.871,3.362,0,0,1783746715.532741547,0.475025,-0.188899,0.886938,-0.207303,,,0.417694,-0.342320,0.069856,0.771,1.250
probe,lower,1,reverse,24.7384,1400.000,1129,rolling,1595.761,1287,1595.871,3.362,0,0,1783746715.532741547,0.475025,-0.188899,0.886938,-0.207303,,,0.417694,-0.342320,0.069856,0.771,1.250
probe,lower,1,reverse,24.7599,1400.000,1129,rolling,1595.761,1287,1595.871,3.362,0,0,1783746715.532741547,0.475025,-0.188899,0.886938,-0.207303,,,0.417694,-0.342320,0.069856,0.762,1.266
probe,lower,1,reverse,24.7717,1400.000,1129,rolling,1595.808,1287,1595.860,3.351,1,24,1783746715.633274794,0.463186,-0.204134,0.893241,-0.203448,-0.0192905,0.0063031,0.436985,-0.361610,0.076160,0.762,1.266
probe,lower,1,reverse,24.7824,1400.000,1129,rolling,1595.808,1287,1595.860,3.351,0,0,1783746715.633274794,0.463186,-0.204134,0.893241,-0.203448,,,0.436985,-0.361610,0.076160,0.762,1.266
probe,lower,1,reverse,24.8045,1400.000,1129,rolling,1595.808,1287,1595.860,3.351,0,0,1783746715.633274794,0.463186,-0.204134,0.893241,-0.203448,,,0.436985,-0.361610,0.076160,0.762,1.266
probe,lower,1,reverse,24.8262,1400.000,1129,rolling,1595.808,1287,1595.860,3.351,0,0,1783746715.633274794,0.463186,-0.204134,0.893241,-0.203448,,,0.436985,-0.361610,0.076160,0.762,1.266
probe,lower,1,reverse,24.8477,1400.000,1129,rolling,1595.808,1287,1595.860,3.351,0,0,1783746715.633274794,0.463186,-0.204134,0.893241,-0.203448,,,0.436985,-0.361610,0.076160,0.762,1.266
probe,lower,1,reverse,24.8693,1400.000,1129,rolling,1595.808,1287,1595.860,3.351,0,0,1783746715.633274794,0.463186,-0.204134,0.893241,-0.203448,,,0.436985,-0.361610,0.076160,0.760,1.283
probe,lower,1,reverse,24.8719,1400.000,1129,rolling,1595.870,1287,1595.862,3.353,1,25,1783746715.733806610,0.454341,-0.221188,0.895936,-0.199429,-0.0188368,0.0026949,0.455821,-0.380447,0.078854,0.760,1.283
probe,lower,1,reverse,24.8895,1400.000,1129,rolling,1595.870,1287,1595.862,3.353,0,0,1783746715.733806610,0.454341,-0.221188,0.895936,-0.199429,,,0.455821,-0.380447,0.078854,0.760,1.283
probe,lower,1,reverse,24.9112,1400.000,1129,rolling,1595.870,1287,1595.862,3.353,0,0,1783746715.733806610,0.454341,-0.221188,0.895936,-0.199429,,,0.455821,-0.380447,0.078854,0.760,1.283
probe,lower,1,reverse,24.9327,1400.000,1129,rolling,1595.870,1287,1595.862,3.353,0,0,1783746715.733806610,0.454341,-0.221188,0.895936,-0.199429,,,0.455821,-0.380447,0.078854,0.760,1.283
probe,lower,1,reverse,24.9542,1400.000,1129,rolling,1595.870,1287,1595.862,3.353,0,0,1783746715.733806610,0.454341,-0.221188,0.895936,-0.199429,,,0.455821,-0.380447,0.078854,0.753,1.299
probe,lower,1,reverse,24.9701,1400.000,1129,rolling,1596.022,1287,1595.889,3.380,1,26,1783746715.833935022,0.443157,-0.233535,0.896716,-0.191089,-0.0166281,0.0007798,0.472449,-0.397075,0.079634,0.753,1.299
probe,lower,1,reverse,24.9833,1400.000,1129,rolling,1596.022,1287,1595.889,3.380,0,0,1783746715.833935022,0.443157,-0.233535,0.896716,-0.191089,,,0.472449,-0.397075,0.079634,0.753,1.299
probe,lower,1,reverse,25.0050,1400.000,1129,rolling,1596.022,1287,1595.889,3.380,0,0,1783746715.833935022,0.443157,-0.233535,0.896716,-0.191089,,,0.472449,-0.397075,0.079634,0.753,1.299
probe,lower,1,reverse,25.0265,1400.000,1129,rolling,1596.022,1287,1595.889,3.380,0,0,1783746715.833935022,0.443157,-0.233535,0.896716,-0.191089,,,0.472449,-0.397075,0.079634,0.753,1.299
probe,lower,1,reverse,25.0480,1400.000,1129,rolling,1596.022,1287,1595.889,3.380,0,0,1783746715.833935022,0.443157,-0.233535,0.896716,-0.191089,,,0.472449,-0.397075,0.079634,0.755,1.318
probe,lower,1,reverse,25.0703,1400.000,1129,rolling,1596.022,1287,1595.889,3.380,0,0,1783746715.833935022,0.443157,-0.233535,0.896716,-0.191089,,,0.472449,-0.397075,0.079634,0.755,1.318
probe,lower,1,reverse,25.0920,1400.000,1129,rolling,1595.816,1287,1595.877,3.368,1,27,1783746715.931923866,0.426337,-0.250566,0.901787,-0.204032,-0.0237978,0.0050715,0.496247,-0.420873,0.084706,0.755,1.318
probe,lower,1,reverse,25.0955,1400.000,1129,rolling,1595.816,1287,1595.877,3.368,0,0,1783746715.931923866,0.426337,-0.250566,0.901787,-0.204032,,,0.496247,-0.420873,0.084706,0.755,1.318
probe,lower,1,reverse,25.1172,1400.000,1129,rolling,1595.816,1287,1595.877,3.368,0,0,1783746715.931923866,0.426337,-0.250566,0.901787,-0.204032,,,0.496247,-0.420873,0.084706,0.755,1.318
probe,lower,1,reverse,25.1388,1400.000,1129,rolling,1595.816,1287,1595.877,3.368,0,0,1783746715.931923866,0.426337,-0.250566,0.901787,-0.204032,,,0.496247,-0.420873,0.084706,0.755,1.318
probe,lower,1,reverse,25.1603,1400.000,1129,rolling,1595.816,1287,1595.877,3.368,0,0,1783746715.931923866,0.426337,-0.250566,0.901787,-0.204032,,,0.496247,-0.420873,0.084706,0.744,1.337
probe,lower,1,reverse,25.1705,1400.000,1129,rolling,1595.816,1287,1595.877,3.368,0,0,1783746715.931923866,0.426337,-0.250566,0.901787,-0.204032,,,0.496247,-0.420873,0.084706,0.744,1.337
probe,lower,1,reverse,25.1923,1400.000,1129,rolling,1595.902,1287,1595.881,3.372,1,28,1783746716.032379866,0.414678,-0.264704,0.907805,-0.198617,-0.0183202,0.0060180,0.514568,-0.439193,0.090724,0.744,1.337
probe,lower,1,reverse,25.1942,1400.000,1129,rolling,1595.902,1287,1595.881,3.372,0,0,1783746716.032379866,0.414678,-0.264704,0.907805,-0.198617,,,0.514568,-0.439193,0.090724,0.744,1.337
probe,lower,1,reverse,25.2158,1400.000,1129,rolling,1595.902,1287,1595.881,3.372,0,0,1783746716.032379866,0.414678,-0.264704,0.907805,-0.198617,,,0.514568,-0.439193,0.090724,0.744,1.337
probe,lower,1,reverse,25.2374,1400.000,1129,rolling,1595.902,1287,1595.881,3.372,0,0,1783746716.032379866,0.414678,-0.264704,0.907805,-0.198617,,,0.514568,-0.439193,0.090724,0.744,1.337
probe,lower,1,reverse,25.2589,1400.000,1129,rolling,1595.902,1287,1595.881,3.372,0,0,1783746716.032379866,0.414678,-0.264704,0.907805,-0.198617,,,0.514568,-0.439193,0.090724,0.737,1.355
probe,lower,1,reverse,25.2711,1400.000,1129,rolling,1595.811,1287,1595.869,3.360,1,29,1783746716.132704496,0.402332,-0.283027,0.913047,-0.203894,-0.0220438,0.0052414,0.536611,-0.461237,0.095965,0.737,1.355
probe,lower,1,reverse,25.2819,1400.000,1129,rolling,1595.811,1287,1595.869,3.360,0,0,1783746716.132704496,0.402332,-0.283027,0.913047,-0.203894,,,0.536611,-0.461237,0.095965,0.737,1.355
probe,lower,1,reverse,25.3035,1400.000,1129,rolling,1595.811,1287,1595.869,3.360,0,0,1783746716.132704496,0.402332,-0.283027,0.913047,-0.203894,,,0.536611,-0.461237,0.095965,0.737,1.355
probe,lower,1,reverse,25.3250,1400.000,1129,rolling,1595.811,1287,1595.869,3.360,0,0,1783746716.132704496,0.402332,-0.283027,0.913047,-0.203894,,,0.536611,-0.461237,0.095965,0.737,1.355
probe,lower,1,reverse,25.3465,1400.000,1129,rolling,1595.811,1287,1595.869,3.360,0,0,1783746716.132704496,0.402332,-0.283027,0.913047,-0.203894,,,0.536611,-0.461237,0.095965,0.737,1.355
probe,lower,1,reverse,25.3680,1400.000,1129,rolling,1595.811,1287,1595.869,3.360,0,0,1783746716.132704496,0.402332,-0.283027,0.913047,-0.203894,,,0.536611,-0.461237,0.095965,0.723,1.374
probe,lower,1,reverse,25.3715,1400.000,1129,rolling,1595.947,1287,1595.882,3.373,1,30,1783746716.232986927,0.392534,-0.297143,0.916991,-0.195706,-0.0171628,0.0039444,0.553774,-0.478400,0.099909,0.723,1.374
probe,lower,1,reverse,25.3888,1400.000,1129,rolling,1595.947,1287,1595.882,3.373,0,0,1783746716.232986927,0.392534,-0.297143,0.916991,-0.195706,,,0.553774,-0.478400,0.099909,0.723,1.374
probe,lower,1,reverse,25.4105,1400.000,1129,rolling,1595.947,1287,1595.882,3.373,0,0,1783746716.232986927,0.392534,-0.297143,0.916991,-0.195706,,,0.553774,-0.478400,0.099909,0.723,1.374
probe,lower,1,reverse,25.4321,1400.000,1129,rolling,1595.947,1287,1595.882,3.373,0,0,1783746716.232986927,0.392534,-0.297143,0.916991,-0.195706,,,0.553774,-0.478400,0.099909,0.723,1.374
probe,lower,1,reverse,25.4536,1400.000,1129,rolling,1595.947,1287,1595.882,3.373,0,0,1783746716.232986927,0.392534,-0.297143,0.916991,-0.195706,,,0.553774,-0.478400,0.099909,0.719,1.395
probe,lower,1,reverse,25.4719,1400.000,1129,rolling,1595.779,1287,1595.865,3.356,1,31,1783746716.333589077,0.377430,-0.315460,0.919337,-0.205736,-0.0237245,0.0023465,0.577499,-0.502125,0.102256,0.719,1.395
probe,lower,1,reverse,25.4929,1400.000,1129,rolling,1595.779,1287,1595.865,3.356,0,0,1783746716.333589077,0.377430,-0.315460,0.919337,-0.205736,,,0.577499,-0.502125,0.102256,0.719,1.395
probe,lower,1,reverse,25.5146,1400.000,1129,rolling,1595.779,1287,1595.865,3.356,0,0,1783746716.333589077,0.377430,-0.315460,0.919337,-0.205736,,,0.577499,-0.502125,0.102256,0.719,1.395
probe,lower,1,reverse,25.5362,1400.000,1129,rolling,1595.779,1287,1595.865,3.356,0,0,1783746716.333589077,0.377430,-0.315460,0.919337,-0.205736,,,0.577499,-0.502125,0.102256,0.719,1.395
probe,lower,1,reverse,25.5578,1400.000,1129,rolling,1595.779,1287,1595.865,3.356,0,0,1783746716.333589077,0.377430,-0.315460,0.919337,-0.205736,,,0.577499,-0.502125,0.102256,0.702,1.413
probe,lower,1,reverse,25.5697,1400.000,1129,rolling,1595.699,1287,1595.837,3.328,1,32,1783746716.433966160,0.362532,-0.331822,0.924948,-0.209193,-0.0220393,0.0056105,0.599538,-0.524164,0.107866,0.702,1.413
probe,lower,1,reverse,25.5829,1400.000,1129,rolling,1595.699,1287,1595.837,3.328,0,0,1783746716.433966160,0.362532,-0.331822,0.924948,-0.209193,,,0.599538,-0.524164,0.107866,0.702,1.413
probe,lower,1,reverse,25.6046,1400.000,1129,rolling,1595.699,1287,1595.837,3.328,0,0,1783746716.433966160,0.362532,-0.331822,0.924948,-0.209193,,,0.599538,-0.524164,0.107866,0.702,1.413
probe,lower,1,reverse,25.6261,1400.000,1129,rolling,1595.699,1287,1595.837,3.328,0,0,1783746716.433966160,0.362532,-0.331822,0.924948,-0.209193,,,0.599538,-0.524164,0.107866,0.702,1.413
probe,lower,1,reverse,25.6476,1400.000,1129,rolling,1595.699,1287,1595.837,3.328,0,0,1783746716.433966160,0.362532,-0.331822,0.924948,-0.209193,,,0.599538,-0.524164,0.107866,0.702,1.413
probe,lower,1,reverse,25.6692,1400.000,1129,rolling,1595.699,1287,1595.837,3.328,0,0,1783746716.433966160,0.362532,-0.331822,0.924948,-0.209193,,,0.599538,-0.524164,0.107866,0.707,1.431
probe,lower,1,reverse,25.6717,1400.000,1129,rolling,1595.585,1287,1595.796,3.287,1,33,1783746716.531872988,0.353852,-0.353304,0.930391,-0.214082,-0.0223961,0.0054428,0.621934,-0.546560,0.113309,0.707,1.431
probe,lower,1,reverse,25.6866,1400.000,1129,rolling,1595.585,1287,1595.796,3.287,0,0,1783746716.531872988,0.353852,-0.353304,0.930391,-0.214082,,,0.621934,-0.546560,0.113309,0.707,1.431
probe,lower,1,reverse,25.7084,1400.000,1129,rolling,1595.585,1287,1595.796,3.287,0,0,1783746716.531872988,0.353852,-0.353304,0.930391,-0.214082,,,0.621934,-0.546560,0.113309,0.707,1.431
probe,lower,1,reverse,25.7300,1400.000,1129,rolling,1595.585,1287,1595.796,3.287,0,0,1783746716.531872988,0.353852,-0.353304,0.930391,-0.214082,,,0.621934,-0.546560,0.113309,0.707,1.431
probe,lower,1,reverse,25.7515,1400.000,1129,rolling,1595.585,1287,1595.796,3.287,0,0,1783746716.531872988,0.353852,-0.353304,0.930391,-0.214082,,,0.621934,-0.546560,0.113309,1.436,1.451
probe,lower,1,reverse,25.7708,1400.000,1129,rolling,1595.468,1287,1595.741,3.232,1,34,1783746716.632509708,0.339860,-0.371810,0.935490,-0.218192,-0.0231991,0.0050995,0.645133,-0.569759,0.118409,1.436,1.451
probe,lower,1,reverse,25.7903,1400.000,1129,rolling,1595.468,1287,1595.741,3.232,0,0,1783746716.632509708,0.339860,-0.371810,0.935490,-0.218192,,,0.645133,-0.569759,0.118409,1.436,1.451
probe,lower,1,reverse,25.8121,1400.000,1129,rolling,1595.468,1287,1595.741,3.232,0,0,1783746716.632509708,0.339860,-0.371810,0.935490,-0.218192,,,0.645133,-0.569759,0.118409,1.436,1.451
probe,lower,1,reverse,25.8337,1400.000,1129,rolling,1595.468,1287,1595.741,3.232,0,0,1783746716.632509708,0.339860,-0.371810,0.935490,-0.218192,,,0.645133,-0.569759,0.118409,1.436,1.451
probe,lower,1,reverse,25.8553,1400.000,1129,rolling,1595.468,1287,1595.741,3.232,0,0,1783746716.632509708,0.339860,-0.371810,0.935490,-0.218192,,,0.645133,-0.569759,0.118409,1.413,1.475
probe,lower,1,reverse,25.8715,1400.000,1129,rolling,1595.326,1287,1595.672,3.163,1,35,1783746716.732723951,0.326090,-0.391227,0.940485,-0.223018,-0.0238002,0.0049949,0.668933,-0.593559,0.123404,1.413,1.475
probe,lower,1,reverse,25.8771,1400.000,1129,rolling,1595.326,1287,1595.672,3.163,0,0,1783746716.732723951,0.326090,-0.391227,0.940485,-0.223018,,,0.668933,-0.593559,0.123404,1.413,1.475
probe,lower,1,reverse,25.8988,1400.000,1129,rolling,1595.326,1287,1595.672,3.163,0,0,1783746716.732723951,0.326090,-0.391227,0.940485,-0.223018,,,0.668933,-0.593559,0.123404,1.413,1.475
probe,lower,1,reverse,25.9203,1400.000,1129,rolling,1595.326,1287,1595.672,3.163,0,0,1783746716.732723951,0.326090,-0.391227,0.940485,-0.223018,,,0.668933,-0.593559,0.123404,1.413,1.475
probe,lower,1,reverse,25.9419,1400.000,1129,rolling,1595.326,1287,1595.672,3.163,0,0,1783746716.732723951,0.326090,-0.391227,0.940485,-0.223018,,,0.668933,-0.593559,0.123404,1.413,1.475
probe,lower,1,reverse,25.9634,1400.000,1129,rolling,1595.326,1287,1595.672,3.163,0,0,1783746716.732723951,0.326090,-0.391227,0.940485,-0.223018,,,0.668933,-0.593559,0.123404,1.392,1.495
probe,lower,1,reverse,25.9686,1400.000,1129,rolling,1595.163,1286,1595.586,3.078,1,36,1783746716.833306551,0.315010,-0.413499,0.946477,-0.228247,-0.0245357,0.0059919,0.693469,-0.618095,0.129396,1.392,1.495
probe,lower,1,reverse,25.9833,1400.000,1129,rolling,1595.163,1286,1595.586,3.078,0,0,1783746716.833306551,0.315010,-0.413499,0.946477,-0.228247,,,0.693469,-0.618095,0.129396,1.392,1.495
probe,lower,1,reverse,26.0049,1400.000,1129,rolling,1595.163,1286,1595.586,3.078,0,0,1783746716.833306551,0.315010,-0.413499,0.946477,-0.228247,,,0.693469,-0.618095,0.129396,1.392,1.495
probe,lower,1,reverse,26.0265,1400.000,1129,rolling,1595.163,1286,1595.586,3.078,0,0,1783746716.833306551,0.315010,-0.413499,0.946477,-0.228247,,,0.693469,-0.618095,0.129396,1.392,1.495
probe,lower,1,reverse,26.0480,1400.000,1129,rolling,1595.163,1286,1595.586,3.078,0,0,1783746716.833306551,0.315010,-0.413499,0.946477,-0.228247,,,0.693469,-0.618095,0.129396,1.369,1.517
probe,lower,1,reverse,26.0693,1400.000,1129,rolling,1594.864,1286,1595.469,2.960,1,37,1783746716.930787086,0.301060,-0.436651,0.953792,-0.240295,-0.0269475,0.0073146,0.720416,-0.645042,0.136710,1.369,1.517
probe,lower,1,reverse,26.0883,1400.000,1129,rolling,1594.864,1286,1595.469,2.960,0,0,1783746716.930787086,0.301060,-0.436651,0.953792,-0.240295,,,0.720416,-0.645042,0.136710,1.369,1.517
probe,lower,1,reverse,26.1100,1400.000,1129,rolling,1594.864,1286,1595.469,2.960,0,0,1783746716.930787086,0.301060,-0.436651,0.953792,-0.240295,,,0.720416,-0.645042,0.136710,1.369,1.517
probe,lower,1,reverse,26.1315,1400.000,1129,rolling,1594.864,1286,1595.469,2.960,0,0,1783746716.930787086,0.301060,-0.436651,0.953792,-0.240295,,,0.720416,-0.645042,0.136710,1.369,1.517
probe,lower,1,reverse,26.1530,1400.000,1129,rolling,1594.864,1286,1595.469,2.960,0,0,1783746716.930787086,0.301060,-0.436651,0.953792,-0.240295,,,0.720416,-0.645042,0.136710,1.347,1.540
probe,lower,1,reverse,26.1695,1400.000,1129,rolling,1594.707,1286,1595.341,2.832,1,38,1783746717.031347990,0.288921,-0.458630,0.960718,-0.242272,-0.0249594,0.0069259,0.745376,-0.670002,0.143636,1.347,1.540
probe,lower,1,reverse,26.1795,1400.000,1129,rolling,1594.707,1286,1595.341,2.832,0,0,1783746717.031347990,0.288921,-0.458630,0.960718,-0.242272,,,0.745376,-0.670002,0.143636,1.347,1.540
probe,lower,1,reverse,26.2014,1400.000,1129,rolling,1594.707,1286,1595.341,2.832,0,0,1783746717.031347990,0.288921,-0.458630,0.960718,-0.242272,,,0.745376,-0.670002,0.143636,1.347,1.540
probe,lower,1,reverse,26.2232,1400.000,1129,rolling,1594.707,1286,1595.341,2.832,0,0,1783746717.031347990,0.288921,-0.458630,0.960718,-0.242272,,,0.745376,-0.670002,0.143636,1.347,1.540
probe,lower,1,reverse,26.2453,1400.000,1129,rolling,1594.707,1286,1595.341,2.832,0,0,1783746717.031347990,0.288921,-0.458630,0.960718,-0.242272,,,0.745376,-0.670002,0.143636,1.347,1.540
probe,lower,1,reverse,26.2677,1400.000,1129,rolling,1594.707,1286,1595.341,2.832,0,0,1783746717.031347990,0.288921,-0.458630,0.960718,-0.242272,,,0.745376,-0.670002,0.143636,1.327,1.554
probe,lower,1,reverse,26.2699,1400.000,1129,rolling,1594.635,1286,1595.223,2.714,1,39,1783746717.131655216,0.278622,-0.479563,0.968036,-0.239203,-0.0230704,0.0073186,0.768446,-0.693072,0.150955,1.327,1.554
probe,upper,1,forward,28.4648,1500.000,1210,startup,1416.386,1142,1413.626,-5.758,1,1,1783746719.330566883,0.253292,-0.503215,0.974346,-0.020913,-0.0055671,-0.0002696,0.005567,0.000000,0.000000,1.300,1.574
probe,upper,1,forward,28.4848,1500.000,1210,startup,1416.386,1142,1413.626,-5.758,0,0,1783746719.330566883,0.253292,-0.503215,0.974346,-0.020913,,,0.005567,0.000000,0.000000,1.300,1.574
probe,upper,1,forward,28.5064,1500.000,1210,startup,1416.386,1142,1413.626,-5.758,0,0,1783746719.330566883,0.253292,-0.503215,0.974346,-0.020913,,,0.005567,0.000000,0.000000,1.300,1.574
probe,upper,1,forward,28.5279,1500.000,1210,startup,1416.386,1142,1413.626,-5.758,0,0,1783746719.330566883,0.253292,-0.503215,0.974346,-0.020913,,,0.005567,0.000000,0.000000,1.300,1.574
probe,upper,1,forward,28.5494,1500.000,1210,startup,1416.386,1142,1413.626,-5.758,0,0,1783746719.330566883,0.253292,-0.503215,0.974346,-0.020913,,,0.005567,0.000000,0.000000,1.301,1.575
probe,upper,1,forward,28.5665,1500.000,1210,startup,1415.146,1141,1413.626,-5.758,1,2,1783746719.428202152,0.254157,-0.504985,0.974382,-0.018191,-0.0009789,0.0000361,0.006546,0.000000,0.000000,1.301,1.575
probe,upper,1,forward,28.5794,1500.000,1210,startup,1415.146,1141,1413.626,-5.758,0,0,1783746719.428202152,0.254157,-0.504985,0.974382,-0.018191,,,0.006546,0.000000,0.000000,1.301,1.575
probe,upper,1,forward,28.6010,1500.000,1210,startup,1415.146,1141,1413.626,-5.758,0,0,1783746719.428202152,0.254157,-0.504985,0.974382,-0.018191,,,0.006546,0.000000,0.000000,1.301,1.575
probe,upper,1,forward,28.6225,1500.000,1210,startup,1415.146,1141,1413.626,-5.758,0,0,1783746719.428202152,0.254157,-0.504985,0.974382,-0.018191,,,0.006546,0.000000,0.000000,1.301,1.575
probe,upper,1,forward,28.6440,1500.000,1210,startup,1415.146,1141,1413.626,-5.758,0,0,1783746719.428202152,0.254157,-0.504985,0.974382,-0.018191,,,0.006546,0.000000,0.000000,1.301,1.575
probe,upper,1,forward,28.6655,1500.000,1210,startup,1415.146,1141,1413.626,-5.758,0,0,1783746719.428202152,0.254157,-0.504985,0.974382,-0.018191,,,0.006546,0.000000,0.000000,1.302,1.569
probe,upper,1,forward,28.6680,1500.000,1210,startup,1413.906,1140,1413.626,-5.758,1,3,1783746719.528362989,0.258664,-0.500655,0.974447,0.001618,0.0061142,0.0000647,0.012660,0.000000,0.000000,1.302,1.569
probe,upper,1,forward,28.6826,1500.000,1210,startup,1413.906,1140,1413.626,-5.758,0,0,1783746719.528362989,0.258664,-0.500655,0.974447,0.001618,,,0.012660,0.000000,0.000000,1.302,1.569
probe,upper,1,forward,28.7043,1500.000,1210,startup,1413.906,1140,1413.626,-5.758,0,0,1783746719.528362989,0.258664,-0.500655,0.974447,0.001618,,,0.012660,0.000000,0.000000,1.302,1.569
probe,upper,1,forward,28.7258,1500.000,1210,startup,1413.906,1140,1413.626,-5.758,0,0,1783746719.528362989,0.258664,-0.500655,0.974447,0.001618,,,0.012660,0.000000,0.000000,1.302,1.569
probe,upper,1,forward,28.7474,1500.000,1210,startup,1413.906,1140,1413.626,-5.758,0,0,1783746719.528362989,0.258664,-0.500655,0.974447,0.001618,,,0.012660,0.000000,0.000000,1.311,1.559
probe,upper,1,forward,28.7652,1500.000,1210,startup,1413.906,1140,1413.626,-5.758,0,0,1783746719.528362989,0.258664,-0.500655,0.974447,0.001618,,,0.012660,0.000000,0.000000,1.311,1.559
probe,upper,1,forward,28.7874,1500.000,1210,startup,1412.666,1139,1413.626,-5.758,1,4,1783746719.628946543,0.265486,-0.487577,0.975327,0.037633,0.0146529,0.0008800,0.027313,0.000000,0.000000,1.311,1.559
probe,upper,1,forward,28.7935,1500.000,1210,startup,1412.666,1139,1413.626,-5.758,0,0,1783746719.628946543,0.265486,-0.487577,0.975327,0.037633,,,0.027313,0.000000,0.000000,1.311,1.559
probe,upper,1,forward,28.8152,1500.000,1210,startup,1412.666,1139,1413.626,-5.758,0,0,1783746719.628946543,0.265486,-0.487577,0.975327,0.037633,,,0.027313,0.000000,0.000000,1.311,1.559
probe,upper,1,forward,28.8368,1500.000,1210,startup,1412.666,1139,1413.626,-5.758,0,0,1783746719.628946543,0.265486,-0.487577,0.975327,0.037633,,,0.027313,0.000000,0.000000,1.311,1.559
probe,upper,1,forward,28.8583,1500.000,1210,startup,1412.666,1139,1413.626,-5.758,0,0,1783746719.628946543,0.265486,-0.487577,0.975327,0.037633,,,0.027313,0.000000,0.000000,1.319,1.548
probe,upper,1,forward,28.8652,1500.000,1210,rolling,1413.626,1140,1413.626,-5.758,1,5,1783746719.727098227,0.274428,-0.478901,0.976890,0.059289,0.0121962,0.0015626,0.039509,0.000000,0.000000,1.319,1.548
probe,upper,1,forward,28.8763,1500.000,1210,rolling,1413.626,1140,1413.626,-5.758,0,0,1783746719.727098227,0.274428,-0.478901,0.976890,0.059289,,,0.039509,0.000000,0.000000,1.319,1.548
probe,upper,1,forward,28.8979,1500.000,1210,rolling,1413.626,1140,1413.626,-5.758,0,0,1783746719.727098227,0.274428,-0.478901,0.976890,0.059289,,,0.039509,0.000000,0.000000,1.319,1.548
probe,upper,1,forward,28.9195,1500.000,1210,rolling,1413.626,1140,1413.626,-5.758,0,0,1783746719.727098227,0.274428,-0.478901,0.976890,0.059289,,,0.039509,0.000000,0.000000,1.319,1.548
probe,upper,1,forward,28.9410,1500.000,1210,rolling,1413.626,1140,1413.626,-5.758,0,0,1783746719.727098227,0.274428,-0.478901,0.976890,0.059289,,,0.039509,0.000000,0.000000,1.319,1.548
probe,upper,1,forward,28.9625,1500.000,1210,rolling,1413.626,1140,1413.626,-5.758,0,0,1783746719.727098227,0.274428,-0.478901,0.976890,0.059289,,,0.039509,0.000000,0.000000,1.333,1.533
probe,upper,1,forward,28.9655,1500.000,1210,rolling,1410.989,1138,1413.281,-6.102,1,6,1783746719.827250242,0.285829,-0.466835,0.975194,0.085361,0.0163824,-0.0016955,0.055892,0.000000,0.000000,1.333,1.533
probe,upper,1,forward,28.9864,1500.000,1210,rolling,1410.989,1138,1413.281,-6.102,0,0,1783746719.827250242,0.285829,-0.466835,0.975194,0.085361,,,0.055892,0.000000,0.000000,1.333,1.533
probe,upper,1,forward,29.0080,1500.000,1210,rolling,1410.989,1138,1413.281,-6.102,0,0,1783746719.827250242,0.285829,-0.466835,0.975194,0.085361,,,0.055892,0.000000,0.000000,1.333,1.533
probe,upper,1,forward,29.0295,1500.000,1210,rolling,1410.989,1138,1413.281,-6.102,0,0,1783746719.827250242,0.285829,-0.466835,0.975194,0.085361,,,0.055892,0.000000,0.000000,1.333,1.533
probe,upper,1,forward,29.0510,1500.000,1210,rolling,1410.989,1138,1413.281,-6.102,0,0,1783746719.827250242,0.285829,-0.466835,0.975194,0.085361,,,0.055892,0.000000,0.000000,1.350,1.516
probe,upper,1,forward,29.0658,1500.000,1210,rolling,1410.960,1138,1412.977,-6.406,1,7,1783746719.927704573,0.295771,-0.456524,0.973665,0.099148,0.0141146,-0.0015289,0.070006,0.000000,0.000000,1.350,1.516
probe,upper,1,forward,29.0831,1500.000,1210,rolling,1410.960,1138,1412.977,-6.406,0,0,1783746719.927704573,0.295771,-0.456524,0.973665,0.099148,,,0.070006,0.000000,0.000000,1.350,1.516
probe,upper,1,forward,29.1047,1500.000,1210,rolling,1410.960,1138,1412.977,-6.406,0,0,1783746719.927704573,0.295771,-0.456524,0.973665,0.099148,,,0.070006,0.000000,0.000000,1.350,1.516
probe,upper,1,forward,29.1262,1500.000,1210,rolling,1410.960,1138,1412.977,-6.406,0,0,1783746719.927704573,0.295771,-0.456524,0.973665,0.099148,,,0.070006,0.000000,0.000000,1.350,1.516
probe,upper,1,forward,29.1477,1500.000,1210,rolling,1410.960,1138,1412.977,-6.406,0,0,1783746719.927704573,0.295771,-0.456524,0.973665,0.099148,,,0.070006,0.000000,0.000000,1.370,1.501
probe,upper,1,forward,29.1666,1500.000,1210,rolling,1410.960,1138,1412.977,-6.406,0,0,1783746719.927704573,0.295771,-0.456524,0.973665,0.099148,,,0.070006,0.000000,0.000000,1.370,1.501
probe,upper,1,forward,29.1885,1500.000,1210,rolling,1411.129,1138,1412.736,-6.648,1,8,1783746720.027930975,0.304503,-0.440499,0.978058,0.119671,0.0181652,0.0043930,0.088172,0.018165,0.004393,1.370,1.501
probe,upper,1,forward,29.1904,1500.000,1210,rolling,1411.129,1138,1412.736,-6.648,0,0,1783746720.027930975,0.304503,-0.440499,0.978058,0.119671,,,0.088172,0.018165,0.004393,1.370,1.501
probe,upper,1,forward,29.2120,1500.000,1210,rolling,1411.129,1138,1412.736,-6.648,0,0,1783746720.027930975,0.304503,-0.440499,0.978058,0.119671,,,0.088172,0.018165,0.004393,1.370,1.501
probe,upper,1,forward,29.2335,1500.000,1210,rolling,1411.129,1138,1412.736,-6.648,0,0,1783746720.027930975,0.304503,-0.440499,0.978058,0.119671,,,0.088172,0.018165,0.004393,1.370,1.501
probe,upper,1,forward,29.2551,1500.000,1210,rolling,1411.129,1138,1412.736,-6.648,0,0,1783746720.027930975,0.304503,-0.440499,0.978058,0.119671,,,0.088172,0.018165,0.004393,1.385,1.483
probe,upper,1,forward,29.2666,1500.000,1210,rolling,1411.065,1138,1412.517,-6.867,1,9,1783746720.128475189,0.310526,-0.426322,0.985083,0.127384,0.0151341,0.0070248,0.103306,0.033299,0.011418,1.385,1.483
probe,upper,1,forward,29.2832,1500.000,1210,rolling,1411.065,1138,1412.517,-6.867,0,0,1783746720.128475189,0.310526,-0.426322,0.985083,0.127384,,,0.103306,0.033299,0.011418,1.385,1.483
probe,upper,1,forward,29.3049,1500.000,1210,rolling,1411.065,1138,1412.517,-6.867,0,0,1783746720.128475189,0.310526,-0.426322,0.985083,0.127384,,,0.103306,0.033299,0.011418,1.385,1.483
probe,upper,1,forward,29.3265,1500.000,1210,rolling,1411.065,1138,1412.517,-6.867,0,0,1783746720.128475189,0.310526,-0.426322,0.985083,0.127384,,,0.103306,0.033299,0.011418,1.385,1.483
probe,upper,1,forward,29.3482,1500.000,1210,rolling,1411.065,1138,1412.517,-6.867,0,0,1783746720.128475189,0.310526,-0.426322,0.985083,0.127384,,,0.103306,0.033299,0.011418,0.678,1.464
probe,upper,1,forward,29.3671,1500.000,1210,rolling,1411.107,1138,1412.333,-7.051,1,10,1783746720.228695631,0.313454,-0.407510,0.989474,0.138721,0.0173115,0.0043912,0.120617,0.050611,0.015809,0.678,1.464
probe,upper,1,forward,29.3870,1500.000,1210,rolling,1411.107,1138,1412.333,-7.051,0,0,1783746720.228695631,0.313454,-0.407510,0.989474,0.138721,,,0.120617,0.050611,0.015809,0.678,1.464
probe,upper,1,forward,29.4088,1500.000,1210,rolling,1411.107,1138,1412.333,-7.051,0,0,1783746720.228695631,0.313454,-0.407510,0.989474,0.138721,,,0.120617,0.050611,0.015809,0.678,1.464
probe,upper,1,forward,29.4305,1500.000,1210,rolling,1411.107,1138,1412.333,-7.051,0,0,1783746720.228695631,0.313454,-0.407510,0.989474,0.138721,,,0.120617,0.050611,0.015809,0.678,1.464
probe,upper,1,forward,29.4522,1500.000,1210,rolling,1411.107,1138,1412.333,-7.051,0,0,1783746720.228695631,0.313454,-0.407510,0.989474,0.138721,,,0.120617,0.050611,0.015809,0.679,1.444
probe,upper,1,forward,29.4673,1500.000,1210,rolling,1411.146,1138,1412.177,-7.206,1,11,1783746720.329132318,0.319350,-0.390047,0.990312,0.148433,0.0178343,0.0008376,0.138451,0.068445,0.016647,0.679,1.444
probe,upper,1,forward,29.4816,1500.000,1210,rolling,1411.146,1138,1412.177,-7.206,0,0,1783746720.329132318,0.319350,-0.390047,0.990312,0.148433,,,0.138451,0.068445,0.016647,0.679,1.444
probe,upper,1,forward,29.5032,1500.000,1210,rolling,1411.146,1138,1412.177,-7.206,0,0,1783746720.329132318,0.319350,-0.390047,0.990312,0.148433,,,0.138451,0.068445,0.016647,0.679,1.444
probe,upper,1,forward,29.5248,1500.000,1210,rolling,1411.146,1138,1412.177,-7.206,0,0,1783746720.329132318,0.319350,-0.390047,0.990312,0.148433,,,0.138451,0.068445,0.016647,0.679,1.444
probe,upper,1,forward,29.5463,1500.000,1210,rolling,1411.146,1138,1412.177,-7.206,0,0,1783746720.329132318,0.319350,-0.390047,0.990312,0.148433,,,0.138451,0.068445,0.016647,0.673,1.417
probe,upper,1,forward,29.5678,1500.000,1210,rolling,1411.778,1139,1412.125,-7.259,1,12,1783746720.429418325,0.337304,-0.367601,0.993186,0.182650,0.0286117,0.0028744,0.167063,0.097057,0.019521,0.673,1.417
probe,upper,1,forward,29.5852,1500.000,1210,rolling,1411.778,1139,1412.125,-7.259,0,0,1783746720.429418325,0.337304,-0.367601,0.993186,0.182650,,,0.167063,0.097057,0.019521,0.673,1.417
probe,upper,1,forward,29.6068,1500.000,1210,rolling,1411.778,1139,1412.125,-7.259,0,0,1783746720.429418325,0.337304,-0.367601,0.993186,0.182650,,,0.167063,0.097057,0.019521,0.673,1.417
probe,upper,1,forward,29.6283,1500.000,1210,rolling,1411.778,1139,1412.125,-7.259,0,0,1783746720.429418325,0.337304,-0.367601,0.993186,0.182650,,,0.167063,0.097057,0.019521,0.673,1.417
probe,upper,1,forward,29.6498,1500.000,1210,rolling,1411.778,1139,1412.125,-7.259,0,0,1783746720.429418325,0.337304,-0.367601,0.993186,0.182650,,,0.167063,0.097057,0.019521,0.691,1.392
probe,upper,1,forward,29.6660,1500.000,1210,rolling,1412.459,1139,1412.169,-7.215,1,13,1783746720.529968023,0.354242,-0.341417,0.996879,0.214525,0.0311854,0.0036929,0.198248,0.128242,0.023214,0.691,1.392
probe,upper,1,forward,29.6770,1500.000,1210,rolling,1412.459,1139,1412.169,-7.215,0,0,1783746720.529968023,0.354242,-0.341417,0.996879,0.214525,,,0.198248,0.128242,0.023214,0.691,1.392
probe,upper,1,forward,29.6987,1500.000,1210,rolling,1412.459,1139,1412.169,-7.215,0,0,1783746720.529968023,0.354242,-0.341417,0.996879,0.214525,,,0.198248,0.128242,0.023214,0.691,1.392
probe,upper,1,forward,29.7202,1500.000,1210,rolling,1412.459,1139,1412.169,-7.215,0,0,1783746720.529968023,0.354242,-0.341417,0.996879,0.214525,,,0.198248,0.128242,0.023214,0.691,1.392
probe,upper,1,forward,29.7417,1500.000,1210,rolling,1412.459,1139,1412.169,-7.215,0,0,1783746720.529968023,0.354242,-0.341417,0.996879,0.214525,,,0.198248,0.128242,0.023214,0.691,1.392
probe,upper,1,forward,29.7632,1500.000,1210,rolling,1412.459,1139,1412.169,-7.215,0,0,1783746720.529968023,0.354242,-0.341417,0.996879,0.214525,,,0.198248,0.128242,0.023214,0.706,1.367
probe,upper,1,forward,29.7659,1500.000,1210,rolling,1412.949,1139,1412.269,-7.115,1,14,1783746720.627895594,0.369860,-0.317406,1.000332,0.234016,0.0286430,0.0034530,0.226891,0.156885,0.026667,0.706,1.367
probe,upper,1,forward,29.7747,1500.000,1210,rolling,1412.949,1139,1412.269,-7.115,0,0,1783746720.627895594,0.369860,-0.317406,1.000332,0.234016,,,0.226891,0.156885,0.026667,0.706,1.367
probe,upper,1,forward,29.7965,1500.000,1210,rolling,1412.949,1139,1412.269,-7.115,0,0,1783746720.627895594,0.369860,-0.317406,1.000332,0.234016,,,0.226891,0.156885,0.026667,0.706,1.367
probe,upper,1,forward,29.8182,1500.000,1210,rolling,1412.949,1139,1412.269,-7.115,0,0,1783746720.627895594,0.369860,-0.317406,1.000332,0.234016,,,0.226891,0.156885,0.026667,0.706,1.367
probe,upper,1,forward,29.8398,1500.000,1210,rolling,1412.949,1139,1412.269,-7.115,0,0,1783746720.627895594,0.369860,-0.317406,1.000332,0.234016,,,0.226891,0.156885,0.026667,0.706,1.367
probe,upper,1,forward,29.8613,1500.000,1210,rolling,1412.949,1139,1412.269,-7.115,0,0,1783746720.627895594,0.369860,-0.317406,1.000332,0.234016,,,0.226891,0.156885,0.026667,0.702,1.340
probe,upper,1,forward,29.8665,1500.000,1210,rolling,1413.463,1140,1412.425,-6.959,1,15,1783746720.728042841,0.385995,-0.291396,1.004232,0.251913,0.0306055,0.0039005,0.257497,0.187491,0.030567,0.702,1.340
probe,upper,1,forward,29.8824,1500.000,1210,rolling,1413.463,1140,1412.425,-6.959,0,0,1783746720.728042841,0.385995,-0.291396,1.004232,0.251913,,,0.257497,0.187491,0.030567,0.702,1.340
probe,upper,1,forward,29.9040,1500.000,1210,rolling,1413.463,1140,1412.425,-6.959,0,0,1783746720.728042841,0.385995,-0.291396,1.004232,0.251913,,,0.257497,0.187491,0.030567,0.702,1.340
probe,upper,1,forward,29.9255,1500.000,1210,rolling,1413.463,1140,1412.425,-6.959,0,0,1783746720.728042841,0.385995,-0.291396,1.004232,0.251913,,,0.257497,0.187491,0.030567,0.702,1.340
probe,upper,1,forward,29.9471,1500.000,1210,rolling,1413.463,1140,1412.425,-6.959,0,0,1783746720.728042841,0.385995,-0.291396,1.004232,0.251913,,,0.257497,0.187491,0.030567,0.713,1.317
probe,upper,1,forward,29.9668,1500.000,1210,rolling,1413.494,1140,1412.565,-6.819,1,16,1783746720.828626633,0.393836,-0.268965,1.007764,0.246460,0.0231445,0.0035312,0.280641,0.210635,0.034098,0.713,1.317
probe,upper,1,forward,29.9867,1500.000,1210,rolling,1413.494,1140,1412.565,-6.819,0,0,1783746720.828626633,0.393836,-0.268965,1.007764,0.246460,,,0.280641,0.210635,0.034098,0.713,1.317
probe,upper,1,forward,30.0083,1500.000,1210,rolling,1413.494,1140,1412.565,-6.819,0,0,1783746720.828626633,0.393836,-0.268965,1.007764,0.246460,,,0.280641,0.210635,0.034098,0.713,1.317
probe,upper,1,forward,30.0299,1500.000,1210,rolling,1413.494,1140,1412.565,-6.819,0,0,1783746720.828626633,0.393836,-0.268965,1.007764,0.246460,,,0.280641,0.210635,0.034098,0.713,1.317
probe,upper,1,forward,30.0514,1500.000,1210,rolling,1413.494,1140,1412.565,-6.819,0,0,1783746720.828626633,0.393836,-0.268965,1.007764,0.246460,,,0.280641,0.210635,0.034098,0.717,1.291
probe,upper,1,forward,30.0650,1500.000,1210,rolling,1413.374,1140,1412.671,-6.713,1,17,1783746720.928899527,0.404003,-0.251514,1.010872,0.235170,0.0201848,0.0031083,0.300826,0.230820,0.037207,0.717,1.291
probe,upper,1,forward,30.0802,1500.000,1210,rolling,1413.374,1140,1412.671,-6.713,0,0,1783746720.928899527,0.404003,-0.251514,1.010872,0.235170,,,0.300826,0.230820,0.037207,0.717,1.291
probe,upper,1,forward,30.1019,1500.000,1210,rolling,1413.374,1140,1412.671,-6.713,0,0,1783746720.928899527,0.404003,-0.251514,1.010872,0.235170,,,0.300826,0.230820,0.037207,0.717,1.291
probe,upper,1,forward,30.1235,1500.000,1210,rolling,1413.374,1140,1412.671,-6.713,0,0,1783746720.928899527,0.404003,-0.251514,1.010872,0.235170,,,0.300826,0.230820,0.037207,0.717,1.291
probe,upper,1,forward,30.1451,1500.000,1210,rolling,1413.374,1140,1412.671,-6.713,0,0,1783746720.928899527,0.404003,-0.251514,1.010872,0.235170,,,0.300826,0.230820,0.037207,0.719,1.268
probe,upper,1,forward,30.1651,1500.000,1210,rolling,1413.374,1140,1412.671,-6.713,0,0,1783746720.928899527,0.404003,-0.251514,1.010872,0.235170,,,0.300826,0.230820,0.037207,0.719,1.268
probe,upper,1,forward,30.1869,1500.000,1210,rolling,1413.868,1140,1412.824,-6.559,1,18,1783746721.027102947,0.424379,-0.229127,1.016653,0.252176,0.0297745,0.0057814,0.330601,0.260594,0.042988,0.719,1.268
probe,upper,1,forward,30.1936,1500.000,1210,rolling,1413.868,1140,1412.824,-6.559,0,0,1783746721.027102947,0.424379,-0.229127,1.016653,0.252176,,,0.330601,0.260594,0.042988,0.719,1.268
probe,upper,1,forward,30.2152,1500.000,1210,rolling,1413.868,1140,1412.824,-6.559,0,0,1783746721.027102947,0.424379,-0.229127,1.016653,0.252176,,,0.330601,0.260594,0.042988,0.719,1.268
probe,upper,1,forward,30.2368,1500.000,1210,rolling,1413.868,1140,1412.824,-6.559,0,0,1783746721.027102947,0.424379,-0.229127,1.016653,0.252176,,,0.330601,0.260594,0.042988,0.719,1.268
probe,upper,1,forward,30.2584,1500.000,1210,rolling,1413.868,1140,1412.824,-6.559,0,0,1783746721.027102947,0.424379,-0.229127,1.016653,0.252176,,,0.330601,0.260594,0.042988,0.729,1.245
probe,upper,1,forward,30.2656,1500.000,1210,rolling,1413.968,1140,1412.974,-6.410,1,19,1783746721.127290726,0.442185,-0.211583,1.022816,0.249694,0.0242706,0.0061631,0.354871,0.284865,0.049151,0.729,1.245
probe,upper,1,forward,30.2810,1500.000,1210,rolling,1413.968,1140,1412.974,-6.410,0,0,1783746721.127290726,0.442185,-0.211583,1.022816,0.249694,,,0.354871,0.284865,0.049151,0.729,1.245
probe,upper,1,forward,30.3027,1500.000,1210,rolling,1413.968,1140,1412.974,-6.410,0,0,1783746721.127290726,0.442185,-0.211583,1.022816,0.249694,,,0.354871,0.284865,0.049151,0.729,1.245
probe,upper,1,forward,30.3242,1500.000,1210,rolling,1413.968,1140,1412.974,-6.410,0,0,1783746721.127290726,0.442185,-0.211583,1.022816,0.249694,,,0.354871,0.284865,0.049151,0.729,1.245
probe,upper,1,forward,30.3457,1500.000,1210,rolling,1413.968,1140,1412.974,-6.410,0,0,1783746721.127290726,0.442185,-0.211583,1.022816,0.249694,,,0.354871,0.284865,0.049151,0.733,1.223
probe,upper,1,forward,30.3659,1500.000,1210,rolling,1413.968,1140,1412.974,-6.410,0,0,1783746721.127290726,0.442185,-0.211583,1.022816,0.249694,,,0.354871,0.284865,0.049151,0.733,1.223
probe,upper,1,forward,30.3882,1500.000,1210,rolling,1413.968,1140,1412.974,-6.410,0,0,1783746721.127290726,0.442185,-0.211583,1.022816,0.249694,,,0.354871,0.284865,0.049151,0.733,1.223
probe,upper,1,forward,30.4105,1500.000,1210,rolling,1413.917,1140,1413.097,-6.287,1,20,1783746721.227623701,0.440956,-0.185567,1.021298,0.240980,0.0215553,-0.0015182,0.376427,0.306420,0.047633,0.733,1.223
probe,upper,1,forward,30.4130,1500.000,1210,rolling,1413.917,1140,1413.097,-6.287,0,0,1783746721.227623701,0.440956,-0.185567,1.021298,0.240980,,,0.376427,0.306420,0.047633,0.733,1.223
probe,upper,1,forward,30.4349,1500.000,1210,rolling,1413.917,1140,1413.097,-6.287,0,0,1783746721.227623701,0.440956,-0.185567,1.021298,0.240980,,,0.376427,0.306420,0.047633,0.733,1.223
probe,upper,1,forward,30.4565,1500.000,1210,rolling,1413.917,1140,1413.097,-6.287,0,0,1783746721.227623701,0.440956,-0.185567,1.021298,0.240980,,,0.376427,0.306420,0.047633,0.755,1.199
probe,upper,1,forward,30.4667,1500.000,1210,rolling,1414.041,1140,1413.221,-6.163,1,21,1783746721.327976227,0.452832,-0.164469,1.023006,0.241011,0.0241952,0.0017076,0.400622,0.330615,0.049341,0.755,1.199
probe,upper,1,forward,30.4783,1500.000,1210,rolling,1414.041,1140,1413.221,-6.163,0,0,1783746721.327976227,0.452832,-0.164469,1.023006,0.241011,,,0.400622,0.330615,0.049341,0.755,1.199
probe,upper,1,forward,30.5000,1500.000,1210,rolling,1414.041,1140,1413.221,-6.163,0,0,1783746721.327976227,0.452832,-0.164469,1.023006,0.241011,,,0.400622,0.330615,0.049341,0.755,1.199
probe,upper,1,forward,30.5216,1500.000,1210,rolling,1414.041,1140,1413.221,-6.163,0,0,1783746721.327976227,0.452832,-0.164469,1.023006,0.241011,,,0.400622,0.330615,0.049341,0.755,1.199
probe,upper,1,forward,30.5431,1500.000,1210,rolling,1414.041,1140,1413.221,-6.163,0,0,1783746721.327976227,0.452832,-0.164469,1.023006,0.241011,,,0.400622,0.330615,0.049341,0.777,1.176
probe,upper,1,forward,30.5642,1500.000,1210,rolling,1414.195,1140,1413.348,-6.036,1,22,1783746721.428288221,0.463816,-0.142222,1.026957,0.242357,0.0247165,0.0039518,0.425338,0.355332,0.053292,0.777,1.176
probe,upper,1,forward,30.5804,1500.000,1210,rolling,1414.195,1140,1413.348,-6.036,0,0,1783746721.428288221,0.463816,-0.142222,1.026957,0.242357,,,0.425338,0.355332,0.053292,0.777,1.176
probe,upper,1,forward,30.6021,1500.000,1210,rolling,1414.195,1140,1413.348,-6.036,0,0,1783746721.428288221,0.463816,-0.142222,1.026957,0.242357,,,0.425338,0.355332,0.053292,0.777,1.176
probe,upper,1,forward,30.6236,1500.000,1210,rolling,1414.195,1140,1413.348,-6.036,0,0,1783746721.428288221,0.463816,-0.142222,1.026957,0.242357,,,0.425338,0.355332,0.053292,0.777,1.176
probe,upper,1,forward,30.6452,1500.000,1210,rolling,1414.195,1140,1413.348,-6.036,0,0,1783746721.428288221,0.463816,-0.142222,1.026957,0.242357,,,0.425338,0.355332,0.053292,0.799,1.150
probe,upper,1,forward,30.6647,1500.000,1210,rolling,1414.195,1140,1413.348,-6.036,0,0,1783746721.428288221,0.463816,-0.142222,1.026957,0.242357,,,0.425338,0.355332,0.053292,0.799,1.150
probe,upper,1,forward,30.6866,1500.000,1210,rolling,1414.595,1141,1413.508,-5.876,1,23,1783746721.526213408,0.479549,-0.118496,1.036030,0.254369,0.0284380,0.0090730,0.453776,0.383770,0.062365,0.799,1.150
probe,upper,1,forward,30.6908,1500.000,1210,rolling,1414.595,1141,1413.508,-5.876,0,0,1783746721.526213408,0.479549,-0.118496,1.036030,0.254369,,,0.453776,0.383770,0.062365,0.799,1.150
probe,upper,1,forward,30.7124,1500.000,1210,rolling,1414.595,1141,1413.508,-5.876,0,0,1783746721.526213408,0.479549,-0.118496,1.036030,0.254369,,,0.453776,0.383770,0.062365,0.799,1.150
probe,upper,1,forward,30.7339,1500.000,1210,rolling,1414.595,1141,1413.508,-5.876,0,0,1783746721.526213408,0.479549,-0.118496,1.036030,0.254369,,,0.453776,0.383770,0.062365,0.799,1.150
probe,upper,1,forward,30.7554,1500.000,1210,rolling,1414.595,1141,1413.508,-5.876,0,0,1783746721.526213408,0.479549,-0.118496,1.036030,0.254369,,,0.453776,0.383770,0.062365,0.822,1.125
probe,upper,1,forward,30.7650,1500.000,1210,rolling,1414.662,1141,1413.659,-5.725,1,24,1783746721.626775503,0.493813,-0.099174,1.041063,0.250163,0.0238880,0.0050321,0.477664,0.407658,0.067397,0.822,1.125
probe,upper,1,forward,30.7804,1500.000,1210,rolling,1414.662,1141,1413.659,-5.725,0,0,1783746721.626775503,0.493813,-0.099174,1.041063,0.250163,,,0.477664,0.407658,0.067397,0.822,1.125
probe,upper,1,forward,30.8021,1500.000,1210,rolling,1414.662,1141,1413.659,-5.725,0,0,1783746721.626775503,0.493813,-0.099174,1.041063,0.250163,,,0.477664,0.407658,0.067397,0.822,1.125
probe,upper,1,forward,30.8238,1500.000,1210,rolling,1414.662,1141,1413.659,-5.725,0,0,1783746721.626775503,0.493813,-0.099174,1.041063,0.250163,,,0.477664,0.407658,0.067397,0.822,1.125
probe,upper,1,forward,30.8454,1500.000,1210,rolling,1414.662,1141,1413.659,-5.725,0,0,1783746721.626775503,0.493813,-0.099174,1.041063,0.250163,,,0.477664,0.407658,0.067397,0.846,1.102
probe,upper,1,forward,30.8655,1500.000,1210,rolling,1414.882,1141,1413.819,-5.565,1,25,1783746721.727114677,0.505297,-0.075432,1.041899,0.253129,0.0262916,0.0008370,0.503956,0.433950,0.068234,0.846,1.102
probe,upper,1,forward,30.8839,1500.000,1210,rolling,1414.882,1141,1413.819,-5.565,0,0,1783746721.727114677,0.505297,-0.075432,1.041899,0.253129,,,0.503956,0.433950,0.068234,0.846,1.102
probe,upper,1,forward,30.9055,1500.000,1210,rolling,1414.882,1141,1413.819,-5.565,0,0,1783746721.727114677,0.505297,-0.075432,1.041899,0.253129,,,0.503956,0.433950,0.068234,0.846,1.102
probe,upper,1,forward,30.9272,1500.000,1210,rolling,1414.882,1141,1413.819,-5.565,0,0,1783746721.727114677,0.505297,-0.075432,1.041899,0.253129,,,0.503956,0.433950,0.068234,0.846,1.102
probe,upper,1,forward,30.9488,1500.000,1210,rolling,1414.882,1141,1413.819,-5.565,0,0,1783746721.727114677,0.505297,-0.075432,1.041899,0.253129,,,0.503956,0.433950,0.068234,0.869,1.077
probe,upper,1,forward,30.9632,1500.000,1210,rolling,1415.215,1141,1414.002,-5.382,1,26,1783746721.827597857,0.520845,-0.051546,1.044088,0.260670,0.0284660,0.0021886,0.532422,0.462415,0.070423,0.869,1.077
probe,upper,1,forward,30.9775,1500.000,1210,rolling,1415.215,1141,1414.002,-5.382,0,0,1783746721.827597857,0.520845,-0.051546,1.044088,0.260670,,,0.532422,0.462415,0.070423,0.869,1.077
probe,upper,1,forward,30.9992,1500.000,1210,rolling,1415.215,1141,1414.002,-5.382,0,0,1783746721.827597857,0.520845,-0.051546,1.044088,0.260670,,,0.532422,0.462415,0.070423,0.869,1.077
probe,upper,1,forward,31.0210,1500.000,1210,rolling,1415.215,1141,1414.002,-5.382,0,0,1783746721.827597857,0.520845,-0.051546,1.044088,0.260670,,,0.532422,0.462415,0.070423,0.869,1.077
probe,upper,1,forward,31.0426,1500.000,1210,rolling,1415.215,1141,1414.002,-5.382,0,0,1783746721.827597857,0.520845,-0.051546,1.044088,0.260670,,,0.532422,0.462415,0.070423,0.891,1.055
probe,upper,1,forward,31.0634,1500.000,1210,rolling,1415.356,1141,1414.175,-5.209,1,27,1783746721.925209999,0.532994,-0.029904,1.050090,0.259064,0.0248175,0.0060017,0.557239,0.487233,0.076425,0.891,1.055
probe,upper,1,forward,31.0835,1500.000,1210,rolling,1415.356,1141,1414.175,-5.209,0,0,1783746721.925209999,0.532994,-0.029904,1.050090,0.259064,,,0.557239,0.487233,0.076425,0.891,1.055
probe,upper,1,forward,31.1051,1500.000,1210,rolling,1415.356,1141,1414.175,-5.209,0,0,1783746721.925209999,0.532994,-0.029904,1.050090,0.259064,,,0.557239,0.487233,0.076425,0.891,1.055
probe,upper,1,forward,31.1266,1500.000,1210,rolling,1415.356,1141,1414.175,-5.209,0,0,1783746721.925209999,0.532994,-0.029904,1.050090,0.259064,,,0.557239,0.487233,0.076425,0.891,1.055
probe,upper,1,forward,31.1481,1500.000,1210,rolling,1415.356,1141,1414.175,-5.209,0,0,1783746721.925209999,0.532994,-0.029904,1.050090,0.259064,,,0.557239,0.487233,0.076425,0.910,1.032
probe,upper,1,forward,31.1637,1500.000,1210,rolling,1415.356,1141,1414.175,-5.209,0,0,1783746721.925209999,0.532994,-0.029904,1.050090,0.259064,,,0.557239,0.487233,0.076425,0.910,1.032
probe,upper,1,forward,31.1856,1500.000,1210,rolling,1415.155,1141,1414.303,-5.081,1,28,1783746722.025416136,0.542283,-0.012917,1.052993,0.242591,0.0193570,0.0029031,0.576596,0.506590,0.079328,0.910,1.032
probe,upper,1,forward,31.1903,1500.000,1210,rolling,1415.155,1141,1414.303,-5.081,0,0,1783746722.025416136,0.542283,-0.012917,1.052993,0.242591,,,0.576596,0.506590,0.079328,0.910,1.032
probe,upper,1,forward,31.2120,1500.000,1210,rolling,1415.155,1141,1414.303,-5.081,0,0,1783746722.025416136,0.542283,-0.012917,1.052993,0.242591,,,0.576596,0.506590,0.079328,0.910,1.032
probe,upper,1,forward,31.2335,1500.000,1210,rolling,1415.155,1141,1414.303,-5.081,0,0,1783746722.025416136,0.542283,-0.012917,1.052993,0.242591,,,0.576596,0.506590,0.079328,0.910,1.032
probe,upper,1,forward,31.2551,1500.000,1210,rolling,1415.155,1141,1414.303,-5.081,0,0,1783746722.025416136,0.542283,-0.012917,1.052993,0.242591,,,0.576596,0.506590,0.079328,0.933,1.010
probe,upper,1,forward,31.2640,1500.000,1210,rolling,1415.240,1141,1414.426,-4.958,1,29,1783746722.125905991,0.554163,0.007493,1.056682,0.240692,0.0236146,0.0036895,0.600211,0.530205,0.083017,0.933,1.010
probe,upper,1,forward,31.2757,1500.000,1210,rolling,1415.240,1141,1414.426,-4.958,0,0,1783746722.125905991,0.554163,0.007493,1.056682,0.240692,,,0.600211,0.530205,0.083017,0.933,1.010
probe,upper,1,forward,31.2973,1500.000,1210,rolling,1415.240,1141,1414.426,-4.958,0,0,1783746722.125905991,0.554163,0.007493,1.056682,0.240692,,,0.600211,0.530205,0.083017,0.933,1.010
probe,upper,1,forward,31.3189,1500.000,1210,rolling,1415.240,1141,1414.426,-4.958,0,0,1783746722.125905991,0.554163,0.007493,1.056682,0.240692,,,0.600211,0.530205,0.083017,0.933,1.010
probe,upper,1,forward,31.3404,1500.000,1210,rolling,1415.240,1141,1414.426,-4.958,0,0,1783746722.125905991,0.554163,0.007493,1.056682,0.240692,,,0.600211,0.530205,0.083017,0.933,1.010
probe,upper,1,forward,31.3619,1500.000,1210,rolling,1415.240,1141,1414.426,-4.958,0,0,1783746722.125905991,0.554163,0.007493,1.056682,0.240692,,,0.600211,0.530205,0.083017,0.952,0.990
probe,upper,1,forward,31.3647,1500.000,1210,rolling,1415.202,1141,1414.527,-4.857,1,30,1783746722.226129055,0.566627,0.024955,1.059494,0.233727,0.0213307,0.0028113,0.621542,0.551535,0.085829,0.952,0.990
probe,upper,1,forward,31.3810,1500.000,1210,rolling,1415.202,1141,1414.527,-4.857,0,0,1783746722.226129055,0.566627,0.024955,1.059494,0.233727,,,0.621542,0.551535,0.085829,0.952,0.990
probe,upper,1,forward,31.4026,1500.000,1210,rolling,1415.202,1141,1414.527,-4.857,0,0,1783746722.226129055,0.566627,0.024955,1.059494,0.233727,,,0.621542,0.551535,0.085829,0.952,0.990
probe,upper,1,forward,31.4242,1500.000,1210,rolling,1415.202,1141,1414.527,-4.857,0,0,1783746722.226129055,0.566627,0.024955,1.059494,0.233727,,,0.621542,0.551535,0.085829,0.952,0.990
probe,upper,1,forward,31.4457,1500.000,1210,rolling,1415.202,1141,1414.527,-4.857,0,0,1783746722.226129055,0.566627,0.024955,1.059494,0.233727,,,0.621542,0.551535,0.085829,0.971,0.970
probe,upper,1,forward,31.4650,1500.000,1210,rolling,1415.306,1141,1414.629,-4.754,1,31,1783746722.326781511,0.578201,0.045492,1.061202,0.233847,0.0235736,0.0017082,0.645115,0.575109,0.087537,0.971,0.970
probe,upper,1,forward,31.4830,1500.000,1210,rolling,1415.306,1141,1414.629,-4.754,0,0,1783746722.326781511,0.578201,0.045492,1.061202,0.233847,,,0.645115,0.575109,0.087537,0.971,0.970
probe,upper,1,forward,31.5047,1500.000,1210,rolling,1415.306,1141,1414.629,-4.754,0,0,1783746722.326781511,0.578201,0.045492,1.061202,0.233847,,,0.645115,0.575109,0.087537,0.971,0.970
probe,upper,1,forward,31.5262,1500.000,1210,rolling,1415.306,1141,1414.629,-4.754,0,0,1783746722.326781511,0.578201,0.045492,1.061202,0.233847,,,0.645115,0.575109,0.087537,0.971,0.970
probe,upper,1,forward,31.5477,1500.000,1210,rolling,1415.306,1141,1414.629,-4.754,0,0,1783746722.326781511,0.578201,0.045492,1.061202,0.233847,,,0.645115,0.575109,0.087537,0.994,0.951
probe,upper,1,forward,31.5629,1500.000,1210,rolling,1415.452,1141,1414.737,-4.647,1,32,1783746722.427099466,0.585096,0.069379,1.064755,0.235756,0.0242249,0.0035532,0.669340,0.599334,0.091090,0.994,0.951
probe,upper,1,forward,31.5799,1500.000,1210,rolling,1415.452,1141,1414.737,-4.647,0,0,1783746722.427099466,0.585096,0.069379,1.064755,0.235756,,,0.669340,0.599334,0.091090,0.994,0.951
probe,upper,1,forward,31.6015,1500.000,1210,rolling,1415.452,1141,1414.737,-4.647,0,0,1783746722.427099466,0.585096,0.069379,1.064755,0.235756,,,0.669340,0.599334,0.091090,0.994,0.951
probe,upper,1,forward,31.6231,1500.000,1210,rolling,1415.452,1141,1414.737,-4.647,0,0,1783746722.427099466,0.585096,0.069379,1.064755,0.235756,,,0.669340,0.599334,0.091090,0.994,0.951
probe,upper,1,forward,31.6446,1500.000,1210,rolling,1415.452,1141,1414.737,-4.647,0,0,1783746722.427099466,0.585096,0.069379,1.064755,0.235756,,,0.669340,0.599334,0.091090,1.013,0.932
probe,upper,1,forward,31.6633,1500.000,1210,rolling,1415.481,1142,1414.832,-4.552,1,33,1783746722.525040865,0.597627,0.087347,1.066664,0.232432,0.0217881,0.0019091,0.691128,0.621122,0.092999,1.013,0.932
probe,upper,1,forward,31.6833,1500.000,1210,rolling,1415.481,1142,1414.832,-4.552,0,0,1783746722.525040865,0.597627,0.087347,1.066664,0.232432,,,0.691128,0.621122,0.092999,1.013,0.932
probe,upper,1,forward,31.7049,1500.000,1210,rolling,1415.481,1142,1414.832,-4.552,0,0,1783746722.525040865,0.597627,0.087347,1.066664,0.232432,,,0.691128,0.621122,0.092999,1.013,0.932
probe,upper,1,forward,31.7266,1500.000,1210,rolling,1415.481,1142,1414.832,-4.552,0,0,1783746722.525040865,0.597627,0.087347,1.066664,0.232432,,,0.691128,0.621122,0.092999,1.013,0.932
probe,upper,1,forward,31.7481,1500.000,1210,rolling,1415.481,1142,1414.832,-4.552,0,0,1783746722.525040865,0.597627,0.087347,1.066664,0.232432,,,0.691128,0.621122,0.092999,1.033,0.911
probe,upper,1,forward,31.7639,1500.000,1210,rolling,1415.333,1141,1414.898,-4.486,1,34,1783746722.625336885,0.607918,0.103400,1.069321,0.221747,0.0190256,0.0026573,0.710154,0.640147,0.095656,1.033,0.911
probe,upper,1,forward,31.7837,1500.000,1210,rolling,1415.333,1141,1414.898,-4.486,0,0,1783746722.625336885,0.607918,0.103400,1.069321,0.221747,,,0.710154,0.640147,0.095656,1.033,0.911
probe,upper,1,forward,31.8054,1500.000,1210,rolling,1415.333,1141,1414.898,-4.486,0,0,1783746722.625336885,0.607918,0.103400,1.069321,0.221747,,,0.710154,0.640147,0.095656,1.033,0.911
probe,upper,1,forward,31.8270,1500.000,1210,rolling,1415.333,1141,1414.898,-4.486,0,0,1783746722.625336885,0.607918,0.103400,1.069321,0.221747,,,0.710154,0.640147,0.095656,1.033,0.911
probe,upper,1,forward,31.8486,1500.000,1210,rolling,1415.333,1141,1414.898,-4.486,0,0,1783746722.625336885,0.607918,0.103400,1.069321,0.221747,,,0.710154,0.640147,0.095656,1.050,0.897
probe,upper,1,forward,31.8640,1500.000,1210,rolling,1415.225,1141,1414.941,-4.443,1,35,1783746722.725818872,0.618058,0.119808,1.072480,0.214231,0.0192607,0.0031582,0.729414,0.659408,0.098815,1.050,0.897
probe,upper,1,forward,31.8730,1500.000,1210,rolling,1415.225,1141,1414.941,-4.443,0,0,1783746722.725818872,0.618058,0.119808,1.072480,0.214231,,,0.729414,0.659408,0.098815,1.050,0.897
probe,upper,1,forward,31.8946,1500.000,1210,rolling,1415.225,1141,1414.941,-4.443,0,0,1783746722.725818872,0.618058,0.119808,1.072480,0.214231,,,0.729414,0.659408,0.098815,1.050,0.897
probe,upper,1,forward,31.9161,1500.000,1210,rolling,1415.225,1141,1414.941,-4.443,0,0,1783746722.725818872,0.618058,0.119808,1.072480,0.214231,,,0.729414,0.659408,0.098815,1.050,0.897
probe,upper,1,forward,31.9376,1500.000,1210,rolling,1415.225,1141,1414.941,-4.443,0,0,1783746722.725818872,0.618058,0.119808,1.072480,0.214231,,,0.729414,0.659408,0.098815,1.050,0.897
probe,upper,1,forward,31.9591,1500.000,1210,rolling,1415.225,1141,1414.941,-4.443,0,0,1783746722.725818872,0.618058,0.119808,1.072480,0.214231,,,0.729414,0.659408,0.098815,1.066,0.879
probe,upper,1,forward,31.9620,1500.000,1210,rolling,1415.225,1141,1414.941,-4.443,0,0,1783746722.725818872,0.618058,0.119808,1.072480,0.214231,,,0.729414,0.659408,0.098815,1.066,0.879
probe,upper,1,forward,31.9839,1500.000,1210,rolling,1415.125,1141,1414.965,-4.419,1,36,1783746722.826004028,0.624617,0.137834,1.078071,0.208027,0.0189764,0.0055917,0.748391,0.678384,0.104406,1.066,0.879
probe,upper,1,forward,31.9857,1500.000,1210,rolling,1415.125,1141,1414.965,-4.419,0,0,1783746722.826004028,0.624617,0.137834,1.078071,0.208027,,,0.748391,0.678384,0.104406,1.066,0.879
probe,upper,1,forward,32.0073,1500.000,1210,rolling,1415.125,1141,1414.965,-4.419,0,0,1783746722.826004028,0.624617,0.137834,1.078071,0.208027,,,0.748391,0.678384,0.104406,1.066,0.879
probe,upper,1,forward,32.0289,1500.000,1210,rolling,1415.125,1141,1414.965,-4.419,0,0,1783746722.826004028,0.624617,0.137834,1.078071,0.208027,,,0.748391,0.678384,0.104406,1.066,0.879
probe,upper,1,forward,32.0504,1500.000,1210,rolling,1415.125,1141,1414.965,-4.419,0,0,1783746722.826004028,0.624617,0.137834,1.078071,0.208027,,,0.748391,0.678384,0.104406,1.085,0.862
probe,upper,1,forward,32.0627,1500.000,1210,rolling,1414.874,1141,1414.953,-4.431,1,37,1783746722.924142361,0.632211,0.151600,1.081573,0.196068,0.0157209,0.0035021,0.764112,0.694105,0.107908,1.085,0.862
probe,upper,1,reverse,33.1472,1500.000,1210,startup,1591.223,1283,1595.223,2.714,0,0,1783746723.925659418,0.643987,0.176402,1.084866,0.021263,,,0.000000,0.000000,0.000000,1.112,0.844
probe,upper,1,reverse,33.1643,1500.000,1210,startup,1592.463,1284,1595.223,2.714,1,1,1783746724.025945187,0.647329,0.178922,1.085807,0.025392,0.0037884,0.0009412,0.003788,0.000000,0.000000,1.112,0.844
probe,upper,1,reverse,33.1804,1500.000,1210,startup,1592.463,1284,1595.223,2.714,0,0,1783746724.025945187,0.647329,0.178922,1.085807,0.025392,,,0.003788,0.000000,0.000000,1.112,0.844
probe,upper,1,reverse,33.2021,1500.000,1210,startup,1592.463,1284,1595.223,2.714,0,0,1783746724.025945187,0.647329,0.178922,1.085807,0.025392,,,0.003788,0.000000,0.000000,1.112,0.844
probe,upper,1,reverse,33.2237,1500.000,1210,startup,1592.463,1284,1595.223,2.714,0,0,1783746724.025945187,0.647329,0.178922,1.085807,0.025392,,,0.003788,0.000000,0.000000,1.112,0.844
probe,upper,1,reverse,33.2453,1500.000,1210,startup,1592.463,1284,1595.223,2.714,0,0,1783746724.025945187,0.647329,0.178922,1.085807,0.025392,,,0.003788,0.000000,0.000000,1.112,0.844
probe,upper,1,reverse,33.2646,1500.000,1210,startup,1593.703,1285,1595.223,2.714,1,2,1783746724.126242876,0.647051,0.177284,1.085558,0.015108,-0.0015792,-0.0002489,0.005368,0.000000,0.000000,1.112,0.844
probe,upper,1,reverse,33.2821,1500.000,1210,startup,1593.703,1285,1595.223,2.714,0,0,1783746724.126242876,0.647051,0.177284,1.085558,0.015108,,,0.005368,0.000000,0.000000,1.112,0.844
probe,upper,1,reverse,33.3037,1500.000,1210,startup,1593.703,1285,1595.223,2.714,0,0,1783746724.126242876,0.647051,0.177284,1.085558,0.015108,,,0.005368,0.000000,0.000000,1.112,0.844
probe,upper,1,reverse,33.3252,1500.000,1210,startup,1593.703,1285,1595.223,2.714,0,0,1783746724.126242876,0.647051,0.177284,1.085558,0.015108,,,0.005368,0.000000,0.000000,1.112,0.844
probe,upper,1,reverse,33.3468,1500.000,1210,startup,1593.703,1285,1595.223,2.714,0,0,1783746724.126242876,0.647051,0.177284,1.085558,0.015108,,,0.005368,0.000000,0.000000,1.109,0.851
probe,upper,1,reverse,33.3649,1500.000,1210,startup,1594.943,1286,1595.223,2.714,1,3,1783746724.226733685,0.642207,0.173751,1.086100,-0.002063,-0.0053838,0.0005417,0.010751,0.000000,0.000000,1.109,0.851
probe,upper,1,reverse,33.3867,1500.000,1210,startup,1594.943,1286,1595.223,2.714,0,0,1783746724.226733685,0.642207,0.173751,1.086100,-0.002063,,,0.010751,0.000000,0.000000,1.109,0.851
probe,upper,1,reverse,33.4084,1500.000,1210,startup,1594.943,1286,1595.223,2.714,0,0,1783746724.226733685,0.642207,0.173751,1.086100,-0.002063,,,0.010751,0.000000,0.000000,1.109,0.851
probe,upper,1,reverse,33.4299,1500.000,1210,startup,1594.943,1286,1595.223,2.714,0,0,1783746724.226733685,0.642207,0.173751,1.086100,-0.002063,,,0.010751,0.000000,0.000000,1.109,0.851
probe,upper,1,reverse,33.4514,1500.000,1210,startup,1594.943,1286,1595.223,2.714,0,0,1783746724.226733685,0.642207,0.173751,1.086100,-0.002063,,,0.010751,0.000000,0.000000,1.102,0.858
probe,upper,1,reverse,33.4652,1500.000,1210,startup,1596.183,1287,1595.223,2.714,1,4,1783746724.326993227,0.640795,0.168273,1.086047,-0.015272,-0.0055042,-0.0000524,0.016256,0.000000,0.000000,1.102,0.858
probe,upper,1,reverse,33.4831,1500.000,1210,startup,1596.183,1287,1595.223,2.714,0,0,1783746724.326993227,0.640795,0.168273,1.086047,-0.015272,,,0.016256,0.000000,0.000000,1.102,0.858
probe,upper,1,reverse,33.5047,1500.000,1210,startup,1596.183,1287,1595.223,2.714,0,0,1783746724.326993227,0.640795,0.168273,1.086047,-0.015272,,,0.016256,0.000000,0.000000,1.102,0.858
probe,upper,1,reverse,33.5262,1500.000,1210,startup,1596.183,1287,1595.223,2.714,0,0,1783746724.326993227,0.640795,0.168273,1.086047,-0.015272,,,0.016256,0.000000,0.000000,1.102,0.858
probe,upper,1,reverse,33.5477,1500.000,1210,startup,1596.183,1287,1595.223,2.714,0,0,1783746724.326993227,0.640795,0.168273,1.086047,-0.015272,,,0.016256,0.000000,0.000000,1.096,0.858
probe,upper,1,reverse,33.5659,1500.000,1210,startup,1599.283,1290,1595.223,2.714,1,5,1783746724.427321672,0.638778,0.164369,1.085853,-0.022404,-0.0043942,-0.0001942,0.020650,0.000000,0.000000,1.096,0.858
probe,upper,1,reverse,33.5747,1500.000,1210,startup,1599.283,1290,1595.223,2.714,0,0,1783746724.427321672,0.638778,0.164369,1.085853,-0.022404,,,0.020650,0.000000,0.000000,1.096,0.858
probe,upper,1,reverse,33.5963,1500.000,1210,startup,1599.283,1290,1595.223,2.714,0,0,1783746724.427321672,0.638778,0.164369,1.085853,-0.022404,,,0.020650,0.000000,0.000000,1.096,0.858
probe,upper,1,reverse,33.6178,1500.000,1210,startup,1599.283,1290,1595.223,2.714,0,0,1783746724.427321672,0.638778,0.164369,1.085853,-0.022404,,,0.020650,0.000000,0.000000,1.096,0.858
probe,upper,1,reverse,33.6393,1500.000,1210,startup,1599.283,1290,1595.223,2.714,0,0,1783746724.427321672,0.638778,0.164369,1.085853,-0.022404,,,0.020650,0.000000,0.000000,1.096,0.858
probe,upper,1,reverse,33.6608,1500.000,1210,startup,1599.283,1290,1595.223,2.714,0,0,1783746724.427321672,0.638778,0.164369,1.085853,-0.022404,,,0.020650,0.000000,0.000000,1.095,0.857
probe,upper,1,reverse,33.6663,1500.000,1210,startup,1602.383,1292,1595.223,2.714,1,6,1783746724.527914286,0.639619,0.164441,1.085935,-0.015671,0.0004554,0.0000813,0.021105,0.000000,0.000000,1.095,0.857
probe,upper,1,reverse,33.6857,1500.000,1210,startup,1602.383,1292,1595.223,2.714,0,0,1783746724.527914286,0.639619,0.164441,1.085935,-0.015671,,,0.021105,0.000000,0.000000,1.095,0.857
probe,upper,1,reverse,33.7073,1500.000,1210,startup,1602.383,1292,1595.223,2.714,0,0,1783746724.527914286,0.639619,0.164441,1.085935,-0.015671,,,0.021105,0.000000,0.000000,1.095,0.857
probe,upper,1,reverse,33.7289,1500.000,1210,startup,1602.383,1292,1595.223,2.714,0,0,1783746724.527914286,0.639619,0.164441,1.085935,-0.015671,,,0.021105,0.000000,0.000000,1.095,0.857
probe,upper,1,reverse,33.7505,1500.000,1210,startup,1602.383,1292,1595.223,2.714,0,0,1783746724.527914286,0.639619,0.164441,1.085935,-0.015671,,,0.021105,0.000000,0.000000,1.095,0.864
probe,upper,1,reverse,33.7669,1500.000,1210,startup,1602.383,1292,1595.223,2.714,0,0,1783746724.527914286,0.639619,0.164441,1.085935,-0.015671,,,0.021105,0.000000,0.000000,1.095,0.864
probe,upper,1,reverse,33.7892,1500.000,1210,startup,1605.483,1295,1595.223,2.714,1,7,1783746724.628381252,0.638368,0.160107,1.086278,-0.022745,-0.0044174,0.0003432,0.025523,0.000000,0.000000,1.095,0.864
probe,upper,1,reverse,33.7913,1500.000,1210,startup,1605.483,1295,1595.223,2.714,0,0,1783746724.628381252,0.638368,0.160107,1.086278,-0.022745,,,0.025523,0.000000,0.000000,1.095,0.864
probe,upper,1,reverse,33.8131,1500.000,1210,startup,1605.483,1295,1595.223,2.714,0,0,1783746724.628381252,0.638368,0.160107,1.086278,-0.022745,,,0.025523,0.000000,0.000000,1.095,0.864
probe,upper,1,reverse,33.8346,1500.000,1210,startup,1605.483,1295,1595.223,2.714,0,0,1783746724.628381252,0.638368,0.160107,1.086278,-0.022745,,,0.025523,0.000000,0.000000,1.095,0.864
probe,upper,1,reverse,33.8561,1500.000,1210,startup,1605.483,1295,1595.223,2.714,0,0,1783746724.628381252,0.638368,0.160107,1.086278,-0.022745,,,0.025523,0.000000,0.000000,1.087,0.877
probe,upper,1,reverse,33.8646,1500.000,1210,startup,1608.583,1297,1595.223,2.714,1,8,1783746724.728874922,0.634969,0.153606,1.087352,-0.035310,-0.0073365,0.0010745,0.032859,0.000000,0.000000,1.087,0.877
probe,upper,1,reverse,33.8802,1500.000,1210,startup,1608.583,1297,1595.223,2.714,0,0,1783746724.728874922,0.634969,0.153606,1.087352,-0.035310,,,0.032859,0.000000,0.000000,1.087,0.877
probe,upper,1,reverse,33.9018,1500.000,1210,startup,1608.583,1297,1595.223,2.714,0,0,1783746724.728874922,0.634969,0.153606,1.087352,-0.035310,,,0.032859,0.000000,0.000000,1.087,0.877
probe,upper,1,reverse,33.9233,1500.000,1210,startup,1608.583,1297,1595.223,2.714,0,0,1783746724.728874922,0.634969,0.153606,1.087352,-0.035310,,,0.032859,0.000000,0.000000,1.087,0.877
probe,upper,1,reverse,33.9449,1500.000,1210,startup,1608.583,1297,1595.223,2.714,0,0,1783746724.728874922,0.634969,0.153606,1.087352,-0.035310,,,0.032859,0.000000,0.000000,1.067,0.899
probe,upper,1,reverse,33.9650,1500.000,1210,rolling,1595.223,1286,1595.223,2.714,1,9,1783746724.826730728,0.630782,0.139623,1.086225,-0.063079,-0.0143247,-0.0011278,0.047184,0.000000,0.000000,1.067,0.899
probe,upper,1,reverse,33.9869,1500.000,1210,rolling,1595.223,1286,1595.223,2.714,0,0,1783746724.826730728,0.630782,0.139623,1.086225,-0.063079,,,0.047184,0.000000,0.000000,1.067,0.899
probe,upper,1,reverse,34.0087,1500.000,1210,rolling,1595.223,1286,1595.223,2.714,0,0,1783746724.826730728,0.630782,0.139623,1.086225,-0.063079,,,0.047184,0.000000,0.000000,1.067,0.899
probe,upper,1,reverse,34.0303,1500.000,1210,rolling,1595.223,1286,1595.223,2.714,0,0,1783746724.826730728,0.630782,0.139623,1.086225,-0.063079,,,0.047184,0.000000,0.000000,1.067,0.899
probe,upper,1,reverse,34.0520,1500.000,1210,rolling,1595.223,1286,1595.223,2.714,0,0,1783746724.826730728,0.630782,0.139623,1.086225,-0.063079,,,0.047184,0.000000,0.000000,1.042,0.928
probe,upper,1,reverse,34.0658,1500.000,1210,rolling,1596.764,1288,1595.481,2.972,1,10,1783746724.927014351,0.623457,0.113041,1.083585,-0.114434,-0.0269262,-0.0026392,0.074110,-0.026926,-0.002639,1.042,0.928
probe,upper,1,reverse,34.0820,1500.000,1210,rolling,1596.764,1288,1595.481,2.972,0,0,1783746724.927014351,0.623457,0.113041,1.083585,-0.114434,,,0.074110,-0.026926,-0.002639,1.042,0.928
probe,upper,1,reverse,34.1037,1500.000,1210,rolling,1596.764,1288,1595.481,2.972,0,0,1783746724.927014351,0.623457,0.113041,1.083585,-0.114434,,,0.074110,-0.026926,-0.002639,1.042,0.928
probe,upper,1,reverse,34.1252,1500.000,1210,rolling,1596.764,1288,1595.481,2.972,0,0,1783746724.927014351,0.623457,0.113041,1.083585,-0.114434,,,0.074110,-0.026926,-0.002639,1.042,0.928
probe,upper,1,reverse,34.1467,1500.000,1210,rolling,1596.764,1288,1595.481,2.972,0,0,1783746724.927014351,0.623457,0.113041,1.083585,-0.114434,,,0.074110,-0.026926,-0.002639,1.013,0.956
probe,upper,1,reverse,34.1657,1500.000,1210,rolling,1595.865,1287,1595.545,3.036,1,11,1783746725.027265549,0.608017,0.079094,1.080929,-0.178650,-0.0372228,-0.0026562,0.111333,-0.064149,-0.005295,1.013,0.956
probe,upper,1,reverse,34.1866,1500.000,1210,rolling,1595.865,1287,1595.545,3.036,0,0,1783746725.027265549,0.608017,0.079094,1.080929,-0.178650,,,0.111333,-0.064149,-0.005295,1.013,0.956
probe,upper,1,reverse,34.2082,1500.000,1210,rolling,1595.865,1287,1595.545,3.036,0,0,1783746725.027265549,0.608017,0.079094,1.080929,-0.178650,,,0.111333,-0.064149,-0.005295,1.013,0.956
probe,upper,1,reverse,34.2297,1500.000,1210,rolling,1595.865,1287,1595.545,3.036,0,0,1783746725.027265549,0.608017,0.079094,1.080929,-0.178650,,,0.111333,-0.064149,-0.005295,1.013,0.956
probe,upper,1,reverse,34.2514,1500.000,1210,rolling,1595.865,1287,1595.545,3.036,0,0,1783746725.027265549,0.608017,0.079094,1.080929,-0.178650,,,0.111333,-0.064149,-0.005295,0.982,0.987
probe,upper,1,reverse,34.2637,1500.000,1210,rolling,1595.203,1286,1595.487,2.979,1,12,1783746725.127868891,0.590181,0.049850,1.077148,-0.218975,-0.0342004,-0.0037809,0.145533,-0.098349,-0.009076,0.982,0.987
probe,upper,1,reverse,34.2796,1500.000,1210,rolling,1595.203,1286,1595.487,2.979,0,0,1783746725.127868891,0.590181,0.049850,1.077148,-0.218975,,,0.145533,-0.098349,-0.009076,0.982,0.987
probe,upper,1,reverse,34.3013,1500.000,1210,rolling,1595.203,1286,1595.487,2.979,0,0,1783746725.127868891,0.590181,0.049850,1.077148,-0.218975,,,0.145533,-0.098349,-0.009076,0.982,0.987
probe,upper,1,reverse,34.3228,1500.000,1210,rolling,1595.203,1286,1595.487,2.979,0,0,1783746725.127868891,0.590181,0.049850,1.077148,-0.218975,,,0.145533,-0.098349,-0.009076,0.982,0.987
probe,upper,1,reverse,34.3444,1500.000,1210,rolling,1595.203,1286,1595.487,2.979,0,0,1783746725.127868891,0.590181,0.049850,1.077148,-0.218975,,,0.145533,-0.098349,-0.009076,0.955,1.014
probe,upper,1,reverse,34.3638,1500.000,1210,rolling,1594.653,1286,1595.351,2.842,1,13,1783746725.225558043,0.572654,0.022750,1.074847,-0.246565,-0.0321723,-0.0023017,0.177705,-0.130522,-0.011378,0.955,1.014
probe,upper,1,reverse,34.3778,1500.000,1210,rolling,1594.653,1286,1595.351,2.842,0,0,1783746725.225558043,0.572654,0.022750,1.074847,-0.246565,,,0.177705,-0.130522,-0.011378,0.955,1.014
probe,upper,1,reverse,34.3994,1500.000,1210,rolling,1594.653,1286,1595.351,2.842,0,0,1783746725.225558043,0.572654,0.022750,1.074847,-0.246565,,,0.177705,-0.130522,-0.011378,0.955,1.014
probe,upper,1,reverse,34.4209,1500.000,1210,rolling,1594.653,1286,1595.351,2.842,0,0,1783746725.225558043,0.572654,0.022750,1.074847,-0.246565,,,0.177705,-0.130522,-0.011378,0.955,1.014
probe,upper,1,reverse,34.4425,1500.000,1210,rolling,1594.653,1286,1595.351,2.842,0,0,1783746725.225558043,0.572654,0.022750,1.074847,-0.246565,,,0.177705,-0.130522,-0.011378,0.929,1.038
probe,upper,1,reverse,34.4640,1500.000,1210,rolling,1594.250,1286,1595.167,2.658,1,14,1783746725.325873375,0.555519,-0.002735,1.072948,-0.261111,-0.0305712,-0.0018981,0.208277,-0.161093,-0.013276,0.929,1.038
probe,upper,1,reverse,34.4777,1500.000,1210,rolling,1594.250,1286,1595.167,2.658,0,0,1783746725.325873375,0.555519,-0.002735,1.072948,-0.261111,,,0.208277,-0.161093,-0.013276,0.929,1.038
probe,upper,1,reverse,34.4995,1500.000,1210,rolling,1594.250,1286,1595.167,2.658,0,0,1783746725.325873375,0.555519,-0.002735,1.072948,-0.261111,,,0.208277,-0.161093,-0.013276,0.929,1.038
probe,upper,1,reverse,34.5214,1500.000,1210,rolling,1594.250,1286,1595.167,2.658,0,0,1783746725.325873375,0.555519,-0.002735,1.072948,-0.261111,,,0.208277,-0.161093,-0.013276,0.929,1.038
probe,upper,1,reverse,34.5432,1500.000,1210,rolling,1594.250,1286,1595.167,2.658,0,0,1783746725.325873375,0.555519,-0.002735,1.072948,-0.261111,,,0.208277,-0.161093,-0.013276,0.905,1.062
probe,upper,1,reverse,34.5623,1500.000,1210,rolling,1593.988,1285,1594.970,2.461,1,15,1783746725.426128387,0.540075,-0.026120,1.070264,-0.265469,-0.0279251,-0.0026846,0.236202,-0.189018,-0.015961,0.905,1.062
probe,upper,1,reverse,34.5713,1500.000,1210,rolling,1593.988,1285,1594.970,2.461,0,0,1783746725.426128387,0.540075,-0.026120,1.070264,-0.265469,,,0.236202,-0.189018,-0.015961,0.905,1.062
probe,upper,1,reverse,34.5931,1500.000,1210,rolling,1593.988,1285,1594.970,2.461,0,0,1783746725.426128387,0.540075,-0.026120,1.070264,-0.265469,,,0.236202,-0.189018,-0.015961,0.905,1.062
probe,upper,1,reverse,34.6147,1500.000,1210,rolling,1593.988,1285,1594.970,2.461,0,0,1783746725.426128387,0.540075,-0.026120,1.070264,-0.265469,,,0.236202,-0.189018,-0.015961,0.905,1.062
probe,upper,1,reverse,34.6362,1500.000,1210,rolling,1593.988,1285,1594.970,2.461,0,0,1783746725.426128387,0.540075,-0.026120,1.070264,-0.265469,,,0.236202,-0.189018,-0.015961,0.905,1.062
probe,upper,1,reverse,34.6577,1500.000,1210,rolling,1593.988,1285,1594.970,2.461,0,0,1783746725.426128387,0.540075,-0.026120,1.070264,-0.265469,,,0.236202,-0.189018,-0.015961,0.885,1.084
probe,upper,1,reverse,34.6625,1500.000,1210,rolling,1594.061,1286,1594.821,2.312,1,16,1783746725.524467945,0.530843,-0.044191,1.067354,-0.250666,-0.0202831,-0.0029094,0.256485,-0.209301,-0.018870,0.885,1.084
probe,upper,1,reverse,34.6780,1500.000,1210,rolling,1594.061,1286,1594.821,2.312,0,0,1783746725.524467945,0.530843,-0.044191,1.067354,-0.250666,,,0.256485,-0.209301,-0.018870,0.885,1.084
probe,upper,1,reverse,34.6996,1500.000,1210,rolling,1594.061,1286,1594.821,2.312,0,0,1783746725.524467945,0.530843,-0.044191,1.067354,-0.250666,,,0.256485,-0.209301,-0.018870,0.885,1.084
probe,upper,1,reverse,34.7212,1500.000,1210,rolling,1594.061,1286,1594.821,2.312,0,0,1783746725.524467945,0.530843,-0.044191,1.067354,-0.250666,,,0.256485,-0.209301,-0.018870,0.885,1.084
probe,upper,1,reverse,34.7427,1500.000,1210,rolling,1594.061,1286,1594.821,2.312,0,0,1783746725.524467945,0.530843,-0.044191,1.067354,-0.250666,,,0.256485,-0.209301,-0.018870,0.864,1.105
probe,upper,1,reverse,34.7630,1500.000,1210,rolling,1594.252,1286,1594.726,2.217,1,17,1783746725.624511480,0.523848,-0.060246,1.064124,-0.231569,-0.0174353,-0.0032301,0.273920,-0.226736,-0.022100,0.864,1.105
probe,upper,1,reverse,34.7808,1500.000,1210,rolling,1594.252,1286,1594.726,2.217,0,0,1783746725.624511480,0.523848,-0.060246,1.064124,-0.231569,,,0.273920,-0.226736,-0.022100,0.864,1.105
probe,upper,1,reverse,34.8027,1500.000,1210,rolling,1594.252,1286,1594.726,2.217,0,0,1783746725.624511480,0.523848,-0.060246,1.064124,-0.231569,,,0.273920,-0.226736,-0.022100,0.864,1.105
probe,upper,1,reverse,34.8246,1500.000,1210,rolling,1594.252,1286,1594.726,2.217,0,0,1783746725.624511480,0.523848,-0.060246,1.064124,-0.231569,,,0.273920,-0.226736,-0.022100,0.864,1.105
probe,upper,1,reverse,34.8462,1500.000,1210,rolling,1594.252,1286,1594.726,2.217,0,0,1783746725.624511480,0.523848,-0.060246,1.064124,-0.231569,,,0.273920,-0.226736,-0.022100,0.842,1.128
probe,upper,1,reverse,34.8632,1500.000,1210,rolling,1594.325,1286,1594.659,2.150,1,18,1783746725.724990606,0.516782,-0.078665,1.063961,-0.222278,-0.0195339,-0.0001629,0.293454,-0.246270,-0.022263,0.842,1.128
probe,upper,1,reverse,34.8806,1500.000,1210,rolling,1594.325,1286,1594.659,2.150,0,0,1783746725.724990606,0.516782,-0.078665,1.063961,-0.222278,,,0.293454,-0.246270,-0.022263,0.842,1.128
probe,upper,1,reverse,34.9023,1500.000,1210,rolling,1594.325,1286,1594.659,2.150,0,0,1783746725.724990606,0.516782,-0.078665,1.063961,-0.222278,,,0.293454,-0.246270,-0.022263,0.842,1.128
probe,upper,1,reverse,34.9240,1500.000,1210,rolling,1594.325,1286,1594.659,2.150,0,0,1783746725.724990606,0.516782,-0.078665,1.063961,-0.222278,,,0.293454,-0.246270,-0.022263,0.842,1.128
probe,upper,1,reverse,34.9455,1500.000,1210,rolling,1594.325,1286,1594.659,2.150,0,0,1783746725.724990606,0.516782,-0.078665,1.063961,-0.222278,,,0.293454,-0.246270,-0.022263,0.821,1.152
probe,upper,1,reverse,34.9611,1500.000,1210,rolling,1594.313,1286,1594.601,2.092,1,19,1783746725.825264454,0.509081,-0.098487,1.062325,-0.219229,-0.0210655,-0.0016368,0.314520,-0.267336,-0.023900,0.821,1.152
probe,upper,1,reverse,34.9785,1500.000,1210,rolling,1594.313,1286,1594.601,2.092,0,0,1783746725.825264454,0.509081,-0.098487,1.062325,-0.219229,,,0.314520,-0.267336,-0.023900,0.821,1.152
probe,upper,1,reverse,35.0002,1500.000,1210,rolling,1594.313,1286,1594.601,2.092,0,0,1783746725.825264454,0.509081,-0.098487,1.062325,-0.219229,,,0.314520,-0.267336,-0.023900,0.821,1.152
probe,upper,1,reverse,35.0217,1500.000,1210,rolling,1594.313,1286,1594.601,2.092,0,0,1783746725.825264454,0.509081,-0.098487,1.062325,-0.219229,,,0.314520,-0.267336,-0.023900,0.821,1.152
probe,upper,1,reverse,35.0432,1500.000,1210,rolling,1594.313,1286,1594.601,2.092,0,0,1783746725.825264454,0.509081,-0.098487,1.062325,-0.219229,,,0.314520,-0.267336,-0.023900,0.802,1.173
probe,upper,1,reverse,35.0620,1500.000,1210,rolling,1593.835,1285,1594.476,1.967,1,20,1783746725.923112631,0.505759,-0.131699,1.062928,-0.242684,-0.0306314,0.0006030,0.345151,-0.297967,-0.023297,0.802,1.173
probe,upper,1,reverse,35.0795,1500.000,1210,rolling,1593.835,1285,1594.476,1.967,0,0,1783746725.923112631,0.505759,-0.131699,1.062928,-0.242684,,,0.345151,-0.297967,-0.023297,0.802,1.173
probe,upper,1,reverse,35.1012,1500.000,1210,rolling,1593.835,1285,1594.476,1.967,0,0,1783746725.923112631,0.505759,-0.131699,1.062928,-0.242684,,,0.345151,-0.297967,-0.023297,0.802,1.173
probe,upper,1,reverse,35.1229,1500.000,1210,rolling,1593.835,1285,1594.476,1.967,0,0,1783746725.923112631,0.505759,-0.131699,1.062928,-0.242684,,,0.345151,-0.297967,-0.023297,0.802,1.173
probe,upper,1,reverse,35.1444,1500.000,1210,rolling,1593.835,1285,1594.476,1.967,0,0,1783746725.923112631,0.505759,-0.131699,1.062928,-0.242684,,,0.345151,-0.297967,-0.023297,0.781,1.193
probe,upper,1,reverse,35.1618,1500.000,1210,rolling,1593.746,1285,1594.354,1.845,1,21,1783746726.023715019,0.497194,-0.153858,1.061226,-0.240474,-0.0235254,-0.0017019,0.368676,-0.321493,-0.024999,0.781,1.193
probe,upper,1,reverse,35.1813,1500.000,1210,rolling,1593.746,1285,1594.354,1.845,0,0,1783746726.023715019,0.497194,-0.153858,1.061226,-0.240474,,,0.368676,-0.321493,-0.024999,0.781,1.193
probe,upper,1,reverse,35.2030,1500.000,1210,rolling,1593.746,1285,1594.354,1.845,0,0,1783746726.023715019,0.497194,-0.153858,1.061226,-0.240474,,,0.368676,-0.321493,-0.024999,0.781,1.193
probe,upper,1,reverse,35.2245,1500.000,1210,rolling,1593.746,1285,1594.354,1.845,0,0,1783746726.023715019,0.497194,-0.153858,1.061226,-0.240474,,,0.368676,-0.321493,-0.024999,0.781,1.193
probe,upper,1,reverse,35.2461,1500.000,1210,rolling,1593.746,1285,1594.354,1.845,0,0,1783746726.023715019,0.497194,-0.153858,1.061226,-0.240474,,,0.368676,-0.321493,-0.024999,0.763,1.211
probe,upper,1,reverse,35.2599,1500.000,1210,rolling,1593.654,1285,1594.237,1.728,1,22,1783746726.123819590,0.482219,-0.172328,1.059378,-0.238874,-0.0234318,-0.0018479,0.392108,-0.344924,-0.026847,0.763,1.211
probe,upper,1,reverse,35.2819,1500.000,1210,rolling,1593.654,1285,1594.237,1.728,0,0,1783746726.123819590,0.482219,-0.172328,1.059378,-0.238874,,,0.392108,-0.344924,-0.026847,0.763,1.211
probe,upper,1,reverse,35.3035,1500.000,1210,rolling,1593.654,1285,1594.237,1.728,0,0,1783746726.123819590,0.482219,-0.172328,1.059378,-0.238874,,,0.392108,-0.344924,-0.026847,0.763,1.211
probe,upper,1,reverse,35.3250,1500.000,1210,rolling,1593.654,1285,1594.237,1.728,0,0,1783746726.123819590,0.482219,-0.172328,1.059378,-0.238874,,,0.392108,-0.344924,-0.026847,0.763,1.211
probe,upper,1,reverse,35.3465,1500.000,1210,rolling,1593.654,1285,1594.237,1.728,0,0,1783746726.123819590,0.482219,-0.172328,1.059378,-0.238874,,,0.392108,-0.344924,-0.026847,0.751,1.224
probe,upper,1,reverse,35.3602,1500.000,1210,rolling,1594.145,1286,1594.222,1.713,1,23,1783746726.222009182,0.473132,-0.178916,1.056076,-0.205126,-0.0102001,-0.0033021,0.402308,-0.355124,-0.030149,0.751,1.224
probe,upper,1,reverse,35.3805,1500.000,1210,rolling,1594.145,1286,1594.222,1.713,0,0,1783746726.222009182,0.473132,-0.178916,1.056076,-0.205126,,,0.402308,-0.355124,-0.030149,0.751,1.224
probe,upper,1,reverse,35.4021,1500.000,1210,rolling,1594.145,1286,1594.222,1.713,0,0,1783746726.222009182,0.473132,-0.178916,1.056076,-0.205126,,,0.402308,-0.355124,-0.030149,0.751,1.224
probe,upper,1,reverse,35.4236,1500.000,1210,rolling,1594.145,1286,1594.222,1.713,0,0,1783746726.222009182,0.473132,-0.178916,1.056076,-0.205126,,,0.402308,-0.355124,-0.030149,0.751,1.224
probe,upper,1,reverse,35.4451,1500.000,1210,rolling,1594.145,1286,1594.222,1.713,0,0,1783746726.222009182,0.473132,-0.178916,1.056076,-0.205126,,,0.402308,-0.355124,-0.030149,0.738,1.238
probe,upper,1,reverse,35.4604,1500.000,1210,rolling,1594.627,1286,1594.289,1.781,1,24,1783746726.322307110,0.463006,-0.184088,1.052565,-0.177519,-0.0094979,-0.0035101,0.411806,-0.364622,-0.033659,0.738,1.238
probe,upper,1,reverse,35.4769,1500.000,1210,rolling,1594.627,1286,1594.289,1.781,0,0,1783746726.322307110,0.463006,-0.184088,1.052565,-0.177519,,,0.411806,-0.364622,-0.033659,0.738,1.238
probe,upper,1,reverse,35.4985,1500.000,1210,rolling,1594.627,1286,1594.289,1.781,0,0,1783746726.322307110,0.463006,-0.184088,1.052565,-0.177519,,,0.411806,-0.364622,-0.033659,0.738,1.238
probe,upper,1,reverse,35.5201,1500.000,1210,rolling,1594.627,1286,1594.289,1.781,0,0,1783746726.322307110,0.463006,-0.184088,1.052565,-0.177519,,,0.411806,-0.364622,-0.033659,0.738,1.238
probe,upper,1,reverse,35.5417,1500.000,1210,rolling,1594.627,1286,1594.289,1.781,0,0,1783746726.322307110,0.463006,-0.184088,1.052565,-0.177519,,,0.411806,-0.364622,-0.033659,0.725,1.251
probe,upper,1,reverse,35.5583,1500.000,1210,rolling,1594.932,1286,1594.397,1.888,1,25,1783746726.422565699,0.453452,-0.193022,1.049748,-0.164305,-0.0124987,-0.0028180,0.424305,-0.377121,-0.036477,0.725,1.251
probe,upper,1,reverse,35.5700,1500.000,1210,rolling,1594.932,1286,1594.397,1.888,0,0,1783746726.422565699,0.453452,-0.193022,1.049748,-0.164305,,,0.424305,-0.377121,-0.036477,0.725,1.251
probe,upper,1,reverse,35.5916,1500.000,1210,rolling,1594.932,1286,1594.397,1.888,0,0,1783746726.422565699,0.453452,-0.193022,1.049748,-0.164305,,,0.424305,-0.377121,-0.036477,0.725,1.251
probe,upper,1,reverse,35.6131,1500.000,1210,rolling,1594.932,1286,1594.397,1.888,0,0,1783746726.422565699,0.453452,-0.193022,1.049748,-0.164305,,,0.424305,-0.377121,-0.036477,0.725,1.251
probe,upper,1,reverse,35.6346,1500.000,1210,rolling,1594.932,1286,1594.397,1.888,0,0,1783746726.422565699,0.453452,-0.193022,1.049748,-0.164305,,,0.424305,-0.377121,-0.036477,0.725,1.251
probe,upper,1,reverse,35.6561,1500.000,1210,rolling,1594.932,1286,1594.397,1.888,0,0,1783746726.422565699,0.453452,-0.193022,1.049748,-0.164305,,,0.424305,-0.377121,-0.036477,0.713,1.268
probe,upper,1,reverse,35.6591,1500.000,1210,rolling,1595.017,1286,1594.498,1.989,1,26,1783746726.520411491,0.445802,-0.207665,1.049310,-0.165407,-0.0165079,-0.0004377,0.440813,-0.393629,-0.036915,0.713,1.268
probe,upper,1,reverse,35.6726,1500.000,1210,rolling,1595.017,1286,1594.498,1.989,0,0,1783746726.520411491,0.445802,-0.207665,1.049310,-0.165407,,,0.440813,-0.393629,-0.036915,0.713,1.268
probe,upper,1,reverse,35.6942,1500.000,1210,rolling,1595.017,1286,1594.498,1.989,0,0,1783746726.520411491,0.445802,-0.207665,1.049310,-0.165407,,,0.440813,-0.393629,-0.036915,0.713,1.268
probe,upper,1,reverse,35.7158,1500.000,1210,rolling,1595.017,1286,1594.498,1.989,0,0,1783746726.520411491,0.445802,-0.207665,1.049310,-0.165407,,,0.440813,-0.393629,-0.036915,0.713,1.268
probe,upper,1,reverse,35.7374,1500.000,1210,rolling,1595.017,1286,1594.498,1.989,0,0,1783746726.520411491,0.445802,-0.207665,1.049310,-0.165407,,,0.440813,-0.393629,-0.036915,0.698,1.282
probe,upper,1,reverse,35.7594,1500.000,1210,rolling,1595.085,1286,1594.597,2.088,1,27,1783746726.621212721,0.437438,-0.223045,1.050269,-0.167465,-0.0175028,0.0009593,0.458315,-0.411132,-0.035955,0.698,1.282
probe,upper,1,reverse,35.7768,1500.000,1210,rolling,1595.085,1286,1594.597,2.088,0,0,1783746726.621212721,0.437438,-0.223045,1.050269,-0.167465,,,0.458315,-0.411132,-0.035955,0.698,1.282
probe,upper,1,reverse,35.7984,1500.000,1210,rolling,1595.085,1286,1594.597,2.088,0,0,1783746726.621212721,0.437438,-0.223045,1.050269,-0.167465,,,0.458315,-0.411132,-0.035955,0.698,1.282
probe,upper,1,reverse,35.8200,1500.000,1210,rolling,1595.085,1286,1594.597,2.088,0,0,1783746726.621212721,0.437438,-0.223045,1.050269,-0.167465,,,0.458315,-0.411132,-0.035955,0.698,1.282
probe,upper,1,reverse,35.8416,1500.000,1210,rolling,1595.085,1286,1594.597,2.088,0,0,1783746726.621212721,0.437438,-0.223045,1.050269,-0.167465,,,0.458315,-0.411132,-0.035955,0.692,1.299
probe,upper,1,reverse,35.8600,1500.000,1210,rolling,1595.085,1286,1594.678,2.169,1,28,1783746726.721403837,0.425323,-0.237940,1.049951,-0.172877,-0.0189475,-0.0003177,0.477263,-0.430079,-0.036273,0.692,1.299
probe,upper,1,reverse,35.8715,1500.000,1210,rolling,1595.085,1286,1594.678,2.169,0,0,1783746726.721403837,0.425323,-0.237940,1.049951,-0.172877,,,0.477263,-0.430079,-0.036273,0.692,1.299
probe,upper,1,reverse,35.8932,1500.000,1210,rolling,1595.085,1286,1594.678,2.169,0,0,1783746726.721403837,0.425323,-0.237940,1.049951,-0.172877,,,0.477263,-0.430079,-0.036273,0.692,1.299
probe,upper,1,reverse,35.9147,1500.000,1210,rolling,1595.085,1286,1594.678,2.169,0,0,1783746726.721403837,0.425323,-0.237940,1.049951,-0.172877,,,0.477263,-0.430079,-0.036273,0.692,1.299
probe,upper,1,reverse,35.9363,1500.000,1210,rolling,1595.085,1286,1594.678,2.169,0,0,1783746726.721403837,0.425323,-0.237940,1.049951,-0.172877,,,0.477263,-0.430079,-0.036273,0.687,1.317
probe,upper,1,reverse,35.9575,1500.000,1210,rolling,1595.060,1286,1594.742,2.233,1,29,1783746726.821982861,0.417611,-0.256317,1.049580,-0.178817,-0.0197776,-0.0003711,0.497041,-0.449857,-0.036644,0.687,1.317
probe,upper,1,reverse,35.9760,1500.000,1210,rolling,1595.060,1286,1594.742,2.233,0,0,1783746726.821982861,0.417611,-0.256317,1.049580,-0.178817,,,0.497041,-0.449857,-0.036644,0.687,1.317
probe,upper,1,reverse,35.9976,1500.000,1210,rolling,1595.060,1286,1594.742,2.233,0,0,1783746726.821982861,0.417611,-0.256317,1.049580,-0.178817,,,0.497041,-0.449857,-0.036644,0.687,1.317
probe,upper,1,reverse,36.0192,1500.000,1210,rolling,1595.060,1286,1594.742,2.233,0,0,1783746726.821982861,0.417611,-0.256317,1.049580,-0.178817,,,0.497041,-0.449857,-0.036644,0.687,1.317
probe,upper,1,reverse,36.0407,1500.000,1210,rolling,1595.060,1286,1594.742,2.233,0,0,1783746726.821982861,0.417611,-0.256317,1.049580,-0.178817,,,0.497041,-0.449857,-0.036644,0.679,1.331
probe,upper,1,reverse,36.0579,1500.000,1210,rolling,1595.060,1286,1594.742,2.233,0,0,1783746726.821982861,0.417611,-0.256317,1.049580,-0.178817,,,0.497041,-0.449857,-0.036644,0.679,1.331
probe,upper,1,reverse,36.0797,1500.000,1210,rolling,1595.095,1286,1594.800,2.291,1,30,1783746726.919495821,0.414793,-0.275493,1.045295,-0.180305,-0.0180173,-0.0042857,0.515058,-0.467874,-0.040930,0.679,1.331
probe,upper,1,reverse,36.0817,1500.000,1210,rolling,1595.095,1286,1594.800,2.291,0,0,1783746726.919495821,0.414793,-0.275493,1.045295,-0.180305,,,0.515058,-0.467874,-0.040930,0.679,1.331
probe,upper,1,reverse,36.1033,1500.000,1210,rolling,1595.095,1286,1594.800,2.291,0,0,1783746726.919495821,0.414793,-0.275493,1.045295,-0.180305,,,0.515058,-0.467874,-0.040930,0.679,1.331
probe,upper,1,reverse,36.1248,1500.000,1210,rolling,1595.095,1286,1594.800,2.291,0,0,1783746726.919495821,0.414793,-0.275493,1.045295,-0.180305,,,0.515058,-0.467874,-0.040930,0.679,1.331
probe,upper,1,reverse,36.1463,1500.000,1210,rolling,1595.095,1286,1594.800,2.291,0,0,1783746726.919495821,0.414793,-0.275493,1.045295,-0.180305,,,0.515058,-0.467874,-0.040930,0.677,1.346
probe,upper,1,reverse,36.1580,1500.000,1210,rolling,1595.095,1286,1594.800,2.291,0,0,1783746726.919495821,0.414793,-0.275493,1.045295,-0.180305,,,0.515058,-0.467874,-0.040930,0.677,1.346
probe,upper,1,reverse,36.1799,1500.000,1210,rolling,1595.353,1287,1594.892,2.384,1,31,1783746727.020038366,0.403840,-0.284967,1.041834,-0.169291,-0.0136988,-0.0034606,0.528757,-0.481573,-0.044390,0.677,1.346
probe,upper,1,reverse,36.1876,1500.000,1210,rolling,1595.353,1287,1594.892,2.384,0,0,1783746727.020038366,0.403840,-0.284967,1.041834,-0.169291,,,0.528757,-0.481573,-0.044390,0.677,1.346
probe,upper,1,reverse,36.2092,1500.000,1210,rolling,1595.353,1287,1594.892,2.384,0,0,1783746727.020038366,0.403840,-0.284967,1.041834,-0.169291,,,0.528757,-0.481573,-0.044390,0.677,1.346
probe,upper,1,reverse,36.2307,1500.000,1210,rolling,1595.353,1287,1594.892,2.384,0,0,1783746727.020038366,0.403840,-0.284967,1.041834,-0.169291,,,0.528757,-0.481573,-0.044390,0.677,1.346
probe,upper,1,reverse,36.2523,1500.000,1210,rolling,1595.353,1287,1594.892,2.384,0,0,1783746727.020038366,0.403840,-0.284967,1.041834,-0.169291,,,0.528757,-0.481573,-0.044390,0.668,1.362
probe,upper,1,reverse,36.2587,1500.000,1210,rolling,1595.641,1287,1595.017,2.508,1,32,1783746727.120223522,0.395978,-0.294981,1.040095,-0.158446,-0.0126143,-0.0017390,0.541371,-0.494187,-0.046130,0.668,1.362
probe,upper,1,reverse,36.2736,1500.000,1210,rolling,1595.641,1287,1595.017,2.508,0,0,1783746727.120223522,0.395978,-0.294981,1.040095,-0.158446,,,0.541371,-0.494187,-0.046130,0.668,1.362
probe,upper,1,reverse,36.2953,1500.000,1210,rolling,1595.641,1287,1595.017,2.508,0,0,1783746727.120223522,0.395978,-0.294981,1.040095,-0.158446,,,0.541371,-0.494187,-0.046130,0.668,1.362
probe,upper,1,reverse,36.3168,1500.000,1210,rolling,1595.641,1287,1595.017,2.508,0,0,1783746727.120223522,0.395978,-0.294981,1.040095,-0.158446,,,0.541371,-0.494187,-0.046130,0.668,1.362
probe,upper,1,reverse,36.3384,1500.000,1210,rolling,1595.641,1287,1595.017,2.508,0,0,1783746727.120223522,0.395978,-0.294981,1.040095,-0.158446,,,0.541371,-0.494187,-0.046130,0.668,1.362
probe,upper,1,reverse,36.3599,1500.000,1210,rolling,1595.641,1287,1595.017,2.508,0,0,1783746727.120223522,0.395978,-0.294981,1.040095,-0.158446,,,0.541371,-0.494187,-0.046130,0.668,1.378
probe,upper,1,reverse,36.3624,1500.000,1210,rolling,1595.772,1287,1595.144,2.635,1,33,1783746727.220810413,0.393855,-0.312070,1.039855,-0.158133,-0.0158116,-0.0002397,0.557183,-0.509999,-0.046369,0.668,1.378
probe,upper,1,reverse,36.3816,1500.000,1210,rolling,1595.772,1287,1595.144,2.635,0,0,1783746727.220810413,0.393855,-0.312070,1.039855,-0.158133,,,0.557183,-0.509999,-0.046369,0.668,1.378
probe,upper,1,reverse,36.4032,1500.000,1210,rolling,1595.772,1287,1595.144,2.635,0,0,1783746727.220810413,0.393855,-0.312070,1.039855,-0.158133,,,0.557183,-0.509999,-0.046369,0.668,1.378
probe,upper,1,reverse,36.4247,1500.000,1210,rolling,1595.772,1287,1595.144,2.635,0,0,1783746727.220810413,0.393855,-0.312070,1.039855,-0.158133,,,0.557183,-0.509999,-0.046369,0.668,1.378
probe,upper,1,reverse,36.4462,1500.000,1210,rolling,1595.772,1287,1595.144,2.635,0,0,1783746727.220810413,0.393855,-0.312070,1.039855,-0.158133,,,0.557183,-0.509999,-0.046369,0.666,1.393
probe,upper,1,reverse,36.4623,1500.000,1210,rolling,1595.763,1287,1595.249,2.740,1,34,1783746727.323574066,0.385428,-0.329588,1.039203,-0.165729,-0.0193729,-0.0006526,0.576556,-0.529372,-0.047022,0.666,1.393
probe,upper,1,reverse,36.4838,1500.000,1210,rolling,1595.763,1287,1595.249,2.740,0,0,1783746727.323574066,0.385428,-0.329588,1.039203,-0.165729,,,0.576556,-0.529372,-0.047022,0.666,1.393
probe,upper,1,reverse,36.5055,1500.000,1210,rolling,1595.763,1287,1595.249,2.740,0,0,1783746727.323574066,0.385428,-0.329588,1.039203,-0.165729,,,0.576556,-0.529372,-0.047022,0.666,1.393
probe,upper,1,reverse,36.5270,1500.000,1210,rolling,1595.763,1287,1595.249,2.740,0,0,1783746727.323574066,0.385428,-0.329588,1.039203,-0.165729,,,0.576556,-0.529372,-0.047022,0.666,1.393
probe,upper,1,reverse,36.5488,1500.000,1210,rolling,1595.763,1287,1595.249,2.740,0,0,1783746727.323574066,0.385428,-0.329588,1.039203,-0.165729,,,0.576556,-0.529372,-0.047022,0.664,1.408
probe,upper,1,reverse,36.5623,1500.000,1210,rolling,1595.768,1287,1595.336,2.827,1,35,1783746727.424285173,0.377032,-0.346577,1.039167,-0.171216,-0.0189010,-0.0000362,0.595457,-0.548273,-0.047058,0.664,1.408
probe,upper,1,reverse,36.5703,1500.000,1210,rolling,1595.768,1287,1595.336,2.827,0,0,1783746727.424285173,0.377032,-0.346577,1.039167,-0.171216,,,0.595457,-0.548273,-0.047058,0.664,1.408
probe,upper,1,reverse,36.5922,1500.000,1210,rolling,1595.768,1287,1595.336,2.827,0,0,1783746727.424285173,0.377032,-0.346577,1.039167,-0.171216,,,0.595457,-0.548273,-0.047058,0.664,1.408
probe,upper,1,reverse,36.6139,1500.000,1210,rolling,1595.768,1287,1595.336,2.827,0,0,1783746727.424285173,0.377032,-0.346577,1.039167,-0.171216,,,0.595457,-0.548273,-0.047058,0.664,1.408
probe,upper,1,reverse,36.6357,1500.000,1210,rolling,1595.768,1287,1595.336,2.827,0,0,1783746727.424285173,0.377032,-0.346577,1.039167,-0.171216,,,0.595457,-0.548273,-0.047058,0.664,1.408
probe,upper,1,reverse,36.6574,1500.000,1210,rolling,1595.768,1287,1595.336,2.827,0,0,1783746727.424285173,0.377032,-0.346577,1.039167,-0.171216,,,0.595457,-0.548273,-0.047058,0.654,1.424
probe,upper,1,reverse,36.6631,1500.000,1210,rolling,1595.870,1287,1595.425,2.916,1,36,1783746727.524350405,0.371857,-0.362995,1.039240,-0.170323,-0.0167753,0.0000733,0.612232,-0.565048,-0.046985,0.654,1.424
probe,upper,1,reverse,36.6806,1500.000,1210,rolling,1595.870,1287,1595.425,2.916,0,0,1783746727.524350405,0.371857,-0.362995,1.039240,-0.170323,,,0.612232,-0.565048,-0.046985,0.654,1.424
probe,upper,1,reverse,36.7022,1500.000,1210,rolling,1595.870,1287,1595.425,2.916,0,0,1783746727.524350405,0.371857,-0.362995,1.039240,-0.170323,,,0.612232,-0.565048,-0.046985,0.654,1.424
probe,upper,1,reverse,36.7237,1500.000,1210,rolling,1595.870,1287,1595.425,2.916,0,0,1783746727.524350405,0.371857,-0.362995,1.039240,-0.170323,,,0.612232,-0.565048,-0.046985,0.654,1.424
probe,upper,1,reverse,36.7453,1500.000,1210,rolling,1595.870,1287,1595.425,2.916,0,0,1783746727.524350405,0.371857,-0.362995,1.039240,-0.170323,,,0.612232,-0.565048,-0.046985,0.656,1.444
probe,upper,1,reverse,36.7632,1500.000,1210,rolling,1596.111,1287,1595.540,3.031,1,37,1783746727.625143528,0.361226,-0.372748,1.035940,-0.161977,-0.0138026,-0.0033000,0.626034,-0.578851,-0.050285,0.656,1.444
probe,upper,1,reverse,36.7830,1500.000,1210,rolling,1596.111,1287,1595.540,3.031,0,0,1783746727.625143528,0.361226,-0.372748,1.035940,-0.161977,,,0.626034,-0.578851,-0.050285,0.656,1.444
probe,upper,1,reverse,36.8047,1500.000,1210,rolling,1596.111,1287,1595.540,3.031,0,0,1783746727.625143528,0.361226,-0.372748,1.035940,-0.161977,,,0.626034,-0.578851,-0.050285,0.656,1.444
probe,upper,1,reverse,36.8263,1500.000,1210,rolling,1596.111,1287,1595.540,3.031,0,0,1783746727.625143528,0.361226,-0.372748,1.035940,-0.161977,,,0.626034,-0.578851,-0.050285,0.656,1.444
probe,upper,1,reverse,36.8478,1500.000,1210,rolling,1596.111,1287,1595.540,3.031,0,0,1783746727.625143528,0.361226,-0.372748,1.035940,-0.161977,,,0.626034,-0.578851,-0.050285,0.647,1.464
probe,upper,1,reverse,36.8638,1500.000,1210,rolling,1596.082,1287,1595.631,3.122,1,38,1783746727.725174189,0.346734,-0.386660,1.032626,-0.169880,-0.0193650,-0.0033136,0.645399,-0.598216,-0.053598,0.647,1.464
probe,upper,1,reverse,36.8747,1500.000,1210,rolling,1596.082,1287,1595.631,3.122,0,0,1783746727.725174189,0.346734,-0.386660,1.032626,-0.169880,,,0.645399,-0.598216,-0.053598,0.647,1.464
probe,upper,1,reverse,36.8964,1500.000,1210,rolling,1596.082,1287,1595.631,3.122,0,0,1783746727.725174189,0.346734,-0.386660,1.032626,-0.169880,,,0.645399,-0.598216,-0.053598,0.647,1.464
probe,upper,1,reverse,36.9179,1500.000,1210,rolling,1596.082,1287,1595.631,3.122,0,0,1783746727.725174189,0.346734,-0.386660,1.032626,-0.169880,,,0.645399,-0.598216,-0.053598,0.647,1.464
probe,upper,1,reverse,36.9394,1500.000,1210,rolling,1596.082,1287,1595.631,3.122,0,0,1783746727.725174189,0.346734,-0.386660,1.032626,-0.169880,,,0.645399,-0.598216,-0.053598,0.628,1.485
probe,upper,1,reverse,36.9614,1500.000,1210,rolling,1596.029,1287,1595.697,3.189,1,39,1783746727.825852871,0.338274,-0.405296,1.030106,-0.177905,-0.0203351,-0.0025199,0.665735,-0.618551,-0.056118,0.628,1.485
probe,upper,1,reverse,36.9830,1500.000,1210,rolling,1596.029,1287,1595.697,3.189,0,0,1783746727.825852871,0.338274,-0.405296,1.030106,-0.177905,,,0.665735,-0.618551,-0.056118,0.628,1.485
probe,upper,1,reverse,37.0046,1500.000,1210,rolling,1596.029,1287,1595.697,3.189,0,0,1783746727.825852871,0.338274,-0.405296,1.030106,-0.177905,,,0.665735,-0.618551,-0.056118,0.628,1.485
probe,upper,1,reverse,37.0261,1500.000,1210,rolling,1596.029,1287,1595.697,3.189,0,0,1783746727.825852871,0.338274,-0.405296,1.030106,-0.177905,,,0.665735,-0.618551,-0.056118,0.628,1.485
probe,upper,1,reverse,37.0478,1500.000,1210,rolling,1596.029,1287,1595.697,3.189,0,0,1783746727.825852871,0.338274,-0.405296,1.030106,-0.177905,,,0.665735,-0.618551,-0.056118,0.625,1.503
probe,upper,1,reverse,37.0618,1500.000,1210,rolling,1595.954,1287,1595.739,3.231,1,40,1783746727.923545361,0.325957,-0.421712,1.028351,-0.185674,-0.0204159,-0.0017548,0.686151,-0.638967,-0.057873,0.625,1.503
probe,upper,1,reverse,37.0716,1500.000,1210,rolling,1595.954,1287,1595.739,3.231,0,0,1783746727.923545361,0.325957,-0.421712,1.028351,-0.185674,,,0.686151,-0.638967,-0.057873,0.625,1.503
probe,upper,1,reverse,37.0933,1500.000,1210,rolling,1595.954,1287,1595.739,3.231,0,0,1783746727.923545361,0.325957,-0.421712,1.028351,-0.185674,,,0.686151,-0.638967,-0.057873,0.625,1.503
probe,upper,1,reverse,37.1148,1500.000,1210,rolling,1595.954,1287,1595.739,3.231,0,0,1783746727.923545361,0.325957,-0.421712,1.028351,-0.185674,,,0.686151,-0.638967,-0.057873,0.625,1.503
probe,upper,1,reverse,37.1363,1500.000,1210,rolling,1595.954,1287,1595.739,3.231,0,0,1783746727.923545361,0.325957,-0.421712,1.028351,-0.185674,,,0.686151,-0.638967,-0.057873,0.625,1.503
probe,upper,1,reverse,37.1578,1500.000,1210,rolling,1595.954,1287,1595.739,3.231,0,0,1783746727.923545361,0.325957,-0.421712,1.028351,-0.185674,,,0.686151,-0.638967,-0.057873,0.618,1.525
probe,upper,1,reverse,37.1621,1500.000,1210,rolling,1595.716,1287,1595.736,3.227,1,41,1783746728.023716211,0.314331,-0.443716,1.030903,-0.201272,-0.0248490,0.0025520,0.711000,-0.663816,-0.055321,0.618,1.525
probe,upper,1,reverse,37.1830,1500.000,1210,rolling,1595.716,1287,1595.736,3.227,0,0,1783746728.023716211,0.314331,-0.443716,1.030903,-0.201272,,,0.711000,-0.663816,-0.055321,0.618,1.525
probe,upper,1,reverse,37.2047,1500.000,1210,rolling,1595.716,1287,1595.736,3.227,0,0,1783746728.023716211,0.314331,-0.443716,1.030903,-0.201272,,,0.711000,-0.663816,-0.055321,0.618,1.525
probe,upper,1,reverse,37.2263,1500.000,1210,rolling,1595.716,1287,1595.736,3.227,0,0,1783746728.023716211,0.314331,-0.443716,1.030903,-0.201272,,,0.711000,-0.663816,-0.055321,0.618,1.525
probe,upper,1,reverse,37.2479,1500.000,1210,rolling,1595.716,1287,1595.736,3.227,0,0,1783746728.023716211,0.314331,-0.443716,1.030903,-0.201272,,,0.711000,-0.663816,-0.055321,0.618,1.543
probe,upper,1,reverse,37.2604,1500.000,1210,rolling,1595.562,1287,1595.706,3.198,1,42,1783746728.124307394,0.306122,-0.466331,1.029388,-0.209644,-0.0236149,-0.0015156,0.734614,-0.687431,-0.056837,0.618,1.543
probe,upper,1,reverse,37.2782,1500.000,1210,rolling,1595.562,1287,1595.706,3.198,0,0,1783746728.124307394,0.306122,-0.466331,1.029388,-0.209644,,,0.734614,-0.687431,-0.056837,0.618,1.543
probe,upper,1,reverse,37.3000,1500.000,1210,rolling,1595.562,1287,1595.706,3.198,0,0,1783746728.124307394,0.306122,-0.466331,1.029388,-0.209644,,,0.734614,-0.687431,-0.056837,0.618,1.543
probe,upper,1,reverse,37.3216,1500.000,1210,rolling,1595.562,1287,1595.706,3.198,0,0,1783746728.124307394,0.306122,-0.466331,1.029388,-0.209644,,,0.734614,-0.687431,-0.056837,0.618,1.543
probe,upper,1,reverse,37.3431,1500.000,1210,rolling,1595.562,1287,1595.706,3.198,0,0,1783746728.124307394,0.306122,-0.466331,1.029388,-0.209644,,,0.734614,-0.687431,-0.056837,0.608,1.562
probe,upper,1,reverse,37.3606,1500.000,1210,rolling,1595.710,1287,1595.707,3.198,1,43,1783746728.222288132,0.293658,-0.478307,1.027701,-0.199817,-0.0166896,-0.0016864,0.751304,-0.704120,-0.058523,0.608,1.562
probe,upper,1,reverse,37.3796,1500.000,1210,rolling,1595.710,1287,1595.707,3.198,0,0,1783746728.222288132,0.293658,-0.478307,1.027701,-0.199817,,,0.751304,-0.704120,-0.058523,0.608,1.562
probe,upper,1,reverse,37.4012,1500.000,1210,rolling,1595.710,1287,1595.707,3.198,0,0,1783746728.222288132,0.293658,-0.478307,1.027701,-0.199817,,,0.751304,-0.704120,-0.058523,0.608,1.562
probe,upper,1,reverse,37.4228,1500.000,1210,rolling,1595.710,1287,1595.707,3.198,0,0,1783746728.222288132,0.293658,-0.478307,1.027701,-0.199817,,,0.751304,-0.704120,-0.058523,0.608,1.562
probe,upper,1,reverse,37.4443,1500.000,1210,rolling,1595.710,1287,1595.707,3.198,0,0,1783746728.222288132,0.293658,-0.478307,1.027701,-0.199817,,,0.751304,-0.704120,-0.058523,1.304,1.582
probe,upper,1,reverse,37.4605,1500.000,1210,rolling,1595.732,1287,1595.711,3.202,1,44,1783746728.322654009,0.281850,-0.494038,1.025726,-0.198617,-0.0195728,-0.0019749,0.770877,-0.723693,-0.060498,1.304,1.582
search,lower,2,forward,39.7586,1350.000,1089,startup,1417.713,1143,1414.953,-4.431,1,1,1783746730.621497869,0.259724,-0.532170,1.022012,-0.007640,-0.0018580,0.0006676,0.001858,0.000000,0.000000,1.269,1.610
search,lower,2,forward,39.7773,1350.000,1089,startup,1417.713,1143,1414.953,-4.431,0,0,1783746730.621497869,0.259724,-0.532170,1.022012,-0.007640,,,0.001858,0.000000,0.000000,1.269,1.610
search,lower,2,forward,39.7993,1350.000,1089,startup,1417.713,1143,1414.953,-4.431,0,0,1783746730.621497869,0.259724,-0.532170,1.022012,-0.007640,,,0.001858,0.000000,0.000000,1.269,1.610
search,lower,2,forward,39.8211,1350.000,1089,startup,1417.713,1143,1414.953,-4.431,0,0,1783746730.621497869,0.259724,-0.532170,1.022012,-0.007640,,,0.001858,0.000000,0.000000,1.269,1.610
search,lower,2,forward,39.8427,1350.000,1089,startup,1417.713,1143,1414.953,-4.431,0,0,1783746730.621497869,0.259724,-0.532170,1.022012,-0.007640,,,0.001858,0.000000,0.000000,1.268,1.608
search,lower,2,forward,39.8577,1350.000,1089,startup,1416.473,1142,1414.953,-4.431,1,2,1783746730.721949100,0.259295,-0.533224,1.021146,-0.008524,-0.0011225,-0.0008653,0.002981,0.000000,0.000000,1.268,1.608
search,lower,2,forward,39.8699,1350.000,1089,startup,1416.473,1142,1414.953,-4.431,0,0,1783746730.721949100,0.259295,-0.533224,1.021146,-0.008524,,,0.002981,0.000000,0.000000,1.268,1.608
search,lower,2,forward,39.8915,1350.000,1089,startup,1416.473,1142,1414.953,-4.431,0,0,1783746730.721949100,0.259295,-0.533224,1.021146,-0.008524,,,0.002981,0.000000,0.000000,1.268,1.608
search,lower,2,forward,39.9130,1350.000,1089,startup,1416.473,1142,1414.953,-4.431,0,0,1783746730.721949100,0.259295,-0.533224,1.021146,-0.008524,,,0.002981,0.000000,0.000000,1.268,1.608
search,lower,2,forward,39.9345,1350.000,1089,startup,1416.473,1142,1414.953,-4.431,0,0,1783746730.721949100,0.259295,-0.533224,1.021146,-0.008524,,,0.002981,0.000000,0.000000,1.268,1.608
search,lower,2,forward,39.9561,1350.000,1089,startup,1416.473,1142,1414.953,-4.431,0,0,1783746730.721949100,0.259295,-0.533224,1.021146,-0.008524,,,0.002981,0.000000,0.000000,1.271,1.605
search,lower,2,forward,39.9586,1350.000,1089,startup,1415.233,1141,1414.953,-4.431,1,3,1783746730.819873095,0.262459,-0.529805,1.019418,0.005271,0.0045685,-0.0017286,0.007549,0.000000,0.000000,1.271,1.605
search,lower,2,forward,39.9764,1350.000,1089,startup,1415.233,1141,1414.953,-4.431,0,0,1783746730.819873095,0.262459,-0.529805,1.019418,0.005271,,,0.007549,0.000000,0.000000,1.271,1.605
search,lower,2,forward,39.9980,1350.000,1089,startup,1415.233,1141,1414.953,-4.431,0,0,1783746730.819873095,0.262459,-0.529805,1.019418,0.005271,,,0.007549,0.000000,0.000000,1.271,1.605
search,lower,2,forward,40.0195,1350.000,1089,startup,1415.233,1141,1414.953,-4.431,0,0,1783746730.819873095,0.262459,-0.529805,1.019418,0.005271,,,0.007549,0.000000,0.000000,1.271,1.605
search,lower,2,forward,40.0410,1350.000,1089,startup,1415.233,1141,1414.953,-4.431,0,0,1783746730.819873095,0.262459,-0.529805,1.019418,0.005271,,,0.007549,0.000000,0.000000,1.278,1.599
search,lower,2,forward,40.0585,1350.000,1089,startup,1413.993,1140,1414.953,-4.431,1,4,1783746730.920496225,0.266471,-0.525174,1.018028,0.018977,0.0060471,-0.0013901,0.013596,0.000000,0.000000,1.278,1.599
search,lower,2,forward,40.0652,1350.000,1089,startup,1413.993,1140,1414.953,-4.431,0,0,1783746730.920496225,0.266471,-0.525174,1.018028,0.018977,,,0.013596,0.000000,0.000000,1.278,1.599
search,lower,2,forward,40.0869,1350.000,1089,startup,1413.993,1140,1414.953,-4.431,0,0,1783746730.920496225,0.266471,-0.525174,1.018028,0.018977,,,0.013596,0.000000,0.000000,1.278,1.599
search,lower,2,forward,40.1085,1350.000,1089,startup,1413.993,1140,1414.953,-4.431,0,0,1783746730.920496225,0.266471,-0.525174,1.018028,0.018977,,,0.013596,0.000000,0.000000,1.278,1.599
search,lower,2,forward,40.1300,1350.000,1089,startup,1413.993,1140,1414.953,-4.431,0,0,1783746730.920496225,0.266471,-0.525174,1.018028,0.018977,,,0.013596,0.000000,0.000000,1.278,1.599
search,lower,2,forward,40.1515,1350.000,1089,startup,1413.993,1140,1414.953,-4.431,0,0,1783746730.920496225,0.266471,-0.525174,1.018028,0.018977,,,0.013596,0.000000,0.000000,1.284,1.592
search,lower,2,forward,40.1563,1350.000,1089,startup,1410.893,1138,1414.953,-4.431,1,5,1783746731.020426273,0.273385,-0.518668,1.016849,0.037171,0.0091689,-0.0011790,0.022765,0.000000,0.000000,1.284,1.592
search,lower,2,forward,40.1693,1350.000,1089,startup,1410.893,1138,1414.953,-4.431,0,0,1783746731.020426273,0.273385,-0.518668,1.016849,0.037171,,,0.022765,0.000000,0.000000,1.284,1.592
search,lower,2,forward,40.1909,1350.000,1089,startup,1410.893,1138,1414.953,-4.431,0,0,1783746731.020426273,0.273385,-0.518668,1.016849,0.037171,,,0.022765,0.000000,0.000000,1.284,1.592
search,lower,2,forward,40.2125,1350.000,1089,startup,1410.893,1138,1414.953,-4.431,0,0,1783746731.020426273,0.273385,-0.518668,1.016849,0.037171,,,0.022765,0.000000,0.000000,1.284,1.592
search,lower,2,forward,40.2340,1350.000,1089,startup,1410.893,1138,1414.953,-4.431,0,0,1783746731.020426273,0.273385,-0.518668,1.016849,0.037171,,,0.022765,0.000000,0.000000,1.284,1.592
search,lower,2,forward,40.2556,1350.000,1089,startup,1410.893,1138,1414.953,-4.431,0,0,1783746731.020426273,0.273385,-0.518668,1.016849,0.037171,,,0.022765,0.000000,0.000000,1.288,1.584
search,lower,2,forward,40.2581,1350.000,1089,startup,1407.793,1135,1414.953,-4.431,1,6,1783746731.118416309,0.279845,-0.512588,1.015728,0.049743,0.0085700,-0.0011202,0.031335,0.000000,0.000000,1.288,1.584
search,lower,2,forward,40.2693,1350.000,1089,startup,1407.793,1135,1414.953,-4.431,0,0,1783746731.118416309,0.279845,-0.512588,1.015728,0.049743,,,0.031335,0.000000,0.000000,1.288,1.584
search,lower,2,forward,40.2909,1350.000,1089,startup,1407.793,1135,1414.953,-4.431,0,0,1783746731.118416309,0.279845,-0.512588,1.015728,0.049743,,,0.031335,0.000000,0.000000,1.288,1.584
search,lower,2,forward,40.3124,1350.000,1089,startup,1407.793,1135,1414.953,-4.431,0,0,1783746731.118416309,0.279845,-0.512588,1.015728,0.049743,,,0.031335,0.000000,0.000000,1.288,1.584
search,lower,2,forward,40.3339,1350.000,1089,startup,1407.793,1135,1414.953,-4.431,0,0,1783746731.118416309,0.279845,-0.512588,1.015728,0.049743,,,0.031335,0.000000,0.000000,1.288,1.584
search,lower,2,forward,40.3554,1350.000,1089,startup,1407.793,1135,1414.953,-4.431,0,0,1783746731.118416309,0.279845,-0.512588,1.015728,0.049743,,,0.031335,0.000000,0.000000,1.296,1.574
search,lower,2,forward,40.3582,1350.000,1089,startup,1404.693,1133,1414.953,-4.431,1,7,1783746731.218740940,0.280392,-0.508960,1.016468,0.045710,0.0033720,0.0007398,0.034707,0.000000,0.000000,1.296,1.574
search,lower,2,forward,40.3728,1350.000,1089,startup,1404.693,1133,1414.953,-4.431,0,0,1783746731.218740940,0.280392,-0.508960,1.016468,0.045710,,,0.034707,0.000000,0.000000,1.296,1.574
search,lower,2,forward,40.3944,1350.000,1089,startup,1404.693,1133,1414.953,-4.431,0,0,1783746731.218740940,0.280392,-0.508960,1.016468,0.045710,,,0.034707,0.000000,0.000000,1.296,1.574
search,lower,2,forward,40.4159,1350.000,1089,startup,1404.693,1133,1414.953,-4.431,0,0,1783746731.218740940,0.280392,-0.508960,1.016468,0.045710,,,0.034707,0.000000,0.000000,1.296,1.574
search,lower,2,forward,40.4374,1350.000,1089,startup,1404.693,1133,1414.953,-4.431,0,0,1783746731.218740940,0.280392,-0.508960,1.016468,0.045710,,,0.034707,0.000000,0.000000,1.311,1.556
search,lower,2,forward,40.4578,1350.000,1089,rolling,1414.953,1141,1414.953,-4.431,1,8,1783746731.319392681,0.284864,-0.495425,1.016817,0.068714,0.0138626,0.0003491,0.048570,0.000000,0.000000,1.311,1.556
search,lower,2,forward,40.4731,1350.000,1089,rolling,1414.953,1141,1414.953,-4.431,0,0,1783746731.319392681,0.284864,-0.495425,1.016817,0.068714,,,0.048570,0.000000,0.000000,1.311,1.556
search,lower,2,forward,40.4948,1350.000,1089,rolling,1414.953,1141,1414.953,-4.431,0,0,1783746731.319392681,0.284864,-0.495425,1.016817,0.068714,,,0.048570,0.000000,0.000000,1.311,1.556
search,lower,2,forward,40.5163,1350.000,1089,rolling,1414.953,1141,1414.953,-4.431,0,0,1783746731.319392681,0.284864,-0.495425,1.016817,0.068714,,,0.048570,0.000000,0.000000,1.311,1.556
search,lower,2,forward,40.5380,1350.000,1089,rolling,1414.953,1141,1414.953,-4.431,0,0,1783746731.319392681,0.284864,-0.495425,1.016817,0.068714,,,0.048570,0.000000,0.000000,1.332,1.536
search,lower,2,forward,40.5556,1350.000,1089,rolling,1412.570,1139,1414.641,-4.743,1,9,1783746731.419989109,0.291193,-0.478076,1.011816,0.096455,0.0180750,-0.0050009,0.066645,0.000000,0.000000,1.332,1.536
search,lower,2,forward,40.5742,1350.000,1089,rolling,1412.570,1139,1414.641,-4.743,0,0,1783746731.419989109,0.291193,-0.478076,1.011816,0.096455,,,0.066645,0.000000,0.000000,1.332,1.536
search,lower,2,forward,40.5960,1350.000,1089,rolling,1412.570,1139,1414.641,-4.743,0,0,1783746731.419989109,0.291193,-0.478076,1.011816,0.096455,,,0.066645,0.000000,0.000000,1.332,1.536
search,lower,2,forward,40.6177,1350.000,1089,rolling,1412.570,1139,1414.641,-4.743,0,0,1783746731.419989109,0.291193,-0.478076,1.011816,0.096455,,,0.066645,0.000000,0.000000,1.332,1.536
search,lower,2,forward,40.6392,1350.000,1089,rolling,1412.570,1139,1414.641,-4.743,0,0,1783746731.419989109,0.291193,-0.478076,1.011816,0.096455,,,0.066645,0.000000,0.000000,0.629,1.515
search,lower,2,forward,40.6557,1350.000,1089,rolling,1412.570,1139,1414.641,-4.743,0,0,1783746731.419989109,0.291193,-0.478076,1.011816,0.096455,,,0.066645,0.000000,0.000000,0.629,1.515
search,lower,2,forward,40.6776,1350.000,1089,rolling,1413.421,1140,1414.485,-4.899,1,10,1783746731.517510414,0.309079,-0.455018,1.006008,0.146791,0.0290416,-0.0058080,0.095686,0.029042,-0.005808,0.629,1.515
search,lower,2,forward,40.6819,1350.000,1089,rolling,1413.421,1140,1414.485,-4.899,0,0,1783746731.517510414,0.309079,-0.455018,1.006008,0.146791,,,0.095686,0.029042,-0.005808,0.629,1.515
search,lower,2,forward,40.7035,1350.000,1089,rolling,1413.421,1140,1414.485,-4.899,0,0,1783746731.517510414,0.309079,-0.455018,1.006008,0.146791,,,0.095686,0.029042,-0.005808,0.629,1.515
search,lower,2,forward,40.7253,1350.000,1089,rolling,1413.421,1140,1414.485,-4.899,0,0,1783746731.517510414,0.309079,-0.455018,1.006008,0.146791,,,0.095686,0.029042,-0.005808,0.629,1.515
search,lower,2,forward,40.7471,1350.000,1089,rolling,1413.421,1140,1414.485,-4.899,0,0,1783746731.517510414,0.309079,-0.455018,1.006008,0.146791,,,0.095686,0.029042,-0.005808,0.627,1.497
search,lower,2,forward,40.7569,1350.000,1089,rolling,1413.730,1140,1414.386,-4.998,1,11,1783746731.617805243,0.320033,-0.434832,0.998827,0.167196,0.0229084,-0.0071812,0.118595,0.051950,-0.012989,0.627,1.497
search,lower,2,forward,40.7779,1350.000,1089,rolling,1413.730,1140,1414.386,-4.998,0,0,1783746731.617805243,0.320033,-0.434832,0.998827,0.167196,,,0.118595,0.051950,-0.012989,0.627,1.497
search,lower,2,forward,40.7998,1350.000,1089,rolling,1413.730,1140,1414.386,-4.998,0,0,1783746731.617805243,0.320033,-0.434832,0.998827,0.167196,,,0.118595,0.051950,-0.012989,0.627,1.497
search,lower,2,forward,40.8213,1350.000,1089,rolling,1413.730,1140,1414.386,-4.998,0,0,1783746731.617805243,0.320033,-0.434832,0.998827,0.167196,,,0.118595,0.051950,-0.012989,0.627,1.497
search,lower,2,forward,40.8429,1350.000,1089,rolling,1413.730,1140,1414.386,-4.998,0,0,1783746731.617805243,0.320033,-0.434832,0.998827,0.167196,,,0.118595,0.051950,-0.012989,0.629,1.484
search,lower,2,forward,40.8571,1350.000,1089,rolling,1413.634,1140,1414.287,-5.097,1,12,1783746731.718904495,0.328610,-0.420177,0.996861,0.167347,0.0169644,-0.0019657,0.135559,0.068914,-0.014955,0.629,1.484
search,lower,2,forward,40.8724,1350.000,1089,rolling,1413.634,1140,1414.287,-5.097,0,0,1783746731.718904495,0.328610,-0.420177,0.996861,0.167347,,,0.135559,0.068914,-0.014955,0.629,1.484
search,lower,2,forward,40.8941,1350.000,1089,rolling,1413.634,1140,1414.287,-5.097,0,0,1783746731.718904495,0.328610,-0.420177,0.996861,0.167347,,,0.135559,0.068914,-0.014955,0.629,1.484
search,lower,2,forward,40.9156,1350.000,1089,rolling,1413.634,1140,1414.287,-5.097,0,0,1783746731.718904495,0.328610,-0.420177,0.996861,0.167347,,,0.135559,0.068914,-0.014955,0.629,1.484
search,lower,2,forward,40.9373,1350.000,1089,rolling,1413.634,1140,1414.287,-5.097,0,0,1783746731.718904495,0.328610,-0.420177,0.996861,0.167347,,,0.135559,0.068914,-0.014955,0.637,1.469
search,lower,2,forward,40.9549,1350.000,1089,rolling,1413.287,1140,1414.157,-5.227,1,13,1783746731.819043636,0.335423,-0.409784,0.995113,0.156534,0.0124270,-0.0017480,0.147986,0.081341,-0.016703,0.637,1.469
search,lower,2,forward,40.9692,1350.000,1089,rolling,1413.287,1140,1414.157,-5.227,0,0,1783746731.819043636,0.335423,-0.409784,0.995113,0.156534,,,0.147986,0.081341,-0.016703,0.637,1.469
search,lower,2,forward,40.9909,1350.000,1089,rolling,1413.287,1140,1414.157,-5.227,0,0,1783746731.819043636,0.335423,-0.409784,0.995113,0.156534,,,0.147986,0.081341,-0.016703,0.637,1.469
search,lower,2,forward,41.0126,1350.000,1089,rolling,1413.287,1140,1414.157,-5.227,0,0,1783746731.819043636,0.335423,-0.409784,0.995113,0.156534,,,0.147986,0.081341,-0.016703,0.637,1.469
search,lower,2,forward,41.0343,1350.000,1089,rolling,1413.287,1140,1414.157,-5.227,0,0,1783746731.819043636,0.335423,-0.409784,0.995113,0.156534,,,0.147986,0.081341,-0.016703,0.638,1.452
search,lower,2,forward,41.0553,1350.000,1089,rolling,1413.094,1140,1414.021,-5.363,1,14,1783746731.916983128,0.340965,-0.396431,0.992955,0.153687,0.0142154,-0.0021586,0.162201,0.095557,-0.018862,0.638,1.452
search,lower,2,forward,41.0748,1350.000,1089,rolling,1413.094,1140,1414.021,-5.363,0,0,1783746731.916983128,0.340965,-0.396431,0.992955,0.153687,,,0.162201,0.095557,-0.018862,0.638,1.452
search,lower,2,forward,41.0964,1350.000,1089,rolling,1413.094,1140,1414.021,-5.363,0,0,1783746731.916983128,0.340965,-0.396431,0.992955,0.153687,,,0.162201,0.095557,-0.018862,0.638,1.452
search,lower,2,forward,41.1179,1350.000,1089,rolling,1413.094,1140,1414.021,-5.363,0,0,1783746731.916983128,0.340965,-0.396431,0.992955,0.153687,,,0.162201,0.095557,-0.018862,0.638,1.452
search,lower,2,forward,41.1395,1350.000,1089,rolling,1413.094,1140,1414.021,-5.363,0,0,1783746731.916983128,0.340965,-0.396431,0.992955,0.153687,,,0.162201,0.095557,-0.018862,0.650,1.436
search,lower,2,forward,41.1555,1350.000,1089,rolling,1412.938,1139,1413.879,-5.505,1,15,1783746732.017289400,0.351054,-0.384959,0.988653,0.152961,0.0151247,-0.0043023,0.177326,0.110681,-0.023164,0.650,1.436
search,lower,2,forward,41.1669,1350.000,1089,rolling,1412.938,1139,1413.879,-5.505,0,0,1783746732.017289400,0.351054,-0.384959,0.988653,0.152961,,,0.177326,0.110681,-0.023164,0.650,1.436
search,lower,2,forward,41.1886,1350.000,1089,rolling,1412.938,1139,1413.879,-5.505,0,0,1783746732.017289400,0.351054,-0.384959,0.988653,0.152961,,,0.177326,0.110681,-0.023164,0.650,1.436
search,lower,2,forward,41.2101,1350.000,1089,rolling,1412.938,1139,1413.879,-5.505,0,0,1783746732.017289400,0.351054,-0.384959,0.988653,0.152961,,,0.177326,0.110681,-0.023164,0.650,1.436
search,lower,2,forward,41.2317,1350.000,1089,rolling,1412.938,1139,1413.879,-5.505,0,0,1783746732.017289400,0.351054,-0.384959,0.988653,0.152961,,,0.177326,0.110681,-0.023164,0.650,1.436
search,lower,2,forward,41.2532,1350.000,1089,rolling,1412.938,1139,1413.879,-5.505,0,0,1783746732.017289400,0.351054,-0.384959,0.988653,0.152961,,,0.177326,0.110681,-0.023164,0.664,1.417
search,lower,2,forward,41.2562,1350.000,1089,rolling,1413.044,1140,1413.770,-5.614,1,16,1783746732.117636919,0.362123,-0.368693,0.981995,0.163735,0.0196736,-0.0066580,0.197000,0.130355,-0.029822,0.664,1.417
search,lower,2,forward,41.2723,1350.000,1089,rolling,1413.044,1140,1413.770,-5.614,0,0,1783746732.117636919,0.362123,-0.368693,0.981995,0.163735,,,0.197000,0.130355,-0.029822,0.664,1.417
search,lower,2,forward,41.2939,1350.000,1089,rolling,1413.044,1140,1413.770,-5.614,0,0,1783746732.117636919,0.362123,-0.368693,0.981995,0.163735,,,0.197000,0.130355,-0.029822,0.664,1.417
search,lower,2,forward,41.3154,1350.000,1089,rolling,1413.044,1140,1413.770,-5.614,0,0,1783746732.117636919,0.362123,-0.368693,0.981995,0.163735,,,0.197000,0.130355,-0.029822,0.664,1.417
search,lower,2,forward,41.3369,1350.000,1089,rolling,1413.044,1140,1413.770,-5.614,0,0,1783746732.117636919,0.362123,-0.368693,0.981995,0.163735,,,0.197000,0.130355,-0.029822,0.679,1.399
search,lower,2,forward,41.3540,1350.000,1089,rolling,1413.270,1140,1413.704,-5.680,1,17,1783746732.218298912,0.371454,-0.348044,0.974309,0.178284,0.0223400,-0.0076858,0.219340,0.152695,-0.037508,0.679,1.399
search,lower,2,forward,41.3628,1350.000,1089,rolling,1413.270,1140,1413.704,-5.680,0,0,1783746732.218298912,0.371454,-0.348044,0.974309,0.178284,,,0.219340,0.152695,-0.037508,0.679,1.399
search,lower,2,forward,41.3844,1350.000,1089,rolling,1413.270,1140,1413.704,-5.680,0,0,1783746732.218298912,0.371454,-0.348044,0.974309,0.178284,,,0.219340,0.152695,-0.037508,0.679,1.399
search,lower,2,forward,41.4060,1350.000,1089,rolling,1413.270,1140,1413.704,-5.680,0,0,1783746732.218298912,0.371454,-0.348044,0.974309,0.178284,,,0.219340,0.152695,-0.037508,0.679,1.399
search,lower,2,forward,41.4274,1350.000,1089,rolling,1413.270,1140,1413.704,-5.680,0,0,1783746732.218298912,0.371454,-0.348044,0.974309,0.178284,,,0.219340,0.152695,-0.037508,0.679,1.399
search,lower,2,forward,41.4491,1350.000,1089,rolling,1413.270,1140,1413.704,-5.680,0,0,1783746732.218298912,0.371454,-0.348044,0.974309,0.178284,,,0.219340,0.152695,-0.037508,0.683,1.382
search,lower,2,forward,41.4540,1350.000,1089,rolling,1413.409,1140,1413.667,-5.717,1,18,1783746732.315858841,0.382637,-0.330440,0.968737,0.187124,0.0208430,-0.0055715,0.240183,0.173538,-0.043079,0.683,1.382
search,lower,2,forward,41.4703,1350.000,1089,rolling,1413.409,1140,1413.667,-5.717,0,0,1783746732.315858841,0.382637,-0.330440,0.968737,0.187124,,,0.240183,0.173538,-0.043079,0.683,1.382
search,lower,2,forward,41.4919,1350.000,1089,rolling,1413.409,1140,1413.667,-5.717,0,0,1783746732.315858841,0.382637,-0.330440,0.968737,0.187124,,,0.240183,0.173538,-0.043079,0.683,1.382
search,lower,2,forward,41.5135,1350.000,1089,rolling,1413.409,1140,1413.667,-5.717,0,0,1783746732.315858841,0.382637,-0.330440,0.968737,0.187124,,,0.240183,0.173538,-0.043079,0.683,1.382
search,lower,2,forward,41.5351,1350.000,1089,rolling,1413.409,1140,1413.667,-5.717,0,0,1783746732.315858841,0.382637,-0.330440,0.968737,0.187124,,,0.240183,0.173538,-0.043079,0.686,1.366
search,lower,2,forward,41.5543,1350.000,1089,rolling,1413.521,1140,1413.647,-5.736,1,19,1783746732.416251421,0.393924,-0.312209,0.963048,0.193671,0.0214152,-0.0056890,0.261598,0.194953,-0.048768,0.686,1.366
search,lower,2,forward,41.5660,1350.000,1089,rolling,1413.521,1140,1413.647,-5.736,0,0,1783746732.416251421,0.393924,-0.312209,0.963048,0.193671,,,0.261598,0.194953,-0.048768,0.686,1.366
search,lower,2,forward,41.5876,1350.000,1089,rolling,1413.521,1140,1413.647,-5.736,0,0,1783746732.416251421,0.393924,-0.312209,0.963048,0.193671,,,0.261598,0.194953,-0.048768,0.686,1.366
search,lower,2,forward,41.6091,1350.000,1089,rolling,1413.521,1140,1413.647,-5.736,0,0,1783746732.416251421,0.393924,-0.312209,0.963048,0.193671,,,0.261598,0.194953,-0.048768,0.686,1.366
search,lower,2,forward,41.6306,1350.000,1089,rolling,1413.521,1140,1413.647,-5.736,0,0,1783746732.416251421,0.393924,-0.312209,0.963048,0.193671,,,0.261598,0.194953,-0.048768,0.686,1.366
search,lower,2,forward,41.6521,1350.000,1089,rolling,1413.521,1140,1413.647,-5.736,0,0,1783746732.416251421,0.393924,-0.312209,0.963048,0.193671,,,0.261598,0.194953,-0.048768,0.692,1.350
search,lower,2,forward,41.6551,1350.000,1089,rolling,1413.560,1140,1413.636,-5.748,1,20,1783746732.516445637,0.407579,-0.296845,0.957292,0.196197,0.0204168,-0.0057566,0.282015,0.215370,-0.054525,0.692,1.350
search,lower,2,forward,41.6663,1350.000,1089,rolling,1413.560,1140,1413.636,-5.748,0,0,1783746732.516445637,0.407579,-0.296845,0.957292,0.196197,,,0.282015,0.215370,-0.054525,0.692,1.350
search,lower,2,forward,41.6880,1350.000,1089,rolling,1413.560,1140,1413.636,-5.748,0,0,1783746732.516445637,0.407579,-0.296845,0.957292,0.196197,,,0.282015,0.215370,-0.054525,0.692,1.350
search,lower,2,forward,41.7095,1350.000,1089,rolling,1413.560,1140,1413.636,-5.748,0,0,1783746732.516445637,0.407579,-0.296845,0.957292,0.196197,,,0.282015,0.215370,-0.054525,0.692,1.350
search,lower,2,forward,41.7311,1350.000,1089,rolling,1413.560,1140,1413.636,-5.748,0,0,1783746732.516445637,0.407579,-0.296845,0.957292,0.196197,,,0.282015,0.215370,-0.054525,0.692,1.350
search,lower,2,forward,41.7526,1350.000,1089,rolling,1413.560,1140,1413.636,-5.748,0,0,1783746732.516445637,0.407579,-0.296845,0.957292,0.196197,,,0.282015,0.215370,-0.054525,0.697,1.334
search,lower,2,forward,41.7555,1350.000,1089,rolling,1413.444,1140,1413.611,-5.773,1,21,1783746732.616892576,0.415205,-0.280327,0.952244,0.191669,0.0178882,-0.0050477,0.299903,0.233258,-0.059572,0.697,1.334
search,lower,2,forward,41.7735,1350.000,1089,rolling,1413.444,1140,1413.611,-5.773,0,0,1783746732.616892576,0.415205,-0.280327,0.952244,0.191669,,,0.299903,0.233258,-0.059572,0.697,1.334
search,lower,2,forward,41.7951,1350.000,1089,rolling,1413.444,1140,1413.611,-5.773,0,0,1783746732.616892576,0.415205,-0.280327,0.952244,0.191669,,,0.299903,0.233258,-0.059572,0.697,1.334
search,lower,2,forward,41.8167,1350.000,1089,rolling,1413.444,1140,1413.611,-5.773,0,0,1783746732.616892576,0.415205,-0.280327,0.952244,0.191669,,,0.299903,0.233258,-0.059572,0.697,1.334
search,lower,2,forward,41.8382,1350.000,1089,rolling,1413.444,1140,1413.611,-5.773,0,0,1783746732.616892576,0.415205,-0.280327,0.952244,0.191669,,,0.299903,0.233258,-0.059572,0.705,1.318
search,lower,2,forward,41.8557,1350.000,1089,rolling,1413.242,1140,1413.563,-5.821,1,22,1783746732.717469931,0.426182,-0.268275,0.948178,0.183988,0.0161876,-0.0040659,0.316091,0.249446,-0.063638,0.705,1.318
search,lower,2,forward,41.8710,1350.000,1089,rolling,1413.242,1140,1413.563,-5.821,0,0,1783746732.717469931,0.426182,-0.268275,0.948178,0.183988,,,0.316091,0.249446,-0.063638,0.705,1.318
search,lower,2,forward,41.8927,1350.000,1089,rolling,1413.242,1140,1413.563,-5.821,0,0,1783746732.717469931,0.426182,-0.268275,0.948178,0.183988,,,0.316091,0.249446,-0.063638,0.705,1.318
search,lower,2,forward,41.9142,1350.000,1089,rolling,1413.242,1140,1413.563,-5.821,0,0,1783746732.717469931,0.426182,-0.268275,0.948178,0.183988,,,0.316091,0.249446,-0.063638,0.705,1.318
search,lower,2,forward,41.9357,1350.000,1089,rolling,1413.242,1140,1413.563,-5.821,0,0,1783746732.717469931,0.426182,-0.268275,0.948178,0.183988,,,0.316091,0.249446,-0.063638,0.706,1.302
search,lower,2,forward,41.9559,1350.000,1089,rolling,1413.019,1140,1413.492,-5.892,1,23,1783746732.817785740,0.434853,-0.255531,0.943546,0.176393,0.0154092,-0.0046315,0.331500,0.264855,-0.068270,0.706,1.302
search,lower,2,forward,41.9737,1350.000,1089,rolling,1413.019,1140,1413.492,-5.892,0,0,1783746732.817785740,0.434853,-0.255531,0.943546,0.176393,,,0.331500,0.264855,-0.068270,0.706,1.302
search,lower,2,forward,41.9953,1350.000,1089,rolling,1413.019,1140,1413.492,-5.892,0,0,1783746732.817785740,0.434853,-0.255531,0.943546,0.176393,,,0.331500,0.264855,-0.068270,0.706,1.302
search,lower,2,forward,42.0168,1350.000,1089,rolling,1413.019,1140,1413.492,-5.892,0,0,1783746732.817785740,0.434853,-0.255531,0.943546,0.176393,,,0.331500,0.264855,-0.068270,0.706,1.302
search,lower,2,forward,42.0383,1350.000,1089,rolling,1413.019,1140,1413.492,-5.892,0,0,1783746732.817785740,0.434853,-0.255531,0.943546,0.176393,,,0.331500,0.264855,-0.068270,0.714,1.286
search,lower,2,forward,42.0592,1350.000,1089,rolling,1413.150,1140,1413.447,-5.937,1,24,1783746732.918020248,0.451685,-0.241580,0.939155,0.185135,0.0211856,-0.0043916,0.352685,0.286041,-0.072662,0.714,1.286
search,lower,2,forward,42.0803,1350.000,1089,rolling,1413.150,1140,1413.447,-5.937,0,0,1783746732.918020248,0.451685,-0.241580,0.939155,0.185135,,,0.352685,0.286041,-0.072662,0.714,1.286
search,lower,2,forward,42.1019,1350.000,1089,rolling,1413.150,1140,1413.447,-5.937,0,0,1783746732.918020248,0.451685,-0.241580,0.939155,0.185135,,,0.352685,0.286041,-0.072662,0.714,1.286
search,lower,2,forward,42.1235,1350.000,1089,rolling,1413.150,1140,1413.447,-5.937,0,0,1783746732.918020248,0.451685,-0.241580,0.939155,0.185135,,,0.352685,0.286041,-0.072662,0.714,1.286
search,lower,2,forward,42.1450,1350.000,1089,rolling,1413.150,1140,1413.447,-5.937,0,0,1783746732.918020248,0.451685,-0.241580,0.939155,0.185135,,,0.352685,0.286041,-0.072662,0.720,1.272
search,lower,2,forward,42.1596,1350.000,1089,rolling,1413.063,1140,1413.395,-5.988,1,25,1783746733.021353960,0.457899,-0.223289,0.931273,0.183388,0.0184086,-0.0078823,0.371094,0.304449,-0.080544,0.720,1.272
search,lower,2,forward,42.1753,1350.000,1089,rolling,1413.063,1140,1413.395,-5.988,0,0,1783746733.021353960,0.457899,-0.223289,0.931273,0.183388,,,0.371094,0.304449,-0.080544,0.720,1.272
search,lower,2,forward,42.1970,1350.000,1089,rolling,1413.063,1140,1413.395,-5.988,0,0,1783746733.021353960,0.457899,-0.223289,0.931273,0.183388,,,0.371094,0.304449,-0.080544,0.720,1.272
search,lower,2,forward,42.2185,1350.000,1089,rolling,1413.063,1140,1413.395,-5.988,0,0,1783746733.021353960,0.457899,-0.223289,0.931273,0.183388,,,0.371094,0.304449,-0.080544,0.720,1.272
search,lower,2,forward,42.2402,1350.000,1089,rolling,1413.063,1140,1413.395,-5.988,0,0,1783746733.021353960,0.457899,-0.223289,0.931273,0.183388,,,0.371094,0.304449,-0.080544,0.729,1.257
search,lower,2,forward,42.2569,1350.000,1089,rolling,1413.063,1140,1413.395,-5.988,0,0,1783746733.021353960,0.457899,-0.223289,0.931273,0.183388,,,0.371094,0.304449,-0.080544,0.729,1.257
search,lower,2,forward,42.2788,1350.000,1089,rolling,1413.012,1140,1413.345,-6.039,1,26,1783746733.121689558,0.469460,-0.208989,0.927930,0.183324,0.0183745,-0.0033424,0.389469,0.322824,-0.083886,0.729,1.257
search,lower,2,forward,42.2807,1350.000,1089,rolling,1413.012,1140,1413.345,-6.039,0,0,1783746733.121689558,0.469460,-0.208989,0.927930,0.183324,,,0.389469,0.322824,-0.083886,0.729,1.257
search,lower,2,forward,42.3023,1350.000,1089,rolling,1413.012,1140,1413.345,-6.039,0,0,1783746733.121689558,0.469460,-0.208989,0.927930,0.183324,,,0.389469,0.322824,-0.083886,0.729,1.257
search,lower,2,forward,42.3238,1350.000,1089,rolling,1413.012,1140,1413.345,-6.039,0,0,1783746733.121689558,0.469460,-0.208989,0.927930,0.183324,,,0.389469,0.322824,-0.083886,0.729,1.257
search,lower,2,forward,42.3454,1350.000,1089,rolling,1413.012,1140,1413.345,-6.039,0,0,1783746733.121689558,0.469460,-0.208989,0.927930,0.183324,,,0.389469,0.322824,-0.083886,0.730,1.242
search,lower,2,forward,42.3577,1350.000,1089,rolling,1412.931,1139,1413.293,-6.091,1,27,1783746733.218897581,0.483359,-0.197812,0.926252,0.181939,0.0172822,-0.0016779,0.406751,0.340106,-0.085564,0.730,1.242
search,lower,2,forward,42.3730,1350.000,1089,rolling,1412.931,1139,1413.293,-6.091,0,0,1783746733.218897581,0.483359,-0.197812,0.926252,0.181939,,,0.406751,0.340106,-0.085564,0.730,1.242
search,lower,2,forward,42.3947,1350.000,1089,rolling,1412.931,1139,1413.293,-6.091,0,0,1783746733.218897581,0.483359,-0.197812,0.926252,0.181939,,,0.406751,0.340106,-0.085564,0.730,1.242
search,lower,2,forward,42.4162,1350.000,1089,rolling,1412.931,1139,1413.293,-6.091,0,0,1783746733.218897581,0.483359,-0.197812,0.926252,0.181939,,,0.406751,0.340106,-0.085564,0.730,1.242
search,lower,2,forward,42.4378,1350.000,1089,rolling,1412.931,1139,1413.293,-6.091,0,0,1783746733.218897581,0.483359,-0.197812,0.926252,0.181939,,,0.406751,0.340106,-0.085564,0.739,1.226
search,lower,2,forward,42.4576,1350.000,1089,rolling,1412.942,1139,1413.247,-6.137,1,28,1783746733.319699764,0.498678,-0.184955,0.923025,0.184788,0.0194884,-0.0032275,0.426239,0.359594,-0.088792,0.739,1.226
search,lower,2,forward,42.4714,1350.000,1089,rolling,1412.942,1139,1413.247,-6.137,0,0,1783746733.319699764,0.498678,-0.184955,0.923025,0.184788,,,0.426239,0.359594,-0.088792,0.739,1.226
search,lower,2,forward,42.4930,1350.000,1089,rolling,1412.942,1139,1413.247,-6.137,0,0,1783746733.319699764,0.498678,-0.184955,0.923025,0.184788,,,0.426239,0.359594,-0.088792,0.739,1.226
search,lower,2,forward,42.5145,1350.000,1089,rolling,1412.942,1139,1413.247,-6.137,0,0,1783746733.319699764,0.498678,-0.184955,0.923025,0.184788,,,0.426239,0.359594,-0.088792,0.739,1.226
search,lower,2,forward,42.5360,1350.000,1089,rolling,1412.942,1139,1413.247,-6.137,0,0,1783746733.319699764,0.498678,-0.184955,0.923025,0.184788,,,0.426239,0.359594,-0.088792,0.738,1.209
search,lower,2,forward,42.5584,1350.000,1089,rolling,1412.942,1139,1413.247,-6.137,0,0,1783746733.319699764,0.498678,-0.184955,0.923025,0.184788,,,0.426239,0.359594,-0.088792,0.738,1.209
search,lower,2,forward,42.5598,1350.000,1089,rolling,1412.881,1139,1413.199,-6.185,1,29,1783746733.419733763,0.513423,-0.173282,0.919539,0.184111,0.0182143,-0.0034853,0.444453,0.377809,-0.092277,0.738,1.209
search,lower,2,forward,42.5739,1350.000,1089,rolling,1412.881,1139,1413.199,-6.185,0,0,1783746733.419733763,0.513423,-0.173282,0.919539,0.184111,,,0.444453,0.377809,-0.092277,0.738,1.209
search,lower,2,forward,42.5955,1350.000,1089,rolling,1412.881,1139,1413.199,-6.185,0,0,1783746733.419733763,0.513423,-0.173282,0.919539,0.184111,,,0.444453,0.377809,-0.092277,0.738,1.209
search,lower,2,forward,42.6171,1350.000,1089,rolling,1412.881,1139,1413.199,-6.185,0,0,1783746733.419733763,0.513423,-0.173282,0.919539,0.184111,,,0.444453,0.377809,-0.092277,0.738,1.209
search,lower,2,forward,42.6386,1350.000,1089,rolling,1412.881,1139,1413.199,-6.185,0,0,1783746733.419733763,0.513423,-0.173282,0.919539,0.184111,,,0.444453,0.377809,-0.092277,0.753,1.191
search,lower,2,forward,42.6563,1350.000,1089,rolling,1412.955,1139,1413.167,-6.217,1,30,1783746733.520564079,0.520332,-0.152497,0.913577,0.189402,0.0206980,-0.0059621,0.465151,0.398507,-0.098239,0.753,1.191
search,lower,2,forward,42.6765,1350.000,1089,rolling,1412.955,1139,1413.167,-6.217,0,0,1783746733.520564079,0.520332,-0.152497,0.913577,0.189402,,,0.465151,0.398507,-0.098239,0.753,1.191
search,lower,2,forward,42.6982,1350.000,1089,rolling,1412.955,1139,1413.167,-6.217,0,0,1783746733.520564079,0.520332,-0.152497,0.913577,0.189402,,,0.465151,0.398507,-0.098239,0.753,1.191
search,lower,2,forward,42.7198,1350.000,1089,rolling,1412.955,1139,1413.167,-6.217,0,0,1783746733.520564079,0.520332,-0.152497,0.913577,0.189402,,,0.465151,0.398507,-0.098239,0.753,1.191
search,lower,2,forward,42.7413,1350.000,1089,rolling,1412.955,1139,1413.167,-6.217,0,0,1783746733.520564079,0.520332,-0.152497,0.913577,0.189402,,,0.465151,0.398507,-0.098239,0.771,1.174
search,lower,2,forward,42.7564,1350.000,1089,rolling,1413.096,1140,1413.158,-6.226,1,31,1783746733.618482113,0.530633,-0.133298,0.908203,0.196902,0.0214833,-0.0053745,0.486635,0.419990,-0.103614,0.771,1.174
search,lower,2,forward,42.7712,1350.000,1089,rolling,1413.096,1140,1413.158,-6.226,0,0,1783746733.618482113,0.530633,-0.133298,0.908203,0.196902,,,0.486635,0.419990,-0.103614,0.771,1.174
search,lower,2,forward,42.7932,1350.000,1089,rolling,1413.096,1140,1413.158,-6.226,0,0,1783746733.618482113,0.530633,-0.133298,0.908203,0.196902,,,0.486635,0.419990,-0.103614,0.771,1.174
search,lower,2,forward,42.8151,1350.000,1089,rolling,1413.096,1140,1413.158,-6.226,0,0,1783746733.618482113,0.530633,-0.133298,0.908203,0.196902,,,0.486635,0.419990,-0.103614,0.771,1.174
search,lower,2,forward,42.8370,1350.000,1089,rolling,1413.096,1140,1413.158,-6.226,0,0,1783746733.618482113,0.530633,-0.133298,0.908203,0.196902,,,0.486635,0.419990,-0.103614,0.789,1.155
search,lower,2,forward,42.8567,1350.000,1089,rolling,1413.116,1140,1413.152,-6.231,1,32,1783746733.718504667,0.538653,-0.113886,0.899265,0.198196,0.0202124,-0.0089379,0.506847,0.440202,-0.112551,0.789,1.155
search,lower,2,forward,42.8671,1350.000,1089,rolling,1413.116,1140,1413.152,-6.231,0,0,1783746733.718504667,0.538653,-0.113886,0.899265,0.198196,,,0.506847,0.440202,-0.112551,0.789,1.155
search,lower,2,forward,42.8886,1350.000,1089,rolling,1413.116,1140,1413.152,-6.231,0,0,1783746733.718504667,0.538653,-0.113886,0.899265,0.198196,,,0.506847,0.440202,-0.112551,0.789,1.155
search,lower,2,forward,42.9102,1350.000,1089,rolling,1413.116,1140,1413.152,-6.231,0,0,1783746733.718504667,0.538653,-0.113886,0.899265,0.198196,,,0.506847,0.440202,-0.112551,0.789,1.155
search,lower,2,forward,42.9317,1350.000,1089,rolling,1413.116,1140,1413.152,-6.231,0,0,1783746733.718504667,0.538653,-0.113886,0.899265,0.198196,,,0.506847,0.440202,-0.112551,0.789,1.155
search,lower,2,forward,42.9533,1350.000,1089,rolling,1413.116,1140,1413.152,-6.231,0,0,1783746733.718504667,0.538653,-0.113886,0.899265,0.198196,,,0.506847,0.440202,-0.112551,0.807,1.136
search,lower,2,forward,42.9560,1350.000,1089,rolling,1413.549,1140,1413.204,-6.180,1,33,1783746733.818823338,0.555098,-0.091801,0.890523,0.217222,0.0275175,-0.0087420,0.534365,0.467720,-0.121293,0.807,1.136
search,lower,2,forward,42.9748,1350.000,1089,rolling,1413.549,1140,1413.204,-6.180,0,0,1783746733.818823338,0.555098,-0.091801,0.890523,0.217222,,,0.534365,0.467720,-0.121293,0.807,1.136
search,lower,2,forward,42.9964,1350.000,1089,rolling,1413.549,1140,1413.204,-6.180,0,0,1783746733.818823338,0.555098,-0.091801,0.890523,0.217222,,,0.534365,0.467720,-0.121293,0.807,1.136
search,lower,2,forward,43.0180,1350.000,1089,rolling,1413.549,1140,1413.204,-6.180,0,0,1783746733.818823338,0.555098,-0.091801,0.890523,0.217222,,,0.534365,0.467720,-0.121293,0.807,1.136
search,lower,2,forward,43.0397,1350.000,1089,rolling,1413.549,1140,1413.204,-6.180,0,0,1783746733.818823338,0.555098,-0.091801,0.890523,0.217222,,,0.534365,0.467720,-0.121293,0.826,1.118
search,lower,2,forward,43.0550,1350.000,1089,rolling,1413.860,1140,1413.288,-6.096,1,34,1783746733.916799068,0.568513,-0.069538,0.882865,0.228575,0.0257316,-0.0076584,0.560096,0.493452,-0.128952,0.826,1.118
search,lower,2,forward,43.0749,1350.000,1089,rolling,1413.860,1140,1413.288,-6.096,0,0,1783746733.916799068,0.568513,-0.069538,0.882865,0.228575,,,0.560096,0.493452,-0.128952,0.826,1.118
search,lower,2,forward,43.0965,1350.000,1089,rolling,1413.860,1140,1413.288,-6.096,0,0,1783746733.916799068,0.568513,-0.069538,0.882865,0.228575,,,0.560096,0.493452,-0.128952,0.826,1.118
search,lower,2,forward,43.1181,1350.000,1089,rolling,1413.860,1140,1413.288,-6.096,0,0,1783746733.916799068,0.568513,-0.069538,0.882865,0.228575,,,0.560096,0.493452,-0.128952,0.826,1.118
search,lower,2,forward,43.1396,1350.000,1089,rolling,1413.860,1140,1413.288,-6.096,0,0,1783746733.916799068,0.568513,-0.069538,0.882865,0.228575,,,0.560096,0.493452,-0.128952,0.846,1.101
search,lower,2,forward,43.1556,1350.000,1089,rolling,1413.683,1140,1413.340,-6.044,1,35,1783746734.017050266,0.579112,-0.054497,0.876760,0.217179,0.0183450,-0.0061041,0.578441,0.511797,-0.135056,0.846,1.101
search,lower,2,forward,43.1731,1350.000,1089,rolling,1413.683,1140,1413.340,-6.044,0,0,1783746734.017050266,0.579112,-0.054497,0.876760,0.217179,,,0.578441,0.511797,-0.135056,0.846,1.101
search,lower,2,forward,43.1947,1350.000,1089,rolling,1413.683,1140,1413.340,-6.044,0,0,1783746734.017050266,0.579112,-0.054497,0.876760,0.217179,,,0.578441,0.511797,-0.135056,0.846,1.101
search,lower,2,forward,43.2163,1350.000,1089,rolling,1413.683,1140,1413.340,-6.044,0,0,1783746734.017050266,0.579112,-0.054497,0.876760,0.217179,,,0.578441,0.511797,-0.135056,0.846,1.101
search,lower,2,forward,43.2378,1350.000,1089,rolling,1413.683,1140,1413.340,-6.044,0,0,1783746734.017050266,0.579112,-0.054497,0.876760,0.217179,,,0.578441,0.511797,-0.135056,0.868,1.100
search,lower,2,forward,43.2561,1350.000,1089,rolling,1413.857,1140,1413.408,-5.976,1,36,1783746734.117689610,0.598801,-0.039692,0.874435,0.222457,0.0239814,-0.0023253,0.602423,0.535778,-0.137381,0.868,1.100
search,lower,2,forward,43.2766,1350.000,1089,rolling,1413.857,1140,1413.408,-5.976,0,0,1783746734.117689610,0.598801,-0.039692,0.874435,0.222457,,,0.602423,0.535778,-0.137381,0.868,1.100
search,lower,2,forward,43.2983,1350.000,1089,rolling,1413.857,1140,1413.408,-5.976,0,0,1783746734.117689610,0.598801,-0.039692,0.874435,0.222457,,,0.602423,0.535778,-0.137381,0.868,1.100
search,lower,2,forward,43.3198,1350.000,1089,rolling,1413.857,1140,1413.408,-5.976,0,0,1783746734.117689610,0.598801,-0.039692,0.874435,0.222457,,,0.602423,0.535778,-0.137381,0.868,1.100
search,lower,2,forward,43.3414,1350.000,1089,rolling,1413.857,1140,1413.408,-5.976,0,0,1783746734.117689610,0.598801,-0.039692,0.874435,0.222457,,,0.602423,0.535778,-0.137381,0.886,1.095
search,lower,2,forward,43.3544,1350.000,1089,rolling,1413.789,1140,1413.458,-5.926,1,37,1783746734.218233109,0.610564,-0.023443,0.870903,0.216593,0.0200084,-0.0035321,0.622431,0.555786,-0.140913,0.886,1.095
search,lower,2,forward,43.3743,1350.000,1089,rolling,1413.789,1140,1413.458,-5.926,0,0,1783746734.218233109,0.610564,-0.023443,0.870903,0.216593,,,0.622431,0.555786,-0.140913,0.886,1.095
search,lower,2,forward,43.3960,1350.000,1089,rolling,1413.789,1140,1413.458,-5.926,0,0,1783746734.218233109,0.610564,-0.023443,0.870903,0.216593,,,0.622431,0.555786,-0.140913,0.886,1.095
search,lower,2,forward,43.4175,1350.000,1089,rolling,1413.789,1140,1413.458,-5.926,0,0,1783746734.218233109,0.610564,-0.023443,0.870903,0.216593,,,0.622431,0.555786,-0.140913,0.886,1.095
search,lower,2,forward,43.4390,1350.000,1089,rolling,1413.789,1140,1413.458,-5.926,0,0,1783746734.218233109,0.610564,-0.023443,0.870903,0.216593,,,0.622431,0.555786,-0.140913,0.904,1.120
search,lower,2,forward,43.4545,1350.000,1089,rolling,1414.013,1140,1413.529,-5.855,1,38,1783746734.316380262,0.623225,-0.002398,0.866904,0.224203,0.0242454,-0.0039991,0.646676,0.580032,-0.144912,0.904,1.120
search,lower,2,forward,43.4704,1350.000,1089,rolling,1414.013,1140,1413.529,-5.855,0,0,1783746734.316380262,0.623225,-0.002398,0.866904,0.224203,,,0.646676,0.580032,-0.144912,0.904,1.120
search,lower,2,forward,43.4920,1350.000,1089,rolling,1414.013,1140,1413.529,-5.855,0,0,1783746734.316380262,0.623225,-0.002398,0.866904,0.224203,,,0.646676,0.580032,-0.144912,0.904,1.120
search,lower,2,forward,43.5136,1350.000,1089,rolling,1414.013,1140,1413.529,-5.855,0,0,1783746734.316380262,0.623225,-0.002398,0.866904,0.224203,,,0.646676,0.580032,-0.144912,0.904,1.120
search,lower,2,forward,43.5351,1350.000,1089,rolling,1414.013,1140,1413.529,-5.855,0,0,1783746734.316380262,0.623225,-0.002398,0.866904,0.224203,,,0.646676,0.580032,-0.144912,0.924,1.135
search,lower,2,forward,43.5549,1350.000,1089,rolling,1414.013,1140,1413.529,-5.855,0,0,1783746734.316380262,0.623225,-0.002398,0.866904,0.224203,,,0.646676,0.580032,-0.144912,0.924,1.135
search,lower,2,forward,43.5766,1350.000,1089,rolling,1414.120,1140,1413.606,-5.778,1,39,1783746734.416668892,0.638920,0.014540,0.853195,0.225675,0.0230755,-0.0137089,0.669752,0.603107,-0.158621,0.924,1.135
search,lower,2,forward,43.5836,1350.000,1089,rolling,1414.120,1140,1413.606,-5.778,0,0,1783746734.416668892,0.638920,0.014540,0.853195,0.225675,,,0.669752,0.603107,-0.158621,0.924,1.135
search,lower,2,forward,43.6052,1350.000,1089,rolling,1414.120,1140,1413.606,-5.778,0,0,1783746734.416668892,0.638920,0.014540,0.853195,0.225675,,,0.669752,0.603107,-0.158621,0.924,1.135
search,lower,2,forward,43.6267,1350.000,1089,rolling,1414.120,1140,1413.606,-5.778,0,0,1783746734.416668892,0.638920,0.014540,0.853195,0.225675,,,0.669752,0.603107,-0.158621,0.924,1.135
search,lower,2,forward,43.6483,1350.000,1089,rolling,1414.120,1140,1413.606,-5.778,0,0,1783746734.416668892,0.638920,0.014540,0.853195,0.225675,,,0.669752,0.603107,-0.158621,0.944,1.148
search,lower,2,forward,43.6554,1350.000,1089,rolling,1414.450,1141,1413.716,-5.667,1,40,1783746734.516963959,0.654299,0.037037,0.842202,0.236668,0.0270445,-0.0109932,0.696796,0.630152,-0.169615,0.944,1.148
search,lower,2,forward,43.6706,1350.000,1089,rolling,1414.450,1141,1413.716,-5.667,0,0,1783746734.516963959,0.654299,0.037037,0.842202,0.236668,,,0.696796,0.630152,-0.169615,0.944,1.148
search,lower,2,forward,43.6923,1350.000,1089,rolling,1414.450,1141,1413.716,-5.667,0,0,1783746734.516963959,0.654299,0.037037,0.842202,0.236668,,,0.696796,0.630152,-0.169615,0.944,1.148
search,lower,2,forward,43.7139,1350.000,1089,rolling,1414.450,1141,1413.716,-5.667,0,0,1783746734.516963959,0.654299,0.037037,0.842202,0.236668,,,0.696796,0.630152,-0.169615,0.944,1.148
search,lower,2,forward,43.7354,1350.000,1089,rolling,1414.450,1141,1413.716,-5.667,0,0,1783746734.516963959,0.654299,0.037037,0.842202,0.236668,,,0.696796,0.630152,-0.169615,0.962,1.159
search,lower,2,forward,43.7537,1350.000,1089,rolling,1414.572,1141,1413.828,-5.555,1,41,1783746734.617273331,0.669935,0.055192,0.835082,0.237203,0.0239547,-0.0071196,0.720751,0.654106,-0.176734,0.962,1.159
search,lower,2,forward,43.7735,1350.000,1089,rolling,1414.572,1141,1413.828,-5.555,0,0,1783746734.617273331,0.669935,0.055192,0.835082,0.237203,,,0.720751,0.654106,-0.176734,0.962,1.159
search,lower,2,forward,43.7954,1350.000,1089,rolling,1414.572,1141,1413.828,-5.555,0,0,1783746734.617273331,0.669935,0.055192,0.835082,0.237203,,,0.720751,0.654106,-0.176734,0.962,1.159
search,lower,2,forward,43.8171,1350.000,1089,rolling,1414.572,1141,1413.828,-5.555,0,0,1783746734.617273331,0.669935,0.055192,0.835082,0.237203,,,0.720751,0.654106,-0.176734,0.962,1.159
search,lower,2,forward,43.8387,1350.000,1089,rolling,1414.572,1141,1413.828,-5.555,0,0,1783746734.617273331,0.669935,0.055192,0.835082,0.237203,,,0.720751,0.654106,-0.176734,0.978,1.164
search,lower,2,forward,43.8537,1350.000,1089,rolling,1414.572,1141,1413.828,-5.555,0,0,1783746734.617273331,0.669935,0.055192,0.835082,0.237203,,,0.720751,0.654106,-0.176734,0.978,1.164
search,lower,2,forward,43.8759,1350.000,1089,rolling,1414.280,1141,1413.886,-5.497,1,42,1783746734.715458870,0.682767,0.065705,0.829079,0.219694,0.0164134,-0.0060035,0.737164,0.670520,-0.182738,0.978,1.164
search,lower,2,forward,43.8777,1350.000,1089,rolling,1414.280,1141,1413.886,-5.497,0,0,1783746734.715458870,0.682767,0.065705,0.829079,0.219694,,,0.737164,0.670520,-0.182738,0.978,1.164
search,lower,2,forward,43.8994,1350.000,1089,rolling,1414.280,1141,1413.886,-5.497,0,0,1783746734.715458870,0.682767,0.065705,0.829079,0.219694,,,0.737164,0.670520,-0.182738,0.978,1.164
search,lower,2,forward,43.9210,1350.000,1089,rolling,1414.280,1141,1413.886,-5.497,0,0,1783746734.715458870,0.682767,0.065705,0.829079,0.219694,,,0.737164,0.670520,-0.182738,0.978,1.164
search,lower,2,forward,43.9425,1350.000,1089,rolling,1414.280,1141,1413.886,-5.497,0,0,1783746734.715458870,0.682767,0.065705,0.829079,0.219694,,,0.737164,0.670520,-0.182738,0.991,1.168
search,lower,2,forward,43.9540,1350.000,1089,rolling,1414.038,1140,1413.906,-5.478,1,43,1783746734.815854788,0.690585,0.081327,0.826284,0.206585,0.0167921,-0.0027948,0.753957,0.687312,-0.185532,0.991,1.168
search,lower,2,forward,43.9689,1350.000,1089,rolling,1414.038,1140,1413.906,-5.478,0,0,1783746734.815854788,0.690585,0.081327,0.826284,0.206585,,,0.753957,0.687312,-0.185532,0.991,1.168
search,lower,2,forward,43.9905,1350.000,1089,rolling,1414.038,1140,1413.906,-5.478,0,0,1783746734.815854788,0.690585,0.081327,0.826284,0.206585,,,0.753957,0.687312,-0.185532,0.991,1.168
search,lower,2,forward,44.0120,1350.000,1089,rolling,1414.038,1140,1413.906,-5.478,0,0,1783746734.815854788,0.690585,0.081327,0.826284,0.206585,,,0.753957,0.687312,-0.185532,0.991,1.168
search,lower,2,forward,44.0335,1350.000,1089,rolling,1414.038,1140,1413.906,-5.478,0,0,1783746734.815854788,0.690585,0.081327,0.826284,0.206585,,,0.753957,0.687312,-0.185532,1.007,1.194
search,lower,2,forward,44.0516,1350.000,1089,rolling,1413.939,1140,1413.910,-5.473,1,44,1783746734.916138172,0.705094,0.093299,0.824208,0.201405,0.0186391,-0.0020760,0.772596,0.705951,-0.187608,1.007,1.194
search,lower,2,reverse,45.2271,1350.000,1089,startup,1591.711,1284,1595.711,3.202,0,0,1783746736.017509460,0.723312,0.111348,0.814938,0.009830,,,0.000000,0.000000,0.000000,1.034,1.189
search,lower,2,reverse,45.2488,1350.000,1089,startup,1591.711,1284,1595.711,3.202,0,0,1783746736.017509460,0.723312,0.111348,0.814938,0.009830,,,0.000000,0.000000,0.000000,1.035,1.200
search,lower,2,reverse,45.2543,1350.000,1089,startup,1592.951,1285,1595.711,3.202,1,1,1783746736.115523815,0.722270,0.109370,0.814636,0.001878,-0.0021542,-0.0003018,0.002154,0.000000,0.000000,1.035,1.200
search,lower,2,reverse,45.2622,1350.000,1089,startup,1592.951,1285,1595.711,3.202,0,0,1783746736.115523815,0.722270,0.109370,0.814636,0.001878,,,0.002154,0.000000,0.000000,1.035,1.200
search,lower,2,reverse,45.2839,1350.000,1089,startup,1592.951,1285,1595.711,3.202,0,0,1783746736.115523815,0.722270,0.109370,0.814636,0.001878,,,0.002154,0.000000,0.000000,1.035,1.200
search,lower,2,reverse,45.3055,1350.000,1089,startup,1592.951,1285,1595.711,3.202,0,0,1783746736.115523815,0.722270,0.109370,0.814636,0.001878,,,0.002154,0.000000,0.000000,1.035,1.200
search,lower,2,reverse,45.3272,1350.000,1089,startup,1592.951,1285,1595.711,3.202,0,0,1783746736.115523815,0.722270,0.109370,0.814636,0.001878,,,0.002154,0.000000,0.000000,1.035,1.200
search,lower,2,reverse,45.3487,1350.000,1089,startup,1592.951,1285,1595.711,3.202,0,0,1783746736.115523815,0.722270,0.109370,0.814636,0.001878,,,0.002154,0.000000,0.000000,1.033,1.206
search,lower,2,reverse,45.3542,1350.000,1089,startup,1594.191,1286,1595.711,3.202,1,2,1783746736.216070175,0.723622,0.111167,0.815110,0.006967,0.0022357,0.0004741,0.004390,0.000000,0.000000,1.033,1.206
search,lower,2,reverse,45.3674,1350.000,1089,startup,1594.191,1286,1595.711,3.202,0,0,1783746736.216070175,0.723622,0.111167,0.815110,0.006967,,,0.004390,0.000000,0.000000,1.033,1.206
search,lower,2,reverse,45.3891,1350.000,1089,startup,1594.191,1286,1595.711,3.202,0,0,1783746736.216070175,0.723622,0.111167,0.815110,0.006967,,,0.004390,0.000000,0.000000,1.033,1.206
search,lower,2,reverse,45.4107,1350.000,1089,startup,1594.191,1286,1595.711,3.202,0,0,1783746736.216070175,0.723622,0.111167,0.815110,0.006967,,,0.004390,0.000000,0.000000,1.033,1.206
search,lower,2,reverse,45.4322,1350.000,1089,startup,1594.191,1286,1595.711,3.202,0,0,1783746736.216070175,0.723622,0.111167,0.815110,0.006967,,,0.004390,0.000000,0.000000,1.031,1.204
search,lower,2,reverse,45.4520,1350.000,1089,startup,1595.431,1287,1595.711,3.202,1,3,1783746736.316262007,0.722221,0.109874,0.814287,0.000479,-0.0019022,-0.0008234,0.006292,0.000000,0.000000,1.031,1.204
search,lower,2,reverse,45.4721,1350.000,1089,startup,1595.431,1287,1595.711,3.202,0,0,1783746736.316262007,0.722221,0.109874,0.814287,0.000479,,,0.006292,0.000000,0.000000,1.031,1.204
search,lower,2,reverse,45.4937,1350.000,1089,startup,1595.431,1287,1595.711,3.202,0,0,1783746736.316262007,0.722221,0.109874,0.814287,0.000479,,,0.006292,0.000000,0.000000,1.031,1.204
search,lower,2,reverse,45.5153,1350.000,1089,startup,1595.431,1287,1595.711,3.202,0,0,1783746736.316262007,0.722221,0.109874,0.814287,0.000479,,,0.006292,0.000000,0.000000,1.031,1.204
search,lower,2,reverse,45.5369,1350.000,1089,startup,1595.431,1287,1595.711,3.202,0,0,1783746736.316262007,0.722221,0.109874,0.814287,0.000479,,,0.006292,0.000000,0.000000,1.027,1.197
search,lower,2,reverse,45.5525,1350.000,1089,startup,1596.671,1288,1595.711,3.202,1,4,1783746736.414118290,0.718057,0.106679,0.814704,-0.012877,-0.0051811,0.0004172,0.011473,0.000000,0.000000,1.027,1.197
search,lower,2,reverse,45.5650,1350.000,1089,startup,1596.671,1288,1595.711,3.202,0,0,1783746736.414118290,0.718057,0.106679,0.814704,-0.012877,,,0.011473,0.000000,0.000000,1.027,1.197
search,lower,2,reverse,45.5866,1350.000,1089,startup,1596.671,1288,1595.711,3.202,0,0,1783746736.414118290,0.718057,0.106679,0.814704,-0.012877,,,0.011473,0.000000,0.000000,1.027,1.197
search,lower,2,reverse,45.6081,1350.000,1089,startup,1596.671,1288,1595.711,3.202,0,0,1783746736.414118290,0.718057,0.106679,0.814704,-0.012877,,,0.011473,0.000000,0.000000,1.027,1.197
search,lower,2,reverse,45.6296,1350.000,1089,startup,1596.671,1288,1595.711,3.202,0,0,1783746736.414118290,0.718057,0.106679,0.814704,-0.012877,,,0.011473,0.000000,0.000000,1.027,1.197
search,lower,2,reverse,45.6512,1350.000,1089,startup,1596.671,1288,1595.711,3.202,0,0,1783746736.414118290,0.718057,0.106679,0.814704,-0.012877,,,0.011473,0.000000,0.000000,1.024,1.186
search,lower,2,reverse,45.6538,1350.000,1089,startup,1599.771,1290,1595.711,3.202,1,5,1783746736.514673233,0.716158,0.107024,0.815499,-0.012272,-0.0010516,0.0007950,0.012525,0.000000,0.000000,1.024,1.186
search,lower,2,reverse,45.6697,1350.000,1089,startup,1599.771,1290,1595.711,3.202,0,0,1783746736.514673233,0.716158,0.107024,0.815499,-0.012272,,,0.012525,0.000000,0.000000,1.024,1.186
search,lower,2,reverse,45.6913,1350.000,1089,startup,1599.771,1290,1595.711,3.202,0,0,1783746736.514673233,0.716158,0.107024,0.815499,-0.012272,,,0.012525,0.000000,0.000000,1.024,1.186
search,lower,2,reverse,45.7129,1350.000,1089,startup,1599.771,1290,1595.711,3.202,0,0,1783746736.514673233,0.716158,0.107024,0.815499,-0.012272,,,0.012525,0.000000,0.000000,1.024,1.186
search,lower,2,reverse,45.7344,1350.000,1089,startup,1599.771,1290,1595.711,3.202,0,0,1783746736.514673233,0.716158,0.107024,0.815499,-0.012272,,,0.012525,0.000000,0.000000,1.017,1.195
search,lower,2,reverse,45.7536,1350.000,1089,startup,1599.771,1290,1595.711,3.202,0,0,1783746736.514673233,0.716158,0.107024,0.815499,-0.012272,,,0.012525,0.000000,0.000000,1.017,1.195
search,lower,2,reverse,45.7755,1350.000,1089,startup,1602.871,1293,1595.711,3.202,1,6,1783746736.614964962,0.709059,0.099971,0.822958,-0.034130,-0.0099995,0.0074595,0.022524,0.000000,0.000000,1.017,1.195
search,lower,2,reverse,45.7857,1350.000,1089,startup,1602.871,1293,1595.711,3.202,0,0,1783746736.614964962,0.709059,0.099971,0.822958,-0.034130,,,0.022524,0.000000,0.000000,1.017,1.195
search,lower,2,reverse,45.8074,1350.000,1089,startup,1602.871,1293,1595.711,3.202,0,0,1783746736.614964962,0.709059,0.099971,0.822958,-0.034130,,,0.022524,0.000000,0.000000,1.017,1.195
search,lower,2,reverse,45.8291,1350.000,1089,startup,1602.871,1293,1595.711,3.202,0,0,1783746736.614964962,0.709059,0.099971,0.822958,-0.034130,,,0.022524,0.000000,0.000000,1.005,1.174
search,lower,2,reverse,45.8515,1350.000,1089,startup,1602.871,1293,1595.711,3.202,0,0,1783746736.614964962,0.709059,0.099971,0.822958,-0.034130,,,0.022524,0.000000,0.000000,1.005,1.174
search,lower,2,reverse,45.8735,1350.000,1089,rolling,1595.711,1287,1595.711,3.202,1,7,1783746736.715551853,0.700993,0.087560,0.824108,-0.061852,-0.0145867,0.0011499,0.037111,0.000000,0.000000,1.005,1.174
search,lower,2,reverse,45.8755,1350.000,1089,rolling,1595.711,1287,1595.711,3.202,0,0,1783746736.715551853,0.700993,0.087560,0.824108,-0.061852,,,0.037111,0.000000,0.000000,1.005,1.174
search,lower,2,reverse,45.8972,1350.000,1089,rolling,1595.711,1287,1595.711,3.202,0,0,1783746736.715551853,0.700993,0.087560,0.824108,-0.061852,,,0.037111,0.000000,0.000000,1.005,1.174
search,lower,2,reverse,45.9188,1350.000,1089,rolling,1595.711,1287,1595.711,3.202,0,0,1783746736.715551853,0.700993,0.087560,0.824108,-0.061852,,,0.037111,0.000000,0.000000,1.005,1.174
search,lower,2,reverse,45.9405,1350.000,1089,rolling,1595.711,1287,1595.711,3.202,0,0,1783746736.715551853,0.700993,0.087560,0.824108,-0.061852,,,0.037111,0.000000,0.000000,0.989,1.153
search,lower,2,reverse,45.9516,1350.000,1089,rolling,1597.724,1288,1596.041,3.532,1,8,1783746736.813538313,0.689665,0.075943,0.825884,-0.087772,-0.0162200,0.0017755,0.053331,0.000000,0.000000,0.989,1.153
search,lower,2,reverse,45.9734,1350.000,1089,rolling,1597.724,1288,1596.041,3.532,0,0,1783746736.813538313,0.689665,0.075943,0.825884,-0.087772,,,0.053331,0.000000,0.000000,0.989,1.153
search,lower,2,reverse,45.9950,1350.000,1089,rolling,1597.724,1288,1596.041,3.532,0,0,1783746736.813538313,0.689665,0.075943,0.825884,-0.087772,,,0.053331,0.000000,0.000000,0.989,1.153
search,lower,2,reverse,46.0165,1350.000,1089,rolling,1597.724,1288,1596.041,3.532,0,0,1783746736.813538313,0.689665,0.075943,0.825884,-0.087772,,,0.053331,0.000000,0.000000,0.989,1.153
search,lower,2,reverse,46.0382,1350.000,1089,rolling,1597.724,1288,1596.041,3.532,0,0,1783746736.813538313,0.689665,0.075943,0.825884,-0.087772,,,0.053331,0.000000,0.000000,0.970,1.156
search,lower,2,reverse,46.0521,1350.000,1089,rolling,1597.379,1288,1596.264,3.756,1,9,1783746736.913719177,0.672411,0.059221,0.828948,-0.125690,-0.0239876,0.0030641,0.077319,-0.023988,0.003064,0.970,1.156
search,lower,2,reverse,46.0633,1350.000,1089,rolling,1597.379,1288,1596.264,3.756,0,0,1783746736.913719177,0.672411,0.059221,0.828948,-0.125690,,,0.077319,-0.023988,0.003064,0.970,1.156
search,lower,2,reverse,46.0849,1350.000,1089,rolling,1597.379,1288,1596.264,3.756,0,0,1783746736.913719177,0.672411,0.059221,0.828948,-0.125690,,,0.077319,-0.023988,0.003064,0.970,1.156
search,lower,2,reverse,46.1065,1350.000,1089,rolling,1597.379,1288,1596.264,3.756,0,0,1783746736.913719177,0.672411,0.059221,0.828948,-0.125690,,,0.077319,-0.023988,0.003064,0.970,1.156
search,lower,2,reverse,46.1281,1350.000,1089,rolling,1597.379,1288,1596.264,3.756,0,0,1783746736.913719177,0.672411,0.059221,0.828948,-0.125690,,,0.077319,-0.023988,0.003064,0.970,1.156
search,lower,2,reverse,46.1496,1350.000,1089,rolling,1597.379,1288,1596.264,3.756,0,0,1783746736.913719177,0.672411,0.059221,0.828948,-0.125690,,,0.077319,-0.023988,0.003064,0.949,1.125
search,lower,2,reverse,46.1525,1350.000,1089,rolling,1597.379,1288,1596.264,3.756,0,0,1783746736.913719177,0.672411,0.059221,0.828948,-0.125690,,,0.077319,-0.023988,0.003064,0.949,1.125
search,lower,2,reverse,46.1743,1350.000,1089,rolling,1597.209,1288,1596.422,3.913,1,10,1783746737.014025927,0.658940,0.042568,0.842886,-0.147572,-0.0213873,0.0139381,0.098706,-0.045375,0.017002,0.949,1.125
search,lower,2,reverse,46.1769,1350.000,1089,rolling,1597.209,1288,1596.422,3.913,0,0,1783746737.014025927,0.658940,0.042568,0.842886,-0.147572,,,0.098706,-0.045375,0.017002,0.949,1.125
search,lower,2,reverse,46.1984,1350.000,1089,rolling,1597.209,1288,1596.422,3.913,0,0,1783746737.014025927,0.658940,0.042568,0.842886,-0.147572,,,0.098706,-0.045375,0.017002,0.949,1.125
search,lower,2,reverse,46.2199,1350.000,1089,rolling,1597.209,1288,1596.422,3.913,0,0,1783746737.014025927,0.658940,0.042568,0.842886,-0.147572,,,0.098706,-0.045375,0.017002,0.949,1.125
search,lower,2,reverse,46.2415,1350.000,1089,rolling,1597.209,1288,1596.422,3.913,0,0,1783746737.014025927,0.658940,0.042568,0.842886,-0.147572,,,0.098706,-0.045375,0.017002,0.924,1.103
search,lower,2,reverse,46.2506,1350.000,1089,rolling,1596.657,1288,1596.461,3.953,1,11,1783746737.114670753,0.638692,0.019463,0.856117,-0.186990,-0.0307212,0.0132305,0.129427,-0.076096,0.030233,0.924,1.103
search,lower,2,reverse,46.2728,1350.000,1089,rolling,1596.657,1288,1596.461,3.953,0,0,1783746737.114670753,0.638692,0.019463,0.856117,-0.186990,,,0.129427,-0.076096,0.030233,0.924,1.103
search,lower,2,reverse,46.2741,1350.000,1089,rolling,1596.657,1288,1596.461,3.953,0,0,1783746737.114670753,0.638692,0.019463,0.856117,-0.186990,,,0.129427,-0.076096,0.030233,0.924,1.103
search,lower,2,reverse,46.2956,1350.000,1089,rolling,1596.657,1288,1596.461,3.953,0,0,1783746737.114670753,0.638692,0.019463,0.856117,-0.186990,,,0.129427,-0.076096,0.030233,0.924,1.103
search,lower,2,reverse,46.3172,1350.000,1089,rolling,1596.657,1288,1596.461,3.953,0,0,1783746737.114670753,0.638692,0.019463,0.856117,-0.186990,,,0.129427,-0.076096,0.030233,0.924,1.103
search,lower,2,reverse,46.3387,1350.000,1089,rolling,1596.657,1288,1596.461,3.953,0,0,1783746737.114670753,0.638692,0.019463,0.856117,-0.186990,,,0.129427,-0.076096,0.030233,0.900,1.096
search,lower,2,reverse,46.3506,1350.000,1089,rolling,1596.297,1287,1596.434,3.926,1,12,1783746737.212630033,0.623093,-0.002752,0.866748,-0.209191,-0.0270167,0.0106314,0.156444,-0.103113,0.040864,0.900,1.096
search,lower,2,reverse,46.3659,1350.000,1089,rolling,1596.297,1287,1596.434,3.926,0,0,1783746737.212630033,0.623093,-0.002752,0.866748,-0.209191,,,0.156444,-0.103113,0.040864,0.900,1.096
search,lower,2,reverse,46.3876,1350.000,1089,rolling,1596.297,1287,1596.434,3.926,0,0,1783746737.212630033,0.623093,-0.002752,0.866748,-0.209191,,,0.156444,-0.103113,0.040864,0.900,1.096
search,lower,2,reverse,46.4091,1350.000,1089,rolling,1596.297,1287,1596.434,3.926,0,0,1783746737.212630033,0.623093,-0.002752,0.866748,-0.209191,,,0.156444,-0.103113,0.040864,0.900,1.096
search,lower,2,reverse,46.4306,1350.000,1089,rolling,1596.297,1287,1596.434,3.926,0,0,1783746737.212630033,0.623093,-0.002752,0.866748,-0.209191,,,0.156444,-0.103113,0.040864,0.879,1.087
search,lower,2,reverse,46.4513,1350.000,1089,rolling,1596.029,1287,1596.367,3.858,1,13,1783746737.312725067,0.606496,-0.023130,0.877758,-0.222528,-0.0262786,0.0110098,0.182723,-0.129392,0.051874,0.879,1.087
search,lower,2,reverse,46.4664,1350.000,1089,rolling,1596.029,1287,1596.367,3.858,0,0,1783746737.312725067,0.606496,-0.023130,0.877758,-0.222528,,,0.182723,-0.129392,0.051874,0.879,1.087
search,lower,2,reverse,46.4880,1350.000,1089,rolling,1596.029,1287,1596.367,3.858,0,0,1783746737.312725067,0.606496,-0.023130,0.877758,-0.222528,,,0.182723,-0.129392,0.051874,0.879,1.087
search,lower,2,reverse,46.5095,1350.000,1089,rolling,1596.029,1287,1596.367,3.858,0,0,1783746737.312725067,0.606496,-0.023130,0.877758,-0.222528,,,0.182723,-0.129392,0.051874,0.879,1.087
search,lower,2,reverse,46.5310,1350.000,1089,rolling,1596.029,1287,1596.367,3.858,0,0,1783746737.312725067,0.606496,-0.023130,0.877758,-0.222528,,,0.182723,-0.129392,0.051874,0.860,1.102
search,lower,2,reverse,46.5515,1350.000,1089,rolling,1596.029,1287,1596.367,3.858,0,0,1783746737.312725067,0.606496,-0.023130,0.877758,-0.222528,,,0.182723,-0.129392,0.051874,0.860,1.102
search,lower,2,reverse,46.5735,1350.000,1089,rolling,1595.837,1287,1596.278,3.769,1,14,1783746737.413425684,0.591049,-0.043034,0.880962,-0.229414,-0.0251827,0.0032045,0.207905,-0.154574,0.055078,0.860,1.102
search,lower,2,reverse,46.5851,1350.000,1089,rolling,1595.837,1287,1596.278,3.769,0,0,1783746737.413425684,0.591049,-0.043034,0.880962,-0.229414,,,0.207905,-0.154574,0.055078,0.860,1.102
search,lower,2,reverse,46.6069,1350.000,1089,rolling,1595.837,1287,1596.278,3.769,0,0,1783746737.413425684,0.591049,-0.043034,0.880962,-0.229414,,,0.207905,-0.154574,0.055078,0.860,1.102
search,lower,2,reverse,46.6285,1350.000,1089,rolling,1595.837,1287,1596.278,3.769,0,0,1783746737.413425684,0.591049,-0.043034,0.880962,-0.229414,,,0.207905,-0.154574,0.055078,0.842,1.121
search,lower,2,reverse,46.6493,1350.000,1089,rolling,1595.902,1287,1596.215,3.706,1,15,1783746737.513645172,0.579556,-0.058905,0.885363,-0.220851,-0.0195589,0.0044009,0.227464,-0.174133,0.059479,0.842,1.121
search,lower,2,reverse,46.6685,1350.000,1089,rolling,1595.902,1287,1596.215,3.706,0,0,1783746737.513645172,0.579556,-0.058905,0.885363,-0.220851,,,0.227464,-0.174133,0.059479,0.842,1.121
search,lower,2,reverse,46.6901,1350.000,1089,rolling,1595.902,1287,1596.215,3.706,0,0,1783746737.513645172,0.579556,-0.058905,0.885363,-0.220851,,,0.227464,-0.174133,0.059479,0.842,1.121
search,lower,2,reverse,46.7117,1350.000,1089,rolling,1595.902,1287,1596.215,3.706,0,0,1783746737.513645172,0.579556,-0.058905,0.885363,-0.220851,,,0.227464,-0.174133,0.059479,0.842,1.121
search,lower,2,reverse,46.7333,1350.000,1089,rolling,1595.902,1287,1596.215,3.706,0,0,1783746737.513645172,0.579556,-0.058905,0.885363,-0.220851,,,0.227464,-0.174133,0.059479,0.825,1.139
search,lower,2,reverse,46.7494,1350.000,1089,rolling,1595.902,1287,1596.215,3.706,0,0,1783746737.513645172,0.579556,-0.058905,0.885363,-0.220851,,,0.227464,-0.174133,0.059479,0.825,1.139
search,lower,2,reverse,46.7714,1350.000,1089,rolling,1595.823,1287,1596.151,3.642,1,16,1783746737.611323118,0.564193,-0.074747,0.894761,-0.221894,-0.0219799,0.0093977,0.249444,-0.196113,0.068877,0.825,1.139
search,lower,2,reverse,46.7732,1350.000,1089,rolling,1595.823,1287,1596.151,3.642,0,0,1783746737.611323118,0.564193,-0.074747,0.894761,-0.221894,,,0.249444,-0.196113,0.068877,0.825,1.139
search,lower,2,reverse,46.7947,1350.000,1089,rolling,1595.823,1287,1596.151,3.642,0,0,1783746737.611323118,0.564193,-0.074747,0.894761,-0.221894,,,0.249444,-0.196113,0.068877,0.825,1.139
search,lower,2,reverse,46.8164,1350.000,1089,rolling,1595.823,1287,1596.151,3.642,0,0,1783746737.611323118,0.564193,-0.074747,0.894761,-0.221894,,,0.249444,-0.196113,0.068877,0.825,1.139
search,lower,2,reverse,46.8379,1350.000,1089,rolling,1595.823,1287,1596.151,3.642,0,0,1783746737.611323118,0.564193,-0.074747,0.894761,-0.221894,,,0.249444,-0.196113,0.068877,0.803,1.159
search,lower,2,reverse,46.8499,1350.000,1089,rolling,1595.664,1287,1596.070,3.561,1,17,1783746737.711439133,0.551307,-0.095507,0.904710,-0.227030,-0.0242717,0.0099490,0.273716,-0.220385,0.078826,0.803,1.159
search,lower,2,reverse,46.8645,1350.000,1089,rolling,1595.664,1287,1596.070,3.561,0,0,1783746737.711439133,0.551307,-0.095507,0.904710,-0.227030,,,0.273716,-0.220385,0.078826,0.803,1.159
search,lower,2,reverse,46.8861,1350.000,1089,rolling,1595.664,1287,1596.070,3.561,0,0,1783746737.711439133,0.551307,-0.095507,0.904710,-0.227030,,,0.273716,-0.220385,0.078826,0.803,1.159
search,lower,2,reverse,46.9078,1350.000,1089,rolling,1595.664,1287,1596.070,3.561,0,0,1783746737.711439133,0.551307,-0.095507,0.904710,-0.227030,,,0.273716,-0.220385,0.078826,0.803,1.159
search,lower,2,reverse,46.9297,1350.000,1089,rolling,1595.664,1287,1596.070,3.561,0,0,1783746737.711439133,0.551307,-0.095507,0.904710,-0.227030,,,0.273716,-0.220385,0.078826,0.786,1.180
search,lower,2,reverse,46.9475,1350.000,1089,rolling,1595.664,1287,1596.070,3.561,0,0,1783746737.711439133,0.551307,-0.095507,0.904710,-0.227030,,,0.273716,-0.220385,0.078826,0.786,1.180
search,lower,2,reverse,46.9697,1350.000,1089,rolling,1595.451,1287,1595.966,3.457,1,18,1783746737.812021255,0.533529,-0.114332,0.912936,-0.234339,-0.0257758,0.0082263,0.299492,-0.246160,0.087052,0.786,1.180
search,lower,2,reverse,46.9717,1350.000,1089,rolling,1595.451,1287,1595.966,3.457,0,0,1783746737.812021255,0.533529,-0.114332,0.912936,-0.234339,,,0.299492,-0.246160,0.087052,0.786,1.180
search,lower,2,reverse,46.9936,1350.000,1089,rolling,1595.451,1287,1595.966,3.457,0,0,1783746737.812021255,0.533529,-0.114332,0.912936,-0.234339,,,0.299492,-0.246160,0.087052,0.786,1.180
search,lower,2,reverse,47.0153,1350.000,1089,rolling,1595.451,1287,1595.966,3.457,0,0,1783746737.812021255,0.533529,-0.114332,0.912936,-0.234339,,,0.299492,-0.246160,0.087052,0.786,1.180
search,lower,2,reverse,47.0368,1350.000,1089,rolling,1595.451,1287,1595.966,3.457,0,0,1783746737.812021255,0.533529,-0.114332,0.912936,-0.234339,,,0.299492,-0.246160,0.087052,0.767,1.197
search,lower,2,reverse,47.0486,1350.000,1089,rolling,1595.323,1287,1595.861,3.352,1,19,1783746737.909736872,0.526661,-0.138657,0.922286,-0.235857,-0.0234919,0.0093493,0.322983,-0.269652,0.096402,0.767,1.197
search,lower,2,reverse,47.0625,1350.000,1089,rolling,1595.323,1287,1595.861,3.352,0,0,1783746737.909736872,0.526661,-0.138657,0.922286,-0.235857,,,0.322983,-0.269652,0.096402,0.767,1.197
search,lower,2,reverse,47.0841,1350.000,1089,rolling,1595.323,1287,1595.861,3.352,0,0,1783746737.909736872,0.526661,-0.138657,0.922286,-0.235857,,,0.322983,-0.269652,0.096402,0.767,1.197
search,lower,2,reverse,47.1057,1350.000,1089,rolling,1595.323,1287,1595.861,3.352,0,0,1783746737.909736872,0.526661,-0.138657,0.922286,-0.235857,,,0.322983,-0.269652,0.096402,0.767,1.197
search,lower,2,reverse,47.1272,1350.000,1089,rolling,1595.323,1287,1595.861,3.352,0,0,1783746737.909736872,0.526661,-0.138657,0.922286,-0.235857,,,0.322983,-0.269652,0.096402,0.749,1.214
search,lower,2,reverse,47.1484,1350.000,1089,rolling,1595.374,1287,1595.779,3.271,1,20,1783746738.010658026,0.516013,-0.155957,0.931004,-0.227000,-0.0202276,0.0087189,0.343211,-0.289880,0.105121,0.749,1.214
search,lower,2,reverse,47.1656,1350.000,1089,rolling,1595.374,1287,1595.779,3.271,0,0,1783746738.010658026,0.516013,-0.155957,0.931004,-0.227000,,,0.343211,-0.289880,0.105121,0.749,1.214
search,lower,2,reverse,47.1872,1350.000,1089,rolling,1595.374,1287,1595.779,3.271,0,0,1783746738.010658026,0.516013,-0.155957,0.931004,-0.227000,,,0.343211,-0.289880,0.105121,0.749,1.214
search,lower,2,reverse,47.2089,1350.000,1089,rolling,1595.374,1287,1595.779,3.271,0,0,1783746738.010658026,0.516013,-0.155957,0.931004,-0.227000,,,0.343211,-0.289880,0.105121,0.749,1.214
search,lower,2,reverse,47.2304,1350.000,1089,rolling,1595.374,1287,1595.779,3.271,0,0,1783746738.010658026,0.516013,-0.155957,0.931004,-0.227000,,,0.343211,-0.289880,0.105121,0.734,1.231
search,lower,2,reverse,47.2490,1350.000,1089,rolling,1595.554,1287,1595.742,3.233,1,21,1783746738.110452652,0.502362,-0.166861,0.937802,-0.212542,-0.0168821,0.0067972,0.360093,-0.306762,0.111918,0.734,1.231
search,lower,2,reverse,47.2703,1350.000,1089,rolling,1595.554,1287,1595.742,3.233,0,0,1783746738.110452652,0.502362,-0.166861,0.937802,-0.212542,,,0.360093,-0.306762,0.111918,0.734,1.231
search,lower,2,reverse,47.2920,1350.000,1089,rolling,1595.554,1287,1595.742,3.233,0,0,1783746738.110452652,0.502362,-0.166861,0.937802,-0.212542,,,0.360093,-0.306762,0.111918,0.734,1.231
search,lower,2,reverse,47.3135,1350.000,1089,rolling,1595.554,1287,1595.742,3.233,0,0,1783746738.110452652,0.502362,-0.166861,0.937802,-0.212542,,,0.360093,-0.306762,0.111918,0.734,1.231
search,lower,2,reverse,47.3351,1350.000,1089,rolling,1595.554,1287,1595.742,3.233,0,0,1783746738.110452652,0.502362,-0.166861,0.937802,-0.212542,,,0.360093,-0.306762,0.111918,0.726,1.245
search,lower,2,reverse,47.3493,1350.000,1089,rolling,1595.376,1287,1595.680,3.172,1,22,1783746738.211067915,0.489739,-0.187995,0.945947,-0.220321,-0.0245158,0.0081459,0.384609,-0.331278,0.120064,0.726,1.245
search,lower,2,reverse,47.3646,1350.000,1089,rolling,1595.376,1287,1595.680,3.172,0,0,1783746738.211067915,0.489739,-0.187995,0.945947,-0.220321,,,0.384609,-0.331278,0.120064,0.726,1.245
search,lower,2,reverse,47.3863,1350.000,1089,rolling,1595.376,1287,1595.680,3.172,0,0,1783746738.211067915,0.489739,-0.187995,0.945947,-0.220321,,,0.384609,-0.331278,0.120064,0.726,1.245
search,lower,2,reverse,47.4078,1350.000,1089,rolling,1595.376,1287,1595.680,3.172,0,0,1783746738.211067915,0.489739,-0.187995,0.945947,-0.220321,,,0.384609,-0.331278,0.120064,0.726,1.245
search,lower,2,reverse,47.4293,1350.000,1089,rolling,1595.376,1287,1595.680,3.172,0,0,1783746738.211067915,0.489739,-0.187995,0.945947,-0.220321,,,0.384609,-0.331278,0.120064,0.711,1.263
search,lower,2,reverse,47.4502,1350.000,1089,rolling,1595.542,1287,1595.657,3.149,1,23,1783746738.311440229,0.476558,-0.199516,0.951536,-0.207692,-0.0170434,0.0055882,0.401652,-0.348321,0.125652,0.711,1.263
search,lower,2,reverse,47.4672,1350.000,1089,rolling,1595.542,1287,1595.657,3.149,0,0,1783746738.311440229,0.476558,-0.199516,0.951536,-0.207692,,,0.401652,-0.348321,0.125652,0.711,1.263
search,lower,2,reverse,47.4888,1350.000,1089,rolling,1595.542,1287,1595.657,3.149,0,0,1783746738.311440229,0.476558,-0.199516,0.951536,-0.207692,,,0.401652,-0.348321,0.125652,0.711,1.263
search,lower,2,reverse,47.5104,1350.000,1089,rolling,1595.542,1287,1595.657,3.149,0,0,1783746738.311440229,0.476558,-0.199516,0.951536,-0.207692,,,0.401652,-0.348321,0.125652,0.711,1.263
search,lower,2,reverse,47.5320,1350.000,1089,rolling,1595.542,1287,1595.657,3.149,0,0,1783746738.311440229,0.476558,-0.199516,0.951536,-0.207692,,,0.401652,-0.348321,0.125652,0.701,1.283
search,lower,2,reverse,47.5502,1350.000,1089,rolling,1595.590,1287,1595.646,3.137,1,24,1783746738.412213802,0.466842,-0.216317,0.957809,-0.203714,-0.0193266,0.0062738,0.420979,-0.367648,0.131926,0.701,1.283
search,lower,2,reverse,47.5662,1350.000,1089,rolling,1595.590,1287,1595.646,3.137,0,0,1783746738.412213802,0.466842,-0.216317,0.957809,-0.203714,,,0.420979,-0.367648,0.131926,0.701,1.283
search,lower,2,reverse,47.5878,1350.000,1089,rolling,1595.590,1287,1595.646,3.137,0,0,1783746738.412213802,0.466842,-0.216317,0.957809,-0.203714,,,0.420979,-0.367648,0.131926,0.701,1.283
search,lower,2,reverse,47.6093,1350.000,1089,rolling,1595.590,1287,1595.646,3.137,0,0,1783746738.412213802,0.466842,-0.216317,0.957809,-0.203714,,,0.420979,-0.367648,0.131926,0.701,1.283
search,lower,2,reverse,47.6308,1350.000,1089,rolling,1595.590,1287,1595.646,3.137,0,0,1783746738.412213802,0.466842,-0.216317,0.957809,-0.203714,,,0.420979,-0.367648,0.131926,0.698,1.303
search,lower,2,reverse,47.6514,1350.000,1089,rolling,1595.580,1287,1595.635,3.126,1,25,1783746738.512334108,0.457457,-0.234617,0.964798,-0.203669,-0.0203779,0.0069881,0.441357,-0.388026,0.138914,0.698,1.303
search,lower,2,reverse,47.6598,1350.000,1089,rolling,1595.580,1287,1595.635,3.126,0,0,1783746738.512334108,0.457457,-0.234617,0.964798,-0.203669,,,0.441357,-0.388026,0.138914,0.698,1.303
search,lower,2,reverse,47.6815,1350.000,1089,rolling,1595.580,1287,1595.635,3.126,0,0,1783746738.512334108,0.457457,-0.234617,0.964798,-0.203669,,,0.441357,-0.388026,0.138914,0.698,1.303
search,lower,2,reverse,47.7031,1350.000,1089,rolling,1595.580,1287,1595.635,3.126,0,0,1783746738.512334108,0.457457,-0.234617,0.964798,-0.203669,,,0.441357,-0.388026,0.138914,0.698,1.303
search,lower,2,reverse,47.7246,1350.000,1089,rolling,1595.580,1287,1595.635,3.126,0,0,1783746738.512334108,0.457457,-0.234617,0.964798,-0.203669,,,0.441357,-0.388026,0.138914,0.698,1.303
search,lower,2,reverse,47.7464,1350.000,1089,rolling,1595.580,1287,1595.635,3.126,0,0,1783746738.512334108,0.457457,-0.234617,0.964798,-0.203669,,,0.441357,-0.388026,0.138914,0.693,1.322
search,lower,2,reverse,47.7511,1350.000,1089,rolling,1595.255,1286,1595.571,3.063,1,26,1783746738.612934589,0.442441,-0.257655,0.973567,-0.221070,-0.0274914,0.0087698,0.468848,-0.415517,0.147684,0.693,1.322
search,lower,2,reverse,47.7647,1350.000,1089,rolling,1595.255,1286,1595.571,3.063,0,0,1783746738.612934589,0.442441,-0.257655,0.973567,-0.221070,,,0.468848,-0.415517,0.147684,0.693,1.322
search,lower,2,reverse,47.7863,1350.000,1089,rolling,1595.255,1286,1595.571,3.063,0,0,1783746738.612934589,0.442441,-0.257655,0.973567,-0.221070,,,0.468848,-0.415517,0.147684,0.693,1.322
search,lower,2,reverse,47.8078,1350.000,1089,rolling,1595.255,1286,1595.571,3.063,0,0,1783746738.612934589,0.442441,-0.257655,0.973567,-0.221070,,,0.468848,-0.415517,0.147684,0.693,1.322
search,lower,2,reverse,47.8293,1350.000,1089,rolling,1595.255,1286,1595.571,3.063,0,0,1783746738.612934589,0.442441,-0.257655,0.973567,-0.221070,,,0.468848,-0.415517,0.147684,0.685,1.340
search,lower,2,reverse,47.8516,1350.000,1089,rolling,1594.971,1286,1595.471,2.962,1,27,1783746738.713145256,0.427617,-0.280313,0.982475,-0.233346,-0.0270741,0.0089077,0.495922,-0.442591,0.156591,0.685,1.340
search,lower,2,reverse,47.8631,1350.000,1089,rolling,1594.971,1286,1595.471,2.962,0,0,1783746738.713145256,0.427617,-0.280313,0.982475,-0.233346,,,0.495922,-0.442591,0.156591,0.685,1.340
search,lower,2,reverse,47.8848,1350.000,1089,rolling,1594.971,1286,1595.471,2.962,0,0,1783746738.713145256,0.427617,-0.280313,0.982475,-0.233346,,,0.495922,-0.442591,0.156591,0.685,1.340
search,lower,2,reverse,47.9063,1350.000,1089,rolling,1594.971,1286,1595.471,2.962,0,0,1783746738.713145256,0.427617,-0.280313,0.982475,-0.233346,,,0.495922,-0.442591,0.156591,0.685,1.340
search,lower,2,reverse,47.9278,1350.000,1089,rolling,1594.971,1286,1595.471,2.962,0,0,1783746738.713145256,0.427617,-0.280313,0.982475,-0.233346,,,0.495922,-0.442591,0.156591,0.685,1.340
search,lower,2,reverse,47.9494,1350.000,1089,rolling,1594.971,1286,1595.471,2.962,0,0,1783746738.713145256,0.427617,-0.280313,0.982475,-0.233346,,,0.495922,-0.442591,0.156591,0.675,1.360
search,lower,2,reverse,47.9520,1350.000,1089,rolling,1594.919,1286,1595.379,2.870,1,28,1783746738.813730478,0.414247,-0.298316,0.990581,-0.230661,-0.0223912,0.0081064,0.518314,-0.464983,0.164698,0.675,1.360
search,lower,2,reverse,47.9710,1350.000,1089,rolling,1594.919,1286,1595.379,2.870,0,0,1783746738.813730478,0.414247,-0.298316,0.990581,-0.230661,,,0.518314,-0.464983,0.164698,0.675,1.360
search,lower,2,reverse,47.9926,1350.000,1089,rolling,1594.919,1286,1595.379,2.870,0,0,1783746738.813730478,0.414247,-0.298316,0.990581,-0.230661,,,0.518314,-0.464983,0.164698,0.675,1.360
search,lower,2,reverse,48.0141,1350.000,1089,rolling,1594.919,1286,1595.379,2.870,0,0,1783746738.813730478,0.414247,-0.298316,0.990581,-0.230661,,,0.518314,-0.464983,0.164698,0.675,1.360
search,lower,2,reverse,48.0357,1350.000,1089,rolling,1594.919,1286,1595.379,2.870,0,0,1783746738.813730478,0.414247,-0.298316,0.990581,-0.230661,,,0.518314,-0.464983,0.164698,0.669,1.376
search,lower,2,reverse,48.0523,1350.000,1089,rolling,1594.912,1286,1595.301,2.792,1,29,1783746738.914036989,0.399420,-0.313995,0.997461,-0.225904,-0.0212282,0.0068792,0.539542,-0.486211,0.171577,0.669,1.376
search,lower,2,reverse,48.0636,1350.000,1089,rolling,1594.912,1286,1595.301,2.792,0,0,1783746738.914036989,0.399420,-0.313995,0.997461,-0.225904,,,0.539542,-0.486211,0.171577,0.669,1.376
search,lower,2,reverse,48.0853,1350.000,1089,rolling,1594.912,1286,1595.301,2.792,0,0,1783746738.914036989,0.399420,-0.313995,0.997461,-0.225904,,,0.539542,-0.486211,0.171577,0.669,1.376
search,lower,2,reverse,48.1068,1350.000,1089,rolling,1594.912,1286,1595.301,2.792,0,0,1783746738.914036989,0.399420,-0.313995,0.997461,-0.225904,,,0.539542,-0.486211,0.171577,0.669,1.376
search,lower,2,reverse,48.1284,1350.000,1089,rolling,1594.912,1286,1595.301,2.792,0,0,1783746738.914036989,0.399420,-0.313995,0.997461,-0.225904,,,0.539542,-0.486211,0.171577,0.669,1.376
search,lower,2,reverse,48.1499,1350.000,1089,rolling,1594.912,1286,1595.301,2.792,0,0,1783746738.914036989,0.399420,-0.313995,0.997461,-0.225904,,,0.539542,-0.486211,0.171577,0.665,1.393
search,lower,2,reverse,48.1528,1350.000,1089,rolling,1594.948,1286,1595.242,2.733,1,30,1783746739.014473915,0.391566,-0.332883,1.003903,-0.219558,-0.0201394,0.0064421,0.559681,-0.506350,0.178019,0.665,1.393
search,lower,2,reverse,48.1723,1350.000,1089,rolling,1594.948,1286,1595.242,2.733,0,0,1783746739.014473915,0.391566,-0.332883,1.003903,-0.219558,,,0.559681,-0.506350,0.178019,0.665,1.393
search,lower,2,reverse,48.1939,1350.000,1089,rolling,1594.948,1286,1595.242,2.733,0,0,1783746739.014473915,0.391566,-0.332883,1.003903,-0.219558,,,0.559681,-0.506350,0.178019,0.665,1.393
search,lower,2,reverse,48.2155,1350.000,1089,rolling,1594.948,1286,1595.242,2.733,0,0,1783746739.014473915,0.391566,-0.332883,1.003903,-0.219558,,,0.559681,-0.506350,0.178019,0.665,1.393
search,lower,2,reverse,48.2370,1350.000,1089,rolling,1594.948,1286,1595.242,2.733,0,0,1783746739.014473915,0.391566,-0.332883,1.003903,-0.219558,,,0.559681,-0.506350,0.178019,0.660,1.405
search,lower,2,reverse,48.2507,1350.000,1089,rolling,1595.461,1287,1595.278,2.770,1,31,1783746739.114941835,0.387776,-0.341502,1.011092,-0.187838,-0.0093112,0.0071890,0.568992,-0.515661,0.185208,0.660,1.405
search,lower,2,reverse,48.2659,1350.000,1089,rolling,1595.461,1287,1595.278,2.770,0,0,1783746739.114941835,0.387776,-0.341502,1.011092,-0.187838,,,0.568992,-0.515661,0.185208,0.660,1.405
search,lower,2,reverse,48.2875,1350.000,1089,rolling,1595.461,1287,1595.278,2.770,0,0,1783746739.114941835,0.387776,-0.341502,1.011092,-0.187838,,,0.568992,-0.515661,0.185208,0.660,1.405
search,lower,2,reverse,48.3090,1350.000,1089,rolling,1595.461,1287,1595.278,2.770,0,0,1783746739.114941835,0.387776,-0.341502,1.011092,-0.187838,,,0.568992,-0.515661,0.185208,0.660,1.405
search,lower,2,reverse,48.3305,1350.000,1089,rolling,1595.461,1287,1595.278,2.770,0,0,1783746739.114941835,0.387776,-0.341502,1.011092,-0.187838,,,0.568992,-0.515661,0.185208,0.648,1.420
search,lower,2,reverse,48.3508,1350.000,1089,rolling,1595.914,1287,1595.382,2.874,1,32,1783746739.212693214,0.383952,-0.350032,1.015113,-0.164565,-0.0092617,0.0040215,0.578254,-0.524923,0.189229,0.648,1.420
search,lower,2,reverse,48.3681,1350.000,1089,rolling,1595.914,1287,1595.382,2.874,0,0,1783746739.212693214,0.383952,-0.350032,1.015113,-0.164565,,,0.578254,-0.524923,0.189229,0.648,1.420
search,lower,2,reverse,48.3897,1350.000,1089,rolling,1595.914,1287,1595.382,2.874,0,0,1783746739.212693214,0.383952,-0.350032,1.015113,-0.164565,,,0.578254,-0.524923,0.189229,0.648,1.420
search,lower,2,reverse,48.4112,1350.000,1089,rolling,1595.914,1287,1595.382,2.874,0,0,1783746739.212693214,0.383952,-0.350032,1.015113,-0.164565,,,0.578254,-0.524923,0.189229,0.648,1.420
search,lower,2,reverse,48.4327,1350.000,1089,rolling,1595.914,1287,1595.382,2.874,0,0,1783746739.212693214,0.383952,-0.350032,1.015113,-0.164565,,,0.578254,-0.524923,0.189229,0.645,1.437
search,lower,2,reverse,48.4516,1350.000,1089,rolling,1595.837,1287,1595.458,2.949,1,33,1783746739.312731028,0.372675,-0.367205,1.020770,-0.174745,-0.0205362,0.0056566,0.598790,-0.545459,0.194886,0.645,1.437
search,lower,2,reverse,48.4689,1350.000,1089,rolling,1595.837,1287,1595.458,2.949,0,0,1783746739.312731028,0.372675,-0.367205,1.020770,-0.174745,,,0.598790,-0.545459,0.194886,0.645,1.437
search,lower,2,reverse,48.4905,1350.000,1089,rolling,1595.837,1287,1595.458,2.949,0,0,1783746739.312731028,0.372675,-0.367205,1.020770,-0.174745,,,0.598790,-0.545459,0.194886,0.645,1.437
search,lower,2,reverse,48.5121,1350.000,1089,rolling,1595.837,1287,1595.458,2.949,0,0,1783746739.312731028,0.372675,-0.367205,1.020770,-0.174745,,,0.598790,-0.545459,0.194886,0.645,1.437
search,lower,2,reverse,48.5337,1350.000,1089,rolling,1595.837,1287,1595.458,2.949,0,0,1783746739.312731028,0.372675,-0.367205,1.020770,-0.174745,,,0.598790,-0.545459,0.194886,0.641,1.456
search,lower,2,reverse,48.5494,1350.000,1089,rolling,1595.866,1287,1595.527,3.018,1,34,1783746739.413588762,0.361078,-0.382028,1.024322,-0.177399,-0.0186952,0.0035523,0.617485,-0.564154,0.198438,0.641,1.456
search,lower,2,reverse,48.5635,1350.000,1089,rolling,1595.866,1287,1595.527,3.018,0,0,1783746739.413588762,0.361078,-0.382028,1.024322,-0.177399,,,0.617485,-0.564154,0.198438,0.641,1.456
search,lower,2,reverse,48.5852,1350.000,1089,rolling,1595.866,1287,1595.527,3.018,0,0,1783746739.413588762,0.361078,-0.382028,1.024322,-0.177399,,,0.617485,-0.564154,0.198438,0.641,1.456
search,lower,2,reverse,48.6067,1350.000,1089,rolling,1595.866,1287,1595.527,3.018,0,0,1783746739.413588762,0.361078,-0.382028,1.024322,-0.177399,,,0.617485,-0.564154,0.198438,0.641,1.456
search,lower,2,reverse,48.6282,1350.000,1089,rolling,1595.866,1287,1595.527,3.018,0,0,1783746739.413588762,0.361078,-0.382028,1.024322,-0.177399,,,0.617485,-0.564154,0.198438,0.633,1.477
search,lower,2,reverse,48.6496,1350.000,1089,rolling,1595.866,1287,1595.527,3.018,0,0,1783746739.413588762,0.361078,-0.382028,1.024322,-0.177399,,,0.617485,-0.564154,0.198438,0.633,1.477
search,lower,2,reverse,48.6716,1350.000,1089,rolling,1595.616,1287,1595.541,3.032,1,35,1783746739.511351585,0.353523,-0.405759,1.034416,-0.195010,-0.0242298,0.0100941,0.641715,-0.588384,0.208532,0.633,1.477
search,lower,2,reverse,48.6779,1350.000,1089,rolling,1595.616,1287,1595.541,3.032,0,0,1783746739.511351585,0.353523,-0.405759,1.034416,-0.195010,,,0.641715,-0.588384,0.208532,0.633,1.477
search,lower,2,reverse,48.6995,1350.000,1089,rolling,1595.616,1287,1595.541,3.032,0,0,1783746739.511351585,0.353523,-0.405759,1.034416,-0.195010,,,0.641715,-0.588384,0.208532,0.633,1.477
search,lower,2,reverse,48.7211,1350.000,1089,rolling,1595.616,1287,1595.541,3.032,0,0,1783746739.511351585,0.353523,-0.405759,1.034416,-0.195010,,,0.641715,-0.588384,0.208532,0.633,1.477
search,lower,2,reverse,48.7426,1350.000,1089,rolling,1595.616,1287,1595.541,3.032,0,0,1783746739.511351585,0.353523,-0.405759,1.034416,-0.195010,,,0.641715,-0.588384,0.208532,0.614,1.496
search,lower,2,reverse,48.7500,1350.000,1089,rolling,1595.380,1287,1595.514,3.006,1,36,1783746739.611665249,0.345645,-0.430304,1.044769,-0.208944,-0.0251533,0.0103532,0.666869,-0.613537,0.218886,0.614,1.496
search,lower,2,reverse,48.7657,1350.000,1089,rolling,1595.380,1287,1595.514,3.006,0,0,1783746739.611665249,0.345645,-0.430304,1.044769,-0.208944,,,0.666869,-0.613537,0.218886,0.614,1.496
search,lower,2,reverse,48.7875,1350.000,1089,rolling,1595.380,1287,1595.514,3.006,0,0,1783746739.611665249,0.345645,-0.430304,1.044769,-0.208944,,,0.666869,-0.613537,0.218886,0.614,1.496
search,lower,2,reverse,48.8091,1350.000,1089,rolling,1595.380,1287,1595.514,3.006,0,0,1783746739.611665249,0.345645,-0.430304,1.044769,-0.208944,,,0.666869,-0.613537,0.218886,0.614,1.496
search,lower,2,reverse,48.8307,1350.000,1089,rolling,1595.380,1287,1595.514,3.006,0,0,1783746739.611665249,0.345645,-0.430304,1.044769,-0.208944,,,0.666869,-0.613537,0.218886,0.598,1.516
search,lower,2,reverse,48.8504,1350.000,1089,rolling,1595.395,1287,1595.494,2.986,1,37,1783746739.711962700,0.334743,-0.447123,1.052446,-0.206599,-0.0200155,0.0076762,0.686884,-0.633553,0.226562,0.598,1.516
search,lower,2,reverse,48.8685,1350.000,1089,rolling,1595.395,1287,1595.494,2.986,0,0,1783746739.711962700,0.334743,-0.447123,1.052446,-0.206599,,,0.686884,-0.633553,0.226562,0.598,1.516
search,lower,2,reverse,48.8901,1350.000,1089,rolling,1595.395,1287,1595.494,2.986,0,0,1783746739.711962700,0.334743,-0.447123,1.052446,-0.206599,,,0.686884,-0.633553,0.226562,0.598,1.516
search,lower,2,reverse,48.9117,1350.000,1089,rolling,1595.395,1287,1595.494,2.986,0,0,1783746739.711962700,0.334743,-0.447123,1.052446,-0.206599,,,0.686884,-0.633553,0.226562,0.598,1.516
search,lower,2,reverse,48.9332,1350.000,1089,rolling,1595.395,1287,1595.494,2.986,0,0,1783746739.711962700,0.334743,-0.447123,1.052446,-0.206599,,,0.686884,-0.633553,0.226562,0.586,1.536
search,lower,2,reverse,48.9484,1350.000,1089,rolling,1595.273,1287,1595.457,2.949,1,38,1783746739.812516212,0.321667,-0.466220,1.061165,-0.212276,-0.0230577,0.0087194,0.709942,-0.656611,0.235281,0.586,1.536
search,lower,2,reverse,48.9707,1350.000,1089,rolling,1595.273,1287,1595.457,2.949,0,0,1783746739.812516212,0.321667,-0.466220,1.061165,-0.212276,,,0.709942,-0.656611,0.235281,0.586,1.536
search,lower,2,reverse,48.9720,1350.000,1089,rolling,1595.273,1287,1595.457,2.949,0,0,1783746739.812516212,0.321667,-0.466220,1.061165,-0.212276,,,0.709942,-0.656611,0.235281,0.586,1.536
search,lower,2,reverse,48.9937,1350.000,1089,rolling,1595.273,1287,1595.457,2.949,0,0,1783746739.812516212,0.321667,-0.466220,1.061165,-0.212276,,,0.709942,-0.656611,0.235281,0.586,1.536
search,lower,2,reverse,49.0154,1350.000,1089,rolling,1595.273,1287,1595.457,2.949,0,0,1783746739.812516212,0.321667,-0.466220,1.061165,-0.212276,,,0.709942,-0.656611,0.235281,0.586,1.536
search,lower,2,reverse,49.0372,1350.000,1089,rolling,1595.273,1287,1595.457,2.949,0,0,1783746739.812516212,0.321667,-0.466220,1.061165,-0.212276,,,0.709942,-0.656611,0.235281,0.585,1.553
search,lower,2,reverse,49.0492,1350.000,1089,rolling,1595.472,1287,1595.460,2.951,1,39,1783746739.910497904,0.312451,-0.479020,1.070723,-0.199168,-0.0156616,0.0095580,0.725603,-0.672272,0.244839,0.585,1.553
search,lower,2,reverse,49.0673,1350.000,1089,rolling,1595.472,1287,1595.460,2.951,0,0,1783746739.910497904,0.312451,-0.479020,1.070723,-0.199168,,,0.725603,-0.672272,0.244839,0.585,1.553
search,lower,2,reverse,49.0891,1350.000,1089,rolling,1595.472,1287,1595.460,2.951,0,0,1783746739.910497904,0.312451,-0.479020,1.070723,-0.199168,,,0.725603,-0.672272,0.244839,0.585,1.553
search,lower,2,reverse,49.1108,1350.000,1089,rolling,1595.472,1287,1595.460,2.951,0,0,1783746739.910497904,0.312451,-0.479020,1.070723,-0.199168,,,0.725603,-0.672272,0.244839,0.585,1.553
search,lower,2,reverse,49.1324,1350.000,1089,rolling,1595.472,1287,1595.460,2.951,0,0,1783746739.910497904,0.312451,-0.479020,1.070723,-0.199168,,,0.725603,-0.672272,0.244839,0.577,1.571
search,lower,2,reverse,49.1490,1350.000,1089,rolling,1595.472,1287,1595.460,2.951,0,0,1783746739.910497904,0.312451,-0.479020,1.070723,-0.199168,,,0.725603,-0.672272,0.244839,0.577,1.571
search,lower,2,reverse,49.1709,1350.000,1089,rolling,1595.536,1287,1595.473,2.964,1,40,1783746740.011095762,0.302640,-0.494941,1.076022,-0.195780,-0.0186729,0.0052988,0.744276,-0.690945,0.250138,0.577,1.571
search,lower,2,reverse,49.1731,1350.000,1089,rolling,1595.536,1287,1595.473,2.964,0,0,1783746740.011095762,0.302640,-0.494941,1.076022,-0.195780,,,0.744276,-0.690945,0.250138,0.577,1.571
search,lower,2,reverse,49.1947,1350.000,1089,rolling,1595.536,1287,1595.473,2.964,0,0,1783746740.011095762,0.302640,-0.494941,1.076022,-0.195780,,,0.744276,-0.690945,0.250138,0.577,1.571
search,lower,2,reverse,49.2162,1350.000,1089,rolling,1595.536,1287,1595.473,2.964,0,0,1783746740.011095762,0.302640,-0.494941,1.076022,-0.195780,,,0.744276,-0.690945,0.250138,0.577,1.571
search,lower,2,reverse,49.2378,1350.000,1089,rolling,1595.536,1287,1595.473,2.964,0,0,1783746740.011095762,0.302640,-0.494941,1.076022,-0.195780,,,0.744276,-0.690945,0.250138,0.570,1.590
search,lower,2,reverse,49.2495,1350.000,1089,rolling,1595.643,1287,1595.501,2.992,1,41,1783746740.111034155,0.294045,-0.510162,1.081479,-0.190553,-0.0174764,0.0054573,0.761753,-0.708422,0.255595,0.570,1.590
search,lower,3,forward,51.4471,1295.998,1045,startup,1416.670,1142,1413.910,-5.473,1,1,1783746742.309465885,0.268919,-0.545692,1.099918,-0.007733,-0.0004077,0.0000867,0.000408,0.000000,0.000000,1.260,1.617
search,lower,3,forward,51.4558,1295.998,1045,startup,1416.670,1142,1413.910,-5.473,0,0,1783746742.309465885,0.268919,-0.545692,1.099918,-0.007733,,,0.000408,0.000000,0.000000,1.260,1.617
search,lower,3,forward,51.4775,1295.998,1045,startup,1416.670,1142,1413.910,-5.473,0,0,1783746742.309465885,0.268919,-0.545692,1.099918,-0.007733,,,0.000408,0.000000,0.000000,1.260,1.617
search,lower,3,forward,51.4990,1295.998,1045,startup,1416.670,1142,1413.910,-5.473,0,0,1783746742.309465885,0.268919,-0.545692,1.099918,-0.007733,,,0.000408,0.000000,0.000000,1.260,1.617
search,lower,3,forward,51.5207,1295.998,1045,startup,1416.670,1142,1413.910,-5.473,0,0,1783746742.309465885,0.268919,-0.545692,1.099918,-0.007733,,,0.000408,0.000000,0.000000,1.260,1.617
search,lower,3,forward,51.5422,1295.998,1045,startup,1416.670,1142,1413.910,-5.473,0,0,1783746742.309465885,0.268919,-0.545692,1.099918,-0.007733,,,0.000408,0.000000,0.000000,0.552,1.616
search,lower,3,forward,51.5484,1295.998,1045,startup,1415.430,1141,1413.910,-5.473,1,2,1783746742.410158634,0.271664,-0.545840,1.099846,-0.003035,0.0011135,-0.0000727,0.001521,0.000000,0.000000,0.552,1.616
search,lower,3,forward,51.5599,1295.998,1045,startup,1415.430,1141,1413.910,-5.473,0,0,1783746742.410158634,0.271664,-0.545840,1.099846,-0.003035,,,0.001521,0.000000,0.000000,0.552,1.616
search,lower,3,forward,51.5815,1295.998,1045,startup,1415.430,1141,1413.910,-5.473,0,0,1783746742.410158634,0.271664,-0.545840,1.099846,-0.003035,,,0.001521,0.000000,0.000000,0.552,1.616
search,lower,3,forward,51.6030,1295.998,1045,startup,1415.430,1141,1413.910,-5.473,0,0,1783746742.410158634,0.271664,-0.545840,1.099846,-0.003035,,,0.001521,0.000000,0.000000,0.552,1.616
search,lower,3,forward,51.6245,1295.998,1045,startup,1415.430,1141,1413.910,-5.473,0,0,1783746742.410158634,0.271664,-0.545840,1.099846,-0.003035,,,0.001521,0.000000,0.000000,0.552,1.616
search,lower,3,forward,51.6460,1295.998,1045,startup,1415.430,1141,1413.910,-5.473,0,0,1783746742.410158634,0.271664,-0.545840,1.099846,-0.003035,,,0.001521,0.000000,0.000000,0.555,1.609
search,lower,3,forward,51.6485,1295.998,1045,startup,1414.190,1140,1413.910,-5.473,1,3,1783746742.510511398,0.276669,-0.540994,1.099334,0.014139,0.0065894,-0.0005120,0.008111,0.000000,0.000000,0.555,1.609
search,lower,3,forward,51.6665,1295.998,1045,startup,1414.190,1140,1413.910,-5.473,0,0,1783746742.510511398,0.276669,-0.540994,1.099334,0.014139,,,0.008111,0.000000,0.000000,0.555,1.609
search,lower,3,forward,51.6883,1295.998,1045,startup,1414.190,1140,1413.910,-5.473,0,0,1783746742.510511398,0.276669,-0.540994,1.099334,0.014139,,,0.008111,0.000000,0.000000,0.555,1.609
search,lower,3,forward,51.7098,1295.998,1045,startup,1414.190,1140,1413.910,-5.473,0,0,1783746742.510511398,0.276669,-0.540994,1.099334,0.014139,,,0.008111,0.000000,0.000000,0.555,1.609
search,lower,3,forward,51.7314,1295.998,1045,startup,1414.190,1140,1413.910,-5.473,0,0,1783746742.510511398,0.276669,-0.540994,1.099334,0.014139,,,0.008111,0.000000,0.000000,0.555,1.599
search,lower,3,forward,51.7466,1295.998,1045,startup,1412.950,1139,1413.910,-5.473,1,4,1783746742.610719681,0.275236,-0.532450,1.098249,0.027965,0.0069587,-0.0010841,0.015069,0.000000,0.000000,0.555,1.599
search,lower,3,forward,51.7654,1295.998,1045,startup,1412.950,1139,1413.910,-5.473,0,0,1783746742.610719681,0.275236,-0.532450,1.098249,0.027965,,,0.015069,0.000000,0.000000,0.555,1.599
search,lower,3,forward,51.7870,1295.998,1045,startup,1412.950,1139,1413.910,-5.473,0,0,1783746742.610719681,0.275236,-0.532450,1.098249,0.027965,,,0.015069,0.000000,0.000000,0.555,1.599
search,lower,3,forward,51.8085,1295.998,1045,startup,1412.950,1139,1413.910,-5.473,0,0,1783746742.610719681,0.275236,-0.532450,1.098249,0.027965,,,0.015069,0.000000,0.000000,0.555,1.599
search,lower,3,forward,51.8301,1295.998,1045,startup,1412.950,1139,1413.910,-5.473,0,0,1783746742.610719681,0.275236,-0.532450,1.098249,0.027965,,,0.015069,0.000000,0.000000,0.564,1.586
search,lower,3,forward,51.8470,1295.998,1045,startup,1409.850,1137,1413.910,-5.473,1,5,1783746742.708653450,0.280976,-0.523570,1.092728,0.047834,0.0105223,-0.0055215,0.025592,0.000000,0.000000,0.564,1.586
search,lower,3,forward,51.8662,1295.998,1045,startup,1409.850,1137,1413.910,-5.473,0,0,1783746742.708653450,0.280976,-0.523570,1.092728,0.047834,,,0.025592,0.000000,0.000000,0.564,1.586
search,lower,3,forward,51.8878,1295.998,1045,startup,1409.850,1137,1413.910,-5.473,0,0,1783746742.708653450,0.280976,-0.523570,1.092728,0.047834,,,0.025592,0.000000,0.000000,0.564,1.586
search,lower,3,forward,51.9093,1295.998,1045,startup,1409.850,1137,1413.910,-5.473,0,0,1783746742.708653450,0.280976,-0.523570,1.092728,0.047834,,,0.025592,0.000000,0.000000,0.564,1.586
search,lower,3,forward,51.9312,1295.998,1045,startup,1409.850,1137,1413.910,-5.473,0,0,1783746742.708653450,0.280976,-0.523570,1.092728,0.047834,,,0.025592,0.000000,0.000000,0.570,1.570
search,lower,3,forward,51.9478,1295.998,1045,rolling,1413.910,1140,1413.910,-5.473,1,6,1783746742.809206486,0.289674,-0.512024,1.087210,0.071330,0.0142602,-0.0055178,0.039852,0.000000,0.000000,0.570,1.570
search,lower,3,forward,51.9642,1295.998,1045,rolling,1413.910,1140,1413.910,-5.473,0,0,1783746742.809206486,0.289674,-0.512024,1.087210,0.071330,,,0.039852,0.000000,0.000000,0.570,1.570
search,lower,3,forward,51.9860,1295.998,1045,rolling,1413.910,1140,1413.910,-5.473,0,0,1783746742.809206486,0.289674,-0.512024,1.087210,0.071330,,,0.039852,0.000000,0.000000,0.570,1.570
search,lower,3,forward,52.0077,1295.998,1045,rolling,1413.910,1140,1413.910,-5.473,0,0,1783746742.809206486,0.289674,-0.512024,1.087210,0.071330,,,0.039852,0.000000,0.000000,0.570,1.570
search,lower,3,forward,52.0293,1295.998,1045,rolling,1413.910,1140,1413.910,-5.473,0,0,1783746742.809206486,0.289674,-0.512024,1.087210,0.071330,,,0.039852,0.000000,0.000000,0.571,1.552
search,lower,3,forward,52.0480,1295.998,1045,rolling,1411.606,1138,1413.609,-5.775,1,7,1783746742.909701824,0.299689,-0.496232,1.083240,0.099870,0.0186407,-0.0039707,0.058492,0.000000,0.000000,0.571,1.552
search,lower,3,forward,52.0589,1295.998,1045,rolling,1411.606,1138,1413.609,-5.775,0,0,1783746742.909701824,0.299689,-0.496232,1.083240,0.099870,,,0.058492,0.000000,0.000000,0.571,1.552
search,lower,3,forward,52.0805,1295.998,1045,rolling,1411.606,1138,1413.609,-5.775,0,0,1783746742.909701824,0.299689,-0.496232,1.083240,0.099870,,,0.058492,0.000000,0.000000,0.571,1.552
search,lower,3,forward,52.1021,1295.998,1045,rolling,1411.606,1138,1413.609,-5.775,0,0,1783746742.909701824,0.299689,-0.496232,1.083240,0.099870,,,0.058492,0.000000,0.000000,0.571,1.552
search,lower,3,forward,52.1236,1295.998,1045,rolling,1411.606,1138,1413.609,-5.775,0,0,1783746742.909701824,0.299689,-0.496232,1.083240,0.099870,,,0.058492,0.000000,0.000000,0.582,1.532
search,lower,3,forward,52.1456,1295.998,1045,rolling,1411.606,1138,1413.609,-5.775,0,0,1783746742.909701824,0.299689,-0.496232,1.083240,0.099870,,,0.058492,0.000000,0.000000,0.582,1.532
search,lower,3,forward,52.1676,1295.998,1045,rolling,1411.919,1139,1413.388,-5.996,1,8,1783746743.009944439,0.308827,-0.477622,1.073335,0.126574,0.0207189,-0.0099050,0.079211,0.020719,-0.009905,0.582,1.532
search,lower,3,forward,52.1694,1295.998,1045,rolling,1411.919,1139,1413.388,-5.996,0,0,1783746743.009944439,0.308827,-0.477622,1.073335,0.126574,,,0.079211,0.020719,-0.009905,0.582,1.532
search,lower,3,forward,52.1911,1295.998,1045,rolling,1411.919,1139,1413.388,-5.996,0,0,1783746743.009944439,0.308827,-0.477622,1.073335,0.126574,,,0.079211,0.020719,-0.009905,0.582,1.532
search,lower,3,forward,52.2128,1295.998,1045,rolling,1411.919,1139,1413.388,-5.996,0,0,1783746743.009944439,0.308827,-0.477622,1.073335,0.126574,,,0.079211,0.020719,-0.009905,0.582,1.532
search,lower,3,forward,52.2344,1295.998,1045,rolling,1411.919,1139,1413.388,-5.996,0,0,1783746743.009944439,0.308827,-0.477622,1.073335,0.126574,,,0.079211,0.020719,-0.009905,0.587,1.510
search,lower,3,forward,52.2458,1295.998,1045,rolling,1412.351,1139,1413.255,-6.128,1,9,1783746743.107628345,0.319046,-0.456548,1.065438,0.154796,0.0233917,-0.0078970,0.102603,0.044111,-0.017802,0.587,1.510
search,lower,3,forward,52.2601,1295.998,1045,rolling,1412.351,1139,1413.255,-6.128,0,0,1783746743.107628345,0.319046,-0.456548,1.065438,0.154796,,,0.102603,0.044111,-0.017802,0.587,1.510
search,lower,3,forward,52.2818,1295.998,1045,rolling,1412.351,1139,1413.255,-6.128,0,0,1783746743.107628345,0.319046,-0.456548,1.065438,0.154796,,,0.102603,0.044111,-0.017802,0.587,1.510
search,lower,3,forward,52.3033,1295.998,1045,rolling,1412.351,1139,1413.255,-6.128,0,0,1783746743.107628345,0.319046,-0.456548,1.065438,0.154796,,,0.102603,0.044111,-0.017802,0.587,1.510
search,lower,3,forward,52.3250,1295.998,1045,rolling,1412.351,1139,1413.255,-6.128,0,0,1783746743.107628345,0.319046,-0.456548,1.065438,0.154796,,,0.102603,0.044111,-0.017802,0.603,1.488
search,lower,3,forward,52.3464,1295.998,1045,rolling,1412.722,1139,1413.186,-6.198,1,10,1783746743.207737923,0.328218,-0.433826,1.054662,0.176795,0.0243056,-0.0107756,0.126909,0.068416,-0.028578,0.603,1.488
search,lower,3,forward,52.3677,1295.998,1045,rolling,1412.722,1139,1413.186,-6.198,0,0,1783746743.207737923,0.328218,-0.433826,1.054662,0.176795,,,0.126909,0.068416,-0.028578,0.603,1.488
search,lower,3,forward,52.3894,1295.998,1045,rolling,1412.722,1139,1413.186,-6.198,0,0,1783746743.207737923,0.328218,-0.433826,1.054662,0.176795,,,0.126909,0.068416,-0.028578,0.603,1.488
search,lower,3,forward,52.4109,1295.998,1045,rolling,1412.722,1139,1413.186,-6.198,0,0,1783746743.207737923,0.328218,-0.433826,1.054662,0.176795,,,0.126909,0.068416,-0.028578,0.603,1.488
search,lower,3,forward,52.4324,1295.998,1045,rolling,1412.722,1139,1413.186,-6.198,0,0,1783746743.207737923,0.328218,-0.433826,1.054662,0.176795,,,0.126909,0.068416,-0.028578,0.619,1.467
search,lower,3,forward,52.4465,1295.998,1045,rolling,1413.243,1140,1413.193,-6.191,1,11,1783746743.308397055,0.340831,-0.408622,1.045065,0.202482,0.0281387,-0.0095971,0.155047,0.096555,-0.038175,0.619,1.467
search,lower,3,forward,52.4650,1295.998,1045,rolling,1413.243,1140,1413.193,-6.191,0,0,1783746743.308397055,0.340831,-0.408622,1.045065,0.202482,,,0.155047,0.096555,-0.038175,0.619,1.467
search,lower,3,forward,52.4868,1295.998,1045,rolling,1413.243,1140,1413.193,-6.191,0,0,1783746743.308397055,0.340831,-0.408622,1.045065,0.202482,,,0.155047,0.096555,-0.038175,0.619,1.467
search,lower,3,forward,52.5084,1295.998,1045,rolling,1413.243,1140,1413.193,-6.191,0,0,1783746743.308397055,0.340831,-0.408622,1.045065,0.202482,,,0.155047,0.096555,-0.038175,0.619,1.467
search,lower,3,forward,52.5299,1295.998,1045,rolling,1413.243,1140,1413.193,-6.191,0,0,1783746743.308397055,0.340831,-0.408622,1.045065,0.202482,,,0.155047,0.096555,-0.038175,0.632,1.448
search,lower,3,forward,52.5443,1295.998,1045,rolling,1413.243,1140,1413.193,-6.191,0,0,1783746743.308397055,0.340831,-0.408622,1.045065,0.202482,,,0.155047,0.096555,-0.038175,0.632,1.448
search,lower,3,forward,52.5662,1295.998,1045,rolling,1413.166,1140,1413.190,-6.194,1,12,1783746743.408646822,0.355132,-0.395171,1.037631,0.198823,0.0188313,-0.0074335,0.173879,0.115386,-0.045608,0.632,1.448
search,lower,3,forward,52.5686,1295.998,1045,rolling,1413.166,1140,1413.190,-6.194,0,0,1783746743.408646822,0.355132,-0.395171,1.037631,0.198823,,,0.173879,0.115386,-0.045608,0.632,1.448
search,lower,3,forward,52.5902,1295.998,1045,rolling,1413.166,1140,1413.190,-6.194,0,0,1783746743.408646822,0.355132,-0.395171,1.037631,0.198823,,,0.173879,0.115386,-0.045608,0.632,1.448
search,lower,3,forward,52.6117,1295.998,1045,rolling,1413.166,1140,1413.190,-6.194,0,0,1783746743.408646822,0.355132,-0.395171,1.037631,0.198823,,,0.173879,0.115386,-0.045608,0.632,1.448
search,lower,3,forward,52.6332,1295.998,1045,rolling,1413.166,1140,1413.190,-6.194,0,0,1783746743.408646822,0.355132,-0.395171,1.037631,0.198823,,,0.173879,0.115386,-0.045608,0.637,1.427
search,lower,3,forward,52.6449,1295.998,1045,rolling,1413.190,1140,1413.190,-6.194,1,13,1783746743.506419420,0.367348,-0.379272,1.029816,0.200029,0.0199111,-0.0078151,0.193790,0.135297,-0.053423,0.637,1.427
search,lower,3,forward,52.6637,1295.998,1045,rolling,1413.190,1140,1413.190,-6.194,0,0,1783746743.506419420,0.367348,-0.379272,1.029816,0.200029,,,0.193790,0.135297,-0.053423,0.637,1.427
search,lower,3,forward,52.6853,1295.998,1045,rolling,1413.190,1140,1413.190,-6.194,0,0,1783746743.506419420,0.367348,-0.379272,1.029816,0.200029,,,0.193790,0.135297,-0.053423,0.637,1.427
search,lower,3,forward,52.7068,1295.998,1045,rolling,1413.190,1140,1413.190,-6.194,0,0,1783746743.506419420,0.367348,-0.379272,1.029816,0.200029,,,0.193790,0.135297,-0.053423,0.637,1.427
search,lower,3,forward,52.7284,1295.998,1045,rolling,1413.190,1140,1413.190,-6.194,0,0,1783746743.506419420,0.367348,-0.379272,1.029816,0.200029,,,0.193790,0.135297,-0.053423,0.646,1.405
search,lower,3,forward,52.7456,1295.998,1045,rolling,1413.423,1140,1413.220,-6.163,1,14,1783746743.607107878,0.381449,-0.359507,1.020854,0.210138,0.0242121,-0.0089618,0.218002,0.159509,-0.062385,0.646,1.405
search,lower,3,forward,52.7548,1295.998,1045,rolling,1413.423,1140,1413.220,-6.163,0,0,1783746743.607107878,0.381449,-0.359507,1.020854,0.210138,,,0.218002,0.159509,-0.062385,0.646,1.405
search,lower,3,forward,52.7765,1295.998,1045,rolling,1413.423,1140,1413.220,-6.163,0,0,1783746743.607107878,0.381449,-0.359507,1.020854,0.210138,,,0.218002,0.159509,-0.062385,0.646,1.405
search,lower,3,forward,52.7979,1295.998,1045,rolling,1413.423,1140,1413.220,-6.163,0,0,1783746743.607107878,0.381449,-0.359507,1.020854,0.210138,,,0.218002,0.159509,-0.062385,0.646,1.405
search,lower,3,forward,52.8195,1295.998,1045,rolling,1413.423,1140,1413.220,-6.163,0,0,1783746743.607107878,0.381449,-0.359507,1.020854,0.210138,,,0.218002,0.159509,-0.062385,0.646,1.405
search,lower,3,forward,52.8410,1295.998,1045,rolling,1413.423,1140,1413.220,-6.163,0,0,1783746743.607107878,0.381449,-0.359507,1.020854,0.210138,,,0.218002,0.159509,-0.062385,0.663,1.383
search,lower,3,forward,52.8459,1295.998,1045,rolling,1413.673,1140,1413.280,-6.104,1,15,1783746743.707574368,0.389116,-0.334909,1.009307,0.219669,0.0249419,-0.0115478,0.242944,0.184451,-0.073933,0.663,1.383
search,lower,3,forward,52.8586,1295.998,1045,rolling,1413.673,1140,1413.280,-6.104,0,0,1783746743.707574368,0.389116,-0.334909,1.009307,0.219669,,,0.242944,0.184451,-0.073933,0.663,1.383
search,lower,3,forward,52.8802,1295.998,1045,rolling,1413.673,1140,1413.280,-6.104,0,0,1783746743.707574368,0.389116,-0.334909,1.009307,0.219669,,,0.242944,0.184451,-0.073933,0.663,1.383
search,lower,3,forward,52.9018,1295.998,1045,rolling,1413.673,1140,1413.280,-6.104,0,0,1783746743.707574368,0.389116,-0.334909,1.009307,0.219669,,,0.242944,0.184451,-0.073933,0.663,1.383
search,lower,3,forward,52.9233,1295.998,1045,rolling,1413.673,1140,1413.280,-6.104,0,0,1783746743.707574368,0.389116,-0.334909,1.009307,0.219669,,,0.242944,0.184451,-0.073933,0.663,1.383
search,lower,3,forward,52.9448,1295.998,1045,rolling,1413.673,1140,1413.280,-6.104,0,0,1783746743.707574368,0.389116,-0.334909,1.009307,0.219669,,,0.242944,0.184451,-0.073933,0.666,1.366
search,lower,3,forward,52.9473,1295.998,1045,rolling,1413.475,1140,1413.305,-6.079,1,16,1783746743.808053732,0.395447,-0.318091,0.997095,0.208503,0.0175843,-0.0122118,0.260528,0.202036,-0.086145,0.666,1.366
search,lower,3,forward,52.9644,1295.998,1045,rolling,1413.475,1140,1413.305,-6.079,0,0,1783746743.808053732,0.395447,-0.318091,0.997095,0.208503,,,0.260528,0.202036,-0.086145,0.666,1.366
search,lower,3,forward,52.9861,1295.998,1045,rolling,1413.475,1140,1413.305,-6.079,0,0,1783746743.808053732,0.395447,-0.318091,0.997095,0.208503,,,0.260528,0.202036,-0.086145,0.666,1.366
search,lower,3,forward,53.0076,1295.998,1045,rolling,1413.475,1140,1413.305,-6.079,0,0,1783746743.808053732,0.395447,-0.318091,0.997095,0.208503,,,0.260528,0.202036,-0.086145,0.666,1.366
search,lower,3,forward,53.0291,1295.998,1045,rolling,1413.475,1140,1413.305,-6.079,0,0,1783746743.808053732,0.395447,-0.318091,0.997095,0.208503,,,0.260528,0.202036,-0.086145,0.674,1.347
search,lower,3,forward,53.0449,1295.998,1045,rolling,1413.635,1140,1413.348,-6.035,1,17,1783746743.908545971,0.407629,-0.298213,0.985534,0.214351,0.0233037,-0.0115610,0.283832,0.225339,-0.097706,0.674,1.347
search,lower,3,forward,53.0581,1295.998,1045,rolling,1413.635,1140,1413.348,-6.035,0,0,1783746743.908545971,0.407629,-0.298213,0.985534,0.214351,,,0.283832,0.225339,-0.097706,0.674,1.347
search,lower,3,forward,53.0797,1295.998,1045,rolling,1413.635,1140,1413.348,-6.035,0,0,1783746743.908545971,0.407629,-0.298213,0.985534,0.214351,,,0.283832,0.225339,-0.097706,0.674,1.347
search,lower,3,forward,53.1013,1295.998,1045,rolling,1413.635,1140,1413.348,-6.035,0,0,1783746743.908545971,0.407629,-0.298213,0.985534,0.214351,,,0.283832,0.225339,-0.097706,0.674,1.347
search,lower,3,forward,53.1230,1295.998,1045,rolling,1413.635,1140,1413.348,-6.035,0,0,1783746743.908545971,0.407629,-0.298213,0.985534,0.214351,,,0.283832,0.225339,-0.097706,0.690,1.329
search,lower,3,forward,53.1448,1295.998,1045,rolling,1413.958,1140,1413.427,-5.957,1,18,1783746744.006440878,0.423766,-0.278002,0.974112,0.226584,0.0257740,-0.0114215,0.309606,0.251113,-0.109127,0.690,1.329
search,lower,3,forward,53.1638,1295.998,1045,rolling,1413.958,1140,1413.427,-5.957,0,0,1783746744.006440878,0.423766,-0.278002,0.974112,0.226584,,,0.309606,0.251113,-0.109127,0.690,1.329
search,lower,3,forward,53.1860,1295.998,1045,rolling,1413.958,1140,1413.427,-5.957,0,0,1783746744.006440878,0.423766,-0.278002,0.974112,0.226584,,,0.309606,0.251113,-0.109127,0.690,1.329
search,lower,3,forward,53.2077,1295.998,1045,rolling,1413.958,1140,1413.427,-5.957,0,0,1783746744.006440878,0.423766,-0.278002,0.974112,0.226584,,,0.309606,0.251113,-0.109127,0.690,1.329
search,lower,3,forward,53.2294,1295.998,1045,rolling,1413.958,1140,1413.427,-5.957,0,0,1783746744.006440878,0.423766,-0.278002,0.974112,0.226584,,,0.309606,0.251113,-0.109127,0.695,1.311
search,lower,3,forward,53.2452,1295.998,1045,rolling,1413.958,1140,1413.427,-5.957,0,0,1783746744.006440878,0.423766,-0.278002,0.974112,0.226584,,,0.309606,0.251113,-0.109127,0.695,1.311
search,lower,3,forward,53.2671,1295.998,1045,rolling,1413.823,1140,1413.478,-5.905,1,19,1783746744.106760263,0.434355,-0.262242,0.964957,0.217251,0.0189856,-0.0091556,0.328591,0.270099,-0.118283,0.695,1.311
search,lower,3,forward,53.2699,1295.998,1045,rolling,1413.823,1140,1413.478,-5.905,0,0,1783746744.106760263,0.434355,-0.262242,0.964957,0.217251,,,0.328591,0.270099,-0.118283,0.695,1.311
search,lower,3,forward,53.2915,1295.998,1045,rolling,1413.823,1140,1413.478,-5.905,0,0,1783746744.106760263,0.434355,-0.262242,0.964957,0.217251,,,0.328591,0.270099,-0.118283,0.695,1.311
search,lower,3,forward,53.3131,1295.998,1045,rolling,1413.823,1140,1413.478,-5.905,0,0,1783746744.106760263,0.434355,-0.262242,0.964957,0.217251,,,0.328591,0.270099,-0.118283,0.695,1.311
search,lower,3,forward,53.3346,1295.998,1045,rolling,1413.823,1140,1413.478,-5.905,0,0,1783746744.106760263,0.434355,-0.262242,0.964957,0.217251,,,0.328591,0.270099,-0.118283,0.701,1.293
search,lower,3,forward,53.3455,1295.998,1045,rolling,1414.002,1140,1413.547,-5.837,1,20,1783746744.207135916,0.448088,-0.242537,0.954683,0.222761,0.0240190,-0.0102733,0.352610,0.294118,-0.128556,0.701,1.293
search,lower,3,forward,53.3581,1295.998,1045,rolling,1414.002,1140,1413.547,-5.837,0,0,1783746744.207135916,0.448088,-0.242537,0.954683,0.222761,,,0.352610,0.294118,-0.128556,0.701,1.293
search,lower,3,forward,53.3798,1295.998,1045,rolling,1414.002,1140,1413.547,-5.837,0,0,1783746744.207135916,0.448088,-0.242537,0.954683,0.222761,,,0.352610,0.294118,-0.128556,0.701,1.293
search,lower,3,forward,53.4013,1295.998,1045,rolling,1414.002,1140,1413.547,-5.837,0,0,1783746744.207135916,0.448088,-0.242537,0.954683,0.222761,,,0.352610,0.294118,-0.128556,0.701,1.293
search,lower,3,forward,53.4228,1295.998,1045,rolling,1414.002,1140,1413.547,-5.837,0,0,1783746744.207135916,0.448088,-0.242537,0.954683,0.222761,,,0.352610,0.294118,-0.128556,0.701,1.293
search,lower,3,forward,53.4443,1295.998,1045,rolling,1414.002,1140,1413.547,-5.837,0,0,1783746744.207135916,0.448088,-0.242537,0.954683,0.222761,,,0.352610,0.294118,-0.128556,0.717,1.277
search,lower,3,forward,53.4468,1295.998,1045,rolling,1413.855,1140,1413.587,-5.796,1,21,1783746744.307593822,0.458773,-0.227303,0.946408,0.213375,0.0186064,-0.0082753,0.371217,0.312724,-0.136831,0.717,1.277
search,lower,3,forward,53.4621,1295.998,1045,rolling,1413.855,1140,1413.587,-5.796,0,0,1783746744.307593822,0.458773,-0.227303,0.946408,0.213375,,,0.371217,0.312724,-0.136831,0.717,1.277
search,lower,3,forward,53.4837,1295.998,1045,rolling,1413.855,1140,1413.587,-5.796,0,0,1783746744.307593822,0.458773,-0.227303,0.946408,0.213375,,,0.371217,0.312724,-0.136831,0.717,1.277
search,lower,3,forward,53.5052,1295.998,1045,rolling,1413.855,1140,1413.587,-5.796,0,0,1783746744.307593822,0.458773,-0.227303,0.946408,0.213375,,,0.371217,0.312724,-0.136831,0.717,1.277
search,lower,3,forward,53.5268,1295.998,1045,rolling,1413.855,1140,1413.587,-5.796,0,0,1783746744.307593822,0.458773,-0.227303,0.946408,0.213375,,,0.371217,0.312724,-0.136831,0.726,1.258
search,lower,3,forward,53.5463,1295.998,1045,rolling,1413.818,1140,1413.617,-5.766,1,22,1783746744.407861948,0.468698,-0.209724,0.936196,0.210029,0.0200527,-0.0102125,0.391270,0.332777,-0.147044,0.726,1.258
search,lower,3,forward,53.5642,1295.998,1045,rolling,1413.818,1140,1413.617,-5.766,0,0,1783746744.407861948,0.468698,-0.209724,0.936196,0.210029,,,0.391270,0.332777,-0.147044,0.726,1.258
search,lower,3,forward,53.5859,1295.998,1045,rolling,1413.818,1140,1413.617,-5.766,0,0,1783746744.407861948,0.468698,-0.209724,0.936196,0.210029,,,0.391270,0.332777,-0.147044,0.726,1.258
search,lower,3,forward,53.6074,1295.998,1045,rolling,1413.818,1140,1413.617,-5.766,0,0,1783746744.407861948,0.468698,-0.209724,0.936196,0.210029,,,0.391270,0.332777,-0.147044,0.726,1.258
search,lower,3,forward,53.6289,1295.998,1045,rolling,1413.818,1140,1413.617,-5.766,0,0,1783746744.407861948,0.468698,-0.209724,0.936196,0.210029,,,0.391270,0.332777,-0.147044,0.731,1.242
search,lower,3,forward,53.6465,1295.998,1045,rolling,1413.802,1140,1413.642,-5.742,1,23,1783746744.508391142,0.476968,-0.190553,0.923872,0.208036,0.0203125,-0.0123231,0.411582,0.353090,-0.159367,0.731,1.242
search,lower,3,forward,53.6594,1295.998,1045,rolling,1413.802,1140,1413.642,-5.742,0,0,1783746744.508391142,0.476968,-0.190553,0.923872,0.208036,,,0.411582,0.353090,-0.159367,0.731,1.242
search,lower,3,forward,53.6810,1295.998,1045,rolling,1413.802,1140,1413.642,-5.742,0,0,1783746744.508391142,0.476968,-0.190553,0.923872,0.208036,,,0.411582,0.353090,-0.159367,0.731,1.242
search,lower,3,forward,53.7026,1295.998,1045,rolling,1413.802,1140,1413.642,-5.742,0,0,1783746744.508391142,0.476968,-0.190553,0.923872,0.208036,,,0.411582,0.353090,-0.159367,0.731,1.242
search,lower,3,forward,53.7241,1295.998,1045,rolling,1413.802,1140,1413.642,-5.742,0,0,1783746744.508391142,0.476968,-0.190553,0.923872,0.208036,,,0.411582,0.353090,-0.159367,0.731,1.242
search,lower,3,forward,53.7457,1295.998,1045,rolling,1413.802,1140,1413.642,-5.742,0,0,1783746744.508391142,0.476968,-0.190553,0.923872,0.208036,,,0.411582,0.353090,-0.159367,0.733,1.225
search,lower,3,forward,53.7483,1295.998,1045,rolling,1413.622,1140,1413.639,-5.745,1,24,1783746744.608616590,0.485302,-0.175155,0.911993,0.199164,0.0172938,-0.0118799,0.428876,0.370383,-0.171247,0.733,1.225
search,lower,3,forward,53.7649,1295.998,1045,rolling,1413.622,1140,1413.639,-5.745,0,0,1783746744.608616590,0.485302,-0.175155,0.911993,0.199164,,,0.428876,0.370383,-0.171247,0.733,1.225
search,lower,3,forward,53.7868,1295.998,1045,rolling,1413.622,1140,1413.639,-5.745,0,0,1783746744.608616590,0.485302,-0.175155,0.911993,0.199164,,,0.428876,0.370383,-0.171247,0.733,1.225
search,lower,3,forward,53.8084,1295.998,1045,rolling,1413.622,1140,1413.639,-5.745,0,0,1783746744.608616590,0.485302,-0.175155,0.911993,0.199164,,,0.428876,0.370383,-0.171247,0.733,1.225
search,lower,3,forward,53.8299,1295.998,1045,rolling,1413.622,1140,1413.639,-5.745,0,0,1783746744.608616590,0.485302,-0.175155,0.911993,0.199164,,,0.428876,0.370383,-0.171247,0.744,1.210
search,lower,3,forward,53.8474,1295.998,1045,rolling,1413.622,1140,1413.639,-5.745,0,0,1783746744.608616590,0.485302,-0.175155,0.911993,0.199164,,,0.428876,0.370383,-0.171247,0.744,1.210
search,lower,3,forward,53.8696,1295.998,1045,rolling,1413.608,1140,1413.635,-5.749,1,25,1783746744.709098339,0.501316,-0.162528,0.906304,0.198640,0.0198019,-0.0056888,0.448678,0.390185,-0.176936,0.744,1.210
search,lower,3,forward,53.8716,1295.998,1045,rolling,1413.608,1140,1413.635,-5.749,0,0,1783746744.709098339,0.501316,-0.162528,0.906304,0.198640,,,0.448678,0.390185,-0.176936,0.744,1.210
search,lower,3,forward,53.8932,1295.998,1045,rolling,1413.608,1140,1413.635,-5.749,0,0,1783746744.709098339,0.501316,-0.162528,0.906304,0.198640,,,0.448678,0.390185,-0.176936,0.744,1.210
search,lower,3,forward,53.9147,1295.998,1045,rolling,1413.608,1140,1413.635,-5.749,0,0,1783746744.709098339,0.501316,-0.162528,0.906304,0.198640,,,0.448678,0.390185,-0.176936,0.744,1.210
search,lower,3,forward,53.9363,1295.998,1045,rolling,1413.608,1140,1413.635,-5.749,0,0,1783746744.709098339,0.501316,-0.162528,0.906304,0.198640,,,0.448678,0.390185,-0.176936,0.756,1.191
search,lower,3,forward,53.9453,1295.998,1045,rolling,1413.640,1140,1413.636,-5.748,1,26,1783746744.809369087,0.513091,-0.145650,0.897184,0.200199,0.0205429,-0.0091195,0.469221,0.410728,-0.186055,0.756,1.191
search,lower,3,forward,53.9626,1295.998,1045,rolling,1413.640,1140,1413.636,-5.748,0,0,1783746744.809369087,0.513091,-0.145650,0.897184,0.200199,,,0.469221,0.410728,-0.186055,0.756,1.191
search,lower,3,forward,53.9843,1295.998,1045,rolling,1413.640,1140,1413.636,-5.748,0,0,1783746744.809369087,0.513091,-0.145650,0.897184,0.200199,,,0.469221,0.410728,-0.186055,0.756,1.191
search,lower,3,forward,54.0058,1295.998,1045,rolling,1413.640,1140,1413.636,-5.748,0,0,1783746744.809369087,0.513091,-0.145650,0.897184,0.200199,,,0.469221,0.410728,-0.186055,0.756,1.191
search,lower,3,forward,54.0273,1295.998,1045,rolling,1413.640,1140,1413.636,-5.748,0,0,1783746744.809369087,0.513091,-0.145650,0.897184,0.200199,,,0.469221,0.410728,-0.186055,0.771,1.176
search,lower,3,forward,54.0455,1295.998,1045,rolling,1413.640,1140,1413.636,-5.748,0,0,1783746744.809369087,0.513091,-0.145650,0.897184,0.200199,,,0.469221,0.410728,-0.186055,0.771,1.176
search,lower,3,forward,54.0674,1295.998,1045,rolling,1413.807,1140,1413.658,-5.726,1,27,1783746744.907298088,0.531783,-0.131856,0.892899,0.207471,0.0224539,-0.0042848,0.491675,0.433182,-0.190340,0.771,1.176
search,lower,3,forward,54.0708,1295.998,1045,rolling,1413.807,1140,1413.658,-5.726,0,0,1783746744.907298088,0.531783,-0.131856,0.892899,0.207471,,,0.491675,0.433182,-0.190340,0.771,1.176
search,lower,3,forward,54.0925,1295.998,1045,rolling,1413.807,1140,1413.658,-5.726,0,0,1783746744.907298088,0.531783,-0.131856,0.892899,0.207471,,,0.491675,0.433182,-0.190340,0.771,1.176
search,lower,3,forward,54.1140,1295.998,1045,rolling,1413.807,1140,1413.658,-5.726,0,0,1783746744.907298088,0.531783,-0.131856,0.892899,0.207471,,,0.491675,0.433182,-0.190340,0.771,1.176
search,lower,3,forward,54.1355,1295.998,1045,rolling,1413.807,1140,1413.658,-5.726,0,0,1783746744.907298088,0.531783,-0.131856,0.892899,0.207471,,,0.491675,0.433182,-0.190340,0.787,1.157
search,lower,3,forward,54.1461,1295.998,1045,rolling,1414.082,1140,1413.713,-5.671,1,28,1783746745.007583141,0.548906,-0.113296,0.884657,0.218430,0.0252026,-0.0082421,0.516877,0.458385,-0.198582,0.787,1.157
search,lower,3,forward,54.1601,1295.998,1045,rolling,1414.082,1140,1413.713,-5.671,0,0,1783746745.007583141,0.548906,-0.113296,0.884657,0.218430,,,0.516877,0.458385,-0.198582,0.787,1.157
search,lower,3,forward,54.1817,1295.998,1045,rolling,1414.082,1140,1413.713,-5.671,0,0,1783746745.007583141,0.548906,-0.113296,0.884657,0.218430,,,0.516877,0.458385,-0.198582,0.787,1.157
search,lower,3,forward,54.2032,1295.998,1045,rolling,1414.082,1140,1413.713,-5.671,0,0,1783746745.007583141,0.548906,-0.113296,0.884657,0.218430,,,0.516877,0.458385,-0.198582,0.787,1.157
search,lower,3,forward,54.2247,1295.998,1045,rolling,1414.082,1140,1413.713,-5.671,0,0,1783746745.007583141,0.548906,-0.113296,0.884657,0.218430,,,0.516877,0.458385,-0.198582,0.803,1.143
search,lower,3,forward,54.2463,1295.998,1045,rolling,1413.926,1140,1413.741,-5.643,1,29,1783746745.108067036,0.561019,-0.099628,0.875299,0.209232,0.0182515,-0.0093587,0.535129,0.476636,-0.207941,0.803,1.143
search,lower,3,forward,54.2627,1295.998,1045,rolling,1413.926,1140,1413.741,-5.643,0,0,1783746745.108067036,0.561019,-0.099628,0.875299,0.209232,,,0.535129,0.476636,-0.207941,0.803,1.143
search,lower,3,forward,54.2843,1295.998,1045,rolling,1413.926,1140,1413.741,-5.643,0,0,1783746745.108067036,0.561019,-0.099628,0.875299,0.209232,,,0.535129,0.476636,-0.207941,0.803,1.143
search,lower,3,forward,54.3058,1295.998,1045,rolling,1413.926,1140,1413.741,-5.643,0,0,1783746745.108067036,0.561019,-0.099628,0.875299,0.209232,,,0.535129,0.476636,-0.207941,0.803,1.143
search,lower,3,forward,54.3274,1295.998,1045,rolling,1413.926,1140,1413.741,-5.643,0,0,1783746745.108067036,0.561019,-0.099628,0.875299,0.209232,,,0.535129,0.476636,-0.207941,0.823,1.132
search,lower,3,forward,54.3471,1295.998,1045,rolling,1413.926,1140,1413.741,-5.643,0,0,1783746745.108067036,0.561019,-0.099628,0.875299,0.209232,,,0.535129,0.476636,-0.207941,0.823,1.132
search,lower,3,forward,54.3690,1295.998,1045,rolling,1414.228,1141,1413.805,-5.579,1,30,1783746745.208381414,0.574806,-0.077530,0.861871,0.221160,0.0257752,-0.0134279,0.560904,0.502411,-0.221369,0.823,1.132
search,lower,3,forward,54.3751,1295.998,1045,rolling,1414.228,1141,1413.805,-5.579,0,0,1783746745.208381414,0.574806,-0.077530,0.861871,0.221160,,,0.560904,0.502411,-0.221369,0.823,1.132
search,lower,3,forward,54.3967,1295.998,1045,rolling,1414.228,1141,1413.805,-5.579,0,0,1783746745.208381414,0.574806,-0.077530,0.861871,0.221160,,,0.560904,0.502411,-0.221369,0.823,1.132
search,lower,3,forward,54.4182,1295.998,1045,rolling,1414.228,1141,1413.805,-5.579,0,0,1783746745.208381414,0.574806,-0.077530,0.861871,0.221160,,,0.560904,0.502411,-0.221369,0.823,1.132
search,lower,3,forward,54.4397,1295.998,1045,rolling,1414.228,1141,1413.805,-5.579,0,0,1783746745.208381414,0.574806,-0.077530,0.861871,0.221160,,,0.560904,0.502411,-0.221369,0.841,1.137
search,lower,3,forward,54.4477,1295.998,1045,rolling,1414.354,1141,1413.877,-5.507,1,31,1783746745.309026480,0.585279,-0.055688,0.849071,0.223888,0.0233567,-0.0127992,0.584261,0.525768,-0.234168,0.841,1.137
search,lower,3,forward,54.4609,1295.998,1045,rolling,1414.354,1141,1413.877,-5.507,0,0,1783746745.309026480,0.585279,-0.055688,0.849071,0.223888,,,0.584261,0.525768,-0.234168,0.841,1.137
search,lower,3,forward,54.4825,1295.998,1045,rolling,1414.354,1141,1413.877,-5.507,0,0,1783746745.309026480,0.585279,-0.055688,0.849071,0.223888,,,0.584261,0.525768,-0.234168,0.841,1.137
search,lower,3,forward,54.5041,1295.998,1045,rolling,1414.354,1141,1413.877,-5.507,0,0,1783746745.309026480,0.585279,-0.055688,0.849071,0.223888,,,0.584261,0.525768,-0.234168,0.841,1.137
search,lower,3,forward,54.5256,1295.998,1045,rolling,1414.354,1141,1413.877,-5.507,0,0,1783746745.309026480,0.585279,-0.055688,0.849071,0.223888,,,0.584261,0.525768,-0.234168,0.861,1.177
search,lower,3,forward,54.5454,1295.998,1045,rolling,1414.511,1141,1413.960,-5.424,1,32,1783746745.409572363,0.597653,-0.034579,0.837581,0.227577,0.0239947,-0.0114903,0.608255,0.549763,-0.245658,0.861,1.177
search,lower,3,forward,54.5600,1295.998,1045,rolling,1414.511,1141,1413.960,-5.424,0,0,1783746745.409572363,0.597653,-0.034579,0.837581,0.227577,,,0.608255,0.549763,-0.245658,0.861,1.177
search,lower,3,forward,54.5816,1295.998,1045,rolling,1414.511,1141,1413.960,-5.424,0,0,1783746745.409572363,0.597653,-0.034579,0.837581,0.227577,,,0.608255,0.549763,-0.245658,0.861,1.177
search,lower,3,forward,54.6032,1295.998,1045,rolling,1414.511,1141,1413.960,-5.424,0,0,1783746745.409572363,0.597653,-0.034579,0.837581,0.227577,,,0.608255,0.549763,-0.245658,0.861,1.177
search,lower,3,forward,54.6247,1295.998,1045,rolling,1414.511,1141,1413.960,-5.424,0,0,1783746745.409572363,0.597653,-0.034579,0.837581,0.227577,,,0.608255,0.549763,-0.245658,0.877,1.184
search,lower,3,forward,54.6456,1295.998,1045,rolling,1414.511,1141,1413.960,-5.424,0,0,1783746745.409572363,0.597653,-0.034579,0.837581,0.227577,,,0.608255,0.549763,-0.245658,0.877,1.184
search,lower,3,forward,54.6674,1295.998,1045,rolling,1414.222,1141,1413.993,-5.390,1,33,1783746745.507415771,0.608065,-0.022487,0.827950,0.211438,0.0159506,-0.0096310,0.624206,0.565713,-0.255289,0.877,1.184
search,lower,3,forward,54.6693,1295.998,1045,rolling,1414.222,1141,1413.993,-5.390,0,0,1783746745.507415771,0.608065,-0.022487,0.827950,0.211438,,,0.624206,0.565713,-0.255289,0.877,1.184
search,lower,3,forward,54.6908,1295.998,1045,rolling,1414.222,1141,1413.993,-5.390,0,0,1783746745.507415771,0.608065,-0.022487,0.827950,0.211438,,,0.624206,0.565713,-0.255289,0.877,1.184
search,lower,3,forward,54.7124,1295.998,1045,rolling,1414.222,1141,1413.993,-5.390,0,0,1783746745.507415771,0.608065,-0.022487,0.827950,0.211438,,,0.624206,0.565713,-0.255289,0.877,1.184
search,lower,3,forward,54.7341,1295.998,1045,rolling,1414.222,1141,1413.993,-5.390,0,0,1783746745.507415771,0.608065,-0.022487,0.827950,0.211438,,,0.624206,0.565713,-0.255289,0.895,1.229
search,lower,3,forward,54.7460,1295.998,1045,rolling,1414.413,1141,1414.048,-5.335,1,34,1783746745.607647657,0.625048,-0.005608,0.818102,0.218253,0.0239251,-0.0098480,0.648131,0.589638,-0.265137,0.895,1.229
search,lower,3,forward,54.7612,1295.998,1045,rolling,1414.413,1141,1414.048,-5.335,0,0,1783746745.607647657,0.625048,-0.005608,0.818102,0.218253,,,0.648131,0.589638,-0.265137,0.895,1.229
search,lower,3,forward,54.7829,1295.998,1045,rolling,1414.413,1141,1414.048,-5.335,0,0,1783746745.607647657,0.625048,-0.005608,0.818102,0.218253,,,0.648131,0.589638,-0.265137,0.895,1.229
search,lower,3,forward,54.8046,1295.998,1045,rolling,1414.413,1141,1414.048,-5.335,0,0,1783746745.607647657,0.625048,-0.005608,0.818102,0.218253,,,0.648131,0.589638,-0.265137,0.895,1.229
search,lower,3,forward,54.8262,1295.998,1045,rolling,1414.413,1141,1414.048,-5.335,0,0,1783746745.607647657,0.625048,-0.005608,0.818102,0.218253,,,0.648131,0.589638,-0.265137,0.913,1.253
search,lower,3,forward,54.8467,1295.998,1045,rolling,1414.736,1141,1414.138,-5.245,1,35,1783746745.708096504,0.645446,0.011709,0.804731,0.229898,0.0266021,-0.0133716,0.674733,0.616240,-0.278509,0.913,1.253
search,lower,3,forward,54.8677,1295.998,1045,rolling,1414.736,1141,1414.138,-5.245,0,0,1783746745.708096504,0.645446,0.011709,0.804731,0.229898,,,0.674733,0.616240,-0.278509,0.913,1.253
search,lower,3,forward,54.8893,1295.998,1045,rolling,1414.736,1141,1414.138,-5.245,0,0,1783746745.708096504,0.645446,0.011709,0.804731,0.229898,,,0.674733,0.616240,-0.278509,0.913,1.253
search,lower,3,forward,54.9109,1295.998,1045,rolling,1414.736,1141,1414.138,-5.245,0,0,1783746745.708096504,0.645446,0.011709,0.804731,0.229898,,,0.674733,0.616240,-0.278509,0.913,1.253
search,lower,3,forward,54.9324,1295.998,1045,rolling,1414.736,1141,1414.138,-5.245,0,0,1783746745.708096504,0.645446,0.011709,0.804731,0.229898,,,0.674733,0.616240,-0.278509,0.932,1.286
search,lower,3,forward,54.9442,1295.998,1045,rolling,1414.953,1141,1414.245,-5.139,1,36,1783746745.808712006,0.663967,0.029045,0.792995,0.235388,0.0253408,-0.0117353,0.700074,0.641581,-0.290244,0.932,1.286
search,lower,3,forward,54.9592,1295.998,1045,rolling,1414.953,1141,1414.245,-5.139,0,0,1783746745.808712006,0.663967,0.029045,0.792995,0.235388,,,0.700074,0.641581,-0.290244,0.932,1.286
search,lower,3,forward,54.9808,1295.998,1045,rolling,1414.953,1141,1414.245,-5.139,0,0,1783746745.808712006,0.663967,0.029045,0.792995,0.235388,,,0.700074,0.641581,-0.290244,0.932,1.286
search,lower,3,forward,55.0023,1295.998,1045,rolling,1414.953,1141,1414.245,-5.139,0,0,1783746745.808712006,0.663967,0.029045,0.792995,0.235388,,,0.700074,0.641581,-0.290244,0.932,1.286
search,lower,3,forward,55.0239,1295.998,1045,rolling,1414.953,1141,1414.245,-5.139,0,0,1783746745.808712006,0.663967,0.029045,0.792995,0.235388,,,0.700074,0.641581,-0.290244,0.949,1.312
search,lower,3,forward,55.0442,1295.998,1045,rolling,1414.609,1141,1414.292,-5.092,1,37,1783746745.906193972,0.671721,0.042950,0.784308,0.215856,0.0153301,-0.0086871,0.715404,0.656911,-0.298931,0.949,1.312
search,lower,3,forward,55.0654,1295.998,1045,rolling,1414.609,1141,1414.292,-5.092,0,0,1783746745.906193972,0.671721,0.042950,0.784308,0.215856,,,0.715404,0.656911,-0.298931,0.949,1.312
search,lower,3,forward,55.0871,1295.998,1045,rolling,1414.609,1141,1414.292,-5.092,0,0,1783746745.906193972,0.671721,0.042950,0.784308,0.215856,,,0.715404,0.656911,-0.298931,0.949,1.312
search,lower,3,forward,55.1086,1295.998,1045,rolling,1414.609,1141,1414.292,-5.092,0,0,1783746745.906193972,0.671721,0.042950,0.784308,0.215856,,,0.715404,0.656911,-0.298931,0.949,1.312
search,lower,3,forward,55.1302,1295.998,1045,rolling,1414.609,1141,1414.292,-5.092,0,0,1783746745.906193972,0.671721,0.042950,0.784308,0.215856,,,0.715404,0.656911,-0.298931,0.964,1.332
search,lower,3,forward,55.1449,1295.998,1045,rolling,1414.609,1141,1414.292,-5.092,0,0,1783746745.906193972,0.671721,0.042950,0.784308,0.215856,,,0.715404,0.656911,-0.298931,0.964,1.332
search,lower,3,forward,55.1667,1295.998,1045,rolling,1414.371,1141,1414.302,-5.082,1,38,1783746746.006325483,0.684259,0.053948,0.772690,0.203460,0.0166491,-0.0116187,0.732053,0.673560,-0.310550,0.964,1.332
search,lower,3,forward,55.1685,1295.998,1045,rolling,1414.371,1141,1414.302,-5.082,0,0,1783746746.006325483,0.684259,0.053948,0.772690,0.203460,,,0.732053,0.673560,-0.310550,0.964,1.332
search,lower,3,forward,55.1901,1295.998,1045,rolling,1414.371,1141,1414.302,-5.082,0,0,1783746746.006325483,0.684259,0.053948,0.772690,0.203460,,,0.732053,0.673560,-0.310550,0.964,1.332
search,lower,3,forward,55.2117,1295.998,1045,rolling,1414.371,1141,1414.302,-5.082,0,0,1783746746.006325483,0.684259,0.053948,0.772690,0.203460,,,0.732053,0.673560,-0.310550,0.964,1.332
search,lower,3,forward,55.2335,1295.998,1045,rolling,1414.371,1141,1414.302,-5.082,0,0,1783746746.006325483,0.684259,0.053948,0.772690,0.203460,,,0.732053,0.673560,-0.310550,0.979,1.352
search,lower,3,forward,55.2427,1295.998,1045,rolling,1414.371,1141,1414.302,-5.082,0,0,1783746746.006325483,0.684259,0.053948,0.772690,0.203460,,,0.732053,0.673560,-0.310550,0.979,1.352
search,lower,3,forward,55.2650,1295.998,1045,rolling,1414.493,1141,1414.327,-5.057,1,39,1783746746.107006788,0.695843,0.074239,0.762482,0.208281,0.0224260,-0.0102080,0.754479,0.695986,-0.320758,0.979,1.352
search,lower,3,forward,55.2686,1295.998,1045,rolling,1414.493,1141,1414.327,-5.057,0,0,1783746746.107006788,0.695843,0.074239,0.762482,0.208281,,,0.754479,0.695986,-0.320758,0.979,1.352
search,lower,3,forward,55.2903,1295.998,1045,rolling,1414.493,1141,1414.327,-5.057,0,0,1783746746.107006788,0.695843,0.074239,0.762482,0.208281,,,0.754479,0.695986,-0.320758,0.979,1.352
search,lower,3,forward,55.3119,1295.998,1045,rolling,1414.493,1141,1414.327,-5.057,0,0,1783746746.107006788,0.695843,0.074239,0.762482,0.208281,,,0.754479,0.695986,-0.320758,0.979,1.352
search,lower,3,forward,55.3335,1295.998,1045,rolling,1414.493,1141,1414.327,-5.057,0,0,1783746746.107006788,0.695843,0.074239,0.762482,0.208281,,,0.754479,0.695986,-0.320758,0.994,1.390
search,lower,3,forward,55.3431,1295.998,1045,rolling,1414.442,1141,1414.342,-5.042,1,40,1783746746.204897165,0.709195,0.087942,0.753542,0.205033,0.0191172,-0.0089400,0.773596,0.715104,-0.329698,0.994,1.390
search,lower,3,reverse,56.6143,1295.998,1045,startup,1591.501,1283,1595.501,2.992,0,0,1783746747.402258635,0.724894,0.102583,0.740633,0.007978,,,0.000000,0.000000,0.000000,1.018,1.421
search,lower,3,reverse,56.6359,1295.998,1045,startup,1591.501,1283,1595.501,2.992,0,0,1783746747.402258635,0.724894,0.102583,0.740633,0.007978,,,0.000000,0.000000,0.000000,1.016,1.422
search,lower,3,reverse,56.6411,1295.998,1045,startup,1592.741,1284,1595.501,2.992,1,1,1783746747.502721786,0.725828,0.101292,0.740659,0.005530,-0.0001821,0.0000254,0.000182,0.000000,0.000000,1.016,1.422
search,lower,3,reverse,56.6530,1295.998,1045,startup,1592.741,1284,1595.501,2.992,0,0,1783746747.502721786,0.725828,0.101292,0.740659,0.005530,,,0.000182,0.000000,0.000000,1.016,1.422
search,lower,3,reverse,56.6746,1295.998,1045,startup,1592.741,1284,1595.501,2.992,0,0,1783746747.502721786,0.725828,0.101292,0.740659,0.005530,,,0.000182,0.000000,0.000000,1.016,1.422
search,lower,3,reverse,56.6963,1295.998,1045,startup,1592.741,1284,1595.501,2.992,0,0,1783746747.502721786,0.725828,0.101292,0.740659,0.005530,,,0.000182,0.000000,0.000000,1.016,1.422
search,lower,3,reverse,56.7178,1295.998,1045,startup,1592.741,1284,1595.501,2.992,0,0,1783746747.502721786,0.725828,0.101292,0.740659,0.005530,,,0.000182,0.000000,0.000000,1.016,1.422
search,lower,3,reverse,56.7393,1295.998,1045,startup,1592.741,1284,1595.501,2.992,0,0,1783746747.502721786,0.725828,0.101292,0.740659,0.005530,,,0.000182,0.000000,0.000000,1.016,1.426
search,lower,3,reverse,56.7437,1295.998,1045,startup,1593.981,1285,1595.501,2.992,1,2,1783746747.603142738,0.724290,0.101595,0.741339,0.001832,-0.0009301,0.0006799,0.001112,0.000000,0.000000,1.016,1.426
search,lower,3,reverse,56.7619,1295.998,1045,startup,1593.981,1285,1595.501,2.992,0,0,1783746747.603142738,0.724290,0.101595,0.741339,0.001832,,,0.001112,0.000000,0.000000,1.016,1.426
search,lower,3,reverse,56.7835,1295.998,1045,startup,1593.981,1285,1595.501,2.992,0,0,1783746747.603142738,0.724290,0.101595,0.741339,0.001832,,,0.001112,0.000000,0.000000,1.016,1.426
search,lower,3,reverse,56.8050,1295.998,1045,startup,1593.981,1285,1595.501,2.992,0,0,1783746747.603142738,0.724290,0.101595,0.741339,0.001832,,,0.001112,0.000000,0.000000,1.016,1.426
search,lower,3,reverse,56.8266,1295.998,1045,startup,1593.981,1285,1595.501,2.992,0,0,1783746747.603142738,0.724290,0.101595,0.741339,0.001832,,,0.001112,0.000000,0.000000,1.012,1.406
search,lower,3,reverse,56.8441,1295.998,1045,startup,1595.221,1286,1595.501,2.992,1,3,1783746747.705893040,0.721992,0.102306,0.741435,-0.001581,-0.0012147,0.0000964,0.002327,0.000000,0.000000,1.012,1.406
search,lower,3,reverse,56.8600,1295.998,1045,startup,1595.221,1286,1595.501,2.992,0,0,1783746747.705893040,0.721992,0.102306,0.741435,-0.001581,,,0.002327,0.000000,0.000000,1.012,1.406
search,lower,3,reverse,56.8816,1295.998,1045,startup,1595.221,1286,1595.501,2.992,0,0,1783746747.705893040,0.721992,0.102306,0.741435,-0.001581,,,0.002327,0.000000,0.000000,1.012,1.406
search,lower,3,reverse,56.9032,1295.998,1045,startup,1595.221,1286,1595.501,2.992,0,0,1783746747.705893040,0.721992,0.102306,0.741435,-0.001581,,,0.002327,0.000000,0.000000,1.012,1.406
search,lower,3,reverse,56.9247,1295.998,1045,startup,1595.221,1286,1595.501,2.992,0,0,1783746747.705893040,0.721992,0.102306,0.741435,-0.001581,,,0.002327,0.000000,0.000000,1.007,1.382
search,lower,3,reverse,56.9446,1295.998,1045,startup,1596.461,1287,1595.501,2.992,1,4,1783746747.806205988,0.718236,0.100571,0.741923,-0.011010,-0.0039417,0.0004883,0.006269,0.000000,0.000000,1.007,1.382
search,lower,3,reverse,56.9535,1295.998,1045,startup,1596.461,1287,1595.501,2.992,0,0,1783746747.806205988,0.718236,0.100571,0.741923,-0.011010,,,0.006269,0.000000,0.000000,1.007,1.382
search,lower,3,reverse,56.9752,1295.998,1045,startup,1596.461,1287,1595.501,2.992,0,0,1783746747.806205988,0.718236,0.100571,0.741923,-0.011010,,,0.006269,0.000000,0.000000,1.007,1.382
search,lower,3,reverse,56.9967,1295.998,1045,startup,1596.461,1287,1595.501,2.992,0,0,1783746747.806205988,0.718236,0.100571,0.741923,-0.011010,,,0.006269,0.000000,0.000000,1.007,1.382
search,lower,3,reverse,57.0182,1295.998,1045,startup,1596.461,1287,1595.501,2.992,0,0,1783746747.806205988,0.718236,0.100571,0.741923,-0.011010,,,0.006269,0.000000,0.000000,1.007,1.382
search,lower,3,reverse,57.0397,1295.998,1045,startup,1596.461,1287,1595.501,2.992,0,0,1783746747.806205988,0.718236,0.100571,0.741923,-0.011010,,,0.006269,0.000000,0.000000,1.000,1.374
search,lower,3,reverse,57.0448,1295.998,1045,startup,1599.561,1290,1595.501,2.992,1,5,1783746747.906692982,0.712479,0.093927,0.747067,-0.029991,-0.0087358,0.0051437,0.015004,0.000000,0.000000,1.000,1.374
search,lower,3,reverse,57.0617,1295.998,1045,startup,1599.561,1290,1595.501,2.992,0,0,1783746747.906692982,0.712479,0.093927,0.747067,-0.029991,,,0.015004,0.000000,0.000000,1.000,1.374
search,lower,3,reverse,57.0833,1295.998,1045,startup,1599.561,1290,1595.501,2.992,0,0,1783746747.906692982,0.712479,0.093927,0.747067,-0.029991,,,0.015004,0.000000,0.000000,1.000,1.374
search,lower,3,reverse,57.1049,1295.998,1045,startup,1599.561,1290,1595.501,2.992,0,0,1783746747.906692982,0.712479,0.093927,0.747067,-0.029991,,,0.015004,0.000000,0.000000,1.000,1.374
search,lower,3,reverse,57.1264,1295.998,1045,startup,1599.561,1290,1595.501,2.992,0,0,1783746747.906692982,0.712479,0.093927,0.747067,-0.029991,,,0.015004,0.000000,0.000000,0.990,1.362
search,lower,3,reverse,57.1433,1295.998,1045,startup,1602.661,1292,1595.501,2.992,1,6,1783746748.006929159,0.706255,0.085687,0.752696,-0.047858,-0.0101698,0.0056292,0.025174,0.000000,0.000000,0.990,1.362
search,lower,3,reverse,57.1529,1295.998,1045,startup,1602.661,1292,1595.501,2.992,0,0,1783746748.006929159,0.706255,0.085687,0.752696,-0.047858,,,0.025174,0.000000,0.000000,0.990,1.362
search,lower,3,reverse,57.1746,1295.998,1045,startup,1602.661,1292,1595.501,2.992,0,0,1783746748.006929159,0.706255,0.085687,0.752696,-0.047858,,,0.025174,0.000000,0.000000,0.990,1.362
search,lower,3,reverse,57.1962,1295.998,1045,startup,1602.661,1292,1595.501,2.992,0,0,1783746748.006929159,0.706255,0.085687,0.752696,-0.047858,,,0.025174,0.000000,0.000000,0.990,1.362
search,lower,3,reverse,57.2177,1295.998,1045,startup,1602.661,1292,1595.501,2.992,0,0,1783746748.006929159,0.706255,0.085687,0.752696,-0.047858,,,0.025174,0.000000,0.000000,0.990,1.362
search,lower,3,reverse,57.2393,1295.998,1045,startup,1602.661,1292,1595.501,2.992,0,0,1783746748.006929159,0.706255,0.085687,0.752696,-0.047858,,,0.025174,0.000000,0.000000,0.979,1.324
search,lower,3,reverse,57.2434,1295.998,1045,rolling,1595.501,1287,1595.501,2.992,1,7,1783746748.104871273,0.693531,0.072726,0.763229,-0.082224,-0.0181509,0.0105330,0.043325,0.000000,0.000000,0.979,1.324
search,lower,3,reverse,57.2641,1295.998,1045,rolling,1595.501,1287,1595.501,2.992,0,0,1783746748.104871273,0.693531,0.072726,0.763229,-0.082224,,,0.043325,0.000000,0.000000,0.979,1.324
search,lower,3,reverse,57.2859,1295.998,1045,rolling,1595.501,1287,1595.501,2.992,0,0,1783746748.104871273,0.693531,0.072726,0.763229,-0.082224,,,0.043325,0.000000,0.000000,0.979,1.324
search,lower,3,reverse,57.3077,1295.998,1045,rolling,1595.501,1287,1595.501,2.992,0,0,1783746748.104871273,0.693531,0.072726,0.763229,-0.082224,,,0.043325,0.000000,0.000000,0.979,1.324
search,lower,3,reverse,57.3300,1295.998,1045,rolling,1595.501,1287,1595.501,2.992,0,0,1783746748.104871273,0.693531,0.072726,0.763229,-0.082224,,,0.043325,0.000000,0.000000,0.960,1.287
search,lower,3,reverse,57.3437,1295.998,1045,rolling,1595.501,1287,1595.501,2.992,0,0,1783746748.104871273,0.693531,0.072726,0.763229,-0.082224,,,0.043325,0.000000,0.000000,0.960,1.287
search,lower,3,reverse,57.3656,1295.998,1045,rolling,1596.891,1288,1595.734,3.225,1,8,1783746748.205426455,0.679679,0.051654,0.772204,-0.122831,-0.0246010,0.0089751,0.067926,-0.024601,0.008975,0.960,1.287
search,lower,3,reverse,57.3675,1295.998,1045,rolling,1596.891,1288,1595.734,3.225,0,0,1783746748.205426455,0.679679,0.051654,0.772204,-0.122831,,,0.067926,-0.024601,0.008975,0.960,1.287
search,lower,3,reverse,57.3892,1295.998,1045,rolling,1596.891,1288,1595.734,3.225,0,0,1783746748.205426455,0.679679,0.051654,0.772204,-0.122831,,,0.067926,-0.024601,0.008975,0.960,1.287
search,lower,3,reverse,57.4108,1295.998,1045,rolling,1596.891,1288,1595.734,3.225,0,0,1783746748.205426455,0.679679,0.051654,0.772204,-0.122831,,,0.067926,-0.024601,0.008975,0.960,1.287
search,lower,3,reverse,57.4324,1295.998,1045,rolling,1596.891,1288,1595.734,3.225,0,0,1783746748.205426455,0.679679,0.051654,0.772204,-0.122831,,,0.067926,-0.024601,0.008975,0.938,1.245
search,lower,3,reverse,57.4444,1295.998,1045,rolling,1596.655,1288,1595.888,3.379,1,9,1783746748.305768967,0.667663,0.031418,0.782582,-0.148825,-0.0227583,0.0103775,0.090684,-0.047359,0.019353,0.938,1.245
search,lower,3,reverse,57.4570,1295.998,1045,rolling,1596.655,1288,1595.888,3.379,0,0,1783746748.305768967,0.667663,0.031418,0.782582,-0.148825,,,0.090684,-0.047359,0.019353,0.938,1.245
search,lower,3,reverse,57.4786,1295.998,1045,rolling,1596.655,1288,1595.888,3.379,0,0,1783746748.305768967,0.667663,0.031418,0.782582,-0.148825,,,0.090684,-0.047359,0.019353,0.938,1.245
search,lower,3,reverse,57.5004,1295.998,1045,rolling,1596.655,1288,1595.888,3.379,0,0,1783746748.305768967,0.667663,0.031418,0.782582,-0.148825,,,0.090684,-0.047359,0.019353,0.938,1.245
search,lower,3,reverse,57.5220,1295.998,1045,rolling,1596.655,1288,1595.888,3.379,0,0,1783746748.305768967,0.667663,0.031418,0.782582,-0.148825,,,0.090684,-0.047359,0.019353,0.938,1.245
search,lower,3,reverse,57.5437,1295.998,1045,rolling,1596.655,1288,1595.888,3.379,0,0,1783746748.305768967,0.667663,0.031418,0.782582,-0.148825,,,0.090684,-0.047359,0.019353,0.916,1.211
search,lower,3,reverse,57.5461,1295.998,1045,rolling,1596.655,1288,1595.888,3.379,0,0,1783746748.305768967,0.667663,0.031418,0.782582,-0.148825,,,0.090684,-0.047359,0.019353,0.916,1.211
search,lower,3,reverse,57.5681,1295.998,1045,rolling,1596.014,1287,1595.909,3.400,1,10,1783746748.406326771,0.639428,0.013291,0.802126,-0.192997,-0.0327328,0.0195438,0.123417,-0.080092,0.038896,0.916,1.211
search,lower,3,reverse,57.5704,1295.998,1045,rolling,1596.014,1287,1595.909,3.400,0,0,1783746748.406326771,0.639428,0.013291,0.802126,-0.192997,,,0.123417,-0.080092,0.038896,0.916,1.211
search,lower,3,reverse,57.5920,1295.998,1045,rolling,1596.014,1287,1595.909,3.400,0,0,1783746748.406326771,0.639428,0.013291,0.802126,-0.192997,,,0.123417,-0.080092,0.038896,0.916,1.211
search,lower,3,reverse,57.6135,1295.998,1045,rolling,1596.014,1287,1595.909,3.400,0,0,1783746748.406326771,0.639428,0.013291,0.802126,-0.192997,,,0.123417,-0.080092,0.038896,0.916,1.211
search,lower,3,reverse,57.6350,1295.998,1045,rolling,1596.014,1287,1595.909,3.400,0,0,1783746748.406326771,0.639428,0.013291,0.802126,-0.192997,,,0.123417,-0.080092,0.038896,0.895,1.184
search,lower,3,reverse,57.6424,1295.998,1045,rolling,1595.672,1287,1595.869,3.361,1,11,1783746748.506625652,0.623506,-0.009437,0.819902,-0.213152,-0.0274437,0.0177760,0.150861,-0.107536,0.056672,0.895,1.184
search,lower,3,reverse,57.6573,1295.998,1045,rolling,1595.672,1287,1595.869,3.361,0,0,1783746748.506625652,0.623506,-0.009437,0.819902,-0.213152,,,0.150861,-0.107536,0.056672,0.895,1.184
search,lower,3,reverse,57.6790,1295.998,1045,rolling,1595.672,1287,1595.869,3.361,0,0,1783746748.506625652,0.623506,-0.009437,0.819902,-0.213152,,,0.150861,-0.107536,0.056672,0.895,1.184
search,lower,3,reverse,57.7005,1295.998,1045,rolling,1595.672,1287,1595.869,3.361,0,0,1783746748.506625652,0.623506,-0.009437,0.819902,-0.213152,,,0.150861,-0.107536,0.056672,0.895,1.184
search,lower,3,reverse,57.7220,1295.998,1045,rolling,1595.672,1287,1595.869,3.361,0,0,1783746748.506625652,0.623506,-0.009437,0.819902,-0.213152,,,0.150861,-0.107536,0.056672,0.874,1.156
search,lower,3,reverse,57.7426,1295.998,1045,rolling,1595.536,1287,1595.815,3.306,1,12,1783746748.604140997,0.610091,-0.028243,0.830608,-0.218618,-0.0229176,0.0107066,0.173779,-0.130453,0.067379,0.874,1.156
search,lower,3,reverse,57.7635,1295.998,1045,rolling,1595.536,1287,1595.815,3.306,0,0,1783746748.604140997,0.610091,-0.028243,0.830608,-0.218618,,,0.173779,-0.130453,0.067379,0.874,1.156
search,lower,3,reverse,57.7853,1295.998,1045,rolling,1595.536,1287,1595.815,3.306,0,0,1783746748.604140997,0.610091,-0.028243,0.830608,-0.218618,,,0.173779,-0.130453,0.067379,0.874,1.156
search,lower,3,reverse,57.8069,1295.998,1045,rolling,1595.536,1287,1595.815,3.306,0,0,1783746748.604140997,0.610091,-0.028243,0.830608,-0.218618,,,0.173779,-0.130453,0.067379,0.874,1.156
search,lower,3,reverse,57.8286,1295.998,1045,rolling,1595.536,1287,1595.815,3.306,0,0,1783746748.604140997,0.610091,-0.028243,0.830608,-0.218618,,,0.173779,-0.130453,0.067379,0.859,1.140
search,lower,3,reverse,57.8430,1295.998,1045,rolling,1595.512,1287,1595.764,3.255,1,13,1783746748.704635620,0.596774,-0.044844,0.841596,-0.216816,-0.0212457,0.0109874,0.195024,-0.151699,0.078367,0.859,1.140
search,lower,3,reverse,57.8597,1295.998,1045,rolling,1595.512,1287,1595.764,3.255,0,0,1783746748.704635620,0.596774,-0.044844,0.841596,-0.216816,,,0.195024,-0.151699,0.078367,0.859,1.140
search,lower,3,reverse,57.8814,1295.998,1045,rolling,1595.512,1287,1595.764,3.255,0,0,1783746748.704635620,0.596774,-0.044844,0.841596,-0.216816,,,0.195024,-0.151699,0.078367,0.859,1.140
search,lower,3,reverse,57.9029,1295.998,1045,rolling,1595.512,1287,1595.764,3.255,0,0,1783746748.704635620,0.596774,-0.044844,0.841596,-0.216816,,,0.195024,-0.151699,0.078367,0.859,1.140
search,lower,3,reverse,57.9244,1295.998,1045,rolling,1595.512,1287,1595.764,3.255,0,0,1783746748.704635620,0.596774,-0.044844,0.841596,-0.216816,,,0.195024,-0.151699,0.078367,0.840,1.128
search,lower,3,reverse,57.9436,1295.998,1045,rolling,1595.401,1287,1595.703,3.195,1,14,1783746748.805106401,0.582544,-0.063121,0.853627,-0.220140,-0.0231195,0.0120319,0.218144,-0.174819,0.090398,0.840,1.128
search,lower,3,reverse,57.9546,1295.998,1045,rolling,1595.401,1287,1595.703,3.195,0,0,1783746748.805106401,0.582544,-0.063121,0.853627,-0.220140,,,0.218144,-0.174819,0.090398,0.840,1.128
search,lower,3,reverse,57.9763,1295.998,1045,rolling,1595.401,1287,1595.703,3.195,0,0,1783746748.805106401,0.582544,-0.063121,0.853627,-0.220140,,,0.218144,-0.174819,0.090398,0.840,1.128
search,lower,3,reverse,57.9979,1295.998,1045,rolling,1595.401,1287,1595.703,3.195,0,0,1783746748.805106401,0.582544,-0.063121,0.853627,-0.220140,,,0.218144,-0.174819,0.090398,0.840,1.128
search,lower,3,reverse,58.0194,1295.998,1045,rolling,1595.401,1287,1595.703,3.195,0,0,1783746748.805106401,0.582544,-0.063121,0.853627,-0.220140,,,0.218144,-0.174819,0.090398,0.823,1.140
search,lower,3,reverse,58.0412,1295.998,1045,rolling,1595.240,1286,1595.626,3.117,1,15,1783746748.905435324,0.562861,-0.078276,0.862775,-0.225745,-0.0243359,0.0091477,0.242480,-0.199154,0.099546,0.823,1.140
search,lower,3,reverse,58.0614,1295.998,1045,rolling,1595.240,1286,1595.626,3.117,0,0,1783746748.905435324,0.562861,-0.078276,0.862775,-0.225745,,,0.242480,-0.199154,0.099546,0.823,1.140
search,lower,3,reverse,58.0831,1295.998,1045,rolling,1595.240,1286,1595.626,3.117,0,0,1783746748.905435324,0.562861,-0.078276,0.862775,-0.225745,,,0.242480,-0.199154,0.099546,0.823,1.140
search,lower,3,reverse,58.1047,1295.998,1045,rolling,1595.240,1286,1595.626,3.117,0,0,1783746748.905435324,0.562861,-0.078276,0.862775,-0.225745,,,0.242480,-0.199154,0.099546,0.823,1.140
search,lower,3,reverse,58.1262,1295.998,1045,rolling,1595.240,1286,1595.626,3.117,0,0,1783746748.905435324,0.562861,-0.078276,0.862775,-0.225745,,,0.242480,-0.199154,0.099546,0.802,1.158
search,lower,3,reverse,58.1416,1295.998,1045,rolling,1595.071,1286,1595.535,3.026,1,16,1783746749.003258944,0.546210,-0.095782,0.872452,-0.230952,-0.0241205,0.0096770,0.266600,-0.223275,0.109223,0.802,1.158
search,lower,3,reverse,58.1578,1295.998,1045,rolling,1595.071,1286,1595.535,3.026,0,0,1783746749.003258944,0.546210,-0.095782,0.872452,-0.230952,,,0.266600,-0.223275,0.109223,0.802,1.158
search,lower,3,reverse,58.1796,1295.998,1045,rolling,1595.071,1286,1595.535,3.026,0,0,1783746749.003258944,0.546210,-0.095782,0.872452,-0.230952,,,0.266600,-0.223275,0.109223,0.802,1.158
search,lower,3,reverse,58.2011,1295.998,1045,rolling,1595.071,1286,1595.535,3.026,0,0,1783746749.003258944,0.546210,-0.095782,0.872452,-0.230952,,,0.266600,-0.223275,0.109223,0.802,1.158
search,lower,3,reverse,58.2228,1295.998,1045,rolling,1595.071,1286,1595.535,3.026,0,0,1783746749.003258944,0.546210,-0.095782,0.872452,-0.230952,,,0.266600,-0.223275,0.109223,0.786,1.178
search,lower,3,reverse,58.2418,1295.998,1045,rolling,1594.823,1286,1595.416,2.907,1,17,1783746749.103748322,0.529995,-0.116964,0.883044,-0.239525,-0.0266543,0.0105924,0.293254,-0.249929,0.119815,0.786,1.178
search,lower,3,reverse,58.2529,1295.998,1045,rolling,1594.823,1286,1595.416,2.907,0,0,1783746749.103748322,0.529995,-0.116964,0.883044,-0.239525,,,0.293254,-0.249929,0.119815,0.786,1.178
search,lower,3,reverse,58.2746,1295.998,1045,rolling,1594.823,1286,1595.416,2.907,0,0,1783746749.103748322,0.529995,-0.116964,0.883044,-0.239525,,,0.293254,-0.249929,0.119815,0.786,1.178
search,lower,3,reverse,58.2962,1295.998,1045,rolling,1594.823,1286,1595.416,2.907,0,0,1783746749.103748322,0.529995,-0.116964,0.883044,-0.239525,,,0.293254,-0.249929,0.119815,0.786,1.178
search,lower,3,reverse,58.3179,1295.998,1045,rolling,1594.823,1286,1595.416,2.907,0,0,1783746749.103748322,0.529995,-0.116964,0.883044,-0.239525,,,0.293254,-0.249929,0.119815,0.771,1.193
search,lower,3,reverse,58.3396,1295.998,1045,rolling,1594.823,1286,1595.416,2.907,0,0,1783746749.103748322,0.529995,-0.116964,0.883044,-0.239525,,,0.293254,-0.249929,0.119815,0.771,1.193
search,lower,3,reverse,58.3616,1295.998,1045,rolling,1594.943,1286,1595.337,2.828,1,18,1783746749.203798056,0.519703,-0.132634,0.897153,-0.226260,-0.0186558,0.0141087,0.311910,-0.268585,0.133924,0.771,1.193
search,lower,3,reverse,58.3635,1295.998,1045,rolling,1594.943,1286,1595.337,2.828,0,0,1783746749.203798056,0.519703,-0.132634,0.897153,-0.226260,,,0.311910,-0.268585,0.133924,0.771,1.193
search,lower,3,reverse,58.3850,1295.998,1045,rolling,1594.943,1286,1595.337,2.828,0,0,1783746749.203798056,0.519703,-0.132634,0.897153,-0.226260,,,0.311910,-0.268585,0.133924,0.771,1.193
search,lower,3,reverse,58.4065,1295.998,1045,rolling,1594.943,1286,1595.337,2.828,0,0,1783746749.203798056,0.519703,-0.132634,0.897153,-0.226260,,,0.311910,-0.268585,0.133924,0.771,1.193
search,lower,3,reverse,58.4280,1295.998,1045,rolling,1594.943,1286,1595.337,2.828,0,0,1783746749.203798056,0.519703,-0.132634,0.897153,-0.226260,,,0.311910,-0.268585,0.133924,0.756,1.206
search,lower,3,reverse,58.4401,1295.998,1045,rolling,1595.004,1286,1595.283,2.774,1,19,1783746749.301661730,0.511582,-0.150586,0.910188,-0.218558,-0.0191277,0.0130353,0.331038,-0.287713,0.146959,0.756,1.206
search,lower,3,reverse,58.4529,1295.998,1045,rolling,1595.004,1286,1595.283,2.774,0,0,1783746749.301661730,0.511582,-0.150586,0.910188,-0.218558,,,0.331038,-0.287713,0.146959,0.756,1.206
search,lower,3,reverse,58.4746,1295.998,1045,rolling,1595.004,1286,1595.283,2.774,0,0,1783746749.301661730,0.511582,-0.150586,0.910188,-0.218558,,,0.331038,-0.287713,0.146959,0.756,1.206
search,lower,3,reverse,58.4961,1295.998,1045,rolling,1595.004,1286,1595.283,2.774,0,0,1783746749.301661730,0.511582,-0.150586,0.910188,-0.218558,,,0.331038,-0.287713,0.146959,0.756,1.206
search,lower,3,reverse,58.5177,1295.998,1045,rolling,1595.004,1286,1595.283,2.774,0,0,1783746749.301661730,0.511582,-0.150586,0.910188,-0.218558,,,0.331038,-0.287713,0.146959,0.756,1.206
search,lower,3,reverse,58.5392,1295.998,1045,rolling,1595.004,1286,1595.283,2.774,0,0,1783746749.301661730,0.511582,-0.150586,0.910188,-0.218558,,,0.331038,-0.287713,0.146959,0.752,1.219
search,lower,3,reverse,58.5418,1295.998,1045,rolling,1595.161,1286,1595.262,2.754,1,20,1783746749.402066469,0.502611,-0.165387,0.922213,-0.206754,-0.0172036,0.0120243,0.348242,-0.304916,0.158984,0.752,1.219
search,lower,3,reverse,58.5508,1295.998,1045,rolling,1595.161,1286,1595.262,2.754,0,0,1783746749.402066469,0.502611,-0.165387,0.922213,-0.206754,,,0.348242,-0.304916,0.158984,0.752,1.219
search,lower,3,reverse,58.5725,1295.998,1045,rolling,1595.161,1286,1595.262,2.754,0,0,1783746749.402066469,0.502611,-0.165387,0.922213,-0.206754,,,0.348242,-0.304916,0.158984,0.752,1.219
search,lower,3,reverse,58.5941,1295.998,1045,rolling,1595.161,1286,1595.262,2.754,0,0,1783746749.402066469,0.502611,-0.165387,0.922213,-0.206754,,,0.348242,-0.304916,0.158984,0.752,1.219
search,lower,3,reverse,58.6156,1295.998,1045,rolling,1595.161,1286,1595.262,2.754,0,0,1783746749.402066469,0.502611,-0.165387,0.922213,-0.206754,,,0.348242,-0.304916,0.158984,0.752,1.219
search,lower,3,reverse,58.6371,1295.998,1045,rolling,1595.161,1286,1595.262,2.754,0,0,1783746749.402066469,0.502611,-0.165387,0.922213,-0.206754,,,0.348242,-0.304916,0.158984,0.741,1.230
search,lower,3,reverse,58.6407,1295.998,1045,rolling,1595.161,1286,1595.262,2.754,0,0,1783746749.402066469,0.502611,-0.165387,0.922213,-0.206754,,,0.348242,-0.304916,0.158984,0.741,1.230
search,lower,3,reverse,58.6625,1295.998,1045,rolling,1595.478,1287,1595.299,2.790,1,21,1783746749.502912521,0.491794,-0.173871,0.923705,-0.188018,-0.0132925,0.0014924,0.361534,-0.318209,0.160476,0.741,1.230
search,lower,3,reverse,58.6687,1295.998,1045,rolling,1595.478,1287,1595.299,2.790,0,0,1783746749.502912521,0.491794,-0.173871,0.923705,-0.188018,,,0.361534,-0.318209,0.160476,0.741,1.230
search,lower,3,reverse,58.6903,1295.998,1045,rolling,1595.478,1287,1595.299,2.790,0,0,1783746749.502912521,0.491794,-0.173871,0.923705,-0.188018,,,0.361534,-0.318209,0.160476,0.741,1.230
search,lower,3,reverse,58.7119,1295.998,1045,rolling,1595.478,1287,1595.299,2.790,0,0,1783746749.502912521,0.491794,-0.173871,0.923705,-0.188018,,,0.361534,-0.318209,0.160476,0.741,1.230
search,lower,3,reverse,58.7334,1295.998,1045,rolling,1595.478,1287,1595.299,2.790,0,0,1783746749.502912521,0.491794,-0.173871,0.923705,-0.188018,,,0.361534,-0.318209,0.160476,0.735,1.239
search,lower,3,reverse,58.7387,1295.998,1045,rolling,1595.821,1287,1595.386,2.877,1,22,1783746749.602890968,0.482560,-0.181908,0.925907,-0.170960,-0.0119760,0.0022017,0.373510,-0.330185,0.162678,0.735,1.239
search,lower,3,reverse,58.7486,1295.998,1045,rolling,1595.821,1287,1595.386,2.877,0,0,1783746749.602890968,0.482560,-0.181908,0.925907,-0.170960,,,0.373510,-0.330185,0.162678,0.735,1.239
search,lower,3,reverse,58.7705,1295.998,1045,rolling,1595.821,1287,1595.386,2.877,0,0,1783746749.602890968,0.482560,-0.181908,0.925907,-0.170960,,,0.373510,-0.330185,0.162678,0.735,1.239
search,lower,3,reverse,58.7923,1295.998,1045,rolling,1595.821,1287,1595.386,2.877,0,0,1783746749.602890968,0.482560,-0.181908,0.925907,-0.170960,,,0.373510,-0.330185,0.162678,0.735,1.239
search,lower,3,reverse,58.8139,1295.998,1045,rolling,1595.821,1287,1595.386,2.877,0,0,1783746749.602890968,0.482560,-0.181908,0.925907,-0.170960,,,0.373510,-0.330185,0.162678,0.735,1.239
search,lower,3,reverse,58.8355,1295.998,1045,rolling,1595.821,1287,1595.386,2.877,0,0,1783746749.602890968,0.482560,-0.181908,0.925907,-0.170960,,,0.373510,-0.330185,0.162678,0.727,1.252
search,lower,3,reverse,58.8396,1295.998,1045,rolling,1595.821,1287,1595.386,2.877,0,0,1783746749.602890968,0.482560,-0.181908,0.925907,-0.170960,,,0.373510,-0.330185,0.162678,0.727,1.252
search,lower,3,reverse,58.8615,1295.998,1045,rolling,1596.045,1287,1595.494,2.985,1,23,1783746749.700812340,0.476316,-0.194360,0.936072,-0.163241,-0.0137172,0.0101655,0.387227,-0.343902,0.172843,0.727,1.252
search,lower,3,reverse,58.8650,1295.998,1045,rolling,1596.045,1287,1595.494,2.985,0,0,1783746749.700812340,0.476316,-0.194360,0.936072,-0.163241,,,0.387227,-0.343902,0.172843,0.727,1.252
search,lower,3,reverse,58.8866,1295.998,1045,rolling,1596.045,1287,1595.494,2.985,0,0,1783746749.700812340,0.476316,-0.194360,0.936072,-0.163241,,,0.387227,-0.343902,0.172843,0.727,1.252
search,lower,3,reverse,58.9082,1295.998,1045,rolling,1596.045,1287,1595.494,2.985,0,0,1783746749.700812340,0.476316,-0.194360,0.936072,-0.163241,,,0.387227,-0.343902,0.172843,0.727,1.252
search,lower,3,reverse,58.9297,1295.998,1045,rolling,1596.045,1287,1595.494,2.985,0,0,1783746749.700812340,0.476316,-0.194360,0.936072,-0.163241,,,0.387227,-0.343902,0.172843,0.720,1.267
search,lower,3,reverse,58.9400,1295.998,1045,rolling,1596.224,1287,1595.616,3.108,1,24,1783746749.801723480,0.467961,-0.206767,0.947718,-0.159464,-0.0149482,0.0116455,0.402176,-0.358850,0.184489,0.720,1.267
search,lower,3,reverse,58.9572,1295.998,1045,rolling,1596.224,1287,1595.616,3.108,0,0,1783746749.801723480,0.467961,-0.206767,0.947718,-0.159464,,,0.402176,-0.358850,0.184489,0.720,1.267
search,lower,3,reverse,58.9790,1295.998,1045,rolling,1596.224,1287,1595.616,3.108,0,0,1783746749.801723480,0.467961,-0.206767,0.947718,-0.159464,,,0.402176,-0.358850,0.184489,0.720,1.267
search,lower,3,reverse,59.0005,1295.998,1045,rolling,1596.224,1287,1595.616,3.108,0,0,1783746749.801723480,0.467961,-0.206767,0.947718,-0.159464,,,0.402176,-0.358850,0.184489,0.720,1.267
search,lower,3,reverse,59.0221,1295.998,1045,rolling,1596.224,1287,1595.616,3.108,0,0,1783746749.801723480,0.467961,-0.206767,0.947718,-0.159464,,,0.402176,-0.358850,0.184489,0.711,1.285
search,lower,3,reverse,59.0405,1295.998,1045,rolling,1596.437,1287,1595.753,3.245,1,25,1783746749.902027369,0.459973,-0.218246,0.954824,-0.154451,-0.0139836,0.0071061,0.416159,-0.372834,0.191595,0.711,1.285
search,lower,3,reverse,59.0562,1295.998,1045,rolling,1596.437,1287,1595.753,3.245,0,0,1783746749.902027369,0.459973,-0.218246,0.954824,-0.154451,,,0.416159,-0.372834,0.191595,0.711,1.285
search,lower,3,reverse,59.0779,1295.998,1045,rolling,1596.437,1287,1595.753,3.245,0,0,1783746749.902027369,0.459973,-0.218246,0.954824,-0.154451,,,0.416159,-0.372834,0.191595,0.711,1.285
search,lower,3,reverse,59.0996,1295.998,1045,rolling,1596.437,1287,1595.753,3.245,0,0,1783746749.902027369,0.459973,-0.218246,0.954824,-0.154451,,,0.416159,-0.372834,0.191595,0.711,1.285
search,lower,3,reverse,59.1212,1295.998,1045,rolling,1596.437,1287,1595.753,3.245,0,0,1783746749.902027369,0.459973,-0.218246,0.954824,-0.154451,,,0.416159,-0.372834,0.191595,0.705,1.301
search,lower,3,reverse,59.1406,1295.998,1045,rolling,1596.315,1287,1595.847,3.338,1,26,1783746750.002287149,0.446768,-0.234931,0.964209,-0.168807,-0.0212425,0.0093853,0.437402,-0.394076,0.200980,0.705,1.301
search,lower,3,reverse,59.1565,1295.998,1045,rolling,1596.315,1287,1595.847,3.338,0,0,1783746750.002287149,0.446768,-0.234931,0.964209,-0.168807,,,0.437402,-0.394076,0.200980,0.705,1.301
search,lower,3,reverse,59.1781,1295.998,1045,rolling,1596.315,1287,1595.847,3.338,0,0,1783746750.002287149,0.446768,-0.234931,0.964209,-0.168807,,,0.437402,-0.394076,0.200980,0.705,1.301
search,lower,3,reverse,59.1996,1295.998,1045,rolling,1596.315,1287,1595.847,3.338,0,0,1783746750.002287149,0.446768,-0.234931,0.964209,-0.168807,,,0.437402,-0.394076,0.200980,0.705,1.301
search,lower,3,reverse,59.2211,1295.998,1045,rolling,1596.315,1287,1595.847,3.338,0,0,1783746750.002287149,0.446768,-0.234931,0.964209,-0.168807,,,0.437402,-0.394076,0.200980,0.698,1.321
search,lower,3,reverse,59.2414,1295.998,1045,rolling,1596.315,1287,1595.847,3.338,0,0,1783746750.002287149,0.446768,-0.234931,0.964209,-0.168807,,,0.437402,-0.394076,0.200980,0.698,1.321
search,lower,3,reverse,59.2632,1295.998,1045,rolling,1595.895,1287,1595.855,3.346,1,27,1783746750.102587461,0.432579,-0.259624,0.978000,-0.197373,-0.0283923,0.0137904,0.465794,-0.422469,0.214771,0.698,1.321
search,lower,3,reverse,59.2666,1295.998,1045,rolling,1595.895,1287,1595.855,3.346,0,0,1783746750.102587461,0.432579,-0.259624,0.978000,-0.197373,,,0.465794,-0.422469,0.214771,0.698,1.321
search,lower,3,reverse,59.2883,1295.998,1045,rolling,1595.895,1287,1595.855,3.346,0,0,1783746750.102587461,0.432579,-0.259624,0.978000,-0.197373,,,0.465794,-0.422469,0.214771,0.698,1.321
search,lower,3,reverse,59.3099,1295.998,1045,rolling,1595.895,1287,1595.855,3.346,0,0,1783746750.102587461,0.432579,-0.259624,0.978000,-0.197373,,,0.465794,-0.422469,0.214771,0.698,1.321
search,lower,3,reverse,59.3314,1295.998,1045,rolling,1595.895,1287,1595.855,3.346,0,0,1783746750.102587461,0.432579,-0.259624,0.978000,-0.197373,,,0.465794,-0.422469,0.214771,0.692,1.340
search,lower,3,reverse,59.3419,1295.998,1045,rolling,1595.760,1287,1595.839,3.330,1,28,1783746750.203268528,0.419664,-0.278712,0.990444,-0.205255,-0.0230458,0.0124442,0.488840,-0.445515,0.227215,0.692,1.340
search,lower,3,reverse,59.3524,1295.998,1045,rolling,1595.760,1287,1595.839,3.330,0,0,1783746750.203268528,0.419664,-0.278712,0.990444,-0.205255,,,0.488840,-0.445515,0.227215,0.692,1.340
search,lower,3,reverse,59.3743,1295.998,1045,rolling,1595.760,1287,1595.839,3.330,0,0,1783746750.203268528,0.419664,-0.278712,0.990444,-0.205255,,,0.488840,-0.445515,0.227215,0.692,1.340
search,lower,3,reverse,59.3960,1295.998,1045,rolling,1595.760,1287,1595.839,3.330,0,0,1783746750.203268528,0.419664,-0.278712,0.990444,-0.205255,,,0.488840,-0.445515,0.227215,0.692,1.340
search,lower,3,reverse,59.4177,1295.998,1045,rolling,1595.760,1287,1595.839,3.330,0,0,1783746750.203268528,0.419664,-0.278712,0.990444,-0.205255,,,0.488840,-0.445515,0.227215,0.692,1.340
search,lower,3,reverse,59.4395,1295.998,1045,rolling,1595.760,1287,1595.839,3.330,0,0,1783746750.203268528,0.419664,-0.278712,0.990444,-0.205255,,,0.488840,-0.445515,0.227215,0.677,1.360
search,lower,3,reverse,59.4421,1295.998,1045,rolling,1595.738,1287,1595.822,3.314,1,29,1783746750.303640366,0.411876,-0.298402,0.999637,-0.205640,-0.0207563,0.0091933,0.509596,-0.466271,0.236408,0.677,1.360
search,lower,3,reverse,59.4583,1295.998,1045,rolling,1595.738,1287,1595.822,3.314,0,0,1783746750.303640366,0.411876,-0.298402,0.999637,-0.205640,,,0.509596,-0.466271,0.236408,0.677,1.360
search,lower,3,reverse,59.4800,1295.998,1045,rolling,1595.738,1287,1595.822,3.314,0,0,1783746750.303640366,0.411876,-0.298402,0.999637,-0.205640,,,0.509596,-0.466271,0.236408,0.677,1.360
search,lower,3,reverse,59.5016,1295.998,1045,rolling,1595.738,1287,1595.822,3.314,0,0,1783746750.303640366,0.411876,-0.298402,0.999637,-0.205640,,,0.509596,-0.466271,0.236408,0.677,1.360
search,lower,3,reverse,59.5232,1295.998,1045,rolling,1595.738,1287,1595.822,3.314,0,0,1783746750.303640366,0.411876,-0.298402,0.999637,-0.205640,,,0.509596,-0.466271,0.236408,0.669,1.380
search,lower,3,reverse,59.5422,1295.998,1045,rolling,1595.693,1287,1595.801,3.292,1,30,1783746750.403886795,0.397438,-0.314383,1.009607,-0.207179,-0.0212319,0.0099703,0.530828,-0.487503,0.246378,0.669,1.380
search,lower,3,reverse,59.5613,1295.998,1045,rolling,1595.693,1287,1595.801,3.292,0,0,1783746750.403886795,0.397438,-0.314383,1.009607,-0.207179,,,0.530828,-0.487503,0.246378,0.669,1.380
search,lower,3,reverse,59.5829,1295.998,1045,rolling,1595.693,1287,1595.801,3.292,0,0,1783746750.403886795,0.397438,-0.314383,1.009607,-0.207179,,,0.530828,-0.487503,0.246378,0.669,1.380
search,lower,3,reverse,59.6045,1295.998,1045,rolling,1595.693,1287,1595.801,3.292,0,0,1783746750.403886795,0.397438,-0.314383,1.009607,-0.207179,,,0.530828,-0.487503,0.246378,0.669,1.380
search,lower,3,reverse,59.6260,1295.998,1045,rolling,1595.693,1287,1595.801,3.292,0,0,1783746750.403886795,0.397438,-0.314383,1.009607,-0.207179,,,0.530828,-0.487503,0.246378,0.664,1.396
search,lower,3,reverse,59.6425,1295.998,1045,rolling,1595.744,1287,1595.791,3.282,1,31,1783746750.504299402,0.386350,-0.330087,1.019915,-0.203164,-0.0191907,0.0103072,0.550019,-0.506693,0.256685,0.664,1.396
search,lower,3,reverse,59.6542,1295.998,1045,rolling,1595.744,1287,1595.791,3.282,0,0,1783746750.504299402,0.386350,-0.330087,1.019915,-0.203164,,,0.550019,-0.506693,0.256685,0.664,1.396
search,lower,3,reverse,59.6759,1295.998,1045,rolling,1595.744,1287,1595.791,3.282,0,0,1783746750.504299402,0.386350,-0.330087,1.019915,-0.203164,,,0.550019,-0.506693,0.256685,0.664,1.396
search,lower,3,reverse,59.6975,1295.998,1045,rolling,1595.744,1287,1595.791,3.282,0,0,1783746750.504299402,0.386350,-0.330087,1.019915,-0.203164,,,0.550019,-0.506693,0.256685,0.664,1.396
search,lower,3,reverse,59.7191,1295.998,1045,rolling,1595.744,1287,1595.791,3.282,0,0,1783746750.504299402,0.386350,-0.330087,1.019915,-0.203164,,,0.550019,-0.506693,0.256685,0.664,1.396
search,lower,3,reverse,59.7407,1295.998,1045,rolling,1595.744,1287,1595.791,3.282,0,0,1783746750.504299402,0.386350,-0.330087,1.019915,-0.203164,,,0.550019,-0.506693,0.256685,0.652,1.418
search,lower,3,reverse,59.7432,1295.998,1045,rolling,1595.684,1287,1595.773,3.264,1,32,1783746750.604465485,0.377417,-0.349783,1.029932,-0.205961,-0.0214710,0.0100174,0.571490,-0.528164,0.266703,0.652,1.418
search,lower,3,reverse,59.7583,1295.998,1045,rolling,1595.684,1287,1595.773,3.264,0,0,1783746750.604465485,0.377417,-0.349783,1.029932,-0.205961,,,0.571490,-0.528164,0.266703,0.652,1.418
search,lower,3,reverse,59.7801,1295.998,1045,rolling,1595.684,1287,1595.773,3.264,0,0,1783746750.604465485,0.377417,-0.349783,1.029932,-0.205961,,,0.571490,-0.528164,0.266703,0.652,1.418
search,lower,3,reverse,59.8018,1295.998,1045,rolling,1595.684,1287,1595.773,3.264,0,0,1783746750.604465485,0.377417,-0.349783,1.029932,-0.205961,,,0.571490,-0.528164,0.266703,0.652,1.418
search,lower,3,reverse,59.8234,1295.998,1045,rolling,1595.684,1287,1595.773,3.264,0,0,1783746750.604465485,0.377417,-0.349783,1.029932,-0.205961,,,0.571490,-0.528164,0.266703,0.638,1.438
search,lower,3,reverse,59.8433,1295.998,1045,rolling,1595.607,1287,1595.746,3.237,1,33,1783746750.704720497,0.369720,-0.370746,1.039981,-0.209219,-0.0219551,0.0100492,0.593445,-0.550120,0.276752,0.638,1.438
search,lower,3,reverse,59.8592,1295.998,1045,rolling,1595.607,1287,1595.746,3.237,0,0,1783746750.704720497,0.369720,-0.370746,1.039981,-0.209219,,,0.593445,-0.550120,0.276752,0.638,1.438
search,lower,3,reverse,59.8808,1295.998,1045,rolling,1595.607,1287,1595.746,3.237,0,0,1783746750.704720497,0.369720,-0.370746,1.039981,-0.209219,,,0.593445,-0.550120,0.276752,0.638,1.438
search,lower,3,reverse,59.9024,1295.998,1045,rolling,1595.607,1287,1595.746,3.237,0,0,1783746750.704720497,0.369720,-0.370746,1.039981,-0.209219,,,0.593445,-0.550120,0.276752,0.638,1.438
search,lower,3,reverse,59.9239,1295.998,1045,rolling,1595.607,1287,1595.746,3.237,0,0,1783746750.704720497,0.369720,-0.370746,1.039981,-0.209219,,,0.593445,-0.550120,0.276752,0.639,1.461
search,lower,3,reverse,59.9411,1295.998,1045,rolling,1595.587,1287,1595.719,3.210,1,34,1783746750.805277586,0.357496,-0.387792,1.055723,-0.208807,-0.0208726,0.0157421,0.614317,-0.570992,0.292494,0.639,1.461
search,lower,3,reverse,59.9603,1295.998,1045,rolling,1595.587,1287,1595.719,3.210,0,0,1783746750.805277586,0.357496,-0.387792,1.055723,-0.208807,,,0.614317,-0.570992,0.292494,0.639,1.461
search,lower,3,reverse,59.9820,1295.998,1045,rolling,1595.587,1287,1595.719,3.210,0,0,1783746750.805277586,0.357496,-0.387792,1.055723,-0.208807,,,0.614317,-0.570992,0.292494,0.639,1.461
search,lower,3,reverse,60.0035,1295.998,1045,rolling,1595.587,1287,1595.719,3.210,0,0,1783746750.805277586,0.357496,-0.387792,1.055723,-0.208807,,,0.614317,-0.570992,0.292494,0.639,1.461
search,lower,3,reverse,60.0251,1295.998,1045,rolling,1595.587,1287,1595.719,3.210,0,0,1783746750.805277586,0.357496,-0.387792,1.055723,-0.208807,,,0.614317,-0.570992,0.292494,0.620,1.482
search,lower,3,reverse,60.0413,1295.998,1045,rolling,1595.444,1287,1595.674,3.165,1,35,1783746750.903211594,0.347230,-0.408414,1.069329,-0.215346,-0.0230109,0.0136057,0.637328,-0.594003,0.306100,0.620,1.482
search,lower,3,reverse,60.0585,1295.998,1045,rolling,1595.444,1287,1595.674,3.165,0,0,1783746750.903211594,0.347230,-0.408414,1.069329,-0.215346,,,0.637328,-0.594003,0.306100,0.620,1.482
search,lower,3,reverse,60.0803,1295.998,1045,rolling,1595.444,1287,1595.674,3.165,0,0,1783746750.903211594,0.347230,-0.408414,1.069329,-0.215346,,,0.637328,-0.594003,0.306100,0.620,1.482
search,lower,3,reverse,60.1019,1295.998,1045,rolling,1595.444,1287,1595.674,3.165,0,0,1783746750.903211594,0.347230,-0.408414,1.069329,-0.215346,,,0.637328,-0.594003,0.306100,0.620,1.482
search,lower,3,reverse,60.1234,1295.998,1045,rolling,1595.444,1287,1595.674,3.165,0,0,1783746750.903211594,0.347230,-0.408414,1.069329,-0.215346,,,0.637328,-0.594003,0.306100,0.612,1.504
search,lower,3,reverse,60.1420,1295.998,1045,rolling,1595.341,1287,1595.618,3.109,1,36,1783746751.003470421,0.334663,-0.427597,1.080720,-0.218491,-0.0228518,0.0113912,0.660180,-0.616855,0.317491,0.612,1.504
search,lower,3,reverse,60.1609,1295.998,1045,rolling,1595.341,1287,1595.618,3.109,0,0,1783746751.003470421,0.334663,-0.427597,1.080720,-0.218491,,,0.660180,-0.616855,0.317491,0.612,1.504
search,lower,3,reverse,60.1826,1295.998,1045,rolling,1595.341,1287,1595.618,3.109,0,0,1783746751.003470421,0.334663,-0.427597,1.080720,-0.218491,,,0.660180,-0.616855,0.317491,0.612,1.504
search,lower,3,reverse,60.2042,1295.998,1045,rolling,1595.341,1287,1595.618,3.109,0,0,1783746751.003470421,0.334663,-0.427597,1.080720,-0.218491,,,0.660180,-0.616855,0.317491,0.612,1.504
search,lower,3,reverse,60.2257,1295.998,1045,rolling,1595.341,1287,1595.618,3.109,0,0,1783746751.003470421,0.334663,-0.427597,1.080720,-0.218491,,,0.660180,-0.616855,0.317491,0.595,1.524
search,lower,3,reverse,60.2394,1295.998,1045,rolling,1595.180,1286,1595.545,3.036,1,37,1783746751.104042768,0.324909,-0.449951,1.092080,-0.224334,-0.0243245,0.0113594,0.684504,-0.641179,0.328850,0.595,1.524
search,lower,3,reverse,60.2535,1295.998,1045,rolling,1595.180,1286,1595.545,3.036,0,0,1783746751.104042768,0.324909,-0.449951,1.092080,-0.224334,,,0.684504,-0.641179,0.328850,0.595,1.524
search,lower,3,reverse,60.2751,1295.998,1045,rolling,1595.180,1286,1595.545,3.036,0,0,1783746751.104042768,0.324909,-0.449951,1.092080,-0.224334,,,0.684504,-0.641179,0.328850,0.595,1.524
search,lower,3,reverse,60.2967,1295.998,1045,rolling,1595.180,1286,1595.545,3.036,0,0,1783746751.104042768,0.324909,-0.449951,1.092080,-0.224334,,,0.684504,-0.641179,0.328850,0.595,1.524
search,lower,3,reverse,60.3182,1295.998,1045,rolling,1595.180,1286,1595.545,3.036,0,0,1783746751.104042768,0.324909,-0.449951,1.092080,-0.224334,,,0.684504,-0.641179,0.328850,0.578,1.542
search,lower,3,reverse,60.3400,1295.998,1045,rolling,1594.936,1286,1595.446,2.937,1,38,1783746751.201471329,0.315841,-0.474080,1.103218,-0.233966,-0.0256104,0.0111383,0.710115,-0.666790,0.339989,0.578,1.542
search,lower,3,reverse,60.3578,1295.998,1045,rolling,1594.936,1286,1595.446,2.937,0,0,1783746751.201471329,0.315841,-0.474080,1.103218,-0.233966,,,0.710115,-0.666790,0.339989,0.578,1.542
search,lower,3,reverse,60.3795,1295.998,1045,rolling,1594.936,1286,1595.446,2.937,0,0,1783746751.201471329,0.315841,-0.474080,1.103218,-0.233966,,,0.710115,-0.666790,0.339989,0.578,1.542
search,lower,3,reverse,60.4011,1295.998,1045,rolling,1594.936,1286,1595.446,2.937,0,0,1783746751.201471329,0.315841,-0.474080,1.103218,-0.233966,,,0.710115,-0.666790,0.339989,0.578,1.542
search,lower,3,reverse,60.4226,1295.998,1045,rolling,1594.936,1286,1595.446,2.937,0,0,1783746751.201471329,0.315841,-0.474080,1.103218,-0.233966,,,0.710115,-0.666790,0.339989,0.567,1.559
search,lower,3,reverse,60.4406,1295.998,1045,rolling,1595.067,1286,1595.382,2.873,1,39,1783746751.301999569,0.307436,-0.490351,1.115170,-0.221013,-0.0183114,0.0119517,0.728426,-0.685101,0.351940,0.567,1.559
search,lower,3,reverse,60.4550,1295.998,1045,rolling,1595.067,1286,1595.382,2.873,0,0,1783746751.301999569,0.307436,-0.490351,1.115170,-0.221013,,,0.728426,-0.685101,0.351940,0.567,1.559
search,lower,3,reverse,60.4766,1295.998,1045,rolling,1595.067,1286,1595.382,2.873,0,0,1783746751.301999569,0.307436,-0.490351,1.115170,-0.221013,,,0.728426,-0.685101,0.351940,0.567,1.559
search,lower,3,reverse,60.4981,1295.998,1045,rolling,1595.067,1286,1595.382,2.873,0,0,1783746751.301999569,0.307436,-0.490351,1.115170,-0.221013,,,0.728426,-0.685101,0.351940,0.567,1.559
search,lower,3,reverse,60.5197,1295.998,1045,rolling,1595.067,1286,1595.382,2.873,0,0,1783746751.301999569,0.307436,-0.490351,1.115170,-0.221013,,,0.728426,-0.685101,0.351940,0.558,1.436
search,lower,3,reverse,60.5383,1295.998,1045,rolling,1595.268,1287,1595.363,2.854,1,40,1783746751.402361393,0.299775,-0.504731,1.127224,-0.206316,-0.0162812,0.0120542,0.744707,-0.701382,0.363995,0.558,1.436
search,lower,3,reverse,60.5518,1295.998,1045,rolling,1595.268,1287,1595.363,2.854,0,0,1783746751.402361393,0.299775,-0.504731,1.127224,-0.206316,,,0.744707,-0.701382,0.363995,0.558,1.436
search,lower,3,reverse,60.5735,1295.998,1045,rolling,1595.268,1287,1595.363,2.854,0,0,1783746751.402361393,0.299775,-0.504731,1.127224,-0.206316,,,0.744707,-0.701382,0.363995,0.558,1.436
search,lower,3,reverse,60.5950,1295.998,1045,rolling,1595.268,1287,1595.363,2.854,0,0,1783746751.402361393,0.299775,-0.504731,1.127224,-0.206316,,,0.744707,-0.701382,0.363995,0.558,1.436
search,lower,3,reverse,60.6166,1295.998,1045,rolling,1595.268,1287,1595.363,2.854,0,0,1783746751.402361393,0.299775,-0.504731,1.127224,-0.206316,,,0.744707,-0.701382,0.363995,0.552,1.464
search,lower,3,reverse,60.6386,1295.998,1045,rolling,1595.268,1287,1595.363,2.854,0,0,1783746751.402361393,0.299775,-0.504731,1.127224,-0.206316,,,0.744707,-0.701382,0.363995,0.552,1.464
search,lower,3,reverse,60.6604,1295.998,1045,rolling,1595.404,1287,1595.370,2.861,1,41,1783746751.500360966,0.291528,-0.519472,1.135885,-0.197718,-0.0168487,0.0086614,0.761556,-0.718231,0.372656,0.552,1.464
search,lower,4,forward,62.8858,1250.784,1009,startup,1418.342,1144,1414.342,-5.042,0,0,1783746753.701292992,0.275467,-0.548936,1.158396,0.003389,,,0.000000,0.000000,0.000000,0.536,1.485
search,lower,4,forward,62.9074,1250.784,1009,startup,1418.342,1144,1414.342,-5.042,0,0,1783746753.701292992,0.275467,-0.548936,1.158396,0.003389,,,0.000000,0.000000,0.000000,0.536,1.485
search,lower,4,forward,62.9290,1250.784,1009,startup,1418.342,1144,1414.342,-5.042,0,0,1783746753.701292992,0.275467,-0.548936,1.158396,0.003389,,,0.000000,0.000000,0.000000,0.534,1.476
search,lower,4,forward,62.9374,1250.784,1009,startup,1417.102,1143,1414.342,-5.042,1,1,1783746753.799368382,0.274129,-0.551106,1.159690,-0.003891,-0.0025237,0.0012937,0.002524,0.000000,0.000000,0.534,1.476
search,lower,4,forward,62.9442,1250.784,1009,startup,1417.102,1143,1414.342,-5.042,0,0,1783746753.799368382,0.274129,-0.551106,1.159690,-0.003891,,,0.002524,0.000000,0.000000,0.534,1.476
search,lower,4,forward,62.9660,1250.784,1009,startup,1417.102,1143,1414.342,-5.042,0,0,1783746753.799368382,0.274129,-0.551106,1.159690,-0.003891,,,0.002524,0.000000,0.000000,0.534,1.476
search,lower,4,forward,62.9876,1250.784,1009,startup,1417.102,1143,1414.342,-5.042,0,0,1783746753.799368382,0.274129,-0.551106,1.159690,-0.003891,,,0.002524,0.000000,0.000000,0.534,1.476
search,lower,4,forward,63.0092,1250.784,1009,startup,1417.102,1143,1414.342,-5.042,0,0,1783746753.799368382,0.274129,-0.551106,1.159690,-0.003891,,,0.002524,0.000000,0.000000,0.534,1.476
search,lower,4,forward,63.0307,1250.784,1009,startup,1417.102,1143,1414.342,-5.042,0,0,1783746753.799368382,0.274129,-0.551106,1.159690,-0.003891,,,0.002524,0.000000,0.000000,0.535,1.485
search,lower,4,forward,63.0377,1250.784,1009,startup,1415.862,1142,1414.342,-5.042,1,2,1783746753.899486065,0.273151,-0.553791,1.160139,-0.010041,-0.0028523,0.0004490,0.005376,0.000000,0.000000,0.535,1.485
search,lower,4,forward,63.0516,1250.784,1009,startup,1415.862,1142,1414.342,-5.042,0,0,1783746753.899486065,0.273151,-0.553791,1.160139,-0.010041,,,0.005376,0.000000,0.000000,0.535,1.485
search,lower,4,forward,63.0732,1250.784,1009,startup,1415.862,1142,1414.342,-5.042,0,0,1783746753.899486065,0.273151,-0.553791,1.160139,-0.010041,,,0.005376,0.000000,0.000000,0.535,1.485
search,lower,4,forward,63.0948,1250.784,1009,startup,1415.862,1142,1414.342,-5.042,0,0,1783746753.899486065,0.273151,-0.553791,1.160139,-0.010041,,,0.005376,0.000000,0.000000,0.535,1.485
search,lower,4,forward,63.1164,1250.784,1009,startup,1415.862,1142,1414.342,-5.042,0,0,1783746753.899486065,0.273151,-0.553791,1.160139,-0.010041,,,0.005376,0.000000,0.000000,0.536,1.469
search,lower,4,forward,63.1359,1250.784,1009,startup,1414.622,1141,1414.342,-5.042,1,3,1783746753.999814987,0.271580,-0.552987,1.159711,-0.007258,0.0001094,-0.0004280,0.005485,0.000000,0.000000,0.536,1.469
search,lower,4,forward,63.1456,1250.784,1009,startup,1414.622,1141,1414.342,-5.042,0,0,1783746753.999814987,0.271580,-0.552987,1.159711,-0.007258,,,0.005485,0.000000,0.000000,0.536,1.469
search,lower,4,forward,63.1672,1250.784,1009,startup,1414.622,1141,1414.342,-5.042,0,0,1783746753.999814987,0.271580,-0.552987,1.159711,-0.007258,,,0.005485,0.000000,0.000000,0.536,1.469
search,lower,4,forward,63.1888,1250.784,1009,startup,1414.622,1141,1414.342,-5.042,0,0,1783746753.999814987,0.271580,-0.552987,1.159711,-0.007258,,,0.005485,0.000000,0.000000,0.536,1.469
search,lower,4,forward,63.2103,1250.784,1009,startup,1414.622,1141,1414.342,-5.042,0,0,1783746753.999814987,0.271580,-0.552987,1.159711,-0.007258,,,0.005485,0.000000,0.000000,0.536,1.469
search,lower,4,forward,63.2318,1250.784,1009,startup,1414.622,1141,1414.342,-5.042,0,0,1783746753.999814987,0.271580,-0.552987,1.159711,-0.007258,,,0.005485,0.000000,0.000000,0.538,1.469
search,lower,4,forward,63.2360,1250.784,1009,startup,1413.382,1140,1414.342,-5.042,1,4,1783746754.097787857,0.278484,-0.543792,1.155758,0.023119,0.0111935,-0.0039530,0.016679,0.000000,0.000000,0.538,1.469
search,lower,4,forward,63.2553,1250.784,1009,startup,1413.382,1140,1414.342,-5.042,0,0,1783746754.097787857,0.278484,-0.543792,1.155758,0.023119,,,0.016679,0.000000,0.000000,0.538,1.469
search,lower,4,forward,63.2769,1250.784,1009,startup,1413.382,1140,1414.342,-5.042,0,0,1783746754.097787857,0.278484,-0.543792,1.155758,0.023119,,,0.016679,0.000000,0.000000,0.538,1.469
search,lower,4,forward,63.2984,1250.784,1009,startup,1413.382,1140,1414.342,-5.042,0,0,1783746754.097787857,0.278484,-0.543792,1.155758,0.023119,,,0.016679,0.000000,0.000000,0.538,1.469
search,lower,4,forward,63.3199,1250.784,1009,startup,1413.382,1140,1414.342,-5.042,0,0,1783746754.097787857,0.278484,-0.543792,1.155758,0.023119,,,0.016679,0.000000,0.000000,0.540,1.461
search,lower,4,forward,63.3367,1250.784,1009,startup,1410.282,1137,1414.342,-5.042,1,5,1783746754.198145390,0.283005,-0.531517,1.149787,0.049855,0.0130529,-0.0059708,0.029732,0.000000,0.000000,0.540,1.461
search,lower,4,forward,63.3546,1250.784,1009,startup,1410.282,1137,1414.342,-5.042,0,0,1783746754.198145390,0.283005,-0.531517,1.149787,0.049855,,,0.029732,0.000000,0.000000,0.540,1.461
search,lower,4,forward,63.3762,1250.784,1009,startup,1410.282,1137,1414.342,-5.042,0,0,1783746754.198145390,0.283005,-0.531517,1.149787,0.049855,,,0.029732,0.000000,0.000000,0.540,1.461
search,lower,4,forward,63.3977,1250.784,1009,startup,1410.282,1137,1414.342,-5.042,0,0,1783746754.198145390,0.283005,-0.531517,1.149787,0.049855,,,0.029732,0.000000,0.000000,0.540,1.461
search,lower,4,forward,63.4192,1250.784,1009,startup,1410.282,1137,1414.342,-5.042,0,0,1783746754.198145390,0.283005,-0.531517,1.149787,0.049855,,,0.029732,0.000000,0.000000,0.547,1.444
search,lower,4,forward,63.4346,1250.784,1009,rolling,1414.342,1141,1414.342,-5.042,1,6,1783746754.298737049,0.290067,-0.517811,1.142686,0.075662,0.0153989,-0.0071007,0.045131,0.000000,0.000000,0.547,1.444
search,lower,4,forward,63.4495,1250.784,1009,rolling,1414.342,1141,1414.342,-5.042,0,0,1783746754.298737049,0.290067,-0.517811,1.142686,0.075662,,,0.045131,0.000000,0.000000,0.547,1.444
search,lower,4,forward,63.4712,1250.784,1009,rolling,1414.342,1141,1414.342,-5.042,0,0,1783746754.298737049,0.290067,-0.517811,1.142686,0.075662,,,0.045131,0.000000,0.000000,0.547,1.444
search,lower,4,forward,63.4928,1250.784,1009,rolling,1414.342,1141,1414.342,-5.042,0,0,1783746754.298737049,0.290067,-0.517811,1.142686,0.075662,,,0.045131,0.000000,0.000000,0.547,1.444
search,lower,4,forward,63.5145,1250.784,1009,rolling,1414.342,1141,1414.342,-5.042,0,0,1783746754.298737049,0.290067,-0.517811,1.142686,0.075662,,,0.045131,0.000000,0.000000,0.551,1.440
search,lower,4,forward,63.5349,1250.784,1009,rolling,1411.900,1139,1414.029,-5.355,1,7,1783746754.396704197,0.294558,-0.503992,1.136835,0.093573,0.0144311,-0.0058508,0.059562,0.000000,0.000000,0.551,1.440
search,lower,4,forward,63.5526,1250.784,1009,rolling,1411.900,1139,1414.029,-5.355,0,0,1783746754.396704197,0.294558,-0.503992,1.136835,0.093573,,,0.059562,0.000000,0.000000,0.551,1.440
search,lower,4,forward,63.5743,1250.784,1009,rolling,1411.900,1139,1414.029,-5.355,0,0,1783746754.396704197,0.294558,-0.503992,1.136835,0.093573,,,0.059562,0.000000,0.000000,0.551,1.440
search,lower,4,forward,63.5959,1250.784,1009,rolling,1411.900,1139,1414.029,-5.355,0,0,1783746754.396704197,0.294558,-0.503992,1.136835,0.093573,,,0.059562,0.000000,0.000000,0.551,1.440
search,lower,4,forward,63.6174,1250.784,1009,rolling,1411.900,1139,1414.029,-5.355,0,0,1783746754.396704197,0.294558,-0.503992,1.136835,0.093573,,,0.059562,0.000000,0.000000,0.559,1.426
search,lower,4,forward,63.6352,1250.784,1009,rolling,1411.900,1139,1414.029,-5.355,0,0,1783746754.396704197,0.294558,-0.503992,1.136835,0.093573,,,0.059562,0.000000,0.000000,0.559,1.426
search,lower,4,forward,63.6573,1250.784,1009,rolling,1411.683,1138,1413.722,-5.662,1,8,1783746754.497095823,0.299789,-0.494091,1.130147,0.098033,0.0111848,-0.0066884,0.070747,0.000000,0.000000,0.559,1.426
search,lower,4,forward,63.6591,1250.784,1009,rolling,1411.683,1138,1413.722,-5.662,0,0,1783746754.497095823,0.299789,-0.494091,1.130147,0.098033,,,0.070747,0.000000,0.000000,0.559,1.426
search,lower,4,forward,63.6809,1250.784,1009,rolling,1411.683,1138,1413.722,-5.662,0,0,1783746754.497095823,0.299789,-0.494091,1.130147,0.098033,,,0.070747,0.000000,0.000000,0.559,1.426
search,lower,4,forward,63.7026,1250.784,1009,rolling,1411.683,1138,1413.722,-5.662,0,0,1783746754.497095823,0.299789,-0.494091,1.130147,0.098033,,,0.070747,0.000000,0.000000,0.559,1.426
search,lower,4,forward,63.7243,1250.784,1009,rolling,1411.683,1138,1413.722,-5.662,0,0,1783746754.497095823,0.299789,-0.494091,1.130147,0.098033,,,0.070747,0.000000,0.000000,0.570,1.538
search,lower,4,forward,63.7332,1250.784,1009,rolling,1411.597,1138,1413.444,-5.940,1,9,1783746754.597310543,0.307387,-0.482564,1.123870,0.107632,0.0136724,-0.0062770,0.084419,0.013672,-0.006277,0.570,1.538
search,lower,4,forward,63.7472,1250.784,1009,rolling,1411.597,1138,1413.444,-5.940,0,0,1783746754.597310543,0.307387,-0.482564,1.123870,0.107632,,,0.084419,0.013672,-0.006277,0.570,1.538
search,lower,4,forward,63.7691,1250.784,1009,rolling,1411.597,1138,1413.444,-5.940,0,0,1783746754.597310543,0.307387,-0.482564,1.123870,0.107632,,,0.084419,0.013672,-0.006277,0.570,1.538
search,lower,4,forward,63.7909,1250.784,1009,rolling,1411.597,1138,1413.444,-5.940,0,0,1783746754.597310543,0.307387,-0.482564,1.123870,0.107632,,,0.084419,0.013672,-0.006277,0.570,1.538
search,lower,4,forward,63.8125,1250.784,1009,rolling,1411.597,1138,1413.444,-5.940,0,0,1783746754.597310543,0.307387,-0.482564,1.123870,0.107632,,,0.084419,0.013672,-0.006277,0.581,1.519
search,lower,4,forward,63.8338,1250.784,1009,rolling,1411.752,1139,1413.227,-6.156,1,10,1783746754.695283890,0.316008,-0.466915,1.115700,0.126252,0.0178419,-0.0081696,0.102261,0.031514,-0.014447,0.581,1.519
search,lower,4,forward,63.8529,1250.784,1009,rolling,1411.752,1139,1413.227,-6.156,0,0,1783746754.695283890,0.316008,-0.466915,1.115700,0.126252,,,0.102261,0.031514,-0.014447,0.581,1.519
search,lower,4,forward,63.8745,1250.784,1009,rolling,1411.752,1139,1413.227,-6.156,0,0,1783746754.695283890,0.316008,-0.466915,1.115700,0.126252,,,0.102261,0.031514,-0.014447,0.581,1.519
search,lower,4,forward,63.8960,1250.784,1009,rolling,1411.752,1139,1413.227,-6.156,0,0,1783746754.695283890,0.316008,-0.466915,1.115700,0.126252,,,0.102261,0.031514,-0.014447,0.581,1.519
search,lower,4,forward,63.9175,1250.784,1009,rolling,1411.752,1139,1413.227,-6.156,0,0,1783746754.695283890,0.316008,-0.466915,1.115700,0.126252,,,0.102261,0.031514,-0.014447,0.596,1.502
search,lower,4,forward,63.9363,1250.784,1009,rolling,1412.018,1139,1413.069,-6.315,1,11,1783746754.795822620,0.326505,-0.448430,1.105526,0.147464,0.0212238,-0.0101745,0.123485,0.052738,-0.024621,0.596,1.502
search,lower,4,forward,63.9549,1250.784,1009,rolling,1412.018,1139,1413.069,-6.315,0,0,1783746754.795822620,0.326505,-0.448430,1.105526,0.147464,,,0.123485,0.052738,-0.024621,0.596,1.502
search,lower,4,forward,63.9767,1250.784,1009,rolling,1412.018,1139,1413.069,-6.315,0,0,1783746754.795822620,0.326505,-0.448430,1.105526,0.147464,,,0.123485,0.052738,-0.024621,0.596,1.502
search,lower,4,forward,63.9982,1250.784,1009,rolling,1412.018,1139,1413.069,-6.315,0,0,1783746754.795822620,0.326505,-0.448430,1.105526,0.147464,,,0.123485,0.052738,-0.024621,0.596,1.502
search,lower,4,forward,64.0199,1250.784,1009,rolling,1412.018,1139,1413.069,-6.315,0,0,1783746754.795822620,0.326505,-0.448430,1.105526,0.147464,,,0.123485,0.052738,-0.024621,0.613,1.483
search,lower,4,forward,64.0368,1250.784,1009,rolling,1412.326,1139,1412.970,-6.414,1,12,1783746754.898447990,0.333054,-0.425399,1.092020,0.167822,0.0234905,-0.0135062,0.146975,0.076229,-0.038127,0.613,1.483
search,lower,4,forward,64.0525,1250.784,1009,rolling,1412.326,1139,1412.970,-6.414,0,0,1783746754.898447990,0.333054,-0.425399,1.092020,0.167822,,,0.146975,0.076229,-0.038127,0.613,1.483
search,lower,4,forward,64.0741,1250.784,1009,rolling,1412.326,1139,1412.970,-6.414,0,0,1783746754.898447990,0.333054,-0.425399,1.092020,0.167822,,,0.146975,0.076229,-0.038127,0.613,1.483
search,lower,4,forward,64.0957,1250.784,1009,rolling,1412.326,1139,1412.970,-6.414,0,0,1783746754.898447990,0.333054,-0.425399,1.092020,0.167822,,,0.146975,0.076229,-0.038127,0.613,1.483
search,lower,4,forward,64.1172,1250.784,1009,rolling,1412.326,1139,1412.970,-6.414,0,0,1783746754.898447990,0.333054,-0.425399,1.092020,0.167822,,,0.146975,0.076229,-0.038127,0.621,1.465
search,lower,4,forward,64.1372,1250.784,1009,rolling,1412.464,1139,1412.904,-6.480,1,13,1783746754.998934031,0.342406,-0.406634,1.079414,0.178015,0.0209609,-0.0126055,0.167936,0.097189,-0.050733,0.621,1.465
search,lower,4,forward,64.1511,1250.784,1009,rolling,1412.464,1139,1412.904,-6.480,0,0,1783746754.998934031,0.342406,-0.406634,1.079414,0.178015,,,0.167936,0.097189,-0.050733,0.621,1.465
search,lower,4,forward,64.1728,1250.784,1009,rolling,1412.464,1139,1412.904,-6.480,0,0,1783746754.998934031,0.342406,-0.406634,1.079414,0.178015,,,0.167936,0.097189,-0.050733,0.621,1.465
search,lower,4,forward,64.1943,1250.784,1009,rolling,1412.464,1139,1412.904,-6.480,0,0,1783746754.998934031,0.342406,-0.406634,1.079414,0.178015,,,0.167936,0.097189,-0.050733,0.621,1.465
search,lower,4,forward,64.2158,1250.784,1009,rolling,1412.464,1139,1412.904,-6.480,0,0,1783746754.998934031,0.342406,-0.406634,1.079414,0.178015,,,0.167936,0.097189,-0.050733,0.628,1.448
search,lower,4,forward,64.2376,1250.784,1009,rolling,1412.512,1139,1412.852,-6.531,1,14,1783746755.099245071,0.352968,-0.389780,1.067936,0.182985,0.0198510,-0.0114782,0.187787,0.117040,-0.062211,0.628,1.448
search,lower,4,forward,64.2556,1250.784,1009,rolling,1412.512,1139,1412.852,-6.531,0,0,1783746755.099245071,0.352968,-0.389780,1.067936,0.182985,,,0.187787,0.117040,-0.062211,0.628,1.448
search,lower,4,forward,64.2772,1250.784,1009,rolling,1412.512,1139,1412.852,-6.531,0,0,1783746755.099245071,0.352968,-0.389780,1.067936,0.182985,,,0.187787,0.117040,-0.062211,0.628,1.448
search,lower,4,forward,64.2987,1250.784,1009,rolling,1412.512,1139,1412.852,-6.531,0,0,1783746755.099245071,0.352968,-0.389780,1.067936,0.182985,,,0.187787,0.117040,-0.062211,0.628,1.448
search,lower,4,forward,64.3202,1250.784,1009,rolling,1412.512,1139,1412.852,-6.531,0,0,1783746755.099245071,0.352968,-0.389780,1.067936,0.182985,,,0.187787,0.117040,-0.062211,0.642,1.426
search,lower,4,forward,64.3379,1250.784,1009,rolling,1412.285,1139,1412.778,-6.606,1,15,1783746755.199729919,0.358638,-0.375406,1.056546,0.175344,0.0153162,-0.0113901,0.203103,0.132357,-0.073601,0.642,1.426
search,lower,4,forward,64.3543,1250.784,1009,rolling,1412.285,1139,1412.778,-6.606,0,0,1783746755.199729919,0.358638,-0.375406,1.056546,0.175344,,,0.203103,0.132357,-0.073601,0.642,1.426
search,lower,4,forward,64.3759,1250.784,1009,rolling,1412.285,1139,1412.778,-6.606,0,0,1783746755.199729919,0.358638,-0.375406,1.056546,0.175344,,,0.203103,0.132357,-0.073601,0.642,1.426
search,lower,4,forward,64.3975,1250.784,1009,rolling,1412.285,1139,1412.778,-6.606,0,0,1783746755.199729919,0.358638,-0.375406,1.056546,0.175344,,,0.203103,0.132357,-0.073601,0.642,1.426
search,lower,4,forward,64.4190,1250.784,1009,rolling,1412.285,1139,1412.778,-6.606,0,0,1783746755.199729919,0.358638,-0.375406,1.056546,0.175344,,,0.203103,0.132357,-0.073601,0.650,1.408
search,lower,4,forward,64.4385,1250.784,1009,rolling,1412.510,1139,1412.743,-6.641,1,16,1783746755.299909830,0.369893,-0.355596,1.044792,0.188365,0.0227834,-0.0117541,0.225887,0.155140,-0.085355,0.650,1.408
search,lower,4,forward,64.4532,1250.784,1009,rolling,1412.510,1139,1412.743,-6.641,0,0,1783746755.299909830,0.369893,-0.355596,1.044792,0.188365,,,0.225887,0.155140,-0.085355,0.650,1.408
search,lower,4,forward,64.4749,1250.784,1009,rolling,1412.510,1139,1412.743,-6.641,0,0,1783746755.299909830,0.369893,-0.355596,1.044792,0.188365,,,0.225887,0.155140,-0.085355,0.650,1.408
search,lower,4,forward,64.4964,1250.784,1009,rolling,1412.510,1139,1412.743,-6.641,0,0,1783746755.299909830,0.369893,-0.355596,1.044792,0.188365,,,0.225887,0.155140,-0.085355,0.650,1.408
search,lower,4,forward,64.5179,1250.784,1009,rolling,1412.510,1139,1412.743,-6.641,0,0,1783746755.299909830,0.369893,-0.355596,1.044792,0.188365,,,0.225887,0.155140,-0.085355,0.655,1.391
search,lower,4,forward,64.5369,1250.784,1009,rolling,1412.698,1139,1412.737,-6.647,1,17,1783746755.400541544,0.381022,-0.335632,1.032328,0.198040,0.0228500,-0.0124637,0.248737,0.177990,-0.097819,0.655,1.391
search,lower,4,forward,64.5475,1250.784,1009,rolling,1412.698,1139,1412.737,-6.647,0,0,1783746755.400541544,0.381022,-0.335632,1.032328,0.198040,,,0.248737,0.177990,-0.097819,0.655,1.391
search,lower,4,forward,64.5692,1250.784,1009,rolling,1412.698,1139,1412.737,-6.647,0,0,1783746755.400541544,0.381022,-0.335632,1.032328,0.198040,,,0.248737,0.177990,-0.097819,0.655,1.391
search,lower,4,forward,64.5907,1250.784,1009,rolling,1412.698,1139,1412.737,-6.647,0,0,1783746755.400541544,0.381022,-0.335632,1.032328,0.198040,,,0.248737,0.177990,-0.097819,0.655,1.391
search,lower,4,forward,64.6122,1250.784,1009,rolling,1412.698,1139,1412.737,-6.647,0,0,1783746755.400541544,0.381022,-0.335632,1.032328,0.198040,,,0.248737,0.177990,-0.097819,0.655,1.391
search,lower,4,forward,64.6340,1250.784,1009,rolling,1412.698,1139,1412.737,-6.647,0,0,1783746755.400541544,0.381022,-0.335632,1.032328,0.198040,,,0.248737,0.177990,-0.097819,0.665,1.368
search,lower,4,forward,64.6369,1250.784,1009,rolling,1412.892,1139,1412.757,-6.627,1,18,1783746755.498531580,0.392652,-0.316001,1.018648,0.206741,0.0228165,-0.0136797,0.271553,0.200807,-0.111498,0.665,1.368
search,lower,4,forward,64.6496,1250.784,1009,rolling,1412.892,1139,1412.757,-6.627,0,0,1783746755.498531580,0.392652,-0.316001,1.018648,0.206741,,,0.271553,0.200807,-0.111498,0.665,1.368
search,lower,4,forward,64.6713,1250.784,1009,rolling,1412.892,1139,1412.757,-6.627,0,0,1783746755.498531580,0.392652,-0.316001,1.018648,0.206741,,,0.271553,0.200807,-0.111498,0.665,1.368
search,lower,4,forward,64.6928,1250.784,1009,rolling,1412.892,1139,1412.757,-6.627,0,0,1783746755.498531580,0.392652,-0.316001,1.018648,0.206741,,,0.271553,0.200807,-0.111498,0.665,1.368
search,lower,4,forward,64.7144,1250.784,1009,rolling,1412.892,1139,1412.757,-6.627,0,0,1783746755.498531580,0.392652,-0.316001,1.018648,0.206741,,,0.271553,0.200807,-0.111498,0.665,1.368
search,lower,4,forward,64.7360,1250.784,1009,rolling,1412.892,1139,1412.757,-6.627,0,0,1783746755.498531580,0.392652,-0.316001,1.018648,0.206741,,,0.271553,0.200807,-0.111498,0.677,1.349
search,lower,4,forward,64.7385,1250.784,1009,rolling,1412.962,1139,1412.784,-6.600,1,19,1783746755.599027634,0.403490,-0.297239,1.004014,0.208922,0.0216533,-0.0146341,0.293206,0.222460,-0.126133,0.677,1.349
search,lower,4,forward,64.7500,1250.784,1009,rolling,1412.962,1139,1412.784,-6.600,0,0,1783746755.599027634,0.403490,-0.297239,1.004014,0.208922,,,0.293206,0.222460,-0.126133,0.677,1.349
search,lower,4,forward,64.7716,1250.784,1009,rolling,1412.962,1139,1412.784,-6.600,0,0,1783746755.599027634,0.403490,-0.297239,1.004014,0.208922,,,0.293206,0.222460,-0.126133,0.677,1.349
search,lower,4,forward,64.7934,1250.784,1009,rolling,1412.962,1139,1412.784,-6.600,0,0,1783746755.599027634,0.403490,-0.297239,1.004014,0.208922,,,0.293206,0.222460,-0.126133,0.677,1.349
search,lower,4,forward,64.8152,1250.784,1009,rolling,1412.962,1139,1412.784,-6.600,0,0,1783746755.599027634,0.403490,-0.297239,1.004014,0.208922,,,0.293206,0.222460,-0.126133,0.677,1.349
search,lower,4,forward,64.8368,1250.784,1009,rolling,1412.962,1139,1412.784,-6.600,0,0,1783746755.599027634,0.403490,-0.297239,1.004014,0.208922,,,0.293206,0.222460,-0.126133,0.692,1.332
search,lower,4,forward,64.8395,1250.784,1009,rolling,1413.160,1140,1412.833,-6.551,1,20,1783746755.699262381,0.415068,-0.276244,0.991422,0.216348,0.0239185,-0.0125925,0.317125,0.246378,-0.138725,0.692,1.332
search,lower,4,forward,64.8589,1250.784,1009,rolling,1413.160,1140,1412.833,-6.551,0,0,1783746755.699262381,0.415068,-0.276244,0.991422,0.216348,,,0.317125,0.246378,-0.138725,0.692,1.332
search,lower,4,forward,64.8805,1250.784,1009,rolling,1413.160,1140,1412.833,-6.551,0,0,1783746755.699262381,0.415068,-0.276244,0.991422,0.216348,,,0.317125,0.246378,-0.138725,0.692,1.332
search,lower,4,forward,64.9020,1250.784,1009,rolling,1413.160,1140,1412.833,-6.551,0,0,1783746755.699262381,0.415068,-0.276244,0.991422,0.216348,,,0.317125,0.246378,-0.138725,0.692,1.332
search,lower,4,forward,64.9236,1250.784,1009,rolling,1413.160,1140,1412.833,-6.551,0,0,1783746755.699262381,0.415068,-0.276244,0.991422,0.216348,,,0.317125,0.246378,-0.138725,0.700,1.313
search,lower,4,forward,64.9379,1250.784,1009,rolling,1413.124,1140,1412.871,-6.512,1,21,1783746755.799960375,0.426776,-0.259661,0.978455,0.212637,0.0202912,-0.0129670,0.337416,0.266670,-0.151692,0.700,1.313
search,lower,4,forward,64.9521,1250.784,1009,rolling,1413.124,1140,1412.871,-6.512,0,0,1783746755.799960375,0.426776,-0.259661,0.978455,0.212637,,,0.337416,0.266670,-0.151692,0.700,1.313
search,lower,4,forward,64.9737,1250.784,1009,rolling,1413.124,1140,1412.871,-6.512,0,0,1783746755.799960375,0.426776,-0.259661,0.978455,0.212637,,,0.337416,0.266670,-0.151692,0.700,1.313
search,lower,4,forward,64.9952,1250.784,1009,rolling,1413.124,1140,1412.871,-6.512,0,0,1783746755.799960375,0.426776,-0.259661,0.978455,0.212637,,,0.337416,0.266670,-0.151692,0.700,1.313
search,lower,4,forward,65.0167,1250.784,1009,rolling,1413.124,1140,1412.871,-6.512,0,0,1783746755.799960375,0.426776,-0.259661,0.978455,0.212637,,,0.337416,0.266670,-0.151692,0.719,1.294
search,lower,4,forward,65.0362,1250.784,1009,rolling,1412.954,1139,1412.882,-6.502,1,22,1783746755.900094748,0.434537,-0.243552,0.962244,0.203608,0.0176757,-0.0162104,0.355092,0.284345,-0.167902,0.719,1.294
search,lower,4,forward,65.0573,1250.784,1009,rolling,1412.954,1139,1412.882,-6.502,0,0,1783746755.900094748,0.434537,-0.243552,0.962244,0.203608,,,0.355092,0.284345,-0.167902,0.719,1.294
search,lower,4,forward,65.0789,1250.784,1009,rolling,1412.954,1139,1412.882,-6.502,0,0,1783746755.900094748,0.434537,-0.243552,0.962244,0.203608,,,0.355092,0.284345,-0.167902,0.719,1.294
search,lower,4,forward,65.1005,1250.784,1009,rolling,1412.954,1139,1412.882,-6.502,0,0,1783746755.900094748,0.434537,-0.243552,0.962244,0.203608,,,0.355092,0.284345,-0.167902,0.719,1.294
search,lower,4,forward,65.1220,1250.784,1009,rolling,1412.954,1139,1412.882,-6.502,0,0,1783746755.900094748,0.434537,-0.243552,0.962244,0.203608,,,0.355092,0.284345,-0.167902,0.726,1.278
search,lower,4,forward,65.1366,1250.784,1009,rolling,1413.156,1140,1412.917,-6.467,1,23,1783746755.998298883,0.448869,-0.225200,0.948099,0.211917,0.0232593,-0.0141456,0.378351,0.307605,-0.182048,0.726,1.278
search,lower,4,forward,65.1487,1250.784,1009,rolling,1413.156,1140,1412.917,-6.467,0,0,1783746755.998298883,0.448869,-0.225200,0.948099,0.211917,,,0.378351,0.307605,-0.182048,0.726,1.278
search,lower,4,forward,65.1703,1250.784,1009,rolling,1413.156,1140,1412.917,-6.467,0,0,1783746755.998298883,0.448869,-0.225200,0.948099,0.211917,,,0.378351,0.307605,-0.182048,0.726,1.278
search,lower,4,forward,65.1918,1250.784,1009,rolling,1413.156,1140,1412.917,-6.467,0,0,1783746755.998298883,0.448869,-0.225200,0.948099,0.211917,,,0.378351,0.307605,-0.182048,0.726,1.278
search,lower,4,forward,65.2133,1250.784,1009,rolling,1413.156,1140,1412.917,-6.467,0,0,1783746755.998298883,0.448869,-0.225200,0.948099,0.211917,,,0.378351,0.307605,-0.182048,0.726,1.278
search,lower,4,forward,65.2350,1250.784,1009,rolling,1413.156,1140,1412.917,-6.467,0,0,1783746755.998298883,0.448869,-0.225200,0.948099,0.211917,,,0.378351,0.307605,-0.182048,0.734,1.260
search,lower,4,forward,65.2376,1250.784,1009,rolling,1413.301,1140,1412.967,-6.416,1,24,1783746756.098509312,0.461683,-0.205902,0.936302,0.216678,0.0231444,-0.0117968,0.401495,0.330749,-0.193845,0.734,1.260
search,lower,4,forward,65.2504,1250.784,1009,rolling,1413.301,1140,1412.967,-6.416,0,0,1783746756.098509312,0.461683,-0.205902,0.936302,0.216678,,,0.401495,0.330749,-0.193845,0.734,1.260
search,lower,4,forward,65.2719,1250.784,1009,rolling,1413.301,1140,1412.967,-6.416,0,0,1783746756.098509312,0.461683,-0.205902,0.936302,0.216678,,,0.401495,0.330749,-0.193845,0.734,1.260
search,lower,4,forward,65.2934,1250.784,1009,rolling,1413.301,1140,1412.967,-6.416,0,0,1783746756.098509312,0.461683,-0.205902,0.936302,0.216678,,,0.401495,0.330749,-0.193845,0.734,1.260
search,lower,4,forward,65.3150,1250.784,1009,rolling,1413.301,1140,1412.967,-6.416,0,0,1783746756.098509312,0.461683,-0.205902,0.936302,0.216678,,,0.401495,0.330749,-0.193845,0.749,1.242
search,lower,4,forward,65.3344,1250.784,1009,rolling,1413.103,1140,1412.985,-6.399,1,25,1783746756.199093580,0.470141,-0.190448,0.925496,0.205871,0.0174466,-0.0108062,0.418942,0.348196,-0.204651,0.749,1.242
search,lower,4,forward,65.3564,1250.784,1009,rolling,1413.103,1140,1412.985,-6.399,0,0,1783746756.199093580,0.470141,-0.190448,0.925496,0.205871,,,0.418942,0.348196,-0.204651,0.749,1.242
search,lower,4,forward,65.3577,1250.784,1009,rolling,1413.103,1140,1412.985,-6.399,0,0,1783746756.199093580,0.470141,-0.190448,0.925496,0.205871,,,0.418942,0.348196,-0.204651,0.749,1.242
search,lower,4,forward,65.3792,1250.784,1009,rolling,1413.103,1140,1412.985,-6.399,0,0,1783746756.199093580,0.470141,-0.190448,0.925496,0.205871,,,0.418942,0.348196,-0.204651,0.749,1.242
search,lower,4,forward,65.4009,1250.784,1009,rolling,1413.103,1140,1412.985,-6.399,0,0,1783746756.199093580,0.470141,-0.190448,0.925496,0.205871,,,0.418942,0.348196,-0.204651,0.749,1.242
search,lower,4,forward,65.4225,1250.784,1009,rolling,1413.103,1140,1412.985,-6.399,0,0,1783746756.199093580,0.470141,-0.190448,0.925496,0.205871,,,0.418942,0.348196,-0.204651,0.752,1.227
search,lower,4,forward,65.4346,1250.784,1009,rolling,1412.864,1139,1412.970,-6.414,1,26,1783746756.296474457,0.481674,-0.179498,0.916422,0.194702,0.0156973,-0.0090743,0.434639,0.363893,-0.213725,0.752,1.227
search,lower,4,forward,65.4478,1250.784,1009,rolling,1412.864,1139,1412.970,-6.414,0,0,1783746756.296474457,0.481674,-0.179498,0.916422,0.194702,,,0.434639,0.363893,-0.213725,0.752,1.227
search,lower,4,forward,65.4694,1250.784,1009,rolling,1412.864,1139,1412.970,-6.414,0,0,1783746756.296474457,0.481674,-0.179498,0.916422,0.194702,,,0.434639,0.363893,-0.213725,0.752,1.227
search,lower,4,forward,65.4909,1250.784,1009,rolling,1412.864,1139,1412.970,-6.414,0,0,1783746756.296474457,0.481674,-0.179498,0.916422,0.194702,,,0.434639,0.363893,-0.213725,0.752,1.227
search,lower,4,forward,65.5125,1250.784,1009,rolling,1412.864,1139,1412.970,-6.414,0,0,1783746756.296474457,0.481674,-0.179498,0.916422,0.194702,,,0.434639,0.363893,-0.213725,0.765,1.210
search,lower,4,forward,65.5328,1250.784,1009,rolling,1413.001,1140,1412.974,-6.410,1,27,1783746756.396665573,0.495637,-0.162253,0.904428,0.201381,0.0221842,-0.0119932,0.456824,0.386077,-0.225718,0.765,1.210
search,lower,4,forward,65.5542,1250.784,1009,rolling,1413.001,1140,1412.974,-6.410,0,0,1783746756.396665573,0.495637,-0.162253,0.904428,0.201381,,,0.456824,0.386077,-0.225718,0.765,1.210
search,lower,4,forward,65.5760,1250.784,1009,rolling,1413.001,1140,1412.974,-6.410,0,0,1783746756.396665573,0.495637,-0.162253,0.904428,0.201381,,,0.456824,0.386077,-0.225718,0.765,1.210
search,lower,4,forward,65.5981,1250.784,1009,rolling,1413.001,1140,1412.974,-6.410,0,0,1783746756.396665573,0.495637,-0.162253,0.904428,0.201381,,,0.456824,0.386077,-0.225718,0.765,1.210
search,lower,4,forward,65.6200,1250.784,1009,rolling,1413.001,1140,1412.974,-6.410,0,0,1783746756.396665573,0.495637,-0.162253,0.904428,0.201381,,,0.456824,0.386077,-0.225718,0.776,1.195
search,lower,4,forward,65.6343,1250.784,1009,rolling,1413.249,1140,1413.009,-6.375,1,28,1783746756.494833708,0.507765,-0.141297,0.888721,0.212008,0.0239419,-0.0157073,0.480765,0.410019,-0.241426,0.776,1.195
search,lower,4,forward,65.6449,1250.784,1009,rolling,1413.249,1140,1413.009,-6.375,0,0,1783746756.494833708,0.507765,-0.141297,0.888721,0.212008,,,0.480765,0.410019,-0.241426,0.776,1.195
search,lower,4,forward,65.6665,1250.784,1009,rolling,1413.249,1140,1413.009,-6.375,0,0,1783746756.494833708,0.507765,-0.141297,0.888721,0.212008,,,0.480765,0.410019,-0.241426,0.776,1.195
search,lower,4,forward,65.6881,1250.784,1009,rolling,1413.249,1140,1413.009,-6.375,0,0,1783746756.494833708,0.507765,-0.141297,0.888721,0.212008,,,0.480765,0.410019,-0.241426,0.776,1.195
search,lower,4,forward,65.7096,1250.784,1009,rolling,1413.249,1140,1413.009,-6.375,0,0,1783746756.494833708,0.507765,-0.141297,0.888721,0.212008,,,0.480765,0.410019,-0.241426,0.776,1.195
search,lower,4,forward,65.7312,1250.784,1009,rolling,1413.249,1140,1413.009,-6.375,0,0,1783746756.494833708,0.507765,-0.141297,0.888721,0.212008,,,0.480765,0.410019,-0.241426,0.780,1.178
search,lower,4,forward,65.7338,1250.784,1009,rolling,1413.309,1140,1413.048,-6.335,1,29,1783746756.595462799,0.517911,-0.121487,0.872747,0.213007,0.0217365,-0.0159742,0.502502,0.431755,-0.257400,0.780,1.178
search,lower,4,forward,65.7448,1250.784,1009,rolling,1413.309,1140,1413.048,-6.335,0,0,1783746756.595462799,0.517911,-0.121487,0.872747,0.213007,,,0.502502,0.431755,-0.257400,0.780,1.178
search,lower,4,forward,65.7664,1250.784,1009,rolling,1413.309,1140,1413.048,-6.335,0,0,1783746756.595462799,0.517911,-0.121487,0.872747,0.213007,,,0.502502,0.431755,-0.257400,0.780,1.178
search,lower,4,forward,65.7880,1250.784,1009,rolling,1413.309,1140,1413.048,-6.335,0,0,1783746756.595462799,0.517911,-0.121487,0.872747,0.213007,,,0.502502,0.431755,-0.257400,0.780,1.178
search,lower,4,forward,65.8095,1250.784,1009,rolling,1413.309,1140,1413.048,-6.335,0,0,1783746756.595462799,0.517911,-0.121487,0.872747,0.213007,,,0.502502,0.431755,-0.257400,0.780,1.178
search,lower,4,forward,65.8311,1250.784,1009,rolling,1413.309,1140,1413.048,-6.335,0,0,1783746756.595462799,0.517911,-0.121487,0.872747,0.213007,,,0.502502,0.431755,-0.257400,0.794,1.162
search,lower,4,forward,65.8342,1250.784,1009,rolling,1413.153,1140,1413.062,-6.322,1,30,1783746756.695679426,0.532296,-0.110149,0.858218,0.204555,0.0179586,-0.0145294,0.520461,0.449714,-0.271929,0.794,1.162
search,lower,4,forward,65.8542,1250.784,1009,rolling,1413.153,1140,1413.062,-6.322,0,0,1783746756.695679426,0.532296,-0.110149,0.858218,0.204555,,,0.520461,0.449714,-0.271929,0.794,1.162
search,lower,4,forward,65.8758,1250.784,1009,rolling,1413.153,1140,1413.062,-6.322,0,0,1783746756.695679426,0.532296,-0.110149,0.858218,0.204555,,,0.520461,0.449714,-0.271929,0.794,1.162
search,lower,4,forward,65.8973,1250.784,1009,rolling,1413.153,1140,1413.062,-6.322,0,0,1783746756.695679426,0.532296,-0.110149,0.858218,0.204555,,,0.520461,0.449714,-0.271929,0.794,1.162
search,lower,4,forward,65.9187,1250.784,1009,rolling,1413.153,1140,1413.062,-6.322,0,0,1783746756.695679426,0.532296,-0.110149,0.858218,0.204555,,,0.520461,0.449714,-0.271929,0.799,1.153
search,lower,4,forward,65.9318,1250.784,1009,rolling,1412.916,1139,1413.043,-6.341,1,31,1783746756.796272755,0.542803,-0.097827,0.849486,0.193657,0.0161919,-0.0087315,0.536652,0.465906,-0.280661,0.799,1.153
search,lower,4,forward,65.9506,1250.784,1009,rolling,1412.916,1139,1413.043,-6.341,0,0,1783746756.796272755,0.542803,-0.097827,0.849486,0.193657,,,0.536652,0.465906,-0.280661,0.799,1.153
search,lower,4,forward,65.9722,1250.784,1009,rolling,1412.916,1139,1413.043,-6.341,0,0,1783746756.796272755,0.542803,-0.097827,0.849486,0.193657,,,0.536652,0.465906,-0.280661,0.799,1.153
search,lower,4,forward,65.9937,1250.784,1009,rolling,1412.916,1139,1413.043,-6.341,0,0,1783746756.796272755,0.542803,-0.097827,0.849486,0.193657,,,0.536652,0.465906,-0.280661,0.799,1.153
search,lower,4,forward,66.0152,1250.784,1009,rolling,1412.916,1139,1413.043,-6.341,0,0,1783746756.796272755,0.542803,-0.097827,0.849486,0.193657,,,0.536652,0.465906,-0.280661,0.818,1.153
search,lower,4,forward,66.0322,1250.784,1009,rolling,1412.905,1139,1413.025,-6.358,1,32,1783746756.893967628,0.555554,-0.083677,0.841279,0.193985,0.0190475,-0.0082066,0.555700,0.484953,-0.288867,0.818,1.153
search,lower,4,forward,66.0490,1250.784,1009,rolling,1412.905,1139,1413.025,-6.358,0,0,1783746756.893967628,0.555554,-0.083677,0.841279,0.193985,,,0.555700,0.484953,-0.288867,0.818,1.153
search,lower,4,forward,66.0706,1250.784,1009,rolling,1412.905,1139,1413.025,-6.358,0,0,1783746756.893967628,0.555554,-0.083677,0.841279,0.193985,,,0.555700,0.484953,-0.288867,0.818,1.153
search,lower,4,forward,66.0922,1250.784,1009,rolling,1412.905,1139,1413.025,-6.358,0,0,1783746756.893967628,0.555554,-0.083677,0.841279,0.193985,,,0.555700,0.484953,-0.288867,0.818,1.153
search,lower,4,forward,66.1138,1250.784,1009,rolling,1412.905,1139,1413.025,-6.358,0,0,1783746756.893967628,0.555554,-0.083677,0.841279,0.193985,,,0.555700,0.484953,-0.288867,0.830,1.179
search,lower,4,forward,66.1332,1250.784,1009,rolling,1413.241,1140,1413.053,-6.330,1,33,1783746756.994266033,0.573022,-0.064928,0.831020,0.209352,0.0256215,-0.0102591,0.581321,0.510575,-0.299127,0.830,1.179
search,lower,4,forward,66.1476,1250.784,1009,rolling,1413.241,1140,1413.053,-6.330,0,0,1783746756.994266033,0.573022,-0.064928,0.831020,0.209352,,,0.581321,0.510575,-0.299127,0.830,1.179
search,lower,4,forward,66.1693,1250.784,1009,rolling,1413.241,1140,1413.053,-6.330,0,0,1783746756.994266033,0.573022,-0.064928,0.831020,0.209352,,,0.581321,0.510575,-0.299127,0.830,1.179
search,lower,4,forward,66.1909,1250.784,1009,rolling,1413.241,1140,1413.053,-6.330,0,0,1783746756.994266033,0.573022,-0.064928,0.831020,0.209352,,,0.581321,0.510575,-0.299127,0.830,1.179
search,lower,4,forward,66.2125,1250.784,1009,rolling,1413.241,1140,1413.053,-6.330,0,0,1783746756.994266033,0.573022,-0.064928,0.831020,0.209352,,,0.581321,0.510575,-0.299127,0.848,1.213
search,lower,4,forward,66.2330,1250.784,1009,rolling,1413.683,1140,1413.136,-6.248,1,34,1783746757.094961405,0.591644,-0.043563,0.817825,0.227349,0.0283298,-0.0131952,0.609651,0.538905,-0.312322,0.848,1.213
search,lower,4,forward,66.2519,1250.784,1009,rolling,1413.683,1140,1413.136,-6.248,0,0,1783746757.094961405,0.591644,-0.043563,0.817825,0.227349,,,0.609651,0.538905,-0.312322,0.848,1.213
search,lower,4,forward,66.2735,1250.784,1009,rolling,1413.683,1140,1413.136,-6.248,0,0,1783746757.094961405,0.591644,-0.043563,0.817825,0.227349,,,0.609651,0.538905,-0.312322,0.848,1.213
search,lower,4,forward,66.2951,1250.784,1009,rolling,1413.683,1140,1413.136,-6.248,0,0,1783746757.094961405,0.591644,-0.043563,0.817825,0.227349,,,0.609651,0.538905,-0.312322,0.848,1.213
search,lower,4,forward,66.3166,1250.784,1009,rolling,1413.683,1140,1413.136,-6.248,0,0,1783746757.094961405,0.591644,-0.043563,0.817825,0.227349,,,0.609651,0.538905,-0.312322,0.864,1.260
search,lower,4,forward,66.3336,1250.784,1009,rolling,1413.781,1140,1413.220,-6.163,1,35,1783746757.195132017,0.606660,-0.026036,0.802864,0.228033,0.0230477,-0.0149610,0.632699,0.561952,-0.327283,0.864,1.260
search,lower,4,forward,66.3532,1250.784,1009,rolling,1413.781,1140,1413.220,-6.163,0,0,1783746757.195132017,0.606660,-0.026036,0.802864,0.228033,,,0.632699,0.561952,-0.327283,0.864,1.260
search,lower,4,forward,66.3748,1250.784,1009,rolling,1413.781,1140,1413.220,-6.163,0,0,1783746757.195132017,0.606660,-0.026036,0.802864,0.228033,,,0.632699,0.561952,-0.327283,0.864,1.260
search,lower,4,forward,66.3964,1250.784,1009,rolling,1413.781,1140,1413.220,-6.163,0,0,1783746757.195132017,0.606660,-0.026036,0.802864,0.228033,,,0.632699,0.561952,-0.327283,0.864,1.260
search,lower,4,forward,66.4179,1250.784,1009,rolling,1413.781,1140,1413.220,-6.163,0,0,1783746757.195132017,0.606660,-0.026036,0.802864,0.228033,,,0.632699,0.561952,-0.327283,0.881,1.291
search,lower,4,forward,66.4339,1250.784,1009,rolling,1413.644,1140,1413.276,-6.108,1,36,1783746757.295616865,0.619961,-0.012398,0.787740,0.218423,0.0190512,-0.0151236,0.651750,0.581004,-0.342406,0.881,1.291
search,lower,4,forward,66.4528,1250.784,1009,rolling,1413.644,1140,1413.276,-6.108,0,0,1783746757.295616865,0.619961,-0.012398,0.787740,0.218423,,,0.651750,0.581004,-0.342406,0.881,1.291
search,lower,4,forward,66.4744,1250.784,1009,rolling,1413.644,1140,1413.276,-6.108,0,0,1783746757.295616865,0.619961,-0.012398,0.787740,0.218423,,,0.651750,0.581004,-0.342406,0.881,1.291
search,lower,4,forward,66.4959,1250.784,1009,rolling,1413.644,1140,1413.276,-6.108,0,0,1783746757.295616865,0.619961,-0.012398,0.787740,0.218423,,,0.651750,0.581004,-0.342406,0.881,1.291
search,lower,4,forward,66.5174,1250.784,1009,rolling,1413.644,1140,1413.276,-6.108,0,0,1783746757.295616865,0.619961,-0.012398,0.787740,0.218423,,,0.651750,0.581004,-0.342406,0.900,1.321
search,lower,4,forward,66.5341,1250.784,1009,rolling,1413.620,1140,1413.321,-6.063,1,37,1783746757.395994186,0.633447,0.003178,0.771424,0.214976,0.0205408,-0.0163168,0.672291,0.601544,-0.358723,0.900,1.321
search,lower,4,forward,66.5501,1250.784,1009,rolling,1413.620,1140,1413.321,-6.063,0,0,1783746757.395994186,0.633447,0.003178,0.771424,0.214976,,,0.672291,0.601544,-0.358723,0.900,1.321
search,lower,4,forward,66.5718,1250.784,1009,rolling,1413.620,1140,1413.321,-6.063,0,0,1783746757.395994186,0.633447,0.003178,0.771424,0.214976,,,0.672291,0.601544,-0.358723,0.900,1.321
search,lower,4,forward,66.5933,1250.784,1009,rolling,1413.620,1140,1413.321,-6.063,0,0,1783746757.395994186,0.633447,0.003178,0.771424,0.214976,,,0.672291,0.601544,-0.358723,0.900,1.321
search,lower,4,forward,66.6148,1250.784,1009,rolling,1413.620,1140,1413.321,-6.063,0,0,1783746757.395994186,0.633447,0.003178,0.771424,0.214976,,,0.672291,0.601544,-0.358723,0.915,1.382
search,lower,4,forward,66.6348,1250.784,1009,rolling,1413.680,1140,1413.368,-6.016,1,38,1783746757.496216774,0.648328,0.019160,0.754818,0.215612,0.0218003,-0.0166061,0.694091,0.623345,-0.375329,0.915,1.382
search,lower,4,forward,66.6489,1250.784,1009,rolling,1413.680,1140,1413.368,-6.016,0,0,1783746757.496216774,0.648328,0.019160,0.754818,0.215612,,,0.694091,0.623345,-0.375329,0.915,1.382
search,lower,4,forward,66.6706,1250.784,1009,rolling,1413.680,1140,1413.368,-6.016,0,0,1783746757.496216774,0.648328,0.019160,0.754818,0.215612,,,0.694091,0.623345,-0.375329,0.915,1.382
search,lower,4,forward,66.6921,1250.784,1009,rolling,1413.680,1140,1413.368,-6.016,0,0,1783746757.496216774,0.648328,0.019160,0.754818,0.215612,,,0.694091,0.623345,-0.375329,0.915,1.382
search,lower,4,forward,66.7136,1250.784,1009,rolling,1413.680,1140,1413.368,-6.016,0,0,1783746757.496216774,0.648328,0.019160,0.754818,0.215612,,,0.694091,0.623345,-0.375329,0.934,1.411
search,lower,4,forward,66.7352,1250.784,1009,rolling,1413.680,1140,1413.409,-5.975,1,39,1783746757.596835852,0.663157,0.033859,0.739553,0.213557,0.0208678,-0.0152641,0.714959,0.644213,-0.390593,0.934,1.411
search,lower,4,forward,66.7522,1250.784,1009,rolling,1413.680,1140,1413.409,-5.975,0,0,1783746757.596835852,0.663157,0.033859,0.739553,0.213557,,,0.714959,0.644213,-0.390593,0.934,1.411
search,lower,4,forward,66.7741,1250.784,1009,rolling,1413.680,1140,1413.409,-5.975,0,0,1783746757.596835852,0.663157,0.033859,0.739553,0.213557,,,0.714959,0.644213,-0.390593,0.934,1.411
search,lower,4,forward,66.7957,1250.784,1009,rolling,1413.680,1140,1413.409,-5.975,0,0,1783746757.596835852,0.663157,0.033859,0.739553,0.213557,,,0.714959,0.644213,-0.390593,0.934,1.411
search,lower,4,forward,66.8173,1250.784,1009,rolling,1413.680,1140,1413.409,-5.975,0,0,1783746757.596835852,0.663157,0.033859,0.739553,0.213557,,,0.714959,0.644213,-0.390593,0.950,1.462
search,lower,4,forward,66.8355,1250.784,1009,rolling,1413.718,1140,1413.449,-5.935,1,40,1783746757.697279930,0.679087,0.048139,0.724901,0.213415,0.0213935,-0.0146523,0.736353,0.665606,-0.405246,0.950,1.462
search,lower,4,forward,66.8437,1250.784,1009,rolling,1413.718,1140,1413.449,-5.935,0,0,1783746757.697279930,0.679087,0.048139,0.724901,0.213415,,,0.736353,0.665606,-0.405246,0.950,1.462
search,lower,4,forward,66.8654,1250.784,1009,rolling,1413.718,1140,1413.449,-5.935,0,0,1783746757.697279930,0.679087,0.048139,0.724901,0.213415,,,0.736353,0.665606,-0.405246,0.950,1.462
search,lower,4,forward,66.8869,1250.784,1009,rolling,1413.718,1140,1413.449,-5.935,0,0,1783746757.697279930,0.679087,0.048139,0.724901,0.213415,,,0.736353,0.665606,-0.405246,0.950,1.462
search,lower,4,forward,66.9085,1250.784,1009,rolling,1413.718,1140,1413.449,-5.935,0,0,1783746757.697279930,0.679087,0.048139,0.724901,0.213415,,,0.736353,0.665606,-0.405246,0.950,1.462
search,lower,4,forward,66.9301,1250.784,1009,rolling,1413.718,1140,1413.449,-5.935,0,0,1783746757.697279930,0.679087,0.048139,0.724901,0.213415,,,0.736353,0.665606,-0.405246,0.965,1.512
search,lower,4,forward,66.9356,1250.784,1009,rolling,1413.782,1140,1413.493,-5.891,1,41,1783746757.797651291,0.692254,0.066261,0.712608,0.214464,0.0218419,-0.0122937,0.758194,0.687448,-0.417539,0.965,1.512
search,lower,4,forward,66.9572,1250.784,1009,rolling,1413.782,1140,1413.493,-5.891,0,0,1783746757.797651291,0.692254,0.066261,0.712608,0.214464,,,0.758194,0.687448,-0.417539,0.965,1.512
search,lower,4,forward,66.9789,1250.784,1009,rolling,1413.782,1140,1413.493,-5.891,0,0,1783746757.797651291,0.692254,0.066261,0.712608,0.214464,,,0.758194,0.687448,-0.417539,0.965,1.512
search,lower,4,forward,67.0004,1250.784,1009,rolling,1413.782,1140,1413.493,-5.891,0,0,1783746757.797651291,0.692254,0.066261,0.712608,0.214464,,,0.758194,0.687448,-0.417539,0.965,1.512
search,lower,4,forward,67.0220,1250.784,1009,rolling,1413.782,1140,1413.493,-5.891,0,0,1783746757.797651291,0.692254,0.066261,0.712608,0.214464,,,0.758194,0.687448,-0.417539,0.982,1.585
search,lower,4,forward,67.0366,1250.784,1009,rolling,1414.121,1140,1413.575,-5.809,1,42,1783746757.897754669,0.709246,0.087355,0.700798,0.227329,0.0266197,-0.0118097,0.784814,0.714068,-0.429349,0.982,1.585
search,lower,4,reverse,68.4296,1250.784,1009,startup,1591.370,1283,1595.370,2.861,0,0,1783746759.195327997,0.737482,0.096774,0.686559,0.004035,,,0.000000,0.000000,0.000000,1.007,1.656
search,lower,4,reverse,68.4322,1250.784,1009,startup,1592.610,1284,1595.370,2.861,1,1,1783746759.293298244,0.737478,0.095926,0.685271,0.001646,-0.0005409,-0.0012885,0.000541,0.000000,0.000000,1.007,1.656
search,lower,4,reverse,68.4444,1250.784,1009,startup,1592.610,1284,1595.370,2.861,0,0,1783746759.293298244,0.737478,0.095926,0.685271,0.001646,,,0.000541,0.000000,0.000000,1.007,1.656
search,lower,4,reverse,68.4660,1250.784,1009,startup,1592.610,1284,1595.370,2.861,0,0,1783746759.293298244,0.737478,0.095926,0.685271,0.001646,,,0.000541,0.000000,0.000000,1.007,1.656
search,lower,4,reverse,68.4875,1250.784,1009,startup,1592.610,1284,1595.370,2.861,0,0,1783746759.293298244,0.737478,0.095926,0.685271,0.001646,,,0.000541,0.000000,0.000000,1.007,1.656
search,lower,4,reverse,68.5092,1250.784,1009,startup,1592.610,1284,1595.370,2.861,0,0,1783746759.293298244,0.737478,0.095926,0.685271,0.001646,,,0.000541,0.000000,0.000000,1.007,1.656
search,lower,4,reverse,68.5309,1250.784,1009,startup,1592.610,1284,1595.370,2.861,0,0,1783746759.293298244,0.737478,0.095926,0.685271,0.001646,,,0.000541,0.000000,0.000000,1.007,1.640
search,lower,4,reverse,68.5334,1250.784,1009,startup,1593.850,1285,1595.370,2.861,1,2,1783746759.393939018,0.740166,0.096320,0.683780,0.007027,0.0023317,-0.0014909,0.002873,0.000000,0.000000,1.007,1.640
search,lower,4,reverse,68.5458,1250.784,1009,startup,1593.850,1285,1595.370,2.861,0,0,1783746759.393939018,0.740166,0.096320,0.683780,0.007027,,,0.002873,0.000000,0.000000,1.007,1.640
search,lower,4,reverse,68.5674,1250.784,1009,startup,1593.850,1285,1595.370,2.861,0,0,1783746759.393939018,0.740166,0.096320,0.683780,0.007027,,,0.002873,0.000000,0.000000,1.007,1.640
search,lower,4,reverse,68.5889,1250.784,1009,startup,1593.850,1285,1595.370,2.861,0,0,1783746759.393939018,0.740166,0.096320,0.683780,0.007027,,,0.002873,0.000000,0.000000,1.007,1.640
search,lower,4,reverse,68.6104,1250.784,1009,startup,1593.850,1285,1595.370,2.861,0,0,1783746759.393939018,0.740166,0.096320,0.683780,0.007027,,,0.002873,0.000000,0.000000,1.006,1.616
search,lower,4,reverse,68.6325,1250.784,1009,startup,1593.850,1285,1595.370,2.861,0,0,1783746759.393939018,0.740166,0.096320,0.683780,0.007027,,,0.002873,0.000000,0.000000,1.006,1.616
search,lower,4,reverse,68.6544,1250.784,1009,startup,1595.090,1286,1595.370,2.861,1,3,1783746759.494215727,0.739741,0.091140,0.679993,-0.003691,-0.0035944,-0.0037872,0.006467,0.000000,0.000000,1.006,1.616
search,lower,4,reverse,68.6563,1250.784,1009,startup,1595.090,1286,1595.370,2.861,0,0,1783746759.494215727,0.739741,0.091140,0.679993,-0.003691,,,0.006467,0.000000,0.000000,1.006,1.616
search,lower,4,reverse,68.6779,1250.784,1009,startup,1595.090,1286,1595.370,2.861,0,0,1783746759.494215727,0.739741,0.091140,0.679993,-0.003691,,,0.006467,0.000000,0.000000,1.006,1.616
search,lower,4,reverse,68.6995,1250.784,1009,startup,1595.090,1286,1595.370,2.861,0,0,1783746759.494215727,0.739741,0.091140,0.679993,-0.003691,,,0.006467,0.000000,0.000000,1.006,1.616
search,lower,4,reverse,68.7210,1250.784,1009,startup,1595.090,1286,1595.370,2.861,0,0,1783746759.494215727,0.739741,0.091140,0.679993,-0.003691,,,0.006467,0.000000,0.000000,1.004,1.612
search,lower,4,reverse,68.7328,1250.784,1009,startup,1595.090,1286,1595.370,2.861,0,0,1783746759.494215727,0.739741,0.091140,0.679993,-0.003691,,,0.006467,0.000000,0.000000,1.004,1.612
search,lower,4,reverse,68.7561,1250.784,1009,startup,1596.330,1287,1595.370,2.861,1,4,1783746759.594611406,0.739450,0.095703,0.679739,0.003812,0.0026424,-0.0002541,0.009109,0.000000,0.000000,1.004,1.612
search,lower,4,reverse,68.7637,1250.784,1009,startup,1596.330,1287,1595.370,2.861,0,0,1783746759.594611406,0.739450,0.095703,0.679739,0.003812,,,0.009109,0.000000,0.000000,1.004,1.612
search,lower,4,reverse,68.7857,1250.784,1009,startup,1596.330,1287,1595.370,2.861,0,0,1783746759.594611406,0.739450,0.095703,0.679739,0.003812,,,0.009109,0.000000,0.000000,1.004,1.612
search,lower,4,reverse,68.8073,1250.784,1009,startup,1596.330,1287,1595.370,2.861,0,0,1783746759.594611406,0.739450,0.095703,0.679739,0.003812,,,0.009109,0.000000,0.000000,1.004,1.612
search,lower,4,reverse,68.8289,1250.784,1009,startup,1596.330,1287,1595.370,2.861,0,0,1783746759.594611406,0.739450,0.095703,0.679739,0.003812,,,0.009109,0.000000,0.000000,0.998,1.612
search,lower,4,reverse,68.8335,1250.784,1009,startup,1596.330,1287,1595.370,2.861,0,0,1783746759.594611406,0.739450,0.095703,0.679739,0.003812,,,0.009109,0.000000,0.000000,0.998,1.612
search,lower,4,reverse,68.8553,1250.784,1009,startup,1599.430,1290,1595.370,2.861,1,5,1783746759.694837570,0.733007,0.100701,0.678613,-0.001815,-0.0018736,-0.0011260,0.010983,0.000000,0.000000,0.998,1.612
search,lower,4,reverse,68.8572,1250.784,1009,startup,1599.430,1290,1595.370,2.861,0,0,1783746759.694837570,0.733007,0.100701,0.678613,-0.001815,,,0.010983,0.000000,0.000000,0.998,1.612
search,lower,4,reverse,68.8788,1250.784,1009,startup,1599.430,1290,1595.370,2.861,0,0,1783746759.694837570,0.733007,0.100701,0.678613,-0.001815,,,0.010983,0.000000,0.000000,0.998,1.612
search,lower,4,reverse,68.9003,1250.784,1009,startup,1599.430,1290,1595.370,2.861,0,0,1783746759.694837570,0.733007,0.100701,0.678613,-0.001815,,,0.010983,0.000000,0.000000,0.998,1.612
search,lower,4,reverse,68.9218,1250.784,1009,startup,1599.430,1290,1595.370,2.861,0,0,1783746759.694837570,0.733007,0.100701,0.678613,-0.001815,,,0.010983,0.000000,0.000000,0.993,1.589
search,lower,4,reverse,68.9337,1250.784,1009,startup,1599.430,1290,1595.370,2.861,0,0,1783746759.694837570,0.733007,0.100701,0.678613,-0.001815,,,0.010983,0.000000,0.000000,0.993,1.589
search,lower,4,reverse,68.9559,1250.784,1009,startup,1602.530,1292,1595.370,2.861,1,6,1783746759.795512438,0.716224,0.093601,0.680647,-0.044861,-0.0175172,0.0020344,0.028500,0.000000,0.000000,0.993,1.589
search,lower,4,reverse,68.9581,1250.784,1009,startup,1602.530,1292,1595.370,2.861,0,0,1783746759.795512438,0.716224,0.093601,0.680647,-0.044861,,,0.028500,0.000000,0.000000,0.993,1.589
search,lower,4,reverse,68.9797,1250.784,1009,startup,1602.530,1292,1595.370,2.861,0,0,1783746759.795512438,0.716224,0.093601,0.680647,-0.044861,,,0.028500,0.000000,0.000000,0.993,1.589
search,lower,4,reverse,69.0014,1250.784,1009,startup,1602.530,1292,1595.370,2.861,0,0,1783746759.795512438,0.716224,0.093601,0.680647,-0.044861,,,0.028500,0.000000,0.000000,0.993,1.589
search,lower,4,reverse,69.0230,1250.784,1009,startup,1602.530,1292,1595.370,2.861,0,0,1783746759.795512438,0.716224,0.093601,0.680647,-0.044861,,,0.028500,0.000000,0.000000,0.979,1.541
search,lower,4,reverse,69.0338,1250.784,1009,rolling,1595.370,1287,1595.370,2.861,1,7,1783746759.895795822,0.706942,0.082857,0.695809,-0.068527,-0.0139923,0.0151623,0.042493,0.000000,0.000000,0.979,1.541
search,lower,4,reverse,69.0532,1250.784,1009,rolling,1595.370,1287,1595.370,2.861,0,0,1783746759.895795822,0.706942,0.082857,0.695809,-0.068527,,,0.042493,0.000000,0.000000,0.979,1.541
search,lower,4,reverse,69.0750,1250.784,1009,rolling,1595.370,1287,1595.370,2.861,0,0,1783746759.895795822,0.706942,0.082857,0.695809,-0.068527,,,0.042493,0.000000,0.000000,0.979,1.541
search,lower,4,reverse,69.0966,1250.784,1009,rolling,1595.370,1287,1595.370,2.861,0,0,1783746759.895795822,0.706942,0.082857,0.695809,-0.068527,,,0.042493,0.000000,0.000000,0.979,1.541
search,lower,4,reverse,69.1183,1250.784,1009,rolling,1595.370,1287,1595.370,2.861,0,0,1783746759.895795822,0.706942,0.082857,0.695809,-0.068527,,,0.042493,0.000000,0.000000,0.966,1.462
search,lower,4,reverse,69.1345,1250.784,1009,rolling,1597.120,1288,1595.662,3.153,1,8,1783746759.995836735,0.694988,0.065149,0.710476,-0.102798,-0.0205694,0.0146663,0.063062,-0.020569,0.014666,0.966,1.462
search,lower,4,reverse,69.1516,1250.784,1009,rolling,1597.120,1288,1595.662,3.153,0,0,1783746759.995836735,0.694988,0.065149,0.710476,-0.102798,,,0.063062,-0.020569,0.014666,0.966,1.462
search,lower,4,reverse,69.1732,1250.784,1009,rolling,1597.120,1288,1595.662,3.153,0,0,1783746759.995836735,0.694988,0.065149,0.710476,-0.102798,,,0.063062,-0.020569,0.014666,0.966,1.462
search,lower,4,reverse,69.1949,1250.784,1009,rolling,1597.120,1288,1595.662,3.153,0,0,1783746759.995836735,0.694988,0.065149,0.710476,-0.102798,,,0.063062,-0.020569,0.014666,0.966,1.462
search,lower,4,reverse,69.2164,1250.784,1009,rolling,1597.120,1288,1595.662,3.153,0,0,1783746759.995836735,0.694988,0.065149,0.710476,-0.102798,,,0.063062,-0.020569,0.014666,0.946,1.400
search,lower,4,reverse,69.2347,1250.784,1009,rolling,1596.749,1288,1595.844,3.335,1,9,1783746760.096503496,0.678588,0.045623,0.723188,-0.139663,-0.0251925,0.0127121,0.088254,-0.045762,0.027378,0.946,1.400
search,lower,4,reverse,69.2564,1250.784,1009,rolling,1596.749,1288,1595.844,3.335,0,0,1783746760.096503496,0.678588,0.045623,0.723188,-0.139663,,,0.088254,-0.045762,0.027378,0.946,1.400
search,lower,4,reverse,69.2781,1250.784,1009,rolling,1596.749,1288,1595.844,3.335,0,0,1783746760.096503496,0.678588,0.045623,0.723188,-0.139663,,,0.088254,-0.045762,0.027378,0.946,1.400
search,lower,4,reverse,69.2998,1250.784,1009,rolling,1596.749,1288,1595.844,3.335,0,0,1783746760.096503496,0.678588,0.045623,0.723188,-0.139663,,,0.088254,-0.045762,0.027378,0.946,1.400
search,lower,4,reverse,69.3214,1250.784,1009,rolling,1596.749,1288,1595.844,3.335,0,0,1783746760.096503496,0.678588,0.045623,0.723188,-0.139663,,,0.088254,-0.045762,0.027378,0.925,1.340
search,lower,4,reverse,69.3325,1250.784,1009,rolling,1596.333,1287,1595.925,3.417,1,10,1783746760.196720362,0.663439,0.021634,0.740108,-0.172846,-0.0272988,0.0169198,0.115553,-0.073061,0.044298,0.925,1.340
search,lower,4,reverse,69.3505,1250.784,1009,rolling,1596.333,1287,1595.925,3.417,0,0,1783746760.196720362,0.663439,0.021634,0.740108,-0.172846,,,0.115553,-0.073061,0.044298,0.925,1.340
search,lower,4,reverse,69.3722,1250.784,1009,rolling,1596.333,1287,1595.925,3.417,0,0,1783746760.196720362,0.663439,0.021634,0.740108,-0.172846,,,0.115553,-0.073061,0.044298,0.925,1.340
search,lower,4,reverse,69.3937,1250.784,1009,rolling,1596.333,1287,1595.925,3.417,0,0,1783746760.196720362,0.663439,0.021634,0.740108,-0.172846,,,0.115553,-0.073061,0.044298,0.925,1.340
search,lower,4,reverse,69.4152,1250.784,1009,rolling,1596.333,1287,1595.925,3.417,0,0,1783746760.196720362,0.663439,0.021634,0.740108,-0.172846,,,0.115553,-0.073061,0.044298,0.900,1.300
search,lower,4,reverse,69.4331,1250.784,1009,rolling,1595.858,1287,1595.914,3.406,1,11,1783746760.294569016,0.646059,-0.002292,0.758518,-0.203785,-0.0290221,0.0184103,0.144575,-0.102083,0.062709,0.900,1.300
search,lower,4,reverse,69.4494,1250.784,1009,rolling,1595.858,1287,1595.914,3.406,0,0,1783746760.294569016,0.646059,-0.002292,0.758518,-0.203785,,,0.144575,-0.102083,0.062709,0.900,1.300
search,lower,4,reverse,69.4710,1250.784,1009,rolling,1595.858,1287,1595.914,3.406,0,0,1783746760.294569016,0.646059,-0.002292,0.758518,-0.203785,,,0.144575,-0.102083,0.062709,0.900,1.300
search,lower,4,reverse,69.4925,1250.784,1009,rolling,1595.858,1287,1595.914,3.406,0,0,1783746760.294569016,0.646059,-0.002292,0.758518,-0.203785,,,0.144575,-0.102083,0.062709,0.900,1.300
search,lower,4,reverse,69.5140,1250.784,1009,rolling,1595.858,1287,1595.914,3.406,0,0,1783746760.294569016,0.646059,-0.002292,0.758518,-0.203785,,,0.144575,-0.102083,0.062709,0.885,1.263
search,lower,4,reverse,69.5336,1250.784,1009,rolling,1595.346,1287,1595.819,3.310,1,12,1783746760.395200729,0.621670,-0.022639,0.782808,-0.231521,-0.0316717,0.0242897,0.176247,-0.133754,0.086998,0.885,1.263
search,lower,4,reverse,69.5538,1250.784,1009,rolling,1595.346,1287,1595.819,3.310,0,0,1783746760.395200729,0.621670,-0.022639,0.782808,-0.231521,,,0.176247,-0.133754,0.086998,0.885,1.263
search,lower,4,reverse,69.5755,1250.784,1009,rolling,1595.346,1287,1595.819,3.310,0,0,1783746760.395200729,0.621670,-0.022639,0.782808,-0.231521,,,0.176247,-0.133754,0.086998,0.885,1.263
search,lower,4,reverse,69.5970,1250.784,1009,rolling,1595.346,1287,1595.819,3.310,0,0,1783746760.395200729,0.621670,-0.022639,0.782808,-0.231521,,,0.176247,-0.133754,0.086998,0.885,1.263
search,lower,4,reverse,69.6185,1250.784,1009,rolling,1595.346,1287,1595.819,3.310,0,0,1783746760.395200729,0.621670,-0.022639,0.782808,-0.231521,,,0.176247,-0.133754,0.086998,0.865,1.207
search,lower,4,reverse,69.6313,1250.784,1009,rolling,1594.949,1286,1595.674,3.165,1,13,1783746760.495469570,0.596193,-0.039610,0.806701,-0.248334,-0.0299576,0.0238931,0.206205,-0.163712,0.110891,0.865,1.207
search,lower,4,reverse,69.6494,1250.784,1009,rolling,1594.949,1286,1595.674,3.165,0,0,1783746760.495469570,0.596193,-0.039610,0.806701,-0.248334,,,0.206205,-0.163712,0.110891,0.865,1.207
search,lower,4,reverse,69.6710,1250.784,1009,rolling,1594.949,1286,1595.674,3.165,0,0,1783746760.495469570,0.596193,-0.039610,0.806701,-0.248334,,,0.206205,-0.163712,0.110891,0.865,1.207
search,lower,4,reverse,69.6926,1250.784,1009,rolling,1594.949,1286,1595.674,3.165,0,0,1783746760.495469570,0.596193,-0.039610,0.806701,-0.248334,,,0.206205,-0.163712,0.110891,0.865,1.207
search,lower,4,reverse,69.7144,1250.784,1009,rolling,1594.949,1286,1595.674,3.165,0,0,1783746760.495469570,0.596193,-0.039610,0.806701,-0.248334,,,0.206205,-0.163712,0.110891,0.851,1.178
search,lower,4,reverse,69.7325,1250.784,1009,rolling,1594.949,1286,1595.674,3.165,0,0,1783746760.495469570,0.596193,-0.039610,0.806701,-0.248334,,,0.206205,-0.163712,0.110891,0.851,1.178
search,lower,4,reverse,69.7548,1250.784,1009,rolling,1595.214,1286,1595.598,3.090,1,14,1783746760.593434095,0.585760,-0.050996,0.819527,-0.225656,-0.0154412,0.0128268,0.221646,-0.179153,0.123718,0.851,1.178
search,lower,4,reverse,69.7643,1250.784,1009,rolling,1595.214,1286,1595.598,3.090,0,0,1783746760.593434095,0.585760,-0.050996,0.819527,-0.225656,,,0.221646,-0.179153,0.123718,0.851,1.178
search,lower,4,reverse,69.7862,1250.784,1009,rolling,1595.214,1286,1595.598,3.090,0,0,1783746760.593434095,0.585760,-0.050996,0.819527,-0.225656,,,0.221646,-0.179153,0.123718,0.851,1.178
search,lower,4,reverse,69.8079,1250.784,1009,rolling,1595.214,1286,1595.598,3.090,0,0,1783746760.593434095,0.585760,-0.050996,0.819527,-0.225656,,,0.221646,-0.179153,0.123718,0.851,1.178
search,lower,4,reverse,69.8296,1250.784,1009,rolling,1595.214,1286,1595.598,3.090,0,0,1783746760.593434095,0.585760,-0.050996,0.819527,-0.225656,,,0.221646,-0.179153,0.123718,0.837,1.143
search,lower,4,reverse,69.8325,1250.784,1009,rolling,1594.955,1286,1595.491,2.982,1,15,1783746760.694025755,0.563918,-0.067219,0.831655,-0.235685,-0.0267346,0.0121279,0.248380,-0.205888,0.135846,0.837,1.143
search,lower,4,reverse,69.8501,1250.784,1009,rolling,1594.955,1286,1595.491,2.982,0,0,1783746760.694025755,0.563918,-0.067219,0.831655,-0.235685,,,0.248380,-0.205888,0.135846,0.837,1.143
search,lower,4,reverse,69.8717,1250.784,1009,rolling,1594.955,1286,1595.491,2.982,0,0,1783746760.694025755,0.563918,-0.067219,0.831655,-0.235685,,,0.248380,-0.205888,0.135846,0.837,1.143
search,lower,4,reverse,69.8932,1250.784,1009,rolling,1594.955,1286,1595.491,2.982,0,0,1783746760.694025755,0.563918,-0.067219,0.831655,-0.235685,,,0.248380,-0.205888,0.135846,0.837,1.143
search,lower,4,reverse,69.9148,1250.784,1009,rolling,1594.955,1286,1595.491,2.982,0,0,1783746760.694025755,0.563918,-0.067219,0.831655,-0.235685,,,0.248380,-0.205888,0.135846,0.825,1.152
search,lower,4,reverse,69.9326,1250.784,1009,rolling,1594.712,1286,1595.360,2.852,1,16,1783746760.794441462,0.542360,-0.083749,0.843785,-0.243260,-0.0267089,0.0121296,0.275089,-0.232597,0.147976,0.825,1.152
search,lower,4,reverse,69.9446,1250.784,1009,rolling,1594.712,1286,1595.360,2.852,0,0,1783746760.794441462,0.542360,-0.083749,0.843785,-0.243260,,,0.275089,-0.232597,0.147976,0.825,1.152
search,lower,4,reverse,69.9663,1250.784,1009,rolling,1594.712,1286,1595.360,2.852,0,0,1783746760.794441462,0.542360,-0.083749,0.843785,-0.243260,,,0.275089,-0.232597,0.147976,0.825,1.152
search,lower,4,reverse,69.9878,1250.784,1009,rolling,1594.712,1286,1595.360,2.852,0,0,1783746760.794441462,0.542360,-0.083749,0.843785,-0.243260,,,0.275089,-0.232597,0.147976,0.825,1.152
search,lower,4,reverse,70.0093,1250.784,1009,rolling,1594.712,1286,1595.360,2.852,0,0,1783746760.794441462,0.542360,-0.083749,0.843785,-0.243260,,,0.275089,-0.232597,0.147976,0.804,1.167
search,lower,4,reverse,70.0305,1250.784,1009,rolling,1594.701,1286,1595.250,2.741,1,17,1783746760.894657612,0.529711,-0.101556,0.857133,-0.236646,-0.0217275,0.0133485,0.296817,-0.254324,0.161324,0.804,1.167
search,lower,4,reverse,70.0479,1250.784,1009,rolling,1594.701,1286,1595.250,2.741,0,0,1783746760.894657612,0.529711,-0.101556,0.857133,-0.236646,,,0.296817,-0.254324,0.161324,0.804,1.167
search,lower,4,reverse,70.0697,1250.784,1009,rolling,1594.701,1286,1595.250,2.741,0,0,1783746760.894657612,0.529711,-0.101556,0.857133,-0.236646,,,0.296817,-0.254324,0.161324,0.804,1.167
search,lower,4,reverse,70.0913,1250.784,1009,rolling,1594.701,1286,1595.250,2.741,0,0,1783746760.894657612,0.529711,-0.101556,0.857133,-0.236646,,,0.296817,-0.254324,0.161324,0.804,1.167
search,lower,4,reverse,70.1129,1250.784,1009,rolling,1594.701,1286,1595.250,2.741,0,0,1783746760.894657612,0.529711,-0.101556,0.857133,-0.236646,,,0.296817,-0.254324,0.161324,0.802,1.181
search,lower,4,reverse,70.1309,1250.784,1009,rolling,1594.709,1286,1595.162,2.653,1,18,1783746760.992548466,0.515810,-0.116829,0.871654,-0.230201,-0.0206418,0.0145204,0.317459,-0.274966,0.175844,0.802,1.181
search,lower,4,reverse,70.1470,1250.784,1009,rolling,1594.709,1286,1595.162,2.653,0,0,1783746760.992548466,0.515810,-0.116829,0.871654,-0.230201,,,0.317459,-0.274966,0.175844,0.802,1.181
search,lower,4,reverse,70.1686,1250.784,1009,rolling,1594.709,1286,1595.162,2.653,0,0,1783746760.992548466,0.515810,-0.116829,0.871654,-0.230201,,,0.317459,-0.274966,0.175844,0.802,1.181
search,lower,4,reverse,70.1901,1250.784,1009,rolling,1594.709,1286,1595.162,2.653,0,0,1783746760.992548466,0.515810,-0.116829,0.871654,-0.230201,,,0.317459,-0.274966,0.175844,0.802,1.181
search,lower,4,reverse,70.2116,1250.784,1009,rolling,1594.709,1286,1595.162,2.653,0,0,1783746760.992548466,0.515810,-0.116829,0.871654,-0.230201,,,0.317459,-0.274966,0.175844,0.783,1.195
search,lower,4,reverse,70.2317,1250.784,1009,rolling,1594.825,1286,1595.105,2.597,1,19,1783746761.092760324,0.507788,-0.134136,0.886007,-0.218664,-0.0184442,0.0143530,0.335903,-0.293410,0.190197,0.783,1.195
search,lower,4,reverse,70.2461,1250.784,1009,rolling,1594.825,1286,1595.105,2.597,0,0,1783746761.092760324,0.507788,-0.134136,0.886007,-0.218664,,,0.335903,-0.293410,0.190197,0.783,1.195
search,lower,4,reverse,70.2677,1250.784,1009,rolling,1594.825,1286,1595.105,2.597,0,0,1783746761.092760324,0.507788,-0.134136,0.886007,-0.218664,,,0.335903,-0.293410,0.190197,0.783,1.195
search,lower,4,reverse,70.2892,1250.784,1009,rolling,1594.825,1286,1595.105,2.597,0,0,1783746761.092760324,0.507788,-0.134136,0.886007,-0.218664,,,0.335903,-0.293410,0.190197,0.783,1.195
search,lower,4,reverse,70.3108,1250.784,1009,rolling,1594.825,1286,1595.105,2.597,0,0,1783746761.092760324,0.507788,-0.134136,0.886007,-0.218664,,,0.335903,-0.293410,0.190197,0.783,1.209
search,lower,4,reverse,70.3288,1250.784,1009,rolling,1595.147,1286,1595.112,2.604,1,20,1783746761.193475246,0.506296,-0.150377,0.896558,-0.197686,-0.0135716,0.0105511,0.349474,-0.306982,0.200749,0.783,1.209
search,lower,4,reverse,70.3503,1250.784,1009,rolling,1595.147,1286,1595.112,2.604,0,0,1783746761.193475246,0.506296,-0.150377,0.896558,-0.197686,,,0.349474,-0.306982,0.200749,0.783,1.209
search,lower,4,reverse,70.3720,1250.784,1009,rolling,1595.147,1286,1595.112,2.604,0,0,1783746761.193475246,0.506296,-0.150377,0.896558,-0.197686,,,0.349474,-0.306982,0.200749,0.783,1.209
search,lower,4,reverse,70.3936,1250.784,1009,rolling,1595.147,1286,1595.112,2.604,0,0,1783746761.193475246,0.506296,-0.150377,0.896558,-0.197686,,,0.349474,-0.306982,0.200749,0.783,1.209
search,lower,4,reverse,70.4152,1250.784,1009,rolling,1595.147,1286,1595.112,2.604,0,0,1783746761.193475246,0.506296,-0.150377,0.896558,-0.197686,,,0.349474,-0.306982,0.200749,0.774,1.220
search,lower,4,reverse,70.4290,1250.784,1009,rolling,1595.147,1286,1595.112,2.604,0,0,1783746761.193475246,0.506296,-0.150377,0.896558,-0.197686,,,0.349474,-0.306982,0.200749,0.774,1.220
search,lower,4,reverse,70.4510,1250.784,1009,rolling,1595.593,1287,1595.191,2.682,1,21,1783746761.290793657,0.498657,-0.156697,0.907090,-0.173170,-0.0096949,0.0105319,0.359169,-0.316677,0.211280,0.774,1.220
search,lower,4,reverse,70.4612,1250.784,1009,rolling,1595.593,1287,1595.191,2.682,0,0,1783746761.290793657,0.498657,-0.156697,0.907090,-0.173170,,,0.359169,-0.316677,0.211280,0.774,1.220
search,lower,4,reverse,70.4828,1250.784,1009,rolling,1595.593,1287,1595.191,2.682,0,0,1783746761.290793657,0.498657,-0.156697,0.907090,-0.173170,,,0.359169,-0.316677,0.211280,0.774,1.220
search,lower,4,reverse,70.5044,1250.784,1009,rolling,1595.593,1287,1595.191,2.682,0,0,1783746761.290793657,0.498657,-0.156697,0.907090,-0.173170,,,0.359169,-0.316677,0.211280,0.774,1.220
search,lower,4,reverse,70.5259,1250.784,1009,rolling,1595.593,1287,1595.191,2.682,0,0,1783746761.290793657,0.498657,-0.156697,0.907090,-0.173170,,,0.359169,-0.316677,0.211280,0.767,1.230
search,lower,4,reverse,70.5298,1250.784,1009,rolling,1595.820,1287,1595.296,2.787,1,22,1783746761.391127348,0.483871,-0.163109,0.914824,-0.165085,-0.0141302,0.0077344,0.373300,-0.330807,0.219015,0.767,1.230
search,lower,4,reverse,70.5437,1250.784,1009,rolling,1595.820,1287,1595.296,2.787,0,0,1783746761.391127348,0.483871,-0.163109,0.914824,-0.165085,,,0.373300,-0.330807,0.219015,0.767,1.230
search,lower,4,reverse,70.5653,1250.784,1009,rolling,1595.820,1287,1595.296,2.787,0,0,1783746761.391127348,0.483871,-0.163109,0.914824,-0.165085,,,0.373300,-0.330807,0.219015,0.767,1.230
search,lower,4,reverse,70.5868,1250.784,1009,rolling,1595.820,1287,1595.296,2.787,0,0,1783746761.391127348,0.483871,-0.163109,0.914824,-0.165085,,,0.373300,-0.330807,0.219015,0.767,1.230
search,lower,4,reverse,70.6084,1250.784,1009,rolling,1595.820,1287,1595.296,2.787,0,0,1783746761.391127348,0.483871,-0.163109,0.914824,-0.165085,,,0.373300,-0.330807,0.219015,0.753,1.243
search,lower,4,reverse,70.6301,1250.784,1009,rolling,1595.820,1287,1595.296,2.787,0,0,1783746761.391127348,0.483871,-0.163109,0.914824,-0.165085,,,0.373300,-0.330807,0.219015,0.753,1.243
search,lower,4,reverse,70.6519,1250.784,1009,rolling,1595.899,1287,1595.397,2.888,1,23,1783746761.491924763,0.476287,-0.178972,0.924894,-0.166510,-0.0172146,0.0100699,0.390514,-0.348022,0.229085,0.753,1.243
search,lower,4,reverse,70.6552,1250.784,1009,rolling,1595.899,1287,1595.397,2.888,0,0,1783746761.491924763,0.476287,-0.178972,0.924894,-0.166510,,,0.390514,-0.348022,0.229085,0.753,1.243
search,lower,4,reverse,70.6767,1250.784,1009,rolling,1595.899,1287,1595.397,2.888,0,0,1783746761.491924763,0.476287,-0.178972,0.924894,-0.166510,,,0.390514,-0.348022,0.229085,0.753,1.243
search,lower,4,reverse,70.6982,1250.784,1009,rolling,1595.899,1287,1595.397,2.888,0,0,1783746761.491924763,0.476287,-0.178972,0.924894,-0.166510,,,0.390514,-0.348022,0.229085,0.753,1.243
search,lower,4,reverse,70.7198,1250.784,1009,rolling,1595.899,1287,1595.397,2.888,0,0,1783746761.491924763,0.476287,-0.178972,0.924894,-0.166510,,,0.390514,-0.348022,0.229085,0.750,1.257
search,lower,4,reverse,70.7307,1250.784,1009,rolling,1596.163,1287,1595.525,3.016,1,24,1783746761.592137098,0.466284,-0.187793,0.932618,-0.157449,-0.0130542,0.0077239,0.403568,-0.361076,0.236809,0.750,1.257
search,lower,4,reverse,70.7526,1250.784,1009,rolling,1596.163,1287,1595.525,3.016,0,0,1783746761.592137098,0.466284,-0.187793,0.932618,-0.157449,,,0.403568,-0.361076,0.236809,0.750,1.257
search,lower,4,reverse,70.7743,1250.784,1009,rolling,1596.163,1287,1595.525,3.016,0,0,1783746761.592137098,0.466284,-0.187793,0.932618,-0.157449,,,0.403568,-0.361076,0.236809,0.750,1.257
search,lower,4,reverse,70.7958,1250.784,1009,rolling,1596.163,1287,1595.525,3.016,0,0,1783746761.592137098,0.466284,-0.187793,0.932618,-0.157449,,,0.403568,-0.361076,0.236809,0.750,1.257
search,lower,4,reverse,70.8174,1250.784,1009,rolling,1596.163,1287,1595.525,3.016,0,0,1783746761.592137098,0.466284,-0.187793,0.932618,-0.157449,,,0.403568,-0.361076,0.236809,0.740,1.273
search,lower,4,reverse,70.8310,1250.784,1009,rolling,1595.959,1287,1595.598,3.089,1,25,1783746761.692782879,0.454439,-0.207967,0.944027,-0.175898,-0.0232738,0.0114094,0.426842,-0.384350,0.248218,0.740,1.273
search,lower,4,reverse,70.8507,1250.784,1009,rolling,1595.959,1287,1595.598,3.089,0,0,1783746761.692782879,0.454439,-0.207967,0.944027,-0.175898,,,0.426842,-0.384350,0.248218,0.740,1.273
search,lower,4,reverse,70.8726,1250.784,1009,rolling,1595.959,1287,1595.598,3.089,0,0,1783746761.692782879,0.454439,-0.207967,0.944027,-0.175898,,,0.426842,-0.384350,0.248218,0.740,1.273
search,lower,4,reverse,70.8942,1250.784,1009,rolling,1595.959,1287,1595.598,3.089,0,0,1783746761.692782879,0.454439,-0.207967,0.944027,-0.175898,,,0.426842,-0.384350,0.248218,0.740,1.273
search,lower,4,reverse,70.9157,1250.784,1009,rolling,1595.959,1287,1595.598,3.089,0,0,1783746761.692782879,0.454439,-0.207967,0.944027,-0.175898,,,0.426842,-0.384350,0.248218,0.727,1.290
search,lower,4,reverse,70.9314,1250.784,1009,rolling,1595.779,1287,1595.628,3.119,1,26,1783746761.793101072,0.443201,-0.228559,0.954980,-0.189952,-0.0232854,0.0109523,0.450128,-0.407635,0.259170,0.727,1.290
search,lower,4,reverse,70.9441,1250.784,1009,rolling,1595.779,1287,1595.628,3.119,0,0,1783746761.793101072,0.443201,-0.228559,0.954980,-0.189952,,,0.450128,-0.407635,0.259170,0.727,1.290
search,lower,4,reverse,70.9659,1250.784,1009,rolling,1595.779,1287,1595.628,3.119,0,0,1783746761.793101072,0.443201,-0.228559,0.954980,-0.189952,,,0.450128,-0.407635,0.259170,0.727,1.290
search,lower,4,reverse,70.9874,1250.784,1009,rolling,1595.779,1287,1595.628,3.119,0,0,1783746761.793101072,0.443201,-0.228559,0.954980,-0.189952,,,0.450128,-0.407635,0.259170,0.727,1.290
search,lower,4,reverse,71.0092,1250.784,1009,rolling,1595.779,1287,1595.628,3.119,0,0,1783746761.793101072,0.443201,-0.228559,0.954980,-0.189952,,,0.450128,-0.407635,0.259170,0.727,1.290
search,lower,4,reverse,71.0309,1250.784,1009,rolling,1595.779,1287,1595.628,3.119,0,0,1783746761.793101072,0.443201,-0.228559,0.954980,-0.189952,,,0.450128,-0.407635,0.259170,0.722,1.308
search,lower,4,reverse,71.0334,1250.784,1009,rolling,1595.657,1287,1595.633,3.124,1,27,1783746761.893406153,0.428178,-0.245441,0.967191,-0.198401,-0.0224429,0.0122114,0.472570,-0.430078,0.271382,0.722,1.308
search,lower,4,reverse,71.0514,1250.784,1009,rolling,1595.657,1287,1595.633,3.124,0,0,1783746761.893406153,0.428178,-0.245441,0.967191,-0.198401,,,0.472570,-0.430078,0.271382,0.722,1.308
search,lower,4,reverse,71.0730,1250.784,1009,rolling,1595.657,1287,1595.633,3.124,0,0,1783746761.893406153,0.428178,-0.245441,0.967191,-0.198401,,,0.472570,-0.430078,0.271382,0.722,1.308
search,lower,4,reverse,71.0946,1250.784,1009,rolling,1595.657,1287,1595.633,3.124,0,0,1783746761.893406153,0.428178,-0.245441,0.967191,-0.198401,,,0.472570,-0.430078,0.271382,0.722,1.308
search,lower,4,reverse,71.1161,1250.784,1009,rolling,1595.657,1287,1595.633,3.124,0,0,1783746761.893406153,0.428178,-0.245441,0.967191,-0.198401,,,0.472570,-0.430078,0.271382,0.710,1.325
search,lower,4,reverse,71.1323,1250.784,1009,rolling,1595.715,1287,1595.647,3.138,1,28,1783746761.993916273,0.415798,-0.259697,0.984392,-0.195425,-0.0187452,0.0172005,0.491316,-0.448823,0.288582,0.710,1.325
search,lower,4,reverse,71.1532,1250.784,1009,rolling,1595.715,1287,1595.647,3.138,0,0,1783746761.993916273,0.415798,-0.259697,0.984392,-0.195425,,,0.491316,-0.448823,0.288582,0.710,1.325
search,lower,4,reverse,71.1749,1250.784,1009,rolling,1595.715,1287,1595.647,3.138,0,0,1783746761.993916273,0.415798,-0.259697,0.984392,-0.195425,,,0.491316,-0.448823,0.288582,0.710,1.325
search,lower,4,reverse,71.1964,1250.784,1009,rolling,1595.715,1287,1595.647,3.138,0,0,1783746761.993916273,0.415798,-0.259697,0.984392,-0.195425,,,0.491316,-0.448823,0.288582,0.710,1.325
search,lower,4,reverse,71.2179,1250.784,1009,rolling,1595.715,1287,1595.647,3.138,0,0,1783746761.993916273,0.415798,-0.259697,0.984392,-0.195425,,,0.491316,-0.448823,0.288582,0.695,1.342
search,lower,4,reverse,71.2323,1250.784,1009,rolling,1595.906,1287,1595.690,3.181,1,29,1783746762.094237089,0.410120,-0.274692,1.000716,-0.185595,-0.0156605,0.0163244,0.506976,-0.464483,0.304907,0.695,1.342
search,lower,4,reverse,71.2467,1250.784,1009,rolling,1595.906,1287,1595.690,3.181,0,0,1783746762.094237089,0.410120,-0.274692,1.000716,-0.185595,,,0.506976,-0.464483,0.304907,0.695,1.342
search,lower,4,reverse,71.2682,1250.784,1009,rolling,1595.906,1287,1595.690,3.181,0,0,1783746762.094237089,0.410120,-0.274692,1.000716,-0.185595,,,0.506976,-0.464483,0.304907,0.695,1.342
search,lower,4,reverse,71.2897,1250.784,1009,rolling,1595.906,1287,1595.690,3.181,0,0,1783746762.094237089,0.410120,-0.274692,1.000716,-0.185595,,,0.506976,-0.464483,0.304907,0.695,1.342
search,lower,4,reverse,71.3112,1250.784,1009,rolling,1595.906,1287,1595.690,3.181,0,0,1783746762.094237089,0.410120,-0.274692,1.000716,-0.185595,,,0.506976,-0.464483,0.304907,0.686,1.362
search,lower,4,reverse,71.3328,1250.784,1009,rolling,1595.906,1287,1595.690,3.181,0,0,1783746762.094237089,0.410120,-0.274692,1.000716,-0.185595,,,0.506976,-0.464483,0.304907,0.686,1.362
search,lower,4,reverse,71.3547,1250.784,1009,rolling,1595.752,1287,1595.700,3.191,1,30,1783746762.194384575,0.400771,-0.295979,1.013512,-0.196584,-0.0229890,0.0127956,0.529965,-0.487472,0.317702,0.686,1.362
search,lower,4,reverse,71.3593,1250.784,1009,rolling,1595.752,1287,1595.700,3.191,0,0,1783746762.194384575,0.400771,-0.295979,1.013512,-0.196584,,,0.529965,-0.487472,0.317702,0.686,1.362
search,lower,4,reverse,71.3809,1250.784,1009,rolling,1595.752,1287,1595.700,3.191,0,0,1783746762.194384575,0.400771,-0.295979,1.013512,-0.196584,,,0.529965,-0.487472,0.317702,0.686,1.362
search,lower,4,reverse,71.4024,1250.784,1009,rolling,1595.752,1287,1595.700,3.191,0,0,1783746762.194384575,0.400771,-0.295979,1.013512,-0.196584,,,0.529965,-0.487472,0.317702,0.686,1.362
search,lower,4,reverse,71.4239,1250.784,1009,rolling,1595.752,1287,1595.700,3.191,0,0,1783746762.194384575,0.400771,-0.295979,1.013512,-0.196584,,,0.529965,-0.487472,0.317702,0.675,1.375
search,lower,4,reverse,71.4307,1250.784,1009,rolling,1595.649,1287,1595.692,3.183,1,31,1783746762.294792414,0.391924,-0.316649,1.026680,-0.202822,-0.0222440,0.0131686,0.552209,-0.509716,0.330871,0.675,1.375
search,lower,4,reverse,71.4418,1250.784,1009,rolling,1595.649,1287,1595.692,3.183,0,0,1783746762.294792414,0.391924,-0.316649,1.026680,-0.202822,,,0.552209,-0.509716,0.330871,0.675,1.375
search,lower,4,reverse,71.4634,1250.784,1009,rolling,1595.649,1287,1595.692,3.183,0,0,1783746762.294792414,0.391924,-0.316649,1.026680,-0.202822,,,0.552209,-0.509716,0.330871,0.675,1.375
search,lower,4,reverse,71.4849,1250.784,1009,rolling,1595.649,1287,1595.692,3.183,0,0,1783746762.294792414,0.391924,-0.316649,1.026680,-0.202822,,,0.552209,-0.509716,0.330871,0.675,1.375
search,lower,4,reverse,71.5065,1250.784,1009,rolling,1595.649,1287,1595.692,3.183,0,0,1783746762.294792414,0.391924,-0.316649,1.026680,-0.202822,,,0.552209,-0.509716,0.330871,0.675,1.375
search,lower,4,reverse,71.5280,1250.784,1009,rolling,1595.649,1287,1595.692,3.183,0,0,1783746762.294792414,0.391924,-0.316649,1.026680,-0.202822,,,0.552209,-0.509716,0.330871,0.677,1.390
search,lower,4,reverse,71.5308,1250.784,1009,rolling,1596.113,1287,1595.761,3.252,1,32,1783746762.392768145,0.385768,-0.324102,1.035517,-0.176501,-0.0095564,0.0088364,0.561765,-0.519273,0.339707,0.677,1.390
search,lower,4,reverse,71.5521,1250.784,1009,rolling,1596.113,1287,1595.761,3.252,0,0,1783746762.392768145,0.385768,-0.324102,1.035517,-0.176501,,,0.561765,-0.519273,0.339707,0.677,1.390
search,lower,4,reverse,71.5737,1250.784,1009,rolling,1596.113,1287,1595.761,3.252,0,0,1783746762.392768145,0.385768,-0.324102,1.035517,-0.176501,,,0.561765,-0.519273,0.339707,0.677,1.390
search,lower,4,reverse,71.5952,1250.784,1009,rolling,1596.113,1287,1595.761,3.252,0,0,1783746762.392768145,0.385768,-0.324102,1.035517,-0.176501,,,0.561765,-0.519273,0.339707,0.677,1.390
search,lower,4,reverse,71.6168,1250.784,1009,rolling,1596.113,1287,1595.761,3.252,0,0,1783746762.392768145,0.385768,-0.324102,1.035517,-0.176501,,,0.561765,-0.519273,0.339707,0.668,1.403
search,lower,4,reverse,71.6316,1250.784,1009,rolling,1596.386,1287,1595.865,3.356,1,33,1783746762.492985964,0.376431,-0.333908,1.042582,-0.165271,-0.0131866,0.0070654,0.574952,-0.532459,0.346773,0.668,1.403
search,lower,4,reverse,71.6522,1250.784,1009,rolling,1596.386,1287,1595.865,3.356,0,0,1783746762.492985964,0.376431,-0.333908,1.042582,-0.165271,,,0.574952,-0.532459,0.346773,0.668,1.403
search,lower,4,reverse,71.6740,1250.784,1009,rolling,1596.386,1287,1595.865,3.356,0,0,1783746762.492985964,0.376431,-0.333908,1.042582,-0.165271,,,0.574952,-0.532459,0.346773,0.668,1.403
search,lower,4,reverse,71.6957,1250.784,1009,rolling,1596.386,1287,1595.865,3.356,0,0,1783746762.492985964,0.376431,-0.333908,1.042582,-0.165271,,,0.574952,-0.532459,0.346773,0.668,1.403
search,lower,4,reverse,71.7173,1250.784,1009,rolling,1596.386,1287,1595.865,3.356,0,0,1783746762.492985964,0.376431,-0.333908,1.042582,-0.165271,,,0.574952,-0.532459,0.346773,0.652,1.422
search,lower,4,reverse,71.7294,1250.784,1009,rolling,1596.283,1287,1595.935,3.426,1,34,1783746762.593613863,0.368944,-0.354164,1.052875,-0.176841,-0.0212879,0.0102926,0.596240,-0.553747,0.357065,0.652,1.422
search,lower,4,reverse,71.7465,1250.784,1009,rolling,1596.283,1287,1595.935,3.426,0,0,1783746762.593613863,0.368944,-0.354164,1.052875,-0.176841,,,0.596240,-0.553747,0.357065,0.652,1.422
search,lower,4,reverse,71.7682,1250.784,1009,rolling,1596.283,1287,1595.935,3.426,0,0,1783746762.593613863,0.368944,-0.354164,1.052875,-0.176841,,,0.596240,-0.553747,0.357065,0.652,1.422
search,lower,4,reverse,71.7897,1250.784,1009,rolling,1596.283,1287,1595.935,3.426,0,0,1783746762.593613863,0.368944,-0.354164,1.052875,-0.176841,,,0.596240,-0.553747,0.357065,0.652,1.422
search,lower,4,reverse,71.8115,1250.784,1009,rolling,1596.283,1287,1595.935,3.426,0,0,1783746762.593613863,0.368944,-0.354164,1.052875,-0.176841,,,0.596240,-0.553747,0.357065,0.647,1.443
search,lower,4,reverse,71.8295,1250.784,1009,rolling,1596.200,1287,1595.978,3.470,1,35,1783746762.691428423,0.361434,-0.373560,1.063946,-0.185248,-0.0205871,0.0110716,0.616827,-0.574334,0.368137,0.647,1.443
search,lower,4,reverse,71.8460,1250.784,1009,rolling,1596.200,1287,1595.978,3.470,0,0,1783746762.691428423,0.361434,-0.373560,1.063946,-0.185248,,,0.616827,-0.574334,0.368137,0.647,1.443
search,lower,4,reverse,71.8678,1250.784,1009,rolling,1596.200,1287,1595.978,3.470,0,0,1783746762.691428423,0.361434,-0.373560,1.063946,-0.185248,,,0.616827,-0.574334,0.368137,0.647,1.443
search,lower,4,reverse,71.8893,1250.784,1009,rolling,1596.200,1287,1595.978,3.470,0,0,1783746762.691428423,0.361434,-0.373560,1.063946,-0.185248,,,0.616827,-0.574334,0.368137,0.647,1.443
search,lower,4,reverse,71.9108,1250.784,1009,rolling,1596.200,1287,1595.978,3.470,0,0,1783746762.691428423,0.361434,-0.373560,1.063946,-0.185248,,,0.616827,-0.574334,0.368137,0.641,1.461
search,lower,4,reverse,71.9303,1250.784,1009,rolling,1596.082,1287,1595.996,3.487,1,36,1783746762.791686773,0.344039,-0.389340,1.078747,-0.194252,-0.0221834,0.0148004,0.639010,-0.596518,0.382937,0.641,1.461
search,lower,4,reverse,71.9460,1250.784,1009,rolling,1596.082,1287,1595.996,3.487,0,0,1783746762.791686773,0.344039,-0.389340,1.078747,-0.194252,,,0.639010,-0.596518,0.382937,0.641,1.461
search,lower,4,reverse,71.9676,1250.784,1009,rolling,1596.082,1287,1595.996,3.487,0,0,1783746762.791686773,0.344039,-0.389340,1.078747,-0.194252,,,0.639010,-0.596518,0.382937,0.641,1.461
search,lower,4,reverse,71.9892,1250.784,1009,rolling,1596.082,1287,1595.996,3.487,0,0,1783746762.791686773,0.344039,-0.389340,1.078747,-0.194252,,,0.639010,-0.596518,0.382937,0.641,1.461
search,lower,4,reverse,72.0107,1250.784,1009,rolling,1596.082,1287,1595.996,3.487,0,0,1783746762.791686773,0.344039,-0.389340,1.078747,-0.194252,,,0.639010,-0.596518,0.382937,0.624,1.480
search,lower,4,reverse,72.0278,1250.784,1009,rolling,1596.082,1287,1595.996,3.487,0,0,1783746762.791686773,0.344039,-0.389340,1.078747,-0.194252,,,0.639010,-0.596518,0.382937,0.624,1.480
search,lower,4,reverse,72.0498,1250.784,1009,rolling,1596.139,1287,1596.020,3.511,1,37,1783746762.892283201,0.341114,-0.408875,1.097088,-0.192061,-0.0186595,0.0183416,0.657670,-0.615177,0.401279,0.624,1.480
search,lower,4,reverse,72.0517,1250.784,1009,rolling,1596.139,1287,1596.020,3.511,0,0,1783746762.892283201,0.341114,-0.408875,1.097088,-0.192061,,,0.657670,-0.615177,0.401279,0.624,1.480
search,lower,4,reverse,72.0733,1250.784,1009,rolling,1596.139,1287,1596.020,3.511,0,0,1783746762.892283201,0.341114,-0.408875,1.097088,-0.192061,,,0.657670,-0.615177,0.401279,0.624,1.480
search,lower,4,reverse,72.0948,1250.784,1009,rolling,1596.139,1287,1596.020,3.511,0,0,1783746762.892283201,0.341114,-0.408875,1.097088,-0.192061,,,0.657670,-0.615177,0.401279,0.624,1.480
search,lower,4,reverse,72.1164,1250.784,1009,rolling,1596.139,1287,1596.020,3.511,0,0,1783746762.892283201,0.341114,-0.408875,1.097088,-0.192061,,,0.657670,-0.615177,0.401279,0.617,1.493
search,lower,4,reverse,72.1287,1250.784,1009,rolling,1596.182,1287,1596.046,3.537,1,38,1783746762.989919424,0.331931,-0.424755,1.111210,-0.190939,-0.0183139,0.0141220,0.675984,-0.633491,0.415401,0.617,1.493
search,lower,4,reverse,72.1432,1250.784,1009,rolling,1596.182,1287,1596.046,3.537,0,0,1783746762.989919424,0.331931,-0.424755,1.111210,-0.190939,,,0.675984,-0.633491,0.415401,0.617,1.493
search,lower,4,reverse,72.1649,1250.784,1009,rolling,1596.182,1287,1596.046,3.537,0,0,1783746762.989919424,0.331931,-0.424755,1.111210,-0.190939,,,0.675984,-0.633491,0.415401,0.617,1.493
search,lower,4,reverse,72.1864,1250.784,1009,rolling,1596.182,1287,1596.046,3.537,0,0,1783746762.989919424,0.331931,-0.424755,1.111210,-0.190939,,,0.675984,-0.633491,0.415401,0.617,1.493
search,lower,4,reverse,72.2080,1250.784,1009,rolling,1596.182,1287,1596.046,3.537,0,0,1783746762.989919424,0.331931,-0.424755,1.111210,-0.190939,,,0.675984,-0.633491,0.415401,0.609,1.512
search,lower,4,reverse,72.2287,1250.784,1009,rolling,1596.357,1287,1596.098,3.589,1,39,1783746763.090616941,0.326799,-0.439989,1.122748,-0.182783,-0.0159420,0.0115375,0.691926,-0.649433,0.426938,0.609,1.512
search,lower,4,reverse,72.2435,1250.784,1009,rolling,1596.357,1287,1596.098,3.589,0,0,1783746763.090616941,0.326799,-0.439989,1.122748,-0.182783,,,0.691926,-0.649433,0.426938,0.609,1.512
search,lower,4,reverse,72.2652,1250.784,1009,rolling,1596.357,1287,1596.098,3.589,0,0,1783746763.090616941,0.326799,-0.439989,1.122748,-0.182783,,,0.691926,-0.649433,0.426938,0.609,1.512
search,lower,4,reverse,72.2867,1250.784,1009,rolling,1596.357,1287,1596.098,3.589,0,0,1783746763.090616941,0.326799,-0.439989,1.122748,-0.182783,,,0.691926,-0.649433,0.426938,0.609,1.512
search,lower,4,reverse,72.3083,1250.784,1009,rolling,1596.357,1287,1596.098,3.589,0,0,1783746763.090616941,0.326799,-0.439989,1.122748,-0.182783,,,0.691926,-0.649433,0.426938,0.595,1.407
search,lower,4,reverse,72.3291,1250.784,1009,rolling,1596.488,1287,1596.163,3.654,1,40,1783746763.190792084,0.321750,-0.455902,1.134064,-0.178369,-0.0165417,0.0113164,0.708468,-0.665975,0.438255,0.595,1.407
search,lower,4,reverse,72.3420,1250.784,1009,rolling,1596.488,1287,1596.163,3.654,0,0,1783746763.190792084,0.321750,-0.455902,1.134064,-0.178369,,,0.708468,-0.665975,0.438255,0.595,1.407
search,lower,4,reverse,72.3637,1250.784,1009,rolling,1596.488,1287,1596.163,3.654,0,0,1783746763.190792084,0.321750,-0.455902,1.134064,-0.178369,,,0.708468,-0.665975,0.438255,0.595,1.407
search,lower,4,reverse,72.3853,1250.784,1009,rolling,1596.488,1287,1596.163,3.654,0,0,1783746763.190792084,0.321750,-0.455902,1.134064,-0.178369,,,0.708468,-0.665975,0.438255,0.595,1.407
search,lower,4,reverse,72.4068,1250.784,1009,rolling,1596.488,1287,1596.163,3.654,0,0,1783746763.190792084,0.321750,-0.455902,1.134064,-0.178369,,,0.708468,-0.665975,0.438255,0.582,1.416
search,lower,4,reverse,72.4270,1250.784,1009,rolling,1596.642,1288,1596.243,3.735,1,41,1783746763.291214705,0.317701,-0.471559,1.144491,-0.173398,-0.0159153,0.0104273,0.724383,-0.681890,0.448682,0.582,1.416
search,lower,4,reverse,72.4378,1250.784,1009,rolling,1596.642,1288,1596.243,3.735,0,0,1783746763.291214705,0.317701,-0.471559,1.144491,-0.173398,,,0.724383,-0.681890,0.448682,0.582,1.416
search,lower,4,reverse,72.4594,1250.784,1009,rolling,1596.642,1288,1596.243,3.735,0,0,1783746763.291214705,0.317701,-0.471559,1.144491,-0.173398,,,0.724383,-0.681890,0.448682,0.582,1.416
search,lower,4,reverse,72.4810,1250.784,1009,rolling,1596.642,1288,1596.243,3.735,0,0,1783746763.291214705,0.317701,-0.471559,1.144491,-0.173398,,,0.724383,-0.681890,0.448682,0.582,1.416
search,lower,4,reverse,72.5026,1250.784,1009,rolling,1596.642,1288,1596.243,3.735,0,0,1783746763.291214705,0.317701,-0.471559,1.144491,-0.173398,,,0.724383,-0.681890,0.448682,0.582,1.416
search,lower,4,reverse,72.5241,1250.784,1009,rolling,1596.642,1288,1596.243,3.735,0,0,1783746763.291214705,0.317701,-0.471559,1.144491,-0.173398,,,0.724383,-0.681890,0.448682,0.572,1.441
search,lower,4,reverse,72.5277,1250.784,1009,rolling,1596.645,1288,1596.309,3.800,1,42,1783746763.389131308,0.308901,-0.488030,1.157439,-0.177609,-0.0186279,0.0129481,0.743011,-0.700518,0.461630,0.572,1.441
search,lower,4,reverse,72.5477,1250.784,1009,rolling,1596.645,1288,1596.309,3.800,0,0,1783746763.389131308,0.308901,-0.488030,1.157439,-0.177609,,,0.743011,-0.700518,0.461630,0.572,1.441
search,lower,4,reverse,72.5694,1250.784,1009,rolling,1596.645,1288,1596.309,3.800,0,0,1783746763.389131308,0.308901,-0.488030,1.157439,-0.177609,,,0.743011,-0.700518,0.461630,0.572,1.441
search,lower,4,reverse,72.5910,1250.784,1009,rolling,1596.645,1288,1596.309,3.800,0,0,1783746763.389131308,0.308901,-0.488030,1.157439,-0.177609,,,0.743011,-0.700518,0.461630,0.572,1.441
search,lower,4,reverse,72.6126,1250.784,1009,rolling,1596.645,1288,1596.309,3.800,0,0,1783746763.389131308,0.308901,-0.488030,1.157439,-0.177609,,,0.743011,-0.700518,0.461630,0.557,1.439
search,lower,4,reverse,72.6280,1250.784,1009,rolling,1596.788,1288,1596.389,3.881,1,43,1783746763.489787817,0.301737,-0.502580,1.169456,-0.173437,-0.0161976,0.0120161,0.759208,-0.716716,0.473646,0.557,1.439
search,lower,4,reverse,72.6448,1250.784,1009,rolling,1596.788,1288,1596.389,3.881,0,0,1783746763.489787817,0.301737,-0.502580,1.169456,-0.173437,,,0.759208,-0.716716,0.473646,0.557,1.439
search,lower,4,reverse,72.6665,1250.784,1009,rolling,1596.788,1288,1596.389,3.881,0,0,1783746763.489787817,0.301737,-0.502580,1.169456,-0.173437,,,0.759208,-0.716716,0.473646,0.557,1.439
search,lower,4,reverse,72.6879,1250.784,1009,rolling,1596.788,1288,1596.389,3.881,0,0,1783746763.489787817,0.301737,-0.502580,1.169456,-0.173437,,,0.759208,-0.716716,0.473646,0.557,1.439
search,lower,4,reverse,72.7094,1250.784,1009,rolling,1596.788,1288,1596.389,3.881,0,0,1783746763.489787817,0.301737,-0.502580,1.169456,-0.173437,,,0.759208,-0.716716,0.473646,0.548,1.457
search,lower,4,reverse,72.7284,1250.784,1009,rolling,1596.791,1288,1596.457,3.948,1,44,1783746763.590099573,0.292566,-0.519458,1.181925,-0.177698,-0.0191077,0.0124696,0.778316,-0.735823,0.486116,0.548,1.457
search,lower,5,forward,74.9349,1203.353,970,startup,1417.575,1143,1413.575,-5.809,0,0,1783746765.788667202,0.273266,-0.552202,1.209681,-0.003950,,,0.000000,0.000000,0.000000,0.528,1.479
search,lower,5,forward,74.9566,1203.353,970,startup,1417.575,1143,1413.575,-5.809,0,0,1783746765.788667202,0.273266,-0.552202,1.209681,-0.003950,,,0.000000,0.000000,0.000000,0.528,1.479
search,lower,5,forward,74.9783,1203.353,970,startup,1417.575,1143,1413.575,-5.809,0,0,1783746765.788667202,0.273266,-0.552202,1.209681,-0.003950,,,0.000000,0.000000,0.000000,0.528,1.479
search,lower,5,forward,74.9999,1203.353,970,startup,1417.575,1143,1413.575,-5.809,0,0,1783746765.788667202,0.273266,-0.552202,1.209681,-0.003950,,,0.000000,0.000000,0.000000,0.528,1.479
search,lower,5,forward,75.0215,1203.353,970,startup,1417.575,1143,1413.575,-5.809,0,0,1783746765.788667202,0.273266,-0.552202,1.209681,-0.003950,,,0.000000,0.000000,0.000000,0.530,1.477
search,lower,5,forward,75.0250,1203.353,970,startup,1416.335,1142,1413.575,-5.809,1,1,1783746765.889228582,0.270179,-0.551601,1.209067,-0.004276,-0.0005284,-0.0006144,0.000528,0.000000,0.000000,0.530,1.477
search,lower,5,forward,75.0356,1203.353,970,startup,1416.335,1142,1413.575,-5.809,0,0,1783746765.889228582,0.270179,-0.551601,1.209067,-0.004276,,,0.000528,0.000000,0.000000,0.530,1.477
search,lower,5,forward,75.0573,1203.353,970,startup,1416.335,1142,1413.575,-5.809,0,0,1783746765.889228582,0.270179,-0.551601,1.209067,-0.004276,,,0.000528,0.000000,0.000000,0.530,1.477
search,lower,5,forward,75.0788,1203.353,970,startup,1416.335,1142,1413.575,-5.809,0,0,1783746765.889228582,0.270179,-0.551601,1.209067,-0.004276,,,0.000528,0.000000,0.000000,0.530,1.477
search,lower,5,forward,75.1004,1203.353,970,startup,1416.335,1142,1413.575,-5.809,0,0,1783746765.889228582,0.270179,-0.551601,1.209067,-0.004276,,,0.000528,0.000000,0.000000,0.530,1.477
search,lower,5,forward,75.1219,1203.353,970,startup,1416.335,1142,1413.575,-5.809,0,0,1783746765.889228582,0.270179,-0.551601,1.209067,-0.004276,,,0.000528,0.000000,0.000000,0.530,1.467
search,lower,5,forward,75.1253,1203.353,970,startup,1415.095,1141,1413.575,-5.809,1,2,1783746765.987144947,0.269719,-0.551591,1.209485,-0.003600,-0.0001539,0.0004181,0.000682,0.000000,0.000000,0.530,1.467
search,lower,5,forward,75.1439,1203.353,970,startup,1415.095,1141,1413.575,-5.809,0,0,1783746765.987144947,0.269719,-0.551591,1.209485,-0.003600,,,0.000682,0.000000,0.000000,0.530,1.467
search,lower,5,forward,75.1656,1203.353,970,startup,1415.095,1141,1413.575,-5.809,0,0,1783746765.987144947,0.269719,-0.551591,1.209485,-0.003600,,,0.000682,0.000000,0.000000,0.530,1.467
search,lower,5,forward,75.1871,1203.353,970,startup,1415.095,1141,1413.575,-5.809,0,0,1783746765.987144947,0.269719,-0.551591,1.209485,-0.003600,,,0.000682,0.000000,0.000000,0.530,1.467
search,lower,5,forward,75.2086,1203.353,970,startup,1415.095,1141,1413.575,-5.809,0,0,1783746765.987144947,0.269719,-0.551591,1.209485,-0.003600,,,0.000682,0.000000,0.000000,0.531,1.470
search,lower,5,forward,75.2258,1203.353,970,startup,1413.855,1140,1413.575,-5.809,1,3,1783746766.087414265,0.272312,-0.543830,1.207755,0.017687,0.0081767,-0.0017296,0.008859,0.000000,0.000000,0.531,1.470
search,lower,5,forward,75.2405,1203.353,970,startup,1413.855,1140,1413.575,-5.809,0,0,1783746766.087414265,0.272312,-0.543830,1.207755,0.017687,,,0.008859,0.000000,0.000000,0.531,1.470
search,lower,5,forward,75.2622,1203.353,970,startup,1413.855,1140,1413.575,-5.809,0,0,1783746766.087414265,0.272312,-0.543830,1.207755,0.017687,,,0.008859,0.000000,0.000000,0.531,1.470
search,lower,5,forward,75.2837,1203.353,970,startup,1413.855,1140,1413.575,-5.809,0,0,1783746766.087414265,0.272312,-0.543830,1.207755,0.017687,,,0.008859,0.000000,0.000000,0.531,1.470
search,lower,5,forward,75.3053,1203.353,970,startup,1413.855,1140,1413.575,-5.809,0,0,1783746766.087414265,0.272312,-0.543830,1.207755,0.017687,,,0.008859,0.000000,0.000000,0.540,1.461
search,lower,5,forward,75.3264,1203.353,970,startup,1413.855,1140,1413.575,-5.809,0,0,1783746766.087414265,0.272312,-0.543830,1.207755,0.017687,,,0.008859,0.000000,0.000000,0.540,1.461
search,lower,5,forward,75.3483,1203.353,970,rolling,1413.575,1140,1413.575,-5.809,1,4,1783746766.187945366,0.279511,-0.526757,1.197974,0.059319,0.0185193,-0.0097810,0.027378,0.000000,0.000000,0.540,1.461
search,lower,5,forward,75.3599,1203.353,970,rolling,1413.575,1140,1413.575,-5.809,0,0,1783746766.187945366,0.279511,-0.526757,1.197974,0.059319,,,0.027378,0.000000,0.000000,0.540,1.461
search,lower,5,forward,75.3816,1203.353,970,rolling,1413.575,1140,1413.575,-5.809,0,0,1783746766.187945366,0.279511,-0.526757,1.197974,0.059319,,,0.027378,0.000000,0.000000,0.540,1.461
search,lower,5,forward,75.4033,1203.353,970,rolling,1413.575,1140,1413.575,-5.809,0,0,1783746766.187945366,0.279511,-0.526757,1.197974,0.059319,,,0.027378,0.000000,0.000000,0.540,1.461
search,lower,5,forward,75.4249,1203.353,970,rolling,1413.575,1140,1413.575,-5.809,0,0,1783746766.187945366,0.279511,-0.526757,1.197974,0.059319,,,0.027378,0.000000,0.000000,0.544,1.446
search,lower,5,forward,75.4289,1203.353,970,rolling,1413.575,1140,1413.575,-5.809,0,0,1783746766.187945366,0.279511,-0.526757,1.197974,0.059319,,,0.027378,0.000000,0.000000,0.544,1.446
search,lower,5,forward,75.4513,1203.353,970,rolling,1410.403,1137,1413.159,-6.224,1,5,1783746766.288427830,0.284882,-0.521227,1.191224,0.062195,0.0071164,-0.0067501,0.034495,0.000000,0.000000,0.544,1.446
search,lower,5,forward,75.4531,1203.353,970,rolling,1410.403,1137,1413.159,-6.224,0,0,1783746766.288427830,0.284882,-0.521227,1.191224,0.062195,,,0.034495,0.000000,0.000000,0.544,1.446
search,lower,5,forward,75.4746,1203.353,970,rolling,1410.403,1137,1413.159,-6.224,0,0,1783746766.288427830,0.284882,-0.521227,1.191224,0.062195,,,0.034495,0.000000,0.000000,0.544,1.446
search,lower,5,forward,75.4962,1203.353,970,rolling,1410.403,1137,1413.159,-6.224,0,0,1783746766.288427830,0.284882,-0.521227,1.191224,0.062195,,,0.034495,0.000000,0.000000,0.544,1.446
search,lower,5,forward,75.5177,1203.353,970,rolling,1410.403,1137,1413.159,-6.224,0,0,1783746766.288427830,0.284882,-0.521227,1.191224,0.062195,,,0.034495,0.000000,0.000000,0.553,1.459
search,lower,5,forward,75.5296,1203.353,970,rolling,1410.609,1138,1412.819,-6.564,1,6,1783746766.391020775,0.289750,-0.504229,1.180969,0.089491,0.0175825,-0.0102551,0.052077,0.000000,0.000000,0.553,1.459
search,lower,5,forward,75.5494,1203.353,970,rolling,1410.609,1138,1412.819,-6.564,0,0,1783746766.391020775,0.289750,-0.504229,1.180969,0.089491,,,0.052077,0.000000,0.000000,0.553,1.459
search,lower,5,forward,75.5711,1203.353,970,rolling,1410.609,1138,1412.819,-6.564,0,0,1783746766.391020775,0.289750,-0.504229,1.180969,0.089491,,,0.052077,0.000000,0.000000,0.553,1.459
search,lower,5,forward,75.5926,1203.353,970,rolling,1410.609,1138,1412.819,-6.564,0,0,1783746766.391020775,0.289750,-0.504229,1.180969,0.089491,,,0.052077,0.000000,0.000000,0.553,1.459
search,lower,5,forward,75.6141,1203.353,970,rolling,1410.609,1138,1412.819,-6.564,0,0,1783746766.391020775,0.289750,-0.504229,1.180969,0.089491,,,0.052077,0.000000,0.000000,0.565,1.431
search,lower,5,forward,75.6298,1203.353,970,rolling,1411.026,1138,1412.585,-6.799,1,7,1783746766.491442204,0.297926,-0.483724,1.169832,0.122067,0.0220721,-0.0111374,0.074149,0.022072,-0.011137,0.565,1.431
search,lower,5,forward,75.6483,1203.353,970,rolling,1411.026,1138,1412.585,-6.799,0,0,1783746766.491442204,0.297926,-0.483724,1.169832,0.122067,,,0.074149,0.022072,-0.011137,0.565,1.431
search,lower,5,forward,75.6699,1203.353,970,rolling,1411.026,1138,1412.585,-6.799,0,0,1783746766.491442204,0.297926,-0.483724,1.169832,0.122067,,,0.074149,0.022072,-0.011137,0.565,1.431
search,lower,5,forward,75.6914,1203.353,970,rolling,1411.026,1138,1412.585,-6.799,0,0,1783746766.491442204,0.297926,-0.483724,1.169832,0.122067,,,0.074149,0.022072,-0.011137,0.565,1.431
search,lower,5,forward,75.7129,1203.353,970,rolling,1411.026,1138,1412.585,-6.799,0,0,1783746766.491442204,0.297926,-0.483724,1.169832,0.122067,,,0.074149,0.022072,-0.011137,0.581,1.400
search,lower,5,forward,75.7303,1203.353,970,rolling,1411.216,1138,1412.405,-6.978,1,8,1783746766.591951609,0.306684,-0.466047,1.157030,0.140553,0.0197008,-0.0128015,0.093850,0.041773,-0.023939,0.581,1.400
search,lower,5,forward,75.7464,1203.353,970,rolling,1411.216,1138,1412.405,-6.978,0,0,1783746766.591951609,0.306684,-0.466047,1.157030,0.140553,,,0.093850,0.041773,-0.023939,0.581,1.400
search,lower,5,forward,75.7682,1203.353,970,rolling,1411.216,1138,1412.405,-6.978,0,0,1783746766.591951609,0.306684,-0.466047,1.157030,0.140553,,,0.093850,0.041773,-0.023939,0.581,1.400
search,lower,5,forward,75.7897,1203.353,970,rolling,1411.216,1138,1412.405,-6.978,0,0,1783746766.591951609,0.306684,-0.466047,1.157030,0.140553,,,0.093850,0.041773,-0.023939,0.581,1.400
search,lower,5,forward,75.8112,1203.353,970,rolling,1411.216,1138,1412.405,-6.978,0,0,1783746766.591951609,0.306684,-0.466047,1.157030,0.140553,,,0.093850,0.041773,-0.023939,0.600,1.502
search,lower,5,forward,75.8309,1203.353,970,rolling,1411.353,1138,1412.268,-7.116,1,9,1783746766.692140102,0.317239,-0.449322,1.139725,0.154278,0.0195821,-0.0173059,0.113432,0.061355,-0.041245,0.600,1.502
search,lower,5,forward,75.8442,1203.353,970,rolling,1411.353,1138,1412.268,-7.116,0,0,1783746766.692140102,0.317239,-0.449322,1.139725,0.154278,,,0.113432,0.061355,-0.041245,0.600,1.502
search,lower,5,forward,75.8658,1203.353,970,rolling,1411.353,1138,1412.268,-7.116,0,0,1783746766.692140102,0.317239,-0.449322,1.139725,0.154278,,,0.113432,0.061355,-0.041245,0.600,1.502
search,lower,5,forward,75.8875,1203.353,970,rolling,1411.353,1138,1412.268,-7.116,0,0,1783746766.692140102,0.317239,-0.449322,1.139725,0.154278,,,0.113432,0.061355,-0.041245,0.600,1.502
search,lower,5,forward,75.9091,1203.353,970,rolling,1411.353,1138,1412.268,-7.116,0,0,1783746766.692140102,0.317239,-0.449322,1.139725,0.154278,,,0.113432,0.061355,-0.041245,0.618,1.477
search,lower,5,forward,75.9285,1203.353,970,rolling,1411.353,1138,1412.268,-7.116,0,0,1783746766.692140102,0.317239,-0.449322,1.139725,0.154278,,,0.113432,0.061355,-0.041245,0.618,1.477
search,lower,5,forward,75.9506,1203.353,970,rolling,1411.727,1138,1412.197,-7.187,1,10,1783746766.792777538,0.328916,-0.427763,1.121078,0.176520,0.0244796,-0.0186462,0.137912,0.085835,-0.059891,0.618,1.477
search,lower,5,forward,75.9525,1203.353,970,rolling,1411.727,1138,1412.197,-7.187,0,0,1783746766.792777538,0.328916,-0.427763,1.121078,0.176520,,,0.137912,0.085835,-0.059891,0.618,1.477
search,lower,5,forward,75.9744,1203.353,970,rolling,1411.727,1138,1412.197,-7.187,0,0,1783746766.792777538,0.328916,-0.427763,1.121078,0.176520,,,0.137912,0.085835,-0.059891,0.618,1.477
search,lower,5,forward,75.9962,1203.353,970,rolling,1411.727,1138,1412.197,-7.187,0,0,1783746766.792777538,0.328916,-0.427763,1.121078,0.176520,,,0.137912,0.085835,-0.059891,0.618,1.477
search,lower,5,forward,76.0179,1203.353,970,rolling,1411.727,1138,1412.197,-7.187,0,0,1783746766.792777538,0.328916,-0.427763,1.121078,0.176520,,,0.137912,0.085835,-0.059891,0.628,1.456
search,lower,5,forward,76.0291,1203.353,970,rolling,1412.145,1139,1412.190,-7.193,1,11,1783746766.890439749,0.339932,-0.404731,1.104405,0.197740,0.0255292,-0.0166734,0.163441,0.111364,-0.076564,0.628,1.456
search,lower,5,forward,76.0387,1203.353,970,rolling,1412.145,1139,1412.190,-7.193,0,0,1783746766.890439749,0.339932,-0.404731,1.104405,0.197740,,,0.163441,0.111364,-0.076564,0.628,1.456
search,lower,5,forward,76.0605,1203.353,970,rolling,1412.145,1139,1412.190,-7.193,0,0,1783746766.890439749,0.339932,-0.404731,1.104405,0.197740,,,0.163441,0.111364,-0.076564,0.628,1.456
search,lower,5,forward,76.0820,1203.353,970,rolling,1412.145,1139,1412.190,-7.193,0,0,1783746766.890439749,0.339932,-0.404731,1.104405,0.197740,,,0.163441,0.111364,-0.076564,0.628,1.456
search,lower,5,forward,76.1036,1203.353,970,rolling,1412.145,1139,1412.190,-7.193,0,0,1783746766.890439749,0.339932,-0.404731,1.104405,0.197740,,,0.163441,0.111364,-0.076564,0.628,1.456
search,lower,5,forward,76.1251,1203.353,970,rolling,1412.145,1139,1412.190,-7.193,0,0,1783746766.890439749,0.339932,-0.404731,1.104405,0.197740,,,0.163441,0.111364,-0.076564,0.641,1.435
search,lower,5,forward,76.1292,1203.353,970,rolling,1412.573,1139,1412.240,-7.143,1,12,1783746766.990786314,0.351379,-0.379780,1.088009,0.216628,0.0274237,-0.0163957,0.190865,0.138787,-0.092960,0.641,1.435
search,lower,5,forward,76.1392,1203.353,970,rolling,1412.573,1139,1412.240,-7.143,0,0,1783746766.990786314,0.351379,-0.379780,1.088009,0.216628,,,0.190865,0.138787,-0.092960,0.641,1.435
search,lower,5,forward,76.1608,1203.353,970,rolling,1412.573,1139,1412.240,-7.143,0,0,1783746766.990786314,0.351379,-0.379780,1.088009,0.216628,,,0.190865,0.138787,-0.092960,0.641,1.435
search,lower,5,forward,76.1824,1203.353,970,rolling,1412.573,1139,1412.240,-7.143,0,0,1783746766.990786314,0.351379,-0.379780,1.088009,0.216628,,,0.190865,0.138787,-0.092960,0.641,1.435
search,lower,5,forward,76.2039,1203.353,970,rolling,1412.573,1139,1412.240,-7.143,0,0,1783746766.990786314,0.351379,-0.379780,1.088009,0.216628,,,0.190865,0.138787,-0.092960,0.641,1.435
search,lower,5,forward,76.2254,1203.353,970,rolling,1412.573,1139,1412.240,-7.143,0,0,1783746766.990786314,0.351379,-0.379780,1.088009,0.216628,,,0.190865,0.138787,-0.092960,0.650,1.410
search,lower,5,forward,76.2292,1203.353,970,rolling,1412.573,1139,1412.240,-7.143,0,0,1783746766.990786314,0.351379,-0.379780,1.088009,0.216628,,,0.190865,0.138787,-0.092960,0.650,1.410
search,lower,5,forward,76.2513,1203.353,970,rolling,1412.450,1139,1412.268,-7.116,1,13,1783746767.091257334,0.362659,-0.364568,1.071918,0.209086,0.0187339,-0.0160916,0.209598,0.157521,-0.109052,0.650,1.410
search,lower,5,forward,76.2531,1203.353,970,rolling,1412.450,1139,1412.268,-7.116,0,0,1783746767.091257334,0.362659,-0.364568,1.071918,0.209086,,,0.209598,0.157521,-0.109052,0.650,1.410
search,lower,5,forward,76.2746,1203.353,970,rolling,1412.450,1139,1412.268,-7.116,0,0,1783746767.091257334,0.362659,-0.364568,1.071918,0.209086,,,0.209598,0.157521,-0.109052,0.650,1.410
search,lower,5,forward,76.2962,1203.353,970,rolling,1412.450,1139,1412.268,-7.116,0,0,1783746767.091257334,0.362659,-0.364568,1.071918,0.209086,,,0.209598,0.157521,-0.109052,0.650,1.410
search,lower,5,forward,76.3177,1203.353,970,rolling,1412.450,1139,1412.268,-7.116,0,0,1783746767.091257334,0.362659,-0.364568,1.071918,0.209086,,,0.209598,0.157521,-0.109052,0.663,1.387
search,lower,5,forward,76.3272,1203.353,970,rolling,1412.794,1139,1412.336,-7.047,1,14,1783746767.191341639,0.371918,-0.339451,1.050943,0.222868,0.0264435,-0.0209749,0.236042,0.183965,-0.130026,0.663,1.387
search,lower,5,forward,76.3437,1203.353,970,rolling,1412.794,1139,1412.336,-7.047,0,0,1783746767.191341639,0.371918,-0.339451,1.050943,0.222868,,,0.236042,0.183965,-0.130026,0.663,1.387
search,lower,5,forward,76.3654,1203.353,970,rolling,1412.794,1139,1412.336,-7.047,0,0,1783746767.191341639,0.371918,-0.339451,1.050943,0.222868,,,0.236042,0.183965,-0.130026,0.663,1.387
search,lower,5,forward,76.3870,1203.353,970,rolling,1412.794,1139,1412.336,-7.047,0,0,1783746767.191341639,0.371918,-0.339451,1.050943,0.222868,,,0.236042,0.183965,-0.130026,0.663,1.387
search,lower,5,forward,76.4085,1203.353,970,rolling,1412.794,1139,1412.336,-7.047,0,0,1783746767.191341639,0.371918,-0.339451,1.050943,0.222868,,,0.236042,0.183965,-0.130026,0.682,1.365
search,lower,5,forward,76.4273,1203.353,970,rolling,1413.286,1140,1412.458,-6.926,1,15,1783746767.289285183,0.381503,-0.311360,1.029926,0.241376,0.0290795,-0.0210166,0.265121,0.213044,-0.151043,0.682,1.365
search,lower,5,forward,76.4452,1203.353,970,rolling,1413.286,1140,1412.458,-6.926,0,0,1783746767.289285183,0.381503,-0.311360,1.029926,0.241376,,,0.265121,0.213044,-0.151043,0.682,1.365
search,lower,5,forward,76.4668,1203.353,970,rolling,1413.286,1140,1412.458,-6.926,0,0,1783746767.289285183,0.381503,-0.311360,1.029926,0.241376,,,0.265121,0.213044,-0.151043,0.682,1.365
search,lower,5,forward,76.4884,1203.353,970,rolling,1413.286,1140,1412.458,-6.926,0,0,1783746767.289285183,0.381503,-0.311360,1.029926,0.241376,,,0.265121,0.213044,-0.151043,0.682,1.365
search,lower,5,forward,76.5098,1203.353,970,rolling,1413.286,1140,1412.458,-6.926,0,0,1783746767.289285183,0.381503,-0.311360,1.029926,0.241376,,,0.265121,0.213044,-0.151043,0.702,1.339
search,lower,5,forward,76.5282,1203.353,970,rolling,1413.803,1140,1412.634,-6.750,1,16,1783746767.389419556,0.394588,-0.282995,1.007856,0.258465,0.0310147,-0.0220698,0.296136,0.244059,-0.173113,0.702,1.339
search,lower,5,forward,76.5486,1203.353,970,rolling,1413.803,1140,1412.634,-6.750,0,0,1783746767.389419556,0.394588,-0.282995,1.007856,0.258465,,,0.296136,0.244059,-0.173113,0.702,1.339
search,lower,5,forward,76.5704,1203.353,970,rolling,1413.803,1140,1412.634,-6.750,0,0,1783746767.389419556,0.394588,-0.282995,1.007856,0.258465,,,0.296136,0.244059,-0.173113,0.702,1.339
search,lower,5,forward,76.5919,1203.353,970,rolling,1413.803,1140,1412.634,-6.750,0,0,1783746767.389419556,0.394588,-0.282995,1.007856,0.258465,,,0.296136,0.244059,-0.173113,0.702,1.339
search,lower,5,forward,76.6135,1203.353,970,rolling,1413.803,1140,1412.634,-6.750,0,0,1783746767.389419556,0.394588,-0.282995,1.007856,0.258465,,,0.296136,0.244059,-0.173113,0.711,1.319
search,lower,5,forward,76.6261,1203.353,970,rolling,1414.032,1140,1412.817,-6.566,1,17,1783746767.490301609,0.410489,-0.261137,0.984553,0.260734,0.0269901,-0.0233035,0.323126,0.271049,-0.196416,0.711,1.319
search,lower,5,forward,76.6413,1203.353,970,rolling,1414.032,1140,1412.817,-6.566,0,0,1783746767.490301609,0.410489,-0.261137,0.984553,0.260734,,,0.323126,0.271049,-0.196416,0.711,1.319
search,lower,5,forward,76.6629,1203.353,970,rolling,1414.032,1140,1412.817,-6.566,0,0,1783746767.490301609,0.410489,-0.261137,0.984553,0.260734,,,0.323126,0.271049,-0.196416,0.711,1.319
search,lower,5,forward,76.6845,1203.353,970,rolling,1414.032,1140,1412.817,-6.566,0,0,1783746767.490301609,0.410489,-0.261137,0.984553,0.260734,,,0.323126,0.271049,-0.196416,0.711,1.319
search,lower,5,forward,76.7060,1203.353,970,rolling,1414.032,1140,1412.817,-6.566,0,0,1783746767.490301609,0.410489,-0.261137,0.984553,0.260734,,,0.323126,0.271049,-0.196416,0.729,1.296
search,lower,5,forward,76.7264,1203.353,970,rolling,1414.162,1140,1412.990,-6.394,1,18,1783746767.588213444,0.421741,-0.238926,0.963204,0.258605,0.0246952,-0.0213490,0.347822,0.295744,-0.217765,0.729,1.296
search,lower,5,forward,76.7436,1203.353,970,rolling,1414.162,1140,1412.990,-6.394,0,0,1783746767.588213444,0.421741,-0.238926,0.963204,0.258605,,,0.347822,0.295744,-0.217765,0.729,1.296
search,lower,5,forward,76.7653,1203.353,970,rolling,1414.162,1140,1412.990,-6.394,0,0,1783746767.588213444,0.421741,-0.238926,0.963204,0.258605,,,0.347822,0.295744,-0.217765,0.729,1.296
search,lower,5,forward,76.7870,1203.353,970,rolling,1414.162,1140,1412.990,-6.394,0,0,1783746767.588213444,0.421741,-0.238926,0.963204,0.258605,,,0.347822,0.295744,-0.217765,0.729,1.296
search,lower,5,forward,76.8086,1203.353,970,rolling,1414.162,1140,1412.990,-6.394,0,0,1783746767.588213444,0.421741,-0.238926,0.963204,0.258605,,,0.347822,0.295744,-0.217765,0.748,1.276
search,lower,5,forward,76.8272,1203.353,970,rolling,1414.270,1141,1413.157,-6.227,1,19,1783746767.688407898,0.433321,-0.216824,0.941221,0.255637,0.0247214,-0.0219825,0.372543,0.320466,-0.239748,0.748,1.276
search,lower,5,forward,76.8343,1203.353,970,rolling,1414.270,1141,1413.157,-6.227,0,0,1783746767.688407898,0.433321,-0.216824,0.941221,0.255637,,,0.372543,0.320466,-0.239748,0.748,1.276
search,lower,5,forward,76.8560,1203.353,970,rolling,1414.270,1141,1413.157,-6.227,0,0,1783746767.688407898,0.433321,-0.216824,0.941221,0.255637,,,0.372543,0.320466,-0.239748,0.748,1.276
search,lower,5,forward,76.8775,1203.353,970,rolling,1414.270,1141,1413.157,-6.227,0,0,1783746767.688407898,0.433321,-0.216824,0.941221,0.255637,,,0.372543,0.320466,-0.239748,0.748,1.276
search,lower,5,forward,76.8989,1203.353,970,rolling,1414.270,1141,1413.157,-6.227,0,0,1783746767.688407898,0.433321,-0.216824,0.941221,0.255637,,,0.372543,0.320466,-0.239748,0.748,1.276
search,lower,5,forward,76.9204,1203.353,970,rolling,1414.270,1141,1413.157,-6.227,0,0,1783746767.688407898,0.433321,-0.216824,0.941221,0.255637,,,0.372543,0.320466,-0.239748,0.761,1.257
search,lower,5,forward,76.9248,1203.353,970,rolling,1414.412,1141,1413.322,-6.062,1,20,1783746767.789158821,0.448969,-0.196915,0.924510,0.254536,0.0253117,-0.0167114,0.397855,0.345778,-0.256459,0.761,1.257
search,lower,5,forward,76.9451,1203.353,970,rolling,1414.412,1141,1413.322,-6.062,0,0,1783746767.789158821,0.448969,-0.196915,0.924510,0.254536,,,0.397855,0.345778,-0.256459,0.761,1.257
search,lower,5,forward,76.9667,1203.353,970,rolling,1414.412,1141,1413.322,-6.062,0,0,1783746767.789158821,0.448969,-0.196915,0.924510,0.254536,,,0.397855,0.345778,-0.256459,0.761,1.257
search,lower,5,forward,76.9883,1203.353,970,rolling,1414.412,1141,1413.322,-6.062,0,0,1783746767.789158821,0.448969,-0.196915,0.924510,0.254536,,,0.397855,0.345778,-0.256459,0.761,1.257
search,lower,5,forward,77.0098,1203.353,970,rolling,1414.412,1141,1413.322,-6.062,0,0,1783746767.789158821,0.448969,-0.196915,0.924510,0.254536,,,0.397855,0.345778,-0.256459,0.775,1.238
search,lower,5,forward,77.0249,1203.353,970,rolling,1414.448,1141,1413.466,-5.918,1,21,1783746767.886806011,0.462668,-0.178768,0.906401,0.249114,0.0227369,-0.0181092,0.420592,0.368514,-0.274569,0.775,1.238
search,lower,5,forward,77.0414,1203.353,970,rolling,1414.448,1141,1413.466,-5.918,0,0,1783746767.886806011,0.462668,-0.178768,0.906401,0.249114,,,0.420592,0.368514,-0.274569,0.775,1.238
search,lower,5,forward,77.0631,1203.353,970,rolling,1414.448,1141,1413.466,-5.918,0,0,1783746767.886806011,0.462668,-0.178768,0.906401,0.249114,,,0.420592,0.368514,-0.274569,0.775,1.238
search,lower,5,forward,77.0846,1203.353,970,rolling,1414.448,1141,1413.466,-5.918,0,0,1783746767.886806011,0.462668,-0.178768,0.906401,0.249114,,,0.420592,0.368514,-0.274569,0.775,1.238
search,lower,5,forward,77.1061,1203.353,970,rolling,1414.448,1141,1413.466,-5.918,0,0,1783746767.886806011,0.462668,-0.178768,0.906401,0.249114,,,0.420592,0.368514,-0.274569,0.788,1.219
search,lower,5,forward,77.1229,1203.353,970,rolling,1414.462,1141,1413.596,-5.788,1,22,1783746767.987024784,0.476417,-0.160765,0.888179,0.243329,0.0226470,-0.0182221,0.443239,0.391162,-0.292791,0.788,1.219
search,lower,5,forward,77.1329,1203.353,970,rolling,1414.462,1141,1413.596,-5.788,0,0,1783746767.987024784,0.476417,-0.160765,0.888179,0.243329,,,0.443239,0.391162,-0.292791,0.788,1.219
search,lower,5,forward,77.1546,1203.353,970,rolling,1414.462,1141,1413.596,-5.788,0,0,1783746767.987024784,0.476417,-0.160765,0.888179,0.243329,,,0.443239,0.391162,-0.292791,0.788,1.219
search,lower,5,forward,77.1761,1203.353,970,rolling,1414.462,1141,1413.596,-5.788,0,0,1783746767.987024784,0.476417,-0.160765,0.888179,0.243329,,,0.443239,0.391162,-0.292791,0.788,1.219
search,lower,5,forward,77.1977,1203.353,970,rolling,1414.462,1141,1413.596,-5.788,0,0,1783746767.987024784,0.476417,-0.160765,0.888179,0.243329,,,0.443239,0.391162,-0.292791,0.788,1.219
search,lower,5,forward,77.2193,1203.353,970,rolling,1414.462,1141,1413.596,-5.788,0,0,1783746767.987024784,0.476417,-0.160765,0.888179,0.243329,,,0.443239,0.391162,-0.292791,0.797,1.204
search,lower,5,forward,77.2233,1203.353,970,rolling,1414.462,1141,1413.596,-5.788,0,0,1783746767.987024784,0.476417,-0.160765,0.888179,0.243329,,,0.443239,0.391162,-0.292791,0.797,1.204
search,lower,5,forward,77.2453,1203.353,970,rolling,1414.316,1141,1413.688,-5.696,1,23,1783746768.085021019,0.489700,-0.146876,0.875745,0.231390,0.0191655,-0.0124332,0.462404,0.410327,-0.305224,0.797,1.204
search,lower,5,forward,77.2471,1203.353,970,rolling,1414.316,1141,1413.688,-5.696,0,0,1783746768.085021019,0.489700,-0.146876,0.875745,0.231390,,,0.462404,0.410327,-0.305224,0.797,1.204
search,lower,5,forward,77.2687,1203.353,970,rolling,1414.316,1141,1413.688,-5.696,0,0,1783746768.085021019,0.489700,-0.146876,0.875745,0.231390,,,0.462404,0.410327,-0.305224,0.797,1.204
search,lower,5,forward,77.2903,1203.353,970,rolling,1414.316,1141,1413.688,-5.696,0,0,1783746768.085021019,0.489700,-0.146876,0.875745,0.231390,,,0.462404,0.410327,-0.305224,0.797,1.204
search,lower,5,forward,77.3119,1203.353,970,rolling,1414.316,1141,1413.688,-5.696,0,0,1783746768.085021019,0.489700,-0.146876,0.875745,0.231390,,,0.462404,0.410327,-0.305224,0.812,1.189
search,lower,5,forward,77.3241,1203.353,970,rolling,1414.231,1141,1413.759,-5.625,1,24,1783746768.185472965,0.507021,-0.135198,0.860236,0.223582,0.0201061,-0.0155094,0.482510,0.430433,-0.320733,0.812,1.189
search,lower,5,forward,77.3371,1203.353,970,rolling,1414.231,1141,1413.759,-5.625,0,0,1783746768.185472965,0.507021,-0.135198,0.860236,0.223582,,,0.482510,0.430433,-0.320733,0.812,1.189
search,lower,5,forward,77.3588,1203.353,970,rolling,1414.231,1141,1413.759,-5.625,0,0,1783746768.185472965,0.507021,-0.135198,0.860236,0.223582,,,0.482510,0.430433,-0.320733,0.812,1.189
search,lower,5,forward,77.3804,1203.353,970,rolling,1414.231,1141,1413.759,-5.625,0,0,1783746768.185472965,0.507021,-0.135198,0.860236,0.223582,,,0.482510,0.430433,-0.320733,0.812,1.189
search,lower,5,forward,77.4019,1203.353,970,rolling,1414.231,1141,1413.759,-5.625,0,0,1783746768.185472965,0.507021,-0.135198,0.860236,0.223582,,,0.482510,0.430433,-0.320733,0.831,1.174
search,lower,5,forward,77.4243,1203.353,970,rolling,1414.058,1140,1413.798,-5.585,1,25,1783746768.286102533,0.519773,-0.122129,0.847479,0.212978,0.0182309,-0.0127571,0.500741,0.448664,-0.333490,0.831,1.174
search,lower,5,forward,77.4462,1203.353,970,rolling,1414.058,1140,1413.798,-5.585,0,0,1783746768.286102533,0.519773,-0.122129,0.847479,0.212978,,,0.500741,0.448664,-0.333490,0.831,1.174
search,lower,5,forward,77.4678,1203.353,970,rolling,1414.058,1140,1413.798,-5.585,0,0,1783746768.286102533,0.519773,-0.122129,0.847479,0.212978,,,0.500741,0.448664,-0.333490,0.831,1.174
search,lower,5,forward,77.4893,1203.353,970,rolling,1414.058,1140,1413.798,-5.585,0,0,1783746768.286102533,0.519773,-0.122129,0.847479,0.212978,,,0.500741,0.448664,-0.333490,0.831,1.174
search,lower,5,forward,77.5109,1203.353,970,rolling,1414.058,1140,1413.798,-5.585,0,0,1783746768.286102533,0.519773,-0.122129,0.847479,0.212978,,,0.500741,0.448664,-0.333490,0.845,1.180
search,lower,5,forward,77.5221,1203.353,970,rolling,1414.058,1140,1413.798,-5.585,0,0,1783746768.286102533,0.519773,-0.122129,0.847479,0.212978,,,0.500741,0.448664,-0.333490,0.845,1.180
search,lower,5,forward,77.5440,1203.353,970,rolling,1414.128,1140,1413.841,-5.542,1,26,1783746768.386296034,0.527902,-0.100015,0.829477,0.214327,0.0218795,-0.0180014,0.522621,0.470544,-0.351492,0.845,1.180
search,lower,5,forward,77.5468,1203.353,970,rolling,1414.128,1140,1413.841,-5.542,0,0,1783746768.386296034,0.527902,-0.100015,0.829477,0.214327,,,0.522621,0.470544,-0.351492,0.845,1.180
search,lower,5,forward,77.5684,1203.353,970,rolling,1414.128,1140,1413.841,-5.542,0,0,1783746768.386296034,0.527902,-0.100015,0.829477,0.214327,,,0.522621,0.470544,-0.351492,0.845,1.180
search,lower,5,forward,77.5899,1203.353,970,rolling,1414.128,1140,1413.841,-5.542,0,0,1783746768.386296034,0.527902,-0.100015,0.829477,0.214327,,,0.522621,0.470544,-0.351492,0.845,1.180
search,lower,5,forward,77.6114,1203.353,970,rolling,1414.128,1140,1413.841,-5.542,0,0,1783746768.386296034,0.527902,-0.100015,0.829477,0.214327,,,0.522621,0.470544,-0.351492,0.855,1.204
search,lower,5,forward,77.6224,1203.353,970,rolling,1413.947,1140,1413.855,-5.529,1,27,1783746768.484212637,0.539233,-0.087090,0.813387,0.204611,0.0171809,-0.0160900,0.539802,0.487724,-0.367582,0.855,1.204
search,lower,5,forward,77.6416,1203.353,970,rolling,1413.947,1140,1413.855,-5.529,0,0,1783746768.484212637,0.539233,-0.087090,0.813387,0.204611,,,0.539802,0.487724,-0.367582,0.855,1.204
search,lower,5,forward,77.6632,1203.353,970,rolling,1413.947,1140,1413.855,-5.529,0,0,1783746768.484212637,0.539233,-0.087090,0.813387,0.204611,,,0.539802,0.487724,-0.367582,0.855,1.204
search,lower,5,forward,77.6847,1203.353,970,rolling,1413.947,1140,1413.855,-5.529,0,0,1783746768.484212637,0.539233,-0.087090,0.813387,0.204611,,,0.539802,0.487724,-0.367582,0.855,1.204
search,lower,5,forward,77.7062,1203.353,970,rolling,1413.947,1140,1413.855,-5.529,0,0,1783746768.484212637,0.539233,-0.087090,0.813387,0.204611,,,0.539802,0.487724,-0.367582,0.875,1.247
search,lower,5,forward,77.7230,1203.353,970,rolling,1414.025,1140,1413.877,-5.507,1,28,1783746768.584442854,0.553198,-0.070532,0.797457,0.207374,0.0216158,-0.0159307,0.561417,0.509340,-0.383512,0.875,1.247
search,lower,5,forward,77.7385,1203.353,970,rolling,1414.025,1140,1413.877,-5.507,0,0,1783746768.584442854,0.553198,-0.070532,0.797457,0.207374,,,0.561417,0.509340,-0.383512,0.875,1.247
search,lower,5,forward,77.7601,1203.353,970,rolling,1414.025,1140,1413.877,-5.507,0,0,1783746768.584442854,0.553198,-0.070532,0.797457,0.207374,,,0.561417,0.509340,-0.383512,0.875,1.247
search,lower,5,forward,77.7816,1203.353,970,rolling,1414.025,1140,1413.877,-5.507,0,0,1783746768.584442854,0.553198,-0.070532,0.797457,0.207374,,,0.561417,0.509340,-0.383512,0.875,1.247
search,lower,5,forward,77.8031,1203.353,970,rolling,1414.025,1140,1413.877,-5.507,0,0,1783746768.584442854,0.553198,-0.070532,0.797457,0.207374,,,0.561417,0.509340,-0.383512,0.888,1.288
search,lower,5,forward,77.8234,1203.353,970,rolling,1414.198,1140,1413.919,-5.465,1,29,1783746768.685143709,0.570300,-0.054364,0.783756,0.213923,0.0235209,-0.0137008,0.584938,0.532861,-0.397213,0.888,1.288
search,lower,5,forward,77.8450,1203.353,970,rolling,1414.198,1140,1413.919,-5.465,0,0,1783746768.685143709,0.570300,-0.054364,0.783756,0.213923,,,0.584938,0.532861,-0.397213,0.888,1.288
search,lower,5,forward,77.8666,1203.353,970,rolling,1414.198,1140,1413.919,-5.465,0,0,1783746768.685143709,0.570300,-0.054364,0.783756,0.213923,,,0.584938,0.532861,-0.397213,0.888,1.288
search,lower,5,forward,77.8881,1203.353,970,rolling,1414.198,1140,1413.919,-5.465,0,0,1783746768.685143709,0.570300,-0.054364,0.783756,0.213923,,,0.584938,0.532861,-0.397213,0.888,1.288
search,lower,5,forward,77.9096,1203.353,970,rolling,1414.198,1140,1413.919,-5.465,0,0,1783746768.685143709,0.570300,-0.054364,0.783756,0.213923,,,0.584938,0.532861,-0.397213,0.901,1.324
search,lower,5,forward,77.9239,1203.353,970,rolling,1414.215,1140,1413.958,-5.426,1,30,1783746768.785457611,0.587645,-0.042017,0.769415,0.212843,0.0210261,-0.0143412,0.605964,0.553887,-0.411554,0.901,1.324
search,lower,5,forward,77.9359,1203.353,970,rolling,1414.215,1140,1413.958,-5.426,0,0,1783746768.785457611,0.587645,-0.042017,0.769415,0.212843,,,0.605964,0.553887,-0.411554,0.901,1.324
search,lower,5,forward,77.9575,1203.353,970,rolling,1414.215,1140,1413.958,-5.426,0,0,1783746768.785457611,0.587645,-0.042017,0.769415,0.212843,,,0.605964,0.553887,-0.411554,0.901,1.324
search,lower,5,forward,77.9791,1203.353,970,rolling,1414.215,1140,1413.958,-5.426,0,0,1783746768.785457611,0.587645,-0.042017,0.769415,0.212843,,,0.605964,0.553887,-0.411554,0.901,1.324
search,lower,5,forward,78.0006,1203.353,970,rolling,1414.215,1140,1413.958,-5.426,0,0,1783746768.785457611,0.587645,-0.042017,0.769415,0.212843,,,0.605964,0.553887,-0.411554,0.901,1.324
search,lower,5,forward,78.0224,1203.353,970,rolling,1414.215,1140,1413.958,-5.426,0,0,1783746768.785457611,0.587645,-0.042017,0.769415,0.212843,,,0.605964,0.553887,-0.411554,0.928,1.396
search,lower,5,forward,78.0247,1203.353,970,rolling,1414.215,1140,1413.958,-5.426,0,0,1783746768.785457611,0.587645,-0.042017,0.769415,0.212843,,,0.605964,0.553887,-0.411554,0.928,1.396
search,lower,5,forward,78.0468,1203.353,970,rolling,1414.297,1141,1414.002,-5.381,1,31,1783746768.885960340,0.600319,-0.023177,0.746559,0.214746,0.0221562,-0.0228556,0.628120,0.576043,-0.434410,0.928,1.396
search,lower,5,forward,78.0568,1203.353,970,rolling,1414.297,1141,1414.002,-5.381,0,0,1783746768.885960340,0.600319,-0.023177,0.746559,0.214746,,,0.628120,0.576043,-0.434410,0.928,1.396
search,lower,5,forward,78.0786,1203.353,970,rolling,1414.297,1141,1414.002,-5.381,0,0,1783746768.885960340,0.600319,-0.023177,0.746559,0.214746,,,0.628120,0.576043,-0.434410,0.928,1.396
search,lower,5,forward,78.1005,1203.353,970,rolling,1414.297,1141,1414.002,-5.381,0,0,1783746768.885960340,0.600319,-0.023177,0.746559,0.214746,,,0.628120,0.576043,-0.434410,0.928,1.396
search,lower,5,forward,78.1220,1203.353,970,rolling,1414.297,1141,1414.002,-5.381,0,0,1783746768.885960340,0.600319,-0.023177,0.746559,0.214746,,,0.628120,0.576043,-0.434410,0.929,1.474
search,lower,5,forward,78.1271,1203.353,970,rolling,1414.517,1141,1414.070,-5.314,1,32,1783746768.986208916,0.615061,-0.002844,0.726364,0.222354,0.0245787,-0.0201952,0.652699,0.600622,-0.454605,0.929,1.474
search,lower,5,forward,78.1444,1203.353,970,rolling,1414.517,1141,1414.070,-5.314,0,0,1783746768.986208916,0.615061,-0.002844,0.726364,0.222354,,,0.652699,0.600622,-0.454605,0.929,1.474
search,lower,5,forward,78.1662,1203.353,970,rolling,1414.517,1141,1414.070,-5.314,0,0,1783746768.986208916,0.615061,-0.002844,0.726364,0.222354,,,0.652699,0.600622,-0.454605,0.929,1.474
search,lower,5,forward,78.1877,1203.353,970,rolling,1414.517,1141,1414.070,-5.314,0,0,1783746768.986208916,0.615061,-0.002844,0.726364,0.222354,,,0.652699,0.600622,-0.454605,0.929,1.474
search,lower,5,forward,78.2092,1203.353,970,rolling,1414.517,1141,1414.070,-5.314,0,0,1783746768.986208916,0.615061,-0.002844,0.726364,0.222354,,,0.652699,0.600622,-0.454605,0.953,1.536
search,lower,5,forward,78.2279,1203.353,970,rolling,1414.710,1141,1414.155,-5.228,1,33,1783746769.089148045,0.634842,0.012677,0.703975,0.227753,0.0251121,-0.0223892,0.677811,0.625734,-0.476994,0.953,1.536
search,lower,5,forward,78.2403,1203.353,970,rolling,1414.710,1141,1414.155,-5.228,0,0,1783746769.089148045,0.634842,0.012677,0.703975,0.227753,,,0.677811,0.625734,-0.476994,0.953,1.536
search,lower,5,forward,78.2619,1203.353,970,rolling,1414.710,1141,1414.155,-5.228,0,0,1783746769.089148045,0.634842,0.012677,0.703975,0.227753,,,0.677811,0.625734,-0.476994,0.953,1.536
search,lower,5,forward,78.2834,1203.353,970,rolling,1414.710,1141,1414.155,-5.228,0,0,1783746769.089148045,0.634842,0.012677,0.703975,0.227753,,,0.677811,0.625734,-0.476994,0.953,1.536
search,lower,5,forward,78.3049,1203.353,970,rolling,1414.710,1141,1414.155,-5.228,0,0,1783746769.089148045,0.634842,0.012677,0.703975,0.227753,,,0.677811,0.625734,-0.476994,0.953,1.536
search,lower,5,forward,78.3264,1203.353,970,rolling,1414.710,1141,1414.155,-5.228,0,0,1783746769.089148045,0.634842,0.012677,0.703975,0.227753,,,0.677811,0.625734,-0.476994,0.979,1.599
search,lower,5,forward,78.3289,1203.353,970,rolling,1415.002,1141,1414.266,-5.117,1,34,1783746769.189805031,0.653340,0.031970,0.683929,0.236780,0.0265594,-0.0200459,0.704371,0.652294,-0.497040,0.979,1.599
search,lower,5,forward,78.3438,1203.353,970,rolling,1415.002,1141,1414.266,-5.117,0,0,1783746769.189805031,0.653340,0.031970,0.683929,0.236780,,,0.704371,0.652294,-0.497040,0.979,1.599
search,lower,5,forward,78.3655,1203.353,970,rolling,1415.002,1141,1414.266,-5.117,0,0,1783746769.189805031,0.653340,0.031970,0.683929,0.236780,,,0.704371,0.652294,-0.497040,0.979,1.599
search,lower,5,forward,78.3871,1203.353,970,rolling,1415.002,1141,1414.266,-5.117,0,0,1783746769.189805031,0.653340,0.031970,0.683929,0.236780,,,0.704371,0.652294,-0.497040,0.979,1.599
search,lower,5,forward,78.4086,1203.353,970,rolling,1415.002,1141,1414.266,-5.117,0,0,1783746769.189805031,0.653340,0.031970,0.683929,0.236780,,,0.704371,0.652294,-0.497040,1.013,1.702
search,lower,5,forward,78.4280,1203.353,970,rolling,1415.231,1141,1414.392,-4.991,1,35,1783746769.289911509,0.672025,0.049879,0.664297,0.241957,0.0257764,-0.0196322,0.730147,0.678070,-0.516672,1.013,1.702
search,lower,5,forward,78.4440,1203.353,970,rolling,1415.231,1141,1414.392,-4.991,0,0,1783746769.289911509,0.672025,0.049879,0.664297,0.241957,,,0.730147,0.678070,-0.516672,1.013,1.702
search,lower,5,forward,78.4656,1203.353,970,rolling,1415.231,1141,1414.392,-4.991,0,0,1783746769.289911509,0.672025,0.049879,0.664297,0.241957,,,0.730147,0.678070,-0.516672,1.013,1.702
search,lower,5,forward,78.4871,1203.353,970,rolling,1415.231,1141,1414.392,-4.991,0,0,1783746769.289911509,0.672025,0.049879,0.664297,0.241957,,,0.730147,0.678070,-0.516672,1.013,1.702
search,lower,5,forward,78.5086,1203.353,970,rolling,1415.231,1141,1414.392,-4.991,0,0,1783746769.289911509,0.672025,0.049879,0.664297,0.241957,,,0.730147,0.678070,-0.516672,1.003,1.798
search,lower,5,forward,78.5260,1203.353,970,rolling,1415.111,1141,1414.486,-4.897,1,36,1783746769.390139341,0.688548,0.061127,0.646436,0.231242,0.0199551,-0.0178611,0.750102,0.698025,-0.534534,1.003,1.798
search,lower,5,forward,78.5428,1203.353,970,rolling,1415.111,1141,1414.486,-4.897,0,0,1783746769.390139341,0.688548,0.061127,0.646436,0.231242,,,0.750102,0.698025,-0.534534,1.003,1.798
search,lower,5,forward,78.5644,1203.353,970,rolling,1415.111,1141,1414.486,-4.897,0,0,1783746769.390139341,0.688548,0.061127,0.646436,0.231242,,,0.750102,0.698025,-0.534534,1.003,1.798
search,lower,5,forward,78.5860,1203.353,970,rolling,1415.111,1141,1414.486,-4.897,0,0,1783746769.390139341,0.688548,0.061127,0.646436,0.231242,,,0.750102,0.698025,-0.534534,1.003,1.798
search,lower,5,forward,78.6075,1203.353,970,rolling,1415.111,1141,1414.486,-4.897,0,0,1783746769.390139341,0.688548,0.061127,0.646436,0.231242,,,0.750102,0.698025,-0.534534,1.038,1.829
search,lower,5,forward,78.6266,1203.353,970,rolling,1414.940,1141,1414.544,-4.839,1,37,1783746769.488182545,0.702766,0.072471,0.630809,0.219785,0.0181783,-0.0156268,0.768280,0.716203,-0.550160,1.038,1.829
search,lower,5,reverse,79.7188,1203.353,970,startup,1592.457,1284,1596.457,3.948,0,0,1783746770.484483480,0.720468,0.092667,0.602890,0.016254,,,0.000000,0.000000,0.000000,1.134,1.918
search,lower,5,reverse,79.7233,1203.353,970,startup,1593.697,1285,1596.457,3.948,1,1,1783746770.584786415,0.724957,0.090070,0.604644,0.017725,0.0022202,0.0017541,0.002220,0.000000,0.000000,1.134,1.918
search,lower,5,reverse,79.7403,1203.353,970,startup,1593.697,1285,1596.457,3.948,0,0,1783746770.584786415,0.724957,0.090070,0.604644,0.017725,,,0.002220,0.000000,0.000000,1.134,1.918
search,lower,5,reverse,79.7619,1203.353,970,startup,1593.697,1285,1596.457,3.948,0,0,1783746770.584786415,0.724957,0.090070,0.604644,0.017725,,,0.002220,0.000000,0.000000,1.134,1.918
search,lower,5,reverse,79.7835,1203.353,970,startup,1593.697,1285,1596.457,3.948,0,0,1783746770.584786415,0.724957,0.090070,0.604644,0.017725,,,0.002220,0.000000,0.000000,1.134,1.918
search,lower,5,reverse,79.8054,1203.353,970,startup,1593.697,1285,1596.457,3.948,0,0,1783746770.584786415,0.724957,0.090070,0.604644,0.017725,,,0.002220,0.000000,0.000000,1.122,1.921
search,lower,5,reverse,79.8209,1203.353,970,startup,1594.937,1286,1596.457,3.948,1,2,1783746770.685457706,0.727198,0.088747,0.606608,0.016000,0.0010900,0.0019639,0.003310,0.000000,0.000000,1.122,1.921
search,lower,5,reverse,79.8382,1203.353,970,startup,1594.937,1286,1596.457,3.948,0,0,1783746770.685457706,0.727198,0.088747,0.606608,0.016000,,,0.003310,0.000000,0.000000,1.122,1.921
search,lower,5,reverse,79.8599,1203.353,970,startup,1594.937,1286,1596.457,3.948,0,0,1783746770.685457706,0.727198,0.088747,0.606608,0.016000,,,0.003310,0.000000,0.000000,1.122,1.921
search,lower,5,reverse,79.8814,1203.353,970,startup,1594.937,1286,1596.457,3.948,0,0,1783746770.685457706,0.727198,0.088747,0.606608,0.016000,,,0.003310,0.000000,0.000000,1.122,1.921
search,lower,5,reverse,79.9029,1203.353,970,startup,1594.937,1286,1596.457,3.948,0,0,1783746770.685457706,0.727198,0.088747,0.606608,0.016000,,,0.003310,0.000000,0.000000,1.127,1.926
search,lower,5,reverse,79.9216,1203.353,970,startup,1596.177,1287,1596.457,3.948,1,3,1783746770.783123970,0.730537,0.090356,0.609936,0.021366,0.0036590,0.0033273,0.006969,0.000000,0.000000,1.127,1.926
search,lower,5,reverse,79.9336,1203.353,970,startup,1596.177,1287,1596.457,3.948,0,0,1783746770.783123970,0.730537,0.090356,0.609936,0.021366,,,0.006969,0.000000,0.000000,1.127,1.926
search,lower,5,reverse,79.9552,1203.353,970,startup,1596.177,1287,1596.457,3.948,0,0,1783746770.783123970,0.730537,0.090356,0.609936,0.021366,,,0.006969,0.000000,0.000000,1.127,1.926
search,lower,5,reverse,79.9767,1203.353,970,startup,1596.177,1287,1596.457,3.948,0,0,1783746770.783123970,0.730537,0.090356,0.609936,0.021366,,,0.006969,0.000000,0.000000,1.127,1.926
search,lower,5,reverse,79.9983,1203.353,970,startup,1596.177,1287,1596.457,3.948,0,0,1783746770.783123970,0.730537,0.090356,0.609936,0.021366,,,0.006969,0.000000,0.000000,1.127,1.926
search,lower,5,reverse,80.0198,1203.353,970,startup,1596.177,1287,1596.457,3.948,0,0,1783746770.783123970,0.730537,0.090356,0.609936,0.021366,,,0.006969,0.000000,0.000000,1.121,1.938
search,lower,5,reverse,80.0224,1203.353,970,startup,1597.417,1288,1596.457,3.948,1,4,1783746770.883679390,0.719310,0.088416,0.613859,-0.009594,-0.0103043,0.0039234,0.017273,0.000000,0.000000,1.121,1.938
search,lower,5,reverse,80.0391,1203.353,970,startup,1597.417,1288,1596.457,3.948,0,0,1783746770.883679390,0.719310,0.088416,0.613859,-0.009594,,,0.017273,0.000000,0.000000,1.121,1.938
search,lower,5,reverse,80.0607,1203.353,970,startup,1597.417,1288,1596.457,3.948,0,0,1783746770.883679390,0.719310,0.088416,0.613859,-0.009594,,,0.017273,0.000000,0.000000,1.121,1.938
search,lower,5,reverse,80.0823,1203.353,970,startup,1597.417,1288,1596.457,3.948,0,0,1783746770.883679390,0.719310,0.088416,0.613859,-0.009594,,,0.017273,0.000000,0.000000,1.121,1.938
search,lower,5,reverse,80.1040,1203.353,970,startup,1597.417,1288,1596.457,3.948,0,0,1783746770.883679390,0.719310,0.088416,0.613859,-0.009594,,,0.017273,0.000000,0.000000,1.043,1.831
search,lower,5,reverse,80.1197,1203.353,970,startup,1600.517,1291,1596.457,3.948,1,5,1783746770.983838320,0.707229,0.080821,0.622782,-0.042755,-0.0142464,0.0089231,0.031520,0.000000,0.000000,1.043,1.831
search,lower,5,reverse,80.1372,1203.353,970,startup,1600.517,1291,1596.457,3.948,0,0,1783746770.983838320,0.707229,0.080821,0.622782,-0.042755,,,0.031520,0.000000,0.000000,1.043,1.831
search,lower,5,reverse,80.1591,1203.353,970,startup,1600.517,1291,1596.457,3.948,0,0,1783746770.983838320,0.707229,0.080821,0.622782,-0.042755,,,0.031520,0.000000,0.000000,1.043,1.831
search,lower,5,reverse,80.1809,1203.353,970,startup,1600.517,1291,1596.457,3.948,0,0,1783746770.983838320,0.707229,0.080821,0.622782,-0.042755,,,0.031520,0.000000,0.000000,1.043,1.831
search,lower,5,reverse,80.2024,1203.353,970,startup,1600.517,1291,1596.457,3.948,0,0,1783746770.983838320,0.707229,0.080821,0.622782,-0.042755,,,0.031520,0.000000,0.000000,1.084,1.760
search,lower,5,reverse,80.2202,1203.353,970,rolling,1596.457,1287,1596.457,3.948,1,6,1783746771.081939220,0.692444,0.065152,0.631761,-0.086009,-0.0211673,0.0089791,0.052687,0.000000,0.000000,1.084,1.760
search,lower,5,reverse,80.2411,1203.353,970,rolling,1596.457,1287,1596.457,3.948,0,0,1783746771.081939220,0.692444,0.065152,0.631761,-0.086009,,,0.052687,0.000000,0.000000,1.084,1.760
search,lower,5,reverse,80.2628,1203.353,970,rolling,1596.457,1287,1596.457,3.948,0,0,1783746771.081939220,0.692444,0.065152,0.631761,-0.086009,,,0.052687,0.000000,0.000000,1.084,1.760
search,lower,5,reverse,80.2844,1203.353,970,rolling,1596.457,1287,1596.457,3.948,0,0,1783746771.081939220,0.692444,0.065152,0.631761,-0.086009,,,0.052687,0.000000,0.000000,1.084,1.760
search,lower,5,reverse,80.3061,1203.353,970,rolling,1596.457,1287,1596.457,3.948,0,0,1783746771.081939220,0.692444,0.065152,0.631761,-0.086009,,,0.052687,0.000000,0.000000,1.082,1.696
search,lower,5,reverse,80.3207,1203.353,970,rolling,1596.457,1287,1596.457,3.948,0,0,1783746771.081939220,0.692444,0.065152,0.631761,-0.086009,,,0.052687,0.000000,0.000000,1.082,1.696
search,lower,5,reverse,80.3425,1203.353,970,rolling,1597.637,1288,1596.654,4.145,1,7,1783746771.182260275,0.671545,0.046228,0.650267,-0.134449,-0.0280670,0.0185060,0.080754,-0.028067,0.018506,1.082,1.696
search,lower,5,reverse,80.3577,1203.353,970,rolling,1597.637,1288,1596.654,4.145,0,0,1783746771.182260275,0.671545,0.046228,0.650267,-0.134449,,,0.080754,-0.028067,0.018506,1.082,1.696
search,lower,5,reverse,80.3793,1203.353,970,rolling,1597.637,1288,1596.654,4.145,0,0,1783746771.182260275,0.671545,0.046228,0.650267,-0.134449,,,0.080754,-0.028067,0.018506,1.082,1.696
search,lower,5,reverse,80.4010,1203.353,970,rolling,1597.637,1288,1596.654,4.145,0,0,1783746771.182260275,0.671545,0.046228,0.650267,-0.134449,,,0.080754,-0.028067,0.018506,1.043,1.592
search,lower,5,reverse,80.4210,1203.353,970,rolling,1597.637,1288,1596.654,4.145,0,0,1783746771.182260275,0.671545,0.046228,0.650267,-0.134449,,,0.080754,-0.028067,0.018506,1.043,1.592
search,lower,5,reverse,80.4429,1203.353,970,rolling,1597.625,1288,1596.816,4.307,1,8,1783746771.282730818,0.657529,0.034613,0.672828,-0.146111,-0.0181949,0.0225609,0.098949,-0.046262,0.041067,1.043,1.592
search,lower,5,reverse,80.4447,1203.353,970,rolling,1597.625,1288,1596.816,4.307,0,0,1783746771.282730818,0.657529,0.034613,0.672828,-0.146111,,,0.098949,-0.046262,0.041067,1.043,1.592
search,lower,5,reverse,80.4663,1203.353,970,rolling,1597.625,1288,1596.816,4.307,0,0,1783746771.282730818,0.657529,0.034613,0.672828,-0.146111,,,0.098949,-0.046262,0.041067,1.043,1.592
search,lower,5,reverse,80.4878,1203.353,970,rolling,1597.625,1288,1596.816,4.307,0,0,1783746771.282730818,0.657529,0.034613,0.672828,-0.146111,,,0.098949,-0.046262,0.041067,1.043,1.592
search,lower,5,reverse,80.5094,1203.353,970,rolling,1597.625,1288,1596.816,4.307,0,0,1783746771.282730818,0.657529,0.034613,0.672828,-0.146111,,,0.098949,-0.046262,0.041067,0.989,1.506
search,lower,5,reverse,80.5186,1203.353,970,rolling,1597.502,1288,1596.931,4.422,1,9,1783746771.383020878,0.639149,0.023941,0.693769,-0.161910,-0.0209915,0.0209412,0.119941,-0.067253,0.062008,0.989,1.506
search,lower,5,reverse,80.5362,1203.353,970,rolling,1597.502,1288,1596.931,4.422,0,0,1783746771.383020878,0.639149,0.023941,0.693769,-0.161910,,,0.119941,-0.067253,0.062008,0.989,1.506
search,lower,5,reverse,80.5580,1203.353,970,rolling,1597.502,1288,1596.931,4.422,0,0,1783746771.383020878,0.639149,0.023941,0.693769,-0.161910,,,0.119941,-0.067253,0.062008,0.989,1.506
search,lower,5,reverse,80.5796,1203.353,970,rolling,1597.502,1288,1596.931,4.422,0,0,1783746771.383020878,0.639149,0.023941,0.693769,-0.161910,,,0.119941,-0.067253,0.062008,0.989,1.506
search,lower,5,reverse,80.6011,1203.353,970,rolling,1597.502,1288,1596.931,4.422,0,0,1783746771.383020878,0.639149,0.023941,0.693769,-0.161910,,,0.119941,-0.067253,0.062008,0.962,1.444
search,lower,5,reverse,80.6193,1203.353,970,rolling,1597.280,1288,1596.988,4.479,1,10,1783746771.480751753,0.623262,0.006965,0.717316,-0.180529,-0.0231020,0.0235462,0.143043,-0.090355,0.085554,0.962,1.444
search,lower,5,reverse,80.6409,1203.353,970,rolling,1597.280,1288,1596.988,4.479,0,0,1783746771.480751753,0.623262,0.006965,0.717316,-0.180529,,,0.143043,-0.090355,0.085554,0.962,1.444
search,lower,5,reverse,80.6625,1203.353,970,rolling,1597.280,1288,1596.988,4.479,0,0,1783746771.480751753,0.623262,0.006965,0.717316,-0.180529,,,0.143043,-0.090355,0.085554,0.962,1.444
search,lower,5,reverse,80.6841,1203.353,970,rolling,1597.280,1288,1596.988,4.479,0,0,1783746771.480751753,0.623262,0.006965,0.717316,-0.180529,,,0.143043,-0.090355,0.085554,0.962,1.444
search,lower,5,reverse,80.7056,1203.353,970,rolling,1597.280,1288,1596.988,4.479,0,0,1783746771.480751753,0.623262,0.006965,0.717316,-0.180529,,,0.143043,-0.090355,0.085554,0.938,1.373
search,lower,5,reverse,80.7194,1203.353,970,rolling,1597.280,1288,1596.988,4.479,0,0,1783746771.480751753,0.623262,0.006965,0.717316,-0.180529,,,0.143043,-0.090355,0.085554,0.938,1.373
search,lower,5,reverse,80.7415,1203.353,970,rolling,1596.828,1288,1596.961,4.452,1,11,1783746771.581294060,0.601379,-0.012902,0.737085,-0.208886,-0.0295553,0.0197691,0.172598,-0.119911,0.105323,0.938,1.373
search,lower,5,reverse,80.7471,1203.353,970,rolling,1596.828,1288,1596.961,4.452,0,0,1783746771.581294060,0.601379,-0.012902,0.737085,-0.208886,,,0.172598,-0.119911,0.105323,0.938,1.373
search,lower,5,reverse,80.7689,1203.353,970,rolling,1596.828,1288,1596.961,4.452,0,0,1783746771.581294060,0.601379,-0.012902,0.737085,-0.208886,,,0.172598,-0.119911,0.105323,0.938,1.373
search,lower,5,reverse,80.7905,1203.353,970,rolling,1596.828,1288,1596.961,4.452,0,0,1783746771.581294060,0.601379,-0.012902,0.737085,-0.208886,,,0.172598,-0.119911,0.105323,0.938,1.373
search,lower,5,reverse,80.8121,1203.353,970,rolling,1596.828,1288,1596.961,4.452,0,0,1783746771.581294060,0.601379,-0.012902,0.737085,-0.208886,,,0.172598,-0.119911,0.105323,0.924,1.340
search,lower,5,reverse,80.8201,1203.353,970,rolling,1596.708,1288,1596.919,4.410,1,12,1783746771.681444645,0.587392,-0.031639,0.756072,-0.214056,-0.0229911,0.0189876,0.195589,-0.142902,0.124311,0.924,1.340
search,lower,5,reverse,80.8368,1203.353,970,rolling,1596.708,1288,1596.919,4.410,0,0,1783746771.681444645,0.587392,-0.031639,0.756072,-0.214056,,,0.195589,-0.142902,0.124311,0.924,1.340
search,lower,5,reverse,80.8584,1203.353,970,rolling,1596.708,1288,1596.919,4.410,0,0,1783746771.681444645,0.587392,-0.031639,0.756072,-0.214056,,,0.195589,-0.142902,0.124311,0.924,1.340
search,lower,5,reverse,80.8800,1203.353,970,rolling,1596.708,1288,1596.919,4.410,0,0,1783746771.681444645,0.587392,-0.031639,0.756072,-0.214056,,,0.195589,-0.142902,0.124311,0.924,1.340
search,lower,5,reverse,80.9015,1203.353,970,rolling,1596.708,1288,1596.919,4.410,0,0,1783746771.681444645,0.587392,-0.031639,0.756072,-0.214056,,,0.195589,-0.142902,0.124311,0.923,1.284
search,lower,5,reverse,80.9203,1203.353,970,rolling,1596.708,1288,1596.919,4.410,0,0,1783746771.681444645,0.587392,-0.031639,0.756072,-0.214056,,,0.195589,-0.142902,0.124311,0.923,1.284
search,lower,5,reverse,80.9422,1203.353,970,rolling,1596.917,1288,1596.919,4.410,1,13,1783746771.782139301,0.572636,-0.039243,0.767872,-0.200079,-0.0159246,0.0117992,0.211514,-0.158826,0.136110,0.923,1.284
search,lower,5,reverse,80.9507,1203.353,970,rolling,1596.917,1288,1596.919,4.410,0,0,1783746771.782139301,0.572636,-0.039243,0.767872,-0.200079,,,0.211514,-0.158826,0.136110,0.923,1.284
search,lower,5,reverse,80.9724,1203.353,970,rolling,1596.917,1288,1596.919,4.410,0,0,1783746771.782139301,0.572636,-0.039243,0.767872,-0.200079,,,0.211514,-0.158826,0.136110,0.923,1.284
search,lower,5,reverse,80.9939,1203.353,970,rolling,1596.917,1288,1596.919,4.410,0,0,1783746771.782139301,0.572636,-0.039243,0.767872,-0.200079,,,0.211514,-0.158826,0.136110,0.923,1.284
search,lower,5,reverse,81.0155,1203.353,970,rolling,1596.917,1288,1596.919,4.410,0,0,1783746771.782139301,0.572636,-0.039243,0.767872,-0.200079,,,0.211514,-0.158826,0.136110,0.900,1.233
search,lower,5,reverse,81.0200,1203.353,970,rolling,1596.917,1288,1596.919,4.410,0,0,1783746771.782139301,0.572636,-0.039243,0.767872,-0.200079,,,0.211514,-0.158826,0.136110,0.900,1.233
search,lower,5,reverse,81.0419,1203.353,970,rolling,1596.675,1288,1596.878,4.369,1,14,1783746771.882385492,0.554628,-0.057213,0.781942,-0.213502,-0.0254395,0.0140701,0.236953,-0.184266,0.150180,0.900,1.233
search,lower,5,reverse,81.0474,1203.353,970,rolling,1596.675,1288,1596.878,4.369,0,0,1783746771.882385492,0.554628,-0.057213,0.781942,-0.213502,,,0.236953,-0.184266,0.150180,0.900,1.233
search,lower,5,reverse,81.0691,1203.353,970,rolling,1596.675,1288,1596.878,4.369,0,0,1783746771.882385492,0.554628,-0.057213,0.781942,-0.213502,,,0.236953,-0.184266,0.150180,0.900,1.233
search,lower,5,reverse,81.0907,1203.353,970,rolling,1596.675,1288,1596.878,4.369,0,0,1783746771.882385492,0.554628,-0.057213,0.781942,-0.213502,,,0.236953,-0.184266,0.150180,0.900,1.233
search,lower,5,reverse,81.1122,1203.353,970,rolling,1596.675,1288,1596.878,4.369,0,0,1783746771.882385492,0.554628,-0.057213,0.781942,-0.213502,,,0.236953,-0.184266,0.150180,0.879,1.182
search,lower,5,reverse,81.1212,1203.353,970,rolling,1596.509,1288,1596.817,4.308,1,15,1783746771.982322931,0.539569,-0.076261,0.801509,-0.220502,-0.0241350,0.0195676,0.261088,-0.208401,0.169748,0.879,1.182
search,lower,5,reverse,81.1432,1203.353,970,rolling,1596.509,1288,1596.817,4.308,0,0,1783746771.982322931,0.539569,-0.076261,0.801509,-0.220502,,,0.261088,-0.208401,0.169748,0.879,1.182
search,lower,5,reverse,81.1445,1203.353,970,rolling,1596.509,1288,1596.817,4.308,0,0,1783746771.982322931,0.539569,-0.076261,0.801509,-0.220502,,,0.261088,-0.208401,0.169748,0.879,1.182
search,lower,5,reverse,81.1660,1203.353,970,rolling,1596.509,1288,1596.817,4.308,0,0,1783746771.982322931,0.539569,-0.076261,0.801509,-0.220502,,,0.261088,-0.208401,0.169748,0.879,1.182
search,lower,5,reverse,81.1875,1203.353,970,rolling,1596.509,1288,1596.817,4.308,0,0,1783746771.982322931,0.539569,-0.076261,0.801509,-0.220502,,,0.261088,-0.208401,0.169748,0.879,1.182
search,lower,5,reverse,81.2090,1203.353,970,rolling,1596.509,1288,1596.817,4.308,0,0,1783746771.982322931,0.539569,-0.076261,0.801509,-0.220502,,,0.261088,-0.208401,0.169748,0.858,1.167
search,lower,5,reverse,81.2238,1203.353,970,rolling,1596.322,1287,1596.734,4.225,1,16,1783746772.083272457,0.523520,-0.095572,0.818685,-0.227418,-0.0250522,0.0171757,0.286140,-0.233453,0.186924,0.858,1.167
search,lower,5,reverse,81.2383,1203.353,970,rolling,1596.322,1287,1596.734,4.225,0,0,1783746772.083272457,0.523520,-0.095572,0.818685,-0.227418,,,0.286140,-0.233453,0.186924,0.858,1.167
search,lower,5,reverse,81.2599,1203.353,970,rolling,1596.322,1287,1596.734,4.225,0,0,1783746772.083272457,0.523520,-0.095572,0.818685,-0.227418,,,0.286140,-0.233453,0.186924,0.858,1.167
search,lower,5,reverse,81.2814,1203.353,970,rolling,1596.322,1287,1596.734,4.225,0,0,1783746772.083272457,0.523520,-0.095572,0.818685,-0.227418,,,0.286140,-0.233453,0.186924,0.858,1.167
search,lower,5,reverse,81.3029,1203.353,970,rolling,1596.322,1287,1596.734,4.225,0,0,1783746772.083272457,0.523520,-0.095572,0.818685,-0.227418,,,0.286140,-0.233453,0.186924,0.853,1.183
search,lower,5,reverse,81.3246,1203.353,970,rolling,1596.322,1287,1596.734,4.225,0,0,1783746772.083272457,0.523520,-0.095572,0.818685,-0.227418,,,0.286140,-0.233453,0.186924,0.853,1.183
search,lower,5,reverse,81.3467,1203.353,970,rolling,1596.545,1288,1596.701,4.193,1,17,1783746772.185971260,0.510118,-0.105503,0.838292,-0.210432,-0.0163779,0.0196069,0.302518,-0.249831,0.206531,0.853,1.183
search,lower,5,reverse,81.3487,1203.353,970,rolling,1596.545,1288,1596.701,4.193,0,0,1783746772.185971260,0.510118,-0.105503,0.838292,-0.210432,,,0.302518,-0.249831,0.206531,0.853,1.183
search,lower,5,reverse,81.3703,1203.353,970,rolling,1596.545,1288,1596.701,4.193,0,0,1783746772.185971260,0.510118,-0.105503,0.838292,-0.210432,,,0.302518,-0.249831,0.206531,0.853,1.183
search,lower,5,reverse,81.3918,1203.353,970,rolling,1596.545,1288,1596.701,4.193,0,0,1783746772.185971260,0.510118,-0.105503,0.838292,-0.210432,,,0.302518,-0.249831,0.206531,0.853,1.183
search,lower,5,reverse,81.4133,1203.353,970,rolling,1596.545,1288,1596.701,4.193,0,0,1783746772.185971260,0.510118,-0.105503,0.838292,-0.210432,,,0.302518,-0.249831,0.206531,0.830,1.196
search,lower,5,reverse,81.4220,1203.353,970,rolling,1596.729,1288,1596.706,4.197,1,18,1783746772.286707401,0.505350,-0.123151,0.854772,-0.198468,-0.0163771,0.0164801,0.318895,-0.266208,0.223011,0.830,1.196
search,lower,5,reverse,81.4409,1203.353,970,rolling,1596.729,1288,1596.706,4.197,0,0,1783746772.286707401,0.505350,-0.123151,0.854772,-0.198468,,,0.318895,-0.266208,0.223011,0.830,1.196
search,lower,5,reverse,81.4625,1203.353,970,rolling,1596.729,1288,1596.706,4.197,0,0,1783746772.286707401,0.505350,-0.123151,0.854772,-0.198468,,,0.318895,-0.266208,0.223011,0.830,1.196
search,lower,5,reverse,81.4840,1203.353,970,rolling,1596.729,1288,1596.706,4.197,0,0,1783746772.286707401,0.505350,-0.123151,0.854772,-0.198468,,,0.318895,-0.266208,0.223011,0.830,1.196
search,lower,5,reverse,81.5055,1203.353,970,rolling,1596.729,1288,1596.706,4.197,0,0,1783746772.286707401,0.505350,-0.123151,0.854772,-0.198468,,,0.318895,-0.266208,0.223011,0.816,1.209
search,lower,5,reverse,81.5225,1203.353,970,rolling,1596.595,1288,1596.688,4.179,1,19,1783746772.384144545,0.491151,-0.140409,0.868231,-0.206179,-0.0223437,0.0134589,0.341239,-0.288552,0.236470,0.816,1.209
search,lower,5,reverse,81.5412,1203.353,970,rolling,1596.595,1288,1596.688,4.179,0,0,1783746772.384144545,0.491151,-0.140409,0.868231,-0.206179,,,0.341239,-0.288552,0.236470,0.816,1.209
search,lower,5,reverse,81.5628,1203.353,970,rolling,1596.595,1288,1596.688,4.179,0,0,1783746772.384144545,0.491151,-0.140409,0.868231,-0.206179,,,0.341239,-0.288552,0.236470,0.816,1.209
search,lower,5,reverse,81.5843,1203.353,970,rolling,1596.595,1288,1596.688,4.179,0,0,1783746772.384144545,0.491151,-0.140409,0.868231,-0.206179,,,0.341239,-0.288552,0.236470,0.816,1.209
search,lower,5,reverse,81.6058,1203.353,970,rolling,1596.595,1288,1596.688,4.179,0,0,1783746772.384144545,0.491151,-0.140409,0.868231,-0.206179,,,0.341239,-0.288552,0.236470,0.808,1.224
search,lower,5,reverse,81.6228,1203.353,970,rolling,1596.488,1287,1596.654,4.146,1,20,1783746772.484704256,0.476364,-0.157664,0.882433,-0.211123,-0.0227219,0.0142024,0.363961,-0.311274,0.250672,0.808,1.224
search,lower,5,reverse,81.6372,1203.353,970,rolling,1596.488,1287,1596.654,4.146,0,0,1783746772.484704256,0.476364,-0.157664,0.882433,-0.211123,,,0.363961,-0.311274,0.250672,0.808,1.224
search,lower,5,reverse,81.6588,1203.353,970,rolling,1596.488,1287,1596.654,4.146,0,0,1783746772.484704256,0.476364,-0.157664,0.882433,-0.211123,,,0.363961,-0.311274,0.250672,0.808,1.224
search,lower,5,reverse,81.6806,1203.353,970,rolling,1596.488,1287,1596.654,4.146,0,0,1783746772.484704256,0.476364,-0.157664,0.882433,-0.211123,,,0.363961,-0.311274,0.250672,0.808,1.224
search,lower,5,reverse,81.7022,1203.353,970,rolling,1596.488,1287,1596.654,4.146,0,0,1783746772.484704256,0.476364,-0.157664,0.882433,-0.211123,,,0.363961,-0.311274,0.250672,0.803,1.238
search,lower,5,reverse,81.7206,1203.353,970,rolling,1596.596,1288,1596.645,4.136,1,21,1783746772.584932804,0.463072,-0.170045,0.895214,-0.203216,-0.0179905,0.0127812,0.381951,-0.329264,0.263453,0.803,1.238
search,lower,5,reverse,81.7387,1203.353,970,rolling,1596.596,1288,1596.645,4.136,0,0,1783746772.584932804,0.463072,-0.170045,0.895214,-0.203216,,,0.381951,-0.329264,0.263453,0.803,1.238
search,lower,5,reverse,81.7603,1203.353,970,rolling,1596.596,1288,1596.645,4.136,0,0,1783746772.584932804,0.463072,-0.170045,0.895214,-0.203216,,,0.381951,-0.329264,0.263453,0.803,1.238
search,lower,5,reverse,81.7820,1203.353,970,rolling,1596.596,1288,1596.645,4.136,0,0,1783746772.584932804,0.463072,-0.170045,0.895214,-0.203216,,,0.381951,-0.329264,0.263453,0.803,1.238
search,lower,5,reverse,81.8036,1203.353,970,rolling,1596.596,1288,1596.645,4.136,0,0,1783746772.584932804,0.463072,-0.170045,0.895214,-0.203216,,,0.381951,-0.329264,0.263453,0.791,1.255
search,lower,5,reverse,81.8215,1203.353,970,rolling,1596.643,1288,1596.644,4.136,1,22,1783746772.682703018,0.453535,-0.186289,0.909103,-0.200122,-0.0186583,0.0138887,0.400610,-0.347923,0.277342,0.791,1.255
search,lower,5,reverse,81.8428,1203.353,970,rolling,1596.643,1288,1596.644,4.136,0,0,1783746772.682703018,0.453535,-0.186289,0.909103,-0.200122,,,0.400610,-0.347923,0.277342,0.791,1.255
search,lower,5,reverse,81.8644,1203.353,970,rolling,1596.643,1288,1596.644,4.136,0,0,1783746772.682703018,0.453535,-0.186289,0.909103,-0.200122,,,0.400610,-0.347923,0.277342,0.791,1.255
search,lower,5,reverse,81.8859,1203.353,970,rolling,1596.643,1288,1596.644,4.136,0,0,1783746772.682703018,0.453535,-0.186289,0.909103,-0.200122,,,0.400610,-0.347923,0.277342,0.791,1.255
search,lower,5,reverse,81.9075,1203.353,970,rolling,1596.643,1288,1596.644,4.136,0,0,1783746772.682703018,0.453535,-0.186289,0.909103,-0.200122,,,0.400610,-0.347923,0.277342,0.775,1.270
search,lower,5,reverse,81.9221,1203.353,970,rolling,1596.577,1288,1596.633,4.124,1,23,1783746772.783525944,0.437718,-0.201418,0.923848,-0.203726,-0.0216306,0.0147446,0.422240,-0.369553,0.292086,0.775,1.270
search,lower,5,reverse,81.9358,1203.353,970,rolling,1596.577,1288,1596.633,4.124,0,0,1783746772.783525944,0.437718,-0.201418,0.923848,-0.203726,,,0.422240,-0.369553,0.292086,0.775,1.270
search,lower,5,reverse,81.9574,1203.353,970,rolling,1596.577,1288,1596.633,4.124,0,0,1783746772.783525944,0.437718,-0.201418,0.923848,-0.203726,,,0.422240,-0.369553,0.292086,0.775,1.270
search,lower,5,reverse,81.9790,1203.353,970,rolling,1596.577,1288,1596.633,4.124,0,0,1783746772.783525944,0.437718,-0.201418,0.923848,-0.203726,,,0.422240,-0.369553,0.292086,0.775,1.270
search,lower,5,reverse,82.0005,1203.353,970,rolling,1596.577,1288,1596.633,4.124,0,0,1783746772.783525944,0.437718,-0.201418,0.923848,-0.203726,,,0.422240,-0.369553,0.292086,0.755,1.293
search,lower,5,reverse,82.0194,1203.353,970,rolling,1596.395,1287,1596.593,4.085,1,24,1783746772.883773327,0.425588,-0.222580,0.939971,-0.213198,-0.0242209,0.0161237,0.446461,-0.393774,0.308210,0.755,1.293
search,lower,5,reverse,82.0355,1203.353,970,rolling,1596.395,1287,1596.593,4.085,0,0,1783746772.883773327,0.425588,-0.222580,0.939971,-0.213198,,,0.446461,-0.393774,0.308210,0.755,1.293
search,lower,5,reverse,82.0572,1203.353,970,rolling,1596.395,1287,1596.593,4.085,0,0,1783746772.883773327,0.425588,-0.222580,0.939971,-0.213198,,,0.446461,-0.393774,0.308210,0.755,1.293
search,lower,5,reverse,82.0787,1203.353,970,rolling,1596.395,1287,1596.593,4.085,0,0,1783746772.883773327,0.425588,-0.222580,0.939971,-0.213198,,,0.446461,-0.393774,0.308210,0.755,1.293
search,lower,5,reverse,82.1002,1203.353,970,rolling,1596.395,1287,1596.593,4.085,0,0,1783746772.883773327,0.425588,-0.222580,0.939971,-0.213198,,,0.446461,-0.393774,0.308210,0.748,1.309
search,lower,5,reverse,82.1200,1203.353,970,rolling,1596.208,1287,1596.530,4.022,1,25,1783746772.981558084,0.413822,-0.243778,0.958623,-0.221475,-0.0240850,0.0186520,0.470546,-0.417859,0.326862,0.748,1.309
search,lower,5,reverse,82.1415,1203.353,970,rolling,1596.208,1287,1596.530,4.022,0,0,1783746772.981558084,0.413822,-0.243778,0.958623,-0.221475,,,0.470546,-0.417859,0.326862,0.748,1.309
search,lower,5,reverse,82.1633,1203.353,970,rolling,1596.208,1287,1596.530,4.022,0,0,1783746772.981558084,0.413822,-0.243778,0.958623,-0.221475,,,0.470546,-0.417859,0.326862,0.748,1.309
search,lower,5,reverse,82.1855,1203.353,970,rolling,1596.208,1287,1596.530,4.022,0,0,1783746772.981558084,0.413822,-0.243778,0.958623,-0.221475,,,0.470546,-0.417859,0.326862,0.748,1.309
search,lower,5,reverse,82.2077,1203.353,970,rolling,1596.208,1287,1596.530,4.022,0,0,1783746772.981558084,0.413822,-0.243778,0.958623,-0.221475,,,0.470546,-0.417859,0.326862,0.732,1.328
search,lower,5,reverse,82.2204,1203.353,970,rolling,1596.126,1287,1596.463,3.954,1,26,1783746773.082134008,0.401307,-0.262675,0.977101,-0.222436,-0.0226617,0.0184774,0.493208,-0.440521,0.345340,0.732,1.328
search,lower,5,reverse,82.2329,1203.353,970,rolling,1596.126,1287,1596.463,3.954,0,0,1783746773.082134008,0.401307,-0.262675,0.977101,-0.222436,,,0.493208,-0.440521,0.345340,0.732,1.328
search,lower,5,reverse,82.2548,1203.353,970,rolling,1596.126,1287,1596.463,3.954,0,0,1783746773.082134008,0.401307,-0.262675,0.977101,-0.222436,,,0.493208,-0.440521,0.345340,0.732,1.328
search,lower,5,reverse,82.2765,1203.353,970,rolling,1596.126,1287,1596.463,3.954,0,0,1783746773.082134008,0.401307,-0.262675,0.977101,-0.222436,,,0.493208,-0.440521,0.345340,0.732,1.328
search,lower,5,reverse,82.2980,1203.353,970,rolling,1596.126,1287,1596.463,3.954,0,0,1783746773.082134008,0.401307,-0.262675,0.977101,-0.222436,,,0.493208,-0.440521,0.345340,0.720,1.347
search,lower,5,reverse,82.3186,1203.353,970,rolling,1596.152,1287,1596.411,3.902,1,27,1783746773.182520866,0.391659,-0.280576,0.996368,-0.217267,-0.0202540,0.0192670,0.513462,-0.460775,0.364607,0.720,1.347
search,lower,5,reverse,82.3271,1203.353,970,rolling,1596.152,1287,1596.411,3.902,0,0,1783746773.182520866,0.391659,-0.280576,0.996368,-0.217267,,,0.513462,-0.460775,0.364607,0.720,1.347
search,lower,5,reverse,82.3487,1203.353,970,rolling,1596.152,1287,1596.411,3.902,0,0,1783746773.182520866,0.391659,-0.280576,0.996368,-0.217267,,,0.513462,-0.460775,0.364607,0.720,1.347
search,lower,5,reverse,82.3703,1203.353,970,rolling,1596.152,1287,1596.411,3.902,0,0,1783746773.182520866,0.391659,-0.280576,0.996368,-0.217267,,,0.513462,-0.460775,0.364607,0.720,1.347
search,lower,5,reverse,82.3917,1203.353,970,rolling,1596.152,1287,1596.411,3.902,0,0,1783746773.182520866,0.391659,-0.280576,0.996368,-0.217267,,,0.513462,-0.460775,0.364607,0.720,1.347
search,lower,5,reverse,82.4132,1203.353,970,rolling,1596.152,1287,1596.411,3.902,0,0,1783746773.182520866,0.391659,-0.280576,0.996368,-0.217267,,,0.513462,-0.460775,0.364607,0.717,1.362
search,lower,5,reverse,82.4187,1203.353,970,rolling,1596.389,1287,1596.407,3.898,1,28,1783746773.280390501,0.382977,-0.292793,1.013273,-0.201185,-0.0149682,0.0169051,0.528430,-0.475743,0.381512,0.717,1.362
search,lower,5,reverse,82.4326,1203.353,970,rolling,1596.389,1287,1596.407,3.898,0,0,1783746773.280390501,0.382977,-0.292793,1.013273,-0.201185,,,0.528430,-0.475743,0.381512,0.717,1.362
search,lower,5,reverse,82.4542,1203.353,970,rolling,1596.389,1287,1596.407,3.898,0,0,1783746773.280390501,0.382977,-0.292793,1.013273,-0.201185,,,0.528430,-0.475743,0.381512,0.717,1.362
search,lower,5,reverse,82.4757,1203.353,970,rolling,1596.389,1287,1596.407,3.898,0,0,1783746773.280390501,0.382977,-0.292793,1.013273,-0.201185,,,0.528430,-0.475743,0.381512,0.717,1.362
search,lower,5,reverse,82.4972,1203.353,970,rolling,1596.389,1287,1596.407,3.898,0,0,1783746773.280390501,0.382977,-0.292793,1.013273,-0.201185,,,0.528430,-0.475743,0.381512,0.706,1.373
search,lower,5,reverse,82.5189,1203.353,970,rolling,1596.542,1288,1596.430,3.921,1,29,1783746773.380863667,0.374792,-0.307397,1.029698,-0.192513,-0.0167284,0.0164256,0.545159,-0.492471,0.397937,0.706,1.373
search,lower,5,reverse,82.5314,1203.353,970,rolling,1596.542,1288,1596.430,3.921,0,0,1783746773.380863667,0.374792,-0.307397,1.029698,-0.192513,,,0.545159,-0.492471,0.397937,0.706,1.373
search,lower,5,reverse,82.5531,1203.353,970,rolling,1596.542,1288,1596.430,3.921,0,0,1783746773.380863667,0.374792,-0.307397,1.029698,-0.192513,,,0.545159,-0.492471,0.397937,0.706,1.373
search,lower,5,reverse,82.5749,1203.353,970,rolling,1596.542,1288,1596.430,3.921,0,0,1783746773.380863667,0.374792,-0.307397,1.029698,-0.192513,,,0.545159,-0.492471,0.397937,0.706,1.373
search,lower,5,reverse,82.5964,1203.353,970,rolling,1596.542,1288,1596.430,3.921,0,0,1783746773.380863667,0.374792,-0.307397,1.029698,-0.192513,,,0.545159,-0.492471,0.397937,0.706,1.373
search,lower,5,reverse,82.6180,1203.353,970,rolling,1596.542,1288,1596.430,3.921,0,0,1783746773.380863667,0.374792,-0.307397,1.029698,-0.192513,,,0.545159,-0.492471,0.397937,0.692,1.388
search,lower,5,reverse,82.6206,1203.353,970,rolling,1596.542,1288,1596.430,3.921,0,0,1783746773.380863667,0.374792,-0.307397,1.029698,-0.192513,,,0.545159,-0.492471,0.397937,0.692,1.388
search,lower,5,reverse,82.6425,1203.353,970,rolling,1596.895,1288,1596.507,3.999,1,30,1783746773.481104374,0.368305,-0.317436,1.034053,-0.174176,-0.0119452,0.0043551,0.557104,-0.504417,0.402292,0.692,1.388
search,lower,5,reverse,82.6496,1203.353,970,rolling,1596.895,1288,1596.507,3.999,0,0,1783746773.481104374,0.368305,-0.317436,1.034053,-0.174176,,,0.557104,-0.504417,0.402292,0.692,1.388
search,lower,5,reverse,82.6712,1203.353,970,rolling,1596.895,1288,1596.507,3.999,0,0,1783746773.481104374,0.368305,-0.317436,1.034053,-0.174176,,,0.557104,-0.504417,0.402292,0.692,1.388
search,lower,5,reverse,82.6927,1203.353,970,rolling,1596.895,1288,1596.507,3.999,0,0,1783746773.481104374,0.368305,-0.317436,1.034053,-0.174176,,,0.557104,-0.504417,0.402292,0.692,1.388
search,lower,5,reverse,82.7143,1203.353,970,rolling,1596.895,1288,1596.507,3.999,0,0,1783746773.481104374,0.368305,-0.317436,1.034053,-0.174176,,,0.557104,-0.504417,0.402292,0.692,1.405
search,lower,5,reverse,82.7173,1203.353,970,rolling,1596.921,1288,1596.576,4.068,1,31,1783746773.581144333,0.362236,-0.335412,1.045144,-0.177046,-0.0185732,0.0110910,0.575677,-0.522990,0.413383,0.692,1.405
search,lower,5,reverse,82.7365,1203.353,970,rolling,1596.921,1288,1596.576,4.068,0,0,1783746773.581144333,0.362236,-0.335412,1.045144,-0.177046,,,0.575677,-0.522990,0.413383,0.692,1.405
search,lower,5,reverse,82.7582,1203.353,970,rolling,1596.921,1288,1596.576,4.068,0,0,1783746773.581144333,0.362236,-0.335412,1.045144,-0.177046,,,0.575677,-0.522990,0.413383,0.692,1.405
search,lower,5,reverse,82.7797,1203.353,970,rolling,1596.921,1288,1596.576,4.068,0,0,1783746773.581144333,0.362236,-0.335412,1.045144,-0.177046,,,0.575677,-0.522990,0.413383,0.692,1.405
search,lower,5,reverse,82.8013,1203.353,970,rolling,1596.921,1288,1596.576,4.068,0,0,1783746773.581144333,0.362236,-0.335412,1.045144,-0.177046,,,0.575677,-0.522990,0.413383,0.679,1.426
search,lower,5,reverse,82.8177,1203.353,970,rolling,1596.921,1288,1596.576,4.068,0,0,1783746773.581144333,0.362236,-0.335412,1.045144,-0.177046,,,0.575677,-0.522990,0.413383,0.679,1.426
search,lower,5,reverse,82.8398,1203.353,970,rolling,1596.691,1288,1596.595,4.086,1,32,1783746773.679461479,0.346815,-0.354144,1.059003,-0.193592,-0.0239135,0.0138590,0.599590,-0.546903,0.427242,0.679,1.426
search,lower,5,reverse,82.8416,1203.353,970,rolling,1596.691,1288,1596.595,4.086,0,0,1783746773.679461479,0.346815,-0.354144,1.059003,-0.193592,,,0.599590,-0.546903,0.427242,0.679,1.426
search,lower,5,reverse,82.8631,1203.353,970,rolling,1596.691,1288,1596.595,4.086,0,0,1783746773.679461479,0.346815,-0.354144,1.059003,-0.193592,,,0.599590,-0.546903,0.427242,0.679,1.426
search,lower,5,reverse,82.8846,1203.353,970,rolling,1596.691,1288,1596.595,4.086,0,0,1783746773.679461479,0.346815,-0.354144,1.059003,-0.193592,,,0.599590,-0.546903,0.427242,0.679,1.426
search,lower,5,reverse,82.9062,1203.353,970,rolling,1596.691,1288,1596.595,4.086,0,0,1783746773.679461479,0.346815,-0.354144,1.059003,-0.193592,,,0.599590,-0.546903,0.427242,0.661,1.444
search,lower,5,reverse,82.9179,1203.353,970,rolling,1596.838,1288,1596.636,4.127,1,33,1783746773.779817820,0.341055,-0.369914,1.076996,-0.186531,-0.0165938,0.0179922,0.616184,-0.563497,0.445234,0.661,1.444
search,lower,5,reverse,82.9328,1203.353,970,rolling,1596.838,1288,1596.636,4.127,0,0,1783746773.779817820,0.341055,-0.369914,1.076996,-0.186531,,,0.616184,-0.563497,0.445234,0.661,1.444
search,lower,5,reverse,82.9545,1203.353,970,rolling,1596.838,1288,1596.636,4.127,0,0,1783746773.779817820,0.341055,-0.369914,1.076996,-0.186531,,,0.616184,-0.563497,0.445234,0.661,1.444
search,lower,5,reverse,82.9761,1203.353,970,rolling,1596.838,1288,1596.636,4.127,0,0,1783746773.779817820,0.341055,-0.369914,1.076996,-0.186531,,,0.616184,-0.563497,0.445234,0.661,1.444
search,lower,5,reverse,82.9976,1203.353,970,rolling,1596.838,1288,1596.636,4.127,0,0,1783746773.779817820,0.341055,-0.369914,1.076996,-0.186531,,,0.616184,-0.563497,0.445234,0.651,1.462
search,lower,5,reverse,83.0157,1203.353,970,rolling,1596.882,1288,1596.677,4.168,1,34,1783746773.879848480,0.334098,-0.387255,1.095478,-0.186347,-0.0185853,0.0184822,0.634769,-0.582082,0.463717,0.651,1.462
search,lower,5,reverse,83.0306,1203.353,970,rolling,1596.882,1288,1596.677,4.168,0,0,1783746773.879848480,0.334098,-0.387255,1.095478,-0.186347,,,0.634769,-0.582082,0.463717,0.651,1.462
search,lower,5,reverse,83.0524,1203.353,970,rolling,1596.882,1288,1596.677,4.168,0,0,1783746773.879848480,0.334098,-0.387255,1.095478,-0.186347,,,0.634769,-0.582082,0.463717,0.651,1.462
search,lower,5,reverse,83.0739,1203.353,970,rolling,1596.882,1288,1596.677,4.168,0,0,1783746773.879848480,0.334098,-0.387255,1.095478,-0.186347,,,0.634769,-0.582082,0.463717,0.651,1.462
search,lower,5,reverse,83.0955,1203.353,970,rolling,1596.882,1288,1596.677,4.168,0,0,1783746773.879848480,0.334098,-0.387255,1.095478,-0.186347,,,0.634769,-0.582082,0.463717,0.645,1.475
search,lower,5,reverse,83.1162,1203.353,970,rolling,1596.863,1288,1596.707,4.198,1,35,1783746773.977827311,0.329044,-0.406596,1.112669,-0.189635,-0.0195464,0.0171912,0.654316,-0.601629,0.480908,0.645,1.475
search,lower,5,reverse,83.1283,1203.353,970,rolling,1596.863,1288,1596.707,4.198,0,0,1783746773.977827311,0.329044,-0.406596,1.112669,-0.189635,,,0.654316,-0.601629,0.480908,0.645,1.475
search,lower,5,reverse,83.1499,1203.353,970,rolling,1596.863,1288,1596.707,4.198,0,0,1783746773.977827311,0.329044,-0.406596,1.112669,-0.189635,,,0.654316,-0.601629,0.480908,0.645,1.475
search,lower,5,reverse,83.1714,1203.353,970,rolling,1596.863,1288,1596.707,4.198,0,0,1783746773.977827311,0.329044,-0.406596,1.112669,-0.189635,,,0.654316,-0.601629,0.480908,0.645,1.475
search,lower,5,reverse,83.1929,1203.353,970,rolling,1596.863,1288,1596.707,4.198,0,0,1783746773.977827311,0.329044,-0.406596,1.112669,-0.189635,,,0.654316,-0.601629,0.480908,0.645,1.475
search,lower,5,reverse,83.2145,1203.353,970,rolling,1596.863,1288,1596.707,4.198,0,0,1783746773.977827311,0.329044,-0.406596,1.112669,-0.189635,,,0.654316,-0.601629,0.480908,0.635,1.488
search,lower,5,reverse,83.2170,1203.353,970,rolling,1596.985,1288,1596.754,4.245,1,36,1783746774.078137398,0.319376,-0.420799,1.125155,-0.184593,-0.0169995,0.0124855,0.671315,-0.618628,0.493393,0.635,1.488
search,lower,5,reverse,83.2352,1203.353,970,rolling,1596.985,1288,1596.754,4.245,0,0,1783746774.078137398,0.319376,-0.420799,1.125155,-0.184593,,,0.671315,-0.618628,0.493393,0.635,1.488
search,lower,5,reverse,83.2568,1203.353,970,rolling,1596.985,1288,1596.754,4.245,0,0,1783746774.078137398,0.319376,-0.420799,1.125155,-0.184593,,,0.671315,-0.618628,0.493393,0.635,1.488
search,lower,5,reverse,83.2783,1203.353,970,rolling,1596.985,1288,1596.754,4.245,0,0,1783746774.078137398,0.319376,-0.420799,1.125155,-0.184593,,,0.671315,-0.618628,0.493393,0.635,1.488
search,lower,5,reverse,83.2998,1203.353,970,rolling,1596.985,1288,1596.754,4.245,0,0,1783746774.078137398,0.319376,-0.420799,1.125155,-0.184593,,,0.671315,-0.618628,0.493393,0.623,1.372
search,lower,5,reverse,83.3144,1203.353,970,rolling,1597.441,1288,1596.869,4.360,1,37,1783746774.178634405,0.313368,-0.428362,1.136582,-0.161833,-0.0094017,0.0114279,0.680717,-0.628030,0.504821,0.623,1.372
search,lower,5,reverse,83.3293,1203.353,970,rolling,1597.441,1288,1596.869,4.360,0,0,1783746774.178634405,0.313368,-0.428362,1.136582,-0.161833,,,0.680717,-0.628030,0.504821,0.623,1.372
search,lower,5,reverse,83.3509,1203.353,970,rolling,1597.441,1288,1596.869,4.360,0,0,1783746774.178634405,0.313368,-0.428362,1.136582,-0.161833,,,0.680717,-0.628030,0.504821,0.623,1.372
search,lower,5,reverse,83.3724,1203.353,970,rolling,1597.441,1288,1596.869,4.360,0,0,1783746774.178634405,0.313368,-0.428362,1.136582,-0.161833,,,0.680717,-0.628030,0.504821,0.623,1.372
search,lower,5,reverse,83.3939,1203.353,970,rolling,1597.441,1288,1596.869,4.360,0,0,1783746774.178634405,0.313368,-0.428362,1.136582,-0.161833,,,0.680717,-0.628030,0.504821,0.612,1.383
search,lower,5,reverse,83.4146,1203.353,970,rolling,1597.670,1288,1597.000,4.491,1,38,1783746774.276561260,0.307587,-0.440352,1.147827,-0.155348,-0.0133076,0.0112442,0.694025,-0.641338,0.516065,0.612,1.383
search,lower,5,reverse,83.4299,1203.353,970,rolling,1597.670,1288,1597.000,4.491,0,0,1783746774.276561260,0.307587,-0.440352,1.147827,-0.155348,,,0.694025,-0.641338,0.516065,0.612,1.383
search,lower,5,reverse,83.4515,1203.353,970,rolling,1597.670,1288,1597.000,4.491,0,0,1783746774.276561260,0.307587,-0.440352,1.147827,-0.155348,,,0.694025,-0.641338,0.516065,0.612,1.383
search,lower,5,reverse,83.4730,1203.353,970,rolling,1597.670,1288,1597.000,4.491,0,0,1783746774.276561260,0.307587,-0.440352,1.147827,-0.155348,,,0.694025,-0.641338,0.516065,0.612,1.383
search,lower,5,reverse,83.4945,1203.353,970,rolling,1597.670,1288,1597.000,4.491,0,0,1783746774.276561260,0.307587,-0.440352,1.147827,-0.155348,,,0.694025,-0.641338,0.516065,0.598,1.538
search,lower,5,reverse,83.5154,1203.353,970,rolling,1597.527,1288,1597.088,4.579,1,39,1783746774.376758575,0.297833,-0.459794,1.160310,-0.170720,-0.0217263,0.0124829,0.715751,-0.663064,0.528548,0.598,1.538
search,lower,5,reverse,83.5325,1203.353,970,rolling,1597.527,1288,1597.088,4.579,0,0,1783746774.376758575,0.297833,-0.459794,1.160310,-0.170720,,,0.715751,-0.663064,0.528548,0.598,1.538
search,lower,5,reverse,83.5541,1203.353,970,rolling,1597.527,1288,1597.088,4.579,0,0,1783746774.376758575,0.297833,-0.459794,1.160310,-0.170720,,,0.715751,-0.663064,0.528548,0.598,1.538
search,lower,5,reverse,83.5757,1203.353,970,rolling,1597.527,1288,1597.088,4.579,0,0,1783746774.376758575,0.297833,-0.459794,1.160310,-0.170720,,,0.715751,-0.663064,0.528548,0.598,1.538
search,lower,5,reverse,83.5972,1203.353,970,rolling,1597.527,1288,1597.088,4.579,0,0,1783746774.376758575,0.297833,-0.459794,1.160310,-0.170720,,,0.715751,-0.663064,0.528548,0.584,1.426
search,lower,5,reverse,83.6156,1203.353,970,rolling,1597.542,1288,1597.164,4.655,1,40,1783746774.477337122,0.288699,-0.476357,1.176656,-0.174813,-0.0188173,0.0163461,0.734568,-0.681881,0.544894,0.584,1.426
search,lower,5,reverse,83.6319,1203.353,970,rolling,1597.542,1288,1597.164,4.655,0,0,1783746774.477337122,0.288699,-0.476357,1.176656,-0.174813,,,0.734568,-0.681881,0.544894,0.584,1.426
search,lower,5,reverse,83.6535,1203.353,970,rolling,1597.542,1288,1597.164,4.655,0,0,1783746774.477337122,0.288699,-0.476357,1.176656,-0.174813,,,0.734568,-0.681881,0.544894,0.584,1.426
search,lower,5,reverse,83.6750,1203.353,970,rolling,1597.542,1288,1597.164,4.655,0,0,1783746774.477337122,0.288699,-0.476357,1.176656,-0.174813,,,0.734568,-0.681881,0.544894,0.584,1.426
search,lower,5,reverse,83.6965,1203.353,970,rolling,1597.542,1288,1597.164,4.655,0,0,1783746774.477337122,0.288699,-0.476357,1.176656,-0.174813,,,0.734568,-0.681881,0.544894,0.572,1.434
search,lower,5,reverse,83.7163,1203.353,970,rolling,1597.461,1288,1597.214,4.705,1,41,1783746774.577766657,0.281351,-0.496099,1.193685,-0.183523,-0.0210556,0.0170291,0.755624,-0.702937,0.561923,0.572,1.434
search,lower,5,reverse,83.7319,1203.353,970,rolling,1597.461,1288,1597.214,4.705,0,0,1783746774.577766657,0.281351,-0.496099,1.193685,-0.183523,,,0.755624,-0.702937,0.561923,0.572,1.434
search,lower,5,reverse,83.7537,1203.353,970,rolling,1597.461,1288,1597.214,4.705,0,0,1783746774.577766657,0.281351,-0.496099,1.193685,-0.183523,,,0.755624,-0.702937,0.561923,0.572,1.434
search,lower,5,reverse,83.7757,1203.353,970,rolling,1597.461,1288,1597.214,4.705,0,0,1783746774.577766657,0.281351,-0.496099,1.193685,-0.183523,,,0.755624,-0.702937,0.561923,0.572,1.434
search,lower,5,reverse,83.7976,1203.353,970,rolling,1597.461,1288,1597.214,4.705,0,0,1783746774.577766657,0.281351,-0.496099,1.193685,-0.183523,,,0.755624,-0.702937,0.561923,0.558,1.452
search,lower,5,reverse,83.8166,1203.353,970,rolling,1597.267,1288,1597.222,4.714,1,42,1783746774.678349018,0.275891,-0.519609,1.213607,-0.197054,-0.0239031,0.0199226,0.779527,-0.726840,0.581846,0.558,1.452
search,lower,6,forward,86.0572,1157.611,934,startup,1418.544,1144,1414.544,-4.839,0,0,1783746776.876537800,0.259652,-0.564657,1.251515,-0.006984,,,0.000000,0.000000,0.000000,0.535,1.283
search,lower,6,forward,86.0789,1157.611,934,startup,1418.544,1144,1414.544,-4.839,0,0,1783746776.876537800,0.259652,-0.564657,1.251515,-0.006984,,,0.000000,0.000000,0.000000,0.535,1.283
search,lower,6,forward,86.1005,1157.611,934,startup,1418.544,1144,1414.544,-4.839,0,0,1783746776.876537800,0.259652,-0.564657,1.251515,-0.006984,,,0.000000,0.000000,0.000000,0.536,1.286
search,lower,6,forward,86.1153,1157.611,934,startup,1417.304,1143,1414.544,-4.839,1,1,1783746776.977218390,0.256112,-0.563015,1.251259,-0.004128,0.0004471,-0.0002565,0.000447,0.000000,0.000000,0.536,1.286
search,lower,6,forward,86.1289,1157.611,934,startup,1417.304,1143,1414.544,-4.839,0,0,1783746776.977218390,0.256112,-0.563015,1.251259,-0.004128,,,0.000447,0.000000,0.000000,0.536,1.286
search,lower,6,forward,86.1505,1157.611,934,startup,1417.304,1143,1414.544,-4.839,0,0,1783746776.977218390,0.256112,-0.563015,1.251259,-0.004128,,,0.000447,0.000000,0.000000,0.536,1.286
search,lower,6,forward,86.1720,1157.611,934,startup,1417.304,1143,1414.544,-4.839,0,0,1783746776.977218390,0.256112,-0.563015,1.251259,-0.004128,,,0.000447,0.000000,0.000000,0.536,1.286
search,lower,6,forward,86.1935,1157.611,934,startup,1417.304,1143,1414.544,-4.839,0,0,1783746776.977218390,0.256112,-0.563015,1.251259,-0.004128,,,0.000447,0.000000,0.000000,0.536,1.293
search,lower,6,forward,86.2134,1157.611,934,startup,1416.064,1142,1414.544,-4.839,1,2,1783746777.077332258,0.257014,-0.560671,1.249149,0.003170,0.0025091,-0.0021103,0.002956,0.000000,0.000000,0.536,1.293
search,lower,6,forward,86.2306,1157.611,934,startup,1416.064,1142,1414.544,-4.839,0,0,1783746777.077332258,0.257014,-0.560671,1.249149,0.003170,,,0.002956,0.000000,0.000000,0.536,1.293
search,lower,6,forward,86.2523,1157.611,934,startup,1416.064,1142,1414.544,-4.839,0,0,1783746777.077332258,0.257014,-0.560671,1.249149,0.003170,,,0.002956,0.000000,0.000000,0.536,1.293
search,lower,6,forward,86.2739,1157.611,934,startup,1416.064,1142,1414.544,-4.839,0,0,1783746777.077332258,0.257014,-0.560671,1.249149,0.003170,,,0.002956,0.000000,0.000000,0.536,1.293
search,lower,6,forward,86.2954,1157.611,934,startup,1416.064,1142,1414.544,-4.839,0,0,1783746777.077332258,0.257014,-0.560671,1.249149,0.003170,,,0.002956,0.000000,0.000000,0.535,1.291
search,lower,6,forward,86.3141,1157.611,934,startup,1414.824,1141,1414.544,-4.839,1,3,1783746777.175389528,0.258617,-0.557955,1.247903,0.010240,0.0030838,-0.0012459,0.006040,0.000000,0.000000,0.535,1.291
search,lower,6,forward,86.3254,1157.611,934,startup,1414.824,1141,1414.544,-4.839,0,0,1783746777.175389528,0.258617,-0.557955,1.247903,0.010240,,,0.006040,0.000000,0.000000,0.535,1.291
search,lower,6,forward,86.3472,1157.611,934,startup,1414.824,1141,1414.544,-4.839,0,0,1783746777.175389528,0.258617,-0.557955,1.247903,0.010240,,,0.006040,0.000000,0.000000,0.535,1.291
search,lower,6,forward,86.3691,1157.611,934,startup,1414.824,1141,1414.544,-4.839,0,0,1783746777.175389528,0.258617,-0.557955,1.247903,0.010240,,,0.006040,0.000000,0.000000,0.535,1.291
search,lower,6,forward,86.3908,1157.611,934,startup,1414.824,1141,1414.544,-4.839,0,0,1783746777.175389528,0.258617,-0.557955,1.247903,0.010240,,,0.006040,0.000000,0.000000,0.535,1.291
search,lower,6,forward,86.4124,1157.611,934,startup,1414.824,1141,1414.544,-4.839,0,0,1783746777.175389528,0.258617,-0.557955,1.247903,0.010240,,,0.006040,0.000000,0.000000,0.539,1.299
search,lower,6,forward,86.4149,1157.611,934,startup,1414.824,1141,1414.544,-4.839,0,0,1783746777.175389528,0.258617,-0.557955,1.247903,0.010240,,,0.006040,0.000000,0.000000,0.539,1.299
search,lower,6,forward,86.4367,1157.611,934,startup,1413.584,1140,1414.544,-4.839,1,4,1783746777.276101351,0.256164,-0.558055,1.248130,0.005512,-0.0008731,0.0002273,0.006913,0.000000,0.000000,0.539,1.299
search,lower,6,forward,86.4418,1157.611,934,startup,1413.584,1140,1414.544,-4.839,0,0,1783746777.276101351,0.256164,-0.558055,1.248130,0.005512,,,0.006913,0.000000,0.000000,0.539,1.299
search,lower,6,forward,86.4634,1157.611,934,startup,1413.584,1140,1414.544,-4.839,0,0,1783746777.276101351,0.256164,-0.558055,1.248130,0.005512,,,0.006913,0.000000,0.000000,0.539,1.299
search,lower,6,forward,86.4849,1157.611,934,startup,1413.584,1140,1414.544,-4.839,0,0,1783746777.276101351,0.256164,-0.558055,1.248130,0.005512,,,0.006913,0.000000,0.000000,0.539,1.299
search,lower,6,forward,86.5064,1157.611,934,startup,1413.584,1140,1414.544,-4.839,0,0,1783746777.276101351,0.256164,-0.558055,1.248130,0.005512,,,0.006913,0.000000,0.000000,0.544,1.280
search,lower,6,forward,86.5119,1157.611,934,startup,1410.484,1137,1414.544,-4.839,1,5,1783746777.376245499,0.256358,-0.556558,1.247691,0.007832,0.0014811,-0.0004391,0.008394,0.000000,0.000000,0.544,1.280
search,lower,6,forward,86.5257,1157.611,934,startup,1410.484,1137,1414.544,-4.839,0,0,1783746777.376245499,0.256358,-0.556558,1.247691,0.007832,,,0.008394,0.000000,0.000000,0.544,1.280
search,lower,6,forward,86.5473,1157.611,934,startup,1410.484,1137,1414.544,-4.839,0,0,1783746777.376245499,0.256358,-0.556558,1.247691,0.007832,,,0.008394,0.000000,0.000000,0.544,1.280
search,lower,6,forward,86.5688,1157.611,934,startup,1410.484,1137,1414.544,-4.839,0,0,1783746777.376245499,0.256358,-0.556558,1.247691,0.007832,,,0.008394,0.000000,0.000000,0.544,1.280
search,lower,6,forward,86.5905,1157.611,934,startup,1410.484,1137,1414.544,-4.839,0,0,1783746777.376245499,0.256358,-0.556558,1.247691,0.007832,,,0.008394,0.000000,0.000000,0.548,1.286
search,lower,6,forward,86.6124,1157.611,934,startup,1407.384,1135,1414.544,-4.839,1,6,1783746777.474056244,0.260291,-0.542792,1.238300,0.042423,0.0142996,-0.0093911,0.022694,0.000000,0.000000,0.548,1.286
search,lower,6,forward,86.6330,1157.611,934,startup,1407.384,1135,1414.544,-4.839,0,0,1783746777.474056244,0.260291,-0.542792,1.238300,0.042423,,,0.022694,0.000000,0.000000,0.548,1.286
search,lower,6,forward,86.6546,1157.611,934,startup,1407.384,1135,1414.544,-4.839,0,0,1783746777.474056244,0.260291,-0.542792,1.238300,0.042423,,,0.022694,0.000000,0.000000,0.548,1.286
search,lower,6,forward,86.6761,1157.611,934,startup,1407.384,1135,1414.544,-4.839,0,0,1783746777.474056244,0.260291,-0.542792,1.238300,0.042423,,,0.022694,0.000000,0.000000,0.548,1.286
search,lower,6,forward,86.6977,1157.611,934,startup,1407.384,1135,1414.544,-4.839,0,0,1783746777.474056244,0.260291,-0.542792,1.238300,0.042423,,,0.022694,0.000000,0.000000,0.555,1.581
search,lower,6,forward,86.7131,1157.611,934,rolling,1414.544,1141,1414.544,-4.839,1,7,1783746777.574444294,0.264649,-0.527819,1.224821,0.070592,0.0155700,-0.0134785,0.038264,0.000000,0.000000,0.555,1.581
search,lower,6,forward,86.7279,1157.611,934,rolling,1414.544,1141,1414.544,-4.839,0,0,1783746777.574444294,0.264649,-0.527819,1.224821,0.070592,,,0.038264,0.000000,0.000000,0.555,1.581
search,lower,6,forward,86.7497,1157.611,934,rolling,1414.544,1141,1414.544,-4.839,0,0,1783746777.574444294,0.264649,-0.527819,1.224821,0.070592,,,0.038264,0.000000,0.000000,0.555,1.581
search,lower,6,forward,86.7713,1157.611,934,rolling,1414.544,1141,1414.544,-4.839,0,0,1783746777.574444294,0.264649,-0.527819,1.224821,0.070592,,,0.038264,0.000000,0.000000,0.555,1.581
search,lower,6,forward,86.7930,1157.611,934,rolling,1414.544,1141,1414.544,-4.839,0,0,1783746777.574444294,0.264649,-0.527819,1.224821,0.070592,,,0.038264,0.000000,0.000000,0.564,1.420
search,lower,6,forward,86.8133,1157.611,934,rolling,1412.711,1139,1414.304,-5.079,1,8,1783746777.674928427,0.276040,-0.503141,1.210134,0.120355,0.0270950,-0.0146869,0.065359,0.027095,-0.014687,0.564,1.420
search,lower,6,forward,86.8316,1157.611,934,rolling,1412.711,1139,1414.304,-5.079,0,0,1783746777.674928427,0.276040,-0.503141,1.210134,0.120355,,,0.065359,0.027095,-0.014687,0.564,1.420
search,lower,6,forward,86.8532,1157.611,934,rolling,1412.711,1139,1414.304,-5.079,0,0,1783746777.674928427,0.276040,-0.503141,1.210134,0.120355,,,0.065359,0.027095,-0.014687,0.564,1.420
search,lower,6,forward,86.8747,1157.611,934,rolling,1412.711,1139,1414.304,-5.079,0,0,1783746777.674928427,0.276040,-0.503141,1.210134,0.120355,,,0.065359,0.027095,-0.014687,0.564,1.420
search,lower,6,forward,86.8963,1157.611,934,rolling,1412.711,1139,1414.304,-5.079,0,0,1783746777.674928427,0.276040,-0.503141,1.210134,0.120355,,,0.065359,0.027095,-0.014687,0.580,1.400
search,lower,6,forward,86.9138,1157.611,934,rolling,1413.046,1140,1414.140,-5.244,1,9,1783746777.775301456,0.283665,-0.482395,1.192958,0.145309,0.0220993,-0.0171766,0.087458,0.049194,-0.031863,0.580,1.400
search,lower,6,forward,86.9330,1157.611,934,rolling,1413.046,1140,1414.140,-5.244,0,0,1783746777.775301456,0.283665,-0.482395,1.192958,0.145309,,,0.087458,0.049194,-0.031863,0.580,1.400
search,lower,6,forward,86.9546,1157.611,934,rolling,1413.046,1140,1414.140,-5.244,0,0,1783746777.775301456,0.283665,-0.482395,1.192958,0.145309,,,0.087458,0.049194,-0.031863,0.580,1.400
search,lower,6,forward,86.9763,1157.611,934,rolling,1413.046,1140,1414.140,-5.244,0,0,1783746777.775301456,0.283665,-0.482395,1.192958,0.145309,,,0.087458,0.049194,-0.031863,0.580,1.400
search,lower,6,forward,86.9980,1157.611,934,rolling,1413.046,1140,1414.140,-5.244,0,0,1783746777.775301456,0.283665,-0.482395,1.192958,0.145309,,,0.087458,0.049194,-0.031863,0.596,1.521
search,lower,6,forward,87.0143,1157.611,934,rolling,1413.164,1140,1414.012,-5.372,1,10,1783746777.875899792,0.283693,-0.461275,1.173349,0.157599,0.0195633,-0.0196089,0.107021,0.068758,-0.051472,0.596,1.521
search,lower,6,forward,87.0328,1157.611,934,rolling,1413.164,1140,1414.012,-5.372,0,0,1783746777.875899792,0.283693,-0.461275,1.173349,0.157599,,,0.107021,0.068758,-0.051472,0.596,1.521
search,lower,6,forward,87.0544,1157.611,934,rolling,1413.164,1140,1414.012,-5.372,0,0,1783746777.875899792,0.283693,-0.461275,1.173349,0.157599,,,0.107021,0.068758,-0.051472,0.596,1.521
search,lower,6,forward,87.0759,1157.611,934,rolling,1413.164,1140,1414.012,-5.372,0,0,1783746777.875899792,0.283693,-0.461275,1.173349,0.157599,,,0.107021,0.068758,-0.051472,0.596,1.521
search,lower,6,forward,87.0975,1157.611,934,rolling,1413.164,1140,1414.012,-5.372,0,0,1783746777.875899792,0.283693,-0.461275,1.173349,0.157599,,,0.107021,0.068758,-0.051472,0.612,1.382
search,lower,6,forward,87.1143,1157.611,934,rolling,1413.550,1140,1413.951,-5.432,1,11,1783746777.976016521,0.294166,-0.438881,1.152225,0.179908,0.0247121,-0.0211239,0.131733,0.093470,-0.072596,0.612,1.382
search,lower,6,forward,87.1338,1157.611,934,rolling,1413.550,1140,1413.951,-5.432,0,0,1783746777.976016521,0.294166,-0.438881,1.152225,0.179908,,,0.131733,0.093470,-0.072596,0.612,1.382
search,lower,6,forward,87.1554,1157.611,934,rolling,1413.550,1140,1413.951,-5.432,0,0,1783746777.976016521,0.294166,-0.438881,1.152225,0.179908,,,0.131733,0.093470,-0.072596,0.612,1.382
search,lower,6,forward,87.1770,1157.611,934,rolling,1413.550,1140,1413.951,-5.432,0,0,1783746777.976016521,0.294166,-0.438881,1.152225,0.179908,,,0.131733,0.093470,-0.072596,0.612,1.382
search,lower,6,forward,87.1986,1157.611,934,rolling,1413.550,1140,1413.951,-5.432,0,0,1783746777.976016521,0.294166,-0.438881,1.152225,0.179908,,,0.131733,0.093470,-0.072596,0.624,1.368
search,lower,6,forward,87.2145,1157.611,934,rolling,1413.554,1140,1413.899,-5.484,1,12,1783746778.076401234,0.302693,-0.421682,1.131410,0.182714,0.0191870,-0.0208154,0.150920,0.112657,-0.093412,0.624,1.368
search,lower,6,forward,87.2337,1157.611,934,rolling,1413.554,1140,1413.899,-5.484,0,0,1783746778.076401234,0.302693,-0.421682,1.131410,0.182714,,,0.150920,0.112657,-0.093412,0.624,1.368
search,lower,6,forward,87.2553,1157.611,934,rolling,1413.554,1140,1413.899,-5.484,0,0,1783746778.076401234,0.302693,-0.421682,1.131410,0.182714,,,0.150920,0.112657,-0.093412,0.624,1.368
search,lower,6,forward,87.2768,1157.611,934,rolling,1413.554,1140,1413.899,-5.484,0,0,1783746778.076401234,0.302693,-0.421682,1.131410,0.182714,,,0.150920,0.112657,-0.093412,0.624,1.368
search,lower,6,forward,87.2983,1157.611,934,rolling,1413.554,1140,1413.899,-5.484,0,0,1783746778.076401234,0.302693,-0.421682,1.131410,0.182714,,,0.150920,0.112657,-0.093412,0.641,1.467
search,lower,6,forward,87.3148,1157.611,934,rolling,1413.374,1140,1413.831,-5.553,1,13,1783746778.176612377,0.311362,-0.407992,1.115131,0.177183,0.0160927,-0.0162789,0.167013,0.128749,-0.109691,0.641,1.467
search,lower,6,forward,87.3325,1157.611,934,rolling,1413.374,1140,1413.831,-5.553,0,0,1783746778.176612377,0.311362,-0.407992,1.115131,0.177183,,,0.167013,0.128749,-0.109691,0.641,1.467
search,lower,6,forward,87.3542,1157.611,934,rolling,1413.374,1140,1413.831,-5.553,0,0,1783746778.176612377,0.311362,-0.407992,1.115131,0.177183,,,0.167013,0.128749,-0.109691,0.641,1.467
search,lower,6,forward,87.3757,1157.611,934,rolling,1413.374,1140,1413.831,-5.553,0,0,1783746778.176612377,0.311362,-0.407992,1.115131,0.177183,,,0.167013,0.128749,-0.109691,0.641,1.467
search,lower,6,forward,87.3973,1157.611,934,rolling,1413.374,1140,1413.831,-5.553,0,0,1783746778.176612377,0.311362,-0.407992,1.115131,0.177183,,,0.167013,0.128749,-0.109691,0.651,1.454
search,lower,6,forward,87.4154,1157.611,934,rolling,1413.156,1140,1413.743,-5.641,1,14,1783746778.276875973,0.320580,-0.395650,1.103815,0.170676,0.0151555,-0.0113160,0.182169,0.143905,-0.121007,0.651,1.454
search,lower,6,forward,87.4331,1157.611,934,rolling,1413.156,1140,1413.743,-5.641,0,0,1783746778.276875973,0.320580,-0.395650,1.103815,0.170676,,,0.182169,0.143905,-0.121007,0.651,1.454
search,lower,6,forward,87.4547,1157.611,934,rolling,1413.156,1140,1413.743,-5.641,0,0,1783746778.276875973,0.320580,-0.395650,1.103815,0.170676,,,0.182169,0.143905,-0.121007,0.651,1.454
search,lower,6,forward,87.4762,1157.611,934,rolling,1413.156,1140,1413.743,-5.641,0,0,1783746778.276875973,0.320580,-0.395650,1.103815,0.170676,,,0.182169,0.143905,-0.121007,0.651,1.454
search,lower,6,forward,87.4978,1157.611,934,rolling,1413.156,1140,1413.743,-5.641,0,0,1783746778.276875973,0.320580,-0.395650,1.103815,0.170676,,,0.182169,0.143905,-0.121007,0.659,1.439
search,lower,6,forward,87.5156,1157.611,934,rolling,1413.021,1140,1413.648,-5.736,1,15,1783746778.377520323,0.329044,-0.381591,1.092789,0.168671,0.0163705,-0.0110259,0.198539,0.160275,-0.132033,0.659,1.439
search,lower,6,forward,87.5299,1157.611,934,rolling,1413.021,1140,1413.648,-5.736,0,0,1783746778.377520323,0.329044,-0.381591,1.092789,0.168671,,,0.198539,0.160275,-0.132033,0.659,1.439
search,lower,6,forward,87.5517,1157.611,934,rolling,1413.021,1140,1413.648,-5.736,0,0,1783746778.377520323,0.329044,-0.381591,1.092789,0.168671,,,0.198539,0.160275,-0.132033,0.659,1.439
search,lower,6,forward,87.5734,1157.611,934,rolling,1413.021,1140,1413.648,-5.736,0,0,1783746778.377520323,0.329044,-0.381591,1.092789,0.168671,,,0.198539,0.160275,-0.132033,0.659,1.439
search,lower,6,forward,87.5951,1157.611,934,rolling,1413.021,1140,1413.648,-5.736,0,0,1783746778.377520323,0.329044,-0.381591,1.092789,0.168671,,,0.198539,0.160275,-0.132033,0.676,1.423
search,lower,6,forward,87.6167,1157.611,934,rolling,1412.819,1139,1413.540,-5.844,1,16,1783746778.477771521,0.338332,-0.369500,1.080895,0.163970,0.0150242,-0.0118936,0.213563,0.175299,-0.143926,0.676,1.423
search,lower,6,forward,87.6256,1157.611,934,rolling,1412.819,1139,1413.540,-5.844,0,0,1783746778.477771521,0.338332,-0.369500,1.080895,0.163970,,,0.213563,0.175299,-0.143926,0.676,1.423
search,lower,6,forward,87.6473,1157.611,934,rolling,1412.819,1139,1413.540,-5.844,0,0,1783746778.477771521,0.338332,-0.369500,1.080895,0.163970,,,0.213563,0.175299,-0.143926,0.676,1.423
search,lower,6,forward,87.6689,1157.611,934,rolling,1412.819,1139,1413.540,-5.844,0,0,1783746778.477771521,0.338332,-0.369500,1.080895,0.163970,,,0.213563,0.175299,-0.143926,0.676,1.423
search,lower,6,forward,87.6904,1157.611,934,rolling,1412.819,1139,1413.540,-5.844,0,0,1783746778.477771521,0.338332,-0.369500,1.080895,0.163970,,,0.213563,0.175299,-0.143926,0.676,1.423
search,lower,6,forward,87.7120,1157.611,934,rolling,1412.819,1139,1413.540,-5.844,0,0,1783746778.477771521,0.338332,-0.369500,1.080895,0.163970,,,0.213563,0.175299,-0.143926,0.687,1.406
search,lower,6,forward,87.7145,1157.611,934,rolling,1412.694,1139,1413.429,-5.955,1,17,1783746778.578402758,0.340698,-0.352323,1.063812,0.163269,0.0162184,-0.0170827,0.229782,0.191518,-0.161009,0.687,1.406
search,lower,6,forward,87.7366,1157.611,934,rolling,1412.694,1139,1413.429,-5.955,0,0,1783746778.578402758,0.340698,-0.352323,1.063812,0.163269,,,0.229782,0.191518,-0.161009,0.687,1.406
search,lower,6,forward,87.7380,1157.611,934,rolling,1412.694,1139,1413.429,-5.955,0,0,1783746778.578402758,0.340698,-0.352323,1.063812,0.163269,,,0.229782,0.191518,-0.161009,0.687,1.406
search,lower,6,forward,87.7595,1157.611,934,rolling,1412.694,1139,1413.429,-5.955,0,0,1783746778.578402758,0.340698,-0.352323,1.063812,0.163269,,,0.229782,0.191518,-0.161009,0.687,1.406
search,lower,6,forward,87.7811,1157.611,934,rolling,1412.694,1139,1413.429,-5.955,0,0,1783746778.578402758,0.340698,-0.352323,1.063812,0.163269,,,0.229782,0.191518,-0.161009,0.687,1.406
search,lower,6,forward,87.8026,1157.611,934,rolling,1412.694,1139,1413.429,-5.955,0,0,1783746778.578402758,0.340698,-0.352323,1.063812,0.163269,,,0.229782,0.191518,-0.161009,0.692,1.389
search,lower,6,forward,87.8147,1157.611,934,rolling,1412.887,1139,1413.359,-6.024,1,18,1783746778.676373482,0.347262,-0.331750,1.045940,0.176379,0.0211333,-0.0178722,0.250915,0.212651,-0.178881,0.692,1.389
search,lower,6,forward,87.8337,1157.611,934,rolling,1412.887,1139,1413.359,-6.024,0,0,1783746778.676373482,0.347262,-0.331750,1.045940,0.176379,,,0.250915,0.212651,-0.178881,0.692,1.389
search,lower,6,forward,87.8554,1157.611,934,rolling,1412.887,1139,1413.359,-6.024,0,0,1783746778.676373482,0.347262,-0.331750,1.045940,0.176379,,,0.250915,0.212651,-0.178881,0.692,1.389
search,lower,6,forward,87.8769,1157.611,934,rolling,1412.887,1139,1413.359,-6.024,0,0,1783746778.676373482,0.347262,-0.331750,1.045940,0.176379,,,0.250915,0.212651,-0.178881,0.692,1.389
search,lower,6,forward,87.8984,1157.611,934,rolling,1412.887,1139,1413.359,-6.024,0,0,1783746778.676373482,0.347262,-0.331750,1.045940,0.176379,,,0.250915,0.212651,-0.178881,0.713,1.370
search,lower,6,forward,87.9149,1157.611,934,rolling,1413.264,1140,1413.347,-6.037,1,19,1783746778.776613474,0.362229,-0.310978,1.028221,0.195876,0.0254975,-0.0177196,0.276412,0.238149,-0.196601,0.713,1.370
search,lower,6,forward,87.9332,1157.611,934,rolling,1413.264,1140,1413.347,-6.037,0,0,1783746778.776613474,0.362229,-0.310978,1.028221,0.195876,,,0.276412,0.238149,-0.196601,0.713,1.370
search,lower,6,forward,87.9548,1157.611,934,rolling,1413.264,1140,1413.347,-6.037,0,0,1783746778.776613474,0.362229,-0.310978,1.028221,0.195876,,,0.276412,0.238149,-0.196601,0.713,1.370
search,lower,6,forward,87.9764,1157.611,934,rolling,1413.264,1140,1413.347,-6.037,0,0,1783746778.776613474,0.362229,-0.310978,1.028221,0.195876,,,0.276412,0.238149,-0.196601,0.713,1.370
search,lower,6,forward,87.9980,1157.611,934,rolling,1413.264,1140,1413.347,-6.037,0,0,1783746778.776613474,0.362229,-0.310978,1.028221,0.195876,,,0.276412,0.238149,-0.196601,0.717,1.354
search,lower,6,forward,88.0156,1157.611,934,rolling,1413.155,1140,1413.322,-6.062,1,20,1783746778.877034187,0.370999,-0.295255,1.005156,0.191680,0.0179845,-0.0230641,0.294397,0.256133,-0.219665,0.717,1.354
search,lower,6,forward,88.0357,1157.611,934,rolling,1413.155,1140,1413.322,-6.062,0,0,1783746778.877034187,0.370999,-0.295255,1.005156,0.191680,,,0.294397,0.256133,-0.219665,0.717,1.354
search,lower,6,forward,88.0574,1157.611,934,rolling,1413.155,1140,1413.322,-6.062,0,0,1783746778.877034187,0.370999,-0.295255,1.005156,0.191680,,,0.294397,0.256133,-0.219665,0.717,1.354
search,lower,6,forward,88.0789,1157.611,934,rolling,1413.155,1140,1413.322,-6.062,0,0,1783746778.877034187,0.370999,-0.295255,1.005156,0.191680,,,0.294397,0.256133,-0.219665,0.717,1.354
search,lower,6,forward,88.1005,1157.611,934,rolling,1413.155,1140,1413.322,-6.062,0,0,1783746778.877034187,0.370999,-0.295255,1.005156,0.191680,,,0.294397,0.256133,-0.219665,0.738,1.334
search,lower,6,forward,88.1158,1157.611,934,rolling,1413.155,1140,1413.322,-6.062,0,0,1783746778.877034187,0.370999,-0.295255,1.005156,0.191680,,,0.294397,0.256133,-0.219665,0.738,1.334
search,lower,6,forward,88.1379,1157.611,934,rolling,1412.963,1139,1413.275,-6.109,1,21,1783746778.977677822,0.376107,-0.279055,0.986815,0.184432,0.0163736,-0.0183414,0.310770,0.272507,-0.238006,0.738,1.334
search,lower,6,forward,88.1396,1157.611,934,rolling,1412.963,1139,1413.275,-6.109,0,0,1783746778.977677822,0.376107,-0.279055,0.986815,0.184432,,,0.310770,0.272507,-0.238006,0.738,1.334
search,lower,6,forward,88.1612,1157.611,934,rolling,1412.963,1139,1413.275,-6.109,0,0,1783746778.977677822,0.376107,-0.279055,0.986815,0.184432,,,0.310770,0.272507,-0.238006,0.738,1.334
search,lower,6,forward,88.1829,1157.611,934,rolling,1412.963,1139,1413.275,-6.109,0,0,1783746778.977677822,0.376107,-0.279055,0.986815,0.184432,,,0.310770,0.272507,-0.238006,0.738,1.334
search,lower,6,forward,88.2044,1157.611,934,rolling,1412.963,1139,1413.275,-6.109,0,0,1783746778.977677822,0.376107,-0.279055,0.986815,0.184432,,,0.310770,0.272507,-0.238006,0.754,1.316
search,lower,6,forward,88.2139,1157.611,934,rolling,1413.426,1140,1413.295,-6.089,1,22,1783746779.077902794,0.396336,-0.259692,0.969122,0.206575,0.0273618,-0.0176927,0.338132,0.299868,-0.255699,0.754,1.316
search,lower,6,forward,88.2349,1157.611,934,rolling,1413.426,1140,1413.295,-6.089,0,0,1783746779.077902794,0.396336,-0.259692,0.969122,0.206575,,,0.338132,0.299868,-0.255699,0.754,1.316
search,lower,6,forward,88.2565,1157.611,934,rolling,1413.426,1140,1413.295,-6.089,0,0,1783746779.077902794,0.396336,-0.259692,0.969122,0.206575,,,0.338132,0.299868,-0.255699,0.754,1.316
search,lower,6,forward,88.2781,1157.611,934,rolling,1413.426,1140,1413.295,-6.089,0,0,1783746779.077902794,0.396336,-0.259692,0.969122,0.206575,,,0.338132,0.299868,-0.255699,0.754,1.316
search,lower,6,forward,88.2996,1157.611,934,rolling,1413.426,1140,1413.295,-6.089,0,0,1783746779.077902794,0.396336,-0.259692,0.969122,0.206575,,,0.338132,0.299868,-0.255699,0.766,1.301
search,lower,6,forward,88.3143,1157.611,934,rolling,1413.359,1140,1413.303,-6.081,1,23,1783746779.175940037,0.404438,-0.242450,0.948930,0.202790,0.0187678,-0.0201927,0.356900,0.318636,-0.275892,0.766,1.301
search,lower,6,forward,88.3357,1157.611,934,rolling,1413.359,1140,1413.303,-6.081,0,0,1783746779.175940037,0.404438,-0.242450,0.948930,0.202790,,,0.356900,0.318636,-0.275892,0.766,1.301
search,lower,6,forward,88.3574,1157.611,934,rolling,1413.359,1140,1413.303,-6.081,0,0,1783746779.175940037,0.404438,-0.242450,0.948930,0.202790,,,0.356900,0.318636,-0.275892,0.766,1.301
search,lower,6,forward,88.3791,1157.611,934,rolling,1413.359,1140,1413.303,-6.081,0,0,1783746779.175940037,0.404438,-0.242450,0.948930,0.202790,,,0.356900,0.318636,-0.275892,0.766,1.301
search,lower,6,forward,88.4009,1157.611,934,rolling,1413.359,1140,1413.303,-6.081,0,0,1783746779.175940037,0.404438,-0.242450,0.948930,0.202790,,,0.356900,0.318636,-0.275892,0.773,1.286
search,lower,6,forward,88.4116,1157.611,934,rolling,1413.405,1140,1413.316,-6.068,1,24,1783746779.276424170,0.412507,-0.222285,0.929336,0.204435,0.0210384,-0.0195940,0.377938,0.339675,-0.295486,0.773,1.286
search,lower,6,forward,88.4280,1157.611,934,rolling,1413.405,1140,1413.316,-6.068,0,0,1783746779.276424170,0.412507,-0.222285,0.929336,0.204435,,,0.377938,0.339675,-0.295486,0.773,1.286
search,lower,6,forward,88.4498,1157.611,934,rolling,1413.405,1140,1413.316,-6.068,0,0,1783746779.276424170,0.412507,-0.222285,0.929336,0.204435,,,0.377938,0.339675,-0.295486,0.773,1.286
search,lower,6,forward,88.4714,1157.611,934,rolling,1413.405,1140,1413.316,-6.068,0,0,1783746779.276424170,0.412507,-0.222285,0.929336,0.204435,,,0.377938,0.339675,-0.295486,0.773,1.286
search,lower,6,forward,88.4929,1157.611,934,rolling,1413.405,1140,1413.316,-6.068,0,0,1783746779.276424170,0.412507,-0.222285,0.929336,0.204435,,,0.377938,0.339675,-0.295486,0.789,1.270
search,lower,6,forward,88.5123,1157.611,934,rolling,1413.345,1140,1413.320,-6.064,1,25,1783746779.373885632,0.421408,-0.205573,0.910752,0.201265,0.0186888,-0.0185839,0.396627,0.358364,-0.314069,0.789,1.270
search,lower,6,forward,88.5259,1157.611,934,rolling,1413.345,1140,1413.320,-6.064,0,0,1783746779.373885632,0.421408,-0.205573,0.910752,0.201265,,,0.396627,0.358364,-0.314069,0.789,1.270
search,lower,6,forward,88.5477,1157.611,934,rolling,1413.345,1140,1413.320,-6.064,0,0,1783746779.373885632,0.421408,-0.205573,0.910752,0.201265,,,0.396627,0.358364,-0.314069,0.789,1.270
search,lower,6,forward,88.5693,1157.611,934,rolling,1413.345,1140,1413.320,-6.064,0,0,1783746779.373885632,0.421408,-0.205573,0.910752,0.201265,,,0.396627,0.358364,-0.314069,0.789,1.270
search,lower,6,forward,88.5909,1157.611,934,rolling,1413.345,1140,1413.320,-6.064,0,0,1783746779.373885632,0.421408,-0.205573,0.910752,0.201265,,,0.396627,0.358364,-0.314069,0.802,1.255
search,lower,6,forward,88.6128,1157.611,934,rolling,1413.345,1140,1413.320,-6.064,0,0,1783746779.373885632,0.421408,-0.205573,0.910752,0.201265,,,0.396627,0.358364,-0.314069,0.802,1.255
search,lower,6,forward,88.6347,1157.611,934,rolling,1413.300,1140,1413.317,-6.066,1,26,1783746779.474348307,0.433167,-0.190175,0.894141,0.199157,0.0193723,-0.0166109,0.416000,0.377736,-0.330680,0.802,1.255
search,lower,6,forward,88.6365,1157.611,934,rolling,1413.300,1140,1413.317,-6.066,0,0,1783746779.474348307,0.433167,-0.190175,0.894141,0.199157,,,0.416000,0.377736,-0.330680,0.802,1.255
search,lower,6,forward,88.6582,1157.611,934,rolling,1413.300,1140,1413.317,-6.066,0,0,1783746779.474348307,0.433167,-0.190175,0.894141,0.199157,,,0.416000,0.377736,-0.330680,0.802,1.255
search,lower,6,forward,88.6797,1157.611,934,rolling,1413.300,1140,1413.317,-6.066,0,0,1783746779.474348307,0.433167,-0.190175,0.894141,0.199157,,,0.416000,0.377736,-0.330680,0.802,1.255
search,lower,6,forward,88.7012,1157.611,934,rolling,1413.300,1140,1413.317,-6.066,0,0,1783746779.474348307,0.433167,-0.190175,0.894141,0.199157,,,0.416000,0.377736,-0.330680,0.817,1.240
search,lower,6,forward,88.7108,1157.611,934,rolling,1413.059,1140,1413.283,-6.100,1,27,1783746779.574878454,0.442633,-0.177436,0.877399,0.188792,0.0158535,-0.0167419,0.431853,0.393589,-0.347422,0.817,1.240
search,lower,6,forward,88.7247,1157.611,934,rolling,1413.059,1140,1413.283,-6.100,0,0,1783746779.574878454,0.442633,-0.177436,0.877399,0.188792,,,0.431853,0.393589,-0.347422,0.817,1.240
search,lower,6,forward,88.7463,1157.611,934,rolling,1413.059,1140,1413.283,-6.100,0,0,1783746779.574878454,0.442633,-0.177436,0.877399,0.188792,,,0.431853,0.393589,-0.347422,0.817,1.240
search,lower,6,forward,88.7681,1157.611,934,rolling,1413.059,1140,1413.283,-6.100,0,0,1783746779.574878454,0.442633,-0.177436,0.877399,0.188792,,,0.431853,0.393589,-0.347422,0.817,1.240
search,lower,6,forward,88.7898,1157.611,934,rolling,1413.059,1140,1413.283,-6.100,0,0,1783746779.574878454,0.442633,-0.177436,0.877399,0.188792,,,0.431853,0.393589,-0.347422,0.842,1.227
search,lower,6,forward,88.8111,1157.611,934,rolling,1412.943,1139,1413.240,-6.144,1,28,1783746779.672817945,0.455066,-0.165593,0.862337,0.185167,0.0170698,-0.0150617,0.448923,0.410659,-0.362484,0.842,1.227
search,lower,6,forward,88.8284,1157.611,934,rolling,1412.943,1139,1413.240,-6.144,0,0,1783746779.672817945,0.455066,-0.165593,0.862337,0.185167,,,0.448923,0.410659,-0.362484,0.842,1.227
search,lower,6,forward,88.8500,1157.611,934,rolling,1412.943,1139,1413.240,-6.144,0,0,1783746779.672817945,0.455066,-0.165593,0.862337,0.185167,,,0.448923,0.410659,-0.362484,0.842,1.227
search,lower,6,forward,88.8715,1157.611,934,rolling,1412.943,1139,1413.240,-6.144,0,0,1783746779.672817945,0.455066,-0.165593,0.862337,0.185167,,,0.448923,0.410659,-0.362484,0.842,1.227
search,lower,6,forward,88.8931,1157.611,934,rolling,1412.943,1139,1413.240,-6.144,0,0,1783746779.672817945,0.455066,-0.165593,0.862337,0.185167,,,0.448923,0.410659,-0.362484,0.851,1.214
search,lower,6,forward,88.9115,1157.611,934,rolling,1412.872,1139,1413.192,-6.192,1,29,1783746779.773140907,0.468820,-0.153552,0.846513,0.184010,0.0181125,-0.0158248,0.467035,0.428772,-0.378309,0.851,1.214
search,lower,6,forward,88.9196,1157.611,934,rolling,1412.872,1139,1413.192,-6.192,0,0,1783746779.773140907,0.468820,-0.153552,0.846513,0.184010,,,0.467035,0.428772,-0.378309,0.851,1.214
search,lower,6,forward,88.9413,1157.611,934,rolling,1412.872,1139,1413.192,-6.192,0,0,1783746779.773140907,0.468820,-0.153552,0.846513,0.184010,,,0.467035,0.428772,-0.378309,0.851,1.214
search,lower,6,forward,88.9629,1157.611,934,rolling,1412.872,1139,1413.192,-6.192,0,0,1783746779.773140907,0.468820,-0.153552,0.846513,0.184010,,,0.467035,0.428772,-0.378309,0.851,1.214
search,lower,6,forward,88.9844,1157.611,934,rolling,1412.872,1139,1413.192,-6.192,0,0,1783746779.773140907,0.468820,-0.153552,0.846513,0.184010,,,0.467035,0.428772,-0.378309,0.851,1.214
search,lower,6,forward,89.0059,1157.611,934,rolling,1412.872,1139,1413.192,-6.192,0,0,1783746779.773140907,0.468820,-0.153552,0.846513,0.184010,,,0.467035,0.428772,-0.378309,0.867,1.201
search,lower,6,forward,89.0094,1157.611,934,rolling,1413.006,1140,1413.167,-6.216,1,30,1783746779.873568296,0.482262,-0.136510,0.829424,0.191925,0.0216592,-0.0170882,0.488695,0.450431,-0.395397,0.867,1.201
search,lower,6,forward,89.0264,1157.611,934,rolling,1413.006,1140,1413.167,-6.216,0,0,1783746779.873568296,0.482262,-0.136510,0.829424,0.191925,,,0.488695,0.450431,-0.395397,0.867,1.201
search,lower,6,forward,89.0481,1157.611,934,rolling,1413.006,1140,1413.167,-6.216,0,0,1783746779.873568296,0.482262,-0.136510,0.829424,0.191925,,,0.488695,0.450431,-0.395397,0.867,1.201
search,lower,6,forward,89.0696,1157.611,934,rolling,1413.006,1140,1413.167,-6.216,0,0,1783746779.873568296,0.482262,-0.136510,0.829424,0.191925,,,0.488695,0.450431,-0.395397,0.867,1.201
search,lower,6,forward,89.0912,1157.611,934,rolling,1413.006,1140,1413.167,-6.216,0,0,1783746779.873568296,0.482262,-0.136510,0.829424,0.191925,,,0.488695,0.450431,-0.395397,0.888,1.194
search,lower,6,forward,89.1097,1157.611,934,rolling,1412.924,1139,1413.136,-6.247,1,31,1783746779.971502781,0.491752,-0.121025,0.813663,0.189389,0.0178024,-0.0157612,0.506497,0.468233,-0.411158,0.888,1.194
search,lower,6,forward,89.1232,1157.611,934,rolling,1412.924,1139,1413.136,-6.247,0,0,1783746779.971502781,0.491752,-0.121025,0.813663,0.189389,,,0.506497,0.468233,-0.411158,0.888,1.194
search,lower,6,forward,89.1449,1157.611,934,rolling,1412.924,1139,1413.136,-6.247,0,0,1783746779.971502781,0.491752,-0.121025,0.813663,0.189389,,,0.506497,0.468233,-0.411158,0.888,1.194
search,lower,6,forward,89.1664,1157.611,934,rolling,1412.924,1139,1413.136,-6.247,0,0,1783746779.971502781,0.491752,-0.121025,0.813663,0.189389,,,0.506497,0.468233,-0.411158,0.888,1.194
search,lower,6,forward,89.1879,1157.611,934,rolling,1412.924,1139,1413.136,-6.247,0,0,1783746779.971502781,0.491752,-0.121025,0.813663,0.189389,,,0.506497,0.468233,-0.411158,0.897,1.224
search,lower,6,forward,89.2102,1157.611,934,rolling,1412.281,1139,1413.025,-6.359,1,32,1783746780.071682930,0.498177,-0.115639,0.795228,0.162843,0.0083357,-0.0184349,0.514833,0.476569,-0.429593,0.897,1.224
search,lower,6,forward,89.2272,1157.611,934,rolling,1412.281,1139,1413.025,-6.359,0,0,1783746780.071682930,0.498177,-0.115639,0.795228,0.162843,,,0.514833,0.476569,-0.429593,0.897,1.224
search,lower,6,forward,89.2489,1157.611,934,rolling,1412.281,1139,1413.025,-6.359,0,0,1783746780.071682930,0.498177,-0.115639,0.795228,0.162843,,,0.514833,0.476569,-0.429593,0.897,1.224
search,lower,6,forward,89.2705,1157.611,934,rolling,1412.281,1139,1413.025,-6.359,0,0,1783746780.071682930,0.498177,-0.115639,0.795228,0.162843,,,0.514833,0.476569,-0.429593,0.897,1.224
search,lower,6,forward,89.2920,1157.611,934,rolling,1412.281,1139,1413.025,-6.359,0,0,1783746780.071682930,0.498177,-0.115639,0.795228,0.162843,,,0.514833,0.476569,-0.429593,0.906,1.268
search,lower,6,forward,89.3104,1157.611,934,rolling,1412.265,1139,1412.925,-6.459,1,33,1783746780.172275305,0.507706,-0.099637,0.775601,0.167000,0.0180532,-0.0196272,0.532886,0.494622,-0.449220,0.906,1.268
search,lower,6,forward,89.3289,1157.611,934,rolling,1412.265,1139,1412.925,-6.459,0,0,1783746780.172275305,0.507706,-0.099637,0.775601,0.167000,,,0.532886,0.494622,-0.449220,0.906,1.268
search,lower,6,forward,89.3505,1157.611,934,rolling,1412.265,1139,1412.925,-6.459,0,0,1783746780.172275305,0.507706,-0.099637,0.775601,0.167000,,,0.532886,0.494622,-0.449220,0.906,1.268
search,lower,6,forward,89.3721,1157.611,934,rolling,1412.265,1139,1412.925,-6.459,0,0,1783746780.172275305,0.507706,-0.099637,0.775601,0.167000,,,0.532886,0.494622,-0.449220,0.906,1.268
search,lower,6,forward,89.3937,1157.611,934,rolling,1412.265,1139,1412.925,-6.459,0,0,1783746780.172275305,0.507706,-0.099637,0.775601,0.167000,,,0.532886,0.494622,-0.449220,0.930,1.325
search,lower,6,forward,89.4107,1157.611,934,rolling,1412.265,1139,1412.925,-6.459,0,0,1783746780.172275305,0.507706,-0.099637,0.775601,0.167000,,,0.532886,0.494622,-0.449220,0.930,1.325
search,lower,6,forward,89.4329,1157.611,934,rolling,1412.209,1139,1412.831,-6.552,1,34,1783746780.272589207,0.519022,-0.086145,0.759045,0.168891,0.0175115,-0.0165556,0.550397,0.512134,-0.465776,0.930,1.325
search,lower,6,forward,89.4348,1157.611,934,rolling,1412.209,1139,1412.831,-6.552,0,0,1783746780.272589207,0.519022,-0.086145,0.759045,0.168891,,,0.550397,0.512134,-0.465776,0.930,1.325
search,lower,6,forward,89.4565,1157.611,934,rolling,1412.209,1139,1412.831,-6.552,0,0,1783746780.272589207,0.519022,-0.086145,0.759045,0.168891,,,0.550397,0.512134,-0.465776,0.930,1.325
search,lower,6,forward,89.4781,1157.611,934,rolling,1412.209,1139,1412.831,-6.552,0,0,1783746780.272589207,0.519022,-0.086145,0.759045,0.168891,,,0.550397,0.512134,-0.465776,0.930,1.325
search,lower,6,forward,89.4996,1157.611,934,rolling,1412.209,1139,1412.831,-6.552,0,0,1783746780.272589207,0.519022,-0.086145,0.759045,0.168891,,,0.550397,0.512134,-0.465776,0.938,1.375
search,lower,6,forward,89.5113,1157.611,934,rolling,1412.152,1139,1412.743,-6.641,1,35,1783746780.372809887,0.531648,-0.073927,0.743051,0.170490,0.0175672,-0.0159948,0.567965,0.529701,-0.481771,0.938,1.375
search,lower,6,forward,89.5216,1157.611,934,rolling,1412.152,1139,1412.743,-6.641,0,0,1783746780.372809887,0.531648,-0.073927,0.743051,0.170490,,,0.567965,0.529701,-0.481771,0.938,1.375
search,lower,6,forward,89.5433,1157.611,934,rolling,1412.152,1139,1412.743,-6.641,0,0,1783746780.372809887,0.531648,-0.073927,0.743051,0.170490,,,0.567965,0.529701,-0.481771,0.938,1.375
search,lower,6,forward,89.5648,1157.611,934,rolling,1412.152,1139,1412.743,-6.641,0,0,1783746780.372809887,0.531648,-0.073927,0.743051,0.170490,,,0.567965,0.529701,-0.481771,0.938,1.375
search,lower,6,forward,89.5864,1157.611,934,rolling,1412.152,1139,1412.743,-6.641,0,0,1783746780.372809887,0.531648,-0.073927,0.743051,0.170490,,,0.567965,0.529701,-0.481771,0.938,1.375
search,lower,6,forward,89.6079,1157.611,934,rolling,1412.152,1139,1412.743,-6.641,0,0,1783746780.372809887,0.531648,-0.073927,0.743051,0.170490,,,0.567965,0.529701,-0.481771,0.957,1.431
search,lower,6,forward,89.6117,1157.611,934,rolling,1412.626,1139,1412.727,-6.656,1,36,1783746780.473404884,0.552397,-0.056644,0.726936,0.194923,0.0269818,-0.0161149,0.594946,0.556683,-0.497885,0.957,1.431
search,lower,6,forward,89.6326,1157.611,934,rolling,1412.626,1139,1412.727,-6.656,0,0,1783746780.473404884,0.552397,-0.056644,0.726936,0.194923,,,0.594946,0.556683,-0.497885,0.957,1.431
search,lower,6,forward,89.6543,1157.611,934,rolling,1412.626,1139,1412.727,-6.656,0,0,1783746780.473404884,0.552397,-0.056644,0.726936,0.194923,,,0.594946,0.556683,-0.497885,0.957,1.431
search,lower,6,forward,89.6758,1157.611,934,rolling,1412.626,1139,1412.727,-6.656,0,0,1783746780.473404884,0.552397,-0.056644,0.726936,0.194923,,,0.594946,0.556683,-0.497885,0.957,1.431
search,lower,6,forward,89.6973,1157.611,934,rolling,1412.626,1139,1412.727,-6.656,0,0,1783746780.473404884,0.552397,-0.056644,0.726936,0.194923,,,0.594946,0.556683,-0.497885,0.981,1.516
search,lower,6,forward,89.7118,1157.611,934,rolling,1412.626,1139,1412.727,-6.656,0,0,1783746780.473404884,0.552397,-0.056644,0.726936,0.194923,,,0.594946,0.556683,-0.497885,0.981,1.516
search,lower,6,forward,89.7336,1157.611,934,rolling,1413.017,1140,1412.765,-6.619,1,37,1783746780.573777437,0.572309,-0.038925,0.706894,0.212577,0.0266530,-0.0200419,0.621599,0.583336,-0.517927,0.981,1.516
search,lower,6,forward,89.7378,1157.611,934,rolling,1413.017,1140,1412.765,-6.619,0,0,1783746780.573777437,0.572309,-0.038925,0.706894,0.212577,,,0.621599,0.583336,-0.517927,0.981,1.516
search,lower,6,forward,89.7595,1157.611,934,rolling,1413.017,1140,1412.765,-6.619,0,0,1783746780.573777437,0.572309,-0.038925,0.706894,0.212577,,,0.621599,0.583336,-0.517927,0.981,1.516
search,lower,6,forward,89.7811,1157.611,934,rolling,1413.017,1140,1412.765,-6.619,0,0,1783746780.573777437,0.572309,-0.038925,0.706894,0.212577,,,0.621599,0.583336,-0.517927,0.981,1.516
search,lower,6,forward,89.8030,1157.611,934,rolling,1413.017,1140,1412.765,-6.619,0,0,1783746780.573777437,0.572309,-0.038925,0.706894,0.212577,,,0.621599,0.583336,-0.517927,0.996,1.576
search,lower,6,forward,89.8122,1157.611,934,rolling,1413.111,1140,1412.810,-6.573,1,38,1783746780.673929214,0.587871,-0.022808,0.682966,0.215031,0.0222730,-0.0239281,0.643872,0.605609,-0.541855,0.996,1.576
search,lower,6,forward,89.8253,1157.611,934,rolling,1413.111,1140,1412.810,-6.573,0,0,1783746780.673929214,0.587871,-0.022808,0.682966,0.215031,,,0.643872,0.605609,-0.541855,0.996,1.576
search,lower,6,forward,89.8469,1157.611,934,rolling,1413.111,1140,1412.810,-6.573,0,0,1783746780.673929214,0.587871,-0.022808,0.682966,0.215031,,,0.643872,0.605609,-0.541855,0.996,1.576
search,lower,6,forward,89.8684,1157.611,934,rolling,1413.111,1140,1412.810,-6.573,0,0,1783746780.673929214,0.587871,-0.022808,0.682966,0.215031,,,0.643872,0.605609,-0.541855,0.996,1.576
search,lower,6,forward,89.8899,1157.611,934,rolling,1413.111,1140,1412.810,-6.573,0,0,1783746780.673929214,0.587871,-0.022808,0.682966,0.215031,,,0.643872,0.605609,-0.541855,0.996,1.576
search,lower,6,forward,89.9115,1157.611,934,rolling,1413.111,1140,1412.810,-6.573,0,0,1783746780.673929214,0.587871,-0.022808,0.682966,0.215031,,,0.643872,0.605609,-0.541855,1.025,1.710
search,lower,6,forward,89.9140,1157.611,934,rolling,1413.395,1140,1412.887,-6.497,1,39,1783746780.774549961,0.609351,-0.008347,0.661087,0.225408,0.0258132,-0.0218788,0.669686,0.631422,-0.563734,1.025,1.710
search,lower,6,forward,89.9340,1157.611,934,rolling,1413.395,1140,1412.887,-6.497,0,0,1783746780.774549961,0.609351,-0.008347,0.661087,0.225408,,,0.669686,0.631422,-0.563734,1.025,1.710
search,lower,6,forward,89.9557,1157.611,934,rolling,1413.395,1140,1412.887,-6.497,0,0,1783746780.774549961,0.609351,-0.008347,0.661087,0.225408,,,0.669686,0.631422,-0.563734,1.025,1.710
search,lower,6,forward,89.9773,1157.611,934,rolling,1413.395,1140,1412.887,-6.497,0,0,1783746780.774549961,0.609351,-0.008347,0.661087,0.225408,,,0.669686,0.631422,-0.563734,1.025,1.710
search,lower,6,forward,89.9988,1157.611,934,rolling,1413.395,1140,1412.887,-6.497,0,0,1783746780.774549961,0.609351,-0.008347,0.661087,0.225408,,,0.669686,0.631422,-0.563734,1.058,1.838
search,lower,6,forward,90.0133,1157.611,934,rolling,1413.748,1140,1413.000,-6.384,1,40,1783746780.874864578,0.629529,0.010428,0.638074,0.237400,0.0274235,-0.0230133,0.697109,0.658845,-0.586748,1.058,1.838
search,lower,6,forward,90.0353,1157.611,934,rolling,1413.748,1140,1413.000,-6.384,0,0,1783746780.874864578,0.629529,0.010428,0.638074,0.237400,,,0.697109,0.658845,-0.586748,1.058,1.838
search,lower,6,forward,90.0366,1157.611,934,rolling,1413.748,1140,1413.000,-6.384,0,0,1783746780.874864578,0.629529,0.010428,0.638074,0.237400,,,0.697109,0.658845,-0.586748,1.058,1.838
search,lower,6,forward,90.0581,1157.611,934,rolling,1413.748,1140,1413.000,-6.384,0,0,1783746780.874864578,0.629529,0.010428,0.638074,0.237400,,,0.697109,0.658845,-0.586748,1.058,1.838
search,lower,6,forward,90.0797,1157.611,934,rolling,1413.748,1140,1413.000,-6.384,0,0,1783746780.874864578,0.629529,0.010428,0.638074,0.237400,,,0.697109,0.658845,-0.586748,1.058,1.838
search,lower,6,forward,90.1012,1157.611,934,rolling,1413.748,1140,1413.000,-6.384,0,0,1783746780.874864578,0.629529,0.010428,0.638074,0.237400,,,0.697109,0.658845,-0.586748,1.688,1.911
search,lower,6,forward,90.1138,1157.611,934,rolling,1413.781,1140,1413.102,-6.282,1,41,1783746780.975431204,0.646141,0.025829,0.611407,0.233939,0.0224824,-0.0266663,0.719591,0.681328,-0.613414,1.688,1.911
search,lower,6,forward,90.1314,1157.611,934,rolling,1413.781,1140,1413.102,-6.282,0,0,1783746780.975431204,0.646141,0.025829,0.611407,0.233939,,,0.719591,0.681328,-0.613414,1.688,1.911
search,lower,6,forward,90.1532,1157.611,934,rolling,1413.781,1140,1413.102,-6.282,0,0,1783746780.975431204,0.646141,0.025829,0.611407,0.233939,,,0.719591,0.681328,-0.613414,1.688,1.911
search,lower,6,forward,90.1748,1157.611,934,rolling,1413.781,1140,1413.102,-6.282,0,0,1783746780.975431204,0.646141,0.025829,0.611407,0.233939,,,0.719591,0.681328,-0.613414,1.688,1.911
search,lower,6,forward,90.1963,1157.611,934,rolling,1413.781,1140,1413.102,-6.282,0,0,1783746780.975431204,0.646141,0.025829,0.611407,0.233939,,,0.719591,0.681328,-0.613414,1.669,1.985
search,lower,6,forward,90.2141,1157.611,934,rolling,1413.781,1140,1413.102,-6.282,0,0,1783746780.975431204,0.646141,0.025829,0.611407,0.233939,,,0.719591,0.681328,-0.613414,1.669,1.985
search,lower,6,forward,90.2360,1157.611,934,rolling,1413.899,1140,1413.206,-6.178,1,42,1783746781.075668335,0.665965,0.038886,0.590033,0.234648,0.0237335,-0.0213743,0.743325,0.705061,-0.634788,1.669,1.985
search,lower,6,forward,90.2379,1157.611,934,rolling,1413.899,1140,1413.206,-6.178,0,0,1783746781.075668335,0.665965,0.038886,0.590033,0.234648,,,0.743325,0.705061,-0.634788,1.669,1.985
search,lower,6,forward,90.2595,1157.611,934,rolling,1413.899,1140,1413.206,-6.178,0,0,1783746781.075668335,0.665965,0.038886,0.590033,0.234648,,,0.743325,0.705061,-0.634788,1.669,1.985
search,lower,6,forward,90.2810,1157.611,934,rolling,1413.899,1140,1413.206,-6.178,0,0,1783746781.075668335,0.665965,0.038886,0.590033,0.234648,,,0.743325,0.705061,-0.634788,1.669,1.985
search,lower,6,forward,90.3025,1157.611,934,rolling,1413.899,1140,1413.206,-6.178,0,0,1783746781.075668335,0.665965,0.038886,0.590033,0.234648,,,0.743325,0.705061,-0.634788,1.651,1.969
search,lower,6,forward,90.3142,1157.611,934,rolling,1413.968,1140,1413.306,-6.078,1,43,1783746781.176149607,0.683165,0.054529,0.568898,0.233107,0.0229586,-0.0211350,0.766284,0.728020,-0.655923,1.651,1.969
search,lower,6,reverse,91.5903,1157.611,934,startup,1593.222,1285,1597.222,4.714,0,0,1783746782.370607138,0.715353,0.071111,0.534868,0.009313,,,0.000000,0.000000,0.000000,1.679,1.939
search,lower,6,reverse,91.6092,1157.611,934,startup,1594.462,1286,1597.222,4.714,1,1,1783746782.471007824,0.715513,0.075018,0.531973,0.012274,0.0021244,-0.0028949,0.002124,0.000000,0.000000,1.679,1.939
search,lower,6,reverse,91.6211,1157.611,934,startup,1594.462,1286,1597.222,4.714,0,0,1783746782.471007824,0.715513,0.075018,0.531973,0.012274,,,0.002124,0.000000,0.000000,1.679,1.939
search,lower,6,reverse,91.6428,1157.611,934,startup,1594.462,1286,1597.222,4.714,0,0,1783746782.471007824,0.715513,0.075018,0.531973,0.012274,,,0.002124,0.000000,0.000000,1.679,1.939
search,lower,6,reverse,91.6645,1157.611,934,startup,1594.462,1286,1597.222,4.714,0,0,1783746782.471007824,0.715513,0.075018,0.531973,0.012274,,,0.002124,0.000000,0.000000,1.679,1.939
search,lower,6,reverse,91.6863,1157.611,934,startup,1594.462,1286,1597.222,4.714,0,0,1783746782.471007824,0.715513,0.075018,0.531973,0.012274,,,0.002124,0.000000,0.000000,1.679,1.944
search,lower,6,reverse,91.7075,1157.611,934,startup,1595.702,1287,1597.222,4.714,1,2,1783746782.571168423,0.716631,0.080149,0.529485,0.018095,0.0035614,-0.0024882,0.005686,0.000000,0.000000,1.679,1.944
search,lower,6,reverse,91.7170,1157.611,934,startup,1595.702,1287,1597.222,4.714,0,0,1783746782.571168423,0.716631,0.080149,0.529485,0.018095,,,0.005686,0.000000,0.000000,1.679,1.944
search,lower,6,reverse,91.7386,1157.611,934,startup,1595.702,1287,1597.222,4.714,0,0,1783746782.571168423,0.716631,0.080149,0.529485,0.018095,,,0.005686,0.000000,0.000000,1.679,1.944
search,lower,6,reverse,91.7601,1157.611,934,startup,1595.702,1287,1597.222,4.714,0,0,1783746782.571168423,0.716631,0.080149,0.529485,0.018095,,,0.005686,0.000000,0.000000,1.679,1.944
search,lower,6,reverse,91.7817,1157.611,934,startup,1595.702,1287,1597.222,4.714,0,0,1783746782.571168423,0.716631,0.080149,0.529485,0.018095,,,0.005686,0.000000,0.000000,1.679,1.944
search,lower,6,reverse,91.8033,1157.611,934,startup,1595.702,1287,1597.222,4.714,0,0,1783746782.571168423,0.716631,0.080149,0.529485,0.018095,,,0.005686,0.000000,0.000000,1.673,1.951
search,lower,6,reverse,91.8077,1157.611,934,startup,1596.942,1288,1597.222,4.714,1,3,1783746782.669519186,0.715872,0.082126,0.527755,0.014440,0.0003417,-0.0017296,0.006027,0.000000,0.000000,1.673,1.951
search,lower,6,reverse,91.8250,1157.611,934,startup,1596.942,1288,1597.222,4.714,0,0,1783746782.669519186,0.715872,0.082126,0.527755,0.014440,,,0.006027,0.000000,0.000000,1.673,1.951
search,lower,6,reverse,91.8466,1157.611,934,startup,1596.942,1288,1597.222,4.714,0,0,1783746782.669519186,0.715872,0.082126,0.527755,0.014440,,,0.006027,0.000000,0.000000,1.673,1.951
search,lower,6,reverse,91.8681,1157.611,934,startup,1596.942,1288,1597.222,4.714,0,0,1783746782.669519186,0.715872,0.082126,0.527755,0.014440,,,0.006027,0.000000,0.000000,1.673,1.951
search,lower,6,reverse,91.8897,1157.611,934,startup,1596.942,1288,1597.222,4.714,0,0,1783746782.669519186,0.715872,0.082126,0.527755,0.014440,,,0.006027,0.000000,0.000000,1.663,1.960
search,lower,6,reverse,91.9079,1157.611,934,startup,1596.942,1288,1597.222,4.714,0,0,1783746782.669519186,0.715872,0.082126,0.527755,0.014440,,,0.006027,0.000000,0.000000,1.663,1.960
search,lower,6,reverse,91.9298,1157.611,934,startup,1598.182,1289,1597.222,4.714,1,4,1783746782.769822121,0.705184,0.074059,0.534497,-0.022324,-0.0133017,0.0067423,0.019329,0.000000,0.000000,1.663,1.960
search,lower,6,reverse,91.9320,1157.611,934,startup,1598.182,1289,1597.222,4.714,0,0,1783746782.769822121,0.705184,0.074059,0.534497,-0.022324,,,0.019329,0.000000,0.000000,1.663,1.960
search,lower,6,reverse,91.9535,1157.611,934,startup,1598.182,1289,1597.222,4.714,0,0,1783746782.769822121,0.705184,0.074059,0.534497,-0.022324,,,0.019329,0.000000,0.000000,1.663,1.960
search,lower,6,reverse,91.9751,1157.611,934,startup,1598.182,1289,1597.222,4.714,0,0,1783746782.769822121,0.705184,0.074059,0.534497,-0.022324,,,0.019329,0.000000,0.000000,1.663,1.960
search,lower,6,reverse,91.9966,1157.611,934,startup,1598.182,1289,1597.222,4.714,0,0,1783746782.769822121,0.705184,0.074059,0.534497,-0.022324,,,0.019329,0.000000,0.000000,1.648,1.974
search,lower,6,reverse,92.0085,1157.611,934,startup,1598.182,1289,1597.222,4.714,0,0,1783746782.769822121,0.705184,0.074059,0.534497,-0.022324,,,0.019329,0.000000,0.000000,1.648,1.974
search,lower,6,reverse,92.0304,1157.611,934,rolling,1597.222,1288,1597.222,4.714,1,5,1783746782.870065928,0.686479,0.059988,0.553605,-0.074819,-0.0232872,0.0191078,0.042616,0.000000,0.000000,1.648,1.974
search,lower,6,reverse,92.0378,1157.611,934,rolling,1597.222,1288,1597.222,4.714,0,0,1783746782.870065928,0.686479,0.059988,0.553605,-0.074819,,,0.042616,0.000000,0.000000,1.648,1.974
search,lower,6,reverse,92.0596,1157.611,934,rolling,1597.222,1288,1597.222,4.714,0,0,1783746782.870065928,0.686479,0.059988,0.553605,-0.074819,,,0.042616,0.000000,0.000000,1.648,1.974
search,lower,6,reverse,92.0811,1157.611,934,rolling,1597.222,1288,1597.222,4.714,0,0,1783746782.870065928,0.686479,0.059988,0.553605,-0.074819,,,0.042616,0.000000,0.000000,1.648,1.974
search,lower,6,reverse,92.1027,1157.611,934,rolling,1597.222,1288,1597.222,4.714,0,0,1783746782.870065928,0.686479,0.059988,0.553605,-0.074819,,,0.042616,0.000000,0.000000,1.648,1.991
search,lower,6,reverse,92.1086,1157.611,934,rolling,1598.805,1289,1597.487,4.979,1,6,1783746782.970589161,0.668763,0.045833,0.569920,-0.112155,-0.0225337,0.0163149,0.065150,0.000000,0.000000,1.648,1.991
search,lower,6,reverse,92.1251,1157.611,934,rolling,1598.805,1289,1597.487,4.979,0,0,1783746782.970589161,0.668763,0.045833,0.569920,-0.112155,,,0.065150,0.000000,0.000000,1.648,1.991
search,lower,6,reverse,92.1467,1157.611,934,rolling,1598.805,1289,1597.487,4.979,0,0,1783746782.970589161,0.668763,0.045833,0.569920,-0.112155,,,0.065150,0.000000,0.000000,1.648,1.991
search,lower,6,reverse,92.1682,1157.611,934,rolling,1598.805,1289,1597.487,4.979,0,0,1783746782.970589161,0.668763,0.045833,0.569920,-0.112155,,,0.065150,0.000000,0.000000,1.648,1.991
search,lower,6,reverse,92.1897,1157.611,934,rolling,1598.805,1289,1597.487,4.979,0,0,1783746782.970589161,0.668763,0.045833,0.569920,-0.112155,,,0.065150,0.000000,0.000000,1.663,2.010
search,lower,6,reverse,92.2093,1157.611,934,rolling,1598.735,1289,1597.696,5.187,1,7,1783746783.070731401,0.653039,0.035801,0.585430,-0.130677,-0.0186506,0.0155097,0.083801,-0.018651,0.015510,1.663,2.010
search,lower,6,reverse,92.2296,1157.611,934,rolling,1598.735,1289,1597.696,5.187,0,0,1783746783.070731401,0.653039,0.035801,0.585430,-0.130677,,,0.083801,-0.018651,0.015510,1.663,2.010
search,lower,6,reverse,92.2513,1157.611,934,rolling,1598.735,1289,1597.696,5.187,0,0,1783746783.070731401,0.653039,0.035801,0.585430,-0.130677,,,0.083801,-0.018651,0.015510,1.663,2.010
search,lower,6,reverse,92.2728,1157.611,934,rolling,1598.735,1289,1597.696,5.187,0,0,1783746783.070731401,0.653039,0.035801,0.585430,-0.130677,,,0.083801,-0.018651,0.015510,1.663,2.010
search,lower,6,reverse,92.2943,1157.611,934,rolling,1598.735,1289,1597.696,5.187,0,0,1783746783.070731401,0.653039,0.035801,0.585430,-0.130677,,,0.083801,-0.018651,0.015510,1.686,2.034
search,lower,6,reverse,92.3097,1157.611,934,rolling,1598.749,1289,1597.872,5.363,1,8,1783746783.171449184,0.638293,0.026296,0.601783,-0.141546,-0.0175403,0.0163534,0.101341,-0.036191,0.031863,1.686,2.034
search,lower,6,reverse,92.3193,1157.611,934,rolling,1598.749,1289,1597.872,5.363,0,0,1783746783.171449184,0.638293,0.026296,0.601783,-0.141546,,,0.101341,-0.036191,0.031863,1.686,2.034
search,lower,6,reverse,92.3409,1157.611,934,rolling,1598.749,1289,1597.872,5.363,0,0,1783746783.171449184,0.638293,0.026296,0.601783,-0.141546,,,0.101341,-0.036191,0.031863,1.686,2.034
search,lower,6,reverse,92.3624,1157.611,934,rolling,1598.749,1289,1597.872,5.363,0,0,1783746783.171449184,0.638293,0.026296,0.601783,-0.141546,,,0.101341,-0.036191,0.031863,1.686,2.034
search,lower,6,reverse,92.3839,1157.611,934,rolling,1598.749,1289,1597.872,5.363,0,0,1783746783.171449184,0.638293,0.026296,0.601783,-0.141546,,,0.101341,-0.036191,0.031863,1.686,2.034
search,lower,6,reverse,92.4055,1157.611,934,rolling,1598.749,1289,1597.872,5.363,0,0,1783746783.171449184,0.638293,0.026296,0.601783,-0.141546,,,0.101341,-0.036191,0.031863,1.877,1.755
search,lower,6,reverse,92.4102,1157.611,934,rolling,1598.749,1289,1597.872,5.363,0,0,1783746783.171449184,0.638293,0.026296,0.601783,-0.141546,,,0.101341,-0.036191,0.031863,1.877,1.755
search,lower,6,reverse,92.4320,1157.611,934,rolling,1598.284,1289,1597.941,5.432,1,9,1783746783.271846771,0.616264,0.008089,0.628943,-0.177123,-0.0284985,0.0271599,0.129839,-0.064689,0.059023,1.877,1.755
search,lower,6,reverse,92.4438,1157.611,934,rolling,1598.284,1289,1597.941,5.432,0,0,1783746783.271846771,0.616264,0.008089,0.628943,-0.177123,,,0.129839,-0.064689,0.059023,1.877,1.755
search,lower,6,reverse,92.4654,1157.611,934,rolling,1598.284,1289,1597.941,5.432,0,0,1783746783.271846771,0.616264,0.008089,0.628943,-0.177123,,,0.129839,-0.064689,0.059023,1.877,1.755
search,lower,6,reverse,92.4870,1157.611,934,rolling,1598.284,1289,1597.941,5.432,0,0,1783746783.271846771,0.616264,0.008089,0.628943,-0.177123,,,0.129839,-0.064689,0.059023,1.877,1.755
search,lower,6,reverse,92.5087,1157.611,934,rolling,1598.284,1289,1597.941,5.432,0,0,1783746783.271846771,0.616264,0.008089,0.628943,-0.177123,,,0.129839,-0.064689,0.059023,1.048,1.617
search,lower,6,reverse,92.5113,1157.611,934,rolling,1597.873,1289,1597.930,5.421,1,10,1783746783.372301340,0.594688,-0.010661,0.656080,-0.203791,-0.0285084,0.0271364,0.158348,-0.093198,0.086159,1.048,1.617
search,lower,6,reverse,92.5225,1157.611,934,rolling,1597.873,1289,1597.930,5.421,0,0,1783746783.372301340,0.594688,-0.010661,0.656080,-0.203791,,,0.158348,-0.093198,0.086159,1.048,1.617
search,lower,6,reverse,92.5443,1157.611,934,rolling,1597.873,1289,1597.930,5.421,0,0,1783746783.372301340,0.594688,-0.010661,0.656080,-0.203791,,,0.158348,-0.093198,0.086159,1.048,1.617
search,lower,6,reverse,92.5662,1157.611,934,rolling,1597.873,1289,1597.930,5.421,0,0,1783746783.372301340,0.594688,-0.010661,0.656080,-0.203791,,,0.158348,-0.093198,0.086159,1.048,1.617
search,lower,6,reverse,92.5879,1157.611,934,rolling,1597.873,1289,1597.930,5.421,0,0,1783746783.372301340,0.594688,-0.010661,0.656080,-0.203791,,,0.158348,-0.093198,0.086159,1.048,1.617
search,lower,6,reverse,92.6096,1157.611,934,rolling,1597.873,1289,1597.930,5.421,0,0,1783746783.372301340,0.594688,-0.010661,0.656080,-0.203791,,,0.158348,-0.093198,0.086159,1.027,1.544
search,lower,6,reverse,92.6124,1157.611,934,rolling,1597.589,1288,1597.873,5.364,1,11,1783746783.472621918,0.575599,-0.029260,0.682697,-0.218909,-0.0265111,0.0266176,0.184859,-0.119709,0.112777,1.027,1.544
search,lower,6,reverse,92.6202,1157.611,934,rolling,1597.589,1288,1597.873,5.364,0,0,1783746783.472621918,0.575599,-0.029260,0.682697,-0.218909,,,0.184859,-0.119709,0.112777,1.027,1.544
search,lower,6,reverse,92.6418,1157.611,934,rolling,1597.589,1288,1597.873,5.364,0,0,1783746783.472621918,0.575599,-0.029260,0.682697,-0.218909,,,0.184859,-0.119709,0.112777,1.027,1.544
search,lower,6,reverse,92.6634,1157.611,934,rolling,1597.589,1288,1597.873,5.364,0,0,1783746783.472621918,0.575599,-0.029260,0.682697,-0.218909,,,0.184859,-0.119709,0.112777,1.027,1.544
search,lower,6,reverse,92.6850,1157.611,934,rolling,1597.589,1288,1597.873,5.364,0,0,1783746783.472621918,0.575599,-0.029260,0.682697,-0.218909,,,0.184859,-0.119709,0.112777,1.027,1.544
search,lower,6,reverse,92.7065,1157.611,934,rolling,1597.589,1288,1597.873,5.364,0,0,1783746783.472621918,0.575599,-0.029260,0.682697,-0.218909,,,0.184859,-0.119709,0.112777,1.003,1.449
search,lower,6,reverse,92.7109,1157.611,934,rolling,1597.480,1288,1597.807,5.298,1,12,1783746783.572972775,0.557009,-0.043073,0.706861,-0.221787,-0.0231230,0.0241639,0.207982,-0.142832,0.136941,1.003,1.449
search,lower,6,reverse,92.7286,1157.611,934,rolling,1597.480,1288,1597.807,5.298,0,0,1783746783.572972775,0.557009,-0.043073,0.706861,-0.221787,,,0.207982,-0.142832,0.136941,1.003,1.449
search,lower,6,reverse,92.7503,1157.611,934,rolling,1597.480,1288,1597.807,5.298,0,0,1783746783.572972775,0.557009,-0.043073,0.706861,-0.221787,,,0.207982,-0.142832,0.136941,1.003,1.449
search,lower,6,reverse,92.7718,1157.611,934,rolling,1597.480,1288,1597.807,5.298,0,0,1783746783.572972775,0.557009,-0.043073,0.706861,-0.221787,,,0.207982,-0.142832,0.136941,1.003,1.449
search,lower,6,reverse,92.7934,1157.611,934,rolling,1597.480,1288,1597.807,5.298,0,0,1783746783.572972775,0.557009,-0.043073,0.706861,-0.221787,,,0.207982,-0.142832,0.136941,0.976,1.357
search,lower,6,reverse,92.8117,1157.611,934,rolling,1597.448,1288,1597.747,5.238,1,13,1783746783.673069239,0.541926,-0.058438,0.729150,-0.219959,-0.0214681,0.0222887,0.229450,-0.164300,0.159229,0.976,1.357
search,lower,6,reverse,92.8306,1157.611,934,rolling,1597.448,1288,1597.747,5.238,0,0,1783746783.673069239,0.541926,-0.058438,0.729150,-0.219959,,,0.229450,-0.164300,0.159229,0.976,1.357
search,lower,6,reverse,92.8522,1157.611,934,rolling,1597.448,1288,1597.747,5.238,0,0,1783746783.673069239,0.541926,-0.058438,0.729150,-0.219959,,,0.229450,-0.164300,0.159229,0.976,1.357
search,lower,6,reverse,92.8737,1157.611,934,rolling,1597.448,1288,1597.747,5.238,0,0,1783746783.673069239,0.541926,-0.058438,0.729150,-0.219959,,,0.229450,-0.164300,0.159229,0.976,1.357
search,lower,6,reverse,92.8952,1157.611,934,rolling,1597.448,1288,1597.747,5.238,0,0,1783746783.673069239,0.541926,-0.058438,0.729150,-0.219959,,,0.229450,-0.164300,0.159229,0.942,1.274
search,lower,6,reverse,92.9122,1157.611,934,rolling,1597.138,1288,1597.645,5.136,1,14,1783746783.773804903,0.519830,-0.075360,0.748407,-0.233790,-0.0277307,0.0192574,0.257181,-0.192031,0.178487,0.942,1.274
search,lower,6,reverse,92.9256,1157.611,934,rolling,1597.138,1288,1597.645,5.136,0,0,1783746783.773804903,0.519830,-0.075360,0.748407,-0.233790,,,0.257181,-0.192031,0.178487,0.942,1.274
search,lower,6,reverse,92.9472,1157.611,934,rolling,1597.138,1288,1597.645,5.136,0,0,1783746783.773804903,0.519830,-0.075360,0.748407,-0.233790,,,0.257181,-0.192031,0.178487,0.942,1.274
search,lower,6,reverse,92.9687,1157.611,934,rolling,1597.138,1288,1597.645,5.136,0,0,1783746783.773804903,0.519830,-0.075360,0.748407,-0.233790,,,0.257181,-0.192031,0.178487,0.942,1.274
search,lower,6,reverse,92.9903,1157.611,934,rolling,1597.138,1288,1597.645,5.136,0,0,1783746783.773804903,0.519830,-0.075360,0.748407,-0.233790,,,0.257181,-0.192031,0.178487,0.930,1.222
search,lower,6,reverse,93.0124,1157.611,934,rolling,1597.138,1288,1597.645,5.136,0,0,1783746783.773804903,0.519830,-0.075360,0.748407,-0.233790,,,0.257181,-0.192031,0.178487,0.930,1.222
search,lower,6,reverse,93.0343,1157.611,934,rolling,1596.860,1288,1597.514,5.005,1,15,1783746783.873955727,0.502850,-0.097172,0.774476,-0.243588,-0.0273395,0.0260687,0.284520,-0.219370,0.204556,0.930,1.222
search,lower,6,reverse,93.0387,1157.611,934,rolling,1596.860,1288,1597.514,5.005,0,0,1783746783.873955727,0.502850,-0.097172,0.774476,-0.243588,,,0.284520,-0.219370,0.204556,0.930,1.222
search,lower,6,reverse,93.0603,1157.611,934,rolling,1596.860,1288,1597.514,5.005,0,0,1783746783.873955727,0.502850,-0.097172,0.774476,-0.243588,,,0.284520,-0.219370,0.204556,0.930,1.222
search,lower,6,reverse,93.0818,1157.611,934,rolling,1596.860,1288,1597.514,5.005,0,0,1783746783.873955727,0.502850,-0.097172,0.774476,-0.243588,,,0.284520,-0.219370,0.204556,0.930,1.222
search,lower,6,reverse,93.1034,1157.611,934,rolling,1596.860,1288,1597.514,5.005,0,0,1783746783.873955727,0.502850,-0.097172,0.774476,-0.243588,,,0.284520,-0.219370,0.204556,0.909,1.190
search,lower,6,reverse,93.1103,1157.611,934,rolling,1596.860,1288,1597.514,5.005,0,0,1783746783.873955727,0.502850,-0.097172,0.774476,-0.243588,,,0.284520,-0.219370,0.204556,0.909,1.190
search,lower,6,reverse,93.1323,1157.611,934,rolling,1596.999,1288,1597.428,4.919,1,16,1783746783.974525690,0.489194,-0.109625,0.791780,-0.228590,-0.0184643,0.0173043,0.302985,-0.237835,0.221860,0.909,1.190
search,lower,6,reverse,93.1399,1157.611,934,rolling,1596.999,1288,1597.428,4.919,0,0,1783746783.974525690,0.489194,-0.109625,0.791780,-0.228590,,,0.302985,-0.237835,0.221860,0.909,1.190
search,lower,6,reverse,93.1616,1157.611,934,rolling,1596.999,1288,1597.428,4.919,0,0,1783746783.974525690,0.489194,-0.109625,0.791780,-0.228590,,,0.302985,-0.237835,0.221860,0.909,1.190
search,lower,6,reverse,93.1832,1157.611,934,rolling,1596.999,1288,1597.428,4.919,0,0,1783746783.974525690,0.489194,-0.109625,0.791780,-0.228590,,,0.302985,-0.237835,0.221860,0.909,1.190
search,lower,6,reverse,93.2047,1157.611,934,rolling,1596.999,1288,1597.428,4.919,0,0,1783746783.974525690,0.489194,-0.109625,0.791780,-0.228590,,,0.302985,-0.237835,0.221860,0.891,1.202
search,lower,6,reverse,93.2106,1157.611,934,rolling,1597.089,1288,1597.372,4.864,1,17,1783746784.072491407,0.477087,-0.123786,0.810210,-0.218896,-0.0185953,0.0184304,0.321580,-0.256430,0.240290,0.891,1.202
search,lower,6,reverse,93.2211,1157.611,934,rolling,1597.089,1288,1597.372,4.864,0,0,1783746784.072491407,0.477087,-0.123786,0.810210,-0.218896,,,0.321580,-0.256430,0.240290,0.891,1.202
search,lower,6,reverse,93.2429,1157.611,934,rolling,1597.089,1288,1597.372,4.864,0,0,1783746784.072491407,0.477087,-0.123786,0.810210,-0.218896,,,0.321580,-0.256430,0.240290,0.891,1.202
search,lower,6,reverse,93.2646,1157.611,934,rolling,1597.089,1288,1597.372,4.864,0,0,1783746784.072491407,0.477087,-0.123786,0.810210,-0.218896,,,0.321580,-0.256430,0.240290,0.891,1.202
search,lower,6,reverse,93.2862,1157.611,934,rolling,1597.089,1288,1597.372,4.864,0,0,1783746784.072491407,0.477087,-0.123786,0.810210,-0.218896,,,0.321580,-0.256430,0.240290,0.891,1.202
search,lower,6,reverse,93.3077,1157.611,934,rolling,1597.089,1288,1597.372,4.864,0,0,1783746784.072491407,0.477087,-0.123786,0.810210,-0.218896,,,0.321580,-0.256430,0.240290,0.878,1.217
search,lower,6,reverse,93.3113,1157.611,934,rolling,1597.097,1288,1597.326,4.818,1,18,1783746784.172717810,0.464744,-0.140311,0.831888,-0.215317,-0.0205042,0.0216779,0.342084,-0.276934,0.261968,0.878,1.217
search,lower,6,reverse,93.3291,1157.611,934,rolling,1597.097,1288,1597.326,4.818,0,0,1783746784.172717810,0.464744,-0.140311,0.831888,-0.215317,,,0.342084,-0.276934,0.261968,0.878,1.217
search,lower,6,reverse,93.3508,1157.611,934,rolling,1597.097,1288,1597.326,4.818,0,0,1783746784.172717810,0.464744,-0.140311,0.831888,-0.215317,,,0.342084,-0.276934,0.261968,0.878,1.217
search,lower,6,reverse,93.3723,1157.611,934,rolling,1597.097,1288,1597.326,4.818,0,0,1783746784.172717810,0.464744,-0.140311,0.831888,-0.215317,,,0.342084,-0.276934,0.261968,0.878,1.217
search,lower,6,reverse,93.3938,1157.611,934,rolling,1597.097,1288,1597.326,4.818,0,0,1783746784.172717810,0.464744,-0.140311,0.831888,-0.215317,,,0.342084,-0.276934,0.261968,0.857,1.234
search,lower,6,reverse,93.4114,1157.611,934,rolling,1597.067,1288,1597.283,4.774,1,19,1783746784.273351192,0.450068,-0.155748,0.852314,-0.214377,-0.0212897,0.0204254,0.363374,-0.298224,0.282394,0.857,1.234
search,lower,6,reverse,93.4286,1157.611,934,rolling,1597.067,1288,1597.283,4.774,0,0,1783746784.273351192,0.450068,-0.155748,0.852314,-0.214377,,,0.363374,-0.298224,0.282394,0.857,1.234
search,lower,6,reverse,93.4502,1157.611,934,rolling,1597.067,1288,1597.283,4.774,0,0,1783746784.273351192,0.450068,-0.155748,0.852314,-0.214377,,,0.363374,-0.298224,0.282394,0.857,1.234
search,lower,6,reverse,93.4718,1157.611,934,rolling,1597.067,1288,1597.283,4.774,0,0,1783746784.273351192,0.450068,-0.155748,0.852314,-0.214377,,,0.363374,-0.298224,0.282394,0.857,1.234
search,lower,6,reverse,93.4933,1157.611,934,rolling,1597.067,1288,1597.283,4.774,0,0,1783746784.273351192,0.450068,-0.155748,0.852314,-0.214377,,,0.363374,-0.298224,0.282394,0.840,1.250
search,lower,6,reverse,93.5095,1157.611,934,rolling,1596.744,1288,1597.193,4.684,1,20,1783746784.373524427,0.432795,-0.177444,0.869810,-0.229945,-0.0277130,0.0174959,0.391087,-0.325937,0.299889,0.840,1.250
search,lower,6,reverse,93.5271,1157.611,934,rolling,1596.744,1288,1597.193,4.684,0,0,1783746784.373524427,0.432795,-0.177444,0.869810,-0.229945,,,0.391087,-0.325937,0.299889,0.840,1.250
search,lower,6,reverse,93.5487,1157.611,934,rolling,1596.744,1288,1597.193,4.684,0,0,1783746784.373524427,0.432795,-0.177444,0.869810,-0.229945,,,0.391087,-0.325937,0.299889,0.840,1.250
search,lower,6,reverse,93.5702,1157.611,934,rolling,1596.744,1288,1597.193,4.684,0,0,1783746784.373524427,0.432795,-0.177444,0.869810,-0.229945,,,0.391087,-0.325937,0.299889,0.840,1.250
search,lower,6,reverse,93.5917,1157.611,934,rolling,1596.744,1288,1597.193,4.684,0,0,1783746784.373524427,0.432795,-0.177444,0.869810,-0.229945,,,0.391087,-0.325937,0.299889,0.822,1.271
search,lower,6,reverse,93.6099,1157.611,934,rolling,1596.547,1288,1597.087,4.578,1,21,1783746784.471606016,0.418239,-0.197766,0.888002,-0.236017,-0.0249354,0.0181928,0.416022,-0.350872,0.318082,0.822,1.271
search,lower,6,reverse,93.6235,1157.611,934,rolling,1596.547,1288,1597.087,4.578,0,0,1783746784.471606016,0.418239,-0.197766,0.888002,-0.236017,,,0.416022,-0.350872,0.318082,0.822,1.271
search,lower,6,reverse,93.6452,1157.611,934,rolling,1596.547,1288,1597.087,4.578,0,0,1783746784.471606016,0.418239,-0.197766,0.888002,-0.236017,,,0.416022,-0.350872,0.318082,0.822,1.271
search,lower,6,reverse,93.6667,1157.611,934,rolling,1596.547,1288,1597.087,4.578,0,0,1783746784.471606016,0.418239,-0.197766,0.888002,-0.236017,,,0.416022,-0.350872,0.318082,0.822,1.271
search,lower,6,reverse,93.6882,1157.611,934,rolling,1596.547,1288,1597.087,4.578,0,0,1783746784.471606016,0.418239,-0.197766,0.888002,-0.236017,,,0.416022,-0.350872,0.318082,0.805,1.291
search,lower,6,reverse,93.7104,1157.611,934,rolling,1596.295,1287,1596.955,4.446,1,22,1783746784.572049379,0.403581,-0.220465,0.912404,-0.243947,-0.0268925,0.0244012,0.442915,-0.377765,0.342483,0.805,1.291
search,lower,6,reverse,93.7253,1157.611,934,rolling,1596.295,1287,1596.955,4.446,0,0,1783746784.572049379,0.403581,-0.220465,0.912404,-0.243947,,,0.442915,-0.377765,0.342483,0.805,1.291
search,lower,6,reverse,93.7469,1157.611,934,rolling,1596.295,1287,1596.955,4.446,0,0,1783746784.572049379,0.403581,-0.220465,0.912404,-0.243947,,,0.442915,-0.377765,0.342483,0.805,1.291
search,lower,6,reverse,93.7686,1157.611,934,rolling,1596.295,1287,1596.955,4.446,0,0,1783746784.572049379,0.403581,-0.220465,0.912404,-0.243947,,,0.442915,-0.377765,0.342483,0.805,1.291
search,lower,6,reverse,93.7904,1157.611,934,rolling,1596.295,1287,1596.955,4.446,0,0,1783746784.572049379,0.403581,-0.220465,0.912404,-0.243947,,,0.442915,-0.377765,0.342483,0.790,1.311
search,lower,6,reverse,93.8080,1157.611,934,rolling,1596.195,1287,1596.828,4.319,1,23,1783746784.672280073,0.389080,-0.239255,0.935524,-0.242160,-0.0237344,0.0231204,0.466649,-0.401499,0.365604,0.790,1.311
search,lower,6,reverse,93.8253,1157.611,934,rolling,1596.195,1287,1596.828,4.319,0,0,1783746784.672280073,0.389080,-0.239255,0.935524,-0.242160,,,0.466649,-0.401499,0.365604,0.790,1.311
search,lower,6,reverse,93.8469,1157.611,934,rolling,1596.195,1287,1596.828,4.319,0,0,1783746784.672280073,0.389080,-0.239255,0.935524,-0.242160,,,0.466649,-0.401499,0.365604,0.790,1.311
search,lower,6,reverse,93.8684,1157.611,934,rolling,1596.195,1287,1596.828,4.319,0,0,1783746784.672280073,0.389080,-0.239255,0.935524,-0.242160,,,0.466649,-0.401499,0.365604,0.790,1.311
search,lower,6,reverse,93.8899,1157.611,934,rolling,1596.195,1287,1596.828,4.319,0,0,1783746784.672280073,0.389080,-0.239255,0.935524,-0.242160,,,0.466649,-0.401499,0.365604,0.771,1.331
search,lower,6,reverse,93.9084,1157.611,934,rolling,1596.087,1287,1596.707,4.198,1,24,1783746784.770136595,0.375933,-0.258573,0.957827,-0.241295,-0.0233583,0.0223029,0.490007,-0.424857,0.387907,0.771,1.331
search,lower,6,reverse,93.9165,1157.611,934,rolling,1596.087,1287,1596.707,4.198,0,0,1783746784.770136595,0.375933,-0.258573,0.957827,-0.241295,,,0.490007,-0.424857,0.387907,0.771,1.331
search,lower,6,reverse,93.9382,1157.611,934,rolling,1596.087,1287,1596.707,4.198,0,0,1783746784.770136595,0.375933,-0.258573,0.957827,-0.241295,,,0.490007,-0.424857,0.387907,0.771,1.331
search,lower,6,reverse,93.9597,1157.611,934,rolling,1596.087,1287,1596.707,4.198,0,0,1783746784.770136595,0.375933,-0.258573,0.957827,-0.241295,,,0.490007,-0.424857,0.387907,0.771,1.331
search,lower,6,reverse,93.9814,1157.611,934,rolling,1596.087,1287,1596.707,4.198,0,0,1783746784.770136595,0.375933,-0.258573,0.957827,-0.241295,,,0.490007,-0.424857,0.387907,0.771,1.331
search,lower,6,reverse,94.0030,1157.611,934,rolling,1596.087,1287,1596.707,4.198,0,0,1783746784.770136595,0.375933,-0.258573,0.957827,-0.241295,,,0.490007,-0.424857,0.387907,0.755,1.349
search,lower,6,reverse,94.0086,1157.611,934,rolling,1596.192,1287,1596.621,4.112,1,25,1783746784.870419264,0.366691,-0.275391,0.981147,-0.228578,-0.0190965,0.0233199,0.509104,-0.443954,0.411227,0.755,1.349
search,lower,6,reverse,94.0209,1157.611,934,rolling,1596.192,1287,1596.621,4.112,0,0,1783746784.870419264,0.366691,-0.275391,0.981147,-0.228578,,,0.509104,-0.443954,0.411227,0.755,1.349
search,lower,6,reverse,94.0425,1157.611,934,rolling,1596.192,1287,1596.621,4.112,0,0,1783746784.870419264,0.366691,-0.275391,0.981147,-0.228578,,,0.509104,-0.443954,0.411227,0.755,1.349
search,lower,6,reverse,94.0642,1157.611,934,rolling,1596.192,1287,1596.621,4.112,0,0,1783746784.870419264,0.366691,-0.275391,0.981147,-0.228578,,,0.509104,-0.443954,0.411227,0.755,1.349
search,lower,6,reverse,94.0858,1157.611,934,rolling,1596.192,1287,1596.621,4.112,0,0,1783746784.870419264,0.366691,-0.275391,0.981147,-0.228578,,,0.509104,-0.443954,0.411227,0.742,1.365
search,lower,6,reverse,94.1065,1157.611,934,rolling,1596.218,1287,1596.553,4.044,1,26,1783746784.970725298,0.358789,-0.294634,1.001828,-0.222352,-0.0204296,0.0206810,0.529533,-0.464383,0.431908,0.742,1.365
search,lower,6,reverse,94.1257,1157.611,934,rolling,1596.218,1287,1596.553,4.044,0,0,1783746784.970725298,0.358789,-0.294634,1.001828,-0.222352,,,0.529533,-0.464383,0.431908,0.742,1.365
search,lower,6,reverse,94.1473,1157.611,934,rolling,1596.218,1287,1596.553,4.044,0,0,1783746784.970725298,0.358789,-0.294634,1.001828,-0.222352,,,0.529533,-0.464383,0.431908,0.742,1.365
search,lower,6,reverse,94.1688,1157.611,934,rolling,1596.218,1287,1596.553,4.044,0,0,1783746784.970725298,0.358789,-0.294634,1.001828,-0.222352,,,0.529533,-0.464383,0.431908,0.742,1.365
search,lower,6,reverse,94.1903,1157.611,934,rolling,1596.218,1287,1596.553,4.044,0,0,1783746784.970725298,0.358789,-0.294634,1.001828,-0.222352,,,0.529533,-0.464383,0.431908,0.728,1.387
search,lower,6,reverse,94.2068,1157.611,934,rolling,1596.243,1287,1596.502,3.994,1,27,1783746785.068592548,0.348394,-0.311477,1.020242,-0.217322,-0.0197922,0.0184144,0.549326,-0.484176,0.450322,0.728,1.387
search,lower,6,reverse,94.2194,1157.611,934,rolling,1596.243,1287,1596.502,3.994,0,0,1783746785.068592548,0.348394,-0.311477,1.020242,-0.217322,,,0.549326,-0.484176,0.450322,0.728,1.387
search,lower,6,reverse,94.2410,1157.611,934,rolling,1596.243,1287,1596.502,3.994,0,0,1783746785.068592548,0.348394,-0.311477,1.020242,-0.217322,,,0.549326,-0.484176,0.450322,0.728,1.387
search,lower,6,reverse,94.2625,1157.611,934,rolling,1596.243,1287,1596.502,3.994,0,0,1783746785.068592548,0.348394,-0.311477,1.020242,-0.217322,,,0.549326,-0.484176,0.450322,0.728,1.387
search,lower,6,reverse,94.2840,1157.611,934,rolling,1596.243,1287,1596.502,3.994,0,0,1783746785.068592548,0.348394,-0.311477,1.020242,-0.217322,,,0.549326,-0.484176,0.450322,0.714,1.403
search,lower,6,reverse,94.3046,1157.611,934,rolling,1596.243,1287,1596.502,3.994,0,0,1783746785.068592548,0.348394,-0.311477,1.020242,-0.217322,,,0.549326,-0.484176,0.450322,0.714,1.403
search,lower,6,reverse,94.3265,1157.611,934,rolling,1596.045,1287,1596.426,3.917,1,28,1783746785.168918371,0.334509,-0.332351,1.035237,-0.225404,-0.0250463,0.0149947,0.574372,-0.509222,0.465317,0.714,1.403
search,lower,6,reverse,94.3284,1157.611,934,rolling,1596.045,1287,1596.426,3.917,0,0,1783746785.168918371,0.334509,-0.332351,1.035237,-0.225404,,,0.574372,-0.509222,0.465317,0.714,1.403
search,lower,6,reverse,94.3499,1157.611,934,rolling,1596.045,1287,1596.426,3.917,0,0,1783746785.168918371,0.334509,-0.332351,1.035237,-0.225404,,,0.574372,-0.509222,0.465317,0.714,1.403
search,lower,6,reverse,94.3714,1157.611,934,rolling,1596.045,1287,1596.426,3.917,0,0,1783746785.168918371,0.334509,-0.332351,1.035237,-0.225404,,,0.574372,-0.509222,0.465317,0.714,1.403
search,lower,6,reverse,94.3929,1157.611,934,rolling,1596.045,1287,1596.426,3.917,0,0,1783746785.168918371,0.334509,-0.332351,1.035237,-0.225404,,,0.574372,-0.509222,0.465317,0.696,1.428
search,lower,6,reverse,94.4054,1157.611,934,rolling,1595.920,1287,1596.343,3.834,1,29,1783746785.266809225,0.321649,-0.351668,1.055454,-0.228205,-0.0231617,0.0202170,0.597534,-0.532384,0.485534,0.696,1.428
search,lower,6,reverse,94.4181,1157.611,934,rolling,1595.920,1287,1596.343,3.834,0,0,1783746785.266809225,0.321649,-0.351668,1.055454,-0.228205,,,0.597534,-0.532384,0.485534,0.696,1.428
search,lower,6,reverse,94.4397,1157.611,934,rolling,1595.920,1287,1596.343,3.834,0,0,1783746785.266809225,0.321649,-0.351668,1.055454,-0.228205,,,0.597534,-0.532384,0.485534,0.696,1.428
search,lower,6,reverse,94.4613,1157.611,934,rolling,1595.920,1287,1596.343,3.834,0,0,1783746785.266809225,0.321649,-0.351668,1.055454,-0.228205,,,0.597534,-0.532384,0.485534,0.696,1.428
search,lower,6,reverse,94.4828,1157.611,934,rolling,1595.920,1287,1596.343,3.834,0,0,1783746785.266809225,0.321649,-0.351668,1.055454,-0.228205,,,0.597534,-0.532384,0.485534,0.696,1.428
search,lower,6,reverse,94.5044,1157.611,934,rolling,1595.920,1287,1596.343,3.834,0,0,1783746785.266809225,0.321649,-0.351668,1.055454,-0.228205,,,0.597534,-0.532384,0.485534,0.680,1.446
search,lower,6,reverse,94.5069,1157.611,934,rolling,1595.823,1287,1596.256,3.747,1,30,1783746785.367066860,0.311882,-0.372717,1.079557,-0.228878,-0.0231491,0.0241031,0.620683,-0.555533,0.509637,0.680,1.446
search,lower,6,reverse,94.5221,1157.611,934,rolling,1595.823,1287,1596.256,3.747,0,0,1783746785.367066860,0.311882,-0.372717,1.079557,-0.228878,,,0.620683,-0.555533,0.509637,0.680,1.446
search,lower,6,reverse,94.5437,1157.611,934,rolling,1595.823,1287,1596.256,3.747,0,0,1783746785.367066860,0.311882,-0.372717,1.079557,-0.228878,,,0.620683,-0.555533,0.509637,0.680,1.446
search,lower,6,reverse,94.5653,1157.611,934,rolling,1595.823,1287,1596.256,3.747,0,0,1783746785.367066860,0.311882,-0.372717,1.079557,-0.228878,,,0.620683,-0.555533,0.509637,0.680,1.446
search,lower,6,reverse,94.5872,1157.611,934,rolling,1595.823,1287,1596.256,3.747,0,0,1783746785.367066860,0.311882,-0.372717,1.079557,-0.228878,,,0.620683,-0.555533,0.509637,0.663,1.468
search,lower,6,reverse,94.6058,1157.611,934,rolling,1595.850,1287,1596.188,3.679,1,31,1783746785.467699528,0.301670,-0.390499,1.102101,-0.222557,-0.0204882,0.0225437,0.641171,-0.576021,0.532181,0.663,1.468
search,lower,6,reverse,94.6245,1157.611,934,rolling,1595.850,1287,1596.188,3.679,0,0,1783746785.467699528,0.301670,-0.390499,1.102101,-0.222557,,,0.641171,-0.576021,0.532181,0.663,1.468
search,lower,6,reverse,94.6463,1157.611,934,rolling,1595.850,1287,1596.188,3.679,0,0,1783746785.467699528,0.301670,-0.390499,1.102101,-0.222557,,,0.641171,-0.576021,0.532181,0.663,1.468
search,lower,6,reverse,94.6681,1157.611,934,rolling,1595.850,1287,1596.188,3.679,0,0,1783746785.467699528,0.301670,-0.390499,1.102101,-0.222557,,,0.641171,-0.576021,0.532181,0.663,1.468
search,lower,6,reverse,94.6897,1157.611,934,rolling,1595.850,1287,1596.188,3.679,0,0,1783746785.467699528,0.301670,-0.390499,1.102101,-0.222557,,,0.641171,-0.576021,0.532181,0.649,1.343
search,lower,6,reverse,94.7064,1157.611,934,rolling,1595.814,1287,1596.126,3.617,1,32,1783746785.567961454,0.294172,-0.410896,1.123852,-0.220803,-0.0216104,0.0217508,0.662781,-0.597631,0.553932,0.649,1.343
search,lower,6,reverse,94.7167,1157.611,934,rolling,1595.814,1287,1596.126,3.617,0,0,1783746785.567961454,0.294172,-0.410896,1.123852,-0.220803,,,0.662781,-0.597631,0.553932,0.649,1.343
search,lower,6,reverse,94.7385,1157.611,934,rolling,1595.814,1287,1596.126,3.617,0,0,1783746785.567961454,0.294172,-0.410896,1.123852,-0.220803,,,0.662781,-0.597631,0.553932,0.649,1.343
search,lower,6,reverse,94.7600,1157.611,934,rolling,1595.814,1287,1596.126,3.617,0,0,1783746785.567961454,0.294172,-0.410896,1.123852,-0.220803,,,0.662781,-0.597631,0.553932,0.649,1.343
search,lower,6,reverse,94.7817,1157.611,934,rolling,1595.814,1287,1596.126,3.617,0,0,1783746785.567961454,0.294172,-0.410896,1.123852,-0.220803,,,0.662781,-0.597631,0.553932,0.649,1.343
search,lower,6,reverse,94.8035,1157.611,934,rolling,1595.814,1287,1596.126,3.617,0,0,1783746785.567961454,0.294172,-0.410896,1.123852,-0.220803,,,0.662781,-0.597631,0.553932,0.633,1.376
search,lower,6,reverse,94.8064,1157.611,934,rolling,1595.842,1287,1596.078,3.569,1,33,1783746785.668454647,0.287892,-0.430215,1.145941,-0.215766,-0.0201644,0.0220895,0.682946,-0.617796,0.576021,0.633,1.376
search,lower,6,reverse,94.8178,1157.611,934,rolling,1595.842,1287,1596.078,3.569,0,0,1783746785.668454647,0.287892,-0.430215,1.145941,-0.215766,,,0.682946,-0.617796,0.576021,0.633,1.376
search,lower,6,reverse,94.8395,1157.611,934,rolling,1595.842,1287,1596.078,3.569,0,0,1783746785.668454647,0.287892,-0.430215,1.145941,-0.215766,,,0.682946,-0.617796,0.576021,0.633,1.376
search,lower,6,reverse,94.8612,1157.611,934,rolling,1595.842,1287,1596.078,3.569,0,0,1783746785.668454647,0.287892,-0.430215,1.145941,-0.215766,,,0.682946,-0.617796,0.576021,0.633,1.376
search,lower,6,reverse,94.8829,1157.611,934,rolling,1595.842,1287,1596.078,3.569,0,0,1783746785.668454647,0.287892,-0.430215,1.145941,-0.215766,,,0.682946,-0.617796,0.576021,0.633,1.376
search,lower,6,reverse,94.9045,1157.611,934,rolling,1595.842,1287,1596.078,3.569,0,0,1783746785.668454647,0.287892,-0.430215,1.145941,-0.215766,,,0.682946,-0.617796,0.576021,0.617,1.402
search,lower,6,reverse,94.9074,1157.611,934,rolling,1595.601,1287,1595.998,3.490,1,34,1783746785.768759489,0.279263,-0.454770,1.169330,-0.226510,-0.0259532,0.0233887,0.708899,-0.643749,0.599410,0.617,1.402
search,lower,6,reverse,94.9270,1157.611,934,rolling,1595.601,1287,1595.998,3.490,0,0,1783746785.768759489,0.279263,-0.454770,1.169330,-0.226510,,,0.708899,-0.643749,0.599410,0.617,1.402
search,lower,6,reverse,94.9486,1157.611,934,rolling,1595.601,1287,1595.998,3.490,0,0,1783746785.768759489,0.279263,-0.454770,1.169330,-0.226510,,,0.708899,-0.643749,0.599410,0.617,1.402
search,lower,6,reverse,94.9702,1157.611,934,rolling,1595.601,1287,1595.998,3.490,0,0,1783746785.768759489,0.279263,-0.454770,1.169330,-0.226510,,,0.708899,-0.643749,0.599410,0.617,1.402
search,lower,6,reverse,94.9917,1157.611,934,rolling,1595.601,1287,1595.998,3.490,0,0,1783746785.768759489,0.279263,-0.454770,1.169330,-0.226510,,,0.708899,-0.643749,0.599410,0.608,1.405
search,lower,6,reverse,95.0078,1157.611,934,rolling,1595.346,1287,1595.889,3.380,1,35,1783746785.869517565,0.270077,-0.479882,1.192627,-0.236176,-0.0267186,0.0232972,0.735617,-0.670467,0.622707,0.608,1.405
search,lower,6,reverse,95.0145,1157.611,934,rolling,1595.346,1287,1595.889,3.380,0,0,1783746785.869517565,0.270077,-0.479882,1.192627,-0.236176,,,0.735617,-0.670467,0.622707,0.608,1.405
search,lower,6,reverse,95.0361,1157.611,934,rolling,1595.346,1287,1595.889,3.380,0,0,1783746785.869517565,0.270077,-0.479882,1.192627,-0.236176,,,0.735617,-0.670467,0.622707,0.608,1.405
search,lower,6,reverse,95.0576,1157.611,934,rolling,1595.346,1287,1595.889,3.380,0,0,1783746785.869517565,0.270077,-0.479882,1.192627,-0.236176,,,0.735617,-0.670467,0.622707,0.608,1.405
search,lower,6,reverse,95.0791,1157.611,934,rolling,1595.346,1287,1595.889,3.380,0,0,1783746785.869517565,0.270077,-0.479882,1.192627,-0.236176,,,0.735617,-0.670467,0.622707,0.608,1.405
search,lower,6,reverse,95.1007,1157.611,934,rolling,1595.346,1287,1595.889,3.380,0,0,1783746785.869517565,0.270077,-0.479882,1.192627,-0.236176,,,0.735617,-0.670467,0.622707,0.586,1.270
search,lower,6,reverse,95.1080,1157.611,934,rolling,1595.087,1286,1595.755,3.246,1,36,1783746785.969667435,0.262169,-0.505780,1.215953,-0.244563,-0.0270126,0.0233254,0.762630,-0.697480,0.646032,0.586,1.270
search,lower,7,forward,97.3010,1105.265,891,startup,1417.306,1143,1413.306,-6.078,0,0,1783746788.065305710,0.241679,-0.546681,1.267324,-0.007813,,,0.000000,0.000000,0.000000,0.561,1.245
search,lower,7,forward,97.3043,1105.265,891,startup,1416.066,1142,1413.306,-6.078,1,1,1783746788.165719986,0.242209,-0.546755,1.267737,-0.005642,0.0000877,0.0004133,0.000088,0.000000,0.000000,0.561,1.245
search,lower,7,forward,97.3185,1105.265,891,startup,1416.066,1142,1413.306,-6.078,0,0,1783746788.165719986,0.242209,-0.546755,1.267737,-0.005642,,,0.000088,0.000000,0.000000,0.561,1.245
search,lower,7,forward,97.3401,1105.265,891,startup,1416.066,1142,1413.306,-6.078,0,0,1783746788.165719986,0.242209,-0.546755,1.267737,-0.005642,,,0.000088,0.000000,0.000000,0.561,1.245
search,lower,7,forward,97.3616,1105.265,891,startup,1416.066,1142,1413.306,-6.078,0,0,1783746788.165719986,0.242209,-0.546755,1.267737,-0.005642,,,0.000088,0.000000,0.000000,0.561,1.245
search,lower,7,forward,97.3832,1105.265,891,startup,1416.066,1142,1413.306,-6.078,0,0,1783746788.165719986,0.242209,-0.546755,1.267737,-0.005642,,,0.000088,0.000000,0.000000,0.562,1.254
search,lower,7,forward,97.4044,1105.265,891,startup,1414.826,1141,1413.306,-6.078,1,2,1783746788.266277075,0.243746,-0.546615,1.267986,-0.002758,0.0005925,0.0002493,0.000680,0.000000,0.000000,0.562,1.254
search,lower,7,forward,97.4186,1105.265,891,startup,1414.826,1141,1413.306,-6.078,0,0,1783746788.266277075,0.243746,-0.546615,1.267986,-0.002758,,,0.000680,0.000000,0.000000,0.562,1.254
search,lower,7,forward,97.4402,1105.265,891,startup,1414.826,1141,1413.306,-6.078,0,0,1783746788.266277075,0.243746,-0.546615,1.267986,-0.002758,,,0.000680,0.000000,0.000000,0.562,1.254
search,lower,7,forward,97.4617,1105.265,891,startup,1414.826,1141,1413.306,-6.078,0,0,1783746788.266277075,0.243746,-0.546615,1.267986,-0.002758,,,0.000680,0.000000,0.000000,0.562,1.254
search,lower,7,forward,97.4832,1105.265,891,startup,1414.826,1141,1413.306,-6.078,0,0,1783746788.266277075,0.243746,-0.546615,1.267986,-0.002758,,,0.000680,0.000000,0.000000,0.564,1.250
search,lower,7,forward,97.5051,1105.265,891,startup,1413.586,1140,1413.306,-6.078,1,3,1783746788.366377115,0.236197,-0.544707,1.266210,-0.003161,-0.0004372,-0.0017760,0.001117,0.000000,0.000000,0.564,1.250
search,lower,7,forward,97.5200,1105.265,891,startup,1413.586,1140,1413.306,-6.078,0,0,1783746788.366377115,0.236197,-0.544707,1.266210,-0.003161,,,0.001117,0.000000,0.000000,0.564,1.250
search,lower,7,forward,97.5416,1105.265,891,startup,1413.586,1140,1413.306,-6.078,0,0,1783746788.366377115,0.236197,-0.544707,1.266210,-0.003161,,,0.001117,0.000000,0.000000,0.564,1.250
search,lower,7,forward,97.5631,1105.265,891,startup,1413.586,1140,1413.306,-6.078,0,0,1783746788.366377115,0.236197,-0.544707,1.266210,-0.003161,,,0.001117,0.000000,0.000000,0.564,1.250
search,lower,7,forward,97.5847,1105.265,891,startup,1413.586,1140,1413.306,-6.078,0,0,1783746788.366377115,0.236197,-0.544707,1.266210,-0.003161,,,0.001117,0.000000,0.000000,0.566,1.242
search,lower,7,forward,97.6052,1105.265,891,startup,1412.346,1139,1413.306,-6.078,1,4,1783746788.467014074,0.238714,-0.540325,1.262307,0.009895,0.0049375,-0.0039035,0.006055,0.000000,0.000000,0.566,1.242
search,lower,7,forward,97.6237,1105.265,891,startup,1412.346,1139,1413.306,-6.078,0,0,1783746788.467014074,0.238714,-0.540325,1.262307,0.009895,,,0.006055,0.000000,0.000000,0.566,1.242
search,lower,7,forward,97.6453,1105.265,891,startup,1412.346,1139,1413.306,-6.078,0,0,1783746788.467014074,0.238714,-0.540325,1.262307,0.009895,,,0.006055,0.000000,0.000000,0.566,1.242
search,lower,7,forward,97.6669,1105.265,891,startup,1412.346,1139,1413.306,-6.078,0,0,1783746788.467014074,0.238714,-0.540325,1.262307,0.009895,,,0.006055,0.000000,0.000000,0.566,1.242
search,lower,7,forward,97.6884,1105.265,891,startup,1412.346,1139,1413.306,-6.078,0,0,1783746788.467014074,0.238714,-0.540325,1.262307,0.009895,,,0.006055,0.000000,0.000000,0.569,1.250
search,lower,7,forward,97.7056,1105.265,891,startup,1412.346,1139,1413.306,-6.078,0,0,1783746788.467014074,0.238714,-0.540325,1.262307,0.009895,,,0.006055,0.000000,0.000000,0.569,1.250
search,lower,7,forward,97.7275,1105.265,891,startup,1409.246,1136,1413.306,-6.078,1,5,1783746788.567327023,0.247217,-0.529101,1.253366,0.040560,0.0132969,-0.0089411,0.019352,0.000000,0.000000,0.569,1.250
search,lower,7,forward,97.7353,1105.265,891,startup,1409.246,1136,1413.306,-6.078,0,0,1783746788.567327023,0.247217,-0.529101,1.253366,0.040560,,,0.019352,0.000000,0.000000,0.569,1.250
search,lower,7,forward,97.7569,1105.265,891,startup,1409.246,1136,1413.306,-6.078,0,0,1783746788.567327023,0.247217,-0.529101,1.253366,0.040560,,,0.019352,0.000000,0.000000,0.569,1.250
search,lower,7,forward,97.7784,1105.265,891,startup,1409.246,1136,1413.306,-6.078,0,0,1783746788.567327023,0.247217,-0.529101,1.253366,0.040560,,,0.019352,0.000000,0.000000,0.569,1.250
search,lower,7,forward,97.8000,1105.265,891,startup,1409.246,1136,1413.306,-6.078,0,0,1783746788.567327023,0.247217,-0.529101,1.253366,0.040560,,,0.019352,0.000000,0.000000,0.577,1.250
search,lower,7,forward,97.8065,1105.265,891,rolling,1413.306,1140,1413.306,-6.078,1,6,1783746788.667668343,0.247180,-0.516771,1.242608,0.059522,0.0116805,-0.0107571,0.031032,0.000000,0.000000,0.577,1.250
search,lower,7,forward,97.8234,1105.265,891,rolling,1413.306,1140,1413.306,-6.078,0,0,1783746788.667668343,0.247180,-0.516771,1.242608,0.059522,,,0.031032,0.000000,0.000000,0.577,1.250
search,lower,7,forward,97.8451,1105.265,891,rolling,1413.306,1140,1413.306,-6.078,0,0,1783746788.667668343,0.247180,-0.516771,1.242608,0.059522,,,0.031032,0.000000,0.000000,0.577,1.250
search,lower,7,forward,97.8667,1105.265,891,rolling,1413.306,1140,1413.306,-6.078,0,0,1783746788.667668343,0.247180,-0.516771,1.242608,0.059522,,,0.031032,0.000000,0.000000,0.577,1.250
search,lower,7,forward,97.8884,1105.265,891,rolling,1413.306,1140,1413.306,-6.078,0,0,1783746788.667668343,0.247180,-0.516771,1.242608,0.059522,,,0.031032,0.000000,0.000000,0.586,1.429
search,lower,7,forward,97.9065,1105.265,891,rolling,1410.741,1138,1412.970,-6.414,1,7,1783746788.768218994,0.254559,-0.500631,1.233331,0.088564,0.0176660,-0.0092771,0.048698,0.000000,0.000000,0.586,1.429
search,lower,7,forward,97.9246,1105.265,891,rolling,1410.741,1138,1412.970,-6.414,0,0,1783746788.768218994,0.254559,-0.500631,1.233331,0.088564,,,0.048698,0.000000,0.000000,0.586,1.429
search,lower,7,forward,97.9463,1105.265,891,rolling,1410.741,1138,1412.970,-6.414,0,0,1783746788.768218994,0.254559,-0.500631,1.233331,0.088564,,,0.048698,0.000000,0.000000,0.586,1.429
search,lower,7,forward,97.9678,1105.265,891,rolling,1410.741,1138,1412.970,-6.414,0,0,1783746788.768218994,0.254559,-0.500631,1.233331,0.088564,,,0.048698,0.000000,0.000000,0.586,1.429
search,lower,7,forward,97.9894,1105.265,891,rolling,1410.741,1138,1412.970,-6.414,0,0,1783746788.768218994,0.254559,-0.500631,1.233331,0.088564,,,0.048698,0.000000,0.000000,0.596,1.412
search,lower,7,forward,98.0068,1105.265,891,rolling,1410.741,1138,1412.970,-6.414,0,0,1783746788.768218994,0.254559,-0.500631,1.233331,0.088564,,,0.048698,0.000000,0.000000,0.596,1.412
search,lower,7,forward,98.0285,1105.265,891,rolling,1410.604,1138,1412.660,-6.723,1,8,1783746788.868553400,0.260053,-0.489479,1.219675,0.097200,0.0123517,-0.0136563,0.061050,0.000000,0.000000,0.596,1.412
search,lower,7,forward,98.0304,1105.265,891,rolling,1410.604,1138,1412.660,-6.723,0,0,1783746788.868553400,0.260053,-0.489479,1.219675,0.097200,,,0.061050,0.000000,0.000000,0.596,1.412
search,lower,7,forward,98.0520,1105.265,891,rolling,1410.604,1138,1412.660,-6.723,0,0,1783746788.868553400,0.260053,-0.489479,1.219675,0.097200,,,0.061050,0.000000,0.000000,0.596,1.412
search,lower,7,forward,98.0735,1105.265,891,rolling,1410.604,1138,1412.660,-6.723,0,0,1783746788.868553400,0.260053,-0.489479,1.219675,0.097200,,,0.061050,0.000000,0.000000,0.596,1.412
search,lower,7,forward,98.0951,1105.265,891,rolling,1410.604,1138,1412.660,-6.723,0,0,1783746788.868553400,0.260053,-0.489479,1.219675,0.097200,,,0.061050,0.000000,0.000000,0.603,1.396
search,lower,7,forward,98.1046,1105.265,891,rolling,1410.707,1138,1412.405,-6.979,1,9,1783746788.968870878,0.267450,-0.474170,1.200203,0.115102,0.0169343,-0.0194721,0.077984,0.016934,-0.019472,0.603,1.396
search,lower,7,forward,98.1235,1105.265,891,rolling,1410.707,1138,1412.405,-6.979,0,0,1783746788.968870878,0.267450,-0.474170,1.200203,0.115102,,,0.077984,0.016934,-0.019472,0.603,1.396
search,lower,7,forward,98.1452,1105.265,891,rolling,1410.707,1138,1412.405,-6.979,0,0,1783746788.968870878,0.267450,-0.474170,1.200203,0.115102,,,0.077984,0.016934,-0.019472,0.603,1.396
search,lower,7,forward,98.1669,1105.265,891,rolling,1410.707,1138,1412.405,-6.979,0,0,1783746788.968870878,0.267450,-0.474170,1.200203,0.115102,,,0.077984,0.016934,-0.019472,0.603,1.396
search,lower,7,forward,98.1885,1105.265,891,rolling,1410.707,1138,1412.405,-6.979,0,0,1783746788.968870878,0.267450,-0.474170,1.200203,0.115102,,,0.077984,0.016934,-0.019472,0.615,1.373
search,lower,7,forward,98.2052,1105.265,891,rolling,1411.218,1138,1412.253,-7.131,1,10,1783746789.066804886,0.273269,-0.450374,1.179649,0.148241,0.0242542,-0.0205536,0.102238,0.041188,-0.040026,0.615,1.373
search,lower,7,forward,98.2239,1105.265,891,rolling,1411.218,1138,1412.253,-7.131,0,0,1783746789.066804886,0.273269,-0.450374,1.179649,0.148241,,,0.102238,0.041188,-0.040026,0.615,1.373
search,lower,7,forward,98.2456,1105.265,891,rolling,1411.218,1138,1412.253,-7.131,0,0,1783746789.066804886,0.273269,-0.450374,1.179649,0.148241,,,0.102238,0.041188,-0.040026,0.615,1.373
search,lower,7,forward,98.2671,1105.265,891,rolling,1411.218,1138,1412.253,-7.131,0,0,1783746789.066804886,0.273269,-0.450374,1.179649,0.148241,,,0.102238,0.041188,-0.040026,0.615,1.373
search,lower,7,forward,98.2887,1105.265,891,rolling,1411.218,1138,1412.253,-7.131,0,0,1783746789.066804886,0.273269,-0.450374,1.179649,0.148241,,,0.102238,0.041188,-0.040026,0.629,1.360
search,lower,7,forward,98.3054,1105.265,891,rolling,1411.610,1138,1412.169,-7.215,1,11,1783746789.167344570,0.277997,-0.425772,1.157986,0.172080,0.0244914,-0.0216636,0.126730,0.065680,-0.061689,0.629,1.360
search,lower,7,forward,98.3244,1105.265,891,rolling,1411.610,1138,1412.169,-7.215,0,0,1783746789.167344570,0.277997,-0.425772,1.157986,0.172080,,,0.126730,0.065680,-0.061689,0.629,1.360
search,lower,7,forward,98.3461,1105.265,891,rolling,1411.610,1138,1412.169,-7.215,0,0,1783746789.167344570,0.277997,-0.425772,1.157986,0.172080,,,0.126730,0.065680,-0.061689,0.629,1.360
search,lower,7,forward,98.3677,1105.265,891,rolling,1411.610,1138,1412.169,-7.215,0,0,1783746789.167344570,0.277997,-0.425772,1.157986,0.172080,,,0.126730,0.065680,-0.061689,0.629,1.360
search,lower,7,forward,98.3894,1105.265,891,rolling,1411.610,1138,1412.169,-7.215,0,0,1783746789.167344570,0.277997,-0.425772,1.157986,0.172080,,,0.126730,0.065680,-0.061689,0.647,1.378
search,lower,7,forward,98.4058,1105.265,891,rolling,1411.735,1138,1412.112,-7.272,1,12,1783746789.267553329,0.284219,-0.405666,1.135293,0.181162,0.0208843,-0.0226929,0.147614,0.086564,-0.084382,0.647,1.378
search,lower,7,forward,98.4191,1105.265,891,rolling,1411.735,1138,1412.112,-7.272,0,0,1783746789.267553329,0.284219,-0.405666,1.135293,0.181162,,,0.147614,0.086564,-0.084382,0.647,1.378
search,lower,7,forward,98.4408,1105.265,891,rolling,1411.735,1138,1412.112,-7.272,0,0,1783746789.267553329,0.284219,-0.405666,1.135293,0.181162,,,0.147614,0.086564,-0.084382,0.647,1.378
search,lower,7,forward,98.4623,1105.265,891,rolling,1411.735,1138,1412.112,-7.272,0,0,1783746789.267553329,0.284219,-0.405666,1.135293,0.181162,,,0.147614,0.086564,-0.084382,0.647,1.378
search,lower,7,forward,98.4838,1105.265,891,rolling,1411.735,1138,1412.112,-7.272,0,0,1783746789.267553329,0.284219,-0.405666,1.135293,0.181162,,,0.147614,0.086564,-0.084382,0.660,1.457
search,lower,7,forward,98.5061,1105.265,891,rolling,1411.734,1138,1412.063,-7.321,1,13,1783746789.367882967,0.295111,-0.389653,1.114075,0.183579,0.0191460,-0.0212181,0.166760,0.105710,-0.105600,0.660,1.457
search,lower,7,forward,98.5214,1105.265,891,rolling,1411.734,1138,1412.063,-7.321,0,0,1783746789.367882967,0.295111,-0.389653,1.114075,0.183579,,,0.166760,0.105710,-0.105600,0.660,1.457
search,lower,7,forward,98.5430,1105.265,891,rolling,1411.734,1138,1412.063,-7.321,0,0,1783746789.367882967,0.295111,-0.389653,1.114075,0.183579,,,0.166760,0.105710,-0.105600,0.660,1.457
search,lower,7,forward,98.5645,1105.265,891,rolling,1411.734,1138,1412.063,-7.321,0,0,1783746789.367882967,0.295111,-0.389653,1.114075,0.183579,,,0.166760,0.105710,-0.105600,0.660,1.457
search,lower,7,forward,98.5861,1105.265,891,rolling,1411.734,1138,1412.063,-7.321,0,0,1783746789.367882967,0.295111,-0.389653,1.114075,0.183579,,,0.166760,0.105710,-0.105600,0.667,1.442
search,lower,7,forward,98.6044,1105.265,891,rolling,1411.535,1138,1411.994,-7.390,1,14,1783746789.468126774,0.302798,-0.375837,1.093568,0.177080,0.0157967,-0.0205069,0.182557,0.121507,-0.126107,0.667,1.442
search,lower,7,forward,98.6139,1105.265,891,rolling,1411.535,1138,1411.994,-7.390,0,0,1783746789.468126774,0.302798,-0.375837,1.093568,0.177080,,,0.182557,0.121507,-0.126107,0.667,1.442
search,lower,7,forward,98.6355,1105.265,891,rolling,1411.535,1138,1411.994,-7.390,0,0,1783746789.468126774,0.302798,-0.375837,1.093568,0.177080,,,0.182557,0.121507,-0.126107,0.667,1.442
search,lower,7,forward,98.6570,1105.265,891,rolling,1411.535,1138,1411.994,-7.390,0,0,1783746789.468126774,0.302798,-0.375837,1.093568,0.177080,,,0.182557,0.121507,-0.126107,0.667,1.442
search,lower,7,forward,98.6786,1105.265,891,rolling,1411.535,1138,1411.994,-7.390,0,0,1783746789.468126774,0.302798,-0.375837,1.093568,0.177080,,,0.182557,0.121507,-0.126107,0.667,1.442
search,lower,7,forward,98.7001,1105.265,891,rolling,1411.535,1138,1411.994,-7.390,0,0,1783746789.468126774,0.302798,-0.375837,1.093568,0.177080,,,0.182557,0.121507,-0.126107,0.683,1.428
search,lower,7,forward,98.7045,1105.265,891,rolling,1411.380,1138,1411.915,-7.469,1,15,1783746789.566287041,0.307090,-0.360142,1.076240,0.173262,0.0158832,-0.0173277,0.198440,0.137390,-0.143435,0.683,1.428
search,lower,7,forward,98.7192,1105.265,891,rolling,1411.380,1138,1411.915,-7.469,0,0,1783746789.566287041,0.307090,-0.360142,1.076240,0.173262,,,0.198440,0.137390,-0.143435,0.683,1.428
search,lower,7,forward,98.7410,1105.265,891,rolling,1411.380,1138,1411.915,-7.469,0,0,1783746789.566287041,0.307090,-0.360142,1.076240,0.173262,,,0.198440,0.137390,-0.143435,0.683,1.428
search,lower,7,forward,98.7631,1105.265,891,rolling,1411.380,1138,1411.915,-7.469,0,0,1783746789.566287041,0.307090,-0.360142,1.076240,0.173262,,,0.198440,0.137390,-0.143435,0.683,1.428
search,lower,7,forward,98.7860,1105.265,891,rolling,1411.380,1138,1411.915,-7.469,0,0,1783746789.566287041,0.307090,-0.360142,1.076240,0.173262,,,0.198440,0.137390,-0.143435,0.694,1.413
search,lower,7,forward,98.8019,1105.265,891,rolling,1411.308,1138,1411.836,-7.548,1,16,1783746789.666489601,0.313586,-0.343742,1.059363,0.173608,0.0175000,-0.0168776,0.215940,0.154890,-0.160312,0.694,1.413
search,lower,7,forward,98.8085,1105.265,891,rolling,1411.308,1138,1411.836,-7.548,0,0,1783746789.666489601,0.313586,-0.343742,1.059363,0.173608,,,0.215940,0.154890,-0.160312,0.694,1.413
search,lower,7,forward,98.8302,1105.265,891,rolling,1411.308,1138,1411.836,-7.548,0,0,1783746789.666489601,0.313586,-0.343742,1.059363,0.173608,,,0.215940,0.154890,-0.160312,0.694,1.413
search,lower,7,forward,98.8518,1105.265,891,rolling,1411.308,1138,1411.836,-7.548,0,0,1783746789.666489601,0.313586,-0.343742,1.059363,0.173608,,,0.215940,0.154890,-0.160312,0.694,1.413
search,lower,7,forward,98.8733,1105.265,891,rolling,1411.308,1138,1411.836,-7.548,0,0,1783746789.666489601,0.313586,-0.343742,1.059363,0.173608,,,0.215940,0.154890,-0.160312,0.694,1.413
search,lower,7,forward,98.8948,1105.265,891,rolling,1411.308,1138,1411.836,-7.548,0,0,1783746789.666489601,0.313586,-0.343742,1.059363,0.173608,,,0.215940,0.154890,-0.160312,0.705,1.396
search,lower,7,forward,98.9025,1105.265,891,rolling,1411.205,1138,1411.755,-7.629,1,17,1783746789.764268398,0.322511,-0.329785,1.043211,0.172512,0.0165463,-0.0161514,0.232486,0.171436,-0.176464,0.705,1.396
search,lower,7,forward,98.9139,1105.265,891,rolling,1411.205,1138,1411.755,-7.629,0,0,1783746789.764268398,0.322511,-0.329785,1.043211,0.172512,,,0.232486,0.171436,-0.176464,0.705,1.396
search,lower,7,forward,98.9357,1105.265,891,rolling,1411.205,1138,1411.755,-7.629,0,0,1783746789.764268398,0.322511,-0.329785,1.043211,0.172512,,,0.232486,0.171436,-0.176464,0.705,1.396
search,lower,7,forward,98.9574,1105.265,891,rolling,1411.205,1138,1411.755,-7.629,0,0,1783746789.764268398,0.322511,-0.329785,1.043211,0.172512,,,0.232486,0.171436,-0.176464,0.705,1.396
search,lower,7,forward,98.9789,1105.265,891,rolling,1411.205,1138,1411.755,-7.629,0,0,1783746789.764268398,0.322511,-0.329785,1.043211,0.172512,,,0.232486,0.171436,-0.176464,0.705,1.396
search,lower,7,forward,99.0005,1105.265,891,rolling,1411.205,1138,1411.755,-7.629,0,0,1783746789.764268398,0.322511,-0.329785,1.043211,0.172512,,,0.232486,0.171436,-0.176464,0.717,1.382
search,lower,7,forward,99.0030,1105.265,891,rolling,1411.157,1138,1411.677,-7.707,1,18,1783746789.864539146,0.335583,-0.316740,1.025865,0.173995,0.0178929,-0.0173464,0.250379,0.189329,-0.193810,0.717,1.382
search,lower,7,forward,99.0199,1105.265,891,rolling,1411.157,1138,1411.677,-7.707,0,0,1783746789.864539146,0.335583,-0.316740,1.025865,0.173995,,,0.250379,0.189329,-0.193810,0.717,1.382
search,lower,7,forward,99.0416,1105.265,891,rolling,1411.157,1138,1411.677,-7.707,0,0,1783746789.864539146,0.335583,-0.316740,1.025865,0.173995,,,0.250379,0.189329,-0.193810,0.717,1.382
search,lower,7,forward,99.0631,1105.265,891,rolling,1411.157,1138,1411.677,-7.707,0,0,1783746789.864539146,0.335583,-0.316740,1.025865,0.173995,,,0.250379,0.189329,-0.193810,0.717,1.382
search,lower,7,forward,99.0846,1105.265,891,rolling,1411.157,1138,1411.677,-7.707,0,0,1783746789.864539146,0.335583,-0.316740,1.025865,0.173995,,,0.250379,0.189329,-0.193810,0.733,1.365
search,lower,7,forward,99.1007,1105.265,891,rolling,1411.071,1138,1411.597,-7.786,1,19,1783746789.965053082,0.342177,-0.300396,1.006550,0.173691,0.0173668,-0.0193145,0.267746,0.206696,-0.213125,0.733,1.365
search,lower,7,forward,99.1158,1105.265,891,rolling,1411.071,1138,1411.597,-7.786,0,0,1783746789.965053082,0.342177,-0.300396,1.006550,0.173691,,,0.267746,0.206696,-0.213125,0.733,1.365
search,lower,7,forward,99.1374,1105.265,891,rolling,1411.071,1138,1411.597,-7.786,0,0,1783746789.965053082,0.342177,-0.300396,1.006550,0.173691,,,0.267746,0.206696,-0.213125,0.733,1.365
search,lower,7,forward,99.1589,1105.265,891,rolling,1411.071,1138,1411.597,-7.786,0,0,1783746789.965053082,0.342177,-0.300396,1.006550,0.173691,,,0.267746,0.206696,-0.213125,0.733,1.365
search,lower,7,forward,99.1804,1105.265,891,rolling,1411.071,1138,1411.597,-7.786,0,0,1783746789.965053082,0.342177,-0.300396,1.006550,0.173691,,,0.267746,0.206696,-0.213125,0.744,1.345
search,lower,7,forward,99.2015,1105.265,891,rolling,1410.927,1138,1411.512,-7.872,1,20,1783746790.062891483,0.351940,-0.287824,0.987743,0.170789,0.0158577,-0.0188068,0.283604,0.222554,-0.231932,0.744,1.345
search,lower,7,forward,99.2163,1105.265,891,rolling,1410.927,1138,1411.512,-7.872,0,0,1783746790.062891483,0.351940,-0.287824,0.987743,0.170789,,,0.283604,0.222554,-0.231932,0.744,1.345
search,lower,7,forward,99.2379,1105.265,891,rolling,1410.927,1138,1411.512,-7.872,0,0,1783746790.062891483,0.351940,-0.287824,0.987743,0.170789,,,0.283604,0.222554,-0.231932,0.744,1.345
search,lower,7,forward,99.2595,1105.265,891,rolling,1410.927,1138,1411.512,-7.872,0,0,1783746790.062891483,0.351940,-0.287824,0.987743,0.170789,,,0.283604,0.222554,-0.231932,0.744,1.345
search,lower,7,forward,99.2810,1105.265,891,rolling,1410.927,1138,1411.512,-7.872,0,0,1783746790.062891483,0.351940,-0.287824,0.987743,0.170789,,,0.283604,0.222554,-0.231932,0.760,1.329
search,lower,7,forward,99.3017,1105.265,891,rolling,1410.927,1138,1411.512,-7.872,0,0,1783746790.062891483,0.351940,-0.287824,0.987743,0.170789,,,0.283604,0.222554,-0.231932,0.760,1.329
search,lower,7,forward,99.3238,1105.265,891,rolling,1411.331,1138,1411.488,-7.896,1,21,1783746790.163640499,0.363110,-0.264209,0.963574,0.192154,0.0258170,-0.0241690,0.309421,0.248371,-0.256101,0.760,1.329
search,lower,7,forward,99.3262,1105.265,891,rolling,1411.331,1138,1411.488,-7.896,0,0,1783746790.163640499,0.363110,-0.264209,0.963574,0.192154,,,0.309421,0.248371,-0.256101,0.760,1.329
search,lower,7,forward,99.3478,1105.265,891,rolling,1411.331,1138,1411.488,-7.896,0,0,1783746790.163640499,0.363110,-0.264209,0.963574,0.192154,,,0.309421,0.248371,-0.256101,0.760,1.329
search,lower,7,forward,99.3694,1105.265,891,rolling,1411.331,1138,1411.488,-7.896,0,0,1783746790.163640499,0.363110,-0.264209,0.963574,0.192154,,,0.309421,0.248371,-0.256101,0.760,1.329
search,lower,7,forward,99.3910,1105.265,891,rolling,1411.331,1138,1411.488,-7.896,0,0,1783746790.163640499,0.363110,-0.264209,0.963574,0.192154,,,0.309421,0.248371,-0.256101,0.776,1.311
search,lower,7,forward,99.4023,1105.265,891,rolling,1411.732,1138,1411.520,-7.864,1,22,1783746790.263834000,0.376231,-0.240826,0.939485,0.210629,0.0266568,-0.0240895,0.336077,0.275027,-0.280190,0.776,1.311
search,lower,7,forward,99.4114,1105.265,891,rolling,1411.732,1138,1411.520,-7.864,0,0,1783746790.263834000,0.376231,-0.240826,0.939485,0.210629,,,0.336077,0.275027,-0.280190,0.776,1.311
search,lower,7,forward,99.4330,1105.265,891,rolling,1411.732,1138,1411.520,-7.864,0,0,1783746790.263834000,0.376231,-0.240826,0.939485,0.210629,,,0.336077,0.275027,-0.280190,0.776,1.311
search,lower,7,forward,99.4545,1105.265,891,rolling,1411.732,1138,1411.520,-7.864,0,0,1783746790.263834000,0.376231,-0.240826,0.939485,0.210629,,,0.336077,0.275027,-0.280190,0.776,1.311
search,lower,7,forward,99.4761,1105.265,891,rolling,1411.732,1138,1411.520,-7.864,0,0,1783746790.263834000,0.376231,-0.240826,0.939485,0.210629,,,0.336077,0.275027,-0.280190,0.776,1.311
search,lower,7,forward,99.4976,1105.265,891,rolling,1411.732,1138,1411.520,-7.864,0,0,1783746790.263834000,0.376231,-0.240826,0.939485,0.210629,,,0.336077,0.275027,-0.280190,0.798,1.298
search,lower,7,forward,99.5000,1105.265,891,rolling,1411.505,1138,1411.518,-7.866,1,23,1783746790.364374638,0.386617,-0.227812,0.919108,0.199352,0.0166418,-0.0203774,0.352719,0.291669,-0.300567,0.798,1.298
search,lower,7,forward,99.5208,1105.265,891,rolling,1411.505,1138,1411.518,-7.866,0,0,1783746790.364374638,0.386617,-0.227812,0.919108,0.199352,,,0.352719,0.291669,-0.300567,0.798,1.298
search,lower,7,forward,99.5424,1105.265,891,rolling,1411.505,1138,1411.518,-7.866,0,0,1783746790.364374638,0.386617,-0.227812,0.919108,0.199352,,,0.352719,0.291669,-0.300567,0.798,1.298
search,lower,7,forward,99.5639,1105.265,891,rolling,1411.505,1138,1411.518,-7.866,0,0,1783746790.364374638,0.386617,-0.227812,0.919108,0.199352,,,0.352719,0.291669,-0.300567,0.798,1.298
search,lower,7,forward,99.5854,1105.265,891,rolling,1411.505,1138,1411.518,-7.866,0,0,1783746790.364374638,0.386617,-0.227812,0.919108,0.199352,,,0.352719,0.291669,-0.300567,0.809,1.286
search,lower,7,forward,99.6007,1105.265,891,rolling,1411.221,1138,1411.480,-7.904,1,24,1783746790.462115765,0.394955,-0.215696,0.899029,0.187068,0.0146820,-0.0200782,0.367401,0.306351,-0.320646,0.809,1.286
search,lower,7,forward,99.6090,1105.265,891,rolling,1411.221,1138,1411.480,-7.904,0,0,1783746790.462115765,0.394955,-0.215696,0.899029,0.187068,,,0.367401,0.306351,-0.320646,0.809,1.286
search,lower,7,forward,99.6306,1105.265,891,rolling,1411.221,1138,1411.480,-7.904,0,0,1783746790.462115765,0.394955,-0.215696,0.899029,0.187068,,,0.367401,0.306351,-0.320646,0.809,1.286
search,lower,7,forward,99.6521,1105.265,891,rolling,1411.221,1138,1411.480,-7.904,0,0,1783746790.462115765,0.394955,-0.215696,0.899029,0.187068,,,0.367401,0.306351,-0.320646,0.809,1.286
search,lower,7,forward,99.6736,1105.265,891,rolling,1411.221,1138,1411.480,-7.904,0,0,1783746790.462115765,0.394955,-0.215696,0.899029,0.187068,,,0.367401,0.306351,-0.320646,0.809,1.286
search,lower,7,forward,99.6951,1105.265,891,rolling,1411.221,1138,1411.480,-7.904,0,0,1783746790.462115765,0.394955,-0.215696,0.899029,0.187068,,,0.367401,0.306351,-0.320646,0.821,1.272
search,lower,7,forward,99.7004,1105.265,891,rolling,1411.024,1138,1411.420,-7.963,1,25,1783746790.562630892,0.403189,-0.201734,0.882531,0.180179,0.0160334,-0.0164987,0.383435,0.322385,-0.337144,0.821,1.272
search,lower,7,forward,99.7204,1105.265,891,rolling,1411.024,1138,1411.420,-7.963,0,0,1783746790.562630892,0.403189,-0.201734,0.882531,0.180179,,,0.383435,0.322385,-0.337144,0.821,1.272
search,lower,7,forward,99.7422,1105.265,891,rolling,1411.024,1138,1411.420,-7.963,0,0,1783746790.562630892,0.403189,-0.201734,0.882531,0.180179,,,0.383435,0.322385,-0.337144,0.821,1.272
search,lower,7,forward,99.7637,1105.265,891,rolling,1411.024,1138,1411.420,-7.963,0,0,1783746790.562630892,0.403189,-0.201734,0.882531,0.180179,,,0.383435,0.322385,-0.337144,0.821,1.272
search,lower,7,forward,99.7852,1105.265,891,rolling,1411.024,1138,1411.420,-7.963,0,0,1783746790.562630892,0.403189,-0.201734,0.882531,0.180179,,,0.383435,0.322385,-0.337144,0.851,1.259
search,lower,7,forward,99.8015,1105.265,891,rolling,1410.896,1138,1411.352,-8.032,1,26,1783746790.662603378,0.411507,-0.186764,0.865344,0.177195,0.0168196,-0.0171871,0.400254,0.339204,-0.354331,0.851,1.259
search,lower,7,forward,99.8157,1105.265,891,rolling,1410.896,1138,1411.352,-8.032,0,0,1783746790.662603378,0.411507,-0.186764,0.865344,0.177195,,,0.400254,0.339204,-0.354331,0.851,1.259
search,lower,7,forward,99.8374,1105.265,891,rolling,1410.896,1138,1411.352,-8.032,0,0,1783746790.662603378,0.411507,-0.186764,0.865344,0.177195,,,0.400254,0.339204,-0.354331,0.851,1.259
search,lower,7,forward,99.8589,1105.265,891,rolling,1410.896,1138,1411.352,-8.032,0,0,1783746790.662603378,0.411507,-0.186764,0.865344,0.177195,,,0.400254,0.339204,-0.354331,0.851,1.259
search,lower,7,forward,99.8804,1105.265,891,rolling,1410.896,1138,1411.352,-8.032,0,0,1783746790.662603378,0.411507,-0.186764,0.865344,0.177195,,,0.400254,0.339204,-0.354331,0.856,1.249
search,lower,7,forward,99.9020,1105.265,891,rolling,1410.832,1138,1411.284,-8.100,1,27,1783746790.763404608,0.423878,-0.173739,0.849426,0.177399,0.0179438,-0.0159181,0.418198,0.357148,-0.370249,0.856,1.249
search,lower,7,forward,99.9152,1105.265,891,rolling,1410.832,1138,1411.284,-8.100,0,0,1783746790.763404608,0.423878,-0.173739,0.849426,0.177399,,,0.418198,0.357148,-0.370249,0.856,1.249
search,lower,7,forward,99.9368,1105.265,891,rolling,1410.832,1138,1411.284,-8.100,0,0,1783746790.763404608,0.423878,-0.173739,0.849426,0.177399,,,0.418198,0.357148,-0.370249,0.856,1.249
search,lower,7,forward,99.9583,1105.265,891,rolling,1410.832,1138,1411.284,-8.100,0,0,1783746790.763404608,0.423878,-0.173739,0.849426,0.177399,,,0.418198,0.357148,-0.370249,0.856,1.249
search,lower,7,forward,99.9798,1105.265,891,rolling,1410.832,1138,1411.284,-8.100,0,0,1783746790.763404608,0.423878,-0.173739,0.849426,0.177399,,,0.418198,0.357148,-0.370249,0.877,1.237
search,lower,7,forward,100.0020,1105.265,891,rolling,1410.641,1138,1411.199,-8.184,1,28,1783746790.863882303,0.436020,-0.163560,0.831690,0.172069,0.0156825,-0.0177357,0.433881,0.372831,-0.387985,0.877,1.237
search,lower,7,forward,100.0136,1105.265,891,rolling,1410.641,1138,1411.199,-8.184,0,0,1783746790.863882303,0.436020,-0.163560,0.831690,0.172069,,,0.433881,0.372831,-0.387985,0.877,1.237
search,lower,7,forward,100.0353,1105.265,891,rolling,1410.641,1138,1411.199,-8.184,0,0,1783746790.863882303,0.436020,-0.163560,0.831690,0.172069,,,0.433881,0.372831,-0.387985,0.877,1.237
search,lower,7,forward,100.0569,1105.265,891,rolling,1410.641,1138,1411.199,-8.184,0,0,1783746790.863882303,0.436020,-0.163560,0.831690,0.172069,,,0.433881,0.372831,-0.387985,0.877,1.237
search,lower,7,forward,100.0784,1105.265,891,rolling,1410.641,1138,1411.199,-8.184,0,0,1783746790.863882303,0.436020,-0.163560,0.831690,0.172069,,,0.433881,0.372831,-0.387985,0.877,1.237
search,lower,7,forward,100.1000,1105.265,891,rolling,1410.641,1138,1411.199,-8.184,0,0,1783746790.863882303,0.436020,-0.163560,0.831690,0.172069,,,0.433881,0.372831,-0.387985,0.888,1.223
search,lower,7,forward,100.1027,1105.265,891,rolling,1410.422,1137,1411.098,-8.286,1,29,1783746790.964118719,0.446007,-0.152509,0.809510,0.166199,0.0148940,-0.0221799,0.448775,0.387725,-0.410165,0.888,1.223
search,lower,7,forward,100.1245,1105.265,891,rolling,1410.422,1137,1411.098,-8.286,0,0,1783746790.964118719,0.446007,-0.152509,0.809510,0.166199,,,0.448775,0.387725,-0.410165,0.888,1.223
search,lower,7,forward,100.1462,1105.265,891,rolling,1410.422,1137,1411.098,-8.286,0,0,1783746790.964118719,0.446007,-0.152509,0.809510,0.166199,,,0.448775,0.387725,-0.410165,0.888,1.223
search,lower,7,forward,100.1677,1105.265,891,rolling,1410.422,1137,1411.098,-8.286,0,0,1783746790.964118719,0.446007,-0.152509,0.809510,0.166199,,,0.448775,0.387725,-0.410165,0.888,1.223
search,lower,7,forward,100.1892,1105.265,891,rolling,1410.422,1137,1411.098,-8.286,0,0,1783746790.964118719,0.446007,-0.152509,0.809510,0.166199,,,0.448775,0.387725,-0.410165,0.900,1.227
search,lower,7,forward,100.2029,1105.265,891,rolling,1410.336,1137,1410.998,-8.386,1,30,1783746791.064772606,0.453348,-0.135903,0.787078,0.166912,0.0170155,-0.0224319,0.465790,0.404740,-0.432597,0.900,1.227
search,lower,7,forward,100.2213,1105.265,891,rolling,1410.336,1137,1410.998,-8.386,0,0,1783746791.064772606,0.453348,-0.135903,0.787078,0.166912,,,0.465790,0.404740,-0.432597,0.900,1.227
search,lower,7,forward,100.2430,1105.265,891,rolling,1410.336,1137,1410.998,-8.386,0,0,1783746791.064772606,0.453348,-0.135903,0.787078,0.166912,,,0.465790,0.404740,-0.432597,0.900,1.227
search,lower,7,forward,100.2645,1105.265,891,rolling,1410.336,1137,1410.998,-8.386,0,0,1783746791.064772606,0.453348,-0.135903,0.787078,0.166912,,,0.465790,0.404740,-0.432597,0.900,1.227
search,lower,7,forward,100.2861,1105.265,891,rolling,1410.336,1137,1410.998,-8.386,0,0,1783746791.064772606,0.453348,-0.135903,0.787078,0.166912,,,0.465790,0.404740,-0.432597,1.699,1.260
search,lower,7,forward,100.3032,1105.265,891,rolling,1410.493,1137,1410.932,-8.452,1,31,1783746791.164916277,0.468611,-0.121227,0.763897,0.178042,0.0211736,-0.0231811,0.486964,0.425914,-0.455778,1.699,1.260
search,lower,7,forward,100.3202,1105.265,891,rolling,1410.493,1137,1410.932,-8.452,0,0,1783746791.164916277,0.468611,-0.121227,0.763897,0.178042,,,0.486964,0.425914,-0.455778,1.699,1.260
search,lower,7,forward,100.3419,1105.265,891,rolling,1410.493,1137,1410.932,-8.452,0,0,1783746791.164916277,0.468611,-0.121227,0.763897,0.178042,,,0.486964,0.425914,-0.455778,1.699,1.260
search,lower,7,forward,100.3634,1105.265,891,rolling,1410.493,1137,1410.932,-8.452,0,0,1783746791.164916277,0.468611,-0.121227,0.763897,0.178042,,,0.486964,0.425914,-0.455778,1.699,1.260
search,lower,7,forward,100.3849,1105.265,891,rolling,1410.493,1137,1410.932,-8.452,0,0,1783746791.164916277,0.468611,-0.121227,0.763897,0.178042,,,0.486964,0.425914,-0.455778,1.717,1.333
search,lower,7,forward,100.4037,1105.265,891,rolling,1410.755,1138,1410.909,-8.475,1,32,1783746791.265414000,0.486333,-0.105576,0.743545,0.192321,0.0236330,-0.0203516,0.510597,0.449547,-0.476130,1.717,1.333
search,lower,7,forward,100.4201,1105.265,891,rolling,1410.755,1138,1410.909,-8.475,0,0,1783746791.265414000,0.486333,-0.105576,0.743545,0.192321,,,0.510597,0.449547,-0.476130,1.717,1.333
search,lower,7,forward,100.4418,1105.265,891,rolling,1410.755,1138,1410.909,-8.475,0,0,1783746791.265414000,0.486333,-0.105576,0.743545,0.192321,,,0.510597,0.449547,-0.476130,1.717,1.333
search,lower,7,forward,100.4634,1105.265,891,rolling,1410.755,1138,1410.909,-8.475,0,0,1783746791.265414000,0.486333,-0.105576,0.743545,0.192321,,,0.510597,0.449547,-0.476130,1.717,1.333
search,lower,7,forward,100.4849,1105.265,891,rolling,1410.755,1138,1410.909,-8.475,0,0,1783746791.265414000,0.486333,-0.105576,0.743545,0.192321,,,0.510597,0.449547,-0.476130,1.735,1.408
search,lower,7,forward,100.5040,1105.265,891,rolling,1410.763,1138,1410.890,-8.494,1,33,1783746791.365680695,0.500738,-0.091959,0.723493,0.193651,0.0198168,-0.0200519,0.530413,0.469363,-0.496182,1.735,1.408
search,lower,7,forward,100.5239,1105.265,891,rolling,1410.763,1138,1410.890,-8.494,0,0,1783746791.365680695,0.500738,-0.091959,0.723493,0.193651,,,0.530413,0.469363,-0.496182,1.735,1.408
search,lower,7,forward,100.5456,1105.265,891,rolling,1410.763,1138,1410.890,-8.494,0,0,1783746791.365680695,0.500738,-0.091959,0.723493,0.193651,,,0.530413,0.469363,-0.496182,1.735,1.408
search,lower,7,forward,100.5672,1105.265,891,rolling,1410.763,1138,1410.890,-8.494,0,0,1783746791.365680695,0.500738,-0.091959,0.723493,0.193651,,,0.530413,0.469363,-0.496182,1.735,1.408
search,lower,7,forward,100.5888,1105.265,891,rolling,1410.763,1138,1410.890,-8.494,0,0,1783746791.365680695,0.500738,-0.091959,0.723493,0.193651,,,0.530413,0.469363,-0.496182,1.748,1.486
search,lower,7,forward,100.6019,1105.265,891,rolling,1410.754,1138,1410.872,-8.512,1,34,1783746791.466010571,0.515483,-0.079025,0.703344,0.194111,0.0196134,-0.0201492,0.550027,0.488977,-0.516331,1.748,1.486
search,lower,7,forward,100.6106,1105.265,891,rolling,1410.754,1138,1410.872,-8.512,0,0,1783746791.466010571,0.515483,-0.079025,0.703344,0.194111,,,0.550027,0.488977,-0.516331,1.748,1.486
search,lower,7,forward,100.6323,1105.265,891,rolling,1410.754,1138,1410.872,-8.512,0,0,1783746791.466010571,0.515483,-0.079025,0.703344,0.194111,,,0.550027,0.488977,-0.516331,1.748,1.486
search,lower,7,forward,100.6540,1105.265,891,rolling,1410.754,1138,1410.872,-8.512,0,0,1783746791.466010571,0.515483,-0.079025,0.703344,0.194111,,,0.550027,0.488977,-0.516331,1.748,1.486
search,lower,7,forward,100.6755,1105.265,891,rolling,1410.754,1138,1410.872,-8.512,0,0,1783746791.466010571,0.515483,-0.079025,0.703344,0.194111,,,0.550027,0.488977,-0.516331,1.748,1.486
search,lower,7,forward,100.6971,1105.265,891,rolling,1410.754,1138,1410.872,-8.512,0,0,1783746791.466010571,0.515483,-0.079025,0.703344,0.194111,,,0.550027,0.488977,-0.516331,1.763,1.528
search,lower,7,forward,100.7025,1105.265,891,rolling,1410.700,1138,1410.850,-8.534,1,35,1783746791.563980341,0.529053,-0.066574,0.684573,0.192525,0.0183955,-0.0187714,0.568422,0.507372,-0.535102,1.763,1.528
search,lower,7,forward,100.7148,1105.265,891,rolling,1410.700,1138,1410.850,-8.534,0,0,1783746791.563980341,0.529053,-0.066574,0.684573,0.192525,,,0.568422,0.507372,-0.535102,1.763,1.528
search,lower,7,forward,100.7365,1105.265,891,rolling,1410.700,1138,1410.850,-8.534,0,0,1783746791.563980341,0.529053,-0.066574,0.684573,0.192525,,,0.568422,0.507372,-0.535102,1.763,1.528
search,lower,7,forward,100.7581,1105.265,891,rolling,1410.700,1138,1410.850,-8.534,0,0,1783746791.563980341,0.529053,-0.066574,0.684573,0.192525,,,0.568422,0.507372,-0.535102,1.763,1.528
search,lower,7,forward,100.7796,1105.265,891,rolling,1410.700,1138,1410.850,-8.534,0,0,1783746791.563980341,0.529053,-0.066574,0.684573,0.192525,,,0.568422,0.507372,-0.535102,1.763,1.528
search,lower,7,forward,100.8014,1105.265,891,rolling,1410.700,1138,1410.850,-8.534,0,0,1783746791.563980341,0.529053,-0.066574,0.684573,0.192525,,,0.568422,0.507372,-0.535102,1.778,1.609
search,lower,7,forward,100.8042,1105.265,891,rolling,1410.533,1138,1410.808,-8.575,1,36,1783746791.664622784,0.541758,-0.055490,0.665936,0.186238,0.0168453,-0.0186365,0.585268,0.524218,-0.553739,1.778,1.609
search,lower,7,forward,100.8209,1105.265,891,rolling,1410.533,1138,1410.808,-8.575,0,0,1783746791.664622784,0.541758,-0.055490,0.665936,0.186238,,,0.585268,0.524218,-0.553739,1.778,1.609
search,lower,7,forward,100.8428,1105.265,891,rolling,1410.533,1138,1410.808,-8.575,0,0,1783746791.664622784,0.541758,-0.055490,0.665936,0.186238,,,0.585268,0.524218,-0.553739,1.778,1.609
search,lower,7,forward,100.8647,1105.265,891,rolling,1410.533,1138,1410.808,-8.575,0,0,1783746791.664622784,0.541758,-0.055490,0.665936,0.186238,,,0.585268,0.524218,-0.553739,1.778,1.609
search,lower,7,forward,100.8865,1105.265,891,rolling,1410.533,1138,1410.808,-8.575,0,0,1783746791.664622784,0.541758,-0.055490,0.665936,0.186238,,,0.585268,0.524218,-0.553739,1.796,1.731
search,lower,7,forward,100.9006,1105.265,891,rolling,1410.172,1137,1410.725,-8.659,1,37,1783746791.764997005,0.550104,-0.044840,0.646203,0.172329,0.0131092,-0.0197334,0.598377,0.537327,-0.573472,1.796,1.731
search,lower,7,forward,100.9195,1105.265,891,rolling,1410.172,1137,1410.725,-8.659,0,0,1783746791.764997005,0.550104,-0.044840,0.646203,0.172329,,,0.598377,0.537327,-0.573472,1.796,1.731
search,lower,7,forward,100.9411,1105.265,891,rolling,1410.172,1137,1410.725,-8.659,0,0,1783746791.764997005,0.550104,-0.044840,0.646203,0.172329,,,0.598377,0.537327,-0.573472,1.796,1.731
search,lower,7,forward,100.9628,1105.265,891,rolling,1410.172,1137,1410.725,-8.659,0,0,1783746791.764997005,0.550104,-0.044840,0.646203,0.172329,,,0.598377,0.537327,-0.573472,1.796,1.731
search,lower,7,forward,100.9843,1105.265,891,rolling,1410.172,1137,1410.725,-8.659,0,0,1783746791.764997005,0.550104,-0.044840,0.646203,0.172329,,,0.598377,0.537327,-0.573472,1.810,1.793
search,lower,7,forward,101.0013,1105.265,891,rolling,1410.591,1138,1410.708,-8.676,1,38,1783746791.862738848,0.570130,-0.029249,0.627477,0.194143,0.0253723,-0.0187260,0.623749,0.562699,-0.592198,1.810,1.793
search,lower,7,forward,101.0209,1105.265,891,rolling,1410.591,1138,1410.708,-8.676,0,0,1783746791.862738848,0.570130,-0.029249,0.627477,0.194143,,,0.623749,0.562699,-0.592198,1.810,1.793
search,lower,7,forward,101.0424,1105.265,891,rolling,1410.591,1138,1410.708,-8.676,0,0,1783746791.862738848,0.570130,-0.029249,0.627477,0.194143,,,0.623749,0.562699,-0.592198,1.810,1.793
search,lower,7,forward,101.0640,1105.265,891,rolling,1410.591,1138,1410.708,-8.676,0,0,1783746791.862738848,0.570130,-0.029249,0.627477,0.194143,,,0.623749,0.562699,-0.592198,1.810,1.793
search,lower,7,forward,101.0855,1105.265,891,rolling,1410.591,1138,1410.708,-8.676,0,0,1783746791.862738848,0.570130,-0.029249,0.627477,0.194143,,,0.623749,0.562699,-0.592198,1.827,2.089
search,lower,7,forward,101.1014,1105.265,891,rolling,1410.591,1138,1410.708,-8.676,0,0,1783746791.862738848,0.570130,-0.029249,0.627477,0.194143,,,0.623749,0.562699,-0.592198,1.827,2.089
search,lower,7,forward,101.1234,1105.265,891,rolling,1410.785,1138,1410.718,-8.666,1,39,1783746791.963347435,0.590047,-0.017175,0.599601,0.203347,0.0232363,-0.0278757,0.646985,0.585935,-0.620074,1.827,2.089
search,lower,7,forward,101.1252,1105.265,891,rolling,1410.785,1138,1410.718,-8.666,0,0,1783746791.963347435,0.590047,-0.017175,0.599601,0.203347,,,0.646985,0.585935,-0.620074,1.827,2.089
search,lower,7,forward,101.1467,1105.265,891,rolling,1410.785,1138,1410.718,-8.666,0,0,1783746791.963347435,0.590047,-0.017175,0.599601,0.203347,,,0.646985,0.585935,-0.620074,1.827,2.089
search,lower,7,forward,101.1682,1105.265,891,rolling,1410.785,1138,1410.718,-8.666,0,0,1783746791.963347435,0.590047,-0.017175,0.599601,0.203347,,,0.646985,0.585935,-0.620074,1.827,2.089
search,lower,7,forward,101.1898,1105.265,891,rolling,1410.785,1138,1410.718,-8.666,0,0,1783746791.963347435,0.590047,-0.017175,0.599601,0.203347,,,0.646985,0.585935,-0.620074,1.635,2.056
search,lower,7,forward,101.1993,1105.265,891,rolling,1411.206,1138,1410.782,-8.602,1,40,1783746792.063516378,0.611949,-0.000382,0.572488,0.221231,0.0275350,-0.0271131,0.674520,0.613470,-0.647187,1.635,2.056
search,lower,7,forward,101.2211,1105.265,891,rolling,1411.206,1138,1410.782,-8.602,0,0,1783746792.063516378,0.611949,-0.000382,0.572488,0.221231,,,0.674520,0.613470,-0.647187,1.635,2.056
search,lower,7,forward,101.2428,1105.265,891,rolling,1411.206,1138,1410.782,-8.602,0,0,1783746792.063516378,0.611949,-0.000382,0.572488,0.221231,,,0.674520,0.613470,-0.647187,1.635,2.056
search,lower,7,forward,101.2643,1105.265,891,rolling,1411.206,1138,1410.782,-8.602,0,0,1783746792.063516378,0.611949,-0.000382,0.572488,0.221231,,,0.674520,0.613470,-0.647187,1.635,2.056
search,lower,7,forward,101.2858,1105.265,891,rolling,1411.206,1138,1410.782,-8.602,0,0,1783746792.063516378,0.611949,-0.000382,0.572488,0.221231,,,0.674520,0.613470,-0.647187,1.620,2.040
search,lower,7,forward,101.2994,1105.265,891,rolling,1411.171,1138,1410.832,-8.552,1,41,1783746792.161414623,0.627607,0.012269,0.545415,0.216954,0.0199832,-0.0270727,0.694504,0.633454,-0.674260,1.620,2.040
search,lower,7,forward,101.3155,1105.265,891,rolling,1411.171,1138,1410.832,-8.552,0,0,1783746792.161414623,0.627607,0.012269,0.545415,0.216954,,,0.694504,0.633454,-0.674260,1.620,2.040
search,lower,7,forward,101.3371,1105.265,891,rolling,1411.171,1138,1410.832,-8.552,0,0,1783746792.161414623,0.627607,0.012269,0.545415,0.216954,,,0.694504,0.633454,-0.674260,1.620,2.040
search,lower,7,forward,101.3587,1105.265,891,rolling,1411.171,1138,1410.832,-8.552,0,0,1783746792.161414623,0.627607,0.012269,0.545415,0.216954,,,0.694504,0.633454,-0.674260,1.620,2.040
search,lower,7,forward,101.3802,1105.265,891,rolling,1411.171,1138,1410.832,-8.552,0,0,1783746792.161414623,0.627607,0.012269,0.545415,0.216954,,,0.694504,0.633454,-0.674260,1.611,2.025
search,lower,7,forward,101.4000,1105.265,891,rolling,1411.270,1138,1410.889,-8.495,1,42,1783746792.261528254,0.645385,0.026545,0.521244,0.219070,0.0225672,-0.0241708,0.717071,0.656021,-0.698431,1.611,2.025
search,lower,7,forward,101.4150,1105.265,891,rolling,1411.270,1138,1410.889,-8.495,0,0,1783746792.261528254,0.645385,0.026545,0.521244,0.219070,,,0.717071,0.656021,-0.698431,1.611,2.025
search,lower,7,forward,101.4367,1105.265,891,rolling,1411.270,1138,1410.889,-8.495,0,0,1783746792.261528254,0.645385,0.026545,0.521244,0.219070,,,0.717071,0.656021,-0.698431,1.611,2.025
search,lower,7,forward,101.4582,1105.265,891,rolling,1411.270,1138,1410.889,-8.495,0,0,1783746792.261528254,0.645385,0.026545,0.521244,0.219070,,,0.717071,0.656021,-0.698431,1.611,2.025
search,lower,7,forward,101.4798,1105.265,891,rolling,1411.270,1138,1410.889,-8.495,0,0,1783746792.261528254,0.645385,0.026545,0.521244,0.219070,,,0.717071,0.656021,-0.698431,1.630,2.006
search,lower,7,forward,101.5002,1105.265,891,rolling,1411.284,1138,1410.941,-8.443,1,43,1783746792.362140417,0.663106,0.038435,0.497413,0.217153,0.0212697,-0.0238314,0.738340,0.677290,-0.722262,1.630,2.006
search,lower,7,forward,101.5157,1105.265,891,rolling,1411.284,1138,1410.941,-8.443,0,0,1783746792.362140417,0.663106,0.038435,0.497413,0.217153,,,0.738340,0.677290,-0.722262,1.630,2.006
search,lower,7,forward,101.5373,1105.265,891,rolling,1411.284,1138,1410.941,-8.443,0,0,1783746792.362140417,0.663106,0.038435,0.497413,0.217153,,,0.738340,0.677290,-0.722262,1.630,2.006
search,lower,7,forward,101.5589,1105.265,891,rolling,1411.284,1138,1410.941,-8.443,0,0,1783746792.362140417,0.663106,0.038435,0.497413,0.217153,,,0.738340,0.677290,-0.722262,1.630,2.006
search,lower,7,forward,101.5803,1105.265,891,rolling,1411.284,1138,1410.941,-8.443,0,0,1783746792.362140417,0.663106,0.038435,0.497413,0.217153,,,0.738340,0.677290,-0.722262,1.647,1.989
search,lower,7,forward,101.5984,1105.265,891,rolling,1411.153,1138,1410.968,-8.415,1,44,1783746792.462242842,0.680228,0.045790,0.472672,0.209256,0.0185756,-0.0247415,0.756916,0.695866,-0.747003,1.647,1.989
search,lower,7,forward,101.6103,1105.265,891,rolling,1411.153,1138,1410.968,-8.415,0,0,1783746792.462242842,0.680228,0.045790,0.472672,0.209256,,,0.756916,0.695866,-0.747003,1.647,1.989
search,lower,7,forward,101.6319,1105.265,891,rolling,1411.153,1138,1410.968,-8.415,0,0,1783746792.462242842,0.680228,0.045790,0.472672,0.209256,,,0.756916,0.695866,-0.747003,1.647,1.989
search,lower,7,forward,101.6534,1105.265,891,rolling,1411.153,1138,1410.968,-8.415,0,0,1783746792.462242842,0.680228,0.045790,0.472672,0.209256,,,0.756916,0.695866,-0.747003,1.647,1.989
search,lower,7,forward,101.6749,1105.265,891,rolling,1411.153,1138,1410.968,-8.415,0,0,1783746792.462242842,0.680228,0.045790,0.472672,0.209256,,,0.756916,0.695866,-0.747003,1.647,1.989
search,lower,7,forward,101.6966,1105.265,891,rolling,1411.153,1138,1410.968,-8.415,0,0,1783746792.462242842,0.680228,0.045790,0.472672,0.209256,,,0.756916,0.695866,-0.747003,1.667,1.962
search,lower,7,forward,101.6992,1105.265,891,rolling,1411.153,1138,1410.968,-8.415,0,0,1783746792.462242842,0.680228,0.045790,0.472672,0.209256,,,0.756916,0.695866,-0.747003,1.667,1.962
search,lower,7,forward,101.7212,1105.265,891,rolling,1410.990,1138,1410.971,-8.413,1,45,1783746792.560454607,0.694514,0.055888,0.453913,0.200963,0.0172934,-0.0187588,0.774209,0.713159,-0.765762,1.667,1.962
search,lower,7,reverse,102.8801,1105.265,891,startup,1591.755,1284,1595.755,3.246,0,0,1783746793.664778233,0.729448,0.067862,0.423441,0.016855,,,0.000000,0.000000,0.000000,1.707,1.946
search,lower,7,reverse,102.9011,1105.265,891,startup,1592.995,1285,1595.755,3.246,1,1,1783746793.762587309,0.727189,0.069811,0.424321,0.009427,-0.0012578,0.0008802,0.001258,0.000000,0.000000,1.707,1.946
search,lower,7,reverse,102.9182,1105.265,891,startup,1592.995,1285,1595.755,3.246,0,0,1783746793.762587309,0.727189,0.069811,0.424321,0.009427,,,0.001258,0.000000,0.000000,1.707,1.946
search,lower,7,reverse,102.9401,1105.265,891,startup,1592.995,1285,1595.755,3.246,0,0,1783746793.762587309,0.727189,0.069811,0.424321,0.009427,,,0.001258,0.000000,0.000000,1.707,1.946
search,lower,7,reverse,102.9619,1105.265,891,startup,1592.995,1285,1595.755,3.246,0,0,1783746793.762587309,0.727189,0.069811,0.424321,0.009427,,,0.001258,0.000000,0.000000,1.707,1.946
search,lower,7,reverse,102.9835,1105.265,891,startup,1592.995,1285,1595.755,3.246,0,0,1783746793.762587309,0.727189,0.069811,0.424321,0.009427,,,0.001258,0.000000,0.000000,1.706,1.951
search,lower,7,reverse,103.0014,1105.265,891,startup,1594.235,1286,1595.755,3.246,1,2,1783746793.863262653,0.725597,0.068188,0.422523,0.001810,-0.0021182,-0.0017980,0.003376,0.000000,0.000000,1.706,1.951
search,lower,7,reverse,103.0125,1105.265,891,startup,1594.235,1286,1595.755,3.246,0,0,1783746793.863262653,0.725597,0.068188,0.422523,0.001810,,,0.003376,0.000000,0.000000,1.706,1.951
search,lower,7,reverse,103.0342,1105.265,891,startup,1594.235,1286,1595.755,3.246,0,0,1783746793.863262653,0.725597,0.068188,0.422523,0.001810,,,0.003376,0.000000,0.000000,1.706,1.951
search,lower,7,reverse,103.0558,1105.265,891,startup,1594.235,1286,1595.755,3.246,0,0,1783746793.863262653,0.725597,0.068188,0.422523,0.001810,,,0.003376,0.000000,0.000000,1.706,1.951
search,lower,7,reverse,103.0773,1105.265,891,startup,1594.235,1286,1595.755,3.246,0,0,1783746793.863262653,0.725597,0.068188,0.422523,0.001810,,,0.003376,0.000000,0.000000,1.701,1.957
search,lower,7,reverse,103.0992,1105.265,891,startup,1595.475,1287,1595.755,3.246,1,3,1783746793.963344812,0.726653,0.070801,0.423774,0.006445,0.0020366,0.0012515,0.005413,0.000000,0.000000,1.701,1.957
search,lower,7,reverse,103.1191,1105.265,891,startup,1595.475,1287,1595.755,3.246,0,0,1783746793.963344812,0.726653,0.070801,0.423774,0.006445,,,0.005413,0.000000,0.000000,1.701,1.957
search,lower,7,reverse,103.1407,1105.265,891,startup,1595.475,1287,1595.755,3.246,0,0,1783746793.963344812,0.726653,0.070801,0.423774,0.006445,,,0.005413,0.000000,0.000000,1.701,1.957
search,lower,7,reverse,103.1622,1105.265,891,startup,1595.475,1287,1595.755,3.246,0,0,1783746793.963344812,0.726653,0.070801,0.423774,0.006445,,,0.005413,0.000000,0.000000,1.701,1.957
search,lower,7,reverse,103.1837,1105.265,891,startup,1595.475,1287,1595.755,3.246,0,0,1783746793.963344812,0.726653,0.070801,0.423774,0.006445,,,0.005413,0.000000,0.000000,1.694,1.960
search,lower,7,reverse,103.1998,1105.265,891,startup,1595.475,1287,1595.755,3.246,0,0,1783746793.963344812,0.726653,0.070801,0.423774,0.006445,,,0.005413,0.000000,0.000000,1.694,1.960
search,lower,7,reverse,103.2217,1105.265,891,startup,1596.715,1288,1595.755,3.246,1,4,1783746794.061246395,0.720064,0.069037,0.429721,-0.012348,-0.0067284,0.0059468,0.012141,0.000000,0.000000,1.694,1.960
search,lower,7,reverse,103.2333,1105.265,891,startup,1596.715,1288,1595.755,3.246,0,0,1783746794.061246395,0.720064,0.069037,0.429721,-0.012348,,,0.012141,0.000000,0.000000,1.694,1.960
search,lower,7,reverse,103.2549,1105.265,891,startup,1596.715,1288,1595.755,3.246,0,0,1783746794.061246395,0.720064,0.069037,0.429721,-0.012348,,,0.012141,0.000000,0.000000,1.694,1.960
search,lower,7,reverse,103.2763,1105.265,891,startup,1596.715,1288,1595.755,3.246,0,0,1783746794.061246395,0.720064,0.069037,0.429721,-0.012348,,,0.012141,0.000000,0.000000,1.694,1.960
search,lower,7,reverse,103.2979,1105.265,891,startup,1596.715,1288,1595.755,3.246,0,0,1783746794.061246395,0.720064,0.069037,0.429721,-0.012348,,,0.012141,0.000000,0.000000,1.683,1.964
search,lower,7,reverse,103.3003,1105.265,891,startup,1599.815,1290,1595.755,3.246,1,5,1783746794.161813974,0.709009,0.062169,0.438918,-0.041376,-0.0129190,0.0091972,0.025060,0.000000,0.000000,1.683,1.964
search,lower,7,reverse,103.3210,1105.265,891,startup,1599.815,1290,1595.755,3.246,0,0,1783746794.161813974,0.709009,0.062169,0.438918,-0.041376,,,0.025060,0.000000,0.000000,1.683,1.964
search,lower,7,reverse,103.3426,1105.265,891,startup,1599.815,1290,1595.755,3.246,0,0,1783746794.161813974,0.709009,0.062169,0.438918,-0.041376,,,0.025060,0.000000,0.000000,1.683,1.964
search,lower,7,reverse,103.3641,1105.265,891,startup,1599.815,1290,1595.755,3.246,0,0,1783746794.161813974,0.709009,0.062169,0.438918,-0.041376,,,0.025060,0.000000,0.000000,1.683,1.964
search,lower,7,reverse,103.3856,1105.265,891,startup,1599.815,1290,1595.755,3.246,0,0,1783746794.161813974,0.709009,0.062169,0.438918,-0.041376,,,0.025060,0.000000,0.000000,1.671,1.984
search,lower,7,reverse,103.3982,1105.265,891,rolling,1595.755,1287,1595.755,3.246,1,6,1783746794.262013435,0.699569,0.056274,0.452149,-0.058625,-0.0110591,0.0132306,0.036119,0.000000,0.000000,1.671,1.984
search,lower,7,reverse,103.4113,1105.265,891,rolling,1595.755,1287,1595.755,3.246,0,0,1783746794.262013435,0.699569,0.056274,0.452149,-0.058625,,,0.036119,0.000000,0.000000,1.671,1.984
search,lower,7,reverse,103.4330,1105.265,891,rolling,1595.755,1287,1595.755,3.246,0,0,1783746794.262013435,0.699569,0.056274,0.452149,-0.058625,,,0.036119,0.000000,0.000000,1.671,1.984
search,lower,7,reverse,103.4545,1105.265,891,rolling,1595.755,1287,1595.755,3.246,0,0,1783746794.262013435,0.699569,0.056274,0.452149,-0.058625,,,0.036119,0.000000,0.000000,1.671,1.984
search,lower,7,reverse,103.4761,1105.265,891,rolling,1595.755,1287,1595.755,3.246,0,0,1783746794.262013435,0.699569,0.056274,0.452149,-0.058625,,,0.036119,0.000000,0.000000,1.650,2.000
search,lower,7,reverse,103.4982,1105.265,891,rolling,1597.914,1289,1596.109,3.600,1,7,1783746794.360131979,0.685199,0.053695,0.466818,-0.079698,-0.0140230,0.0146694,0.050142,0.000000,0.000000,1.650,2.000
search,lower,7,reverse,103.5121,1105.265,891,rolling,1597.914,1289,1596.109,3.600,0,0,1783746794.360131979,0.685199,0.053695,0.466818,-0.079698,,,0.050142,0.000000,0.000000,1.650,2.000
search,lower,7,reverse,103.5337,1105.265,891,rolling,1597.914,1289,1596.109,3.600,0,0,1783746794.360131979,0.685199,0.053695,0.466818,-0.079698,,,0.050142,0.000000,0.000000,1.650,2.000
search,lower,7,reverse,103.5552,1105.265,891,rolling,1597.914,1289,1596.109,3.600,0,0,1783746794.360131979,0.685199,0.053695,0.466818,-0.079698,,,0.050142,0.000000,0.000000,1.650,2.000
search,lower,7,reverse,103.5767,1105.265,891,rolling,1597.914,1289,1596.109,3.600,0,0,1783746794.360131979,0.685199,0.053695,0.466818,-0.079698,,,0.050142,0.000000,0.000000,1.630,2.018
search,lower,7,reverse,103.5988,1105.265,891,rolling,1597.914,1289,1596.109,3.600,0,0,1783746794.360131979,0.685199,0.053695,0.466818,-0.079698,,,0.050142,0.000000,0.000000,1.630,2.018
search,lower,7,reverse,103.6206,1105.265,891,rolling,1597.401,1288,1596.325,3.816,1,8,1783746794.460237741,0.660181,0.042380,0.495058,-0.128237,-0.0274141,0.0282392,0.077556,-0.027414,0.028239,1.630,2.018
search,lower,7,reverse,103.6247,1105.265,891,rolling,1597.401,1288,1596.325,3.816,0,0,1783746794.460237741,0.660181,0.042380,0.495058,-0.128237,,,0.077556,-0.027414,0.028239,1.630,2.018
search,lower,7,reverse,103.6463,1105.265,891,rolling,1597.401,1288,1596.325,3.816,0,0,1783746794.460237741,0.660181,0.042380,0.495058,-0.128237,,,0.077556,-0.027414,0.028239,1.630,2.018
search,lower,7,reverse,103.6678,1105.265,891,rolling,1597.401,1288,1596.325,3.816,0,0,1783746794.460237741,0.660181,0.042380,0.495058,-0.128237,,,0.077556,-0.027414,0.028239,1.630,2.018
search,lower,7,reverse,103.6893,1105.265,891,rolling,1597.401,1288,1596.325,3.816,0,0,1783746794.460237741,0.660181,0.042380,0.495058,-0.128237,,,0.077556,-0.027414,0.028239,1.605,2.033
search,lower,7,reverse,103.6963,1105.265,891,rolling,1597.154,1288,1596.464,3.955,1,9,1783746794.560891867,0.642550,0.026205,0.521116,-0.153983,-0.0232737,0.0260587,0.100830,-0.050688,0.054298,1.605,2.033
search,lower,7,reverse,103.7143,1105.265,891,rolling,1597.154,1288,1596.464,3.955,0,0,1783746794.560891867,0.642550,0.026205,0.521116,-0.153983,,,0.100830,-0.050688,0.054298,1.605,2.033
search,lower,7,reverse,103.7361,1105.265,891,rolling,1597.154,1288,1596.464,3.955,0,0,1783746794.560891867,0.642550,0.026205,0.521116,-0.153983,,,0.100830,-0.050688,0.054298,1.605,2.033
search,lower,7,reverse,103.7579,1105.265,891,rolling,1597.154,1288,1596.464,3.955,0,0,1783746794.560891867,0.642550,0.026205,0.521116,-0.153983,,,0.100830,-0.050688,0.054298,1.605,2.033
search,lower,7,reverse,103.7797,1105.265,891,rolling,1597.154,1288,1596.464,3.955,0,0,1783746794.560891867,0.642550,0.026205,0.521116,-0.153983,,,0.100830,-0.050688,0.054298,1.609,2.056
search,lower,7,reverse,103.7965,1105.265,891,rolling,1596.820,1288,1596.522,4.013,1,10,1783746794.658229828,0.621049,0.013124,0.545808,-0.180122,-0.0251657,0.0246915,0.125996,-0.075853,0.078989,1.609,2.056
search,lower,7,reverse,103.8147,1105.265,891,rolling,1596.820,1288,1596.522,4.013,0,0,1783746794.658229828,0.621049,0.013124,0.545808,-0.180122,,,0.125996,-0.075853,0.078989,1.609,2.056
search,lower,7,reverse,103.8363,1105.265,891,rolling,1596.820,1288,1596.522,4.013,0,0,1783746794.658229828,0.621049,0.013124,0.545808,-0.180122,,,0.125996,-0.075853,0.078989,1.609,2.056
search,lower,7,reverse,103.8578,1105.265,891,rolling,1596.820,1288,1596.522,4.013,0,0,1783746794.658229828,0.621049,0.013124,0.545808,-0.180122,,,0.125996,-0.075853,0.078989,1.609,2.056
search,lower,7,reverse,103.8794,1105.265,891,rolling,1596.820,1288,1596.522,4.013,0,0,1783746794.658229828,0.621049,0.013124,0.545808,-0.180122,,,0.125996,-0.075853,0.078989,1.620,2.080
search,lower,7,reverse,103.8972,1105.265,891,rolling,1596.579,1288,1596.531,4.022,1,11,1783746794.758645535,0.599875,0.000207,0.572602,-0.196837,-0.0248007,0.0267941,0.150796,-0.100654,0.105784,1.620,2.080
search,lower,7,reverse,103.9086,1105.265,891,rolling,1596.579,1288,1596.531,4.022,0,0,1783746794.758645535,0.599875,0.000207,0.572602,-0.196837,,,0.150796,-0.100654,0.105784,1.620,2.080
search,lower,7,reverse,103.9303,1105.265,891,rolling,1596.579,1288,1596.531,4.022,0,0,1783746794.758645535,0.599875,0.000207,0.572602,-0.196837,,,0.150796,-0.100654,0.105784,1.620,2.080
search,lower,7,reverse,103.9519,1105.265,891,rolling,1596.579,1288,1596.531,4.022,0,0,1783746794.758645535,0.599875,0.000207,0.572602,-0.196837,,,0.150796,-0.100654,0.105784,1.620,2.080
search,lower,7,reverse,103.9737,1105.265,891,rolling,1596.579,1288,1596.531,4.022,0,0,1783746794.758645535,0.599875,0.000207,0.572602,-0.196837,,,0.150796,-0.100654,0.105784,1.620,2.080
search,lower,7,reverse,103.9953,1105.265,891,rolling,1596.579,1288,1596.531,4.022,0,0,1783746794.758645535,0.599875,0.000207,0.572602,-0.196837,,,0.150796,-0.100654,0.105784,1.629,2.093
search,lower,7,reverse,103.9978,1105.265,891,rolling,1596.579,1288,1596.531,4.022,0,0,1783746794.758645535,0.599875,0.000207,0.572602,-0.196837,,,0.150796,-0.100654,0.105784,1.629,2.093
search,lower,7,reverse,104.0198,1105.265,891,rolling,1596.184,1287,1596.473,3.964,1,12,1783746794.859133959,0.577751,-0.018547,0.594911,-0.219271,-0.0287972,0.0223097,0.179593,-0.129451,0.128093,1.629,2.093
search,lower,7,reverse,104.0218,1105.265,891,rolling,1596.184,1287,1596.473,3.964,0,0,1783746794.859133959,0.577751,-0.018547,0.594911,-0.219271,,,0.179593,-0.129451,0.128093,1.629,2.093
search,lower,7,reverse,104.0433,1105.265,891,rolling,1596.184,1287,1596.473,3.964,0,0,1783746794.859133959,0.577751,-0.018547,0.594911,-0.219271,,,0.179593,-0.129451,0.128093,1.629,2.093
search,lower,7,reverse,104.0648,1105.265,891,rolling,1596.184,1287,1596.473,3.964,0,0,1783746794.859133959,0.577751,-0.018547,0.594911,-0.219271,,,0.179593,-0.129451,0.128093,1.629,2.093
search,lower,7,reverse,104.0864,1105.265,891,rolling,1596.184,1287,1596.473,3.964,0,0,1783746794.859133959,0.577751,-0.018547,0.594911,-0.219271,,,0.179593,-0.129451,0.128093,1.819,1.783
search,lower,7,reverse,104.0977,1105.265,891,rolling,1596.127,1287,1596.415,3.906,1,13,1783746794.959695578,0.559317,-0.030598,0.616972,-0.219183,-0.0220151,0.0220607,0.201609,-0.151466,0.150154,1.819,1.783
search,lower,7,reverse,104.1156,1105.265,891,rolling,1596.127,1287,1596.415,3.906,0,0,1783746794.959695578,0.559317,-0.030598,0.616972,-0.219183,,,0.201609,-0.151466,0.150154,1.819,1.783
search,lower,7,reverse,104.1372,1105.265,891,rolling,1596.127,1287,1596.415,3.906,0,0,1783746794.959695578,0.559317,-0.030598,0.616972,-0.219183,,,0.201609,-0.151466,0.150154,1.819,1.783
search,lower,7,reverse,104.1587,1105.265,891,rolling,1596.127,1287,1596.415,3.906,0,0,1783746794.959695578,0.559317,-0.030598,0.616972,-0.219183,,,0.201609,-0.151466,0.150154,1.819,1.783
search,lower,7,reverse,104.1802,1105.265,891,rolling,1596.127,1287,1596.415,3.906,0,0,1783746794.959695578,0.559317,-0.030598,0.616972,-0.219183,,,0.201609,-0.151466,0.150154,1.801,1.658
search,lower,7,reverse,104.1986,1105.265,891,rolling,1596.105,1287,1596.363,3.855,1,14,1783746795.059846401,0.542277,-0.043170,0.641108,-0.217247,-0.0211755,0.0241359,0.222784,-0.172642,0.174290,1.801,1.658
search,lower,7,reverse,104.2096,1105.265,891,rolling,1596.105,1287,1596.363,3.855,0,0,1783746795.059846401,0.542277,-0.043170,0.641108,-0.217247,,,0.222784,-0.172642,0.174290,1.801,1.658
search,lower,7,reverse,104.2312,1105.265,891,rolling,1596.105,1287,1596.363,3.855,0,0,1783746795.059846401,0.542277,-0.043170,0.641108,-0.217247,,,0.222784,-0.172642,0.174290,1.801,1.658
search,lower,7,reverse,104.2528,1105.265,891,rolling,1596.105,1287,1596.363,3.855,0,0,1783746795.059846401,0.542277,-0.043170,0.641108,-0.217247,,,0.222784,-0.172642,0.174290,1.801,1.658
search,lower,7,reverse,104.2743,1105.265,891,rolling,1596.105,1287,1596.363,3.855,0,0,1783746795.059846401,0.542277,-0.043170,0.641108,-0.217247,,,0.222784,-0.172642,0.174290,1.801,1.658
search,lower,7,reverse,104.2958,1105.265,891,rolling,1596.105,1287,1596.363,3.855,0,0,1783746795.059846401,0.542277,-0.043170,0.641108,-0.217247,,,0.222784,-0.172642,0.174290,1.781,1.523
search,lower,7,reverse,104.2988,1105.265,891,rolling,1595.878,1287,1596.282,3.773,1,15,1783746795.160493374,0.521030,-0.057821,0.665455,-0.226965,-0.0257775,0.0243473,0.248562,-0.198420,0.198637,1.781,1.523
search,lower,7,reverse,104.3128,1105.265,891,rolling,1595.878,1287,1596.282,3.773,0,0,1783746795.160493374,0.521030,-0.057821,0.665455,-0.226965,,,0.248562,-0.198420,0.198637,1.781,1.523
search,lower,7,reverse,104.3344,1105.265,891,rolling,1595.878,1287,1596.282,3.773,0,0,1783746795.160493374,0.521030,-0.057821,0.665455,-0.226965,,,0.248562,-0.198420,0.198637,1.781,1.523
search,lower,7,reverse,104.3559,1105.265,891,rolling,1595.878,1287,1596.282,3.773,0,0,1783746795.160493374,0.521030,-0.057821,0.665455,-0.226965,,,0.248562,-0.198420,0.198637,1.781,1.523
search,lower,7,reverse,104.3774,1105.265,891,rolling,1595.878,1287,1596.282,3.773,0,0,1783746795.160493374,0.521030,-0.057821,0.665455,-0.226965,,,0.248562,-0.198420,0.198637,1.759,1.424
search,lower,7,reverse,104.3992,1105.265,891,rolling,1595.774,1287,1596.197,3.688,1,16,1783746795.260941267,0.503590,-0.073309,0.692264,-0.228208,-0.0232977,0.0268088,0.271859,-0.221717,0.225446,1.759,1.424
search,lower,7,reverse,104.4212,1105.265,891,rolling,1595.774,1287,1596.197,3.688,0,0,1783746795.260941267,0.503590,-0.073309,0.692264,-0.228208,,,0.271859,-0.221717,0.225446,1.759,1.424
search,lower,7,reverse,104.4225,1105.265,891,rolling,1595.774,1287,1596.197,3.688,0,0,1783746795.260941267,0.503590,-0.073309,0.692264,-0.228208,,,0.271859,-0.221717,0.225446,1.759,1.424
search,lower,7,reverse,104.4440,1105.265,891,rolling,1595.774,1287,1596.197,3.688,0,0,1783746795.260941267,0.503590,-0.073309,0.692264,-0.228208,,,0.271859,-0.221717,0.225446,1.759,1.424
search,lower,7,reverse,104.4655,1105.265,891,rolling,1595.774,1287,1596.197,3.688,0,0,1783746795.260941267,0.503590,-0.073309,0.692264,-0.228208,,,0.271859,-0.221717,0.225446,1.759,1.424
search,lower,7,reverse,104.4869,1105.265,891,rolling,1595.774,1287,1596.197,3.688,0,0,1783746795.260941267,0.503590,-0.073309,0.692264,-0.228208,,,0.271859,-0.221717,0.225446,1.738,1.323
search,lower,7,reverse,104.4999,1105.265,891,rolling,1595.648,1287,1596.105,3.597,1,17,1783746795.361286640,0.489036,-0.092918,0.723040,-0.230466,-0.0238060,0.0307756,0.295665,-0.245523,0.256222,1.738,1.323
search,lower,7,reverse,104.5165,1105.265,891,rolling,1595.648,1287,1596.105,3.597,0,0,1783746795.361286640,0.489036,-0.092918,0.723040,-0.230466,,,0.295665,-0.245523,0.256222,1.738,1.323
search,lower,7,reverse,104.5382,1105.265,891,rolling,1595.648,1287,1596.105,3.597,0,0,1783746795.361286640,0.489036,-0.092918,0.723040,-0.230466,,,0.295665,-0.245523,0.256222,1.738,1.323
search,lower,7,reverse,104.5598,1105.265,891,rolling,1595.648,1287,1596.105,3.597,0,0,1783746795.361286640,0.489036,-0.092918,0.723040,-0.230466,,,0.295665,-0.245523,0.256222,1.738,1.323
search,lower,7,reverse,104.5815,1105.265,891,rolling,1595.648,1287,1596.105,3.597,0,0,1783746795.361286640,0.489036,-0.092918,0.723040,-0.230466,,,0.295665,-0.245523,0.256222,1.720,1.265
search,lower,7,reverse,104.5997,1105.265,891,rolling,1595.555,1287,1596.013,3.505,1,18,1783746795.461548805,0.471856,-0.108429,0.748576,-0.230565,-0.0231469,0.0255364,0.318812,-0.268670,0.281758,1.720,1.265
search,lower,7,reverse,104.6142,1105.265,891,rolling,1595.555,1287,1596.013,3.505,0,0,1783746795.461548805,0.471856,-0.108429,0.748576,-0.230565,,,0.318812,-0.268670,0.281758,1.720,1.265
search,lower,7,reverse,104.6359,1105.265,891,rolling,1595.555,1287,1596.013,3.505,0,0,1783746795.461548805,0.471856,-0.108429,0.748576,-0.230565,,,0.318812,-0.268670,0.281758,1.720,1.265
search,lower,7,reverse,104.6575,1105.265,891,rolling,1595.555,1287,1596.013,3.505,0,0,1783746795.461548805,0.471856,-0.108429,0.748576,-0.230565,,,0.318812,-0.268670,0.281758,1.720,1.265
search,lower,7,reverse,104.6790,1105.265,891,rolling,1595.555,1287,1596.013,3.505,0,0,1783746795.461548805,0.471856,-0.108429,0.748576,-0.230565,,,0.318812,-0.268670,0.281758,1.702,1.211
search,lower,7,reverse,104.7003,1105.265,891,rolling,1595.516,1287,1595.930,3.421,1,19,1783746795.561766624,0.454814,-0.122338,0.771951,-0.227640,-0.0219341,0.0233746,0.340746,-0.290604,0.305133,1.702,1.211
search,lower,7,reverse,104.7159,1105.265,891,rolling,1595.516,1287,1595.930,3.421,0,0,1783746795.561766624,0.454814,-0.122338,0.771951,-0.227640,,,0.340746,-0.290604,0.305133,1.702,1.211
search,lower,7,reverse,104.7376,1105.265,891,rolling,1595.516,1287,1595.930,3.421,0,0,1783746795.561766624,0.454814,-0.122338,0.771951,-0.227640,,,0.340746,-0.290604,0.305133,1.702,1.211
search,lower,7,reverse,104.7591,1105.265,891,rolling,1595.516,1287,1595.930,3.421,0,0,1783746795.561766624,0.454814,-0.122338,0.771951,-0.227640,,,0.340746,-0.290604,0.305133,1.702,1.211
search,lower,7,reverse,104.7806,1105.265,891,rolling,1595.516,1287,1595.930,3.421,0,0,1783746795.561766624,0.454814,-0.122338,0.771951,-0.227640,,,0.340746,-0.290604,0.305133,0.914,1.222
search,lower,7,reverse,104.7995,1105.265,891,rolling,1595.625,1287,1595.879,3.370,1,20,1783746795.662436962,0.444975,-0.138810,0.796234,-0.216916,-0.0185982,0.0242829,0.359344,-0.309202,0.329416,0.914,1.222
search,lower,7,reverse,104.8175,1105.265,891,rolling,1595.625,1287,1595.879,3.370,0,0,1783746795.662436962,0.444975,-0.138810,0.796234,-0.216916,,,0.359344,-0.309202,0.329416,0.914,1.222
search,lower,7,reverse,104.8392,1105.265,891,rolling,1595.625,1287,1595.879,3.370,0,0,1783746795.662436962,0.444975,-0.138810,0.796234,-0.216916,,,0.359344,-0.309202,0.329416,0.914,1.222
search,lower,7,reverse,104.8607,1105.265,891,rolling,1595.625,1287,1595.879,3.370,0,0,1783746795.662436962,0.444975,-0.138810,0.796234,-0.216916,,,0.359344,-0.309202,0.329416,0.914,1.222
search,lower,7,reverse,104.8822,1105.265,891,rolling,1595.625,1287,1595.879,3.370,0,0,1783746795.662436962,0.444975,-0.138810,0.796234,-0.216916,,,0.359344,-0.309202,0.329416,0.896,1.240
search,lower,7,reverse,104.8985,1105.265,891,rolling,1595.650,1287,1595.842,3.333,1,21,1783746795.760609388,0.435580,-0.157019,0.820343,-0.212743,-0.0196566,0.0241087,0.379001,-0.328859,0.353524,0.896,1.240
search,lower,7,reverse,104.9112,1105.265,891,rolling,1595.650,1287,1595.842,3.333,0,0,1783746795.760609388,0.435580,-0.157019,0.820343,-0.212743,,,0.379001,-0.328859,0.353524,0.896,1.240
search,lower,7,reverse,104.9329,1105.265,891,rolling,1595.650,1287,1595.842,3.333,0,0,1783746795.760609388,0.435580,-0.157019,0.820343,-0.212743,,,0.379001,-0.328859,0.353524,0.896,1.240
search,lower,7,reverse,104.9548,1105.265,891,rolling,1595.650,1287,1595.842,3.333,0,0,1783746795.760609388,0.435580,-0.157019,0.820343,-0.212743,,,0.379001,-0.328859,0.353524,0.896,1.240
search,lower,7,reverse,104.9765,1105.265,891,rolling,1595.650,1287,1595.842,3.333,0,0,1783746795.760609388,0.435580,-0.157019,0.820343,-0.212743,,,0.379001,-0.328859,0.353524,0.886,1.258
search,lower,7,reverse,104.9992,1105.265,891,rolling,1595.650,1287,1595.842,3.333,0,0,1783746795.760609388,0.435580,-0.157019,0.820343,-0.212743,,,0.379001,-0.328859,0.353524,0.886,1.258
search,lower,7,reverse,105.0007,1105.265,891,rolling,1595.285,1287,1595.749,3.240,1,22,1783746795.860641003,0.416692,-0.178442,0.843664,-0.230926,-0.0285563,0.0233218,0.407557,-0.357415,0.376846,0.886,1.258
search,lower,7,reverse,105.0217,1105.265,891,rolling,1595.285,1287,1595.749,3.240,0,0,1783746795.860641003,0.416692,-0.178442,0.843664,-0.230926,,,0.407557,-0.357415,0.376846,0.886,1.258
search,lower,7,reverse,105.0435,1105.265,891,rolling,1595.285,1287,1595.749,3.240,0,0,1783746795.860641003,0.416692,-0.178442,0.843664,-0.230926,,,0.407557,-0.357415,0.376846,0.886,1.258
search,lower,7,reverse,105.0651,1105.265,891,rolling,1595.285,1287,1595.749,3.240,0,0,1783746795.860641003,0.416692,-0.178442,0.843664,-0.230926,,,0.407557,-0.357415,0.376846,0.886,1.258
search,lower,7,reverse,105.0866,1105.265,891,rolling,1595.285,1287,1595.749,3.240,0,0,1783746795.860641003,0.416692,-0.178442,0.843664,-0.230926,,,0.407557,-0.357415,0.376846,0.851,1.278
search,lower,7,reverse,105.0995,1105.265,891,rolling,1594.885,1286,1595.604,3.095,1,23,1783746795.961158752,0.393104,-0.197767,0.868631,-0.247947,-0.0300558,0.0249665,0.437613,-0.387471,0.401813,0.851,1.278
search,lower,7,reverse,105.1145,1105.265,891,rolling,1594.885,1286,1595.604,3.095,0,0,1783746795.961158752,0.393104,-0.197767,0.868631,-0.247947,,,0.437613,-0.387471,0.401813,0.851,1.278
search,lower,7,reverse,105.1361,1105.265,891,rolling,1594.885,1286,1595.604,3.095,0,0,1783746795.961158752,0.393104,-0.197767,0.868631,-0.247947,,,0.437613,-0.387471,0.401813,0.851,1.278
search,lower,7,reverse,105.1576,1105.265,891,rolling,1594.885,1286,1595.604,3.095,0,0,1783746795.961158752,0.393104,-0.197767,0.868631,-0.247947,,,0.437613,-0.387471,0.401813,0.851,1.278
search,lower,7,reverse,105.1792,1105.265,891,rolling,1594.885,1286,1595.604,3.095,0,0,1783746795.961158752,0.393104,-0.197767,0.868631,-0.247947,,,0.437613,-0.387471,0.401813,0.840,1.296
search,lower,7,reverse,105.1973,1105.265,891,rolling,1594.885,1286,1595.604,3.095,0,0,1783746795.961158752,0.393104,-0.197767,0.868631,-0.247947,,,0.437613,-0.387471,0.401813,0.840,1.296
search,lower,7,reverse,105.2193,1105.265,891,rolling,1594.863,1286,1595.480,2.971,1,24,1783746796.061582565,0.379082,-0.214952,0.895933,-0.241175,-0.0221794,0.0273019,0.459793,-0.409650,0.429114,0.840,1.296
search,lower,7,reverse,105.2218,1105.265,891,rolling,1594.863,1286,1595.480,2.971,0,0,1783746796.061582565,0.379082,-0.214952,0.895933,-0.241175,,,0.459793,-0.409650,0.429114,0.840,1.296
search,lower,7,reverse,105.2435,1105.265,891,rolling,1594.863,1286,1595.480,2.971,0,0,1783746796.061582565,0.379082,-0.214952,0.895933,-0.241175,,,0.459793,-0.409650,0.429114,0.840,1.296
search,lower,7,reverse,105.2651,1105.265,891,rolling,1594.863,1286,1595.480,2.971,0,0,1783746796.061582565,0.379082,-0.214952,0.895933,-0.241175,,,0.459793,-0.409650,0.429114,0.840,1.296
search,lower,7,reverse,105.2867,1105.265,891,rolling,1594.863,1286,1595.480,2.971,0,0,1783746796.061582565,0.379082,-0.214952,0.895933,-0.241175,,,0.459793,-0.409650,0.429114,0.808,1.316
search,lower,7,reverse,105.2976,1105.265,891,rolling,1594.563,1286,1595.330,2.821,1,25,1783746796.159307480,0.365569,-0.239237,0.922485,-0.251139,-0.0274637,0.0265521,0.487256,-0.437114,0.455667,0.808,1.316
search,lower,7,reverse,105.3142,1105.265,891,rolling,1594.563,1286,1595.330,2.821,0,0,1783746796.159307480,0.365569,-0.239237,0.922485,-0.251139,,,0.487256,-0.437114,0.455667,0.808,1.316
search,lower,7,reverse,105.3360,1105.265,891,rolling,1594.563,1286,1595.330,2.821,0,0,1783746796.159307480,0.365569,-0.239237,0.922485,-0.251139,,,0.487256,-0.437114,0.455667,0.808,1.316
search,lower,7,reverse,105.3575,1105.265,891,rolling,1594.563,1286,1595.330,2.821,0,0,1783746796.159307480,0.365569,-0.239237,0.922485,-0.251139,,,0.487256,-0.437114,0.455667,0.808,1.316
search,lower,7,reverse,105.3790,1105.265,891,rolling,1594.563,1286,1595.330,2.821,0,0,1783746796.159307480,0.365569,-0.239237,0.922485,-0.251139,,,0.487256,-0.437114,0.455667,0.789,1.337
search,lower,7,reverse,105.3984,1105.265,891,rolling,1594.323,1286,1595.162,2.653,1,26,1783746796.259671926,0.351722,-0.262729,0.950755,-0.255929,-0.0271286,0.0282697,0.514385,-0.464243,0.483936,0.789,1.337
search,lower,7,reverse,105.4119,1105.265,891,rolling,1594.323,1286,1595.162,2.653,0,0,1783746796.259671926,0.351722,-0.262729,0.950755,-0.255929,,,0.514385,-0.464243,0.483936,0.789,1.337
search,lower,7,reverse,105.4335,1105.265,891,rolling,1594.323,1286,1595.162,2.653,0,0,1783746796.259671926,0.351722,-0.262729,0.950755,-0.255929,,,0.514385,-0.464243,0.483936,0.789,1.337
search,lower,7,reverse,105.4550,1105.265,891,rolling,1594.323,1286,1595.162,2.653,0,0,1783746796.259671926,0.351722,-0.262729,0.950755,-0.255929,,,0.514385,-0.464243,0.483936,0.789,1.337
search,lower,7,reverse,105.4766,1105.265,891,rolling,1594.323,1286,1595.162,2.653,0,0,1783746796.259671926,0.351722,-0.262729,0.950755,-0.255929,,,0.514385,-0.464243,0.483936,0.770,1.360
search,lower,7,reverse,105.4960,1105.265,891,rolling,1594.323,1286,1595.162,2.653,0,0,1783746796.259671926,0.351722,-0.262729,0.950755,-0.255929,,,0.514385,-0.464243,0.483936,0.770,1.360
search,lower,7,reverse,105.5180,1105.265,891,rolling,1594.434,1286,1595.040,2.531,1,27,1783746796.360339165,0.336856,-0.276147,0.976199,-0.240378,-0.0195015,0.0254445,0.533886,-0.483744,0.509381,0.770,1.360
search,lower,7,reverse,105.5268,1105.265,891,rolling,1594.434,1286,1595.040,2.531,0,0,1783746796.360339165,0.336856,-0.276147,0.976199,-0.240378,,,0.533886,-0.483744,0.509381,0.770,1.360
search,lower,7,reverse,105.5484,1105.265,891,rolling,1594.434,1286,1595.040,2.531,0,0,1783746796.360339165,0.336856,-0.276147,0.976199,-0.240378,,,0.533886,-0.483744,0.509381,0.770,1.360
search,lower,7,reverse,105.5699,1105.265,891,rolling,1594.434,1286,1595.040,2.531,0,0,1783746796.360339165,0.336856,-0.276147,0.976199,-0.240378,,,0.533886,-0.483744,0.509381,0.770,1.360
search,lower,7,reverse,105.5915,1105.265,891,rolling,1594.434,1286,1595.040,2.531,0,0,1783746796.360339165,0.336856,-0.276147,0.976199,-0.240378,,,0.533886,-0.483744,0.509381,0.759,1.378
search,lower,7,reverse,105.5965,1105.265,891,rolling,1594.335,1286,1594.925,2.416,1,28,1783746796.458208561,0.324217,-0.295482,1.001644,-0.239289,-0.0230996,0.0254450,0.556986,-0.506844,0.534826,0.759,1.378
search,lower,7,reverse,105.6119,1105.265,891,rolling,1594.335,1286,1594.925,2.416,0,0,1783746796.458208561,0.324217,-0.295482,1.001644,-0.239289,,,0.556986,-0.506844,0.534826,0.759,1.378
search,lower,7,reverse,105.6335,1105.265,891,rolling,1594.335,1286,1594.925,2.416,0,0,1783746796.458208561,0.324217,-0.295482,1.001644,-0.239289,,,0.556986,-0.506844,0.534826,0.759,1.378
search,lower,7,reverse,105.6550,1105.265,891,rolling,1594.335,1286,1594.925,2.416,0,0,1783746796.458208561,0.324217,-0.295482,1.001644,-0.239289,,,0.556986,-0.506844,0.534826,0.759,1.378
search,lower,7,reverse,105.6765,1105.265,891,rolling,1594.335,1286,1594.925,2.416,0,0,1783746796.458208561,0.324217,-0.295482,1.001644,-0.239289,,,0.556986,-0.506844,0.534826,0.737,1.400
search,lower,7,reverse,105.6968,1105.265,891,rolling,1594.267,1286,1594.815,2.306,1,29,1783746796.558562040,0.313305,-0.315658,1.027904,-0.236506,-0.0228964,0.0262594,0.579882,-0.529740,0.561085,0.737,1.400
search,lower,7,reverse,105.7104,1105.265,891,rolling,1594.267,1286,1594.815,2.306,0,0,1783746796.558562040,0.313305,-0.315658,1.027904,-0.236506,,,0.579882,-0.529740,0.561085,0.737,1.400
search,lower,7,reverse,105.7321,1105.265,891,rolling,1594.267,1286,1594.815,2.306,0,0,1783746796.558562040,0.313305,-0.315658,1.027904,-0.236506,,,0.579882,-0.529740,0.561085,0.737,1.400
search,lower,7,reverse,105.7536,1105.265,891,rolling,1594.267,1286,1594.815,2.306,0,0,1783746796.558562040,0.313305,-0.315658,1.027904,-0.236506,,,0.579882,-0.529740,0.561085,0.737,1.400
search,lower,7,reverse,105.7751,1105.265,891,rolling,1594.267,1286,1594.815,2.306,0,0,1783746796.558562040,0.313305,-0.315658,1.027904,-0.236506,,,0.579882,-0.529740,0.561085,0.726,1.421
search,lower,7,reverse,105.7946,1105.265,891,rolling,1594.267,1286,1594.815,2.306,0,0,1783746796.558562040,0.313305,-0.315658,1.027904,-0.236506,,,0.579882,-0.529740,0.561085,0.726,1.421
search,lower,7,reverse,105.8169,1105.265,891,rolling,1594.034,1286,1594.684,2.176,1,30,1783746796.658741713,0.301329,-0.339280,1.049933,-0.243343,-0.0264329,0.0220293,0.606315,-0.556173,0.583115,0.726,1.421
search,lower,7,reverse,105.8187,1105.265,891,rolling,1594.034,1286,1594.684,2.176,0,0,1783746796.658741713,0.301329,-0.339280,1.049933,-0.243343,,,0.606315,-0.556173,0.583115,0.726,1.421
search,lower,7,reverse,105.8403,1105.265,891,rolling,1594.034,1286,1594.684,2.176,0,0,1783746796.658741713,0.301329,-0.339280,1.049933,-0.243343,,,0.606315,-0.556173,0.583115,0.726,1.421
search,lower,7,reverse,105.8619,1105.265,891,rolling,1594.034,1286,1594.684,2.176,0,0,1783746796.658741713,0.301329,-0.339280,1.049933,-0.243343,,,0.606315,-0.556173,0.583115,0.726,1.421
search,lower,7,reverse,105.8834,1105.265,891,rolling,1594.034,1286,1594.684,2.176,0,0,1783746796.658741713,0.301329,-0.339280,1.049933,-0.243343,,,0.606315,-0.556173,0.583115,0.707,1.444
search,lower,7,reverse,105.8951,1105.265,891,rolling,1594.085,1286,1594.586,2.077,1,31,1783746796.756740808,0.291715,-0.356775,1.076749,-0.233431,-0.0199616,0.0268165,0.626277,-0.576135,0.609931,0.707,1.444
search,lower,7,reverse,105.9153,1105.265,891,rolling,1594.085,1286,1594.586,2.077,0,0,1783746796.756740808,0.291715,-0.356775,1.076749,-0.233431,,,0.626277,-0.576135,0.609931,0.707,1.444
search,lower,7,reverse,105.9369,1105.265,891,rolling,1594.085,1286,1594.586,2.077,0,0,1783746796.756740808,0.291715,-0.356775,1.076749,-0.233431,,,0.626277,-0.576135,0.609931,0.707,1.444
search,lower,7,reverse,105.9584,1105.265,891,rolling,1594.085,1286,1594.586,2.077,0,0,1783746796.756740808,0.291715,-0.356775,1.076749,-0.233431,,,0.626277,-0.576135,0.609931,0.707,1.444
search,lower,7,reverse,105.9800,1105.265,891,rolling,1594.085,1286,1594.586,2.077,0,0,1783746796.756740808,0.291715,-0.356775,1.076749,-0.233431,,,0.626277,-0.576135,0.609931,0.695,1.332
search,lower,7,reverse,105.9952,1105.265,891,rolling,1594.065,1286,1594.499,1.990,1,32,1783746796.857242107,0.283812,-0.377061,1.103391,-0.228908,-0.0216418,0.0266417,0.647919,-0.597777,0.636573,0.695,1.332
search,lower,7,reverse,106.0134,1105.265,891,rolling,1594.065,1286,1594.499,1.990,0,0,1783746796.857242107,0.283812,-0.377061,1.103391,-0.228908,,,0.647919,-0.597777,0.636573,0.695,1.332
search,lower,7,reverse,106.0351,1105.265,891,rolling,1594.065,1286,1594.499,1.990,0,0,1783746796.857242107,0.283812,-0.377061,1.103391,-0.228908,,,0.647919,-0.597777,0.636573,0.695,1.332
search,lower,7,reverse,106.0566,1105.265,891,rolling,1594.065,1286,1594.499,1.990,0,0,1783746796.857242107,0.283812,-0.377061,1.103391,-0.228908,,,0.647919,-0.597777,0.636573,0.695,1.332
search,lower,7,reverse,106.0782,1105.265,891,rolling,1594.065,1286,1594.499,1.990,0,0,1783746796.857242107,0.283812,-0.377061,1.103391,-0.228908,,,0.647919,-0.597777,0.636573,0.674,1.345
search,lower,7,reverse,106.0928,1105.265,891,rolling,1593.847,1285,1594.390,1.881,1,33,1783746796.957365751,0.274302,-0.401178,1.130220,-0.236211,-0.0258440,0.0268288,0.673763,-0.623621,0.663402,0.674,1.345
search,lower,7,reverse,106.1050,1105.265,891,rolling,1593.847,1285,1594.390,1.881,0,0,1783746796.957365751,0.274302,-0.401178,1.130220,-0.236211,,,0.673763,-0.623621,0.663402,0.674,1.345
search,lower,7,reverse,106.1267,1105.265,891,rolling,1593.847,1285,1594.390,1.881,0,0,1783746796.957365751,0.274302,-0.401178,1.130220,-0.236211,,,0.673763,-0.623621,0.663402,0.674,1.345
search,lower,7,reverse,106.1483,1105.265,891,rolling,1593.847,1285,1594.390,1.881,0,0,1783746796.957365751,0.274302,-0.401178,1.130220,-0.236211,,,0.673763,-0.623621,0.663402,0.674,1.345
search,lower,7,reverse,106.1698,1105.265,891,rolling,1593.847,1285,1594.390,1.881,0,0,1783746796.957365751,0.274302,-0.401178,1.130220,-0.236211,,,0.673763,-0.623621,0.663402,0.674,1.345
search,lower,7,reverse,106.1914,1105.265,891,rolling,1593.847,1285,1594.390,1.881,0,0,1783746796.957365751,0.274302,-0.401178,1.130220,-0.236211,,,0.673763,-0.623621,0.663402,0.658,1.357
search,lower,7,reverse,106.1939,1105.265,891,rolling,1593.647,1285,1594.269,1.760,1,34,1783746797.054955482,0.265704,-0.424844,1.156357,-0.241461,-0.0251012,0.0261369,0.698864,-0.648722,0.689539,0.658,1.357
search,lower,7,reverse,106.2038,1105.265,891,rolling,1593.647,1285,1594.269,1.760,0,0,1783746797.054955482,0.265704,-0.424844,1.156357,-0.241461,,,0.698864,-0.648722,0.689539,0.658,1.357
search,lower,7,reverse,106.2255,1105.265,891,rolling,1593.647,1285,1594.269,1.760,0,0,1783746797.054955482,0.265704,-0.424844,1.156357,-0.241461,,,0.698864,-0.648722,0.689539,0.658,1.357
search,lower,7,reverse,106.2472,1105.265,891,rolling,1593.647,1285,1594.269,1.760,0,0,1783746797.054955482,0.265704,-0.424844,1.156357,-0.241461,,,0.698864,-0.648722,0.689539,0.658,1.357
search,lower,7,reverse,106.2688,1105.265,891,rolling,1593.647,1285,1594.269,1.760,0,0,1783746797.054955482,0.265704,-0.424844,1.156357,-0.241461,,,0.698864,-0.648722,0.689539,0.658,1.357
search,lower,7,reverse,106.2903,1105.265,891,rolling,1593.647,1285,1594.269,1.760,0,0,1783746797.054955482,0.265704,-0.424844,1.156357,-0.241461,,,0.698864,-0.648722,0.689539,0.647,1.375
search,lower,7,reverse,106.2939,1105.265,891,rolling,1593.715,1285,1594.176,1.667,1,35,1783746797.155576944,0.256850,-0.442799,1.182393,-0.230756,-0.0199873,0.0260363,0.718851,-0.668709,0.715575,0.647,1.375
search,lower,7,reverse,106.3069,1105.265,891,rolling,1593.715,1285,1594.176,1.667,0,0,1783746797.155576944,0.256850,-0.442799,1.182393,-0.230756,,,0.718851,-0.668709,0.715575,0.647,1.375
search,lower,7,reverse,106.3286,1105.265,891,rolling,1593.715,1285,1594.176,1.667,0,0,1783746797.155576944,0.256850,-0.442799,1.182393,-0.230756,,,0.718851,-0.668709,0.715575,0.647,1.375
search,lower,7,reverse,106.3501,1105.265,891,rolling,1593.715,1285,1594.176,1.667,0,0,1783746797.155576944,0.256850,-0.442799,1.182393,-0.230756,,,0.718851,-0.668709,0.715575,0.647,1.375
search,lower,7,reverse,106.3716,1105.265,891,rolling,1593.715,1285,1594.176,1.667,0,0,1783746797.155576944,0.256850,-0.442799,1.182393,-0.230756,,,0.718851,-0.668709,0.715575,0.633,1.567
search,lower,7,reverse,106.3940,1105.265,891,rolling,1593.665,1285,1594.091,1.582,1,36,1783746797.255772352,0.248440,-0.463321,1.204928,-0.228400,-0.0221765,0.0225350,0.741028,-0.690886,0.738110,0.633,1.567
search,lower,7,reverse,106.4092,1105.265,891,rolling,1593.665,1285,1594.091,1.582,0,0,1783746797.255772352,0.248440,-0.463321,1.204928,-0.228400,,,0.741028,-0.690886,0.738110,0.633,1.567
search,lower,7,reverse,106.4308,1105.265,891,rolling,1593.665,1285,1594.091,1.582,0,0,1783746797.255772352,0.248440,-0.463321,1.204928,-0.228400,,,0.741028,-0.690886,0.738110,0.633,1.567
search,lower,7,reverse,106.4523,1105.265,891,rolling,1593.665,1285,1594.091,1.582,0,0,1783746797.255772352,0.248440,-0.463321,1.204928,-0.228400,,,0.741028,-0.690886,0.738110,0.633,1.567
search,lower,7,reverse,106.4738,1105.265,891,rolling,1593.665,1285,1594.091,1.582,0,0,1783746797.255772352,0.248440,-0.463321,1.204928,-0.228400,,,0.741028,-0.690886,0.738110,0.619,1.227
search,lower,7,reverse,106.4948,1105.265,891,rolling,1593.657,1285,1594.018,1.509,1,37,1783746797.356050968,0.239610,-0.482626,1.227049,-0.224080,-0.0211708,0.0221211,0.762198,-0.712056,0.760231,0.619,1.227
search,lower,8,forward,108.6948,1055.980,852,startup,1413.731,1140,1410.971,-8.413,1,1,1783746799.557873964,0.228491,-0.510379,1.270434,0.004832,0.0027283,0.0001617,0.002728,0.000000,0.000000,0.599,1.215
search,lower,8,forward,108.7134,1055.980,852,startup,1413.731,1140,1410.971,-8.413,0,0,1783746799.557873964,0.228491,-0.510379,1.270434,0.004832,,,0.002728,0.000000,0.000000,0.599,1.215
search,lower,8,forward,108.7350,1055.980,852,startup,1413.731,1140,1410.971,-8.413,0,0,1783746799.557873964,0.228491,-0.510379,1.270434,0.004832,,,0.002728,0.000000,0.000000,0.599,1.215
search,lower,8,forward,108.7569,1055.980,852,startup,1413.731,1140,1410.971,-8.413,0,0,1783746799.557873964,0.228491,-0.510379,1.270434,0.004832,,,0.002728,0.000000,0.000000,0.599,1.215
search,lower,8,forward,108.7789,1055.980,852,startup,1413.731,1140,1410.971,-8.413,0,0,1783746799.557873964,0.228491,-0.510379,1.270434,0.004832,,,0.002728,0.000000,0.000000,0.596,1.214
search,lower,8,forward,108.7962,1055.980,852,startup,1412.491,1139,1410.971,-8.413,1,2,1783746799.658209085,0.233401,-0.507161,1.270034,0.014905,0.0045276,-0.0003995,0.007256,0.000000,0.000000,0.596,1.214
search,lower,8,forward,108.8114,1055.980,852,startup,1412.491,1139,1410.971,-8.413,0,0,1783746799.658209085,0.233401,-0.507161,1.270034,0.014905,,,0.007256,0.000000,0.000000,0.596,1.214
search,lower,8,forward,108.8330,1055.980,852,startup,1412.491,1139,1410.971,-8.413,0,0,1783746799.658209085,0.233401,-0.507161,1.270034,0.014905,,,0.007256,0.000000,0.000000,0.596,1.214
search,lower,8,forward,108.8545,1055.980,852,startup,1412.491,1139,1410.971,-8.413,0,0,1783746799.658209085,0.233401,-0.507161,1.270034,0.014905,,,0.007256,0.000000,0.000000,0.596,1.214
search,lower,8,forward,108.8760,1055.980,852,startup,1412.491,1139,1410.971,-8.413,0,0,1783746799.658209085,0.233401,-0.507161,1.270034,0.014905,,,0.007256,0.000000,0.000000,0.599,1.202
search,lower,8,forward,108.8969,1055.980,852,startup,1411.251,1138,1410.971,-8.413,1,3,1783746799.758365154,0.232277,-0.503683,1.270027,0.018641,0.0029894,-0.0000075,0.010245,0.000000,0.000000,0.599,1.202
search,lower,8,forward,108.9158,1055.980,852,startup,1411.251,1138,1410.971,-8.413,0,0,1783746799.758365154,0.232277,-0.503683,1.270027,0.018641,,,0.010245,0.000000,0.000000,0.599,1.202
search,lower,8,forward,108.9374,1055.980,852,startup,1411.251,1138,1410.971,-8.413,0,0,1783746799.758365154,0.232277,-0.503683,1.270027,0.018641,,,0.010245,0.000000,0.000000,0.599,1.202
search,lower,8,forward,108.9590,1055.980,852,startup,1411.251,1138,1410.971,-8.413,0,0,1783746799.758365154,0.232277,-0.503683,1.270027,0.018641,,,0.010245,0.000000,0.000000,0.599,1.202
search,lower,8,forward,108.9807,1055.980,852,startup,1411.251,1138,1410.971,-8.413,0,0,1783746799.758365154,0.232277,-0.503683,1.270027,0.018641,,,0.010245,0.000000,0.000000,0.601,1.222
search,lower,8,forward,108.9974,1055.980,852,startup,1410.011,1137,1410.971,-8.413,1,4,1783746799.858993769,0.229426,-0.502086,1.266161,0.015657,0.0006747,-0.0038660,0.010920,0.000000,0.000000,0.601,1.222
search,lower,8,forward,109.0126,1055.980,852,startup,1410.011,1137,1410.971,-8.413,0,0,1783746799.858993769,0.229426,-0.502086,1.266161,0.015657,,,0.010920,0.000000,0.000000,0.601,1.222
search,lower,8,forward,109.0342,1055.980,852,startup,1410.011,1137,1410.971,-8.413,0,0,1783746799.858993769,0.229426,-0.502086,1.266161,0.015657,,,0.010920,0.000000,0.000000,0.601,1.222
search,lower,8,forward,109.0558,1055.980,852,startup,1410.011,1137,1410.971,-8.413,0,0,1783746799.858993769,0.229426,-0.502086,1.266161,0.015657,,,0.010920,0.000000,0.000000,0.601,1.222
search,lower,8,forward,109.0774,1055.980,852,startup,1410.011,1137,1410.971,-8.413,0,0,1783746799.858993769,0.229426,-0.502086,1.266161,0.015657,,,0.010920,0.000000,0.000000,0.609,1.227
search,lower,8,forward,109.0979,1055.980,852,startup,1410.011,1137,1410.971,-8.413,0,0,1783746799.858993769,0.229426,-0.502086,1.266161,0.015657,,,0.010920,0.000000,0.000000,0.609,1.227
search,lower,8,forward,109.1200,1055.980,852,startup,1406.911,1135,1410.971,-8.413,1,5,1783746799.959205866,0.229152,-0.495660,1.257545,0.026806,0.0060381,-0.0086152,0.016958,0.000000,0.000000,0.609,1.227
search,lower,8,forward,109.1222,1055.980,852,startup,1406.911,1135,1410.971,-8.413,0,0,1783746799.959205866,0.229152,-0.495660,1.257545,0.026806,,,0.016958,0.000000,0.000000,0.609,1.227
search,lower,8,forward,109.1441,1055.980,852,startup,1406.911,1135,1410.971,-8.413,0,0,1783746799.959205866,0.229152,-0.495660,1.257545,0.026806,,,0.016958,0.000000,0.000000,0.609,1.227
search,lower,8,forward,109.1659,1055.980,852,startup,1406.911,1135,1410.971,-8.413,0,0,1783746799.959205866,0.229152,-0.495660,1.257545,0.026806,,,0.016958,0.000000,0.000000,0.609,1.227
search,lower,8,forward,109.1876,1055.980,852,startup,1406.911,1135,1410.971,-8.413,0,0,1783746799.959205866,0.229152,-0.495660,1.257545,0.026806,,,0.016958,0.000000,0.000000,0.611,1.219
search,lower,8,forward,109.1958,1055.980,852,startup,1403.811,1132,1410.971,-8.413,1,6,1783746800.059754610,0.230650,-0.492265,1.248555,0.029286,0.0036927,-0.0089908,0.020651,0.000000,0.000000,0.611,1.219
search,lower,8,forward,109.2050,1055.980,852,startup,1403.811,1132,1410.971,-8.413,0,0,1783746800.059754610,0.230650,-0.492265,1.248555,0.029286,,,0.020651,0.000000,0.000000,0.611,1.219
search,lower,8,forward,109.2267,1055.980,852,startup,1403.811,1132,1410.971,-8.413,0,0,1783746800.059754610,0.230650,-0.492265,1.248555,0.029286,,,0.020651,0.000000,0.000000,0.611,1.219
search,lower,8,forward,109.2483,1055.980,852,startup,1403.811,1132,1410.971,-8.413,0,0,1783746800.059754610,0.230650,-0.492265,1.248555,0.029286,,,0.020651,0.000000,0.000000,0.611,1.219
search,lower,8,forward,109.2698,1055.980,852,startup,1403.811,1132,1410.971,-8.413,0,0,1783746800.059754610,0.230650,-0.492265,1.248555,0.029286,,,0.020651,0.000000,0.000000,0.611,1.219
search,lower,8,forward,109.2913,1055.980,852,startup,1403.811,1132,1410.971,-8.413,0,0,1783746800.059754610,0.230650,-0.492265,1.248555,0.029286,,,0.020651,0.000000,0.000000,0.614,1.215
search,lower,8,forward,109.2959,1055.980,852,startup,1400.711,1130,1410.971,-8.413,1,7,1783746800.157450199,0.240969,-0.487408,1.245564,0.042149,0.0078878,-0.0029905,0.028539,0.000000,0.000000,0.614,1.215
search,lower,8,forward,109.3179,1055.980,852,startup,1400.711,1130,1410.971,-8.413,0,0,1783746800.157450199,0.240969,-0.487408,1.245564,0.042149,,,0.028539,0.000000,0.000000,0.614,1.215
search,lower,8,forward,109.3395,1055.980,852,startup,1400.711,1130,1410.971,-8.413,0,0,1783746800.157450199,0.240969,-0.487408,1.245564,0.042149,,,0.028539,0.000000,0.000000,0.614,1.215
search,lower,8,forward,109.3610,1055.980,852,startup,1400.711,1130,1410.971,-8.413,0,0,1783746800.157450199,0.240969,-0.487408,1.245564,0.042149,,,0.028539,0.000000,0.000000,0.614,1.215
search,lower,8,forward,109.3825,1055.980,852,startup,1400.711,1130,1410.971,-8.413,0,0,1783746800.157450199,0.240969,-0.487408,1.245564,0.042149,,,0.028539,0.000000,0.000000,0.615,1.221
search,lower,8,forward,109.3960,1055.980,852,rolling,1410.971,1138,1410.971,-8.413,1,8,1783746800.258070707,0.247917,-0.478531,1.240412,0.058051,0.0106413,-0.0051521,0.039180,0.000000,0.000000,0.615,1.221
search,lower,8,forward,109.4132,1055.980,852,rolling,1410.971,1138,1410.971,-8.413,0,0,1783746800.258070707,0.247917,-0.478531,1.240412,0.058051,,,0.039180,0.000000,0.000000,0.615,1.221
search,lower,8,forward,109.4349,1055.980,852,rolling,1410.971,1138,1410.971,-8.413,0,0,1783746800.258070707,0.247917,-0.478531,1.240412,0.058051,,,0.039180,0.000000,0.000000,0.615,1.221
search,lower,8,forward,109.4565,1055.980,852,rolling,1410.971,1138,1410.971,-8.413,0,0,1783746800.258070707,0.247917,-0.478531,1.240412,0.058051,,,0.039180,0.000000,0.000000,0.615,1.221
search,lower,8,forward,109.4780,1055.980,852,rolling,1410.971,1138,1410.971,-8.413,0,0,1783746800.258070707,0.247917,-0.478531,1.240412,0.058051,,,0.039180,0.000000,0.000000,0.627,1.377
search,lower,8,forward,109.4969,1055.980,852,rolling,1408.609,1136,1410.663,-8.721,1,9,1783746800.358209848,0.243334,-0.454082,1.224070,0.097310,0.0215388,-0.0163423,0.060719,0.000000,0.000000,0.627,1.377
search,lower,8,forward,109.5146,1055.980,852,rolling,1408.609,1136,1410.663,-8.721,0,0,1783746800.358209848,0.243334,-0.454082,1.224070,0.097310,,,0.060719,0.000000,0.000000,0.627,1.377
search,lower,8,forward,109.5364,1055.980,852,rolling,1408.609,1136,1410.663,-8.721,0,0,1783746800.358209848,0.243334,-0.454082,1.224070,0.097310,,,0.060719,0.000000,0.000000,0.627,1.377
search,lower,8,forward,109.5582,1055.980,852,rolling,1408.609,1136,1410.663,-8.721,0,0,1783746800.358209848,0.243334,-0.454082,1.224070,0.097310,,,0.060719,0.000000,0.000000,0.627,1.377
search,lower,8,forward,109.5798,1055.980,852,rolling,1408.609,1136,1410.663,-8.721,0,0,1783746800.358209848,0.243334,-0.454082,1.224070,0.097310,,,0.060719,0.000000,0.000000,0.643,1.373
search,lower,8,forward,109.5970,1055.980,852,rolling,1408.989,1136,1410.443,-8.941,1,10,1783746800.458829165,0.246819,-0.432047,1.197739,0.127273,0.0218508,-0.0263308,0.082569,0.021851,-0.026331,0.643,1.373
search,lower,8,forward,109.6157,1055.980,852,rolling,1408.989,1136,1410.443,-8.941,0,0,1783746800.458829165,0.246819,-0.432047,1.197739,0.127273,,,0.082569,0.021851,-0.026331,0.643,1.373
search,lower,8,forward,109.6374,1055.980,852,rolling,1408.989,1136,1410.443,-8.941,0,0,1783746800.458829165,0.246819,-0.432047,1.197739,0.127273,,,0.082569,0.021851,-0.026331,0.643,1.373
search,lower,8,forward,109.6589,1055.980,852,rolling,1408.989,1136,1410.443,-8.941,0,0,1783746800.458829165,0.246819,-0.432047,1.197739,0.127273,,,0.082569,0.021851,-0.026331,0.643,1.373
search,lower,8,forward,109.6804,1055.980,852,rolling,1408.989,1136,1410.443,-8.941,0,0,1783746800.458829165,0.246819,-0.432047,1.197739,0.127273,,,0.082569,0.021851,-0.026331,0.655,1.344
search,lower,8,forward,109.6948,1055.980,852,rolling,1409.569,1137,1410.329,-9.055,1,11,1783746800.558990240,0.252897,-0.405734,1.170316,0.162002,0.0266615,-0.0274229,0.109231,0.048512,-0.053754,0.655,1.344
search,lower,8,forward,109.7088,1055.980,852,rolling,1409.569,1137,1410.329,-9.055,0,0,1783746800.558990240,0.252897,-0.405734,1.170316,0.162002,,,0.109231,0.048512,-0.053754,0.655,1.344
search,lower,8,forward,109.7304,1055.980,852,rolling,1409.569,1137,1410.329,-9.055,0,0,1783746800.558990240,0.252897,-0.405734,1.170316,0.162002,,,0.109231,0.048512,-0.053754,0.655,1.344
search,lower,8,forward,109.7519,1055.980,852,rolling,1409.569,1137,1410.329,-9.055,0,0,1783746800.558990240,0.252897,-0.405734,1.170316,0.162002,,,0.109231,0.048512,-0.053754,0.655,1.344
search,lower,8,forward,109.7734,1055.980,852,rolling,1409.569,1137,1410.329,-9.055,0,0,1783746800.558990240,0.252897,-0.405734,1.170316,0.162002,,,0.109231,0.048512,-0.053754,0.678,1.314
search,lower,8,forward,109.7952,1055.980,852,rolling,1409.787,1137,1410.260,-9.124,1,12,1783746800.656692266,0.265564,-0.387878,1.144812,0.176362,0.0214399,-0.0255039,0.130671,0.069952,-0.079258,0.678,1.314
search,lower,8,forward,109.8139,1055.980,852,rolling,1409.787,1137,1410.260,-9.124,0,0,1783746800.656692266,0.265564,-0.387878,1.144812,0.176362,,,0.130671,0.069952,-0.079258,0.678,1.314
search,lower,8,forward,109.8355,1055.980,852,rolling,1409.787,1137,1410.260,-9.124,0,0,1783746800.656692266,0.265564,-0.387878,1.144812,0.176362,,,0.130671,0.069952,-0.079258,0.678,1.314
search,lower,8,forward,109.8570,1055.980,852,rolling,1409.787,1137,1410.260,-9.124,0,0,1783746800.656692266,0.265564,-0.387878,1.144812,0.176362,,,0.130671,0.069952,-0.079258,0.678,1.314
search,lower,8,forward,109.8785,1055.980,852,rolling,1409.787,1137,1410.260,-9.124,0,0,1783746800.656692266,0.265564,-0.387878,1.144812,0.176362,,,0.130671,0.069952,-0.079258,0.689,1.441
search,lower,8,forward,109.8953,1055.980,852,rolling,1409.852,1137,1410.206,-9.177,1,13,1783746800.757021904,0.278081,-0.371581,1.119195,0.182285,0.0200715,-0.0256174,0.150742,0.090024,-0.104875,0.689,1.441
search,lower,8,forward,109.9102,1055.980,852,rolling,1409.852,1137,1410.206,-9.177,0,0,1783746800.757021904,0.278081,-0.371581,1.119195,0.182285,,,0.150742,0.090024,-0.104875,0.689,1.441
search,lower,8,forward,109.9320,1055.980,852,rolling,1409.852,1137,1410.206,-9.177,0,0,1783746800.757021904,0.278081,-0.371581,1.119195,0.182285,,,0.150742,0.090024,-0.104875,0.689,1.441
search,lower,8,forward,109.9536,1055.980,852,rolling,1409.852,1137,1410.206,-9.177,0,0,1783746800.757021904,0.278081,-0.371581,1.119195,0.182285,,,0.150742,0.090024,-0.104875,0.689,1.441
search,lower,8,forward,109.9753,1055.980,852,rolling,1409.852,1137,1410.206,-9.177,0,0,1783746800.757021904,0.278081,-0.371581,1.119195,0.182285,,,0.150742,0.090024,-0.104875,0.707,1.423
search,lower,8,forward,109.9932,1055.980,852,rolling,1410.029,1137,1410.183,-9.201,1,14,1783746800.857421875,0.291621,-0.353409,1.089536,0.192291,0.0223196,-0.0296588,0.173062,0.112343,-0.134534,0.707,1.423
search,lower,8,forward,110.0141,1055.980,852,rolling,1410.029,1137,1410.183,-9.201,0,0,1783746800.857421875,0.291621,-0.353409,1.089536,0.192291,,,0.173062,0.112343,-0.134534,0.707,1.423
search,lower,8,forward,110.0357,1055.980,852,rolling,1410.029,1137,1410.183,-9.201,0,0,1783746800.857421875,0.291621,-0.353409,1.089536,0.192291,,,0.173062,0.112343,-0.134534,0.707,1.423
search,lower,8,forward,110.0573,1055.980,852,rolling,1410.029,1137,1410.183,-9.201,0,0,1783746800.857421875,0.291621,-0.353409,1.089536,0.192291,,,0.173062,0.112343,-0.134534,0.707,1.423
search,lower,8,forward,110.0788,1055.980,852,rolling,1410.029,1137,1410.183,-9.201,0,0,1783746800.857421875,0.291621,-0.353409,1.089536,0.192291,,,0.173062,0.112343,-0.134534,0.723,1.401
search,lower,8,forward,110.0937,1055.980,852,rolling,1410.421,1137,1410.214,-9.170,1,15,1783746800.955248356,0.302216,-0.329716,1.063429,0.210362,0.0258827,-0.0261074,0.198945,0.138226,-0.160641,0.723,1.401
search,lower,8,forward,110.1100,1055.980,852,rolling,1410.421,1137,1410.214,-9.170,0,0,1783746800.955248356,0.302216,-0.329716,1.063429,0.210362,,,0.198945,0.138226,-0.160641,0.723,1.401
search,lower,8,forward,110.1316,1055.980,852,rolling,1410.421,1137,1410.214,-9.170,0,0,1783746800.955248356,0.302216,-0.329716,1.063429,0.210362,,,0.198945,0.138226,-0.160641,0.723,1.401
search,lower,8,forward,110.1531,1055.980,852,rolling,1410.421,1137,1410.214,-9.170,0,0,1783746800.955248356,0.302216,-0.329716,1.063429,0.210362,,,0.198945,0.138226,-0.160641,0.723,1.401
search,lower,8,forward,110.1746,1055.980,852,rolling,1410.421,1137,1410.214,-9.170,0,0,1783746800.955248356,0.302216,-0.329716,1.063429,0.210362,,,0.198945,0.138226,-0.160641,0.747,1.383
search,lower,8,forward,110.1939,1055.980,852,rolling,1410.440,1137,1410.243,-9.141,1,16,1783746801.055821419,0.307171,-0.308420,1.037482,0.209828,0.0209417,-0.0259469,0.219886,0.159168,-0.186588,0.747,1.383
search,lower,8,forward,110.2122,1055.980,852,rolling,1410.440,1137,1410.243,-9.141,0,0,1783746801.055821419,0.307171,-0.308420,1.037482,0.209828,,,0.219886,0.159168,-0.186588,0.747,1.383
search,lower,8,forward,110.2339,1055.980,852,rolling,1410.440,1137,1410.243,-9.141,0,0,1783746801.055821419,0.307171,-0.308420,1.037482,0.209828,,,0.219886,0.159168,-0.186588,0.747,1.383
search,lower,8,forward,110.2554,1055.980,852,rolling,1410.440,1137,1410.243,-9.141,0,0,1783746801.055821419,0.307171,-0.308420,1.037482,0.209828,,,0.219886,0.159168,-0.186588,0.747,1.383
search,lower,8,forward,110.2770,1055.980,852,rolling,1410.440,1137,1410.243,-9.141,0,0,1783746801.055821419,0.307171,-0.308420,1.037482,0.209828,,,0.219886,0.159168,-0.186588,0.763,1.365
search,lower,8,forward,110.2918,1055.980,852,rolling,1410.413,1137,1410.265,-9.118,1,17,1783746801.156039238,0.317258,-0.291098,1.012660,0.207365,0.0200410,-0.0248218,0.239927,0.179209,-0.211410,0.763,1.365
search,lower,8,forward,110.3044,1055.980,852,rolling,1410.413,1137,1410.265,-9.118,0,0,1783746801.156039238,0.317258,-0.291098,1.012660,0.207365,,,0.239927,0.179209,-0.211410,0.763,1.365
search,lower,8,forward,110.3260,1055.980,852,rolling,1410.413,1137,1410.265,-9.118,0,0,1783746801.156039238,0.317258,-0.291098,1.012660,0.207365,,,0.239927,0.179209,-0.211410,0.763,1.365
search,lower,8,forward,110.3475,1055.980,852,rolling,1410.413,1137,1410.265,-9.118,0,0,1783746801.156039238,0.317258,-0.291098,1.012660,0.207365,,,0.239927,0.179209,-0.211410,0.763,1.365
search,lower,8,forward,110.3692,1055.980,852,rolling,1410.413,1137,1410.265,-9.118,0,0,1783746801.156039238,0.317258,-0.291098,1.012660,0.207365,,,0.239927,0.179209,-0.211410,0.763,1.365
search,lower,8,forward,110.3908,1055.980,852,rolling,1410.413,1137,1410.265,-9.118,0,0,1783746801.156039238,0.317258,-0.291098,1.012660,0.207365,,,0.239927,0.179209,-0.211410,0.780,1.345
search,lower,8,forward,110.3933,1055.980,852,rolling,1410.451,1137,1410.289,-9.095,1,18,1783746801.253893137,0.330738,-0.275298,0.989230,0.208093,0.0205764,-0.0234295,0.260504,0.199785,-0.234839,0.780,1.345
search,lower,8,forward,110.4075,1055.980,852,rolling,1410.451,1137,1410.289,-9.095,0,0,1783746801.253893137,0.330738,-0.275298,0.989230,0.208093,,,0.260504,0.199785,-0.234839,0.780,1.345
search,lower,8,forward,110.4291,1055.980,852,rolling,1410.451,1137,1410.289,-9.095,0,0,1783746801.253893137,0.330738,-0.275298,0.989230,0.208093,,,0.260504,0.199785,-0.234839,0.780,1.345
search,lower,8,forward,110.4509,1055.980,852,rolling,1410.451,1137,1410.289,-9.095,0,0,1783746801.253893137,0.330738,-0.275298,0.989230,0.208093,,,0.260504,0.199785,-0.234839,0.780,1.345
search,lower,8,forward,110.4724,1055.980,852,rolling,1410.451,1137,1410.289,-9.095,0,0,1783746801.253893137,0.330738,-0.275298,0.989230,0.208093,,,0.260504,0.199785,-0.234839,0.796,1.324
search,lower,8,forward,110.4933,1055.980,852,rolling,1410.789,1138,1410.355,-9.029,1,19,1783746801.354585648,0.344621,-0.252767,0.962569,0.221716,0.0264403,-0.0266609,0.286944,0.226226,-0.261500,0.796,1.324
search,lower,8,forward,110.5088,1055.980,852,rolling,1410.789,1138,1410.355,-9.029,0,0,1783746801.354585648,0.344621,-0.252767,0.962569,0.221716,,,0.286944,0.226226,-0.261500,0.796,1.324
search,lower,8,forward,110.5305,1055.980,852,rolling,1410.789,1138,1410.355,-9.029,0,0,1783746801.354585648,0.344621,-0.252767,0.962569,0.221716,,,0.286944,0.226226,-0.261500,0.796,1.324
search,lower,8,forward,110.5520,1055.980,852,rolling,1410.789,1138,1410.355,-9.029,0,0,1783746801.354585648,0.344621,-0.252767,0.962569,0.221716,,,0.286944,0.226226,-0.261500,0.796,1.324
search,lower,8,forward,110.5736,1055.980,852,rolling,1410.789,1138,1410.355,-9.029,0,0,1783746801.354585648,0.344621,-0.252767,0.962569,0.221716,,,0.286944,0.226226,-0.261500,0.815,1.303
search,lower,8,forward,110.5909,1055.980,852,rolling,1410.850,1138,1410.419,-8.964,1,20,1783746801.454929352,0.350772,-0.229890,0.932785,0.221514,0.0221668,-0.0297846,0.309111,0.248392,-0.291285,0.815,1.303
search,lower,8,forward,110.6095,1055.980,852,rolling,1410.850,1138,1410.419,-8.964,0,0,1783746801.454929352,0.350772,-0.229890,0.932785,0.221514,,,0.309111,0.248392,-0.291285,0.815,1.303
search,lower,8,forward,110.6311,1055.980,852,rolling,1410.850,1138,1410.419,-8.964,0,0,1783746801.454929352,0.350772,-0.229890,0.932785,0.221514,,,0.309111,0.248392,-0.291285,0.815,1.303
search,lower,8,forward,110.6526,1055.980,852,rolling,1410.850,1138,1410.419,-8.964,0,0,1783746801.454929352,0.350772,-0.229890,0.932785,0.221514,,,0.309111,0.248392,-0.291285,0.815,1.303
search,lower,8,forward,110.6742,1055.980,852,rolling,1410.850,1138,1410.419,-8.964,0,0,1783746801.454929352,0.350772,-0.229890,0.932785,0.221514,,,0.309111,0.248392,-0.291285,1.584,1.287
search,lower,8,forward,110.6916,1055.980,852,rolling,1411.138,1138,1410.511,-8.872,1,21,1783746801.552854300,0.366404,-0.209705,0.903110,0.231312,0.0255297,-0.0296752,0.334641,0.273922,-0.320960,1.584,1.287
search,lower,8,forward,110.7130,1055.980,852,rolling,1411.138,1138,1410.511,-8.872,0,0,1783746801.552854300,0.366404,-0.209705,0.903110,0.231312,,,0.334641,0.273922,-0.320960,1.584,1.287
search,lower,8,forward,110.7347,1055.980,852,rolling,1411.138,1138,1410.511,-8.872,0,0,1783746801.552854300,0.366404,-0.209705,0.903110,0.231312,,,0.334641,0.273922,-0.320960,1.584,1.287
search,lower,8,forward,110.7562,1055.980,852,rolling,1411.138,1138,1410.511,-8.872,0,0,1783746801.552854300,0.366404,-0.209705,0.903110,0.231312,,,0.334641,0.273922,-0.320960,1.584,1.287
search,lower,8,forward,110.7777,1055.980,852,rolling,1411.138,1138,1410.511,-8.872,0,0,1783746801.552854300,0.366404,-0.209705,0.903110,0.231312,,,0.334641,0.273922,-0.320960,1.603,1.268
search,lower,8,forward,110.7916,1055.980,852,rolling,1411.336,1138,1410.620,-8.764,1,22,1783746801.653388262,0.380287,-0.188669,0.871032,0.235846,0.0250779,-0.0320774,0.359719,0.299000,-0.353038,1.603,1.268
search,lower,8,forward,110.8026,1055.980,852,rolling,1411.336,1138,1410.620,-8.764,0,0,1783746801.653388262,0.380287,-0.188669,0.871032,0.235846,,,0.359719,0.299000,-0.353038,1.603,1.268
search,lower,8,forward,110.8243,1055.980,852,rolling,1411.336,1138,1410.620,-8.764,0,0,1783746801.653388262,0.380287,-0.188669,0.871032,0.235846,,,0.359719,0.299000,-0.353038,1.603,1.268
search,lower,8,forward,110.8459,1055.980,852,rolling,1411.336,1138,1410.620,-8.764,0,0,1783746801.653388262,0.380287,-0.188669,0.871032,0.235846,,,0.359719,0.299000,-0.353038,1.603,1.268
search,lower,8,forward,110.8675,1055.980,852,rolling,1411.336,1138,1410.620,-8.764,0,0,1783746801.653388262,0.380287,-0.188669,0.871032,0.235846,,,0.359719,0.299000,-0.353038,1.603,1.268
search,lower,8,forward,110.8890,1055.980,852,rolling,1411.336,1138,1410.620,-8.764,0,0,1783746801.653388262,0.380287,-0.188669,0.871032,0.235846,,,0.359719,0.299000,-0.353038,1.624,1.252
search,lower,8,forward,110.8922,1055.980,852,rolling,1411.251,1138,1410.702,-8.682,1,23,1783746801.753653288,0.395191,-0.174753,0.844161,0.227437,0.0202748,-0.0268713,0.379993,0.319275,-0.379909,1.624,1.252
search,lower,8,forward,110.9122,1055.980,852,rolling,1411.251,1138,1410.702,-8.682,0,0,1783746801.753653288,0.395191,-0.174753,0.844161,0.227437,,,0.379993,0.319275,-0.379909,1.624,1.252
search,lower,8,forward,110.9339,1055.980,852,rolling,1411.251,1138,1410.702,-8.682,0,0,1783746801.753653288,0.395191,-0.174753,0.844161,0.227437,,,0.379993,0.319275,-0.379909,1.624,1.252
search,lower,8,forward,110.9555,1055.980,852,rolling,1411.251,1138,1410.702,-8.682,0,0,1783746801.753653288,0.395191,-0.174753,0.844161,0.227437,,,0.379993,0.319275,-0.379909,1.624,1.252
search,lower,8,forward,110.9771,1055.980,852,rolling,1411.251,1138,1410.702,-8.682,0,0,1783746801.753653288,0.395191,-0.174753,0.844161,0.227437,,,0.379993,0.319275,-0.379909,1.641,1.238
search,lower,8,forward,110.9904,1055.980,852,rolling,1411.211,1138,1410.769,-8.615,1,24,1783746801.854258776,0.407981,-0.158352,0.814457,0.222101,0.0207342,-0.0297039,0.400727,0.340009,-0.409613,1.641,1.238
search,lower,8,forward,111.0028,1055.980,852,rolling,1411.211,1138,1410.769,-8.615,0,0,1783746801.854258776,0.407981,-0.158352,0.814457,0.222101,,,0.400727,0.340009,-0.409613,1.641,1.238
search,lower,8,forward,111.0246,1055.980,852,rolling,1411.211,1138,1410.769,-8.615,0,0,1783746801.854258776,0.407981,-0.158352,0.814457,0.222101,,,0.400727,0.340009,-0.409613,1.641,1.238
search,lower,8,forward,111.0462,1055.980,852,rolling,1411.211,1138,1410.769,-8.615,0,0,1783746801.854258776,0.407981,-0.158352,0.814457,0.222101,,,0.400727,0.340009,-0.409613,1.641,1.238
search,lower,8,forward,111.0677,1055.980,852,rolling,1411.211,1138,1410.769,-8.615,0,0,1783746801.854258776,0.407981,-0.158352,0.814457,0.222101,,,0.400727,0.340009,-0.409613,1.657,1.227
search,lower,8,forward,111.0903,1055.980,852,rolling,1411.211,1138,1410.769,-8.615,0,0,1783746801.854258776,0.407981,-0.158352,0.814457,0.222101,,,0.400727,0.340009,-0.409613,1.657,1.227
search,lower,8,forward,111.0917,1055.980,852,rolling,1411.211,1138,1410.769,-8.615,0,0,1783746801.854258776,0.407981,-0.158352,0.814457,0.222101,,,0.400727,0.340009,-0.409613,1.657,1.227
search,lower,8,forward,111.1135,1055.980,852,rolling,1410.652,1138,1410.754,-8.630,1,25,1783746801.952255011,0.410573,-0.145434,0.794483,0.194903,0.0111035,-0.0199744,0.411831,0.351112,-0.429587,1.657,1.227
search,lower,8,forward,111.1169,1055.980,852,rolling,1410.652,1138,1410.754,-8.630,0,0,1783746801.952255011,0.410573,-0.145434,0.794483,0.194903,,,0.411831,0.351112,-0.429587,1.657,1.227
search,lower,8,forward,111.1385,1055.980,852,rolling,1410.652,1138,1410.754,-8.630,0,0,1783746801.952255011,0.410573,-0.145434,0.794483,0.194903,,,0.411831,0.351112,-0.429587,1.657,1.227
search,lower,8,forward,111.1602,1055.980,852,rolling,1410.652,1138,1410.754,-8.630,0,0,1783746801.952255011,0.410573,-0.145434,0.794483,0.194903,,,0.411831,0.351112,-0.429587,1.657,1.227
search,lower,8,forward,111.1819,1055.980,852,rolling,1410.652,1138,1410.754,-8.630,0,0,1783746801.952255011,0.410573,-0.145434,0.794483,0.194903,,,0.411831,0.351112,-0.429587,1.673,1.216
search,lower,8,forward,111.1907,1055.980,852,rolling,1410.652,1138,1410.754,-8.630,0,0,1783746801.952255011,0.410573,-0.145434,0.794483,0.194903,,,0.411831,0.351112,-0.429587,1.673,1.216
search,lower,8,forward,111.2130,1055.980,852,rolling,1410.383,1137,1410.705,-8.678,1,26,1783746802.052326441,0.425335,-0.138871,0.773867,0.183865,0.0150860,-0.0206158,0.426917,0.366198,-0.450203,1.673,1.216
search,lower,8,forward,111.2149,1055.980,852,rolling,1410.383,1137,1410.705,-8.678,0,0,1783746802.052326441,0.425335,-0.138871,0.773867,0.183865,,,0.426917,0.366198,-0.450203,1.673,1.216
search,lower,8,forward,111.2368,1055.980,852,rolling,1410.383,1137,1410.705,-8.678,0,0,1783746802.052326441,0.425335,-0.138871,0.773867,0.183865,,,0.426917,0.366198,-0.450203,1.673,1.216
search,lower,8,forward,111.2585,1055.980,852,rolling,1410.383,1137,1410.705,-8.678,0,0,1783746802.052326441,0.425335,-0.138871,0.773867,0.183865,,,0.426917,0.366198,-0.450203,1.673,1.216
search,lower,8,forward,111.2801,1055.980,852,rolling,1410.383,1137,1410.705,-8.678,0,0,1783746802.052326441,0.425335,-0.138871,0.773867,0.183865,,,0.426917,0.366198,-0.450203,1.688,1.263
search,lower,8,forward,111.2915,1055.980,852,rolling,1410.189,1137,1410.638,-8.746,1,27,1783746802.152895927,0.437834,-0.128850,0.752589,0.177573,0.0159600,-0.0212778,0.442877,0.382158,-0.471481,1.688,1.263
search,lower,8,forward,111.3007,1055.980,852,rolling,1410.189,1137,1410.638,-8.746,0,0,1783746802.152895927,0.437834,-0.128850,0.752589,0.177573,,,0.442877,0.382158,-0.471481,1.688,1.263
search,lower,8,forward,111.3224,1055.980,852,rolling,1410.189,1137,1410.638,-8.746,0,0,1783746802.152895927,0.437834,-0.128850,0.752589,0.177573,,,0.442877,0.382158,-0.471481,1.688,1.263
search,lower,8,forward,111.3439,1055.980,852,rolling,1410.189,1137,1410.638,-8.746,0,0,1783746802.152895927,0.437834,-0.128850,0.752589,0.177573,,,0.442877,0.382158,-0.471481,1.688,1.263
search,lower,8,forward,111.3655,1055.980,852,rolling,1410.189,1137,1410.638,-8.746,0,0,1783746802.152895927,0.437834,-0.128850,0.752589,0.177573,,,0.442877,0.382158,-0.471481,1.688,1.263
search,lower,8,forward,111.3870,1055.980,852,rolling,1410.189,1137,1410.638,-8.746,0,0,1783746802.152895927,0.437834,-0.128850,0.752589,0.177573,,,0.442877,0.382158,-0.471481,1.704,1.344
search,lower,8,forward,111.3913,1055.980,852,rolling,1410.620,1138,1410.635,-8.748,1,28,1783746802.253584146,0.452874,-0.105867,0.729518,0.199251,0.0266104,-0.0230713,0.469487,0.408769,-0.494552,1.704,1.344
search,lower,8,forward,111.4110,1055.980,852,rolling,1410.620,1138,1410.635,-8.748,0,0,1783746802.253584146,0.452874,-0.105867,0.729518,0.199251,,,0.469487,0.408769,-0.494552,1.704,1.344
search,lower,8,forward,111.4326,1055.980,852,rolling,1410.620,1138,1410.635,-8.748,0,0,1783746802.253584146,0.452874,-0.105867,0.729518,0.199251,,,0.469487,0.408769,-0.494552,1.704,1.344
search,lower,8,forward,111.4541,1055.980,852,rolling,1410.620,1138,1410.635,-8.748,0,0,1783746802.253584146,0.452874,-0.105867,0.729518,0.199251,,,0.469487,0.408769,-0.494552,1.704,1.344
search,lower,8,forward,111.4757,1055.980,852,rolling,1410.620,1138,1410.635,-8.748,0,0,1783746802.253584146,0.452874,-0.105867,0.729518,0.199251,,,0.469487,0.408769,-0.494552,1.719,1.406
search,lower,8,forward,111.4922,1055.980,852,rolling,1410.780,1138,1410.654,-8.730,1,29,1783746802.353449583,0.470764,-0.091839,0.707174,0.206268,0.0227014,-0.0223432,0.492189,0.431470,-0.516895,1.719,1.406
search,lower,8,forward,111.5093,1055.980,852,rolling,1410.780,1138,1410.654,-8.730,0,0,1783746802.353449583,0.470764,-0.091839,0.707174,0.206268,,,0.492189,0.431470,-0.516895,1.719,1.406
search,lower,8,forward,111.5309,1055.980,852,rolling,1410.780,1138,1410.654,-8.730,0,0,1783746802.353449583,0.470764,-0.091839,0.707174,0.206268,,,0.492189,0.431470,-0.516895,1.719,1.406
search,lower,8,forward,111.5524,1055.980,852,rolling,1410.780,1138,1410.654,-8.730,0,0,1783746802.353449583,0.470764,-0.091839,0.707174,0.206268,,,0.492189,0.431470,-0.516895,1.719,1.406
search,lower,8,forward,111.5740,1055.980,852,rolling,1410.780,1138,1410.654,-8.730,0,0,1783746802.353449583,0.470764,-0.091839,0.707174,0.206268,,,0.492189,0.431470,-0.516895,1.732,1.501
search,lower,8,forward,111.5924,1055.980,852,rolling,1410.736,1138,1410.665,-8.719,1,30,1783746802.454240799,0.485005,-0.078179,0.686424,0.203535,0.0196880,-0.0207503,0.511877,0.451158,-0.537646,1.732,1.501
search,lower,8,forward,111.6060,1055.980,852,rolling,1410.736,1138,1410.665,-8.719,0,0,1783746802.454240799,0.485005,-0.078179,0.686424,0.203535,,,0.511877,0.451158,-0.537646,1.732,1.501
search,lower,8,forward,111.6276,1055.980,852,rolling,1410.736,1138,1410.665,-8.719,0,0,1783746802.454240799,0.485005,-0.078179,0.686424,0.203535,,,0.511877,0.451158,-0.537646,1.732,1.501
search,lower,8,forward,111.6491,1055.980,852,rolling,1410.736,1138,1410.665,-8.719,0,0,1783746802.454240799,0.485005,-0.078179,0.686424,0.203535,,,0.511877,0.451158,-0.537646,1.732,1.501
search,lower,8,forward,111.6707,1055.980,852,rolling,1410.736,1138,1410.665,-8.719,0,0,1783746802.454240799,0.485005,-0.078179,0.686424,0.203535,,,0.511877,0.451158,-0.537646,1.747,1.557
search,lower,8,forward,111.6932,1055.980,852,rolling,1410.447,1137,1410.636,-8.747,1,31,1783746802.554428816,0.496135,-0.067794,0.667240,0.190534,0.0151816,-0.0191839,0.527058,0.466340,-0.556830,1.747,1.557
search,lower,8,forward,111.7055,1055.980,852,rolling,1410.447,1137,1410.636,-8.747,0,0,1783746802.554428816,0.496135,-0.067794,0.667240,0.190534,,,0.527058,0.466340,-0.556830,1.747,1.557
search,lower,8,forward,111.7272,1055.980,852,rolling,1410.447,1137,1410.636,-8.747,0,0,1783746802.554428816,0.496135,-0.067794,0.667240,0.190534,,,0.527058,0.466340,-0.556830,1.747,1.557
search,lower,8,forward,111.7487,1055.980,852,rolling,1410.447,1137,1410.636,-8.747,0,0,1783746802.554428816,0.496135,-0.067794,0.667240,0.190534,,,0.527058,0.466340,-0.556830,1.747,1.557
search,lower,8,forward,111.7703,1055.980,852,rolling,1410.447,1137,1410.636,-8.747,0,0,1783746802.554428816,0.496135,-0.067794,0.667240,0.190534,,,0.527058,0.466340,-0.556830,1.747,1.557
search,lower,8,forward,111.7920,1055.980,852,rolling,1410.447,1137,1410.636,-8.747,0,0,1783746802.554428816,0.496135,-0.067794,0.667240,0.190534,,,0.527058,0.466340,-0.556830,1.758,1.651
search,lower,8,forward,111.7945,1055.980,852,rolling,1409.935,1137,1410.545,-8.839,1,32,1783746802.655023098,0.504716,-0.061370,0.646338,0.169535,0.0107173,-0.0209024,0.537776,0.477057,-0.577732,1.758,1.651
search,lower,8,forward,111.8131,1055.980,852,rolling,1409.935,1137,1410.545,-8.839,0,0,1783746802.655023098,0.504716,-0.061370,0.646338,0.169535,,,0.537776,0.477057,-0.577732,1.758,1.651
search,lower,8,forward,111.8348,1055.980,852,rolling,1409.935,1137,1410.545,-8.839,0,0,1783746802.655023098,0.504716,-0.061370,0.646338,0.169535,,,0.537776,0.477057,-0.577732,1.758,1.651
search,lower,8,forward,111.8563,1055.980,852,rolling,1409.935,1137,1410.545,-8.839,0,0,1783746802.655023098,0.504716,-0.061370,0.646338,0.169535,,,0.537776,0.477057,-0.577732,1.758,1.651
search,lower,8,forward,111.8779,1055.980,852,rolling,1409.935,1137,1410.545,-8.839,0,0,1783746802.655023098,0.504716,-0.061370,0.646338,0.169535,,,0.537776,0.477057,-0.577732,1.770,1.740
search,lower,8,forward,111.8936,1055.980,852,rolling,1409.935,1137,1410.545,-8.839,0,0,1783746802.655023098,0.504716,-0.061370,0.646338,0.169535,,,0.537776,0.477057,-0.577732,1.770,1.740
search,lower,8,forward,111.9155,1055.980,852,rolling,1409.687,1137,1410.432,-8.951,1,33,1783746802.755211830,0.515106,-0.051451,0.628176,0.162717,0.0142529,-0.0181620,0.552029,0.491310,-0.595894,1.770,1.740
search,lower,8,forward,111.9189,1055.980,852,rolling,1409.687,1137,1410.432,-8.951,0,0,1783746802.755211830,0.515106,-0.051451,0.628176,0.162717,,,0.552029,0.491310,-0.595894,1.770,1.740
search,lower,8,forward,111.9406,1055.980,852,rolling,1409.687,1137,1410.432,-8.951,0,0,1783746802.755211830,0.515106,-0.051451,0.628176,0.162717,,,0.552029,0.491310,-0.595894,1.770,1.740
search,lower,8,forward,111.9622,1055.980,852,rolling,1409.687,1137,1410.432,-8.951,0,0,1783746802.755211830,0.515106,-0.051451,0.628176,0.162717,,,0.552029,0.491310,-0.595894,1.770,1.740
search,lower,8,forward,111.9838,1055.980,852,rolling,1409.687,1137,1410.432,-8.951,0,0,1783746802.755211830,0.515106,-0.051451,0.628176,0.162717,,,0.552029,0.491310,-0.595894,1.783,2.142
search,lower,8,forward,111.9910,1055.980,852,rolling,1409.912,1137,1410.364,-9.019,1,34,1783746802.855682611,0.532089,-0.036955,0.608585,0.177381,0.0222417,-0.0195904,0.574270,0.513552,-0.615484,1.783,2.142
search,lower,8,forward,112.0109,1055.980,852,rolling,1409.912,1137,1410.364,-9.019,0,0,1783746802.855682611,0.532089,-0.036955,0.608585,0.177381,,,0.574270,0.513552,-0.615484,1.783,2.142
search,lower,8,forward,112.0327,1055.980,852,rolling,1409.912,1137,1410.364,-9.019,0,0,1783746802.855682611,0.532089,-0.036955,0.608585,0.177381,,,0.574270,0.513552,-0.615484,1.783,2.142
search,lower,8,forward,112.0543,1055.980,852,rolling,1409.912,1137,1410.364,-9.019,0,0,1783746802.855682611,0.532089,-0.036955,0.608585,0.177381,,,0.574270,0.513552,-0.615484,1.783,2.142
search,lower,8,forward,112.0759,1055.980,852,rolling,1409.912,1137,1410.364,-9.019,0,0,1783746802.855682611,0.532089,-0.036955,0.608585,0.177381,,,0.574270,0.513552,-0.615484,1.796,2.122
search,lower,8,forward,112.0917,1055.980,852,rolling,1410.223,1137,1410.346,-9.038,1,35,1783746802.953144550,0.552063,-0.024184,0.586890,0.193823,0.0236978,-0.0216953,0.597968,0.537250,-0.637180,1.796,2.122
search,lower,8,forward,112.1139,1055.980,852,rolling,1410.223,1137,1410.346,-9.038,0,0,1783746802.953144550,0.552063,-0.024184,0.586890,0.193823,,,0.597968,0.537250,-0.637180,1.796,2.122
search,lower,8,forward,112.1151,1055.980,852,rolling,1410.223,1137,1410.346,-9.038,0,0,1783746802.953144550,0.552063,-0.024184,0.586890,0.193823,,,0.597968,0.537250,-0.637180,1.796,2.122
search,lower,8,forward,112.1367,1055.980,852,rolling,1410.223,1137,1410.346,-9.038,0,0,1783746802.953144550,0.552063,-0.024184,0.586890,0.193823,,,0.597968,0.537250,-0.637180,1.796,2.122
search,lower,8,forward,112.1582,1055.980,852,rolling,1410.223,1137,1410.346,-9.038,0,0,1783746802.953144550,0.552063,-0.024184,0.586890,0.193823,,,0.597968,0.537250,-0.637180,1.796,2.122
search,lower,8,forward,112.1797,1055.980,852,rolling,1410.223,1137,1410.346,-9.038,0,0,1783746802.953144550,0.552063,-0.024184,0.586890,0.193823,,,0.597968,0.537250,-0.637180,1.599,2.103
search,lower,8,forward,112.1919,1055.980,852,rolling,1410.187,1137,1410.325,-9.058,1,36,1783746803.053799868,0.571722,-0.019202,0.564327,0.193061,0.0192026,-0.0225626,0.617171,0.556452,-0.659742,1.599,2.103
search,lower,8,forward,112.2129,1055.980,852,rolling,1410.187,1137,1410.325,-9.058,0,0,1783746803.053799868,0.571722,-0.019202,0.564327,0.193061,,,0.617171,0.556452,-0.659742,1.599,2.103
search,lower,8,forward,112.2346,1055.980,852,rolling,1410.187,1137,1410.325,-9.058,0,0,1783746803.053799868,0.571722,-0.019202,0.564327,0.193061,,,0.617171,0.556452,-0.659742,1.599,2.103
search,lower,8,forward,112.2561,1055.980,852,rolling,1410.187,1137,1410.325,-9.058,0,0,1783746803.053799868,0.571722,-0.019202,0.564327,0.193061,,,0.617171,0.556452,-0.659742,1.599,2.103
search,lower,8,forward,112.2777,1055.980,852,rolling,1410.187,1137,1410.325,-9.058,0,0,1783746803.053799868,0.571722,-0.019202,0.564327,0.193061,,,0.617171,0.556452,-0.659742,1.579,2.085
search,lower,8,forward,112.2900,1055.980,852,rolling,1410.542,1138,1410.354,-9.030,1,37,1783746803.153842926,0.596523,-0.010167,0.538890,0.209414,0.0258583,-0.0254379,0.643029,0.582310,-0.685180,1.579,2.085
search,lower,8,forward,112.3112,1055.980,852,rolling,1410.542,1138,1410.354,-9.030,0,0,1783746803.153842926,0.596523,-0.010167,0.538890,0.209414,,,0.643029,0.582310,-0.685180,1.579,2.085
search,lower,8,forward,112.3328,1055.980,852,rolling,1410.542,1138,1410.354,-9.030,0,0,1783746803.153842926,0.596523,-0.010167,0.538890,0.209414,,,0.643029,0.582310,-0.685180,1.579,2.085
search,lower,8,forward,112.3543,1055.980,852,rolling,1410.542,1138,1410.354,-9.030,0,0,1783746803.153842926,0.596523,-0.010167,0.538890,0.209414,,,0.643029,0.582310,-0.685180,1.579,2.085
search,lower,8,forward,112.3758,1055.980,852,rolling,1410.542,1138,1410.354,-9.030,0,0,1783746803.153842926,0.596523,-0.010167,0.538890,0.209414,,,0.643029,0.582310,-0.685180,1.569,2.063
search,lower,8,forward,112.3907,1055.980,852,rolling,1410.978,1138,1410.434,-8.950,1,38,1783746803.252105713,0.622476,0.000056,0.512911,0.227223,0.0275774,-0.0259784,0.670606,0.609888,-0.711159,1.569,2.063
search,lower,8,forward,112.4004,1055.980,852,rolling,1410.978,1138,1410.434,-8.950,0,0,1783746803.252105713,0.622476,0.000056,0.512911,0.227223,,,0.670606,0.609888,-0.711159,1.569,2.063
search,lower,8,forward,112.4221,1055.980,852,rolling,1410.978,1138,1410.434,-8.950,0,0,1783746803.252105713,0.622476,0.000056,0.512911,0.227223,,,0.670606,0.609888,-0.711159,1.569,2.063
search,lower,8,forward,112.4436,1055.980,852,rolling,1410.978,1138,1410.434,-8.950,0,0,1783746803.252105713,0.622476,0.000056,0.512911,0.227223,,,0.670606,0.609888,-0.711159,1.569,2.063
search,lower,8,forward,112.4651,1055.980,852,rolling,1410.978,1138,1410.434,-8.950,0,0,1783746803.252105713,0.622476,0.000056,0.512911,0.227223,,,0.670606,0.609888,-0.711159,1.569,2.063
search,lower,8,forward,112.4866,1055.980,852,rolling,1410.978,1138,1410.434,-8.950,0,0,1783746803.252105713,0.622476,0.000056,0.512911,0.227223,,,0.670606,0.609888,-0.711159,1.594,2.037
search,lower,8,forward,112.4906,1055.980,852,rolling,1411.313,1138,1410.549,-8.835,1,39,1783746803.352424860,0.644848,0.015848,0.482285,0.238193,0.0271970,-0.0306259,0.697803,0.637085,-0.741785,1.594,2.037
search,lower,8,forward,112.5076,1055.980,852,rolling,1411.313,1138,1410.549,-8.835,0,0,1783746803.352424860,0.644848,0.015848,0.482285,0.238193,,,0.697803,0.637085,-0.741785,1.594,2.037
search,lower,8,forward,112.5293,1055.980,852,rolling,1411.313,1138,1410.549,-8.835,0,0,1783746803.352424860,0.644848,0.015848,0.482285,0.238193,,,0.697803,0.637085,-0.741785,1.594,2.037
search,lower,8,forward,112.5508,1055.980,852,rolling,1411.313,1138,1410.549,-8.835,0,0,1783746803.352424860,0.644848,0.015848,0.482285,0.238193,,,0.697803,0.637085,-0.741785,1.594,2.037
search,lower,8,forward,112.5724,1055.980,852,rolling,1411.313,1138,1410.549,-8.835,0,0,1783746803.352424860,0.644848,0.015848,0.482285,0.238193,,,0.697803,0.637085,-0.741785,1.619,2.016
search,lower,8,forward,112.5886,1055.980,852,rolling,1411.231,1138,1410.638,-8.746,1,40,1783746803.452749491,0.662962,0.025391,0.452039,0.229657,0.0204709,-0.0302462,0.718274,0.657556,-0.772031,1.619,2.016
search,lower,8,forward,112.6050,1055.980,852,rolling,1411.231,1138,1410.638,-8.746,0,0,1783746803.452749491,0.662962,0.025391,0.452039,0.229657,,,0.718274,0.657556,-0.772031,1.619,2.016
search,lower,8,forward,112.6267,1055.980,852,rolling,1411.231,1138,1410.638,-8.746,0,0,1783746803.452749491,0.662962,0.025391,0.452039,0.229657,,,0.718274,0.657556,-0.772031,1.619,2.016
search,lower,8,forward,112.6483,1055.980,852,rolling,1411.231,1138,1410.638,-8.746,0,0,1783746803.452749491,0.662962,0.025391,0.452039,0.229657,,,0.718274,0.657556,-0.772031,1.619,2.016
search,lower,8,forward,112.6698,1055.980,852,rolling,1411.231,1138,1410.638,-8.746,0,0,1783746803.452749491,0.662962,0.025391,0.452039,0.229657,,,0.718274,0.657556,-0.772031,1.641,2.010
search,lower,8,forward,112.6889,1055.980,852,rolling,1410.990,1138,1410.683,-8.701,1,41,1783746803.550722837,0.677749,0.033637,0.422815,0.215335,0.0168875,-0.0292238,0.735162,0.674443,-0.801254,1.641,2.010
search,lower,8,forward,112.7003,1055.980,852,rolling,1410.990,1138,1410.683,-8.701,0,0,1783746803.550722837,0.677749,0.033637,0.422815,0.215335,,,0.735162,0.674443,-0.801254,1.641,2.010
search,lower,8,forward,112.7220,1055.980,852,rolling,1410.990,1138,1410.683,-8.701,0,0,1783746803.550722837,0.677749,0.033637,0.422815,0.215335,,,0.735162,0.674443,-0.801254,1.641,2.010
search,lower,8,forward,112.7437,1055.980,852,rolling,1410.990,1138,1410.683,-8.701,0,0,1783746803.550722837,0.677749,0.033637,0.422815,0.215335,,,0.735162,0.674443,-0.801254,1.641,2.010
search,lower,8,forward,112.7652,1055.980,852,rolling,1410.990,1138,1410.683,-8.701,0,0,1783746803.550722837,0.677749,0.033637,0.422815,0.215335,,,0.735162,0.674443,-0.801254,1.641,2.010
search,lower,8,forward,112.7868,1055.980,852,rolling,1410.990,1138,1410.683,-8.701,0,0,1783746803.550722837,0.677749,0.033637,0.422815,0.215335,,,0.735162,0.674443,-0.801254,1.661,1.990
search,lower,8,forward,112.7896,1055.980,852,rolling,1410.588,1138,1410.671,-8.713,1,42,1783746803.650961876,0.687296,0.046246,0.394936,0.195852,0.0137733,-0.0278792,0.748935,0.688217,-0.829134,1.661,1.990
search,lower,8,forward,112.8069,1055.980,852,rolling,1410.588,1138,1410.671,-8.713,0,0,1783746803.650961876,0.687296,0.046246,0.394936,0.195852,,,0.748935,0.688217,-0.829134,1.661,1.990
search,lower,8,forward,112.8286,1055.980,852,rolling,1410.588,1138,1410.671,-8.713,0,0,1783746803.650961876,0.687296,0.046246,0.394936,0.195852,,,0.748935,0.688217,-0.829134,1.661,1.990
search,lower,8,forward,112.8502,1055.980,852,rolling,1410.588,1138,1410.671,-8.713,0,0,1783746803.650961876,0.687296,0.046246,0.394936,0.195852,,,0.748935,0.688217,-0.829134,1.661,1.990
search,lower,8,forward,112.8717,1055.980,852,rolling,1410.588,1138,1410.671,-8.713,0,0,1783746803.650961876,0.687296,0.046246,0.394936,0.195852,,,0.748935,0.688217,-0.829134,1.297,1.974
search,lower,8,forward,112.8875,1055.980,852,rolling,1410.505,1138,1410.649,-8.735,1,43,1783746803.751583815,0.700111,0.063902,0.371949,0.192827,0.0184895,-0.0229870,0.767425,0.706706,-0.852121,1.297,1.974
search,lower,8,reverse,114.1646,1055.980,852,startup,1590.018,1282,1594.018,1.509,0,0,1783746804.951255083,0.745866,0.051096,0.338841,0.018108,,,0.000000,0.000000,0.000000,1.325,1.959
search,lower,8,reverse,114.1862,1055.980,852,startup,1590.018,1282,1594.018,1.509,0,0,1783746804.951255083,0.745866,0.051096,0.338841,0.018108,,,0.000000,0.000000,0.000000,1.328,1.949
search,lower,8,reverse,114.1898,1055.980,852,startup,1591.258,1283,1594.018,1.509,1,1,1783746805.051848412,0.750115,0.051606,0.339177,0.023960,0.0041761,0.0003356,0.004176,0.000000,0.000000,1.328,1.949
search,lower,8,reverse,114.2061,1055.980,852,startup,1591.258,1283,1594.018,1.509,0,0,1783746805.051848412,0.750115,0.051606,0.339177,0.023960,,,0.004176,0.000000,0.000000,1.328,1.949
search,lower,8,reverse,114.2277,1055.980,852,startup,1591.258,1283,1594.018,1.509,0,0,1783746805.051848412,0.750115,0.051606,0.339177,0.023960,,,0.004176,0.000000,0.000000,1.328,1.949
search,lower,8,reverse,114.2494,1055.980,852,startup,1591.258,1283,1594.018,1.509,0,0,1783746805.051848412,0.750115,0.051606,0.339177,0.023960,,,0.004176,0.000000,0.000000,1.328,1.949
search,lower,8,reverse,114.2710,1055.980,852,startup,1591.258,1283,1594.018,1.509,0,0,1783746805.051848412,0.750115,0.051606,0.339177,0.023960,,,0.004176,0.000000,0.000000,1.359,1.956
search,lower,8,reverse,114.2876,1055.980,852,startup,1592.498,1284,1594.018,1.509,1,2,1783746805.151880026,0.748513,0.053077,0.338949,0.015417,-0.0010214,-0.0002279,0.005198,0.000000,0.000000,1.359,1.956
search,lower,8,reverse,114.3075,1055.980,852,startup,1592.498,1284,1594.018,1.509,0,0,1783746805.151880026,0.748513,0.053077,0.338949,0.015417,,,0.005198,0.000000,0.000000,1.359,1.956
search,lower,8,reverse,114.3292,1055.980,852,startup,1592.498,1284,1594.018,1.509,0,0,1783746805.151880026,0.748513,0.053077,0.338949,0.015417,,,0.005198,0.000000,0.000000,1.359,1.956
search,lower,8,reverse,114.3507,1055.980,852,startup,1592.498,1284,1594.018,1.509,0,0,1783746805.151880026,0.748513,0.053077,0.338949,0.015417,,,0.005198,0.000000,0.000000,1.359,1.956
search,lower,8,reverse,114.3722,1055.980,852,startup,1592.498,1284,1594.018,1.509,0,0,1783746805.151880026,0.748513,0.053077,0.338949,0.015417,,,0.005198,0.000000,0.000000,1.317,1.962
search,lower,8,reverse,114.3881,1055.980,852,startup,1593.738,1285,1594.018,1.509,1,3,1783746805.249708652,0.745477,0.051850,0.342247,0.003203,-0.0032713,0.0032981,0.008469,0.000000,0.000000,1.317,1.962
search,lower,8,reverse,114.4077,1055.980,852,startup,1593.738,1285,1594.018,1.509,0,0,1783746805.249708652,0.745477,0.051850,0.342247,0.003203,,,0.008469,0.000000,0.000000,1.317,1.962
search,lower,8,reverse,114.4293,1055.980,852,startup,1593.738,1285,1594.018,1.509,0,0,1783746805.249708652,0.745477,0.051850,0.342247,0.003203,,,0.008469,0.000000,0.000000,1.317,1.962
search,lower,8,reverse,114.4508,1055.980,852,startup,1593.738,1285,1594.018,1.509,0,0,1783746805.249708652,0.745477,0.051850,0.342247,0.003203,,,0.008469,0.000000,0.000000,1.317,1.962
search,lower,8,reverse,114.4723,1055.980,852,startup,1593.738,1285,1594.018,1.509,0,0,1783746805.249708652,0.745477,0.051850,0.342247,0.003203,,,0.008469,0.000000,0.000000,1.311,1.972
search,lower,8,reverse,114.4884,1055.980,852,startup,1594.978,1286,1594.018,1.509,1,4,1783746805.350225449,0.739887,0.053488,0.346667,-0.009310,-0.0047089,0.0044199,0.013178,0.000000,0.000000,1.311,1.972
search,lower,8,reverse,114.5051,1055.980,852,startup,1594.978,1286,1594.018,1.509,0,0,1783746805.350225449,0.739887,0.053488,0.346667,-0.009310,,,0.013178,0.000000,0.000000,1.311,1.972
search,lower,8,reverse,114.5268,1055.980,852,startup,1594.978,1286,1594.018,1.509,0,0,1783746805.350225449,0.739887,0.053488,0.346667,-0.009310,,,0.013178,0.000000,0.000000,1.311,1.972
search,lower,8,reverse,114.5483,1055.980,852,startup,1594.978,1286,1594.018,1.509,0,0,1783746805.350225449,0.739887,0.053488,0.346667,-0.009310,,,0.013178,0.000000,0.000000,1.311,1.972
search,lower,8,reverse,114.5698,1055.980,852,startup,1594.978,1286,1594.018,1.509,0,0,1783746805.350225449,0.739887,0.053488,0.346667,-0.009310,,,0.013178,0.000000,0.000000,1.303,1.974
search,lower,8,reverse,114.5862,1055.980,852,startup,1598.078,1289,1594.018,1.509,1,5,1783746805.450392723,0.727102,0.051924,0.351894,-0.038300,-0.0125481,0.0052266,0.025726,0.000000,0.000000,1.303,1.974
search,lower,8,reverse,114.6034,1055.980,852,startup,1598.078,1289,1594.018,1.509,0,0,1783746805.450392723,0.727102,0.051924,0.351894,-0.038300,,,0.025726,0.000000,0.000000,1.303,1.974
search,lower,8,reverse,114.6250,1055.980,852,startup,1598.078,1289,1594.018,1.509,0,0,1783746805.450392723,0.727102,0.051924,0.351894,-0.038300,,,0.025726,0.000000,0.000000,1.303,1.974
search,lower,8,reverse,114.6465,1055.980,852,startup,1598.078,1289,1594.018,1.509,0,0,1783746805.450392723,0.727102,0.051924,0.351894,-0.038300,,,0.025726,0.000000,0.000000,1.303,1.974
search,lower,8,reverse,114.6680,1055.980,852,startup,1598.078,1289,1594.018,1.509,0,0,1783746805.450392723,0.727102,0.051924,0.351894,-0.038300,,,0.025726,0.000000,0.000000,1.293,1.975
search,lower,8,reverse,114.6869,1055.980,852,rolling,1594.018,1285,1594.018,1.509,1,6,1783746805.548349619,0.716817,0.052720,0.358635,-0.052628,-0.0093658,0.0067415,0.035092,0.000000,0.000000,1.293,1.975
search,lower,8,reverse,114.7020,1055.980,852,rolling,1594.018,1285,1594.018,1.509,0,0,1783746805.548349619,0.716817,0.052720,0.358635,-0.052628,,,0.035092,0.000000,0.000000,1.293,1.975
search,lower,8,reverse,114.7239,1055.980,852,rolling,1594.018,1285,1594.018,1.509,0,0,1783746805.548349619,0.716817,0.052720,0.358635,-0.052628,,,0.035092,0.000000,0.000000,1.293,1.975
search,lower,8,reverse,114.7455,1055.980,852,rolling,1594.018,1285,1594.018,1.509,0,0,1783746805.548349619,0.716817,0.052720,0.358635,-0.052628,,,0.035092,0.000000,0.000000,1.293,1.975
search,lower,8,reverse,114.7672,1055.980,852,rolling,1594.018,1285,1594.018,1.509,0,0,1783746805.548349619,0.716817,0.052720,0.358635,-0.052628,,,0.035092,0.000000,0.000000,1.321,1.985
search,lower,8,reverse,114.7871,1055.980,852,rolling,1594.018,1285,1594.018,1.509,0,0,1783746805.548349619,0.716817,0.052720,0.358635,-0.052628,,,0.035092,0.000000,0.000000,1.321,1.985
search,lower,8,reverse,114.8090,1055.980,852,rolling,1595.935,1287,1594.339,1.831,1,7,1783746805.649055243,0.690721,0.059854,0.371724,-0.093657,-0.0218274,0.0130891,0.056919,0.000000,0.000000,1.321,1.985
search,lower,8,reverse,114.8148,1055.980,852,rolling,1595.935,1287,1594.339,1.831,0,0,1783746805.649055243,0.690721,0.059854,0.371724,-0.093657,,,0.056919,0.000000,0.000000,1.321,1.985
search,lower,8,reverse,114.8365,1055.980,852,rolling,1595.935,1287,1594.339,1.831,0,0,1783746805.649055243,0.690721,0.059854,0.371724,-0.093657,,,0.056919,0.000000,0.000000,1.321,1.985
search,lower,8,reverse,114.8580,1055.980,852,rolling,1595.935,1287,1594.339,1.831,0,0,1783746805.649055243,0.690721,0.059854,0.371724,-0.093657,,,0.056919,0.000000,0.000000,1.321,1.985
search,lower,8,reverse,114.8795,1055.980,852,rolling,1595.935,1287,1594.339,1.831,0,0,1783746805.649055243,0.690721,0.059854,0.371724,-0.093657,,,0.056919,0.000000,0.000000,1.658,2.001
search,lower,8,reverse,114.8851,1055.980,852,rolling,1596.049,1287,1594.624,2.115,1,8,1783746805.749000311,0.676570,0.057786,0.391483,-0.105020,-0.0139033,0.0197585,0.070822,-0.013903,0.019758,1.658,2.001
search,lower,8,reverse,114.9048,1055.980,852,rolling,1596.049,1287,1594.624,2.115,0,0,1783746805.749000311,0.676570,0.057786,0.391483,-0.105020,,,0.070822,-0.013903,0.019758,1.658,2.001
search,lower,8,reverse,114.9264,1055.980,852,rolling,1596.049,1287,1594.624,2.115,0,0,1783746805.749000311,0.676570,0.057786,0.391483,-0.105020,,,0.070822,-0.013903,0.019758,1.658,2.001
search,lower,8,reverse,114.9480,1055.980,852,rolling,1596.049,1287,1594.624,2.115,0,0,1783746805.749000311,0.676570,0.057786,0.391483,-0.105020,,,0.070822,-0.013903,0.019758,1.658,2.001
search,lower,8,reverse,114.9695,1055.980,852,rolling,1596.049,1287,1594.624,2.115,0,0,1783746805.749000311,0.676570,0.057786,0.391483,-0.105020,,,0.070822,-0.013903,0.019758,1.638,2.013
search,lower,8,reverse,114.9854,1055.980,852,rolling,1596.081,1287,1594.864,2.355,1,9,1783746805.847257614,0.661407,0.053229,0.412501,-0.118806,-0.0157371,0.0210187,0.086559,-0.029640,0.040777,1.638,2.013
search,lower,8,reverse,115.0052,1055.980,852,rolling,1596.081,1287,1594.864,2.355,0,0,1783746805.847257614,0.661407,0.053229,0.412501,-0.118806,,,0.086559,-0.029640,0.040777,1.638,2.013
search,lower,8,reverse,115.0270,1055.980,852,rolling,1596.081,1287,1594.864,2.355,0,0,1783746805.847257614,0.661407,0.053229,0.412501,-0.118806,,,0.086559,-0.029640,0.040777,1.638,2.013
search,lower,8,reverse,115.0486,1055.980,852,rolling,1596.081,1287,1594.864,2.355,0,0,1783746805.847257614,0.661407,0.053229,0.412501,-0.118806,,,0.086559,-0.029640,0.040777,1.638,2.013
search,lower,8,reverse,115.0702,1055.980,852,rolling,1596.081,1287,1594.864,2.355,0,0,1783746805.847257614,0.661407,0.053229,0.412501,-0.118806,,,0.086559,-0.029640,0.040777,1.616,2.034
search,lower,8,reverse,115.0837,1055.980,852,rolling,1596.098,1287,1595.069,2.561,1,10,1783746805.947380304,0.645040,0.048274,0.434691,-0.131445,-0.0169569,0.0221900,0.103516,-0.046597,0.062967,1.616,2.034
search,lower,8,reverse,115.0936,1055.980,852,rolling,1596.098,1287,1595.069,2.561,0,0,1783746805.947380304,0.645040,0.048274,0.434691,-0.131445,,,0.103516,-0.046597,0.062967,1.616,2.034
search,lower,8,reverse,115.1152,1055.980,852,rolling,1596.098,1287,1595.069,2.561,0,0,1783746805.947380304,0.645040,0.048274,0.434691,-0.131445,,,0.103516,-0.046597,0.062967,1.616,2.034
search,lower,8,reverse,115.1368,1055.980,852,rolling,1596.098,1287,1595.069,2.561,0,0,1783746805.947380304,0.645040,0.048274,0.434691,-0.131445,,,0.103516,-0.046597,0.062967,1.616,2.034
search,lower,8,reverse,115.1583,1055.980,852,rolling,1596.098,1287,1595.069,2.561,0,0,1783746805.947380304,0.645040,0.048274,0.434691,-0.131445,,,0.103516,-0.046597,0.062967,1.616,2.034
search,lower,8,reverse,115.1798,1055.980,852,rolling,1596.098,1287,1595.069,2.561,0,0,1783746805.947380304,0.645040,0.048274,0.434691,-0.131445,,,0.103516,-0.046597,0.062967,1.592,2.062
search,lower,8,reverse,115.1839,1055.980,852,rolling,1595.824,1287,1595.193,2.685,1,11,1783746806.045654535,0.625051,0.035968,0.461761,-0.157979,-0.0233480,0.0270697,0.126864,-0.069945,0.090037,1.592,2.062
search,lower,8,reverse,115.2055,1055.980,852,rolling,1595.824,1287,1595.193,2.685,0,0,1783746806.045654535,0.625051,0.035968,0.461761,-0.157979,,,0.126864,-0.069945,0.090037,1.592,2.062
search,lower,8,reverse,115.2272,1055.980,852,rolling,1595.824,1287,1595.193,2.685,0,0,1783746806.045654535,0.625051,0.035968,0.461761,-0.157979,,,0.126864,-0.069945,0.090037,1.592,2.062
search,lower,8,reverse,115.2488,1055.980,852,rolling,1595.824,1287,1595.193,2.685,0,0,1783746806.045654535,0.625051,0.035968,0.461761,-0.157979,,,0.126864,-0.069945,0.090037,1.592,2.062
search,lower,8,reverse,115.2703,1055.980,852,rolling,1595.824,1287,1595.193,2.685,0,0,1783746806.045654535,0.625051,0.035968,0.461761,-0.157979,,,0.126864,-0.069945,0.090037,1.566,2.078
search,lower,8,reverse,115.2845,1055.980,852,rolling,1595.824,1287,1595.193,2.685,0,0,1783746806.045654535,0.625051,0.035968,0.461761,-0.157979,,,0.126864,-0.069945,0.090037,1.566,2.078
search,lower,8,reverse,115.3063,1055.980,852,rolling,1594.950,1286,1595.153,2.644,1,12,1783746806.145861626,0.594672,0.011853,0.501640,-0.213523,-0.0380943,0.0398785,0.164959,-0.108040,0.129915,1.566,2.078
search,lower,8,reverse,115.3086,1055.980,852,rolling,1594.950,1286,1595.153,2.644,0,0,1783746806.145861626,0.594672,0.011853,0.501640,-0.213523,,,0.164959,-0.108040,0.129915,1.566,2.078
search,lower,8,reverse,115.3304,1055.980,852,rolling,1594.950,1286,1595.153,2.644,0,0,1783746806.145861626,0.594672,0.011853,0.501640,-0.213523,,,0.164959,-0.108040,0.129915,1.566,2.078
search,lower,8,reverse,115.3522,1055.980,852,rolling,1594.950,1286,1595.153,2.644,0,0,1783746806.145861626,0.594672,0.011853,0.501640,-0.213523,,,0.164959,-0.108040,0.129915,1.566,2.078
search,lower,8,reverse,115.3740,1055.980,852,rolling,1594.950,1286,1595.153,2.644,0,0,1783746806.145861626,0.594672,0.011853,0.501640,-0.213523,,,0.164959,-0.108040,0.129915,1.564,2.105
search,lower,8,reverse,115.3841,1055.980,852,rolling,1594.441,1286,1595.034,2.525,1,13,1783746806.246310711,0.571883,-0.012545,0.536631,-0.239512,-0.0318907,0.0349914,0.196849,-0.139930,0.164907,1.564,2.105
search,lower,8,reverse,115.3961,1055.980,852,rolling,1594.441,1286,1595.034,2.525,0,0,1783746806.246310711,0.571883,-0.012545,0.536631,-0.239512,,,0.196849,-0.139930,0.164907,1.564,2.105
search,lower,8,reverse,115.4178,1055.980,852,rolling,1594.441,1286,1595.034,2.525,0,0,1783746806.246310711,0.571883,-0.012545,0.536631,-0.239512,,,0.196849,-0.139930,0.164907,1.564,2.105
search,lower,8,reverse,115.4393,1055.980,852,rolling,1594.441,1286,1595.034,2.525,0,0,1783746806.246310711,0.571883,-0.012545,0.536631,-0.239512,,,0.196849,-0.139930,0.164907,1.564,2.105
search,lower,8,reverse,115.4608,1055.980,852,rolling,1594.441,1286,1595.034,2.525,0,0,1783746806.246310711,0.571883,-0.012545,0.536631,-0.239512,,,0.196849,-0.139930,0.164907,1.564,2.105
search,lower,8,reverse,115.4823,1055.980,852,rolling,1594.441,1286,1595.034,2.525,0,0,1783746806.246310711,0.571883,-0.012545,0.536631,-0.239512,,,0.196849,-0.139930,0.164907,1.586,2.131
search,lower,8,reverse,115.4851,1055.980,852,rolling,1594.208,1286,1594.896,2.387,1,14,1783746806.346347332,0.552867,-0.032189,0.567075,-0.245841,-0.0264922,0.0304443,0.223342,-0.166423,0.195351,1.586,2.131
search,lower,8,reverse,115.5030,1055.980,852,rolling,1594.208,1286,1594.896,2.387,0,0,1783746806.346347332,0.552867,-0.032189,0.567075,-0.245841,,,0.223342,-0.166423,0.195351,1.586,2.131
search,lower,8,reverse,115.5247,1055.980,852,rolling,1594.208,1286,1594.896,2.387,0,0,1783746806.346347332,0.552867,-0.032189,0.567075,-0.245841,,,0.223342,-0.166423,0.195351,1.586,2.131
search,lower,8,reverse,115.5464,1055.980,852,rolling,1594.208,1286,1594.896,2.387,0,0,1783746806.346347332,0.552867,-0.032189,0.567075,-0.245841,,,0.223342,-0.166423,0.195351,1.586,2.131
search,lower,8,reverse,115.5680,1055.980,852,rolling,1594.208,1286,1594.896,2.387,0,0,1783746806.346347332,0.552867,-0.032189,0.567075,-0.245841,,,0.223342,-0.166423,0.195351,1.794,2.151
search,lower,8,reverse,115.5856,1055.980,852,rolling,1594.032,1286,1594.751,2.242,1,15,1783746806.447177172,0.534027,-0.050196,0.597970,-0.247951,-0.0256393,0.0308950,0.248981,-0.192062,0.226246,1.794,2.151
search,lower,8,reverse,115.5950,1055.980,852,rolling,1594.032,1286,1594.751,2.242,0,0,1783746806.447177172,0.534027,-0.050196,0.597970,-0.247951,,,0.248981,-0.192062,0.226246,1.794,2.151
search,lower,8,reverse,115.6166,1055.980,852,rolling,1594.032,1286,1594.751,2.242,0,0,1783746806.447177172,0.534027,-0.050196,0.597970,-0.247951,,,0.248981,-0.192062,0.226246,1.794,2.151
search,lower,8,reverse,115.6382,1055.980,852,rolling,1594.032,1286,1594.751,2.242,0,0,1783746806.447177172,0.534027,-0.050196,0.597970,-0.247951,,,0.248981,-0.192062,0.226246,1.794,2.151
search,lower,8,reverse,115.6597,1055.980,852,rolling,1594.032,1286,1594.751,2.242,0,0,1783746806.447177172,0.534027,-0.050196,0.597970,-0.247951,,,0.248981,-0.192062,0.226246,1.794,2.151
search,lower,8,reverse,115.6812,1055.980,852,rolling,1594.032,1286,1594.751,2.242,0,0,1783746806.447177172,0.534027,-0.050196,0.597970,-0.247951,,,0.248981,-0.192062,0.226246,1.776,1.646
search,lower,8,reverse,115.6859,1055.980,852,rolling,1593.926,1285,1594.613,2.104,1,16,1783746806.547492504,0.518929,-0.070486,0.625939,-0.245809,-0.0240137,0.0279681,0.272995,-0.216076,0.254214,1.776,1.646
search,lower,8,reverse,115.7041,1055.980,852,rolling,1593.926,1285,1594.613,2.104,0,0,1783746806.547492504,0.518929,-0.070486,0.625939,-0.245809,,,0.272995,-0.216076,0.254214,1.776,1.646
search,lower,8,reverse,115.7257,1055.980,852,rolling,1593.926,1285,1594.613,2.104,0,0,1783746806.547492504,0.518929,-0.070486,0.625939,-0.245809,,,0.272995,-0.216076,0.254214,1.776,1.646
search,lower,8,reverse,115.7472,1055.980,852,rolling,1593.926,1285,1594.613,2.104,0,0,1783746806.547492504,0.518929,-0.070486,0.625939,-0.245809,,,0.272995,-0.216076,0.254214,1.776,1.646
search,lower,8,reverse,115.7687,1055.980,852,rolling,1593.926,1285,1594.613,2.104,0,0,1783746806.547492504,0.518929,-0.070486,0.625939,-0.245809,,,0.272995,-0.216076,0.254214,1.755,1.518
search,lower,8,reverse,115.7860,1055.980,852,rolling,1593.876,1285,1594.490,1.981,1,17,1783746806.648000479,0.501703,-0.085425,0.657141,-0.240923,-0.0227414,0.0312025,0.295736,-0.238817,0.285417,1.755,1.518
search,lower,8,reverse,115.8046,1055.980,852,rolling,1593.876,1285,1594.490,1.981,0,0,1783746806.648000479,0.501703,-0.085425,0.657141,-0.240923,,,0.295736,-0.238817,0.285417,1.755,1.518
search,lower,8,reverse,115.8263,1055.980,852,rolling,1593.876,1285,1594.490,1.981,0,0,1783746806.648000479,0.501703,-0.085425,0.657141,-0.240923,,,0.295736,-0.238817,0.285417,1.755,1.518
search,lower,8,reverse,115.8479,1055.980,852,rolling,1593.876,1285,1594.490,1.981,0,0,1783746806.648000479,0.501703,-0.085425,0.657141,-0.240923,,,0.295736,-0.238817,0.285417,1.755,1.518
search,lower,8,reverse,115.8697,1055.980,852,rolling,1593.876,1285,1594.490,1.981,0,0,1783746806.648000479,0.501703,-0.085425,0.657141,-0.240923,,,0.295736,-0.238817,0.285417,1.737,1.393
search,lower,8,reverse,115.8868,1055.980,852,rolling,1593.709,1285,1594.360,1.851,1,18,1783746806.748107433,0.481437,-0.100263,0.688817,-0.243364,-0.0250957,0.0316763,0.320832,-0.263913,0.317093,1.737,1.393
search,lower,8,reverse,115.8949,1055.980,852,rolling,1593.709,1285,1594.360,1.851,0,0,1783746806.748107433,0.481437,-0.100263,0.688817,-0.243364,,,0.320832,-0.263913,0.317093,1.737,1.393
search,lower,8,reverse,115.9166,1055.980,852,rolling,1593.709,1285,1594.360,1.851,0,0,1783746806.748107433,0.481437,-0.100263,0.688817,-0.243364,,,0.320832,-0.263913,0.317093,1.737,1.393
search,lower,8,reverse,115.9381,1055.980,852,rolling,1593.709,1285,1594.360,1.851,0,0,1783746806.748107433,0.481437,-0.100263,0.688817,-0.243364,,,0.320832,-0.263913,0.317093,1.737,1.393
search,lower,8,reverse,115.9597,1055.980,852,rolling,1593.709,1285,1594.360,1.851,0,0,1783746806.748107433,0.481437,-0.100263,0.688817,-0.243364,,,0.320832,-0.263913,0.317093,1.737,1.393
search,lower,8,reverse,115.9812,1055.980,852,rolling,1593.709,1285,1594.360,1.851,0,0,1783746806.748107433,0.481437,-0.100263,0.688817,-0.243364,,,0.320832,-0.263913,0.317093,1.718,1.318
search,lower,8,reverse,115.9870,1055.980,852,rolling,1593.446,1285,1594.207,1.698,1,19,1783746806.848757982,0.456715,-0.113523,0.714480,-0.250684,-0.0274416,0.0256629,0.348273,-0.291354,0.342756,1.718,1.318
search,lower,8,reverse,116.0028,1055.980,852,rolling,1593.446,1285,1594.207,1.698,0,0,1783746806.848757982,0.456715,-0.113523,0.714480,-0.250684,,,0.348273,-0.291354,0.342756,1.718,1.318
search,lower,8,reverse,116.0244,1055.980,852,rolling,1593.446,1285,1594.207,1.698,0,0,1783746806.848757982,0.456715,-0.113523,0.714480,-0.250684,,,0.348273,-0.291354,0.342756,1.718,1.318
search,lower,8,reverse,116.0459,1055.980,852,rolling,1593.446,1285,1594.207,1.698,0,0,1783746806.848757982,0.456715,-0.113523,0.714480,-0.250684,,,0.348273,-0.291354,0.342756,1.718,1.318
search,lower,8,reverse,116.0675,1055.980,852,rolling,1593.446,1285,1594.207,1.698,0,0,1783746806.848757982,0.456715,-0.113523,0.714480,-0.250684,,,0.348273,-0.291354,0.342756,1.703,1.243
search,lower,8,reverse,116.0875,1055.980,852,rolling,1593.521,1285,1594.092,1.583,1,20,1783746806.949043989,0.434326,-0.118537,0.736844,-0.238058,-0.0200753,0.0223641,0.368349,-0.311430,0.365120,1.703,1.243
search,lower,8,reverse,116.1097,1055.980,852,rolling,1593.521,1285,1594.092,1.583,0,0,1783746806.949043989,0.434326,-0.118537,0.736844,-0.238058,,,0.368349,-0.311430,0.365120,1.703,1.243
search,lower,8,reverse,116.1110,1055.980,852,rolling,1593.521,1285,1594.092,1.583,0,0,1783746806.949043989,0.434326,-0.118537,0.736844,-0.238058,,,0.368349,-0.311430,0.365120,1.703,1.243
search,lower,8,reverse,116.1325,1055.980,852,rolling,1593.521,1285,1594.092,1.583,0,0,1783746806.949043989,0.434326,-0.118537,0.736844,-0.238058,,,0.368349,-0.311430,0.365120,1.703,1.243
search,lower,8,reverse,116.1541,1055.980,852,rolling,1593.521,1285,1594.092,1.583,0,0,1783746806.949043989,0.434326,-0.118537,0.736844,-0.238058,,,0.368349,-0.311430,0.365120,1.703,1.243
search,lower,8,reverse,116.1756,1055.980,852,rolling,1593.521,1285,1594.092,1.583,0,0,1783746806.949043989,0.434326,-0.118537,0.736844,-0.238058,,,0.368349,-0.311430,0.365120,1.686,1.214
search,lower,8,reverse,116.1877,1055.980,852,rolling,1593.590,1285,1594.008,1.499,1,21,1783746807.049505949,0.414550,-0.126361,0.758660,-0.227866,-0.0198201,0.0218160,0.388169,-0.331250,0.386936,1.686,1.214
search,lower,8,reverse,116.2069,1055.980,852,rolling,1593.590,1285,1594.008,1.499,0,0,1783746807.049505949,0.414550,-0.126361,0.758660,-0.227866,,,0.388169,-0.331250,0.386936,1.686,1.214
search,lower,8,reverse,116.2285,1055.980,852,rolling,1593.590,1285,1594.008,1.499,0,0,1783746807.049505949,0.414550,-0.126361,0.758660,-0.227866,,,0.388169,-0.331250,0.386936,1.686,1.214
search,lower,8,reverse,116.2501,1055.980,852,rolling,1593.590,1285,1594.008,1.499,0,0,1783746807.049505949,0.414550,-0.126361,0.758660,-0.227866,,,0.388169,-0.331250,0.386936,1.686,1.214
search,lower,8,reverse,116.2717,1055.980,852,rolling,1593.590,1285,1594.008,1.499,0,0,1783746807.049505949,0.414550,-0.126361,0.758660,-0.227866,,,0.388169,-0.331250,0.386936,1.668,1.227
search,lower,8,reverse,116.2881,1055.980,852,rolling,1593.976,1285,1594.003,1.494,1,22,1783746807.149731398,0.405501,-0.134804,0.779424,-0.201766,-0.0123744,0.0207632,0.400543,-0.343624,0.407699,1.668,1.227
search,lower,8,reverse,116.3038,1055.980,852,rolling,1593.976,1285,1594.003,1.494,0,0,1783746807.149731398,0.405501,-0.134804,0.779424,-0.201766,,,0.400543,-0.343624,0.407699,1.668,1.227
search,lower,8,reverse,116.3254,1055.980,852,rolling,1593.976,1285,1594.003,1.494,0,0,1783746807.149731398,0.405501,-0.134804,0.779424,-0.201766,,,0.400543,-0.343624,0.407699,1.668,1.227
search,lower,8,reverse,116.3469,1055.980,852,rolling,1593.976,1285,1594.003,1.494,0,0,1783746807.149731398,0.405501,-0.134804,0.779424,-0.201766,,,0.400543,-0.343624,0.407699,1.668,1.227
search,lower,8,reverse,116.3685,1055.980,852,rolling,1593.976,1285,1594.003,1.494,0,0,1783746807.149731398,0.405501,-0.134804,0.779424,-0.201766,,,0.400543,-0.343624,0.407699,1.649,1.240
search,lower,8,reverse,116.3883,1055.980,852,rolling,1594.169,1286,1594.031,1.522,1,23,1783746807.250222683,0.398789,-0.150469,0.802072,-0.190772,-0.0158566,0.0226487,0.416400,-0.359481,0.430348,1.649,1.240
search,lower,8,reverse,116.4071,1055.980,852,rolling,1594.169,1286,1594.031,1.522,0,0,1783746807.250222683,0.398789,-0.150469,0.802072,-0.190772,,,0.416400,-0.359481,0.430348,1.649,1.240
search,lower,8,reverse,116.4287,1055.980,852,rolling,1594.169,1286,1594.031,1.522,0,0,1783746807.250222683,0.398789,-0.150469,0.802072,-0.190772,,,0.416400,-0.359481,0.430348,1.649,1.240
search,lower,8,reverse,116.4502,1055.980,852,rolling,1594.169,1286,1594.031,1.522,0,0,1783746807.250222683,0.398789,-0.150469,0.802072,-0.190772,,,0.416400,-0.359481,0.430348,1.649,1.240
search,lower,8,reverse,116.4717,1055.980,852,rolling,1594.169,1286,1594.031,1.522,0,0,1783746807.250222683,0.398789,-0.150469,0.802072,-0.190772,,,0.416400,-0.359481,0.430348,1.635,1.255
search,lower,8,reverse,116.4887,1055.980,852,rolling,1594.181,1286,1594.056,1.547,1,24,1783746807.350453615,0.388458,-0.167499,0.826891,-0.191659,-0.0194770,0.0248188,0.435877,-0.378958,0.455167,1.635,1.255
search,lower,8,reverse,116.5076,1055.980,852,rolling,1594.181,1286,1594.056,1.547,0,0,1783746807.350453615,0.388458,-0.167499,0.826891,-0.191659,,,0.435877,-0.378958,0.455167,1.635,1.255
search,lower,8,reverse,116.5292,1055.980,852,rolling,1594.181,1286,1594.056,1.547,0,0,1783746807.350453615,0.388458,-0.167499,0.826891,-0.191659,,,0.435877,-0.378958,0.455167,1.635,1.255
search,lower,8,reverse,116.5508,1055.980,852,rolling,1594.181,1286,1594.056,1.547,0,0,1783746807.350453615,0.388458,-0.167499,0.826891,-0.191659,,,0.435877,-0.378958,0.455167,1.635,1.255
search,lower,8,reverse,116.5723,1055.980,852,rolling,1594.181,1286,1594.056,1.547,0,0,1783746807.350453615,0.388458,-0.167499,0.826891,-0.191659,,,0.435877,-0.378958,0.455167,1.617,1.269
search,lower,8,reverse,116.5864,1055.980,852,rolling,1594.152,1286,1594.072,1.563,1,25,1783746807.450824738,0.376979,-0.184661,0.849667,-0.194647,-0.0204364,0.0227759,0.456313,-0.399394,0.477943,1.617,1.269
search,lower,8,reverse,116.6059,1055.980,852,rolling,1594.152,1286,1594.072,1.563,0,0,1783746807.450824738,0.376979,-0.184661,0.849667,-0.194647,,,0.456313,-0.399394,0.477943,1.617,1.269
search,lower,8,reverse,116.6278,1055.980,852,rolling,1594.152,1286,1594.072,1.563,0,0,1783746807.450824738,0.376979,-0.184661,0.849667,-0.194647,,,0.456313,-0.399394,0.477943,1.617,1.269
search,lower,8,reverse,116.6493,1055.980,852,rolling,1594.152,1286,1594.072,1.563,0,0,1783746807.450824738,0.376979,-0.184661,0.849667,-0.194647,,,0.456313,-0.399394,0.477943,1.617,1.269
search,lower,8,reverse,116.6709,1055.980,852,rolling,1594.152,1286,1594.072,1.563,0,0,1783746807.450824738,0.376979,-0.184661,0.849667,-0.194647,,,0.456313,-0.399394,0.477943,1.599,1.286
search,lower,8,reverse,116.6875,1055.980,852,rolling,1594.062,1286,1594.070,1.561,1,26,1783746807.548588514,0.361542,-0.199533,0.869800,-0.200561,-0.0213422,0.0201335,0.477655,-0.420736,0.498076,1.599,1.286
search,lower,8,reverse,116.7037,1055.980,852,rolling,1594.062,1286,1594.070,1.561,0,0,1783746807.548588514,0.361542,-0.199533,0.869800,-0.200561,,,0.477655,-0.420736,0.498076,1.599,1.286
search,lower,8,reverse,116.7253,1055.980,852,rolling,1594.062,1286,1594.070,1.561,0,0,1783746807.548588514,0.361542,-0.199533,0.869800,-0.200561,,,0.477655,-0.420736,0.498076,1.599,1.286
search,lower,8,reverse,116.7469,1055.980,852,rolling,1594.062,1286,1594.070,1.561,0,0,1783746807.548588514,0.361542,-0.199533,0.869800,-0.200561,,,0.477655,-0.420736,0.498076,1.599,1.286
search,lower,8,reverse,116.7684,1055.980,852,rolling,1594.062,1286,1594.070,1.561,0,0,1783746807.548588514,0.361542,-0.199533,0.869800,-0.200561,,,0.477655,-0.420736,0.498076,1.581,1.301
search,lower,8,reverse,116.7877,1055.980,852,rolling,1593.933,1285,1594.047,1.538,1,27,1783746807.649420261,0.343276,-0.214358,0.894831,-0.207582,-0.0230546,0.0250310,0.500710,-0.443791,0.523107,1.581,1.301
search,lower,8,reverse,116.8013,1055.980,852,rolling,1593.933,1285,1594.047,1.538,0,0,1783746807.649420261,0.343276,-0.214358,0.894831,-0.207582,,,0.500710,-0.443791,0.523107,1.581,1.301
search,lower,8,reverse,116.8230,1055.980,852,rolling,1593.933,1285,1594.047,1.538,0,0,1783746807.649420261,0.343276,-0.214358,0.894831,-0.207582,,,0.500710,-0.443791,0.523107,1.581,1.301
search,lower,8,reverse,116.8445,1055.980,852,rolling,1593.933,1285,1594.047,1.538,0,0,1783746807.649420261,0.343276,-0.214358,0.894831,-0.207582,,,0.500710,-0.443791,0.523107,1.581,1.301
search,lower,8,reverse,116.8661,1055.980,852,rolling,1593.933,1285,1594.047,1.538,0,0,1783746807.649420261,0.343276,-0.214358,0.894831,-0.207582,,,0.500710,-0.443791,0.523107,1.561,1.319
search,lower,8,reverse,116.8851,1055.980,852,rolling,1593.907,1285,1594.024,1.515,1,28,1783746807.749597788,0.332933,-0.232761,0.921684,-0.207772,-0.0208711,0.0268529,0.521581,-0.464662,0.549960,1.561,1.319
search,lower,8,reverse,116.9072,1055.980,852,rolling,1593.907,1285,1594.024,1.515,0,0,1783746807.749597788,0.332933,-0.232761,0.921684,-0.207772,,,0.521581,-0.464662,0.549960,1.561,1.319
search,lower,8,reverse,116.9085,1055.980,852,rolling,1593.907,1285,1594.024,1.515,0,0,1783746807.749597788,0.332933,-0.232761,0.921684,-0.207772,,,0.521581,-0.464662,0.549960,1.561,1.319
search,lower,8,reverse,116.9301,1055.980,852,rolling,1593.907,1285,1594.024,1.515,0,0,1783746807.749597788,0.332933,-0.232761,0.921684,-0.207772,,,0.521581,-0.464662,0.549960,1.561,1.319
search,lower,8,reverse,116.9516,1055.980,852,rolling,1593.907,1285,1594.024,1.515,0,0,1783746807.749597788,0.332933,-0.232761,0.921684,-0.207772,,,0.521581,-0.464662,0.549960,1.561,1.319
search,lower,8,reverse,116.9732,1055.980,852,rolling,1593.907,1285,1594.024,1.515,0,0,1783746807.749597788,0.332933,-0.232761,0.921684,-0.207772,,,0.521581,-0.464662,0.549960,1.544,1.337
search,lower,8,reverse,116.9857,1055.980,852,rolling,1593.896,1285,1594.003,1.494,1,29,1783746807.847310305,0.323531,-0.250753,0.948102,-0.207151,-0.0200593,0.0264174,0.541640,-0.484721,0.576377,1.544,1.337
search,lower,8,reverse,117.0000,1055.980,852,rolling,1593.896,1285,1594.003,1.494,0,0,1783746807.847310305,0.323531,-0.250753,0.948102,-0.207151,,,0.541640,-0.484721,0.576377,1.544,1.337
search,lower,8,reverse,117.0216,1055.980,852,rolling,1593.896,1285,1594.003,1.494,0,0,1783746807.847310305,0.323531,-0.250753,0.948102,-0.207151,,,0.541640,-0.484721,0.576377,1.544,1.337
search,lower,8,reverse,117.0432,1055.980,852,rolling,1593.896,1285,1594.003,1.494,0,0,1783746807.847310305,0.323531,-0.250753,0.948102,-0.207151,,,0.541640,-0.484721,0.576377,1.544,1.337
search,lower,8,reverse,117.0647,1055.980,852,rolling,1593.896,1285,1594.003,1.494,0,0,1783746807.847310305,0.323531,-0.250753,0.948102,-0.207151,,,0.541640,-0.484721,0.576377,1.526,1.354
search,lower,8,reverse,117.0859,1055.980,852,rolling,1593.962,1285,1593.996,1.487,1,30,1783746807.947801590,0.318887,-0.270505,0.973544,-0.202258,-0.0188502,0.0254425,0.560490,-0.503571,0.601820,1.526,1.354
search,lower,8,reverse,117.1032,1055.980,852,rolling,1593.962,1285,1593.996,1.487,0,0,1783746807.947801590,0.318887,-0.270505,0.973544,-0.202258,,,0.560490,-0.503571,0.601820,1.526,1.354
search,lower,8,reverse,117.1248,1055.980,852,rolling,1593.962,1285,1593.996,1.487,0,0,1783746807.947801590,0.318887,-0.270505,0.973544,-0.202258,,,0.560490,-0.503571,0.601820,1.526,1.354
search,lower,8,reverse,117.1463,1055.980,852,rolling,1593.962,1285,1593.996,1.487,0,0,1783746807.947801590,0.318887,-0.270505,0.973544,-0.202258,,,0.560490,-0.503571,0.601820,1.526,1.354
search,lower,8,reverse,117.1678,1055.980,852,rolling,1593.962,1285,1593.996,1.487,0,0,1783746807.947801590,0.318887,-0.270505,0.973544,-0.202258,,,0.560490,-0.503571,0.601820,1.510,1.368
search,lower,8,reverse,117.1838,1055.980,852,rolling,1593.992,1285,1593.995,1.487,1,31,1783746808.047924042,0.304674,-0.284397,0.997050,-0.200215,-0.0194325,0.0235057,0.579923,-0.523004,0.625326,1.510,1.368
search,lower,8,reverse,117.2044,1055.980,852,rolling,1593.992,1285,1593.995,1.487,0,0,1783746808.047924042,0.304674,-0.284397,0.997050,-0.200215,,,0.579923,-0.523004,0.625326,1.510,1.368
search,lower,8,reverse,117.2260,1055.980,852,rolling,1593.992,1285,1593.995,1.487,0,0,1783746808.047924042,0.304674,-0.284397,0.997050,-0.200215,,,0.579923,-0.523004,0.625326,1.510,1.368
search,lower,8,reverse,117.2476,1055.980,852,rolling,1593.992,1285,1593.995,1.487,0,0,1783746808.047924042,0.304674,-0.284397,0.997050,-0.200215,,,0.579923,-0.523004,0.625326,1.510,1.368
search,lower,8,reverse,117.2691,1055.980,852,rolling,1593.992,1285,1593.995,1.487,0,0,1783746808.047924042,0.304674,-0.284397,0.997050,-0.200215,,,0.579923,-0.523004,0.625326,0.794,1.370
search,lower,8,reverse,117.2841,1055.980,852,rolling,1594.500,1286,1594.078,1.569,1,32,1783746808.145886898,0.295273,-0.288496,1.012777,-0.171856,-0.0085008,0.0157273,0.588424,-0.531505,0.641053,0.794,1.370
search,lower,8,reverse,117.3036,1055.980,852,rolling,1594.500,1286,1594.078,1.569,0,0,1783746808.145886898,0.295273,-0.288496,1.012777,-0.171856,,,0.588424,-0.531505,0.641053,0.794,1.370
search,lower,8,reverse,117.3252,1055.980,852,rolling,1594.500,1286,1594.078,1.569,0,0,1783746808.145886898,0.295273,-0.288496,1.012777,-0.171856,,,0.588424,-0.531505,0.641053,0.794,1.370
search,lower,8,reverse,117.3468,1055.980,852,rolling,1594.500,1286,1594.078,1.569,0,0,1783746808.145886898,0.295273,-0.288496,1.012777,-0.171856,,,0.588424,-0.531505,0.641053,0.794,1.370
search,lower,8,reverse,117.3684,1055.980,852,rolling,1594.500,1286,1594.078,1.569,0,0,1783746808.145886898,0.295273,-0.288496,1.012777,-0.171856,,,0.588424,-0.531505,0.641053,0.785,1.376
search,lower,8,reverse,117.3852,1055.980,852,rolling,1594.500,1286,1594.078,1.569,0,0,1783746808.145886898,0.295273,-0.288496,1.012777,-0.171856,,,0.588424,-0.531505,0.641053,0.785,1.376
search,lower,8,reverse,117.4076,1055.980,852,rolling,1594.784,1286,1594.196,1.687,1,33,1783746808.246152878,0.292398,-0.301775,1.019520,-0.160811,-0.0128017,0.0067427,0.601225,-0.544306,0.647796,0.785,1.376
search,lower,8,reverse,117.4155,1055.980,852,rolling,1594.784,1286,1594.196,1.687,0,0,1783746808.246152878,0.292398,-0.301775,1.019520,-0.160811,,,0.601225,-0.544306,0.647796,0.785,1.376
search,lower,8,reverse,117.4380,1055.980,852,rolling,1594.784,1286,1594.196,1.687,0,0,1783746808.246152878,0.292398,-0.301775,1.019520,-0.160811,,,0.601225,-0.544306,0.647796,0.785,1.376
search,lower,8,reverse,117.4599,1055.980,852,rolling,1594.784,1286,1594.196,1.687,0,0,1783746808.246152878,0.292398,-0.301775,1.019520,-0.160811,,,0.601225,-0.544306,0.647796,0.785,1.376
search,lower,8,reverse,117.4817,1055.980,852,rolling,1594.784,1286,1594.196,1.687,0,0,1783746808.246152878,0.292398,-0.301775,1.019520,-0.160811,,,0.601225,-0.544306,0.647796,0.780,1.383
search,lower,8,reverse,117.4847,1055.980,852,rolling,1594.784,1286,1594.196,1.687,0,0,1783746808.246152878,0.292398,-0.301775,1.019520,-0.160811,,,0.601225,-0.544306,0.647796,0.780,1.383
search,lower,8,reverse,117.5065,1055.980,852,rolling,1595.746,1287,1594.456,1.947,1,34,1783746808.346912622,0.291509,-0.298117,1.024606,-0.114016,0.0026572,0.0050865,0.603883,-0.541649,0.652882,0.780,1.383
search,lower,8,reverse,117.5107,1055.980,852,rolling,1595.746,1287,1594.456,1.947,0,0,1783746808.346912622,0.291509,-0.298117,1.024606,-0.114016,,,0.603883,-0.541649,0.652882,0.780,1.383
search,lower,8,reverse,117.5324,1055.980,852,rolling,1595.746,1287,1594.456,1.947,0,0,1783746808.346912622,0.291509,-0.298117,1.024606,-0.114016,,,0.603883,-0.541649,0.652882,0.780,1.383
search,lower,8,reverse,117.5539,1055.980,852,rolling,1595.746,1287,1594.456,1.947,0,0,1783746808.346912622,0.291509,-0.298117,1.024606,-0.114016,,,0.603883,-0.541649,0.652882,0.780,1.383
search,lower,8,reverse,117.5755,1055.980,852,rolling,1595.746,1287,1594.456,1.947,0,0,1783746808.346912622,0.291509,-0.298117,1.024606,-0.114016,,,0.603883,-0.541649,0.652882,0.771,1.387
search,lower,8,reverse,117.5827,1055.980,852,rolling,1596.195,1287,1594.740,2.231,1,35,1783746808.444624901,0.284906,-0.302115,1.032624,-0.102992,-0.0068321,0.0080177,0.610715,-0.548481,0.660900,0.771,1.387
search,lower,8,reverse,117.6004,1055.980,852,rolling,1596.195,1287,1594.740,2.231,0,0,1783746808.444624901,0.284906,-0.302115,1.032624,-0.102992,,,0.610715,-0.548481,0.660900,0.771,1.387
search,lower,8,reverse,117.6220,1055.980,852,rolling,1596.195,1287,1594.740,2.231,0,0,1783746808.444624901,0.284906,-0.302115,1.032624,-0.102992,,,0.610715,-0.548481,0.660900,0.771,1.387
search,lower,8,reverse,117.6436,1055.980,852,rolling,1596.195,1287,1594.740,2.231,0,0,1783746808.444624901,0.284906,-0.302115,1.032624,-0.102992,,,0.610715,-0.548481,0.660900,0.771,1.387
search,lower,8,reverse,117.6651,1055.980,852,rolling,1596.195,1287,1594.740,2.231,0,0,1783746808.444624901,0.284906,-0.302115,1.032624,-0.102992,,,0.610715,-0.548481,0.660900,0.780,1.390
search,lower,8,reverse,117.6835,1055.980,852,rolling,1596.677,1288,1595.063,2.555,1,36,1783746808.544736147,0.283677,-0.308443,1.037172,-0.092396,-0.0060677,0.0045474,0.616782,-0.548481,0.660900,0.780,1.390
search,lower,8,reverse,117.7053,1055.980,852,rolling,1596.677,1288,1595.063,2.555,0,0,1783746808.544736147,0.283677,-0.308443,1.037172,-0.092396,,,0.616782,-0.548481,0.660900,0.780,1.390
search,lower,8,reverse,117.7269,1055.980,852,rolling,1596.677,1288,1595.063,2.555,0,0,1783746808.544736147,0.283677,-0.308443,1.037172,-0.092396,,,0.616782,-0.548481,0.660900,0.780,1.390
search,lower,8,reverse,117.7484,1055.980,852,rolling,1596.677,1288,1595.063,2.555,0,0,1783746808.544736147,0.283677,-0.308443,1.037172,-0.092396,,,0.616782,-0.548481,0.660900,0.780,1.390
search,lower,8,reverse,117.7699,1055.980,852,rolling,1596.677,1288,1595.063,2.555,0,0,1783746808.544736147,0.283677,-0.308443,1.037172,-0.092396,,,0.616782,-0.548481,0.660900,0.781,1.396
search,lower,8,reverse,117.7836,1055.980,852,rolling,1597.156,1288,1595.414,2.906,1,37,1783746808.645488501,0.282669,-0.314682,1.041590,-0.083911,-0.0058894,0.0044185,0.622672,-0.548481,0.660900,0.781,1.396
search,lower,8,reverse,117.7897,1055.980,852,rolling,1597.156,1288,1595.414,2.906,0,0,1783746808.645488501,0.282669,-0.314682,1.041590,-0.083911,,,0.622672,-0.548481,0.660900,0.781,1.396
search,lower,8,reverse,117.8114,1055.980,852,rolling,1597.156,1288,1595.414,2.906,0,0,1783746808.645488501,0.282669,-0.314682,1.041590,-0.083911,,,0.622672,-0.548481,0.660900,0.781,1.396
search,lower,8,reverse,117.8329,1055.980,852,rolling,1597.156,1288,1595.414,2.906,0,0,1783746808.645488501,0.282669,-0.314682,1.041590,-0.083911,,,0.622672,-0.548481,0.660900,0.781,1.396
search,lower,8,reverse,117.8545,1055.980,852,rolling,1597.156,1288,1595.414,2.906,0,0,1783746808.645488501,0.282669,-0.314682,1.041590,-0.083911,,,0.622672,-0.548481,0.660900,0.781,1.396
search,lower,8,reverse,117.8760,1055.980,852,rolling,1597.156,1288,1595.414,2.906,0,0,1783746808.645488501,0.282669,-0.314682,1.041590,-0.083911,,,0.622672,-0.548481,0.660900,0.768,1.405
search,lower,8,reverse,117.8815,1055.980,852,rolling,1597.156,1288,1595.414,2.906,0,0,1783746808.645488501,0.282669,-0.314682,1.041590,-0.083911,,,0.622672,-0.548481,0.660900,0.768,1.405
search,lower,8,reverse,117.9034,1055.980,852,rolling,1597.605,1288,1595.779,3.271,1,38,1783746808.745498180,0.277066,-0.318545,1.050117,-0.078309,-0.0061512,0.0085266,0.628823,-0.548481,0.660900,0.768,1.405
search,lower,8,reverse,117.9057,1055.980,852,rolling,1597.605,1288,1595.779,3.271,0,0,1783746808.745498180,0.277066,-0.318545,1.050117,-0.078309,,,0.628823,-0.548481,0.660900,0.768,1.405
search,lower,8,reverse,117.9273,1055.980,852,rolling,1597.605,1288,1595.779,3.271,0,0,1783746808.745498180,0.277066,-0.318545,1.050117,-0.078309,,,0.628823,-0.548481,0.660900,0.768,1.405
search,lower,8,reverse,117.9489,1055.980,852,rolling,1597.605,1288,1595.779,3.271,0,0,1783746808.745498180,0.277066,-0.318545,1.050117,-0.078309,,,0.628823,-0.548481,0.660900,0.768,1.405
search,lower,8,reverse,117.9704,1055.980,852,rolling,1597.605,1288,1595.779,3.271,0,0,1783746808.745498180,0.277066,-0.318545,1.050117,-0.078309,,,0.628823,-0.548481,0.660900,0.753,1.416
search,lower,8,reverse,117.9820,1055.980,852,rolling,1597.605,1288,1595.779,3.271,0,0,1783746808.745498180,0.277066,-0.318545,1.050117,-0.078309,,,0.628823,-0.548481,0.660900,0.753,1.416
search,lower,8,reverse,118.0038,1055.980,852,rolling,1597.927,1289,1596.131,3.623,1,39,1783746808.843498468,0.276603,-0.327980,1.065013,-0.080280,-0.0084468,0.0148967,0.637270,-0.548481,0.660900,0.753,1.416
search,lower,8,reverse,118.0111,1055.980,852,rolling,1597.927,1289,1596.131,3.623,0,0,1783746808.843498468,0.276603,-0.327980,1.065013,-0.080280,,,0.637270,-0.548481,0.660900,0.753,1.416
search,lower,8,reverse,118.0327,1055.980,852,rolling,1597.927,1289,1596.131,3.623,0,0,1783746808.843498468,0.276603,-0.327980,1.065013,-0.080280,,,0.637270,-0.548481,0.660900,0.753,1.416
search,lower,8,reverse,118.0543,1055.980,852,rolling,1597.927,1289,1596.131,3.623,0,0,1783746808.843498468,0.276603,-0.327980,1.065013,-0.080280,,,0.637270,-0.548481,0.660900,0.753,1.416
search,lower,8,reverse,118.0759,1055.980,852,rolling,1597.927,1289,1596.131,3.623,0,0,1783746808.843498468,0.276603,-0.327980,1.065013,-0.080280,,,0.637270,-0.548481,0.660900,0.748,1.429
search,lower,8,reverse,118.0822,1055.980,852,rolling,1598.109,1289,1596.463,3.954,1,40,1783746808.944110155,0.273352,-0.339973,1.078544,-0.090243,-0.0120866,0.0135311,0.649356,-0.548481,0.660900,0.748,1.429
search,lower,8,reverse,118.0977,1055.980,852,rolling,1598.109,1289,1596.463,3.954,0,0,1783746808.944110155,0.273352,-0.339973,1.078544,-0.090243,,,0.649356,-0.548481,0.660900,0.748,1.429
search,lower,8,reverse,118.1193,1055.980,852,rolling,1598.109,1289,1596.463,3.954,0,0,1783746808.944110155,0.273352,-0.339973,1.078544,-0.090243,,,0.649356,-0.548481,0.660900,0.748,1.429
search,lower,8,reverse,118.1409,1055.980,852,rolling,1598.109,1289,1596.463,3.954,0,0,1783746808.944110155,0.273352,-0.339973,1.078544,-0.090243,,,0.649356,-0.548481,0.660900,0.748,1.429
search,lower,8,reverse,118.1624,1055.980,852,rolling,1598.109,1289,1596.463,3.954,0,0,1783746808.944110155,0.273352,-0.339973,1.078544,-0.090243,,,0.649356,-0.548481,0.660900,0.739,1.442
search,lower,8,reverse,118.1829,1055.980,852,rolling,1598.255,1289,1596.762,4.253,1,41,1783746809.044317007,0.266088,-0.350998,1.092259,-0.100464,-0.0131400,0.0137147,0.662496,-0.561621,0.674615,0.739,1.442
search,lower,8,reverse,118.1945,1055.980,852,rolling,1598.255,1289,1596.762,4.253,0,0,1783746809.044317007,0.266088,-0.350998,1.092259,-0.100464,,,0.662496,-0.561621,0.674615,0.739,1.442
search,lower,8,reverse,118.2163,1055.980,852,rolling,1598.255,1289,1596.762,4.253,0,0,1783746809.044317007,0.266088,-0.350998,1.092259,-0.100464,,,0.662496,-0.561621,0.674615,0.739,1.442
search,lower,8,reverse,118.2379,1055.980,852,rolling,1598.255,1289,1596.762,4.253,0,0,1783746809.044317007,0.266088,-0.350998,1.092259,-0.100464,,,0.662496,-0.561621,0.674615,0.739,1.442
search,lower,8,reverse,118.2595,1055.980,852,rolling,1598.255,1289,1596.762,4.253,0,0,1783746809.044317007,0.266088,-0.350998,1.092259,-0.100464,,,0.662496,-0.561621,0.674615,0.739,1.442
search,lower,8,reverse,118.2812,1055.980,852,rolling,1598.255,1289,1596.762,4.253,0,0,1783746809.044317007,0.266088,-0.350998,1.092259,-0.100464,,,0.662496,-0.561621,0.674615,0.724,1.305
search,lower,8,reverse,118.2837,1055.980,852,rolling,1598.255,1289,1596.762,4.253,0,0,1783746809.044317007,0.266088,-0.350998,1.092259,-0.100464,,,0.662496,-0.561621,0.674615,0.724,1.305
search,lower,8,reverse,118.3054,1055.980,852,rolling,1598.152,1289,1596.995,4.486,1,42,1783746809.144932270,0.259348,-0.369004,1.112730,-0.122832,-0.0191103,0.0204708,0.681607,-0.580732,0.695085,0.724,1.305
search,lower,8,reverse,118.3102,1055.980,852,rolling,1598.152,1289,1596.995,4.486,0,0,1783746809.144932270,0.259348,-0.369004,1.112730,-0.122832,,,0.681607,-0.580732,0.695085,0.724,1.305
search,lower,8,reverse,118.3319,1055.980,852,rolling,1598.152,1289,1596.995,4.486,0,0,1783746809.144932270,0.259348,-0.369004,1.112730,-0.122832,,,0.681607,-0.580732,0.695085,0.724,1.305
search,lower,8,reverse,118.3534,1055.980,852,rolling,1598.152,1289,1596.995,4.486,0,0,1783746809.144932270,0.259348,-0.369004,1.112730,-0.122832,,,0.681607,-0.580732,0.695085,0.724,1.305
search,lower,8,reverse,118.3750,1055.980,852,rolling,1598.152,1289,1596.995,4.486,0,0,1783746809.144932270,0.259348,-0.369004,1.112730,-0.122832,,,0.681607,-0.580732,0.695085,0.707,1.329
search,lower,8,reverse,118.3840,1055.980,852,rolling,1598.003,1289,1597.163,4.654,1,43,1783746809.245105982,0.249331,-0.387255,1.136472,-0.144001,-0.0207868,0.0237421,0.702394,-0.601518,0.718828,0.707,1.329
search,lower,8,reverse,118.3969,1055.980,852,rolling,1598.003,1289,1597.163,4.654,0,0,1783746809.245105982,0.249331,-0.387255,1.136472,-0.144001,,,0.702394,-0.601518,0.718828,0.707,1.329
search,lower,8,reverse,118.4186,1055.980,852,rolling,1598.003,1289,1597.163,4.654,0,0,1783746809.245105982,0.249331,-0.387255,1.136472,-0.144001,,,0.702394,-0.601518,0.718828,0.707,1.329
search,lower,8,reverse,118.4401,1055.980,852,rolling,1598.003,1289,1597.163,4.654,0,0,1783746809.245105982,0.249331,-0.387255,1.136472,-0.144001,,,0.702394,-0.601518,0.718828,0.707,1.329
search,lower,8,reverse,118.4617,1055.980,852,rolling,1598.003,1289,1597.163,4.654,0,0,1783746809.245105982,0.249331,-0.387255,1.136472,-0.144001,,,0.702394,-0.601518,0.718828,0.707,1.329
search,lower,8,reverse,118.4833,1055.980,852,rolling,1598.003,1289,1597.163,4.654,0,0,1783746809.245105982,0.249331,-0.387255,1.136472,-0.144001,,,0.702394,-0.601518,0.718828,0.689,1.337
search,lower,8,reverse,118.4858,1055.980,852,rolling,1597.669,1288,1597.248,4.739,1,44,1783746809.345655203,0.242625,-0.412404,1.167046,-0.171903,-0.0257014,0.0305740,0.728095,-0.627220,0.749402,0.689,1.337
search,lower,8,reverse,118.5062,1055.980,852,rolling,1597.669,1288,1597.248,4.739,0,0,1783746809.345655203,0.242625,-0.412404,1.167046,-0.171903,,,0.728095,-0.627220,0.749402,0.689,1.337
search,lower,8,reverse,118.5278,1055.980,852,rolling,1597.669,1288,1597.248,4.739,0,0,1783746809.345655203,0.242625,-0.412404,1.167046,-0.171903,,,0.728095,-0.627220,0.749402,0.689,1.337
search,lower,8,reverse,118.5494,1055.980,852,rolling,1597.669,1288,1597.248,4.739,0,0,1783746809.345655203,0.242625,-0.412404,1.167046,-0.171903,,,0.728095,-0.627220,0.749402,0.689,1.337
search,lower,8,reverse,118.5709,1055.980,852,rolling,1597.669,1288,1597.248,4.739,0,0,1783746809.345655203,0.242625,-0.412404,1.167046,-0.171903,,,0.728095,-0.627220,0.749402,0.673,1.194
search,lower,8,reverse,118.5845,1055.980,852,rolling,1597.344,1288,1597.264,4.755,1,45,1783746809.446384192,0.235536,-0.438113,1.198022,-0.194645,-0.0264787,0.0309765,0.754574,-0.653699,0.780378,0.673,1.194
search,lower,8,reverse,118.5984,1055.980,852,rolling,1597.344,1288,1597.264,4.755,0,0,1783746809.446384192,0.235536,-0.438113,1.198022,-0.194645,,,0.754574,-0.653699,0.780378,0.673,1.194
search,lower,8,reverse,118.6201,1055.980,852,rolling,1597.344,1288,1597.264,4.755,0,0,1783746809.446384192,0.235536,-0.438113,1.198022,-0.194645,,,0.754574,-0.653699,0.780378,0.673,1.194
search,lower,8,reverse,118.6417,1055.980,852,rolling,1597.344,1288,1597.264,4.755,0,0,1783746809.446384192,0.235536,-0.438113,1.198022,-0.194645,,,0.754574,-0.653699,0.780378,0.673,1.194
search,lower,8,reverse,118.6632,1055.980,852,rolling,1597.344,1288,1597.264,4.755,0,0,1783746809.446384192,0.235536,-0.438113,1.198022,-0.194645,,,0.754574,-0.653699,0.780378,0.652,1.185
search,lower,8,reverse,118.6850,1055.980,852,rolling,1597.128,1288,1597.241,4.733,1,46,1783746809.546634912,0.223916,-0.460139,1.232519,-0.207564,-0.0246940,0.0344964,0.779268,-0.678393,0.814874,0.652,1.185
search,upper,2,forward,120.9802,1550.000,1250,startup,1413.409,1140,1410.649,-8.735,1,1,1783746811.842959166,0.213345,-0.486963,1.295976,0.003967,0.0003183,-0.0000253,0.000318,0.000000,0.000000,0.628,1.176
search,upper,2,forward,120.9955,1550.000,1250,startup,1413.409,1140,1410.649,-8.735,0,0,1783746811.842959166,0.213345,-0.486963,1.295976,0.003967,,,0.000318,0.000000,0.000000,0.628,1.176
search,upper,2,forward,121.0172,1550.000,1250,startup,1413.409,1140,1410.649,-8.735,0,0,1783746811.842959166,0.213345,-0.486963,1.295976,0.003967,,,0.000318,0.000000,0.000000,0.628,1.176
search,upper,2,forward,121.0387,1550.000,1250,startup,1413.409,1140,1410.649,-8.735,0,0,1783746811.842959166,0.213345,-0.486963,1.295976,0.003967,,,0.000318,0.000000,0.000000,0.628,1.176
search,upper,2,forward,121.0604,1550.000,1250,startup,1413.409,1140,1410.649,-8.735,0,0,1783746811.842959166,0.213345,-0.486963,1.295976,0.003967,,,0.000318,0.000000,0.000000,0.623,1.185
search,upper,2,forward,121.0819,1550.000,1250,startup,1412.169,1139,1410.649,-8.735,1,2,1783746811.943361759,0.212626,-0.489216,1.295570,-0.002911,-0.0023640,-0.0004066,0.002682,0.000000,0.000000,0.623,1.185
search,upper,2,forward,121.0974,1550.000,1250,startup,1412.169,1139,1410.649,-8.735,0,0,1783746811.943361759,0.212626,-0.489216,1.295570,-0.002911,,,0.002682,0.000000,0.000000,0.623,1.185
search,upper,2,forward,121.1191,1550.000,1250,startup,1412.169,1139,1410.649,-8.735,0,0,1783746811.943361759,0.212626,-0.489216,1.295570,-0.002911,,,0.002682,0.000000,0.000000,0.623,1.185
search,upper,2,forward,121.1406,1550.000,1250,startup,1412.169,1139,1410.649,-8.735,0,0,1783746811.943361759,0.212626,-0.489216,1.295570,-0.002911,,,0.002682,0.000000,0.000000,0.623,1.185
search,upper,2,forward,121.1621,1550.000,1250,startup,1412.169,1139,1410.649,-8.735,0,0,1783746811.943361759,0.212626,-0.489216,1.295570,-0.002911,,,0.002682,0.000000,0.000000,0.626,1.176
search,upper,2,forward,121.1823,1550.000,1250,startup,1410.929,1138,1410.649,-8.735,1,3,1783746812.043884754,0.208780,-0.489184,1.297110,-0.004699,-0.0010117,0.0015402,0.003694,0.000000,0.000000,0.626,1.176
search,upper,2,forward,121.1979,1550.000,1250,startup,1410.929,1138,1410.649,-8.735,0,0,1783746812.043884754,0.208780,-0.489184,1.297110,-0.004699,,,0.003694,0.000000,0.000000,0.626,1.176
search,upper,2,forward,121.2195,1550.000,1250,startup,1410.929,1138,1410.649,-8.735,0,0,1783746812.043884754,0.208780,-0.489184,1.297110,-0.004699,,,0.003694,0.000000,0.000000,0.626,1.176
search,upper,2,forward,121.2412,1550.000,1250,startup,1410.929,1138,1410.649,-8.735,0,0,1783746812.043884754,0.208780,-0.489184,1.297110,-0.004699,,,0.003694,0.000000,0.000000,0.626,1.176
search,upper,2,forward,121.2627,1550.000,1250,startup,1410.929,1138,1410.649,-8.735,0,0,1783746812.043884754,0.208780,-0.489184,1.297110,-0.004699,,,0.003694,0.000000,0.000000,0.628,1.161
search,upper,2,forward,121.2824,1550.000,1250,startup,1409.689,1137,1410.649,-8.735,1,4,1783746812.144272327,0.208017,-0.484653,1.298811,0.006830,0.0041576,0.0017010,0.007852,0.000000,0.000000,0.628,1.161
search,upper,2,forward,121.2996,1550.000,1250,startup,1409.689,1137,1410.649,-8.735,0,0,1783746812.144272327,0.208017,-0.484653,1.298811,0.006830,,,0.007852,0.000000,0.000000,0.628,1.161
search,upper,2,forward,121.3213,1550.000,1250,startup,1409.689,1137,1410.649,-8.735,0,0,1783746812.144272327,0.208017,-0.484653,1.298811,0.006830,,,0.007852,0.000000,0.000000,0.628,1.161
search,upper,2,forward,121.3428,1550.000,1250,startup,1409.689,1137,1410.649,-8.735,0,0,1783746812.144272327,0.208017,-0.484653,1.298811,0.006830,,,0.007852,0.000000,0.000000,0.628,1.161
search,upper,2,forward,121.3643,1550.000,1250,startup,1409.689,1137,1410.649,-8.735,0,0,1783746812.144272327,0.208017,-0.484653,1.298811,0.006830,,,0.007852,0.000000,0.000000,0.636,1.154
search,upper,2,forward,121.3831,1550.000,1250,startup,1406.589,1134,1410.649,-8.735,1,5,1783746812.244509459,0.210236,-0.470819,1.301227,0.039849,0.0139235,0.0024166,0.021775,0.000000,0.000000,0.636,1.154
search,upper,2,forward,121.4046,1550.000,1250,startup,1406.589,1134,1410.649,-8.735,0,0,1783746812.244509459,0.210236,-0.470819,1.301227,0.039849,,,0.021775,0.000000,0.000000,0.636,1.154
search,upper,2,forward,121.4262,1550.000,1250,startup,1406.589,1134,1410.649,-8.735,0,0,1783746812.244509459,0.210236,-0.470819,1.301227,0.039849,,,0.021775,0.000000,0.000000,0.636,1.154
search,upper,2,forward,121.4477,1550.000,1250,startup,1406.589,1134,1410.649,-8.735,0,0,1783746812.244509459,0.210236,-0.470819,1.301227,0.039849,,,0.021775,0.000000,0.000000,0.636,1.154
search,upper,2,forward,121.4693,1550.000,1250,startup,1406.589,1134,1410.649,-8.735,0,0,1783746812.244509459,0.210236,-0.470819,1.301227,0.039849,,,0.021775,0.000000,0.000000,0.640,1.147
search,upper,2,forward,121.4809,1550.000,1250,rolling,1410.649,1138,1410.649,-8.735,1,6,1783746812.345122576,0.216119,-0.457057,1.303671,0.066736,0.0148300,0.0024439,0.036605,0.000000,0.000000,0.640,1.147
search,upper,2,forward,121.4918,1550.000,1250,rolling,1410.649,1138,1410.649,-8.735,0,0,1783746812.345122576,0.216119,-0.457057,1.303671,0.066736,,,0.036605,0.000000,0.000000,0.640,1.147
search,upper,2,forward,121.5136,1550.000,1250,rolling,1410.649,1138,1410.649,-8.735,0,0,1783746812.345122576,0.216119,-0.457057,1.303671,0.066736,,,0.036605,0.000000,0.000000,0.640,1.147
search,upper,2,forward,121.5355,1550.000,1250,rolling,1410.649,1138,1410.649,-8.735,0,0,1783746812.345122576,0.216119,-0.457057,1.303671,0.066736,,,0.036605,0.000000,0.000000,0.640,1.147
search,upper,2,forward,121.5574,1550.000,1250,rolling,1410.649,1138,1410.649,-8.735,0,0,1783746812.345122576,0.216119,-0.457057,1.303671,0.066736,,,0.036605,0.000000,0.000000,0.640,1.147
search,upper,2,forward,121.5792,1550.000,1250,rolling,1410.649,1138,1410.649,-8.735,0,0,1783746812.345122576,0.216119,-0.457057,1.303671,0.066736,,,0.036605,0.000000,0.000000,0.643,1.138
search,upper,2,forward,121.5817,1550.000,1250,rolling,1407.628,1135,1410.262,-9.122,1,7,1783746812.443039894,0.224201,-0.451860,1.305982,0.068276,0.0071377,0.0023107,0.043743,0.000000,0.000000,0.643,1.138
search,upper,2,forward,121.6012,1550.000,1250,rolling,1407.628,1135,1410.262,-9.122,0,0,1783746812.443039894,0.224201,-0.451860,1.305982,0.068276,,,0.043743,0.000000,0.000000,0.643,1.138
search,upper,2,forward,121.6230,1550.000,1250,rolling,1407.628,1135,1410.262,-9.122,0,0,1783746812.443039894,0.224201,-0.451860,1.305982,0.068276,,,0.043743,0.000000,0.000000,0.643,1.138
search,upper,2,forward,121.6446,1550.000,1250,rolling,1407.628,1135,1410.262,-9.122,0,0,1783746812.443039894,0.224201,-0.451860,1.305982,0.068276,,,0.043743,0.000000,0.000000,0.643,1.138
search,upper,2,forward,121.6661,1550.000,1250,rolling,1407.628,1135,1410.262,-9.122,0,0,1783746812.443039894,0.224201,-0.451860,1.305982,0.068276,,,0.043743,0.000000,0.000000,0.649,1.127
search,upper,2,forward,121.6821,1550.000,1250,rolling,1407.342,1135,1409.880,-9.504,1,8,1783746812.543371439,0.225497,-0.443108,1.305433,0.073100,0.0087864,-0.0005491,0.052529,0.000000,0.000000,0.649,1.127
search,upper,2,forward,121.6981,1550.000,1250,rolling,1407.342,1135,1409.880,-9.504,0,0,1783746812.543371439,0.225497,-0.443108,1.305433,0.073100,,,0.052529,0.000000,0.000000,0.649,1.127
search,upper,2,forward,121.7197,1550.000,1250,rolling,1407.342,1135,1409.880,-9.504,0,0,1783746812.543371439,0.225497,-0.443108,1.305433,0.073100,,,0.052529,0.000000,0.000000,0.649,1.127
search,upper,2,forward,121.7413,1550.000,1250,rolling,1407.342,1135,1409.880,-9.504,0,0,1783746812.543371439,0.225497,-0.443108,1.305433,0.073100,,,0.052529,0.000000,0.000000,0.649,1.127
search,upper,2,forward,121.7628,1550.000,1250,rolling,1407.342,1135,1409.880,-9.504,0,0,1783746812.543371439,0.225497,-0.443108,1.305433,0.073100,,,0.052529,0.000000,0.000000,0.658,1.121
search,upper,2,forward,121.7823,1550.000,1250,rolling,1407.041,1135,1409.509,-9.875,1,9,1783746812.643672228,0.225844,-0.434143,1.306768,0.076617,0.0087431,0.0013354,0.061272,0.000000,0.000000,0.658,1.121
search,upper,2,forward,121.7975,1550.000,1250,rolling,1407.041,1135,1409.509,-9.875,0,0,1783746812.643672228,0.225844,-0.434143,1.306768,0.076617,,,0.061272,0.000000,0.000000,0.658,1.121
search,upper,2,forward,121.8194,1550.000,1250,rolling,1407.041,1135,1409.509,-9.875,0,0,1783746812.643672228,0.225844,-0.434143,1.306768,0.076617,,,0.061272,0.000000,0.000000,0.658,1.121
search,upper,2,forward,121.8411,1550.000,1250,rolling,1407.041,1135,1409.509,-9.875,0,0,1783746812.643672228,0.225844,-0.434143,1.306768,0.076617,,,0.061272,0.000000,0.000000,0.658,1.121
search,upper,2,forward,121.8627,1550.000,1250,rolling,1407.041,1135,1409.509,-9.875,0,0,1783746812.643672228,0.225844,-0.434143,1.306768,0.076617,,,0.061272,0.000000,0.000000,0.672,1.101
search,upper,2,forward,121.8797,1550.000,1250,rolling,1407.270,1135,1409.215,-10.169,1,10,1783746812.744356871,0.227446,-0.415699,1.311394,0.102731,0.0182312,0.0046253,0.079504,0.018231,0.004625,0.672,1.101
search,upper,2,forward,121.9017,1550.000,1250,rolling,1407.270,1135,1409.215,-10.169,0,0,1783746812.744356871,0.227446,-0.415699,1.311394,0.102731,,,0.079504,0.018231,0.004625,0.672,1.101
search,upper,2,forward,121.9234,1550.000,1250,rolling,1407.270,1135,1409.215,-10.169,0,0,1783746812.744356871,0.227446,-0.415699,1.311394,0.102731,,,0.079504,0.018231,0.004625,0.672,1.101
search,upper,2,forward,121.9450,1550.000,1250,rolling,1407.270,1135,1409.215,-10.169,0,0,1783746812.744356871,0.227446,-0.415699,1.311394,0.102731,,,0.079504,0.018231,0.004625,0.672,1.101
search,upper,2,forward,121.9666,1550.000,1250,rolling,1407.270,1135,1409.215,-10.169,0,0,1783746812.744356871,0.227446,-0.415699,1.311394,0.102731,,,0.079504,0.018231,0.004625,0.683,1.079
search,upper,2,forward,121.9798,1550.000,1250,rolling,1407.771,1135,1409.031,-10.353,1,11,1783746812.841782570,0.231891,-0.392715,1.317830,0.136992,0.0233601,0.0064367,0.102864,0.041591,0.011062,0.683,1.079
search,upper,2,forward,121.9912,1550.000,1250,rolling,1407.771,1135,1409.031,-10.353,0,0,1783746812.841782570,0.231891,-0.392715,1.317830,0.136992,,,0.102864,0.041591,0.011062,0.683,1.079
search,upper,2,forward,122.0130,1550.000,1250,rolling,1407.771,1135,1409.031,-10.353,0,0,1783746812.841782570,0.231891,-0.392715,1.317830,0.136992,,,0.102864,0.041591,0.011062,0.683,1.079
search,upper,2,forward,122.0346,1550.000,1250,rolling,1407.771,1135,1409.031,-10.353,0,0,1783746812.841782570,0.231891,-0.392715,1.317830,0.136992,,,0.102864,0.041591,0.011062,0.683,1.079
search,upper,2,forward,122.0563,1550.000,1250,rolling,1407.771,1135,1409.031,-10.353,0,0,1783746812.841782570,0.231891,-0.392715,1.317830,0.136992,,,0.102864,0.041591,0.011062,0.697,1.051
search,upper,2,forward,122.0782,1550.000,1250,rolling,1408.228,1136,1408.926,-10.458,1,12,1783746812.941942692,0.237757,-0.368425,1.325283,0.165108,0.0249856,0.0074527,0.127849,0.066577,0.018515,0.697,1.051
search,upper,2,forward,122.0935,1550.000,1250,rolling,1408.228,1136,1408.926,-10.458,0,0,1783746812.941942692,0.237757,-0.368425,1.325283,0.165108,,,0.127849,0.066577,0.018515,0.697,1.051
search,upper,2,forward,122.1151,1550.000,1250,rolling,1408.228,1136,1408.926,-10.458,0,0,1783746812.941942692,0.237757,-0.368425,1.325283,0.165108,,,0.127849,0.066577,0.018515,0.697,1.051
search,upper,2,forward,122.1366,1550.000,1250,rolling,1408.228,1136,1408.926,-10.458,0,0,1783746812.941942692,0.237757,-0.368425,1.325283,0.165108,,,0.127849,0.066577,0.018515,0.697,1.051
search,upper,2,forward,122.1582,1550.000,1250,rolling,1408.228,1136,1408.926,-10.458,0,0,1783746812.941942692,0.237757,-0.368425,1.325283,0.165108,,,0.127849,0.066577,0.018515,0.708,1.026
search,upper,2,forward,122.1783,1550.000,1250,rolling,1408.834,1136,1408.914,-10.470,1,13,1783746813.040208817,0.244474,-0.340871,1.334650,0.195986,0.0283618,0.0093667,0.156211,0.094939,0.027881,0.708,1.026
search,upper,2,forward,122.1946,1550.000,1250,rolling,1408.834,1136,1408.914,-10.470,0,0,1783746813.040208817,0.244474,-0.340871,1.334650,0.195986,,,0.156211,0.094939,0.027881,0.708,1.026
search,upper,2,forward,122.2163,1550.000,1250,rolling,1408.834,1136,1408.914,-10.470,0,0,1783746813.040208817,0.244474,-0.340871,1.334650,0.195986,,,0.156211,0.094939,0.027881,0.708,1.026
search,upper,2,forward,122.2379,1550.000,1250,rolling,1408.834,1136,1408.914,-10.470,0,0,1783746813.040208817,0.244474,-0.340871,1.334650,0.195986,,,0.156211,0.094939,0.027881,0.708,1.026
search,upper,2,forward,122.2595,1550.000,1250,rolling,1408.834,1136,1408.914,-10.470,0,0,1783746813.040208817,0.244474,-0.340871,1.334650,0.195986,,,0.156211,0.094939,0.027881,0.723,1.005
search,upper,2,forward,122.2764,1550.000,1250,rolling,1408.834,1136,1408.914,-10.470,0,0,1783746813.040208817,0.244474,-0.340871,1.334650,0.195986,,,0.156211,0.094939,0.027881,0.723,1.005
search,upper,2,forward,122.2982,1550.000,1250,rolling,1409.853,1137,1409.037,-10.347,1,14,1783746813.140254498,0.260814,-0.306134,1.346869,0.240816,0.0375475,0.0122194,0.193758,0.132486,0.040101,0.723,1.005
search,upper,2,forward,122.3006,1550.000,1250,rolling,1409.853,1137,1409.037,-10.347,0,0,1783746813.140254498,0.260814,-0.306134,1.346869,0.240816,,,0.193758,0.132486,0.040101,0.723,1.005
search,upper,2,forward,122.3223,1550.000,1250,rolling,1409.853,1137,1409.037,-10.347,0,0,1783746813.140254498,0.260814,-0.306134,1.346869,0.240816,,,0.193758,0.132486,0.040101,0.723,1.005
search,upper,2,forward,122.3438,1550.000,1250,rolling,1409.853,1137,1409.037,-10.347,0,0,1783746813.140254498,0.260814,-0.306134,1.346869,0.240816,,,0.193758,0.132486,0.040101,0.723,1.005
search,upper,2,forward,122.3653,1550.000,1250,rolling,1409.853,1137,1409.037,-10.347,0,0,1783746813.140254498,0.260814,-0.306134,1.346869,0.240816,,,0.193758,0.132486,0.040101,0.738,0.981
search,upper,2,forward,122.3769,1550.000,1250,rolling,1410.475,1137,1409.221,-10.162,1,15,1783746813.238484144,0.266291,-0.274326,1.357188,0.262661,0.0322388,0.0103190,0.225997,0.164725,0.050420,0.738,0.981
search,upper,2,forward,122.3934,1550.000,1250,rolling,1410.475,1137,1409.221,-10.162,0,0,1783746813.238484144,0.266291,-0.274326,1.357188,0.262661,,,0.225997,0.164725,0.050420,0.738,0.981
search,upper,2,forward,122.4150,1550.000,1250,rolling,1410.475,1137,1409.221,-10.162,0,0,1783746813.238484144,0.266291,-0.274326,1.357188,0.262661,,,0.225997,0.164725,0.050420,0.738,0.981
search,upper,2,forward,122.4366,1550.000,1250,rolling,1410.475,1137,1409.221,-10.162,0,0,1783746813.238484144,0.266291,-0.274326,1.357188,0.262661,,,0.225997,0.164725,0.050420,0.738,0.981
search,upper,2,forward,122.4581,1550.000,1250,rolling,1410.475,1137,1409.221,-10.162,0,0,1783746813.238484144,0.266291,-0.274326,1.357188,0.262661,,,0.225997,0.164725,0.050420,0.753,0.961
search,upper,2,forward,122.4769,1550.000,1250,rolling,1410.972,1138,1409.450,-9.934,1,16,1783746813.338726044,0.271874,-0.243089,1.366652,0.276093,0.0317155,0.0094644,0.257713,0.196440,0.059884,0.753,0.961
search,upper,2,forward,122.4889,1550.000,1250,rolling,1410.972,1138,1409.450,-9.934,0,0,1783746813.338726044,0.271874,-0.243089,1.366652,0.276093,,,0.257713,0.196440,0.059884,0.753,0.961
search,upper,2,forward,122.5107,1550.000,1250,rolling,1410.972,1138,1409.450,-9.934,0,0,1783746813.338726044,0.271874,-0.243089,1.366652,0.276093,,,0.257713,0.196440,0.059884,0.753,0.961
search,upper,2,forward,122.5323,1550.000,1250,rolling,1410.972,1138,1409.450,-9.934,0,0,1783746813.338726044,0.271874,-0.243089,1.366652,0.276093,,,0.257713,0.196440,0.059884,0.753,0.961
search,upper,2,forward,122.5538,1550.000,1250,rolling,1410.972,1138,1409.450,-9.934,0,0,1783746813.338726044,0.271874,-0.243089,1.366652,0.276093,,,0.257713,0.196440,0.059884,0.753,0.961
search,upper,2,forward,122.5754,1550.000,1250,rolling,1410.972,1138,1409.450,-9.934,0,0,1783746813.338726044,0.271874,-0.243089,1.366652,0.276093,,,0.257713,0.196440,0.059884,0.781,0.932
search,upper,2,forward,122.5780,1550.000,1250,rolling,1411.225,1138,1409.682,-9.702,1,17,1783746813.438967228,0.278264,-0.215718,1.374205,0.277138,0.0280948,0.0075522,0.285808,0.224535,0.067436,0.781,0.932
search,upper,2,forward,122.5930,1550.000,1250,rolling,1411.225,1138,1409.682,-9.702,0,0,1783746813.438967228,0.278264,-0.215718,1.374205,0.277138,,,0.285808,0.224535,0.067436,0.781,0.932
search,upper,2,forward,122.6146,1550.000,1250,rolling,1411.225,1138,1409.682,-9.702,0,0,1783746813.438967228,0.278264,-0.215718,1.374205,0.277138,,,0.285808,0.224535,0.067436,0.781,0.932
search,upper,2,forward,122.6362,1550.000,1250,rolling,1411.225,1138,1409.682,-9.702,0,0,1783746813.438967228,0.278264,-0.215718,1.374205,0.277138,,,0.285808,0.224535,0.067436,0.781,0.932
search,upper,2,forward,122.6577,1550.000,1250,rolling,1411.225,1138,1409.682,-9.702,0,0,1783746813.438967228,0.278264,-0.215718,1.374205,0.277138,,,0.285808,0.224535,0.067436,0.807,0.911
search,upper,2,forward,122.6756,1550.000,1250,rolling,1411.477,1138,1409.917,-9.466,1,18,1783746813.539534807,0.284415,-0.188185,1.381456,0.277961,0.0282022,0.0072516,0.314010,0.252737,0.074688,0.807,0.911
search,upper,2,forward,122.6820,1550.000,1250,rolling,1411.477,1138,1409.917,-9.466,0,0,1783746813.539534807,0.284415,-0.188185,1.381456,0.277961,,,0.314010,0.252737,0.074688,0.807,0.911
search,upper,2,forward,122.7036,1550.000,1250,rolling,1411.477,1138,1409.917,-9.466,0,0,1783746813.539534807,0.284415,-0.188185,1.381456,0.277961,,,0.314010,0.252737,0.074688,0.807,0.911
search,upper,2,forward,122.7254,1550.000,1250,rolling,1411.477,1138,1409.917,-9.466,0,0,1783746813.539534807,0.284415,-0.188185,1.381456,0.277961,,,0.314010,0.252737,0.074688,0.807,0.911
search,upper,2,forward,122.7470,1550.000,1250,rolling,1411.477,1138,1409.917,-9.466,0,0,1783746813.539534807,0.284415,-0.188185,1.381456,0.277961,,,0.314010,0.252737,0.074688,0.807,0.911
search,upper,2,forward,122.7685,1550.000,1250,rolling,1411.477,1138,1409.917,-9.466,0,0,1783746813.539534807,0.284415,-0.188185,1.381456,0.277961,,,0.314010,0.252737,0.074688,0.835,0.892
search,upper,2,forward,122.7758,1550.000,1250,rolling,1411.899,1139,1410.171,-9.213,1,19,1783746813.637387753,0.290452,-0.158280,1.388214,0.286407,0.0305051,0.0067574,0.344515,0.283242,0.081445,0.835,0.892
search,upper,2,forward,122.7899,1550.000,1250,rolling,1411.899,1139,1410.171,-9.213,0,0,1783746813.637387753,0.290452,-0.158280,1.388214,0.286407,,,0.344515,0.283242,0.081445,0.835,0.892
search,upper,2,forward,122.8115,1550.000,1250,rolling,1411.899,1139,1410.171,-9.213,0,0,1783746813.637387753,0.290452,-0.158280,1.388214,0.286407,,,0.344515,0.283242,0.081445,0.835,0.892
search,upper,2,forward,122.8331,1550.000,1250,rolling,1411.899,1139,1410.171,-9.213,0,0,1783746813.637387753,0.290452,-0.158280,1.388214,0.286407,,,0.344515,0.283242,0.081445,0.835,0.892
search,upper,2,forward,122.8546,1550.000,1250,rolling,1411.899,1139,1410.171,-9.213,0,0,1783746813.637387753,0.290452,-0.158280,1.388214,0.286407,,,0.344515,0.283242,0.081445,0.864,0.879
search,upper,2,forward,122.8764,1550.000,1250,rolling,1412.319,1139,1410.452,-8.931,1,20,1783746813.737913609,0.295269,-0.127058,1.395022,0.293345,0.0315812,0.0068085,0.376096,0.314824,0.088254,0.864,0.879
search,upper,2,forward,122.8902,1550.000,1250,rolling,1412.319,1139,1410.452,-8.931,0,0,1783746813.737913609,0.295269,-0.127058,1.395022,0.293345,,,0.376096,0.314824,0.088254,0.864,0.879
search,upper,2,forward,122.9118,1550.000,1250,rolling,1412.319,1139,1410.452,-8.931,0,0,1783746813.737913609,0.295269,-0.127058,1.395022,0.293345,,,0.376096,0.314824,0.088254,0.864,0.879
search,upper,2,forward,122.9333,1550.000,1250,rolling,1412.319,1139,1410.452,-8.931,0,0,1783746813.737913609,0.295269,-0.127058,1.395022,0.293345,,,0.376096,0.314824,0.088254,0.864,0.879
search,upper,2,forward,122.9548,1550.000,1250,rolling,1412.319,1139,1410.452,-8.931,0,0,1783746813.737913609,0.295269,-0.127058,1.395022,0.293345,,,0.376096,0.314824,0.088254,0.888,0.857
search,upper,2,forward,122.9768,1550.000,1250,rolling,1412.415,1139,1410.710,-8.674,1,21,1783746813.838477135,0.298863,-0.101048,1.403680,0.285245,0.0262417,0.0086581,0.402338,0.341065,0.096912,0.888,0.857
search,upper,2,forward,122.9906,1550.000,1250,rolling,1412.415,1139,1410.710,-8.674,0,0,1783746813.838477135,0.298863,-0.101048,1.403680,0.285245,,,0.402338,0.341065,0.096912,0.888,0.857
search,upper,2,forward,123.0122,1550.000,1250,rolling,1412.415,1139,1410.710,-8.674,0,0,1783746813.838477135,0.298863,-0.101048,1.403680,0.285245,,,0.402338,0.341065,0.096912,0.888,0.857
search,upper,2,forward,123.0337,1550.000,1250,rolling,1412.415,1139,1410.710,-8.674,0,0,1783746813.838477135,0.298863,-0.101048,1.403680,0.285245,,,0.402338,0.341065,0.096912,0.888,0.857
search,upper,2,forward,123.0553,1550.000,1250,rolling,1412.415,1139,1410.710,-8.674,0,0,1783746813.838477135,0.298863,-0.101048,1.403680,0.285245,,,0.402338,0.341065,0.096912,0.905,0.821
search,upper,2,forward,123.0771,1550.000,1250,rolling,1412.308,1139,1410.918,-8.466,1,22,1783746813.938534975,0.301389,-0.078938,1.411512,0.269468,0.0222263,0.0078317,0.424564,0.363292,0.104744,0.905,0.821
search,upper,2,forward,123.0895,1550.000,1250,rolling,1412.308,1139,1410.918,-8.466,0,0,1783746813.938534975,0.301389,-0.078938,1.411512,0.269468,,,0.424564,0.363292,0.104744,0.905,0.821
search,upper,2,forward,123.1111,1550.000,1250,rolling,1412.308,1139,1410.918,-8.466,0,0,1783746813.938534975,0.301389,-0.078938,1.411512,0.269468,,,0.424564,0.363292,0.104744,0.905,0.821
search,upper,2,forward,123.1327,1550.000,1250,rolling,1412.308,1139,1410.918,-8.466,0,0,1783746813.938534975,0.301389,-0.078938,1.411512,0.269468,,,0.424564,0.363292,0.104744,0.905,0.821
search,upper,2,forward,123.1542,1550.000,1250,rolling,1412.308,1139,1410.918,-8.466,0,0,1783746813.938534975,0.301389,-0.078938,1.411512,0.269468,,,0.424564,0.363292,0.104744,0.905,0.821
search,upper,2,forward,123.1758,1550.000,1250,rolling,1412.308,1139,1410.918,-8.466,0,0,1783746813.938534975,0.301389,-0.078938,1.411512,0.269468,,,0.424564,0.363292,0.104744,0.928,0.798
search,upper,2,forward,123.1783,1550.000,1250,rolling,1412.099,1139,1411.073,-8.311,1,23,1783746814.039158583,0.307945,-0.059931,1.418131,0.251280,0.0197945,0.0066193,0.444359,0.383086,0.111363,0.928,0.798
search,upper,2,forward,123.1943,1550.000,1250,rolling,1412.099,1139,1411.073,-8.311,0,0,1783746814.039158583,0.307945,-0.059931,1.418131,0.251280,,,0.444359,0.383086,0.111363,0.928,0.798
search,upper,2,forward,123.2159,1550.000,1250,rolling,1412.099,1139,1411.073,-8.311,0,0,1783746814.039158583,0.307945,-0.059931,1.418131,0.251280,,,0.444359,0.383086,0.111363,0.928,0.798
search,upper,2,forward,123.2375,1550.000,1250,rolling,1412.099,1139,1411.073,-8.311,0,0,1783746814.039158583,0.307945,-0.059931,1.418131,0.251280,,,0.444359,0.383086,0.111363,0.928,0.798
search,upper,2,forward,123.2590,1550.000,1250,rolling,1412.099,1139,1411.073,-8.311,0,0,1783746814.039158583,0.307945,-0.059931,1.418131,0.251280,,,0.444359,0.383086,0.111363,0.948,0.782
search,upper,2,forward,123.2777,1550.000,1250,rolling,1412.099,1139,1411.073,-8.311,0,0,1783746814.039158583,0.307945,-0.059931,1.418131,0.251280,,,0.444359,0.383086,0.111363,0.948,0.782
search,upper,2,forward,123.2996,1550.000,1250,rolling,1412.044,1139,1411.200,-8.184,1,24,1783746814.139589787,0.304394,-0.037558,1.423838,0.242211,0.0215929,0.0057065,0.465951,0.404679,0.117069,0.948,0.782
search,upper,2,forward,123.3058,1550.000,1250,rolling,1412.044,1139,1411.200,-8.184,0,0,1783746814.139589787,0.304394,-0.037558,1.423838,0.242211,,,0.465951,0.404679,0.117069,0.948,0.782
search,upper,2,forward,123.3275,1550.000,1250,rolling,1412.044,1139,1411.200,-8.184,0,0,1783746814.139589787,0.304394,-0.037558,1.423838,0.242211,,,0.465951,0.404679,0.117069,0.948,0.782
search,upper,2,forward,123.3490,1550.000,1250,rolling,1412.044,1139,1411.200,-8.184,0,0,1783746814.139589787,0.304394,-0.037558,1.423838,0.242211,,,0.465951,0.404679,0.117069,0.948,0.782
search,upper,2,forward,123.3705,1550.000,1250,rolling,1412.044,1139,1411.200,-8.184,0,0,1783746814.139589787,0.304394,-0.037558,1.423838,0.242211,,,0.465951,0.404679,0.117069,0.971,0.757
search,upper,2,forward,123.3782,1550.000,1250,rolling,1412.316,1139,1411.346,-8.038,1,25,1783746814.239725351,0.311900,-0.011596,1.429121,0.248495,0.0267712,0.0052833,0.492723,0.431450,0.122353,0.971,0.757
search,upper,2,forward,123.3959,1550.000,1250,rolling,1412.316,1139,1411.346,-8.038,0,0,1783746814.239725351,0.311900,-0.011596,1.429121,0.248495,,,0.492723,0.431450,0.122353,0.971,0.757
search,upper,2,forward,123.4176,1550.000,1250,rolling,1412.316,1139,1411.346,-8.038,0,0,1783746814.239725351,0.311900,-0.011596,1.429121,0.248495,,,0.492723,0.431450,0.122353,0.971,0.757
search,upper,2,forward,123.4392,1550.000,1250,rolling,1412.316,1139,1411.346,-8.038,0,0,1783746814.239725351,0.311900,-0.011596,1.429121,0.248495,,,0.492723,0.431450,0.122353,0.971,0.757
search,upper,2,forward,123.4607,1550.000,1250,rolling,1412.316,1139,1411.346,-8.038,0,0,1783746814.239725351,0.311900,-0.011596,1.429121,0.248495,,,0.492723,0.431450,0.122353,0.993,0.730
search,upper,2,forward,123.4787,1550.000,1250,rolling,1412.414,1139,1411.486,-7.898,1,26,1783746814.340315580,0.315173,0.012329,1.435096,0.246387,0.0241479,0.0059750,0.516871,0.455598,0.128328,0.993,0.730
search,upper,2,forward,123.4951,1550.000,1250,rolling,1412.414,1139,1411.486,-7.898,0,0,1783746814.340315580,0.315173,0.012329,1.435096,0.246387,,,0.516871,0.455598,0.128328,0.993,0.730
search,upper,2,forward,123.5169,1550.000,1250,rolling,1412.414,1139,1411.486,-7.898,0,0,1783746814.340315580,0.315173,0.012329,1.435096,0.246387,,,0.516871,0.455598,0.128328,0.993,0.730
search,upper,2,forward,123.5386,1550.000,1250,rolling,1412.414,1139,1411.486,-7.898,0,0,1783746814.340315580,0.315173,0.012329,1.435096,0.246387,,,0.516871,0.455598,0.128328,0.993,0.730
search,upper,2,forward,123.5602,1550.000,1250,rolling,1412.414,1139,1411.486,-7.898,0,0,1783746814.340315580,0.315173,0.012329,1.435096,0.246387,,,0.516871,0.455598,0.128328,1.013,0.710
search,upper,2,forward,123.5790,1550.000,1250,rolling,1412.551,1139,1411.625,-7.758,1,27,1783746814.440753222,0.318913,0.036754,1.441961,0.246284,0.0247050,0.0068656,0.541576,0.480303,0.135193,1.013,0.710
search,upper,2,forward,123.5955,1550.000,1250,rolling,1412.551,1139,1411.625,-7.758,0,0,1783746814.440753222,0.318913,0.036754,1.441961,0.246284,,,0.541576,0.480303,0.135193,1.013,0.710
search,upper,2,forward,123.6175,1550.000,1250,rolling,1412.551,1139,1411.625,-7.758,0,0,1783746814.440753222,0.318913,0.036754,1.441961,0.246284,,,0.541576,0.480303,0.135193,1.013,0.710
search,upper,2,forward,123.6393,1550.000,1250,rolling,1412.551,1139,1411.625,-7.758,0,0,1783746814.440753222,0.318913,0.036754,1.441961,0.246284,,,0.541576,0.480303,0.135193,1.013,0.710
search,upper,2,forward,123.6612,1550.000,1250,rolling,1412.551,1139,1411.625,-7.758,0,0,1783746814.440753222,0.318913,0.036754,1.441961,0.246284,,,0.541576,0.480303,0.135193,1.036,0.691
search,upper,2,forward,123.6791,1550.000,1250,rolling,1412.204,1139,1411.701,-7.683,1,28,1783746814.540971756,0.320801,0.052850,1.452956,0.225140,0.0162063,0.0109950,0.557782,0.496509,0.146188,1.036,0.691
search,upper,2,forward,123.6979,1550.000,1250,rolling,1412.204,1139,1411.701,-7.683,0,0,1783746814.540971756,0.320801,0.052850,1.452956,0.225140,,,0.557782,0.496509,0.146188,1.036,0.691
search,upper,2,forward,123.7195,1550.000,1250,rolling,1412.204,1139,1411.701,-7.683,0,0,1783746814.540971756,0.320801,0.052850,1.452956,0.225140,,,0.557782,0.496509,0.146188,1.036,0.691
search,upper,2,forward,123.7411,1550.000,1250,rolling,1412.204,1139,1411.701,-7.683,0,0,1783746814.540971756,0.320801,0.052850,1.452956,0.225140,,,0.557782,0.496509,0.146188,1.036,0.691
search,upper,2,forward,123.7630,1550.000,1250,rolling,1412.204,1139,1411.701,-7.683,0,0,1783746814.540971756,0.320801,0.052850,1.452956,0.225140,,,0.557782,0.496509,0.146188,1.054,0.671
search,upper,2,forward,123.7798,1550.000,1250,rolling,1412.411,1139,1411.794,-7.590,1,29,1783746814.641323328,0.322898,0.077668,1.461170,0.230876,0.0248954,0.0082139,0.582677,0.521405,0.154402,1.054,0.671
search,upper,2,forward,123.8016,1550.000,1250,rolling,1412.411,1139,1411.794,-7.590,0,0,1783746814.641323328,0.322898,0.077668,1.461170,0.230876,,,0.582677,0.521405,0.154402,1.054,0.671
search,upper,2,forward,123.8232,1550.000,1250,rolling,1412.411,1139,1411.794,-7.590,0,0,1783746814.641323328,0.322898,0.077668,1.461170,0.230876,,,0.582677,0.521405,0.154402,1.054,0.671
search,upper,2,forward,123.8447,1550.000,1250,rolling,1412.411,1139,1411.794,-7.590,0,0,1783746814.641323328,0.322898,0.077668,1.461170,0.230876,,,0.582677,0.521405,0.154402,1.054,0.671
search,upper,2,forward,123.8662,1550.000,1250,rolling,1412.411,1139,1411.794,-7.590,0,0,1783746814.641323328,0.322898,0.077668,1.461170,0.230876,,,0.582677,0.521405,0.154402,1.074,0.649
search,upper,2,forward,123.8803,1550.000,1250,rolling,1412.411,1139,1411.794,-7.590,0,0,1783746814.641323328,0.322898,0.077668,1.461170,0.230876,,,0.582677,0.521405,0.154402,1.074,0.649
search,upper,2,forward,123.9022,1550.000,1250,rolling,1412.056,1139,1411.828,-7.556,1,30,1783746814.741850615,0.330808,0.092283,1.467631,0.211386,0.0153723,0.0064609,0.598049,0.536777,0.160863,1.074,0.649
search,upper,2,forward,123.9099,1550.000,1250,rolling,1412.056,1139,1411.828,-7.556,0,0,1783746814.741850615,0.330808,0.092283,1.467631,0.211386,,,0.598049,0.536777,0.160863,1.074,0.649
search,upper,2,forward,123.9315,1550.000,1250,rolling,1412.056,1139,1411.828,-7.556,0,0,1783746814.741850615,0.330808,0.092283,1.467631,0.211386,,,0.598049,0.536777,0.160863,1.074,0.649
search,upper,2,forward,123.9531,1550.000,1250,rolling,1412.056,1139,1411.828,-7.556,0,0,1783746814.741850615,0.330808,0.092283,1.467631,0.211386,,,0.598049,0.536777,0.160863,1.074,0.649
search,upper,2,forward,123.9746,1550.000,1250,rolling,1412.056,1139,1411.828,-7.556,0,0,1783746814.741850615,0.330808,0.092283,1.467631,0.211386,,,0.598049,0.536777,0.160863,1.097,0.627
search,upper,2,forward,123.9781,1550.000,1250,rolling,1412.150,1139,1411.870,-7.513,1,31,1783746814.842376232,0.333899,0.114385,1.473031,0.213999,0.0223006,0.0053994,0.620350,0.559078,0.166262,1.097,0.627
search,upper,2,forward,123.9977,1550.000,1250,rolling,1412.150,1139,1411.870,-7.513,0,0,1783746814.842376232,0.333899,0.114385,1.473031,0.213999,,,0.620350,0.559078,0.166262,1.097,0.627
search,upper,2,forward,124.0194,1550.000,1250,rolling,1412.150,1139,1411.870,-7.513,0,0,1783746814.842376232,0.333899,0.114385,1.473031,0.213999,,,0.620350,0.559078,0.166262,1.097,0.627
search,upper,2,forward,124.0410,1550.000,1250,rolling,1412.150,1139,1411.870,-7.513,0,0,1783746814.842376232,0.333899,0.114385,1.473031,0.213999,,,0.620350,0.559078,0.166262,1.097,0.627
search,upper,2,forward,124.0625,1550.000,1250,rolling,1412.150,1139,1411.870,-7.513,0,0,1783746814.842376232,0.333899,0.114385,1.473031,0.213999,,,0.620350,0.559078,0.166262,1.120,0.599
search,upper,2,forward,124.0787,1550.000,1250,rolling,1412.150,1139,1411.870,-7.513,0,0,1783746814.842376232,0.333899,0.114385,1.473031,0.213999,,,0.620350,0.559078,0.166262,1.120,0.599
search,upper,2,forward,124.1005,1550.000,1250,rolling,1412.595,1139,1411.963,-7.421,1,32,1783746814.940234423,0.331377,0.142583,1.477889,0.231597,0.0278300,0.0048579,0.648180,0.586908,0.171120,1.120,0.599
search,upper,2,forward,124.1027,1550.000,1250,rolling,1412.595,1139,1411.963,-7.421,0,0,1783746814.940234423,0.331377,0.142583,1.477889,0.231597,,,0.648180,0.586908,0.171120,1.120,0.599
search,upper,2,forward,124.1243,1550.000,1250,rolling,1412.595,1139,1411.963,-7.421,0,0,1783746814.940234423,0.331377,0.142583,1.477889,0.231597,,,0.648180,0.586908,0.171120,1.120,0.599
search,upper,2,forward,124.1458,1550.000,1250,rolling,1412.595,1139,1411.963,-7.421,0,0,1783746814.940234423,0.331377,0.142583,1.477889,0.231597,,,0.648180,0.586908,0.171120,1.120,0.599
search,upper,2,forward,124.1674,1550.000,1250,rolling,1412.595,1139,1411.963,-7.421,0,0,1783746814.940234423,0.331377,0.142583,1.477889,0.231597,,,0.648180,0.586908,0.171120,1.140,0.572
search,upper,2,forward,124.1788,1550.000,1250,rolling,1412.626,1139,1412.050,-7.334,1,33,1783746815.040668964,0.335357,0.164456,1.483176,0.228815,0.0221426,0.0052874,0.670323,0.609050,0.176408,1.140,0.572
search,upper,2,forward,124.1969,1550.000,1250,rolling,1412.626,1139,1412.050,-7.334,0,0,1783746815.040668964,0.335357,0.164456,1.483176,0.228815,,,0.670323,0.609050,0.176408,1.140,0.572
search,upper,2,forward,124.2185,1550.000,1250,rolling,1412.626,1139,1412.050,-7.334,0,0,1783746815.040668964,0.335357,0.164456,1.483176,0.228815,,,0.670323,0.609050,0.176408,1.140,0.572
search,upper,2,forward,124.2401,1550.000,1250,rolling,1412.626,1139,1412.050,-7.334,0,0,1783746815.040668964,0.335357,0.164456,1.483176,0.228815,,,0.670323,0.609050,0.176408,1.140,0.572
search,upper,2,forward,124.2618,1550.000,1250,rolling,1412.626,1139,1412.050,-7.334,0,0,1783746815.040668964,0.335357,0.164456,1.483176,0.228815,,,0.670323,0.609050,0.176408,1.165,0.549
search,upper,2,forward,124.2764,1550.000,1250,rolling,1412.752,1139,1412.142,-7.242,1,34,1783746815.140899897,0.334697,0.188212,1.488160,0.230509,0.0236136,0.0049841,0.693936,0.632664,0.181392,1.165,0.549
search,upper,2,forward,124.2982,1550.000,1250,rolling,1412.752,1139,1412.142,-7.242,0,0,1783746815.140899897,0.334697,0.188212,1.488160,0.230509,,,0.693936,0.632664,0.181392,1.165,0.549
search,upper,2,forward,124.3198,1550.000,1250,rolling,1412.752,1139,1412.142,-7.242,0,0,1783746815.140899897,0.334697,0.188212,1.488160,0.230509,,,0.693936,0.632664,0.181392,1.165,0.549
search,upper,2,forward,124.3414,1550.000,1250,rolling,1412.752,1139,1412.142,-7.242,0,0,1783746815.140899897,0.334697,0.188212,1.488160,0.230509,,,0.693936,0.632664,0.181392,1.165,0.549
search,upper,2,forward,124.3630,1550.000,1250,rolling,1412.752,1139,1412.142,-7.242,0,0,1783746815.140899897,0.334697,0.188212,1.488160,0.230509,,,0.693936,0.632664,0.181392,1.187,0.529
search,upper,2,forward,124.3774,1550.000,1250,rolling,1412.734,1139,1412.217,-7.166,1,35,1783746815.238487720,0.337097,0.208763,1.494812,0.225852,0.0206769,0.0066514,0.714613,0.653341,0.188043,1.187,0.529
search,upper,2,forward,124.3908,1550.000,1250,rolling,1412.734,1139,1412.217,-7.166,0,0,1783746815.238487720,0.337097,0.208763,1.494812,0.225852,,,0.714613,0.653341,0.188043,1.187,0.529
search,upper,2,forward,124.4124,1550.000,1250,rolling,1412.734,1139,1412.217,-7.166,0,0,1783746815.238487720,0.337097,0.208763,1.494812,0.225852,,,0.714613,0.653341,0.188043,1.187,0.529
search,upper,2,forward,124.4339,1550.000,1250,rolling,1412.734,1139,1412.217,-7.166,0,0,1783746815.238487720,0.337097,0.208763,1.494812,0.225852,,,0.714613,0.653341,0.188043,1.187,0.529
search,upper,2,forward,124.4555,1550.000,1250,rolling,1412.734,1139,1412.217,-7.166,0,0,1783746815.238487720,0.337097,0.208763,1.494812,0.225852,,,0.714613,0.653341,0.188043,1.206,0.512
search,upper,2,forward,124.4750,1550.000,1250,rolling,1412.769,1139,1412.290,-7.094,1,36,1783746815.339046955,0.337298,0.230750,1.503505,0.223947,0.0219451,0.0086938,0.736558,0.675286,0.196737,1.206,0.512
search,upper,2,forward,124.4926,1550.000,1250,rolling,1412.769,1139,1412.290,-7.094,0,0,1783746815.339046955,0.337298,0.230750,1.503505,0.223947,,,0.736558,0.675286,0.196737,1.206,0.512
search,upper,2,forward,124.5142,1550.000,1250,rolling,1412.769,1139,1412.290,-7.094,0,0,1783746815.339046955,0.337298,0.230750,1.503505,0.223947,,,0.736558,0.675286,0.196737,1.206,0.512
search,upper,2,forward,124.5358,1550.000,1250,rolling,1412.769,1139,1412.290,-7.094,0,0,1783746815.339046955,0.337298,0.230750,1.503505,0.223947,,,0.736558,0.675286,0.196737,1.206,0.512
search,upper,2,forward,124.5574,1550.000,1250,rolling,1412.769,1139,1412.290,-7.094,0,0,1783746815.339046955,0.337298,0.230750,1.503505,0.223947,,,0.736558,0.675286,0.196737,1.221,0.487
search,upper,2,forward,124.5751,1550.000,1250,rolling,1412.612,1139,1412.331,-7.053,1,37,1783746815.437042475,0.339795,0.248696,1.509310,0.214056,0.0180689,0.0058050,0.754627,0.693355,0.202542,1.221,0.487
search,upper,2,forward,124.5915,1550.000,1250,rolling,1412.612,1139,1412.331,-7.053,0,0,1783746815.437042475,0.339795,0.248696,1.509310,0.214056,,,0.754627,0.693355,0.202542,1.221,0.487
search,upper,2,forward,124.6132,1550.000,1250,rolling,1412.612,1139,1412.331,-7.053,0,0,1783746815.437042475,0.339795,0.248696,1.509310,0.214056,,,0.754627,0.693355,0.202542,1.221,0.487
search,upper,2,forward,124.6347,1550.000,1250,rolling,1412.612,1139,1412.331,-7.053,0,0,1783746815.437042475,0.339795,0.248696,1.509310,0.214056,,,0.754627,0.693355,0.202542,1.221,0.487
search,upper,2,forward,124.6563,1550.000,1250,rolling,1412.612,1139,1412.331,-7.053,0,0,1783746815.437042475,0.339795,0.248696,1.509310,0.214056,,,0.754627,0.693355,0.202542,1.238,0.477
search,upper,2,forward,124.6756,1550.000,1250,rolling,1412.257,1139,1412.321,-7.062,1,38,1783746815.537044287,0.339770,0.263218,1.516179,0.196783,0.0144965,0.0068687,0.769124,0.707851,0.209411,1.238,0.477
search,upper,2,reverse,125.5475,1550.000,1250,startup,1593.241,1285,1597.241,4.733,0,0,1783746816.338065147,0.325488,0.268510,1.525016,0.014231,,,0.000000,0.000000,0.000000,1.261,0.458
search,upper,2,reverse,125.5692,1550.000,1250,startup,1593.241,1285,1597.241,4.733,0,0,1783746816.338065147,0.325488,0.268510,1.525016,0.014231,,,0.000000,0.000000,0.000000,1.257,0.458
search,upper,2,reverse,125.5767,1550.000,1250,startup,1594.481,1286,1597.241,4.733,1,1,1783746816.438281536,0.324415,0.267822,1.526567,0.008838,-0.0007356,0.0015507,0.000736,0.000000,0.000000,1.257,0.458
search,upper,2,reverse,125.5873,1550.000,1250,startup,1594.481,1286,1597.241,4.733,0,0,1783746816.438281536,0.324415,0.267822,1.526567,0.008838,,,0.000736,0.000000,0.000000,1.257,0.458
search,upper,2,reverse,125.6089,1550.000,1250,startup,1594.481,1286,1597.241,4.733,0,0,1783746816.438281536,0.324415,0.267822,1.526567,0.008838,,,0.000736,0.000000,0.000000,1.257,0.458
search,upper,2,reverse,125.6305,1550.000,1250,startup,1594.481,1286,1597.241,4.733,0,0,1783746816.438281536,0.324415,0.267822,1.526567,0.008838,,,0.000736,0.000000,0.000000,1.257,0.458
search,upper,2,reverse,125.6520,1550.000,1250,startup,1594.481,1286,1597.241,4.733,0,0,1783746816.438281536,0.324415,0.267822,1.526567,0.008838,,,0.000736,0.000000,0.000000,1.257,0.458
search,upper,2,reverse,125.6737,1550.000,1250,startup,1594.481,1286,1597.241,4.733,0,0,1783746816.438281536,0.324415,0.267822,1.526567,0.008838,,,0.000736,0.000000,0.000000,1.259,0.461
search,upper,2,reverse,125.6773,1550.000,1250,startup,1594.481,1286,1597.241,4.733,0,0,1783746816.438281536,0.324415,0.267822,1.526567,0.008838,,,0.000736,0.000000,0.000000,1.259,0.461
search,upper,2,reverse,125.7000,1550.000,1250,startup,1595.721,1287,1597.241,4.733,1,2,1783746816.538795948,0.335298,0.268062,1.525112,0.008443,0.0007295,-0.0014544,0.001465,0.000000,0.000000,1.259,0.461
search,upper,2,reverse,125.7046,1550.000,1250,startup,1595.721,1287,1597.241,4.733,0,0,1783746816.538795948,0.335298,0.268062,1.525112,0.008443,,,0.001465,0.000000,0.000000,1.259,0.461
search,upper,2,reverse,125.7266,1550.000,1250,startup,1595.721,1287,1597.241,4.733,0,0,1783746816.538795948,0.335298,0.268062,1.525112,0.008443,,,0.001465,0.000000,0.000000,1.259,0.461
search,upper,2,reverse,125.7483,1550.000,1250,startup,1595.721,1287,1597.241,4.733,0,0,1783746816.538795948,0.335298,0.268062,1.525112,0.008443,,,0.001465,0.000000,0.000000,1.259,0.461
search,upper,2,reverse,125.7698,1550.000,1250,startup,1595.721,1287,1597.241,4.733,0,0,1783746816.538795948,0.335298,0.268062,1.525112,0.008443,,,0.001465,0.000000,0.000000,1.257,0.465
search,upper,2,reverse,125.7778,1550.000,1250,startup,1596.961,1288,1597.241,4.733,1,3,1783746816.639343023,0.340142,0.280251,1.522748,0.037169,0.0124020,-0.0023644,0.013867,0.000000,0.000000,1.257,0.465
search,upper,2,reverse,125.7974,1550.000,1250,startup,1596.961,1288,1597.241,4.733,0,0,1783746816.639343023,0.340142,0.280251,1.522748,0.037169,,,0.013867,0.000000,0.000000,1.257,0.465
search,upper,2,reverse,125.8189,1550.000,1250,startup,1596.961,1288,1597.241,4.733,0,0,1783746816.639343023,0.340142,0.280251,1.522748,0.037169,,,0.013867,0.000000,0.000000,1.257,0.465
search,upper,2,reverse,125.8405,1550.000,1250,startup,1596.961,1288,1597.241,4.733,0,0,1783746816.639343023,0.340142,0.280251,1.522748,0.037169,,,0.013867,0.000000,0.000000,1.257,0.465
search,upper,2,reverse,125.8620,1550.000,1250,startup,1596.961,1288,1597.241,4.733,0,0,1783746816.639343023,0.340142,0.280251,1.522748,0.037169,,,0.013867,0.000000,0.000000,1.255,0.464
search,upper,2,reverse,125.8778,1550.000,1250,startup,1598.201,1289,1597.241,4.733,1,4,1783746816.739711285,0.344761,0.277642,1.521386,0.021946,-0.0023811,-0.0013619,0.016248,0.000000,0.000000,1.255,0.464
search,upper,2,reverse,125.8961,1550.000,1250,startup,1598.201,1289,1597.241,4.733,0,0,1783746816.739711285,0.344761,0.277642,1.521386,0.021946,,,0.016248,0.000000,0.000000,1.255,0.464
search,upper,2,reverse,125.9176,1550.000,1250,startup,1598.201,1289,1597.241,4.733,0,0,1783746816.739711285,0.344761,0.277642,1.521386,0.021946,,,0.016248,0.000000,0.000000,1.255,0.464
search,upper,2,reverse,125.9392,1550.000,1250,startup,1598.201,1289,1597.241,4.733,0,0,1783746816.739711285,0.344761,0.277642,1.521386,0.021946,,,0.016248,0.000000,0.000000,1.255,0.464
search,upper,2,reverse,125.9607,1550.000,1250,startup,1598.201,1289,1597.241,4.733,0,0,1783746816.739711285,0.344761,0.277642,1.521386,0.021946,,,0.016248,0.000000,0.000000,1.255,0.468
search,upper,2,reverse,125.9782,1550.000,1250,startup,1601.301,1291,1597.241,4.733,1,5,1783746816.839853764,0.347515,0.277037,1.520008,0.015296,-0.0004661,-0.0013780,0.016714,0.000000,0.000000,1.255,0.468
search,upper,2,reverse,125.9934,1550.000,1250,startup,1601.301,1291,1597.241,4.733,0,0,1783746816.839853764,0.347515,0.277037,1.520008,0.015296,,,0.016714,0.000000,0.000000,1.255,0.468
search,upper,2,reverse,126.0150,1550.000,1250,startup,1601.301,1291,1597.241,4.733,0,0,1783746816.839853764,0.347515,0.277037,1.520008,0.015296,,,0.016714,0.000000,0.000000,1.255,0.468
search,upper,2,reverse,126.0365,1550.000,1250,startup,1601.301,1291,1597.241,4.733,0,0,1783746816.839853764,0.347515,0.277037,1.520008,0.015296,,,0.016714,0.000000,0.000000,1.255,0.468
search,upper,2,reverse,126.0580,1550.000,1250,startup,1601.301,1291,1597.241,4.733,0,0,1783746816.839853764,0.347515,0.277037,1.520008,0.015296,,,0.016714,0.000000,0.000000,1.254,0.465
search,upper,2,reverse,126.0790,1550.000,1250,startup,1604.401,1294,1597.241,4.733,1,6,1783746816.940285921,0.341093,0.280149,1.521813,0.018412,0.0027883,0.0018054,0.019503,0.000000,0.000000,1.254,0.465
search,upper,2,reverse,126.0979,1550.000,1250,startup,1604.401,1294,1597.241,4.733,0,0,1783746816.940285921,0.341093,0.280149,1.521813,0.018412,,,0.019503,0.000000,0.000000,1.254,0.465
search,upper,2,reverse,126.1196,1550.000,1250,startup,1604.401,1294,1597.241,4.733,0,0,1783746816.940285921,0.341093,0.280149,1.521813,0.018412,,,0.019503,0.000000,0.000000,1.254,0.465
search,upper,2,reverse,126.1411,1550.000,1250,startup,1604.401,1294,1597.241,4.733,0,0,1783746816.940285921,0.341093,0.280149,1.521813,0.018412,,,0.019503,0.000000,0.000000,1.254,0.465
search,upper,2,reverse,126.1626,1550.000,1250,startup,1604.401,1294,1597.241,4.733,0,0,1783746816.940285921,0.341093,0.280149,1.521813,0.018412,,,0.019503,0.000000,0.000000,1.256,0.465
search,upper,2,reverse,126.1766,1550.000,1250,startup,1607.501,1296,1597.241,4.733,1,7,1783746817.040687561,0.335968,0.274808,1.525520,-0.000076,-0.0055766,0.0037067,0.025079,0.000000,0.000000,1.256,0.465
search,upper,2,reverse,126.1985,1550.000,1250,startup,1607.501,1296,1597.241,4.733,0,0,1783746817.040687561,0.335968,0.274808,1.525520,-0.000076,,,0.025079,0.000000,0.000000,1.256,0.465
search,upper,2,reverse,126.2201,1550.000,1250,startup,1607.501,1296,1597.241,4.733,0,0,1783746817.040687561,0.335968,0.274808,1.525520,-0.000076,,,0.025079,0.000000,0.000000,1.256,0.465
search,upper,2,reverse,126.2417,1550.000,1250,startup,1607.501,1296,1597.241,4.733,0,0,1783746817.040687561,0.335968,0.274808,1.525520,-0.000076,,,0.025079,0.000000,0.000000,1.256,0.465
search,upper,2,reverse,126.2632,1550.000,1250,startup,1607.501,1296,1597.241,4.733,0,0,1783746817.040687561,0.335968,0.274808,1.525520,-0.000076,,,0.025079,0.000000,0.000000,1.255,0.464
search,upper,2,reverse,126.2770,1550.000,1250,startup,1610.601,1299,1597.241,4.733,1,8,1783746817.138747215,0.332361,0.266638,1.526785,-0.021277,-0.0083231,0.0012647,0.033402,0.000000,0.000000,1.255,0.464
search,upper,2,reverse,126.2959,1550.000,1250,startup,1610.601,1299,1597.241,4.733,0,0,1783746817.138747215,0.332361,0.266638,1.526785,-0.021277,,,0.033402,0.000000,0.000000,1.255,0.464
search,upper,2,reverse,126.3175,1550.000,1250,startup,1610.601,1299,1597.241,4.733,0,0,1783746817.138747215,0.332361,0.266638,1.526785,-0.021277,,,0.033402,0.000000,0.000000,1.255,0.464
search,upper,2,reverse,126.3391,1550.000,1250,startup,1610.601,1299,1597.241,4.733,0,0,1783746817.138747215,0.332361,0.266638,1.526785,-0.021277,,,0.033402,0.000000,0.000000,1.255,0.464
search,upper,2,reverse,126.3606,1550.000,1250,startup,1610.601,1299,1597.241,4.733,0,0,1783746817.138747215,0.332361,0.266638,1.526785,-0.021277,,,0.033402,0.000000,0.000000,1.255,0.467
search,upper,2,reverse,126.3772,1550.000,1250,startup,1613.701,1301,1597.241,4.733,1,9,1783746817.239126682,0.334513,0.269123,1.526366,-0.009536,0.0025782,-0.0004187,0.035981,0.000000,0.000000,1.255,0.467
search,upper,2,reverse,126.3952,1550.000,1250,startup,1613.701,1301,1597.241,4.733,0,0,1783746817.239126682,0.334513,0.269123,1.526366,-0.009536,,,0.035981,0.000000,0.000000,1.255,0.467
search,upper,2,reverse,126.4168,1550.000,1250,startup,1613.701,1301,1597.241,4.733,0,0,1783746817.239126682,0.334513,0.269123,1.526366,-0.009536,,,0.035981,0.000000,0.000000,1.255,0.467
search,upper,2,reverse,126.4383,1550.000,1250,startup,1613.701,1301,1597.241,4.733,0,0,1783746817.239126682,0.334513,0.269123,1.526366,-0.009536,,,0.035981,0.000000,0.000000,1.255,0.467
search,upper,2,reverse,126.4599,1550.000,1250,startup,1613.701,1301,1597.241,4.733,0,0,1783746817.239126682,0.334513,0.269123,1.526366,-0.009536,,,0.035981,0.000000,0.000000,1.250,0.475
search,upper,2,reverse,126.4777,1550.000,1250,startup,1616.801,1304,1597.241,4.733,1,10,1783746817.339235783,0.337367,0.268195,1.526127,-0.009152,-0.0008008,-0.0002392,0.036781,0.000000,0.000000,1.250,0.475
search,upper,2,reverse,126.4920,1550.000,1250,startup,1616.801,1304,1597.241,4.733,0,0,1783746817.339235783,0.337367,0.268195,1.526127,-0.009152,,,0.036781,0.000000,0.000000,1.250,0.475
search,upper,2,reverse,126.5136,1550.000,1250,startup,1616.801,1304,1597.241,4.733,0,0,1783746817.339235783,0.337367,0.268195,1.526127,-0.009152,,,0.036781,0.000000,0.000000,1.250,0.475
search,upper,2,reverse,126.5351,1550.000,1250,startup,1616.801,1304,1597.241,4.733,0,0,1783746817.339235783,0.337367,0.268195,1.526127,-0.009152,,,0.036781,0.000000,0.000000,1.250,0.475
search,upper,2,reverse,126.5566,1550.000,1250,startup,1616.801,1304,1597.241,4.733,0,0,1783746817.339235783,0.337367,0.268195,1.526127,-0.009152,,,0.036781,0.000000,0.000000,1.242,0.496
search,upper,2,reverse,126.5760,1550.000,1250,startup,1619.901,1306,1597.241,4.733,1,11,1783746817.439773083,0.333523,0.265424,1.522826,-0.014188,-0.0029454,-0.0033010,0.039727,0.000000,0.000000,1.242,0.496
search,upper,2,reverse,126.5951,1550.000,1250,startup,1619.901,1306,1597.241,4.733,0,0,1783746817.439773083,0.333523,0.265424,1.522826,-0.014188,,,0.039727,0.000000,0.000000,1.242,0.496
search,upper,2,reverse,126.6167,1550.000,1250,startup,1619.901,1306,1597.241,4.733,0,0,1783746817.439773083,0.333523,0.265424,1.522826,-0.014188,,,0.039727,0.000000,0.000000,1.242,0.496
search,upper,2,reverse,126.6388,1550.000,1250,startup,1619.901,1306,1597.241,4.733,0,0,1783746817.439773083,0.333523,0.265424,1.522826,-0.014188,,,0.039727,0.000000,0.000000,1.242,0.496
search,upper,2,reverse,126.6604,1550.000,1250,startup,1619.901,1306,1597.241,4.733,0,0,1783746817.439773083,0.333523,0.265424,1.522826,-0.014188,,,0.039727,0.000000,0.000000,1.219,0.523
search,upper,2,reverse,126.6762,1550.000,1250,startup,1619.901,1306,1597.241,4.733,0,0,1783746817.439773083,0.333523,0.265424,1.522826,-0.014188,,,0.039727,0.000000,0.000000,1.219,0.523
search,upper,2,reverse,126.6979,1550.000,1250,rolling,1597.241,1288,1597.241,4.733,1,12,1783746817.537864208,0.341695,0.247120,1.513648,-0.056132,-0.0178490,-0.0091777,0.057576,0.000000,0.000000,1.219,0.523
search,upper,2,reverse,126.6998,1550.000,1250,rolling,1597.241,1288,1597.241,4.733,0,0,1783746817.537864208,0.341695,0.247120,1.513648,-0.056132,,,0.057576,0.000000,0.000000,1.219,0.523
search,upper,2,reverse,126.7215,1550.000,1250,rolling,1597.241,1288,1597.241,4.733,0,0,1783746817.537864208,0.341695,0.247120,1.513648,-0.056132,,,0.057576,0.000000,0.000000,1.219,0.523
search,upper,2,reverse,126.7430,1550.000,1250,rolling,1597.241,1288,1597.241,4.733,0,0,1783746817.537864208,0.341695,0.247120,1.513648,-0.056132,,,0.057576,0.000000,0.000000,1.219,0.523
search,upper,2,reverse,126.7646,1550.000,1250,rolling,1597.241,1288,1597.241,4.733,0,0,1783746817.537864208,0.341695,0.247120,1.513648,-0.056132,,,0.057576,0.000000,0.000000,1.185,0.564
search,upper,2,reverse,126.7766,1550.000,1250,rolling,1598.641,1289,1597.475,4.967,1,13,1783746817.638278484,0.338916,0.215021,1.507899,-0.122289,-0.0322088,-0.0057492,0.089785,-0.032209,-0.005749,1.185,0.564
search,upper,2,reverse,126.7949,1550.000,1250,rolling,1598.641,1289,1597.475,4.967,0,0,1783746817.638278484,0.338916,0.215021,1.507899,-0.122289,,,0.089785,-0.032209,-0.005749,1.185,0.564
search,upper,2,reverse,126.8166,1550.000,1250,rolling,1598.641,1289,1597.475,4.967,0,0,1783746817.638278484,0.338916,0.215021,1.507899,-0.122289,,,0.089785,-0.032209,-0.005749,1.185,0.564
search,upper,2,reverse,126.8382,1550.000,1250,rolling,1598.641,1289,1597.475,4.967,0,0,1783746817.638278484,0.338916,0.215021,1.507899,-0.122289,,,0.089785,-0.032209,-0.005749,1.185,0.564
search,upper,2,reverse,126.8598,1550.000,1250,rolling,1598.641,1289,1597.475,4.967,0,0,1783746817.638278484,0.338916,0.215021,1.507899,-0.122289,,,0.089785,-0.032209,-0.005749,1.145,0.603
search,upper,2,reverse,126.8742,1550.000,1250,rolling,1597.376,1288,1597.459,4.950,1,14,1783746817.738702774,0.333417,0.169575,1.500524,-0.205510,-0.0457106,-0.0073752,0.135495,-0.077919,-0.013124,1.145,0.603
search,upper,2,reverse,126.8890,1550.000,1250,rolling,1597.376,1288,1597.459,4.950,0,0,1783746817.738702774,0.333417,0.169575,1.500524,-0.205510,,,0.135495,-0.077919,-0.013124,1.145,0.603
search,upper,2,reverse,126.9106,1550.000,1250,rolling,1597.376,1288,1597.459,4.950,0,0,1783746817.738702774,0.333417,0.169575,1.500524,-0.205510,,,0.135495,-0.077919,-0.013124,1.145,0.603
search,upper,2,reverse,126.9321,1550.000,1250,rolling,1597.376,1288,1597.459,4.950,0,0,1783746817.738702774,0.333417,0.169575,1.500524,-0.205510,,,0.135495,-0.077919,-0.013124,1.145,0.603
search,upper,2,reverse,126.9536,1550.000,1250,rolling,1597.376,1288,1597.459,4.950,0,0,1783746817.738702774,0.333417,0.169575,1.500524,-0.205510,,,0.135495,-0.077919,-0.013124,1.108,0.649
search,upper,2,reverse,126.9747,1550.000,1250,rolling,1596.254,1287,1597.262,4.753,1,15,1783746817.836225271,0.328321,0.125716,1.491716,-0.267228,-0.0441175,-0.0088072,0.179613,-0.122037,-0.021932,1.108,0.649
search,upper,2,reverse,126.9916,1550.000,1250,rolling,1596.254,1287,1597.262,4.753,0,0,1783746817.836225271,0.328321,0.125716,1.491716,-0.267228,,,0.179613,-0.122037,-0.021932,1.108,0.649
search,upper,2,reverse,127.0132,1550.000,1250,rolling,1596.254,1287,1597.262,4.753,0,0,1783746817.836225271,0.328321,0.125716,1.491716,-0.267228,,,0.179613,-0.122037,-0.021932,1.108,0.649
search,upper,2,reverse,127.0347,1550.000,1250,rolling,1596.254,1287,1597.262,4.753,0,0,1783746817.836225271,0.328321,0.125716,1.491716,-0.267228,,,0.179613,-0.122037,-0.021932,1.108,0.649
search,upper,2,reverse,127.0563,1550.000,1250,rolling,1596.254,1287,1597.262,4.753,0,0,1783746817.836225271,0.328321,0.125716,1.491716,-0.267228,,,0.179613,-0.122037,-0.021932,1.071,0.682
search,upper,2,reverse,127.0725,1550.000,1250,rolling,1595.736,1287,1597.007,4.498,1,16,1783746817.936737061,0.323841,0.092092,1.483148,-0.284691,-0.0338802,-0.0085686,0.213493,-0.155917,-0.030500,1.071,0.682
search,upper,2,reverse,127.0879,1550.000,1250,rolling,1595.736,1287,1597.007,4.498,0,0,1783746817.936737061,0.323841,0.092092,1.483148,-0.284691,,,0.213493,-0.155917,-0.030500,1.071,0.682
search,upper,2,reverse,127.1095,1550.000,1250,rolling,1595.736,1287,1597.007,4.498,0,0,1783746817.936737061,0.323841,0.092092,1.483148,-0.284691,,,0.213493,-0.155917,-0.030500,1.071,0.682
search,upper,2,reverse,127.1310,1550.000,1250,rolling,1595.736,1287,1597.007,4.498,0,0,1783746817.936737061,0.323841,0.092092,1.483148,-0.284691,,,0.213493,-0.155917,-0.030500,1.071,0.682
search,upper,2,reverse,127.1525,1550.000,1250,rolling,1595.736,1287,1597.007,4.498,0,0,1783746817.936737061,0.323841,0.092092,1.483148,-0.284691,,,0.213493,-0.155917,-0.030500,1.041,0.709
search,upper,2,reverse,127.1729,1550.000,1250,rolling,1595.225,1286,1596.715,4.206,1,17,1783746818.034635782,0.330121,0.057766,1.475011,-0.299336,-0.0336059,-0.0081371,0.247099,-0.189523,-0.038637,1.041,0.709
search,upper,2,reverse,127.1933,1550.000,1250,rolling,1595.225,1286,1596.715,4.206,0,0,1783746818.034635782,0.330121,0.057766,1.475011,-0.299336,,,0.247099,-0.189523,-0.038637,1.041,0.709
search,upper,2,reverse,127.2151,1550.000,1250,rolling,1595.225,1286,1596.715,4.206,0,0,1783746818.034635782,0.330121,0.057766,1.475011,-0.299336,,,0.247099,-0.189523,-0.038637,1.041,0.709
search,upper,2,reverse,127.2369,1550.000,1250,rolling,1595.225,1286,1596.715,4.206,0,0,1783746818.034635782,0.330121,0.057766,1.475011,-0.299336,,,0.247099,-0.189523,-0.038637,1.041,0.709
search,upper,2,reverse,127.2586,1550.000,1250,rolling,1595.225,1286,1596.715,4.206,0,0,1783746818.034635782,0.330121,0.057766,1.475011,-0.299336,,,0.247099,-0.189523,-0.038637,1.007,0.766
search,upper,2,reverse,127.2730,1550.000,1250,rolling,1595.225,1286,1596.715,4.206,0,0,1783746818.034635782,0.330121,0.057766,1.475011,-0.299336,,,0.247099,-0.189523,-0.038637,1.007,0.766
search,upper,2,reverse,127.2953,1550.000,1250,rolling,1595.101,1286,1596.445,3.936,1,18,1783746818.134969711,0.319787,0.032527,1.467054,-0.289642,-0.0261430,-0.0079566,0.273242,-0.215666,-0.046594,1.007,0.766
search,upper,2,reverse,127.3054,1550.000,1250,rolling,1595.101,1286,1596.445,3.936,0,0,1783746818.134969711,0.319787,0.032527,1.467054,-0.289642,,,0.273242,-0.215666,-0.046594,1.007,0.766
search,upper,2,reverse,127.3271,1550.000,1250,rolling,1595.101,1286,1596.445,3.936,0,0,1783746818.134969711,0.319787,0.032527,1.467054,-0.289642,,,0.273242,-0.215666,-0.046594,1.007,0.766
search,upper,2,reverse,127.3486,1550.000,1250,rolling,1595.101,1286,1596.445,3.936,0,0,1783746818.134969711,0.319787,0.032527,1.467054,-0.289642,,,0.273242,-0.215666,-0.046594,1.007,0.766
search,upper,2,reverse,127.3701,1550.000,1250,rolling,1595.101,1286,1596.445,3.936,0,0,1783746818.134969711,0.319787,0.032527,1.467054,-0.289642,,,0.273242,-0.215666,-0.046594,0.981,0.792
search,upper,2,reverse,127.3743,1550.000,1250,rolling,1594.673,1286,1596.149,3.641,1,19,1783746818.235136509,0.323885,-0.000645,1.459806,-0.298452,-0.0325423,-0.0072481,0.305784,-0.248208,-0.053842,0.981,0.792
search,upper,2,reverse,127.3898,1550.000,1250,rolling,1594.673,1286,1596.149,3.641,0,0,1783746818.235136509,0.323885,-0.000645,1.459806,-0.298452,,,0.305784,-0.248208,-0.053842,0.981,0.792
search,upper,2,reverse,127.4114,1550.000,1250,rolling,1594.673,1286,1596.149,3.641,0,0,1783746818.235136509,0.323885,-0.000645,1.459806,-0.298452,,,0.305784,-0.248208,-0.053842,0.981,0.792
search,upper,2,reverse,127.4329,1550.000,1250,rolling,1594.673,1286,1596.149,3.641,0,0,1783746818.235136509,0.323885,-0.000645,1.459806,-0.298452,,,0.305784,-0.248208,-0.053842,0.981,0.792
search,upper,2,reverse,127.4544,1550.000,1250,rolling,1594.673,1286,1596.149,3.641,0,0,1783746818.235136509,0.323885,-0.000645,1.459806,-0.298452,,,0.305784,-0.248208,-0.053842,0.957,0.814
search,upper,2,reverse,127.4739,1550.000,1250,rolling,1594.330,1286,1595.844,3.336,1,20,1783746818.335839510,0.323298,-0.031852,1.453310,-0.300972,-0.0310703,-0.0064956,0.336854,-0.279279,-0.060338,0.957,0.814
search,upper,2,reverse,127.4926,1550.000,1250,rolling,1594.330,1286,1595.844,3.336,0,0,1783746818.335839510,0.323298,-0.031852,1.453310,-0.300972,,,0.336854,-0.279279,-0.060338,0.957,0.814
search,upper,2,reverse,127.5142,1550.000,1250,rolling,1594.330,1286,1595.844,3.336,0,0,1783746818.335839510,0.323298,-0.031852,1.453310,-0.300972,,,0.336854,-0.279279,-0.060338,0.957,0.814
search,upper,2,reverse,127.5358,1550.000,1250,rolling,1594.330,1286,1595.844,3.336,0,0,1783746818.335839510,0.323298,-0.031852,1.453310,-0.300972,,,0.336854,-0.279279,-0.060338,0.957,0.814
search,upper,2,reverse,127.5573,1550.000,1250,rolling,1594.330,1286,1595.844,3.336,0,0,1783746818.335839510,0.323298,-0.031852,1.453310,-0.300972,,,0.336854,-0.279279,-0.060338,0.930,0.826
search,upper,2,reverse,127.5745,1550.000,1250,rolling,1594.166,1286,1595.564,3.056,1,21,1783746818.435903549,0.326441,-0.059451,1.446036,-0.293229,-0.0270172,-0.0072747,0.363872,-0.306296,-0.067612,0.930,0.826
search,upper,2,reverse,127.5947,1550.000,1250,rolling,1594.166,1286,1595.564,3.056,0,0,1783746818.435903549,0.326441,-0.059451,1.446036,-0.293229,,,0.363872,-0.306296,-0.067612,0.930,0.826
search,upper,2,reverse,127.6163,1550.000,1250,rolling,1594.166,1286,1595.564,3.056,0,0,1783746818.435903549,0.326441,-0.059451,1.446036,-0.293229,,,0.363872,-0.306296,-0.067612,0.930,0.826
search,upper,2,reverse,127.6379,1550.000,1250,rolling,1594.166,1286,1595.564,3.056,0,0,1783746818.435903549,0.326441,-0.059451,1.446036,-0.293229,,,0.363872,-0.306296,-0.067612,0.930,0.826
search,upper,2,reverse,127.6594,1550.000,1250,rolling,1594.166,1286,1595.564,3.056,0,0,1783746818.435903549,0.326441,-0.059451,1.446036,-0.293229,,,0.363872,-0.306296,-0.067612,0.905,0.840
search,upper,2,reverse,127.6752,1550.000,1250,rolling,1594.217,1286,1595.339,2.830,1,22,1783746818.536617041,0.324222,-0.081438,1.440445,-0.274755,-0.0220899,-0.0055904,0.385962,-0.328386,-0.073203,0.905,0.840
search,upper,2,reverse,127.6895,1550.000,1250,rolling,1594.217,1286,1595.339,2.830,0,0,1783746818.536617041,0.324222,-0.081438,1.440445,-0.274755,,,0.385962,-0.328386,-0.073203,0.905,0.840
search,upper,2,reverse,127.7112,1550.000,1250,rolling,1594.217,1286,1595.339,2.830,0,0,1783746818.536617041,0.324222,-0.081438,1.440445,-0.274755,,,0.385962,-0.328386,-0.073203,0.905,0.840
search,upper,2,reverse,127.7327,1550.000,1250,rolling,1594.217,1286,1595.339,2.830,0,0,1783746818.536617041,0.324222,-0.081438,1.440445,-0.274755,,,0.385962,-0.328386,-0.073203,0.905,0.840
search,upper,2,reverse,127.7546,1550.000,1250,rolling,1594.217,1286,1595.339,2.830,0,0,1783746818.536617041,0.324222,-0.081438,1.440445,-0.274755,,,0.385962,-0.328386,-0.073203,0.883,0.860
search,upper,2,reverse,127.7750,1550.000,1250,rolling,1594.152,1286,1595.140,2.631,1,23,1783746818.637044907,0.314090,-0.104325,1.434916,-0.265885,-0.0240297,-0.0055292,0.409991,-0.352415,-0.078732,0.883,0.860
search,upper,2,reverse,127.7962,1550.000,1250,rolling,1594.152,1286,1595.140,2.631,0,0,1783746818.637044907,0.314090,-0.104325,1.434916,-0.265885,,,0.409991,-0.352415,-0.078732,0.883,0.860
search,upper,2,reverse,127.8182,1550.000,1250,rolling,1594.152,1286,1595.140,2.631,0,0,1783746818.637044907,0.314090,-0.104325,1.434916,-0.265885,,,0.409991,-0.352415,-0.078732,0.883,0.860
search,upper,2,reverse,127.8399,1550.000,1250,rolling,1594.152,1286,1595.140,2.631,0,0,1783746818.637044907,0.314090,-0.104325,1.434916,-0.265885,,,0.409991,-0.352415,-0.078732,0.883,0.860
search,upper,2,reverse,127.8616,1550.000,1250,rolling,1594.152,1286,1595.140,2.631,0,0,1783746818.637044907,0.314090,-0.104325,1.434916,-0.265885,,,0.409991,-0.352415,-0.078732,0.867,0.874
search,upper,2,reverse,127.8756,1550.000,1250,rolling,1594.345,1286,1595.007,2.499,1,24,1783746818.737222195,0.308863,-0.121702,1.430653,-0.244161,-0.0179305,-0.0042633,0.427922,-0.370346,-0.082995,0.867,0.874
search,upper,2,reverse,127.8931,1550.000,1250,rolling,1594.345,1286,1595.007,2.499,0,0,1783746818.737222195,0.308863,-0.121702,1.430653,-0.244161,,,0.427922,-0.370346,-0.082995,0.867,0.874
search,upper,2,reverse,127.9147,1550.000,1250,rolling,1594.345,1286,1595.007,2.499,0,0,1783746818.737222195,0.308863,-0.121702,1.430653,-0.244161,,,0.427922,-0.370346,-0.082995,0.867,0.874
search,upper,2,reverse,127.9362,1550.000,1250,rolling,1594.345,1286,1595.007,2.499,0,0,1783746818.737222195,0.308863,-0.121702,1.430653,-0.244161,,,0.427922,-0.370346,-0.082995,0.867,0.874
search,upper,2,reverse,127.9577,1550.000,1250,rolling,1594.345,1286,1595.007,2.499,0,0,1783746818.737222195,0.308863,-0.121702,1.430653,-0.244161,,,0.427922,-0.370346,-0.082995,0.850,0.888
search,upper,2,reverse,127.9759,1550.000,1250,rolling,1594.632,1286,1594.945,2.436,1,25,1783746818.837777853,0.305371,-0.136523,1.426581,-0.220827,-0.0151666,-0.0040721,0.443088,-0.385513,-0.087067,0.850,0.888
search,upper,2,reverse,127.9850,1550.000,1250,rolling,1594.632,1286,1594.945,2.436,0,0,1783746818.837777853,0.305371,-0.136523,1.426581,-0.220827,,,0.443088,-0.385513,-0.087067,0.850,0.888
search,upper,2,reverse,128.0067,1550.000,1250,rolling,1594.632,1286,1594.945,2.436,0,0,1783746818.837777853,0.305371,-0.136523,1.426581,-0.220827,,,0.443088,-0.385513,-0.087067,0.850,0.888
search,upper,2,reverse,128.0283,1550.000,1250,rolling,1594.632,1286,1594.945,2.436,0,0,1783746818.837777853,0.305371,-0.136523,1.426581,-0.220827,,,0.443088,-0.385513,-0.087067,0.850,0.888
search,upper,2,reverse,128.0499,1550.000,1250,rolling,1594.632,1286,1594.945,2.436,0,0,1783746818.837777853,0.305371,-0.136523,1.426581,-0.220827,,,0.443088,-0.385513,-0.087067,0.850,0.888
search,upper,2,reverse,128.0716,1550.000,1250,rolling,1594.632,1286,1594.945,2.436,0,0,1783746818.837777853,0.305371,-0.136523,1.426581,-0.220827,,,0.443088,-0.385513,-0.087067,0.836,0.891
search,upper,2,reverse,128.0741,1550.000,1250,rolling,1594.890,1286,1594.935,2.427,1,26,1783746818.937994957,0.305532,-0.151701,1.423399,-0.203023,-0.0149935,-0.0031816,0.458082,-0.400506,-0.090249,0.836,0.891
search,upper,2,reverse,128.0899,1550.000,1250,rolling,1594.890,1286,1594.935,2.427,0,0,1783746818.937994957,0.305532,-0.151701,1.423399,-0.203023,,,0.458082,-0.400506,-0.090249,0.836,0.891
search,upper,2,reverse,128.1114,1550.000,1250,rolling,1594.890,1286,1594.935,2.427,0,0,1783746818.937994957,0.305532,-0.151701,1.423399,-0.203023,,,0.458082,-0.400506,-0.090249,0.836,0.891
search,upper,2,reverse,128.1331,1550.000,1250,rolling,1594.890,1286,1594.935,2.427,0,0,1783746818.937994957,0.305532,-0.151701,1.423399,-0.203023,,,0.458082,-0.400506,-0.090249,0.836,0.891
search,upper,2,reverse,128.1547,1550.000,1250,rolling,1594.890,1286,1594.935,2.427,0,0,1783746818.937994957,0.305532,-0.151701,1.423399,-0.203023,,,0.458082,-0.400506,-0.090249,0.823,0.909
search,upper,2,reverse,128.1745,1550.000,1250,rolling,1595.169,1286,1594.974,2.465,1,27,1783746819.035925150,0.300802,-0.164734,1.421576,-0.186957,-0.0135885,-0.0018235,0.471670,-0.414095,-0.092072,0.823,0.909
search,upper,2,reverse,128.1858,1550.000,1250,rolling,1595.169,1286,1594.974,2.465,0,0,1783746819.035925150,0.300802,-0.164734,1.421576,-0.186957,,,0.471670,-0.414095,-0.092072,0.823,0.909
search,upper,2,reverse,128.2074,1550.000,1250,rolling,1595.169,1286,1594.974,2.465,0,0,1783746819.035925150,0.300802,-0.164734,1.421576,-0.186957,,,0.471670,-0.414095,-0.092072,0.823,0.909
search,upper,2,reverse,128.2289,1550.000,1250,rolling,1595.169,1286,1594.974,2.465,0,0,1783746819.035925150,0.300802,-0.164734,1.421576,-0.186957,,,0.471670,-0.414095,-0.092072,0.823,0.909
search,upper,2,reverse,128.2505,1550.000,1250,rolling,1595.169,1286,1594.974,2.465,0,0,1783746819.035925150,0.300802,-0.164734,1.421576,-0.186957,,,0.471670,-0.414095,-0.092072,0.823,0.909
search,upper,2,reverse,128.2720,1550.000,1250,rolling,1595.169,1286,1594.974,2.465,0,0,1783746819.035925150,0.300802,-0.164734,1.421576,-0.186957,,,0.471670,-0.414095,-0.092072,0.812,0.946
search,upper,2,reverse,128.2746,1550.000,1250,rolling,1595.325,1287,1595.032,2.524,1,28,1783746819.136358261,0.302506,-0.181374,1.417273,-0.180527,-0.0161936,-0.0043029,0.487864,-0.430288,-0.096375,0.812,0.946
search,upper,2,reverse,128.2950,1550.000,1250,rolling,1595.325,1287,1595.032,2.524,0,0,1783746819.136358261,0.302506,-0.181374,1.417273,-0.180527,,,0.487864,-0.430288,-0.096375,0.812,0.946
search,upper,2,reverse,128.3167,1550.000,1250,rolling,1595.325,1287,1595.032,2.524,0,0,1783746819.136358261,0.302506,-0.181374,1.417273,-0.180527,,,0.487864,-0.430288,-0.096375,0.812,0.946
search,upper,2,reverse,128.3382,1550.000,1250,rolling,1595.325,1287,1595.032,2.524,0,0,1783746819.136358261,0.302506,-0.181374,1.417273,-0.180527,,,0.487864,-0.430288,-0.096375,0.812,0.946
search,upper,2,reverse,128.3600,1550.000,1250,rolling,1595.325,1287,1595.032,2.524,0,0,1783746819.136358261,0.302506,-0.181374,1.417273,-0.180527,,,0.487864,-0.430288,-0.096375,0.799,0.982
search,upper,2,reverse,128.3733,1550.000,1250,rolling,1595.496,1287,1595.110,2.601,1,29,1783746819.236800432,0.304792,-0.197540,1.413288,-0.174264,-0.0156161,-0.0039850,0.503480,-0.445904,-0.100360,0.799,0.982
search,upper,2,reverse,128.3887,1550.000,1250,rolling,1595.496,1287,1595.110,2.601,0,0,1783746819.236800432,0.304792,-0.197540,1.413288,-0.174264,,,0.503480,-0.445904,-0.100360,0.799,0.982
search,upper,2,reverse,128.4104,1550.000,1250,rolling,1595.496,1287,1595.110,2.601,0,0,1783746819.236800432,0.304792,-0.197540,1.413288,-0.174264,,,0.503480,-0.445904,-0.100360,0.799,0.982
search,upper,2,reverse,128.4319,1550.000,1250,rolling,1595.496,1287,1595.110,2.601,0,0,1783746819.236800432,0.304792,-0.197540,1.413288,-0.174264,,,0.503480,-0.445904,-0.100360,0.799,0.982
search,upper,2,reverse,128.4535,1550.000,1250,rolling,1595.496,1287,1595.110,2.601,0,0,1783746819.236800432,0.304792,-0.197540,1.413288,-0.174264,,,0.503480,-0.445904,-0.100360,0.793,0.992
search,upper,2,reverse,128.4729,1550.000,1250,rolling,1595.931,1287,1595.245,2.736,1,30,1783746819.335340023,0.303509,-0.206743,1.413123,-0.154267,-0.0092902,-0.0001652,0.512770,-0.455194,-0.100525,0.793,0.992
search,upper,2,reverse,128.4926,1550.000,1250,rolling,1595.931,1287,1595.245,2.736,0,0,1783746819.335340023,0.303509,-0.206743,1.413123,-0.154267,,,0.512770,-0.455194,-0.100525,0.793,0.992
search,upper,2,reverse,128.5143,1550.000,1250,rolling,1595.931,1287,1595.245,2.736,0,0,1783746819.335340023,0.303509,-0.206743,1.413123,-0.154267,,,0.512770,-0.455194,-0.100525,0.793,0.992
search,upper,2,reverse,128.5358,1550.000,1250,rolling,1595.931,1287,1595.245,2.736,0,0,1783746819.335340023,0.303509,-0.206743,1.413123,-0.154267,,,0.512770,-0.455194,-0.100525,0.793,0.992
search,upper,2,reverse,128.5573,1550.000,1250,rolling,1595.931,1287,1595.245,2.736,0,0,1783746819.335340023,0.303509,-0.206743,1.413123,-0.154267,,,0.512770,-0.455194,-0.100525,0.780,1.004
search,upper,2,reverse,128.5734,1550.000,1250,rolling,1596.396,1287,1595.436,2.928,1,31,1783746819.435005903,0.297677,-0.214020,1.410897,-0.136038,-0.0081078,-0.0022254,0.520878,-0.463302,-0.102751,0.780,1.004
search,upper,2,reverse,128.5913,1550.000,1250,rolling,1596.396,1287,1595.436,2.928,0,0,1783746819.435005903,0.297677,-0.214020,1.410897,-0.136038,,,0.520878,-0.463302,-0.102751,0.780,1.004
search,upper,2,reverse,128.6130,1550.000,1250,rolling,1596.396,1287,1595.436,2.928,0,0,1783746819.435005903,0.297677,-0.214020,1.410897,-0.136038,,,0.520878,-0.463302,-0.102751,0.780,1.004
search,upper,2,reverse,128.6346,1550.000,1250,rolling,1596.396,1287,1595.436,2.928,0,0,1783746819.435005903,0.297677,-0.214020,1.410897,-0.136038,,,0.520878,-0.463302,-0.102751,0.780,1.004
search,upper,2,reverse,128.6561,1550.000,1250,rolling,1596.396,1287,1595.436,2.928,0,0,1783746819.435005903,0.297677,-0.214020,1.410897,-0.136038,,,0.520878,-0.463302,-0.102751,0.768,1.013
search,upper,2,reverse,128.6737,1550.000,1250,rolling,1596.657,1288,1595.641,3.132,1,32,1783746819.535536051,0.295827,-0.226034,1.407053,-0.132256,-0.0121553,-0.0038445,0.533033,-0.475457,-0.106595,0.768,1.013
search,upper,2,reverse,128.6926,1550.000,1250,rolling,1596.657,1288,1595.641,3.132,0,0,1783746819.535536051,0.295827,-0.226034,1.407053,-0.132256,,,0.533033,-0.475457,-0.106595,0.768,1.013
search,upper,2,reverse,128.7142,1550.000,1250,rolling,1596.657,1288,1595.641,3.132,0,0,1783746819.535536051,0.295827,-0.226034,1.407053,-0.132256,,,0.533033,-0.475457,-0.106595,0.768,1.013
search,upper,2,reverse,128.7357,1550.000,1250,rolling,1596.657,1288,1595.641,3.132,0,0,1783746819.535536051,0.295827,-0.226034,1.407053,-0.132256,,,0.533033,-0.475457,-0.106595,0.768,1.013
search,upper,2,reverse,128.7575,1550.000,1250,rolling,1596.657,1288,1595.641,3.132,0,0,1783746819.535536051,0.295827,-0.226034,1.407053,-0.132256,,,0.533033,-0.475457,-0.106595,0.763,1.010
search,upper,2,reverse,128.7717,1550.000,1250,rolling,1596.657,1288,1595.641,3.132,0,0,1783746819.535536051,0.295827,-0.226034,1.407053,-0.132256,,,0.533033,-0.475457,-0.106595,0.763,1.010
search,upper,2,reverse,128.7942,1550.000,1250,rolling,1597.199,1288,1595.901,3.392,1,33,1783746819.635810375,0.298600,-0.232307,1.403036,-0.113477,-0.0057296,-0.0040169,0.538763,-0.481187,-0.110612,0.763,1.010
search,upper,2,reverse,128.7963,1550.000,1250,rolling,1597.199,1288,1595.901,3.392,0,0,1783746819.635810375,0.298600,-0.232307,1.403036,-0.113477,,,0.538763,-0.481187,-0.110612,0.763,1.010
search,upper,2,reverse,128.8180,1550.000,1250,rolling,1597.199,1288,1595.901,3.392,0,0,1783746819.635810375,0.298600,-0.232307,1.403036,-0.113477,,,0.538763,-0.481187,-0.110612,0.763,1.010
search,upper,2,reverse,128.8395,1550.000,1250,rolling,1597.199,1288,1595.901,3.392,0,0,1783746819.635810375,0.298600,-0.232307,1.403036,-0.113477,,,0.538763,-0.481187,-0.110612,0.763,1.010
search,upper,2,reverse,128.8611,1550.000,1250,rolling,1597.199,1288,1595.901,3.392,0,0,1783746819.635810375,0.298600,-0.232307,1.403036,-0.113477,,,0.538763,-0.481187,-0.110612,0.762,1.020
search,upper,2,reverse,128.8724,1550.000,1250,rolling,1597.199,1288,1595.901,3.392,0,0,1783746819.635810375,0.298600,-0.232307,1.403036,-0.113477,,,0.538763,-0.481187,-0.110612,0.762,1.020
search,upper,2,reverse,128.8943,1550.000,1250,rolling,1598.009,1289,1596.247,3.738,1,34,1783746819.733875990,0.295090,-0.230682,1.406273,-0.082502,0.0010221,0.0032369,0.539785,-0.481187,-0.110612,0.762,1.020
search,upper,2,reverse,128.9038,1550.000,1250,rolling,1598.009,1289,1596.247,3.738,0,0,1783746819.733875990,0.295090,-0.230682,1.406273,-0.082502,,,0.539785,-0.481187,-0.110612,0.762,1.020
search,upper,2,reverse,128.9254,1550.000,1250,rolling,1598.009,1289,1596.247,3.738,0,0,1783746819.733875990,0.295090,-0.230682,1.406273,-0.082502,,,0.539785,-0.481187,-0.110612,0.762,1.020
search,upper,2,reverse,128.9470,1550.000,1250,rolling,1598.009,1289,1596.247,3.738,0,0,1783746819.733875990,0.295090,-0.230682,1.406273,-0.082502,,,0.539785,-0.481187,-0.110612,0.762,1.020
search,upper,2,reverse,128.9687,1550.000,1250,rolling,1598.009,1289,1596.247,3.738,0,0,1783746819.733875990,0.295090,-0.230682,1.406273,-0.082502,,,0.539785,-0.481187,-0.110612,0.754,1.033
search,upper,2,reverse,128.9712,1550.000,1250,rolling,1598.389,1289,1596.605,4.097,1,35,1783746819.834427118,0.292524,-0.238098,1.406390,-0.081111,-0.0077361,0.0001172,0.547521,-0.481187,-0.110612,0.754,1.033
search,upper,2,reverse,128.9866,1550.000,1250,rolling,1598.389,1289,1596.605,4.097,0,0,1783746819.834427118,0.292524,-0.238098,1.406390,-0.081111,,,0.547521,-0.481187,-0.110612,0.754,1.033
search,upper,2,reverse,129.0083,1550.000,1250,rolling,1598.389,1289,1596.605,4.097,0,0,1783746819.834427118,0.292524,-0.238098,1.406390,-0.081111,,,0.547521,-0.481187,-0.110612,0.754,1.033
search,upper,2,reverse,129.0299,1550.000,1250,rolling,1598.389,1289,1596.605,4.097,0,0,1783746819.834427118,0.292524,-0.238098,1.406390,-0.081111,,,0.547521,-0.481187,-0.110612,0.754,1.033
search,upper,2,reverse,129.0514,1550.000,1250,rolling,1598.389,1289,1596.605,4.097,0,0,1783746819.834427118,0.292524,-0.238098,1.406390,-0.081111,,,0.547521,-0.481187,-0.110612,0.748,1.035
search,upper,2,reverse,129.0701,1550.000,1250,rolling,1598.539,1289,1596.921,4.412,1,36,1783746819.931997538,0.293356,-0.250614,1.403873,-0.092112,-0.0122077,-0.0025169,0.559729,-0.481187,-0.110612,0.748,1.035
search,upper,2,reverse,129.0922,1550.000,1250,rolling,1598.539,1289,1596.921,4.412,0,0,1783746819.931997538,0.293356,-0.250614,1.403873,-0.092112,,,0.559729,-0.481187,-0.110612,0.748,1.035
search,upper,2,reverse,129.0935,1550.000,1250,rolling,1598.539,1289,1596.921,4.412,0,0,1783746819.931997538,0.293356,-0.250614,1.403873,-0.092112,,,0.559729,-0.481187,-0.110612,0.748,1.035
search,upper,2,reverse,129.1150,1550.000,1250,rolling,1598.539,1289,1596.921,4.412,0,0,1783746819.931997538,0.293356,-0.250614,1.403873,-0.092112,,,0.559729,-0.481187,-0.110612,0.748,1.035
search,upper,2,reverse,129.1366,1550.000,1250,rolling,1598.539,1289,1596.921,4.412,0,0,1783746819.931997538,0.293356,-0.250614,1.403873,-0.092112,,,0.559729,-0.481187,-0.110612,0.748,1.035
search,upper,2,reverse,129.1581,1550.000,1250,rolling,1598.539,1289,1596.921,4.412,0,0,1783746819.931997538,0.293356,-0.250614,1.403873,-0.092112,,,0.559729,-0.481187,-0.110612,0.743,1.038
search,upper,2,reverse,129.1709,1550.000,1250,rolling,1599.091,1290,1597.283,4.774,1,37,1783746820.032144785,0.295654,-0.255241,1.400507,-0.079507,-0.0041751,-0.0033657,0.563904,-0.481187,-0.110612,0.743,1.038
search,upper,2,reverse,129.1879,1550.000,1250,rolling,1599.091,1290,1597.283,4.774,0,0,1783746820.032144785,0.295654,-0.255241,1.400507,-0.079507,,,0.563904,-0.481187,-0.110612,0.743,1.038
search,upper,2,reverse,129.2096,1550.000,1250,rolling,1599.091,1290,1597.283,4.774,0,0,1783746820.032144785,0.295654,-0.255241,1.400507,-0.079507,,,0.563904,-0.481187,-0.110612,0.743,1.038
search,upper,2,reverse,129.2311,1550.000,1250,rolling,1599.091,1290,1597.283,4.774,0,0,1783746820.032144785,0.295654,-0.255241,1.400507,-0.079507,,,0.563904,-0.481187,-0.110612,0.743,1.038
search,upper,2,reverse,129.2528,1550.000,1250,rolling,1599.091,1290,1597.283,4.774,0,0,1783746820.032144785,0.295654,-0.255241,1.400507,-0.079507,,,0.563904,-0.481187,-0.110612,0.743,1.033
search,upper,2,reverse,129.2686,1550.000,1250,rolling,1599.091,1290,1597.283,4.774,0,0,1783746820.032144785,0.295654,-0.255241,1.400507,-0.079507,,,0.563904,-0.481187,-0.110612,0.743,1.033
search,upper,2,reverse,129.2905,1550.000,1250,rolling,1599.518,1290,1597.657,5.148,1,38,1783746820.132686853,0.298642,-0.262415,1.401569,-0.075956,-0.0065660,0.0010619,0.570470,-0.481187,-0.110612,0.743,1.033
search,upper,2,reverse,129.3007,1550.000,1250,rolling,1599.518,1290,1597.657,5.148,0,0,1783746820.132686853,0.298642,-0.262415,1.401569,-0.075956,,,0.570470,-0.481187,-0.110612,0.743,1.033
search,upper,2,reverse,129.3224,1550.000,1250,rolling,1599.518,1290,1597.657,5.148,0,0,1783746820.132686853,0.298642,-0.262415,1.401569,-0.075956,,,0.570470,-0.481187,-0.110612,0.743,1.033
search,upper,2,reverse,129.3444,1550.000,1250,rolling,1599.518,1290,1597.657,5.148,0,0,1783746820.132686853,0.298642,-0.262415,1.401569,-0.075956,,,0.570470,-0.481187,-0.110612,0.743,1.033
search,upper,2,reverse,129.3662,1550.000,1250,rolling,1599.518,1290,1597.657,5.148,0,0,1783746820.132686853,0.298642,-0.262415,1.401569,-0.075956,,,0.570470,-0.481187,-0.110612,0.743,1.038
search,upper,2,reverse,129.3692,1550.000,1250,rolling,1599.970,1290,1598.036,5.528,1,39,1783746820.230697393,0.300889,-0.268403,1.402442,-0.071063,-0.0055260,0.0008731,0.575996,-0.481187,-0.110612,0.743,1.038
search,upper,2,reverse,129.3785,1550.000,1250,rolling,1599.970,1290,1598.036,5.528,0,0,1783746820.230697393,0.300889,-0.268403,1.402442,-0.071063,,,0.575996,-0.481187,-0.110612,0.743,1.038
search,upper,2,reverse,129.4002,1550.000,1250,rolling,1599.970,1290,1598.036,5.528,0,0,1783746820.230697393,0.300889,-0.268403,1.402442,-0.071063,,,0.575996,-0.481187,-0.110612,0.743,1.038
search,upper,2,reverse,129.4217,1550.000,1250,rolling,1599.970,1290,1598.036,5.528,0,0,1783746820.230697393,0.300889,-0.268403,1.402442,-0.071063,,,0.575996,-0.481187,-0.110612,0.743,1.038
search,upper,2,reverse,129.4433,1550.000,1250,rolling,1599.970,1290,1598.036,5.528,0,0,1783746820.230697393,0.300889,-0.268403,1.402442,-0.071063,,,0.575996,-0.481187,-0.110612,0.743,1.038
search,upper,2,reverse,129.4649,1550.000,1250,rolling,1599.970,1290,1598.036,5.528,0,0,1783746820.230697393,0.300889,-0.268403,1.402442,-0.071063,,,0.575996,-0.481187,-0.110612,0.742,1.030
search,upper,2,reverse,129.4695,1550.000,1250,rolling,1600.609,1291,1598.466,5.957,1,40,1783746820.330975533,0.305991,-0.270829,1.404282,-0.057140,-0.0015414,0.0018402,0.577537,-0.481187,-0.110612,0.742,1.030
search,upper,2,reverse,129.4852,1550.000,1250,rolling,1600.609,1291,1598.466,5.957,0,0,1783746820.330975533,0.305991,-0.270829,1.404282,-0.057140,,,0.577537,-0.481187,-0.110612,0.742,1.030
search,upper,2,reverse,129.5068,1550.000,1250,rolling,1600.609,1291,1598.466,5.957,0,0,1783746820.330975533,0.305991,-0.270829,1.404282,-0.057140,,,0.577537,-0.481187,-0.110612,0.742,1.030
search,upper,2,reverse,129.5283,1550.000,1250,rolling,1600.609,1291,1598.466,5.957,0,0,1783746820.330975533,0.305991,-0.270829,1.404282,-0.057140,,,0.577537,-0.481187,-0.110612,0.742,1.030
search,upper,2,reverse,129.5498,1550.000,1250,rolling,1600.609,1291,1598.466,5.957,0,0,1783746820.330975533,0.305991,-0.270829,1.404282,-0.057140,,,0.577537,-0.481187,-0.110612,0.742,1.066
search,upper,2,reverse,129.5695,1550.000,1250,rolling,1601.278,1291,1598.937,6.428,1,41,1783746820.431528330,0.309612,-0.271874,1.405930,-0.043934,-0.0004342,0.0016477,0.577971,-0.481187,-0.110612,0.742,1.066
search,upper,2,reverse,129.5833,1550.000,1250,rolling,1601.278,1291,1598.937,6.428,0,0,1783746820.431528330,0.309612,-0.271874,1.405930,-0.043934,,,0.577971,-0.481187,-0.110612,0.742,1.066
search,upper,2,reverse,129.6049,1550.000,1250,rolling,1601.278,1291,1598.937,6.428,0,0,1783746820.431528330,0.309612,-0.271874,1.405930,-0.043934,,,0.577971,-0.481187,-0.110612,0.742,1.066
search,upper,2,reverse,129.6266,1550.000,1250,rolling,1601.278,1291,1598.937,6.428,0,0,1783746820.431528330,0.309612,-0.271874,1.405930,-0.043934,,,0.577971,-0.481187,-0.110612,0.742,1.066
search,upper,2,reverse,129.6481,1550.000,1250,rolling,1601.278,1291,1598.937,6.428,0,0,1783746820.431528330,0.309612,-0.271874,1.405930,-0.043934,,,0.577971,-0.481187,-0.110612,0.742,1.038
search,upper,2,reverse,129.6701,1550.000,1250,rolling,1601.278,1291,1598.937,6.428,0,0,1783746820.431528330,0.309612,-0.271874,1.405930,-0.043934,,,0.577971,-0.481187,-0.110612,0.742,1.038
search,upper,2,reverse,129.6920,1550.000,1250,rolling,1602.232,1292,1599.486,6.978,1,42,1783746820.531573057,0.306248,-0.264819,1.403716,-0.016952,0.0064023,-0.0022145,0.584374,-0.481187,-0.110612,0.742,1.038
search,upper,2,reverse,129.6938,1550.000,1250,rolling,1602.232,1292,1599.486,6.978,0,0,1783746820.531573057,0.306248,-0.264819,1.403716,-0.016952,,,0.584374,-0.481187,-0.110612,0.742,1.038
search,upper,2,reverse,129.7158,1550.000,1250,rolling,1602.232,1292,1599.486,6.978,0,0,1783746820.531573057,0.306248,-0.264819,1.403716,-0.016952,,,0.584374,-0.481187,-0.110612,0.742,1.038
search,upper,2,reverse,129.7374,1550.000,1250,rolling,1602.232,1292,1599.486,6.978,0,0,1783746820.531573057,0.306248,-0.264819,1.403716,-0.016952,,,0.584374,-0.481187,-0.110612,0.742,1.038
search,upper,2,reverse,129.7590,1550.000,1250,rolling,1602.232,1292,1599.486,6.978,0,0,1783746820.531573057,0.306248,-0.264819,1.403716,-0.016952,,,0.584374,-0.481187,-0.110612,0.741,1.034
search,upper,2,reverse,129.7705,1550.000,1250,rolling,1603.029,1293,1600.080,7.571,1,43,1783746820.632236242,0.296290,-0.259325,1.401038,-0.003408,0.0037471,-0.0026777,0.588121,-0.481187,-0.110612,0.741,1.034
search,upper,2,reverse,129.7856,1550.000,1250,rolling,1603.029,1293,1600.080,7.571,0,0,1783746820.632236242,0.296290,-0.259325,1.401038,-0.003408,,,0.588121,-0.481187,-0.110612,0.741,1.034
search,upper,2,reverse,129.8074,1550.000,1250,rolling,1603.029,1293,1600.080,7.571,0,0,1783746820.632236242,0.296290,-0.259325,1.401038,-0.003408,,,0.588121,-0.481187,-0.110612,0.741,1.034
search,upper,2,reverse,129.8294,1550.000,1250,rolling,1603.029,1293,1600.080,7.571,0,0,1783746820.632236242,0.296290,-0.259325,1.401038,-0.003408,,,0.588121,-0.481187,-0.110612,0.741,1.034
search,upper,2,reverse,129.8512,1550.000,1250,rolling,1603.029,1293,1600.080,7.571,0,0,1783746820.632236242,0.296290,-0.259325,1.401038,-0.003408,,,0.588121,-0.481187,-0.110612,0.741,1.033
search,upper,2,reverse,129.8712,1550.000,1250,recovery,1603.913,1293,1600.721,8.212,1,44,1783746820.732551575,0.288143,-0.251654,1.398132,0.012824,0.0061715,-0.0029062,0.594292,-0.481187,-0.110612,0.741,1.033
search,upper,2,reverse,129.8849,1550.000,1250,recovery,1603.913,1293,1600.721,8.212,0,0,1783746820.732551575,0.288143,-0.251654,1.398132,0.012824,,,0.594292,-0.481187,-0.110612,0.741,1.033
search,upper,2,reverse,129.9069,1550.000,1250,recovery,1603.913,1293,1600.721,8.212,0,0,1783746820.732551575,0.288143,-0.251654,1.398132,0.012824,,,0.594292,-0.481187,-0.110612,0.741,1.033
search,upper,2,reverse,129.9285,1550.000,1250,recovery,1603.913,1293,1600.721,8.212,0,0,1783746820.732551575,0.288143,-0.251654,1.398132,0.012824,,,0.594292,-0.481187,-0.110612,0.741,1.033
search,upper,2,reverse,129.9501,1550.000,1250,recovery,1603.913,1293,1600.721,8.212,0,0,1783746820.732551575,0.288143,-0.251654,1.398132,0.012824,,,0.594292,-0.481187,-0.110612,0.739,1.043
search,upper,2,reverse,129.9715,1550.000,1250,recovery,1607.013,1296,1600.721,8.212,1,45,1783746820.833226204,0.289508,-0.255448,1.400179,0.000913,-0.0035055,0.0020469,0.597798,-0.481187,-0.110612,0.739,1.043
search,upper,2,reverse,129.9882,1550.000,1250,recovery,1607.013,1296,1600.721,8.212,0,0,1783746820.833226204,0.289508,-0.255448,1.400179,0.000913,,,0.597798,-0.481187,-0.110612,0.739,1.043
search,upper,2,reverse,130.0098,1550.000,1250,recovery,1607.013,1296,1600.721,8.212,0,0,1783746820.833226204,0.289508,-0.255448,1.400179,0.000913,,,0.597798,-0.481187,-0.110612,0.739,1.043
search,upper,2,reverse,130.0314,1550.000,1250,recovery,1607.013,1296,1600.721,8.212,0,0,1783746820.833226204,0.289508,-0.255448,1.400179,0.000913,,,0.597798,-0.481187,-0.110612,0.739,1.043
search,upper,2,reverse,130.0529,1550.000,1250,recovery,1607.013,1296,1600.721,8.212,0,0,1783746820.833226204,0.289508,-0.255448,1.400179,0.000913,,,0.597798,-0.481187,-0.110612,0.734,1.042
search,upper,2,reverse,130.0717,1550.000,1250,recovery,1610.113,1298,1600.721,8.212,1,46,1783746820.933305740,0.286997,-0.263393,1.400235,-0.019939,-0.0082562,0.0000567,0.606054,-0.481187,-0.110612,0.734,1.042
search,upper,2,reverse,130.0854,1550.000,1250,recovery,1610.113,1298,1600.721,8.212,0,0,1783746820.933305740,0.286997,-0.263393,1.400235,-0.019939,,,0.606054,-0.481187,-0.110612,0.734,1.042
search,upper,2,reverse,130.1070,1550.000,1250,recovery,1610.113,1298,1600.721,8.212,0,0,1783746820.933305740,0.286997,-0.263393,1.400235,-0.019939,,,0.606054,-0.481187,-0.110612,0.734,1.042
search,upper,2,reverse,130.1286,1550.000,1250,recovery,1610.113,1298,1600.721,8.212,0,0,1783746820.933305740,0.286997,-0.263393,1.400235,-0.019939,,,0.606054,-0.481187,-0.110612,0.734,1.042
search,upper,2,reverse,130.1501,1550.000,1250,recovery,1610.113,1298,1600.721,8.212,0,0,1783746820.933305740,0.286997,-0.263393,1.400235,-0.019939,,,0.606054,-0.481187,-0.110612,0.723,1.064
search,upper,2,reverse,130.1719,1550.000,1250,rolling,1600.721,1291,1600.721,8.212,1,47,1783746821.033805370,0.282779,-0.283742,1.400493,-0.066620,-0.0207696,0.0002573,0.626824,-0.481187,-0.110612,0.723,1.064
search,upper,2,reverse,130.1932,1550.000,1250,rolling,1600.721,1291,1600.721,8.212,0,0,1783746821.033805370,0.282779,-0.283742,1.400493,-0.066620,,,0.626824,-0.481187,-0.110612,0.723,1.064
search,upper,2,reverse,130.2149,1550.000,1250,rolling,1600.721,1291,1600.721,8.212,0,0,1783746821.033805370,0.282779,-0.283742,1.400493,-0.066620,,,0.626824,-0.481187,-0.110612,0.723,1.064
search,upper,2,reverse,130.2365,1550.000,1250,rolling,1600.721,1291,1600.721,8.212,0,0,1783746821.033805370,0.282779,-0.283742,1.400493,-0.066620,,,0.626824,-0.481187,-0.110612,0.723,1.064
search,upper,2,reverse,130.2580,1550.000,1250,rolling,1600.721,1291,1600.721,8.212,0,0,1783746821.033805370,0.282779,-0.283742,1.400493,-0.066620,,,0.626824,-0.481187,-0.110612,0.701,1.092
search,upper,2,reverse,130.2729,1550.000,1250,rolling,1600.721,1291,1600.721,8.212,0,0,1783746821.033805370,0.282779,-0.283742,1.400493,-0.066620,,,0.626824,-0.481187,-0.110612,0.701,1.092
search,upper,2,reverse,130.2950,1550.000,1250,rolling,1602.492,1292,1601.016,8.508,1,48,1783746821.134050131,0.281318,-0.304523,1.395278,-0.101645,-0.0207227,-0.0052146,0.647546,-0.501910,-0.115827,0.701,1.092
search,upper,2,reverse,130.2967,1550.000,1250,rolling,1602.492,1292,1601.016,8.508,0,0,1783746821.134050131,0.281318,-0.304523,1.395278,-0.101645,,,0.647546,-0.501910,-0.115827,0.701,1.092
search,upper,2,reverse,130.3183,1550.000,1250,rolling,1602.492,1292,1601.016,8.508,0,0,1783746821.134050131,0.281318,-0.304523,1.395278,-0.101645,,,0.647546,-0.501910,-0.115827,0.701,1.092
search,upper,2,reverse,130.3398,1550.000,1250,rolling,1602.492,1292,1601.016,8.508,0,0,1783746821.134050131,0.281318,-0.304523,1.395278,-0.101645,,,0.647546,-0.501910,-0.115827,0.701,1.092
search,upper,2,reverse,130.3614,1550.000,1250,rolling,1602.492,1292,1601.016,8.508,0,0,1783746821.134050131,0.281318,-0.304523,1.395278,-0.101645,,,0.647546,-0.501910,-0.115827,0.688,1.118
search,upper,2,reverse,130.3727,1550.000,1250,rolling,1601.981,1292,1601.178,8.669,1,49,1783746821.234631538,0.276202,-0.332312,1.387981,-0.146465,-0.0282557,-0.0072973,0.675802,-0.530165,-0.123124,0.688,1.118
search,upper,2,reverse,130.3879,1550.000,1250,rolling,1601.981,1292,1601.178,8.669,0,0,1783746821.234631538,0.276202,-0.332312,1.387981,-0.146465,,,0.675802,-0.530165,-0.123124,0.688,1.118
search,upper,2,reverse,130.4095,1550.000,1250,rolling,1601.981,1292,1601.178,8.669,0,0,1783746821.234631538,0.276202,-0.332312,1.387981,-0.146465,,,0.675802,-0.530165,-0.123124,0.688,1.118
search,upper,2,reverse,130.4310,1550.000,1250,rolling,1601.981,1292,1601.178,8.669,0,0,1783746821.234631538,0.276202,-0.332312,1.387981,-0.146465,,,0.675802,-0.530165,-0.123124,0.688,1.118
search,upper,2,reverse,130.4526,1550.000,1250,rolling,1601.981,1292,1601.178,8.669,0,0,1783746821.234631538,0.276202,-0.332312,1.387981,-0.146465,,,0.675802,-0.530165,-0.123124,0.668,1.139
search,upper,2,reverse,130.4731,1550.000,1250,rolling,1601.270,1291,1601.193,8.684,1,50,1783746821.334847927,0.270619,-0.365944,1.381471,-0.194875,-0.0340842,-0.0065095,0.709886,-0.564250,-0.129634,0.668,1.139
search,upper,2,reverse,130.4926,1550.000,1250,rolling,1601.270,1291,1601.193,8.684,0,0,1783746821.334847927,0.270619,-0.365944,1.381471,-0.194875,,,0.709886,-0.564250,-0.129634,0.668,1.139
search,upper,2,reverse,130.5142,1550.000,1250,rolling,1601.270,1291,1601.193,8.684,0,0,1783746821.334847927,0.270619,-0.365944,1.381471,-0.194875,,,0.709886,-0.564250,-0.129634,0.668,1.139
search,upper,2,reverse,130.5359,1550.000,1250,rolling,1601.270,1291,1601.193,8.684,0,0,1783746821.334847927,0.270619,-0.365944,1.381471,-0.194875,,,0.709886,-0.564250,-0.129634,0.668,1.139
search,upper,2,reverse,130.5575,1550.000,1250,rolling,1601.270,1291,1601.193,8.684,0,0,1783746821.334847927,0.270619,-0.365944,1.381471,-0.194875,,,0.709886,-0.564250,-0.129634,0.651,1.176
search,upper,2,reverse,130.5736,1550.000,1250,rolling,1601.270,1291,1601.193,8.684,0,0,1783746821.334847927,0.270619,-0.365944,1.381471,-0.194875,,,0.709886,-0.564250,-0.129634,0.651,1.176
search,upper,2,reverse,130.5956,1550.000,1250,rolling,1600.362,1291,1601.054,8.546,1,51,1783746821.435068846,0.265092,-0.405702,1.377685,-0.246144,-0.0400835,-0.0037865,0.749970,-0.604333,-0.133420,0.651,1.176
search,upper,2,reverse,130.6002,1550.000,1250,rolling,1600.362,1291,1601.054,8.546,0,0,1783746821.435068846,0.265092,-0.405702,1.377685,-0.246144,,,0.749970,-0.604333,-0.133420,0.651,1.176
search,upper,2,reverse,130.6218,1550.000,1250,rolling,1600.362,1291,1601.054,8.546,0,0,1783746821.435068846,0.265092,-0.405702,1.377685,-0.246144,,,0.749970,-0.604333,-0.133420,0.651,1.176
search,upper,2,reverse,130.6433,1550.000,1250,rolling,1600.362,1291,1601.054,8.546,0,0,1783746821.435068846,0.265092,-0.405702,1.377685,-0.246144,,,0.749970,-0.604333,-0.133420,0.651,1.176
search,upper,2,reverse,130.6649,1550.000,1250,rolling,1600.362,1291,1601.054,8.546,0,0,1783746821.435068846,0.265092,-0.405702,1.377685,-0.246144,,,0.749970,-0.604333,-0.133420,0.631,1.194
search,upper,2,reverse,130.6715,1550.000,1250,rolling,1599.712,1290,1600.829,8.321,1,52,1783746821.535755157,0.256337,-0.440883,1.372511,-0.274521,-0.0362121,-0.0051742,0.786182,-0.640545,-0.138594,0.631,1.194
