condition,leg,elapsed_s,phase,target_speed_mps,vehicle_direction,steering_pulse_us,steering_tick,approach_direction,prior_steering_pulse_us,esc_pulse_us,esc_tick,fresh_odom,tf_stamp,x_m,y_m,yaw_rad,measured_speed_mps,increment_ds_m,increment_dyaw_rad,instant_curvature_1pm,effective_angle_rad,leg_motion_m,settled_signed_distance_m,settled_heading_change_rad,front_clearance_m,rear_clearance_m
1,1,4.3650,startup,0.2000,forward,1450.000,1169,increasing,1420.000,1423.384,1148,0,1783739743.614341259,-0.088390,-0.124686,1.014605,0.005152,,,,,0.000000,0.000000,0.000000,0.765,1.201
1,1,4.3868,startup,0.2000,forward,1450.000,1169,increasing,1420.000,1423.384,1148,0,1783739743.614341259,-0.088390,-0.124686,1.014605,0.005152,,,,,0.000000,0.000000,0.000000,0.765,1.201
1,1,4.4085,startup,0.2000,forward,1450.000,1169,increasing,1420.000,1423.384,1148,0,1783739743.614341259,-0.088390,-0.124686,1.014605,0.005152,,,,,0.000000,0.000000,0.000000,0.765,1.201
1,1,4.4300,startup,0.2000,forward,1450.000,1169,increasing,1420.000,1423.384,1148,0,1783739743.614341259,-0.088390,-0.124686,1.014605,0.005152,,,,,0.000000,0.000000,0.000000,0.766,1.200
1,1,4.4505,startup,0.2000,forward,1450.000,1169,increasing,1420.000,1422.144,1147,1,1783739743.714709282,-0.087775,-0.128689,1.016182,-0.003801,-0.0030773,0.0015768,-0.5123943,-0.1412426,0.003077,0.000000,0.000000,0.766,1.200
1,1,4.4694,startup,0.2000,forward,1450.000,1169,increasing,1420.000,1422.144,1147,0,1783739743.714709282,-0.087775,-0.128689,1.016182,-0.003801,,,,,0.003077,0.000000,0.000000,0.766,1.200
1,1,4.4910,startup,0.2000,forward,1450.000,1169,increasing,1420.000,1422.144,1147,0,1783739743.714709282,-0.087775,-0.128689,1.016182,-0.003801,,,,,0.003077,0.000000,0.000000,0.766,1.200
1,1,4.5127,startup,0.2000,forward,1450.000,1169,increasing,1420.000,1422.144,1147,0,1783739743.714709282,-0.087775,-0.128689,1.016182,-0.003801,,,,,0.003077,0.000000,0.000000,0.766,1.200
1,1,4.5342,startup,0.2000,forward,1450.000,1169,increasing,1420.000,1422.144,1147,0,1783739743.714709282,-0.087775,-0.128689,1.016182,-0.003801,,,,,0.003077,0.000000,0.000000,0.765,1.201
1,1,4.5489,startup,0.2000,forward,1450.000,1169,increasing,1420.000,1420.904,1146,1,1783739743.815279245,-0.086511,-0.126210,1.015943,0.004042,0.0027729,-0.0002394,-0.0863373,-0.0239540,0.005850,0.000000,0.000000,0.765,1.201
1,1,4.5591,startup,0.2000,forward,1450.000,1169,increasing,1420.000,1420.904,1146,0,1783739743.815279245,-0.086511,-0.126210,1.015943,0.004042,,,,,0.005850,0.000000,0.000000,0.765,1.201
1,1,4.5808,startup,0.2000,forward,1450.000,1169,increasing,1420.000,1420.904,1146,0,1783739743.815279245,-0.086511,-0.126210,1.015943,0.004042,,,,,0.005850,0.000000,0.000000,0.765,1.201
1,1,4.6023,startup,0.2000,forward,1450.000,1169,increasing,1420.000,1420.904,1146,0,1783739743.815279245,-0.086511,-0.126210,1.015943,0.004042,,,,,0.005850,0.000000,0.000000,0.765,1.201
1,1,4.6238,startup,0.2000,forward,1450.000,1169,increasing,1420.000,1420.904,1146,0,1783739743.815279245,-0.086511,-0.126210,1.015943,0.004042,,,,,0.005850,0.000000,0.000000,0.765,1.201
1,1,4.6454,startup,0.2000,forward,1450.000,1169,increasing,1420.000,1420.904,1146,0,1783739743.815279245,-0.086511,-0.126210,1.015943,0.004042,,,,,0.005850,0.000000,0.000000,0.767,1.197
1,1,4.6491,startup,0.2000,forward,1450.000,1169,increasing,1420.000,1419.664,1145,1,1783739743.913429976,-0.086206,-0.123039,1.015910,0.010306,0.0028560,-0.0000329,-0.0115066,-0.0031931,0.008706,0.000000,0.000000,0.767,1.197
1,1,4.6593,startup,0.2000,forward,1450.000,1169,increasing,1420.000,1419.664,1145,0,1783739743.913429976,-0.086206,-0.123039,1.015910,0.010306,,,,,0.008706,0.000000,0.000000,0.767,1.197
1,1,4.6809,startup,0.2000,forward,1450.000,1169,increasing,1420.000,1419.664,1145,0,1783739743.913429976,-0.086206,-0.123039,1.015910,0.010306,,,,,0.008706,0.000000,0.000000,0.767,1.197
1,1,4.7025,startup,0.2000,forward,1450.000,1169,increasing,1420.000,1419.664,1145,0,1783739743.913429976,-0.086206,-0.123039,1.015910,0.010306,,,,,0.008706,0.000000,0.000000,0.767,1.197
1,1,4.7240,startup,0.2000,forward,1450.000,1169,increasing,1420.000,1419.664,1145,0,1783739743.913429976,-0.086206,-0.123039,1.015910,0.010306,,,,,0.008706,0.000000,0.000000,0.767,1.197
1,1,4.7458,startup,0.2000,forward,1450.000,1169,increasing,1420.000,1419.664,1145,0,1783739743.913429976,-0.086206,-0.123039,1.015910,0.010306,,,,,0.008706,0.000000,0.000000,0.772,1.195
1,1,4.7497,startup,0.2000,forward,1450.000,1169,increasing,1420.000,1419.664,1145,0,1783739743.913429976,-0.086206,-0.123039,1.015910,0.010306,,,,,0.008706,0.000000,0.000000,0.772,1.195
1,1,4.7717,startup,0.2000,forward,1450.000,1169,increasing,1420.000,1418.424,1144,1,1783739744.013952255,-0.080992,-0.122887,1.019127,0.014864,0.0028688,0.0032167,1.1212567,0.3016533,0.011575,0.000000,0.000000,0.772,1.195
1,1,4.7738,startup,0.2000,forward,1450.000,1169,increasing,1420.000,1418.424,1144,0,1783739744.013952255,-0.080992,-0.122887,1.019127,0.014864,,,,,0.011575,0.000000,0.000000,0.772,1.195
1,1,4.7956,startup,0.2000,forward,1450.000,1169,increasing,1420.000,1418.424,1144,0,1783739744.013952255,-0.080992,-0.122887,1.019127,0.014864,,,,,0.011575,0.000000,0.000000,0.772,1.195
1,1,4.8172,startup,0.2000,forward,1450.000,1169,increasing,1420.000,1418.424,1144,0,1783739744.013952255,-0.080992,-0.122887,1.019127,0.014864,,,,,0.011575,0.000000,0.000000,0.772,1.195
1,1,4.8387,startup,0.2000,forward,1450.000,1169,increasing,1420.000,1418.424,1144,0,1783739744.013952255,-0.080992,-0.122887,1.019127,0.014864,,,,,0.011575,0.000000,0.000000,0.771,1.192
1,1,4.8500,startup,0.2000,forward,1450.000,1169,increasing,1420.000,1418.424,1144,0,1783739744.013952255,-0.080992,-0.122887,1.019127,0.014864,,,,,0.011575,0.000000,0.000000,0.771,1.192
1,1,4.8719,startup,0.2000,forward,1450.000,1169,increasing,1420.000,1415.324,1141,1,1783739744.114539862,-0.078790,-0.119391,1.018940,0.021418,0.0041322,-0.0001869,-0.0452256,-0.0125494,0.015707,0.000000,0.000000,0.771,1.192
1,1,4.8763,startup,0.2000,forward,1450.000,1169,increasing,1420.000,1415.324,1141,0,1783739744.114539862,-0.078790,-0.119391,1.018940,0.021418,,,,,0.015707,0.000000,0.000000,0.771,1.192
1,1,4.8981,startup,0.2000,forward,1450.000,1169,increasing,1420.000,1415.324,1141,0,1783739744.114539862,-0.078790,-0.119391,1.018940,0.021418,,,,,0.015707,0.000000,0.000000,0.771,1.192
1,1,4.9198,startup,0.2000,forward,1450.000,1169,increasing,1420.000,1415.324,1141,0,1783739744.114539862,-0.078790,-0.119391,1.018940,0.021418,,,,,0.015707,0.000000,0.000000,0.771,1.192
1,1,4.9414,startup,0.2000,forward,1450.000,1169,increasing,1420.000,1415.324,1141,0,1783739744.114539862,-0.078790,-0.119391,1.018940,0.021418,,,,,0.015707,0.000000,0.000000,0.772,1.192
1,1,4.9507,startup,0.2000,forward,1450.000,1169,increasing,1420.000,1412.224,1139,1,1783739744.214871407,-0.081026,-0.119243,1.019404,0.013458,-0.0010457,0.0004644,-0.4440804,-0.1226141,0.016753,0.000000,0.000000,0.772,1.192
1,1,4.9612,startup,0.2000,forward,1450.000,1169,increasing,1420.000,1412.224,1139,0,1783739744.214871407,-0.081026,-0.119243,1.019404,0.013458,,,,,0.016753,0.000000,0.000000,0.772,1.192
1,1,4.9829,startup,0.2000,forward,1450.000,1169,increasing,1420.000,1412.224,1139,0,1783739744.214871407,-0.081026,-0.119243,1.019404,0.013458,,,,,0.016753,0.000000,0.000000,0.772,1.192
1,1,5.0044,startup,0.2000,forward,1450.000,1169,increasing,1420.000,1412.224,1139,0,1783739744.214871407,-0.081026,-0.119243,1.019404,0.013458,,,,,0.016753,0.000000,0.000000,0.772,1.192
1,1,5.0259,startup,0.2000,forward,1450.000,1169,increasing,1420.000,1412.224,1139,0,1783739744.214871407,-0.081026,-0.119243,1.019404,0.013458,,,,,0.016753,0.000000,0.000000,0.772,1.192
1,1,5.0475,startup,0.2000,forward,1450.000,1169,increasing,1420.000,1412.224,1139,0,1783739744.214871407,-0.081026,-0.119243,1.019404,0.013458,,,,,0.016753,0.000000,0.000000,0.772,1.191
1,1,5.0500,startup,0.2000,forward,1450.000,1169,increasing,1420.000,1409.124,1136,1,1783739744.315451622,-0.081248,-0.119936,1.019392,0.008337,-0.0007069,-0.0000124,0.0175326,0.0048653,0.017460,0.000000,0.000000,0.772,1.191
1,1,5.0636,startup,0.2000,forward,1450.000,1169,increasing,1420.000,1409.124,1136,0,1783739744.315451622,-0.081248,-0.119936,1.019392,0.008337,,,,,0.017460,0.000000,0.000000,0.772,1.191
1,1,5.0854,startup,0.2000,forward,1450.000,1169,increasing,1420.000,1409.124,1136,0,1783739744.315451622,-0.081248,-0.119936,1.019392,0.008337,,,,,0.017460,0.000000,0.000000,0.772,1.191
1,1,5.1070,startup,0.2000,forward,1450.000,1169,increasing,1420.000,1409.124,1136,0,1783739744.315451622,-0.081248,-0.119936,1.019392,0.008337,,,,,0.017460,0.000000,0.000000,0.772,1.191
1,1,5.1285,startup,0.2000,forward,1450.000,1169,increasing,1420.000,1409.124,1136,0,1783739744.315451622,-0.081248,-0.119936,1.019392,0.008337,,,,,0.017460,0.000000,0.000000,0.771,1.192
1,1,5.1497,startup,0.2000,forward,1450.000,1169,increasing,1420.000,1406.024,1134,1,1783739744.413674831,-0.079235,-0.120073,1.019107,0.008641,0.0009384,-0.0002844,-0.3030980,-0.0839122,0.018398,0.000000,0.000000,0.771,1.192
1,1,5.1564,startup,0.2000,forward,1450.000,1169,increasing,1420.000,1406.024,1134,0,1783739744.413674831,-0.079235,-0.120073,1.019107,0.008641,,,,,0.018398,0.000000,0.000000,0.771,1.192
1,1,5.1782,startup,0.2000,forward,1450.000,1169,increasing,1420.000,1406.024,1134,0,1783739744.413674831,-0.079235,-0.120073,1.019107,0.008641,,,,,0.018398,0.000000,0.000000,0.771,1.192
1,1,5.1998,startup,0.2000,forward,1450.000,1169,increasing,1420.000,1406.024,1134,0,1783739744.413674831,-0.079235,-0.120073,1.019107,0.008641,,,,,0.018398,0.000000,0.000000,0.771,1.192
1,1,5.2214,startup,0.2000,forward,1450.000,1169,increasing,1420.000,1406.024,1134,0,1783739744.413674831,-0.079235,-0.120073,1.019107,0.008641,,,,,0.018398,0.000000,0.000000,0.771,1.192
1,1,5.2429,startup,0.2000,forward,1450.000,1169,increasing,1420.000,1406.024,1134,0,1783739744.413674831,-0.079235,-0.120073,1.019107,0.008641,,,,,0.018398,0.000000,0.000000,0.771,1.191
1,1,5.2497,startup,0.2000,forward,1450.000,1169,increasing,1420.000,1402.924,1131,1,1783739744.514139175,-0.080748,-0.118364,1.018558,0.008127,0.0006615,-0.0005494,-0.8304794,-0.2265034,0.019060,0.000000,0.000000,0.771,1.191
1,1,5.2641,startup,0.2000,forward,1450.000,1169,increasing,1420.000,1402.924,1131,0,1783739744.514139175,-0.080748,-0.118364,1.018558,0.008127,,,,,0.019060,0.000000,0.000000,0.771,1.191
1,1,5.2857,startup,0.2000,forward,1450.000,1169,increasing,1420.000,1402.924,1131,0,1783739744.514139175,-0.080748,-0.118364,1.018558,0.008127,,,,,0.019060,0.000000,0.000000,0.771,1.191
1,1,5.3073,startup,0.2000,forward,1450.000,1169,increasing,1420.000,1402.924,1131,0,1783739744.514139175,-0.080748,-0.118364,1.018558,0.008127,,,,,0.019060,0.000000,0.000000,0.771,1.191
1,1,5.3288,startup,0.2000,forward,1450.000,1169,increasing,1420.000,1402.924,1131,0,1783739744.514139175,-0.080748,-0.118364,1.018558,0.008127,,,,,0.019060,0.000000,0.000000,0.778,1.191
1,1,5.3503,startup,0.2000,forward,1450.000,1169,increasing,1420.000,1399.824,1129,1,1783739744.614613056,-0.083571,-0.111803,1.019506,0.016316,0.0041076,0.0009484,0.2308955,0.0639860,0.023167,0.000000,0.000000,0.778,1.191
1,1,5.3703,startup,0.2000,forward,1450.000,1169,increasing,1420.000,1399.824,1129,0,1783739744.614613056,-0.083571,-0.111803,1.019506,0.016316,,,,,0.023167,0.000000,0.000000,0.778,1.191
1,1,5.3919,startup,0.2000,forward,1450.000,1169,increasing,1420.000,1399.824,1129,0,1783739744.614613056,-0.083571,-0.111803,1.019506,0.016316,,,,,0.023167,0.000000,0.000000,0.778,1.191
1,1,5.4136,startup,0.2000,forward,1450.000,1169,increasing,1420.000,1399.824,1129,0,1783739744.614613056,-0.083571,-0.111803,1.019506,0.016316,,,,,0.023167,0.000000,0.000000,0.778,1.191
1,1,5.4351,startup,0.2000,forward,1450.000,1169,increasing,1420.000,1399.824,1129,0,1783739744.614613056,-0.083571,-0.111803,1.019506,0.016316,,,,,0.023167,0.000000,0.000000,0.789,1.169
1,1,5.4507,startup,0.2000,forward,1450.000,1169,increasing,1420.000,1396.724,1126,1,1783739744.715077639,-0.071696,-0.102822,1.022079,0.046736,0.0138636,0.0025733,0.1856143,0.0514625,0.037031,0.000000,0.000000,0.789,1.169
1,1,5.4645,startup,0.2000,forward,1450.000,1169,increasing,1420.000,1396.724,1126,0,1783739744.715077639,-0.071696,-0.102822,1.022079,0.046736,,,,,0.037031,0.000000,0.000000,0.789,1.169
1,1,5.4862,startup,0.2000,forward,1450.000,1169,increasing,1420.000,1396.724,1126,0,1783739744.715077639,-0.071696,-0.102822,1.022079,0.046736,,,,,0.037031,0.000000,0.000000,0.789,1.169
1,1,5.5078,startup,0.2000,forward,1450.000,1169,increasing,1420.000,1396.724,1126,0,1783739744.715077639,-0.071696,-0.102822,1.022079,0.046736,,,,,0.037031,0.000000,0.000000,0.789,1.169
1,1,5.5293,startup,0.2000,forward,1450.000,1169,increasing,1420.000,1396.724,1126,0,1783739744.715077639,-0.071696,-0.102822,1.022079,0.046736,,,,,0.037031,0.000000,0.000000,0.812,1.144
1,1,5.5487,startup,0.2000,forward,1450.000,1169,increasing,1420.000,1396.724,1126,0,1783739744.715077639,-0.071696,-0.102822,1.022079,0.046736,,,,,0.037031,0.000000,0.000000,0.812,1.144
1,1,5.5705,rolling,0.2000,forward,1450.000,1169,increasing,1420.000,1419.384,1145,1,1783739744.815435410,-0.059565,-0.082434,1.029815,0.094149,0.0237234,0.0077359,0.3260899,0.0902442,0.060754,0.000000,0.000000,0.812,1.144
1,1,5.5723,rolling,0.2000,forward,1450.000,1169,increasing,1420.000,1419.384,1145,0,1783739744.815435410,-0.059565,-0.082434,1.029815,0.094149,,,,,0.060754,0.000000,0.000000,0.812,1.144
1,1,5.5939,rolling,0.2000,forward,1450.000,1169,increasing,1420.000,1419.384,1145,0,1783739744.815435410,-0.059565,-0.082434,1.029815,0.094149,,,,,0.060754,0.000000,0.000000,0.812,1.144
1,1,5.6155,rolling,0.2000,forward,1450.000,1169,increasing,1420.000,1419.384,1145,0,1783739744.815435410,-0.059565,-0.082434,1.029815,0.094149,,,,,0.060754,0.000000,0.000000,0.812,1.144
1,1,5.6370,rolling,0.2000,forward,1450.000,1169,increasing,1420.000,1419.384,1145,0,1783739744.815435410,-0.059565,-0.082434,1.029815,0.094149,,,,,0.060754,0.000000,0.000000,0.844,1.117
1,1,5.6492,rolling,0.2000,forward,1450.000,1169,increasing,1420.000,1419.384,1145,0,1783739744.815435410,-0.059565,-0.082434,1.029815,0.094149,,,,,0.060754,0.000000,0.000000,0.844,1.117
1,1,5.6710,rolling,0.2000,forward,1450.000,1169,increasing,1420.000,1418.696,1144,1,1783739744.913557529,-0.041417,-0.049852,1.037026,0.165592,0.0372787,0.0072107,0.1934277,0.0536247,0.098033,0.037279,0.007211,0.844,1.117
1,1,5.6728,rolling,0.2000,forward,1450.000,1169,increasing,1420.000,1418.696,1144,0,1783739744.913557529,-0.041417,-0.049852,1.037026,0.165592,,,,,0.098033,0.037279,0.007211,0.844,1.117
1,1,5.6944,rolling,0.2000,forward,1450.000,1169,increasing,1420.000,1418.696,1144,0,1783739744.913557529,-0.041417,-0.049852,1.037026,0.165592,,,,,0.098033,0.037279,0.007211,0.844,1.117
1,1,5.7159,rolling,0.2000,forward,1450.000,1169,increasing,1420.000,1418.696,1144,0,1783739744.913557529,-0.041417,-0.049852,1.037026,0.165592,,,,,0.098033,0.037279,0.007211,0.844,1.117
1,1,5.7374,rolling,0.2000,forward,1450.000,1169,increasing,1420.000,1418.696,1144,0,1783739744.913557529,-0.041417,-0.049852,1.037026,0.165592,,,,,0.098033,0.037279,0.007211,0.874,1.086
1,1,5.7496,rolling,0.2000,forward,1450.000,1169,increasing,1420.000,1419.543,1145,1,1783739745.014062881,-0.022451,-0.021939,1.043570,0.207953,0.0336729,0.0065441,0.1943422,0.0538778,0.131706,0.070952,0.013755,0.874,1.086
1,1,5.7615,rolling,0.2000,forward,1450.000,1169,increasing,1420.000,1419.543,1145,0,1783739745.014062881,-0.022451,-0.021939,1.043570,0.207953,,,,,0.131706,0.070952,0.013755,0.874,1.086
1,1,5.7835,rolling,0.2000,forward,1450.000,1169,increasing,1420.000,1419.543,1145,0,1783739745.014062881,-0.022451,-0.021939,1.043570,0.207953,,,,,0.131706,0.070952,0.013755,0.874,1.086
1,1,5.8052,rolling,0.2000,forward,1450.000,1169,increasing,1420.000,1419.543,1145,0,1783739745.014062881,-0.022451,-0.021939,1.043570,0.207953,,,,,0.131706,0.070952,0.013755,0.874,1.086
1,1,5.8268,rolling,0.2000,forward,1450.000,1169,increasing,1420.000,1419.543,1145,0,1783739745.014062881,-0.022451,-0.021939,1.043570,0.207953,,,,,0.131706,0.070952,0.013755,0.874,1.086
1,1,5.8483,rolling,0.2000,forward,1450.000,1169,increasing,1420.000,1419.543,1145,0,1783739745.014062881,-0.022451,-0.021939,1.043570,0.207953,,,,,0.131706,0.070952,0.013755,0.896,1.066
1,1,5.8508,rolling,0.2000,forward,1450.000,1169,increasing,1420.000,1419.815,1145,1,1783739745.114468098,-0.010190,0.001400,1.047104,0.221549,0.0263402,0.0035338,0.1341607,0.0372124,0.158046,0.097292,0.017289,0.896,1.066
1,1,5.8675,rolling,0.2000,forward,1450.000,1169,increasing,1420.000,1419.815,1145,0,1783739745.114468098,-0.010190,0.001400,1.047104,0.221549,,,,,0.158046,0.097292,0.017289,0.896,1.066
1,1,5.8891,rolling,0.2000,forward,1450.000,1169,increasing,1420.000,1419.815,1145,0,1783739745.114468098,-0.010190,0.001400,1.047104,0.221549,,,,,0.158046,0.097292,0.017289,0.896,1.066
1,1,5.9107,rolling,0.2000,forward,1450.000,1169,increasing,1420.000,1419.815,1145,0,1783739745.114468098,-0.010190,0.001400,1.047104,0.221549,,,,,0.158046,0.097292,0.017289,0.896,1.066
1,1,5.9322,rolling,0.2000,forward,1450.000,1169,increasing,1420.000,1419.815,1145,0,1783739745.114468098,-0.010190,0.001400,1.047104,0.221549,,,,,0.158046,0.097292,0.017289,0.919,1.044
1,1,5.9484,rolling,0.2000,forward,1450.000,1169,increasing,1420.000,1419.948,1145,1,1783739745.215015173,0.002513,0.022891,1.049095,0.228230,0.0249631,0.0019910,0.0797592,0.0221296,0.183009,0.122255,0.019280,0.919,1.044
1,1,5.9662,rolling,0.2000,forward,1450.000,1169,increasing,1420.000,1419.948,1145,0,1783739745.215015173,0.002513,0.022891,1.049095,0.228230,,,,,0.183009,0.122255,0.019280,0.919,1.044
1,1,5.9878,rolling,0.2000,forward,1450.000,1169,increasing,1420.000,1419.948,1145,0,1783739745.215015173,0.002513,0.022891,1.049095,0.228230,,,,,0.183009,0.122255,0.019280,0.919,1.044
1,1,6.0093,rolling,0.2000,forward,1450.000,1169,increasing,1420.000,1419.948,1145,0,1783739745.215015173,0.002513,0.022891,1.049095,0.228230,,,,,0.183009,0.122255,0.019280,0.919,1.044
1,1,6.0308,rolling,0.2000,forward,1450.000,1169,increasing,1420.000,1419.948,1145,0,1783739745.215015173,0.002513,0.022891,1.049095,0.228230,,,,,0.183009,0.122255,0.019280,0.934,1.028
1,1,6.0485,rolling,0.2000,forward,1450.000,1169,increasing,1420.000,1419.736,1145,1,1783739745.313176155,0.011454,0.038788,1.050570,0.217624,0.0182388,0.0014753,0.0808884,0.0224428,0.201248,0.140494,0.020755,0.934,1.028
1,1,6.0609,rolling,0.2000,forward,1450.000,1169,increasing,1420.000,1419.736,1145,0,1783739745.313176155,0.011454,0.038788,1.050570,0.217624,,,,,0.201248,0.140494,0.020755,0.934,1.028
1,1,6.0825,rolling,0.2000,forward,1450.000,1169,increasing,1420.000,1419.736,1145,0,1783739745.313176155,0.011454,0.038788,1.050570,0.217624,,,,,0.201248,0.140494,0.020755,0.934,1.028
1,1,6.1042,rolling,0.2000,forward,1450.000,1169,increasing,1420.000,1419.736,1145,0,1783739745.313176155,0.011454,0.038788,1.050570,0.217624,,,,,0.201248,0.140494,0.020755,0.934,1.028
1,1,6.1258,rolling,0.2000,forward,1450.000,1169,increasing,1420.000,1419.736,1145,0,1783739745.313176155,0.011454,0.038788,1.050570,0.217624,,,,,0.201248,0.140494,0.020755,0.934,1.028
1,1,6.1475,rolling,0.2000,forward,1450.000,1169,increasing,1420.000,1419.736,1145,0,1783739745.313176155,0.011454,0.038788,1.050570,0.217624,,,,,0.201248,0.140494,0.020755,0.945,1.010
1,1,6.1500,rolling,0.2000,forward,1450.000,1169,increasing,1420.000,1419.268,1145,1,1783739745.413378000,0.016669,0.050117,1.052503,0.194213,0.0124231,0.0019322,0.1555362,0.0431345,0.213671,0.152917,0.022687,0.945,1.010
1,1,6.1642,rolling,0.2000,forward,1450.000,1169,increasing,1420.000,1419.268,1145,0,1783739745.413378000,0.016669,0.050117,1.052503,0.194213,,,,,0.213671,0.152917,0.022687,0.945,1.010
1,1,6.1858,rolling,0.2000,forward,1450.000,1169,increasing,1420.000,1419.268,1145,0,1783739745.413378000,0.016669,0.050117,1.052503,0.194213,,,,,0.213671,0.152917,0.022687,0.945,1.010
1,1,6.2074,rolling,0.2000,forward,1450.000,1169,increasing,1420.000,1419.268,1145,0,1783739745.413378000,0.016669,0.050117,1.052503,0.194213,,,,,0.213671,0.152917,0.022687,0.945,1.010
1,1,6.2289,rolling,0.2000,forward,1450.000,1169,increasing,1420.000,1419.268,1145,0,1783739745.413378000,0.016669,0.050117,1.052503,0.194213,,,,,0.213671,0.152917,0.022687,0.956,1.002
1,1,6.2476,rolling,0.2000,forward,1450.000,1169,increasing,1420.000,1418.833,1144,1,1783739745.513944626,0.024067,0.058308,1.052618,0.172459,0.0107803,0.0001156,0.0107253,0.0029763,0.224451,0.163697,0.022803,0.956,1.002
1,1,6.2585,rolling,0.2000,forward,1450.000,1169,increasing,1420.000,1418.833,1144,0,1783739745.513944626,0.024067,0.058308,1.052618,0.172459,,,,,0.224451,0.163697,0.022803,0.956,1.002
1,1,6.2801,rolling,0.2000,forward,1450.000,1169,increasing,1420.000,1418.833,1144,0,1783739745.513944626,0.024067,0.058308,1.052618,0.172459,,,,,0.224451,0.163697,0.022803,0.956,1.002
1,1,6.3016,rolling,0.2000,forward,1450.000,1169,increasing,1420.000,1418.833,1144,0,1783739745.513944626,0.024067,0.058308,1.052618,0.172459,,,,,0.224451,0.163697,0.022803,0.956,1.002
1,1,6.3233,rolling,0.2000,forward,1450.000,1169,increasing,1420.000,1418.833,1144,0,1783739745.513944626,0.024067,0.058308,1.052618,0.172459,,,,,0.224451,0.163697,0.022803,0.967,0.989
1,1,6.3453,rolling,0.2000,forward,1450.000,1169,increasing,1420.000,1418.715,1144,1,1783739745.612222910,0.032609,0.070284,1.055105,0.166568,0.0146331,0.0024866,0.1699299,0.0471206,0.239085,0.178330,0.025289,0.967,0.989
1,1,6.3642,rolling,0.2000,forward,1450.000,1169,increasing,1420.000,1418.715,1144,0,1783739745.612222910,0.032609,0.070284,1.055105,0.166568,,,,,0.239085,0.178330,0.025289,0.967,0.989
1,1,6.3859,rolling,0.2000,forward,1450.000,1169,increasing,1420.000,1418.715,1144,0,1783739745.612222910,0.032609,0.070284,1.055105,0.166568,,,,,0.239085,0.178330,0.025289,0.967,0.989
1,1,6.4077,rolling,0.2000,forward,1450.000,1169,increasing,1420.000,1418.715,1144,0,1783739745.612222910,0.032609,0.070284,1.055105,0.166568,,,,,0.239085,0.178330,0.025289,0.967,0.989
1,1,6.4293,rolling,0.2000,forward,1450.000,1169,increasing,1420.000,1418.715,1144,0,1783739745.612222910,0.032609,0.070284,1.055105,0.166568,,,,,0.239085,0.178330,0.025289,0.976,0.978
1,1,6.4456,rolling,0.2000,forward,1450.000,1169,increasing,1420.000,1418.446,1144,1,1783739745.710134268,0.037705,0.080080,1.057128,0.153102,0.0110349,0.0020233,0.1833518,0.0508363,0.250119,0.189365,0.027313,0.976,0.978
1,1,6.4572,rolling,0.2000,forward,1450.000,1169,increasing,1420.000,1418.446,1144,0,1783739745.710134268,0.037705,0.080080,1.057128,0.153102,,,,,0.250119,0.189365,0.027313,0.976,0.978
1,1,6.4788,rolling,0.2000,forward,1450.000,1169,increasing,1420.000,1418.446,1144,0,1783739745.710134268,0.037705,0.080080,1.057128,0.153102,,,,,0.250119,0.189365,0.027313,0.976,0.978
1,1,6.5003,rolling,0.2000,forward,1450.000,1169,increasing,1420.000,1418.446,1144,0,1783739745.710134268,0.037705,0.080080,1.057128,0.153102,,,,,0.250119,0.189365,0.027313,0.976,0.978
1,1,6.5220,rolling,0.2000,forward,1450.000,1169,increasing,1420.000,1418.446,1144,0,1783739745.710134268,0.037705,0.080080,1.057128,0.153102,,,,,0.250119,0.189365,0.027313,0.976,0.978
1,1,6.5435,rolling,0.2000,forward,1450.000,1169,increasing,1420.000,1418.446,1144,0,1783739745.710134268,0.037705,0.080080,1.057128,0.153102,,,,,0.250119,0.189365,0.027313,0.987,0.969
1,1,6.5463,rolling,0.2000,forward,1450.000,1169,increasing,1420.000,1418.133,1144,1,1783739745.810569048,0.040486,0.088952,1.058451,0.137465,0.0090949,0.0013233,0.1454968,0.0403534,0.259214,0.198460,0.028636,0.987,0.969
1,1,6.5577,rolling,0.2000,forward,1450.000,1169,increasing,1420.000,1418.133,1144,0,1783739745.810569048,0.040486,0.088952,1.058451,0.137465,,,,,0.259214,0.198460,0.028636,0.987,0.969
1,1,6.5794,rolling,0.2000,forward,1450.000,1169,increasing,1420.000,1418.133,1144,0,1783739745.810569048,0.040486,0.088952,1.058451,0.137465,,,,,0.259214,0.198460,0.028636,0.987,0.969
1,1,6.6009,rolling,0.2000,forward,1450.000,1169,increasing,1420.000,1418.133,1144,0,1783739745.810569048,0.040486,0.088952,1.058451,0.137465,,,,,0.259214,0.198460,0.028636,0.987,0.969
1,1,6.6224,rolling,0.2000,forward,1450.000,1169,increasing,1420.000,1418.133,1144,0,1783739745.810569048,0.040486,0.088952,1.058451,0.137465,,,,,0.259214,0.198460,0.028636,0.996,0.959
1,1,6.6446,rolling,0.2000,forward,1450.000,1169,increasing,1420.000,1417.957,1144,1,1783739745.911252499,0.043816,0.098903,1.056512,0.128682,0.0103034,-0.0019397,-0.1882577,-0.0521941,0.269518,0.208763,0.026696,0.996,0.959
1,1,6.6665,rolling,0.2000,forward,1450.000,1169,increasing,1420.000,1417.957,1144,0,1783739745.911252499,0.043816,0.098903,1.056512,0.128682,,,,,0.269518,0.208763,0.026696,0.996,0.959
1,1,6.6679,rolling,0.2000,forward,1450.000,1169,increasing,1420.000,1417.957,1144,0,1783739745.911252499,0.043816,0.098903,1.056512,0.128682,,,,,0.269518,0.208763,0.026696,0.996,0.959
1,1,6.6895,rolling,0.2000,forward,1450.000,1169,increasing,1420.000,1417.957,1144,0,1783739745.911252499,0.043816,0.098903,1.056512,0.128682,,,,,0.269518,0.208763,0.026696,0.996,0.959
1,1,6.7110,rolling,0.2000,forward,1450.000,1169,increasing,1420.000,1417.957,1144,0,1783739745.911252499,0.043816,0.098903,1.056512,0.128682,,,,,0.269518,0.208763,0.026696,0.996,0.959
1,1,6.7325,rolling,0.2000,forward,1450.000,1169,increasing,1420.000,1417.957,1144,0,1783739745.911252499,0.043816,0.098903,1.056512,0.128682,,,,,0.269518,0.208763,0.026696,1.002,0.951
1,1,6.7453,rolling,0.2000,forward,1450.000,1169,increasing,1420.000,1417.751,1143,1,1783739746.009508848,0.045544,0.107786,1.055716,0.118352,0.0085839,-0.0007959,-0.0927146,-0.0257226,0.278102,0.208763,0.026696,1.002,0.951
1,1,6.7605,rolling,0.2000,forward,1450.000,1169,increasing,1420.000,1417.751,1143,0,1783739746.009508848,0.045544,0.107786,1.055716,0.118352,,,,,0.278102,0.208763,0.026696,1.002,0.951
1,1,6.7821,rolling,0.2000,forward,1450.000,1169,increasing,1420.000,1417.751,1143,0,1783739746.009508848,0.045544,0.107786,1.055716,0.118352,,,,,0.278102,0.208763,0.026696,1.002,0.951
1,1,6.8037,rolling,0.2000,forward,1450.000,1169,increasing,1420.000,1417.751,1143,0,1783739746.009508848,0.045544,0.107786,1.055716,0.118352,,,,,0.278102,0.208763,0.026696,1.002,0.951
1,1,6.8253,rolling,0.2000,forward,1450.000,1169,increasing,1420.000,1417.751,1143,0,1783739746.009508848,0.045544,0.107786,1.055716,0.118352,,,,,0.278102,0.208763,0.026696,1.011,0.943
1,1,6.8456,rolling,0.2000,forward,1450.000,1169,increasing,1420.000,1417.461,1143,1,1783739746.109930754,0.051662,0.111290,1.058513,0.103844,0.0060575,0.0027972,0.4617689,0.1274463,0.284159,0.208763,0.026696,1.011,0.943
1,1,6.8652,rolling,0.2000,forward,1450.000,1169,increasing,1420.000,1417.461,1143,0,1783739746.109930754,0.051662,0.111290,1.058513,0.103844,,,,,0.284159,0.208763,0.026696,1.011,0.943
1,1,6.8869,rolling,0.2000,forward,1450.000,1169,increasing,1420.000,1417.461,1143,0,1783739746.109930754,0.051662,0.111290,1.058513,0.103844,,,,,0.284159,0.208763,0.026696,1.011,0.943
1,1,6.9084,rolling,0.2000,forward,1450.000,1169,increasing,1420.000,1417.461,1143,0,1783739746.109930754,0.051662,0.111290,1.058513,0.103844,,,,,0.284159,0.208763,0.026696,1.011,0.943
1,1,6.9299,rolling,0.2000,forward,1450.000,1169,increasing,1420.000,1417.461,1143,0,1783739746.109930754,0.051662,0.111290,1.058513,0.103844,,,,,0.284159,0.208763,0.026696,1.016,0.936
1,1,6.9461,rolling,0.2000,forward,1450.000,1169,increasing,1420.000,1417.227,1143,1,1783739746.210487604,0.052711,0.117300,1.058559,0.092187,0.0057534,0.0000458,0.0079627,0.0022097,0.289913,0.208763,0.026696,1.016,0.936
1,1,6.9667,rolling,0.2000,forward,1450.000,1169,increasing,1420.000,1417.227,1143,0,1783739746.210487604,0.052711,0.117300,1.058559,0.092187,,,,,0.289913,0.208763,0.026696,1.016,0.936
1,1,6.9883,rolling,0.2000,forward,1450.000,1169,increasing,1420.000,1417.227,1143,0,1783739746.210487604,0.052711,0.117300,1.058559,0.092187,,,,,0.289913,0.208763,0.026696,1.016,0.936
1,1,7.0098,rolling,0.2000,forward,1450.000,1169,increasing,1420.000,1417.227,1143,0,1783739746.210487604,0.052711,0.117300,1.058559,0.092187,,,,,0.289913,0.208763,0.026696,1.016,0.936
1,1,7.0313,rolling,0.2000,forward,1450.000,1169,increasing,1420.000,1417.227,1143,0,1783739746.210487604,0.052711,0.117300,1.058559,0.092187,,,,,0.289913,0.208763,0.026696,1.025,0.930
1,1,7.0438,rolling,0.2000,forward,1450.000,1169,increasing,1420.000,1417.140,1143,1,1783739746.311030626,0.059181,0.122288,1.059755,0.087830,0.0075165,0.0011965,0.1591878,0.0441459,0.297429,0.208763,0.026696,1.025,0.930
1,1,7.0576,rolling,0.2000,forward,1450.000,1169,increasing,1420.000,1417.140,1143,0,1783739746.311030626,0.059181,0.122288,1.059755,0.087830,,,,,0.297429,0.208763,0.026696,1.025,0.930
1,1,7.0792,rolling,0.2000,forward,1450.000,1169,increasing,1420.000,1417.140,1143,0,1783739746.311030626,0.059181,0.122288,1.059755,0.087830,,,,,0.297429,0.208763,0.026696,1.025,0.930
1,1,7.1008,rolling,0.2000,forward,1450.000,1169,increasing,1420.000,1417.140,1143,0,1783739746.311030626,0.059181,0.122288,1.059755,0.087830,,,,,0.297429,0.208763,0.026696,1.025,0.930
1,1,7.1225,rolling,0.2000,forward,1450.000,1169,increasing,1420.000,1417.140,1143,0,1783739746.311030626,0.059181,0.122288,1.059755,0.087830,,,,,0.297429,0.208763,0.026696,1.028,0.924
1,1,7.1447,rolling,0.2000,forward,1450.000,1169,increasing,1420.000,1416.929,1143,1,1783739746.408772707,0.060722,0.126539,1.061004,0.077285,0.0044619,0.0012491,0.2799471,0.0775296,0.301891,0.208763,0.026696,1.028,0.924
1,1,7.1575,rolling,0.2000,forward,1450.000,1169,increasing,1420.000,1416.929,1143,0,1783739746.408772707,0.060722,0.126539,1.061004,0.077285,,,,,0.301891,0.208763,0.026696,1.028,0.924
1,1,7.1792,rolling,0.2000,forward,1450.000,1169,increasing,1420.000,1416.929,1143,0,1783739746.408772707,0.060722,0.126539,1.061004,0.077285,,,,,0.301891,0.208763,0.026696,1.028,0.924
1,1,7.2007,rolling,0.2000,forward,1450.000,1169,increasing,1420.000,1416.929,1143,0,1783739746.408772707,0.060722,0.126539,1.061004,0.077285,,,,,0.301891,0.208763,0.026696,1.028,0.924
1,1,7.2222,rolling,0.2000,forward,1450.000,1169,increasing,1420.000,1416.929,1143,0,1783739746.408772707,0.060722,0.126539,1.061004,0.077285,,,,,0.301891,0.208763,0.026696,1.028,0.924
1,1,7.2438,rolling,0.2000,forward,1450.000,1169,increasing,1420.000,1416.929,1143,0,1783739746.408772707,0.060722,0.126539,1.061004,0.077285,,,,,0.301891,0.208763,0.026696,1.028,0.921
1,1,7.2463,rolling,0.2000,forward,1450.000,1169,increasing,1420.000,1416.597,1142,1,1783739746.509484291,0.061467,0.127360,1.060516,0.060645,0.0010803,-0.0004882,-0.4518944,-0.1247495,0.302971,0.208763,0.026696,1.028,0.921
1,1,7.2631,rolling,0.2000,forward,1450.000,1169,increasing,1420.000,1416.597,1142,0,1783739746.509484291,0.061467,0.127360,1.060516,0.060645,,,,,0.302971,0.208763,0.026696,1.028,0.921
1,1,7.2848,rolling,0.2000,forward,1450.000,1169,increasing,1420.000,1416.597,1142,0,1783739746.509484291,0.061467,0.127360,1.060516,0.060645,,,,,0.302971,0.208763,0.026696,1.028,0.921
1,1,7.3063,rolling,0.2000,forward,1450.000,1169,increasing,1420.000,1416.597,1142,0,1783739746.509484291,0.061467,0.127360,1.060516,0.060645,,,,,0.302971,0.208763,0.026696,1.028,0.921
1,1,7.3279,rolling,0.2000,forward,1450.000,1169,increasing,1420.000,1416.597,1142,0,1783739746.509484291,0.061467,0.127360,1.060516,0.060645,,,,,0.302971,0.208763,0.026696,1.028,0.921
1,1,7.3456,rolling,0.2000,forward,1450.000,1169,increasing,1420.000,1416.348,1142,1,1783739746.609925032,0.061701,0.128487,1.060019,0.048216,0.0010977,-0.0004978,-0.4534459,-0.1251734,0.304069,0.208763,0.026696,1.028,0.921
1,1,7.3519,rolling,0.2000,forward,1450.000,1169,increasing,1420.000,1416.348,1142,0,1783739746.609925032,0.061701,0.128487,1.060019,0.048216,,,,,0.304069,0.208763,0.026696,1.028,0.921
1,1,7.3735,rolling,0.2000,forward,1450.000,1169,increasing,1420.000,1416.348,1142,0,1783739746.609925032,0.061701,0.128487,1.060019,0.048216,,,,,0.304069,0.208763,0.026696,1.028,0.921
1,1,7.3950,rolling,0.2000,forward,1450.000,1169,increasing,1420.000,1416.348,1142,0,1783739746.609925032,0.061701,0.128487,1.060019,0.048216,,,,,0.304069,0.208763,0.026696,1.028,0.921
1,1,7.4166,rolling,0.2000,forward,1450.000,1169,increasing,1420.000,1416.348,1142,0,1783739746.609925032,0.061701,0.128487,1.060019,0.048216,,,,,0.304069,0.208763,0.026696,1.028,0.921
1,1,7.4381,rolling,0.2000,forward,1450.000,1169,increasing,1420.000,1416.348,1142,0,1783739746.609925032,0.061701,0.128487,1.060019,0.048216,,,,,0.304069,0.208763,0.026696,1.028,0.922
1,1,7.4460,rolling,0.2000,forward,1450.000,1169,increasing,1420.000,1416.195,1142,1,1783739746.710231543,0.063190,0.129675,1.060763,0.040558,0.0017637,0.0007447,0.4222483,0.1166420,0.305833,0.208763,0.026696,1.028,0.922
1,1,7.4576,rolling,0.2000,forward,1450.000,1169,increasing,1420.000,1416.195,1142,0,1783739746.710231543,0.063190,0.129675,1.060763,0.040558,,,,,0.305833,0.208763,0.026696,1.028,0.922
1,1,7.4793,rolling,0.2000,forward,1450.000,1169,increasing,1420.000,1416.195,1142,0,1783739746.710231543,0.063190,0.129675,1.060763,0.040558,,,,,0.305833,0.208763,0.026696,1.028,0.922
1,1,7.5009,rolling,0.2000,forward,1450.000,1169,increasing,1420.000,1416.195,1142,0,1783739746.710231543,0.063190,0.129675,1.060763,0.040558,,,,,0.305833,0.208763,0.026696,1.028,0.922
1,1,7.5225,rolling,0.2000,forward,1450.000,1169,increasing,1420.000,1416.195,1142,0,1783739746.710231543,0.063190,0.129675,1.060763,0.040558,,,,,0.305833,0.208763,0.026696,1.028,0.920
1,1,7.5442,rolling,0.2000,forward,1450.000,1169,increasing,1420.000,1415.994,1142,1,1783739746.810904741,0.062110,0.130324,1.060702,0.030516,0.0000393,-0.0000610,-1.5530235,-0.4069114,0.305872,0.208763,0.026696,1.028,0.920
1,1,7.5611,rolling,0.2000,forward,1450.000,1169,increasing,1420.000,1415.994,1142,0,1783739746.810904741,0.062110,0.130324,1.060702,0.030516,,,,,0.305872,0.208763,0.026696,1.028,0.920
1,1,7.5827,rolling,0.2000,forward,1450.000,1169,increasing,1420.000,1415.994,1142,0,1783739746.810904741,0.062110,0.130324,1.060702,0.030516,,,,,0.305872,0.208763,0.026696,1.028,0.920
1,1,7.6043,rolling,0.2000,forward,1450.000,1169,increasing,1420.000,1415.994,1142,0,1783739746.810904741,0.062110,0.130324,1.060702,0.030516,,,,,0.305872,0.208763,0.026696,1.028,0.920
1,1,7.6258,rolling,0.2000,forward,1450.000,1169,increasing,1420.000,1415.994,1142,0,1783739746.810904741,0.062110,0.130324,1.060702,0.030516,,,,,0.305872,0.208763,0.026696,1.028,0.920
1,1,7.6447,rolling,0.2000,forward,1450.000,1169,increasing,1420.000,1415.785,1142,1,1783739746.909072399,0.061121,0.129609,1.061055,0.020067,-0.0011072,0.0003532,-0.3189737,-0.0882851,0.306979,0.208763,0.026696,1.028,0.920
1,1,7.6542,rolling,0.2000,forward,1450.000,1169,increasing,1420.000,1415.785,1142,0,1783739746.909072399,0.061121,0.129609,1.061055,0.020067,,,,,0.306979,0.208763,0.026696,1.028,0.920
1,1,7.6758,rolling,0.2000,forward,1450.000,1169,increasing,1420.000,1415.785,1142,0,1783739746.909072399,0.061121,0.129609,1.061055,0.020067,,,,,0.306979,0.208763,0.026696,1.028,0.920
1,1,7.6973,rolling,0.2000,forward,1450.000,1169,increasing,1420.000,1415.785,1142,0,1783739746.909072399,0.061121,0.129609,1.061055,0.020067,,,,,0.306979,0.208763,0.026696,1.028,0.920
1,1,7.7188,rolling,0.2000,forward,1450.000,1169,increasing,1420.000,1415.785,1142,0,1783739746.909072399,0.061121,0.129609,1.061055,0.020067,,,,,0.306979,0.208763,0.026696,1.028,0.920
1,1,7.7403,rolling,0.2000,forward,1450.000,1169,increasing,1420.000,1415.785,1142,0,1783739746.909072399,0.061121,0.129609,1.061055,0.020067,,,,,0.306979,0.208763,0.026696,1.028,0.921
1,1,7.7453,rolling,0.2000,forward,1450.000,1169,increasing,1420.000,1415.729,1142,1,1783739747.009598255,0.062021,0.130114,1.061247,0.017240,0.0008804,0.0001920,0.2180365,0.0604314,0.307860,0.208763,0.026696,1.028,0.921
1,1,7.7571,rolling,0.2000,forward,1450.000,1169,increasing,1420.000,1415.729,1142,0,1783739747.009598255,0.062021,0.130114,1.061247,0.017240,,,,,0.307860,0.208763,0.026696,1.028,0.921
1,1,7.7787,rolling,0.2000,forward,1450.000,1169,increasing,1420.000,1415.729,1142,0,1783739747.009598255,0.062021,0.130114,1.061247,0.017240,,,,,0.307860,0.208763,0.026696,1.028,0.921
1,1,7.8002,rolling,0.2000,forward,1450.000,1169,increasing,1420.000,1415.729,1142,0,1783739747.009598255,0.062021,0.130114,1.061247,0.017240,,,,,0.307860,0.208763,0.026696,1.028,0.921
1,1,7.8217,rolling,0.2000,forward,1450.000,1169,increasing,1420.000,1415.729,1142,0,1783739747.009598255,0.062021,0.130114,1.061247,0.017240,,,,,0.307860,0.208763,0.026696,1.028,0.921
1,1,7.8433,rolling,0.2000,forward,1450.000,1169,increasing,1420.000,1415.729,1142,0,1783739747.009598255,0.062021,0.130114,1.061247,0.017240,,,,,0.307860,0.208763,0.026696,1.030,0.920
1,1,7.8459,rolling,0.2000,forward,1450.000,1169,increasing,1420.000,1415.659,1142,1,1783739747.110155821,0.062875,0.130018,1.062120,0.013756,0.0003322,0.0008730,2.6277784,0.6300612,0.308192,0.208763,0.026696,1.030,0.920
1,1,7.8587,rolling,0.2000,forward,1450.000,1169,increasing,1420.000,1415.659,1142,0,1783739747.110155821,0.062875,0.130018,1.062120,0.013756,,,,,0.308192,0.208763,0.026696,1.030,0.920
1,1,7.8804,rolling,0.2000,forward,1450.000,1169,increasing,1420.000,1415.659,1142,0,1783739747.110155821,0.062875,0.130018,1.062120,0.013756,,,,,0.308192,0.208763,0.026696,1.030,0.920
1,1,7.9019,rolling,0.2000,forward,1450.000,1169,increasing,1420.000,1415.659,1142,0,1783739747.110155821,0.062875,0.130018,1.062120,0.013756,,,,,0.308192,0.208763,0.026696,1.030,0.920
1,1,7.9235,rolling,0.2000,forward,1450.000,1169,increasing,1420.000,1415.659,1142,0,1783739747.110155821,0.062875,0.130018,1.062120,0.013756,,,,,0.308192,0.208763,0.026696,1.030,0.920
1,1,7.9450,rolling,0.2000,forward,1450.000,1169,increasing,1420.000,1415.659,1142,0,1783739747.110155821,0.062875,0.130018,1.062120,0.013756,,,,,0.308192,0.208763,0.026696,1.028,0.920
1,1,7.9475,rolling,0.2000,forward,1450.000,1169,increasing,1420.000,1415.561,1142,1,1783739747.210671663,0.063804,0.128840,1.061985,0.008885,-0.0005756,-0.0001358,0.2358697,0.0653606,0.308767,0.208763,0.026696,1.028,0.920
1,1,7.9656,rolling,0.2000,forward,1450.000,1169,increasing,1420.000,1415.561,1142,0,1783739747.210671663,0.063804,0.128840,1.061985,0.008885,,,,,0.308767,0.208763,0.026696,1.028,0.920
1,1,7.9873,rolling,0.2000,forward,1450.000,1169,increasing,1420.000,1415.561,1142,0,1783739747.210671663,0.063804,0.128840,1.061985,0.008885,,,,,0.308767,0.208763,0.026696,1.028,0.920
1,1,8.0089,rolling,0.2000,forward,1450.000,1169,increasing,1420.000,1415.561,1142,0,1783739747.210671663,0.063804,0.128840,1.061985,0.008885,,,,,0.308767,0.208763,0.026696,1.028,0.920
1,1,8.0305,rolling,0.2000,forward,1450.000,1169,increasing,1420.000,1415.561,1142,0,1783739747.210671663,0.063804,0.128840,1.061985,0.008885,,,,,0.308767,0.208763,0.026696,1.028,0.920
1,1,8.0441,rolling,0.2000,forward,1450.000,1169,increasing,1420.000,1412.461,1139,1,1783739747.311197996,0.062749,0.128846,1.062025,0.005399,-0.0005089,0.0000405,-0.0795924,-0.0220833,0.309276,0.208763,0.026696,1.028,0.920
1,1,8.0567,rolling,0.2000,forward,1450.000,1169,increasing,1420.000,1412.461,1139,0,1783739747.311197996,0.062749,0.128846,1.062025,0.005399,,,,,0.309276,0.208763,0.026696,1.028,0.920
1,1,8.0783,rolling,0.2000,forward,1450.000,1169,increasing,1420.000,1412.461,1139,0,1783739747.311197996,0.062749,0.128846,1.062025,0.005399,,,,,0.309276,0.208763,0.026696,1.028,0.920
1,1,8.1000,rolling,0.2000,forward,1450.000,1169,increasing,1420.000,1412.461,1139,0,1783739747.311197996,0.062749,0.128846,1.062025,0.005399,,,,,0.309276,0.208763,0.026696,1.028,0.920
1,1,8.1216,rolling,0.2000,forward,1450.000,1169,increasing,1420.000,1412.461,1139,0,1783739747.311197996,0.062749,0.128846,1.062025,0.005399,,,,,0.309276,0.208763,0.026696,1.028,0.920
1,1,8.1431,rolling,0.2000,forward,1450.000,1169,increasing,1420.000,1412.461,1139,0,1783739747.311197996,0.062749,0.128846,1.062025,0.005399,,,,,0.309276,0.208763,0.026696,1.028,0.920
1,1,8.1457,rolling,0.2000,forward,1450.000,1169,increasing,1420.000,1409.361,1137,1,1783739747.408942699,0.063117,0.129101,1.062164,0.005077,0.0004020,0.0001384,0.3443083,0.0952564,0.309678,0.208763,0.026696,1.028,0.920
1,1,8.1598,rolling,0.2000,forward,1450.000,1169,increasing,1420.000,1409.361,1137,0,1783739747.408942699,0.063117,0.129101,1.062164,0.005077,,,,,0.309678,0.208763,0.026696,1.028,0.920
1,1,8.1815,rolling,0.2000,forward,1450.000,1169,increasing,1420.000,1409.361,1137,0,1783739747.408942699,0.063117,0.129101,1.062164,0.005077,,,,,0.309678,0.208763,0.026696,1.028,0.920
1,1,8.2030,rolling,0.2000,forward,1450.000,1169,increasing,1420.000,1409.361,1137,0,1783739747.408942699,0.063117,0.129101,1.062164,0.005077,,,,,0.309678,0.208763,0.026696,1.028,0.920
1,1,8.2245,rolling,0.2000,forward,1450.000,1169,increasing,1420.000,1409.361,1137,0,1783739747.408942699,0.063117,0.129101,1.062164,0.005077,,,,,0.309678,0.208763,0.026696,1.028,0.920
1,1,8.2457,rolling,0.2000,forward,1450.000,1169,increasing,1420.000,1406.261,1134,1,1783739747.509642839,0.062693,0.130735,1.062190,0.006838,0.0012206,0.0000268,0.0219425,0.0060890,0.310899,0.208763,0.026696,1.028,0.920
1,1,8.2535,rolling,0.2000,forward,1450.000,1169,increasing,1420.000,1406.261,1134,0,1783739747.509642839,0.062693,0.130735,1.062190,0.006838,,,,,0.310899,0.208763,0.026696,1.028,0.920
1,1,8.2752,rolling,0.2000,forward,1450.000,1169,increasing,1420.000,1406.261,1134,0,1783739747.509642839,0.062693,0.130735,1.062190,0.006838,,,,,0.310899,0.208763,0.026696,1.028,0.920
1,1,8.2968,rolling,0.2000,forward,1450.000,1169,increasing,1420.000,1406.261,1134,0,1783739747.509642839,0.062693,0.130735,1.062190,0.006838,,,,,0.310899,0.208763,0.026696,1.028,0.920
1,1,8.3183,rolling,0.2000,forward,1450.000,1169,increasing,1420.000,1406.261,1134,0,1783739747.509642839,0.062693,0.130735,1.062190,0.006838,,,,,0.310899,0.208763,0.026696,1.028,0.920
1,1,8.3400,rolling,0.2000,forward,1450.000,1169,increasing,1420.000,1406.261,1134,0,1783739747.509642839,0.062693,0.130735,1.062190,0.006838,,,,,0.310899,0.208763,0.026696,1.031,0.919
1,1,8.3455,rolling,0.2000,forward,1450.000,1169,increasing,1420.000,1403.161,1132,1,1783739747.610243082,0.062294,0.132536,1.062105,0.008554,0.0013784,-0.0000856,-0.0621277,-0.0172387,0.312277,0.208763,0.026696,1.031,0.919
1,1,8.3535,rolling,0.2000,forward,1450.000,1169,increasing,1420.000,1403.161,1132,0,1783739747.610243082,0.062294,0.132536,1.062105,0.008554,,,,,0.312277,0.208763,0.026696,1.031,0.919
1,1,8.3751,rolling,0.2000,forward,1450.000,1169,increasing,1420.000,1403.161,1132,0,1783739747.610243082,0.062294,0.132536,1.062105,0.008554,,,,,0.312277,0.208763,0.026696,1.031,0.919
1,1,8.3966,rolling,0.2000,forward,1450.000,1169,increasing,1420.000,1403.161,1132,0,1783739747.610243082,0.062294,0.132536,1.062105,0.008554,,,,,0.312277,0.208763,0.026696,1.031,0.919
1,1,8.4183,rolling,0.2000,forward,1450.000,1169,increasing,1420.000,1403.161,1132,0,1783739747.610243082,0.062294,0.132536,1.062105,0.008554,,,,,0.312277,0.208763,0.026696,1.031,0.919
1,1,8.4400,rolling,0.2000,forward,1450.000,1169,increasing,1420.000,1403.161,1132,0,1783739747.610243082,0.062294,0.132536,1.062105,0.008554,,,,,0.312277,0.208763,0.026696,1.033,0.917
1,1,8.4459,rolling,0.2000,forward,1450.000,1169,increasing,1420.000,1400.061,1129,1,1783739747.710494757,0.064465,0.135339,1.062509,0.015156,0.0035051,0.0004045,0.1154085,0.0320149,0.315782,0.208763,0.026696,1.033,0.917
1,1,8.4616,rolling,0.2000,forward,1450.000,1169,increasing,1420.000,1400.061,1129,0,1783739747.710494757,0.064465,0.135339,1.062509,0.015156,,,,,0.315782,0.208763,0.026696,1.033,0.917
1,1,8.4834,rolling,0.2000,forward,1450.000,1169,increasing,1420.000,1400.061,1129,0,1783739747.710494757,0.064465,0.135339,1.062509,0.015156,,,,,0.315782,0.208763,0.026696,1.033,0.917
1,1,8.5052,rolling,0.2000,forward,1450.000,1169,increasing,1420.000,1400.061,1129,0,1783739747.710494757,0.064465,0.135339,1.062509,0.015156,,,,,0.315782,0.208763,0.026696,1.033,0.917
1,1,8.5269,rolling,0.2000,forward,1450.000,1169,increasing,1420.000,1400.061,1129,0,1783739747.710494757,0.064465,0.135339,1.062509,0.015156,,,,,0.315782,0.208763,0.026696,1.046,0.909
1,1,8.5444,rolling,0.2000,forward,1450.000,1169,increasing,1420.000,1396.961,1127,1,1783739747.811031580,0.068882,0.145579,1.061674,0.038956,0.0110949,-0.0008348,-0.0752460,-0.0208777,0.326877,0.208763,0.026696,1.046,0.909
1,1,8.5565,rolling,0.2000,forward,1450.000,1169,increasing,1420.000,1396.961,1127,0,1783739747.811031580,0.068882,0.145579,1.061674,0.038956,,,,,0.326877,0.208763,0.026696,1.046,0.909
1,1,8.5782,rolling,0.2000,forward,1450.000,1169,increasing,1420.000,1396.961,1127,0,1783739747.811031580,0.068882,0.145579,1.061674,0.038956,,,,,0.326877,0.208763,0.026696,1.046,0.909
1,1,8.5997,rolling,0.2000,forward,1450.000,1169,increasing,1420.000,1396.961,1127,0,1783739747.811031580,0.068882,0.145579,1.061674,0.038956,,,,,0.326877,0.208763,0.026696,1.046,0.909
1,1,8.6212,rolling,0.2000,forward,1450.000,1169,increasing,1420.000,1396.961,1127,0,1783739747.811031580,0.068882,0.145579,1.061674,0.038956,,,,,0.326877,0.208763,0.026696,1.046,0.909
1,1,8.6427,rolling,0.2000,forward,1450.000,1169,increasing,1420.000,1396.961,1127,0,1783739747.811031580,0.068882,0.145579,1.061674,0.038956,,,,,0.326877,0.208763,0.026696,1.064,0.799
1,1,8.6451,rolling,0.2000,forward,1450.000,1169,increasing,1420.000,1419.384,1145,1,1783739747.909382820,0.081025,0.162742,1.061387,0.082356,0.0209049,-0.0002872,-0.0137393,-0.0038127,0.347782,0.208763,0.026696,1.064,0.799
1,1,8.6637,rolling,0.2000,forward,1450.000,1169,increasing,1420.000,1419.384,1145,0,1783739747.909382820,0.081025,0.162742,1.061387,0.082356,,,,,0.347782,0.208763,0.026696,1.064,0.799
1,1,8.6855,rolling,0.2000,forward,1450.000,1169,increasing,1420.000,1419.384,1145,0,1783739747.909382820,0.081025,0.162742,1.061387,0.082356,,,,,0.347782,0.208763,0.026696,1.064,0.799
1,1,8.7072,rolling,0.2000,forward,1450.000,1169,increasing,1420.000,1419.384,1145,0,1783739747.909382820,0.081025,0.162742,1.061387,0.082356,,,,,0.347782,0.208763,0.026696,1.064,0.799
1,1,8.7287,rolling,0.2000,forward,1450.000,1169,increasing,1420.000,1419.384,1145,0,1783739747.909382820,0.081025,0.162742,1.061387,0.082356,,,,,0.347782,0.208763,0.026696,1.092,0.873
1,1,8.7456,rolling,0.2000,forward,1450.000,1169,increasing,1420.000,1418.012,1144,1,1783739748.009943485,0.093109,0.188088,1.062412,0.131431,0.0280219,0.0010244,0.0365575,0.0101444,0.375804,0.236785,0.027721,1.092,0.873
1,1,8.7637,rolling,0.2000,forward,1450.000,1169,increasing,1420.000,1418.012,1144,0,1783739748.009943485,0.093109,0.188088,1.062412,0.131431,,,,,0.375804,0.236785,0.027721,1.092,0.873
1,1,8.7854,rolling,0.2000,forward,1450.000,1169,increasing,1420.000,1418.012,1144,0,1783739748.009943485,0.093109,0.188088,1.062412,0.131431,,,,,0.375804,0.236785,0.027721,1.092,0.873
1,1,8.8069,rolling,0.2000,forward,1450.000,1169,increasing,1420.000,1418.012,1144,0,1783739748.009943485,0.093109,0.188088,1.062412,0.131431,,,,,0.375804,0.236785,0.027721,1.092,0.873
1,1,8.8284,rolling,0.2000,forward,1450.000,1169,increasing,1420.000,1418.012,1144,0,1783739748.009943485,0.093109,0.188088,1.062412,0.131431,,,,,0.375804,0.236785,0.027721,1.117,0.748
1,1,8.8464,rolling,0.2000,forward,1450.000,1169,increasing,1420.000,1418.791,1144,1,1783739748.110431910,0.109699,0.211896,1.067909,0.170383,0.0288643,0.0054971,0.1904468,0.0527999,0.404668,0.265650,0.033218,1.117,0.748
1,1,8.8651,rolling,0.2000,forward,1450.000,1169,increasing,1420.000,1418.791,1144,0,1783739748.110431910,0.109699,0.211896,1.067909,0.170383,,,,,0.404668,0.265650,0.033218,1.117,0.748
1,1,8.8867,rolling,0.2000,forward,1450.000,1169,increasing,1420.000,1418.791,1144,0,1783739748.110431910,0.109699,0.211896,1.067909,0.170383,,,,,0.404668,0.265650,0.033218,1.117,0.748
1,1,8.9082,rolling,0.2000,forward,1450.000,1169,increasing,1420.000,1418.791,1144,0,1783739748.110431910,0.109699,0.211896,1.067909,0.170383,,,,,0.404668,0.265650,0.033218,1.117,0.748
1,1,8.9297,rolling,0.2000,forward,1450.000,1169,increasing,1420.000,1418.791,1144,0,1783739748.110431910,0.109699,0.211896,1.067909,0.170383,,,,,0.404668,0.265650,0.033218,1.137,0.729
1,1,8.9463,rolling,0.2000,forward,1450.000,1169,increasing,1420.000,1419.082,1144,1,1783739748.211028337,0.121160,0.231836,1.071507,0.184932,0.0229942,0.0035985,0.1564975,0.0434008,0.427663,0.288644,0.036816,1.137,0.729
1,1,8.9656,rolling,0.2000,forward,1450.000,1169,increasing,1420.000,1419.082,1144,0,1783739748.211028337,0.121160,0.231836,1.071507,0.184932,,,,,0.427663,0.288644,0.036816,1.137,0.729
1,1,8.9872,rolling,0.2000,forward,1450.000,1169,increasing,1420.000,1419.082,1144,0,1783739748.211028337,0.121160,0.231836,1.071507,0.184932,,,,,0.427663,0.288644,0.036816,1.137,0.729
1,1,9.0087,rolling,0.2000,forward,1450.000,1169,increasing,1420.000,1419.082,1144,0,1783739748.211028337,0.121160,0.231836,1.071507,0.184932,,,,,0.427663,0.288644,0.036816,1.137,0.729
1,1,9.0302,rolling,0.2000,forward,1450.000,1169,increasing,1420.000,1419.082,1144,0,1783739748.211028337,0.121160,0.231836,1.071507,0.184932,,,,,0.427663,0.288644,0.036816,1.158,0.697
1,1,9.0471,rolling,0.2000,forward,1450.000,1169,increasing,1420.000,1419.132,1144,1,1783739748.311255455,0.128256,0.250203,1.075049,0.187406,0.0195269,0.0035418,0.1813788,0.0502902,0.447189,0.308171,0.040358,1.158,0.697
1,1,9.0631,rolling,0.2000,forward,1450.000,1169,increasing,1420.000,1419.132,1144,0,1783739748.311255455,0.128256,0.250203,1.075049,0.187406,,,,,0.447189,0.308171,0.040358,1.158,0.697
1,1,9.0848,rolling,0.2000,forward,1450.000,1169,increasing,1420.000,1419.132,1144,0,1783739748.311255455,0.128256,0.250203,1.075049,0.187406,,,,,0.447189,0.308171,0.040358,1.158,0.697
1,1,9.1063,rolling,0.2000,forward,1450.000,1169,increasing,1420.000,1419.132,1144,0,1783739748.311255455,0.128256,0.250203,1.075049,0.187406,,,,,0.447189,0.308171,0.040358,1.158,0.697
1,1,9.1279,rolling,0.2000,forward,1450.000,1169,increasing,1420.000,1419.132,1144,0,1783739748.311255455,0.128256,0.250203,1.075049,0.187406,,,,,0.447189,0.308171,0.040358,1.176,0.680
1,1,9.1484,rolling,0.2000,forward,1450.000,1169,increasing,1420.000,1419.320,1145,1,1783739748.412041664,0.139375,0.269985,1.076322,0.196836,0.0226898,0.0012725,0.0560822,0.0155616,0.469879,0.330860,0.041631,1.176,0.680
1,2,10.1656,startup,-0.2000,reverse,1450.000,1169,increasing,1420.000,1588.509,1281,0,1783739749.409666777,0.149559,0.286197,1.080165,0.005398,,,,,0.000000,0.000000,0.000000,1.197,0.664
1,2,10.1872,startup,-0.2000,reverse,1450.000,1169,increasing,1420.000,1588.509,1281,0,1783739749.409666777,0.149559,0.286197,1.080165,0.005398,,,,,0.000000,0.000000,0.000000,1.197,0.664
1,2,10.2087,startup,-0.2000,reverse,1450.000,1169,increasing,1420.000,1588.509,1281,0,1783739749.409666777,0.149559,0.286197,1.080165,0.005398,,,,,0.000000,0.000000,0.000000,1.197,0.664
1,2,10.2302,startup,-0.2000,reverse,1450.000,1169,increasing,1420.000,1588.509,1281,0,1783739749.409666777,0.149559,0.286197,1.080165,0.005398,,,,,0.000000,0.000000,0.000000,1.198,0.666
1,2,10.2433,startup,-0.2000,reverse,1450.000,1169,increasing,1420.000,1589.749,1282,1,1783739749.510176182,0.147162,0.290058,1.080442,0.009712,0.0022768,0.0002768,0.1215914,0.0337288,0.002277,0.000000,0.000000,1.198,0.666
1,2,10.2597,startup,-0.2000,reverse,1450.000,1169,increasing,1420.000,1589.749,1282,0,1783739749.510176182,0.147162,0.290058,1.080442,0.009712,,,,,0.002277,0.000000,0.000000,1.198,0.666
1,2,10.2813,startup,-0.2000,reverse,1450.000,1169,increasing,1420.000,1589.749,1282,0,1783739749.510176182,0.147162,0.290058,1.080442,0.009712,,,,,0.002277,0.000000,0.000000,1.198,0.666
1,2,10.3029,startup,-0.2000,reverse,1450.000,1169,increasing,1420.000,1589.749,1282,0,1783739749.510176182,0.147162,0.290058,1.080442,0.009712,,,,,0.002277,0.000000,0.000000,1.198,0.666
1,2,10.3244,startup,-0.2000,reverse,1450.000,1169,increasing,1420.000,1589.749,1282,0,1783739749.510176182,0.147162,0.290058,1.080442,0.009712,,,,,0.002277,0.000000,0.000000,1.197,0.668
1,2,10.3439,startup,-0.2000,reverse,1450.000,1169,increasing,1420.000,1590.989,1283,1,1783739749.608243465,0.150322,0.286083,1.081261,0.002132,-0.0020208,0.0008189,-0.4052209,-0.1119784,0.004298,0.000000,0.000000,1.197,0.668
1,2,10.3659,startup,-0.2000,reverse,1450.000,1169,increasing,1420.000,1590.989,1283,0,1783739749.608243465,0.150322,0.286083,1.081261,0.002132,,,,,0.004298,0.000000,0.000000,1.197,0.668
1,2,10.3672,startup,-0.2000,reverse,1450.000,1169,increasing,1420.000,1590.989,1283,0,1783739749.608243465,0.150322,0.286083,1.081261,0.002132,,,,,0.004298,0.000000,0.000000,1.197,0.668
1,2,10.3887,startup,-0.2000,reverse,1450.000,1169,increasing,1420.000,1590.989,1283,0,1783739749.608243465,0.150322,0.286083,1.081261,0.002132,,,,,0.004298,0.000000,0.000000,1.197,0.668
1,2,10.4102,startup,-0.2000,reverse,1450.000,1169,increasing,1420.000,1590.989,1283,0,1783739749.608243465,0.150322,0.286083,1.081261,0.002132,,,,,0.004298,0.000000,0.000000,1.197,0.668
1,2,10.4317,startup,-0.2000,reverse,1450.000,1169,increasing,1420.000,1590.989,1283,0,1783739749.608243465,0.150322,0.286083,1.081261,0.002132,,,,,0.004298,0.000000,0.000000,1.197,0.669
1,2,10.4420,startup,-0.2000,reverse,1450.000,1169,increasing,1420.000,1592.229,1284,1,1783739749.708761454,0.146999,0.285782,1.080104,-0.002951,-0.0018295,-0.0011572,0.6325358,0.1737586,0.006127,0.000000,0.000000,1.197,0.669
1,2,10.4577,startup,-0.2000,reverse,1450.000,1169,increasing,1420.000,1592.229,1284,0,1783739749.708761454,0.146999,0.285782,1.080104,-0.002951,,,,,0.006127,0.000000,0.000000,1.197,0.669
1,2,10.4793,startup,-0.2000,reverse,1450.000,1169,increasing,1420.000,1592.229,1284,0,1783739749.708761454,0.146999,0.285782,1.080104,-0.002951,,,,,0.006127,0.000000,0.000000,1.197,0.669
1,2,10.5011,startup,-0.2000,reverse,1450.000,1169,increasing,1420.000,1592.229,1284,0,1783739749.708761454,0.146999,0.285782,1.080104,-0.002951,,,,,0.006127,0.000000,0.000000,1.197,0.669
1,2,10.5229,startup,-0.2000,reverse,1450.000,1169,increasing,1420.000,1592.229,1284,0,1783739749.708761454,0.146999,0.285782,1.080104,-0.002951,,,,,0.006127,0.000000,0.000000,1.197,0.668
1,2,10.5428,startup,-0.2000,reverse,1450.000,1169,increasing,1420.000,1593.469,1285,1,1783739749.806870937,0.147367,0.287722,1.079731,0.002587,0.0018840,-0.0003729,-0.1979120,-0.0548655,0.008011,0.000000,0.000000,1.197,0.668
1,2,10.5596,startup,-0.2000,reverse,1450.000,1169,increasing,1420.000,1593.469,1285,0,1783739749.806870937,0.147367,0.287722,1.079731,0.002587,,,,,0.008011,0.000000,0.000000,1.197,0.668
1,2,10.5814,startup,-0.2000,reverse,1450.000,1169,increasing,1420.000,1593.469,1285,0,1783739749.806870937,0.147367,0.287722,1.079731,0.002587,,,,,0.008011,0.000000,0.000000,1.197,0.668
1,2,10.6030,startup,-0.2000,reverse,1450.000,1169,increasing,1420.000,1593.469,1285,0,1783739749.806870937,0.147367,0.287722,1.079731,0.002587,,,,,0.008011,0.000000,0.000000,1.197,0.668
1,2,10.6246,startup,-0.2000,reverse,1450.000,1169,increasing,1420.000,1593.469,1285,0,1783739749.806870937,0.147367,0.287722,1.079731,0.002587,,,,,0.008011,0.000000,0.000000,1.196,0.669
1,2,10.6427,startup,-0.2000,reverse,1450.000,1169,increasing,1420.000,1596.569,1288,1,1783739749.907535553,0.149325,0.288966,1.079510,0.006959,0.0020206,-0.0002208,-0.1092631,-0.0303112,0.010032,0.000000,0.000000,1.196,0.669
1,2,10.6580,startup,-0.2000,reverse,1450.000,1169,increasing,1420.000,1596.569,1288,0,1783739749.907535553,0.149325,0.288966,1.079510,0.006959,,,,,0.010032,0.000000,0.000000,1.196,0.669
1,2,10.6797,startup,-0.2000,reverse,1450.000,1169,increasing,1420.000,1596.569,1288,0,1783739749.907535553,0.149325,0.288966,1.079510,0.006959,,,,,0.010032,0.000000,0.000000,1.196,0.669
1,2,10.7012,startup,-0.2000,reverse,1450.000,1169,increasing,1420.000,1596.569,1288,0,1783739749.907535553,0.149325,0.288966,1.079510,0.006959,,,,,0.010032,0.000000,0.000000,1.196,0.669
1,2,10.7228,startup,-0.2000,reverse,1450.000,1169,increasing,1420.000,1596.569,1288,0,1783739749.907535553,0.149325,0.288966,1.079510,0.006959,,,,,0.010032,0.000000,0.000000,1.196,0.669
1,2,10.7434,startup,-0.2000,reverse,1450.000,1169,increasing,1420.000,1599.669,1290,1,1783739750.007669210,0.150729,0.288215,1.080029,0.005217,-0.0000007,0.0005194,,,0.010032,0.000000,0.000000,1.196,0.669
1,2,10.7558,startup,-0.2000,reverse,1450.000,1169,increasing,1420.000,1599.669,1290,0,1783739750.007669210,0.150729,0.288215,1.080029,0.005217,,,,,0.010032,0.000000,0.000000,1.196,0.669
1,2,10.7775,startup,-0.2000,reverse,1450.000,1169,increasing,1420.000,1599.669,1290,0,1783739750.007669210,0.150729,0.288215,1.080029,0.005217,,,,,0.010032,0.000000,0.000000,1.196,0.669
1,2,10.7992,startup,-0.2000,reverse,1450.000,1169,increasing,1420.000,1599.669,1290,0,1783739750.007669210,0.150729,0.288215,1.080029,0.005217,,,,,0.010032,0.000000,0.000000,1.196,0.669
1,2,10.8207,startup,-0.2000,reverse,1450.000,1169,increasing,1420.000,1599.669,1290,0,1783739750.007669210,0.150729,0.288215,1.080029,0.005217,,,,,0.010032,0.000000,0.000000,1.196,0.669
1,2,10.8423,startup,-0.2000,reverse,1450.000,1169,increasing,1420.000,1599.669,1290,0,1783739750.007669210,0.150729,0.288215,1.080029,0.005217,,,,,0.010032,0.000000,0.000000,1.191,0.682
1,2,10.8448,startup,-0.2000,reverse,1450.000,1169,increasing,1420.000,1602.769,1293,1,1783739750.108159304,0.147883,0.283899,1.079305,-0.008893,-0.0051477,-0.0007247,0.1407831,0.0390474,0.015180,0.000000,0.000000,1.191,0.682
1,2,10.8575,startup,-0.2000,reverse,1450.000,1169,increasing,1420.000,1602.769,1293,0,1783739750.108159304,0.147883,0.283899,1.079305,-0.008893,,,,,0.015180,0.000000,0.000000,1.191,0.682
1,2,10.8792,startup,-0.2000,reverse,1450.000,1169,increasing,1420.000,1602.769,1293,0,1783739750.108159304,0.147883,0.283899,1.079305,-0.008893,,,,,0.015180,0.000000,0.000000,1.191,0.682
1,2,10.9007,startup,-0.2000,reverse,1450.000,1169,increasing,1420.000,1602.769,1293,0,1783739750.108159304,0.147883,0.283899,1.079305,-0.008893,,,,,0.015180,0.000000,0.000000,1.191,0.682
1,2,10.9222,startup,-0.2000,reverse,1450.000,1169,increasing,1420.000,1602.769,1293,0,1783739750.108159304,0.147883,0.283899,1.079305,-0.008893,,,,,0.015180,0.000000,0.000000,1.183,0.687
1,2,10.9422,startup,-0.2000,reverse,1450.000,1169,increasing,1420.000,1605.869,1295,1,1783739750.208815575,0.141961,0.275190,1.077440,-0.032684,-0.0104739,-0.0018650,0.1780660,0.0493732,0.025654,0.000000,0.000000,1.183,0.687
1,2,10.9637,startup,-0.2000,reverse,1450.000,1169,increasing,1420.000,1605.869,1295,0,1783739750.208815575,0.141961,0.275190,1.077440,-0.032684,,,,,0.025654,0.000000,0.000000,1.183,0.687
1,2,10.9854,startup,-0.2000,reverse,1450.000,1169,increasing,1420.000,1605.869,1295,0,1783739750.208815575,0.141961,0.275190,1.077440,-0.032684,,,,,0.025654,0.000000,0.000000,1.183,0.687
1,2,11.0069,startup,-0.2000,reverse,1450.000,1169,increasing,1420.000,1605.869,1295,0,1783739750.208815575,0.141961,0.275190,1.077440,-0.032684,,,,,0.025654,0.000000,0.000000,1.183,0.687
1,2,11.0284,startup,-0.2000,reverse,1450.000,1169,increasing,1420.000,1605.869,1295,0,1783739750.208815575,0.141961,0.275190,1.077440,-0.032684,,,,,0.025654,0.000000,0.000000,1.166,0.710
1,2,11.0428,rolling,-0.2000,reverse,1450.000,1169,increasing,1420.000,1592.509,1284,1,1783739750.307013035,0.135499,0.259597,1.078094,-0.067270,-0.0167944,0.0006543,-0.0389574,-0.0108103,0.042448,0.000000,0.000000,1.166,0.710
1,2,11.0595,rolling,-0.2000,reverse,1450.000,1169,increasing,1420.000,1592.509,1284,0,1783739750.307013035,0.135499,0.259597,1.078094,-0.067270,,,,,0.042448,0.000000,0.000000,1.166,0.710
1,2,11.0812,rolling,-0.2000,reverse,1450.000,1169,increasing,1420.000,1592.509,1284,0,1783739750.307013035,0.135499,0.259597,1.078094,-0.067270,,,,,0.042448,0.000000,0.000000,1.166,0.710
1,2,11.1027,rolling,-0.2000,reverse,1450.000,1169,increasing,1420.000,1592.509,1284,0,1783739750.307013035,0.135499,0.259597,1.078094,-0.067270,,,,,0.042448,0.000000,0.000000,1.166,0.710
1,2,11.1243,rolling,-0.2000,reverse,1450.000,1169,increasing,1420.000,1592.509,1284,0,1783739750.307013035,0.135499,0.259597,1.078094,-0.067270,,,,,0.042448,0.000000,0.000000,1.146,0.730
1,2,11.1432,rolling,-0.2000,reverse,1450.000,1169,increasing,1420.000,1593.909,1285,1,1783739750.407444000,0.128401,0.237775,1.078618,-0.106672,-0.0225850,0.0005244,-0.0232177,-0.0064428,0.065033,0.000000,0.000000,1.146,0.730
1,2,11.1583,rolling,-0.2000,reverse,1450.000,1169,increasing,1420.000,1593.909,1285,0,1783739750.407444000,0.128401,0.237775,1.078618,-0.106672,,,,,0.065033,0.000000,0.000000,1.146,0.730
1,2,11.1799,rolling,-0.2000,reverse,1450.000,1169,increasing,1420.000,1593.909,1285,0,1783739750.407444000,0.128401,0.237775,1.078618,-0.106672,,,,,0.065033,0.000000,0.000000,1.146,0.730
1,2,11.2014,rolling,-0.2000,reverse,1450.000,1169,increasing,1420.000,1593.909,1285,0,1783739750.407444000,0.128401,0.237775,1.078618,-0.106672,,,,,0.065033,0.000000,0.000000,1.146,0.730
1,2,11.2230,rolling,-0.2000,reverse,1450.000,1169,increasing,1420.000,1593.909,1285,0,1783739750.407444000,0.128401,0.237775,1.078618,-0.106672,,,,,0.065033,0.000000,0.000000,1.123,0.760
1,2,11.2437,rolling,-0.2000,reverse,1450.000,1169,increasing,1420.000,1593.909,1285,0,1783739750.407444000,0.128401,0.237775,1.078618,-0.106672,,,,,0.065033,0.000000,0.000000,1.123,0.760
1,2,11.2655,rolling,-0.2000,reverse,1450.000,1169,increasing,1420.000,1593.367,1285,1,1783739750.507951021,0.113430,0.217148,1.079603,-0.142815,-0.0252516,0.0009842,-0.0389768,-0.0108157,0.090285,-0.025252,0.000984,1.123,0.760
1,2,11.2674,rolling,-0.2000,reverse,1450.000,1169,increasing,1420.000,1593.367,1285,0,1783739750.507951021,0.113430,0.217148,1.079603,-0.142815,,,,,0.090285,-0.025252,0.000984,1.123,0.760
1,2,11.2890,rolling,-0.2000,reverse,1450.000,1169,increasing,1420.000,1593.367,1285,0,1783739750.507951021,0.113430,0.217148,1.079603,-0.142815,,,,,0.090285,-0.025252,0.000984,1.123,0.760
1,2,11.3106,rolling,-0.2000,reverse,1450.000,1169,increasing,1420.000,1593.367,1285,0,1783739750.507951021,0.113430,0.217148,1.079603,-0.142815,,,,,0.090285,-0.025252,0.000984,1.123,0.760
1,2,11.3321,rolling,-0.2000,reverse,1450.000,1169,increasing,1420.000,1593.367,1285,0,1783739750.507951021,0.113430,0.217148,1.079603,-0.142815,,,,,0.090285,-0.025252,0.000984,1.099,0.841
1,2,11.3443,rolling,-0.2000,reverse,1450.000,1169,increasing,1420.000,1592.904,1285,1,1783739750.608524561,0.097651,0.195240,1.079028,-0.173632,-0.0267610,-0.0005741,0.0214534,0.0059533,0.117046,-0.052013,0.000410,1.099,0.841
1,2,11.3569,rolling,-0.2000,reverse,1450.000,1169,increasing,1420.000,1592.904,1285,0,1783739750.608524561,0.097651,0.195240,1.079028,-0.173632,,,,,0.117046,-0.052013,0.000410,1.099,0.841
1,2,11.3785,rolling,-0.2000,reverse,1450.000,1169,increasing,1420.000,1592.904,1285,0,1783739750.608524561,0.097651,0.195240,1.079028,-0.173632,,,,,0.117046,-0.052013,0.000410,1.099,0.841
1,2,11.4001,rolling,-0.2000,reverse,1450.000,1169,increasing,1420.000,1592.904,1285,0,1783739750.608524561,0.097651,0.195240,1.079028,-0.173632,,,,,0.117046,-0.052013,0.000410,1.099,0.841
1,2,11.4216,rolling,-0.2000,reverse,1450.000,1169,increasing,1420.000,1592.904,1285,0,1783739750.608524561,0.097651,0.195240,1.079028,-0.173632,,,,,0.117046,-0.052013,0.000410,1.099,0.841
1,2,11.4432,rolling,-0.2000,reverse,1450.000,1169,increasing,1420.000,1592.904,1285,0,1783739750.608524561,0.097651,0.195240,1.079028,-0.173632,,,,,0.117046,-0.052013,0.000410,1.074,0.863
1,2,11.4456,rolling,-0.2000,reverse,1450.000,1169,increasing,1420.000,1592.744,1284,1,1783739750.709024429,0.090044,0.174641,1.077700,-0.184325,-0.0217484,-0.0013288,0.0610976,0.0169530,0.138794,-0.073761,-0.000919,1.074,0.863
1,2,11.4586,rolling,-0.2000,reverse,1450.000,1169,increasing,1420.000,1592.744,1284,0,1783739750.709024429,0.090044,0.174641,1.077700,-0.184325,,,,,0.138794,-0.073761,-0.000919,1.074,0.863
1,2,11.4802,rolling,-0.2000,reverse,1450.000,1169,increasing,1420.000,1592.744,1284,0,1783739750.709024429,0.090044,0.174641,1.077700,-0.184325,,,,,0.138794,-0.073761,-0.000919,1.074,0.863
1,2,11.5018,rolling,-0.2000,reverse,1450.000,1169,increasing,1420.000,1592.744,1284,0,1783739750.709024429,0.090044,0.174641,1.077700,-0.184325,,,,,0.138794,-0.073761,-0.000919,1.074,0.863
1,2,11.5233,rolling,-0.2000,reverse,1450.000,1169,increasing,1420.000,1592.744,1284,0,1783739750.709024429,0.090044,0.174641,1.077700,-0.184325,,,,,0.138794,-0.073761,-0.000919,1.056,0.882
1,2,11.5452,rolling,-0.2000,reverse,1450.000,1169,increasing,1420.000,1592.632,1284,1,1783739750.809561968,0.080465,0.155332,1.077520,-0.191811,-0.0215419,-0.0001794,0.0083284,0.0023111,0.160336,-0.095303,-0.001098,1.056,0.882
1,2,11.5608,rolling,-0.2000,reverse,1450.000,1169,increasing,1420.000,1592.632,1284,0,1783739750.809561968,0.080465,0.155332,1.077520,-0.191811,,,,,0.160336,-0.095303,-0.001098,1.056,0.882
1,2,11.5825,rolling,-0.2000,reverse,1450.000,1169,increasing,1420.000,1592.632,1284,0,1783739750.809561968,0.080465,0.155332,1.077520,-0.191811,,,,,0.160336,-0.095303,-0.001098,1.056,0.882
1,2,11.6040,rolling,-0.2000,reverse,1450.000,1169,increasing,1420.000,1592.632,1284,0,1783739750.809561968,0.080465,0.155332,1.077520,-0.191811,,,,,0.160336,-0.095303,-0.001098,1.056,0.882
1,2,11.6256,rolling,-0.2000,reverse,1450.000,1169,increasing,1420.000,1592.632,1284,0,1783739750.809561968,0.080465,0.155332,1.077520,-0.191811,,,,,0.160336,-0.095303,-0.001098,1.041,0.901
1,2,11.6430,rolling,-0.2000,reverse,1450.000,1169,increasing,1420.000,1592.603,1284,1,1783739750.910080194,0.069065,0.138710,1.076903,-0.193699,-0.0200396,-0.0006175,0.0308144,0.0085508,0.180376,-0.115343,-0.001716,1.041,0.901
1,2,11.6545,rolling,-0.2000,reverse,1450.000,1169,increasing,1420.000,1592.603,1284,0,1783739750.910080194,0.069065,0.138710,1.076903,-0.193699,,,,,0.180376,-0.115343,-0.001716,1.041,0.901
1,2,11.6761,rolling,-0.2000,reverse,1450.000,1169,increasing,1420.000,1592.603,1284,0,1783739750.910080194,0.069065,0.138710,1.076903,-0.193699,,,,,0.180376,-0.115343,-0.001716,1.041,0.901
1,2,11.6976,rolling,-0.2000,reverse,1450.000,1169,increasing,1420.000,1592.603,1284,0,1783739750.910080194,0.069065,0.138710,1.076903,-0.193699,,,,,0.180376,-0.115343,-0.001716,1.041,0.901
1,2,11.7191,rolling,-0.2000,reverse,1450.000,1169,increasing,1420.000,1592.603,1284,0,1783739750.910080194,0.069065,0.138710,1.076903,-0.193699,,,,,0.180376,-0.115343,-0.001716,1.041,0.901
1,2,11.7406,rolling,-0.2000,reverse,1450.000,1169,increasing,1420.000,1592.603,1284,0,1783739750.910080194,0.069065,0.138710,1.076903,-0.193699,,,,,0.180376,-0.115343,-0.001716,1.024,0.919
1,2,11.7435,rolling,-0.2000,reverse,1450.000,1169,increasing,1420.000,1592.639,1284,1,1783739751.007839203,0.059905,0.123187,1.076448,-0.191331,-0.0180099,-0.0004543,0.0252253,0.0069999,0.198386,-0.133353,-0.002170,1.024,0.919
1,2,11.7543,rolling,-0.2000,reverse,1450.000,1169,increasing,1420.000,1592.639,1284,0,1783739751.007839203,0.059905,0.123187,1.076448,-0.191331,,,,,0.198386,-0.133353,-0.002170,1.024,0.919
1,2,11.7760,rolling,-0.2000,reverse,1450.000,1169,increasing,1420.000,1592.639,1284,0,1783739751.007839203,0.059905,0.123187,1.076448,-0.191331,,,,,0.198386,-0.133353,-0.002170,1.024,0.919
1,2,11.7976,rolling,-0.2000,reverse,1450.000,1169,increasing,1420.000,1592.639,1284,0,1783739751.007839203,0.059905,0.123187,1.076448,-0.191331,,,,,0.198386,-0.133353,-0.002170,1.024,0.919
1,2,11.8191,rolling,-0.2000,reverse,1450.000,1169,increasing,1420.000,1592.639,1284,0,1783739751.007839203,0.059905,0.123187,1.076448,-0.191331,,,,,0.198386,-0.133353,-0.002170,1.024,0.919
1,2,11.8407,rolling,-0.2000,reverse,1450.000,1169,increasing,1420.000,1592.639,1284,0,1783739751.007839203,0.059905,0.123187,1.076448,-0.191331,,,,,0.198386,-0.133353,-0.002170,1.007,0.931
1,2,11.8440,rolling,-0.2000,reverse,1450.000,1169,increasing,1420.000,1592.875,1285,1,1783739751.108435392,0.055507,0.110892,1.077577,-0.175585,-0.0129112,0.0011281,-0.0873764,-0.0242422,0.211297,-0.146264,-0.001042,1.007,0.931
1,2,11.8608,rolling,-0.2000,reverse,1450.000,1169,increasing,1420.000,1592.875,1285,0,1783739751.108435392,0.055507,0.110892,1.077577,-0.175585,,,,,0.211297,-0.146264,-0.001042,1.007,0.931
1,2,11.8824,rolling,-0.2000,reverse,1450.000,1169,increasing,1420.000,1592.875,1285,0,1783739751.108435392,0.055507,0.110892,1.077577,-0.175585,,,,,0.211297,-0.146264,-0.001042,1.007,0.931
1,2,11.9041,rolling,-0.2000,reverse,1450.000,1169,increasing,1420.000,1592.875,1285,0,1783739751.108435392,0.055507,0.110892,1.077577,-0.175585,,,,,0.211297,-0.146264,-0.001042,1.007,0.931
1,2,11.9258,rolling,-0.2000,reverse,1450.000,1169,increasing,1420.000,1592.875,1285,0,1783739751.108435392,0.055507,0.110892,1.077577,-0.175585,,,,,0.211297,-0.146264,-0.001042,0.998,0.946
1,2,11.9447,rolling,-0.2000,reverse,1450.000,1169,increasing,1420.000,1593.051,1285,1,1783739751.208865881,0.052396,0.097895,1.079839,-0.163863,-0.0129252,0.0022628,-0.1750711,-0.0485441,0.224222,-0.159189,0.001221,0.998,0.946
1,2,11.9587,rolling,-0.2000,reverse,1450.000,1169,increasing,1420.000,1593.051,1285,0,1783739751.208865881,0.052396,0.097895,1.079839,-0.163863,,,,,0.224222,-0.159189,0.001221,0.998,0.946
1,2,11.9803,rolling,-0.2000,reverse,1450.000,1169,increasing,1420.000,1593.051,1285,0,1783739751.208865881,0.052396,0.097895,1.079839,-0.163863,,,,,0.224222,-0.159189,0.001221,0.998,0.946
1,2,12.0019,rolling,-0.2000,reverse,1450.000,1169,increasing,1420.000,1593.051,1285,0,1783739751.208865881,0.052396,0.097895,1.079839,-0.163863,,,,,0.224222,-0.159189,0.001221,0.998,0.946
1,2,12.0234,rolling,-0.2000,reverse,1450.000,1169,increasing,1420.000,1593.051,1285,0,1783739751.208865881,0.052396,0.097895,1.079839,-0.163863,,,,,0.224222,-0.159189,0.001221,0.984,0.958
1,2,12.0451,rolling,-0.2000,reverse,1450.000,1169,increasing,1420.000,1593.170,1285,1,1783739751.309369802,0.048602,0.084881,1.081548,-0.155901,-0.0132680,0.0017087,-0.1287831,-0.0357221,0.237490,-0.172457,0.002930,0.984,0.958
1,2,12.0544,rolling,-0.2000,reverse,1450.000,1169,increasing,1420.000,1593.170,1285,0,1783739751.309369802,0.048602,0.084881,1.081548,-0.155901,,,,,0.237490,-0.172457,0.002930,0.984,0.958
1,2,12.0761,rolling,-0.2000,reverse,1450.000,1169,increasing,1420.000,1593.170,1285,0,1783739751.309369802,0.048602,0.084881,1.081548,-0.155901,,,,,0.237490,-0.172457,0.002930,0.984,0.958
1,2,12.0976,rolling,-0.2000,reverse,1450.000,1169,increasing,1420.000,1593.170,1285,0,1783739751.309369802,0.048602,0.084881,1.081548,-0.155901,,,,,0.237490,-0.172457,0.002930,0.984,0.958
1,2,12.1192,rolling,-0.2000,reverse,1450.000,1169,increasing,1420.000,1593.170,1285,0,1783739751.309369802,0.048602,0.084881,1.081548,-0.155901,,,,,0.237490,-0.172457,0.002930,0.984,0.958
1,2,12.1407,rolling,-0.2000,reverse,1450.000,1169,increasing,1420.000,1593.170,1285,0,1783739751.309369802,0.048602,0.084881,1.081548,-0.155901,,,,,0.237490,-0.172457,0.002930,0.975,0.969
1,2,12.1432,rolling,-0.2000,reverse,1450.000,1169,increasing,1420.000,1593.408,1285,1,1783739751.409949303,0.040505,0.078663,1.078941,-0.140040,-0.0092994,-0.0026074,0.2803883,0.0776513,0.246790,-0.181756,0.000322,0.975,0.969
1,2,12.1636,rolling,-0.2000,reverse,1450.000,1169,increasing,1420.000,1593.408,1285,0,1783739751.409949303,0.040505,0.078663,1.078941,-0.140040,,,,,0.246790,-0.181756,0.000322,0.975,0.969
1,2,12.1853,rolling,-0.2000,reverse,1450.000,1169,increasing,1420.000,1593.408,1285,0,1783739751.409949303,0.040505,0.078663,1.078941,-0.140040,,,,,0.246790,-0.181756,0.000322,0.975,0.969
1,2,12.2068,rolling,-0.2000,reverse,1450.000,1169,increasing,1420.000,1593.408,1285,0,1783739751.409949303,0.040505,0.078663,1.078941,-0.140040,,,,,0.246790,-0.181756,0.000322,0.975,0.969
1,2,12.2283,rolling,-0.2000,reverse,1450.000,1169,increasing,1420.000,1593.408,1285,0,1783739751.409949303,0.040505,0.078663,1.078941,-0.140040,,,,,0.246790,-0.181756,0.000322,0.977,0.974
1,2,12.2439,rolling,-0.2000,reverse,1450.000,1169,increasing,1420.000,1593.974,1285,1,1783739751.508183002,0.039405,0.080474,1.076464,-0.102293,0.0010754,-0.0024771,-2.3034324,-0.5687472,0.247865,-0.181756,0.000322,0.977,0.974
1,2,12.2599,rolling,-0.2000,reverse,1450.000,1169,increasing,1420.000,1593.974,1285,0,1783739751.508183002,0.039405,0.080474,1.076464,-0.102293,,,,,0.247865,-0.181756,0.000322,0.977,0.974
1,2,12.2815,rolling,-0.2000,reverse,1450.000,1169,increasing,1420.000,1593.974,1285,0,1783739751.508183002,0.039405,0.080474,1.076464,-0.102293,,,,,0.247865,-0.181756,0.000322,0.977,0.974
1,2,12.3030,rolling,-0.2000,reverse,1450.000,1169,increasing,1420.000,1593.974,1285,0,1783739751.508183002,0.039405,0.080474,1.076464,-0.102293,,,,,0.247865,-0.181756,0.000322,0.977,0.974
1,2,12.3246,rolling,-0.2000,reverse,1450.000,1169,increasing,1420.000,1593.974,1285,0,1783739751.508183002,0.039405,0.080474,1.076464,-0.102293,,,,,0.247865,-0.181756,0.000322,0.977,0.970
1,2,12.3416,rolling,-0.2000,reverse,1450.000,1169,increasing,1420.000,1594.358,1286,1,1783739751.608723402,0.038374,0.081041,1.074262,-0.076699,0.0000084,-0.0022016,,,0.247873,-0.181756,0.000322,0.977,0.970
1,2,12.3570,rolling,-0.2000,reverse,1450.000,1169,increasing,1420.000,1594.358,1286,0,1783739751.608723402,0.038374,0.081041,1.074262,-0.076699,,,,,0.247873,-0.181756,0.000322,0.977,0.970
1,2,12.3787,rolling,-0.2000,reverse,1450.000,1169,increasing,1420.000,1594.358,1286,0,1783739751.608723402,0.038374,0.081041,1.074262,-0.076699,,,,,0.247873,-0.181756,0.000322,0.977,0.970
1,2,12.4002,rolling,-0.2000,reverse,1450.000,1169,increasing,1420.000,1594.358,1286,0,1783739751.608723402,0.038374,0.081041,1.074262,-0.076699,,,,,0.247873,-0.181756,0.000322,0.977,0.970
1,2,12.4217,rolling,-0.2000,reverse,1450.000,1169,increasing,1420.000,1594.358,1286,0,1783739751.608723402,0.038374,0.081041,1.074262,-0.076699,,,,,0.247873,-0.181756,0.000322,0.975,0.971
1,2,12.4424,rolling,-0.2000,reverse,1450.000,1169,increasing,1420.000,1594.546,1286,1,1783739751.706559896,0.036406,0.079151,1.076128,-0.064163,-0.0025981,0.0018664,-0.7183796,-0.1967708,0.250472,-0.181756,0.000322,0.975,0.971
1,2,12.4619,rolling,-0.2000,reverse,1450.000,1169,increasing,1420.000,1594.546,1286,0,1783739751.706559896,0.036406,0.079151,1.076128,-0.064163,,,,,0.250472,-0.181756,0.000322,0.975,0.971
1,2,12.4835,rolling,-0.2000,reverse,1450.000,1169,increasing,1420.000,1594.546,1286,0,1783739751.706559896,0.036406,0.079151,1.076128,-0.064163,,,,,0.250472,-0.181756,0.000322,0.975,0.971
1,2,12.5052,rolling,-0.2000,reverse,1450.000,1169,increasing,1420.000,1594.546,1286,0,1783739751.706559896,0.036406,0.079151,1.076128,-0.064163,,,,,0.250472,-0.181756,0.000322,0.975,0.971
1,2,12.5267,rolling,-0.2000,reverse,1450.000,1169,increasing,1420.000,1594.546,1286,0,1783739751.706559896,0.036406,0.079151,1.076128,-0.064163,,,,,0.250472,-0.181756,0.000322,0.977,0.973
1,2,12.5403,rolling,-0.2000,reverse,1450.000,1169,increasing,1420.000,1594.897,1286,1,1783739751.807109833,0.039806,0.080686,1.077093,-0.040755,0.0029632,0.0009646,0.3255201,0.0900873,0.253435,-0.181756,0.000322,0.977,0.973
1,2,12.5606,rolling,-0.2000,reverse,1450.000,1169,increasing,1420.000,1594.897,1286,0,1783739751.807109833,0.039806,0.080686,1.077093,-0.040755,,,,,0.253435,-0.181756,0.000322,0.977,0.973
1,2,12.5824,rolling,-0.2000,reverse,1450.000,1169,increasing,1420.000,1594.897,1286,0,1783739751.807109833,0.039806,0.080686,1.077093,-0.040755,,,,,0.253435,-0.181756,0.000322,0.977,0.973
1,2,12.6043,rolling,-0.2000,reverse,1450.000,1169,increasing,1420.000,1594.897,1286,0,1783739751.807109833,0.039806,0.080686,1.077093,-0.040755,,,,,0.253435,-0.181756,0.000322,0.977,0.973
1,2,12.6260,rolling,-0.2000,reverse,1450.000,1169,increasing,1420.000,1594.897,1286,0,1783739751.807109833,0.039806,0.080686,1.077093,-0.040755,,,,,0.253435,-0.181756,0.000322,0.977,0.971
1,2,12.6410,rolling,-0.2000,reverse,1450.000,1169,increasing,1420.000,1595.151,1286,1,1783739751.905245066,0.044126,0.081367,1.077974,-0.023826,0.0026458,0.0008809,0.3329468,0.0921312,0.256081,-0.181756,0.000322,0.977,0.971
1,2,12.6561,rolling,-0.2000,reverse,1450.000,1169,increasing,1420.000,1595.151,1286,0,1783739751.905245066,0.044126,0.081367,1.077974,-0.023826,,,,,0.256081,-0.181756,0.000322,0.977,0.971
1,2,12.6778,rolling,-0.2000,reverse,1450.000,1169,increasing,1420.000,1595.151,1286,0,1783739751.905245066,0.044126,0.081367,1.077974,-0.023826,,,,,0.256081,-0.181756,0.000322,0.977,0.971
1,2,12.6993,rolling,-0.2000,reverse,1450.000,1169,increasing,1420.000,1595.151,1286,0,1783739751.905245066,0.044126,0.081367,1.077974,-0.023826,,,,,0.256081,-0.181756,0.000322,0.977,0.971
1,2,12.7208,rolling,-0.2000,reverse,1450.000,1169,increasing,1420.000,1595.151,1286,0,1783739751.905245066,0.044126,0.081367,1.077974,-0.023826,,,,,0.256081,-0.181756,0.000322,0.978,0.971
1,2,12.7417,rolling,-0.2000,reverse,1450.000,1169,increasing,1420.000,1595.092,1286,1,1783739752.005850315,0.040247,0.078926,1.076230,-0.027780,-0.0039881,-0.0017439,0.4372653,0.1207508,0.260069,-0.181756,0.000322,0.978,0.971
1,2,12.7571,rolling,-0.2000,reverse,1450.000,1169,increasing,1420.000,1595.092,1286,0,1783739752.005850315,0.040247,0.078926,1.076230,-0.027780,,,,,0.260069,-0.181756,0.000322,0.978,0.971
1,2,12.7787,rolling,-0.2000,reverse,1450.000,1169,increasing,1420.000,1595.092,1286,0,1783739752.005850315,0.040247,0.078926,1.076230,-0.027780,,,,,0.260069,-0.181756,0.000322,0.978,0.971
1,2,12.8002,rolling,-0.2000,reverse,1450.000,1169,increasing,1420.000,1595.092,1286,0,1783739752.005850315,0.040247,0.078926,1.076230,-0.027780,,,,,0.260069,-0.181756,0.000322,0.978,0.971
1,2,12.8218,rolling,-0.2000,reverse,1450.000,1169,increasing,1420.000,1595.092,1286,0,1783739752.005850315,0.040247,0.078926,1.076230,-0.027780,,,,,0.260069,-0.181756,0.000322,0.978,0.971
1,2,12.8396,rolling,-0.2000,reverse,1450.000,1169,increasing,1420.000,1595.092,1286,0,1783739752.005850315,0.040247,0.078926,1.076230,-0.027780,,,,,0.260069,-0.181756,0.000322,0.978,0.971
1,2,12.8614,rolling,-0.2000,reverse,1450.000,1169,increasing,1420.000,1595.267,1287,1,1783739752.106362820,0.040238,0.081069,1.078103,-0.016151,0.0018831,0.0018727,0.9944398,0.2692557,0.261952,-0.181756,0.000322,0.978,0.971
1,2,12.8636,rolling,-0.2000,reverse,1450.000,1169,increasing,1420.000,1595.267,1287,0,1783739752.106362820,0.040238,0.081069,1.078103,-0.016151,,,,,0.261952,-0.181756,0.000322,0.978,0.971
1,2,12.8851,rolling,-0.2000,reverse,1450.000,1169,increasing,1420.000,1595.267,1287,0,1783739752.106362820,0.040238,0.081069,1.078103,-0.016151,,,,,0.261952,-0.181756,0.000322,0.978,0.971
1,2,12.9067,rolling,-0.2000,reverse,1450.000,1169,increasing,1420.000,1595.267,1287,0,1783739752.106362820,0.040238,0.081069,1.078103,-0.016151,,,,,0.261952,-0.181756,0.000322,0.978,0.971
1,2,12.9283,rolling,-0.2000,reverse,1450.000,1169,increasing,1420.000,1595.267,1287,0,1783739752.106362820,0.040238,0.081069,1.078103,-0.016151,,,,,0.261952,-0.181756,0.000322,0.977,0.971
1,2,12.9402,rolling,-0.2000,reverse,1450.000,1169,increasing,1420.000,1595.307,1287,1,1783739752.204393387,0.041318,0.079905,1.078573,-0.013428,-0.0005156,0.0004709,-0.9132307,-0.2481963,0.262467,-0.181756,0.000322,0.977,0.971
1,2,12.9499,rolling,-0.2000,reverse,1450.000,1169,increasing,1420.000,1595.307,1287,0,1783739752.204393387,0.041318,0.079905,1.078573,-0.013428,,,,,0.262467,-0.181756,0.000322,0.977,0.971
1,2,12.9716,rolling,-0.2000,reverse,1450.000,1169,increasing,1420.000,1595.307,1287,0,1783739752.204393387,0.041318,0.079905,1.078573,-0.013428,,,,,0.262467,-0.181756,0.000322,0.977,0.971
1,2,12.9932,rolling,-0.2000,reverse,1450.000,1169,increasing,1420.000,1595.307,1287,0,1783739752.204393387,0.041318,0.079905,1.078573,-0.013428,,,,,0.262467,-0.181756,0.000322,0.977,0.971
1,2,13.0147,rolling,-0.2000,reverse,1450.000,1169,increasing,1420.000,1595.307,1287,0,1783739752.204393387,0.041318,0.079905,1.078573,-0.013428,,,,,0.262467,-0.181756,0.000322,0.977,0.971
1,2,13.0363,rolling,-0.2000,reverse,1450.000,1169,increasing,1420.000,1595.307,1287,0,1783739752.204393387,0.041318,0.079905,1.078573,-0.013428,,,,,0.262467,-0.181756,0.000322,0.975,0.971
1,2,13.0405,rolling,-0.2000,reverse,1450.000,1169,increasing,1420.000,1595.356,1287,1,1783739752.304937840,0.040563,0.080248,1.078276,-0.010205,-0.0000538,-0.0002976,5.5284218,0.9931341,0.262521,-0.181756,0.000322,0.975,0.971
1,2,13.0513,rolling,-0.2000,reverse,1450.000,1169,increasing,1420.000,1595.356,1287,0,1783739752.304937840,0.040563,0.080248,1.078276,-0.010205,,,,,0.262521,-0.181756,0.000322,0.975,0.971
1,2,13.0731,rolling,-0.2000,reverse,1450.000,1169,increasing,1420.000,1595.356,1287,0,1783739752.304937840,0.040563,0.080248,1.078276,-0.010205,,,,,0.262521,-0.181756,0.000322,0.975,0.971
1,2,13.0946,rolling,-0.2000,reverse,1450.000,1169,increasing,1420.000,1595.356,1287,0,1783739752.304937840,0.040563,0.080248,1.078276,-0.010205,,,,,0.262521,-0.181756,0.000322,0.975,0.971
1,2,13.1162,rolling,-0.2000,reverse,1450.000,1169,increasing,1420.000,1595.356,1287,0,1783739752.304937840,0.040563,0.080248,1.078276,-0.010205,,,,,0.262521,-0.181756,0.000322,0.975,0.971
1,2,13.1382,rolling,-0.2000,reverse,1450.000,1169,increasing,1420.000,1598.456,1289,1,1783739752.405332327,0.040109,0.079377,1.077519,-0.010100,-0.0009823,-0.0007567,0.7703114,0.2105920,0.263503,-0.181756,0.000322,0.975,0.971
1,2,13.1530,rolling,-0.2000,reverse,1450.000,1169,increasing,1420.000,1598.456,1289,0,1783739752.405332327,0.040109,0.079377,1.077519,-0.010100,,,,,0.263503,-0.181756,0.000322,0.975,0.971
1,2,13.1746,rolling,-0.2000,reverse,1450.000,1169,increasing,1420.000,1598.456,1289,0,1783739752.405332327,0.040109,0.079377,1.077519,-0.010100,,,,,0.263503,-0.181756,0.000322,0.975,0.971
1,2,13.1961,rolling,-0.2000,reverse,1450.000,1169,increasing,1420.000,1598.456,1289,0,1783739752.405332327,0.040109,0.079377,1.077519,-0.010100,,,,,0.263503,-0.181756,0.000322,0.975,0.971
1,2,13.2176,rolling,-0.2000,reverse,1450.000,1169,increasing,1420.000,1598.456,1289,0,1783739752.405332327,0.040109,0.079377,1.077519,-0.010100,,,,,0.263503,-0.181756,0.000322,0.976,0.971
1,2,13.2389,rolling,-0.2000,reverse,1450.000,1169,increasing,1420.000,1601.556,1292,1,1783739752.503104210,0.040864,0.079374,1.077880,-0.006669,0.0003545,0.0003610,1.0182930,0.2753961,0.263858,-0.181756,0.000322,0.976,0.971
1,2,13.2502,rolling,-0.2000,reverse,1450.000,1169,increasing,1420.000,1601.556,1292,0,1783739752.503104210,0.040864,0.079374,1.077880,-0.006669,,,,,0.263858,-0.181756,0.000322,0.976,0.971
1,2,13.2717,rolling,-0.2000,reverse,1450.000,1169,increasing,1420.000,1601.556,1292,0,1783739752.503104210,0.040864,0.079374,1.077880,-0.006669,,,,,0.263858,-0.181756,0.000322,0.976,0.971
1,2,13.2933,rolling,-0.2000,reverse,1450.000,1169,increasing,1420.000,1601.556,1292,0,1783739752.503104210,0.040864,0.079374,1.077880,-0.006669,,,,,0.263858,-0.181756,0.000322,0.976,0.971
1,2,13.3148,rolling,-0.2000,reverse,1450.000,1169,increasing,1420.000,1601.556,1292,0,1783739752.503104210,0.040864,0.079374,1.077880,-0.006669,,,,,0.263858,-0.181756,0.000322,0.976,0.971
1,2,13.3363,rolling,-0.2000,reverse,1450.000,1169,increasing,1420.000,1601.556,1292,0,1783739752.503104210,0.040864,0.079374,1.077880,-0.006669,,,,,0.263858,-0.181756,0.000322,0.978,0.972
1,2,13.3395,rolling,-0.2000,reverse,1450.000,1169,increasing,1420.000,1604.656,1294,1,1783739752.603803396,0.041289,0.079164,1.078204,-0.004962,0.0000160,0.0003243,20.2895973,1.3950209,0.263874,-0.181756,0.000322,0.978,0.972
1,2,13.3481,rolling,-0.2000,reverse,1450.000,1169,increasing,1420.000,1604.656,1294,0,1783739752.603803396,0.041289,0.079164,1.078204,-0.004962,,,,,0.263874,-0.181756,0.000322,0.978,0.972
1,2,13.3697,rolling,-0.2000,reverse,1450.000,1169,increasing,1420.000,1604.656,1294,0,1783739752.603803396,0.041289,0.079164,1.078204,-0.004962,,,,,0.263874,-0.181756,0.000322,0.978,0.972
1,2,13.3913,rolling,-0.2000,reverse,1450.000,1169,increasing,1420.000,1604.656,1294,0,1783739752.603803396,0.041289,0.079164,1.078204,-0.004962,,,,,0.263874,-0.181756,0.000322,0.978,0.972
1,2,13.4128,rolling,-0.2000,reverse,1450.000,1169,increasing,1420.000,1604.656,1294,0,1783739752.603803396,0.041289,0.079164,1.078204,-0.004962,,,,,0.263874,-0.181756,0.000322,0.978,0.972
1,2,13.4345,rolling,-0.2000,reverse,1450.000,1169,increasing,1420.000,1604.656,1294,0,1783739752.603803396,0.041289,0.079164,1.078204,-0.004962,,,,,0.263874,-0.181756,0.000322,0.977,0.971
1,2,13.4400,rolling,-0.2000,reverse,1450.000,1169,increasing,1420.000,1607.756,1297,1,1783739752.704271555,0.042236,0.078960,1.078547,-0.003054,0.0002681,0.0003425,1.2777895,0.3407550,0.264142,-0.181756,0.000322,0.977,0.971
1,2,13.4523,rolling,-0.2000,reverse,1450.000,1169,increasing,1420.000,1607.756,1297,0,1783739752.704271555,0.042236,0.078960,1.078547,-0.003054,,,,,0.264142,-0.181756,0.000322,0.977,0.971
1,2,13.4739,rolling,-0.2000,reverse,1450.000,1169,increasing,1420.000,1607.756,1297,0,1783739752.704271555,0.042236,0.078960,1.078547,-0.003054,,,,,0.264142,-0.181756,0.000322,0.977,0.971
1,2,13.4955,rolling,-0.2000,reverse,1450.000,1169,increasing,1420.000,1607.756,1297,0,1783739752.704271555,0.042236,0.078960,1.078547,-0.003054,,,,,0.264142,-0.181756,0.000322,0.977,0.971
1,2,13.5171,rolling,-0.2000,reverse,1450.000,1169,increasing,1420.000,1607.756,1297,0,1783739752.704271555,0.042236,0.078960,1.078547,-0.003054,,,,,0.264142,-0.181756,0.000322,0.977,0.971
1,2,13.5387,rolling,-0.2000,reverse,1450.000,1169,increasing,1420.000,1607.756,1297,0,1783739752.704271555,0.042236,0.078960,1.078547,-0.003054,,,,,0.264142,-0.181756,0.000322,0.976,0.972
1,2,13.5414,rolling,-0.2000,reverse,1450.000,1169,increasing,1420.000,1610.856,1299,1,1783739752.804774761,0.040603,0.078332,1.077907,-0.005588,-0.0013257,-0.0006402,0.4829299,0.1332193,0.265468,-0.181756,0.000322,0.976,0.972
1,2,13.5523,rolling,-0.2000,reverse,1450.000,1169,increasing,1420.000,1610.856,1299,0,1783739752.804774761,0.040603,0.078332,1.077907,-0.005588,,,,,0.265468,-0.181756,0.000322,0.976,0.972
1,2,13.5740,rolling,-0.2000,reverse,1450.000,1169,increasing,1420.000,1610.856,1299,0,1783739752.804774761,0.040603,0.078332,1.077907,-0.005588,,,,,0.265468,-0.181756,0.000322,0.976,0.972
1,2,13.5956,rolling,-0.2000,reverse,1450.000,1169,increasing,1420.000,1610.856,1299,0,1783739752.804774761,0.040603,0.078332,1.077907,-0.005588,,,,,0.265468,-0.181756,0.000322,0.976,0.972
1,2,13.6173,rolling,-0.2000,reverse,1450.000,1169,increasing,1420.000,1610.856,1299,0,1783739752.804774761,0.040603,0.078332,1.077907,-0.005588,,,,,0.265468,-0.181756,0.000322,0.976,0.972
1,2,13.6389,rolling,-0.2000,reverse,1450.000,1169,increasing,1420.000,1613.956,1302,1,1783739752.905328989,0.040758,0.079127,1.077497,-0.002267,0.0007741,-0.0004101,-0.5297414,-0.1459578,0.266242,-0.181756,0.000322,0.976,0.972
1,2,13.6516,rolling,-0.2000,reverse,1450.000,1169,increasing,1420.000,1613.956,1302,0,1783739752.905328989,0.040758,0.079127,1.077497,-0.002267,,,,,0.266242,-0.181756,0.000322,0.976,0.972
1,2,13.6733,rolling,-0.2000,reverse,1450.000,1169,increasing,1420.000,1613.956,1302,0,1783739752.905328989,0.040758,0.079127,1.077497,-0.002267,,,,,0.266242,-0.181756,0.000322,0.976,0.972
1,2,13.6949,rolling,-0.2000,reverse,1450.000,1169,increasing,1420.000,1613.956,1302,0,1783739752.905328989,0.040758,0.079127,1.077497,-0.002267,,,,,0.266242,-0.181756,0.000322,0.976,0.972
1,2,13.7164,rolling,-0.2000,reverse,1450.000,1169,increasing,1420.000,1613.956,1302,0,1783739752.905328989,0.040758,0.079127,1.077497,-0.002267,,,,,0.266242,-0.181756,0.000322,0.976,0.972
1,2,13.7380,rolling,-0.2000,reverse,1450.000,1169,increasing,1420.000,1613.956,1302,0,1783739752.905328989,0.040758,0.079127,1.077497,-0.002267,,,,,0.266242,-0.181756,0.000322,0.970,0.974
1,2,13.7405,rolling,-0.2000,reverse,1450.000,1169,increasing,1420.000,1613.956,1302,0,1783739752.905328989,0.040758,0.079127,1.077497,-0.002267,,,,,0.266242,-0.181756,0.000322,0.970,0.974
1,2,13.7623,rolling,-0.2000,reverse,1450.000,1169,increasing,1420.000,1617.056,1304,1,1783739753.003640413,0.032528,0.073607,1.075436,-0.023987,-0.0087644,-0.0020610,0.2351508,0.0651620,0.275006,-0.181756,0.000322,0.970,0.974
1,2,13.7643,rolling,-0.2000,reverse,1450.000,1169,increasing,1420.000,1617.056,1304,0,1783739753.003640413,0.032528,0.073607,1.075436,-0.023987,,,,,0.275006,-0.181756,0.000322,0.970,0.974
1,2,13.7859,rolling,-0.2000,reverse,1450.000,1169,increasing,1420.000,1617.056,1304,0,1783739753.003640413,0.032528,0.073607,1.075436,-0.023987,,,,,0.275006,-0.181756,0.000322,0.970,0.974
1,2,13.8074,rolling,-0.2000,reverse,1450.000,1169,increasing,1420.000,1617.056,1304,0,1783739753.003640413,0.032528,0.073607,1.075436,-0.023987,,,,,0.275006,-0.181756,0.000322,0.970,0.974
1,2,13.8290,rolling,-0.2000,reverse,1450.000,1169,increasing,1420.000,1617.056,1304,0,1783739753.003640413,0.032528,0.073607,1.075436,-0.023987,,,,,0.275006,-0.181756,0.000322,0.952,0.988
1,2,13.8400,rolling,-0.2000,reverse,1450.000,1169,increasing,1420.000,1592.509,1284,1,1783739753.104154587,0.030586,0.055116,1.077625,-0.060769,-0.0171992,0.0021895,-0.1273017,-0.0353115,0.292205,-0.181756,0.000322,0.952,0.988
1,2,13.8545,rolling,-0.2000,reverse,1450.000,1169,increasing,1420.000,1592.509,1284,0,1783739753.104154587,0.030586,0.055116,1.077625,-0.060769,,,,,0.292205,-0.181756,0.000322,0.952,0.988
1,2,13.8762,rolling,-0.2000,reverse,1450.000,1169,increasing,1420.000,1592.509,1284,0,1783739753.104154587,0.030586,0.055116,1.077625,-0.060769,,,,,0.292205,-0.181756,0.000322,0.952,0.988
1,2,13.8977,rolling,-0.2000,reverse,1450.000,1169,increasing,1420.000,1592.509,1284,0,1783739753.104154587,0.030586,0.055116,1.077625,-0.060769,,,,,0.292205,-0.181756,0.000322,0.952,0.988
1,2,13.9193,rolling,-0.2000,reverse,1450.000,1169,increasing,1420.000,1592.509,1284,0,1783739753.104154587,0.030586,0.055116,1.077625,-0.060769,,,,,0.292205,-0.181756,0.000322,0.927,1.010
1,2,13.9404,rolling,-0.2000,reverse,1450.000,1169,increasing,1420.000,1592.509,1284,0,1783739753.104154587,0.030586,0.055116,1.077625,-0.060769,,,,,0.292205,-0.181756,0.000322,0.927,1.010
1,2,13.9621,rolling,-0.2000,reverse,1450.000,1169,increasing,1420.000,1593.591,1285,1,1783739753.204595566,0.011108,0.028038,1.079799,-0.127883,-0.0330680,0.0021737,-0.0657331,-0.0182389,0.325273,-0.214824,0.002496,0.927,1.010
1,2,13.9639,rolling,-0.2000,reverse,1450.000,1169,increasing,1420.000,1593.591,1285,0,1783739753.204595566,0.011108,0.028038,1.079799,-0.127883,,,,,0.325273,-0.214824,0.002496,0.927,1.010
1,2,13.9855,rolling,-0.2000,reverse,1450.000,1169,increasing,1420.000,1593.591,1285,0,1783739753.204595566,0.011108,0.028038,1.079799,-0.127883,,,,,0.325273,-0.214824,0.002496,0.927,1.010
1,2,14.0070,rolling,-0.2000,reverse,1450.000,1169,increasing,1420.000,1593.591,1285,0,1783739753.204595566,0.011108,0.028038,1.079799,-0.127883,,,,,0.325273,-0.214824,0.002496,0.927,1.010
1,2,14.0285,rolling,-0.2000,reverse,1450.000,1169,increasing,1420.000,1593.591,1285,0,1783739753.204595566,0.011108,0.028038,1.079799,-0.127883,,,,,0.325273,-0.214824,0.002496,0.901,1.039
1,2,14.0407,rolling,-0.2000,reverse,1450.000,1169,increasing,1420.000,1592.990,1285,1,1783739753.305212259,0.000235,0.000975,1.080618,-0.167952,-0.0289935,0.0008192,-0.0282543,-0.0078404,0.354267,-0.243818,0.003315,0.901,1.039
1,2,14.0577,rolling,-0.2000,reverse,1450.000,1169,increasing,1420.000,1592.990,1285,0,1783739753.305212259,0.000235,0.000975,1.080618,-0.167952,,,,,0.354267,-0.243818,0.003315,0.901,1.039
1,2,14.0795,rolling,-0.2000,reverse,1450.000,1169,increasing,1420.000,1592.990,1285,0,1783739753.305212259,0.000235,0.000975,1.080618,-0.167952,,,,,0.354267,-0.243818,0.003315,0.901,1.039
1,2,14.1010,rolling,-0.2000,reverse,1450.000,1169,increasing,1420.000,1592.990,1285,0,1783739753.305212259,0.000235,0.000975,1.080618,-0.167952,,,,,0.354267,-0.243818,0.003315,0.901,1.039
1,2,14.1225,rolling,-0.2000,reverse,1450.000,1169,increasing,1420.000,1592.990,1285,0,1783739753.305212259,0.000235,0.000975,1.080618,-0.167952,,,,,0.354267,-0.243818,0.003315,0.877,1.064
1,2,14.1414,rolling,-0.2000,reverse,1450.000,1169,increasing,1420.000,1592.708,1284,1,1783739753.405694723,-0.006921,-0.022889,1.082042,-0.186737,-0.0244264,0.0014239,-0.0582953,-0.0161755,0.378693,-0.268244,0.004739,0.877,1.064
1,2,14.1542,rolling,-0.2000,reverse,1450.000,1169,increasing,1420.000,1592.708,1284,0,1783739753.405694723,-0.006921,-0.022889,1.082042,-0.186737,,,,,0.378693,-0.268244,0.004739,0.877,1.064
1,2,14.1760,rolling,-0.2000,reverse,1450.000,1169,increasing,1420.000,1592.708,1284,0,1783739753.405694723,-0.006921,-0.022889,1.082042,-0.186737,,,,,0.378693,-0.268244,0.004739,0.877,1.064
1,2,14.1976,rolling,-0.2000,reverse,1450.000,1169,increasing,1420.000,1592.708,1284,0,1783739753.405694723,-0.006921,-0.022889,1.082042,-0.186737,,,,,0.378693,-0.268244,0.004739,0.877,1.064
1,2,14.2192,rolling,-0.2000,reverse,1450.000,1169,increasing,1420.000,1592.708,1284,0,1783739753.405694723,-0.006921,-0.022889,1.082042,-0.186737,,,,,0.378693,-0.268244,0.004739,0.858,1.087
1,2,14.2391,rolling,-0.2000,reverse,1450.000,1169,increasing,1420.000,1592.588,1284,1,1783739753.506188631,-0.015177,-0.043399,1.083753,-0.194749,-0.0219865,0.0017109,-0.0778142,-0.0215901,0.400680,-0.290231,0.006450,0.858,1.087
1,2,14.2605,rolling,-0.2000,reverse,1450.000,1169,increasing,1420.000,1592.588,1284,0,1783739753.506188631,-0.015177,-0.043399,1.083753,-0.194749,,,,,0.400680,-0.290231,0.006450,0.858,1.087
1,2,14.2820,rolling,-0.2000,reverse,1450.000,1169,increasing,1420.000,1592.588,1284,0,1783739753.506188631,-0.015177,-0.043399,1.083753,-0.194749,,,,,0.400680,-0.290231,0.006450,0.858,1.087
1,2,14.3036,rolling,-0.2000,reverse,1450.000,1169,increasing,1420.000,1592.588,1284,0,1783739753.506188631,-0.015177,-0.043399,1.083753,-0.194749,,,,,0.400680,-0.290231,0.006450,0.858,1.087
1,2,14.3251,rolling,-0.2000,reverse,1450.000,1169,increasing,1420.000,1592.588,1284,0,1783739753.506188631,-0.015177,-0.043399,1.083753,-0.194749,,,,,0.400680,-0.290231,0.006450,0.841,1.107
1,2,14.3401,rolling,-0.2000,reverse,1450.000,1169,increasing,1420.000,1592.700,1284,1,1783739753.604004383,-0.029350,-0.054104,1.080542,-0.187226,-0.0161062,-0.0032105,0.1993335,0.0552587,0.416786,-0.306337,0.003239,0.841,1.107
1,2,14.3595,rolling,-0.2000,reverse,1450.000,1169,increasing,1420.000,1592.700,1284,0,1783739753.604004383,-0.029350,-0.054104,1.080542,-0.187226,,,,,0.416786,-0.306337,0.003239,0.841,1.107
1,2,14.3813,rolling,-0.2000,reverse,1450.000,1169,increasing,1420.000,1592.700,1284,0,1783739753.604004383,-0.029350,-0.054104,1.080542,-0.187226,,,,,0.416786,-0.306337,0.003239,0.841,1.107
1,2,14.4029,rolling,-0.2000,reverse,1450.000,1169,increasing,1420.000,1592.700,1284,0,1783739753.604004383,-0.029350,-0.054104,1.080542,-0.187226,,,,,0.416786,-0.306337,0.003239,0.841,1.107
1,2,14.4246,rolling,-0.2000,reverse,1450.000,1169,increasing,1420.000,1592.700,1284,0,1783739753.604004383,-0.029350,-0.054104,1.080542,-0.187226,,,,,0.416786,-0.306337,0.003239,0.826,1.126
1,2,14.4404,rolling,-0.2000,reverse,1450.000,1169,increasing,1420.000,1592.698,1284,1,1783739753.704724312,-0.041360,-0.069141,1.078779,-0.187391,-0.0189237,-0.0017631,0.0931693,0.0258487,0.435710,-0.325261,0.001476,0.826,1.126
1,2,14.4536,rolling,-0.2000,reverse,1450.000,1169,increasing,1420.000,1592.698,1284,0,1783739753.704724312,-0.041360,-0.069141,1.078779,-0.187391,,,,,0.435710,-0.325261,0.001476,0.826,1.126
1,2,14.4752,rolling,-0.2000,reverse,1450.000,1169,increasing,1420.000,1592.698,1284,0,1783739753.704724312,-0.041360,-0.069141,1.078779,-0.187391,,,,,0.435710,-0.325261,0.001476,0.826,1.126
1,2,14.4967,rolling,-0.2000,reverse,1450.000,1169,increasing,1420.000,1592.698,1284,0,1783739753.704724312,-0.041360,-0.069141,1.078779,-0.187391,,,,,0.435710,-0.325261,0.001476,0.826,1.126
1,2,14.5183,rolling,-0.2000,reverse,1450.000,1169,increasing,1420.000,1592.698,1284,0,1783739753.704724312,-0.041360,-0.069141,1.078779,-0.187391,,,,,0.435710,-0.325261,0.001476,0.826,1.126
1,2,14.5399,rolling,-0.2000,reverse,1450.000,1169,increasing,1420.000,1592.698,1284,0,1783739753.704724312,-0.041360,-0.069141,1.078779,-0.187391,,,,,0.435710,-0.325261,0.001476,0.811,1.144
1,2,14.5424,rolling,-0.2000,reverse,1450.000,1169,increasing,1420.000,1592.763,1284,1,1783739753.805248499,-0.043620,-0.087317,1.081947,-0.183066,-0.0170982,0.0031675,-0.1852525,-0.0513624,0.452808,-0.342359,0.004644,0.811,1.144
2,3,16.7367,startup,0.2000,forward,1450.000,1169,decreasing,1480.000,1422.144,1147,1,1783739756.001848459,-0.055605,-0.102205,1.080641,0.002454,0.0015894,0.0003958,0.2490365,0.0689979,0.001589,0.000000,0.000000,0.795,1.168
2,3,16.7535,startup,0.2000,forward,1450.000,1169,decreasing,1480.000,1422.144,1147,0,1783739756.001848459,-0.055605,-0.102205,1.080641,0.002454,,,,,0.001589,0.000000,0.000000,0.795,1.168
2,3,16.7753,startup,0.2000,forward,1450.000,1169,decreasing,1480.000,1422.144,1147,0,1783739756.001848459,-0.055605,-0.102205,1.080641,0.002454,,,,,0.001589,0.000000,0.000000,0.795,1.168
2,3,16.7969,startup,0.2000,forward,1450.000,1169,decreasing,1480.000,1422.144,1147,0,1783739756.001848459,-0.055605,-0.102205,1.080641,0.002454,,,,,0.001589,0.000000,0.000000,0.795,1.168
2,3,16.8186,startup,0.2000,forward,1450.000,1169,decreasing,1480.000,1422.144,1147,0,1783739756.001848459,-0.055605,-0.102205,1.080641,0.002454,,,,,0.001589,0.000000,0.000000,0.794,1.169
2,3,16.8381,startup,0.2000,forward,1450.000,1169,decreasing,1480.000,1420.904,1146,1,1783739756.102235794,-0.054371,-0.103531,1.081079,0.000373,-0.0005894,0.0004384,-0.7437352,-0.2035288,0.002179,0.000000,0.000000,0.794,1.169
2,3,16.8571,startup,0.2000,forward,1450.000,1169,decreasing,1480.000,1420.904,1146,0,1783739756.102235794,-0.054371,-0.103531,1.081079,0.000373,,,,,0.002179,0.000000,0.000000,0.794,1.169
2,3,16.8788,startup,0.2000,forward,1450.000,1169,decreasing,1480.000,1420.904,1146,0,1783739756.102235794,-0.054371,-0.103531,1.081079,0.000373,,,,,0.002179,0.000000,0.000000,0.794,1.169
2,3,16.9003,startup,0.2000,forward,1450.000,1169,decreasing,1480.000,1420.904,1146,0,1783739756.102235794,-0.054371,-0.103531,1.081079,0.000373,,,,,0.002179,0.000000,0.000000,0.794,1.169
2,3,16.9218,startup,0.2000,forward,1450.000,1169,decreasing,1480.000,1420.904,1146,0,1783739756.102235794,-0.054371,-0.103531,1.081079,0.000373,,,,,0.002179,0.000000,0.000000,0.796,1.168
2,3,16.9359,startup,0.2000,forward,1450.000,1169,decreasing,1480.000,1419.664,1145,1,1783739756.203002453,-0.054649,-0.104131,1.080965,-0.001359,-0.0006603,-0.0001147,0.1736938,0.0481628,0.002839,0.000000,0.000000,0.796,1.168
2,3,16.9480,startup,0.2000,forward,1450.000,1169,decreasing,1480.000,1419.664,1145,0,1783739756.203002453,-0.054649,-0.104131,1.080965,-0.001359,,,,,0.002839,0.000000,0.000000,0.796,1.168
2,3,16.9696,startup,0.2000,forward,1450.000,1169,decreasing,1480.000,1419.664,1145,0,1783739756.203002453,-0.054649,-0.104131,1.080965,-0.001359,,,,,0.002839,0.000000,0.000000,0.796,1.168
2,3,16.9912,startup,0.2000,forward,1450.000,1169,decreasing,1480.000,1419.664,1145,0,1783739756.203002453,-0.054649,-0.104131,1.080965,-0.001359,,,,,0.002839,0.000000,0.000000,0.796,1.168
2,3,17.0127,startup,0.2000,forward,1450.000,1169,decreasing,1480.000,1419.664,1145,0,1783739756.203002453,-0.054649,-0.104131,1.080965,-0.001359,,,,,0.002839,0.000000,0.000000,0.796,1.168
2,3,17.0343,startup,0.2000,forward,1450.000,1169,decreasing,1480.000,1419.664,1145,0,1783739756.203002453,-0.054649,-0.104131,1.080965,-0.001359,,,,,0.002839,0.000000,0.000000,0.799,1.165
2,3,17.0368,startup,0.2000,forward,1450.000,1169,decreasing,1480.000,1418.424,1144,1,1783739756.300832987,-0.053056,-0.099312,1.080304,0.011761,0.0050011,-0.0006609,-0.1321454,-0.0366539,0.007840,0.000000,0.000000,0.799,1.165
2,3,17.0570,startup,0.2000,forward,1450.000,1169,decreasing,1480.000,1418.424,1144,0,1783739756.300832987,-0.053056,-0.099312,1.080304,0.011761,,,,,0.007840,0.000000,0.000000,0.799,1.165
2,3,17.0786,startup,0.2000,forward,1450.000,1169,decreasing,1480.000,1418.424,1144,0,1783739756.300832987,-0.053056,-0.099312,1.080304,0.011761,,,,,0.007840,0.000000,0.000000,0.799,1.165
2,3,17.1001,startup,0.2000,forward,1450.000,1169,decreasing,1480.000,1418.424,1144,0,1783739756.300832987,-0.053056,-0.099312,1.080304,0.011761,,,,,0.007840,0.000000,0.000000,0.799,1.165
2,3,17.1217,startup,0.2000,forward,1450.000,1169,decreasing,1480.000,1418.424,1144,0,1783739756.300832987,-0.053056,-0.099312,1.080304,0.011761,,,,,0.007840,0.000000,0.000000,0.805,1.159
2,3,17.1375,startup,0.2000,forward,1450.000,1169,decreasing,1480.000,1415.324,1141,1,1783739756.401491404,-0.049016,-0.092624,1.080023,0.028201,0.0078031,-0.0002809,-0.0360025,-0.0099904,0.015643,0.000000,0.000000,0.805,1.159
2,3,17.1465,startup,0.2000,forward,1450.000,1169,decreasing,1480.000,1415.324,1141,0,1783739756.401491404,-0.049016,-0.092624,1.080023,0.028201,,,,,0.015643,0.000000,0.000000,0.805,1.159
2,3,17.1682,startup,0.2000,forward,1450.000,1169,decreasing,1480.000,1415.324,1141,0,1783739756.401491404,-0.049016,-0.092624,1.080023,0.028201,,,,,0.015643,0.000000,0.000000,0.805,1.159
2,3,17.1897,startup,0.2000,forward,1450.000,1169,decreasing,1480.000,1415.324,1141,0,1783739756.401491404,-0.049016,-0.092624,1.080023,0.028201,,,,,0.015643,0.000000,0.000000,0.805,1.159
2,3,17.2112,startup,0.2000,forward,1450.000,1169,decreasing,1480.000,1415.324,1141,0,1783739756.401491404,-0.049016,-0.092624,1.080023,0.028201,,,,,0.015643,0.000000,0.000000,0.805,1.159
2,3,17.2327,startup,0.2000,forward,1450.000,1169,decreasing,1480.000,1415.324,1141,0,1783739756.401491404,-0.049016,-0.092624,1.080023,0.028201,,,,,0.015643,0.000000,0.000000,0.813,1.151
2,3,17.2376,startup,0.2000,forward,1450.000,1169,decreasing,1480.000,1412.224,1139,1,1783739756.502074957,-0.044324,-0.084615,1.081684,0.044202,0.0092745,0.0016612,0.1791140,0.0496633,0.024918,0.000000,0.000000,0.813,1.151
2,3,17.2567,startup,0.2000,forward,1450.000,1169,decreasing,1480.000,1412.224,1139,0,1783739756.502074957,-0.044324,-0.084615,1.081684,0.044202,,,,,0.024918,0.000000,0.000000,0.813,1.151
2,3,17.2783,startup,0.2000,forward,1450.000,1169,decreasing,1480.000,1412.224,1139,0,1783739756.502074957,-0.044324,-0.084615,1.081684,0.044202,,,,,0.024918,0.000000,0.000000,0.813,1.151
2,3,17.2999,startup,0.2000,forward,1450.000,1169,decreasing,1480.000,1412.224,1139,0,1783739756.502074957,-0.044324,-0.084615,1.081684,0.044202,,,,,0.024918,0.000000,0.000000,0.813,1.151
2,3,17.3215,startup,0.2000,forward,1450.000,1169,decreasing,1480.000,1412.224,1139,0,1783739756.502074957,-0.044324,-0.084615,1.081684,0.044202,,,,,0.024918,0.000000,0.000000,0.825,1.133
2,3,17.3382,startup,0.2000,forward,1450.000,1169,decreasing,1480.000,1412.224,1139,0,1783739756.502074957,-0.044324,-0.084615,1.081684,0.044202,,,,,0.024918,0.000000,0.000000,0.825,1.133
2,3,17.3602,rolling,0.2000,forward,1450.000,1169,decreasing,1480.000,1419.384,1145,1,1783739756.602573633,-0.040085,-0.071187,1.078208,0.067582,0.0138407,-0.0034761,-0.2511537,-0.0695826,0.038758,0.000000,0.000000,0.825,1.133
2,3,17.3623,rolling,0.2000,forward,1450.000,1169,decreasing,1480.000,1419.384,1145,0,1783739756.602573633,-0.040085,-0.071187,1.078208,0.067582,,,,,0.038758,0.000000,0.000000,0.825,1.133
2,3,17.3839,rolling,0.2000,forward,1450.000,1169,decreasing,1480.000,1419.384,1145,0,1783739756.602573633,-0.040085,-0.071187,1.078208,0.067582,,,,,0.038758,0.000000,0.000000,0.825,1.133
2,3,17.4055,rolling,0.2000,forward,1450.000,1169,decreasing,1480.000,1419.384,1145,0,1783739756.602573633,-0.040085,-0.071187,1.078208,0.067582,,,,,0.038758,0.000000,0.000000,0.825,1.133
2,3,17.4272,rolling,0.2000,forward,1450.000,1169,decreasing,1480.000,1419.384,1145,0,1783739756.602573633,-0.040085,-0.071187,1.078208,0.067582,,,,,0.038758,0.000000,0.000000,0.841,1.121
2,3,17.4389,rolling,0.2000,forward,1450.000,1169,decreasing,1480.000,1419.384,1145,0,1783739756.602573633,-0.040085,-0.071187,1.078208,0.067582,,,,,0.038758,0.000000,0.000000,0.841,1.121
2,3,17.4606,rolling,0.2000,forward,1450.000,1169,decreasing,1480.000,1417.283,1143,1,1783739756.703095436,-0.033340,-0.054604,1.080362,0.094964,0.0178034,0.0021542,0.1209981,0.0335644,0.056562,0.000000,0.000000,0.841,1.121
2,3,17.4624,rolling,0.2000,forward,1450.000,1169,decreasing,1480.000,1417.283,1143,0,1783739756.703095436,-0.033340,-0.054604,1.080362,0.094964,,,,,0.056562,0.000000,0.000000,0.841,1.121
2,3,17.4840,rolling,0.2000,forward,1450.000,1169,decreasing,1480.000,1417.283,1143,0,1783739756.703095436,-0.033340,-0.054604,1.080362,0.094964,,,,,0.056562,0.000000,0.000000,0.841,1.121
2,3,17.5056,rolling,0.2000,forward,1450.000,1169,decreasing,1480.000,1417.283,1143,0,1783739756.703095436,-0.033340,-0.054604,1.080362,0.094964,,,,,0.056562,0.000000,0.000000,0.841,1.121
2,3,17.5272,rolling,0.2000,forward,1450.000,1169,decreasing,1480.000,1417.283,1143,0,1783739756.703095436,-0.033340,-0.054604,1.080362,0.094964,,,,,0.056562,0.000000,0.000000,0.857,1.105
2,3,17.5364,rolling,0.2000,forward,1450.000,1169,decreasing,1480.000,1417.711,1143,1,1783739756.803737879,-0.023162,-0.039428,1.082134,0.116381,0.0181792,0.0017721,0.0974815,0.0270445,0.074741,0.000000,0.000000,0.857,1.105
2,3,17.5476,rolling,0.2000,forward,1450.000,1169,decreasing,1480.000,1417.711,1143,0,1783739756.803737879,-0.023162,-0.039428,1.082134,0.116381,,,,,0.074741,0.000000,0.000000,0.857,1.105
2,3,17.5692,rolling,0.2000,forward,1450.000,1169,decreasing,1480.000,1417.711,1143,0,1783739756.803737879,-0.023162,-0.039428,1.082134,0.116381,,,,,0.074741,0.000000,0.000000,0.857,1.105
2,3,17.5909,rolling,0.2000,forward,1450.000,1169,decreasing,1480.000,1417.711,1143,0,1783739756.803737879,-0.023162,-0.039428,1.082134,0.116381,,,,,0.074741,0.000000,0.000000,0.857,1.105
2,3,17.6125,rolling,0.2000,forward,1450.000,1169,decreasing,1480.000,1417.711,1143,0,1783739756.803737879,-0.023162,-0.039428,1.082134,0.116381,,,,,0.074741,0.000000,0.000000,0.857,1.105
2,3,17.6341,rolling,0.2000,forward,1450.000,1169,decreasing,1480.000,1417.711,1143,0,1783739756.803737879,-0.023162,-0.039428,1.082134,0.116381,,,,,0.074741,0.000000,0.000000,0.872,1.090
2,3,17.6371,rolling,0.2000,forward,1450.000,1169,decreasing,1480.000,1418.086,1144,1,1783739756.901262760,-0.012574,-0.023915,1.084066,0.135136,0.0186665,0.0019315,0.1034750,0.0287064,0.093408,0.018667,0.001932,0.872,1.090
2,3,17.6517,rolling,0.2000,forward,1450.000,1169,decreasing,1480.000,1418.086,1144,0,1783739756.901262760,-0.012574,-0.023915,1.084066,0.135136,,,,,0.093408,0.018667,0.001932,0.872,1.090
2,3,17.6735,rolling,0.2000,forward,1450.000,1169,decreasing,1480.000,1418.086,1144,0,1783739756.901262760,-0.012574,-0.023915,1.084066,0.135136,,,,,0.093408,0.018667,0.001932,0.872,1.090
2,3,17.6950,rolling,0.2000,forward,1450.000,1169,decreasing,1480.000,1418.086,1144,0,1783739756.901262760,-0.012574,-0.023915,1.084066,0.135136,,,,,0.093408,0.018667,0.001932,0.872,1.090
2,3,17.7166,rolling,0.2000,forward,1450.000,1169,decreasing,1480.000,1418.086,1144,0,1783739756.901262760,-0.012574,-0.023915,1.084066,0.135136,,,,,0.093408,0.018667,0.001932,0.887,1.073
2,3,17.7376,rolling,0.2000,forward,1450.000,1169,decreasing,1480.000,1418.091,1144,1,1783739757.001968861,-0.006804,-0.011461,1.084210,0.135378,0.0137063,0.0001437,0.0104861,0.0029099,0.107114,0.032373,0.002075,0.887,1.073
2,3,17.7492,rolling,0.2000,forward,1450.000,1169,decreasing,1480.000,1418.091,1144,0,1783739757.001968861,-0.006804,-0.011461,1.084210,0.135378,,,,,0.107114,0.032373,0.002075,0.887,1.073
2,3,17.7708,rolling,0.2000,forward,1450.000,1169,decreasing,1480.000,1418.091,1144,0,1783739757.001968861,-0.006804,-0.011461,1.084210,0.135378,,,,,0.107114,0.032373,0.002075,0.887,1.073
2,3,17.7924,rolling,0.2000,forward,1450.000,1169,decreasing,1480.000,1418.091,1144,0,1783739757.001968861,-0.006804,-0.011461,1.084210,0.135378,,,,,0.107114,0.032373,0.002075,0.887,1.073
2,3,17.8139,rolling,0.2000,forward,1450.000,1169,decreasing,1480.000,1418.091,1144,0,1783739757.001968861,-0.006804,-0.011461,1.084210,0.135378,,,,,0.107114,0.032373,0.002075,0.887,1.073
2,3,17.8354,rolling,0.2000,forward,1450.000,1169,decreasing,1480.000,1418.091,1144,0,1783739757.001968861,-0.006804,-0.011461,1.084210,0.135378,,,,,0.107114,0.032373,0.002075,0.898,1.061
2,3,17.8381,rolling,0.2000,forward,1450.000,1169,decreasing,1480.000,1418.086,1144,1,1783739757.102413654,-0.001199,0.000839,1.084413,0.135116,0.0134930,0.0002039,0.0151102,0.0041931,0.120607,0.045866,0.002279,0.898,1.061
2,3,17.8449,rolling,0.2000,forward,1450.000,1169,decreasing,1480.000,1418.086,1144,0,1783739757.102413654,-0.001199,0.000839,1.084413,0.135116,,,,,0.120607,0.045866,0.002279,0.898,1.061
2,3,17.8666,rolling,0.2000,forward,1450.000,1169,decreasing,1480.000,1418.086,1144,0,1783739757.102413654,-0.001199,0.000839,1.084413,0.135116,,,,,0.120607,0.045866,0.002279,0.898,1.061
2,3,17.8882,rolling,0.2000,forward,1450.000,1169,decreasing,1480.000,1418.086,1144,0,1783739757.102413654,-0.001199,0.000839,1.084413,0.135116,,,,,0.120607,0.045866,0.002279,0.898,1.061
2,3,17.9098,rolling,0.2000,forward,1450.000,1169,decreasing,1480.000,1418.086,1144,0,1783739757.102413654,-0.001199,0.000839,1.084413,0.135116,,,,,0.120607,0.045866,0.002279,0.898,1.061
2,3,17.9315,rolling,0.2000,forward,1450.000,1169,decreasing,1480.000,1418.086,1144,0,1783739757.102413654,-0.001199,0.000839,1.084413,0.135116,,,,,0.120607,0.045866,0.002279,0.908,1.051
2,3,17.9385,rolling,0.2000,forward,1450.000,1169,decreasing,1480.000,1418.048,1144,1,1783739757.203107357,0.004905,0.012129,1.083755,0.133201,0.0128339,-0.0006586,-0.0513136,-0.0142386,0.133441,0.058700,0.001621,0.908,1.051
2,3,17.9516,rolling,0.2000,forward,1450.000,1169,decreasing,1480.000,1418.048,1144,0,1783739757.203107357,0.004905,0.012129,1.083755,0.133201,,,,,0.133441,0.058700,0.001621,0.908,1.051
2,3,17.9732,rolling,0.2000,forward,1450.000,1169,decreasing,1480.000,1418.048,1144,0,1783739757.203107357,0.004905,0.012129,1.083755,0.133201,,,,,0.133441,0.058700,0.001621,0.908,1.051
2,3,17.9948,rolling,0.2000,forward,1450.000,1169,decreasing,1480.000,1418.048,1144,0,1783739757.203107357,0.004905,0.012129,1.083755,0.133201,,,,,0.133441,0.058700,0.001621,0.908,1.051
2,3,18.0163,rolling,0.2000,forward,1450.000,1169,decreasing,1480.000,1418.048,1144,0,1783739757.203107357,0.004905,0.012129,1.083755,0.133201,,,,,0.133441,0.058700,0.001621,0.908,1.051
2,3,18.0379,rolling,0.2000,forward,1450.000,1169,decreasing,1480.000,1418.048,1144,0,1783739757.203107357,0.004905,0.012129,1.083755,0.133201,,,,,0.133441,0.058700,0.001621,0.919,1.038
2,3,18.0404,rolling,0.2000,forward,1450.000,1169,decreasing,1480.000,1417.892,1143,1,1783739757.303356886,0.008985,0.021539,1.083287,0.125401,0.0102254,-0.0004675,-0.0457163,-0.0126856,0.143666,0.068925,0.001153,0.919,1.038
2,3,18.0541,rolling,0.2000,forward,1450.000,1169,decreasing,1480.000,1417.892,1143,0,1783739757.303356886,0.008985,0.021539,1.083287,0.125401,,,,,0.143666,0.068925,0.001153,0.919,1.038
2,3,18.0758,rolling,0.2000,forward,1450.000,1169,decreasing,1480.000,1417.892,1143,0,1783739757.303356886,0.008985,0.021539,1.083287,0.125401,,,,,0.143666,0.068925,0.001153,0.919,1.038
2,3,18.0973,rolling,0.2000,forward,1450.000,1169,decreasing,1480.000,1417.892,1143,0,1783739757.303356886,0.008985,0.021539,1.083287,0.125401,,,,,0.143666,0.068925,0.001153,0.919,1.038
2,3,18.1188,rolling,0.2000,forward,1450.000,1169,decreasing,1480.000,1417.892,1143,0,1783739757.303356886,0.008985,0.021539,1.083287,0.125401,,,,,0.143666,0.068925,0.001153,0.927,1.030
2,3,18.1371,rolling,0.2000,forward,1450.000,1169,decreasing,1480.000,1417.681,1143,1,1783739757.404047966,0.011730,0.029582,1.083040,0.114886,0.0083917,-0.0002473,-0.0294746,-0.0081790,0.152058,0.068925,0.001153,0.927,1.030
2,3,18.1496,rolling,0.2000,forward,1450.000,1169,decreasing,1480.000,1417.681,1143,0,1783739757.404047966,0.011730,0.029582,1.083040,0.114886,,,,,0.152058,0.068925,0.001153,0.927,1.030
2,3,18.1713,rolling,0.2000,forward,1450.000,1169,decreasing,1480.000,1417.681,1143,0,1783739757.404047966,0.011730,0.029582,1.083040,0.114886,,,,,0.152058,0.068925,0.001153,0.927,1.030
2,3,18.1929,rolling,0.2000,forward,1450.000,1169,decreasing,1480.000,1417.681,1143,0,1783739757.404047966,0.011730,0.029582,1.083040,0.114886,,,,,0.152058,0.068925,0.001153,0.927,1.030
2,3,18.2144,rolling,0.2000,forward,1450.000,1169,decreasing,1480.000,1417.681,1143,0,1783739757.404047966,0.011730,0.029582,1.083040,0.114886,,,,,0.152058,0.068925,0.001153,0.927,1.030
2,3,18.2360,rolling,0.2000,forward,1450.000,1169,decreasing,1480.000,1417.681,1143,0,1783739757.404047966,0.011730,0.029582,1.083040,0.114886,,,,,0.152058,0.068925,0.001153,0.930,1.023
2,3,18.2386,rolling,0.2000,forward,1450.000,1169,decreasing,1480.000,1417.408,1143,1,1783739757.502036333,0.014012,0.035045,1.083005,0.101205,0.0058955,-0.0000355,-0.0060258,-0.0016721,0.157953,0.068925,0.001153,0.930,1.023
2,3,18.2500,rolling,0.2000,forward,1450.000,1169,decreasing,1480.000,1417.408,1143,0,1783739757.502036333,0.014012,0.035045,1.083005,0.101205,,,,,0.157953,0.068925,0.001153,0.930,1.023
2,3,18.2717,rolling,0.2000,forward,1450.000,1169,decreasing,1480.000,1417.408,1143,0,1783739757.502036333,0.014012,0.035045,1.083005,0.101205,,,,,0.157953,0.068925,0.001153,0.930,1.023
2,3,18.2933,rolling,0.2000,forward,1450.000,1169,decreasing,1480.000,1417.408,1143,0,1783739757.502036333,0.014012,0.035045,1.083005,0.101205,,,,,0.157953,0.068925,0.001153,0.930,1.023
2,3,18.3148,rolling,0.2000,forward,1450.000,1169,decreasing,1480.000,1417.408,1143,0,1783739757.502036333,0.014012,0.035045,1.083005,0.101205,,,,,0.157953,0.068925,0.001153,0.930,1.023
2,3,18.3369,rolling,0.2000,forward,1450.000,1169,decreasing,1480.000,1417.408,1143,0,1783739757.502036333,0.014012,0.035045,1.083005,0.101205,,,,,0.157953,0.068925,0.001153,0.934,1.020
2,3,18.3394,rolling,0.2000,forward,1450.000,1169,decreasing,1480.000,1417.024,1143,1,1783739757.602692604,0.017447,0.036017,1.083692,0.082033,0.0024675,0.0006876,0.2786775,0.0771794,0.160421,0.068925,0.001153,0.934,1.020
2,3,18.3553,rolling,0.2000,forward,1450.000,1169,decreasing,1480.000,1417.024,1143,0,1783739757.602692604,0.017447,0.036017,1.083692,0.082033,,,,,0.160421,0.068925,0.001153,0.934,1.020
2,3,18.3769,rolling,0.2000,forward,1450.000,1169,decreasing,1480.000,1417.024,1143,0,1783739757.602692604,0.017447,0.036017,1.083692,0.082033,,,,,0.160421,0.068925,0.001153,0.934,1.020
2,3,18.3984,rolling,0.2000,forward,1450.000,1169,decreasing,1480.000,1417.024,1143,0,1783739757.602692604,0.017447,0.036017,1.083692,0.082033,,,,,0.160421,0.068925,0.001153,0.934,1.020
2,3,18.4199,rolling,0.2000,forward,1450.000,1169,decreasing,1480.000,1417.024,1143,0,1783739757.602692604,0.017447,0.036017,1.083692,0.082033,,,,,0.160421,0.068925,0.001153,0.938,1.015
2,3,18.4387,rolling,0.2000,forward,1450.000,1169,decreasing,1480.000,1416.819,1143,1,1783739757.703377247,0.021646,0.038467,1.083749,0.071779,0.0041301,0.0000564,0.0136543,0.0037890,0.164551,0.068925,0.001153,0.938,1.015
2,3,18.4484,rolling,0.2000,forward,1450.000,1169,decreasing,1480.000,1416.819,1143,0,1783739757.703377247,0.021646,0.038467,1.083749,0.071779,,,,,0.164551,0.068925,0.001153,0.938,1.015
2,3,18.4701,rolling,0.2000,forward,1450.000,1169,decreasing,1480.000,1416.819,1143,0,1783739757.703377247,0.021646,0.038467,1.083749,0.071779,,,,,0.164551,0.068925,0.001153,0.938,1.015
2,3,18.4916,rolling,0.2000,forward,1450.000,1169,decreasing,1480.000,1416.819,1143,0,1783739757.703377247,0.021646,0.038467,1.083749,0.071779,,,,,0.164551,0.068925,0.001153,0.938,1.015
2,3,18.5133,rolling,0.2000,forward,1450.000,1169,decreasing,1480.000,1416.819,1143,0,1783739757.703377247,0.021646,0.038467,1.083749,0.071779,,,,,0.164551,0.068925,0.001153,0.938,1.015
2,3,18.5349,rolling,0.2000,forward,1450.000,1169,decreasing,1480.000,1416.819,1143,0,1783739757.703377247,0.021646,0.038467,1.083749,0.071779,,,,,0.164551,0.068925,0.001153,0.938,1.013
2,3,18.5392,rolling,0.2000,forward,1450.000,1169,decreasing,1480.000,1416.556,1142,1,1783739757.803548098,0.021767,0.040566,1.083335,0.058605,0.0019116,-0.0004131,-0.2161068,-0.0598979,0.166462,0.068925,0.001153,0.938,1.013
2,3,18.5523,rolling,0.2000,forward,1450.000,1169,decreasing,1480.000,1416.556,1142,0,1783739757.803548098,0.021767,0.040566,1.083335,0.058605,,,,,0.166462,0.068925,0.001153,0.938,1.013
2,3,18.5739,rolling,0.2000,forward,1450.000,1169,decreasing,1480.000,1416.556,1142,0,1783739757.803548098,0.021767,0.040566,1.083335,0.058605,,,,,0.166462,0.068925,0.001153,0.938,1.013
2,3,18.5954,rolling,0.2000,forward,1450.000,1169,decreasing,1480.000,1416.556,1142,0,1783739757.803548098,0.021767,0.040566,1.083335,0.058605,,,,,0.166462,0.068925,0.001153,0.938,1.013
2,3,18.6169,rolling,0.2000,forward,1450.000,1169,decreasing,1480.000,1416.556,1142,0,1783739757.803548098,0.021767,0.040566,1.083335,0.058605,,,,,0.166462,0.068925,0.001153,0.937,1.013
2,3,18.6377,rolling,0.2000,forward,1450.000,1169,decreasing,1480.000,1416.150,1142,1,1783739757.904125452,0.018313,0.039837,1.083993,0.038334,-0.0022611,0.0006573,-0.2907153,-0.0804992,0.168724,0.068925,0.001153,0.937,1.013
2,3,18.6544,rolling,0.2000,forward,1450.000,1169,decreasing,1480.000,1416.150,1142,0,1783739757.904125452,0.018313,0.039837,1.083993,0.038334,,,,,0.168724,0.068925,0.001153,0.937,1.013
2,3,18.6760,rolling,0.2000,forward,1450.000,1169,decreasing,1480.000,1416.150,1142,0,1783739757.904125452,0.018313,0.039837,1.083993,0.038334,,,,,0.168724,0.068925,0.001153,0.937,1.013
2,3,18.6976,rolling,0.2000,forward,1450.000,1169,decreasing,1480.000,1416.150,1142,0,1783739757.904125452,0.018313,0.039837,1.083993,0.038334,,,,,0.168724,0.068925,0.001153,0.937,1.013
2,3,18.7192,rolling,0.2000,forward,1450.000,1169,decreasing,1480.000,1416.150,1142,0,1783739757.904125452,0.018313,0.039837,1.083993,0.038334,,,,,0.168724,0.068925,0.001153,0.938,1.014
2,3,18.7377,rolling,0.2000,forward,1450.000,1169,decreasing,1480.000,1416.020,1142,1,1783739758.002359867,0.020656,0.039949,1.084448,0.031792,0.0011953,0.0004550,0.3806695,0.1052455,0.169919,0.068925,0.001153,0.938,1.014
2,3,18.7512,rolling,0.2000,forward,1450.000,1169,decreasing,1480.000,1416.020,1142,0,1783739758.002359867,0.020656,0.039949,1.084448,0.031792,,,,,0.169919,0.068925,0.001153,0.938,1.014
2,3,18.7730,rolling,0.2000,forward,1450.000,1169,decreasing,1480.000,1416.020,1142,0,1783739758.002359867,0.020656,0.039949,1.084448,0.031792,,,,,0.169919,0.068925,0.001153,0.938,1.014
2,3,18.7947,rolling,0.2000,forward,1450.000,1169,decreasing,1480.000,1416.020,1142,0,1783739758.002359867,0.020656,0.039949,1.084448,0.031792,,,,,0.169919,0.068925,0.001153,0.938,1.014
2,3,18.8164,rolling,0.2000,forward,1450.000,1169,decreasing,1480.000,1416.020,1142,0,1783739758.002359867,0.020656,0.039949,1.084448,0.031792,,,,,0.169919,0.068925,0.001153,0.938,1.013
2,3,18.8378,rolling,0.2000,forward,1450.000,1169,decreasing,1480.000,1415.868,1142,1,1783739758.102550507,0.019466,0.040752,1.084562,0.024227,0.0001536,0.0001142,0.7436842,0.2035153,0.170072,0.068925,0.001153,0.938,1.013
2,3,18.8523,rolling,0.2000,forward,1450.000,1169,decreasing,1480.000,1415.868,1142,0,1783739758.102550507,0.019466,0.040752,1.084562,0.024227,,,,,0.170072,0.068925,0.001153,0.938,1.013
2,3,18.8739,rolling,0.2000,forward,1450.000,1169,decreasing,1480.000,1415.868,1142,0,1783739758.102550507,0.019466,0.040752,1.084562,0.024227,,,,,0.170072,0.068925,0.001153,0.938,1.013
2,3,18.8954,rolling,0.2000,forward,1450.000,1169,decreasing,1480.000,1415.868,1142,0,1783739758.102550507,0.019466,0.040752,1.084562,0.024227,,,,,0.170072,0.068925,0.001153,0.938,1.013
2,3,18.9169,rolling,0.2000,forward,1450.000,1169,decreasing,1480.000,1415.868,1142,0,1783739758.102550507,0.019466,0.040752,1.084562,0.024227,,,,,0.170072,0.068925,0.001153,0.938,1.013
2,3,18.9388,rolling,0.2000,forward,1450.000,1169,decreasing,1480.000,1415.722,1142,1,1783739758.202921867,0.018596,0.040651,1.083663,0.016933,-0.0004967,-0.0008993,1.8104383,0.4655631,0.170569,0.068925,0.001153,0.938,1.013
2,3,18.9578,rolling,0.2000,forward,1450.000,1169,decreasing,1480.000,1415.722,1142,0,1783739758.202921867,0.018596,0.040651,1.083663,0.016933,,,,,0.170569,0.068925,0.001153,0.938,1.013
2,3,18.9794,rolling,0.2000,forward,1450.000,1169,decreasing,1480.000,1415.722,1142,0,1783739758.202921867,0.018596,0.040651,1.083663,0.016933,,,,,0.170569,0.068925,0.001153,0.938,1.013
2,3,19.0009,rolling,0.2000,forward,1450.000,1169,decreasing,1480.000,1415.722,1142,0,1783739758.202921867,0.018596,0.040651,1.083663,0.016933,,,,,0.170569,0.068925,0.001153,0.938,1.013
2,3,19.0224,rolling,0.2000,forward,1450.000,1169,decreasing,1480.000,1415.722,1142,0,1783739758.202921867,0.018596,0.040651,1.083663,0.016933,,,,,0.170569,0.068925,0.001153,0.939,1.013
2,3,19.0394,rolling,0.2000,forward,1450.000,1169,decreasing,1480.000,1415.624,1142,1,1783739758.303671360,0.019632,0.039782,1.083155,0.012000,-0.0002821,-0.0005082,1.8012995,0.4635361,0.170851,0.068925,0.001153,0.939,1.013
2,3,19.0481,rolling,0.2000,forward,1450.000,1169,decreasing,1480.000,1415.624,1142,0,1783739758.303671360,0.019632,0.039782,1.083155,0.012000,,,,,0.170851,0.068925,0.001153,0.939,1.013
2,3,19.0697,rolling,0.2000,forward,1450.000,1169,decreasing,1480.000,1415.624,1142,0,1783739758.303671360,0.019632,0.039782,1.083155,0.012000,,,,,0.170851,0.068925,0.001153,0.939,1.013
2,3,19.0913,rolling,0.2000,forward,1450.000,1169,decreasing,1480.000,1415.624,1142,0,1783739758.303671360,0.019632,0.039782,1.083155,0.012000,,,,,0.170851,0.068925,0.001153,0.939,1.013
2,3,19.1128,rolling,0.2000,forward,1450.000,1169,decreasing,1480.000,1415.624,1142,0,1783739758.303671360,0.019632,0.039782,1.083155,0.012000,,,,,0.170851,0.068925,0.001153,0.939,1.013
2,3,19.1344,rolling,0.2000,forward,1450.000,1169,decreasing,1480.000,1415.624,1142,0,1783739758.303671360,0.019632,0.039782,1.083155,0.012000,,,,,0.170851,0.068925,0.001153,0.938,1.013
2,3,19.1399,rolling,0.2000,forward,1450.000,1169,decreasing,1480.000,1415.597,1142,1,1783739758.404263258,0.020910,0.039860,1.083036,0.010660,0.0006678,-0.0001184,-0.1773065,-0.0491629,0.171519,0.068925,0.001153,0.938,1.013
2,3,19.1529,rolling,0.2000,forward,1450.000,1169,decreasing,1480.000,1415.597,1142,0,1783739758.404263258,0.020910,0.039860,1.083036,0.010660,,,,,0.171519,0.068925,0.001153,0.938,1.013
2,3,19.1746,rolling,0.2000,forward,1450.000,1169,decreasing,1480.000,1415.597,1142,0,1783739758.404263258,0.020910,0.039860,1.083036,0.010660,,,,,0.171519,0.068925,0.001153,0.938,1.013
2,3,19.1962,rolling,0.2000,forward,1450.000,1169,decreasing,1480.000,1415.597,1142,0,1783739758.404263258,0.020910,0.039860,1.083036,0.010660,,,,,0.171519,0.068925,0.001153,0.938,1.013
2,3,19.2178,rolling,0.2000,forward,1450.000,1169,decreasing,1480.000,1415.597,1142,0,1783739758.404263258,0.020910,0.039860,1.083036,0.010660,,,,,0.171519,0.068925,0.001153,0.938,1.013
2,3,19.2384,rolling,0.2000,forward,1450.000,1169,decreasing,1480.000,1412.497,1139,1,1783739758.504754066,0.021558,0.039280,1.083849,0.007475,-0.0002091,0.0008132,-3.8898115,-0.8235742,0.171728,0.068925,0.001153,0.938,1.013
2,3,19.2499,rolling,0.2000,forward,1450.000,1169,decreasing,1480.000,1412.497,1139,0,1783739758.504754066,0.021558,0.039280,1.083849,0.007475,,,,,0.171728,0.068925,0.001153,0.938,1.013
2,3,19.2715,rolling,0.2000,forward,1450.000,1169,decreasing,1480.000,1412.497,1139,0,1783739758.504754066,0.021558,0.039280,1.083849,0.007475,,,,,0.171728,0.068925,0.001153,0.938,1.013
2,3,19.2930,rolling,0.2000,forward,1450.000,1169,decreasing,1480.000,1412.497,1139,0,1783739758.504754066,0.021558,0.039280,1.083849,0.007475,,,,,0.171728,0.068925,0.001153,0.938,1.013
2,3,19.3145,rolling,0.2000,forward,1450.000,1169,decreasing,1480.000,1412.497,1139,0,1783739758.504754066,0.021558,0.039280,1.083849,0.007475,,,,,0.171728,0.068925,0.001153,0.938,1.013
2,3,19.3360,rolling,0.2000,forward,1450.000,1169,decreasing,1480.000,1412.497,1139,0,1783739758.504754066,0.021558,0.039280,1.083849,0.007475,,,,,0.171728,0.068925,0.001153,0.938,1.012
2,3,19.3388,rolling,0.2000,forward,1450.000,1169,decreasing,1480.000,1409.397,1137,1,1783739758.603118896,0.020200,0.039726,1.085018,0.004994,-0.0002410,0.0011689,-4.8507143,-0.9318537,0.171969,0.068925,0.001153,0.938,1.012
2,3,19.3495,rolling,0.2000,forward,1450.000,1169,decreasing,1480.000,1409.397,1137,0,1783739758.603118896,0.020200,0.039726,1.085018,0.004994,,,,,0.171969,0.068925,0.001153,0.938,1.012
2,3,19.3711,rolling,0.2000,forward,1450.000,1169,decreasing,1480.000,1409.397,1137,0,1783739758.603118896,0.020200,0.039726,1.085018,0.004994,,,,,0.171969,0.068925,0.001153,0.938,1.012
2,3,19.3926,rolling,0.2000,forward,1450.000,1169,decreasing,1480.000,1409.397,1137,0,1783739758.603118896,0.020200,0.039726,1.085018,0.004994,,,,,0.171969,0.068925,0.001153,0.938,1.012
2,3,19.4141,rolling,0.2000,forward,1450.000,1169,decreasing,1480.000,1409.397,1137,0,1783739758.603118896,0.020200,0.039726,1.085018,0.004994,,,,,0.171969,0.068925,0.001153,0.938,1.014
2,3,19.4366,rolling,0.2000,forward,1450.000,1169,decreasing,1480.000,1409.397,1137,0,1783739758.603118896,0.020200,0.039726,1.085018,0.004994,,,,,0.171969,0.068925,0.001153,0.938,1.014
2,3,19.4380,rolling,0.2000,forward,1450.000,1169,decreasing,1480.000,1406.297,1134,1,1783739758.703611374,0.018691,0.041650,1.084006,0.006223,0.0009960,-0.0010120,-1.0160661,-0.2748238,0.172965,0.068925,0.001153,0.938,1.014
2,3,19.4587,rolling,0.2000,forward,1450.000,1169,decreasing,1480.000,1406.297,1134,0,1783739758.703611374,0.018691,0.041650,1.084006,0.006223,,,,,0.172965,0.068925,0.001153,0.938,1.014
2,3,19.4803,rolling,0.2000,forward,1450.000,1169,decreasing,1480.000,1406.297,1134,0,1783739758.703611374,0.018691,0.041650,1.084006,0.006223,,,,,0.172965,0.068925,0.001153,0.938,1.014
2,3,19.5018,rolling,0.2000,forward,1450.000,1169,decreasing,1480.000,1406.297,1134,0,1783739758.703611374,0.018691,0.041650,1.084006,0.006223,,,,,0.172965,0.068925,0.001153,0.938,1.014
2,3,19.5233,rolling,0.2000,forward,1450.000,1169,decreasing,1480.000,1406.297,1134,0,1783739758.703611374,0.018691,0.041650,1.084006,0.006223,,,,,0.172965,0.068925,0.001153,0.938,1.013
2,3,19.5375,rolling,0.2000,forward,1450.000,1169,decreasing,1480.000,1403.197,1132,1,1783739758.801498652,0.018224,0.039905,1.083734,0.000172,-0.0017603,-0.0002723,0.1546677,0.0428940,0.174725,0.068925,0.001153,0.938,1.013
2,3,19.5453,rolling,0.2000,forward,1450.000,1169,decreasing,1480.000,1403.197,1132,0,1783739758.801498652,0.018224,0.039905,1.083734,0.000172,,,,,0.174725,0.068925,0.001153,0.938,1.013
2,3,19.5669,rolling,0.2000,forward,1450.000,1169,decreasing,1480.000,1403.197,1132,0,1783739758.801498652,0.018224,0.039905,1.083734,0.000172,,,,,0.174725,0.068925,0.001153,0.938,1.013
2,3,19.5884,rolling,0.2000,forward,1450.000,1169,decreasing,1480.000,1403.197,1132,0,1783739758.801498652,0.018224,0.039905,1.083734,0.000172,,,,,0.174725,0.068925,0.001153,0.938,1.013
2,3,19.6099,rolling,0.2000,forward,1450.000,1169,decreasing,1480.000,1403.197,1132,0,1783739758.801498652,0.018224,0.039905,1.083734,0.000172,,,,,0.174725,0.068925,0.001153,0.938,1.013
2,3,19.6314,rolling,0.2000,forward,1450.000,1169,decreasing,1480.000,1403.197,1132,0,1783739758.801498652,0.018224,0.039905,1.083734,0.000172,,,,,0.174725,0.068925,0.001153,0.940,1.013
2,3,19.6348,rolling,0.2000,forward,1450.000,1169,decreasing,1480.000,1400.097,1129,1,1783739758.902192116,0.020620,0.043507,1.082390,0.010817,0.0043049,-0.0013440,-0.3122064,-0.0864215,0.179030,0.068925,0.001153,0.940,1.013
2,3,19.6549,rolling,0.2000,forward,1450.000,1169,decreasing,1480.000,1400.097,1129,0,1783739758.902192116,0.020620,0.043507,1.082390,0.010817,,,,,0.179030,0.068925,0.001153,0.940,1.013
2,3,19.6766,rolling,0.2000,forward,1450.000,1169,decreasing,1480.000,1400.097,1129,0,1783739758.902192116,0.020620,0.043507,1.082390,0.010817,,,,,0.179030,0.068925,0.001153,0.940,1.013
2,3,19.6982,rolling,0.2000,forward,1450.000,1169,decreasing,1480.000,1400.097,1129,0,1783739758.902192116,0.020620,0.043507,1.082390,0.010817,,,,,0.179030,0.068925,0.001153,0.940,1.013
2,3,19.7199,rolling,0.2000,forward,1450.000,1169,decreasing,1480.000,1400.097,1129,0,1783739758.902192116,0.020620,0.043507,1.082390,0.010817,,,,,0.179030,0.068925,0.001153,0.953,1.005
2,3,19.7356,rolling,0.2000,forward,1450.000,1169,decreasing,1480.000,1396.997,1127,1,1783739758.999674559,0.022034,0.056359,1.081570,0.038914,0.0120104,-0.0008198,-0.0682540,-0.0189382,0.191041,0.068925,0.001153,0.953,1.005
2,3,19.7572,rolling,0.2000,forward,1450.000,1169,decreasing,1480.000,1396.997,1127,0,1783739758.999674559,0.022034,0.056359,1.081570,0.038914,,,,,0.191041,0.068925,0.001153,0.953,1.005
2,3,19.7790,rolling,0.2000,forward,1450.000,1169,decreasing,1480.000,1396.997,1127,0,1783739758.999674559,0.022034,0.056359,1.081570,0.038914,,,,,0.191041,0.068925,0.001153,0.953,1.005
2,3,19.8006,rolling,0.2000,forward,1450.000,1169,decreasing,1480.000,1396.997,1127,0,1783739758.999674559,0.022034,0.056359,1.081570,0.038914,,,,,0.191041,0.068925,0.001153,0.953,1.005
2,3,19.8221,rolling,0.2000,forward,1450.000,1169,decreasing,1480.000,1396.997,1127,0,1783739758.999674559,0.022034,0.056359,1.081570,0.038914,,,,,0.191041,0.068925,0.001153,0.970,0.984
2,3,19.8335,rolling,0.2000,forward,1450.000,1169,decreasing,1480.000,1419.384,1145,1,1783739759.100452185,0.035292,0.071440,1.082813,0.077658,0.0195397,0.0012431,0.0636197,0.0176526,0.210580,0.068925,0.001153,0.970,0.984
2,3,19.8541,rolling,0.2000,forward,1450.000,1169,decreasing,1480.000,1419.384,1145,0,1783739759.100452185,0.035292,0.071440,1.082813,0.077658,,,,,0.210580,0.068925,0.001153,0.970,0.984
2,3,19.8759,rolling,0.2000,forward,1450.000,1169,decreasing,1480.000,1419.384,1145,0,1783739759.100452185,0.035292,0.071440,1.082813,0.077658,,,,,0.210580,0.068925,0.001153,0.970,0.984
2,3,19.8975,rolling,0.2000,forward,1450.000,1169,decreasing,1480.000,1419.384,1145,0,1783739759.100452185,0.035292,0.071440,1.082813,0.077658,,,,,0.210580,0.068925,0.001153,0.970,0.984
2,3,19.9191,rolling,0.2000,forward,1450.000,1169,decreasing,1480.000,1419.384,1145,0,1783739759.100452185,0.035292,0.071440,1.082813,0.077658,,,,,0.210580,0.068925,0.001153,0.998,0.955
2,3,19.9340,rolling,0.2000,forward,1450.000,1169,decreasing,1480.000,1419.384,1145,0,1783739759.100452185,0.035292,0.071440,1.082813,0.077658,,,,,0.210580,0.068925,0.001153,0.998,0.955
2,3,19.9558,rolling,0.2000,forward,1450.000,1169,decreasing,1480.000,1418.231,1144,1,1783739759.198379040,0.047487,0.102272,1.080909,0.142355,0.0329470,-0.0019045,-0.0578053,-0.0160396,0.243527,0.101872,-0.000751,0.998,0.955
2,3,19.9576,rolling,0.2000,forward,1450.000,1169,decreasing,1480.000,1418.231,1144,0,1783739759.198379040,0.047487,0.102272,1.080909,0.142355,,,,,0.243527,0.101872,-0.000751,0.998,0.955
2,3,19.9792,rolling,0.2000,forward,1450.000,1169,decreasing,1480.000,1418.231,1144,0,1783739759.198379040,0.047487,0.102272,1.080909,0.142355,,,,,0.243527,0.101872,-0.000751,0.998,0.955
2,3,20.0007,rolling,0.2000,forward,1450.000,1169,decreasing,1480.000,1418.231,1144,0,1783739759.198379040,0.047487,0.102272,1.080909,0.142355,,,,,0.243527,0.101872,-0.000751,0.998,0.955
2,3,20.0223,rolling,0.2000,forward,1450.000,1169,decreasing,1480.000,1418.231,1144,0,1783739759.198379040,0.047487,0.102272,1.080909,0.142355,,,,,0.243527,0.101872,-0.000751,1.025,0.932
2,3,20.0348,rolling,0.2000,forward,1450.000,1169,decreasing,1480.000,1419.002,1144,1,1783739759.298724890,0.062995,0.127740,1.087289,0.180921,0.0297647,0.0063806,0.2143679,0.0594171,0.273292,0.131637,0.005629,1.025,0.932
2,3,20.0518,rolling,0.2000,forward,1450.000,1169,decreasing,1480.000,1419.002,1144,0,1783739759.298724890,0.062995,0.127740,1.087289,0.180921,,,,,0.273292,0.131637,0.005629,1.025,0.932
2,3,20.0734,rolling,0.2000,forward,1450.000,1169,decreasing,1480.000,1419.002,1144,0,1783739759.298724890,0.062995,0.127740,1.087289,0.180921,,,,,0.273292,0.131637,0.005629,1.025,0.932
2,3,20.0950,rolling,0.2000,forward,1450.000,1169,decreasing,1480.000,1419.002,1144,0,1783739759.298724890,0.062995,0.127740,1.087289,0.180921,,,,,0.273292,0.131637,0.005629,1.025,0.932
2,3,20.1165,rolling,0.2000,forward,1450.000,1169,decreasing,1480.000,1419.002,1144,0,1783739759.298724890,0.062995,0.127740,1.087289,0.180921,,,,,0.273292,0.131637,0.005629,1.048,0.911
2,3,20.1326,rolling,0.2000,forward,1450.000,1169,decreasing,1480.000,1419.002,1144,0,1783739759.298724890,0.062995,0.127740,1.087289,0.180921,,,,,0.273292,0.131637,0.005629,1.048,0.911
2,3,20.1544,rolling,0.2000,forward,1450.000,1169,decreasing,1480.000,1419.187,1145,1,1783739759.399626255,0.076834,0.145322,1.089395,0.190187,0.0219949,0.0021057,0.0957343,0.0265600,0.295287,0.153632,0.007735,1.048,0.911
2,3,20.1565,rolling,0.2000,forward,1450.000,1169,decreasing,1480.000,1419.187,1145,0,1783739759.399626255,0.076834,0.145322,1.089395,0.190187,,,,,0.295287,0.153632,0.007735,1.048,0.911
2,3,20.1780,rolling,0.2000,forward,1450.000,1169,decreasing,1480.000,1419.187,1145,0,1783739759.399626255,0.076834,0.145322,1.089395,0.190187,,,,,0.295287,0.153632,0.007735,1.048,0.911
2,3,20.1996,rolling,0.2000,forward,1450.000,1169,decreasing,1480.000,1419.187,1145,0,1783739759.399626255,0.076834,0.145322,1.089395,0.190187,,,,,0.295287,0.153632,0.007735,1.048,0.911
2,3,20.2211,rolling,0.2000,forward,1450.000,1169,decreasing,1480.000,1419.187,1145,0,1783739759.399626255,0.076834,0.145322,1.089395,0.190187,,,,,0.295287,0.153632,0.007735,1.063,0.893
2,3,20.2330,rolling,0.2000,forward,1450.000,1169,decreasing,1480.000,1419.148,1144,1,1783739759.497453213,0.081888,0.162793,1.088113,0.188189,0.0178238,-0.0012816,-0.0719037,-0.0199506,0.313111,0.171455,0.006453,1.063,0.893
2,3,20.2526,rolling,0.2000,forward,1450.000,1169,decreasing,1480.000,1419.148,1144,0,1783739759.497453213,0.081888,0.162793,1.088113,0.188189,,,,,0.313111,0.171455,0.006453,1.063,0.893
2,3,20.2742,rolling,0.2000,forward,1450.000,1169,decreasing,1480.000,1419.148,1144,0,1783739759.497453213,0.081888,0.162793,1.088113,0.188189,,,,,0.313111,0.171455,0.006453,1.063,0.893
2,3,20.2958,rolling,0.2000,forward,1450.000,1169,decreasing,1480.000,1419.148,1144,0,1783739759.497453213,0.081888,0.162793,1.088113,0.188189,,,,,0.313111,0.171455,0.006453,1.063,0.893
2,3,20.3173,rolling,0.2000,forward,1450.000,1169,decreasing,1480.000,1419.148,1144,0,1783739759.497453213,0.081888,0.162793,1.088113,0.188189,,,,,0.313111,0.171455,0.006453,1.077,0.879
2,3,20.3336,rolling,0.2000,forward,1450.000,1169,decreasing,1480.000,1418.999,1144,1,1783739759.597946644,0.086989,0.178104,1.086825,0.180766,0.0159278,-0.0012887,-0.0809057,-0.0224476,0.329039,0.187383,0.005165,1.077,0.879
2,3,20.3509,rolling,0.2000,forward,1450.000,1169,decreasing,1480.000,1418.999,1144,0,1783739759.597946644,0.086989,0.178104,1.086825,0.180766,,,,,0.329039,0.187383,0.005165,1.077,0.879
2,3,20.3727,rolling,0.2000,forward,1450.000,1169,decreasing,1480.000,1418.999,1144,0,1783739759.597946644,0.086989,0.178104,1.086825,0.180766,,,,,0.329039,0.187383,0.005165,1.077,0.879
2,3,20.3942,rolling,0.2000,forward,1450.000,1169,decreasing,1480.000,1418.999,1144,0,1783739759.597946644,0.086989,0.178104,1.086825,0.180766,,,,,0.329039,0.187383,0.005165,1.077,0.879
2,3,20.4159,rolling,0.2000,forward,1450.000,1169,decreasing,1480.000,1418.999,1144,0,1783739759.597946644,0.086989,0.178104,1.086825,0.180766,,,,,0.329039,0.187383,0.005165,1.094,0.789
2,3,20.4342,rolling,0.2000,forward,1450.000,1169,decreasing,1480.000,1418.919,1144,1,1783739759.698479891,0.096733,0.191700,1.085458,0.176779,0.0165697,-0.0013668,-0.0824875,-0.0228863,0.345608,0.203953,0.003798,1.094,0.789
2,3,20.4463,rolling,0.2000,forward,1450.000,1169,decreasing,1480.000,1418.919,1144,0,1783739759.698479891,0.096733,0.191700,1.085458,0.176779,,,,,0.345608,0.203953,0.003798,1.094,0.789
2,3,20.4679,rolling,0.2000,forward,1450.000,1169,decreasing,1480.000,1418.919,1144,0,1783739759.698479891,0.096733,0.191700,1.085458,0.176779,,,,,0.345608,0.203953,0.003798,1.094,0.789
2,3,20.4895,rolling,0.2000,forward,1450.000,1169,decreasing,1480.000,1418.919,1144,0,1783739759.698479891,0.096733,0.191700,1.085458,0.176779,,,,,0.345608,0.203953,0.003798,1.094,0.789
2,3,20.5110,rolling,0.2000,forward,1450.000,1169,decreasing,1480.000,1418.919,1144,0,1783739759.698479891,0.096733,0.191700,1.085458,0.176779,,,,,0.345608,0.203953,0.003798,1.094,0.789
2,3,20.5326,rolling,0.2000,forward,1450.000,1169,decreasing,1480.000,1418.919,1144,0,1783739759.698479891,0.096733,0.191700,1.085458,0.176779,,,,,0.345608,0.203953,0.003798,1.102,0.854
2,3,20.5352,rolling,0.2000,forward,1450.000,1169,decreasing,1480.000,1418.919,1144,0,1783739759.698479891,0.096733,0.191700,1.085458,0.176779,,,,,0.345608,0.203953,0.003798,1.102,0.854
2,3,20.5570,rolling,0.2000,forward,1450.000,1169,decreasing,1480.000,1418.563,1144,1,1783739759.799121380,0.103122,0.200343,1.088256,0.158973,0.0106233,0.0027977,0.2633605,0.0729528,0.356232,0.214576,0.006596,1.102,0.854
2,3,20.5594,rolling,0.2000,forward,1450.000,1169,decreasing,1480.000,1418.563,1144,0,1783739759.799121380,0.103122,0.200343,1.088256,0.158973,,,,,0.356232,0.214576,0.006596,1.102,0.854
2,3,20.5810,rolling,0.2000,forward,1450.000,1169,decreasing,1480.000,1418.563,1144,0,1783739759.799121380,0.103122,0.200343,1.088256,0.158973,,,,,0.356232,0.214576,0.006596,1.102,0.854
2,3,20.6026,rolling,0.2000,forward,1450.000,1169,decreasing,1480.000,1418.563,1144,0,1783739759.799121380,0.103122,0.200343,1.088256,0.158973,,,,,0.356232,0.214576,0.006596,1.102,0.854
2,3,20.6241,rolling,0.2000,forward,1450.000,1169,decreasing,1480.000,1418.563,1144,0,1783739759.799121380,0.103122,0.200343,1.088256,0.158973,,,,,0.356232,0.214576,0.006596,1.112,0.750
2,3,20.6355,rolling,0.2000,forward,1450.000,1169,decreasing,1480.000,1418.563,1144,0,1783739759.799121380,0.103122,0.200343,1.088256,0.158973,,,,,0.356232,0.214576,0.006596,1.112,0.750
2,3,20.6574,rolling,0.2000,forward,1450.000,1169,decreasing,1480.000,1418.226,1144,1,1783739759.899756432,0.103667,0.210447,1.087657,0.142089,0.0092018,-0.0005988,-0.0650711,-0.0180553,0.365433,0.223778,0.005997,1.112,0.750
2,3,20.6659,rolling,0.2000,forward,1450.000,1169,decreasing,1480.000,1418.226,1144,0,1783739759.899756432,0.103667,0.210447,1.087657,0.142089,,,,,0.365433,0.223778,0.005997,1.112,0.750
2,3,20.6875,rolling,0.2000,forward,1450.000,1169,decreasing,1480.000,1418.226,1144,0,1783739759.899756432,0.103667,0.210447,1.087657,0.142089,,,,,0.365433,0.223778,0.005997,1.112,0.750
2,3,20.7090,rolling,0.2000,forward,1450.000,1169,decreasing,1480.000,1418.226,1144,0,1783739759.899756432,0.103667,0.210447,1.087657,0.142089,,,,,0.365433,0.223778,0.005997,1.112,0.750
2,3,20.7306,rolling,0.2000,forward,1450.000,1169,decreasing,1480.000,1418.226,1144,0,1783739759.899756432,0.103667,0.210447,1.087657,0.142089,,,,,0.365433,0.223778,0.005997,1.121,0.836
2,3,20.7360,rolling,0.2000,forward,1450.000,1169,decreasing,1480.000,1418.025,1144,1,1783739760.000295162,0.110120,0.218643,1.088467,0.132067,0.0102550,0.0008098,0.0789705,0.0219108,0.375688,0.234033,0.006807,1.121,0.836
2,3,20.7518,rolling,0.2000,forward,1450.000,1169,decreasing,1480.000,1418.025,1144,0,1783739760.000295162,0.110120,0.218643,1.088467,0.132067,,,,,0.375688,0.234033,0.006807,1.121,0.836
2,3,20.7734,rolling,0.2000,forward,1450.000,1169,decreasing,1480.000,1418.025,1144,0,1783739760.000295162,0.110120,0.218643,1.088467,0.132067,,,,,0.375688,0.234033,0.006807,1.121,0.836
2,3,20.7951,rolling,0.2000,forward,1450.000,1169,decreasing,1480.000,1418.025,1144,0,1783739760.000295162,0.110120,0.218643,1.088467,0.132067,,,,,0.375688,0.234033,0.006807,1.121,0.836
2,3,20.8167,rolling,0.2000,forward,1450.000,1169,decreasing,1480.000,1418.025,1144,0,1783739760.000295162,0.110120,0.218643,1.088467,0.132067,,,,,0.375688,0.234033,0.006807,1.132,0.730
2,3,20.8341,rolling,0.2000,forward,1450.000,1169,decreasing,1480.000,1417.868,1143,1,1783739760.100804567,0.115721,0.227120,1.089575,0.124191,0.0101076,0.0011081,0.1096288,0.0304126,0.385796,0.244141,0.007915,1.132,0.730
2,3,20.8480,rolling,0.2000,forward,1450.000,1169,decreasing,1480.000,1417.868,1143,0,1783739760.100804567,0.115721,0.227120,1.089575,0.124191,,,,,0.385796,0.244141,0.007915,1.132,0.730
2,3,20.8699,rolling,0.2000,forward,1450.000,1169,decreasing,1480.000,1417.868,1143,0,1783739760.100804567,0.115721,0.227120,1.089575,0.124191,,,,,0.385796,0.244141,0.007915,1.132,0.730
2,3,20.8918,rolling,0.2000,forward,1450.000,1169,decreasing,1480.000,1417.868,1143,0,1783739760.100804567,0.115721,0.227120,1.089575,0.124191,,,,,0.385796,0.244141,0.007915,1.132,0.730
2,3,20.9134,rolling,0.2000,forward,1450.000,1169,decreasing,1480.000,1417.868,1143,0,1783739760.100804567,0.115721,0.227120,1.089575,0.124191,,,,,0.385796,0.244141,0.007915,1.138,0.818
2,3,20.9348,rolling,0.2000,forward,1450.000,1169,decreasing,1480.000,1417.710,1143,1,1783739760.198878765,0.119999,0.235139,1.089783,0.116310,0.0090883,0.0002078,0.0228634,0.0063445,0.394884,0.244141,0.007915,1.138,0.818
2,3,20.9461,rolling,0.2000,forward,1450.000,1169,decreasing,1480.000,1417.710,1143,0,1783739760.198878765,0.119999,0.235139,1.089783,0.116310,,,,,0.394884,0.244141,0.007915,1.138,0.818
2,3,20.9677,rolling,0.2000,forward,1450.000,1169,decreasing,1480.000,1417.710,1143,0,1783739760.198878765,0.119999,0.235139,1.089783,0.116310,,,,,0.394884,0.244141,0.007915,1.138,0.818
2,3,20.9892,rolling,0.2000,forward,1450.000,1169,decreasing,1480.000,1417.710,1143,0,1783739760.198878765,0.119999,0.235139,1.089783,0.116310,,,,,0.394884,0.244141,0.007915,1.138,0.818
2,3,21.0107,rolling,0.2000,forward,1450.000,1169,decreasing,1480.000,1417.710,1143,0,1783739760.198878765,0.119999,0.235139,1.089783,0.116310,,,,,0.394884,0.244141,0.007915,1.138,0.818
2,3,21.0323,rolling,0.2000,forward,1450.000,1169,decreasing,1480.000,1417.710,1143,0,1783739760.198878765,0.119999,0.235139,1.089783,0.116310,,,,,0.394884,0.244141,0.007915,1.145,0.716
2,3,21.0351,rolling,0.2000,forward,1450.000,1169,decreasing,1480.000,1417.556,1143,1,1783739760.299394846,0.123908,0.242791,1.090326,0.108603,0.0085921,0.0005436,0.0632635,0.0175538,0.403476,0.244141,0.007915,1.145,0.716
2,3,21.0440,rolling,0.2000,forward,1450.000,1169,decreasing,1480.000,1417.556,1143,0,1783739760.299394846,0.123908,0.242791,1.090326,0.108603,,,,,0.403476,0.244141,0.007915,1.145,0.716
2,3,21.0656,rolling,0.2000,forward,1450.000,1169,decreasing,1480.000,1417.556,1143,0,1783739760.299394846,0.123908,0.242791,1.090326,0.108603,,,,,0.403476,0.244141,0.007915,1.145,0.716
2,3,21.0871,rolling,0.2000,forward,1450.000,1169,decreasing,1480.000,1417.556,1143,0,1783739760.299394846,0.123908,0.242791,1.090326,0.108603,,,,,0.403476,0.244141,0.007915,1.145,0.716
2,3,21.1087,rolling,0.2000,forward,1450.000,1169,decreasing,1480.000,1417.556,1143,0,1783739760.299394846,0.123908,0.242791,1.090326,0.108603,,,,,0.403476,0.244141,0.007915,1.145,0.716
2,3,21.1302,rolling,0.2000,forward,1450.000,1169,decreasing,1480.000,1417.556,1143,0,1783739760.299394846,0.123908,0.242791,1.090326,0.108603,,,,,0.403476,0.244141,0.007915,1.156,0.705
2,3,21.1357,rolling,0.2000,forward,1450.000,1169,decreasing,1480.000,1417.484,1143,1,1783739760.400046587,0.129390,0.250621,1.091097,0.104992,0.0094772,0.0007706,0.0813094,0.0225595,0.412954,0.244141,0.007915,1.156,0.705
2,3,21.1504,rolling,0.2000,forward,1450.000,1169,decreasing,1480.000,1417.484,1143,0,1783739760.400046587,0.129390,0.250621,1.091097,0.104992,,,,,0.412954,0.244141,0.007915,1.156,0.705
2,3,21.1720,rolling,0.2000,forward,1450.000,1169,decreasing,1480.000,1417.484,1143,0,1783739760.400046587,0.129390,0.250621,1.091097,0.104992,,,,,0.412954,0.244141,0.007915,1.156,0.705
2,3,21.1935,rolling,0.2000,forward,1450.000,1169,decreasing,1480.000,1417.484,1143,0,1783739760.400046587,0.129390,0.250621,1.091097,0.104992,,,,,0.412954,0.244141,0.007915,1.156,0.705
2,3,21.2150,rolling,0.2000,forward,1450.000,1169,decreasing,1480.000,1417.484,1143,0,1783739760.400046587,0.129390,0.250621,1.091097,0.104992,,,,,0.412954,0.244141,0.007915,1.164,0.697
2,3,21.2362,rolling,0.2000,forward,1450.000,1169,decreasing,1480.000,1417.433,1143,1,1783739760.500554323,0.131278,0.260390,1.091072,0.102465,0.0095368,-0.0000248,-0.0025982,-0.0007210,0.422490,0.244141,0.007915,1.164,0.697
2,3,21.2540,rolling,0.2000,forward,1450.000,1169,decreasing,1480.000,1417.433,1143,0,1783739760.500554323,0.131278,0.260390,1.091072,0.102465,,,,,0.422490,0.244141,0.007915,1.164,0.697
2,3,21.2757,rolling,0.2000,forward,1450.000,1169,decreasing,1480.000,1417.433,1143,0,1783739760.500554323,0.131278,0.260390,1.091072,0.102465,,,,,0.422490,0.244141,0.007915,1.164,0.697
2,3,21.2972,rolling,0.2000,forward,1450.000,1169,decreasing,1480.000,1417.433,1143,0,1783739760.500554323,0.131278,0.260390,1.091072,0.102465,,,,,0.422490,0.244141,0.007915,1.164,0.697
2,3,21.3187,rolling,0.2000,forward,1450.000,1169,decreasing,1480.000,1417.433,1143,0,1783739760.500554323,0.131278,0.260390,1.091072,0.102465,,,,,0.422490,0.244141,0.007915,1.173,0.683
2,3,21.3364,rolling,0.2000,forward,1450.000,1169,decreasing,1480.000,1417.327,1143,1,1783739760.601006031,0.135031,0.267643,1.091427,0.097175,0.0081671,0.0003550,0.0434650,0.0120609,0.430658,0.244141,0.007915,1.173,0.683
2,3,21.3485,rolling,0.2000,forward,1450.000,1169,decreasing,1480.000,1417.327,1143,0,1783739760.601006031,0.135031,0.267643,1.091427,0.097175,,,,,0.430658,0.244141,0.007915,1.173,0.683
2,3,21.3701,rolling,0.2000,forward,1450.000,1169,decreasing,1480.000,1417.327,1143,0,1783739760.601006031,0.135031,0.267643,1.091427,0.097175,,,,,0.430658,0.244141,0.007915,1.173,0.683
2,3,21.3916,rolling,0.2000,forward,1450.000,1169,decreasing,1480.000,1417.327,1143,0,1783739760.601006031,0.135031,0.267643,1.091427,0.097175,,,,,0.430658,0.244141,0.007915,1.173,0.683
2,3,21.4131,rolling,0.2000,forward,1450.000,1169,decreasing,1480.000,1417.327,1143,0,1783739760.601006031,0.135031,0.267643,1.091427,0.097175,,,,,0.430658,0.244141,0.007915,1.173,0.683
2,3,21.4348,rolling,0.2000,forward,1450.000,1169,decreasing,1480.000,1417.327,1143,0,1783739760.601006031,0.135031,0.267643,1.091427,0.097175,,,,,0.430658,0.244141,0.007915,1.183,0.675
2,3,21.4373,rolling,0.2000,forward,1450.000,1169,decreasing,1480.000,1417.273,1143,1,1783739760.701229811,0.138855,0.275404,1.091536,0.094458,0.0086500,0.0001089,0.0125870,0.0034929,0.439308,0.244141,0.007915,1.183,0.675
2,3,21.4462,rolling,0.2000,forward,1450.000,1169,decreasing,1480.000,1417.273,1143,0,1783739760.701229811,0.138855,0.275404,1.091536,0.094458,,,,,0.439308,0.244141,0.007915,1.183,0.675
2,3,21.4678,rolling,0.2000,forward,1450.000,1169,decreasing,1480.000,1417.273,1143,0,1783739760.701229811,0.138855,0.275404,1.091536,0.094458,,,,,0.439308,0.244141,0.007915,1.183,0.675
2,3,21.4893,rolling,0.2000,forward,1450.000,1169,decreasing,1480.000,1417.273,1143,0,1783739760.701229811,0.138855,0.275404,1.091536,0.094458,,,,,0.439308,0.244141,0.007915,1.183,0.675
2,3,21.5109,rolling,0.2000,forward,1450.000,1169,decreasing,1480.000,1417.273,1143,0,1783739760.701229811,0.138855,0.275404,1.091536,0.094458,,,,,0.439308,0.244141,0.007915,1.183,0.675
2,3,21.5326,rolling,0.2000,forward,1450.000,1169,decreasing,1480.000,1417.273,1143,0,1783739760.701229811,0.138855,0.275404,1.091536,0.094458,,,,,0.439308,0.244141,0.007915,1.191,0.666
2,3,21.5356,rolling,0.2000,forward,1450.000,1169,decreasing,1480.000,1417.441,1143,1,1783739760.801945686,0.145158,0.286657,1.091761,0.102842,0.0128910,0.0002248,0.0174379,0.0048390,0.452199,0.244141,0.007915,1.191,0.666
2,4,22.3704,startup,-0.2000,reverse,1450.000,1169,decreasing,1480.000,1588.509,1281,0,1783739761.595950842,0.151912,0.295425,1.090783,0.013283,,,,,0.000000,0.000000,0.000000,1.202,0.661
2,4,22.3920,startup,-0.2000,reverse,1450.000,1169,decreasing,1480.000,1588.509,1281,0,1783739761.595950842,0.151912,0.295425,1.090783,0.013283,,,,,0.000000,0.000000,0.000000,1.202,0.661
2,4,22.4136,startup,-0.2000,reverse,1450.000,1169,decreasing,1480.000,1588.509,1281,0,1783739761.595950842,0.151912,0.295425,1.090783,0.013283,,,,,0.000000,0.000000,0.000000,1.201,0.662
2,4,22.4299,startup,-0.2000,reverse,1450.000,1169,decreasing,1480.000,1589.749,1282,1,1783739761.696500540,0.150983,0.296070,1.090641,0.010319,0.0001435,-0.0001414,-0.9854309,-0.2669312,0.000143,0.000000,0.000000,1.201,0.662
2,4,22.4478,startup,-0.2000,reverse,1450.000,1169,decreasing,1480.000,1589.749,1282,0,1783739761.696500540,0.150983,0.296070,1.090641,0.010319,,,,,0.000143,0.000000,0.000000,1.201,0.662
2,4,22.4694,startup,-0.2000,reverse,1450.000,1169,decreasing,1480.000,1589.749,1282,0,1783739761.696500540,0.150983,0.296070,1.090641,0.010319,,,,,0.000143,0.000000,0.000000,1.201,0.662
2,4,22.4909,startup,-0.2000,reverse,1450.000,1169,decreasing,1480.000,1589.749,1282,0,1783739761.696500540,0.150983,0.296070,1.090641,0.010319,,,,,0.000143,0.000000,0.000000,1.201,0.662
2,4,22.5124,startup,-0.2000,reverse,1450.000,1169,decreasing,1480.000,1589.749,1282,0,1783739761.696500540,0.150983,0.296070,1.090641,0.010319,,,,,0.000143,0.000000,0.000000,1.201,0.662
2,4,22.5305,startup,-0.2000,reverse,1450.000,1169,decreasing,1480.000,1590.989,1283,1,1783739761.794737339,0.149402,0.296809,1.090373,0.007547,-0.0000754,-0.0002688,3.5665245,0.7802269,0.000219,0.000000,0.000000,1.201,0.662
2,4,22.5446,startup,-0.2000,reverse,1450.000,1169,decreasing,1480.000,1590.989,1283,0,1783739761.794737339,0.149402,0.296809,1.090373,0.007547,,,,,0.000219,0.000000,0.000000,1.201,0.662
2,4,22.5662,startup,-0.2000,reverse,1450.000,1169,decreasing,1480.000,1590.989,1283,0,1783739761.794737339,0.149402,0.296809,1.090373,0.007547,,,,,0.000219,0.000000,0.000000,1.201,0.662
2,4,22.5877,startup,-0.2000,reverse,1450.000,1169,decreasing,1480.000,1590.989,1283,0,1783739761.794737339,0.149402,0.296809,1.090373,0.007547,,,,,0.000219,0.000000,0.000000,1.201,0.662
2,4,22.6092,startup,-0.2000,reverse,1450.000,1169,decreasing,1480.000,1590.989,1283,0,1783739761.794737339,0.149402,0.296809,1.090373,0.007547,,,,,0.000219,0.000000,0.000000,1.198,0.661
2,4,22.6310,startup,-0.2000,reverse,1450.000,1169,decreasing,1480.000,1592.229,1284,1,1783739761.895335913,0.150216,0.294509,1.090127,0.001525,-0.0016640,-0.0002460,0.1478225,0.0409977,0.001883,0.000000,0.000000,1.198,0.661
2,4,22.6423,startup,-0.2000,reverse,1450.000,1169,decreasing,1480.000,1592.229,1284,0,1783739761.895335913,0.150216,0.294509,1.090127,0.001525,,,,,0.001883,0.000000,0.000000,1.198,0.661
2,4,22.6640,startup,-0.2000,reverse,1450.000,1169,decreasing,1480.000,1592.229,1284,0,1783739761.895335913,0.150216,0.294509,1.090127,0.001525,,,,,0.001883,0.000000,0.000000,1.198,0.661
2,4,22.6855,startup,-0.2000,reverse,1450.000,1169,decreasing,1480.000,1592.229,1284,0,1783739761.895335913,0.150216,0.294509,1.090127,0.001525,,,,,0.001883,0.000000,0.000000,1.198,0.661
2,4,22.7070,startup,-0.2000,reverse,1450.000,1169,decreasing,1480.000,1592.229,1284,0,1783739761.895335913,0.150216,0.294509,1.090127,0.001525,,,,,0.001883,0.000000,0.000000,1.198,0.661
2,4,22.7285,startup,-0.2000,reverse,1450.000,1169,decreasing,1480.000,1592.229,1284,0,1783739761.895335913,0.150216,0.294509,1.090127,0.001525,,,,,0.001883,0.000000,0.000000,1.199,0.666
2,4,22.7315,startup,-0.2000,reverse,1450.000,1169,decreasing,1480.000,1593.469,1285,1,1783739761.995849133,0.148546,0.292201,1.089937,-0.005867,-0.0028186,-0.0001893,0.0671636,0.0186358,0.004701,0.000000,0.000000,1.199,0.666
2,4,22.7445,startup,-0.2000,reverse,1450.000,1169,decreasing,1480.000,1593.469,1285,0,1783739761.995849133,0.148546,0.292201,1.089937,-0.005867,,,,,0.004701,0.000000,0.000000,1.199,0.666
2,4,22.7661,startup,-0.2000,reverse,1450.000,1169,decreasing,1480.000,1593.469,1285,0,1783739761.995849133,0.148546,0.292201,1.089937,-0.005867,,,,,0.004701,0.000000,0.000000,1.199,0.666
2,4,22.7876,startup,-0.2000,reverse,1450.000,1169,decreasing,1480.000,1593.469,1285,0,1783739761.995849133,0.148546,0.292201,1.089937,-0.005867,,,,,0.004701,0.000000,0.000000,1.199,0.666
2,4,22.8092,startup,-0.2000,reverse,1450.000,1169,decreasing,1480.000,1593.469,1285,0,1783739761.995849133,0.148546,0.292201,1.089937,-0.005867,,,,,0.004701,0.000000,0.000000,1.199,0.666
2,4,22.8307,startup,-0.2000,reverse,1450.000,1169,decreasing,1480.000,1593.469,1285,0,1783739761.995849133,0.148546,0.292201,1.089937,-0.005867,,,,,0.004701,0.000000,0.000000,1.193,0.673
2,4,22.8331,startup,-0.2000,reverse,1450.000,1169,decreasing,1480.000,1596.569,1288,1,1783739762.096382618,0.146995,0.288783,1.089839,-0.013720,-0.0037478,-0.0000986,0.0263161,0.0073026,0.008449,0.000000,0.000000,1.193,0.673
2,4,22.8451,startup,-0.2000,reverse,1450.000,1169,decreasing,1480.000,1596.569,1288,0,1783739762.096382618,0.146995,0.288783,1.089839,-0.013720,,,,,0.008449,0.000000,0.000000,1.193,0.673
2,4,22.8668,startup,-0.2000,reverse,1450.000,1169,decreasing,1480.000,1596.569,1288,0,1783739762.096382618,0.146995,0.288783,1.089839,-0.013720,,,,,0.008449,0.000000,0.000000,1.193,0.673
2,4,22.8883,startup,-0.2000,reverse,1450.000,1169,decreasing,1480.000,1596.569,1288,0,1783739762.096382618,0.146995,0.288783,1.089839,-0.013720,,,,,0.008449,0.000000,0.000000,1.193,0.673
2,4,22.9101,startup,-0.2000,reverse,1450.000,1169,decreasing,1480.000,1596.569,1288,0,1783739762.096382618,0.146995,0.288783,1.089839,-0.013720,,,,,0.008449,0.000000,0.000000,1.185,0.683
2,4,22.9325,startup,-0.2000,reverse,1450.000,1169,decreasing,1480.000,1599.669,1290,1,1783739762.196867943,0.143352,0.280873,1.092050,-0.031931,-0.0086984,0.0022117,-0.2542664,-0.0704422,0.017148,0.000000,0.000000,1.185,0.683
2,4,22.9523,startup,-0.2000,reverse,1450.000,1169,decreasing,1480.000,1599.669,1290,0,1783739762.196867943,0.143352,0.280873,1.092050,-0.031931,,,,,0.017148,0.000000,0.000000,1.185,0.683
2,4,22.9742,startup,-0.2000,reverse,1450.000,1169,decreasing,1480.000,1599.669,1290,0,1783739762.196867943,0.143352,0.280873,1.092050,-0.031931,,,,,0.017148,0.000000,0.000000,1.185,0.683
2,4,22.9958,startup,-0.2000,reverse,1450.000,1169,decreasing,1480.000,1599.669,1290,0,1783739762.196867943,0.143352,0.280873,1.092050,-0.031931,,,,,0.017148,0.000000,0.000000,1.185,0.683
2,4,23.0173,startup,-0.2000,reverse,1450.000,1169,decreasing,1480.000,1599.669,1290,0,1783739762.196867943,0.143352,0.280873,1.092050,-0.031931,,,,,0.017148,0.000000,0.000000,1.176,0.692
2,4,23.0331,startup,-0.2000,reverse,1450.000,1169,decreasing,1480.000,1602.769,1293,1,1783739762.297351599,0.139295,0.271471,1.094015,-0.049361,-0.0102141,0.0019644,-0.1923179,-0.0533176,0.027362,0.000000,0.000000,1.176,0.692
2,4,23.0420,startup,-0.2000,reverse,1450.000,1169,decreasing,1480.000,1602.769,1293,0,1783739762.297351599,0.139295,0.271471,1.094015,-0.049361,,,,,0.027362,0.000000,0.000000,1.176,0.692
2,4,23.0637,startup,-0.2000,reverse,1450.000,1169,decreasing,1480.000,1602.769,1293,0,1783739762.297351599,0.139295,0.271471,1.094015,-0.049361,,,,,0.027362,0.000000,0.000000,1.176,0.692
2,4,23.0853,startup,-0.2000,reverse,1450.000,1169,decreasing,1480.000,1602.769,1293,0,1783739762.297351599,0.139295,0.271471,1.094015,-0.049361,,,,,0.027362,0.000000,0.000000,1.176,0.692
2,4,23.1068,startup,-0.2000,reverse,1450.000,1169,decreasing,1480.000,1602.769,1293,0,1783739762.297351599,0.139295,0.271471,1.094015,-0.049361,,,,,0.027362,0.000000,0.000000,1.176,0.692
2,4,23.1283,startup,-0.2000,reverse,1450.000,1169,decreasing,1480.000,1602.769,1293,0,1783739762.297351599,0.139295,0.271471,1.094015,-0.049361,,,,,0.027362,0.000000,0.000000,1.158,0.714
2,4,23.1310,startup,-0.2000,reverse,1450.000,1169,decreasing,1480.000,1602.769,1293,0,1783739762.297351599,0.139295,0.271471,1.094015,-0.049361,,,,,0.027362,0.000000,0.000000,1.158,0.714
2,4,23.1529,rolling,-0.2000,reverse,1450.000,1169,decreasing,1480.000,1592.509,1284,1,1783739762.398015022,0.129561,0.253525,1.094074,-0.087713,-0.0204115,0.0000590,-0.0028888,-0.0008016,0.047773,0.000000,0.000000,1.158,0.714
2,4,23.1551,rolling,-0.2000,reverse,1450.000,1169,decreasing,1480.000,1592.509,1284,0,1783739762.398015022,0.129561,0.253525,1.094074,-0.087713,,,,,0.047773,0.000000,0.000000,1.158,0.714
2,4,23.1769,rolling,-0.2000,reverse,1450.000,1169,decreasing,1480.000,1592.509,1284,0,1783739762.398015022,0.129561,0.253525,1.094074,-0.087713,,,,,0.047773,0.000000,0.000000,1.158,0.714
2,4,23.1984,rolling,-0.2000,reverse,1450.000,1169,decreasing,1480.000,1592.509,1284,0,1783739762.398015022,0.129561,0.253525,1.094074,-0.087713,,,,,0.047773,0.000000,0.000000,1.158,0.714
2,4,23.2200,rolling,-0.2000,reverse,1450.000,1169,decreasing,1480.000,1592.509,1284,0,1783739762.398015022,0.129561,0.253525,1.094074,-0.087713,,,,,0.047773,0.000000,0.000000,1.133,0.805
2,4,23.2315,rolling,-0.2000,reverse,1450.000,1169,decreasing,1480.000,1593.673,1285,1,1783739762.495926619,0.119804,0.233628,1.096294,-0.122358,-0.0221568,0.0022201,-0.1001999,-0.0277983,0.069930,-0.022157,0.002220,1.133,0.805
2,4,23.2534,rolling,-0.2000,reverse,1450.000,1169,decreasing,1480.000,1593.673,1285,0,1783739762.495926619,0.119804,0.233628,1.096294,-0.122358,,,,,0.069930,-0.022157,0.002220,1.133,0.805
2,4,23.2547,rolling,-0.2000,reverse,1450.000,1169,decreasing,1480.000,1593.673,1285,0,1783739762.495926619,0.119804,0.233628,1.096294,-0.122358,,,,,0.069930,-0.022157,0.002220,1.133,0.805
2,4,23.2762,rolling,-0.2000,reverse,1450.000,1169,decreasing,1480.000,1593.673,1285,0,1783739762.495926619,0.119804,0.233628,1.096294,-0.122358,,,,,0.069930,-0.022157,0.002220,1.133,0.805
2,4,23.2978,rolling,-0.2000,reverse,1450.000,1169,decreasing,1480.000,1593.673,1285,0,1783739762.495926619,0.119804,0.233628,1.096294,-0.122358,,,,,0.069930,-0.022157,0.002220,1.133,0.805
2,4,23.3194,rolling,-0.2000,reverse,1450.000,1169,decreasing,1480.000,1593.673,1285,0,1783739762.495926619,0.119804,0.233628,1.096294,-0.122358,,,,,0.069930,-0.022157,0.002220,1.112,0.828
2,4,23.3322,rolling,-0.2000,reverse,1450.000,1169,decreasing,1480.000,1593.673,1285,0,1783739762.495926619,0.119804,0.233628,1.096294,-0.122358,,,,,0.069930,-0.022157,0.002220,1.112,0.828
2,4,23.3541,rolling,-0.2000,reverse,1450.000,1169,decreasing,1480.000,1593.113,1285,1,1783739762.596356630,0.105718,0.210172,1.095855,-0.159729,-0.0273010,-0.0004383,0.0160551,0.0044553,0.097231,-0.049458,0.001782,1.112,0.828
2,4,23.3562,rolling,-0.2000,reverse,1450.000,1169,decreasing,1480.000,1593.113,1285,0,1783739762.596356630,0.105718,0.210172,1.095855,-0.159729,,,,,0.097231,-0.049458,0.001782,1.112,0.828
2,4,23.3778,rolling,-0.2000,reverse,1450.000,1169,decreasing,1480.000,1593.113,1285,0,1783739762.596356630,0.105718,0.210172,1.095855,-0.159729,,,,,0.097231,-0.049458,0.001782,1.112,0.828
2,4,23.3993,rolling,-0.2000,reverse,1450.000,1169,decreasing,1480.000,1593.113,1285,0,1783739762.596356630,0.105718,0.210172,1.095855,-0.159729,,,,,0.097231,-0.049458,0.001782,1.112,0.828
2,4,23.4209,rolling,-0.2000,reverse,1450.000,1169,decreasing,1480.000,1593.113,1285,0,1783739762.596356630,0.105718,0.210172,1.095855,-0.159729,,,,,0.097231,-0.049458,0.001782,1.087,0.851
2,4,23.4326,rolling,-0.2000,reverse,1450.000,1169,decreasing,1480.000,1592.790,1285,1,1783739762.697085381,0.097600,0.186517,1.096035,-0.181223,-0.0247495,0.0001791,-0.0072363,-0.0020081,0.121981,-0.074207,0.001961,1.087,0.851
2,4,23.4478,rolling,-0.2000,reverse,1450.000,1169,decreasing,1480.000,1592.790,1285,0,1783739762.697085381,0.097600,0.186517,1.096035,-0.181223,,,,,0.121981,-0.074207,0.001961,1.087,0.851
2,4,23.4694,rolling,-0.2000,reverse,1450.000,1169,decreasing,1480.000,1592.790,1285,0,1783739762.697085381,0.097600,0.186517,1.096035,-0.181223,,,,,0.121981,-0.074207,0.001961,1.087,0.851
2,4,23.4909,rolling,-0.2000,reverse,1450.000,1169,decreasing,1480.000,1592.790,1285,0,1783739762.697085381,0.097600,0.186517,1.096035,-0.181223,,,,,0.121981,-0.074207,0.001961,1.087,0.851
2,4,23.5125,rolling,-0.2000,reverse,1450.000,1169,decreasing,1480.000,1592.790,1285,0,1783739762.697085381,0.097600,0.186517,1.096035,-0.181223,,,,,0.121981,-0.074207,0.001961,1.061,0.877
2,4,23.5333,rolling,-0.2000,reverse,1450.000,1169,decreasing,1480.000,1592.497,1284,1,1783739762.797500849,0.087695,0.162315,1.097066,-0.200783,-0.0260543,0.0010315,-0.0395890,-0.0109855,0.148035,-0.100262,0.002992,1.061,0.877
2,4,23.5445,rolling,-0.2000,reverse,1450.000,1169,decreasing,1480.000,1592.497,1284,0,1783739762.797500849,0.087695,0.162315,1.097066,-0.200783,,,,,0.148035,-0.100262,0.002992,1.061,0.877
2,4,23.5661,rolling,-0.2000,reverse,1450.000,1169,decreasing,1480.000,1592.497,1284,0,1783739762.797500849,0.087695,0.162315,1.097066,-0.200783,,,,,0.148035,-0.100262,0.002992,1.061,0.877
2,4,23.5876,rolling,-0.2000,reverse,1450.000,1169,decreasing,1480.000,1592.497,1284,0,1783739762.797500849,0.087695,0.162315,1.097066,-0.200783,,,,,0.148035,-0.100262,0.002992,1.061,0.877
2,4,23.6091,rolling,-0.2000,reverse,1450.000,1169,decreasing,1480.000,1592.497,1284,0,1783739762.797500849,0.087695,0.162315,1.097066,-0.200783,,,,,0.148035,-0.100262,0.002992,1.061,0.877
2,4,23.6306,rolling,-0.2000,reverse,1450.000,1169,decreasing,1480.000,1592.497,1284,0,1783739762.797500849,0.087695,0.162315,1.097066,-0.200783,,,,,0.148035,-0.100262,0.002992,1.040,0.898
2,4,23.6338,rolling,-0.2000,reverse,1450.000,1169,decreasing,1480.000,1592.224,1284,1,1783739762.898138285,0.074002,0.138389,1.100673,-0.218990,-0.0275354,0.0036069,-0.1309901,-0.0363338,0.175570,-0.127797,0.006599,1.040,0.898
2,4,23.6520,rolling,-0.2000,reverse,1450.000,1169,decreasing,1480.000,1592.224,1284,0,1783739762.898138285,0.074002,0.138389,1.100673,-0.218990,,,,,0.175570,-0.127797,0.006599,1.040,0.898
2,4,23.6738,rolling,-0.2000,reverse,1450.000,1169,decreasing,1480.000,1592.224,1284,0,1783739762.898138285,0.074002,0.138389,1.100673,-0.218990,,,,,0.175570,-0.127797,0.006599,1.040,0.898
2,4,23.6954,rolling,-0.2000,reverse,1450.000,1169,decreasing,1480.000,1592.224,1284,0,1783739762.898138285,0.074002,0.138389,1.100673,-0.218990,,,,,0.175570,-0.127797,0.006599,1.040,0.898
2,4,23.7170,rolling,-0.2000,reverse,1450.000,1169,decreasing,1480.000,1592.224,1284,0,1783739762.898138285,0.074002,0.138389,1.100673,-0.218990,,,,,0.175570,-0.127797,0.006599,1.022,0.917
2,4,23.7316,rolling,-0.2000,reverse,1450.000,1169,decreasing,1480.000,1592.331,1284,1,1783739762.998668432,0.064905,0.121546,1.101110,-0.211831,-0.0191365,0.0004374,-0.0228556,-0.0063424,0.194707,-0.146933,0.007037,1.022,0.917
2,4,23.7490,rolling,-0.2000,reverse,1450.000,1169,decreasing,1480.000,1592.331,1284,0,1783739762.998668432,0.064905,0.121546,1.101110,-0.211831,,,,,0.194707,-0.146933,0.007037,1.022,0.917
2,4,23.7706,rolling,-0.2000,reverse,1450.000,1169,decreasing,1480.000,1592.331,1284,0,1783739762.998668432,0.064905,0.121546,1.101110,-0.211831,,,,,0.194707,-0.146933,0.007037,1.022,0.917
2,4,23.7921,rolling,-0.2000,reverse,1450.000,1169,decreasing,1480.000,1592.331,1284,0,1783739762.998668432,0.064905,0.121546,1.101110,-0.211831,,,,,0.194707,-0.146933,0.007037,1.022,0.917
2,4,23.8137,rolling,-0.2000,reverse,1450.000,1169,decreasing,1480.000,1592.331,1284,0,1783739762.998668432,0.064905,0.121546,1.101110,-0.211831,,,,,0.194707,-0.146933,0.007037,1.005,0.937
2,4,23.8322,rolling,-0.2000,reverse,1450.000,1169,decreasing,1480.000,1592.469,1284,1,1783739763.096471786,0.056870,0.106412,1.101055,-0.202663,-0.0171310,-0.0000555,0.0032426,0.0008998,0.211838,-0.164064,0.006981,1.005,0.937
2,4,23.8452,rolling,-0.2000,reverse,1450.000,1169,decreasing,1480.000,1592.469,1284,0,1783739763.096471786,0.056870,0.106412,1.101055,-0.202663,,,,,0.211838,-0.164064,0.006981,1.005,0.937
2,4,23.8668,rolling,-0.2000,reverse,1450.000,1169,decreasing,1480.000,1592.469,1284,0,1783739763.096471786,0.056870,0.106412,1.101055,-0.202663,,,,,0.211838,-0.164064,0.006981,1.005,0.937
2,4,23.8884,rolling,-0.2000,reverse,1450.000,1169,decreasing,1480.000,1592.469,1284,0,1783739763.096471786,0.056870,0.106412,1.101055,-0.202663,,,,,0.211838,-0.164064,0.006981,1.005,0.937
2,4,23.9099,rolling,-0.2000,reverse,1450.000,1169,decreasing,1480.000,1592.469,1284,0,1783739763.096471786,0.056870,0.106412,1.101055,-0.202663,,,,,0.211838,-0.164064,0.006981,1.005,0.937
2,4,23.9316,rolling,-0.2000,reverse,1450.000,1169,decreasing,1480.000,1592.469,1284,0,1783739763.096471786,0.056870,0.106412,1.101055,-0.202663,,,,,0.211838,-0.164064,0.006981,0.987,0.954
2,4,23.9341,rolling,-0.2000,reverse,1450.000,1169,decreasing,1480.000,1592.573,1284,1,1783739763.197003603,0.048811,0.090791,1.101133,-0.195710,-0.0175780,0.0000786,-0.0044715,-0.0012408,0.229416,-0.181642,0.007060,0.987,0.954
2,4,23.9467,rolling,-0.2000,reverse,1450.000,1169,decreasing,1480.000,1592.573,1284,0,1783739763.197003603,0.048811,0.090791,1.101133,-0.195710,,,,,0.229416,-0.181642,0.007060,0.987,0.954
2,4,23.9683,rolling,-0.2000,reverse,1450.000,1169,decreasing,1480.000,1592.573,1284,0,1783739763.197003603,0.048811,0.090791,1.101133,-0.195710,,,,,0.229416,-0.181642,0.007060,0.987,0.954
2,4,23.9898,rolling,-0.2000,reverse,1450.000,1169,decreasing,1480.000,1592.573,1284,0,1783739763.197003603,0.048811,0.090791,1.101133,-0.195710,,,,,0.229416,-0.181642,0.007060,0.987,0.954
2,4,24.0114,rolling,-0.2000,reverse,1450.000,1169,decreasing,1480.000,1592.573,1284,0,1783739763.197003603,0.048811,0.090791,1.101133,-0.195710,,,,,0.229416,-0.181642,0.007060,0.972,0.968
2,4,24.0331,rolling,-0.2000,reverse,1450.000,1169,decreasing,1480.000,1592.605,1284,1,1783739763.297483683,0.040433,0.073941,1.101765,-0.193600,-0.0188170,0.0006321,-0.0335901,-0.0093210,0.248233,-0.200459,0.007692,0.972,0.968
2,4,24.0418,rolling,-0.2000,reverse,1450.000,1169,decreasing,1480.000,1592.605,1284,0,1783739763.297483683,0.040433,0.073941,1.101765,-0.193600,,,,,0.248233,-0.200459,0.007692,0.972,0.968
2,4,24.0635,rolling,-0.2000,reverse,1450.000,1169,decreasing,1480.000,1592.605,1284,0,1783739763.297483683,0.040433,0.073941,1.101765,-0.193600,,,,,0.248233,-0.200459,0.007692,0.972,0.968
2,4,24.0850,rolling,-0.2000,reverse,1450.000,1169,decreasing,1480.000,1592.605,1284,0,1783739763.297483683,0.040433,0.073941,1.101765,-0.193600,,,,,0.248233,-0.200459,0.007692,0.972,0.968
2,4,24.1066,rolling,-0.2000,reverse,1450.000,1169,decreasing,1480.000,1592.605,1284,0,1783739763.297483683,0.040433,0.073941,1.101765,-0.193600,,,,,0.248233,-0.200459,0.007692,0.972,0.968
2,4,24.1281,rolling,-0.2000,reverse,1450.000,1169,decreasing,1480.000,1592.605,1284,0,1783739763.297483683,0.040433,0.073941,1.101765,-0.193600,,,,,0.248233,-0.200459,0.007692,0.961,0.983
2,4,24.1335,rolling,-0.2000,reverse,1450.000,1169,decreasing,1480.000,1592.751,1284,1,1783739763.397927284,0.033375,0.060116,1.101267,-0.183834,-0.0155223,-0.0004985,0.0321162,0.0089120,0.263755,-0.215982,0.007193,0.961,0.983
2,4,24.1468,rolling,-0.2000,reverse,1450.000,1169,decreasing,1480.000,1592.751,1284,0,1783739763.397927284,0.033375,0.060116,1.101267,-0.183834,,,,,0.263755,-0.215982,0.007193,0.961,0.983
2,4,24.1685,rolling,-0.2000,reverse,1450.000,1169,decreasing,1480.000,1592.751,1284,0,1783739763.397927284,0.033375,0.060116,1.101267,-0.183834,,,,,0.263755,-0.215982,0.007193,0.961,0.983
2,4,24.1900,rolling,-0.2000,reverse,1450.000,1169,decreasing,1480.000,1592.751,1284,0,1783739763.397927284,0.033375,0.060116,1.101267,-0.183834,,,,,0.263755,-0.215982,0.007193,0.961,0.983
2,4,24.2115,rolling,-0.2000,reverse,1450.000,1169,decreasing,1480.000,1592.751,1284,0,1783739763.397927284,0.033375,0.060116,1.101267,-0.183834,,,,,0.263755,-0.215982,0.007193,0.950,0.994
2,4,24.2318,rolling,-0.2000,reverse,1450.000,1169,decreasing,1480.000,1593.143,1285,1,1783739763.498487473,0.032760,0.051483,1.103144,-0.157715,-0.0079803,0.0018767,-0.2351706,-0.0651674,0.271735,-0.223962,0.009070,0.950,0.994
2,4,24.2476,rolling,-0.2000,reverse,1450.000,1169,decreasing,1480.000,1593.143,1285,0,1783739763.498487473,0.032760,0.051483,1.103144,-0.157715,,,,,0.271735,-0.223962,0.009070,0.950,0.994
2,4,24.2692,rolling,-0.2000,reverse,1450.000,1169,decreasing,1480.000,1593.143,1285,0,1783739763.498487473,0.032760,0.051483,1.103144,-0.157715,,,,,0.271735,-0.223962,0.009070,0.950,0.994
2,4,24.2907,rolling,-0.2000,reverse,1450.000,1169,decreasing,1480.000,1593.143,1285,0,1783739763.498487473,0.032760,0.051483,1.103144,-0.157715,,,,,0.271735,-0.223962,0.009070,0.950,0.994
2,4,24.3122,rolling,-0.2000,reverse,1450.000,1169,decreasing,1480.000,1593.143,1285,0,1783739763.498487473,0.032760,0.051483,1.103144,-0.157715,,,,,0.271735,-0.223962,0.009070,0.941,1.005
2,4,24.3324,rolling,-0.2000,reverse,1450.000,1169,decreasing,1480.000,1593.210,1285,1,1783739763.596627951,0.023233,0.040908,1.102825,-0.153273,-0.0137345,-0.0003184,0.0231822,0.0064330,0.285470,-0.237697,0.008752,0.941,1.005
2,4,24.3509,rolling,-0.2000,reverse,1450.000,1169,decreasing,1480.000,1593.210,1285,0,1783739763.596627951,0.023233,0.040908,1.102825,-0.153273,,,,,0.285470,-0.237697,0.008752,0.941,1.005
2,4,24.3725,rolling,-0.2000,reverse,1450.000,1169,decreasing,1480.000,1593.210,1285,0,1783739763.596627951,0.023233,0.040908,1.102825,-0.153273,,,,,0.285470,-0.237697,0.008752,0.941,1.005
2,4,24.3940,rolling,-0.2000,reverse,1450.000,1169,decreasing,1480.000,1593.210,1285,0,1783739763.596627951,0.023233,0.040908,1.102825,-0.153273,,,,,0.285470,-0.237697,0.008752,0.941,1.005
2,4,24.4155,rolling,-0.2000,reverse,1450.000,1169,decreasing,1480.000,1593.210,1285,0,1783739763.596627951,0.023233,0.040908,1.102825,-0.153273,,,,,0.285470,-0.237697,0.008752,0.933,1.015
2,4,24.4327,rolling,-0.2000,reverse,1450.000,1169,decreasing,1480.000,1593.387,1285,1,1783739763.697213173,0.018241,0.031483,1.103217,-0.141458,-0.0106633,0.0003921,-0.0367743,-0.0102045,0.296133,-0.248360,0.009144,0.933,1.015
2,4,24.4484,rolling,-0.2000,reverse,1450.000,1169,decreasing,1480.000,1593.387,1285,0,1783739763.697213173,0.018241,0.031483,1.103217,-0.141458,,,,,0.296133,-0.248360,0.009144,0.933,1.015
2,4,24.4700,rolling,-0.2000,reverse,1450.000,1169,decreasing,1480.000,1593.387,1285,0,1783739763.697213173,0.018241,0.031483,1.103217,-0.141458,,,,,0.296133,-0.248360,0.009144,0.933,1.015
2,4,24.4915,rolling,-0.2000,reverse,1450.000,1169,decreasing,1480.000,1593.387,1285,0,1783739763.697213173,0.018241,0.031483,1.103217,-0.141458,,,,,0.296133,-0.248360,0.009144,0.933,1.015
2,4,24.5131,rolling,-0.2000,reverse,1450.000,1169,decreasing,1480.000,1593.387,1285,0,1783739763.697213173,0.018241,0.031483,1.103217,-0.141458,,,,,0.296133,-0.248360,0.009144,0.923,1.024
2,4,24.5330,rolling,-0.2000,reverse,1450.000,1169,decreasing,1480.000,1593.387,1285,0,1783739763.697213173,0.018241,0.031483,1.103217,-0.141458,,,,,0.296133,-0.248360,0.009144,0.923,1.024
2,4,24.5548,rolling,-0.2000,reverse,1450.000,1169,decreasing,1480.000,1593.722,1285,1,1783739763.797565699,0.017431,0.026049,1.103036,-0.119087,-0.0052157,-0.0001815,0.0348012,0.0096570,0.301349,-0.248360,0.009144,0.923,1.024
2,4,24.5566,rolling,-0.2000,reverse,1450.000,1169,decreasing,1480.000,1593.722,1285,0,1783739763.797565699,0.017431,0.026049,1.103036,-0.119087,,,,,0.301349,-0.248360,0.009144,0.923,1.024
2,4,24.5781,rolling,-0.2000,reverse,1450.000,1169,decreasing,1480.000,1593.722,1285,0,1783739763.797565699,0.017431,0.026049,1.103036,-0.119087,,,,,0.301349,-0.248360,0.009144,0.923,1.024
2,4,24.5996,rolling,-0.2000,reverse,1450.000,1169,decreasing,1480.000,1593.722,1285,0,1783739763.797565699,0.017431,0.026049,1.103036,-0.119087,,,,,0.301349,-0.248360,0.009144,0.923,1.024
2,4,24.6211,rolling,-0.2000,reverse,1450.000,1169,decreasing,1480.000,1593.722,1285,0,1783739763.797565699,0.017431,0.026049,1.103036,-0.119087,,,,,0.301349,-0.248360,0.009144,0.922,1.030
2,4,24.6335,rolling,-0.2000,reverse,1450.000,1169,decreasing,1480.000,1594.018,1285,1,1783739763.897942066,0.015052,0.022729,1.103225,-0.099368,-0.0040362,0.0001889,-0.0467935,-0.0129845,0.305385,-0.248360,0.009144,0.922,1.030
2,4,24.6417,rolling,-0.2000,reverse,1450.000,1169,decreasing,1480.000,1594.018,1285,0,1783739763.897942066,0.015052,0.022729,1.103225,-0.099368,,,,,0.305385,-0.248360,0.009144,0.922,1.030
2,4,24.6634,rolling,-0.2000,reverse,1450.000,1169,decreasing,1480.000,1594.018,1285,0,1783739763.897942066,0.015052,0.022729,1.103225,-0.099368,,,,,0.305385,-0.248360,0.009144,0.922,1.030
2,4,24.6849,rolling,-0.2000,reverse,1450.000,1169,decreasing,1480.000,1594.018,1285,0,1783739763.897942066,0.015052,0.022729,1.103225,-0.099368,,,,,0.305385,-0.248360,0.009144,0.922,1.030
2,4,24.7065,rolling,-0.2000,reverse,1450.000,1169,decreasing,1480.000,1594.018,1285,0,1783739763.897942066,0.015052,0.022729,1.103225,-0.099368,,,,,0.305385,-0.248360,0.009144,0.922,1.030
2,4,24.7280,rolling,-0.2000,reverse,1450.000,1169,decreasing,1480.000,1594.018,1285,0,1783739763.897942066,0.015052,0.022729,1.103225,-0.099368,,,,,0.305385,-0.248360,0.009144,0.923,1.028
2,4,24.7318,rolling,-0.2000,reverse,1450.000,1169,decreasing,1480.000,1594.018,1285,0,1783739763.897942066,0.015052,0.022729,1.103225,-0.099368,,,,,0.305385,-0.248360,0.009144,0.923,1.028
2,4,24.7545,rolling,-0.2000,reverse,1450.000,1169,decreasing,1480.000,1594.410,1286,1,1783739763.998414040,0.014936,0.023360,1.103068,-0.073254,0.0005113,-0.0001570,-0.3070035,-0.0849883,0.305896,-0.248360,0.009144,0.923,1.028
2,4,24.7575,rolling,-0.2000,reverse,1450.000,1169,decreasing,1480.000,1594.410,1286,0,1783739763.998414040,0.014936,0.023360,1.103068,-0.073254,,,,,0.305896,-0.248360,0.009144,0.923,1.028
2,4,24.7792,rolling,-0.2000,reverse,1450.000,1169,decreasing,1480.000,1594.410,1286,0,1783739763.998414040,0.014936,0.023360,1.103068,-0.073254,,,,,0.305896,-0.248360,0.009144,0.923,1.028
2,4,24.8010,rolling,-0.2000,reverse,1450.000,1169,decreasing,1480.000,1594.410,1286,0,1783739763.998414040,0.014936,0.023360,1.103068,-0.073254,,,,,0.305896,-0.248360,0.009144,0.923,1.028
2,4,24.8225,rolling,-0.2000,reverse,1450.000,1169,decreasing,1480.000,1594.410,1286,0,1783739763.998414040,0.014936,0.023360,1.103068,-0.073254,,,,,0.305896,-0.248360,0.009144,0.922,1.030
2,4,24.8324,rolling,-0.2000,reverse,1450.000,1169,decreasing,1480.000,1594.740,1286,1,1783739764.096728802,0.014460,0.025214,1.102540,-0.051280,0.0014393,-0.0005273,-0.3663579,-0.1013162,0.307336,-0.248360,0.009144,0.922,1.030
2,4,24.8396,rolling,-0.2000,reverse,1450.000,1169,decreasing,1480.000,1594.740,1286,0,1783739764.096728802,0.014460,0.025214,1.102540,-0.051280,,,,,0.307336,-0.248360,0.009144,0.922,1.030
2,4,24.8612,rolling,-0.2000,reverse,1450.000,1169,decreasing,1480.000,1594.740,1286,0,1783739764.096728802,0.014460,0.025214,1.102540,-0.051280,,,,,0.307336,-0.248360,0.009144,0.922,1.030
2,4,24.8828,rolling,-0.2000,reverse,1450.000,1169,decreasing,1480.000,1594.740,1286,0,1783739764.096728802,0.014460,0.025214,1.102540,-0.051280,,,,,0.307336,-0.248360,0.009144,0.922,1.030
2,4,24.9043,rolling,-0.2000,reverse,1450.000,1169,decreasing,1480.000,1594.740,1286,0,1783739764.096728802,0.014460,0.025214,1.102540,-0.051280,,,,,0.307336,-0.248360,0.009144,0.922,1.030
2,4,24.9258,rolling,-0.2000,reverse,1450.000,1169,decreasing,1480.000,1594.740,1286,0,1783739764.096728802,0.014460,0.025214,1.102540,-0.051280,,,,,0.307336,-0.248360,0.009144,0.922,1.029
2,4,24.9329,rolling,-0.2000,reverse,1450.000,1169,decreasing,1480.000,1594.988,1286,1,1783739764.197173357,0.015177,0.026531,1.101717,-0.034729,0.0014992,-0.0008230,-0.5489446,-0.1511700,0.308835,-0.248360,0.009144,0.922,1.029
2,4,24.9440,rolling,-0.2000,reverse,1450.000,1169,decreasing,1480.000,1594.988,1286,0,1783739764.197173357,0.015177,0.026531,1.101717,-0.034729,,,,,0.308835,-0.248360,0.009144,0.922,1.029
2,4,24.9657,rolling,-0.2000,reverse,1450.000,1169,decreasing,1480.000,1594.988,1286,0,1783739764.197173357,0.015177,0.026531,1.101717,-0.034729,,,,,0.308835,-0.248360,0.009144,0.922,1.029
2,4,24.9875,rolling,-0.2000,reverse,1450.000,1169,decreasing,1480.000,1594.988,1286,0,1783739764.197173357,0.015177,0.026531,1.101717,-0.034729,,,,,0.308835,-0.248360,0.009144,0.922,1.029
2,4,25.0093,rolling,-0.2000,reverse,1450.000,1169,decreasing,1480.000,1594.988,1286,0,1783739764.197173357,0.015177,0.026531,1.101717,-0.034729,,,,,0.308835,-0.248360,0.009144,0.922,1.029
2,4,25.0311,rolling,-0.2000,reverse,1450.000,1169,decreasing,1480.000,1594.988,1286,0,1783739764.197173357,0.015177,0.026531,1.101717,-0.034729,,,,,0.308835,-0.248360,0.009144,0.922,1.028
2,4,25.0331,rolling,-0.2000,reverse,1450.000,1169,decreasing,1480.000,1595.029,1286,1,1783739764.297821283,0.016296,0.023292,1.103558,-0.031973,-0.0023860,0.0018409,-0.7715571,-0.2109226,0.311221,-0.248360,0.009144,0.922,1.028
2,4,25.0525,rolling,-0.2000,reverse,1450.000,1169,decreasing,1480.000,1595.029,1286,0,1783739764.297821283,0.016296,0.023292,1.103558,-0.031973,,,,,0.311221,-0.248360,0.009144,0.922,1.028
2,4,25.0741,rolling,-0.2000,reverse,1450.000,1169,decreasing,1480.000,1595.029,1286,0,1783739764.297821283,0.016296,0.023292,1.103558,-0.031973,,,,,0.311221,-0.248360,0.009144,0.922,1.028
2,4,25.0956,rolling,-0.2000,reverse,1450.000,1169,decreasing,1480.000,1595.029,1286,0,1783739764.297821283,0.016296,0.023292,1.103558,-0.031973,,,,,0.311221,-0.248360,0.009144,0.922,1.028
2,4,25.1172,rolling,-0.2000,reverse,1450.000,1169,decreasing,1480.000,1595.029,1286,0,1783739764.297821283,0.016296,0.023292,1.103558,-0.031973,,,,,0.311221,-0.248360,0.009144,0.922,1.029
2,4,25.1342,rolling,-0.2000,reverse,1450.000,1169,decreasing,1480.000,1595.214,1286,1,1783739764.398230553,0.017023,0.024877,1.104476,-0.019640,0.0017431,0.0009179,0.5265980,0.1451039,0.312964,-0.248360,0.009144,0.922,1.029
2,4,25.1443,rolling,-0.2000,reverse,1450.000,1169,decreasing,1480.000,1595.214,1286,0,1783739764.398230553,0.017023,0.024877,1.104476,-0.019640,,,,,0.312964,-0.248360,0.009144,0.922,1.029
2,4,25.1659,rolling,-0.2000,reverse,1450.000,1169,decreasing,1480.000,1595.214,1286,0,1783739764.398230553,0.017023,0.024877,1.104476,-0.019640,,,,,0.312964,-0.248360,0.009144,0.922,1.029
2,4,25.1874,rolling,-0.2000,reverse,1450.000,1169,decreasing,1480.000,1595.214,1286,0,1783739764.398230553,0.017023,0.024877,1.104476,-0.019640,,,,,0.312964,-0.248360,0.009144,0.922,1.029
2,4,25.2089,rolling,-0.2000,reverse,1450.000,1169,decreasing,1480.000,1595.214,1286,0,1783739764.398230553,0.017023,0.024877,1.104476,-0.019640,,,,,0.312964,-0.248360,0.009144,0.922,1.029
2,4,25.2304,rolling,-0.2000,reverse,1450.000,1169,decreasing,1480.000,1595.214,1286,0,1783739764.398230553,0.017023,0.024877,1.104476,-0.019640,,,,,0.312964,-0.248360,0.009144,0.922,1.030
2,4,25.2343,rolling,-0.2000,reverse,1450.000,1169,decreasing,1480.000,1595.213,1286,1,1783739764.498852015,0.016278,0.022992,1.103596,-0.019745,-0.0020184,-0.0008801,0.4360477,0.1204178,0.314982,-0.248360,0.009144,0.922,1.030
2,4,25.2483,rolling,-0.2000,reverse,1450.000,1169,decreasing,1480.000,1595.213,1286,0,1783739764.498852015,0.016278,0.022992,1.103596,-0.019745,,,,,0.314982,-0.248360,0.009144,0.922,1.030
2,4,25.2699,rolling,-0.2000,reverse,1450.000,1169,decreasing,1480.000,1595.213,1286,0,1783739764.498852015,0.016278,0.022992,1.103596,-0.019745,,,,,0.314982,-0.248360,0.009144,0.922,1.030
2,4,25.2915,rolling,-0.2000,reverse,1450.000,1169,decreasing,1480.000,1595.213,1286,0,1783739764.498852015,0.016278,0.022992,1.103596,-0.019745,,,,,0.314982,-0.248360,0.009144,0.922,1.030
2,4,25.3130,rolling,-0.2000,reverse,1450.000,1169,decreasing,1480.000,1595.213,1286,0,1783739764.498852015,0.016278,0.022992,1.103596,-0.019745,,,,,0.314982,-0.248360,0.009144,0.923,1.029
2,4,25.3328,rolling,-0.2000,reverse,1450.000,1169,decreasing,1480.000,1595.235,1286,1,1783739764.599262714,0.016844,0.021149,1.103106,-0.018271,-0.0013907,-0.0004899,0.3523042,0.0974547,0.316373,-0.248360,0.009144,0.923,1.029
2,4,25.3485,rolling,-0.2000,reverse,1450.000,1169,decreasing,1480.000,1595.235,1286,0,1783739764.599262714,0.016844,0.021149,1.103106,-0.018271,,,,,0.316373,-0.248360,0.009144,0.923,1.029
2,4,25.3702,rolling,-0.2000,reverse,1450.000,1169,decreasing,1480.000,1595.235,1286,0,1783739764.599262714,0.016844,0.021149,1.103106,-0.018271,,,,,0.316373,-0.248360,0.009144,0.923,1.029
2,4,25.3917,rolling,-0.2000,reverse,1450.000,1169,decreasing,1480.000,1595.235,1286,0,1783739764.599262714,0.016844,0.021149,1.103106,-0.018271,,,,,0.316373,-0.248360,0.009144,0.923,1.029
2,4,25.4132,rolling,-0.2000,reverse,1450.000,1169,decreasing,1480.000,1595.235,1286,0,1783739764.599262714,0.016844,0.021149,1.103106,-0.018271,,,,,0.316373,-0.248360,0.009144,0.922,1.029
2,4,25.4332,rolling,-0.2000,reverse,1450.000,1169,decreasing,1480.000,1598.335,1289,1,1783739764.697544813,0.015322,0.021974,1.103268,-0.013575,0.0000503,0.0001621,3.2223897,0.7296087,0.316423,-0.248360,0.009144,0.922,1.029
2,4,25.4451,rolling,-0.2000,reverse,1450.000,1169,decreasing,1480.000,1598.335,1289,0,1783739764.697544813,0.015322,0.021974,1.103268,-0.013575,,,,,0.316423,-0.248360,0.009144,0.922,1.029
2,4,25.4667,rolling,-0.2000,reverse,1450.000,1169,decreasing,1480.000,1598.335,1289,0,1783739764.697544813,0.015322,0.021974,1.103268,-0.013575,,,,,0.316423,-0.248360,0.009144,0.922,1.029
2,4,25.4882,rolling,-0.2000,reverse,1450.000,1169,decreasing,1480.000,1598.335,1289,0,1783739764.697544813,0.015322,0.021974,1.103268,-0.013575,,,,,0.316423,-0.248360,0.009144,0.922,1.029
2,4,25.5098,rolling,-0.2000,reverse,1450.000,1169,decreasing,1480.000,1598.335,1289,0,1783739764.697544813,0.015322,0.021974,1.103268,-0.013575,,,,,0.316423,-0.248360,0.009144,0.922,1.029
2,4,25.5313,rolling,-0.2000,reverse,1450.000,1169,decreasing,1480.000,1601.435,1291,1,1783739764.798024416,0.015801,0.023283,1.103775,-0.006736,0.0013849,0.0005071,0.3661639,0.1012629,0.317808,-0.248360,0.009144,0.922,1.029
2,4,25.5437,rolling,-0.2000,reverse,1450.000,1169,decreasing,1480.000,1601.435,1291,0,1783739764.798024416,0.015801,0.023283,1.103775,-0.006736,,,,,0.317808,-0.248360,0.009144,0.922,1.029
2,4,25.5652,rolling,-0.2000,reverse,1450.000,1169,decreasing,1480.000,1601.435,1291,0,1783739764.798024416,0.015801,0.023283,1.103775,-0.006736,,,,,0.317808,-0.248360,0.009144,0.922,1.029
2,4,25.5868,rolling,-0.2000,reverse,1450.000,1169,decreasing,1480.000,1601.435,1291,0,1783739764.798024416,0.015801,0.023283,1.103775,-0.006736,,,,,0.317808,-0.248360,0.009144,0.922,1.029
2,4,25.6083,rolling,-0.2000,reverse,1450.000,1169,decreasing,1480.000,1601.435,1291,0,1783739764.798024416,0.015801,0.023283,1.103775,-0.006736,,,,,0.317808,-0.248360,0.009144,0.922,1.029
2,4,25.6298,rolling,-0.2000,reverse,1450.000,1169,decreasing,1480.000,1601.435,1291,0,1783739764.798024416,0.015801,0.023283,1.103775,-0.006736,,,,,0.317808,-0.248360,0.009144,0.922,1.029
2,4,25.6324,rolling,-0.2000,reverse,1450.000,1169,decreasing,1480.000,1604.535,1294,1,1783739764.896105289,0.016091,0.024867,1.104769,-0.001114,0.0015450,0.0009939,0.6432739,0.1766479,0.319353,-0.248360,0.009144,0.922,1.029
2,4,25.6477,rolling,-0.2000,reverse,1450.000,1169,decreasing,1480.000,1604.535,1294,0,1783739764.896105289,0.016091,0.024867,1.104769,-0.001114,,,,,0.319353,-0.248360,0.009144,0.922,1.029
2,4,25.6694,rolling,-0.2000,reverse,1450.000,1169,decreasing,1480.000,1604.535,1294,0,1783739764.896105289,0.016091,0.024867,1.104769,-0.001114,,,,,0.319353,-0.248360,0.009144,0.922,1.029
2,4,25.6909,rolling,-0.2000,reverse,1450.000,1169,decreasing,1480.000,1604.535,1294,0,1783739764.896105289,0.016091,0.024867,1.104769,-0.001114,,,,,0.319353,-0.248360,0.009144,0.922,1.029
2,4,25.7127,rolling,-0.2000,reverse,1450.000,1169,decreasing,1480.000,1604.535,1294,0,1783739764.896105289,0.016091,0.024867,1.104769,-0.001114,,,,,0.319353,-0.248360,0.009144,0.923,1.026
2,4,25.7296,rolling,-0.2000,reverse,1450.000,1169,decreasing,1480.000,1607.635,1296,1,1783739764.996588707,0.018760,0.023880,1.105803,-0.000048,0.0003164,0.0010337,3.2669913,0.7364441,0.319670,-0.248360,0.009144,0.923,1.026
2,4,25.7426,rolling,-0.2000,reverse,1450.000,1169,decreasing,1480.000,1607.635,1296,0,1783739764.996588707,0.018760,0.023880,1.105803,-0.000048,,,,,0.319670,-0.248360,0.009144,0.923,1.026
2,4,25.7642,rolling,-0.2000,reverse,1450.000,1169,decreasing,1480.000,1607.635,1296,0,1783739764.996588707,0.018760,0.023880,1.105803,-0.000048,,,,,0.319670,-0.248360,0.009144,0.923,1.026
2,4,25.7860,rolling,-0.2000,reverse,1450.000,1169,decreasing,1480.000,1607.635,1296,0,1783739764.996588707,0.018760,0.023880,1.105803,-0.000048,,,,,0.319670,-0.248360,0.009144,0.923,1.026
2,4,25.8078,rolling,-0.2000,reverse,1450.000,1169,decreasing,1480.000,1607.635,1296,0,1783739764.996588707,0.018760,0.023880,1.105803,-0.000048,,,,,0.319670,-0.248360,0.009144,0.922,1.029
2,4,25.8301,rolling,-0.2000,reverse,1450.000,1169,decreasing,1480.000,1610.735,1299,1,1783739765.094418526,0.020513,0.022817,1.106816,-0.000460,-0.0001658,0.0010129,-6.1090899,-1.0378544,0.319836,-0.248360,0.009144,0.922,1.029
2,4,25.8440,rolling,-0.2000,reverse,1450.000,1169,decreasing,1480.000,1610.735,1299,0,1783739765.094418526,0.020513,0.022817,1.106816,-0.000460,,,,,0.319836,-0.248360,0.009144,0.922,1.029
2,4,25.8657,rolling,-0.2000,reverse,1450.000,1169,decreasing,1480.000,1610.735,1299,0,1783739765.094418526,0.020513,0.022817,1.106816,-0.000460,,,,,0.319836,-0.248360,0.009144,0.922,1.029
2,4,25.8873,rolling,-0.2000,reverse,1450.000,1169,decreasing,1480.000,1610.735,1299,0,1783739765.094418526,0.020513,0.022817,1.106816,-0.000460,,,,,0.319836,-0.248360,0.009144,0.922,1.029
2,4,25.9090,rolling,-0.2000,reverse,1450.000,1169,decreasing,1480.000,1610.735,1299,0,1783739765.094418526,0.020513,0.022817,1.106816,-0.000460,,,,,0.319836,-0.248360,0.009144,0.918,1.028
2,4,25.9279,rolling,-0.2000,reverse,1450.000,1169,decreasing,1480.000,1613.835,1301,1,1783739765.194938898,0.014303,0.021824,1.104240,-0.009480,-0.0036730,-0.0025755,0.7011917,0.1921793,0.323509,-0.248360,0.009144,0.918,1.028
2,4,25.9435,rolling,-0.2000,reverse,1450.000,1169,decreasing,1480.000,1613.835,1301,0,1783739765.194938898,0.014303,0.021824,1.104240,-0.009480,,,,,0.323509,-0.248360,0.009144,0.918,1.028
2,4,25.9651,rolling,-0.2000,reverse,1450.000,1169,decreasing,1480.000,1613.835,1301,0,1783739765.194938898,0.014303,0.021824,1.104240,-0.009480,,,,,0.323509,-0.248360,0.009144,0.918,1.028
2,4,25.9866,rolling,-0.2000,reverse,1450.000,1169,decreasing,1480.000,1613.835,1301,0,1783739765.194938898,0.014303,0.021824,1.104240,-0.009480,,,,,0.323509,-0.248360,0.009144,0.918,1.028
2,4,26.0081,rolling,-0.2000,reverse,1450.000,1169,decreasing,1480.000,1613.835,1301,0,1783739765.194938898,0.014303,0.021824,1.104240,-0.009480,,,,,0.323509,-0.248360,0.009144,0.904,1.041
2,4,26.0288,rolling,-0.2000,reverse,1450.000,1169,decreasing,1480.000,1592.509,1284,1,1783739765.292707682,0.005338,0.004742,1.104078,-0.056434,-0.0192895,-0.0001625,0.0084252,0.0023380,0.342798,-0.248360,0.009144,0.904,1.041
2,4,26.0498,rolling,-0.2000,reverse,1450.000,1169,decreasing,1480.000,1592.509,1284,0,1783739765.292707682,0.005338,0.004742,1.104078,-0.056434,,,,,0.342798,-0.248360,0.009144,0.904,1.041
2,4,26.0715,rolling,-0.2000,reverse,1450.000,1169,decreasing,1480.000,1592.509,1284,0,1783739765.292707682,0.005338,0.004742,1.104078,-0.056434,,,,,0.342798,-0.248360,0.009144,0.904,1.041
2,4,26.0930,rolling,-0.2000,reverse,1450.000,1169,decreasing,1480.000,1592.509,1284,0,1783739765.292707682,0.005338,0.004742,1.104078,-0.056434,,,,,0.342798,-0.248360,0.009144,0.904,1.041
2,4,26.1146,rolling,-0.2000,reverse,1450.000,1169,decreasing,1480.000,1592.509,1284,0,1783739765.292707682,0.005338,0.004742,1.104078,-0.056434,,,,,0.342798,-0.248360,0.009144,0.877,1.060
2,4,26.1289,rolling,-0.2000,reverse,1450.000,1169,decreasing,1480.000,1593.957,1285,1,1783739765.393639088,-0.006057,-0.017143,1.104755,-0.103435,-0.0246717,0.0006766,-0.0274258,-0.0076105,0.367470,-0.248360,0.009144,0.877,1.060
2,4,26.1457,rolling,-0.2000,reverse,1450.000,1169,decreasing,1480.000,1593.957,1285,0,1783739765.393639088,-0.006057,-0.017143,1.104755,-0.103435,,,,,0.367470,-0.248360,0.009144,0.877,1.060
2,4,26.1674,rolling,-0.2000,reverse,1450.000,1169,decreasing,1480.000,1593.957,1285,0,1783739765.393639088,-0.006057,-0.017143,1.104755,-0.103435,,,,,0.367470,-0.248360,0.009144,0.877,1.060
2,4,26.1889,rolling,-0.2000,reverse,1450.000,1169,decreasing,1480.000,1593.957,1285,0,1783739765.393639088,-0.006057,-0.017143,1.104755,-0.103435,,,,,0.367470,-0.248360,0.009144,0.877,1.060
2,4,26.2105,rolling,-0.2000,reverse,1450.000,1169,decreasing,1480.000,1593.957,1285,0,1783739765.393639088,-0.006057,-0.017143,1.104755,-0.103435,,,,,0.367470,-0.248360,0.009144,0.854,1.089
2,4,26.2297,rolling,-0.2000,reverse,1450.000,1169,decreasing,1480.000,1593.257,1285,1,1783739765.493691206,-0.017326,-0.043967,1.109225,-0.150117,-0.0290312,0.0044708,-0.1540002,-0.0427091,0.396501,-0.277391,0.013614,0.854,1.089
2,4,26.2483,rolling,-0.2000,reverse,1450.000,1169,decreasing,1480.000,1593.257,1285,0,1783739765.493691206,-0.017326,-0.043967,1.109225,-0.150117,,,,,0.396501,-0.277391,0.013614,0.854,1.089
2,4,26.2700,rolling,-0.2000,reverse,1450.000,1169,decreasing,1480.000,1593.257,1285,0,1783739765.493691206,-0.017326,-0.043967,1.109225,-0.150117,,,,,0.396501,-0.277391,0.013614,0.854,1.089
2,4,26.2916,rolling,-0.2000,reverse,1450.000,1169,decreasing,1480.000,1593.257,1285,0,1783739765.493691206,-0.017326,-0.043967,1.109225,-0.150117,,,,,0.396501,-0.277391,0.013614,0.854,1.089
2,4,26.3131,rolling,-0.2000,reverse,1450.000,1169,decreasing,1480.000,1593.257,1285,0,1783739765.493691206,-0.017326,-0.043967,1.109225,-0.150117,,,,,0.396501,-0.277391,0.013614,0.833,1.113
2,4,26.3275,rolling,-0.2000,reverse,1450.000,1169,decreasing,1480.000,1592.858,1285,1,1783739765.594602585,-0.029567,-0.066798,1.109721,-0.176737,-0.0258935,0.0004961,-0.0191581,-0.0053163,0.422394,-0.303285,0.014111,0.833,1.113
2,4,26.3489,rolling,-0.2000,reverse,1450.000,1169,decreasing,1480.000,1592.858,1285,0,1783739765.594602585,-0.029567,-0.066798,1.109721,-0.176737,,,,,0.422394,-0.303285,0.014111,0.833,1.113
2,4,26.3707,rolling,-0.2000,reverse,1450.000,1169,decreasing,1480.000,1592.858,1285,0,1783739765.594602585,-0.029567,-0.066798,1.109721,-0.176737,,,,,0.422394,-0.303285,0.014111,0.833,1.113
2,4,26.3923,rolling,-0.2000,reverse,1450.000,1169,decreasing,1480.000,1592.858,1285,0,1783739765.594602585,-0.029567,-0.066798,1.109721,-0.176737,,,,,0.422394,-0.303285,0.014111,0.833,1.113
2,4,26.4139,rolling,-0.2000,reverse,1450.000,1169,decreasing,1480.000,1592.858,1285,0,1783739765.594602585,-0.029567,-0.066798,1.109721,-0.176737,,,,,0.422394,-0.303285,0.014111,0.812,1.137
2,4,26.4279,rolling,-0.2000,reverse,1450.000,1169,decreasing,1480.000,1592.704,1284,1,1783739765.692442894,-0.039083,-0.085862,1.109414,-0.186996,-0.0213069,-0.0003079,0.0144515,0.0040103,0.443701,-0.324592,0.013803,0.812,1.137
2,4,26.4385,rolling,-0.2000,reverse,1450.000,1169,decreasing,1480.000,1592.704,1284,0,1783739765.692442894,-0.039083,-0.085862,1.109414,-0.186996,,,,,0.443701,-0.324592,0.013803,0.812,1.137
2,4,26.4602,rolling,-0.2000,reverse,1450.000,1169,decreasing,1480.000,1592.704,1284,0,1783739765.692442894,-0.039083,-0.085862,1.109414,-0.186996,,,,,0.443701,-0.324592,0.013803,0.812,1.137
2,4,26.4817,rolling,-0.2000,reverse,1450.000,1169,decreasing,1480.000,1592.704,1284,0,1783739765.692442894,-0.039083,-0.085862,1.109414,-0.186996,,,,,0.443701,-0.324592,0.013803,0.812,1.137
2,4,26.5032,rolling,-0.2000,reverse,1450.000,1169,decreasing,1480.000,1592.704,1284,0,1783739765.692442894,-0.039083,-0.085862,1.109414,-0.186996,,,,,0.443701,-0.324592,0.013803,0.812,1.137
2,4,26.5248,rolling,-0.2000,reverse,1450.000,1169,decreasing,1480.000,1592.704,1284,0,1783739765.692442894,-0.039083,-0.085862,1.109414,-0.186996,,,,,0.443701,-0.324592,0.013803,0.794,1.160
2,4,26.5289,rolling,-0.2000,reverse,1450.000,1169,decreasing,1480.000,1592.650,1284,1,1783739765.792834520,-0.047738,-0.104140,1.111443,-0.190600,-0.0202202,0.0020297,-0.1003786,-0.0278479,0.463922,-0.344812,0.015832,0.794,1.160
3,5,28.7007,startup,0.2000,forward,1180.000,952,decreasing,1210.000,1423.384,1148,0,1783739767.889091253,-0.060490,-0.131754,1.109480,-0.003440,,,,,0.000000,0.000000,0.000000,0.773,1.196
3,5,28.7224,startup,0.2000,forward,1180.000,952,decreasing,1210.000,1423.384,1148,0,1783739767.889091253,-0.060490,-0.131754,1.109480,-0.003440,,,,,0.000000,0.000000,0.000000,0.775,1.194
3,5,28.7255,startup,0.2000,forward,1180.000,952,decreasing,1210.000,1422.144,1147,1,1783739767.989914656,-0.061204,-0.130626,1.109317,-0.000865,0.0006916,-0.0001625,-0.2349178,-0.0650976,0.000692,0.000000,0.000000,0.775,1.194
3,5,28.7438,startup,0.2000,forward,1180.000,952,decreasing,1210.000,1422.144,1147,0,1783739767.989914656,-0.061204,-0.130626,1.109317,-0.000865,,,,,0.000692,0.000000,0.000000,0.775,1.194
3,5,28.7656,startup,0.2000,forward,1180.000,952,decreasing,1210.000,1422.144,1147,0,1783739767.989914656,-0.061204,-0.130626,1.109317,-0.000865,,,,,0.000692,0.000000,0.000000,0.775,1.194
3,5,28.7872,startup,0.2000,forward,1180.000,952,decreasing,1210.000,1422.144,1147,0,1783739767.989914656,-0.061204,-0.130626,1.109317,-0.000865,,,,,0.000692,0.000000,0.000000,0.775,1.194
3,5,28.8087,startup,0.2000,forward,1180.000,952,decreasing,1210.000,1422.144,1147,0,1783739767.989914656,-0.061204,-0.130626,1.109317,-0.000865,,,,,0.000692,0.000000,0.000000,0.776,1.194
3,5,28.8260,startup,0.2000,forward,1180.000,952,decreasing,1210.000,1420.904,1146,1,1783739768.090327263,-0.060946,-0.130645,1.109408,-0.000405,0.0000980,0.0000906,0.9250033,0.2512637,0.000790,0.000000,0.000000,0.776,1.194
3,5,28.8405,startup,0.2000,forward,1180.000,952,decreasing,1210.000,1420.904,1146,0,1783739768.090327263,-0.060946,-0.130645,1.109408,-0.000405,,,,,0.000790,0.000000,0.000000,0.776,1.194
3,5,28.8622,startup,0.2000,forward,1180.000,952,decreasing,1210.000,1420.904,1146,0,1783739768.090327263,-0.060946,-0.130645,1.109408,-0.000405,,,,,0.000790,0.000000,0.000000,0.776,1.194
3,5,28.8838,startup,0.2000,forward,1180.000,952,decreasing,1210.000,1420.904,1146,0,1783739768.090327263,-0.060946,-0.130645,1.109408,-0.000405,,,,,0.000790,0.000000,0.000000,0.776,1.194
3,5,28.9053,startup,0.2000,forward,1180.000,952,decreasing,1210.000,1420.904,1146,0,1783739768.090327263,-0.060946,-0.130645,1.109408,-0.000405,,,,,0.000790,0.000000,0.000000,0.777,1.195
3,5,28.9266,startup,0.2000,forward,1180.000,952,decreasing,1210.000,1419.664,1145,1,1783739768.190839529,-0.063357,-0.127515,1.107159,0.003988,0.0017254,-0.0022489,-1.3034595,-0.3470686,0.002515,0.000000,0.000000,0.777,1.195
3,5,28.9405,startup,0.2000,forward,1180.000,952,decreasing,1210.000,1419.664,1145,0,1783739768.190839529,-0.063357,-0.127515,1.107159,0.003988,,,,,0.002515,0.000000,0.000000,0.777,1.195
3,5,28.9621,startup,0.2000,forward,1180.000,952,decreasing,1210.000,1419.664,1145,0,1783739768.190839529,-0.063357,-0.127515,1.107159,0.003988,,,,,0.002515,0.000000,0.000000,0.777,1.195
3,5,28.9837,startup,0.2000,forward,1180.000,952,decreasing,1210.000,1419.664,1145,0,1783739768.190839529,-0.063357,-0.127515,1.107159,0.003988,,,,,0.002515,0.000000,0.000000,0.777,1.195
3,5,29.0052,startup,0.2000,forward,1180.000,952,decreasing,1210.000,1419.664,1145,0,1783739768.190839529,-0.063357,-0.127515,1.107159,0.003988,,,,,0.002515,0.000000,0.000000,0.775,1.193
3,5,29.0271,startup,0.2000,forward,1180.000,952,decreasing,1210.000,1418.424,1144,1,1783739768.291405916,-0.060325,-0.129631,1.106447,0.001660,-0.0005352,-0.0007123,1.3309676,0.3538024,0.003050,0.000000,0.000000,0.775,1.193
3,5,29.0479,startup,0.2000,forward,1180.000,952,decreasing,1210.000,1418.424,1144,0,1783739768.291405916,-0.060325,-0.129631,1.106447,0.001660,,,,,0.003050,0.000000,0.000000,0.775,1.193
3,5,29.0695,startup,0.2000,forward,1180.000,952,decreasing,1210.000,1418.424,1144,0,1783739768.291405916,-0.060325,-0.129631,1.106447,0.001660,,,,,0.003050,0.000000,0.000000,0.775,1.193
3,5,29.0910,startup,0.2000,forward,1180.000,952,decreasing,1210.000,1418.424,1144,0,1783739768.291405916,-0.060325,-0.129631,1.106447,0.001660,,,,,0.003050,0.000000,0.000000,0.775,1.193
3,5,29.1127,startup,0.2000,forward,1180.000,952,decreasing,1210.000,1418.424,1144,0,1783739768.291405916,-0.060325,-0.129631,1.106447,0.001660,,,,,0.003050,0.000000,0.000000,0.777,1.191
3,5,29.1253,startup,0.2000,forward,1180.000,952,decreasing,1210.000,1415.324,1141,1,1783739768.391922951,-0.057806,-0.128528,1.107057,0.006501,0.0021134,0.0006103,0.2887948,0.0799696,0.005163,0.000000,0.000000,0.777,1.191
3,5,29.1333,startup,0.2000,forward,1180.000,952,decreasing,1210.000,1415.324,1141,0,1783739768.391922951,-0.057806,-0.128528,1.107057,0.006501,,,,,0.005163,0.000000,0.000000,0.777,1.191
3,5,29.1552,startup,0.2000,forward,1180.000,952,decreasing,1210.000,1415.324,1141,0,1783739768.391922951,-0.057806,-0.128528,1.107057,0.006501,,,,,0.005163,0.000000,0.000000,0.777,1.191
3,5,29.1768,startup,0.2000,forward,1180.000,952,decreasing,1210.000,1415.324,1141,0,1783739768.391922951,-0.057806,-0.128528,1.107057,0.006501,,,,,0.005163,0.000000,0.000000,0.777,1.191
3,5,29.1984,startup,0.2000,forward,1180.000,952,decreasing,1210.000,1415.324,1141,0,1783739768.391922951,-0.057806,-0.128528,1.107057,0.006501,,,,,0.005163,0.000000,0.000000,0.777,1.191
3,5,29.2200,startup,0.2000,forward,1180.000,952,decreasing,1210.000,1415.324,1141,0,1783739768.391922951,-0.057806,-0.128528,1.107057,0.006501,,,,,0.005163,0.000000,0.000000,0.778,1.190
3,5,29.2261,startup,0.2000,forward,1180.000,952,decreasing,1210.000,1412.224,1139,1,1783739768.489902258,-0.055470,-0.127839,1.108301,0.009114,0.0016609,0.0012443,0.7491765,0.2049767,0.006824,0.000000,0.000000,0.778,1.190
3,5,29.2359,startup,0.2000,forward,1180.000,952,decreasing,1210.000,1412.224,1139,0,1783739768.489902258,-0.055470,-0.127839,1.108301,0.009114,,,,,0.006824,0.000000,0.000000,0.778,1.190
3,5,29.2577,startup,0.2000,forward,1180.000,952,decreasing,1210.000,1412.224,1139,0,1783739768.489902258,-0.055470,-0.127839,1.108301,0.009114,,,,,0.006824,0.000000,0.000000,0.778,1.190
3,5,29.2793,startup,0.2000,forward,1180.000,952,decreasing,1210.000,1412.224,1139,0,1783739768.489902258,-0.055470,-0.127839,1.108301,0.009114,,,,,0.006824,0.000000,0.000000,0.778,1.190
3,5,29.3009,startup,0.2000,forward,1180.000,952,decreasing,1210.000,1412.224,1139,0,1783739768.489902258,-0.055470,-0.127839,1.108301,0.009114,,,,,0.006824,0.000000,0.000000,0.778,1.190
3,5,29.3224,startup,0.2000,forward,1180.000,952,decreasing,1210.000,1412.224,1139,0,1783739768.489902258,-0.055470,-0.127839,1.108301,0.009114,,,,,0.006824,0.000000,0.000000,0.778,1.188
3,5,29.3261,startup,0.2000,forward,1180.000,952,decreasing,1210.000,1409.124,1136,1,1783739768.590830088,-0.057753,-0.127894,1.107029,0.004186,-0.0010695,-0.0012724,1.1897698,0.3188929,0.007894,0.000000,0.000000,0.778,1.188
3,5,29.3460,startup,0.2000,forward,1180.000,952,decreasing,1210.000,1409.124,1136,0,1783739768.590830088,-0.057753,-0.127894,1.107029,0.004186,,,,,0.007894,0.000000,0.000000,0.778,1.188
3,5,29.3676,startup,0.2000,forward,1180.000,952,decreasing,1210.000,1409.124,1136,0,1783739768.590830088,-0.057753,-0.127894,1.107029,0.004186,,,,,0.007894,0.000000,0.000000,0.778,1.188
3,5,29.3891,startup,0.2000,forward,1180.000,952,decreasing,1210.000,1409.124,1136,0,1783739768.590830088,-0.057753,-0.127894,1.107029,0.004186,,,,,0.007894,0.000000,0.000000,0.778,1.188
3,5,29.4107,startup,0.2000,forward,1180.000,952,decreasing,1210.000,1409.124,1136,0,1783739768.590830088,-0.057753,-0.127894,1.107029,0.004186,,,,,0.007894,0.000000,0.000000,0.776,1.189
3,5,29.4269,startup,0.2000,forward,1180.000,952,decreasing,1210.000,1406.024,1134,1,1783739768.691074371,-0.057394,-0.128885,1.108077,0.001329,-0.0007262,0.0010475,-1.4425270,-0.3807660,0.008620,0.000000,0.000000,0.776,1.189
3,5,29.4389,startup,0.2000,forward,1180.000,952,decreasing,1210.000,1406.024,1134,0,1783739768.691074371,-0.057394,-0.128885,1.108077,0.001329,,,,,0.008620,0.000000,0.000000,0.776,1.189
3,5,29.4605,startup,0.2000,forward,1180.000,952,decreasing,1210.000,1406.024,1134,0,1783739768.691074371,-0.057394,-0.128885,1.108077,0.001329,,,,,0.008620,0.000000,0.000000,0.776,1.189
3,5,29.4820,startup,0.2000,forward,1180.000,952,decreasing,1210.000,1406.024,1134,0,1783739768.691074371,-0.057394,-0.128885,1.108077,0.001329,,,,,0.008620,0.000000,0.000000,0.776,1.189
3,5,29.5037,startup,0.2000,forward,1180.000,952,decreasing,1210.000,1406.024,1134,0,1783739768.691074371,-0.057394,-0.128885,1.108077,0.001329,,,,,0.008620,0.000000,0.000000,0.776,1.189
3,5,29.5253,startup,0.2000,forward,1180.000,952,decreasing,1210.000,1406.024,1134,0,1783739768.691074371,-0.057394,-0.128885,1.108077,0.001329,,,,,0.008620,0.000000,0.000000,0.777,1.189
3,5,29.5277,startup,0.2000,forward,1180.000,952,decreasing,1210.000,1402.924,1131,1,1783739768.791614771,-0.056890,-0.127996,1.108613,0.003535,0.0010209,0.0005367,0.5257514,0.1448739,0.009641,0.000000,0.000000,0.777,1.189
3,5,29.5371,startup,0.2000,forward,1180.000,952,decreasing,1210.000,1402.924,1131,0,1783739768.791614771,-0.056890,-0.127996,1.108613,0.003535,,,,,0.009641,0.000000,0.000000,0.777,1.189
3,5,29.5587,startup,0.2000,forward,1180.000,952,decreasing,1210.000,1402.924,1131,0,1783739768.791614771,-0.056890,-0.127996,1.108613,0.003535,,,,,0.009641,0.000000,0.000000,0.777,1.189
3,5,29.5803,startup,0.2000,forward,1180.000,952,decreasing,1210.000,1402.924,1131,0,1783739768.791614771,-0.056890,-0.127996,1.108613,0.003535,,,,,0.009641,0.000000,0.000000,0.777,1.189
3,5,29.6019,startup,0.2000,forward,1180.000,952,decreasing,1210.000,1402.924,1131,0,1783739768.791614771,-0.056890,-0.127996,1.108613,0.003535,,,,,0.009641,0.000000,0.000000,0.777,1.189
3,5,29.6235,startup,0.2000,forward,1180.000,952,decreasing,1210.000,1402.924,1131,0,1783739768.791614771,-0.056890,-0.127996,1.108613,0.003535,,,,,0.009641,0.000000,0.000000,0.781,1.183
3,5,29.6278,startup,0.2000,forward,1180.000,952,decreasing,1210.000,1399.824,1129,1,1783739768.892123699,-0.054487,-0.125323,1.107508,0.011268,0.0034642,-0.0011052,-0.3190437,-0.0883044,0.013105,0.000000,0.000000,0.781,1.183
3,5,29.6427,startup,0.2000,forward,1180.000,952,decreasing,1210.000,1399.824,1129,0,1783739768.892123699,-0.054487,-0.125323,1.107508,0.011268,,,,,0.013105,0.000000,0.000000,0.781,1.183
3,5,29.6643,startup,0.2000,forward,1180.000,952,decreasing,1210.000,1399.824,1129,0,1783739768.892123699,-0.054487,-0.125323,1.107508,0.011268,,,,,0.013105,0.000000,0.000000,0.781,1.183
3,5,29.6859,startup,0.2000,forward,1180.000,952,decreasing,1210.000,1399.824,1129,0,1783739768.892123699,-0.054487,-0.125323,1.107508,0.011268,,,,,0.013105,0.000000,0.000000,0.781,1.183
3,5,29.7074,startup,0.2000,forward,1180.000,952,decreasing,1210.000,1399.824,1129,0,1783739768.892123699,-0.054487,-0.125323,1.107508,0.011268,,,,,0.013105,0.000000,0.000000,0.795,1.174
3,5,29.7279,startup,0.2000,forward,1180.000,952,decreasing,1210.000,1399.824,1129,0,1783739768.892123699,-0.054487,-0.125323,1.107508,0.011268,,,,,0.013105,0.000000,0.000000,0.795,1.174
3,5,29.7498,rolling,0.2000,forward,1180.000,952,decreasing,1210.000,1419.384,1145,1,1783739768.992688179,-0.046410,-0.109182,1.102400,0.053321,0.0180492,-0.0051081,-0.2830110,-0.0783747,0.031154,0.000000,0.000000,0.795,1.174
3,5,29.7556,rolling,0.2000,forward,1180.000,952,decreasing,1210.000,1419.384,1145,0,1783739768.992688179,-0.046410,-0.109182,1.102400,0.053321,,,,,0.031154,0.000000,0.000000,0.795,1.174
3,5,29.7774,rolling,0.2000,forward,1180.000,952,decreasing,1210.000,1419.384,1145,0,1783739768.992688179,-0.046410,-0.109182,1.102400,0.053321,,,,,0.031154,0.000000,0.000000,0.795,1.174
3,5,29.7990,rolling,0.2000,forward,1180.000,952,decreasing,1210.000,1419.384,1145,0,1783739768.992688179,-0.046410,-0.109182,1.102400,0.053321,,,,,0.031154,0.000000,0.000000,0.795,1.174
3,5,29.8206,rolling,0.2000,forward,1180.000,952,decreasing,1210.000,1419.384,1145,0,1783739768.992688179,-0.046410,-0.109182,1.102400,0.053321,,,,,0.031154,0.000000,0.000000,0.818,1.148
3,5,29.8259,rolling,0.2000,forward,1180.000,952,decreasing,1210.000,1417.325,1143,1,1783739769.092830181,-0.035283,-0.089206,1.090181,0.097041,0.0228527,-0.0122188,-0.5346765,-0.1472981,0.054007,0.000000,0.000000,0.818,1.148
3,5,29.8423,rolling,0.2000,forward,1180.000,952,decreasing,1210.000,1417.325,1143,0,1783739769.092830181,-0.035283,-0.089206,1.090181,0.097041,,,,,0.054007,0.000000,0.000000,0.818,1.148
3,5,29.8640,rolling,0.2000,forward,1180.000,952,decreasing,1210.000,1417.325,1143,0,1783739769.092830181,-0.035283,-0.089206,1.090181,0.097041,,,,,0.054007,0.000000,0.000000,0.818,1.148
3,5,29.8855,rolling,0.2000,forward,1180.000,952,decreasing,1210.000,1417.325,1143,0,1783739769.092830181,-0.035283,-0.089206,1.090181,0.097041,,,,,0.054007,0.000000,0.000000,0.818,1.148
3,5,29.9070,rolling,0.2000,forward,1180.000,952,decreasing,1210.000,1417.325,1143,0,1783739769.092830181,-0.035283,-0.089206,1.090181,0.097041,,,,,0.054007,0.000000,0.000000,0.842,1.130
3,5,29.9265,rolling,0.2000,forward,1180.000,952,decreasing,1210.000,1417.325,1143,0,1783739769.092830181,-0.035283,-0.089206,1.090181,0.097041,,,,,0.054007,0.000000,0.000000,0.842,1.130
3,5,29.9483,rolling,0.2000,forward,1180.000,952,decreasing,1210.000,1418.221,1144,1,1783739769.190818310,-0.025074,-0.063953,1.071197,0.141886,0.0270860,-0.0189846,-0.7009004,-0.1921014,0.081093,0.027086,-0.018985,0.842,1.130
3,5,29.9501,rolling,0.2000,forward,1180.000,952,decreasing,1210.000,1418.221,1144,0,1783739769.190818310,-0.025074,-0.063953,1.071197,0.141886,,,,,0.081093,0.027086,-0.018985,0.842,1.130
3,5,29.9717,rolling,0.2000,forward,1180.000,952,decreasing,1210.000,1418.221,1144,0,1783739769.190818310,-0.025074,-0.063953,1.071197,0.141886,,,,,0.081093,0.027086,-0.018985,0.842,1.130
3,5,29.9932,rolling,0.2000,forward,1180.000,952,decreasing,1210.000,1418.221,1144,0,1783739769.190818310,-0.025074,-0.063953,1.071197,0.141886,,,,,0.081093,0.027086,-0.018985,0.842,1.130
3,5,30.0147,rolling,0.2000,forward,1180.000,952,decreasing,1210.000,1418.221,1144,0,1783739769.190818310,-0.025074,-0.063953,1.071197,0.141886,,,,,0.081093,0.027086,-0.018985,0.868,1.105
3,5,30.0272,rolling,0.2000,forward,1180.000,952,decreasing,1210.000,1418.818,1144,1,1783739769.291313171,-0.014693,-0.039681,1.050428,0.171720,0.0262512,-0.0207688,-0.7911567,-0.2161172,0.107344,0.053337,-0.039753,0.868,1.105
3,5,30.0368,rolling,0.2000,forward,1180.000,952,decreasing,1210.000,1418.818,1144,0,1783739769.291313171,-0.014693,-0.039681,1.050428,0.171720,,,,,0.107344,0.053337,-0.039753,0.868,1.105
3,5,30.0584,rolling,0.2000,forward,1180.000,952,decreasing,1210.000,1418.818,1144,0,1783739769.291313171,-0.014693,-0.039681,1.050428,0.171720,,,,,0.107344,0.053337,-0.039753,0.868,1.105
3,5,30.0799,rolling,0.2000,forward,1180.000,952,decreasing,1210.000,1418.818,1144,0,1783739769.291313171,-0.014693,-0.039681,1.050428,0.171720,,,,,0.107344,0.053337,-0.039753,0.868,1.105
3,5,30.1014,rolling,0.2000,forward,1180.000,952,decreasing,1210.000,1418.818,1144,0,1783739769.291313171,-0.014693,-0.039681,1.050428,0.171720,,,,,0.107344,0.053337,-0.039753,0.868,1.105
3,5,30.1229,rolling,0.2000,forward,1180.000,952,decreasing,1210.000,1418.818,1144,0,1783739769.291313171,-0.014693,-0.039681,1.050428,0.171720,,,,,0.107344,0.053337,-0.039753,0.883,1.082
3,5,30.1277,rolling,0.2000,forward,1180.000,952,decreasing,1210.000,1418.959,1144,1,1783739769.391946077,-0.004564,-0.022290,1.031024,0.178786,0.0201251,-0.0194035,-0.9641471,-0.2614277,0.127469,0.073462,-0.059157,0.883,1.082
3,5,30.1397,rolling,0.2000,forward,1180.000,952,decreasing,1210.000,1418.959,1144,0,1783739769.391946077,-0.004564,-0.022290,1.031024,0.178786,,,,,0.127469,0.073462,-0.059157,0.883,1.082
3,5,30.1614,rolling,0.2000,forward,1180.000,952,decreasing,1210.000,1418.959,1144,0,1783739769.391946077,-0.004564,-0.022290,1.031024,0.178786,,,,,0.127469,0.073462,-0.059157,0.883,1.082
3,5,30.1830,rolling,0.2000,forward,1180.000,952,decreasing,1210.000,1418.959,1144,0,1783739769.391946077,-0.004564,-0.022290,1.031024,0.178786,,,,,0.127469,0.073462,-0.059157,0.883,1.082
3,5,30.2045,rolling,0.2000,forward,1180.000,952,decreasing,1210.000,1418.959,1144,0,1783739769.391946077,-0.004564,-0.022290,1.031024,0.178786,,,,,0.127469,0.073462,-0.059157,0.883,1.082
3,5,30.2260,rolling,0.2000,forward,1180.000,952,decreasing,1210.000,1418.959,1144,0,1783739769.391946077,-0.004564,-0.022290,1.031024,0.178786,,,,,0.127469,0.073462,-0.059157,0.902,1.062
3,5,30.2285,rolling,0.2000,forward,1180.000,952,decreasing,1210.000,1418.875,1144,1,1783739769.492550850,0.002737,-0.007665,1.015439,0.174565,0.0162880,-0.0155850,-0.9568340,-0.2595329,0.143757,0.089750,-0.074742,0.902,1.062
3,5,30.2468,rolling,0.2000,forward,1180.000,952,decreasing,1210.000,1418.875,1144,0,1783739769.492550850,0.002737,-0.007665,1.015439,0.174565,,,,,0.143757,0.089750,-0.074742,0.902,1.062
3,5,30.2686,rolling,0.2000,forward,1180.000,952,decreasing,1210.000,1418.875,1144,0,1783739769.492550850,0.002737,-0.007665,1.015439,0.174565,,,,,0.143757,0.089750,-0.074742,0.902,1.062
3,5,30.2902,rolling,0.2000,forward,1180.000,952,decreasing,1210.000,1418.875,1144,0,1783739769.492550850,0.002737,-0.007665,1.015439,0.174565,,,,,0.143757,0.089750,-0.074742,0.902,1.062
3,5,30.3119,rolling,0.2000,forward,1180.000,952,decreasing,1210.000,1418.875,1144,0,1783739769.492550850,0.002737,-0.007665,1.015439,0.174565,,,,,0.143757,0.089750,-0.074742,0.914,1.047
3,5,30.3265,rolling,0.2000,forward,1180.000,952,decreasing,1210.000,1418.875,1144,0,1783739769.492550850,0.002737,-0.007665,1.015439,0.174565,,,,,0.143757,0.089750,-0.074742,0.914,1.047
3,5,30.3483,rolling,0.2000,forward,1180.000,952,decreasing,1210.000,1418.501,1144,1,1783739769.593095064,0.005975,0.002144,1.007738,0.155869,0.0100323,-0.0077014,-0.7676589,-0.2098880,0.153790,0.099783,-0.082443,0.914,1.047
3,5,30.3501,rolling,0.2000,forward,1180.000,952,decreasing,1210.000,1418.501,1144,0,1783739769.593095064,0.005975,0.002144,1.007738,0.155869,,,,,0.153790,0.099783,-0.082443,0.914,1.047
3,5,30.3717,rolling,0.2000,forward,1180.000,952,decreasing,1210.000,1418.501,1144,0,1783739769.593095064,0.005975,0.002144,1.007738,0.155869,,,,,0.153790,0.099783,-0.082443,0.914,1.047
3,5,30.3933,rolling,0.2000,forward,1180.000,952,decreasing,1210.000,1418.501,1144,0,1783739769.593095064,0.005975,0.002144,1.007738,0.155869,,,,,0.153790,0.099783,-0.082443,0.914,1.047
3,5,30.4148,rolling,0.2000,forward,1180.000,952,decreasing,1210.000,1418.501,1144,0,1783739769.593095064,0.005975,0.002144,1.007738,0.155869,,,,,0.153790,0.099783,-0.082443,0.924,1.036
3,5,30.4267,rolling,0.2000,forward,1180.000,952,decreasing,1210.000,1418.341,1144,1,1783739769.691085339,0.011749,0.012856,0.997383,0.147864,0.0121360,-0.0103546,-0.8532125,-0.2324853,0.165926,0.111919,-0.092798,0.924,1.036
3,5,30.4471,rolling,0.2000,forward,1180.000,952,decreasing,1210.000,1418.341,1144,0,1783739769.691085339,0.011749,0.012856,0.997383,0.147864,,,,,0.165926,0.111919,-0.092798,0.924,1.036
3,5,30.4687,rolling,0.2000,forward,1180.000,952,decreasing,1210.000,1418.341,1144,0,1783739769.691085339,0.011749,0.012856,0.997383,0.147864,,,,,0.165926,0.111919,-0.092798,0.924,1.036
3,5,30.4902,rolling,0.2000,forward,1180.000,952,decreasing,1210.000,1418.341,1144,0,1783739769.691085339,0.011749,0.012856,0.997383,0.147864,,,,,0.165926,0.111919,-0.092798,0.924,1.036
3,5,30.5119,rolling,0.2000,forward,1180.000,952,decreasing,1210.000,1418.341,1144,0,1783739769.691085339,0.011749,0.012856,0.997383,0.147864,,,,,0.165926,0.111919,-0.092798,0.932,1.026
3,5,30.5252,rolling,0.2000,forward,1180.000,952,decreasing,1210.000,1418.090,1144,1,1783739769.791635036,0.016874,0.021238,0.991549,0.135316,0.0098209,-0.0058339,-0.5940324,-0.1633747,0.175747,0.121740,-0.098632,0.932,1.026
3,5,30.5351,rolling,0.2000,forward,1180.000,952,decreasing,1210.000,1418.090,1144,0,1783739769.791635036,0.016874,0.021238,0.991549,0.135316,,,,,0.175747,0.121740,-0.098632,0.932,1.026
3,5,30.5567,rolling,0.2000,forward,1180.000,952,decreasing,1210.000,1418.090,1144,0,1783739769.791635036,0.016874,0.021238,0.991549,0.135316,,,,,0.175747,0.121740,-0.098632,0.932,1.026
3,5,30.5782,rolling,0.2000,forward,1180.000,952,decreasing,1210.000,1418.090,1144,0,1783739769.791635036,0.016874,0.021238,0.991549,0.135316,,,,,0.175747,0.121740,-0.098632,0.932,1.026
3,5,30.5997,rolling,0.2000,forward,1180.000,952,decreasing,1210.000,1418.090,1144,0,1783739769.791635036,0.016874,0.021238,0.991549,0.135316,,,,,0.175747,0.121740,-0.098632,0.932,1.026
3,5,30.6212,rolling,0.2000,forward,1180.000,952,decreasing,1210.000,1418.090,1144,0,1783739769.791635036,0.016874,0.021238,0.991549,0.135316,,,,,0.175747,0.121740,-0.098632,0.938,1.020
3,5,30.6237,rolling,0.2000,forward,1180.000,952,decreasing,1210.000,1417.438,1143,1,1783739769.889674187,0.018999,0.020412,0.989500,0.102696,0.0004742,-0.0020497,-4.3227185,-0.8758754,0.176221,0.121740,-0.098632,0.938,1.020
3,5,30.6436,rolling,0.2000,forward,1180.000,952,decreasing,1210.000,1417.438,1143,0,1783739769.889674187,0.018999,0.020412,0.989500,0.102696,,,,,0.176221,0.121740,-0.098632,0.938,1.020
3,5,30.6653,rolling,0.2000,forward,1180.000,952,decreasing,1210.000,1417.438,1143,0,1783739769.889674187,0.018999,0.020412,0.989500,0.102696,,,,,0.176221,0.121740,-0.098632,0.938,1.020
3,5,30.6868,rolling,0.2000,forward,1180.000,952,decreasing,1210.000,1417.438,1143,0,1783739769.889674187,0.018999,0.020412,0.989500,0.102696,,,,,0.176221,0.121740,-0.098632,0.938,1.020
3,5,30.7083,rolling,0.2000,forward,1180.000,952,decreasing,1210.000,1417.438,1143,0,1783739769.889674187,0.018999,0.020412,0.989500,0.102696,,,,,0.176221,0.121740,-0.098632,0.941,1.015
3,5,30.7233,rolling,0.2000,forward,1180.000,952,decreasing,1210.000,1417.438,1143,0,1783739769.889674187,0.018999,0.020412,0.989500,0.102696,,,,,0.176221,0.121740,-0.098632,0.941,1.015
3,5,30.7452,rolling,0.2000,forward,1180.000,952,decreasing,1210.000,1417.169,1143,1,1783739769.987776279,0.020043,0.025484,0.983644,0.089272,0.0048069,-0.0058555,-1.2181421,-0.3259756,0.181028,0.121740,-0.098632,0.941,1.015
3,5,30.7474,rolling,0.2000,forward,1180.000,952,decreasing,1210.000,1417.169,1143,0,1783739769.987776279,0.020043,0.025484,0.983644,0.089272,,,,,0.181028,0.121740,-0.098632,0.941,1.015
3,5,30.7690,rolling,0.2000,forward,1180.000,952,decreasing,1210.000,1417.169,1143,0,1783739769.987776279,0.020043,0.025484,0.983644,0.089272,,,,,0.181028,0.121740,-0.098632,0.941,1.015
3,5,30.7907,rolling,0.2000,forward,1180.000,952,decreasing,1210.000,1417.169,1143,0,1783739769.987776279,0.020043,0.025484,0.983644,0.089272,,,,,0.181028,0.121740,-0.098632,0.941,1.015
3,5,30.8123,rolling,0.2000,forward,1180.000,952,decreasing,1210.000,1417.169,1143,0,1783739769.987776279,0.020043,0.025484,0.983644,0.089272,,,,,0.181028,0.121740,-0.098632,0.939,1.015
3,5,30.8239,rolling,0.2000,forward,1180.000,952,decreasing,1210.000,1416.611,1142,1,1783739770.088127136,0.018960,0.023520,0.983124,0.061386,-0.0022349,-0.0005202,0.2327512,0.0644989,0.183263,0.121740,-0.098632,0.939,1.015
3,5,30.8413,rolling,0.2000,forward,1180.000,952,decreasing,1210.000,1416.611,1142,0,1783739770.088127136,0.018960,0.023520,0.983124,0.061386,,,,,0.183263,0.121740,-0.098632,0.939,1.015
3,5,30.8630,rolling,0.2000,forward,1180.000,952,decreasing,1210.000,1416.611,1142,0,1783739770.088127136,0.018960,0.023520,0.983124,0.061386,,,,,0.183263,0.121740,-0.098632,0.939,1.015
3,5,30.8846,rolling,0.2000,forward,1180.000,952,decreasing,1210.000,1416.611,1142,0,1783739770.088127136,0.018960,0.023520,0.983124,0.061386,,,,,0.183263,0.121740,-0.098632,0.939,1.015
3,5,30.9061,rolling,0.2000,forward,1180.000,952,decreasing,1210.000,1416.611,1142,0,1783739770.088127136,0.018960,0.023520,0.983124,0.061386,,,,,0.183263,0.121740,-0.098632,0.941,1.013
3,5,30.9221,rolling,0.2000,forward,1180.000,952,decreasing,1210.000,1416.332,1142,1,1783739770.188705444,0.020060,0.023459,0.982721,0.047430,0.0005595,-0.0004031,-0.7204148,-0.1973139,0.183822,0.121740,-0.098632,0.941,1.013
3,5,30.9372,rolling,0.2000,forward,1180.000,952,decreasing,1210.000,1416.332,1142,0,1783739770.188705444,0.020060,0.023459,0.982721,0.047430,,,,,0.183822,0.121740,-0.098632,0.941,1.013
3,5,30.9589,rolling,0.2000,forward,1180.000,952,decreasing,1210.000,1416.332,1142,0,1783739770.188705444,0.020060,0.023459,0.982721,0.047430,,,,,0.183822,0.121740,-0.098632,0.941,1.013
3,5,30.9804,rolling,0.2000,forward,1180.000,952,decreasing,1210.000,1416.332,1142,0,1783739770.188705444,0.020060,0.023459,0.982721,0.047430,,,,,0.183822,0.121740,-0.098632,0.941,1.013
3,5,31.0019,rolling,0.2000,forward,1180.000,952,decreasing,1210.000,1416.332,1142,0,1783739770.188705444,0.020060,0.023459,0.982721,0.047430,,,,,0.183822,0.121740,-0.098632,0.938,1.013
3,5,31.0223,rolling,0.2000,forward,1180.000,952,decreasing,1210.000,1416.180,1142,1,1783739770.286937714,0.021606,0.024419,0.983352,0.039788,0.0016564,0.0006315,0.3812265,0.1053983,0.185478,0.121740,-0.098632,0.938,1.013
3,5,31.0346,rolling,0.2000,forward,1180.000,952,decreasing,1210.000,1416.180,1142,0,1783739770.286937714,0.021606,0.024419,0.983352,0.039788,,,,,0.185478,0.121740,-0.098632,0.938,1.013
3,5,31.0563,rolling,0.2000,forward,1180.000,952,decreasing,1210.000,1416.180,1142,0,1783739770.286937714,0.021606,0.024419,0.983352,0.039788,,,,,0.185478,0.121740,-0.098632,0.938,1.013
3,5,31.0778,rolling,0.2000,forward,1180.000,952,decreasing,1210.000,1416.180,1142,0,1783739770.286937714,0.021606,0.024419,0.983352,0.039788,,,,,0.185478,0.121740,-0.098632,0.938,1.013
3,5,31.0993,rolling,0.2000,forward,1180.000,952,decreasing,1210.000,1416.180,1142,0,1783739770.286937714,0.021606,0.024419,0.983352,0.039788,,,,,0.185478,0.121740,-0.098632,0.938,1.013
3,5,31.1211,rolling,0.2000,forward,1180.000,952,decreasing,1210.000,1416.180,1142,0,1783739770.286937714,0.021606,0.024419,0.983352,0.039788,,,,,0.185478,0.121740,-0.098632,0.941,1.015
3,5,31.1237,rolling,0.2000,forward,1180.000,952,decreasing,1210.000,1415.962,1142,1,1783739770.387092590,0.021026,0.024361,0.983950,0.028917,-0.0003702,0.0005975,-1.6137617,-0.4210386,0.185849,0.121740,-0.098632,0.941,1.015
3,5,31.1315,rolling,0.2000,forward,1180.000,952,decreasing,1210.000,1415.962,1142,0,1783739770.387092590,0.021026,0.024361,0.983950,0.028917,,,,,0.185849,0.121740,-0.098632,0.941,1.015
3,5,31.1532,rolling,0.2000,forward,1180.000,952,decreasing,1210.000,1415.962,1142,0,1783739770.387092590,0.021026,0.024361,0.983950,0.028917,,,,,0.185849,0.121740,-0.098632,0.941,1.015
3,5,31.1751,rolling,0.2000,forward,1180.000,952,decreasing,1210.000,1415.962,1142,0,1783739770.387092590,0.021026,0.024361,0.983950,0.028917,,,,,0.185849,0.121740,-0.098632,0.941,1.015
3,5,31.1971,rolling,0.2000,forward,1180.000,952,decreasing,1210.000,1415.962,1142,0,1783739770.387092590,0.021026,0.024361,0.983950,0.028917,,,,,0.185849,0.121740,-0.098632,0.941,1.015
3,5,31.2189,rolling,0.2000,forward,1180.000,952,decreasing,1210.000,1415.962,1142,0,1783739770.387092590,0.021026,0.024361,0.983950,0.028917,,,,,0.185849,0.121740,-0.098632,0.938,1.013
3,5,31.2234,rolling,0.2000,forward,1180.000,952,decreasing,1210.000,1415.730,1142,1,1783739770.487709522,0.021171,0.022143,0.984620,0.017297,-0.0017672,0.0006697,-0.3789775,-0.1047811,0.187616,0.121740,-0.098632,0.938,1.013
3,5,31.2372,rolling,0.2000,forward,1180.000,952,decreasing,1210.000,1415.730,1142,0,1783739770.487709522,0.021171,0.022143,0.984620,0.017297,,,,,0.187616,0.121740,-0.098632,0.938,1.013
3,5,31.2589,rolling,0.2000,forward,1180.000,952,decreasing,1210.000,1415.730,1142,0,1783739770.487709522,0.021171,0.022143,0.984620,0.017297,,,,,0.187616,0.121740,-0.098632,0.938,1.013
3,5,31.2804,rolling,0.2000,forward,1180.000,952,decreasing,1210.000,1415.730,1142,0,1783739770.487709522,0.021171,0.022143,0.984620,0.017297,,,,,0.187616,0.121740,-0.098632,0.938,1.013
3,5,31.3019,rolling,0.2000,forward,1180.000,952,decreasing,1210.000,1415.730,1142,0,1783739770.487709522,0.021171,0.022143,0.984620,0.017297,,,,,0.187616,0.121740,-0.098632,0.939,1.014
3,5,31.3214,rolling,0.2000,forward,1180.000,952,decreasing,1210.000,1415.628,1142,1,1783739770.588458300,0.020199,0.022425,0.984380,0.012222,-0.0003023,-0.0002399,0.7935553,0.2167521,0.187918,0.121740,-0.098632,0.939,1.014
3,5,31.3313,rolling,0.2000,forward,1180.000,952,decreasing,1210.000,1415.628,1142,0,1783739770.588458300,0.020199,0.022425,0.984380,0.012222,,,,,0.187918,0.121740,-0.098632,0.939,1.014
3,5,31.3529,rolling,0.2000,forward,1180.000,952,decreasing,1210.000,1415.628,1142,0,1783739770.588458300,0.020199,0.022425,0.984380,0.012222,,,,,0.187918,0.121740,-0.098632,0.939,1.014
3,5,31.3744,rolling,0.2000,forward,1180.000,952,decreasing,1210.000,1415.628,1142,0,1783739770.588458300,0.020199,0.022425,0.984380,0.012222,,,,,0.187918,0.121740,-0.098632,0.939,1.014
3,5,31.3959,rolling,0.2000,forward,1180.000,952,decreasing,1210.000,1415.628,1142,0,1783739770.588458300,0.020199,0.022425,0.984380,0.012222,,,,,0.187918,0.121740,-0.098632,0.939,1.014
3,5,31.4174,rolling,0.2000,forward,1180.000,952,decreasing,1210.000,1415.628,1142,0,1783739770.588458300,0.020199,0.022425,0.984380,0.012222,,,,,0.187918,0.121740,-0.098632,0.938,1.015
3,5,31.4220,rolling,0.2000,forward,1180.000,952,decreasing,1210.000,1415.639,1142,1,1783739770.686287165,0.020284,0.024066,0.983033,0.012777,0.0014126,-0.0013471,-0.9535812,-0.2586895,0.189331,0.121740,-0.098632,0.938,1.015
3,5,31.4346,rolling,0.2000,forward,1180.000,952,decreasing,1210.000,1415.639,1142,0,1783739770.686287165,0.020284,0.024066,0.983033,0.012777,,,,,0.189331,0.121740,-0.098632,0.938,1.015
3,5,31.4563,rolling,0.2000,forward,1180.000,952,decreasing,1210.000,1415.639,1142,0,1783739770.686287165,0.020284,0.024066,0.983033,0.012777,,,,,0.189331,0.121740,-0.098632,0.938,1.015
3,5,31.4779,rolling,0.2000,forward,1180.000,952,decreasing,1210.000,1415.639,1142,0,1783739770.686287165,0.020284,0.024066,0.983033,0.012777,,,,,0.189331,0.121740,-0.098632,0.938,1.015
3,5,31.4994,rolling,0.2000,forward,1180.000,952,decreasing,1210.000,1415.639,1142,0,1783739770.686287165,0.020284,0.024066,0.983033,0.012777,,,,,0.189331,0.121740,-0.098632,0.938,1.015
3,5,31.5210,rolling,0.2000,forward,1180.000,952,decreasing,1210.000,1415.639,1142,0,1783739770.686287165,0.020284,0.024066,0.983033,0.012777,,,,,0.189331,0.121740,-0.098632,0.939,1.014
3,5,31.5235,rolling,0.2000,forward,1180.000,952,decreasing,1210.000,1412.539,1139,1,1783739770.786856890,0.020208,0.022576,0.982414,0.006397,-0.0012816,-0.0006188,0.4828602,0.1332003,0.190613,0.121740,-0.098632,0.939,1.014
3,5,31.5410,rolling,0.2000,forward,1180.000,952,decreasing,1210.000,1412.539,1139,0,1783739770.786856890,0.020208,0.022576,0.982414,0.006397,,,,,0.190613,0.121740,-0.098632,0.939,1.014
3,5,31.5626,rolling,0.2000,forward,1180.000,952,decreasing,1210.000,1412.539,1139,0,1783739770.786856890,0.020208,0.022576,0.982414,0.006397,,,,,0.190613,0.121740,-0.098632,0.939,1.014
3,5,31.5841,rolling,0.2000,forward,1180.000,952,decreasing,1210.000,1412.539,1139,0,1783739770.786856890,0.020208,0.022576,0.982414,0.006397,,,,,0.190613,0.121740,-0.098632,0.939,1.014
3,5,31.6056,rolling,0.2000,forward,1180.000,952,decreasing,1210.000,1412.539,1139,0,1783739770.786856890,0.020208,0.022576,0.982414,0.006397,,,,,0.190613,0.121740,-0.098632,0.939,1.014
3,5,31.6230,rolling,0.2000,forward,1180.000,952,decreasing,1210.000,1409.439,1137,1,1783739770.887228012,0.019621,0.022413,0.982431,0.003649,-0.0004613,0.0000167,-0.0362843,-0.0100685,0.191074,0.121740,-0.098632,0.939,1.014
3,5,31.6298,rolling,0.2000,forward,1180.000,952,decreasing,1210.000,1409.439,1137,0,1783739770.887228012,0.019621,0.022413,0.982431,0.003649,,,,,0.191074,0.121740,-0.098632,0.939,1.014
3,5,31.6515,rolling,0.2000,forward,1180.000,952,decreasing,1210.000,1409.439,1137,0,1783739770.887228012,0.019621,0.022413,0.982431,0.003649,,,,,0.191074,0.121740,-0.098632,0.939,1.014
3,5,31.6731,rolling,0.2000,forward,1180.000,952,decreasing,1210.000,1409.439,1137,0,1783739770.887228012,0.019621,0.022413,0.982431,0.003649,,,,,0.191074,0.121740,-0.098632,0.939,1.014
3,5,31.6946,rolling,0.2000,forward,1180.000,952,decreasing,1210.000,1409.439,1137,0,1783739770.887228012,0.019621,0.022413,0.982431,0.003649,,,,,0.191074,0.121740,-0.098632,0.939,1.014
3,5,31.7161,rolling,0.2000,forward,1180.000,952,decreasing,1210.000,1409.439,1137,0,1783739770.887228012,0.019621,0.022413,0.982431,0.003649,,,,,0.191074,0.121740,-0.098632,0.940,1.014
3,5,31.7233,rolling,0.2000,forward,1180.000,952,decreasing,1210.000,1406.339,1134,1,1783739770.987735748,0.020373,0.023875,0.983309,0.006799,0.0016333,0.0008787,0.5379843,0.1481961,0.192707,0.121740,-0.098632,0.940,1.014
3,5,31.7358,rolling,0.2000,forward,1180.000,952,decreasing,1210.000,1406.339,1134,0,1783739770.987735748,0.020373,0.023875,0.983309,0.006799,,,,,0.192707,0.121740,-0.098632,0.940,1.014
3,5,31.7575,rolling,0.2000,forward,1180.000,952,decreasing,1210.000,1406.339,1134,0,1783739770.987735748,0.020373,0.023875,0.983309,0.006799,,,,,0.192707,0.121740,-0.098632,0.940,1.014
3,5,31.7790,rolling,0.2000,forward,1180.000,952,decreasing,1210.000,1406.339,1134,0,1783739770.987735748,0.020373,0.023875,0.983309,0.006799,,,,,0.192707,0.121740,-0.098632,0.940,1.014
3,5,31.8006,rolling,0.2000,forward,1180.000,952,decreasing,1210.000,1406.339,1134,0,1783739770.987735748,0.020373,0.023875,0.983309,0.006799,,,,,0.192707,0.121740,-0.098632,0.941,1.013
3,5,31.8215,rolling,0.2000,forward,1180.000,952,decreasing,1210.000,1403.239,1132,1,1783739771.088204861,0.019952,0.026833,0.982399,0.010642,0.0022275,-0.0009101,-0.4085853,-0.1129003,0.194935,0.121740,-0.098632,0.941,1.013
3,5,31.8394,rolling,0.2000,forward,1180.000,952,decreasing,1210.000,1403.239,1132,0,1783739771.088204861,0.019952,0.026833,0.982399,0.010642,,,,,0.194935,0.121740,-0.098632,0.941,1.013
3,5,31.8610,rolling,0.2000,forward,1180.000,952,decreasing,1210.000,1403.239,1132,0,1783739771.088204861,0.019952,0.026833,0.982399,0.010642,,,,,0.194935,0.121740,-0.098632,0.941,1.013
3,5,31.8826,rolling,0.2000,forward,1180.000,952,decreasing,1210.000,1403.239,1132,0,1783739771.088204861,0.019952,0.026833,0.982399,0.010642,,,,,0.194935,0.121740,-0.098632,0.941,1.013
3,5,31.9043,rolling,0.2000,forward,1180.000,952,decreasing,1210.000,1403.239,1132,0,1783739771.088204861,0.019952,0.026833,0.982399,0.010642,,,,,0.194935,0.121740,-0.098632,0.945,1.009
3,5,31.9219,rolling,0.2000,forward,1180.000,952,decreasing,1210.000,1400.139,1129,1,1783739771.186365366,0.025166,0.028113,0.980677,0.018073,0.0039622,-0.0017223,-0.4346800,-0.1200437,0.198897,0.121740,-0.098632,0.945,1.009
3,5,31.9367,rolling,0.2000,forward,1180.000,952,decreasing,1210.000,1400.139,1129,0,1783739771.186365366,0.025166,0.028113,0.980677,0.018073,,,,,0.198897,0.121740,-0.098632,0.945,1.009
3,5,31.9584,rolling,0.2000,forward,1180.000,952,decreasing,1210.000,1400.139,1129,0,1783739771.186365366,0.025166,0.028113,0.980677,0.018073,,,,,0.198897,0.121740,-0.098632,0.945,1.009
3,5,31.9800,rolling,0.2000,forward,1180.000,952,decreasing,1210.000,1400.139,1129,0,1783739771.186365366,0.025166,0.028113,0.980677,0.018073,,,,,0.198897,0.121740,-0.098632,0.945,1.009
3,5,32.0016,rolling,0.2000,forward,1180.000,952,decreasing,1210.000,1400.139,1129,0,1783739771.186365366,0.025166,0.028113,0.980677,0.018073,,,,,0.198897,0.121740,-0.098632,0.953,1.003
3,5,32.0226,rolling,0.2000,forward,1180.000,952,decreasing,1210.000,1397.039,1127,1,1783739771.286828995,0.031615,0.034636,0.976927,0.035980,0.0090117,-0.0037502,-0.4161490,-0.1149721,0.207909,0.121740,-0.098632,0.953,1.003
3,5,32.0379,rolling,0.2000,forward,1180.000,952,decreasing,1210.000,1397.039,1127,0,1783739771.286828995,0.031615,0.034636,0.976927,0.035980,,,,,0.207909,0.121740,-0.098632,0.953,1.003
3,5,32.0596,rolling,0.2000,forward,1180.000,952,decreasing,1210.000,1397.039,1127,0,1783739771.286828995,0.031615,0.034636,0.976927,0.035980,,,,,0.207909,0.121740,-0.098632,0.953,1.003
3,5,32.0811,rolling,0.2000,forward,1180.000,952,decreasing,1210.000,1397.039,1127,0,1783739771.286828995,0.031615,0.034636,0.976927,0.035980,,,,,0.207909,0.121740,-0.098632,0.953,1.003
3,5,32.1026,rolling,0.2000,forward,1180.000,952,decreasing,1210.000,1397.039,1127,0,1783739771.286828995,0.031615,0.034636,0.976927,0.035980,,,,,0.207909,0.121740,-0.098632,0.968,0.993
3,5,32.1232,rolling,0.2000,forward,1180.000,952,decreasing,1210.000,1419.384,1145,1,1783739771.387397289,0.044495,0.049245,0.969649,0.075023,0.0193243,-0.0072772,-0.3765809,-0.1041233,0.227233,0.121740,-0.098632,0.968,0.993
3,5,32.1397,rolling,0.2000,forward,1180.000,952,decreasing,1210.000,1419.384,1145,0,1783739771.387397289,0.044495,0.049245,0.969649,0.075023,,,,,0.227233,0.121740,-0.098632,0.968,0.993
3,5,32.1615,rolling,0.2000,forward,1180.000,952,decreasing,1210.000,1419.384,1145,0,1783739771.387397289,0.044495,0.049245,0.969649,0.075023,,,,,0.227233,0.121740,-0.098632,0.968,0.993
3,5,32.1830,rolling,0.2000,forward,1180.000,952,decreasing,1210.000,1419.384,1145,0,1783739771.387397289,0.044495,0.049245,0.969649,0.075023,,,,,0.227233,0.121740,-0.098632,0.968,0.993
3,5,32.2047,rolling,0.2000,forward,1180.000,952,decreasing,1210.000,1419.384,1145,0,1783739771.387397289,0.044495,0.049245,0.969649,0.075023,,,,,0.227233,0.121740,-0.098632,0.990,0.971
3,5,32.2237,rolling,0.2000,forward,1180.000,952,decreasing,1210.000,1417.689,1143,1,1783739771.488066196,0.055098,0.070821,0.945754,0.115240,0.0237470,-0.0238956,-1.0062590,-0.2723009,0.250980,0.121740,-0.098632,0.990,0.971
3,5,32.2427,rolling,0.2000,forward,1180.000,952,decreasing,1210.000,1417.689,1143,0,1783739771.488066196,0.055098,0.070821,0.945754,0.115240,,,,,0.250980,0.121740,-0.098632,0.990,0.971
3,5,32.2643,rolling,0.2000,forward,1180.000,952,decreasing,1210.000,1417.689,1143,0,1783739771.488066196,0.055098,0.070821,0.945754,0.115240,,,,,0.250980,0.121740,-0.098632,0.990,0.971
3,5,32.2858,rolling,0.2000,forward,1180.000,952,decreasing,1210.000,1417.689,1143,0,1783739771.488066196,0.055098,0.070821,0.945754,0.115240,,,,,0.250980,0.121740,-0.098632,0.990,0.971
3,5,32.3074,rolling,0.2000,forward,1180.000,952,decreasing,1210.000,1417.689,1143,0,1783739771.488066196,0.055098,0.070821,0.945754,0.115240,,,,,0.250980,0.121740,-0.098632,1.018,0.947
3,5,32.3241,rolling,0.2000,forward,1180.000,952,decreasing,1210.000,1418.330,1144,1,1783739771.588503361,0.065193,0.093785,0.922732,0.147331,0.0244670,-0.0230215,-0.9409218,-0.2554036,0.275447,0.146207,-0.121653,1.018,0.947
3,5,32.3346,rolling,0.2000,forward,1180.000,952,decreasing,1210.000,1418.330,1144,0,1783739771.588503361,0.065193,0.093785,0.922732,0.147331,,,,,0.275447,0.146207,-0.121653,1.018,0.947
3,5,32.3562,rolling,0.2000,forward,1180.000,952,decreasing,1210.000,1418.330,1144,0,1783739771.588503361,0.065193,0.093785,0.922732,0.147331,,,,,0.275447,0.146207,-0.121653,1.018,0.947
3,5,32.3778,rolling,0.2000,forward,1180.000,952,decreasing,1210.000,1418.330,1144,0,1783739771.588503361,0.065193,0.093785,0.922732,0.147331,,,,,0.275447,0.146207,-0.121653,1.018,0.947
3,5,32.3993,rolling,0.2000,forward,1180.000,952,decreasing,1210.000,1418.330,1144,0,1783739771.588503361,0.065193,0.093785,0.922732,0.147331,,,,,0.275447,0.146207,-0.121653,1.018,0.947
3,5,32.4209,rolling,0.2000,forward,1180.000,952,decreasing,1210.000,1418.330,1144,0,1783739771.588503361,0.065193,0.093785,0.922732,0.147331,,,,,0.275447,0.146207,-0.121653,1.035,0.925
3,5,32.4245,rolling,0.2000,forward,1180.000,952,decreasing,1210.000,1418.330,1144,0,1783739771.588503361,0.065193,0.093785,0.922732,0.147331,,,,,0.275447,0.146207,-0.121653,1.035,0.925
3,5,32.4465,rolling,0.2000,forward,1180.000,952,decreasing,1210.000,1418.468,1144,1,1783739771.689044952,0.078992,0.105359,0.907594,0.154229,0.0175869,-0.0151378,-0.8607449,-0.2344637,0.293034,0.163793,-0.136791,1.035,0.925
3,5,32.4489,rolling,0.2000,forward,1180.000,952,decreasing,1210.000,1418.468,1144,0,1783739771.689044952,0.078992,0.105359,0.907594,0.154229,,,,,0.293034,0.163793,-0.136791,1.035,0.925
3,5,32.4705,rolling,0.2000,forward,1180.000,952,decreasing,1210.000,1418.468,1144,0,1783739771.689044952,0.078992,0.105359,0.907594,0.154229,,,,,0.293034,0.163793,-0.136791,1.035,0.925
3,5,32.4920,rolling,0.2000,forward,1180.000,952,decreasing,1210.000,1418.468,1144,0,1783739771.689044952,0.078992,0.105359,0.907594,0.154229,,,,,0.293034,0.163793,-0.136791,1.035,0.925
3,5,32.5135,rolling,0.2000,forward,1180.000,952,decreasing,1210.000,1418.468,1144,0,1783739771.689044952,0.078992,0.105359,0.907594,0.154229,,,,,0.293034,0.163793,-0.136791,1.055,0.905
3,5,32.5228,rolling,0.2000,forward,1180.000,952,decreasing,1210.000,1418.457,1144,1,1783739771.789448023,0.086615,0.118791,0.893578,0.153673,0.0152619,-0.0140167,-0.9184133,-0.2495472,0.308296,0.179055,-0.150808,1.055,0.905
3,5,32.5396,rolling,0.2000,forward,1180.000,952,decreasing,1210.000,1418.457,1144,0,1783739771.789448023,0.086615,0.118791,0.893578,0.153673,,,,,0.308296,0.179055,-0.150808,1.055,0.905
3,5,32.5613,rolling,0.2000,forward,1180.000,952,decreasing,1210.000,1418.457,1144,0,1783739771.789448023,0.086615,0.118791,0.893578,0.153673,,,,,0.308296,0.179055,-0.150808,1.055,0.905
3,5,32.5828,rolling,0.2000,forward,1180.000,952,decreasing,1210.000,1418.457,1144,0,1783739771.789448023,0.086615,0.118791,0.893578,0.153673,,,,,0.308296,0.179055,-0.150808,1.055,0.905
3,5,32.6043,rolling,0.2000,forward,1180.000,952,decreasing,1210.000,1418.457,1144,0,1783739771.789448023,0.086615,0.118791,0.893578,0.153673,,,,,0.308296,0.179055,-0.150808,1.066,0.889
3,5,32.6230,rolling,0.2000,forward,1180.000,952,decreasing,1210.000,1418.457,1144,0,1783739771.789448023,0.086615,0.118791,0.893578,0.153673,,,,,0.308296,0.179055,-0.150808,1.066,0.889
3,5,32.6448,rolling,0.2000,forward,1180.000,952,decreasing,1210.000,1418.302,1144,1,1783739771.887690544,0.093001,0.129136,0.883427,0.145934,0.0120558,-0.0101506,-0.8419647,-0.2295277,0.320351,0.191111,-0.160959,1.066,0.889
3,5,32.6467,rolling,0.2000,forward,1180.000,952,decreasing,1210.000,1418.302,1144,0,1783739771.887690544,0.093001,0.129136,0.883427,0.145934,,,,,0.320351,0.191111,-0.160959,1.066,0.889
3,5,32.6684,rolling,0.2000,forward,1180.000,952,decreasing,1210.000,1418.302,1144,0,1783739771.887690544,0.093001,0.129136,0.883427,0.145934,,,,,0.320351,0.191111,-0.160959,1.066,0.889
3,5,32.6901,rolling,0.2000,forward,1180.000,952,decreasing,1210.000,1418.302,1144,0,1783739771.887690544,0.093001,0.129136,0.883427,0.145934,,,,,0.320351,0.191111,-0.160959,1.066,0.889
3,5,32.7117,rolling,0.2000,forward,1180.000,952,decreasing,1210.000,1418.302,1144,0,1783739771.887690544,0.093001,0.129136,0.883427,0.145934,,,,,0.320351,0.191111,-0.160959,1.073,0.881
3,5,32.7236,rolling,0.2000,forward,1180.000,952,decreasing,1210.000,1417.926,1143,1,1783739771.987899303,0.096771,0.135197,0.874033,0.127094,0.0070721,-0.0093939,-1.3282959,-0.3531498,0.327424,0.198183,-0.170352,1.073,0.881
3,5,32.7420,rolling,0.2000,forward,1180.000,952,decreasing,1210.000,1417.926,1143,0,1783739771.987899303,0.096771,0.135197,0.874033,0.127094,,,,,0.327424,0.198183,-0.170352,1.073,0.881
3,5,32.7636,rolling,0.2000,forward,1180.000,952,decreasing,1210.000,1417.926,1143,0,1783739771.987899303,0.096771,0.135197,0.874033,0.127094,,,,,0.327424,0.198183,-0.170352,1.073,0.881
3,5,32.7851,rolling,0.2000,forward,1180.000,952,decreasing,1210.000,1417.926,1143,0,1783739771.987899303,0.096771,0.135197,0.874033,0.127094,,,,,0.327424,0.198183,-0.170352,1.073,0.881
3,5,32.8066,rolling,0.2000,forward,1180.000,952,decreasing,1210.000,1417.926,1143,0,1783739771.987899303,0.096771,0.135197,0.874033,0.127094,,,,,0.327424,0.198183,-0.170352,1.077,0.878
3,5,32.8243,rolling,0.2000,forward,1180.000,952,decreasing,1210.000,1417.292,1143,1,1783739772.088440418,0.097470,0.134663,0.873969,0.095419,0.0000397,-0.0000640,-1.6143242,-0.4211686,0.327463,0.198183,-0.170352,1.077,0.878
3,5,32.8445,rolling,0.2000,forward,1180.000,952,decreasing,1210.000,1417.292,1143,0,1783739772.088440418,0.097470,0.134663,0.873969,0.095419,,,,,0.327463,0.198183,-0.170352,1.077,0.878
3,5,32.8662,rolling,0.2000,forward,1180.000,952,decreasing,1210.000,1417.292,1143,0,1783739772.088440418,0.097470,0.134663,0.873969,0.095419,,,,,0.327463,0.198183,-0.170352,1.077,0.878
3,5,32.8877,rolling,0.2000,forward,1180.000,952,decreasing,1210.000,1417.292,1143,0,1783739772.088440418,0.097470,0.134663,0.873969,0.095419,,,,,0.327463,0.198183,-0.170352,1.077,0.878
3,5,32.9092,rolling,0.2000,forward,1180.000,952,decreasing,1210.000,1417.292,1143,0,1783739772.088440418,0.097470,0.134663,0.873969,0.095419,,,,,0.327463,0.198183,-0.170352,1.075,0.876
3,5,32.9224,rolling,0.2000,forward,1180.000,952,decreasing,1210.000,1416.798,1143,1,1783739772.189047813,0.097893,0.133863,0.874244,0.070713,-0.0003427,0.0002747,-0.8015170,-0.2188583,0.327806,0.198183,-0.170352,1.075,0.876
3,5,32.9345,rolling,0.2000,forward,1180.000,952,decreasing,1210.000,1416.798,1143,0,1783739772.189047813,0.097893,0.133863,0.874244,0.070713,,,,,0.327806,0.198183,-0.170352,1.075,0.876
3,5,32.9561,rolling,0.2000,forward,1180.000,952,decreasing,1210.000,1416.798,1143,0,1783739772.189047813,0.097893,0.133863,0.874244,0.070713,,,,,0.327806,0.198183,-0.170352,1.075,0.876
3,5,32.9777,rolling,0.2000,forward,1180.000,952,decreasing,1210.000,1416.798,1143,0,1783739772.189047813,0.097893,0.133863,0.874244,0.070713,,,,,0.327806,0.198183,-0.170352,1.075,0.876
3,5,32.9992,rolling,0.2000,forward,1180.000,952,decreasing,1210.000,1416.798,1143,0,1783739772.189047813,0.097893,0.133863,0.874244,0.070713,,,,,0.327806,0.198183,-0.170352,1.075,0.876
3,5,33.0207,rolling,0.2000,forward,1180.000,952,decreasing,1210.000,1416.798,1143,0,1783739772.189047813,0.097893,0.133863,0.874244,0.070713,,,,,0.327806,0.198183,-0.170352,1.076,0.877
3,5,33.0232,rolling,0.2000,forward,1180.000,952,decreasing,1210.000,1416.432,1142,1,1783739772.287302494,0.096074,0.135077,0.874446,0.052435,-0.0002355,0.0002018,-0.8569870,-0.2334769,0.328041,0.198183,-0.170352,1.076,0.877
3,5,33.0416,rolling,0.2000,forward,1180.000,952,decreasing,1210.000,1416.432,1142,0,1783739772.287302494,0.096074,0.135077,0.874446,0.052435,,,,,0.328041,0.198183,-0.170352,1.076,0.877
3,5,33.0632,rolling,0.2000,forward,1180.000,952,decreasing,1210.000,1416.432,1142,0,1783739772.287302494,0.096074,0.135077,0.874446,0.052435,,,,,0.328041,0.198183,-0.170352,1.076,0.877
3,5,33.0848,rolling,0.2000,forward,1180.000,952,decreasing,1210.000,1416.432,1142,0,1783739772.287302494,0.096074,0.135077,0.874446,0.052435,,,,,0.328041,0.198183,-0.170352,1.076,0.877
3,5,33.1063,rolling,0.2000,forward,1180.000,952,decreasing,1210.000,1416.432,1142,0,1783739772.287302494,0.096074,0.135077,0.874446,0.052435,,,,,0.328041,0.198183,-0.170352,1.076,0.877
3,5,33.1238,rolling,0.2000,forward,1180.000,952,decreasing,1210.000,1416.222,1142,1,1783739772.387875319,0.097906,0.134896,0.874433,0.041903,0.0010366,-0.0000125,-0.0120802,-0.0033522,0.329078,0.198183,-0.170352,1.076,0.877
3,5,33.1330,rolling,0.2000,forward,1180.000,952,decreasing,1210.000,1416.222,1142,0,1783739772.387875319,0.097906,0.134896,0.874433,0.041903,,,,,0.329078,0.198183,-0.170352,1.076,0.877
3,5,33.1546,rolling,0.2000,forward,1180.000,952,decreasing,1210.000,1416.222,1142,0,1783739772.387875319,0.097906,0.134896,0.874433,0.041903,,,,,0.329078,0.198183,-0.170352,1.076,0.877
3,5,33.1762,rolling,0.2000,forward,1180.000,952,decreasing,1210.000,1416.222,1142,0,1783739772.387875319,0.097906,0.134896,0.874433,0.041903,,,,,0.329078,0.198183,-0.170352,1.076,0.877
3,5,33.1977,rolling,0.2000,forward,1180.000,952,decreasing,1210.000,1416.222,1142,0,1783739772.387875319,0.097906,0.134896,0.874433,0.041903,,,,,0.329078,0.198183,-0.170352,1.076,0.877
3,5,33.2192,rolling,0.2000,forward,1180.000,952,decreasing,1210.000,1416.222,1142,0,1783739772.387875319,0.097906,0.134896,0.874433,0.041903,,,,,0.329078,0.198183,-0.170352,1.075,0.876
3,5,33.2241,rolling,0.2000,forward,1180.000,952,decreasing,1210.000,1416.024,1142,1,1783739772.488405704,0.098385,0.134803,0.874384,0.032014,0.0002358,-0.0000487,-0.2066758,-0.0572898,0.329314,0.198183,-0.170352,1.075,0.876
3,5,33.2350,rolling,0.2000,forward,1180.000,952,decreasing,1210.000,1416.024,1142,0,1783739772.488405704,0.098385,0.134803,0.874384,0.032014,,,,,0.329314,0.198183,-0.170352,1.075,0.876
3,5,33.2567,rolling,0.2000,forward,1180.000,952,decreasing,1210.000,1416.024,1142,0,1783739772.488405704,0.098385,0.134803,0.874384,0.032014,,,,,0.329314,0.198183,-0.170352,1.075,0.876
3,5,33.2786,rolling,0.2000,forward,1180.000,952,decreasing,1210.000,1416.024,1142,0,1783739772.488405704,0.098385,0.134803,0.874384,0.032014,,,,,0.329314,0.198183,-0.170352,1.075,0.876
3,5,33.3003,rolling,0.2000,forward,1180.000,952,decreasing,1210.000,1416.024,1142,0,1783739772.488405704,0.098385,0.134803,0.874384,0.032014,,,,,0.329314,0.198183,-0.170352,1.075,0.876
3,5,33.3219,rolling,0.2000,forward,1180.000,952,decreasing,1210.000,1416.024,1142,0,1783739772.488405704,0.098385,0.134803,0.874384,0.032014,,,,,0.329314,0.198183,-0.170352,1.076,0.877
3,5,33.3246,rolling,0.2000,forward,1180.000,952,decreasing,1210.000,1416.024,1142,0,1783739772.488405704,0.098385,0.134803,0.874384,0.032014,,,,,0.329314,0.198183,-0.170352,1.076,0.877
3,5,33.3464,rolling,0.2000,forward,1180.000,952,decreasing,1210.000,1415.778,1142,1,1783739772.588949442,0.093702,0.136462,0.872341,0.019694,-0.0017361,-0.0020433,1.1769614,0.3156845,0.331050,0.198183,-0.170352,1.076,0.877
3,5,33.3483,rolling,0.2000,forward,1180.000,952,decreasing,1210.000,1415.778,1142,0,1783739772.588949442,0.093702,0.136462,0.872341,0.019694,,,,,0.331050,0.198183,-0.170352,1.076,0.877
3,5,33.3698,rolling,0.2000,forward,1180.000,952,decreasing,1210.000,1415.778,1142,0,1783739772.588949442,0.093702,0.136462,0.872341,0.019694,,,,,0.331050,0.198183,-0.170352,1.076,0.877
3,5,33.3914,rolling,0.2000,forward,1180.000,952,decreasing,1210.000,1415.778,1142,0,1783739772.588949442,0.093702,0.136462,0.872341,0.019694,,,,,0.331050,0.198183,-0.170352,1.076,0.877
3,5,33.4130,rolling,0.2000,forward,1180.000,952,decreasing,1210.000,1415.778,1142,0,1783739772.588949442,0.093702,0.136462,0.872341,0.019694,,,,,0.331050,0.198183,-0.170352,1.074,0.877
3,5,33.4249,rolling,0.2000,forward,1180.000,952,decreasing,1210.000,1415.740,1142,1,1783739772.689295769,0.094523,0.137370,0.870658,0.017818,0.0012234,-0.0016833,-1.3758872,-0.3647265,0.332273,0.198183,-0.170352,1.074,0.877
3,5,33.4361,rolling,0.2000,forward,1180.000,952,decreasing,1210.000,1415.740,1142,0,1783739772.689295769,0.094523,0.137370,0.870658,0.017818,,,,,0.332273,0.198183,-0.170352,1.074,0.877
3,5,33.4578,rolling,0.2000,forward,1180.000,952,decreasing,1210.000,1415.740,1142,0,1783739772.689295769,0.094523,0.137370,0.870658,0.017818,,,,,0.332273,0.198183,-0.170352,1.074,0.877
3,5,33.4794,rolling,0.2000,forward,1180.000,952,decreasing,1210.000,1415.740,1142,0,1783739772.689295769,0.094523,0.137370,0.870658,0.017818,,,,,0.332273,0.198183,-0.170352,1.074,0.877
3,5,33.5010,rolling,0.2000,forward,1180.000,952,decreasing,1210.000,1415.740,1142,0,1783739772.689295769,0.094523,0.137370,0.870658,0.017818,,,,,0.332273,0.198183,-0.170352,1.074,0.877
3,5,33.5226,rolling,0.2000,forward,1180.000,952,decreasing,1210.000,1415.740,1142,0,1783739772.689295769,0.094523,0.137370,0.870658,0.017818,,,,,0.332273,0.198183,-0.170352,1.076,0.877
3,5,33.5254,rolling,0.2000,forward,1180.000,952,decreasing,1210.000,1415.797,1142,1,1783739772.789727211,0.096309,0.139712,0.870643,0.020686,0.0029415,-0.0000154,-0.0052257,-0.0014501,0.335215,0.198183,-0.170352,1.076,0.877
3,5,33.5371,rolling,0.2000,forward,1180.000,952,decreasing,1210.000,1415.797,1142,0,1783739772.789727211,0.096309,0.139712,0.870643,0.020686,,,,,0.335215,0.198183,-0.170352,1.076,0.877
3,5,33.5587,rolling,0.2000,forward,1180.000,952,decreasing,1210.000,1415.797,1142,0,1783739772.789727211,0.096309,0.139712,0.870643,0.020686,,,,,0.335215,0.198183,-0.170352,1.076,0.877
3,5,33.5803,rolling,0.2000,forward,1180.000,952,decreasing,1210.000,1415.797,1142,0,1783739772.789727211,0.096309,0.139712,0.870643,0.020686,,,,,0.335215,0.198183,-0.170352,1.076,0.877
3,5,33.6018,rolling,0.2000,forward,1180.000,952,decreasing,1210.000,1415.797,1142,0,1783739772.789727211,0.096309,0.139712,0.870643,0.020686,,,,,0.335215,0.198183,-0.170352,1.076,0.876
3,5,33.6237,rolling,0.2000,forward,1180.000,952,decreasing,1210.000,1415.797,1142,0,1783739772.789727211,0.096309,0.139712,0.870643,0.020686,,,,,0.335215,0.198183,-0.170352,1.076,0.876
3,5,33.6455,rolling,0.2000,forward,1180.000,952,decreasing,1210.000,1415.481,1142,1,1783739772.890350342,0.095626,0.134685,0.871478,0.004868,-0.0042853,0.0008358,-0.1950400,-0.0540708,0.339500,0.198183,-0.170352,1.076,0.876
3,5,33.6473,rolling,0.2000,forward,1180.000,952,decreasing,1210.000,1415.481,1142,0,1783739772.890350342,0.095626,0.134685,0.871478,0.004868,,,,,0.339500,0.198183,-0.170352,1.076,0.876
3,5,33.6689,rolling,0.2000,forward,1180.000,952,decreasing,1210.000,1415.481,1142,0,1783739772.890350342,0.095626,0.134685,0.871478,0.004868,,,,,0.339500,0.198183,-0.170352,1.076,0.876
3,5,33.6904,rolling,0.2000,forward,1180.000,952,decreasing,1210.000,1415.481,1142,0,1783739772.890350342,0.095626,0.134685,0.871478,0.004868,,,,,0.339500,0.198183,-0.170352,1.076,0.876
3,5,33.7120,rolling,0.2000,forward,1180.000,952,decreasing,1210.000,1415.481,1142,0,1783739772.890350342,0.095626,0.134685,0.871478,0.004868,,,,,0.339500,0.198183,-0.170352,1.074,0.877
3,5,33.7242,rolling,0.2000,forward,1180.000,952,decreasing,1210.000,1415.469,1142,1,1783739772.988570929,0.095548,0.135058,0.873668,0.004250,0.0002356,0.0021892,9.2933704,1.2008854,0.339736,0.198183,-0.170352,1.074,0.877
3,5,33.7372,rolling,0.2000,forward,1180.000,952,decreasing,1210.000,1415.469,1142,0,1783739772.988570929,0.095548,0.135058,0.873668,0.004250,,,,,0.339736,0.198183,-0.170352,1.074,0.877
3,5,33.7588,rolling,0.2000,forward,1180.000,952,decreasing,1210.000,1415.469,1142,0,1783739772.988570929,0.095548,0.135058,0.873668,0.004250,,,,,0.339736,0.198183,-0.170352,1.074,0.877
3,5,33.7803,rolling,0.2000,forward,1180.000,952,decreasing,1210.000,1415.469,1142,0,1783739772.988570929,0.095548,0.135058,0.873668,0.004250,,,,,0.339736,0.198183,-0.170352,1.074,0.877
3,5,33.8018,rolling,0.2000,forward,1180.000,952,decreasing,1210.000,1415.469,1142,0,1783739772.988570929,0.095548,0.135058,0.873668,0.004250,,,,,0.339736,0.198183,-0.170352,1.074,0.877
3,5,33.8233,rolling,0.2000,forward,1180.000,952,decreasing,1210.000,1415.469,1142,0,1783739772.988570929,0.095548,0.135058,0.873668,0.004250,,,,,0.339736,0.198183,-0.170352,1.075,0.877
3,5,33.8258,rolling,0.2000,forward,1180.000,952,decreasing,1210.000,1415.511,1142,1,1783739773.089097261,0.097425,0.135145,0.875514,0.006347,0.0012704,0.0018467,1.4536720,0.3834288,0.341006,0.198183,-0.170352,1.075,0.877
3,5,33.8373,rolling,0.2000,forward,1180.000,952,decreasing,1210.000,1415.511,1142,0,1783739773.089097261,0.097425,0.135145,0.875514,0.006347,,,,,0.341006,0.198183,-0.170352,1.075,0.877
3,5,33.8590,rolling,0.2000,forward,1180.000,952,decreasing,1210.000,1415.511,1142,0,1783739773.089097261,0.097425,0.135145,0.875514,0.006347,,,,,0.341006,0.198183,-0.170352,1.075,0.877
3,5,33.8805,rolling,0.2000,forward,1180.000,952,decreasing,1210.000,1415.511,1142,0,1783739773.089097261,0.097425,0.135145,0.875514,0.006347,,,,,0.341006,0.198183,-0.170352,1.075,0.877
3,5,33.9021,rolling,0.2000,forward,1180.000,952,decreasing,1210.000,1415.511,1142,0,1783739773.089097261,0.097425,0.135145,0.875514,0.006347,,,,,0.341006,0.198183,-0.170352,1.077,0.877
3,5,33.9229,rolling,0.2000,forward,1180.000,952,decreasing,1210.000,1412.411,1139,1,1783739773.189568758,0.098202,0.134402,0.877111,0.004576,-0.0000739,0.0015964,-21.6121073,-1.4055763,0.341080,0.198183,-0.170352,1.077,0.877
3,5,33.9309,rolling,0.2000,forward,1180.000,952,decreasing,1210.000,1412.411,1139,0,1783739773.189568758,0.098202,0.134402,0.877111,0.004576,,,,,0.341080,0.198183,-0.170352,1.077,0.877
3,5,33.9526,rolling,0.2000,forward,1180.000,952,decreasing,1210.000,1412.411,1139,0,1783739773.189568758,0.098202,0.134402,0.877111,0.004576,,,,,0.341080,0.198183,-0.170352,1.077,0.877
3,5,33.9741,rolling,0.2000,forward,1180.000,952,decreasing,1210.000,1412.411,1139,0,1783739773.189568758,0.098202,0.134402,0.877111,0.004576,,,,,0.341080,0.198183,-0.170352,1.077,0.877
3,5,33.9956,rolling,0.2000,forward,1180.000,952,decreasing,1210.000,1412.411,1139,0,1783739773.189568758,0.098202,0.134402,0.877111,0.004576,,,,,0.341080,0.198183,-0.170352,1.077,0.877
3,5,34.0171,rolling,0.2000,forward,1180.000,952,decreasing,1210.000,1412.411,1139,0,1783739773.189568758,0.098202,0.134402,0.877111,0.004576,,,,,0.341080,0.198183,-0.170352,1.077,0.877
3,5,34.0203,rolling,0.2000,forward,1180.000,952,decreasing,1210.000,1409.311,1137,1,1783739773.287407398,0.098350,0.134006,0.878119,0.002895,-0.0002104,0.0010086,-4.7943581,-0.9262501,0.341290,0.198183,-0.170352,1.077,0.877
3,5,34.0323,rolling,0.2000,forward,1180.000,952,decreasing,1210.000,1409.311,1137,0,1783739773.287407398,0.098350,0.134006,0.878119,0.002895,,,,,0.341290,0.198183,-0.170352,1.077,0.877
3,5,34.0539,rolling,0.2000,forward,1180.000,952,decreasing,1210.000,1409.311,1137,0,1783739773.287407398,0.098350,0.134006,0.878119,0.002895,,,,,0.341290,0.198183,-0.170352,1.077,0.877
3,5,34.0754,rolling,0.2000,forward,1180.000,952,decreasing,1210.000,1409.311,1137,0,1783739773.287407398,0.098350,0.134006,0.878119,0.002895,,,,,0.341290,0.198183,-0.170352,1.077,0.877
3,5,34.0969,rolling,0.2000,forward,1180.000,952,decreasing,1210.000,1409.311,1137,0,1783739773.287407398,0.098350,0.134006,0.878119,0.002895,,,,,0.341290,0.198183,-0.170352,1.077,0.877
3,5,34.1184,rolling,0.2000,forward,1180.000,952,decreasing,1210.000,1409.311,1137,0,1783739773.287407398,0.098350,0.134006,0.878119,0.002895,,,,,0.341290,0.198183,-0.170352,1.077,0.876
3,5,34.1209,rolling,0.2000,forward,1180.000,952,decreasing,1210.000,1406.211,1134,1,1783739773.385234118,0.098943,0.133988,0.877881,0.003105,0.0003656,-0.0002379,-0.6506328,-0.1786262,0.341656,0.198183,-0.170352,1.077,0.876
3,5,34.1366,rolling,0.2000,forward,1180.000,952,decreasing,1210.000,1406.211,1134,0,1783739773.385234118,0.098943,0.133988,0.877881,0.003105,,,,,0.341656,0.198183,-0.170352,1.077,0.876
3,5,34.1583,rolling,0.2000,forward,1180.000,952,decreasing,1210.000,1406.211,1134,0,1783739773.385234118,0.098943,0.133988,0.877881,0.003105,,,,,0.341656,0.198183,-0.170352,1.077,0.876
3,5,34.1799,rolling,0.2000,forward,1180.000,952,decreasing,1210.000,1406.211,1134,0,1783739773.385234118,0.098943,0.133988,0.877881,0.003105,,,,,0.341656,0.198183,-0.170352,1.077,0.876
3,5,34.2014,rolling,0.2000,forward,1180.000,952,decreasing,1210.000,1406.211,1134,0,1783739773.385234118,0.098943,0.133988,0.877881,0.003105,,,,,0.341656,0.198183,-0.170352,1.078,0.876
3,5,34.2192,rolling,0.2000,forward,1180.000,952,decreasing,1210.000,1403.111,1132,1,1783739773.485849857,0.098795,0.137571,0.874871,0.008933,0.0026580,-0.0030104,-1.1325824,-0.3045163,0.344314,0.198183,-0.170352,1.078,0.876
3,5,34.2379,rolling,0.2000,forward,1180.000,952,decreasing,1210.000,1403.111,1132,0,1783739773.485849857,0.098795,0.137571,0.874871,0.008933,,,,,0.344314,0.198183,-0.170352,1.078,0.876
3,5,34.2595,rolling,0.2000,forward,1180.000,952,decreasing,1210.000,1403.111,1132,0,1783739773.485849857,0.098795,0.137571,0.874871,0.008933,,,,,0.344314,0.198183,-0.170352,1.078,0.876
3,5,34.2810,rolling,0.2000,forward,1180.000,952,decreasing,1210.000,1403.111,1132,0,1783739773.485849857,0.098795,0.137571,0.874871,0.008933,,,,,0.344314,0.198183,-0.170352,1.078,0.876
3,5,34.3025,rolling,0.2000,forward,1180.000,952,decreasing,1210.000,1403.111,1132,0,1783739773.485849857,0.098795,0.137571,0.874871,0.008933,,,,,0.344314,0.198183,-0.170352,1.084,0.874
3,5,34.3198,rolling,0.2000,forward,1180.000,952,decreasing,1210.000,1400.011,1129,1,1783739773.584029436,0.102803,0.141331,0.868810,0.020597,0.0054575,-0.0060607,-1.1105190,-0.2989343,0.349771,0.198183,-0.170352,1.084,0.874
3,5,34.3416,rolling,0.2000,forward,1180.000,952,decreasing,1210.000,1400.011,1129,0,1783739773.584029436,0.102803,0.141331,0.868810,0.020597,,,,,0.349771,0.198183,-0.170352,1.084,0.874
3,5,34.3429,rolling,0.2000,forward,1180.000,952,decreasing,1210.000,1400.011,1129,0,1783739773.584029436,0.102803,0.141331,0.868810,0.020597,,,,,0.349771,0.198183,-0.170352,1.084,0.874
3,5,34.3646,rolling,0.2000,forward,1180.000,952,decreasing,1210.000,1400.011,1129,0,1783739773.584029436,0.102803,0.141331,0.868810,0.020597,,,,,0.349771,0.198183,-0.170352,1.084,0.874
3,5,34.3863,rolling,0.2000,forward,1180.000,952,decreasing,1210.000,1400.011,1129,0,1783739773.584029436,0.102803,0.141331,0.868810,0.020597,,,,,0.349771,0.198183,-0.170352,1.084,0.874
3,5,34.4079,rolling,0.2000,forward,1180.000,952,decreasing,1210.000,1400.011,1129,0,1783739773.584029436,0.102803,0.141331,0.868810,0.020597,,,,,0.349771,0.198183,-0.170352,1.092,0.865
3,5,34.4202,rolling,0.2000,forward,1180.000,952,decreasing,1210.000,1396.911,1127,1,1783739773.684596062,0.108532,0.149426,0.862167,0.040003,0.0098780,-0.0066429,-0.6724921,-0.1844944,0.359649,0.198183,-0.170352,1.092,0.865
3,5,34.4332,rolling,0.2000,forward,1180.000,952,decreasing,1210.000,1396.911,1127,0,1783739773.684596062,0.108532,0.149426,0.862167,0.040003,,,,,0.359649,0.198183,-0.170352,1.092,0.865
3,5,34.4549,rolling,0.2000,forward,1180.000,952,decreasing,1210.000,1396.911,1127,0,1783739773.684596062,0.108532,0.149426,0.862167,0.040003,,,,,0.359649,0.198183,-0.170352,1.092,0.865
3,5,34.4765,rolling,0.2000,forward,1180.000,952,decreasing,1210.000,1396.911,1127,0,1783739773.684596062,0.108532,0.149426,0.862167,0.040003,,,,,0.359649,0.198183,-0.170352,1.092,0.865
3,5,34.4980,rolling,0.2000,forward,1180.000,952,decreasing,1210.000,1396.911,1127,0,1783739773.684596062,0.108532,0.149426,0.862167,0.040003,,,,,0.359649,0.198183,-0.170352,1.109,0.854
3,5,34.5184,rolling,0.2000,forward,1180.000,952,decreasing,1210.000,1419.384,1145,1,1783739773.784983873,0.121422,0.160081,0.852840,0.071073,0.0164918,-0.0093270,-0.5655557,-0.1556719,0.376141,0.198183,-0.170352,1.109,0.854
3,5,34.5347,rolling,0.2000,forward,1180.000,952,decreasing,1210.000,1419.384,1145,0,1783739773.784983873,0.121422,0.160081,0.852840,0.071073,,,,,0.376141,0.198183,-0.170352,1.109,0.854
3,5,34.5564,rolling,0.2000,forward,1180.000,952,decreasing,1210.000,1419.384,1145,0,1783739773.784983873,0.121422,0.160081,0.852840,0.071073,,,,,0.376141,0.198183,-0.170352,1.109,0.854
3,5,34.5779,rolling,0.2000,forward,1180.000,952,decreasing,1210.000,1419.384,1145,0,1783739773.784983873,0.121422,0.160081,0.852840,0.071073,,,,,0.376141,0.198183,-0.170352,1.109,0.854
3,5,34.5994,rolling,0.2000,forward,1180.000,952,decreasing,1210.000,1419.384,1145,0,1783739773.784983873,0.121422,0.160081,0.852840,0.071073,,,,,0.376141,0.198183,-0.170352,1.133,0.834
3,5,34.6189,rolling,0.2000,forward,1180.000,952,decreasing,1210.000,1419.384,1145,0,1783739773.784983873,0.121422,0.160081,0.852840,0.071073,,,,,0.376141,0.198183,-0.170352,1.133,0.834
3,5,34.6407,rolling,0.2000,forward,1180.000,952,decreasing,1210.000,1417.743,1143,1,1783739773.883213520,0.138169,0.179199,0.835322,0.117986,0.0254145,-0.0175189,-0.6893268,-0.1890050,0.401556,0.198183,-0.170352,1.133,0.834
3,5,34.6429,rolling,0.2000,forward,1180.000,952,decreasing,1210.000,1417.743,1143,0,1783739773.883213520,0.138169,0.179199,0.835322,0.117986,,,,,0.401556,0.198183,-0.170352,1.133,0.834
3,5,34.6645,rolling,0.2000,forward,1180.000,952,decreasing,1210.000,1417.743,1143,0,1783739773.883213520,0.138169,0.179199,0.835322,0.117986,,,,,0.401556,0.198183,-0.170352,1.133,0.834
3,5,34.6860,rolling,0.2000,forward,1180.000,952,decreasing,1210.000,1417.743,1143,0,1783739773.883213520,0.138169,0.179199,0.835322,0.117986,,,,,0.401556,0.198183,-0.170352,1.133,0.834
3,5,34.7075,rolling,0.2000,forward,1180.000,952,decreasing,1210.000,1417.743,1143,0,1783739773.883213520,0.138169,0.179199,0.835322,0.117986,,,,,0.401556,0.198183,-0.170352,1.155,0.808
3,5,34.7195,rolling,0.2000,forward,1180.000,952,decreasing,1210.000,1418.208,1144,1,1783739773.983733177,0.151164,0.196045,0.815019,0.141197,0.0211924,-0.0203030,-0.9580318,-0.2598434,0.422748,0.219376,-0.190655,1.155,0.808
3,5,34.7342,rolling,0.2000,forward,1180.000,952,decreasing,1210.000,1418.208,1144,0,1783739773.983733177,0.151164,0.196045,0.815019,0.141197,,,,,0.422748,0.219376,-0.190655,1.155,0.808
3,5,34.7561,rolling,0.2000,forward,1180.000,952,decreasing,1210.000,1418.208,1144,0,1783739773.983733177,0.151164,0.196045,0.815019,0.141197,,,,,0.422748,0.219376,-0.190655,1.155,0.808
3,5,34.7778,rolling,0.2000,forward,1180.000,952,decreasing,1210.000,1418.208,1144,0,1783739773.983733177,0.151164,0.196045,0.815019,0.141197,,,,,0.422748,0.219376,-0.190655,1.155,0.808
3,5,34.7995,rolling,0.2000,forward,1180.000,952,decreasing,1210.000,1418.208,1144,0,1783739773.983733177,0.151164,0.196045,0.815019,0.141197,,,,,0.422748,0.219376,-0.190655,1.178,0.786
3,5,34.8199,rolling,0.2000,forward,1180.000,952,decreasing,1210.000,1418.580,1144,1,1783739774.084281206,0.162813,0.214920,0.798712,0.159824,0.0216887,-0.0163066,-0.7518487,-0.2056874,0.444437,0.241064,-0.206962,1.178,0.786
3,5,34.8361,rolling,0.2000,forward,1180.000,952,decreasing,1210.000,1418.580,1144,0,1783739774.084281206,0.162813,0.214920,0.798712,0.159824,,,,,0.444437,0.241064,-0.206962,1.178,0.786
3,5,34.8578,rolling,0.2000,forward,1180.000,952,decreasing,1210.000,1418.580,1144,0,1783739774.084281206,0.162813,0.214920,0.798712,0.159824,,,,,0.444437,0.241064,-0.206962,1.178,0.786
3,5,34.8793,rolling,0.2000,forward,1180.000,952,decreasing,1210.000,1418.580,1144,0,1783739774.084281206,0.162813,0.214920,0.798712,0.159824,,,,,0.444437,0.241064,-0.206962,1.178,0.786
3,5,34.9008,rolling,0.2000,forward,1180.000,952,decreasing,1210.000,1418.580,1144,0,1783739774.084281206,0.162813,0.214920,0.798712,0.159824,,,,,0.444437,0.241064,-0.206962,1.194,0.769
3,5,34.9203,rolling,0.2000,forward,1180.000,952,decreasing,1210.000,1418.750,1144,1,1783739774.184737444,0.176741,0.228529,0.781332,0.168321,0.0194698,-0.0173802,-0.8926788,-0.2428301,0.463907,0.260534,-0.224342,1.194,0.769
3,6,35.9360,startup,-0.2000,reverse,1180.000,952,decreasing,1210.000,1588.509,1281,0,1783739775.187308788,0.191354,0.249080,0.752111,0.006676,,,,,0.000000,0.000000,0.000000,1.228,0.725
3,6,35.9576,startup,-0.2000,reverse,1180.000,952,decreasing,1210.000,1588.509,1281,0,1783739775.187308788,0.191354,0.249080,0.752111,0.006676,,,,,0.000000,0.000000,0.000000,1.228,0.725
3,6,35.9792,startup,-0.2000,reverse,1180.000,952,decreasing,1210.000,1588.509,1281,0,1783739775.187308788,0.191354,0.249080,0.752111,0.006676,,,,,0.000000,0.000000,0.000000,1.228,0.725
3,6,36.0007,startup,-0.2000,reverse,1180.000,952,decreasing,1210.000,1588.509,1281,0,1783739775.187308788,0.191354,0.249080,0.752111,0.006676,,,,,0.000000,0.000000,0.000000,1.228,0.725
3,6,36.0212,startup,-0.2000,reverse,1180.000,952,decreasing,1210.000,1589.749,1282,1,1783739775.285141468,0.197527,0.247999,0.753171,0.014633,0.0037668,0.0010605,0.2815373,0.0779682,0.003767,0.000000,0.000000,1.228,0.725
3,6,36.0403,startup,-0.2000,reverse,1180.000,952,decreasing,1210.000,1589.749,1282,0,1783739775.285141468,0.197527,0.247999,0.753171,0.014633,,,,,0.003767,0.000000,0.000000,1.228,0.725
3,6,36.0619,startup,-0.2000,reverse,1180.000,952,decreasing,1210.000,1589.749,1282,0,1783739775.285141468,0.197527,0.247999,0.753171,0.014633,,,,,0.003767,0.000000,0.000000,1.228,0.725
3,6,36.0835,startup,-0.2000,reverse,1180.000,952,decreasing,1210.000,1589.749,1282,0,1783739775.285141468,0.197527,0.247999,0.753171,0.014633,,,,,0.003767,0.000000,0.000000,1.228,0.725
3,6,36.1050,startup,-0.2000,reverse,1180.000,952,decreasing,1210.000,1589.749,1282,0,1783739775.285141468,0.197527,0.247999,0.753171,0.014633,,,,,0.003767,0.000000,0.000000,1.226,0.725
3,6,36.1215,startup,-0.2000,reverse,1180.000,952,decreasing,1210.000,1589.749,1282,0,1783739775.285141468,0.197527,0.247999,0.753171,0.014633,,,,,0.003767,0.000000,0.000000,1.226,0.725
3,6,36.1433,startup,-0.2000,reverse,1180.000,952,decreasing,1210.000,1590.989,1283,1,1783739775.386045218,0.193655,0.249439,0.751220,0.006406,-0.0018439,-0.0019508,1.0580004,0.2855704,0.005611,0.000000,0.000000,1.226,0.725
3,6,36.1489,startup,-0.2000,reverse,1180.000,952,decreasing,1210.000,1590.989,1283,0,1783739775.386045218,0.193655,0.249439,0.751220,0.006406,,,,,0.005611,0.000000,0.000000,1.226,0.725
3,6,36.1705,startup,-0.2000,reverse,1180.000,952,decreasing,1210.000,1590.989,1283,0,1783739775.386045218,0.193655,0.249439,0.751220,0.006406,,,,,0.005611,0.000000,0.000000,1.226,0.725
3,6,36.1921,startup,-0.2000,reverse,1180.000,952,decreasing,1210.000,1590.989,1283,0,1783739775.386045218,0.193655,0.249439,0.751220,0.006406,,,,,0.005611,0.000000,0.000000,1.226,0.725
3,6,36.2136,startup,-0.2000,reverse,1180.000,952,decreasing,1210.000,1590.989,1283,0,1783739775.386045218,0.193655,0.249439,0.751220,0.006406,,,,,0.005611,0.000000,0.000000,1.220,0.730
3,6,36.2222,startup,-0.2000,reverse,1180.000,952,decreasing,1210.000,1592.229,1284,1,1783739775.486428261,0.186570,0.242418,0.755138,-0.020026,-0.0099703,0.0039173,-0.3928999,-0.1086007,0.015581,0.000000,0.000000,1.220,0.730
3,6,36.2422,startup,-0.2000,reverse,1180.000,952,decreasing,1210.000,1592.229,1284,0,1783739775.486428261,0.186570,0.242418,0.755138,-0.020026,,,,,0.015581,0.000000,0.000000,1.220,0.730
3,6,36.2638,startup,-0.2000,reverse,1180.000,952,decreasing,1210.000,1592.229,1284,0,1783739775.486428261,0.186570,0.242418,0.755138,-0.020026,,,,,0.015581,0.000000,0.000000,1.220,0.730
3,6,36.2853,startup,-0.2000,reverse,1180.000,952,decreasing,1210.000,1592.229,1284,0,1783739775.486428261,0.186570,0.242418,0.755138,-0.020026,,,,,0.015581,0.000000,0.000000,1.220,0.730
3,6,36.3069,startup,-0.2000,reverse,1180.000,952,decreasing,1210.000,1592.229,1284,0,1783739775.486428261,0.186570,0.242418,0.755138,-0.020026,,,,,0.015581,0.000000,0.000000,1.214,0.735
3,6,36.3225,startup,-0.2000,reverse,1180.000,952,decreasing,1210.000,1593.469,1285,1,1783739775.586948633,0.181008,0.236766,0.761316,-0.034729,-0.0079247,0.0061784,-0.7796305,-0.2130637,0.023506,0.000000,0.000000,1.214,0.735
3,6,36.3381,startup,-0.2000,reverse,1180.000,952,decreasing,1210.000,1593.469,1285,0,1783739775.586948633,0.181008,0.236766,0.761316,-0.034729,,,,,0.023506,0.000000,0.000000,1.214,0.735
3,6,36.3597,startup,-0.2000,reverse,1180.000,952,decreasing,1210.000,1593.469,1285,0,1783739775.586948633,0.181008,0.236766,0.761316,-0.034729,,,,,0.023506,0.000000,0.000000,1.214,0.735
3,6,36.3813,startup,-0.2000,reverse,1180.000,952,decreasing,1210.000,1593.469,1285,0,1783739775.586948633,0.181008,0.236766,0.761316,-0.034729,,,,,0.023506,0.000000,0.000000,1.214,0.735
3,6,36.4028,startup,-0.2000,reverse,1180.000,952,decreasing,1210.000,1593.469,1285,0,1783739775.586948633,0.181008,0.236766,0.761316,-0.034729,,,,,0.023506,0.000000,0.000000,1.208,0.742
3,6,36.4230,startup,-0.2000,reverse,1180.000,952,decreasing,1210.000,1596.569,1288,1,1783739775.687377214,0.177551,0.232144,0.767237,-0.040222,-0.0056944,0.0059212,-1.0398213,-0.2809198,0.029200,0.000000,0.000000,1.208,0.742
3,6,36.4391,startup,-0.2000,reverse,1180.000,952,decreasing,1210.000,1596.569,1288,0,1783739775.687377214,0.177551,0.232144,0.767237,-0.040222,,,,,0.029200,0.000000,0.000000,1.208,0.742
3,6,36.4608,startup,-0.2000,reverse,1180.000,952,decreasing,1210.000,1596.569,1288,0,1783739775.687377214,0.177551,0.232144,0.767237,-0.040222,,,,,0.029200,0.000000,0.000000,1.208,0.742
3,6,36.4823,startup,-0.2000,reverse,1180.000,952,decreasing,1210.000,1596.569,1288,0,1783739775.687377214,0.177551,0.232144,0.767237,-0.040222,,,,,0.029200,0.000000,0.000000,1.208,0.742
3,6,36.5038,startup,-0.2000,reverse,1180.000,952,decreasing,1210.000,1596.569,1288,0,1783739775.687377214,0.177551,0.232144,0.767237,-0.040222,,,,,0.029200,0.000000,0.000000,1.197,0.752
3,6,36.5213,rolling,-0.2000,reverse,1180.000,952,decreasing,1210.000,1592.509,1284,1,1783739775.787863255,0.172089,0.226202,0.773843,-0.050213,-0.0080577,0.0066064,-0.8198799,-0.2237085,0.037258,0.000000,0.000000,1.197,0.752
3,6,36.5317,rolling,-0.2000,reverse,1180.000,952,decreasing,1210.000,1592.509,1284,0,1783739775.787863255,0.172089,0.226202,0.773843,-0.050213,,,,,0.037258,0.000000,0.000000,1.197,0.752
3,6,36.5534,rolling,-0.2000,reverse,1180.000,952,decreasing,1210.000,1592.509,1284,0,1783739775.787863255,0.172089,0.226202,0.773843,-0.050213,,,,,0.037258,0.000000,0.000000,1.197,0.752
3,6,36.5750,rolling,-0.2000,reverse,1180.000,952,decreasing,1210.000,1592.509,1284,0,1783739775.787863255,0.172089,0.226202,0.773843,-0.050213,,,,,0.037258,0.000000,0.000000,1.197,0.752
3,6,36.5965,rolling,-0.2000,reverse,1180.000,952,decreasing,1210.000,1592.509,1284,0,1783739775.787863255,0.172089,0.226202,0.773843,-0.050213,,,,,0.037258,0.000000,0.000000,1.197,0.752
3,6,36.6181,rolling,-0.2000,reverse,1180.000,952,decreasing,1210.000,1592.509,1284,0,1783739775.787863255,0.172089,0.226202,0.773843,-0.050213,,,,,0.037258,0.000000,0.000000,1.191,0.760
3,6,36.6215,rolling,-0.2000,reverse,1180.000,952,decreasing,1210.000,1594.786,1286,1,1783739775.886132479,0.169616,0.222816,0.780704,-0.048186,-0.0041374,0.0068610,-1.6582962,-0.4312850,0.041395,0.000000,0.000000,1.191,0.760
3,6,36.6356,rolling,-0.2000,reverse,1180.000,952,decreasing,1210.000,1594.786,1286,0,1783739775.886132479,0.169616,0.222816,0.780704,-0.048186,,,,,0.041395,0.000000,0.000000,1.191,0.760
3,6,36.6572,rolling,-0.2000,reverse,1180.000,952,decreasing,1210.000,1594.786,1286,0,1783739775.886132479,0.169616,0.222816,0.780704,-0.048186,,,,,0.041395,0.000000,0.000000,1.191,0.760
3,6,36.6788,rolling,-0.2000,reverse,1180.000,952,decreasing,1210.000,1594.786,1286,0,1783739775.886132479,0.169616,0.222816,0.780704,-0.048186,,,,,0.041395,0.000000,0.000000,1.191,0.760
3,6,36.7004,rolling,-0.2000,reverse,1180.000,952,decreasing,1210.000,1594.786,1286,0,1783739775.886132479,0.169616,0.222816,0.780704,-0.048186,,,,,0.041395,0.000000,0.000000,1.195,0.761
3,6,36.7223,rolling,-0.2000,reverse,1180.000,952,decreasing,1210.000,1595.005,1286,1,1783739775.986378908,0.172048,0.221809,0.781291,-0.033598,0.0010188,0.0005864,0.5755880,0.1583878,0.042414,0.000000,0.000000,1.195,0.761
3,6,36.7435,rolling,-0.2000,reverse,1180.000,952,decreasing,1210.000,1595.005,1286,0,1783739775.986378908,0.172048,0.221809,0.781291,-0.033598,,,,,0.042414,0.000000,0.000000,1.195,0.761
3,6,36.7652,rolling,-0.2000,reverse,1180.000,952,decreasing,1210.000,1595.005,1286,0,1783739775.986378908,0.172048,0.221809,0.781291,-0.033598,,,,,0.042414,0.000000,0.000000,1.195,0.761
3,6,36.7868,rolling,-0.2000,reverse,1180.000,952,decreasing,1210.000,1595.005,1286,0,1783739775.986378908,0.172048,0.221809,0.781291,-0.033598,,,,,0.042414,0.000000,0.000000,1.195,0.761
3,6,36.8083,rolling,-0.2000,reverse,1180.000,952,decreasing,1210.000,1595.005,1286,0,1783739775.986378908,0.172048,0.221809,0.781291,-0.033598,,,,,0.042414,0.000000,0.000000,1.198,0.758
3,6,36.8234,rolling,-0.2000,reverse,1180.000,952,decreasing,1210.000,1595.295,1287,1,1783739776.087206602,0.172470,0.227673,0.777275,-0.014237,0.0044212,-0.0040160,-0.9083626,-0.2469265,0.046835,0.000000,0.000000,1.198,0.758
3,6,36.8412,rolling,-0.2000,reverse,1180.000,952,decreasing,1210.000,1595.295,1287,0,1783739776.087206602,0.172470,0.227673,0.777275,-0.014237,,,,,0.046835,0.000000,0.000000,1.198,0.758
3,6,36.8630,rolling,-0.2000,reverse,1180.000,952,decreasing,1210.000,1595.295,1287,0,1783739776.087206602,0.172470,0.227673,0.777275,-0.014237,,,,,0.046835,0.000000,0.000000,1.198,0.758
3,6,36.8845,rolling,-0.2000,reverse,1180.000,952,decreasing,1210.000,1595.295,1287,0,1783739776.087206602,0.172470,0.227673,0.777275,-0.014237,,,,,0.046835,0.000000,0.000000,1.198,0.758
3,6,36.9062,rolling,-0.2000,reverse,1180.000,952,decreasing,1210.000,1595.295,1287,0,1783739776.087206602,0.172470,0.227673,0.777275,-0.014237,,,,,0.046835,0.000000,0.000000,1.196,0.756
3,6,36.9233,rolling,-0.2000,reverse,1180.000,952,decreasing,1210.000,1595.391,1287,1,1783739776.187729120,0.173737,0.228002,0.774450,-0.007857,0.0011341,-0.0028249,-2.4907780,-0.6047893,0.047969,0.000000,0.000000,1.196,0.756
3,6,36.9400,rolling,-0.2000,reverse,1180.000,952,decreasing,1210.000,1595.391,1287,0,1783739776.187729120,0.173737,0.228002,0.774450,-0.007857,,,,,0.047969,0.000000,0.000000,1.196,0.756
3,6,36.9617,rolling,-0.2000,reverse,1180.000,952,decreasing,1210.000,1595.391,1287,0,1783739776.187729120,0.173737,0.228002,0.774450,-0.007857,,,,,0.047969,0.000000,0.000000,1.196,0.756
3,6,36.9832,rolling,-0.2000,reverse,1180.000,952,decreasing,1210.000,1595.391,1287,0,1783739776.187729120,0.173737,0.228002,0.774450,-0.007857,,,,,0.047969,0.000000,0.000000,1.196,0.756
3,6,37.0047,rolling,-0.2000,reverse,1180.000,952,decreasing,1210.000,1595.391,1287,0,1783739776.187729120,0.173737,0.228002,0.774450,-0.007857,,,,,0.047969,0.000000,0.000000,1.198,0.757
3,6,37.0212,rolling,-0.2000,reverse,1180.000,952,decreasing,1210.000,1595.391,1287,0,1783739776.187729120,0.173737,0.228002,0.774450,-0.007857,,,,,0.047969,0.000000,0.000000,1.198,0.757
3,6,37.0433,rolling,-0.2000,reverse,1180.000,952,decreasing,1210.000,1595.367,1287,1,1783739776.288179159,0.173189,0.226504,0.776224,-0.009475,-0.0014396,0.0017742,-1.2324077,-0.3295240,0.049409,0.000000,0.000000,1.198,0.757
3,6,37.0453,rolling,-0.2000,reverse,1180.000,952,decreasing,1210.000,1595.367,1287,0,1783739776.288179159,0.173189,0.226504,0.776224,-0.009475,,,,,0.049409,0.000000,0.000000,1.198,0.757
3,6,37.0670,rolling,-0.2000,reverse,1180.000,952,decreasing,1210.000,1595.367,1287,0,1783739776.288179159,0.173189,0.226504,0.776224,-0.009475,,,,,0.049409,0.000000,0.000000,1.198,0.757
3,6,37.0887,rolling,-0.2000,reverse,1180.000,952,decreasing,1210.000,1595.367,1287,0,1783739776.288179159,0.173189,0.226504,0.776224,-0.009475,,,,,0.049409,0.000000,0.000000,1.198,0.757
3,6,37.1104,rolling,-0.2000,reverse,1180.000,952,decreasing,1210.000,1595.367,1287,0,1783739776.288179159,0.173189,0.226504,0.776224,-0.009475,,,,,0.049409,0.000000,0.000000,1.199,0.756
3,6,37.1218,rolling,-0.2000,reverse,1180.000,952,decreasing,1210.000,1598.467,1289,1,1783739776.386103392,0.170782,0.227163,0.776327,-0.010313,-0.0012559,0.0001026,-0.0816933,-0.0226660,0.050665,0.000000,0.000000,1.199,0.756
3,6,37.1352,rolling,-0.2000,reverse,1180.000,952,decreasing,1210.000,1598.467,1289,0,1783739776.386103392,0.170782,0.227163,0.776327,-0.010313,,,,,0.050665,0.000000,0.000000,1.199,0.756
3,6,37.1569,rolling,-0.2000,reverse,1180.000,952,decreasing,1210.000,1598.467,1289,0,1783739776.386103392,0.170782,0.227163,0.776327,-0.010313,,,,,0.050665,0.000000,0.000000,1.199,0.756
3,6,37.1784,rolling,-0.2000,reverse,1180.000,952,decreasing,1210.000,1598.467,1289,0,1783739776.386103392,0.170782,0.227163,0.776327,-0.010313,,,,,0.050665,0.000000,0.000000,1.199,0.756
3,6,37.2000,rolling,-0.2000,reverse,1180.000,952,decreasing,1210.000,1598.467,1289,0,1783739776.386103392,0.170782,0.227163,0.776327,-0.010313,,,,,0.050665,0.000000,0.000000,1.199,0.755
3,6,37.2201,rolling,-0.2000,reverse,1180.000,952,decreasing,1210.000,1598.467,1289,0,1783739776.386103392,0.170782,0.227163,0.776327,-0.010313,,,,,0.050665,0.000000,0.000000,1.199,0.755
3,6,37.2420,rolling,-0.2000,reverse,1180.000,952,decreasing,1210.000,1601.567,1292,1,1783739776.486551285,0.174199,0.227061,0.776002,-0.001843,0.0023671,-0.0003252,-0.1373659,-0.0381006,0.053032,0.000000,0.000000,1.199,0.755
3,6,37.2437,rolling,-0.2000,reverse,1180.000,952,decreasing,1210.000,1601.567,1292,0,1783739776.486551285,0.174199,0.227061,0.776002,-0.001843,,,,,0.053032,0.000000,0.000000,1.199,0.755
3,6,37.2653,rolling,-0.2000,reverse,1180.000,952,decreasing,1210.000,1601.567,1292,0,1783739776.486551285,0.174199,0.227061,0.776002,-0.001843,,,,,0.053032,0.000000,0.000000,1.199,0.755
3,6,37.2868,rolling,-0.2000,reverse,1180.000,952,decreasing,1210.000,1601.567,1292,0,1783739776.486551285,0.174199,0.227061,0.776002,-0.001843,,,,,0.053032,0.000000,0.000000,1.199,0.755
3,6,37.3083,rolling,-0.2000,reverse,1180.000,952,decreasing,1210.000,1601.567,1292,0,1783739776.486551285,0.174199,0.227061,0.776002,-0.001843,,,,,0.053032,0.000000,0.000000,1.194,0.756
3,6,37.3206,rolling,-0.2000,reverse,1180.000,952,decreasing,1210.000,1604.667,1294,1,1783739776.584906101,0.169927,0.224695,0.777399,-0.013343,-0.0047054,0.0013976,-0.2970156,-0.0822360,0.057737,0.000000,0.000000,1.194,0.756
3,6,37.3352,rolling,-0.2000,reverse,1180.000,952,decreasing,1210.000,1604.667,1294,0,1783739776.584906101,0.169927,0.224695,0.777399,-0.013343,,,,,0.057737,0.000000,0.000000,1.194,0.756
3,6,37.3568,rolling,-0.2000,reverse,1180.000,952,decreasing,1210.000,1604.667,1294,0,1783739776.584906101,0.169927,0.224695,0.777399,-0.013343,,,,,0.057737,0.000000,0.000000,1.194,0.756
3,6,37.3786,rolling,-0.2000,reverse,1180.000,952,decreasing,1210.000,1604.667,1294,0,1783739776.584906101,0.169927,0.224695,0.777399,-0.013343,,,,,0.057737,0.000000,0.000000,1.194,0.756
3,6,37.4003,rolling,-0.2000,reverse,1180.000,952,decreasing,1210.000,1604.667,1294,0,1783739776.584906101,0.169927,0.224695,0.777399,-0.013343,,,,,0.057737,0.000000,0.000000,1.186,0.763
3,6,37.4210,rolling,-0.2000,reverse,1180.000,952,decreasing,1210.000,1607.767,1297,1,1783739776.685251951,0.158397,0.219251,0.782045,-0.039970,-0.0120268,0.0046459,-0.3863006,-0.1067906,0.069764,0.000000,0.000000,1.186,0.763
3,6,37.4397,rolling,-0.2000,reverse,1180.000,952,decreasing,1210.000,1607.767,1297,0,1783739776.685251951,0.158397,0.219251,0.782045,-0.039970,,,,,0.069764,0.000000,0.000000,1.186,0.763
3,6,37.4614,rolling,-0.2000,reverse,1180.000,952,decreasing,1210.000,1607.767,1297,0,1783739776.685251951,0.158397,0.219251,0.782045,-0.039970,,,,,0.069764,0.000000,0.000000,1.186,0.763
3,6,37.4830,rolling,-0.2000,reverse,1180.000,952,decreasing,1210.000,1607.767,1297,0,1783739776.685251951,0.158397,0.219251,0.782045,-0.039970,,,,,0.069764,0.000000,0.000000,1.186,0.763
3,6,37.5045,rolling,-0.2000,reverse,1180.000,952,decreasing,1210.000,1607.767,1297,0,1783739776.685251951,0.158397,0.219251,0.782045,-0.039970,,,,,0.069764,0.000000,0.000000,1.166,0.776
3,6,37.5191,rolling,-0.2000,reverse,1180.000,952,decreasing,1210.000,1607.767,1297,0,1783739776.685251951,0.158397,0.219251,0.782045,-0.039970,,,,,0.069764,0.000000,0.000000,1.166,0.776
3,6,37.5408,rolling,-0.2000,reverse,1180.000,952,decreasing,1210.000,1592.509,1284,1,1783739776.785923958,0.145189,0.201835,0.797504,-0.083785,-0.0216674,0.0154590,-0.7134689,-0.1954598,0.091431,0.000000,0.000000,1.166,0.776
3,6,37.5481,rolling,-0.2000,reverse,1180.000,952,decreasing,1210.000,1592.509,1284,0,1783739776.785923958,0.145189,0.201835,0.797504,-0.083785,,,,,0.091431,0.000000,0.000000,1.166,0.776
3,6,37.5700,rolling,-0.2000,reverse,1180.000,952,decreasing,1210.000,1592.509,1284,0,1783739776.785923958,0.145189,0.201835,0.797504,-0.083785,,,,,0.091431,0.000000,0.000000,1.166,0.776
3,6,37.5916,rolling,-0.2000,reverse,1180.000,952,decreasing,1210.000,1592.509,1284,0,1783739776.785923958,0.145189,0.201835,0.797504,-0.083785,,,,,0.091431,0.000000,0.000000,1.166,0.776
3,6,37.6133,rolling,-0.2000,reverse,1180.000,952,decreasing,1210.000,1592.509,1284,0,1783739776.785923958,0.145189,0.201835,0.797504,-0.083785,,,,,0.091431,0.000000,0.000000,1.138,0.798
3,6,37.6167,rolling,-0.2000,reverse,1180.000,952,decreasing,1210.000,1593.595,1285,1,1783739776.883909941,0.128436,0.182743,0.819402,-0.127587,-0.0253776,0.0218982,-0.8628962,-0.2350284,0.116809,-0.025378,0.021898,1.138,0.798
3,6,37.6355,rolling,-0.2000,reverse,1180.000,952,decreasing,1210.000,1593.595,1285,0,1783739776.883909941,0.128436,0.182743,0.819402,-0.127587,,,,,0.116809,-0.025378,0.021898,1.138,0.798
3,6,37.6572,rolling,-0.2000,reverse,1180.000,952,decreasing,1210.000,1593.595,1285,0,1783739776.883909941,0.128436,0.182743,0.819402,-0.127587,,,,,0.116809,-0.025378,0.021898,1.138,0.798
3,6,37.6788,rolling,-0.2000,reverse,1180.000,952,decreasing,1210.000,1593.595,1285,0,1783739776.883909941,0.128436,0.182743,0.819402,-0.127587,,,,,0.116809,-0.025378,0.021898,1.138,0.798
3,6,37.7004,rolling,-0.2000,reverse,1180.000,952,decreasing,1210.000,1593.595,1285,0,1783739776.883909941,0.128436,0.182743,0.819402,-0.127587,,,,,0.116809,-0.025378,0.021898,1.110,0.827
3,6,37.7173,rolling,-0.2000,reverse,1180.000,952,decreasing,1210.000,1593.595,1285,0,1783739776.883909941,0.128436,0.182743,0.819402,-0.127587,,,,,0.116809,-0.025378,0.021898,1.110,0.827
3,6,37.7391,rolling,-0.2000,reverse,1180.000,952,decreasing,1210.000,1592.988,1285,1,1783739776.981724501,0.112459,0.158986,0.845352,-0.168080,-0.0283232,0.0259498,-0.9162027,-0.2489711,0.145132,-0.053701,0.047848,1.110,0.827
3,6,37.7426,rolling,-0.2000,reverse,1180.000,952,decreasing,1210.000,1592.988,1285,0,1783739776.981724501,0.112459,0.158986,0.845352,-0.168080,,,,,0.145132,-0.053701,0.047848,1.110,0.827
3,6,37.7642,rolling,-0.2000,reverse,1180.000,952,decreasing,1210.000,1592.988,1285,0,1783739776.981724501,0.112459,0.158986,0.845352,-0.168080,,,,,0.145132,-0.053701,0.047848,1.110,0.827
3,6,37.7857,rolling,-0.2000,reverse,1180.000,952,decreasing,1210.000,1592.988,1285,0,1783739776.981724501,0.112459,0.158986,0.845352,-0.168080,,,,,0.145132,-0.053701,0.047848,1.110,0.827
3,6,37.8072,rolling,-0.2000,reverse,1180.000,952,decreasing,1210.000,1592.988,1285,0,1783739776.981724501,0.112459,0.158986,0.845352,-0.168080,,,,,0.145132,-0.053701,0.047848,1.083,0.854
3,6,37.8178,rolling,-0.2000,reverse,1180.000,952,decreasing,1210.000,1592.691,1284,1,1783739777.082170010,0.096509,0.139960,0.869749,-0.187846,-0.0248245,0.0243964,-0.9827546,-0.2662401,0.169957,-0.078525,0.072244,1.083,0.854
3,6,37.8342,rolling,-0.2000,reverse,1180.000,952,decreasing,1210.000,1592.691,1284,0,1783739777.082170010,0.096509,0.139960,0.869749,-0.187846,,,,,0.169957,-0.078525,0.072244,1.083,0.854
3,6,37.8558,rolling,-0.2000,reverse,1180.000,952,decreasing,1210.000,1592.691,1284,0,1783739777.082170010,0.096509,0.139960,0.869749,-0.187846,,,,,0.169957,-0.078525,0.072244,1.083,0.854
3,6,37.8774,rolling,-0.2000,reverse,1180.000,952,decreasing,1210.000,1592.691,1284,0,1783739777.082170010,0.096509,0.139960,0.869749,-0.187846,,,,,0.169957,-0.078525,0.072244,1.083,0.854
3,6,37.8989,rolling,-0.2000,reverse,1180.000,952,decreasing,1210.000,1592.691,1284,0,1783739777.082170010,0.096509,0.139960,0.869749,-0.187846,,,,,0.169957,-0.078525,0.072244,1.060,0.879
3,6,37.9161,rolling,-0.2000,reverse,1180.000,952,decreasing,1210.000,1592.691,1284,0,1783739777.082170010,0.096509,0.139960,0.869749,-0.187846,,,,,0.169957,-0.078525,0.072244,1.060,0.879
3,6,37.9380,rolling,-0.2000,reverse,1180.000,952,decreasing,1210.000,1592.536,1284,1,1783739777.182672024,0.081777,0.122234,0.889719,-0.198217,-0.0230480,0.0199705,-0.8664747,-0.2359673,0.193005,-0.101573,0.092215,1.060,0.879
3,6,37.9405,rolling,-0.2000,reverse,1180.000,952,decreasing,1210.000,1592.536,1284,0,1783739777.182672024,0.081777,0.122234,0.889719,-0.198217,,,,,0.193005,-0.101573,0.092215,1.060,0.879
3,6,37.9621,rolling,-0.2000,reverse,1180.000,952,decreasing,1210.000,1592.536,1284,0,1783739777.182672024,0.081777,0.122234,0.889719,-0.198217,,,,,0.193005,-0.101573,0.092215,1.060,0.879
3,6,37.9837,rolling,-0.2000,reverse,1180.000,952,decreasing,1210.000,1592.536,1284,0,1783739777.182672024,0.081777,0.122234,0.889719,-0.198217,,,,,0.193005,-0.101573,0.092215,1.060,0.879
3,6,38.0052,rolling,-0.2000,reverse,1180.000,952,decreasing,1210.000,1592.536,1284,0,1783739777.182672024,0.081777,0.122234,0.889719,-0.198217,,,,,0.193005,-0.101573,0.092215,1.038,0.901
3,6,38.0166,rolling,-0.2000,reverse,1180.000,952,decreasing,1210.000,1592.497,1284,1,1783739777.280944109,0.067307,0.107557,0.908518,-0.200798,-0.0204939,0.0187984,-0.9172685,-0.2492489,0.213499,-0.122067,0.111013,1.038,0.901
3,6,38.0344,rolling,-0.2000,reverse,1180.000,952,decreasing,1210.000,1592.497,1284,0,1783739777.280944109,0.067307,0.107557,0.908518,-0.200798,,,,,0.213499,-0.122067,0.111013,1.038,0.901
3,6,38.0561,rolling,-0.2000,reverse,1180.000,952,decreasing,1210.000,1592.497,1284,0,1783739777.280944109,0.067307,0.107557,0.908518,-0.200798,,,,,0.213499,-0.122067,0.111013,1.038,0.901
3,6,38.0778,rolling,-0.2000,reverse,1180.000,952,decreasing,1210.000,1592.497,1284,0,1783739777.280944109,0.067307,0.107557,0.908518,-0.200798,,,,,0.213499,-0.122067,0.111013,1.038,0.901
3,6,38.0994,rolling,-0.2000,reverse,1180.000,952,decreasing,1210.000,1592.497,1284,0,1783739777.280944109,0.067307,0.107557,0.908518,-0.200798,,,,,0.213499,-0.122067,0.111013,1.018,0.924
3,6,38.1167,rolling,-0.2000,reverse,1180.000,952,decreasing,1210.000,1592.554,1284,1,1783739777.381474495,0.058625,0.090693,0.924713,-0.197016,-0.0186655,0.0161958,-0.8676827,-0.2362842,0.232164,-0.140733,0.127209,1.018,0.924
3,6,38.1309,rolling,-0.2000,reverse,1180.000,952,decreasing,1210.000,1592.554,1284,0,1783739777.381474495,0.058625,0.090693,0.924713,-0.197016,,,,,0.232164,-0.140733,0.127209,1.018,0.924
3,6,38.1525,rolling,-0.2000,reverse,1180.000,952,decreasing,1210.000,1592.554,1284,0,1783739777.381474495,0.058625,0.090693,0.924713,-0.197016,,,,,0.232164,-0.140733,0.127209,1.018,0.924
3,6,38.1741,rolling,-0.2000,reverse,1180.000,952,decreasing,1210.000,1592.554,1284,0,1783739777.381474495,0.058625,0.090693,0.924713,-0.197016,,,,,0.232164,-0.140733,0.127209,1.018,0.924
3,6,38.1957,rolling,-0.2000,reverse,1180.000,952,decreasing,1210.000,1592.554,1284,0,1783739777.381474495,0.058625,0.090693,0.924713,-0.197016,,,,,0.232164,-0.140733,0.127209,0.997,0.945
3,6,38.2177,rolling,-0.2000,reverse,1180.000,952,decreasing,1210.000,1592.543,1284,1,1783739777.481595993,0.047625,0.073946,0.941754,-0.197713,-0.0200045,0.0170403,-0.8518261,-0.2321210,0.252169,-0.160737,0.144249,0.997,0.945
3,6,38.2304,rolling,-0.2000,reverse,1180.000,952,decreasing,1210.000,1592.543,1284,0,1783739777.481595993,0.047625,0.073946,0.941754,-0.197713,,,,,0.252169,-0.160737,0.144249,0.997,0.945
3,6,38.2520,rolling,-0.2000,reverse,1180.000,952,decreasing,1210.000,1592.543,1284,0,1783739777.481595993,0.047625,0.073946,0.941754,-0.197713,,,,,0.252169,-0.160737,0.144249,0.997,0.945
3,6,38.2736,rolling,-0.2000,reverse,1180.000,952,decreasing,1210.000,1592.543,1284,0,1783739777.481595993,0.047625,0.073946,0.941754,-0.197713,,,,,0.252169,-0.160737,0.144249,0.997,0.945
3,6,38.2951,rolling,-0.2000,reverse,1180.000,952,decreasing,1210.000,1592.543,1284,0,1783739777.481595993,0.047625,0.073946,0.941754,-0.197713,,,,,0.252169,-0.160737,0.144249,0.979,0.961
3,6,38.3157,rolling,-0.2000,reverse,1180.000,952,decreasing,1210.000,1592.615,1284,1,1783739777.582559824,0.037339,0.059156,0.957936,-0.192890,-0.0180140,0.0161828,-0.8983475,-0.2443117,0.270183,-0.178751,0.160432,0.979,0.961
3,6,38.3280,rolling,-0.2000,reverse,1180.000,952,decreasing,1210.000,1592.615,1284,0,1783739777.582559824,0.037339,0.059156,0.957936,-0.192890,,,,,0.270183,-0.178751,0.160432,0.979,0.961
3,6,38.3498,rolling,-0.2000,reverse,1180.000,952,decreasing,1210.000,1592.615,1284,0,1783739777.582559824,0.037339,0.059156,0.957936,-0.192890,,,,,0.270183,-0.178751,0.160432,0.979,0.961
3,6,38.3714,rolling,-0.2000,reverse,1180.000,952,decreasing,1210.000,1592.615,1284,0,1783739777.582559824,0.037339,0.059156,0.957936,-0.192890,,,,,0.270183,-0.178751,0.160432,0.979,0.961
3,6,38.3929,rolling,-0.2000,reverse,1180.000,952,decreasing,1210.000,1592.615,1284,0,1783739777.582559824,0.037339,0.059156,0.957936,-0.192890,,,,,0.270183,-0.178751,0.160432,0.979,0.961
3,6,38.4146,rolling,-0.2000,reverse,1180.000,952,decreasing,1210.000,1592.615,1284,0,1783739777.582559824,0.037339,0.059156,0.957936,-0.192890,,,,,0.270183,-0.178751,0.160432,0.962,0.979
3,6,38.4171,rolling,-0.2000,reverse,1180.000,952,decreasing,1210.000,1592.777,1284,1,1783739777.680437803,0.030312,0.046202,0.973460,-0.182089,-0.0146511,0.0155238,-1.0595722,-0.2859720,0.284834,-0.193402,0.175956,0.962,0.979
3,6,38.4267,rolling,-0.2000,reverse,1180.000,952,decreasing,1210.000,1592.777,1284,0,1783739777.680437803,0.030312,0.046202,0.973460,-0.182089,,,,,0.284834,-0.193402,0.175956,0.962,0.979
3,6,38.4484,rolling,-0.2000,reverse,1180.000,952,decreasing,1210.000,1592.777,1284,0,1783739777.680437803,0.030312,0.046202,0.973460,-0.182089,,,,,0.284834,-0.193402,0.175956,0.962,0.979
3,6,38.4699,rolling,-0.2000,reverse,1180.000,952,decreasing,1210.000,1592.777,1284,0,1783739777.680437803,0.030312,0.046202,0.973460,-0.182089,,,,,0.284834,-0.193402,0.175956,0.962,0.979
3,6,38.4914,rolling,-0.2000,reverse,1180.000,952,decreasing,1210.000,1592.777,1284,0,1783739777.680437803,0.030312,0.046202,0.973460,-0.182089,,,,,0.284834,-0.193402,0.175956,0.962,0.979
3,6,38.5129,rolling,-0.2000,reverse,1180.000,952,decreasing,1210.000,1592.777,1284,0,1783739777.680437803,0.030312,0.046202,0.973460,-0.182089,,,,,0.284834,-0.193402,0.175956,0.950,0.997
3,6,38.5167,rolling,-0.2000,reverse,1180.000,952,decreasing,1210.000,1592.777,1284,0,1783739777.680437803,0.030312,0.046202,0.973460,-0.182089,,,,,0.284834,-0.193402,0.175956,0.950,0.997
3,6,38.5384,rolling,-0.2000,reverse,1180.000,952,decreasing,1210.000,1592.874,1285,1,1783739777.780902147,0.020123,0.034116,0.980953,-0.175680,-0.0157178,0.0074930,-0.4767230,-0.1315269,0.300552,-0.209120,0.183449,0.950,0.997
3,6,38.5420,rolling,-0.2000,reverse,1180.000,952,decreasing,1210.000,1592.874,1285,0,1783739777.780902147,0.020123,0.034116,0.980953,-0.175680,,,,,0.300552,-0.209120,0.183449,0.950,0.997
3,6,38.5636,rolling,-0.2000,reverse,1180.000,952,decreasing,1210.000,1592.874,1285,0,1783739777.780902147,0.020123,0.034116,0.980953,-0.175680,,,,,0.300552,-0.209120,0.183449,0.950,0.997
3,6,38.5851,rolling,-0.2000,reverse,1180.000,952,decreasing,1210.000,1592.874,1285,0,1783739777.780902147,0.020123,0.034116,0.980953,-0.175680,,,,,0.300552,-0.209120,0.183449,0.950,0.997
3,6,38.6066,rolling,-0.2000,reverse,1180.000,952,decreasing,1210.000,1592.874,1285,0,1783739777.780902147,0.020123,0.034116,0.980953,-0.175680,,,,,0.300552,-0.209120,0.183449,0.936,1.011
3,6,38.6173,rolling,-0.2000,reverse,1180.000,952,decreasing,1210.000,1593.198,1285,1,1783739777.881553173,0.012792,0.028214,0.991802,-0.154032,-0.0089670,0.0108484,-1.2098058,-0.3238980,0.309519,-0.218087,0.194298,0.936,1.011
3,6,38.6392,rolling,-0.2000,reverse,1180.000,952,decreasing,1210.000,1593.198,1285,0,1783739777.881553173,0.012792,0.028214,0.991802,-0.154032,,,,,0.309519,-0.218087,0.194298,0.936,1.011
3,6,38.6608,rolling,-0.2000,reverse,1180.000,952,decreasing,1210.000,1593.198,1285,0,1783739777.881553173,0.012792,0.028214,0.991802,-0.154032,,,,,0.309519,-0.218087,0.194298,0.936,1.011
3,6,38.6824,rolling,-0.2000,reverse,1180.000,952,decreasing,1210.000,1593.198,1285,0,1783739777.881553173,0.012792,0.028214,0.991802,-0.154032,,,,,0.309519,-0.218087,0.194298,0.936,1.011
3,6,38.7039,rolling,-0.2000,reverse,1180.000,952,decreasing,1210.000,1593.198,1285,0,1783739777.881553173,0.012792,0.028214,0.991802,-0.154032,,,,,0.309519,-0.218087,0.194298,0.922,1.025
3,6,38.7178,rolling,-0.2000,reverse,1180.000,952,decreasing,1210.000,1593.223,1285,1,1783739777.982207537,0.006742,0.014470,1.003388,-0.152354,-0.0148282,0.0115864,-0.7813762,-0.2135265,0.324347,-0.232915,0.205884,0.922,1.025
3,6,38.7294,rolling,-0.2000,reverse,1180.000,952,decreasing,1210.000,1593.223,1285,0,1783739777.982207537,0.006742,0.014470,1.003388,-0.152354,,,,,0.324347,-0.232915,0.205884,0.922,1.025
3,6,38.7511,rolling,-0.2000,reverse,1180.000,952,decreasing,1210.000,1593.223,1285,0,1783739777.982207537,0.006742,0.014470,1.003388,-0.152354,,,,,0.324347,-0.232915,0.205884,0.922,1.025
3,6,38.7727,rolling,-0.2000,reverse,1180.000,952,decreasing,1210.000,1593.223,1285,0,1783739777.982207537,0.006742,0.014470,1.003388,-0.152354,,,,,0.324347,-0.232915,0.205884,0.922,1.025
3,6,38.7942,rolling,-0.2000,reverse,1180.000,952,decreasing,1210.000,1593.223,1285,0,1783739777.982207537,0.006742,0.014470,1.003388,-0.152354,,,,,0.324347,-0.232915,0.205884,0.906,1.041
3,6,38.8157,rolling,-0.2000,reverse,1180.000,952,decreasing,1210.000,1593.250,1285,1,1783739778.082648277,0.002432,-0.000043,1.016933,-0.150564,-0.0145833,0.0135452,-0.9288186,-0.2522567,0.338930,-0.247499,0.219429,0.906,1.041
3,6,38.8356,rolling,-0.2000,reverse,1180.000,952,decreasing,1210.000,1593.250,1285,0,1783739778.082648277,0.002432,-0.000043,1.016933,-0.150564,,,,,0.338930,-0.247499,0.219429,0.906,1.041
3,6,38.8572,rolling,-0.2000,reverse,1180.000,952,decreasing,1210.000,1593.250,1285,0,1783739778.082648277,0.002432,-0.000043,1.016933,-0.150564,,,,,0.338930,-0.247499,0.219429,0.906,1.041
3,6,38.8788,rolling,-0.2000,reverse,1180.000,952,decreasing,1210.000,1593.250,1285,0,1783739778.082648277,0.002432,-0.000043,1.016933,-0.150564,,,,,0.338930,-0.247499,0.219429,0.906,1.041
3,6,38.9003,rolling,-0.2000,reverse,1180.000,952,decreasing,1210.000,1593.250,1285,0,1783739778.082648277,0.002432,-0.000043,1.016933,-0.150564,,,,,0.338930,-0.247499,0.219429,0.891,1.054
3,6,38.9164,rolling,-0.2000,reverse,1180.000,952,decreasing,1210.000,1593.213,1285,1,1783739778.180594683,-0.009586,-0.011120,1.031235,-0.153020,-0.0157094,0.0143017,-0.9103900,-0.2474555,0.354639,-0.263208,0.233731,0.891,1.054
3,6,38.9274,rolling,-0.2000,reverse,1180.000,952,decreasing,1210.000,1593.213,1285,0,1783739778.180594683,-0.009586,-0.011120,1.031235,-0.153020,,,,,0.354639,-0.263208,0.233731,0.891,1.054
3,6,38.9491,rolling,-0.2000,reverse,1180.000,952,decreasing,1210.000,1593.213,1285,0,1783739778.180594683,-0.009586,-0.011120,1.031235,-0.153020,,,,,0.354639,-0.263208,0.233731,0.891,1.054
3,6,38.9707,rolling,-0.2000,reverse,1180.000,952,decreasing,1210.000,1593.213,1285,0,1783739778.180594683,-0.009586,-0.011120,1.031235,-0.153020,,,,,0.354639,-0.263208,0.233731,0.891,1.054
3,6,38.9922,rolling,-0.2000,reverse,1180.000,952,decreasing,1210.000,1593.213,1285,0,1783739778.180594683,-0.009586,-0.011120,1.031235,-0.153020,,,,,0.354639,-0.263208,0.233731,0.891,1.054
3,6,39.0138,rolling,-0.2000,reverse,1180.000,952,decreasing,1210.000,1593.213,1285,0,1783739778.180594683,-0.009586,-0.011120,1.031235,-0.153020,,,,,0.354639,-0.263208,0.233731,0.877,1.071
3,6,39.0167,rolling,-0.2000,reverse,1180.000,952,decreasing,1210.000,1593.227,1285,1,1783739778.281137228,-0.009699,-0.028511,1.044211,-0.152152,-0.0150358,0.0129760,-0.8630042,-0.2350567,0.369675,-0.278244,0.246707,0.877,1.071
3,6,39.0330,rolling,-0.2000,reverse,1180.000,952,decreasing,1210.000,1593.227,1285,0,1783739778.281137228,-0.009699,-0.028511,1.044211,-0.152152,,,,,0.369675,-0.278244,0.246707,0.877,1.071
3,6,39.0547,rolling,-0.2000,reverse,1180.000,952,decreasing,1210.000,1593.227,1285,0,1783739778.281137228,-0.009699,-0.028511,1.044211,-0.152152,,,,,0.369675,-0.278244,0.246707,0.877,1.071
3,6,39.0762,rolling,-0.2000,reverse,1180.000,952,decreasing,1210.000,1593.227,1285,0,1783739778.281137228,-0.009699,-0.028511,1.044211,-0.152152,,,,,0.369675,-0.278244,0.246707,0.877,1.071
3,6,39.0977,rolling,-0.2000,reverse,1180.000,952,decreasing,1210.000,1593.227,1285,0,1783739778.281137228,-0.009699,-0.028511,1.044211,-0.152152,,,,,0.369675,-0.278244,0.246707,0.867,1.084
3,6,39.1175,rolling,-0.2000,reverse,1180.000,952,decreasing,1210.000,1593.314,1285,1,1783739778.381677866,-0.018666,-0.038300,1.056112,-0.146320,-0.0129523,0.0119008,-0.9188170,-0.2496524,0.382628,-0.291196,0.258608,0.867,1.084
3,6,39.1347,rolling,-0.2000,reverse,1180.000,952,decreasing,1210.000,1593.314,1285,0,1783739778.381677866,-0.018666,-0.038300,1.056112,-0.146320,,,,,0.382628,-0.291196,0.258608,0.867,1.084
3,6,39.1563,rolling,-0.2000,reverse,1180.000,952,decreasing,1210.000,1593.314,1285,0,1783739778.381677866,-0.018666,-0.038300,1.056112,-0.146320,,,,,0.382628,-0.291196,0.258608,0.867,1.084
3,6,39.1779,rolling,-0.2000,reverse,1180.000,952,decreasing,1210.000,1593.314,1285,0,1783739778.381677866,-0.018666,-0.038300,1.056112,-0.146320,,,,,0.382628,-0.291196,0.258608,0.867,1.084
3,6,39.1994,rolling,-0.2000,reverse,1180.000,952,decreasing,1210.000,1593.314,1285,0,1783739778.381677866,-0.018666,-0.038300,1.056112,-0.146320,,,,,0.382628,-0.291196,0.258608,0.850,1.097
3,6,39.2180,rolling,-0.2000,reverse,1180.000,952,decreasing,1210.000,1593.531,1285,1,1783739778.482234001,-0.023129,-0.046003,1.064186,-0.131872,-0.0089018,0.0080739,-0.9069953,-0.2465698,0.391529,-0.300098,0.266682,0.850,1.097
3,6,39.2391,rolling,-0.2000,reverse,1180.000,952,decreasing,1210.000,1593.531,1285,0,1783739778.482234001,-0.023129,-0.046003,1.064186,-0.131872,,,,,0.391529,-0.300098,0.266682,0.850,1.097
3,6,39.2607,rolling,-0.2000,reverse,1180.000,952,decreasing,1210.000,1593.531,1285,0,1783739778.482234001,-0.023129,-0.046003,1.064186,-0.131872,,,,,0.391529,-0.300098,0.266682,0.850,1.097
3,6,39.2823,rolling,-0.2000,reverse,1180.000,952,decreasing,1210.000,1593.531,1285,0,1783739778.482234001,-0.023129,-0.046003,1.064186,-0.131872,,,,,0.391529,-0.300098,0.266682,0.850,1.097
3,6,39.3038,rolling,-0.2000,reverse,1180.000,952,decreasing,1210.000,1593.531,1285,0,1783739778.482234001,-0.023129,-0.046003,1.064186,-0.131872,,,,,0.391529,-0.300098,0.266682,0.842,1.112
3,6,39.3185,rolling,-0.2000,reverse,1180.000,952,decreasing,1210.000,1593.442,1285,1,1783739778.582842827,-0.032029,-0.058967,1.074110,-0.137783,-0.0156462,0.0099246,-0.6343158,-0.1742377,0.407176,-0.315744,0.276606,0.842,1.112
3,6,39.3336,rolling,-0.2000,reverse,1180.000,952,decreasing,1210.000,1593.442,1285,0,1783739778.582842827,-0.032029,-0.058967,1.074110,-0.137783,,,,,0.407176,-0.315744,0.276606,0.842,1.112
3,6,39.3552,rolling,-0.2000,reverse,1180.000,952,decreasing,1210.000,1593.442,1285,0,1783739778.582842827,-0.032029,-0.058967,1.074110,-0.137783,,,,,0.407176,-0.315744,0.276606,0.842,1.112
3,6,39.3767,rolling,-0.2000,reverse,1180.000,952,decreasing,1210.000,1593.442,1285,0,1783739778.582842827,-0.032029,-0.058967,1.074110,-0.137783,,,,,0.407176,-0.315744,0.276606,0.842,1.112
3,6,39.3982,rolling,-0.2000,reverse,1180.000,952,decreasing,1210.000,1593.442,1285,0,1783739778.582842827,-0.032029,-0.058967,1.074110,-0.137783,,,,,0.407176,-0.315744,0.276606,0.827,1.124
3,6,39.4167,rolling,-0.2000,reverse,1180.000,952,decreasing,1210.000,1593.442,1285,0,1783739778.582842827,-0.032029,-0.058967,1.074110,-0.137783,,,,,0.407176,-0.315744,0.276606,0.827,1.124
3,6,39.4384,rolling,-0.2000,reverse,1180.000,952,decreasing,1210.000,1593.486,1285,1,1783739778.683397770,-0.035003,-0.071752,1.085876,-0.134856,-0.0126777,0.0117655,-0.9280533,-0.2520576,0.419853,-0.328422,0.288372,0.827,1.124
3,6,39.4406,rolling,-0.2000,reverse,1180.000,952,decreasing,1210.000,1593.486,1285,0,1783739778.683397770,-0.035003,-0.071752,1.085876,-0.134856,,,,,0.419853,-0.328422,0.288372,0.827,1.124
3,6,39.4624,rolling,-0.2000,reverse,1180.000,952,decreasing,1210.000,1593.486,1285,0,1783739778.683397770,-0.035003,-0.071752,1.085876,-0.134856,,,,,0.419853,-0.328422,0.288372,0.827,1.124
3,6,39.4844,rolling,-0.2000,reverse,1180.000,952,decreasing,1210.000,1593.486,1285,0,1783739778.683397770,-0.035003,-0.071752,1.085876,-0.134856,,,,,0.419853,-0.328422,0.288372,0.827,1.124
3,6,39.5061,rolling,-0.2000,reverse,1180.000,952,decreasing,1210.000,1593.486,1285,0,1783739778.683397770,-0.035003,-0.071752,1.085876,-0.134856,,,,,0.419853,-0.328422,0.288372,0.814,1.137
3,6,39.5166,rolling,-0.2000,reverse,1180.000,952,decreasing,1210.000,1593.511,1285,1,1783739778.781564474,-0.040491,-0.083071,1.096442,-0.133166,-0.0125748,0.0105660,-0.8402565,-0.2290781,0.432428,-0.340997,0.298938,0.814,1.137
3,6,39.5301,rolling,-0.2000,reverse,1180.000,952,decreasing,1210.000,1593.511,1285,0,1783739778.781564474,-0.040491,-0.083071,1.096442,-0.133166,,,,,0.432428,-0.340997,0.298938,0.814,1.137
3,6,39.5517,rolling,-0.2000,reverse,1180.000,952,decreasing,1210.000,1593.511,1285,0,1783739778.781564474,-0.040491,-0.083071,1.096442,-0.133166,,,,,0.432428,-0.340997,0.298938,0.814,1.137
3,6,39.5733,rolling,-0.2000,reverse,1180.000,952,decreasing,1210.000,1593.511,1285,0,1783739778.781564474,-0.040491,-0.083071,1.096442,-0.133166,,,,,0.432428,-0.340997,0.298938,0.814,1.137
3,6,39.5948,rolling,-0.2000,reverse,1180.000,952,decreasing,1210.000,1593.511,1285,0,1783739778.781564474,-0.040491,-0.083071,1.096442,-0.133166,,,,,0.432428,-0.340997,0.298938,0.814,1.137
3,6,39.6163,rolling,-0.2000,reverse,1180.000,952,decreasing,1210.000,1593.511,1285,0,1783739778.781564474,-0.040491,-0.083071,1.096442,-0.133166,,,,,0.432428,-0.340997,0.298938,0.803,1.149
3,6,39.6187,rolling,-0.2000,reverse,1180.000,952,decreasing,1210.000,1593.591,1285,1,1783739778.881783009,-0.050382,-0.090639,1.105184,-0.127879,-0.0112264,0.0087421,-0.7787122,-0.2128203,0.443654,-0.352223,0.307680,0.803,1.149
3,6,39.6348,rolling,-0.2000,reverse,1180.000,952,decreasing,1210.000,1593.591,1285,0,1783739778.881783009,-0.050382,-0.090639,1.105184,-0.127879,,,,,0.443654,-0.352223,0.307680,0.803,1.149
3,6,39.6564,rolling,-0.2000,reverse,1180.000,952,decreasing,1210.000,1593.591,1285,0,1783739778.881783009,-0.050382,-0.090639,1.105184,-0.127879,,,,,0.443654,-0.352223,0.307680,0.803,1.149
3,6,39.6780,rolling,-0.2000,reverse,1180.000,952,decreasing,1210.000,1593.591,1285,0,1783739778.881783009,-0.050382,-0.090639,1.105184,-0.127879,,,,,0.443654,-0.352223,0.307680,0.803,1.149
3,6,39.6995,rolling,-0.2000,reverse,1180.000,952,decreasing,1210.000,1593.591,1285,0,1783739778.881783009,-0.050382,-0.090639,1.105184,-0.127879,,,,,0.443654,-0.352223,0.307680,0.793,1.162
3,6,39.7183,rolling,-0.2000,reverse,1180.000,952,decreasing,1210.000,1593.645,1285,1,1783739778.982524157,-0.052757,-0.102198,1.115542,-0.124227,-0.0114108,0.0103579,-0.9077344,-0.2467626,0.455065,-0.363634,0.318038,0.793,1.162
4,7,41.8884,startup,0.2000,forward,1720.000,1387,increasing,1690.000,1423.384,1148,0,1783739781.078160048,-0.053633,-0.104832,1.138196,0.004235,,,,,0.000000,0.000000,0.000000,0.787,1.173
4,7,41.9100,startup,0.2000,forward,1720.000,1387,increasing,1690.000,1423.384,1148,0,1783739781.078160048,-0.053633,-0.104832,1.138196,0.004235,,,,,0.000000,0.000000,0.000000,0.785,1.169
4,7,41.9125,startup,0.2000,forward,1720.000,1387,increasing,1690.000,1422.144,1147,1,1783739781.176482201,-0.055372,-0.103332,1.137100,0.004783,0.0006319,-0.0010955,-1.7337555,-0.4484275,0.000632,0.000000,0.000000,0.785,1.169
4,7,41.9299,startup,0.2000,forward,1720.000,1387,increasing,1690.000,1422.144,1147,0,1783739781.176482201,-0.055372,-0.103332,1.137100,0.004783,,,,,0.000632,0.000000,0.000000,0.785,1.169
4,7,41.9515,startup,0.2000,forward,1720.000,1387,increasing,1690.000,1422.144,1147,0,1783739781.176482201,-0.055372,-0.103332,1.137100,0.004783,,,,,0.000632,0.000000,0.000000,0.785,1.169
4,7,41.9732,startup,0.2000,forward,1720.000,1387,increasing,1690.000,1422.144,1147,0,1783739781.176482201,-0.055372,-0.103332,1.137100,0.004783,,,,,0.000632,0.000000,0.000000,0.785,1.169
4,7,41.9947,startup,0.2000,forward,1720.000,1387,increasing,1690.000,1422.144,1147,0,1783739781.176482201,-0.055372,-0.103332,1.137100,0.004783,,,,,0.000632,0.000000,0.000000,0.786,1.174
4,7,42.0126,startup,0.2000,forward,1720.000,1387,increasing,1690.000,1420.904,1146,1,1783739781.276986837,-0.053504,-0.104775,1.135862,0.002286,-0.0005232,-0.0012379,2.3662041,0.5810161,0.001155,0.000000,0.000000,0.786,1.174
4,7,42.0261,startup,0.2000,forward,1720.000,1387,increasing,1690.000,1420.904,1146,0,1783739781.276986837,-0.053504,-0.104775,1.135862,0.002286,,,,,0.001155,0.000000,0.000000,0.786,1.174
4,7,42.0477,startup,0.2000,forward,1720.000,1387,increasing,1690.000,1420.904,1146,0,1783739781.276986837,-0.053504,-0.104775,1.135862,0.002286,,,,,0.001155,0.000000,0.000000,0.786,1.174
4,7,42.0693,startup,0.2000,forward,1720.000,1387,increasing,1690.000,1420.904,1146,0,1783739781.276986837,-0.053504,-0.104775,1.135862,0.002286,,,,,0.001155,0.000000,0.000000,0.786,1.174
4,7,42.0908,startup,0.2000,forward,1720.000,1387,increasing,1690.000,1420.904,1146,0,1783739781.276986837,-0.053504,-0.104775,1.135862,0.002286,,,,,0.001155,0.000000,0.000000,0.790,1.166
4,7,42.1130,startup,0.2000,forward,1720.000,1387,increasing,1690.000,1419.664,1145,1,1783739781.377413273,-0.054942,-0.102001,1.136734,0.006473,0.0019114,0.0008713,0.4558535,0.1258310,0.003066,0.000000,0.000000,0.790,1.166
4,7,42.1299,startup,0.2000,forward,1720.000,1387,increasing,1690.000,1419.664,1145,0,1783739781.377413273,-0.054942,-0.102001,1.136734,0.006473,,,,,0.003066,0.000000,0.000000,0.790,1.166
4,7,42.1516,startup,0.2000,forward,1720.000,1387,increasing,1690.000,1419.664,1145,0,1783739781.377413273,-0.054942,-0.102001,1.136734,0.006473,,,,,0.003066,0.000000,0.000000,0.790,1.166
4,7,42.1732,startup,0.2000,forward,1720.000,1387,increasing,1690.000,1419.664,1145,0,1783739781.377413273,-0.054942,-0.102001,1.136734,0.006473,,,,,0.003066,0.000000,0.000000,0.790,1.166
4,7,42.1947,startup,0.2000,forward,1720.000,1387,increasing,1690.000,1419.664,1145,0,1783739781.377413273,-0.054942,-0.102001,1.136734,0.006473,,,,,0.003066,0.000000,0.000000,0.789,1.163
4,7,42.2137,startup,0.2000,forward,1720.000,1387,increasing,1690.000,1418.424,1144,1,1783739781.477914095,-0.052467,-0.097804,1.138511,0.016914,0.0048479,0.0017776,0.3666656,0.1014007,0.007914,0.000000,0.000000,0.789,1.163
4,7,42.2302,startup,0.2000,forward,1720.000,1387,increasing,1690.000,1418.424,1144,0,1783739781.477914095,-0.052467,-0.097804,1.138511,0.016914,,,,,0.007914,0.000000,0.000000,0.789,1.163
4,7,42.2519,startup,0.2000,forward,1720.000,1387,increasing,1690.000,1418.424,1144,0,1783739781.477914095,-0.052467,-0.097804,1.138511,0.016914,,,,,0.007914,0.000000,0.000000,0.789,1.163
4,7,42.2734,startup,0.2000,forward,1720.000,1387,increasing,1690.000,1418.424,1144,0,1783739781.477914095,-0.052467,-0.097804,1.138511,0.016914,,,,,0.007914,0.000000,0.000000,0.789,1.163
4,7,42.2949,startup,0.2000,forward,1720.000,1387,increasing,1690.000,1418.424,1144,0,1783739781.477914095,-0.052467,-0.097804,1.138511,0.016914,,,,,0.007914,0.000000,0.000000,0.795,1.158
4,7,42.3115,startup,0.2000,forward,1720.000,1387,increasing,1690.000,1415.324,1141,1,1783739781.578509569,-0.050749,-0.094696,1.139763,0.021486,0.0035410,0.0012513,0.3533718,0.0977482,0.011455,0.000000,0.000000,0.795,1.158
4,7,42.3212,startup,0.2000,forward,1720.000,1387,increasing,1690.000,1415.324,1141,0,1783739781.578509569,-0.050749,-0.094696,1.139763,0.021486,,,,,0.011455,0.000000,0.000000,0.795,1.158
4,7,42.3429,startup,0.2000,forward,1720.000,1387,increasing,1690.000,1415.324,1141,0,1783739781.578509569,-0.050749,-0.094696,1.139763,0.021486,,,,,0.011455,0.000000,0.000000,0.795,1.158
4,7,42.3645,startup,0.2000,forward,1720.000,1387,increasing,1690.000,1415.324,1141,0,1783739781.578509569,-0.050749,-0.094696,1.139763,0.021486,,,,,0.011455,0.000000,0.000000,0.795,1.158
4,7,42.3860,startup,0.2000,forward,1720.000,1387,increasing,1690.000,1415.324,1141,0,1783739781.578509569,-0.050749,-0.094696,1.139763,0.021486,,,,,0.011455,0.000000,0.000000,0.795,1.158
4,7,42.4076,startup,0.2000,forward,1720.000,1387,increasing,1690.000,1415.324,1141,0,1783739781.578509569,-0.050749,-0.094696,1.139763,0.021486,,,,,0.011455,0.000000,0.000000,0.799,1.151
4,7,42.4121,startup,0.2000,forward,1720.000,1387,increasing,1690.000,1412.224,1139,1,1783739781.676412106,-0.051779,-0.090496,1.142374,0.024768,0.0033891,0.0026110,0.7704090,0.2106179,0.014844,0.000000,0.000000,0.799,1.151
4,7,42.4259,startup,0.2000,forward,1720.000,1387,increasing,1690.000,1412.224,1139,0,1783739781.676412106,-0.051779,-0.090496,1.142374,0.024768,,,,,0.014844,0.000000,0.000000,0.799,1.151
4,7,42.4475,startup,0.2000,forward,1720.000,1387,increasing,1690.000,1412.224,1139,0,1783739781.676412106,-0.051779,-0.090496,1.142374,0.024768,,,,,0.014844,0.000000,0.000000,0.799,1.151
4,7,42.4691,startup,0.2000,forward,1720.000,1387,increasing,1690.000,1412.224,1139,0,1783739781.676412106,-0.051779,-0.090496,1.142374,0.024768,,,,,0.014844,0.000000,0.000000,0.799,1.151
4,7,42.4906,startup,0.2000,forward,1720.000,1387,increasing,1690.000,1412.224,1139,0,1783739781.676412106,-0.051779,-0.090496,1.142374,0.024768,,,,,0.014844,0.000000,0.000000,0.802,1.143
4,7,42.5128,startup,0.2000,forward,1720.000,1387,increasing,1690.000,1412.224,1139,0,1783739781.676412106,-0.051779,-0.090496,1.142374,0.024768,,,,,0.014844,0.000000,0.000000,0.802,1.143
4,7,42.5347,startup,0.2000,forward,1720.000,1387,increasing,1690.000,1409.124,1136,1,1783739781.776919127,-0.048484,-0.084285,1.149414,0.036032,0.0070176,0.0070403,1.0032396,0.2715235,0.021862,0.000000,0.000000,0.802,1.143
4,7,42.5365,startup,0.2000,forward,1720.000,1387,increasing,1690.000,1409.124,1136,0,1783739781.776919127,-0.048484,-0.084285,1.149414,0.036032,,,,,0.021862,0.000000,0.000000,0.802,1.143
4,7,42.5580,startup,0.2000,forward,1720.000,1387,increasing,1690.000,1409.124,1136,0,1783739781.776919127,-0.048484,-0.084285,1.149414,0.036032,,,,,0.021862,0.000000,0.000000,0.802,1.143
4,7,42.5796,startup,0.2000,forward,1720.000,1387,increasing,1690.000,1409.124,1136,0,1783739781.776919127,-0.048484,-0.084285,1.149414,0.036032,,,,,0.021862,0.000000,0.000000,0.802,1.143
4,7,42.6012,startup,0.2000,forward,1720.000,1387,increasing,1690.000,1409.124,1136,0,1783739781.776919127,-0.048484,-0.084285,1.149414,0.036032,,,,,0.021862,0.000000,0.000000,0.811,1.133
4,7,42.6136,startup,0.2000,forward,1720.000,1387,increasing,1690.000,1406.024,1134,1,1783739781.877651215,-0.044277,-0.077423,1.154444,0.046827,0.0079792,0.0050301,0.6303951,0.1731822,0.029841,0.000000,0.000000,0.811,1.133
4,7,42.6239,startup,0.2000,forward,1720.000,1387,increasing,1690.000,1406.024,1134,0,1783739781.877651215,-0.044277,-0.077423,1.154444,0.046827,,,,,0.029841,0.000000,0.000000,0.811,1.133
4,7,42.6455,startup,0.2000,forward,1720.000,1387,increasing,1690.000,1406.024,1134,0,1783739781.877651215,-0.044277,-0.077423,1.154444,0.046827,,,,,0.029841,0.000000,0.000000,0.811,1.133
4,7,42.6670,startup,0.2000,forward,1720.000,1387,increasing,1690.000,1406.024,1134,0,1783739781.877651215,-0.044277,-0.077423,1.154444,0.046827,,,,,0.029841,0.000000,0.000000,0.811,1.133
4,7,42.6886,startup,0.2000,forward,1720.000,1387,increasing,1690.000,1406.024,1134,0,1783739781.877651215,-0.044277,-0.077423,1.154444,0.046827,,,,,0.029841,0.000000,0.000000,0.811,1.133
4,7,42.7102,startup,0.2000,forward,1720.000,1387,increasing,1690.000,1406.024,1134,0,1783739781.877651215,-0.044277,-0.077423,1.154444,0.046827,,,,,0.029841,0.000000,0.000000,0.825,1.116
4,7,42.7128,rolling,0.2000,forward,1720.000,1387,increasing,1690.000,1419.384,1145,1,1783739781.978113890,-0.037412,-0.064087,1.168363,0.072365,0.0149668,0.0139187,0.9299707,0.2525565,0.044808,0.000000,0.000000,0.825,1.116
4,7,42.7326,rolling,0.2000,forward,1720.000,1387,increasing,1690.000,1419.384,1145,0,1783739781.978113890,-0.037412,-0.064087,1.168363,0.072365,,,,,0.044808,0.000000,0.000000,0.825,1.116
4,7,42.7543,rolling,0.2000,forward,1720.000,1387,increasing,1690.000,1419.384,1145,0,1783739781.978113890,-0.037412,-0.064087,1.168363,0.072365,,,,,0.044808,0.000000,0.000000,0.825,1.116
4,7,42.7759,rolling,0.2000,forward,1720.000,1387,increasing,1690.000,1419.384,1145,0,1783739781.978113890,-0.037412,-0.064087,1.168363,0.072365,,,,,0.044808,0.000000,0.000000,0.825,1.116
4,7,42.7975,rolling,0.2000,forward,1720.000,1387,increasing,1690.000,1419.384,1145,0,1783739781.978113890,-0.037412,-0.064087,1.168363,0.072365,,,,,0.044808,0.000000,0.000000,0.842,1.091
4,7,42.8119,rolling,0.2000,forward,1720.000,1387,increasing,1690.000,1419.384,1145,0,1783739781.978113890,-0.037412,-0.064087,1.168363,0.072365,,,,,0.044808,0.000000,0.000000,0.842,1.091
4,7,42.8338,rolling,0.2000,forward,1720.000,1387,increasing,1690.000,1417.553,1143,1,1783739782.076370001,-0.030481,-0.043914,1.188222,0.108445,0.0212905,0.0198595,0.9327827,0.2532879,0.066099,0.000000,0.000000,0.842,1.091
4,7,42.8355,rolling,0.2000,forward,1720.000,1387,increasing,1690.000,1417.553,1143,0,1783739782.076370001,-0.030481,-0.043914,1.188222,0.108445,,,,,0.066099,0.000000,0.000000,0.842,1.091
4,7,42.8571,rolling,0.2000,forward,1720.000,1387,increasing,1690.000,1417.553,1143,0,1783739782.076370001,-0.030481,-0.043914,1.188222,0.108445,,,,,0.066099,0.000000,0.000000,0.842,1.091
4,7,42.8788,rolling,0.2000,forward,1720.000,1387,increasing,1690.000,1417.553,1143,0,1783739782.076370001,-0.030481,-0.043914,1.188222,0.108445,,,,,0.066099,0.000000,0.000000,0.842,1.091
4,7,42.9003,rolling,0.2000,forward,1720.000,1387,increasing,1690.000,1417.553,1143,0,1783739782.076370001,-0.030481,-0.043914,1.188222,0.108445,,,,,0.066099,0.000000,0.000000,0.859,1.063
4,7,42.9125,rolling,0.2000,forward,1720.000,1387,increasing,1690.000,1418.264,1144,1,1783739782.176757574,-0.016823,-0.022223,1.212182,0.144001,0.0251643,0.0239601,0.9521471,0.2583176,0.091263,0.025164,0.023960,0.859,1.063
4,7,42.9297,rolling,0.2000,forward,1720.000,1387,increasing,1690.000,1418.264,1144,0,1783739782.176757574,-0.016823,-0.022223,1.212182,0.144001,,,,,0.091263,0.025164,0.023960,0.859,1.063
4,7,42.9513,rolling,0.2000,forward,1720.000,1387,increasing,1690.000,1418.264,1144,0,1783739782.176757574,-0.016823,-0.022223,1.212182,0.144001,,,,,0.091263,0.025164,0.023960,0.859,1.063
4,7,42.9729,rolling,0.2000,forward,1720.000,1387,increasing,1690.000,1418.264,1144,0,1783739782.176757574,-0.016823,-0.022223,1.212182,0.144001,,,,,0.091263,0.025164,0.023960,0.859,1.063
4,7,42.9947,rolling,0.2000,forward,1720.000,1387,increasing,1690.000,1418.264,1144,0,1783739782.176757574,-0.016823,-0.022223,1.212182,0.144001,,,,,0.091263,0.025164,0.023960,0.873,1.048
4,7,43.0126,rolling,0.2000,forward,1720.000,1387,increasing,1690.000,1418.489,1144,1,1783739782.277297735,-0.009842,-0.004542,1.233037,0.155251,0.0190019,0.0208545,1.0974945,0.2956302,0.110265,0.044166,0.044815,0.873,1.048
4,7,43.0301,rolling,0.2000,forward,1720.000,1387,increasing,1690.000,1418.489,1144,0,1783739782.277297735,-0.009842,-0.004542,1.233037,0.155251,,,,,0.110265,0.044166,0.044815,0.873,1.048
4,7,43.0519,rolling,0.2000,forward,1720.000,1387,increasing,1690.000,1418.489,1144,0,1783739782.277297735,-0.009842,-0.004542,1.233037,0.155251,,,,,0.110265,0.044166,0.044815,0.873,1.048
4,7,43.0735,rolling,0.2000,forward,1720.000,1387,increasing,1690.000,1418.489,1144,0,1783739782.277297735,-0.009842,-0.004542,1.233037,0.155251,,,,,0.110265,0.044166,0.044815,0.873,1.048
4,7,43.0951,rolling,0.2000,forward,1720.000,1387,increasing,1690.000,1418.489,1144,0,1783739782.277297735,-0.009842,-0.004542,1.233037,0.155251,,,,,0.110265,0.044166,0.044815,0.883,1.028
4,7,43.1132,rolling,0.2000,forward,1720.000,1387,increasing,1690.000,1418.521,1144,1,1783739782.377575397,-0.002938,0.010244,1.250859,0.156886,0.0162240,0.0178221,1.0985022,0.2958861,0.126489,0.060390,0.062637,0.883,1.028
4,7,43.1344,rolling,0.2000,forward,1720.000,1387,increasing,1690.000,1418.521,1144,0,1783739782.377575397,-0.002938,0.010244,1.250859,0.156886,,,,,0.126489,0.060390,0.062637,0.883,1.028
4,7,43.1561,rolling,0.2000,forward,1720.000,1387,increasing,1690.000,1418.521,1144,0,1783739782.377575397,-0.002938,0.010244,1.250859,0.156886,,,,,0.126489,0.060390,0.062637,0.883,1.028
4,7,43.1776,rolling,0.2000,forward,1720.000,1387,increasing,1690.000,1418.521,1144,0,1783739782.377575397,-0.002938,0.010244,1.250859,0.156886,,,,,0.126489,0.060390,0.062637,0.883,1.028
4,7,43.1991,rolling,0.2000,forward,1720.000,1387,increasing,1690.000,1418.521,1144,0,1783739782.377575397,-0.002938,0.010244,1.250859,0.156886,,,,,0.126489,0.060390,0.062637,0.899,1.015
4,7,43.2137,rolling,0.2000,forward,1720.000,1387,increasing,1690.000,1418.582,1144,1,1783739782.478078365,0.004279,0.025762,1.266096,0.159914,0.0169849,0.0152374,0.8971142,0.2439894,0.143474,0.077375,0.077874,0.899,1.015
4,7,43.2285,rolling,0.2000,forward,1720.000,1387,increasing,1690.000,1418.582,1144,0,1783739782.478078365,0.004279,0.025762,1.266096,0.159914,,,,,0.143474,0.077375,0.077874,0.899,1.015
4,7,43.2503,rolling,0.2000,forward,1720.000,1387,increasing,1690.000,1418.582,1144,0,1783739782.478078365,0.004279,0.025762,1.266096,0.159914,,,,,0.143474,0.077375,0.077874,0.899,1.015
4,7,43.2719,rolling,0.2000,forward,1720.000,1387,increasing,1690.000,1418.582,1144,0,1783739782.478078365,0.004279,0.025762,1.266096,0.159914,,,,,0.143474,0.077375,0.077874,0.899,1.015
4,7,43.2936,rolling,0.2000,forward,1720.000,1387,increasing,1690.000,1418.582,1144,0,1783739782.478078365,0.004279,0.025762,1.266096,0.159914,,,,,0.143474,0.077375,0.077874,0.904,1.007
4,7,43.3146,rolling,0.2000,forward,1720.000,1387,increasing,1690.000,1418.582,1144,0,1783739782.478078365,0.004279,0.025762,1.266096,0.159914,,,,,0.143474,0.077375,0.077874,0.904,1.007
4,7,43.3364,rolling,0.2000,forward,1720.000,1387,increasing,1690.000,1418.405,1144,1,1783739782.578644514,0.006692,0.038124,1.275599,0.151066,0.0125228,0.0095033,0.7588798,0.2075564,0.155997,0.089898,0.087377,0.904,1.007
4,7,43.3457,rolling,0.2000,forward,1720.000,1387,increasing,1690.000,1418.405,1144,0,1783739782.578644514,0.006692,0.038124,1.275599,0.151066,,,,,0.155997,0.089898,0.087377,0.904,1.007
4,7,43.3674,rolling,0.2000,forward,1720.000,1387,increasing,1690.000,1418.405,1144,0,1783739782.578644514,0.006692,0.038124,1.275599,0.151066,,,,,0.155997,0.089898,0.087377,0.904,1.007
4,7,43.3889,rolling,0.2000,forward,1720.000,1387,increasing,1690.000,1418.405,1144,0,1783739782.578644514,0.006692,0.038124,1.275599,0.151066,,,,,0.155997,0.089898,0.087377,0.904,1.007
4,7,43.4104,rolling,0.2000,forward,1720.000,1387,increasing,1690.000,1418.405,1144,0,1783739782.578644514,0.006692,0.038124,1.275599,0.151066,,,,,0.155997,0.089898,0.087377,0.912,1.002
4,7,43.4149,rolling,0.2000,forward,1720.000,1387,increasing,1690.000,1418.189,1144,1,1783739782.679212809,0.010844,0.048196,1.285352,0.140243,0.0108388,0.0097523,0.8997620,0.2446812,0.166835,0.100737,0.097130,0.912,1.002
4,7,43.4291,rolling,0.2000,forward,1720.000,1387,increasing,1690.000,1418.189,1144,0,1783739782.679212809,0.010844,0.048196,1.285352,0.140243,,,,,0.166835,0.100737,0.097130,0.912,1.002
4,7,43.4507,rolling,0.2000,forward,1720.000,1387,increasing,1690.000,1418.189,1144,0,1783739782.679212809,0.010844,0.048196,1.285352,0.140243,,,,,0.166835,0.100737,0.097130,0.912,1.002
4,7,43.4722,rolling,0.2000,forward,1720.000,1387,increasing,1690.000,1418.189,1144,0,1783739782.679212809,0.010844,0.048196,1.285352,0.140243,,,,,0.166835,0.100737,0.097130,0.912,1.002
4,7,43.4939,rolling,0.2000,forward,1720.000,1387,increasing,1690.000,1418.189,1144,0,1783739782.679212809,0.010844,0.048196,1.285352,0.140243,,,,,0.166835,0.100737,0.097130,0.911,0.997
4,7,43.5132,rolling,0.2000,forward,1720.000,1387,increasing,1690.000,1417.560,1143,1,1783739782.779825926,0.009182,0.050213,1.286711,0.108833,0.0014691,0.0013587,0.9248389,0.2512209,0.168305,0.100737,0.097130,0.911,0.997
4,7,43.5346,rolling,0.2000,forward,1720.000,1387,increasing,1690.000,1417.560,1143,0,1783739782.779825926,0.009182,0.050213,1.286711,0.108833,,,,,0.168305,0.100737,0.097130,0.911,0.997
4,7,43.5562,rolling,0.2000,forward,1720.000,1387,increasing,1690.000,1417.560,1143,0,1783739782.779825926,0.009182,0.050213,1.286711,0.108833,,,,,0.168305,0.100737,0.097130,0.911,0.997
4,7,43.5780,rolling,0.2000,forward,1720.000,1387,increasing,1690.000,1417.560,1143,0,1783739782.779825926,0.009182,0.050213,1.286711,0.108833,,,,,0.168305,0.100737,0.097130,0.911,0.997
4,7,43.5997,rolling,0.2000,forward,1720.000,1387,increasing,1690.000,1417.560,1143,0,1783739782.779825926,0.009182,0.050213,1.286711,0.108833,,,,,0.168305,0.100737,0.097130,0.913,0.999
4,7,43.6136,rolling,0.2000,forward,1720.000,1387,increasing,1690.000,1417.053,1143,1,1783739782.878022432,0.010517,0.050575,1.285434,0.083465,0.0007228,-0.0012766,-1.7662264,-0.4557187,0.169027,0.100737,0.097130,0.913,0.999
4,7,43.6326,rolling,0.2000,forward,1720.000,1387,increasing,1690.000,1417.053,1143,0,1783739782.878022432,0.010517,0.050575,1.285434,0.083465,,,,,0.169027,0.100737,0.097130,0.913,0.999
4,7,43.6543,rolling,0.2000,forward,1720.000,1387,increasing,1690.000,1417.053,1143,0,1783739782.878022432,0.010517,0.050575,1.285434,0.083465,,,,,0.169027,0.100737,0.097130,0.913,0.999
4,7,43.6759,rolling,0.2000,forward,1720.000,1387,increasing,1690.000,1417.053,1143,0,1783739782.878022432,0.010517,0.050575,1.285434,0.083465,,,,,0.169027,0.100737,0.097130,0.913,0.999
4,7,43.6975,rolling,0.2000,forward,1720.000,1387,increasing,1690.000,1417.053,1143,0,1783739782.878022432,0.010517,0.050575,1.285434,0.083465,,,,,0.169027,0.100737,0.097130,0.913,0.999
4,7,43.7143,rolling,0.2000,forward,1720.000,1387,increasing,1690.000,1416.623,1142,1,1783739782.978523254,0.009640,0.050569,1.286112,0.061970,-0.0002529,0.0006779,-2.6804656,-0.6395401,0.169280,0.100737,0.097130,0.913,0.999
4,7,43.7349,rolling,0.2000,forward,1720.000,1387,increasing,1690.000,1416.623,1142,0,1783739782.978523254,0.009640,0.050569,1.286112,0.061970,,,,,0.169280,0.100737,0.097130,0.913,0.999
4,7,43.7566,rolling,0.2000,forward,1720.000,1387,increasing,1690.000,1416.623,1142,0,1783739782.978523254,0.009640,0.050569,1.286112,0.061970,,,,,0.169280,0.100737,0.097130,0.913,0.999
4,7,43.7781,rolling,0.2000,forward,1720.000,1387,increasing,1690.000,1416.623,1142,0,1783739782.978523254,0.009640,0.050569,1.286112,0.061970,,,,,0.169280,0.100737,0.097130,0.913,0.999
4,7,43.7996,rolling,0.2000,forward,1720.000,1387,increasing,1690.000,1416.623,1142,0,1783739782.978523254,0.009640,0.050569,1.286112,0.061970,,,,,0.169280,0.100737,0.097130,0.917,0.998
4,7,43.8144,rolling,0.2000,forward,1720.000,1387,increasing,1690.000,1416.332,1142,1,1783739783.079190016,0.010146,0.050807,1.286869,0.047396,0.0003700,0.0007571,2.0463316,0.5164496,0.169650,0.100737,0.097130,0.917,0.998
4,7,43.8232,rolling,0.2000,forward,1720.000,1387,increasing,1690.000,1416.332,1142,0,1783739783.079190016,0.010146,0.050807,1.286869,0.047396,,,,,0.169650,0.100737,0.097130,0.917,0.998
4,7,43.8448,rolling,0.2000,forward,1720.000,1387,increasing,1690.000,1416.332,1142,0,1783739783.079190016,0.010146,0.050807,1.286869,0.047396,,,,,0.169650,0.100737,0.097130,0.917,0.998
4,7,43.8663,rolling,0.2000,forward,1720.000,1387,increasing,1690.000,1416.332,1142,0,1783739783.079190016,0.010146,0.050807,1.286869,0.047396,,,,,0.169650,0.100737,0.097130,0.917,0.998
4,7,43.8878,rolling,0.2000,forward,1720.000,1387,increasing,1690.000,1416.332,1142,0,1783739783.079190016,0.010146,0.050807,1.286869,0.047396,,,,,0.169650,0.100737,0.097130,0.917,0.998
4,7,43.9093,rolling,0.2000,forward,1720.000,1387,increasing,1690.000,1416.332,1142,0,1783739783.079190016,0.010146,0.050807,1.286869,0.047396,,,,,0.169650,0.100737,0.097130,0.912,0.997
4,7,43.9150,rolling,0.2000,forward,1720.000,1387,increasing,1690.000,1416.078,1142,1,1783739783.179361343,0.009942,0.050515,1.286601,0.034707,-0.0003366,-0.0002683,0.7971619,0.2177065,0.169987,0.100737,0.097130,0.912,0.997
4,7,43.9274,rolling,0.2000,forward,1720.000,1387,increasing,1690.000,1416.078,1142,0,1783739783.179361343,0.009942,0.050515,1.286601,0.034707,,,,,0.169987,0.100737,0.097130,0.912,0.997
4,7,43.9490,rolling,0.2000,forward,1720.000,1387,increasing,1690.000,1416.078,1142,0,1783739783.179361343,0.009942,0.050515,1.286601,0.034707,,,,,0.169987,0.100737,0.097130,0.912,0.997
4,7,43.9705,rolling,0.2000,forward,1720.000,1387,increasing,1690.000,1416.078,1142,0,1783739783.179361343,0.009942,0.050515,1.286601,0.034707,,,,,0.169987,0.100737,0.097130,0.912,0.997
4,7,43.9920,rolling,0.2000,forward,1720.000,1387,increasing,1690.000,1416.078,1142,0,1783739783.179361343,0.009942,0.050515,1.286601,0.034707,,,,,0.169987,0.100737,0.097130,0.912,0.997
4,7,44.0135,rolling,0.2000,forward,1720.000,1387,increasing,1690.000,1416.078,1142,0,1783739783.179361343,0.009942,0.050515,1.286601,0.034707,,,,,0.169987,0.100737,0.097130,0.912,0.998
4,7,44.0160,rolling,0.2000,forward,1720.000,1387,increasing,1690.000,1415.850,1142,1,1783739783.279863358,0.007972,0.049955,1.286695,0.023318,-0.0010905,0.0000945,-0.0866676,-0.0240456,0.171077,0.100737,0.097130,0.912,0.998
4,7,44.0305,rolling,0.2000,forward,1720.000,1387,increasing,1690.000,1415.850,1142,0,1783739783.279863358,0.007972,0.049955,1.286695,0.023318,,,,,0.171077,0.100737,0.097130,0.912,0.998
4,7,44.0522,rolling,0.2000,forward,1720.000,1387,increasing,1690.000,1415.850,1142,0,1783739783.279863358,0.007972,0.049955,1.286695,0.023318,,,,,0.171077,0.100737,0.097130,0.912,0.998
4,7,44.0737,rolling,0.2000,forward,1720.000,1387,increasing,1690.000,1415.850,1142,0,1783739783.279863358,0.007972,0.049955,1.286695,0.023318,,,,,0.171077,0.100737,0.097130,0.912,0.998
4,7,44.0953,rolling,0.2000,forward,1720.000,1387,increasing,1690.000,1415.850,1142,0,1783739783.279863358,0.007972,0.049955,1.286695,0.023318,,,,,0.171077,0.100737,0.097130,0.919,0.999
4,7,44.1132,rolling,0.2000,forward,1720.000,1387,increasing,1690.000,1415.755,1142,1,1783739783.380688906,0.010345,0.049705,1.286898,0.018543,0.0004255,0.0002027,0.4763550,0.1314265,0.171503,0.100737,0.097130,0.919,0.999
4,7,44.1260,rolling,0.2000,forward,1720.000,1387,increasing,1690.000,1415.755,1142,0,1783739783.380688906,0.010345,0.049705,1.286898,0.018543,,,,,0.171503,0.100737,0.097130,0.919,0.999
4,7,44.1477,rolling,0.2000,forward,1720.000,1387,increasing,1690.000,1415.755,1142,0,1783739783.380688906,0.010345,0.049705,1.286898,0.018543,,,,,0.171503,0.100737,0.097130,0.919,0.999
4,7,44.1692,rolling,0.2000,forward,1720.000,1387,increasing,1690.000,1415.755,1142,0,1783739783.380688906,0.010345,0.049705,1.286898,0.018543,,,,,0.171503,0.100737,0.097130,0.919,0.999
4,7,44.1908,rolling,0.2000,forward,1720.000,1387,increasing,1690.000,1415.755,1142,0,1783739783.380688906,0.010345,0.049705,1.286898,0.018543,,,,,0.171503,0.100737,0.097130,0.919,0.999
4,7,44.2123,rolling,0.2000,forward,1720.000,1387,increasing,1690.000,1415.755,1142,0,1783739783.380688906,0.010345,0.049705,1.286898,0.018543,,,,,0.171503,0.100737,0.097130,0.914,1.000
4,7,44.2148,rolling,0.2000,forward,1720.000,1387,increasing,1690.000,1415.596,1142,1,1783739783.478162527,0.011476,0.048045,1.287371,0.010631,-0.0012773,0.0004727,-0.3700971,-0.1023431,0.172780,0.100737,0.097130,0.914,1.000
4,7,44.2322,rolling,0.2000,forward,1720.000,1387,increasing,1690.000,1415.596,1142,0,1783739783.478162527,0.011476,0.048045,1.287371,0.010631,,,,,0.172780,0.100737,0.097130,0.914,1.000
4,7,44.2538,rolling,0.2000,forward,1720.000,1387,increasing,1690.000,1415.596,1142,0,1783739783.478162527,0.011476,0.048045,1.287371,0.010631,,,,,0.172780,0.100737,0.097130,0.914,1.000
4,7,44.2753,rolling,0.2000,forward,1720.000,1387,increasing,1690.000,1415.596,1142,0,1783739783.478162527,0.011476,0.048045,1.287371,0.010631,,,,,0.172780,0.100737,0.097130,0.914,1.000
4,7,44.2970,rolling,0.2000,forward,1720.000,1387,increasing,1690.000,1415.596,1142,0,1783739783.478162527,0.011476,0.048045,1.287371,0.010631,,,,,0.172780,0.100737,0.097130,0.913,0.997
4,7,44.3118,rolling,0.2000,forward,1720.000,1387,increasing,1690.000,1415.618,1142,1,1783739783.578973770,0.009442,0.050205,1.286817,0.011704,0.0015044,-0.0005537,-0.3680334,-0.1017764,0.174284,0.100737,0.097130,0.913,0.997
4,7,44.3248,rolling,0.2000,forward,1720.000,1387,increasing,1690.000,1415.618,1142,0,1783739783.578973770,0.009442,0.050205,1.286817,0.011704,,,,,0.174284,0.100737,0.097130,0.913,0.997
4,7,44.3466,rolling,0.2000,forward,1720.000,1387,increasing,1690.000,1415.618,1142,0,1783739783.578973770,0.009442,0.050205,1.286817,0.011704,,,,,0.174284,0.100737,0.097130,0.913,0.997
4,7,44.3681,rolling,0.2000,forward,1720.000,1387,increasing,1690.000,1415.618,1142,0,1783739783.578973770,0.009442,0.050205,1.286817,0.011704,,,,,0.174284,0.100737,0.097130,0.913,0.997
4,7,44.3898,rolling,0.2000,forward,1720.000,1387,increasing,1690.000,1415.618,1142,0,1783739783.578973770,0.009442,0.050205,1.286817,0.011704,,,,,0.174284,0.100737,0.097130,0.914,0.996
4,7,44.4102,rolling,0.2000,forward,1720.000,1387,increasing,1690.000,1412.518,1139,1,1783739783.676751614,0.008771,0.050740,1.285947,0.009610,0.0003254,-0.0008698,-2.6727686,-0.6381636,0.174610,0.100737,0.097130,0.914,0.996
4,7,44.4243,rolling,0.2000,forward,1720.000,1387,increasing,1690.000,1412.518,1139,0,1783739783.676751614,0.008771,0.050740,1.285947,0.009610,,,,,0.174610,0.100737,0.097130,0.914,0.996
4,7,44.4460,rolling,0.2000,forward,1720.000,1387,increasing,1690.000,1412.518,1139,0,1783739783.676751614,0.008771,0.050740,1.285947,0.009610,,,,,0.174610,0.100737,0.097130,0.914,0.996
4,7,44.4675,rolling,0.2000,forward,1720.000,1387,increasing,1690.000,1412.518,1139,0,1783739783.676751614,0.008771,0.050740,1.285947,0.009610,,,,,0.174610,0.100737,0.097130,0.914,0.996
4,7,44.4891,rolling,0.2000,forward,1720.000,1387,increasing,1690.000,1412.518,1139,0,1783739783.676751614,0.008771,0.050740,1.285947,0.009610,,,,,0.174610,0.100737,0.097130,0.913,1.000
4,7,44.5106,rolling,0.2000,forward,1720.000,1387,increasing,1690.000,1409.418,1137,1,1783739783.774936676,0.007311,0.050012,1.285582,0.004382,-0.0011100,-0.0003656,0.3293381,0.0911382,0.175720,0.100737,0.097130,0.913,1.000
4,7,44.5174,rolling,0.2000,forward,1720.000,1387,increasing,1690.000,1409.418,1137,0,1783739783.774936676,0.007311,0.050012,1.285582,0.004382,,,,,0.175720,0.100737,0.097130,0.913,1.000
4,7,44.5391,rolling,0.2000,forward,1720.000,1387,increasing,1690.000,1409.418,1137,0,1783739783.774936676,0.007311,0.050012,1.285582,0.004382,,,,,0.175720,0.100737,0.097130,0.913,1.000
4,7,44.5606,rolling,0.2000,forward,1720.000,1387,increasing,1690.000,1409.418,1137,0,1783739783.774936676,0.007311,0.050012,1.285582,0.004382,,,,,0.175720,0.100737,0.097130,0.913,1.000
4,7,44.5822,rolling,0.2000,forward,1720.000,1387,increasing,1690.000,1409.418,1137,0,1783739783.774936676,0.007311,0.050012,1.285582,0.004382,,,,,0.175720,0.100737,0.097130,0.913,1.000
4,7,44.6037,rolling,0.2000,forward,1720.000,1387,increasing,1690.000,1409.418,1137,0,1783739783.774936676,0.007311,0.050012,1.285582,0.004382,,,,,0.175720,0.100737,0.097130,0.911,1.000
4,7,44.6089,rolling,0.2000,forward,1720.000,1387,increasing,1690.000,1406.318,1134,1,1783739783.875361204,0.008146,0.049802,1.285552,0.003371,0.0000340,-0.0000298,-0.8769085,-0.2387027,0.175754,0.100737,0.097130,0.911,1.000
4,7,44.6199,rolling,0.2000,forward,1720.000,1387,increasing,1690.000,1406.318,1134,0,1783739783.875361204,0.008146,0.049802,1.285552,0.003371,,,,,0.175754,0.100737,0.097130,0.911,1.000
4,7,44.6418,rolling,0.2000,forward,1720.000,1387,increasing,1690.000,1406.318,1134,0,1783739783.875361204,0.008146,0.049802,1.285552,0.003371,,,,,0.175754,0.100737,0.097130,0.911,1.000
4,7,44.6634,rolling,0.2000,forward,1720.000,1387,increasing,1690.000,1406.318,1134,0,1783739783.875361204,0.008146,0.049802,1.285552,0.003371,,,,,0.175754,0.100737,0.097130,0.911,1.000
4,7,44.6851,rolling,0.2000,forward,1720.000,1387,increasing,1690.000,1406.318,1134,0,1783739783.875361204,0.008146,0.049802,1.285552,0.003371,,,,,0.175754,0.100737,0.097130,0.911,1.000
4,7,44.7066,rolling,0.2000,forward,1720.000,1387,increasing,1690.000,1406.318,1134,0,1783739783.875361204,0.008146,0.049802,1.285552,0.003371,,,,,0.175754,0.100737,0.097130,0.914,0.998
4,7,44.7094,rolling,0.2000,forward,1720.000,1387,increasing,1690.000,1403.218,1132,1,1783739783.973724127,0.008318,0.049917,1.285651,0.002930,0.0001582,0.0000991,0.6263538,0.1720939,0.175912,0.100737,0.097130,0.914,0.998
4,7,44.7212,rolling,0.2000,forward,1720.000,1387,increasing,1690.000,1403.218,1132,0,1783739783.973724127,0.008318,0.049917,1.285651,0.002930,,,,,0.175912,0.100737,0.097130,0.914,0.998
4,7,44.7432,rolling,0.2000,forward,1720.000,1387,increasing,1690.000,1403.218,1132,0,1783739783.973724127,0.008318,0.049917,1.285651,0.002930,,,,,0.175912,0.100737,0.097130,0.914,0.998
4,7,44.7650,rolling,0.2000,forward,1720.000,1387,increasing,1690.000,1403.218,1132,0,1783739783.973724127,0.008318,0.049917,1.285651,0.002930,,,,,0.175912,0.100737,0.097130,0.914,0.998
4,7,44.7867,rolling,0.2000,forward,1720.000,1387,increasing,1690.000,1403.218,1132,0,1783739783.973724127,0.008318,0.049917,1.285651,0.002930,,,,,0.175912,0.100737,0.097130,0.914,0.998
4,7,44.8083,rolling,0.2000,forward,1720.000,1387,increasing,1690.000,1403.218,1132,0,1783739783.973724127,0.008318,0.049917,1.285651,0.002930,,,,,0.175912,0.100737,0.097130,0.913,0.999
4,7,44.8110,rolling,0.2000,forward,1720.000,1387,increasing,1690.000,1400.118,1129,1,1783739784.074285746,0.007966,0.048835,1.285370,-0.000630,-0.0011375,-0.0002810,0.2470581,0.0684515,0.177050,0.100737,0.097130,0.913,0.999
4,7,44.8200,rolling,0.2000,forward,1720.000,1387,increasing,1690.000,1400.118,1129,0,1783739784.074285746,0.007966,0.048835,1.285370,-0.000630,,,,,0.177050,0.100737,0.097130,0.913,0.999
4,7,44.8418,rolling,0.2000,forward,1720.000,1387,increasing,1690.000,1400.118,1129,0,1783739784.074285746,0.007966,0.048835,1.285370,-0.000630,,,,,0.177050,0.100737,0.097130,0.913,0.999
4,7,44.8633,rolling,0.2000,forward,1720.000,1387,increasing,1690.000,1400.118,1129,0,1783739784.074285746,0.007966,0.048835,1.285370,-0.000630,,,,,0.177050,0.100737,0.097130,0.913,0.999
4,7,44.8850,rolling,0.2000,forward,1720.000,1387,increasing,1690.000,1400.118,1129,0,1783739784.074285746,0.007966,0.048835,1.285370,-0.000630,,,,,0.177050,0.100737,0.097130,0.913,0.999
4,7,44.9065,rolling,0.2000,forward,1720.000,1387,increasing,1690.000,1400.118,1129,0,1783739784.074285746,0.007966,0.048835,1.285370,-0.000630,,,,,0.177050,0.100737,0.097130,0.911,0.998
4,7,44.9103,rolling,0.2000,forward,1720.000,1387,increasing,1690.000,1397.018,1127,1,1783739784.174557447,0.007907,0.050918,1.286215,0.004471,0.0019827,0.0008447,0.4260296,0.1176770,0.179032,0.100737,0.097130,0.911,0.998
4,7,44.9256,rolling,0.2000,forward,1720.000,1387,increasing,1690.000,1397.018,1127,0,1783739784.174557447,0.007907,0.050918,1.286215,0.004471,,,,,0.179032,0.100737,0.097130,0.911,0.998
4,7,44.9472,rolling,0.2000,forward,1720.000,1387,increasing,1690.000,1397.018,1127,0,1783739784.174557447,0.007907,0.050918,1.286215,0.004471,,,,,0.179032,0.100737,0.097130,0.911,0.998
4,7,44.9688,rolling,0.2000,forward,1720.000,1387,increasing,1690.000,1397.018,1127,0,1783739784.174557447,0.007907,0.050918,1.286215,0.004471,,,,,0.179032,0.100737,0.097130,0.911,0.998
4,7,44.9903,rolling,0.2000,forward,1720.000,1387,increasing,1690.000,1397.018,1127,0,1783739784.174557447,0.007907,0.050918,1.286215,0.004471,,,,,0.179032,0.100737,0.097130,0.920,0.923
4,7,45.0085,rolling,0.2000,forward,1720.000,1387,increasing,1690.000,1397.018,1127,0,1783739784.174557447,0.007907,0.050918,1.286215,0.004471,,,,,0.179032,0.100737,0.097130,0.920,0.923
4,7,45.0304,rolling,0.2000,forward,1720.000,1387,increasing,1690.000,1393.918,1124,1,1783739784.275162697,0.004545,0.055935,1.287847,0.012983,0.0038755,0.0016323,0.4211836,0.1163506,0.182908,0.100737,0.097130,0.920,0.923
4,7,45.0322,rolling,0.2000,forward,1720.000,1387,increasing,1690.000,1393.918,1124,0,1783739784.275162697,0.004545,0.055935,1.287847,0.012983,,,,,0.182908,0.100737,0.097130,0.920,0.923
4,7,45.0539,rolling,0.2000,forward,1720.000,1387,increasing,1690.000,1393.918,1124,0,1783739784.275162697,0.004545,0.055935,1.287847,0.012983,,,,,0.182908,0.100737,0.097130,0.920,0.923
4,7,45.0755,rolling,0.2000,forward,1720.000,1387,increasing,1690.000,1393.918,1124,0,1783739784.275162697,0.004545,0.055935,1.287847,0.012983,,,,,0.182908,0.100737,0.097130,0.920,0.923
4,7,45.0970,rolling,0.2000,forward,1720.000,1387,increasing,1690.000,1393.918,1124,0,1783739784.275162697,0.004545,0.055935,1.287847,0.012983,,,,,0.182908,0.100737,0.097130,0.934,0.960
4,7,45.1089,rolling,0.2000,forward,1720.000,1387,increasing,1690.000,1419.384,1145,1,1783739784.373394728,0.010871,0.071327,1.300999,0.051815,0.0165333,0.0131525,0.7955169,0.2172712,0.199441,0.100737,0.097130,0.934,0.960
4,7,45.1252,rolling,0.2000,forward,1720.000,1387,increasing,1690.000,1419.384,1145,0,1783739784.373394728,0.010871,0.071327,1.300999,0.051815,,,,,0.199441,0.100737,0.097130,0.934,0.960
4,7,45.1470,rolling,0.2000,forward,1720.000,1387,increasing,1690.000,1419.384,1145,0,1783739784.373394728,0.010871,0.071327,1.300999,0.051815,,,,,0.199441,0.100737,0.097130,0.934,0.960
4,7,45.1686,rolling,0.2000,forward,1720.000,1387,increasing,1690.000,1419.384,1145,0,1783739784.373394728,0.010871,0.071327,1.300999,0.051815,,,,,0.199441,0.100737,0.097130,0.934,0.960
4,7,45.1902,rolling,0.2000,forward,1720.000,1387,increasing,1690.000,1419.384,1145,0,1783739784.373394728,0.010871,0.071327,1.300999,0.051815,,,,,0.199441,0.100737,0.097130,0.960,0.876
4,7,45.2095,rolling,0.2000,forward,1720.000,1387,increasing,1690.000,1417.427,1143,1,1783739784.473710299,0.020958,0.094943,1.327789,0.102168,0.0254027,0.0267895,1.0545948,0.2847002,0.224844,0.100737,0.097130,0.960,0.876
4,7,45.2307,rolling,0.2000,forward,1720.000,1387,increasing,1690.000,1417.427,1143,0,1783739784.473710299,0.020958,0.094943,1.327789,0.102168,,,,,0.224844,0.100737,0.097130,0.960,0.876
4,7,45.2523,rolling,0.2000,forward,1720.000,1387,increasing,1690.000,1417.427,1143,0,1783739784.473710299,0.020958,0.094943,1.327789,0.102168,,,,,0.224844,0.100737,0.097130,0.960,0.876
4,7,45.2739,rolling,0.2000,forward,1720.000,1387,increasing,1690.000,1417.427,1143,0,1783739784.473710299,0.020958,0.094943,1.327789,0.102168,,,,,0.224844,0.100737,0.097130,0.960,0.876
4,7,45.2954,rolling,0.2000,forward,1720.000,1387,increasing,1690.000,1417.427,1143,0,1783739784.473710299,0.020958,0.094943,1.327789,0.102168,,,,,0.224844,0.100737,0.097130,0.988,0.849
4,7,45.3075,rolling,0.2000,forward,1720.000,1387,increasing,1690.000,1418.463,1144,1,1783739784.574287176,0.028209,0.125208,1.356112,0.153982,0.0311208,0.0283231,0.9100997,0.2473797,0.255965,0.131857,0.125453,0.988,0.849
4,7,45.3196,rolling,0.2000,forward,1720.000,1387,increasing,1690.000,1418.463,1144,0,1783739784.574287176,0.028209,0.125208,1.356112,0.153982,,,,,0.255965,0.131857,0.125453,0.988,0.849
4,7,45.3412,rolling,0.2000,forward,1720.000,1387,increasing,1690.000,1418.463,1144,0,1783739784.574287176,0.028209,0.125208,1.356112,0.153982,,,,,0.255965,0.131857,0.125453,0.988,0.849
4,7,45.3628,rolling,0.2000,forward,1720.000,1387,increasing,1690.000,1418.463,1144,0,1783739784.574287176,0.028209,0.125208,1.356112,0.153982,,,,,0.255965,0.131857,0.125453,0.988,0.849
4,7,45.3843,rolling,0.2000,forward,1720.000,1387,increasing,1690.000,1418.463,1144,0,1783739784.574287176,0.028209,0.125208,1.356112,0.153982,,,,,0.255965,0.131857,0.125453,0.988,0.849
4,7,45.4059,rolling,0.2000,forward,1720.000,1387,increasing,1690.000,1418.463,1144,0,1783739784.574287176,0.028209,0.125208,1.356112,0.153982,,,,,0.255965,0.131857,0.125453,1.010,0.818
4,7,45.4084,rolling,0.2000,forward,1720.000,1387,increasing,1690.000,1419.179,1144,1,1783739784.672189951,0.034455,0.153614,1.383832,0.189747,0.0290814,0.0277198,0.9531815,0.2585858,0.285046,0.160939,0.153173,1.010,0.818
4,7,45.4173,rolling,0.2000,forward,1720.000,1387,increasing,1690.000,1419.179,1144,0,1783739784.672189951,0.034455,0.153614,1.383832,0.189747,,,,,0.285046,0.160939,0.153173,1.010,0.818
4,7,45.4389,rolling,0.2000,forward,1720.000,1387,increasing,1690.000,1419.179,1144,0,1783739784.672189951,0.034455,0.153614,1.383832,0.189747,,,,,0.285046,0.160939,0.153173,1.010,0.818
4,7,45.4604,rolling,0.2000,forward,1720.000,1387,increasing,1690.000,1419.179,1144,0,1783739784.672189951,0.034455,0.153614,1.383832,0.189747,,,,,0.285046,0.160939,0.153173,1.010,0.818
4,7,45.4819,rolling,0.2000,forward,1720.000,1387,increasing,1690.000,1419.179,1144,0,1783739784.672189951,0.034455,0.153614,1.383832,0.189747,,,,,0.285046,0.160939,0.153173,1.010,0.818
4,7,45.5034,rolling,0.2000,forward,1720.000,1387,increasing,1690.000,1419.179,1144,0,1783739784.672189951,0.034455,0.153614,1.383832,0.189747,,,,,0.285046,0.160939,0.153173,1.027,0.795
4,7,45.5083,rolling,0.2000,forward,1720.000,1387,increasing,1690.000,1419.179,1144,0,1783739784.672189951,0.034455,0.153614,1.383832,0.189747,,,,,0.285046,0.160939,0.153173,1.027,0.795
4,7,45.5303,rolling,0.2000,forward,1720.000,1387,increasing,1690.000,1419.132,1144,1,1783739784.772554636,0.038305,0.171321,1.405746,0.187414,0.0181073,0.0219139,1.2102275,0.3240032,0.303153,0.179046,0.175086,1.027,0.795
4,7,45.5327,rolling,0.2000,forward,1720.000,1387,increasing,1690.000,1419.132,1144,0,1783739784.772554636,0.038305,0.171321,1.405746,0.187414,,,,,0.303153,0.179046,0.175086,1.027,0.795
4,7,45.5543,rolling,0.2000,forward,1720.000,1387,increasing,1690.000,1419.132,1144,0,1783739784.772554636,0.038305,0.171321,1.405746,0.187414,,,,,0.303153,0.179046,0.175086,1.027,0.795
4,7,45.5759,rolling,0.2000,forward,1720.000,1387,increasing,1690.000,1419.132,1144,0,1783739784.772554636,0.038305,0.171321,1.405746,0.187414,,,,,0.303153,0.179046,0.175086,1.027,0.795
4,7,45.5974,rolling,0.2000,forward,1720.000,1387,increasing,1690.000,1419.132,1144,0,1783739784.772554636,0.038305,0.171321,1.405746,0.187414,,,,,0.303153,0.179046,0.175086,1.041,0.771
4,7,45.6116,rolling,0.2000,forward,1720.000,1387,increasing,1690.000,1419.110,1144,1,1783739784.873212337,0.041070,0.189532,1.427265,0.186307,0.0184190,0.0215191,1.1683080,0.3135131,0.321572,0.197465,0.196606,1.041,0.771
4,7,45.6247,rolling,0.2000,forward,1720.000,1387,increasing,1690.000,1419.110,1144,0,1783739784.873212337,0.041070,0.189532,1.427265,0.186307,,,,,0.321572,0.197465,0.196606,1.041,0.771
4,7,45.6467,rolling,0.2000,forward,1720.000,1387,increasing,1690.000,1419.110,1144,0,1783739784.873212337,0.041070,0.189532,1.427265,0.186307,,,,,0.321572,0.197465,0.196606,1.041,0.771
4,7,45.6684,rolling,0.2000,forward,1720.000,1387,increasing,1690.000,1419.110,1144,0,1783739784.873212337,0.041070,0.189532,1.427265,0.186307,,,,,0.321572,0.197465,0.196606,1.041,0.771
4,7,45.6905,rolling,0.2000,forward,1720.000,1387,increasing,1690.000,1419.110,1144,0,1783739784.873212337,0.041070,0.189532,1.427265,0.186307,,,,,0.321572,0.197465,0.196606,1.069,0.753
4,7,45.7127,rolling,0.2000,forward,1720.000,1387,increasing,1690.000,1419.063,1144,1,1783739784.976510286,0.046852,0.207194,1.444912,0.183969,0.0182792,0.0176470,0.9654148,0.2617559,0.339852,0.215744,0.214253,1.069,0.753
4,7,45.7224,rolling,0.2000,forward,1720.000,1387,increasing,1690.000,1419.063,1144,0,1783739784.976510286,0.046852,0.207194,1.444912,0.183969,,,,,0.339852,0.215744,0.214253,1.069,0.753
4,7,45.7441,rolling,0.2000,forward,1720.000,1387,increasing,1690.000,1419.063,1144,0,1783739784.976510286,0.046852,0.207194,1.444912,0.183969,,,,,0.339852,0.215744,0.214253,1.069,0.753
4,7,45.7656,rolling,0.2000,forward,1720.000,1387,increasing,1690.000,1419.063,1144,0,1783739784.976510286,0.046852,0.207194,1.444912,0.183969,,,,,0.339852,0.215744,0.214253,1.069,0.753
4,7,45.7874,rolling,0.2000,forward,1720.000,1387,increasing,1690.000,1419.063,1144,0,1783739784.976510286,0.046852,0.207194,1.444912,0.183969,,,,,0.339852,0.215744,0.214253,1.069,0.753
4,7,45.8090,rolling,0.2000,forward,1720.000,1387,increasing,1690.000,1419.063,1144,0,1783739784.976510286,0.046852,0.207194,1.444912,0.183969,,,,,0.339852,0.215744,0.214253,1.075,0.738
4,7,45.8128,rolling,0.2000,forward,1720.000,1387,increasing,1690.000,1419.043,1144,1,1783739785.077131510,0.049145,0.225148,1.459023,0.182945,0.0180989,0.0141116,0.7796942,0.2130806,0.357950,0.233843,0.228364,1.075,0.738
4,7,45.8247,rolling,0.2000,forward,1720.000,1387,increasing,1690.000,1419.043,1144,0,1783739785.077131510,0.049145,0.225148,1.459023,0.182945,,,,,0.357950,0.233843,0.228364,1.075,0.738
4,7,45.8464,rolling,0.2000,forward,1720.000,1387,increasing,1690.000,1419.043,1144,0,1783739785.077131510,0.049145,0.225148,1.459023,0.182945,,,,,0.357950,0.233843,0.228364,1.075,0.738
4,7,45.8680,rolling,0.2000,forward,1720.000,1387,increasing,1690.000,1419.043,1144,0,1783739785.077131510,0.049145,0.225148,1.459023,0.182945,,,,,0.357950,0.233843,0.228364,1.075,0.738
4,7,45.8896,rolling,0.2000,forward,1720.000,1387,increasing,1690.000,1419.043,1144,0,1783739785.077131510,0.049145,0.225148,1.459023,0.182945,,,,,0.357950,0.233843,0.228364,1.075,0.738
4,7,45.9114,rolling,0.2000,forward,1720.000,1387,increasing,1690.000,1419.043,1144,0,1783739785.077131510,0.049145,0.225148,1.459023,0.182945,,,,,0.357950,0.233843,0.228364,1.090,0.723
4,7,45.9139,rolling,0.2000,forward,1720.000,1387,increasing,1690.000,1418.946,1144,1,1783739785.177648306,0.050935,0.241493,1.473193,0.178104,0.0164426,0.0141700,0.8617843,0.2347365,0.374393,0.250286,0.242534,1.090,0.723
4,7,45.9248,rolling,0.2000,forward,1720.000,1387,increasing,1690.000,1418.946,1144,0,1783739785.177648306,0.050935,0.241493,1.473193,0.178104,,,,,0.374393,0.250286,0.242534,1.090,0.723
4,7,45.9465,rolling,0.2000,forward,1720.000,1387,increasing,1690.000,1418.946,1144,0,1783739785.177648306,0.050935,0.241493,1.473193,0.178104,,,,,0.374393,0.250286,0.242534,1.090,0.723
4,7,45.9680,rolling,0.2000,forward,1720.000,1387,increasing,1690.000,1418.946,1144,0,1783739785.177648306,0.050935,0.241493,1.473193,0.178104,,,,,0.374393,0.250286,0.242534,1.090,0.723
4,7,45.9895,rolling,0.2000,forward,1720.000,1387,increasing,1690.000,1418.946,1144,0,1783739785.177648306,0.050935,0.241493,1.473193,0.178104,,,,,0.374393,0.250286,0.242534,1.090,0.723
4,7,46.0110,rolling,0.2000,forward,1720.000,1387,increasing,1690.000,1418.946,1144,0,1783739785.177648306,0.050935,0.241493,1.473193,0.178104,,,,,0.374393,0.250286,0.242534,1.105,0.706
4,7,46.0138,rolling,0.2000,forward,1720.000,1387,increasing,1690.000,1418.704,1144,1,1783739785.278035641,0.051860,0.254489,1.487259,0.166018,0.0130262,0.0140657,1.0798029,0.2911313,0.387419,0.263312,0.256600,1.105,0.706
4,7,46.0332,rolling,0.2000,forward,1720.000,1387,increasing,1690.000,1418.704,1144,0,1783739785.278035641,0.051860,0.254489,1.487259,0.166018,,,,,0.387419,0.263312,0.256600,1.105,0.706
4,7,46.0548,rolling,0.2000,forward,1720.000,1387,increasing,1690.000,1418.704,1144,0,1783739785.278035641,0.051860,0.254489,1.487259,0.166018,,,,,0.387419,0.263312,0.256600,1.105,0.706
4,7,46.0764,rolling,0.2000,forward,1720.000,1387,increasing,1690.000,1418.704,1144,0,1783739785.278035641,0.051860,0.254489,1.487259,0.166018,,,,,0.387419,0.263312,0.256600,1.105,0.706
4,7,46.0979,rolling,0.2000,forward,1720.000,1387,increasing,1690.000,1418.704,1144,0,1783739785.278035641,0.051860,0.254489,1.487259,0.166018,,,,,0.387419,0.263312,0.256600,1.129,0.696
4,7,46.1142,rolling,0.2000,forward,1720.000,1387,increasing,1690.000,1418.412,1144,1,1783739785.378548622,0.053796,0.265179,1.499641,0.151396,0.0108083,0.0123817,1.1455743,0.3077940,0.398227,0.274120,0.268981,1.129,0.696
4,7,46.1257,rolling,0.2000,forward,1720.000,1387,increasing,1690.000,1418.412,1144,0,1783739785.378548622,0.053796,0.265179,1.499641,0.151396,,,,,0.398227,0.274120,0.268981,1.129,0.696
4,7,46.1474,rolling,0.2000,forward,1720.000,1387,increasing,1690.000,1418.412,1144,0,1783739785.378548622,0.053796,0.265179,1.499641,0.151396,,,,,0.398227,0.274120,0.268981,1.129,0.696
4,7,46.1690,rolling,0.2000,forward,1720.000,1387,increasing,1690.000,1418.412,1144,0,1783739785.378548622,0.053796,0.265179,1.499641,0.151396,,,,,0.398227,0.274120,0.268981,1.129,0.696
4,7,46.1905,rolling,0.2000,forward,1720.000,1387,increasing,1690.000,1418.412,1144,0,1783739785.378548622,0.053796,0.265179,1.499641,0.151396,,,,,0.398227,0.274120,0.268981,1.129,0.696
4,7,46.2121,rolling,0.2000,forward,1720.000,1387,increasing,1690.000,1418.412,1144,0,1783739785.378548622,0.053796,0.265179,1.499641,0.151396,,,,,0.398227,0.274120,0.268981,1.132,0.684
4,7,46.2149,rolling,0.2000,forward,1720.000,1387,increasing,1690.000,1418.364,1144,1,1783739785.479145288,0.053519,0.279500,1.511723,0.149017,0.0142725,0.0120823,0.8465428,0.2307320,0.412500,0.288393,0.281064,1.132,0.684
4,7,46.2266,rolling,0.2000,forward,1720.000,1387,increasing,1690.000,1418.364,1144,0,1783739785.479145288,0.053519,0.279500,1.511723,0.149017,,,,,0.412500,0.288393,0.281064,1.132,0.684
4,7,46.2483,rolling,0.2000,forward,1720.000,1387,increasing,1690.000,1418.364,1144,0,1783739785.479145288,0.053519,0.279500,1.511723,0.149017,,,,,0.412500,0.288393,0.281064,1.132,0.684
4,7,46.2698,rolling,0.2000,forward,1720.000,1387,increasing,1690.000,1418.364,1144,0,1783739785.479145288,0.053519,0.279500,1.511723,0.149017,,,,,0.412500,0.288393,0.281064,1.132,0.684
4,7,46.2913,rolling,0.2000,forward,1720.000,1387,increasing,1690.000,1418.364,1144,0,1783739785.479145288,0.053519,0.279500,1.511723,0.149017,,,,,0.412500,0.288393,0.281064,1.143,0.678
4,7,46.3125,rolling,0.2000,forward,1720.000,1387,increasing,1690.000,1418.291,1144,1,1783739785.579778671,0.054417,0.292996,1.523279,0.145360,0.0135241,0.0115560,0.8544707,0.2328159,0.426024,0.301917,0.292620,1.143,0.678
4,7,46.3208,rolling,0.2000,forward,1720.000,1387,increasing,1690.000,1418.291,1144,0,1783739785.579778671,0.054417,0.292996,1.523279,0.145360,,,,,0.426024,0.301917,0.292620,1.143,0.678
4,7,46.3425,rolling,0.2000,forward,1720.000,1387,increasing,1690.000,1418.291,1144,0,1783739785.579778671,0.054417,0.292996,1.523279,0.145360,,,,,0.426024,0.301917,0.292620,1.143,0.678
4,7,46.3640,rolling,0.2000,forward,1720.000,1387,increasing,1690.000,1418.291,1144,0,1783739785.579778671,0.054417,0.292996,1.523279,0.145360,,,,,0.426024,0.301917,0.292620,1.143,0.678
4,7,46.3855,rolling,0.2000,forward,1720.000,1387,increasing,1690.000,1418.291,1144,0,1783739785.579778671,0.054417,0.292996,1.523279,0.145360,,,,,0.426024,0.301917,0.292620,1.143,0.678
4,7,46.4070,rolling,0.2000,forward,1720.000,1387,increasing,1690.000,1418.291,1144,0,1783739785.579778671,0.054417,0.292996,1.523279,0.145360,,,,,0.426024,0.301917,0.292620,1.172,0.663
4,7,46.4132,rolling,0.2000,forward,1720.000,1387,increasing,1690.000,1418.161,1144,1,1783739785.677306414,0.056284,0.304574,1.532675,0.138877,0.0116476,0.0093961,0.8067013,0.2202287,0.437672,0.313564,0.302016,1.172,0.663
4,7,46.4249,rolling,0.2000,forward,1720.000,1387,increasing,1690.000,1418.161,1144,0,1783739785.677306414,0.056284,0.304574,1.532675,0.138877,,,,,0.437672,0.313564,0.302016,1.172,0.663
4,7,46.4464,rolling,0.2000,forward,1720.000,1387,increasing,1690.000,1418.161,1144,0,1783739785.677306414,0.056284,0.304574,1.532675,0.138877,,,,,0.437672,0.313564,0.302016,1.172,0.663
4,7,46.4679,rolling,0.2000,forward,1720.000,1387,increasing,1690.000,1418.161,1144,0,1783739785.677306414,0.056284,0.304574,1.532675,0.138877,,,,,0.437672,0.313564,0.302016,1.172,0.663
4,7,46.4895,rolling,0.2000,forward,1720.000,1387,increasing,1690.000,1418.161,1144,0,1783739785.677306414,0.056284,0.304574,1.532675,0.138877,,,,,0.437672,0.313564,0.302016,1.173,0.650
4,7,46.5110,rolling,0.2000,forward,1720.000,1387,increasing,1690.000,1417.919,1143,1,1783739785.778019428,0.056454,0.313685,1.542864,0.126776,0.0091118,0.0101891,1.1182328,0.3008881,0.446783,0.322676,0.312205,1.173,0.650
4,7,46.5259,rolling,0.2000,forward,1720.000,1387,increasing,1690.000,1417.919,1143,0,1783739785.778019428,0.056454,0.313685,1.542864,0.126776,,,,,0.446783,0.322676,0.312205,1.173,0.650
4,7,46.5475,rolling,0.2000,forward,1720.000,1387,increasing,1690.000,1417.919,1143,0,1783739785.778019428,0.056454,0.313685,1.542864,0.126776,,,,,0.446783,0.322676,0.312205,1.173,0.650
4,7,46.5690,rolling,0.2000,forward,1720.000,1387,increasing,1690.000,1417.919,1143,0,1783739785.778019428,0.056454,0.313685,1.542864,0.126776,,,,,0.446783,0.322676,0.312205,1.173,0.650
4,7,46.5906,rolling,0.2000,forward,1720.000,1387,increasing,1690.000,1417.919,1143,0,1783739785.778019428,0.056454,0.313685,1.542864,0.126776,,,,,0.446783,0.322676,0.312205,1.186,0.646
4,7,46.6120,rolling,0.2000,forward,1720.000,1387,increasing,1690.000,1417.787,1143,1,1783739785.875859022,0.056580,0.323504,1.552846,0.120173,0.0098196,0.0099822,1.0165552,0.2749495,0.456603,0.332496,0.322187,1.186,0.646
4,8,47.4464,startup,-0.2000,reverse,1720.000,1387,increasing,1690.000,1588.509,1281,0,1783739786.672743797,0.055588,0.329640,1.556288,0.012517,,,,,0.000000,0.000000,0.000000,1.186,0.635
4,8,47.4680,startup,-0.2000,reverse,1720.000,1387,increasing,1690.000,1588.509,1281,0,1783739786.672743797,0.055588,0.329640,1.556288,0.012517,,,,,0.000000,0.000000,0.000000,1.186,0.635
4,8,47.4895,startup,-0.2000,reverse,1720.000,1387,increasing,1690.000,1588.509,1281,0,1783739786.672743797,0.055588,0.329640,1.556288,0.012517,,,,,0.000000,0.000000,0.000000,1.193,0.637
4,8,47.5091,startup,-0.2000,reverse,1720.000,1387,increasing,1690.000,1589.749,1282,1,1783739786.773265839,0.056103,0.332836,1.556427,0.017353,0.0032030,0.0001388,0.0433460,0.0120279,0.003203,0.000000,0.000000,1.193,0.637
4,8,47.5242,startup,-0.2000,reverse,1720.000,1387,increasing,1690.000,1589.749,1282,0,1783739786.773265839,0.056103,0.332836,1.556427,0.017353,,,,,0.003203,0.000000,0.000000,1.193,0.637
4,8,47.5458,startup,-0.2000,reverse,1720.000,1387,increasing,1690.000,1589.749,1282,0,1783739786.773265839,0.056103,0.332836,1.556427,0.017353,,,,,0.003203,0.000000,0.000000,1.193,0.637
4,8,47.5673,startup,-0.2000,reverse,1720.000,1387,increasing,1690.000,1589.749,1282,0,1783739786.773265839,0.056103,0.332836,1.556427,0.017353,,,,,0.003203,0.000000,0.000000,1.193,0.637
4,8,47.5888,startup,-0.2000,reverse,1720.000,1387,increasing,1690.000,1589.749,1282,0,1783739786.773265839,0.056103,0.332836,1.556427,0.017353,,,,,0.003203,0.000000,0.000000,1.185,0.635
4,8,47.6067,startup,-0.2000,reverse,1720.000,1387,increasing,1690.000,1589.749,1282,0,1783739786.773265839,0.056103,0.332836,1.556427,0.017353,,,,,0.003203,0.000000,0.000000,1.185,0.635
4,8,47.6284,startup,-0.2000,reverse,1720.000,1387,increasing,1690.000,1590.989,1283,1,1783739786.873902798,0.056022,0.330306,1.558209,0.006728,-0.0025308,0.0017825,-0.7043298,-0.1930182,0.005734,0.000000,0.000000,1.185,0.635
4,8,47.6303,startup,-0.2000,reverse,1720.000,1387,increasing,1690.000,1590.989,1283,0,1783739786.873902798,0.056022,0.330306,1.558209,0.006728,,,,,0.005734,0.000000,0.000000,1.185,0.635
4,8,47.6518,startup,-0.2000,reverse,1720.000,1387,increasing,1690.000,1590.989,1283,0,1783739786.873902798,0.056022,0.330306,1.558209,0.006728,,,,,0.005734,0.000000,0.000000,1.185,0.635
4,8,47.6733,startup,-0.2000,reverse,1720.000,1387,increasing,1690.000,1590.989,1283,0,1783739786.873902798,0.056022,0.330306,1.558209,0.006728,,,,,0.005734,0.000000,0.000000,1.185,0.635
4,8,47.6949,startup,-0.2000,reverse,1720.000,1387,increasing,1690.000,1590.989,1283,0,1783739786.873902798,0.056022,0.330306,1.558209,0.006728,,,,,0.005734,0.000000,0.000000,1.196,0.640
4,8,47.7071,startup,-0.2000,reverse,1720.000,1387,increasing,1690.000,1590.989,1283,0,1783739786.873902798,0.056022,0.330306,1.558209,0.006728,,,,,0.005734,0.000000,0.000000,1.196,0.640
4,8,47.7294,startup,-0.2000,reverse,1720.000,1387,increasing,1690.000,1592.229,1284,1,1783739786.971618891,0.056717,0.324733,1.555776,-0.009186,-0.0055629,-0.0024331,0.4373707,0.1207796,0.011297,0.000000,0.000000,1.196,0.640
4,8,47.7363,startup,-0.2000,reverse,1720.000,1387,increasing,1690.000,1592.229,1284,0,1783739786.971618891,0.056717,0.324733,1.555776,-0.009186,,,,,0.011297,0.000000,0.000000,1.196,0.640
4,8,47.7581,startup,-0.2000,reverse,1720.000,1387,increasing,1690.000,1592.229,1284,0,1783739786.971618891,0.056717,0.324733,1.555776,-0.009186,,,,,0.011297,0.000000,0.000000,1.196,0.640
4,8,47.7798,startup,-0.2000,reverse,1720.000,1387,increasing,1690.000,1592.229,1284,0,1783739786.971618891,0.056717,0.324733,1.555776,-0.009186,,,,,0.011297,0.000000,0.000000,1.196,0.640
4,8,47.8014,startup,-0.2000,reverse,1720.000,1387,increasing,1690.000,1592.229,1284,0,1783739786.971618891,0.056717,0.324733,1.555776,-0.009186,,,,,0.011297,0.000000,0.000000,1.182,0.637
4,8,47.8080,startup,-0.2000,reverse,1720.000,1387,increasing,1690.000,1593.469,1285,1,1783739787.072038412,0.056073,0.327055,1.555063,-0.001135,0.0023117,-0.0007126,-0.3082634,-0.0853353,0.013608,0.000000,0.000000,1.182,0.637
4,8,47.8244,startup,-0.2000,reverse,1720.000,1387,increasing,1690.000,1593.469,1285,0,1783739787.072038412,0.056073,0.327055,1.555063,-0.001135,,,,,0.013608,0.000000,0.000000,1.182,0.637
4,8,47.8460,startup,-0.2000,reverse,1720.000,1387,increasing,1690.000,1593.469,1285,0,1783739787.072038412,0.056073,0.327055,1.555063,-0.001135,,,,,0.013608,0.000000,0.000000,1.182,0.637
4,8,47.8675,startup,-0.2000,reverse,1720.000,1387,increasing,1690.000,1593.469,1285,0,1783739787.072038412,0.056073,0.327055,1.555063,-0.001135,,,,,0.013608,0.000000,0.000000,1.182,0.637
4,8,47.8890,startup,-0.2000,reverse,1720.000,1387,increasing,1690.000,1593.469,1285,0,1783739787.072038412,0.056073,0.327055,1.555063,-0.001135,,,,,0.013608,0.000000,0.000000,1.188,0.640
4,8,47.9085,startup,-0.2000,reverse,1720.000,1387,increasing,1690.000,1596.569,1288,1,1783739787.172862530,0.057523,0.327357,1.554323,-0.000042,0.0003262,-0.0007408,-2.2708001,-0.5622920,0.013935,0.000000,0.000000,1.188,0.640
4,8,47.9233,startup,-0.2000,reverse,1720.000,1387,increasing,1690.000,1596.569,1288,0,1783739787.172862530,0.057523,0.327357,1.554323,-0.000042,,,,,0.013935,0.000000,0.000000,1.188,0.640
4,8,47.9449,startup,-0.2000,reverse,1720.000,1387,increasing,1690.000,1596.569,1288,0,1783739787.172862530,0.057523,0.327357,1.554323,-0.000042,,,,,0.013935,0.000000,0.000000,1.188,0.640
4,8,47.9665,startup,-0.2000,reverse,1720.000,1387,increasing,1690.000,1596.569,1288,0,1783739787.172862530,0.057523,0.327357,1.554323,-0.000042,,,,,0.013935,0.000000,0.000000,1.188,0.640
4,8,47.9880,startup,-0.2000,reverse,1720.000,1387,increasing,1690.000,1596.569,1288,0,1783739787.172862530,0.057523,0.327357,1.554323,-0.000042,,,,,0.013935,0.000000,0.000000,1.182,0.637
4,8,48.0091,startup,-0.2000,reverse,1720.000,1387,increasing,1690.000,1599.669,1290,1,1783739787.273334026,0.054752,0.327520,1.553734,0.000258,0.0001165,-0.0005890,-5.0547277,-0.9514534,0.014051,0.000000,0.000000,1.182,0.637
4,8,48.0219,startup,-0.2000,reverse,1720.000,1387,increasing,1690.000,1599.669,1290,0,1783739787.273334026,0.054752,0.327520,1.553734,0.000258,,,,,0.014051,0.000000,0.000000,1.182,0.637
4,8,48.0435,startup,-0.2000,reverse,1720.000,1387,increasing,1690.000,1599.669,1290,0,1783739787.273334026,0.054752,0.327520,1.553734,0.000258,,,,,0.014051,0.000000,0.000000,1.182,0.637
4,8,48.0651,startup,-0.2000,reverse,1720.000,1387,increasing,1690.000,1599.669,1290,0,1783739787.273334026,0.054752,0.327520,1.553734,0.000258,,,,,0.014051,0.000000,0.000000,1.182,0.637
4,8,48.0867,startup,-0.2000,reverse,1720.000,1387,increasing,1690.000,1599.669,1290,0,1783739787.273334026,0.054752,0.327520,1.553734,0.000258,,,,,0.014051,0.000000,0.000000,1.182,0.637
4,8,48.1082,startup,-0.2000,reverse,1720.000,1387,increasing,1690.000,1599.669,1290,0,1783739787.273334026,0.054752,0.327520,1.553734,0.000258,,,,,0.014051,0.000000,0.000000,1.190,0.638
4,8,48.1108,startup,-0.2000,reverse,1720.000,1387,increasing,1690.000,1602.769,1293,1,1783739787.373831511,0.054949,0.326225,1.554164,-0.003020,-0.0012918,0.0004308,-0.3334669,-0.0922743,0.015343,0.000000,0.000000,1.190,0.638
4,8,48.1198,startup,-0.2000,reverse,1720.000,1387,increasing,1690.000,1602.769,1293,0,1783739787.373831511,0.054949,0.326225,1.554164,-0.003020,,,,,0.015343,0.000000,0.000000,1.190,0.638
4,8,48.1414,startup,-0.2000,reverse,1720.000,1387,increasing,1690.000,1602.769,1293,0,1783739787.373831511,0.054949,0.326225,1.554164,-0.003020,,,,,0.015343,0.000000,0.000000,1.190,0.638
4,8,48.1630,startup,-0.2000,reverse,1720.000,1387,increasing,1690.000,1602.769,1293,0,1783739787.373831511,0.054949,0.326225,1.554164,-0.003020,,,,,0.015343,0.000000,0.000000,1.190,0.638
4,8,48.1846,startup,-0.2000,reverse,1720.000,1387,increasing,1690.000,1602.769,1293,0,1783739787.373831511,0.054949,0.326225,1.554164,-0.003020,,,,,0.015343,0.000000,0.000000,1.190,0.638
4,8,48.2062,startup,-0.2000,reverse,1720.000,1387,increasing,1690.000,1602.769,1293,0,1783739787.373831511,0.054949,0.326225,1.554164,-0.003020,,,,,0.015343,0.000000,0.000000,1.183,0.646
4,8,48.2087,startup,-0.2000,reverse,1720.000,1387,increasing,1690.000,1602.769,1293,0,1783739787.373831511,0.054949,0.326225,1.554164,-0.003020,,,,,0.015343,0.000000,0.000000,1.183,0.646
4,8,48.2306,startup,-0.2000,reverse,1720.000,1387,increasing,1690.000,1605.869,1295,1,1783739787.474404573,0.055270,0.314360,1.548080,-0.031736,-0.0118560,-0.0060840,0.5131566,0.1414500,0.027199,0.000000,0.000000,1.183,0.646
4,8,48.2325,startup,-0.2000,reverse,1720.000,1387,increasing,1690.000,1605.869,1295,0,1783739787.474404573,0.055270,0.314360,1.548080,-0.031736,,,,,0.027199,0.000000,0.000000,1.183,0.646
4,8,48.2541,startup,-0.2000,reverse,1720.000,1387,increasing,1690.000,1605.869,1295,0,1783739787.474404573,0.055270,0.314360,1.548080,-0.031736,,,,,0.027199,0.000000,0.000000,1.183,0.646
4,8,48.2756,startup,-0.2000,reverse,1720.000,1387,increasing,1690.000,1605.869,1295,0,1783739787.474404573,0.055270,0.314360,1.548080,-0.031736,,,,,0.027199,0.000000,0.000000,1.183,0.646
4,8,48.2971,startup,-0.2000,reverse,1720.000,1387,increasing,1690.000,1605.869,1295,0,1783739787.474404573,0.055270,0.314360,1.548080,-0.031736,,,,,0.027199,0.000000,0.000000,1.160,0.656
4,8,48.3083,rolling,-0.2000,reverse,1720.000,1387,increasing,1690.000,1592.509,1284,1,1783739787.572167158,0.057756,0.298369,1.538488,-0.064506,-0.0159173,-0.0095925,0.6026488,0.1657016,0.043116,0.000000,0.000000,1.160,0.656
4,8,48.3247,rolling,-0.2000,reverse,1720.000,1387,increasing,1690.000,1592.509,1284,0,1783739787.572167158,0.057756,0.298369,1.538488,-0.064506,,,,,0.043116,0.000000,0.000000,1.160,0.656
4,8,48.3464,rolling,-0.2000,reverse,1720.000,1387,increasing,1690.000,1592.509,1284,0,1783739787.572167158,0.057756,0.298369,1.538488,-0.064506,,,,,0.043116,0.000000,0.000000,1.160,0.656
4,8,48.3679,rolling,-0.2000,reverse,1720.000,1387,increasing,1690.000,1592.509,1284,0,1783739787.572167158,0.057756,0.298369,1.538488,-0.064506,,,,,0.043116,0.000000,0.000000,1.160,0.656
4,8,48.3895,rolling,-0.2000,reverse,1720.000,1387,increasing,1690.000,1592.509,1284,0,1783739787.572167158,0.057756,0.298369,1.538488,-0.064506,,,,,0.043116,0.000000,0.000000,1.141,0.673
4,8,48.4085,rolling,-0.2000,reverse,1720.000,1387,increasing,1690.000,1594.007,1285,1,1783739787.673017025,0.055540,0.277567,1.522537,-0.100125,-0.0208743,-0.0159503,0.7641137,0.2089467,0.063991,0.000000,0.000000,1.141,0.673
4,8,48.4298,rolling,-0.2000,reverse,1720.000,1387,increasing,1690.000,1594.007,1285,0,1783739787.673017025,0.055540,0.277567,1.522537,-0.100125,,,,,0.063991,0.000000,0.000000,1.141,0.673
4,8,48.4514,rolling,-0.2000,reverse,1720.000,1387,increasing,1690.000,1594.007,1285,0,1783739787.673017025,0.055540,0.277567,1.522537,-0.100125,,,,,0.063991,0.000000,0.000000,1.141,0.673
4,8,48.4729,rolling,-0.2000,reverse,1720.000,1387,increasing,1690.000,1594.007,1285,0,1783739787.673017025,0.055540,0.277567,1.522537,-0.100125,,,,,0.063991,0.000000,0.000000,1.141,0.673
4,8,48.4945,rolling,-0.2000,reverse,1720.000,1387,increasing,1690.000,1594.007,1285,0,1783739787.673017025,0.055540,0.277567,1.522537,-0.100125,,,,,0.063991,0.000000,0.000000,1.128,0.691
4,8,48.5091,rolling,-0.2000,reverse,1720.000,1387,increasing,1690.000,1594.007,1285,0,1783739787.673017025,0.055540,0.277567,1.522537,-0.100125,,,,,0.063991,0.000000,0.000000,1.128,0.691
4,8,48.5308,rolling,-0.2000,reverse,1720.000,1387,increasing,1690.000,1593.628,1285,1,1783739787.773315907,0.053498,0.257479,1.502237,-0.125376,-0.0201729,-0.0203000,1.0062991,0.2723112,0.084164,-0.020173,-0.020300,1.128,0.691
4,8,48.5326,rolling,-0.2000,reverse,1720.000,1387,increasing,1690.000,1593.628,1285,0,1783739787.773315907,0.053498,0.257479,1.502237,-0.125376,,,,,0.084164,-0.020173,-0.020300,1.128,0.691
4,8,48.5542,rolling,-0.2000,reverse,1720.000,1387,increasing,1690.000,1593.628,1285,0,1783739787.773315907,0.053498,0.257479,1.502237,-0.125376,,,,,0.084164,-0.020173,-0.020300,1.128,0.691
4,8,48.5757,rolling,-0.2000,reverse,1720.000,1387,increasing,1690.000,1593.628,1285,0,1783739787.773315907,0.053498,0.257479,1.502237,-0.125376,,,,,0.084164,-0.020173,-0.020300,1.128,0.691
4,8,48.5971,rolling,-0.2000,reverse,1720.000,1387,increasing,1690.000,1593.628,1285,0,1783739787.773315907,0.053498,0.257479,1.502237,-0.125376,,,,,0.084164,-0.020173,-0.020300,1.098,0.712
4,8,48.6096,rolling,-0.2000,reverse,1720.000,1387,increasing,1690.000,1593.280,1285,1,1783739787.873875141,0.054147,0.235426,1.483694,-0.148566,-0.0219354,-0.0185433,0.8453594,0.2304208,0.106099,-0.042108,-0.038843,1.098,0.712
4,8,48.6195,rolling,-0.2000,reverse,1720.000,1387,increasing,1690.000,1593.280,1285,0,1783739787.873875141,0.054147,0.235426,1.483694,-0.148566,,,,,0.106099,-0.042108,-0.038843,1.098,0.712
4,8,48.6411,rolling,-0.2000,reverse,1720.000,1387,increasing,1690.000,1593.280,1285,0,1783739787.873875141,0.054147,0.235426,1.483694,-0.148566,,,,,0.106099,-0.042108,-0.038843,1.098,0.712
4,8,48.6627,rolling,-0.2000,reverse,1720.000,1387,increasing,1690.000,1593.280,1285,0,1783739787.873875141,0.054147,0.235426,1.483694,-0.148566,,,,,0.106099,-0.042108,-0.038843,1.098,0.712
4,8,48.6842,rolling,-0.2000,reverse,1720.000,1387,increasing,1690.000,1593.280,1285,0,1783739787.873875141,0.054147,0.235426,1.483694,-0.148566,,,,,0.106099,-0.042108,-0.038843,1.098,0.712
4,8,48.7057,rolling,-0.2000,reverse,1720.000,1387,increasing,1690.000,1593.280,1285,0,1783739787.873875141,0.054147,0.235426,1.483694,-0.148566,,,,,0.106099,-0.042108,-0.038843,1.083,0.735
4,8,48.7103,rolling,-0.2000,reverse,1720.000,1387,increasing,1690.000,1593.069,1285,1,1783739787.974436283,0.052859,0.214861,1.465876,-0.162622,-0.0205939,-0.0178181,0.8652128,0.2356363,0.126693,-0.062702,-0.056661,1.083,0.735
4,8,48.7215,rolling,-0.2000,reverse,1720.000,1387,increasing,1690.000,1593.069,1285,0,1783739787.974436283,0.052859,0.214861,1.465876,-0.162622,,,,,0.126693,-0.062702,-0.056661,1.083,0.735
4,8,48.7431,rolling,-0.2000,reverse,1720.000,1387,increasing,1690.000,1593.069,1285,0,1783739787.974436283,0.052859,0.214861,1.465876,-0.162622,,,,,0.126693,-0.062702,-0.056661,1.083,0.735
4,8,48.7647,rolling,-0.2000,reverse,1720.000,1387,increasing,1690.000,1593.069,1285,0,1783739787.974436283,0.052859,0.214861,1.465876,-0.162622,,,,,0.126693,-0.062702,-0.056661,1.083,0.735
4,8,48.7862,rolling,-0.2000,reverse,1720.000,1387,increasing,1690.000,1593.069,1285,0,1783739787.974436283,0.052859,0.214861,1.465876,-0.162622,,,,,0.126693,-0.062702,-0.056661,1.067,0.756
4,8,48.8081,rolling,-0.2000,reverse,1720.000,1387,increasing,1690.000,1592.966,1285,1,1783739788.075127602,0.047836,0.196146,1.447613,-0.169549,-0.0191648,-0.0182632,0.9529518,0.2585263,0.145858,-0.081867,-0.074925,1.067,0.756
4,8,48.8249,rolling,-0.2000,reverse,1720.000,1387,increasing,1690.000,1592.966,1285,0,1783739788.075127602,0.047836,0.196146,1.447613,-0.169549,,,,,0.145858,-0.081867,-0.074925,1.067,0.756
4,8,48.8468,rolling,-0.2000,reverse,1720.000,1387,increasing,1690.000,1592.966,1285,0,1783739788.075127602,0.047836,0.196146,1.447613,-0.169549,,,,,0.145858,-0.081867,-0.074925,1.067,0.756
4,8,48.8684,rolling,-0.2000,reverse,1720.000,1387,increasing,1690.000,1592.966,1285,0,1783739788.075127602,0.047836,0.196146,1.447613,-0.169549,,,,,0.145858,-0.081867,-0.074925,1.067,0.756
4,8,48.8901,rolling,-0.2000,reverse,1720.000,1387,increasing,1690.000,1592.966,1285,0,1783739788.075127602,0.047836,0.196146,1.447613,-0.169549,,,,,0.145858,-0.081867,-0.074925,1.039,0.772
4,8,48.9085,rolling,-0.2000,reverse,1720.000,1387,increasing,1690.000,1592.833,1285,1,1783739788.172943354,0.046911,0.176062,1.429831,-0.178358,-0.0200312,-0.0177817,0.8876983,0.2415275,0.165889,-0.101898,-0.092706,1.039,0.772
4,8,48.9195,rolling,-0.2000,reverse,1720.000,1387,increasing,1690.000,1592.833,1285,0,1783739788.172943354,0.046911,0.176062,1.429831,-0.178358,,,,,0.165889,-0.101898,-0.092706,1.039,0.772
4,8,48.9411,rolling,-0.2000,reverse,1720.000,1387,increasing,1690.000,1592.833,1285,0,1783739788.172943354,0.046911,0.176062,1.429831,-0.178358,,,,,0.165889,-0.101898,-0.092706,1.039,0.772
4,8,48.9627,rolling,-0.2000,reverse,1720.000,1387,increasing,1690.000,1592.833,1285,0,1783739788.172943354,0.046911,0.176062,1.429831,-0.178358,,,,,0.165889,-0.101898,-0.092706,1.039,0.772
4,8,48.9842,rolling,-0.2000,reverse,1720.000,1387,increasing,1690.000,1592.833,1285,0,1783739788.172943354,0.046911,0.176062,1.429831,-0.178358,,,,,0.165889,-0.101898,-0.092706,1.039,0.772
4,8,49.0059,rolling,-0.2000,reverse,1720.000,1387,increasing,1690.000,1592.833,1285,0,1783739788.172943354,0.046911,0.176062,1.429831,-0.178358,,,,,0.165889,-0.101898,-0.092706,1.026,0.794
4,8,49.0093,rolling,-0.2000,reverse,1720.000,1387,increasing,1690.000,1592.924,1285,1,1783739788.273436785,0.047153,0.160367,1.414141,-0.172293,-0.0154857,-0.0156903,1.0132153,0.2740908,0.181375,-0.117384,-0.108397,1.026,0.794
4,8,49.0241,rolling,-0.2000,reverse,1720.000,1387,increasing,1690.000,1592.924,1285,0,1783739788.273436785,0.047153,0.160367,1.414141,-0.172293,,,,,0.181375,-0.117384,-0.108397,1.026,0.794
4,8,49.0457,rolling,-0.2000,reverse,1720.000,1387,increasing,1690.000,1592.924,1285,0,1783739788.273436785,0.047153,0.160367,1.414141,-0.172293,,,,,0.181375,-0.117384,-0.108397,1.026,0.794
4,8,49.0672,rolling,-0.2000,reverse,1720.000,1387,increasing,1690.000,1592.924,1285,0,1783739788.273436785,0.047153,0.160367,1.414141,-0.172293,,,,,0.181375,-0.117384,-0.108397,1.026,0.794
4,8,49.0889,rolling,-0.2000,reverse,1720.000,1387,increasing,1690.000,1592.924,1285,0,1783739788.273436785,0.047153,0.160367,1.414141,-0.172293,,,,,0.181375,-0.117384,-0.108397,1.020,0.812
4,8,49.1100,rolling,-0.2000,reverse,1720.000,1387,increasing,1690.000,1592.924,1285,0,1783739788.273436785,0.047153,0.160367,1.414141,-0.172293,,,,,0.181375,-0.117384,-0.108397,1.020,0.812
4,8,49.1319,rolling,-0.2000,reverse,1720.000,1387,increasing,1690.000,1592.845,1285,1,1783739788.374155045,0.044339,0.141087,1.399973,-0.177574,-0.0194808,-0.0141675,0.7272544,0.1991383,0.200855,-0.136865,-0.122564,1.020,0.812
4,8,49.1338,rolling,-0.2000,reverse,1720.000,1387,increasing,1690.000,1592.845,1285,0,1783739788.374155045,0.044339,0.141087,1.399973,-0.177574,,,,,0.200855,-0.136865,-0.122564,1.020,0.812
4,8,49.1555,rolling,-0.2000,reverse,1720.000,1387,increasing,1690.000,1592.845,1285,0,1783739788.374155045,0.044339,0.141087,1.399973,-0.177574,,,,,0.200855,-0.136865,-0.122564,1.020,0.812
4,8,49.1771,rolling,-0.2000,reverse,1720.000,1387,increasing,1690.000,1592.845,1285,0,1783739788.374155045,0.044339,0.141087,1.399973,-0.177574,,,,,0.200855,-0.136865,-0.122564,1.020,0.812
4,8,49.1986,rolling,-0.2000,reverse,1720.000,1387,increasing,1690.000,1592.845,1285,0,1783739788.374155045,0.044339,0.141087,1.399973,-0.177574,,,,,0.200855,-0.136865,-0.122564,0.999,0.828
4,8,49.2080,rolling,-0.2000,reverse,1720.000,1387,increasing,1690.000,1592.832,1285,1,1783739788.474673271,0.041348,0.123138,1.387502,-0.178434,-0.0181953,-0.0124710,0.6853957,0.1879524,0.219051,-0.155060,-0.135035,0.999,0.828
4,8,49.2178,rolling,-0.2000,reverse,1720.000,1387,increasing,1690.000,1592.832,1285,0,1783739788.474673271,0.041348,0.123138,1.387502,-0.178434,,,,,0.219051,-0.155060,-0.135035,0.999,0.828
4,8,49.2395,rolling,-0.2000,reverse,1720.000,1387,increasing,1690.000,1592.832,1285,0,1783739788.474673271,0.041348,0.123138,1.387502,-0.178434,,,,,0.219051,-0.155060,-0.135035,0.999,0.828
4,8,49.2611,rolling,-0.2000,reverse,1720.000,1387,increasing,1690.000,1592.832,1285,0,1783739788.474673271,0.041348,0.123138,1.387502,-0.178434,,,,,0.219051,-0.155060,-0.135035,0.999,0.828
4,8,49.2826,rolling,-0.2000,reverse,1720.000,1387,increasing,1690.000,1592.832,1285,0,1783739788.474673271,0.041348,0.123138,1.387502,-0.178434,,,,,0.219051,-0.155060,-0.135035,0.999,0.828
4,8,49.3041,rolling,-0.2000,reverse,1720.000,1387,increasing,1690.000,1592.832,1285,0,1783739788.474673271,0.041348,0.123138,1.387502,-0.178434,,,,,0.219051,-0.155060,-0.135035,0.994,0.845
4,8,49.3086,rolling,-0.2000,reverse,1720.000,1387,increasing,1690.000,1592.924,1285,1,1783739788.572827816,0.038088,0.108379,1.374417,-0.172308,-0.0151090,-0.0130853,0.8660605,0.2358587,0.234160,-0.170169,-0.148120,0.994,0.845
4,8,49.3229,rolling,-0.2000,reverse,1720.000,1387,increasing,1690.000,1592.924,1285,0,1783739788.572827816,0.038088,0.108379,1.374417,-0.172308,,,,,0.234160,-0.170169,-0.148120,0.994,0.845
4,8,49.3445,rolling,-0.2000,reverse,1720.000,1387,increasing,1690.000,1592.924,1285,0,1783739788.572827816,0.038088,0.108379,1.374417,-0.172308,,,,,0.234160,-0.170169,-0.148120,0.994,0.845
4,8,49.3660,rolling,-0.2000,reverse,1720.000,1387,increasing,1690.000,1592.924,1285,0,1783739788.572827816,0.038088,0.108379,1.374417,-0.172308,,,,,0.234160,-0.170169,-0.148120,0.994,0.845
4,8,49.3875,rolling,-0.2000,reverse,1720.000,1387,increasing,1690.000,1592.924,1285,0,1783739788.572827816,0.038088,0.108379,1.374417,-0.172308,,,,,0.234160,-0.170169,-0.148120,0.985,0.951
4,8,49.4089,rolling,-0.2000,reverse,1720.000,1387,increasing,1690.000,1593.147,1285,1,1783739788.673411131,0.035861,0.097234,1.363175,-0.157478,-0.0113647,-0.0112417,0.9891756,0.2678978,0.245524,-0.181534,-0.159362,0.985,0.951
4,8,49.4268,rolling,-0.2000,reverse,1720.000,1387,increasing,1690.000,1593.147,1285,0,1783739788.673411131,0.035861,0.097234,1.363175,-0.157478,,,,,0.245524,-0.181534,-0.159362,0.985,0.951
4,8,49.4485,rolling,-0.2000,reverse,1720.000,1387,increasing,1690.000,1593.147,1285,0,1783739788.673411131,0.035861,0.097234,1.363175,-0.157478,,,,,0.245524,-0.181534,-0.159362,0.985,0.951
4,8,49.4701,rolling,-0.2000,reverse,1720.000,1387,increasing,1690.000,1593.147,1285,0,1783739788.673411131,0.035861,0.097234,1.363175,-0.157478,,,,,0.245524,-0.181534,-0.159362,0.985,0.951
4,8,49.4916,rolling,-0.2000,reverse,1720.000,1387,increasing,1690.000,1593.147,1285,0,1783739788.673411131,0.035861,0.097234,1.363175,-0.157478,,,,,0.245524,-0.181534,-0.159362,0.971,0.889
4,8,49.5098,rolling,-0.2000,reverse,1720.000,1387,increasing,1690.000,1593.250,1285,1,1783739788.773865938,0.035404,0.083996,1.353128,-0.150554,-0.0130371,-0.0100477,0.7707022,0.2106957,0.258561,-0.194571,-0.169410,0.971,0.889
4,8,49.5194,rolling,-0.2000,reverse,1720.000,1387,increasing,1690.000,1593.250,1285,0,1783739788.773865938,0.035404,0.083996,1.353128,-0.150554,,,,,0.258561,-0.194571,-0.169410,0.971,0.889
4,8,49.5410,rolling,-0.2000,reverse,1720.000,1387,increasing,1690.000,1593.250,1285,0,1783739788.773865938,0.035404,0.083996,1.353128,-0.150554,,,,,0.258561,-0.194571,-0.169410,0.971,0.889
4,8,49.5625,rolling,-0.2000,reverse,1720.000,1387,increasing,1690.000,1593.250,1285,0,1783739788.773865938,0.035404,0.083996,1.353128,-0.150554,,,,,0.258561,-0.194571,-0.169410,0.971,0.889
4,8,49.5841,rolling,-0.2000,reverse,1720.000,1387,increasing,1690.000,1593.250,1285,0,1783739788.773865938,0.035404,0.083996,1.353128,-0.150554,,,,,0.258561,-0.194571,-0.169410,0.971,0.889
4,8,49.6056,rolling,-0.2000,reverse,1720.000,1387,increasing,1690.000,1593.250,1285,0,1783739788.773865938,0.035404,0.083996,1.353128,-0.150554,,,,,0.258561,-0.194571,-0.169410,0.965,0.979
4,8,49.6101,rolling,-0.2000,reverse,1720.000,1387,increasing,1690.000,1593.340,1285,1,1783739788.874476194,0.034867,0.071054,1.343406,-0.144575,-0.0127412,-0.0097220,0.7630390,0.2086613,0.271303,-0.207312,-0.179132,0.965,0.979
4,8,49.6202,rolling,-0.2000,reverse,1720.000,1387,increasing,1690.000,1593.340,1285,0,1783739788.874476194,0.034867,0.071054,1.343406,-0.144575,,,,,0.271303,-0.207312,-0.179132,0.965,0.979
4,8,49.6419,rolling,-0.2000,reverse,1720.000,1387,increasing,1690.000,1593.340,1285,0,1783739788.874476194,0.034867,0.071054,1.343406,-0.144575,,,,,0.271303,-0.207312,-0.179132,0.965,0.979
4,8,49.6634,rolling,-0.2000,reverse,1720.000,1387,increasing,1690.000,1593.340,1285,0,1783739788.874476194,0.034867,0.071054,1.343406,-0.144575,,,,,0.271303,-0.207312,-0.179132,0.965,0.979
4,8,49.6850,rolling,-0.2000,reverse,1720.000,1387,increasing,1690.000,1593.340,1285,0,1783739788.874476194,0.034867,0.071054,1.343406,-0.144575,,,,,0.271303,-0.207312,-0.179132,0.965,0.979
4,8,49.7065,rolling,-0.2000,reverse,1720.000,1387,increasing,1690.000,1593.340,1285,0,1783739788.874476194,0.034867,0.071054,1.343406,-0.144575,,,,,0.271303,-0.207312,-0.179132,0.955,0.992
4,8,49.7104,rolling,-0.2000,reverse,1720.000,1387,increasing,1690.000,1593.340,1285,0,1783739788.874476194,0.034867,0.071054,1.343406,-0.144575,,,,,0.271303,-0.207312,-0.179132,0.955,0.992
4,8,49.7323,rolling,-0.2000,reverse,1720.000,1387,increasing,1690.000,1593.494,1285,1,1783739788.974952221,0.031532,0.061145,1.332027,-0.134336,-0.0104110,-0.0113788,1.0929594,0.2944781,0.281714,-0.217723,-0.190511,0.955,0.992
4,8,49.7341,rolling,-0.2000,reverse,1720.000,1387,increasing,1690.000,1593.494,1285,0,1783739788.974952221,0.031532,0.061145,1.332027,-0.134336,,,,,0.281714,-0.217723,-0.190511,0.955,0.992
4,8,49.7559,rolling,-0.2000,reverse,1720.000,1387,increasing,1690.000,1593.494,1285,0,1783739788.974952221,0.031532,0.061145,1.332027,-0.134336,,,,,0.281714,-0.217723,-0.190511,0.955,0.992
4,8,49.7776,rolling,-0.2000,reverse,1720.000,1387,increasing,1690.000,1593.494,1285,0,1783739788.974952221,0.031532,0.061145,1.332027,-0.134336,,,,,0.281714,-0.217723,-0.190511,0.955,0.992
4,8,49.7994,rolling,-0.2000,reverse,1720.000,1387,increasing,1690.000,1593.494,1285,0,1783739788.974952221,0.031532,0.061145,1.332027,-0.134336,,,,,0.281714,-0.217723,-0.190511,0.943,1.004
4,8,49.8083,rolling,-0.2000,reverse,1720.000,1387,increasing,1690.000,1593.517,1285,1,1783739789.075257540,0.024409,0.049682,1.320367,-0.132772,-0.0128474,-0.0116597,0.9075491,0.2467143,0.294561,-0.230570,-0.202170,0.943,1.004
4,8,49.8179,rolling,-0.2000,reverse,1720.000,1387,increasing,1690.000,1593.517,1285,0,1783739789.075257540,0.024409,0.049682,1.320367,-0.132772,,,,,0.294561,-0.230570,-0.202170,0.943,1.004
4,8,49.8397,rolling,-0.2000,reverse,1720.000,1387,increasing,1690.000,1593.517,1285,0,1783739789.075257540,0.024409,0.049682,1.320367,-0.132772,,,,,0.294561,-0.230570,-0.202170,0.943,1.004
4,8,49.8614,rolling,-0.2000,reverse,1720.000,1387,increasing,1690.000,1593.517,1285,0,1783739789.075257540,0.024409,0.049682,1.320367,-0.132772,,,,,0.294561,-0.230570,-0.202170,0.943,1.004
4,8,49.8830,rolling,-0.2000,reverse,1720.000,1387,increasing,1690.000,1593.517,1285,0,1783739789.075257540,0.024409,0.049682,1.320367,-0.132772,,,,,0.294561,-0.230570,-0.202170,0.943,1.004
4,8,49.9045,rolling,-0.2000,reverse,1720.000,1387,increasing,1690.000,1593.517,1285,0,1783739789.075257540,0.024409,0.049682,1.320367,-0.132772,,,,,0.294561,-0.230570,-0.202170,0.933,1.016
4,8,49.9093,rolling,-0.2000,reverse,1720.000,1387,increasing,1690.000,1593.517,1285,0,1783739789.075257540,0.024409,0.049682,1.320367,-0.132772,,,,,0.294561,-0.230570,-0.202170,0.933,1.016
4,8,49.9311,rolling,-0.2000,reverse,1720.000,1387,increasing,1690.000,1593.537,1285,1,1783739789.173376560,0.024847,0.036653,1.311129,-0.131420,-0.0124967,-0.0092379,0.7392269,0.2023286,0.307058,-0.243067,-0.211408,0.933,1.016
4,8,49.9330,rolling,-0.2000,reverse,1720.000,1387,increasing,1690.000,1593.537,1285,0,1783739789.173376560,0.024847,0.036653,1.311129,-0.131420,,,,,0.307058,-0.243067,-0.211408,0.933,1.016
4,8,49.9546,rolling,-0.2000,reverse,1720.000,1387,increasing,1690.000,1593.537,1285,0,1783739789.173376560,0.024847,0.036653,1.311129,-0.131420,,,,,0.307058,-0.243067,-0.211408,0.933,1.016
4,8,49.9761,rolling,-0.2000,reverse,1720.000,1387,increasing,1690.000,1593.537,1285,0,1783739789.173376560,0.024847,0.036653,1.311129,-0.131420,,,,,0.307058,-0.243067,-0.211408,0.933,1.016
4,8,49.9976,rolling,-0.2000,reverse,1720.000,1387,increasing,1690.000,1593.537,1285,0,1783739789.173376560,0.024847,0.036653,1.311129,-0.131420,,,,,0.307058,-0.243067,-0.211408,0.928,1.017
4,8,50.0097,rolling,-0.2000,reverse,1720.000,1387,increasing,1690.000,1593.635,1285,1,1783739789.274090052,0.022148,0.026378,1.302629,-0.124934,-0.0106230,-0.0085005,0.8002015,0.2185105,0.317681,-0.253690,-0.219909,0.928,1.017
4,8,50.0257,rolling,-0.2000,reverse,1720.000,1387,increasing,1690.000,1593.635,1285,0,1783739789.274090052,0.022148,0.026378,1.302629,-0.124934,,,,,0.317681,-0.253690,-0.219909,0.928,1.017
4,8,50.0474,rolling,-0.2000,reverse,1720.000,1387,increasing,1690.000,1593.635,1285,0,1783739789.274090052,0.022148,0.026378,1.302629,-0.124934,,,,,0.317681,-0.253690,-0.219909,0.928,1.017
4,8,50.0689,rolling,-0.2000,reverse,1720.000,1387,increasing,1690.000,1593.635,1285,0,1783739789.274090052,0.022148,0.026378,1.302629,-0.124934,,,,,0.317681,-0.253690,-0.219909,0.928,1.017
4,8,50.0904,rolling,-0.2000,reverse,1720.000,1387,increasing,1690.000,1593.635,1285,0,1783739789.274090052,0.022148,0.026378,1.302629,-0.124934,,,,,0.317681,-0.253690,-0.219909,0.930,1.015
4,8,50.1075,rolling,-0.2000,reverse,1720.000,1387,increasing,1690.000,1594.177,1286,1,1783739789.374545574,0.018516,0.029435,1.298929,-0.088780,0.0019773,-0.0036998,-1.8711190,-0.4789173,0.319658,-0.253690,-0.219909,0.930,1.015
4,8,50.1226,rolling,-0.2000,reverse,1720.000,1387,increasing,1690.000,1594.177,1286,0,1783739789.374545574,0.018516,0.029435,1.298929,-0.088780,,,,,0.319658,-0.253690,-0.219909,0.930,1.015
4,8,50.1443,rolling,-0.2000,reverse,1720.000,1387,increasing,1690.000,1594.177,1286,0,1783739789.374545574,0.018516,0.029435,1.298929,-0.088780,,,,,0.319658,-0.253690,-0.219909,0.930,1.015
4,8,50.1659,rolling,-0.2000,reverse,1720.000,1387,increasing,1690.000,1594.177,1286,0,1783739789.374545574,0.018516,0.029435,1.298929,-0.088780,,,,,0.319658,-0.253690,-0.219909,0.930,1.015
4,8,50.1875,rolling,-0.2000,reverse,1720.000,1387,increasing,1690.000,1594.177,1286,0,1783739789.374545574,0.018516,0.029435,1.298929,-0.088780,,,,,0.319658,-0.253690,-0.219909,0.927,1.018
4,8,50.2056,rolling,-0.2000,reverse,1720.000,1387,increasing,1690.000,1594.177,1286,0,1783739789.374545574,0.018516,0.029435,1.298929,-0.088780,,,,,0.319658,-0.253690,-0.219909,0.927,1.018
4,8,50.2273,rolling,-0.2000,reverse,1720.000,1387,increasing,1690.000,1594.534,1286,1,1783739789.472358704,0.021675,0.029220,1.301421,-0.064956,0.0006372,0.0024920,3.9109710,0.8262782,0.320295,-0.253690,-0.219909,0.927,1.018
4,8,50.2377,rolling,-0.2000,reverse,1720.000,1387,increasing,1690.000,1594.534,1286,0,1783739789.472358704,0.021675,0.029220,1.301421,-0.064956,,,,,0.320295,-0.253690,-0.219909,0.927,1.018
4,8,50.2594,rolling,-0.2000,reverse,1720.000,1387,increasing,1690.000,1594.534,1286,0,1783739789.472358704,0.021675,0.029220,1.301421,-0.064956,,,,,0.320295,-0.253690,-0.219909,0.927,1.018
4,8,50.2809,rolling,-0.2000,reverse,1720.000,1387,increasing,1690.000,1594.534,1286,0,1783739789.472358704,0.021675,0.029220,1.301421,-0.064956,,,,,0.320295,-0.253690,-0.219909,0.927,1.018
4,8,50.3025,rolling,-0.2000,reverse,1720.000,1387,increasing,1690.000,1594.534,1286,0,1783739789.472358704,0.021675,0.029220,1.301421,-0.064956,,,,,0.320295,-0.253690,-0.219909,0.934,1.015
4,8,50.3061,rolling,-0.2000,reverse,1720.000,1387,increasing,1690.000,1594.724,1286,1,1783739789.570395947,0.021608,0.027762,1.303767,-0.052348,-0.0014236,0.0023459,-1.6478628,-0.4288930,0.321719,-0.253690,-0.219909,0.934,1.015
4,8,50.3159,rolling,-0.2000,reverse,1720.000,1387,increasing,1690.000,1594.724,1286,0,1783739789.570395947,0.021608,0.027762,1.303767,-0.052348,,,,,0.321719,-0.253690,-0.219909,0.934,1.015
4,8,50.3375,rolling,-0.2000,reverse,1720.000,1387,increasing,1690.000,1594.724,1286,0,1783739789.570395947,0.021608,0.027762,1.303767,-0.052348,,,,,0.321719,-0.253690,-0.219909,0.934,1.015
4,8,50.3591,rolling,-0.2000,reverse,1720.000,1387,increasing,1690.000,1594.724,1286,0,1783739789.570395947,0.021608,0.027762,1.303767,-0.052348,,,,,0.321719,-0.253690,-0.219909,0.934,1.015
4,8,50.3806,rolling,-0.2000,reverse,1720.000,1387,increasing,1690.000,1594.724,1286,0,1783739789.570395947,0.021608,0.027762,1.303767,-0.052348,,,,,0.321719,-0.253690,-0.219909,0.934,1.015
4,8,50.4022,rolling,-0.2000,reverse,1720.000,1387,increasing,1690.000,1594.724,1286,0,1783739789.570395947,0.021608,0.027762,1.303767,-0.052348,,,,,0.321719,-0.253690,-0.219909,0.929,1.017
4,8,50.4048,rolling,-0.2000,reverse,1720.000,1387,increasing,1690.000,1594.902,1286,1,1783739789.670940399,0.019634,0.027807,1.304249,-0.040446,-0.0004768,0.0004824,-1.0117999,-0.2737267,0.322196,-0.253690,-0.219909,0.929,1.017
4,8,50.4228,rolling,-0.2000,reverse,1720.000,1387,increasing,1690.000,1594.902,1286,0,1783739789.670940399,0.019634,0.027807,1.304249,-0.040446,,,,,0.322196,-0.253690,-0.219909,0.929,1.017
4,8,50.4444,rolling,-0.2000,reverse,1720.000,1387,increasing,1690.000,1594.902,1286,0,1783739789.670940399,0.019634,0.027807,1.304249,-0.040446,,,,,0.322196,-0.253690,-0.219909,0.929,1.017
4,8,50.4659,rolling,-0.2000,reverse,1720.000,1387,increasing,1690.000,1594.902,1286,0,1783739789.670940399,0.019634,0.027807,1.304249,-0.040446,,,,,0.322196,-0.253690,-0.219909,0.929,1.017
4,8,50.4875,rolling,-0.2000,reverse,1720.000,1387,increasing,1690.000,1594.902,1286,0,1783739789.670940399,0.019634,0.027807,1.304249,-0.040446,,,,,0.322196,-0.253690,-0.219909,0.930,1.015
4,8,50.5047,rolling,-0.2000,reverse,1720.000,1387,increasing,1690.000,1595.021,1286,1,1783739789.768843889,0.019726,0.026892,1.303290,-0.032527,-0.0008587,-0.0009598,1.1177912,0.3007763,0.323054,-0.253690,-0.219909,0.930,1.015
4,8,50.5143,rolling,-0.2000,reverse,1720.000,1387,increasing,1690.000,1595.021,1286,0,1783739789.768843889,0.019726,0.026892,1.303290,-0.032527,,,,,0.323054,-0.253690,-0.219909,0.930,1.015
4,8,50.5360,rolling,-0.2000,reverse,1720.000,1387,increasing,1690.000,1595.021,1286,0,1783739789.768843889,0.019726,0.026892,1.303290,-0.032527,,,,,0.323054,-0.253690,-0.219909,0.930,1.015
4,8,50.5576,rolling,-0.2000,reverse,1720.000,1387,increasing,1690.000,1595.021,1286,0,1783739789.768843889,0.019726,0.026892,1.303290,-0.032527,,,,,0.323054,-0.253690,-0.219909,0.930,1.015
4,8,50.5793,rolling,-0.2000,reverse,1720.000,1387,increasing,1690.000,1595.021,1286,0,1783739789.768843889,0.019726,0.026892,1.303290,-0.032527,,,,,0.323054,-0.253690,-0.219909,0.930,1.015
4,8,50.6009,rolling,-0.2000,reverse,1720.000,1387,increasing,1690.000,1595.021,1286,0,1783739789.768843889,0.019726,0.026892,1.303290,-0.032527,,,,,0.323054,-0.253690,-0.219909,0.932,1.019
4,8,50.6052,rolling,-0.2000,reverse,1720.000,1387,increasing,1690.000,1595.185,1286,1,1783739789.869347334,0.018420,0.028427,1.302128,-0.021574,0.0011342,-0.0011611,-1.0237536,-0.2767988,0.324189,-0.253690,-0.219909,0.932,1.019
4,8,50.6143,rolling,-0.2000,reverse,1720.000,1387,increasing,1690.000,1595.185,1286,0,1783739789.869347334,0.018420,0.028427,1.302128,-0.021574,,,,,0.324189,-0.253690,-0.219909,0.932,1.019
4,8,50.6359,rolling,-0.2000,reverse,1720.000,1387,increasing,1690.000,1595.185,1286,0,1783739789.869347334,0.018420,0.028427,1.302128,-0.021574,,,,,0.324189,-0.253690,-0.219909,0.932,1.019
4,8,50.6575,rolling,-0.2000,reverse,1720.000,1387,increasing,1690.000,1595.185,1286,0,1783739789.869347334,0.018420,0.028427,1.302128,-0.021574,,,,,0.324189,-0.253690,-0.219909,0.932,1.019
4,8,50.6791,rolling,-0.2000,reverse,1720.000,1387,increasing,1690.000,1595.185,1286,0,1783739789.869347334,0.018420,0.028427,1.302128,-0.021574,,,,,0.324189,-0.253690,-0.219909,0.932,1.019
4,8,50.7006,rolling,-0.2000,reverse,1720.000,1387,increasing,1690.000,1595.185,1286,0,1783739789.869347334,0.018420,0.028427,1.302128,-0.021574,,,,,0.324189,-0.253690,-0.219909,0.930,1.015
4,8,50.7031,rolling,-0.2000,reverse,1720.000,1387,increasing,1690.000,1595.381,1287,1,1783739789.970071554,0.018504,0.031605,1.300646,-0.008520,0.0030865,-0.0014821,-0.4802012,-0.1324754,0.327275,-0.253690,-0.219909,0.930,1.015
4,8,50.7183,rolling,-0.2000,reverse,1720.000,1387,increasing,1690.000,1595.381,1287,0,1783739789.970071554,0.018504,0.031605,1.300646,-0.008520,,,,,0.327275,-0.253690,-0.219909,0.930,1.015
4,8,50.7400,rolling,-0.2000,reverse,1720.000,1387,increasing,1690.000,1595.381,1287,0,1783739789.970071554,0.018504,0.031605,1.300646,-0.008520,,,,,0.327275,-0.253690,-0.219909,0.930,1.015
4,8,50.7615,rolling,-0.2000,reverse,1720.000,1387,increasing,1690.000,1595.381,1287,0,1783739789.970071554,0.018504,0.031605,1.300646,-0.008520,,,,,0.327275,-0.253690,-0.219909,0.930,1.015
4,8,50.7834,rolling,-0.2000,reverse,1720.000,1387,increasing,1690.000,1595.381,1287,0,1783739789.970071554,0.018504,0.031605,1.300646,-0.008520,,,,,0.327275,-0.253690,-0.219909,0.929,1.018
4,8,50.8037,rolling,-0.2000,reverse,1720.000,1387,increasing,1690.000,1595.348,1287,1,1783739790.068031073,0.016950,0.030273,1.299753,-0.010728,-0.0016996,-0.0008933,0.5255729,0.1448254,0.328975,-0.253690,-0.219909,0.929,1.018
4,8,50.8126,rolling,-0.2000,reverse,1720.000,1387,increasing,1690.000,1595.348,1287,0,1783739790.068031073,0.016950,0.030273,1.299753,-0.010728,,,,,0.328975,-0.253690,-0.219909,0.929,1.018
4,8,50.8342,rolling,-0.2000,reverse,1720.000,1387,increasing,1690.000,1595.348,1287,0,1783739790.068031073,0.016950,0.030273,1.299753,-0.010728,,,,,0.328975,-0.253690,-0.219909,0.929,1.018
4,8,50.8558,rolling,-0.2000,reverse,1720.000,1387,increasing,1690.000,1595.348,1287,0,1783739790.068031073,0.016950,0.030273,1.299753,-0.010728,,,,,0.328975,-0.253690,-0.219909,0.929,1.018
4,8,50.8773,rolling,-0.2000,reverse,1720.000,1387,increasing,1690.000,1595.348,1287,0,1783739790.068031073,0.016950,0.030273,1.299753,-0.010728,,,,,0.328975,-0.253690,-0.219909,0.929,1.018
4,8,50.8989,rolling,-0.2000,reverse,1720.000,1387,increasing,1690.000,1595.348,1287,0,1783739790.068031073,0.016950,0.030273,1.299753,-0.010728,,,,,0.328975,-0.253690,-0.219909,0.934,1.014
4,8,50.9041,rolling,-0.2000,reverse,1720.000,1387,increasing,1690.000,1595.383,1287,1,1783739790.168466091,0.013698,0.031037,1.300085,-0.008379,-0.0001340,0.0003321,-2.4791403,-0.6026006,0.329109,-0.253690,-0.219909,0.934,1.014
4,8,50.9148,rolling,-0.2000,reverse,1720.000,1387,increasing,1690.000,1595.383,1287,0,1783739790.168466091,0.013698,0.031037,1.300085,-0.008379,,,,,0.329109,-0.253690,-0.219909,0.934,1.014
4,8,50.9366,rolling,-0.2000,reverse,1720.000,1387,increasing,1690.000,1595.383,1287,0,1783739790.168466091,0.013698,0.031037,1.300085,-0.008379,,,,,0.329109,-0.253690,-0.219909,0.934,1.014
4,8,50.9581,rolling,-0.2000,reverse,1720.000,1387,increasing,1690.000,1595.383,1287,0,1783739790.168466091,0.013698,0.031037,1.300085,-0.008379,,,,,0.329109,-0.253690,-0.219909,0.934,1.014
4,8,50.9797,rolling,-0.2000,reverse,1720.000,1387,increasing,1690.000,1595.383,1287,0,1783739790.168466091,0.013698,0.031037,1.300085,-0.008379,,,,,0.329109,-0.253690,-0.219909,0.934,1.014
4,8,51.0012,rolling,-0.2000,reverse,1720.000,1387,increasing,1690.000,1595.383,1287,0,1783739790.168466091,0.013698,0.031037,1.300085,-0.008379,,,,,0.329109,-0.253690,-0.219909,0.932,1.016
4,8,51.0046,rolling,-0.2000,reverse,1720.000,1387,increasing,1690.000,1598.483,1289,1,1783739790.269055128,0.013198,0.030482,1.299169,-0.007946,-0.0006688,-0.0009159,1.3695004,0.3631788,0.329777,-0.253690,-0.219909,0.932,1.016
4,8,51.0215,rolling,-0.2000,reverse,1720.000,1387,increasing,1690.000,1598.483,1289,0,1783739790.269055128,0.013198,0.030482,1.299169,-0.007946,,,,,0.329777,-0.253690,-0.219909,0.932,1.016
4,8,51.0431,rolling,-0.2000,reverse,1720.000,1387,increasing,1690.000,1598.483,1289,0,1783739790.269055128,0.013198,0.030482,1.299169,-0.007946,,,,,0.329777,-0.253690,-0.219909,0.932,1.016
4,8,51.0647,rolling,-0.2000,reverse,1720.000,1387,increasing,1690.000,1598.483,1289,0,1783739790.269055128,0.013198,0.030482,1.299169,-0.007946,,,,,0.329777,-0.253690,-0.219909,0.932,1.016
4,8,51.0862,rolling,-0.2000,reverse,1720.000,1387,increasing,1690.000,1598.483,1289,0,1783739790.269055128,0.013198,0.030482,1.299169,-0.007946,,,,,0.329777,-0.253690,-0.219909,0.934,1.017
4,8,51.1028,rolling,-0.2000,reverse,1720.000,1387,increasing,1690.000,1601.583,1292,1,1783739790.369565725,0.019140,0.030271,1.300402,-0.002509,0.0013873,0.0012325,0.8884266,0.2417180,0.331165,-0.253690,-0.219909,0.934,1.017
4,8,51.1177,rolling,-0.2000,reverse,1720.000,1387,increasing,1690.000,1601.583,1292,0,1783739790.369565725,0.019140,0.030271,1.300402,-0.002509,,,,,0.331165,-0.253690,-0.219909,0.934,1.017
4,8,51.1393,rolling,-0.2000,reverse,1720.000,1387,increasing,1690.000,1601.583,1292,0,1783739790.369565725,0.019140,0.030271,1.300402,-0.002509,,,,,0.331165,-0.253690,-0.219909,0.934,1.017
4,8,51.1609,rolling,-0.2000,reverse,1720.000,1387,increasing,1690.000,1601.583,1292,0,1783739790.369565725,0.019140,0.030271,1.300402,-0.002509,,,,,0.331165,-0.253690,-0.219909,0.934,1.017
4,8,51.1824,rolling,-0.2000,reverse,1720.000,1387,increasing,1690.000,1601.583,1292,0,1783739790.369565725,0.019140,0.030271,1.300402,-0.002509,,,,,0.331165,-0.253690,-0.219909,0.929,1.016
4,8,51.2034,rolling,-0.2000,reverse,1720.000,1387,increasing,1690.000,1604.683,1294,1,1783739790.467764378,0.012464,0.029276,1.300044,-0.008865,-0.0027431,-0.0003574,0.1303045,0.0361438,0.333908,-0.253690,-0.219909,0.929,1.016
4,8,51.2231,rolling,-0.2000,reverse,1720.000,1387,increasing,1690.000,1604.683,1294,0,1783739790.467764378,0.012464,0.029276,1.300044,-0.008865,,,,,0.333908,-0.253690,-0.219909,0.929,1.016
4,8,51.2448,rolling,-0.2000,reverse,1720.000,1387,increasing,1690.000,1604.683,1294,0,1783739790.467764378,0.012464,0.029276,1.300044,-0.008865,,,,,0.333908,-0.253690,-0.219909,0.929,1.016
4,8,51.2664,rolling,-0.2000,reverse,1720.000,1387,increasing,1690.000,1604.683,1294,0,1783739790.467764378,0.012464,0.029276,1.300044,-0.008865,,,,,0.333908,-0.253690,-0.219909,0.929,1.016
4,8,51.2880,rolling,-0.2000,reverse,1720.000,1387,increasing,1690.000,1604.683,1294,0,1783739790.467764378,0.012464,0.029276,1.300044,-0.008865,,,,,0.333908,-0.253690,-0.219909,0.933,1.023
4,8,51.3041,rolling,-0.2000,reverse,1720.000,1387,increasing,1690.000,1607.783,1297,1,1783739790.568322659,0.015035,0.028308,1.299913,-0.007257,-0.0002444,-0.0001313,0.5372705,0.1480024,0.334152,-0.253690,-0.219909,0.933,1.023
4,8,51.3191,rolling,-0.2000,reverse,1720.000,1387,increasing,1690.000,1607.783,1297,0,1783739790.568322659,0.015035,0.028308,1.299913,-0.007257,,,,,0.334152,-0.253690,-0.219909,0.933,1.023
4,8,51.3409,rolling,-0.2000,reverse,1720.000,1387,increasing,1690.000,1607.783,1297,0,1783739790.568322659,0.015035,0.028308,1.299913,-0.007257,,,,,0.334152,-0.253690,-0.219909,0.933,1.023
4,8,51.3625,rolling,-0.2000,reverse,1720.000,1387,increasing,1690.000,1607.783,1297,0,1783739790.568322659,0.015035,0.028308,1.299913,-0.007257,,,,,0.334152,-0.253690,-0.219909,0.933,1.023
4,8,51.3840,rolling,-0.2000,reverse,1720.000,1387,increasing,1690.000,1607.783,1297,0,1783739790.568322659,0.015035,0.028308,1.299913,-0.007257,,,,,0.334152,-0.253690,-0.219909,0.918,1.036
4,8,51.4049,rolling,-0.2000,reverse,1720.000,1387,increasing,1690.000,1610.883,1299,1,1783739790.668922424,0.015808,0.017474,1.293583,-0.030842,-0.0102209,-0.0063299,0.6193089,0.1701956,0.344373,-0.253690,-0.219909,0.918,1.036
4,8,51.4175,rolling,-0.2000,reverse,1720.000,1387,increasing,1690.000,1610.883,1299,0,1783739790.668922424,0.015808,0.017474,1.293583,-0.030842,,,,,0.344373,-0.253690,-0.219909,0.918,1.036
4,8,51.4393,rolling,-0.2000,reverse,1720.000,1387,increasing,1690.000,1610.883,1299,0,1783739790.668922424,0.015808,0.017474,1.293583,-0.030842,,,,,0.344373,-0.253690,-0.219909,0.918,1.036
4,8,51.4608,rolling,-0.2000,reverse,1720.000,1387,increasing,1690.000,1610.883,1299,0,1783739790.668922424,0.015808,0.017474,1.293583,-0.030842,,,,,0.344373,-0.253690,-0.219909,0.918,1.036
4,8,51.4825,rolling,-0.2000,reverse,1720.000,1387,increasing,1690.000,1610.883,1299,0,1783739790.668922424,0.015808,0.017474,1.293583,-0.030842,,,,,0.344373,-0.253690,-0.219909,0.918,1.036
4,8,51.5041,rolling,-0.2000,reverse,1720.000,1387,increasing,1690.000,1610.883,1299,0,1783739790.668922424,0.015808,0.017474,1.293583,-0.030842,,,,,0.344373,-0.253690,-0.219909,0.910,1.058
4,8,51.5074,rolling,-0.2000,reverse,1720.000,1387,increasing,1690.000,1592.509,1284,1,1783739790.769398212,0.012748,0.000789,1.279424,-0.065114,-0.0168729,-0.0141596,0.8391915,0.2287978,0.361246,-0.253690,-0.219909,0.910,1.058
4,8,51.5249,rolling,-0.2000,reverse,1720.000,1387,increasing,1690.000,1592.509,1284,0,1783739790.769398212,0.012748,0.000789,1.279424,-0.065114,,,,,0.361246,-0.253690,-0.219909,0.910,1.058
4,8,51.5466,rolling,-0.2000,reverse,1720.000,1387,increasing,1690.000,1592.509,1284,0,1783739790.769398212,0.012748,0.000789,1.279424,-0.065114,,,,,0.361246,-0.253690,-0.219909,0.910,1.058
4,8,51.5682,rolling,-0.2000,reverse,1720.000,1387,increasing,1690.000,1592.509,1284,0,1783739790.769398212,0.012748,0.000789,1.279424,-0.065114,,,,,0.361246,-0.253690,-0.219909,0.910,1.058
4,8,51.5898,rolling,-0.2000,reverse,1720.000,1387,increasing,1690.000,1592.509,1284,0,1783739790.769398212,0.012748,0.000789,1.279424,-0.065114,,,,,0.361246,-0.253690,-0.219909,0.888,1.073
4,8,51.6080,rolling,-0.2000,reverse,1720.000,1387,increasing,1690.000,1593.966,1285,1,1783739790.872216463,0.007098,-0.020723,1.262333,-0.102866,-0.0222211,-0.0170905,0.7691092,0.2102729,0.383467,-0.253690,-0.219909,0.888,1.073
4,8,51.6206,rolling,-0.2000,reverse,1720.000,1387,increasing,1690.000,1593.966,1285,0,1783739790.872216463,0.007098,-0.020723,1.262333,-0.102866,,,,,0.383467,-0.253690,-0.219909,0.888,1.073
4,8,51.6422,rolling,-0.2000,reverse,1720.000,1387,increasing,1690.000,1593.966,1285,0,1783739790.872216463,0.007098,-0.020723,1.262333,-0.102866,,,,,0.383467,-0.253690,-0.219909,0.888,1.073
4,8,51.6637,rolling,-0.2000,reverse,1720.000,1387,increasing,1690.000,1593.966,1285,0,1783739790.872216463,0.007098,-0.020723,1.262333,-0.102866,,,,,0.383467,-0.253690,-0.219909,0.888,1.073
4,8,51.6852,rolling,-0.2000,reverse,1720.000,1387,increasing,1690.000,1593.966,1285,0,1783739790.872216463,0.007098,-0.020723,1.262333,-0.102866,,,,,0.383467,-0.253690,-0.219909,0.888,1.073
4,8,51.7069,rolling,-0.2000,reverse,1720.000,1387,increasing,1690.000,1593.966,1285,0,1783739790.872216463,0.007098,-0.020723,1.262333,-0.102866,,,,,0.383467,-0.253690,-0.219909,0.876,1.093
4,8,51.7094,rolling,-0.2000,reverse,1720.000,1387,increasing,1690.000,1593.391,1285,1,1783739790.972877741,-0.001760,-0.044938,1.239572,-0.141157,-0.0257726,-0.0227613,0.8831598,0.2403398,0.409240,-0.279463,-0.242670,0.876,1.093
4,8,51.7281,rolling,-0.2000,reverse,1720.000,1387,increasing,1690.000,1593.391,1285,0,1783739790.972877741,-0.001760,-0.044938,1.239572,-0.141157,,,,,0.409240,-0.279463,-0.242670,0.876,1.093
4,8,51.7499,rolling,-0.2000,reverse,1720.000,1387,increasing,1690.000,1593.391,1285,0,1783739790.972877741,-0.001760,-0.044938,1.239572,-0.141157,,,,,0.409240,-0.279463,-0.242670,0.876,1.093
4,8,51.7714,rolling,-0.2000,reverse,1720.000,1387,increasing,1690.000,1593.391,1285,0,1783739790.972877741,-0.001760,-0.044938,1.239572,-0.141157,,,,,0.409240,-0.279463,-0.242670,0.876,1.093
4,8,51.7929,rolling,-0.2000,reverse,1720.000,1387,increasing,1690.000,1593.391,1285,0,1783739790.972877741,-0.001760,-0.044938,1.239572,-0.141157,,,,,0.409240,-0.279463,-0.242670,0.855,1.110
4,8,51.8092,rolling,-0.2000,reverse,1720.000,1387,increasing,1690.000,1593.016,1285,1,1783739791.073362350,-0.010034,-0.067741,1.217770,-0.166218,-0.0242570,-0.0218015,0.8987706,0.2444222,0.433497,-0.303720,-0.264472,0.855,1.110
4,8,51.8206,rolling,-0.2000,reverse,1720.000,1387,increasing,1690.000,1593.016,1285,0,1783739791.073362350,-0.010034,-0.067741,1.217770,-0.166218,,,,,0.433497,-0.303720,-0.264472,0.855,1.110
4,8,51.8422,rolling,-0.2000,reverse,1720.000,1387,increasing,1690.000,1593.016,1285,0,1783739791.073362350,-0.010034,-0.067741,1.217770,-0.166218,,,,,0.433497,-0.303720,-0.264472,0.855,1.110
4,8,51.8640,rolling,-0.2000,reverse,1720.000,1387,increasing,1690.000,1593.016,1285,0,1783739791.073362350,-0.010034,-0.067741,1.217770,-0.166218,,,,,0.433497,-0.303720,-0.264472,0.855,1.110
4,8,51.8857,rolling,-0.2000,reverse,1720.000,1387,increasing,1690.000,1593.016,1285,0,1783739791.073362350,-0.010034,-0.067741,1.217770,-0.166218,,,,,0.433497,-0.303720,-0.264472,0.842,1.128
4,8,51.9072,rolling,-0.2000,reverse,1720.000,1387,increasing,1690.000,1592.760,1284,1,1783739791.174007893,-0.021753,-0.088519,1.196526,-0.183255,-0.0235878,-0.0212446,0.9006601,0.2449158,0.457084,-0.327308,-0.285716,0.842,1.128
