trial,direction,phase,elapsed_s,pulse_us,tick,signed_speed_mps,acceleration_mps2,distance_m,clearance_m
1,forward,kick,4.5876,1401.00,1130,0.005215,0.000000,0.003296,0.700
1,forward,kick,4.5967,1401.00,1130,0.005215,0.000000,0.003296,0.713
1,forward,kick,4.6168,1401.00,1130,0.003839,-0.068354,0.003447,0.713
1,forward,kick,4.6378,1401.00,1129,0.003839,0.000000,0.003447,0.713
1,forward,kick,4.6587,1401.00,1130,0.003839,0.000000,0.003447,0.713
1,forward,kick,4.6796,1401.00,1130,0.003839,0.000000,0.003447,0.713
1,forward,kick,4.6973,1401.00,1130,0.003839,0.000000,0.003447,0.698
1,forward,kick,4.7037,1401.00,1130,0.003424,-0.064705,0.003287,0.698
1,forward,kick,4.7247,1401.00,1130,0.003424,0.000000,0.003287,0.698
1,forward,kick,4.7456,1401.00,1129,0.003424,0.000000,0.003287,0.698
1,forward,kick,4.7665,1401.00,1130,0.003424,0.000000,0.003287,0.698
1,forward,kick,4.7874,1401.00,1130,0.003424,0.000000,0.003287,0.698
1,forward,kick,4.7950,1401.00,1130,0.003424,0.000000,0.003287,0.722
1,forward,kick,4.8092,1401.00,1130,0.018249,1.045551,0.003361,0.722
1,forward,kick,4.8302,1401.00,1130,0.018249,0.000000,0.003361,0.722
1,forward,kick,4.8511,1401.00,1129,0.018249,0.000000,0.003361,0.722
1,forward,kick,4.8720,1401.00,1130,0.018249,0.000000,0.003361,0.722
1,forward,kick,4.8929,1401.00,1130,0.018249,0.000000,0.003361,0.722
1,forward,kick,4.8954,1401.00,1130,0.018249,0.000000,0.003361,0.704
1,forward,kick,4.9164,1401.00,1130,0.018249,0.000000,0.003361,0.704
1,forward,kick,4.9177,1401.00,1130,0.058141,31.710721,0.020861,0.704
1,forward,sustain,4.9386,1414.00,1140,0.058141,0.000000,0.020861,0.704
1,forward,sustain,4.9595,1414.00,1141,0.058141,0.000000,0.020861,0.704
1,forward,sustain,4.9804,1414.00,1140,0.058141,0.000000,0.020861,0.704
1,forward,sustain,4.9935,1414.00,1140,0.058141,0.000000,0.020861,0.719
1,forward,sustain,5.0059,1414.00,1141,0.114382,4.532560,0.049080,0.719
1,forward,sustain,5.0269,1414.00,1140,0.114382,0.000000,0.049080,0.719
1,forward,sustain,5.0479,1414.00,1140,0.114382,0.000000,0.049080,0.719
1,forward,sustain,5.0688,1414.00,1141,0.114382,0.000000,0.049080,0.719
1,forward,sustain,5.0897,1414.00,1140,0.114382,0.000000,0.049080,0.719
1,forward,sustain,5.0940,1414.00,1140,0.114382,0.000000,0.049080,0.702
1,forward,sustain,5.1075,1414.00,1141,0.163941,3.657887,0.079771,0.702
1,forward,sustain,5.1286,1414.00,1140,0.163941,0.000000,0.079771,0.702
1,forward,sustain,5.1495,1414.00,1140,0.163941,0.000000,0.079771,0.702
1,forward,sustain,5.1704,1414.00,1141,0.163941,0.000000,0.079771,0.702
1,forward,sustain,5.1915,1414.00,1140,0.163941,0.000000,0.079771,0.702
1,forward,sustain,5.1945,1414.00,1140,0.163941,0.000000,0.079771,0.702
1,forward,sustain,5.2154,1414.00,1140,0.214005,2.394410,0.116404,0.702
1,forward,sustain,5.2365,1414.00,1141,0.214005,0.000000,0.116404,0.702
1,forward,sustain,5.2576,1414.00,1140,0.214005,0.000000,0.116404,0.702
1,forward,sustain,5.2786,1414.00,1140,0.214005,0.000000,0.116404,0.702
1,forward,sustain,5.2951,1414.00,1141,0.214005,0.000000,0.116404,0.710
1,forward,sustain,5.3107,1414.00,1140,0.231431,1.118082,0.144898,0.710
1,forward,sustain,5.3316,1414.00,1140,0.231431,0.000000,0.144898,0.710
1,forward,sustain,5.3526,1414.00,1141,0.231431,0.000000,0.144898,0.710
1,forward,sustain,5.3736,1414.00,1140,0.231431,0.000000,0.144898,0.710
1,forward,sustain,5.3946,1414.00,1140,0.231431,0.000000,0.144898,0.710
1,forward,sustain,5.3964,1414.00,1141,0.231431,0.000000,0.144898,0.707
1,forward,sustain,5.4097,1414.00,1140,0.246924,1.164097,0.174382,0.707
1,forward,sustain,5.4307,1414.00,1140,0.246924,0.000000,0.174382,0.707
1,forward,sustain,5.4516,1414.00,1141,0.246924,0.000000,0.174382,0.707
1,forward,sustain,5.4725,1414.00,1140,0.246924,0.000000,0.174382,0.707
1,forward,sustain,5.4934,1414.00,1140,0.246924,0.000000,0.174382,0.707
1,forward,sustain,5.4962,1414.00,1141,0.246924,0.000000,0.174382,0.706
1,forward,sustain,5.5154,1414.00,1140,0.256351,0.492800,0.202978,0.706
1,forward,sustain,5.5363,1414.00,1140,0.256351,0.000000,0.202978,0.706
1,forward,sustain,5.5572,1414.00,1141,0.256351,0.000000,0.202978,0.706
1,forward,sustain,5.5781,1414.00,1140,0.256351,0.000000,0.202978,0.706
1,forward,sustain,5.5966,1414.00,1140,0.256351,0.000000,0.202978,0.709
1,forward,sustain,5.6050,1414.00,1141,0.264536,0.975219,0.232080,0.709
1,forward,sustain,5.6260,1414.00,1140,0.264536,0.000000,0.232080,0.709
1,forward,sustain,5.6469,1414.00,1140,0.264536,0.000000,0.232080,0.709
1,forward,sustain,5.6678,1414.00,1141,0.264536,0.000000,0.232080,0.709
1,forward,sustain,5.6886,1414.00,1140,0.264536,0.000000,0.232080,0.709
1,forward,sustain,5.6970,1414.00,1140,0.264536,0.000000,0.232080,0.710
1,forward,sustain,5.7083,1414.00,1141,0.270362,0.513997,0.260987,0.710
1,forward,sustain,5.7293,1414.00,1140,0.270362,0.000000,0.260987,0.710
1,forward,sustain,5.7502,1414.00,1140,0.270362,0.000000,0.260987,0.710
1,forward,sustain,5.7712,1414.00,1140,0.270362,0.000000,0.260987,0.710
1,forward,sustain,5.7921,1414.00,1141,0.270362,0.000000,0.260987,0.710
1,forward,sustain,5.7975,1414.00,1140,0.270362,0.000000,0.260987,0.690
1,forward,sustain,5.8143,1414.00,1140,0.260874,-0.564873,0.284318,0.690
1,forward,sustain,5.8354,1414.00,1141,0.260874,0.000000,0.284318,0.690
1,forward,sustain,5.8562,1414.00,1140,0.260874,0.000000,0.284318,0.690
1,forward,sustain,5.8771,1414.00,1140,0.260874,0.000000,0.284318,0.690
1,forward,sustain,5.8984,1414.00,1141,0.260874,0.000000,0.284318,0.696
1,forward,sustain,5.9148,1414.00,1140,0.258003,-0.174600,0.309386,0.696
1,forward,sustain,5.9358,1414.00,1140,0.258003,0.000000,0.309386,0.696
1,forward,sustain,5.9567,1414.00,1141,0.258003,0.000000,0.309386,0.696
1,forward,sustain,5.9776,1414.00,1140,0.258003,0.000000,0.309386,0.696
1,forward,sustain,5.9988,1414.00,1140,0.258003,0.000000,0.309386,0.699
1,forward,sustain,6.0103,1414.00,1141,0.263529,0.479925,0.337631,0.699
1,forward,sustain,6.0313,1414.00,1140,0.263529,0.000000,0.337631,0.699
1,forward,sustain,6.0522,1414.00,1140,0.263529,0.000000,0.337631,0.699
1,forward,sustain,6.0731,1414.00,1141,0.263529,0.000000,0.337631,0.699
1,forward,sustain,6.0939,1414.00,1140,0.263529,0.000000,0.337631,0.699
1,forward,sustain,6.0993,1414.00,1140,0.263529,0.000000,0.337631,0.691
1,forward,sustain,6.1153,1414.00,1141,0.263819,0.018163,0.364215,0.691
1,forward,sustain,6.1364,1414.00,1140,0.263819,0.000000,0.364215,0.691
1,forward,sustain,6.1574,1414.00,1140,0.263819,0.000000,0.364215,0.691
1,forward,sustain,6.1783,1414.00,1141,0.263819,0.000000,0.364215,0.691
1,forward,sustain,6.1974,1414.00,1140,0.263819,0.000000,0.364215,0.693
1,forward,sustain,6.2093,1414.00,1140,0.253454,-0.869163,0.386575,0.693
1,forward,sustain,6.2303,1414.00,1141,0.253454,0.000000,0.386575,0.693
1,forward,sustain,6.2512,1414.00,1140,0.253454,0.000000,0.386575,0.693
1,forward,sustain,6.2721,1414.00,1140,0.253454,0.000000,0.386575,0.693
1,forward,sustain,6.2930,1414.00,1141,0.253454,0.000000,0.386575,0.693
1,forward,sustain,6.2979,1414.00,1140,0.253454,0.000000,0.386575,0.698
1,forward,sustain,6.3191,1414.00,1140,0.253454,0.000000,0.386575,0.698
1,forward,sustain,6.3203,1414.00,1140,0.265598,10.297600,0.416176,0.698
1,forward,sustain,6.3412,1414.00,1141,0.265598,0.000000,0.416176,0.698
1,forward,sustain,6.3621,1414.00,1140,0.265598,0.000000,0.416176,0.698
1,forward,sustain,6.3830,1414.00,1140,0.265598,0.000000,0.416176,0.698
1,forward,sustain,6.3984,1414.00,1141,0.265598,0.000000,0.416176,0.706
1,forward,sustain,6.4194,1414.00,1140,0.265598,0.000000,0.416176,0.706
1,forward,sustain,6.4208,1414.00,1140,0.256304,-6.830579,0.439133,0.706
1,forward,sustain,6.4417,1414.00,1141,0.256304,0.000000,0.439133,0.706
1,forward,sustain,6.4626,1414.00,1140,0.256304,0.000000,0.439133,0.706
1,forward,sustain,6.4834,1414.00,1140,0.256304,0.000000,0.439133,0.706
1,forward,sustain,6.4965,1414.00,1141,0.256304,0.000000,0.439133,0.705
1,forward,sustain,6.5088,1414.00,1140,0.251855,-0.361094,0.463102,0.705
1,forward,sustain,6.5298,1414.00,1140,0.251855,0.000000,0.463102,0.705
1,forward,sustain,6.5507,1414.00,1141,0.251855,0.000000,0.463102,0.705
1,forward,sustain,6.5716,1414.00,1140,0.251855,0.000000,0.463102,0.705
1,forward,sustain,6.5927,1414.00,1140,0.251855,0.000000,0.463102,0.705
1,forward,sustain,6.5971,1414.00,1141,0.251855,0.000000,0.463102,0.714
1,forward,sustain,6.6106,1414.00,1140,0.255187,0.245894,0.489134,0.714
1,forward,sustain,6.6317,1414.00,1140,0.255187,0.000000,0.489134,0.714
1,forward,sustain,6.6526,1414.00,1141,0.255187,0.000000,0.489134,0.714
1,forward,sustain,6.6736,1414.00,1140,0.255187,0.000000,0.489134,0.714
1,forward,sustain,6.6945,1414.00,1140,0.255187,0.000000,0.489134,0.714
1,forward,sustain,6.6974,1414.00,1141,0.255187,0.000000,0.489134,0.706
1,forward,sustain,6.7141,1414.00,1140,0.252942,-0.134035,0.513879,0.706
1,forward,sustain,6.7352,1414.00,1140,0.252942,0.000000,0.513879,0.706
1,forward,sustain,6.7561,1414.00,1141,0.252942,0.000000,0.513879,0.706
1,forward,sustain,6.7770,1414.00,1140,0.252942,0.000000,0.513879,0.706
1,forward,sustain,6.7983,1414.00,1140,0.252942,0.000000,0.513879,0.701
1,forward,sustain,6.8133,1414.00,1141,0.244925,-0.534250,0.536043,0.701
1,forward,sustain,6.8343,1414.00,1140,0.244925,0.000000,0.536043,0.701
1,forward,sustain,6.8553,1414.00,1140,0.244925,0.000000,0.536043,0.701
1,forward,sustain,6.8761,1414.00,1140,0.244925,0.000000,0.536043,0.701
1,forward,sustain,6.8970,1414.00,1141,0.244925,0.000000,0.536043,0.701
1,forward,sustain,6.8989,1414.00,1140,0.244925,0.000000,0.536043,0.697
1,forward,sustain,6.9113,1414.00,1140,0.246226,0.104309,0.561203,0.697
1,forward,sustain,6.9324,1414.00,1141,0.246226,0.000000,0.561203,0.697
1,forward,coast,6.9533,1500.00,1210,0.246226,0.000000,0.561203,0.697
1,forward,coast,6.9735,1500.00,1210,0.246226,0.000000,0.561203,0.697
1,forward,coast,6.9938,1500.00,1210,0.246226,0.000000,0.561203,0.697
1,forward,coast,6.9992,1500.00,1210,0.246226,0.000000,0.561203,0.696
1,forward,coast,7.0191,1500.00,1210,0.243883,-0.117678,0.585008,0.696
1,forward,coast,7.0394,1500.00,1210,0.243883,0.000000,0.585008,0.696
1,forward,coast,7.0597,1500.00,1210,0.243883,0.000000,0.585008,0.696
1,forward,coast,7.0799,1500.00,1210,0.243883,0.000000,0.585008,0.696
1,forward,coast,7.0972,1500.00,1210,0.243883,0.000000,0.585008,0.694
1,forward,coast,7.1079,1500.00,1210,0.234280,-0.902321,0.605713,0.694
1,forward,coast,7.1282,1500.00,1210,0.234280,0.000000,0.605713,0.694
1,forward,coast,7.1484,1500.00,1210,0.234280,0.000000,0.605713,0.694
1,forward,coast,7.1687,1500.00,1210,0.234280,0.000000,0.605713,0.694
1,forward,coast,7.1890,1500.00,1210,0.234280,0.000000,0.605713,0.694
1,forward,coast,7.1974,1500.00,1210,0.234280,0.000000,0.605713,0.695
1,forward,coast,7.2181,1500.00,1210,0.200631,-1.624489,0.615473,0.695
1,forward,coast,7.2182,1500.00,1210,0.200631,0.000000,0.615473,0.695
1,forward,coast,7.2384,1500.00,1210,0.200631,0.000000,0.615473,0.695
1,forward,coast,7.2589,1500.00,1210,0.200631,0.000000,0.615473,0.695
1,forward,coast,7.2793,1500.00,1210,0.200631,0.000000,0.615473,0.695
1,forward,coast,7.2984,1500.00,1210,0.200631,0.000000,0.615473,0.691
1,forward,coast,7.3163,1500.00,1210,0.147109,-2.999605,0.614116,0.691
1,forward,coast,7.3366,1500.00,1210,0.147109,0.000000,0.614116,0.691
1,forward,coast,7.3569,1500.00,1210,0.147109,0.000000,0.614116,0.691
1,forward,coast,7.3771,1500.00,1210,0.147109,0.000000,0.614116,0.691
1,forward,coast,7.3960,1500.00,1210,0.147109,0.000000,0.614116,0.699
1,forward,coast,7.4100,1500.00,1210,0.108916,-2.732115,0.613547,0.699
1,forward,coast,7.4303,1500.00,1210,0.108916,0.000000,0.613547,0.699
1,forward,coast,7.4505,1500.00,1210,0.108916,0.000000,0.613547,0.699
1,forward,coast,7.4708,1500.00,1210,0.108916,0.000000,0.613547,0.699
1,forward,coast,7.4910,1500.00,1210,0.108916,0.000000,0.613547,0.699
1,forward,coast,7.4966,1500.00,1210,0.108916,0.000000,0.613547,0.683
1,forward,coast,7.5104,1500.00,1210,0.085981,-1.661682,0.615227,0.683
1,forward,coast,7.5308,1500.00,1210,0.085981,0.000000,0.615227,0.683
1,forward,coast,7.5510,1500.00,1210,0.085981,0.000000,0.615227,0.683
1,forward,coast,7.5713,1500.00,1210,0.085981,0.000000,0.615227,0.683
1,forward,coast,7.5915,1500.00,1210,0.085981,0.000000,0.615227,0.683
1,forward,coast,7.5971,1500.00,1210,0.085981,0.000000,0.615227,0.683
1,forward,coast,7.6151,1500.00,1210,0.062281,-1.314452,0.614345,0.683
1,forward,coast,7.6355,1500.00,1210,0.062281,0.000000,0.614345,0.683
1,forward,coast,7.6558,1500.00,1210,0.062281,0.000000,0.614345,0.683
1,forward,coast,7.6761,1500.00,1210,0.062281,0.000000,0.614345,0.683
1,forward,coast,7.6964,1500.00,1210,0.062281,0.000000,0.614345,0.683
1,forward,coast,7.6976,1500.00,1210,0.062281,0.000000,0.614345,0.696
1,forward,coast,7.7064,1500.00,1210,0.040810,-2.436940,0.611970,0.696
1,forward,coast,7.7267,1500.00,1210,0.040810,0.000000,0.611970,0.696
1,forward,coast,7.7470,1500.00,1210,0.040810,0.000000,0.611970,0.696
1,forward,coast,7.7673,1500.00,1210,0.040810,0.000000,0.611970,0.696
1,forward,coast,7.7877,1500.00,1210,0.040810,0.000000,0.611970,0.696
1,forward,coast,7.7959,1500.00,1210,0.040810,0.000000,0.611970,0.692
1,forward,coast,7.8117,1500.00,1210,0.029200,-0.734488,0.611399,0.692
1,forward,coast,7.8321,1500.00,1210,0.029200,0.000000,0.611399,0.692
1,forward,coast,7.8524,1500.00,1210,0.029200,0.000000,0.611399,0.692
1,forward,coast,7.8726,1500.00,1210,0.029200,0.000000,0.611399,0.692
1,forward,coast,7.8928,1500.00,1210,0.029200,0.000000,0.611399,0.692
1,forward,coast,7.8963,1500.00,1210,0.029200,0.000000,0.611399,0.686
1,forward,coast,7.9118,1500.00,1210,0.021634,-0.487540,0.611301,0.686
2,reverse,kick,9.4599,1610.00,1298,0.010060,0.000000,0.005209,2.250
2,reverse,kick,9.4808,1610.00,1299,0.010060,0.000000,0.005209,2.250
2,reverse,kick,9.4921,1610.00,1298,0.010060,0.000000,0.005209,2.250
2,reverse,kick,9.5068,1610.00,1299,0.013049,0.202348,0.007391,2.250
2,reverse,kick,9.5278,1610.00,1298,0.013049,0.000000,0.007391,2.250
2,reverse,kick,9.5488,1610.00,1298,0.013049,0.000000,0.007391,2.250
2,reverse,kick,9.5697,1610.00,1299,0.013049,0.000000,0.007391,2.250
2,reverse,kick,9.5906,1610.00,1298,0.013049,0.000000,0.007391,2.250
2,reverse,kick,9.5928,1610.00,1298,0.013049,0.000000,0.007391,2.266
2,reverse,kick,9.6045,1610.00,1299,-0.006507,-1.660788,0.000978,2.266
2,reverse,kick,9.6255,1610.00,1298,-0.006507,0.000000,0.000978,2.266
2,reverse,kick,9.6464,1610.00,1299,-0.006507,0.000000,0.000978,2.266
2,reverse,kick,9.6673,1610.00,1298,-0.006507,0.000000,0.000978,2.266
2,reverse,kick,9.6881,1610.00,1298,-0.006507,0.000000,0.000978,2.266
2,reverse,kick,9.6929,1610.00,1299,-0.006507,0.000000,0.000978,2.287
2,reverse,kick,9.7097,1610.00,1298,-0.051002,-2.644966,0.017666,2.287
2,reverse,sustain,9.7307,1598.00,1289,-0.051002,0.000000,0.017666,2.287
2,reverse,sustain,9.7516,1598.00,1288,-0.051002,0.000000,0.017666,2.287
2,reverse,sustain,9.7724,1598.00,1289,-0.051002,0.000000,0.017666,2.287
2,reverse,sustain,9.7938,1598.00,1289,-0.051002,0.000000,0.017666,2.318
2,reverse,sustain,9.8134,1598.00,1289,-0.115668,-3.298527,0.048698,2.318
2,reverse,sustain,9.8343,1598.00,1288,-0.115668,0.000000,0.048698,2.318
2,reverse,sustain,9.8552,1598.00,1289,-0.115668,0.000000,0.048698,2.318
2,reverse,sustain,9.8761,1598.00,1289,-0.115668,0.000000,0.048698,2.318
2,reverse,sustain,9.8915,1598.00,1288,-0.115668,0.000000,0.048698,2.350
2,reverse,sustain,9.9024,1598.00,1289,-0.174380,-5.384957,0.084100,2.350
2,reverse,sustain,9.9234,1598.00,1289,-0.174380,0.000000,0.084100,2.350
2,reverse,sustain,9.9443,1598.00,1289,-0.174380,0.000000,0.084100,2.350
2,reverse,sustain,9.9652,1598.00,1288,-0.174380,0.000000,0.084100,2.350
2,reverse,sustain,9.9860,1598.00,1289,-0.174380,0.000000,0.084100,2.350
2,reverse,sustain,9.9922,1598.00,1289,-0.174380,0.000000,0.084100,2.385
2,reverse,sustain,10.0051,1598.00,1288,-0.219214,-3.477563,0.118657,2.385
2,reverse,sustain,10.0261,1598.00,1289,-0.219214,0.000000,0.118657,2.385
2,reverse,sustain,10.0470,1598.00,1289,-0.219214,0.000000,0.118657,2.385
2,reverse,sustain,10.0679,1598.00,1288,-0.219214,0.000000,0.118657,2.385
2,reverse,sustain,10.0887,1598.00,1289,-0.219214,0.000000,0.118657,2.385
2,reverse,sustain,10.0929,1598.00,1289,-0.219214,0.000000,0.118657,2.420
2,reverse,sustain,10.1107,1598.00,1289,-0.250988,-1.789630,0.153457,2.420
2,reverse,sustain,10.1317,1598.00,1288,-0.250988,0.000000,0.153457,2.420
2,reverse,sustain,10.1526,1598.00,1289,-0.250988,0.000000,0.153457,2.420
2,reverse,sustain,10.1735,1598.00,1289,-0.250988,0.000000,0.153457,2.420
2,reverse,sustain,10.1933,1598.00,1288,-0.250988,0.000000,0.153457,2.453
2,reverse,sustain,10.2065,1598.00,1289,-0.280486,-2.234883,0.190668,2.453
2,reverse,sustain,10.2274,1598.00,1289,-0.280486,0.000000,0.190668,2.453
2,reverse,sustain,10.2484,1598.00,1289,-0.280486,0.000000,0.190668,2.453
2,reverse,sustain,10.2693,1598.00,1288,-0.280486,0.000000,0.190668,2.453
2,reverse,sustain,10.2903,1598.00,1289,-0.280486,0.000000,0.190668,2.453
2,reverse,sustain,10.2922,1598.00,1289,-0.280486,0.000000,0.190668,2.493
2,reverse,sustain,10.3133,1598.00,1288,-0.280486,0.000000,0.190668,2.493
2,reverse,sustain,10.3146,1598.00,1289,-0.300450,-14.913886,0.226833,2.493
2,reverse,sustain,10.3355,1598.00,1289,-0.300450,0.000000,0.226833,2.493
2,reverse,sustain,10.3564,1598.00,1289,-0.300450,0.000000,0.226833,2.493
2,reverse,sustain,10.3773,1598.00,1288,-0.300450,0.000000,0.226833,2.493
2,reverse,sustain,10.3919,1598.00,1289,-0.300450,0.000000,0.226833,2.532
2,reverse,sustain,10.4102,1598.00,1289,-0.333088,-1.779819,0.269172,2.532
2,reverse,sustain,10.4313,1598.00,1288,-0.333088,0.000000,0.269172,2.532
2,reverse,sustain,10.4522,1598.00,1289,-0.333088,0.000000,0.269172,2.532
2,reverse,sustain,10.4731,1598.00,1289,-0.333088,0.000000,0.269172,2.532
2,reverse,sustain,10.4925,1598.00,1289,-0.333088,0.000000,0.269172,2.566
2,reverse,sustain,10.5043,1598.00,1288,-0.352255,-1.615058,0.310334,2.566
2,reverse,coast,10.5255,1500.00,1210,-0.352255,0.000000,0.310334,2.566
2,reverse,coast,10.5457,1500.00,1210,-0.352255,0.000000,0.310334,2.566
2,reverse,coast,10.5660,1500.00,1210,-0.352255,0.000000,0.310334,2.566
2,reverse,coast,10.5863,1500.00,1210,-0.352255,0.000000,0.310334,2.566
2,reverse,coast,10.5931,1500.00,1210,-0.352255,0.000000,0.310334,2.598
2,reverse,coast,10.6098,1500.00,1210,-0.363539,-0.676602,0.350351,2.598
2,reverse,coast,10.6301,1500.00,1210,-0.363539,0.000000,0.350351,2.598
2,reverse,coast,10.6504,1500.00,1210,-0.363539,0.000000,0.350351,2.598
2,reverse,coast,10.6707,1500.00,1210,-0.363539,0.000000,0.350351,2.598
2,reverse,coast,10.6909,1500.00,1210,-0.363539,0.000000,0.350351,2.598
2,reverse,coast,10.6934,1500.00,1210,-0.363539,0.000000,0.350351,2.623
2,reverse,coast,10.7135,1500.00,1210,-0.346064,0.866994,0.379881,2.623
2,reverse,coast,10.7338,1500.00,1210,-0.346064,0.000000,0.379881,2.623
2,reverse,coast,10.7541,1500.00,1210,-0.346064,0.000000,0.379881,2.623
2,reverse,coast,10.7744,1500.00,1210,-0.346064,0.000000,0.379881,2.623
2,reverse,coast,10.7915,1500.00,1210,-0.346064,0.000000,0.379881,2.628
2,reverse,coast,10.8087,1500.00,1210,-0.301501,2.585426,0.396687,2.628
2,reverse,coast,10.8290,1500.00,1210,-0.301501,0.000000,0.396687,2.628
2,reverse,coast,10.8493,1500.00,1210,-0.301501,0.000000,0.396687,2.628
2,reverse,coast,10.8696,1500.00,1210,-0.301501,0.000000,0.396687,2.628
2,reverse,coast,10.8898,1500.00,1210,-0.301501,0.000000,0.396687,2.628
2,reverse,coast,10.8920,1500.00,1210,-0.301501,0.000000,0.396687,2.625
2,reverse,coast,10.9076,1500.00,1210,-0.222878,5.054914,0.395408,2.625
2,reverse,coast,10.9279,1500.00,1210,-0.222878,0.000000,0.395408,2.625
2,reverse,coast,10.9482,1500.00,1210,-0.222878,0.000000,0.395408,2.625
2,reverse,coast,10.9684,1500.00,1210,-0.222878,0.000000,0.395408,2.625
2,reverse,coast,10.9886,1500.00,1210,-0.222878,0.000000,0.395408,2.625
2,reverse,coast,10.9924,1500.00,1210,-0.222878,0.000000,0.395408,2.623
2,reverse,coast,11.0081,1500.00,1210,-0.160910,3.935552,0.392905,2.623
2,reverse,coast,11.0286,1500.00,1210,-0.160910,0.000000,0.392905,2.623
2,reverse,coast,11.0490,1500.00,1210,-0.160910,0.000000,0.392905,2.623
2,reverse,coast,11.0694,1500.00,1210,-0.160910,0.000000,0.392905,2.623
2,reverse,coast,11.0897,1500.00,1210,-0.160910,0.000000,0.392905,2.623
2,reverse,coast,11.0932,1500.00,1210,-0.160910,0.000000,0.392905,2.625
2,reverse,coast,11.1019,1500.00,1210,-0.119822,4.723901,0.392548,2.625
2,reverse,coast,11.1223,1500.00,1210,-0.119822,0.000000,0.392548,2.625
2,reverse,coast,11.1425,1500.00,1210,-0.119822,0.000000,0.392548,2.625
2,reverse,coast,11.1628,1500.00,1210,-0.119822,0.000000,0.392548,2.625
2,reverse,coast,11.1831,1500.00,1210,-0.119822,0.000000,0.392548,2.625
2,reverse,coast,11.1937,1500.00,1210,-0.119822,0.000000,0.392548,2.624
2,reverse,coast,11.2040,1500.00,1210,-0.088514,3.043193,0.392012,2.624
2,reverse,coast,11.2243,1500.00,1210,-0.088514,0.000000,0.392012,2.624
2,reverse,coast,11.2446,1500.00,1210,-0.088514,0.000000,0.392012,2.624
2,reverse,coast,11.2648,1500.00,1210,-0.088514,0.000000,0.392012,2.624
2,reverse,coast,11.2851,1500.00,1210,-0.088514,0.000000,0.392012,2.624
2,reverse,coast,11.2942,1500.00,1210,-0.088514,0.000000,0.392012,2.625
2,reverse,coast,11.3062,1500.00,1210,-0.065867,1.891473,0.391806,2.625
2,reverse,coast,11.3265,1500.00,1210,-0.065867,0.000000,0.391806,2.625
2,reverse,coast,11.3468,1500.00,1210,-0.065867,0.000000,0.391806,2.625
2,reverse,coast,11.3671,1500.00,1210,-0.065867,0.000000,0.391806,2.625
2,reverse,coast,11.3875,1500.00,1210,-0.065867,0.000000,0.391806,2.625
2,reverse,coast,11.3947,1500.00,1210,-0.065867,0.000000,0.391806,2.626
2,reverse,coast,11.4015,1500.00,1210,-0.050320,2.265958,0.392191,2.626
2,reverse,coast,11.4220,1500.00,1210,-0.050320,0.000000,0.392191,2.626
2,reverse,coast,11.4425,1500.00,1210,-0.050320,0.000000,0.392191,2.626
2,reverse,coast,11.4629,1500.00,1210,-0.050320,0.000000,0.392191,2.626
2,reverse,coast,11.4832,1500.00,1210,-0.050320,0.000000,0.392191,2.626
2,reverse,coast,11.4953,1500.00,1210,-0.050320,0.000000,0.392191,2.624
2,reverse,coast,11.5084,1500.00,1210,-0.032417,1.366876,0.390050,2.624
2,reverse,coast,11.5287,1500.00,1210,-0.032417,0.000000,0.390050,2.624
2,reverse,coast,11.5490,1500.00,1210,-0.032417,0.000000,0.390050,2.624
2,reverse,coast,11.5692,1500.00,1210,-0.032417,0.000000,0.390050,2.624
2,reverse,coast,11.5894,1500.00,1210,-0.032417,0.000000,0.390050,2.624
2,reverse,coast,11.5959,1500.00,1210,-0.032417,0.000000,0.390050,2.626
2,reverse,coast,11.6104,1500.00,1210,-0.031839,0.039701,0.393050,2.626
2,reverse,coast,11.6308,1500.00,1210,-0.031839,0.000000,0.393050,2.626
2,reverse,coast,11.6510,1500.00,1210,-0.031839,0.000000,0.393050,2.626
2,reverse,coast,11.6713,1500.00,1210,-0.031839,0.000000,0.393050,2.626
2,reverse,coast,11.6915,1500.00,1210,-0.031839,0.000000,0.393050,2.626
2,reverse,coast,11.6962,1500.00,1210,-0.031839,0.000000,0.393050,2.623
2,reverse,coast,11.7114,1500.00,1210,-0.028160,0.242019,0.394762,2.623
2,reverse,coast,11.7318,1500.00,1210,-0.028160,0.000000,0.394762,2.623
2,reverse,coast,11.7520,1500.00,1210,-0.028160,0.000000,0.394762,2.623
2,reverse,coast,11.7723,1500.00,1210,-0.028160,0.000000,0.394762,2.623
2,reverse,coast,11.7925,1500.00,1210,-0.028160,0.000000,0.394762,2.623
2,reverse,coast,11.7939,1500.00,1210,-0.028160,0.000000,0.394762,2.625
2,reverse,coast,11.8059,1500.00,1210,-0.018507,0.804264,0.393727,2.625
3,reverse,kick,13.3571,1610.00,1298,0.003134,0.000000,0.003342,2.623
3,reverse,kick,13.3780,1610.00,1299,0.003134,0.000000,0.003342,2.623
3,reverse,kick,13.3928,1610.00,1298,0.003134,0.000000,0.003342,2.626
3,reverse,kick,13.4076,1610.00,1299,0.002840,-0.019779,0.003591,2.626
3,reverse,kick,13.4286,1610.00,1298,0.002840,0.000000,0.003591,2.626
3,reverse,kick,13.4496,1610.00,1298,0.002840,0.000000,0.003591,2.626
3,reverse,kick,13.4708,1610.00,1299,0.002840,0.000000,0.003591,2.626
3,reverse,kick,13.4922,1610.00,1298,0.002840,0.000000,0.003591,2.626
3,reverse,kick,13.4939,1610.00,1298,0.002840,0.000000,0.003591,2.632
3,reverse,kick,13.5034,1610.00,1299,-0.000131,-0.314129,0.002722,2.632
3,reverse,kick,13.5245,1610.00,1298,-0.000131,0.000000,0.002722,2.632
3,reverse,kick,13.5454,1610.00,1299,-0.000131,0.000000,0.002722,2.632
3,reverse,kick,13.5663,1610.00,1298,-0.000131,0.000000,0.002722,2.632
3,reverse,kick,13.5871,1610.00,1298,-0.000131,0.000000,0.002722,2.632
3,reverse,kick,13.5938,1610.00,1299,-0.000131,0.000000,0.002722,2.645
3,reverse,kick,13.6084,1610.00,1298,-0.027815,-1.903650,0.008562,2.645
3,reverse,kick,13.6294,1610.00,1299,-0.027815,0.000000,0.008562,2.645
3,reverse,kick,13.6503,1610.00,1298,-0.027815,0.000000,0.008562,2.645
3,reverse,kick,13.6712,1610.00,1298,-0.027815,0.000000,0.008562,2.645
3,reverse,kick,13.6912,1610.00,1299,-0.027815,0.000000,0.008562,1.847
3,reverse,kick,13.7059,1610.00,1298,-0.069759,-2.870021,0.028211,1.847
3,reverse,sustain,13.7268,1593.50,1285,-0.069759,0.000000,0.028211,1.847
3,reverse,sustain,13.7478,1593.50,1285,-0.069759,0.000000,0.028211,1.847
3,reverse,sustain,13.7687,1593.50,1285,-0.069759,0.000000,0.028211,1.847
3,reverse,sustain,13.7896,1593.50,1285,-0.069759,0.000000,0.028211,1.847
3,reverse,sustain,13.7921,1593.50,1285,-0.069759,0.000000,0.028211,1.865
3,reverse,sustain,13.8030,1593.50,1285,-0.115054,-4.161692,0.052635,1.865
3,reverse,sustain,13.8240,1593.50,1286,-0.115054,0.000000,0.052635,1.865
3,reverse,sustain,13.8449,1593.50,1285,-0.115054,0.000000,0.052635,1.865
3,reverse,sustain,13.8658,1593.50,1285,-0.115054,0.000000,0.052635,1.865
3,reverse,sustain,13.8867,1593.50,1285,-0.115054,0.000000,0.052635,1.865
3,reverse,sustain,13.8927,1593.50,1285,-0.115054,0.000000,0.052635,1.898
3,reverse,sustain,13.9049,1593.50,1285,-0.152038,-3.032600,0.079153,1.898
3,reverse,sustain,13.9259,1593.50,1285,-0.152038,0.000000,0.079153,1.898
3,reverse,sustain,13.9468,1593.50,1285,-0.152038,0.000000,0.079153,1.898
3,reverse,sustain,13.9677,1593.50,1285,-0.152038,0.000000,0.079153,1.898
3,reverse,sustain,13.9888,1593.50,1285,-0.152038,0.000000,0.079153,1.898
3,reverse,sustain,13.9906,1593.50,1285,-0.152038,0.000000,0.079153,1.844
3,reverse,sustain,14.0024,1593.50,1285,-0.168715,-1.413752,0.101181,1.844
3,reverse,sustain,14.0233,1593.50,1286,-0.168715,0.000000,0.101181,1.844
3,reverse,sustain,14.0442,1593.50,1285,-0.168715,0.000000,0.101181,1.844
3,reverse,sustain,14.0651,1593.50,1285,-0.168715,0.000000,0.101181,1.844
3,reverse,sustain,14.0860,1593.50,1285,-0.168715,0.000000,0.101181,1.844
3,reverse,sustain,14.0911,1593.50,1285,-0.168715,0.000000,0.101181,1.865
3,reverse,sustain,14.1053,1593.50,1285,-0.188913,-1.421924,0.125617,1.865
3,reverse,sustain,14.1263,1593.50,1285,-0.188913,0.000000,0.125617,1.865
3,reverse,sustain,14.1472,1593.50,1285,-0.188913,0.000000,0.125617,1.865
3,reverse,sustain,14.1682,1593.50,1285,-0.188913,0.000000,0.125617,1.865
3,reverse,sustain,14.1890,1593.50,1285,-0.188913,0.000000,0.125617,1.865
3,reverse,sustain,14.1918,1593.50,1285,-0.188913,0.000000,0.125617,1.852
3,reverse,sustain,14.2095,1593.50,1285,-0.191772,-0.161285,0.145727,1.852
3,reverse,sustain,14.2305,1593.50,1285,-0.191772,0.000000,0.145727,1.852
3,reverse,sustain,14.2514,1593.50,1286,-0.191772,0.000000,0.145727,1.852
3,reverse,sustain,14.2723,1593.50,1285,-0.191772,0.000000,0.145727,1.852
3,reverse,sustain,14.2921,1593.50,1285,-0.191772,0.000000,0.145727,1.862
3,reverse,sustain,14.2999,1593.50,1285,-0.195084,-0.420729,0.166381,1.862
3,reverse,sustain,14.3210,1593.50,1285,-0.195084,0.000000,0.166381,1.862
3,reverse,sustain,14.3419,1593.50,1285,-0.195084,0.000000,0.166381,1.862
3,reverse,sustain,14.3628,1593.50,1285,-0.195084,0.000000,0.166381,1.862
3,reverse,sustain,14.3837,1593.50,1285,-0.195084,0.000000,0.166381,1.862
3,reverse,sustain,14.3901,1593.50,1285,-0.195084,0.000000,0.166381,1.891
3,reverse,sustain,14.4074,1593.50,1285,-0.203932,-0.510778,0.189505,1.891
3,reverse,sustain,14.4284,1593.50,1285,-0.203932,0.000000,0.189505,1.891
3,reverse,sustain,14.4493,1593.50,1285,-0.203932,0.000000,0.189505,1.891
3,reverse,sustain,14.4702,1593.50,1286,-0.203932,0.000000,0.189505,1.891
3,reverse,sustain,14.4908,1593.50,1285,-0.203932,0.000000,0.189505,1.873
3,reverse,sustain,14.5120,1593.50,1285,-0.203932,0.000000,0.189505,1.873
3,reverse,sustain,14.5154,1593.50,1285,-0.224982,-6.196459,0.217726,1.873
3,reverse,sustain,14.5363,1593.50,1285,-0.224982,0.000000,0.217726,1.873
3,reverse,sustain,14.5573,1593.50,1285,-0.224982,0.000000,0.217726,1.873
3,reverse,sustain,14.5781,1593.50,1285,-0.224982,0.000000,0.217726,1.873
3,reverse,sustain,14.5913,1593.50,1285,-0.224982,0.000000,0.217726,1.863
3,reverse,sustain,14.6115,1593.50,1285,-0.220172,0.238129,0.238443,1.863
3,reverse,sustain,14.6325,1593.50,1285,-0.220172,0.000000,0.238443,1.863
3,reverse,sustain,14.6533,1593.50,1285,-0.220172,0.000000,0.238443,1.863
3,reverse,sustain,14.6742,1593.50,1285,-0.220172,0.000000,0.238443,1.863
3,reverse,sustain,14.6894,1593.50,1286,-0.220172,0.000000,0.238443,1.883
3,reverse,sustain,14.7066,1593.50,1285,-0.227428,-0.422129,0.263518,1.883
3,reverse,sustain,14.7276,1593.50,1285,-0.227428,0.000000,0.263518,1.883
3,reverse,sustain,14.7485,1593.50,1285,-0.227428,0.000000,0.263518,1.883
3,reverse,sustain,14.7693,1593.50,1285,-0.227428,0.000000,0.263518,1.883
3,reverse,sustain,14.7901,1593.50,1285,-0.227428,0.000000,0.263518,1.903
3,reverse,sustain,14.8105,1593.50,1285,-0.228018,-0.028974,0.286058,1.903
3,reverse,sustain,14.8314,1593.50,1285,-0.228018,0.000000,0.286058,1.903
3,reverse,sustain,14.8523,1593.50,1285,-0.228018,0.000000,0.286058,1.903
3,reverse,sustain,14.8732,1593.50,1285,-0.228018,0.000000,0.286058,1.903
3,reverse,sustain,14.8904,1593.50,1285,-0.228018,0.000000,0.286058,1.928
3,reverse,sustain,14.9017,1593.50,1285,-0.224931,0.271722,0.307764,1.928
3,reverse,sustain,14.9228,1593.50,1285,-0.224931,0.000000,0.307764,1.928
3,reverse,sustain,14.9437,1593.50,1286,-0.224931,0.000000,0.307764,1.928
3,reverse,sustain,14.9646,1593.50,1285,-0.224931,0.000000,0.307764,1.928
3,reverse,sustain,14.9855,1593.50,1285,-0.224931,0.000000,0.307764,1.928
3,reverse,sustain,14.9911,1593.50,1285,-0.224931,0.000000,0.307764,1.946
3,reverse,sustain,15.0072,1593.50,1285,-0.216890,0.501745,0.327099,1.946
3,reverse,sustain,15.0282,1593.50,1285,-0.216890,0.000000,0.327099,1.946
3,reverse,sustain,15.0491,1593.50,1285,-0.216890,0.000000,0.327099,1.946
3,reverse,sustain,15.0699,1593.50,1285,-0.216890,0.000000,0.327099,1.946
3,reverse,sustain,15.0891,1593.50,1285,-0.216890,0.000000,0.327099,1.968
3,reverse,sustain,15.0966,1593.50,1285,-0.213790,0.418784,0.347689,1.968
3,reverse,sustain,15.1176,1593.50,1285,-0.213790,0.000000,0.347689,1.968
3,reverse,sustain,15.1385,1593.50,1285,-0.213790,0.000000,0.347689,1.968
3,reverse,sustain,15.1594,1593.50,1286,-0.213790,0.000000,0.347689,1.968
3,reverse,sustain,15.1804,1593.50,1285,-0.213790,0.000000,0.347689,1.968
3,reverse,sustain,15.1898,1593.50,1285,-0.213790,0.000000,0.347689,1.985
3,reverse,sustain,15.2026,1593.50,1285,-0.221044,-0.567682,0.371497,1.985
3,reverse,sustain,15.2236,1593.50,1285,-0.221044,0.000000,0.371497,1.985
3,reverse,sustain,15.2445,1593.50,1285,-0.221044,0.000000,0.371497,1.985
3,reverse,sustain,15.2654,1593.50,1285,-0.221044,0.000000,0.371497,1.985
3,reverse,sustain,15.2862,1593.50,1285,-0.221044,0.000000,0.371497,1.985
3,reverse,sustain,15.2901,1593.50,1285,-0.221044,0.000000,0.371497,2.007
3,reverse,sustain,15.3063,1593.50,1285,-0.221501,-0.028310,0.393925,2.007
3,reverse,sustain,15.3273,1593.50,1285,-0.221501,0.000000,0.393925,2.007
3,reverse,sustain,15.3484,1593.50,1285,-0.221501,0.000000,0.393925,2.007
3,reverse,sustain,15.3693,1593.50,1285,-0.221501,0.000000,0.393925,2.007
3,reverse,sustain,15.3878,1593.50,1286,-0.221501,0.000000,0.393925,2.022
3,reverse,sustain,15.4039,1593.50,1285,-0.205297,1.004228,0.409657,2.022
3,reverse,sustain,15.4251,1593.50,1285,-0.205297,0.000000,0.409657,2.022
3,reverse,sustain,15.4460,1593.50,1285,-0.205297,0.000000,0.409657,2.022
3,reverse,sustain,15.4670,1593.50,1285,-0.205297,0.000000,0.409657,2.022
3,reverse,sustain,15.4885,1593.50,1285,-0.205297,0.000000,0.409657,2.039
3,reverse,sustain,15.5015,1593.50,1285,-0.192363,0.992559,0.424658,2.039
3,reverse,sustain,15.5227,1593.50,1285,-0.192363,0.000000,0.424658,2.039
3,reverse,sustain,15.5438,1593.50,1285,-0.192363,0.000000,0.424658,2.039
3,reverse,sustain,15.5649,1593.50,1285,-0.192363,0.000000,0.424658,2.039
3,reverse,sustain,15.5859,1593.50,1285,-0.192363,0.000000,0.424658,2.039
3,reverse,sustain,15.5891,1593.50,1285,-0.192363,0.000000,0.424658,2.045
3,reverse,sustain,15.6046,1593.50,1286,-0.176608,1.018056,0.437672,2.045
3,reverse,sustain,15.6256,1593.50,1285,-0.176608,0.000000,0.437672,2.045
3,reverse,sustain,15.6466,1593.50,1285,-0.176608,0.000000,0.437672,2.045
3,reverse,sustain,15.6674,1593.50,1285,-0.176608,0.000000,0.437672,2.045
3,reverse,sustain,15.6871,1593.50,1285,-0.176608,0.000000,0.437672,2.061
3,reverse,sustain,15.6977,1593.50,1285,-0.160876,1.486140,0.449114,2.061
3,reverse,sustain,15.7187,1593.50,1285,-0.160876,0.000000,0.449114,2.061
3,reverse,coast,15.7396,1500.00,1210,-0.160876,0.000000,0.449114,2.061
3,reverse,coast,15.7599,1500.00,1210,-0.160876,0.000000,0.449114,2.061
3,reverse,coast,15.7802,1500.00,1210,-0.160876,0.000000,0.449114,2.061
3,reverse,coast,15.7875,1500.00,1210,-0.160876,0.000000,0.449114,2.062
3,reverse,coast,15.8065,1500.00,1210,-0.136693,1.278643,0.455399,2.062
3,reverse,coast,15.8268,1500.00,1210,-0.136693,0.000000,0.455399,2.062
3,reverse,coast,15.8470,1500.00,1210,-0.136693,0.000000,0.455399,2.062
3,reverse,coast,15.8673,1500.00,1210,-0.136693,0.000000,0.455399,2.062
3,reverse,coast,15.8883,1500.00,1210,-0.136693,0.000000,0.455399,2.056
3,reverse,coast,15.9046,1500.00,1210,-0.106233,1.862516,0.456888,2.056
3,reverse,coast,15.9250,1500.00,1210,-0.106233,0.000000,0.456888,2.056
3,reverse,coast,15.9453,1500.00,1210,-0.106233,0.000000,0.456888,2.056
3,reverse,coast,15.9655,1500.00,1210,-0.106233,0.000000,0.456888,2.056
3,reverse,coast,15.9858,1500.00,1210,-0.106233,0.000000,0.456888,2.056
3,reverse,coast,15.9884,1500.00,1210,-0.106233,0.000000,0.456888,2.058
3,reverse,coast,15.9978,1500.00,1210,-0.076870,3.136284,0.455759,2.058
3,reverse,coast,16.0182,1500.00,1210,-0.076870,0.000000,0.455759,2.058
3,reverse,coast,16.0384,1500.00,1210,-0.076870,0.000000,0.455759,2.058
3,reverse,coast,16.0587,1500.00,1210,-0.076870,0.000000,0.455759,2.058
3,reverse,coast,16.0789,1500.00,1210,-0.076870,0.000000,0.455759,2.058
3,reverse,coast,16.0891,1500.00,1210,-0.076870,0.000000,0.455759,2.056
3,reverse,coast,16.1082,1500.00,1210,-0.054474,1.174425,0.454484,2.056
3,reverse,coast,16.1285,1500.00,1210,-0.054474,0.000000,0.454484,2.056
3,reverse,coast,16.1488,1500.00,1210,-0.054474,0.000000,0.454484,2.056
3,reverse,coast,16.1691,1500.00,1210,-0.054474,0.000000,0.454484,2.056
3,reverse,coast,16.1898,1500.00,1210,-0.054474,0.000000,0.454484,2.054
3,reverse,coast,16.2026,1500.00,1210,-0.035965,1.448126,0.452518,2.054
3,reverse,coast,16.2229,1500.00,1210,-0.035965,0.000000,0.452518,2.054
3,reverse,coast,16.2432,1500.00,1210,-0.035965,0.000000,0.452518,2.054
3,reverse,coast,16.2636,1500.00,1210,-0.035965,0.000000,0.452518,2.054
3,reverse,coast,16.2838,1500.00,1210,-0.035965,0.000000,0.452518,2.054
3,reverse,coast,16.2904,1500.00,1210,-0.035965,0.000000,0.452518,2.055
3,reverse,coast,16.3026,1500.00,1210,-0.032135,0.313759,0.454609,2.055
3,reverse,coast,16.3230,1500.00,1210,-0.032135,0.000000,0.454609,2.055
3,reverse,coast,16.3432,1500.00,1210,-0.032135,0.000000,0.454609,2.055
3,reverse,coast,16.3635,1500.00,1210,-0.032135,0.000000,0.454609,2.055
3,reverse,coast,16.3837,1500.00,1210,-0.032135,0.000000,0.454609,2.055
3,reverse,coast,16.3910,1500.00,1210,-0.032135,0.000000,0.454609,2.055
3,reverse,coast,16.4081,1500.00,1210,-0.013652,1.081578,0.450403,2.055
4,forward,kick,17.9593,1401.00,1130,0.006171,0.000000,0.002131,0.618
4,forward,kick,17.9803,1401.00,1130,0.006171,0.000000,0.002131,0.618
4,forward,kick,17.9890,1401.00,1130,0.006171,0.000000,0.002131,0.618
4,forward,kick,18.0035,1401.00,1129,0.007925,0.120930,0.002147,0.618
4,forward,kick,18.0245,1401.00,1130,0.007925,0.000000,0.002147,0.618
4,forward,kick,18.0454,1401.00,1130,0.007925,0.000000,0.002147,0.618
4,forward,kick,18.0663,1401.00,1130,0.007925,0.000000,0.002147,0.618
4,forward,kick,18.0873,1401.00,1130,0.007925,0.000000,0.002147,0.613
4,forward,kick,18.1052,1401.00,1130,0.002659,-0.295788,0.003510,0.613
4,forward,kick,18.1263,1401.00,1129,0.002659,0.000000,0.003510,0.613
4,forward,kick,18.1472,1401.00,1130,0.002659,0.000000,0.003510,0.613
4,forward,kick,18.1682,1401.00,1130,0.002659,0.000000,0.003510,0.613
4,forward,kick,18.1878,1401.00,1130,0.002659,0.000000,0.003510,0.621
4,forward,kick,18.2075,1401.00,1130,0.031435,1.457242,0.009800,0.621
4,forward,kick,18.2285,1401.00,1130,0.031435,0.000000,0.009800,0.621
4,forward,kick,18.2494,1401.00,1129,0.031435,0.000000,0.009800,0.621
4,forward,kick,18.2705,1401.00,1130,0.031435,0.000000,0.009800,0.621
4,forward,kick,18.2879,1401.00,1130,0.031435,0.000000,0.009800,0.615
4,forward,kick,18.3064,1401.00,1130,0.075510,2.376990,0.030616,0.615
4,forward,sustain,18.3274,1413.50,1140,0.075510,0.000000,0.030616,0.615
4,forward,sustain,18.3483,1413.50,1140,0.075510,0.000000,0.030616,0.615
4,forward,sustain,18.3692,1413.50,1140,0.075510,0.000000,0.030616,0.615
4,forward,sustain,18.3860,1413.50,1140,0.075510,0.000000,0.030616,0.609
4,forward,sustain,18.4037,1413.50,1140,0.126806,2.897690,0.058623,0.609
4,forward,sustain,18.4248,1413.50,1140,0.126806,0.000000,0.058623,0.609
4,forward,sustain,18.4457,1413.50,1139,0.126806,0.000000,0.058623,0.609
4,forward,sustain,18.4665,1413.50,1140,0.126806,0.000000,0.058623,0.609
4,forward,sustain,18.4870,1413.50,1140,0.126806,0.000000,0.058623,0.613
4,forward,sustain,18.5069,1413.50,1140,0.189202,3.133838,0.095466,0.613
4,forward,sustain,18.5279,1413.50,1140,0.189202,0.000000,0.095466,0.613
4,forward,sustain,18.5488,1413.50,1140,0.189202,0.000000,0.095466,0.613
4,forward,sustain,18.5697,1413.50,1140,0.189202,0.000000,0.095466,0.613
4,forward,sustain,18.5874,1413.50,1140,0.189202,0.000000,0.095466,0.621
4,forward,sustain,18.5975,1413.50,1140,0.231324,4.153677,0.131480,0.621
4,forward,sustain,18.6185,1413.50,1140,0.231324,0.000000,0.131480,0.621
4,forward,sustain,18.6394,1413.50,1140,0.231324,0.000000,0.131480,0.621
4,forward,sustain,18.6603,1413.50,1140,0.231324,0.000000,0.131480,0.621
4,forward,sustain,18.6811,1413.50,1139,0.231324,0.000000,0.131480,0.621
4,forward,sustain,18.6855,1413.50,1140,0.231324,0.000000,0.131480,0.624
4,forward,sustain,18.7050,1413.50,1140,0.234828,0.179571,0.156249,0.624
4,forward,sustain,18.7260,1413.50,1140,0.234828,0.000000,0.156249,0.624
4,forward,sustain,18.7469,1413.50,1140,0.234828,0.000000,0.156249,0.624
4,forward,sustain,18.7678,1413.50,1140,0.234828,0.000000,0.156249,0.624
4,forward,sustain,18.7861,1413.50,1140,0.234828,0.000000,0.156249,0.621
4,forward,sustain,18.8015,1413.50,1140,0.243353,0.553836,0.182702,0.621
4,forward,sustain,18.8224,1413.50,1140,0.243353,0.000000,0.182702,0.621
4,forward,sustain,18.8434,1413.50,1140,0.243353,0.000000,0.182702,0.621
4,forward,sustain,18.8643,1413.50,1140,0.243353,0.000000,0.182702,0.621
4,forward,sustain,18.8852,1413.50,1140,0.243353,0.000000,0.182702,0.621
4,forward,sustain,18.8870,1413.50,1140,0.243353,0.000000,0.182702,0.628
4,forward,sustain,18.9053,1413.50,1139,0.265023,1.181949,0.215734,0.628
4,forward,sustain,18.9264,1413.50,1140,0.265023,0.000000,0.215734,0.628
4,forward,sustain,18.9474,1413.50,1140,0.265023,0.000000,0.215734,0.628
4,forward,sustain,18.9684,1413.50,1140,0.265023,0.000000,0.215734,0.628
4,forward,sustain,18.9869,1413.50,1140,0.265023,0.000000,0.215734,0.635
4,forward,sustain,19.0016,1413.50,1140,0.266435,0.095504,0.242866,0.635
4,forward,sustain,19.0226,1413.50,1140,0.266435,0.000000,0.242866,0.635
4,forward,sustain,19.0435,1413.50,1140,0.266435,0.000000,0.242866,0.635
4,forward,sustain,19.0644,1413.50,1140,0.266435,0.000000,0.242866,0.635
4,forward,sustain,19.0853,1413.50,1140,0.266435,0.000000,0.242866,0.632
4,forward,sustain,19.0964,1413.50,1140,0.258958,-0.676992,0.266684,0.632
4,forward,sustain,19.1173,1413.50,1140,0.258958,0.000000,0.266684,0.632
4,forward,sustain,19.1382,1413.50,1139,0.258958,0.000000,0.266684,0.632
4,forward,sustain,19.1591,1413.50,1140,0.258958,0.000000,0.266684,0.632
4,forward,sustain,19.1800,1413.50,1140,0.258958,0.000000,0.266684,0.632
4,forward,sustain,19.1856,1413.50,1140,0.258958,0.000000,0.266684,0.641
4,forward,sustain,19.2008,1413.50,1140,0.258858,-0.006569,0.292104,0.641
4,forward,sustain,19.2218,1413.50,1140,0.258858,0.000000,0.292104,0.641
4,forward,sustain,19.2427,1413.50,1140,0.258858,0.000000,0.292104,0.641
4,forward,sustain,19.2636,1413.50,1140,0.258858,0.000000,0.292104,0.641
4,forward,sustain,19.2845,1413.50,1140,0.258858,0.000000,0.292104,0.641
4,forward,sustain,19.2864,1413.50,1140,0.258858,0.000000,0.292104,0.651
4,forward,sustain,19.3045,1413.50,1140,0.268213,0.517294,0.321799,0.651
4,forward,sustain,19.3254,1413.50,1140,0.268213,0.000000,0.321799,0.651
4,forward,sustain,19.3464,1413.50,1139,0.268213,0.000000,0.321799,0.651
4,forward,sustain,19.3672,1413.50,1140,0.268213,0.000000,0.321799,0.651
4,forward,sustain,19.3841,1413.50,1140,0.268213,0.000000,0.321799,0.652
4,forward,sustain,19.3961,1413.50,1140,0.261792,-0.535051,0.346251,0.652
4,forward,sustain,19.4171,1413.50,1140,0.261792,0.000000,0.346251,0.652
4,forward,sustain,19.4379,1413.50,1140,0.261792,0.000000,0.346251,0.652
4,forward,sustain,19.4588,1413.50,1140,0.261792,0.000000,0.346251,0.652
4,forward,sustain,19.4797,1413.50,1140,0.261792,0.000000,0.346251,0.652
4,forward,sustain,19.4844,1413.50,1140,0.261792,0.000000,0.346251,0.650
4,forward,sustain,19.4946,1413.50,1140,0.261062,-0.071630,0.371542,0.650
4,forward,sustain,19.5156,1413.50,1140,0.261062,0.000000,0.371542,0.650
4,forward,sustain,19.5365,1413.50,1140,0.261062,0.000000,0.371542,0.650
4,forward,sustain,19.5574,1413.50,1140,0.261062,0.000000,0.371542,0.650
4,forward,sustain,19.5782,1413.50,1139,0.261062,0.000000,0.371542,0.650
4,forward,sustain,19.5851,1413.50,1140,0.261062,0.000000,0.371542,0.649
4,forward,sustain,19.6004,1413.50,1140,0.255418,-0.368156,0.395555,0.649
4,forward,sustain,19.6214,1413.50,1140,0.255418,0.000000,0.395555,0.649
4,forward,sustain,19.6423,1413.50,1140,0.255418,0.000000,0.395555,0.649
4,forward,sustain,19.6633,1413.50,1140,0.255418,0.000000,0.395555,0.649
4,forward,sustain,19.6846,1413.50,1140,0.255418,0.000000,0.395555,0.649
4,forward,sustain,19.6868,1413.50,1140,0.255418,0.000000,0.395555,0.661
4,forward,sustain,19.7011,1413.50,1140,0.271027,1.090479,0.427540,0.661
4,forward,sustain,19.7222,1413.50,1140,0.271027,0.000000,0.427540,0.661
4,forward,sustain,19.7432,1413.50,1140,0.271027,0.000000,0.427540,0.661
4,forward,sustain,19.7641,1413.50,1140,0.271027,0.000000,0.427540,0.661
4,forward,sustain,19.7850,1413.50,1139,0.271027,0.000000,0.427540,0.661
4,forward,sustain,19.7869,1413.50,1140,0.271027,0.000000,0.427540,0.654
4,forward,sustain,19.7954,1413.50,1140,0.284052,1.526566,0.459979,0.654
4,forward,sustain,19.8165,1413.50,1140,0.284052,0.000000,0.459979,0.654
4,forward,sustain,19.8374,1413.50,1140,0.284052,0.000000,0.459979,0.654
4,forward,sustain,19.8584,1413.50,1140,0.284052,0.000000,0.459979,0.654
4,forward,sustain,19.8792,1413.50,1140,0.284052,0.000000,0.459979,0.654
4,forward,sustain,19.8863,1413.50,1140,0.284052,0.000000,0.459979,0.662
4,forward,sustain,19.9037,1413.50,1140,0.284483,0.024744,0.488797,0.662
4,forward,sustain,19.9247,1413.50,1140,0.284483,0.000000,0.488797,0.662
4,forward,sustain,19.9456,1413.50,1140,0.284483,0.000000,0.488797,0.662
4,forward,sustain,19.9665,1413.50,1140,0.284483,0.000000,0.488797,0.662
4,forward,sustain,19.9874,1413.50,1140,0.284483,0.000000,0.488797,0.662
4,forward,sustain,19.9899,1413.50,1139,0.284483,0.000000,0.488797,0.656
4,forward,sustain,20.0048,1413.50,1140,0.277457,-0.473571,0.514439,0.656
4,forward,sustain,20.0259,1413.50,1140,0.277457,0.000000,0.514439,0.656
4,forward,sustain,20.0468,1413.50,1140,0.277457,0.000000,0.514439,0.656
4,forward,sustain,20.0678,1413.50,1140,0.277457,0.000000,0.514439,0.656
4,forward,sustain,20.0888,1413.50,1140,0.277457,0.000000,0.514439,0.656
4,forward,sustain,20.0907,1413.50,1140,0.277457,0.000000,0.514439,0.664
4,forward,sustain,20.1080,1413.50,1140,0.266430,-0.639356,0.538627,0.664
4,forward,sustain,20.1290,1413.50,1140,0.266430,0.000000,0.538627,0.664
4,forward,sustain,20.1499,1413.50,1140,0.266430,0.000000,0.538627,0.664
4,forward,sustain,20.1708,1413.50,1140,0.266430,0.000000,0.538627,0.664
4,forward,sustain,20.1880,1413.50,1140,0.266430,0.000000,0.538627,0.680
4,forward,sustain,20.2056,1413.50,1139,0.273541,0.404479,0.568180,0.680
4,forward,sustain,20.2265,1413.50,1140,0.273541,0.000000,0.568180,0.680
4,forward,sustain,20.2474,1413.50,1140,0.273541,0.000000,0.568180,0.680
4,forward,sustain,20.2684,1413.50,1140,0.273541,0.000000,0.568180,0.680
4,forward,sustain,20.2884,1413.50,1140,0.273541,0.000000,0.568180,0.682
4,forward,sustain,20.3087,1413.50,1140,0.281491,0.391650,0.598065,0.682
4,forward,coast,20.3297,1500.00,1210,0.281491,0.000000,0.598065,0.682
4,forward,coast,20.3500,1500.00,1210,0.281491,0.000000,0.598065,0.682
4,forward,coast,20.3703,1500.00,1210,0.281491,0.000000,0.598065,0.682
4,forward,coast,20.3893,1500.00,1210,0.281491,0.000000,0.598065,0.676
4,forward,coast,20.4033,1500.00,1210,0.276778,-0.336526,0.624409,0.676
4,forward,coast,20.4236,1500.00,1210,0.276778,0.000000,0.624409,0.676
4,forward,coast,20.4439,1500.00,1210,0.276778,0.000000,0.624409,0.676
4,forward,coast,20.4641,1500.00,1210,0.276778,0.000000,0.624409,0.676
4,forward,coast,20.4843,1500.00,1210,0.276778,0.000000,0.624409,0.676
4,forward,coast,20.4897,1500.00,1210,0.276778,0.000000,0.624409,0.687
4,forward,coast,20.5065,1500.00,1210,0.260136,-0.991100,0.645626,0.687
4,forward,coast,20.5269,1500.00,1210,0.260136,0.000000,0.645626,0.687
4,forward,coast,20.5471,1500.00,1210,0.260136,0.000000,0.645626,0.687
4,forward,coast,20.5674,1500.00,1210,0.260136,0.000000,0.645626,0.687
4,forward,coast,20.5876,1500.00,1210,0.260136,0.000000,0.645626,0.687
4,forward,coast,20.5902,1500.00,1210,0.260136,0.000000,0.645626,0.680
4,forward,coast,20.6103,1500.00,1210,0.215256,-2.234640,0.653707,0.680
4,forward,coast,20.6307,1500.00,1210,0.215256,0.000000,0.653707,0.680
4,forward,coast,20.6510,1500.00,1210,0.215256,0.000000,0.653707,0.680
4,forward,coast,20.6712,1500.00,1210,0.215256,0.000000,0.653707,0.680
4,forward,coast,20.6883,1500.00,1210,0.215256,0.000000,0.653707,0.685
4,forward,coast,20.7001,1500.00,1210,0.160955,-4.616956,0.653530,0.685
4,forward,coast,20.7204,1500.00,1210,0.160955,0.000000,0.653530,0.685
4,forward,coast,20.7407,1500.00,1210,0.160955,0.000000,0.653530,0.685
4,forward,coast,20.7610,1500.00,1210,0.160955,0.000000,0.653530,0.685
4,forward,coast,20.7812,1500.00,1210,0.160955,0.000000,0.653530,0.685
4,forward,coast,20.7888,1500.00,1210,0.160955,0.000000,0.653530,0.680
4,forward,coast,20.7994,1500.00,1210,0.120878,-3.774036,0.653574,0.680
4,forward,coast,20.8197,1500.00,1210,0.120878,0.000000,0.653574,0.680
4,forward,coast,20.8400,1500.00,1210,0.120878,0.000000,0.653574,0.680
4,forward,coast,20.8602,1500.00,1210,0.120878,0.000000,0.653574,0.680
4,forward,coast,20.8804,1500.00,1210,0.120878,0.000000,0.653574,0.680
4,forward,coast,20.8895,1500.00,1210,0.120878,0.000000,0.653574,0.688
4,forward,coast,20.9059,1500.00,1210,0.093962,-1.643902,0.654904,0.688
4,forward,coast,20.9262,1500.00,1210,0.093962,0.000000,0.654904,0.688
4,forward,coast,20.9464,1500.00,1210,0.093962,0.000000,0.654904,0.688
4,forward,coast,20.9667,1500.00,1210,0.093962,0.000000,0.654904,0.688
4,forward,coast,20.9873,1500.00,1210,0.093962,0.000000,0.654904,0.682
4,forward,coast,20.9973,1500.00,1210,0.066307,-2.773826,0.653248,0.682
4,forward,coast,21.0176,1500.00,1210,0.066307,0.000000,0.653248,0.682
4,forward,coast,21.0379,1500.00,1210,0.066307,0.000000,0.653248,0.682
4,forward,coast,21.0581,1500.00,1210,0.066307,0.000000,0.653248,0.682
4,forward,coast,21.0784,1500.00,1210,0.066307,0.000000,0.653248,0.682
4,forward,coast,21.0881,1500.00,1210,0.066307,0.000000,0.653248,0.679
4,forward,coast,21.0996,1500.00,1210,0.039106,-2.361437,0.649100,0.679
4,forward,coast,21.1200,1500.00,1210,0.039106,0.000000,0.649100,0.679
4,forward,coast,21.1403,1500.00,1210,0.039106,0.000000,0.649100,0.679
4,forward,coast,21.1606,1500.00,1210,0.039106,0.000000,0.649100,0.679
4,forward,coast,21.1809,1500.00,1210,0.039106,0.000000,0.649100,0.679
4,forward,coast,21.1885,1500.00,1210,0.039106,0.000000,0.649100,0.678
4,forward,coast,21.2064,1500.00,1210,0.032547,-0.364941,0.650424,0.678
4,forward,coast,21.2268,1500.00,1210,0.032547,0.000000,0.650424,0.678
4,forward,coast,21.2470,1500.00,1210,0.032547,0.000000,0.650424,0.678
4,forward,coast,21.2673,1500.00,1210,0.032547,0.000000,0.650424,0.678
4,forward,coast,21.2867,1500.00,1210,0.032547,0.000000,0.650424,0.685
4,forward,coast,21.3061,1500.00,1210,0.020113,-0.643262,0.648716,0.685
5,forward,kick,22.8560,1401.00,1130,-0.002276,0.000000,0.001840,0.680
5,forward,kick,22.8769,1401.00,1130,-0.002276,0.000000,0.001840,0.680
5,forward,kick,22.8823,1401.00,1130,-0.002276,0.000000,0.001840,0.684
5,forward,kick,22.8950,1401.00,1129,0.001501,0.297791,0.003104,0.684
5,forward,kick,22.9160,1401.00,1130,0.001501,0.000000,0.003104,0.684
5,forward,kick,22.9371,1401.00,1130,0.001501,0.000000,0.003104,0.684
5,forward,kick,22.9582,1401.00,1130,0.001501,0.000000,0.003104,0.684
5,forward,kick,22.9793,1401.00,1130,0.001501,0.000000,0.003104,0.684
5,forward,kick,22.9828,1401.00,1130,0.001501,0.000000,0.003104,0.689
5,forward,kick,22.9971,1401.00,1129,0.002981,0.104022,0.004267,0.689
5,forward,kick,23.0181,1401.00,1130,0.002981,0.000000,0.004267,0.689
5,forward,kick,23.0390,1401.00,1130,0.002981,0.000000,0.004267,0.689
5,forward,kick,23.0599,1401.00,1130,0.002981,0.000000,0.004267,0.689
5,forward,kick,23.0808,1401.00,1130,0.002981,0.000000,0.004267,0.689
5,forward,kick,23.0836,1401.00,1130,0.002981,0.000000,0.004267,0.689
5,forward,kick,23.0996,1401.00,1129,0.028339,1.582000,0.014443,0.689
5,forward,kick,23.1206,1401.00,1130,0.028339,0.000000,0.014443,0.689
5,forward,kick,23.1415,1401.00,1130,0.028339,0.000000,0.014443,0.689
5,forward,kick,23.1624,1401.00,1130,0.028339,0.000000,0.014443,0.689
5,forward,kick,23.1841,1401.00,1130,0.028339,0.000000,0.014443,0.696
5,forward,kick,23.1962,1401.00,1130,0.075209,3.882717,0.036395,0.696
5,forward,sustain,23.2172,1412.50,1139,0.075209,0.000000,0.036395,0.696
5,forward,sustain,23.2381,1412.50,1139,0.075209,0.000000,0.036395,0.696
5,forward,sustain,23.2590,1412.50,1139,0.075209,0.000000,0.036395,0.696
5,forward,sustain,23.2800,1412.50,1139,0.075209,0.000000,0.036395,0.696
5,forward,sustain,23.2822,1412.50,1140,0.075209,0.000000,0.036395,0.697
5,forward,sustain,23.2988,1412.50,1139,0.133461,3.496244,0.067127,0.697
5,forward,sustain,23.3198,1412.50,1139,0.133461,0.000000,0.067127,0.697
5,forward,sustain,23.3407,1412.50,1139,0.133461,0.000000,0.067127,0.697
5,forward,sustain,23.3616,1412.50,1139,0.133461,0.000000,0.067127,0.697
5,forward,sustain,23.3825,1412.50,1139,0.133461,0.000000,0.067127,0.683
5,forward,sustain,23.3993,1412.50,1139,0.177990,2.662638,0.097613,0.683
5,forward,sustain,23.4203,1412.50,1139,0.177990,0.000000,0.097613,0.683
5,forward,sustain,23.4412,1412.50,1139,0.177990,0.000000,0.097613,0.683
5,forward,sustain,23.4621,1412.50,1140,0.177990,0.000000,0.097613,0.683
5,forward,sustain,23.4831,1412.50,1139,0.177990,0.000000,0.097613,0.702
5,forward,sustain,23.4943,1412.50,1139,0.204709,2.379369,0.126217,0.702
5,forward,sustain,23.5153,1412.50,1139,0.204709,0.000000,0.126217,0.702
5,forward,sustain,23.5362,1412.50,1139,0.204709,0.000000,0.126217,0.702
5,forward,sustain,23.5571,1412.50,1139,0.204709,0.000000,0.126217,0.702
5,forward,sustain,23.5780,1412.50,1139,0.204709,0.000000,0.126217,0.702
5,forward,sustain,23.5835,1412.50,1139,0.204709,0.000000,0.126217,0.700
5,forward,sustain,23.5973,1412.50,1139,0.237735,2.401135,0.160059,0.700
5,forward,sustain,23.6182,1412.50,1140,0.237735,0.000000,0.160059,0.700
5,forward,sustain,23.6391,1412.50,1139,0.237735,0.000000,0.160059,0.700
5,forward,sustain,23.6600,1412.50,1139,0.237735,0.000000,0.160059,0.700
5,forward,sustain,23.6809,1412.50,1139,0.237735,0.000000,0.160059,0.700
5,forward,sustain,23.6866,1412.50,1139,0.237735,0.000000,0.160059,0.693
5,forward,sustain,23.6982,1412.50,1139,0.252170,1.247560,0.189735,0.693
5,forward,sustain,23.7192,1412.50,1139,0.252170,0.000000,0.189735,0.693
5,forward,sustain,23.7401,1412.50,1139,0.252170,0.000000,0.189735,0.693
5,forward,sustain,23.7610,1412.50,1139,0.252170,0.000000,0.189735,0.693
5,forward,sustain,23.7820,1412.50,1140,0.252170,0.000000,0.189735,0.693
5,forward,sustain,23.7871,1412.50,1139,0.252170,0.000000,0.189735,0.683
5,forward,sustain,23.8056,1412.50,1139,0.255366,0.173015,0.217053,0.683
5,forward,sustain,23.8270,1412.50,1139,0.255366,0.000000,0.217053,0.683
5,forward,sustain,23.8481,1412.50,1139,0.255366,0.000000,0.217053,0.683
5,forward,sustain,23.8691,1412.50,1139,0.255366,0.000000,0.217053,0.683
5,forward,sustain,23.8879,1412.50,1139,0.255366,0.000000,0.217053,0.697
5,forward,sustain,23.8972,1412.50,1139,0.254354,-0.109943,0.242328,0.697
5,forward,sustain,23.9182,1412.50,1140,0.254354,0.000000,0.242328,0.697
5,forward,sustain,23.9390,1412.50,1139,0.254354,0.000000,0.242328,0.697
5,forward,sustain,23.9599,1412.50,1139,0.254354,0.000000,0.242328,0.697
5,forward,sustain,23.9809,1412.50,1139,0.254354,0.000000,0.242328,0.697
5,forward,sustain,23.9880,1412.50,1139,0.254354,0.000000,0.242328,0.712
5,forward,sustain,23.9962,1412.50,1139,0.256263,0.232273,0.268721,0.712
5,forward,sustain,24.0172,1412.50,1139,0.256263,0.000000,0.268721,0.712
5,forward,sustain,24.0381,1412.50,1139,0.256263,0.000000,0.268721,0.712
5,forward,sustain,24.0590,1412.50,1139,0.256263,0.000000,0.268721,0.712
5,forward,sustain,24.0798,1412.50,1140,0.256263,0.000000,0.268721,0.712
5,forward,sustain,24.0864,1412.50,1139,0.256263,0.000000,0.268721,0.733
5,forward,sustain,24.1035,1412.50,1139,0.265202,0.525268,0.298008,0.733
5,forward,sustain,24.1245,1412.50,1139,0.265202,0.000000,0.298008,0.733
5,forward,sustain,24.1454,1412.50,1139,0.265202,0.000000,0.298008,0.733
5,forward,sustain,24.1664,1412.50,1139,0.265202,0.000000,0.298008,0.733
5,forward,sustain,24.1870,1412.50,1139,0.265202,0.000000,0.298008,0.756
5,forward,sustain,24.2002,1412.50,1139,0.273373,0.619775,0.327290,0.756
5,forward,sustain,24.2211,1412.50,1139,0.273373,0.000000,0.327290,0.756
5,forward,sustain,24.2420,1412.50,1140,0.273373,0.000000,0.327290,0.756
5,forward,sustain,24.2629,1412.50,1139,0.273373,0.000000,0.327290,0.756
5,forward,sustain,24.2839,1412.50,1139,0.273373,0.000000,0.327290,0.756
5,forward,sustain,24.2874,1412.50,1139,0.273373,0.000000,0.327290,0.780
5,forward,sustain,24.3026,1412.50,1139,0.279875,0.427176,0.357363,0.780
5,forward,sustain,24.3236,1412.50,1139,0.279875,0.000000,0.357363,0.780
5,forward,sustain,24.3445,1412.50,1139,0.279875,0.000000,0.357363,0.780
5,forward,sustain,24.3654,1412.50,1139,0.279875,0.000000,0.357363,0.780
5,forward,sustain,24.3863,1412.50,1139,0.279875,0.000000,0.357363,0.780
5,forward,sustain,24.3881,1412.50,1140,0.279875,0.000000,0.357363,0.805
5,forward,sustain,24.4052,1412.50,1139,0.270949,-0.523414,0.381892,0.805
5,forward,sustain,24.4262,1412.50,1139,0.270949,0.000000,0.381892,0.805
5,forward,sustain,24.4471,1412.50,1139,0.270949,0.000000,0.381892,0.805
5,forward,sustain,24.4679,1412.50,1139,0.270949,0.000000,0.381892,0.805
5,forward,sustain,24.4856,1412.50,1139,0.270949,0.000000,0.381892,0.832
5,forward,sustain,24.5020,1412.50,1139,0.269751,-0.073281,0.408626,0.832
5,forward,sustain,24.5229,1412.50,1139,0.269751,0.000000,0.408626,0.832
5,forward,sustain,24.5439,1412.50,1139,0.269751,0.000000,0.408626,0.832
5,forward,sustain,24.5648,1412.50,1140,0.269751,0.000000,0.408626,0.832
5,forward,sustain,24.5860,1412.50,1139,0.269751,0.000000,0.408626,0.858
5,forward,sustain,24.6001,1412.50,1139,0.271312,0.110876,0.435636,0.858
5,forward,sustain,24.6211,1412.50,1139,0.271312,0.000000,0.435636,0.858
5,forward,sustain,24.6420,1412.50,1139,0.271312,0.000000,0.435636,0.858
5,forward,sustain,24.6629,1412.50,1139,0.271312,0.000000,0.435636,0.858
5,forward,sustain,24.6837,1412.50,1139,0.271312,0.000000,0.435636,0.858
5,forward,sustain,24.6865,1412.50,1139,0.271312,0.000000,0.435636,0.882
5,forward,sustain,24.7039,1412.50,1139,0.261549,-0.561029,0.458942,0.882
5,forward,sustain,24.7249,1412.50,1140,0.261549,0.000000,0.458942,0.882
5,forward,sustain,24.7458,1412.50,1139,0.261549,0.000000,0.458942,0.882
5,forward,sustain,24.7667,1412.50,1139,0.261549,0.000000,0.458942,0.882
5,forward,sustain,24.7874,1412.50,1139,0.261549,0.000000,0.458942,0.906
5,forward,sustain,24.8008,1412.50,1139,0.268589,0.524869,0.488048,0.906
5,forward,sustain,24.8219,1412.50,1139,0.268589,0.000000,0.488048,0.906
5,forward,sustain,24.8428,1412.50,1139,0.268589,0.000000,0.488048,0.906
5,forward,sustain,24.8637,1412.50,1139,0.268589,0.000000,0.488048,0.906
5,forward,sustain,24.8853,1412.50,1139,0.268589,0.000000,0.488048,0.932
5,forward,sustain,24.9051,1412.50,1140,0.260212,-0.422428,0.511767,0.932
5,forward,sustain,24.9261,1412.50,1139,0.260212,0.000000,0.511767,0.932
5,forward,sustain,24.9470,1412.50,1139,0.260212,0.000000,0.511767,0.932
5,forward,sustain,24.9680,1412.50,1139,0.260212,0.000000,0.511767,0.932
5,forward,sustain,24.9856,1412.50,1139,0.260212,0.000000,0.511767,0.958
5,forward,sustain,25.0022,1412.50,1139,0.267085,0.413757,0.539931,0.958
5,forward,sustain,25.0233,1412.50,1139,0.267085,0.000000,0.539931,0.958
5,forward,sustain,25.0442,1412.50,1139,0.267085,0.000000,0.539931,0.958
5,forward,sustain,25.0651,1412.50,1140,0.267085,0.000000,0.539931,0.958
5,forward,sustain,25.0864,1412.50,1139,0.267085,0.000000,0.539931,0.982
5,forward,sustain,25.1076,1412.50,1139,0.267085,0.000000,0.539931,0.982
5,forward,sustain,25.1095,1412.50,1139,0.260283,-3.636203,0.564008,0.982
5,forward,sustain,25.1304,1412.50,1139,0.260283,0.000000,0.564008,0.982
5,forward,sustain,25.1514,1412.50,1139,0.260283,0.000000,0.564008,0.982
5,forward,sustain,25.1723,1412.50,1139,0.260283,0.000000,0.564008,0.982
5,forward,sustain,25.1844,1412.50,1139,0.260283,0.000000,0.564008,1.007
5,forward,sustain,25.1985,1412.50,1139,0.259449,-0.059270,0.589924,1.007
5,forward,coast,25.2195,1500.00,1210,0.259449,0.000000,0.589924,1.007
5,forward,coast,25.2398,1500.00,1210,0.259449,0.000000,0.589924,1.007
5,forward,coast,25.2601,1500.00,1210,0.259449,0.000000,0.589924,1.007
5,forward,coast,25.2803,1500.00,1210,0.259449,0.000000,0.589924,1.007
5,forward,coast,25.2851,1500.00,1210,0.259449,0.000000,0.589924,1.031
5,forward,coast,25.3055,1500.00,1210,0.259449,0.000000,0.589924,1.031
5,forward,coast,25.3085,1500.00,1210,0.254747,-1.588528,0.613501,1.031
5,forward,coast,25.3288,1500.00,1210,0.254747,0.000000,0.613501,1.031
5,forward,coast,25.3491,1500.00,1210,0.254747,0.000000,0.613501,1.031
5,forward,coast,25.3695,1500.00,1210,0.254747,0.000000,0.613501,1.031
5,forward,coast,25.3852,1500.00,1210,0.254747,0.000000,0.613501,1.047
5,forward,coast,25.3943,1500.00,1210,0.248401,-0.698510,0.636577,1.047
5,forward,coast,25.4147,1500.00,1210,0.248401,0.000000,0.636577,1.047
5,forward,coast,25.4350,1500.00,1210,0.248401,0.000000,0.636577,1.047
5,forward,coast,25.4553,1500.00,1210,0.248401,0.000000,0.636577,1.047
5,forward,coast,25.4755,1500.00,1210,0.248401,0.000000,0.636577,1.047
5,forward,coast,25.4860,1500.00,1210,0.248401,0.000000,0.636577,1.051
5,forward,coast,25.5013,1500.00,1210,0.194806,-3.517443,0.639979,1.051
5,forward,coast,25.5216,1500.00,1210,0.194806,0.000000,0.639979,1.051
5,forward,coast,25.5419,1500.00,1210,0.194806,0.000000,0.639979,1.051
5,forward,coast,25.5622,1500.00,1210,0.194806,0.000000,0.639979,1.051
5,forward,coast,25.5824,1500.00,1210,0.194806,0.000000,0.639979,1.051
5,forward,coast,25.5841,1500.00,1210,0.194806,0.000000,0.639979,1.046
5,forward,coast,25.5982,1500.00,1210,0.127634,-4.754519,0.632549,1.046
5,forward,coast,25.6186,1500.00,1210,0.127634,0.000000,0.632549,1.046
5,forward,coast,25.6389,1500.00,1210,0.127634,0.000000,0.632549,1.046
5,forward,coast,25.6592,1500.00,1210,0.127634,0.000000,0.632549,1.046
5,forward,coast,25.6795,1500.00,1210,0.127634,0.000000,0.632549,1.046
5,forward,coast,25.6844,1500.00,1210,0.127634,0.000000,0.632549,1.045
5,forward,coast,25.7034,1500.00,1210,0.100740,-1.422601,0.634510,1.045
5,forward,coast,25.7237,1500.00,1210,0.100740,0.000000,0.634510,1.045
5,forward,coast,25.7440,1500.00,1210,0.100740,0.000000,0.634510,1.045
5,forward,coast,25.7643,1500.00,1210,0.100740,0.000000,0.634510,1.045
5,forward,coast,25.7852,1500.00,1210,0.100740,0.000000,0.634510,1.046
5,forward,coast,25.8016,1500.00,1210,0.076209,-1.500220,0.634770,1.046
5,forward,coast,25.8219,1500.00,1210,0.076209,0.000000,0.634770,1.046
5,forward,coast,25.8422,1500.00,1210,0.076209,0.000000,0.634770,1.046
5,forward,coast,25.8626,1500.00,1210,0.076209,0.000000,0.634770,1.046
5,forward,coast,25.8830,1500.00,1210,0.076209,0.000000,0.634770,1.046
5,forward,coast,25.8855,1500.00,1210,0.076209,0.000000,0.634770,1.046
5,forward,coast,25.9049,1500.00,1210,0.054209,-1.135431,0.633598,1.046
5,forward,coast,25.9253,1500.00,1210,0.054209,0.000000,0.633598,1.046
5,forward,coast,25.9456,1500.00,1210,0.054209,0.000000,0.633598,1.046
5,forward,coast,25.9659,1500.00,1210,0.054209,0.000000,0.633598,1.046
5,forward,coast,25.9864,1500.00,1210,0.054209,0.000000,0.633598,1.045
5,forward,coast,25.9958,1500.00,1210,0.034753,-2.073391,0.631228,1.045
5,forward,coast,26.0162,1500.00,1210,0.034753,0.000000,0.631228,1.045
5,forward,coast,26.0364,1500.00,1210,0.034753,0.000000,0.631228,1.045
5,forward,coast,26.0567,1500.00,1210,0.034753,0.000000,0.631228,1.045
5,forward,coast,26.0770,1500.00,1210,0.034753,0.000000,0.631228,1.045
5,forward,coast,26.0844,1500.00,1210,0.034753,0.000000,0.631228,1.045
5,forward,coast,26.0978,1500.00,1210,0.024689,-0.748718,0.630676,1.045
6,reverse,kick,27.6393,1610.00,1298,-0.002470,0.000000,0.001840,1.826
6,reverse,kick,27.6602,1610.00,1299,-0.002470,0.000000,0.001840,1.826
6,reverse,kick,27.6801,1610.00,1298,-0.002470,0.000000,0.001840,1.827
6,reverse,kick,27.6922,1610.00,1299,-0.000883,0.131373,0.001203,1.827
6,reverse,kick,27.7132,1610.00,1298,-0.000883,0.000000,0.001203,1.827
6,reverse,kick,27.7341,1610.00,1298,-0.000883,0.000000,0.001203,1.827
6,reverse,kick,27.7550,1610.00,1299,-0.000883,0.000000,0.001203,1.827
6,reverse,kick,27.7759,1610.00,1298,-0.000883,0.000000,0.001203,1.827
6,reverse,kick,27.7807,1610.00,1298,-0.000883,0.000000,0.001203,1.840
6,reverse,kick,27.7945,1610.00,1299,-0.002850,-0.143257,0.001154,1.840
6,reverse,kick,27.8155,1610.00,1298,-0.002850,0.000000,0.001154,1.840
6,reverse,kick,27.8364,1610.00,1299,-0.002850,0.000000,0.001154,1.840
6,reverse,kick,27.8573,1610.00,1298,-0.002850,0.000000,0.001154,1.840
6,reverse,kick,27.8785,1610.00,1298,-0.002850,0.000000,0.001154,1.862
6,reverse,kick,27.8954,1610.00,1299,-0.051406,-2.869902,0.021018,1.862
6,reverse,sustain,27.9164,1595.00,1286,-0.051406,0.000000,0.021018,1.862
6,reverse,sustain,27.9375,1595.00,1287,-0.051406,0.000000,0.021018,1.862
6,reverse,sustain,27.9586,1595.00,1286,-0.051406,0.000000,0.021018,1.862
6,reverse,sustain,27.9787,1595.00,1286,-0.051406,0.000000,0.021018,1.888
6,reverse,sustain,27.9941,1595.00,1286,-0.107031,-3.609142,0.047806,1.888
6,reverse,sustain,28.0151,1595.00,1287,-0.107031,0.000000,0.047806,1.888
6,reverse,sustain,28.0360,1595.00,1286,-0.107031,0.000000,0.047806,1.888
6,reverse,sustain,28.0569,1595.00,1286,-0.107031,0.000000,0.047806,1.888
6,reverse,sustain,28.0777,1595.00,1287,-0.107031,0.000000,0.047806,1.888
6,reverse,sustain,28.0795,1595.00,1286,-0.107031,0.000000,0.047806,1.923
6,reverse,sustain,28.0986,1595.00,1286,-0.158529,-2.708937,0.079198,1.923
6,reverse,sustain,28.1196,1595.00,1286,-0.158529,0.000000,0.079198,1.923
6,reverse,sustain,28.1405,1595.00,1287,-0.158529,0.000000,0.079198,1.923
6,reverse,sustain,28.1614,1595.00,1286,-0.158529,0.000000,0.079198,1.923
6,reverse,sustain,28.1775,1595.00,1286,-0.158529,0.000000,0.079198,1.952
6,reverse,sustain,28.1920,1595.00,1287,-0.206932,-3.319232,0.114688,1.952
6,reverse,sustain,28.2131,1595.00,1286,-0.206932,0.000000,0.114688,1.952
6,reverse,sustain,28.2340,1595.00,1286,-0.206932,0.000000,0.114688,1.952
6,reverse,sustain,28.2550,1595.00,1287,-0.206932,0.000000,0.114688,1.952
6,reverse,sustain,28.2759,1595.00,1286,-0.206932,0.000000,0.114688,1.952
6,reverse,sustain,28.2781,1595.00,1286,-0.206932,0.000000,0.114688,1.985
6,reverse,sustain,28.2962,1595.00,1286,-0.243383,-2.011569,0.149202,1.985
6,reverse,sustain,28.3172,1595.00,1287,-0.243383,0.000000,0.149202,1.985
6,reverse,sustain,28.3381,1595.00,1286,-0.243383,0.000000,0.149202,1.985
6,reverse,sustain,28.3590,1595.00,1286,-0.243383,0.000000,0.149202,1.985
6,reverse,sustain,28.3788,1595.00,1287,-0.243383,0.000000,0.149202,2.017
6,reverse,sustain,28.3877,1595.00,1286,-0.266813,-2.617995,0.183079,2.017
6,reverse,sustain,28.4088,1595.00,1286,-0.266813,0.000000,0.183079,2.017
6,reverse,sustain,28.4297,1595.00,1286,-0.266813,0.000000,0.183079,2.017
6,reverse,sustain,28.4505,1595.00,1287,-0.266813,0.000000,0.183079,2.017
6,reverse,sustain,28.4714,1595.00,1286,-0.266813,0.000000,0.183079,2.017
6,reverse,sustain,28.4793,1595.00,1286,-0.266813,0.000000,0.183079,2.049
6,reverse,sustain,28.4884,1595.00,1287,-0.283355,-1.816066,0.216641,2.049
6,reverse,sustain,28.5094,1595.00,1286,-0.283355,0.000000,0.216641,2.049
6,reverse,sustain,28.5303,1595.00,1286,-0.283355,0.000000,0.216641,2.049
6,reverse,sustain,28.5512,1595.00,1286,-0.283355,0.000000,0.216641,2.049
6,reverse,sustain,28.5721,1595.00,1287,-0.283355,0.000000,0.216641,2.049
6,reverse,sustain,28.5772,1595.00,1286,-0.283355,0.000000,0.216641,2.077
6,reverse,sustain,28.5942,1595.00,1286,-0.282698,0.038484,0.244862,2.077
6,reverse,sustain,28.6153,1595.00,1287,-0.282698,0.000000,0.244862,2.077
6,reverse,sustain,28.6362,1595.00,1286,-0.282698,0.000000,0.244862,2.077
6,reverse,sustain,28.6570,1595.00,1286,-0.282698,0.000000,0.244862,2.077
6,reverse,sustain,28.6775,1595.00,1286,-0.282698,0.000000,0.244862,2.109
6,reverse,sustain,28.6878,1595.00,1287,-0.283197,-0.048667,0.272720,2.109
6,reverse,sustain,28.7088,1595.00,1286,-0.283197,0.000000,0.272720,2.109
6,reverse,sustain,28.7297,1595.00,1286,-0.283197,0.000000,0.272720,2.109
6,reverse,sustain,28.7506,1595.00,1287,-0.283197,0.000000,0.272720,2.109
6,reverse,sustain,28.7714,1595.00,1286,-0.283197,0.000000,0.272720,2.109
6,reverse,sustain,28.7784,1595.00,1286,-0.283197,0.000000,0.272720,2.141
6,reverse,sustain,28.7879,1595.00,1287,-0.293650,-1.102519,0.305329,2.141
6,reverse,sustain,28.8089,1595.00,1286,-0.293650,0.000000,0.305329,2.141
6,reverse,sustain,28.8298,1595.00,1286,-0.293650,0.000000,0.305329,2.141
6,reverse,sustain,28.8507,1595.00,1286,-0.293650,0.000000,0.305329,2.141
6,reverse,sustain,28.8717,1595.00,1287,-0.293650,0.000000,0.305329,2.141
6,reverse,sustain,28.8788,1595.00,1286,-0.293650,0.000000,0.305329,2.171
6,reverse,sustain,28.8938,1595.00,1286,-0.300598,-0.461084,0.337760,2.171
6,reverse,sustain,28.9149,1595.00,1287,-0.300598,0.000000,0.337760,2.171
6,reverse,sustain,28.9358,1595.00,1286,-0.300598,0.000000,0.337760,2.171
6,reverse,sustain,28.9566,1595.00,1286,-0.300598,0.000000,0.337760,2.171
6,reverse,sustain,28.9777,1595.00,1286,-0.300598,0.000000,0.337760,2.171
6,reverse,sustain,28.9803,1595.00,1287,-0.300598,0.000000,0.337760,2.203
6,reverse,sustain,28.9992,1595.00,1286,-0.310815,-0.539158,0.372037,2.203
6,reverse,sustain,29.0202,1595.00,1286,-0.310815,0.000000,0.372037,2.203
6,reverse,sustain,29.0411,1595.00,1287,-0.310815,0.000000,0.372037,2.203
6,reverse,sustain,29.0620,1595.00,1286,-0.310815,0.000000,0.372037,2.203
6,reverse,sustain,29.0797,1595.00,1286,-0.310815,0.000000,0.372037,2.230
6,reverse,sustain,29.0900,1595.00,1286,-0.311492,-0.065551,0.403725,2.230
6,reverse,sustain,29.1111,1595.00,1287,-0.311492,0.000000,0.403725,2.230
6,reverse,sustain,29.1320,1595.00,1286,-0.311492,0.000000,0.403725,2.230
6,reverse,sustain,29.1529,1595.00,1286,-0.311492,0.000000,0.403725,2.230
6,reverse,sustain,29.1739,1595.00,1287,-0.311492,0.000000,0.403725,2.230
6,reverse,sustain,29.1806,1595.00,1286,-0.311492,0.000000,0.403725,2.253
6,reverse,sustain,29.1943,1595.00,1286,-0.300967,0.763621,0.430636,2.253
6,reverse,sustain,29.2154,1595.00,1286,-0.300967,0.000000,0.430636,2.253
6,reverse,sustain,29.2363,1595.00,1287,-0.300967,0.000000,0.430636,2.253
6,reverse,sustain,29.2572,1595.00,1286,-0.300967,0.000000,0.430636,2.253
6,reverse,sustain,29.2784,1595.00,1286,-0.300967,0.000000,0.430636,2.275
6,reverse,sustain,29.2901,1595.00,1287,-0.283518,1.495316,0.453930,2.275
6,reverse,sustain,29.3111,1595.00,1286,-0.283518,0.000000,0.453930,2.275
6,reverse,sustain,29.3321,1595.00,1286,-0.283518,0.000000,0.453930,2.275
6,reverse,sustain,29.3530,1595.00,1287,-0.283518,0.000000,0.453930,2.275
6,reverse,sustain,29.3739,1595.00,1286,-0.283518,0.000000,0.453930,2.275
6,reverse,sustain,29.3791,1595.00,1286,-0.283518,0.000000,0.453930,2.300
6,reverse,sustain,29.3906,1595.00,1286,-0.276690,0.590496,0.478984,2.300
6,reverse,sustain,29.4117,1595.00,1287,-0.276690,0.000000,0.478984,2.300
6,reverse,sustain,29.4326,1595.00,1286,-0.276690,0.000000,0.478984,2.300
6,reverse,sustain,29.4536,1595.00,1286,-0.276690,0.000000,0.478984,2.300
6,reverse,sustain,29.4744,1595.00,1287,-0.276690,0.000000,0.478984,2.300
6,reverse,sustain,29.4796,1595.00,1286,-0.276690,0.000000,0.478984,2.325
6,reverse,sustain,29.4989,1595.00,1286,-0.276443,0.012836,0.506769,2.325
6,reverse,sustain,29.5199,1595.00,1286,-0.276443,0.000000,0.506769,2.325
6,reverse,sustain,29.5408,1595.00,1287,-0.276443,0.000000,0.506769,2.325
6,reverse,sustain,29.5617,1595.00,1286,-0.276443,0.000000,0.506769,2.325
6,reverse,sustain,29.5801,1595.00,1286,-0.276443,0.000000,0.506769,2.345
6,reverse,sustain,29.6012,1595.00,1287,-0.276443,0.000000,0.506769,2.345
6,reverse,sustain,29.6027,1595.00,1286,-0.265636,7.144414,0.530192,2.345
6,reverse,sustain,29.6236,1595.00,1286,-0.265636,0.000000,0.530192,2.345
6,reverse,sustain,29.6447,1595.00,1286,-0.265636,0.000000,0.530192,2.345
6,reverse,sustain,29.6656,1595.00,1287,-0.265636,0.000000,0.530192,2.345
6,reverse,sustain,29.6781,1595.00,1286,-0.265636,0.000000,0.530192,2.366
6,reverse,sustain,29.6915,1595.00,1286,-0.248029,1.319377,0.549806,2.366
6,reverse,sustain,29.7126,1595.00,1287,-0.248029,0.000000,0.549806,2.366
6,reverse,sustain,29.7335,1595.00,1286,-0.248029,0.000000,0.549806,2.366
6,reverse,sustain,29.7544,1595.00,1286,-0.248029,0.000000,0.549806,2.366
6,reverse,sustain,29.7752,1595.00,1286,-0.248029,0.000000,0.549806,2.366
6,reverse,sustain,29.7786,1595.00,1287,-0.248029,0.000000,0.549806,2.383
6,reverse,sustain,29.7947,1595.00,1286,-0.230954,1.058079,0.567436,2.383
6,reverse,sustain,29.8157,1595.00,1286,-0.230954,0.000000,0.567436,2.383
6,reverse,sustain,29.8366,1595.00,1287,-0.230954,0.000000,0.567436,2.383
6,reverse,sustain,29.8575,1595.00,1286,-0.230954,0.000000,0.567436,2.383
6,reverse,sustain,29.8789,1595.00,1286,-0.230954,0.000000,0.567436,2.404
6,reverse,sustain,29.9001,1595.00,1287,-0.230954,0.000000,0.567436,2.404
6,reverse,coast,29.9025,1500.00,1210,-0.226328,1.869944,0.588781,2.404
6,reverse,coast,29.9229,1500.00,1210,-0.226328,0.000000,0.588781,2.404
6,reverse,coast,29.9431,1500.00,1210,-0.226328,0.000000,0.588781,2.404
6,reverse,coast,29.9634,1500.00,1210,-0.226328,0.000000,0.588781,2.404
6,reverse,coast,29.9770,1500.00,1210,-0.226328,0.000000,0.588781,1.628
6,reverse,coast,29.9895,1500.00,1210,-0.226449,-0.009724,0.611530,1.628
6,reverse,coast,30.0099,1500.00,1210,-0.226449,0.000000,0.611530,1.628
6,reverse,coast,30.0305,1500.00,1210,-0.226449,0.000000,0.611530,1.628
6,reverse,coast,30.0510,1500.00,1210,-0.226449,0.000000,0.611530,1.628
6,reverse,coast,30.0714,1500.00,1210,-0.226449,0.000000,0.611530,1.628
6,reverse,coast,30.0777,1500.00,1210,-0.226449,0.000000,0.611530,2.435
6,reverse,coast,30.0971,1500.00,1210,-0.207769,0.965188,0.626413,2.435
6,reverse,coast,30.1173,1500.00,1210,-0.207769,0.000000,0.626413,2.435
6,reverse,coast,30.1376,1500.00,1210,-0.207769,0.000000,0.626413,2.435
6,reverse,coast,30.1578,1500.00,1210,-0.207769,0.000000,0.626413,2.435
6,reverse,coast,30.1780,1500.00,1210,-0.207769,0.000000,0.626413,1.641
6,reverse,coast,30.1932,1500.00,1210,-0.167732,2.635361,0.631205,1.641
6,reverse,coast,30.2135,1500.00,1210,-0.167732,0.000000,0.631205,1.641
6,reverse,coast,30.2338,1500.00,1210,-0.167732,0.000000,0.631205,1.641
6,reverse,coast,30.2540,1500.00,1210,-0.167732,0.000000,0.631205,1.641
6,reverse,coast,30.2743,1500.00,1210,-0.167732,0.000000,0.631205,1.641
6,reverse,coast,30.2763,1500.00,1210,-0.167732,0.000000,0.631205,1.641
6,reverse,coast,30.2951,1500.00,1210,-0.125840,2.226364,0.631222,1.641
6,reverse,coast,30.3154,1500.00,1210,-0.125840,0.000000,0.631222,1.641
6,reverse,coast,30.3357,1500.00,1210,-0.125840,0.000000,0.631222,1.641
6,reverse,coast,30.3560,1500.00,1210,-0.125840,0.000000,0.631222,1.641
6,reverse,coast,30.3767,1500.00,1210,-0.125840,0.000000,0.631222,2.435
6,reverse,coast,30.3971,1500.00,1210,-0.125840,0.000000,0.631222,2.435
6,reverse,coast,30.3982,1500.00,1210,-0.100886,23.591701,0.633778,2.435
6,reverse,coast,30.4184,1500.00,1210,-0.100886,0.000000,0.633778,2.435
6,reverse,coast,30.4387,1500.00,1210,-0.100886,0.000000,0.633778,2.435
6,reverse,coast,30.4589,1500.00,1210,-0.100886,0.000000,0.633778,2.435
6,reverse,coast,30.4747,1500.00,1210,-0.100886,0.000000,0.633778,1.643
6,reverse,coast,30.4883,1500.00,1210,-0.069530,2.292430,0.631316,1.643
6,reverse,coast,30.5087,1500.00,1210,-0.069530,0.000000,0.631316,1.643
6,reverse,coast,30.5290,1500.00,1210,-0.069530,0.000000,0.631316,1.643
6,reverse,coast,30.5493,1500.00,1210,-0.069530,0.000000,0.631316,1.643
6,reverse,coast,30.5696,1500.00,1210,-0.069530,0.000000,0.631316,1.643
6,reverse,coast,30.5752,1500.00,1210,-0.069530,0.000000,0.631316,2.434
6,reverse,coast,30.5911,1500.00,1210,-0.045718,1.502383,0.628795,2.434
6,reverse,coast,30.6114,1500.00,1210,-0.045718,0.000000,0.628795,2.434
6,reverse,coast,30.6317,1500.00,1210,-0.045718,0.000000,0.628795,2.434
6,reverse,coast,30.6520,1500.00,1210,-0.045718,0.000000,0.628795,2.434
6,reverse,coast,30.6722,1500.00,1210,-0.045718,0.000000,0.628795,2.434
6,reverse,coast,30.6735,1500.00,1210,-0.045718,0.000000,0.628795,1.640
6,reverse,coast,30.6828,1500.00,1210,-0.031757,1.501585,0.627774,1.640
6,reverse,coast,30.7031,1500.00,1210,-0.031757,0.000000,0.627774,1.640
6,reverse,coast,30.7234,1500.00,1210,-0.031757,0.000000,0.627774,1.640
6,reverse,coast,30.7436,1500.00,1210,-0.031757,0.000000,0.627774,1.640
6,reverse,coast,30.7638,1500.00,1210,-0.031757,0.000000,0.627774,1.640
6,reverse,coast,30.7738,1500.00,1210,-0.031757,0.000000,0.627774,2.435
6,reverse,coast,30.7894,1500.00,1210,-0.030822,0.060108,0.630526,2.435
6,reverse,coast,30.8097,1500.00,1210,-0.030822,0.000000,0.630526,2.435
6,reverse,coast,30.8299,1500.00,1210,-0.030822,0.000000,0.630526,2.435
6,reverse,coast,30.8502,1500.00,1210,-0.030822,0.000000,0.630526,2.435
6,reverse,coast,30.8704,1500.00,1210,-0.030822,0.000000,0.630526,2.435
6,reverse,coast,30.8743,1500.00,1210,-0.030822,0.000000,0.630526,1.635
6,reverse,coast,30.8885,1500.00,1210,-0.028601,0.156731,0.632730,1.635
6,reverse,coast,30.9088,1500.00,1210,-0.028601,0.000000,0.632730,1.635
6,reverse,coast,30.9291,1500.00,1210,-0.028601,0.000000,0.632730,1.635
6,reverse,coast,30.9493,1500.00,1210,-0.028601,0.000000,0.632730,1.635
6,reverse,coast,30.9695,1500.00,1210,-0.028601,0.000000,0.632730,1.635
6,reverse,coast,30.9727,1500.00,1210,-0.028601,0.000000,0.632730,1.651
6,reverse,coast,30.9889,1500.00,1210,-0.010266,1.131181,0.628231,1.651
7,reverse,kick,32.5338,1610.00,1298,-0.004099,0.000000,0.003427,1.635
7,reverse,kick,32.5547,1610.00,1299,-0.004099,0.000000,0.003427,1.635
7,reverse,kick,32.5757,1610.00,1298,-0.004099,0.000000,0.003427,1.645
7,reverse,kick,32.5846,1610.00,1299,-0.003636,0.052356,0.003520,1.645
7,reverse,kick,32.6056,1610.00,1298,-0.003636,0.000000,0.003520,1.645
7,reverse,kick,32.6266,1610.00,1298,-0.003636,0.000000,0.003520,1.645
7,reverse,kick,32.6475,1610.00,1299,-0.003636,0.000000,0.003520,1.645
7,reverse,kick,32.6684,1610.00,1298,-0.003636,0.000000,0.003520,1.645
7,reverse,kick,32.6739,1610.00,1298,-0.003636,0.000000,0.003520,1.645
7,reverse,kick,32.6930,1610.00,1299,0.000979,0.241453,0.002467,1.645
7,reverse,kick,32.7139,1610.00,1298,0.000979,0.000000,0.002467,1.645
7,reverse,kick,32.7348,1610.00,1299,0.000979,0.000000,0.002467,1.645
7,reverse,kick,32.7557,1610.00,1298,0.000979,0.000000,0.002467,1.645
7,reverse,kick,32.7742,1610.00,1298,0.000979,0.000000,0.002467,1.648
7,reverse,kick,32.7899,1610.00,1299,-0.024506,-1.627187,0.011882,1.648
7,reverse,kick,32.8108,1610.00,1298,-0.024506,0.000000,0.011882,1.648
7,reverse,kick,32.8318,1610.00,1299,-0.024506,0.000000,0.011882,1.648
7,reverse,kick,32.8527,1610.00,1298,-0.024506,0.000000,0.011882,1.648
7,reverse,kick,32.8724,1610.00,1298,-0.024506,0.000000,0.011882,1.678
7,reverse,kick,32.8925,1610.00,1299,-0.074954,-2.515006,0.034639,1.678
7,reverse,sustain,32.9135,1596.50,1288,-0.074954,0.000000,0.034639,1.678
7,reverse,sustain,32.9345,1596.50,1287,-0.074954,0.000000,0.034639,1.678
7,reverse,sustain,32.9558,1596.50,1288,-0.074954,0.000000,0.034639,1.678
7,reverse,sustain,32.9726,1596.50,1287,-0.074954,0.000000,0.034639,1.681
7,reverse,sustain,32.9842,1596.50,1288,-0.134943,-5.148965,0.065522,1.681
7,reverse,sustain,33.0051,1596.50,1287,-0.134943,0.000000,0.065522,1.681
7,reverse,sustain,33.0260,1596.50,1288,-0.134943,0.000000,0.065522,1.681
7,reverse,sustain,33.0469,1596.50,1287,-0.134943,0.000000,0.065522,1.681
7,reverse,sustain,33.0678,1596.50,1288,-0.134943,0.000000,0.065522,1.681
7,reverse,sustain,33.0734,1596.50,1287,-0.134943,0.000000,0.065522,1.668
7,reverse,sustain,33.0894,1596.50,1288,-0.192959,-3.618333,0.102334,1.668
7,reverse,sustain,33.1104,1596.50,1287,-0.192959,0.000000,0.102334,1.668
7,reverse,sustain,33.1313,1596.50,1288,-0.192959,0.000000,0.102334,1.668
7,reverse,sustain,33.1522,1596.50,1287,-0.192959,0.000000,0.102334,1.668
7,reverse,sustain,33.1713,1596.50,1288,-0.192959,0.000000,0.102334,1.692
7,reverse,sustain,33.1924,1596.50,1287,-0.192959,0.000000,0.102334,1.692
7,reverse,sustain,33.1943,1596.50,1288,-0.227401,-17.690308,0.135615,1.692
7,reverse,sustain,33.2153,1596.50,1287,-0.227401,0.000000,0.135615,1.692
7,reverse,sustain,33.2362,1596.50,1288,-0.227401,0.000000,0.135615,1.692
7,reverse,sustain,33.2571,1596.50,1287,-0.227401,0.000000,0.135615,1.692
7,reverse,sustain,33.2718,1596.50,1288,-0.227401,0.000000,0.135615,1.664
7,reverse,sustain,33.2836,1596.50,1287,-0.248576,-1.791501,0.166184,1.664
7,reverse,sustain,33.3047,1596.50,1288,-0.248576,0.000000,0.166184,1.664
7,reverse,sustain,33.3256,1596.50,1287,-0.248576,0.000000,0.166184,1.664
7,reverse,sustain,33.3465,1596.50,1288,-0.248576,0.000000,0.166184,1.664
7,reverse,sustain,33.3674,1596.50,1287,-0.248576,0.000000,0.166184,1.664
7,reverse,sustain,33.3726,1596.50,1288,-0.248576,0.000000,0.166184,1.671
7,reverse,sustain,33.3849,1596.50,1287,-0.247049,0.124777,0.190553,1.671
7,reverse,sustain,33.4059,1596.50,1288,-0.247049,0.000000,0.190553,1.671
7,reverse,sustain,33.4268,1596.50,1287,-0.247049,0.000000,0.190553,1.671
7,reverse,sustain,33.4477,1596.50,1288,-0.247049,0.000000,0.190553,1.671
7,reverse,sustain,33.4686,1596.50,1287,-0.247049,0.000000,0.190553,1.671
7,reverse,sustain,33.4704,1596.50,1288,-0.247049,0.000000,0.190553,1.697
7,reverse,sustain,33.4880,1596.50,1287,-0.259151,-0.686884,0.220366,1.697
7,reverse,sustain,33.5090,1596.50,1288,-0.259151,0.000000,0.220366,1.697
7,reverse,sustain,33.5299,1596.50,1287,-0.259151,0.000000,0.220366,1.697
7,reverse,sustain,33.5508,1596.50,1288,-0.259151,0.000000,0.220366,1.697
7,reverse,sustain,33.5708,1596.50,1287,-0.259151,0.000000,0.220366,1.717
7,reverse,sustain,33.5777,1596.50,1288,-0.267904,-1.276658,0.249096,1.717
7,reverse,sustain,33.5987,1596.50,1287,-0.267904,0.000000,0.249096,1.717
7,reverse,sustain,33.6196,1596.50,1288,-0.267904,0.000000,0.249096,1.717
7,reverse,sustain,33.6405,1596.50,1287,-0.267904,0.000000,0.249096,1.717
7,reverse,sustain,33.6613,1596.50,1288,-0.267904,0.000000,0.249096,1.717
7,reverse,sustain,33.6711,1596.50,1287,-0.267904,0.000000,0.249096,1.740
7,reverse,sustain,33.6844,1596.50,1288,-0.271063,-0.236982,0.277294,1.740
7,reverse,sustain,33.7054,1596.50,1287,-0.271063,0.000000,0.277294,1.740
7,reverse,sustain,33.7263,1596.50,1288,-0.271063,0.000000,0.277294,1.740
7,reverse,sustain,33.7472,1596.50,1287,-0.271063,0.000000,0.277294,1.740
7,reverse,sustain,33.7681,1596.50,1288,-0.271063,0.000000,0.277294,1.740
7,reverse,sustain,33.7720,1596.50,1287,-0.271063,0.000000,0.277294,1.763
7,reverse,sustain,33.7858,1596.50,1288,-0.263901,0.519504,0.301594,1.763
7,reverse,sustain,33.8068,1596.50,1287,-0.263901,0.000000,0.301594,1.763
7,reverse,sustain,33.8277,1596.50,1288,-0.263901,0.000000,0.301594,1.763
7,reverse,sustain,33.8486,1596.50,1287,-0.263901,0.000000,0.301594,1.763
7,reverse,sustain,33.8694,1596.50,1288,-0.263901,0.000000,0.301594,1.763
7,reverse,sustain,33.8725,1596.50,1287,-0.263901,0.000000,0.301594,1.774
7,reverse,sustain,33.8849,1596.50,1288,-0.258816,0.409281,0.326160,1.774
7,reverse,sustain,33.9059,1596.50,1287,-0.258816,0.000000,0.326160,1.774
7,reverse,sustain,33.9268,1596.50,1288,-0.258816,0.000000,0.326160,1.774
7,reverse,sustain,33.9477,1596.50,1287,-0.258816,0.000000,0.326160,1.774
7,reverse,sustain,33.9686,1596.50,1288,-0.258816,0.000000,0.326160,1.774
7,reverse,sustain,33.9734,1596.50,1287,-0.258816,0.000000,0.326160,1.788
7,reverse,sustain,33.9825,1596.50,1288,-0.252775,0.659718,0.349714,1.788
7,reverse,sustain,34.0037,1596.50,1287,-0.252775,0.000000,0.349714,1.788
7,reverse,sustain,34.0247,1596.50,1288,-0.252775,0.000000,0.349714,1.788
7,reverse,sustain,34.0456,1596.50,1287,-0.252775,0.000000,0.349714,1.788
7,reverse,sustain,34.0664,1596.50,1288,-0.252775,0.000000,0.349714,1.788
7,reverse,sustain,34.0734,1596.50,1287,-0.252775,0.000000,0.349714,1.814
7,reverse,sustain,34.0900,1596.50,1288,-0.255288,-0.150961,0.376250,1.814
7,reverse,sustain,34.1110,1596.50,1287,-0.255288,0.000000,0.376250,1.814
7,reverse,sustain,34.1321,1596.50,1288,-0.255288,0.000000,0.376250,1.814
7,reverse,sustain,34.1533,1596.50,1287,-0.255288,0.000000,0.376250,1.814
7,reverse,sustain,34.1742,1596.50,1288,-0.255288,0.000000,0.376250,1.844
7,reverse,sustain,34.1928,1596.50,1287,-0.266947,-0.627534,0.406496,1.844
7,reverse,sustain,34.2138,1596.50,1288,-0.266947,0.000000,0.406496,1.844
7,reverse,sustain,34.2347,1596.50,1287,-0.266947,0.000000,0.406496,1.844
7,reverse,sustain,34.2556,1596.50,1288,-0.266947,0.000000,0.406496,1.844
7,reverse,sustain,34.2744,1596.50,1287,-0.266947,0.000000,0.406496,1.867
7,reverse,sustain,34.2842,1596.50,1288,-0.271954,-0.511807,0.435393,1.867
7,reverse,sustain,34.3052,1596.50,1287,-0.271954,0.000000,0.435393,1.867
7,reverse,sustain,34.3261,1596.50,1288,-0.271954,0.000000,0.435393,1.867
7,reverse,sustain,34.3471,1596.50,1287,-0.271954,0.000000,0.435393,1.867
7,reverse,sustain,34.3679,1596.50,1288,-0.271954,0.000000,0.435393,1.867
7,reverse,sustain,34.3750,1596.50,1287,-0.271954,0.000000,0.435393,1.899
7,reverse,sustain,34.3877,1596.50,1288,-0.279137,-0.563892,0.465542,1.899
7,reverse,sustain,34.4088,1596.50,1287,-0.279137,0.000000,0.465542,1.899
7,reverse,sustain,34.4298,1596.50,1288,-0.279137,0.000000,0.465542,1.899
7,reverse,sustain,34.4507,1596.50,1287,-0.279137,0.000000,0.465542,1.899
7,reverse,sustain,34.4716,1596.50,1288,-0.279137,0.000000,0.465542,1.899
7,reverse,sustain,34.4758,1596.50,1287,-0.279137,0.000000,0.465542,1.921
7,reverse,sustain,34.4881,1596.50,1288,-0.287496,-0.681083,0.496985,1.921
7,reverse,sustain,34.5091,1596.50,1287,-0.287496,0.000000,0.496985,1.921
7,reverse,sustain,34.5302,1596.50,1288,-0.287496,0.000000,0.496985,1.921
7,reverse,sustain,34.5511,1596.50,1287,-0.287496,0.000000,0.496985,1.921
7,reverse,sustain,34.5720,1596.50,1288,-0.287496,0.000000,0.496985,1.921
7,reverse,sustain,34.5759,1596.50,1287,-0.287496,0.000000,0.496985,1.949
7,reverse,sustain,34.5865,1596.50,1288,-0.275385,1.144810,0.521067,1.949
7,reverse,sustain,34.6076,1596.50,1287,-0.275385,0.000000,0.521067,1.949
7,reverse,sustain,34.6285,1596.50,1288,-0.275385,0.000000,0.521067,1.949
7,reverse,sustain,34.6494,1596.50,1287,-0.275385,0.000000,0.521067,1.949
7,reverse,sustain,34.6703,1596.50,1288,-0.275385,0.000000,0.521067,1.949
7,reverse,sustain,34.6742,1596.50,1287,-0.275385,0.000000,0.521067,1.980
7,reverse,sustain,34.6951,1596.50,1288,-0.275636,-0.011980,0.548743,1.980
7,reverse,sustain,34.7160,1596.50,1287,-0.275636,0.000000,0.548743,1.980
7,reverse,sustain,34.7369,1596.50,1288,-0.275636,0.000000,0.548743,1.980
7,reverse,sustain,34.7578,1596.50,1287,-0.275636,0.000000,0.548743,1.980
7,reverse,sustain,34.7749,1596.50,1288,-0.275636,0.000000,0.548743,2.004
7,reverse,sustain,34.7938,1596.50,1287,-0.288812,-0.695177,0.581022,2.004
7,reverse,sustain,34.8148,1596.50,1288,-0.288812,0.000000,0.581022,2.004
7,reverse,sustain,34.8357,1596.50,1287,-0.288812,0.000000,0.581022,2.004
7,reverse,sustain,34.8566,1596.50,1288,-0.288812,0.000000,0.581022,2.004
7,reverse,sustain,34.8752,1596.50,1287,-0.288812,0.000000,0.581022,2.031
7,reverse,sustain,34.8838,1596.50,1288,-0.294508,-0.663291,0.612390,2.031
7,reverse,sustain,34.9048,1596.50,1287,-0.294508,0.000000,0.612390,2.031
7,reverse,coast,34.9257,1500.00,1210,-0.294508,0.000000,0.612390,2.031
7,reverse,coast,34.9459,1500.00,1210,-0.294508,0.000000,0.612390,2.031
7,reverse,coast,34.9662,1500.00,1210,-0.294508,0.000000,0.612390,2.031
7,reverse,coast,34.9758,1500.00,1210,-0.294508,0.000000,0.612390,2.063
7,reverse,coast,34.9892,1500.00,1210,-0.282234,0.916854,0.637022,2.063
7,reverse,coast,35.0095,1500.00,1210,-0.282234,0.000000,0.637022,2.063
7,reverse,coast,35.0298,1500.00,1210,-0.282234,0.000000,0.637022,2.063
7,reverse,coast,35.0500,1500.00,1210,-0.282234,0.000000,0.637022,2.063
7,reverse,coast,35.0703,1500.00,1210,-0.282234,0.000000,0.637022,2.063
7,reverse,coast,35.0737,1500.00,1210,-0.282234,0.000000,0.637022,2.091
7,reverse,coast,35.0942,1500.00,1210,-0.282234,0.000000,0.637022,2.091
7,reverse,coast,35.0967,1500.00,1210,-0.263267,7.377082,0.657781,2.091
7,reverse,coast,35.1170,1500.00,1210,-0.263267,0.000000,0.657781,2.091
7,reverse,coast,35.1373,1500.00,1210,-0.263267,0.000000,0.657781,2.091
7,reverse,coast,35.1576,1500.00,1210,-0.263267,0.000000,0.657781,2.091
7,reverse,coast,35.1743,1500.00,1210,-0.263267,0.000000,0.657781,2.077
7,reverse,coast,35.1891,1500.00,1210,-0.207507,3.755446,0.661720,2.077
7,reverse,coast,35.2095,1500.00,1210,-0.207507,0.000000,0.661720,2.077
7,reverse,coast,35.2298,1500.00,1210,-0.207507,0.000000,0.661720,2.077
7,reverse,coast,35.2500,1500.00,1210,-0.207507,0.000000,0.661720,2.077
7,reverse,coast,35.2703,1500.00,1210,-0.207507,0.000000,0.661720,2.077
7,reverse,coast,35.2749,1500.00,1210,-0.207507,0.000000,0.661720,2.077
7,reverse,coast,35.2882,1500.00,1210,-0.156672,3.817586,0.662139,2.077
7,reverse,coast,35.3086,1500.00,1210,-0.156672,0.000000,0.662139,2.077
7,reverse,coast,35.3289,1500.00,1210,-0.156672,0.000000,0.662139,2.077
7,reverse,coast,35.3491,1500.00,1210,-0.156672,0.000000,0.662139,2.077
7,reverse,coast,35.3693,1500.00,1210,-0.156672,0.000000,0.662139,2.077
7,reverse,coast,35.3731,1500.00,1210,-0.156672,0.000000,0.662139,2.075
7,reverse,coast,35.3819,1500.00,1210,-0.105857,5.758449,0.657453,2.075
7,reverse,coast,35.4022,1500.00,1210,-0.105857,0.000000,0.657453,2.075
7,reverse,coast,35.4225,1500.00,1210,-0.105857,0.000000,0.657453,2.075
7,reverse,coast,35.4427,1500.00,1210,-0.105857,0.000000,0.657453,2.075
7,reverse,coast,35.4629,1500.00,1210,-0.105857,0.000000,0.657453,2.075
7,reverse,coast,35.4734,1500.00,1210,-0.105857,0.000000,0.657453,2.075
7,reverse,coast,35.4854,1500.00,1210,-0.081770,2.003429,0.658384,2.075
7,reverse,coast,35.5058,1500.00,1210,-0.081770,0.000000,0.658384,2.075
7,reverse,coast,35.5260,1500.00,1210,-0.081770,0.000000,0.658384,2.075
7,reverse,coast,35.5462,1500.00,1210,-0.081770,0.000000,0.658384,2.075
7,reverse,coast,35.5664,1500.00,1210,-0.081770,0.000000,0.658384,2.075
7,reverse,coast,35.5740,1500.00,1210,-0.081770,0.000000,0.658384,2.077
7,reverse,coast,35.5841,1500.00,1210,-0.063154,1.849411,0.659118,2.077
7,reverse,coast,35.6044,1500.00,1210,-0.063154,0.000000,0.659118,2.077
7,reverse,coast,35.6247,1500.00,1210,-0.063154,0.000000,0.659118,2.077
7,reverse,coast,35.6449,1500.00,1210,-0.063154,0.000000,0.659118,2.077
7,reverse,coast,35.6652,1500.00,1210,-0.063154,0.000000,0.659118,2.077
7,reverse,coast,35.6745,1500.00,1210,-0.063154,0.000000,0.659118,2.078
7,reverse,coast,35.6920,1500.00,1210,-0.044349,1.072463,0.657903,2.078
7,reverse,coast,35.7123,1500.00,1210,-0.044349,0.000000,0.657903,2.078
7,reverse,coast,35.7327,1500.00,1210,-0.044349,0.000000,0.657903,2.078
7,reverse,coast,35.7529,1500.00,1210,-0.044349,0.000000,0.657903,2.078
7,reverse,coast,35.7728,1500.00,1210,-0.044349,0.000000,0.657903,2.078
7,reverse,coast,35.7806,1500.00,1210,-0.029500,1.899725,0.656394,2.078
7,reverse,coast,35.8010,1500.00,1210,-0.029500,0.000000,0.656394,2.078
7,reverse,coast,35.8212,1500.00,1210,-0.029500,0.000000,0.656394,2.078
7,reverse,coast,35.8414,1500.00,1210,-0.029500,0.000000,0.656394,2.078
7,reverse,coast,35.8617,1500.00,1210,-0.029500,0.000000,0.656394,2.078
7,reverse,coast,35.8733,1500.00,1210,-0.029500,0.000000,0.656394,2.079
7,reverse,coast,35.8853,1500.00,1210,-0.021746,0.642988,0.656243,2.079
8,forward,kick,37.4374,1401.00,1130,-0.000075,0.000000,0.002241,0.475
8,forward,kick,37.4583,1401.00,1130,-0.000075,0.000000,0.002241,0.475
8,forward,kick,37.4714,1401.00,1130,-0.000075,0.000000,0.002241,0.470
8,forward,kick,37.4809,1401.00,1129,-0.001387,-0.137053,0.002405,0.470
8,forward,kick,37.5020,1401.00,1130,-0.001387,0.000000,0.002405,0.470
8,forward,kick,37.5229,1401.00,1130,-0.001387,0.000000,0.002405,0.470
8,forward,kick,37.5438,1401.00,1130,-0.001387,0.000000,0.002405,0.470
8,forward,kick,37.5647,1401.00,1130,-0.001387,0.000000,0.002405,0.470
8,forward,kick,37.5719,1401.00,1130,-0.001387,0.000000,0.002405,0.474
8,forward,kick,37.5892,1401.00,1129,0.010434,0.682469,0.002618,0.474
8,forward,kick,37.6102,1401.00,1130,0.010434,0.000000,0.002618,0.474
8,forward,kick,37.6312,1401.00,1130,0.010434,0.000000,0.002618,0.474
8,forward,kick,37.6521,1401.00,1130,0.010434,0.000000,0.002618,0.474
8,forward,kick,37.6723,1401.00,1130,0.010434,0.000000,0.002618,0.473
8,forward,kick,37.6918,1401.00,1130,0.040669,1.552995,0.015992,0.473
8,forward,kick,37.7128,1401.00,1129,0.040669,0.000000,0.015992,0.473
8,forward,kick,37.7337,1401.00,1130,0.040669,0.000000,0.015992,0.473
8,forward,kick,37.7546,1401.00,1130,0.040669,0.000000,0.015992,0.473
8,forward,kick,37.7730,1401.00,1130,0.040669,0.000000,0.015992,0.482
8,forward,kick,37.7858,1401.00,1130,0.096463,4.378895,0.042295,0.482
8,forward,sustain,37.8068,1414.50,1141,0.096463,0.000000,0.042295,0.482
8,forward,sustain,37.8277,1414.50,1140,0.096463,0.000000,0.042295,0.482
8,forward,sustain,37.8487,1414.50,1141,0.096463,0.000000,0.042295,0.482
8,forward,sustain,37.8696,1414.50,1141,0.096463,0.000000,0.042295,0.482
8,forward,sustain,37.8733,1414.50,1141,0.096463,0.000000,0.042295,0.491
8,forward,sustain,37.8872,1414.50,1140,0.158574,4.467893,0.077042,0.491
8,forward,sustain,37.9083,1414.50,1141,0.158574,0.000000,0.077042,0.491
8,forward,sustain,37.9292,1414.50,1141,0.158574,0.000000,0.077042,0.491
8,forward,sustain,37.9502,1414.50,1141,0.158574,0.000000,0.077042,0.491
8,forward,sustain,37.9714,1414.50,1140,0.158574,0.000000,0.077042,0.491
8,forward,sustain,37.9738,1414.50,1141,0.158574,0.000000,0.077042,0.500
8,forward,sustain,37.9878,1414.50,1141,0.204728,3.302615,0.111464,0.500
8,forward,sustain,38.0088,1414.50,1140,0.204728,0.000000,0.111464,0.500
8,forward,sustain,38.0297,1414.50,1141,0.204728,0.000000,0.111464,0.500
8,forward,sustain,38.0506,1414.50,1141,0.204728,0.000000,0.111464,0.500
8,forward,sustain,38.0723,1414.50,1141,0.204728,0.000000,0.111464,0.508
8,forward,sustain,38.0819,1414.50,1140,0.227129,2.350069,0.141104,0.508
8,forward,sustain,38.1029,1414.50,1141,0.227129,0.000000,0.141104,0.508
8,forward,sustain,38.1238,1414.50,1141,0.227129,0.000000,0.141104,0.508
8,forward,sustain,38.1446,1414.50,1141,0.227129,0.000000,0.141104,0.508
8,forward,sustain,38.1655,1414.50,1140,0.227129,0.000000,0.141104,0.508
8,forward,sustain,38.1727,1414.50,1141,0.227129,0.000000,0.141104,0.511
8,forward,sustain,38.1836,1414.50,1141,0.248599,1.971681,0.171878,0.511
8,forward,sustain,38.2049,1414.50,1140,0.248599,0.000000,0.171878,0.511
8,forward,sustain,38.2259,1414.50,1141,0.248599,0.000000,0.171878,0.511
8,forward,sustain,38.2468,1414.50,1141,0.248599,0.000000,0.171878,0.511
8,forward,sustain,38.2678,1414.50,1141,0.248599,0.000000,0.171878,0.511
8,forward,sustain,38.2729,1414.50,1140,0.248599,0.000000,0.171878,0.521
8,forward,sustain,38.2887,1414.50,1141,0.255561,0.440148,0.199667,0.521
8,forward,sustain,38.3099,1414.50,1141,0.255561,0.000000,0.199667,0.521
8,forward,sustain,38.3309,1414.50,1141,0.255561,0.000000,0.199667,0.521
8,forward,sustain,38.3519,1414.50,1140,0.255561,0.000000,0.199667,0.521
8,forward,sustain,38.3737,1414.50,1141,0.255561,0.000000,0.199667,0.526
8,forward,sustain,38.3746,1414.50,1141,0.255561,0.000000,0.199667,0.526
8,forward,sustain,38.3828,1414.50,1140,0.263772,1.005012,0.228598,0.526
8,forward,sustain,38.4038,1414.50,1141,0.263772,0.000000,0.228598,0.526
8,forward,sustain,38.4247,1414.50,1141,0.263772,0.000000,0.228598,0.526
8,forward,sustain,38.4456,1414.50,1141,0.263772,0.000000,0.228598,0.526
8,forward,sustain,38.4664,1414.50,1140,0.263772,0.000000,0.228598,0.526
8,forward,sustain,38.4715,1414.50,1141,0.263772,0.000000,0.228598,0.528
8,forward,sustain,38.4863,1414.50,1141,0.259040,-0.320676,0.253214,0.528
8,forward,sustain,38.5073,1414.50,1140,0.259040,0.000000,0.253214,0.528
8,forward,sustain,38.5282,1414.50,1141,0.259040,0.000000,0.253214,0.528
8,forward,sustain,38.5490,1414.50,1141,0.259040,0.000000,0.253214,0.528
8,forward,sustain,38.5699,1414.50,1141,0.259040,0.000000,0.253214,0.528
8,forward,sustain,38.5720,1414.50,1140,0.259040,0.000000,0.253214,0.541
8,forward,sustain,38.5932,1414.50,1141,0.259040,0.000000,0.253214,0.541
8,forward,sustain,38.5962,1414.50,1141,0.257522,-0.504774,0.277970,0.541
8,forward,sustain,38.6172,1414.50,1141,0.257522,0.000000,0.277970,0.541
8,forward,sustain,38.6381,1414.50,1140,0.257522,0.000000,0.277970,0.541
8,forward,sustain,38.6590,1414.50,1141,0.257522,0.000000,0.277970,0.541
8,forward,sustain,38.6702,1414.50,1141,0.257522,0.000000,0.277970,0.546
8,forward,sustain,38.6808,1414.50,1140,0.257329,-0.018187,0.303743,0.546
8,forward,sustain,38.7019,1414.50,1141,0.257329,0.000000,0.303743,0.546
8,forward,sustain,38.7228,1414.50,1141,0.257329,0.000000,0.303743,0.546
8,forward,sustain,38.7438,1414.50,1141,0.257329,0.000000,0.303743,0.546
8,forward,sustain,38.7647,1414.50,1140,0.257329,0.000000,0.303743,0.546
8,forward,sustain,38.7684,1414.50,1141,0.257329,0.000000,0.303743,0.549
8,forward,sustain,38.7894,1414.50,1141,0.245982,-0.538319,0.324599,0.549
8,forward,sustain,38.8105,1414.50,1141,0.245982,0.000000,0.324599,0.549
8,forward,sustain,38.8314,1414.50,1140,0.245982,0.000000,0.324599,0.549
8,forward,sustain,38.8523,1414.50,1141,0.245982,0.000000,0.324599,0.549
8,forward,sustain,38.8686,1414.50,1141,0.245982,0.000000,0.324599,0.550
8,forward,sustain,38.8798,1414.50,1140,0.241286,-0.418036,0.346880,0.550
8,forward,sustain,38.9008,1414.50,1141,0.241286,0.000000,0.346880,0.550
8,forward,sustain,38.9217,1414.50,1141,0.241286,0.000000,0.346880,0.550
8,forward,sustain,38.9426,1414.50,1141,0.241286,0.000000,0.346880,0.550
8,forward,sustain,38.9635,1414.50,1140,0.241286,0.000000,0.346880,0.550
8,forward,sustain,38.9668,1414.50,1141,0.241286,0.000000,0.346880,0.556
8,forward,sustain,38.9881,1414.50,1141,0.241286,0.000000,0.346880,0.556
8,forward,sustain,38.9896,1414.50,1141,0.240529,-0.532467,0.370759,0.556
8,forward,sustain,39.0105,1414.50,1140,0.240529,0.000000,0.370759,0.556
8,forward,sustain,39.0314,1414.50,1141,0.240529,0.000000,0.370759,0.556
8,forward,sustain,39.0523,1414.50,1141,0.240529,0.000000,0.370759,0.556
8,forward,sustain,39.0648,1414.50,1140,0.240529,0.000000,0.370759,0.567
8,forward,sustain,39.0825,1414.50,1141,0.235699,-0.272864,0.392482,0.567
8,forward,sustain,39.1034,1414.50,1141,0.235699,0.000000,0.392482,0.567
8,forward,sustain,39.1243,1414.50,1141,0.235699,0.000000,0.392482,0.567
8,forward,sustain,39.1452,1414.50,1140,0.235699,0.000000,0.392482,0.567
8,forward,sustain,39.1654,1414.50,1141,0.235699,0.000000,0.392482,0.576
8,forward,sustain,39.1779,1414.50,1141,0.235033,-0.053484,0.415320,0.576
8,forward,sustain,39.1989,1414.50,1141,0.235033,0.000000,0.415320,0.576
8,forward,sustain,39.2199,1414.50,1140,0.235033,0.000000,0.415320,0.576
8,forward,sustain,39.2408,1414.50,1141,0.235033,0.000000,0.415320,0.576
8,forward,sustain,39.2617,1414.50,1141,0.235033,0.000000,0.415320,0.576
8,forward,sustain,39.2635,1414.50,1140,0.235033,0.000000,0.415320,0.580
8,forward,sustain,39.2783,1414.50,1141,0.252633,1.184171,0.446057,0.580
8,forward,sustain,39.2993,1414.50,1141,0.252633,0.000000,0.446057,0.580
8,forward,sustain,39.3203,1414.50,1141,0.252633,0.000000,0.446057,0.580
8,forward,sustain,39.3412,1414.50,1140,0.252633,0.000000,0.446057,0.580
8,forward,sustain,39.3621,1414.50,1141,0.252633,0.000000,0.446057,0.580
8,forward,sustain,39.3640,1414.50,1141,0.252633,0.000000,0.446057,0.586
8,forward,sustain,39.3767,1414.50,1141,0.244701,-0.623039,0.467670,0.586
8,forward,sustain,39.3979,1414.50,1140,0.244701,0.000000,0.467670,0.586
8,forward,sustain,39.4188,1414.50,1141,0.244701,0.000000,0.467670,0.586
8,forward,sustain,39.4397,1414.50,1141,0.244701,0.000000,0.467670,0.586
8,forward,sustain,39.4607,1414.50,1140,0.244701,0.000000,0.467670,0.586
8,forward,sustain,39.4642,1414.50,1141,0.244701,0.000000,0.467670,0.594
8,forward,sustain,39.4763,1414.50,1141,0.238704,-0.493660,0.489838,0.594
8,forward,sustain,39.4974,1414.50,1141,0.238704,0.000000,0.489838,0.594
8,forward,sustain,39.5183,1414.50,1140,0.238704,0.000000,0.489838,0.594
8,forward,sustain,39.5392,1414.50,1141,0.238704,0.000000,0.489838,0.594
8,forward,sustain,39.5602,1414.50,1141,0.238704,0.000000,0.489838,0.594
8,forward,sustain,39.5648,1414.50,1140,0.238704,0.000000,0.489838,0.599
8,forward,sustain,39.5705,1414.50,1141,0.234847,-0.669713,0.512281,0.599
8,forward,sustain,39.5916,1414.50,1141,0.234847,0.000000,0.512281,0.599
8,forward,sustain,39.6125,1414.50,1141,0.234847,0.000000,0.512281,0.599
8,forward,sustain,39.6333,1414.50,1140,0.234847,0.000000,0.512281,0.599
8,forward,sustain,39.6542,1414.50,1141,0.234847,0.000000,0.512281,0.599
8,forward,sustain,39.6653,1414.50,1141,0.234847,0.000000,0.512281,0.602
8,forward,sustain,39.6795,1414.50,1141,0.237222,0.168163,0.536810,0.602
8,forward,sustain,39.7005,1414.50,1140,0.237222,0.000000,0.536810,0.602
8,forward,sustain,39.7215,1414.50,1141,0.237222,0.000000,0.536810,0.602
8,forward,sustain,39.7424,1414.50,1141,0.237222,0.000000,0.536810,0.602
8,forward,sustain,39.7633,1414.50,1140,0.237222,0.000000,0.536810,0.602
8,forward,sustain,39.7659,1414.50,1141,0.237222,0.000000,0.536810,0.612
8,forward,sustain,39.7794,1414.50,1141,0.223226,-1.042844,0.555067,0.612
8,forward,sustain,39.8004,1414.50,1141,0.223226,0.000000,0.555067,0.612
8,forward,coast,39.8213,1500.00,1210,0.223226,0.000000,0.555067,0.612
8,forward,coast,39.8416,1500.00,1210,0.223226,0.000000,0.555067,0.612
8,forward,coast,39.8619,1500.00,1210,0.223226,0.000000,0.555067,0.612
8,forward,coast,39.8664,1500.00,1210,0.223226,0.000000,0.555067,0.613
8,forward,coast,39.8869,1500.00,1210,0.226148,0.142480,0.578685,0.613
8,forward,coast,39.9073,1500.00,1210,0.226148,0.000000,0.578685,0.613
8,forward,coast,39.9276,1500.00,1210,0.226148,0.000000,0.578685,0.613
8,forward,coast,39.9478,1500.00,1210,0.226148,0.000000,0.578685,0.613
8,forward,coast,39.9670,1500.00,1210,0.226148,0.000000,0.578685,0.623
8,forward,coast,39.9780,1500.00,1210,0.215731,-0.944030,0.597227,0.623
8,forward,coast,39.9984,1500.00,1210,0.215731,0.000000,0.597227,0.623
8,forward,coast,40.0186,1500.00,1210,0.215731,0.000000,0.597227,0.623
8,forward,coast,40.0389,1500.00,1210,0.215731,0.000000,0.597227,0.623
8,forward,coast,40.0591,1500.00,1210,0.215731,0.000000,0.597227,0.623
8,forward,coast,40.0673,1500.00,1210,0.215731,0.000000,0.597227,0.622
8,forward,coast,40.0877,1500.00,1210,0.215731,0.000000,0.597227,0.622
8,forward,coast,40.0888,1500.00,1210,0.171883,-39.090264,0.601285,0.622
8,forward,coast,40.1091,1500.00,1210,0.171883,0.000000,0.601285,0.622
8,forward,coast,40.1294,1500.00,1210,0.171883,0.000000,0.601285,0.622
8,forward,coast,40.1496,1500.00,1210,0.171883,0.000000,0.601285,0.622
8,forward,coast,40.1681,1500.00,1210,0.171883,0.000000,0.601285,0.617
8,forward,coast,40.1859,1500.00,1210,0.139533,-1.813193,0.605551,0.617
8,forward,coast,40.2063,1500.00,1210,0.139533,0.000000,0.605551,0.617
8,forward,coast,40.2265,1500.00,1210,0.139533,0.000000,0.605551,0.617
8,forward,coast,40.2468,1500.00,1210,0.139533,0.000000,0.605551,0.617
8,forward,coast,40.2671,1500.00,1210,0.139533,0.000000,0.605551,0.617
8,forward,coast,40.2687,1500.00,1210,0.139533,0.000000,0.605551,0.627
8,forward,coast,40.2893,1500.00,1210,0.139533,0.000000,0.605551,0.627
8,forward,coast,40.2899,1500.00,1210,0.089514,-83.881733,0.599463,0.627
8,forward,coast,40.3102,1500.00,1210,0.089514,0.000000,0.599463,0.627
8,forward,coast,40.3306,1500.00,1210,0.089514,0.000000,0.599463,0.627
8,forward,coast,40.3510,1500.00,1210,0.089514,0.000000,0.599463,0.627
8,forward,coast,40.3690,1500.00,1210,0.089514,0.000000,0.599463,0.616
8,forward,coast,40.3825,1500.00,1210,0.063141,-1.956980,0.597847,0.616
8,forward,coast,40.4029,1500.00,1210,0.063141,0.000000,0.597847,0.616
8,forward,coast,40.4232,1500.00,1210,0.063141,0.000000,0.597847,0.616
8,forward,coast,40.4434,1500.00,1210,0.063141,0.000000,0.597847,0.616
8,forward,coast,40.4637,1500.00,1210,0.063141,0.000000,0.597847,0.616
8,forward,coast,40.4696,1500.00,1210,0.063141,0.000000,0.597847,0.627
8,forward,coast,40.4815,1500.00,1210,0.047420,-1.321423,0.597866,0.627
8,forward,coast,40.5018,1500.00,1210,0.047420,0.000000,0.597866,0.627
8,forward,coast,40.5221,1500.00,1210,0.047420,0.000000,0.597866,0.627
8,forward,coast,40.5423,1500.00,1210,0.047420,0.000000,0.597866,0.627
8,forward,coast,40.5626,1500.00,1210,0.047420,0.000000,0.597866,0.627
8,forward,coast,40.5701,1500.00,1210,0.047420,0.000000,0.597866,0.620
8,forward,coast,40.5892,1500.00,1210,0.042328,-0.265741,0.600591,0.620
8,forward,coast,40.6096,1500.00,1210,0.042328,0.000000,0.600591,0.620
8,forward,coast,40.6299,1500.00,1210,0.042328,0.000000,0.600591,0.620
8,forward,coast,40.6501,1500.00,1210,0.042328,0.000000,0.600591,0.620
8,forward,coast,40.6708,1500.00,1210,0.042328,0.000000,0.600591,0.620
8,forward,coast,40.6838,1500.00,1210,0.028367,-1.076276,0.599240,0.620
8,forward,coast,40.7041,1500.00,1210,0.028367,0.000000,0.599240,0.620
8,forward,coast,40.7244,1500.00,1210,0.028367,0.000000,0.599240,0.620
8,forward,coast,40.7447,1500.00,1210,0.028367,0.000000,0.599240,0.620
8,forward,coast,40.7650,1500.00,1210,0.028367,0.000000,0.599240,0.620
8,forward,coast,40.7686,1500.00,1210,0.028367,0.000000,0.599240,0.614
8,forward,coast,40.7834,1500.00,1210,0.016852,-0.780444,0.597461,0.614
9,forward,kick,42.3314,1401.00,1130,-0.000749,0.000000,0.000636,0.620
9,forward,kick,42.3523,1401.00,1130,-0.000749,0.000000,0.000636,0.620
9,forward,kick,42.3669,1401.00,1130,-0.000749,0.000000,0.000636,0.627
9,forward,kick,42.3771,1401.00,1129,0.000672,0.138604,0.000495,0.627
9,forward,kick,42.3983,1401.00,1130,0.000672,0.000000,0.000495,0.627
9,forward,kick,42.4194,1401.00,1130,0.000672,0.000000,0.000495,0.627
9,forward,kick,42.4404,1401.00,1130,0.000672,0.000000,0.000495,0.627
9,forward,kick,42.4615,1401.00,1130,0.000672,0.000000,0.000495,0.627
9,forward,kick,42.4673,1401.00,1130,0.000672,0.000000,0.000495,0.626
9,forward,kick,42.4817,1401.00,1129,0.010537,0.683922,0.004505,0.626
9,forward,kick,42.5027,1401.00,1130,0.010537,0.000000,0.004505,0.626
9,forward,kick,42.5236,1401.00,1130,0.010537,0.000000,0.004505,0.626
9,forward,kick,42.5445,1401.00,1130,0.010537,0.000000,0.004505,0.626
9,forward,kick,42.5653,1401.00,1130,0.010537,0.000000,0.004505,0.626
9,forward,kick,42.5682,1401.00,1130,0.010537,0.000000,0.004505,0.619
9,forward,kick,42.5857,1401.00,1129,0.031132,1.173985,0.013757,0.619
9,forward,kick,42.6067,1401.00,1130,0.031132,0.000000,0.013757,0.619
9,forward,kick,42.6276,1401.00,1130,0.031132,0.000000,0.013757,0.619
9,forward,kick,42.6485,1401.00,1130,0.031132,0.000000,0.013757,0.619
9,forward,kick,42.6659,1401.00,1130,0.031132,0.000000,0.013757,0.629
9,forward,kick,42.6838,1401.00,1130,0.090508,3.309291,0.040796,0.629
9,forward,sustain,42.7048,1413.00,1140,0.090508,0.000000,0.040796,0.629
9,forward,sustain,42.7257,1413.00,1139,0.090508,0.000000,0.040796,0.629
9,forward,sustain,42.7466,1413.00,1140,0.090508,0.000000,0.040796,0.629
9,forward,sustain,42.7668,1413.00,1139,0.090508,0.000000,0.040796,0.637
9,forward,sustain,42.7799,1413.00,1140,0.138023,3.610963,0.068201,0.637
9,forward,sustain,42.8010,1413.00,1139,0.138023,0.000000,0.068201,0.637
9,forward,sustain,42.8219,1413.00,1140,0.138023,0.000000,0.068201,0.637
9,forward,sustain,42.8428,1413.00,1139,0.138023,0.000000,0.068201,0.637
9,forward,sustain,42.8637,1413.00,1140,0.138023,0.000000,0.068201,0.637
9,forward,sustain,42.8673,1413.00,1139,0.138023,0.000000,0.068201,0.637
9,forward,sustain,42.8805,1413.00,1140,0.175281,2.814774,0.097166,0.637
9,forward,sustain,42.9015,1413.00,1139,0.175281,0.000000,0.097166,0.637
9,forward,sustain,42.9224,1413.00,1140,0.175281,0.000000,0.097166,0.637
9,forward,sustain,42.9434,1413.00,1139,0.175281,0.000000,0.097166,0.637
9,forward,sustain,42.9649,1413.00,1140,0.175281,0.000000,0.097166,0.651
9,forward,sustain,42.9800,1413.00,1139,0.203937,1.900026,0.126333,0.651
9,forward,sustain,43.0010,1413.00,1140,0.203937,0.000000,0.126333,0.651
9,forward,sustain,43.0219,1413.00,1139,0.203937,0.000000,0.126333,0.651
9,forward,sustain,43.0428,1413.00,1140,0.203937,0.000000,0.126333,0.651
9,forward,sustain,43.0636,1413.00,1139,0.203937,0.000000,0.126333,0.651
9,forward,sustain,43.0658,1413.00,1140,0.203937,0.000000,0.126333,0.650
9,forward,sustain,43.0809,1413.00,1139,0.236236,2.136708,0.158920,0.650
9,forward,sustain,43.1020,1413.00,1140,0.236236,0.000000,0.158920,0.650
9,forward,sustain,43.1229,1413.00,1139,0.236236,0.000000,0.158920,0.650
9,forward,sustain,43.1437,1413.00,1140,0.236236,0.000000,0.158920,0.650
9,forward,sustain,43.1646,1413.00,1139,0.236236,0.000000,0.158920,0.650
9,forward,sustain,43.1665,1413.00,1140,0.236236,0.000000,0.158920,0.661
9,forward,sustain,43.1858,1413.00,1139,0.251843,0.807491,0.188946,0.661
9,forward,sustain,43.2068,1413.00,1140,0.251843,0.000000,0.188946,0.661
9,forward,sustain,43.2277,1413.00,1139,0.251843,0.000000,0.188946,0.661
9,forward,sustain,43.2485,1413.00,1140,0.251843,0.000000,0.188946,0.661
9,forward,sustain,43.2668,1413.00,1140,0.251843,0.000000,0.188946,0.677
9,forward,sustain,43.2833,1413.00,1139,0.278469,1.614304,0.225015,0.677
9,forward,sustain,43.3043,1413.00,1140,0.278469,0.000000,0.225015,0.677
9,forward,sustain,43.3252,1413.00,1139,0.278469,0.000000,0.225015,0.677
9,forward,sustain,43.3461,1413.00,1140,0.278469,0.000000,0.225015,0.677
9,forward,sustain,43.3650,1413.00,1139,0.278469,0.000000,0.225015,0.670
9,forward,sustain,43.3845,1413.00,1140,0.275851,-0.134706,0.251948,0.670
9,forward,sustain,43.4055,1413.00,1139,0.275851,0.000000,0.251948,0.670
9,forward,sustain,43.4264,1413.00,1140,0.275851,0.000000,0.251948,0.670
9,forward,sustain,43.4473,1413.00,1139,0.275851,0.000000,0.251948,0.670
9,forward,sustain,43.4653,1413.00,1140,0.275851,0.000000,0.251948,0.686
9,forward,sustain,43.4797,1413.00,1139,0.284531,0.603277,0.282442,0.686
9,forward,sustain,43.5007,1413.00,1140,0.284531,0.000000,0.282442,0.686
9,forward,sustain,43.5217,1413.00,1139,0.284531,0.000000,0.282442,0.686
9,forward,sustain,43.5425,1413.00,1140,0.284531,0.000000,0.282442,0.686
9,forward,sustain,43.5635,1413.00,1139,0.284531,0.000000,0.282442,0.686
9,forward,sustain,43.5659,1413.00,1140,0.284531,0.000000,0.282442,0.712
9,forward,sustain,43.5788,1413.00,1139,0.284461,-0.005415,0.310986,0.712
9,forward,sustain,43.5998,1413.00,1140,0.284461,0.000000,0.310986,0.712
9,forward,sustain,43.6207,1413.00,1139,0.284461,0.000000,0.310986,0.712
9,forward,sustain,43.6416,1413.00,1140,0.284461,0.000000,0.310986,0.712
9,forward,sustain,43.6625,1413.00,1139,0.284461,0.000000,0.310986,0.712
9,forward,sustain,43.6664,1413.00,1140,0.284461,0.000000,0.310986,0.738
9,forward,sustain,43.6855,1413.00,1139,0.300364,0.833294,0.345939,0.738
9,forward,sustain,43.7065,1413.00,1140,0.300364,0.000000,0.345939,0.738
9,forward,sustain,43.7274,1413.00,1139,0.300364,0.000000,0.345939,0.738
9,forward,sustain,43.7483,1413.00,1140,0.300364,0.000000,0.345939,0.738
9,forward,sustain,43.7645,1413.00,1139,0.300364,0.000000,0.345939,0.766
9,forward,sustain,43.7846,1413.00,1140,0.291618,-0.435134,0.372637,0.766
9,forward,sustain,43.8056,1413.00,1139,0.291618,0.000000,0.372637,0.766
9,forward,sustain,43.8266,1413.00,1140,0.291618,0.000000,0.372637,0.766
9,forward,sustain,43.8475,1413.00,1140,0.291618,0.000000,0.372637,0.766
9,forward,sustain,43.8650,1413.00,1139,0.291618,0.000000,0.372637,0.790
9,forward,sustain,43.8766,1413.00,1140,0.293825,0.190598,0.402122,0.790
9,forward,sustain,43.8976,1413.00,1139,0.293825,0.000000,0.402122,0.790
9,forward,sustain,43.9185,1413.00,1140,0.293825,0.000000,0.402122,0.790
9,forward,sustain,43.9394,1413.00,1139,0.293825,0.000000,0.402122,0.790
9,forward,sustain,43.9603,1413.00,1140,0.293825,0.000000,0.402122,0.790
9,forward,sustain,43.9654,1413.00,1139,0.293825,0.000000,0.402122,0.818
9,forward,sustain,43.9811,1413.00,1140,0.298606,0.304435,0.433540,0.818
9,forward,sustain,44.0023,1413.00,1139,0.298606,0.000000,0.433540,0.818
9,forward,sustain,44.0233,1413.00,1140,0.298606,0.000000,0.433540,0.818
9,forward,sustain,44.0441,1413.00,1139,0.298606,0.000000,0.433540,0.818
9,forward,sustain,44.0633,1413.00,1140,0.298606,0.000000,0.433540,0.849
9,forward,sustain,44.0725,1413.00,1139,0.301458,0.307412,0.464721,0.849
9,forward,sustain,44.0935,1413.00,1140,0.301458,0.000000,0.464721,0.849
9,forward,sustain,44.1144,1413.00,1139,0.301458,0.000000,0.464721,0.849
9,forward,sustain,44.1353,1413.00,1140,0.301458,0.000000,0.464721,0.849
9,forward,sustain,44.1561,1413.00,1139,0.301458,0.000000,0.464721,0.849
9,forward,sustain,44.1637,1413.00,1140,0.301458,0.000000,0.464721,0.878
9,forward,sustain,44.1742,1413.00,1139,0.302372,0.087285,0.494549,0.878
9,forward,sustain,44.1952,1413.00,1140,0.302372,0.000000,0.494549,0.878
9,forward,sustain,44.2161,1413.00,1139,0.302372,0.000000,0.494549,0.878
9,forward,sustain,44.2370,1413.00,1140,0.302372,0.000000,0.494549,0.878
9,forward,sustain,44.2579,1413.00,1139,0.302372,0.000000,0.494549,0.878
9,forward,sustain,44.2645,1413.00,1140,0.302372,0.000000,0.494549,0.909
9,forward,sustain,44.2792,1413.00,1139,0.300007,-0.161172,0.523967,0.909
9,forward,sustain,44.3002,1413.00,1140,0.300007,0.000000,0.523967,0.909
9,forward,sustain,44.3211,1413.00,1139,0.300007,0.000000,0.523967,0.909
9,forward,sustain,44.3420,1413.00,1140,0.300007,0.000000,0.523967,0.909
9,forward,sustain,44.3625,1413.00,1139,0.300007,0.000000,0.523967,0.938
9,forward,sustain,44.3731,1413.00,1140,0.306928,0.653071,0.556994,0.938
9,forward,sustain,44.3941,1413.00,1140,0.306928,0.000000,0.556994,0.938
9,forward,sustain,44.4151,1413.00,1139,0.306928,0.000000,0.556994,0.938
9,forward,sustain,44.4360,1413.00,1140,0.306928,0.000000,0.556994,0.938
9,forward,sustain,44.4569,1413.00,1139,0.306928,0.000000,0.556994,0.938
9,forward,sustain,44.4630,1413.00,1140,0.306928,0.000000,0.556994,0.966
9,forward,sustain,44.4774,1413.00,1139,0.310679,0.259896,0.588504,0.966
9,forward,sustain,44.4985,1413.00,1140,0.310679,0.000000,0.588504,0.966
9,forward,sustain,44.5198,1413.00,1139,0.310679,0.000000,0.588504,0.966
9,forward,sustain,44.5409,1413.00,1140,0.310679,0.000000,0.588504,0.966
9,forward,sustain,44.5618,1413.00,1139,0.310679,0.000000,0.588504,0.966
9,forward,sustain,44.5637,1413.00,1140,0.310679,0.000000,0.588504,0.996
9,forward,sustain,44.5833,1413.00,1139,0.307657,-0.154396,0.618520,0.996
9,forward,sustain,44.6043,1413.00,1140,0.307657,0.000000,0.618520,0.996
9,forward,sustain,44.6252,1413.00,1139,0.307657,0.000000,0.618520,0.996
9,forward,sustain,44.6460,1413.00,1140,0.307657,0.000000,0.618520,0.996
9,forward,sustain,44.6642,1413.00,1139,0.307657,0.000000,0.618520,1.026
9,forward,sustain,44.6781,1413.00,1140,0.304061,-0.258654,0.647956,1.026
9,forward,sustain,44.6991,1413.00,1139,0.304061,0.000000,0.647956,1.026
9,forward,coast,44.7200,1500.00,1210,0.304061,0.000000,0.647956,1.026
9,forward,coast,44.7402,1500.00,1210,0.304061,0.000000,0.647956,1.026
9,forward,coast,44.7606,1500.00,1210,0.304061,0.000000,0.647956,1.026
9,forward,coast,44.7620,1500.00,1210,0.304061,0.000000,0.647956,1.054
9,forward,coast,44.7769,1500.00,1210,0.302389,-0.111560,0.677953,1.054
9,forward,coast,44.7973,1500.00,1210,0.302389,0.000000,0.677953,1.054
9,forward,coast,44.8175,1500.00,1210,0.302389,0.000000,0.677953,1.054
9,forward,coast,44.8378,1500.00,1210,0.302389,0.000000,0.677953,1.054
9,forward,coast,44.8580,1500.00,1210,0.302389,0.000000,0.677953,1.054
9,forward,coast,44.8626,1500.00,1210,0.302389,0.000000,0.677953,1.079
9,forward,coast,44.8728,1500.00,1210,0.288713,-1.351826,0.702203,1.079
9,forward,coast,44.8931,1500.00,1210,0.288713,0.000000,0.702203,1.079
9,forward,coast,44.9133,1500.00,1210,0.288713,0.000000,0.702203,1.079
9,forward,coast,44.9335,1500.00,1210,0.288713,0.000000,0.702203,1.079
9,forward,coast,44.9538,1500.00,1210,0.288713,0.000000,0.702203,1.079
9,forward,coast,44.9630,1500.00,1210,0.288713,0.000000,0.702203,1.092
9,forward,coast,44.9759,1500.00,1210,0.252644,-2.794413,0.716719,1.092
9,forward,coast,44.9963,1500.00,1210,0.252644,0.000000,0.716719,1.092
9,forward,coast,45.0165,1500.00,1210,0.252644,0.000000,0.716719,1.092
9,forward,coast,45.0368,1500.00,1210,0.252644,0.000000,0.716719,1.092
9,forward,coast,45.0570,1500.00,1210,0.252644,0.000000,0.716719,1.092
9,forward,coast,45.0612,1500.00,1210,0.252644,0.000000,0.716719,1.090
9,forward,coast,45.0816,1500.00,1210,0.252644,0.000000,0.716719,1.090
9,forward,coast,45.0887,1500.00,1210,0.180565,-10.172310,0.713145,1.090
9,forward,coast,45.1090,1500.00,1210,0.180565,0.000000,0.713145,1.090
9,forward,coast,45.1293,1500.00,1210,0.180565,0.000000,0.713145,1.090
9,forward,coast,45.1495,1500.00,1210,0.180565,0.000000,0.713145,1.090
9,forward,coast,45.1617,1500.00,1210,0.180565,0.000000,0.713145,1.087
9,forward,coast,45.1716,1500.00,1210,0.131452,-4.944824,0.711556,1.087
9,forward,coast,45.1920,1500.00,1210,0.131452,0.000000,0.711556,1.087
9,forward,coast,45.2122,1500.00,1210,0.131452,0.000000,0.711556,1.087
9,forward,coast,45.2325,1500.00,1210,0.131452,0.000000,0.711556,1.087
9,forward,coast,45.2528,1500.00,1210,0.131452,0.000000,0.711556,1.087
9,forward,coast,45.2622,1500.00,1210,0.131452,0.000000,0.711556,1.087
9,forward,coast,45.2754,1500.00,1210,0.099165,-2.446873,0.711784,1.087
9,forward,coast,45.2958,1500.00,1210,0.099165,0.000000,0.711784,1.087
9,forward,coast,45.3161,1500.00,1210,0.099165,0.000000,0.711784,1.087
9,forward,coast,45.3364,1500.00,1210,0.099165,0.000000,0.711784,1.087
9,forward,coast,45.3567,1500.00,1210,0.099165,0.000000,0.711784,1.087
9,forward,coast,45.3627,1500.00,1210,0.099165,0.000000,0.711784,1.087
9,forward,coast,45.3801,1500.00,1210,0.073440,-1.475929,0.711428,1.087
9,forward,coast,45.4005,1500.00,1210,0.073440,0.000000,0.711428,1.087
9,forward,coast,45.4208,1500.00,1210,0.073440,0.000000,0.711428,1.087
9,forward,coast,45.4411,1500.00,1210,0.073440,0.000000,0.711428,1.087
9,forward,coast,45.4611,1500.00,1210,0.073440,0.000000,0.711428,1.087
9,forward,coast,45.4710,1500.00,1210,0.057646,-1.605894,0.712489,1.087
9,forward,coast,45.4913,1500.00,1210,0.057646,0.000000,0.712489,1.087
9,forward,coast,45.5116,1500.00,1210,0.057646,0.000000,0.712489,1.087
9,forward,coast,45.5318,1500.00,1210,0.057646,0.000000,0.712489,1.087
9,forward,coast,45.5520,1500.00,1210,0.057646,0.000000,0.712489,1.087
9,forward,coast,45.5615,1500.00,1210,0.057646,0.000000,0.712489,1.087
9,forward,coast,45.5772,1500.00,1210,0.037774,-1.266734,0.710330,1.087
9,forward,coast,45.5975,1500.00,1210,0.037774,0.000000,0.710330,1.087
9,forward,coast,45.6178,1500.00,1210,0.037774,0.000000,0.710330,1.087
9,forward,coast,45.6381,1500.00,1210,0.037774,0.000000,0.710330,1.087
9,forward,coast,45.6583,1500.00,1210,0.037774,0.000000,0.710330,1.087
9,forward,coast,45.6621,1500.00,1210,0.037774,0.000000,0.710330,1.087
9,forward,coast,45.6802,1500.00,1210,0.026312,-0.633885,0.709530,1.087
9,forward,coast,45.7005,1500.00,1210,0.026312,0.000000,0.709530,1.087
9,forward,coast,45.7208,1500.00,1210,0.026312,0.000000,0.709530,1.087
9,forward,coast,45.7410,1500.00,1210,0.026312,0.000000,0.709530,1.087
9,forward,coast,45.7599,1500.00,1210,0.026312,0.000000,0.709530,1.087
9,forward,coast,45.7695,1500.00,1210,0.021004,-0.549202,0.710033,1.087
10,reverse,kick,47.2985,1610.00,1298,0.004264,0.000000,0.004096,1.781
10,reverse,kick,47.3194,1610.00,1299,0.004264,0.000000,0.004096,1.781
10,reverse,kick,47.3404,1610.00,1298,0.004264,0.000000,0.004096,1.781
10,reverse,kick,47.3613,1610.00,1299,0.004264,0.000000,0.004096,1.781
10,reverse,kick,47.3634,1610.00,1298,0.004264,0.000000,0.004096,1.785
10,reverse,kick,47.3736,1610.00,1298,-0.003263,-0.740462,0.001995,1.785
10,reverse,kick,47.3946,1610.00,1299,-0.003263,0.000000,0.001995,1.785
10,reverse,kick,47.4155,1610.00,1298,-0.003263,0.000000,0.001995,1.785
10,reverse,kick,47.4364,1610.00,1298,-0.003263,0.000000,0.001995,1.785
10,reverse,kick,47.4573,1610.00,1299,-0.003263,0.000000,0.001995,1.785
10,reverse,kick,47.4638,1610.00,1298,-0.003263,0.000000,0.001995,1.801
10,reverse,kick,47.4817,1610.00,1299,-0.031072,-1.553066,0.010333,1.801
10,reverse,kick,47.5027,1610.00,1298,-0.031072,0.000000,0.010333,1.801
10,reverse,kick,47.5236,1610.00,1298,-0.031072,0.000000,0.010333,1.801
10,reverse,kick,47.5445,1610.00,1299,-0.031072,0.000000,0.010333,1.801
10,reverse,kick,47.5620,1610.00,1298,-0.031072,0.000000,0.010333,1.825
10,reverse,kick,47.5768,1610.00,1299,-0.064310,-2.247038,0.026685,1.825
10,reverse,sustain,47.5978,1599.00,1290,-0.064310,0.000000,0.026685,1.825
10,reverse,sustain,47.6187,1599.00,1289,-0.064310,0.000000,0.026685,1.825
10,reverse,sustain,47.6396,1599.00,1290,-0.064310,0.000000,0.026685,1.825
10,reverse,sustain,47.6605,1599.00,1289,-0.064310,0.000000,0.026685,1.825
10,reverse,sustain,47.6624,1599.00,1290,-0.064310,0.000000,0.026685,1.860
10,reverse,sustain,47.6786,1599.00,1289,-0.130780,-4.098120,0.059027,1.860
10,reverse,sustain,47.6996,1599.00,1290,-0.130780,0.000000,0.059027,1.860
10,reverse,sustain,47.7205,1599.00,1289,-0.130780,0.000000,0.059027,1.860
10,reverse,sustain,47.7414,1599.00,1290,-0.130780,0.000000,0.059027,1.860
10,reverse,sustain,47.7605,1599.00,1289,-0.130780,0.000000,0.059027,1.896
10,reverse,sustain,47.7819,1599.00,1290,-0.130780,0.000000,0.059027,1.896
10,reverse,sustain,47.7832,1599.00,1289,-0.183104,-38.272637,0.093148,1.896
10,reverse,sustain,47.8041,1599.00,1290,-0.183104,0.000000,0.093148,1.896
10,reverse,sustain,47.8250,1599.00,1289,-0.183104,0.000000,0.093148,1.896
10,reverse,sustain,47.8459,1599.00,1290,-0.183104,0.000000,0.093148,1.896
10,reverse,sustain,47.8584,1599.00,1289,-0.183104,0.000000,0.093148,1.934
10,reverse,sustain,47.8765,1599.00,1290,-0.241905,-3.242471,0.134241,1.934
10,reverse,sustain,47.8974,1599.00,1289,-0.241905,0.000000,0.134241,1.934
10,reverse,sustain,47.9183,1599.00,1290,-0.241905,0.000000,0.134241,1.934
10,reverse,sustain,47.9393,1599.00,1289,-0.241905,0.000000,0.134241,1.934
10,reverse,sustain,47.9595,1599.00,1290,-0.241905,0.000000,0.134241,1.971
10,reverse,sustain,47.9789,1599.00,1289,-0.273617,-1.640204,0.170286,1.971
10,reverse,sustain,47.9998,1599.00,1290,-0.273617,0.000000,0.170286,1.971
10,reverse,sustain,48.0208,1599.00,1289,-0.273617,0.000000,0.170286,1.971
10,reverse,sustain,48.0417,1599.00,1290,-0.273617,0.000000,0.170286,1.971
10,reverse,sustain,48.0568,1599.00,1289,-0.273617,0.000000,0.170286,2.009
10,reverse,sustain,48.0681,1599.00,1290,-0.304889,-2.752105,0.210371,2.009
10,reverse,sustain,48.0891,1599.00,1289,-0.304889,0.000000,0.210371,2.009
10,reverse,sustain,48.1100,1599.00,1290,-0.304889,0.000000,0.210371,2.009
10,reverse,sustain,48.1310,1599.00,1289,-0.304889,0.000000,0.210371,2.009
10,reverse,sustain,48.1518,1599.00,1290,-0.304889,0.000000,0.210371,2.009
10,reverse,sustain,48.1574,1599.00,1290,-0.304889,0.000000,0.210371,2.048
10,reverse,sustain,48.1766,1599.00,1289,-0.319047,-0.738687,0.245765,2.048
10,reverse,sustain,48.1975,1599.00,1290,-0.319047,0.000000,0.245765,2.048
10,reverse,sustain,48.2185,1599.00,1289,-0.319047,0.000000,0.245765,2.048
10,reverse,sustain,48.2394,1599.00,1290,-0.319047,0.000000,0.245765,2.048
10,reverse,sustain,48.2555,1599.00,1289,-0.319047,0.000000,0.245765,2.082
10,reverse,sustain,48.2654,1599.00,1290,-0.328126,-0.910795,0.281512,2.082
10,reverse,sustain,48.2865,1599.00,1289,-0.328126,0.000000,0.281512,2.082
10,reverse,sustain,48.3075,1599.00,1290,-0.328126,0.000000,0.281512,2.082
10,reverse,sustain,48.3284,1599.00,1289,-0.328126,0.000000,0.281512,2.082
10,reverse,sustain,48.3493,1599.00,1290,-0.328126,0.000000,0.281512,2.082
10,reverse,sustain,48.3560,1599.00,1289,-0.328126,0.000000,0.281512,2.119
10,reverse,sustain,48.3702,1599.00,1290,-0.328298,-0.012119,0.313789,2.119
10,reverse,sustain,48.3912,1599.00,1289,-0.328298,0.000000,0.313789,2.119
10,reverse,sustain,48.4121,1599.00,1290,-0.328298,0.000000,0.313789,2.119
10,reverse,sustain,48.4330,1599.00,1289,-0.328298,0.000000,0.313789,2.119
10,reverse,sustain,48.4540,1599.00,1290,-0.328298,0.000000,0.313789,1.378
10,reverse,sustain,48.4703,1599.00,1289,-0.351330,-1.409583,0.356030,1.378
10,reverse,coast,48.4914,1500.00,1210,-0.351330,0.000000,0.356030,1.378
10,reverse,coast,48.5117,1500.00,1210,-0.351330,0.000000,0.356030,1.378
10,reverse,coast,48.5319,1500.00,1210,-0.351330,0.000000,0.356030,1.378
10,reverse,coast,48.5523,1500.00,1210,-0.351330,0.000000,0.356030,1.378
10,reverse,coast,48.5547,1500.00,1210,-0.351330,0.000000,0.356030,1.388
10,reverse,coast,48.5704,1500.00,1210,-0.358197,-0.436895,0.393131,1.388
10,reverse,coast,48.5908,1500.00,1210,-0.358197,0.000000,0.393131,1.388
10,reverse,coast,48.6112,1500.00,1210,-0.358197,0.000000,0.393131,1.388
10,reverse,coast,48.6317,1500.00,1210,-0.358197,0.000000,0.393131,1.388
10,reverse,coast,48.6521,1500.00,1210,-0.358197,0.000000,0.393131,1.388
10,reverse,coast,48.6546,1500.00,1210,-0.358197,0.000000,0.393131,1.399
10,reverse,coast,48.6741,1500.00,1210,-0.334168,1.229571,0.419532,1.399
10,reverse,coast,48.6945,1500.00,1210,-0.334168,0.000000,0.419532,1.399
10,reverse,coast,48.7147,1500.00,1210,-0.334168,0.000000,0.419532,1.399
10,reverse,coast,48.7351,1500.00,1210,-0.334168,0.000000,0.419532,1.399
10,reverse,coast,48.7558,1500.00,1210,-0.334168,0.000000,0.419532,1.393
10,reverse,coast,48.7756,1500.00,1210,-0.279666,2.755584,0.431181,1.393
10,reverse,coast,48.7960,1500.00,1210,-0.279666,0.000000,0.431181,1.393
10,reverse,coast,48.8162,1500.00,1210,-0.279666,0.000000,0.431181,1.393
10,reverse,coast,48.8365,1500.00,1210,-0.279666,0.000000,0.431181,1.393
10,reverse,coast,48.8563,1500.00,1210,-0.279666,0.000000,0.431181,1.393
10,reverse,coast,48.8690,1500.00,1210,-0.211949,5.308265,0.432077,1.393
10,reverse,coast,48.8893,1500.00,1210,-0.211949,0.000000,0.432077,1.393
10,reverse,coast,48.9096,1500.00,1210,-0.211949,0.000000,0.432077,1.393
10,reverse,coast,48.9298,1500.00,1210,-0.211949,0.000000,0.432077,1.393
10,reverse,coast,48.9500,1500.00,1210,-0.211949,0.000000,0.432077,1.393
10,reverse,coast,48.9566,1500.00,1210,-0.211949,0.000000,0.432077,1.395
10,reverse,coast,48.9702,1500.00,1210,-0.148146,4.700269,0.427728,1.395
10,reverse,coast,48.9907,1500.00,1210,-0.148146,0.000000,0.427728,1.395
10,reverse,coast,49.0110,1500.00,1210,-0.148146,0.000000,0.427728,1.395
10,reverse,coast,49.0314,1500.00,1210,-0.148146,0.000000,0.427728,1.395
10,reverse,coast,49.0517,1500.00,1210,-0.148146,0.000000,0.427728,1.395
10,reverse,coast,49.0573,1500.00,1210,-0.148146,0.000000,0.427728,1.401
10,reverse,coast,49.0777,1500.00,1210,-0.148146,0.000000,0.427728,1.401
10,reverse,coast,49.0789,1500.00,1210,-0.111914,29.931979,0.428055,1.401
10,reverse,coast,49.0992,1500.00,1210,-0.111914,0.000000,0.428055,1.401
10,reverse,coast,49.1194,1500.00,1210,-0.111914,0.000000,0.428055,1.401
10,reverse,coast,49.1396,1500.00,1210,-0.111914,0.000000,0.428055,1.401
10,reverse,coast,49.1579,1500.00,1210,-0.111914,0.000000,0.428055,1.402
10,reverse,coast,49.1686,1500.00,1210,-0.088961,2.129031,0.430069,1.402
10,reverse,coast,49.1890,1500.00,1210,-0.088961,0.000000,0.430069,1.402
10,reverse,coast,49.2093,1500.00,1210,-0.088961,0.000000,0.430069,1.402
10,reverse,coast,49.2295,1500.00,1210,-0.088961,0.000000,0.430069,1.402
10,reverse,coast,49.2498,1500.00,1210,-0.088961,0.000000,0.430069,1.402
10,reverse,coast,49.2585,1500.00,1210,-0.088961,0.000000,0.430069,1.401
10,reverse,coast,49.2691,1500.00,1210,-0.068652,1.915053,0.430843,1.401
10,reverse,coast,49.2894,1500.00,1210,-0.068652,0.000000,0.430843,1.401
10,reverse,coast,49.3097,1500.00,1210,-0.068652,0.000000,0.430843,1.401
10,reverse,coast,49.3300,1500.00,1210,-0.068652,0.000000,0.430843,1.401
10,reverse,coast,49.3503,1500.00,1210,-0.068652,0.000000,0.430843,1.401
10,reverse,coast,49.3589,1500.00,1210,-0.068652,0.000000,0.430843,1.395
10,reverse,coast,49.3722,1500.00,1210,-0.050138,1.384928,0.430306,1.395
10,reverse,coast,49.3926,1500.00,1210,-0.050138,0.000000,0.430306,1.395
10,reverse,coast,49.4129,1500.00,1210,-0.050138,0.000000,0.430306,1.395
10,reverse,coast,49.4331,1500.00,1210,-0.050138,0.000000,0.430306,1.395
10,reverse,coast,49.4534,1500.00,1210,-0.050138,0.000000,0.430306,1.395
10,reverse,coast,49.4596,1500.00,1210,-0.050138,0.000000,0.430306,1.394
10,reverse,coast,49.4681,1500.00,1210,-0.035434,1.714954,0.429437,1.394
10,reverse,coast,49.4885,1500.00,1210,-0.035434,0.000000,0.429437,1.394
10,reverse,coast,49.5087,1500.00,1210,-0.035434,0.000000,0.429437,1.394
10,reverse,coast,49.5289,1500.00,1210,-0.035434,0.000000,0.429437,1.394
10,reverse,coast,49.5492,1500.00,1210,-0.035434,0.000000,0.429437,1.394
10,reverse,coast,49.5598,1500.00,1210,-0.035434,0.000000,0.429437,1.395
10,reverse,coast,49.5725,1500.00,1210,-0.022247,1.040969,0.427689,1.395
