mode,pass_index,direction,phase,elapsed_s,esc_pulse_us,esc_tick,signed_speed_mps,raw_ds_m,raw_dyaw_rad,fresh_odom,leg_motion_m,clearance_m,controller_state,recovery_count
decay,1,forward,closed_loop,3.0352,1423.384,1148,-0.000704,,,0,0.000000,1.307,startup,0
decay,1,forward,closed_loop,3.0570,1423.384,1148,-0.000704,,,0,0.000000,1.307,startup,0
decay,1,forward,closed_loop,3.0786,1423.384,1148,-0.000704,,,0,0.000000,1.307,startup,0
decay,1,forward,closed_loop,3.0883,1422.144,1147,0.001362,0.0007602,0.0001820,1,0.000760,1.307,startup,0
decay,1,forward,closed_loop,3.1072,1422.144,1147,0.001362,,,0,0.000760,1.307,startup,0
decay,1,forward,closed_loop,3.1288,1422.144,1147,0.001362,,,0,0.000760,1.307,startup,0
decay,1,forward,closed_loop,3.1504,1422.144,1147,0.001362,,,0,0.000760,1.307,startup,0
decay,1,forward,closed_loop,3.1719,1422.144,1147,0.001362,,,0,0.000760,1.307,startup,0
decay,1,forward,closed_loop,3.1870,1420.904,1146,0.000452,-0.0002299,0.0008072,1,0.000990,1.307,startup,0
decay,1,forward,closed_loop,3.1958,1420.904,1146,0.000452,,,0,0.000990,1.307,startup,0
decay,1,forward,closed_loop,3.2175,1420.904,1146,0.000452,,,0,0.000990,1.307,startup,0
decay,1,forward,closed_loop,3.2391,1420.904,1146,0.000452,,,0,0.000990,1.307,startup,0
decay,1,forward,closed_loop,3.2607,1420.904,1146,0.000452,,,0,0.000990,1.307,startup,0
decay,1,forward,closed_loop,3.2823,1420.904,1146,0.000452,,,0,0.000990,1.307,startup,0
decay,1,forward,closed_loop,3.2868,1419.664,1145,0.001411,0.0004206,0.0009677,1,0.001411,1.307,startup,0
decay,1,forward,closed_loop,3.2987,1419.664,1145,0.001411,,,0,0.001411,1.307,startup,0
decay,1,forward,closed_loop,3.3204,1419.664,1145,0.001411,,,0,0.001411,1.307,startup,0
decay,1,forward,closed_loop,3.3420,1419.664,1145,0.001411,,,0,0.001411,1.307,startup,0
decay,1,forward,closed_loop,3.3636,1419.664,1145,0.001411,,,0,0.001411,1.308,startup,0
decay,1,forward,closed_loop,3.3843,1418.424,1144,-0.004411,-0.0022091,-0.0032661,1,0.003620,1.308,startup,0
decay,1,forward,closed_loop,3.4003,1418.424,1144,-0.004411,,,0,0.003620,1.308,startup,0
decay,1,forward,closed_loop,3.4219,1418.424,1144,-0.004411,,,0,0.003620,1.308,startup,0
decay,1,forward,closed_loop,3.4434,1418.424,1144,-0.004411,,,0,0.003620,1.308,startup,0
decay,1,forward,closed_loop,3.4651,1418.424,1144,-0.004411,,,0,0.003620,1.307,startup,0
decay,1,forward,closed_loop,3.4827,1418.424,1144,-0.004411,,,0,0.003620,1.307,startup,0
decay,1,forward,closed_loop,3.5046,1415.324,1141,0.006103,0.0036581,0.0043207,1,0.007278,1.307,startup,0
decay,1,forward,closed_loop,3.5074,1415.324,1141,0.006103,,,0,0.007278,1.307,startup,0
decay,1,forward,closed_loop,3.5290,1415.324,1141,0.006103,,,0,0.007278,1.307,startup,0
decay,1,forward,closed_loop,3.5506,1415.324,1141,0.006103,,,0,0.007278,1.307,startup,0
decay,1,forward,closed_loop,3.5722,1415.324,1141,0.006103,,,0,0.007278,1.308,startup,0
decay,1,forward,closed_loop,3.5832,1412.224,1139,-0.002871,-0.0029206,-0.0048547,1,0.010198,1.308,startup,0
decay,1,forward,closed_loop,3.6021,1412.224,1139,-0.002871,,,0,0.010198,1.308,startup,0
decay,1,forward,closed_loop,3.6238,1412.224,1139,-0.002871,,,0,0.010198,1.308,startup,0
decay,1,forward,closed_loop,3.6454,1412.224,1139,-0.002871,,,0,0.010198,1.308,startup,0
decay,1,forward,closed_loop,3.6671,1412.224,1139,-0.002871,,,0,0.010198,1.308,startup,0
decay,1,forward,closed_loop,3.6811,1412.224,1139,-0.002871,,,0,0.010198,1.308,startup,0
decay,1,forward,closed_loop,3.7031,1409.124,1136,0.000252,0.0009814,0.0028809,1,0.011180,1.308,startup,0
decay,1,forward,closed_loop,3.7080,1409.124,1136,0.000252,,,0,0.011180,1.308,startup,0
decay,1,forward,closed_loop,3.7296,1409.124,1136,0.000252,,,0,0.011180,1.308,startup,0
decay,1,forward,closed_loop,3.7511,1409.124,1136,0.000252,,,0,0.011180,1.308,startup,0
decay,1,forward,closed_loop,3.7727,1409.124,1136,0.000252,,,0,0.011180,1.308,startup,0
decay,1,forward,closed_loop,3.7817,1406.024,1134,0.002202,0.0007866,0.0014145,1,0.011966,1.308,startup,0
decay,1,forward,closed_loop,3.7983,1406.024,1134,0.002202,,,0,0.011966,1.308,startup,0
decay,1,forward,closed_loop,3.8199,1406.024,1134,0.002202,,,0,0.011966,1.308,startup,0
decay,1,forward,closed_loop,3.8415,1406.024,1134,0.002202,,,0,0.011966,1.308,startup,0
decay,1,forward,closed_loop,3.8631,1406.024,1134,0.002202,,,0,0.011966,1.309,startup,0
decay,1,forward,closed_loop,3.8843,1402.924,1131,0.009074,0.0029589,0.0006972,1,0.014925,1.309,startup,0
decay,1,forward,closed_loop,3.8921,1402.924,1131,0.009074,,,0,0.014925,1.309,startup,0
decay,1,forward,closed_loop,3.9138,1402.924,1131,0.009074,,,0,0.014925,1.309,startup,0
decay,1,forward,closed_loop,3.9354,1402.924,1131,0.009074,,,0,0.014925,1.309,startup,0
decay,1,forward,closed_loop,3.9570,1402.924,1131,0.009074,,,0,0.014925,1.309,startup,0
decay,1,forward,closed_loop,3.9788,1402.924,1131,0.009074,,,0,0.014925,1.319,startup,0
decay,1,forward,closed_loop,3.9813,1399.824,1129,0.021318,0.0059525,-0.0017570,1,0.020878,1.319,startup,0
decay,1,forward,closed_loop,3.9975,1399.824,1129,0.021318,,,0,0.020878,1.319,startup,0
decay,1,forward,closed_loop,4.0192,1399.824,1129,0.021318,,,0,0.020878,1.319,startup,0
decay,1,forward,closed_loop,4.0408,1399.824,1129,0.021318,,,0,0.020878,1.319,startup,0
decay,1,forward,closed_loop,4.0624,1399.824,1129,0.021318,,,0,0.020878,1.335,startup,0
decay,1,forward,closed_loop,4.0812,1419.384,1145,0.063027,0.0180697,0.0007295,1,0.038947,1.335,rolling,0
decay,1,forward,closed_loop,4.0947,1419.384,1145,0.063027,,,0,0.038947,1.335,rolling,0
decay,1,forward,closed_loop,4.1164,1419.384,1145,0.063027,,,0,0.038947,1.335,rolling,0
decay,1,forward,closed_loop,4.1380,1419.384,1145,0.063027,,,0,0.038947,1.335,rolling,0
decay,1,forward,closed_loop,4.1595,1419.384,1145,0.063027,,,0,0.038947,1.352,rolling,0
decay,1,forward,closed_loop,4.1810,1417.223,1143,0.106123,0.0236834,0.0013758,1,0.062631,1.352,rolling,0
decay,1,forward,closed_loop,4.1936,1417.223,1143,0.106123,,,0,0.062631,1.352,rolling,0
decay,1,forward,closed_loop,4.2152,1417.223,1143,0.106123,,,0,0.062631,1.352,rolling,0
decay,1,forward,closed_loop,4.2368,1417.223,1143,0.106123,,,0,0.062631,1.352,rolling,0
decay,1,forward,closed_loop,4.2585,1417.223,1143,0.106123,,,0,0.062631,1.352,rolling,0
decay,1,forward,closed_loop,4.2814,1417.223,1143,0.106123,,,0,0.062631,1.370,rolling,0
decay,1,forward,closed_loop,4.2838,1417.501,1143,0.130494,0.0204313,0.0039685,1,0.083062,1.370,rolling,0
decay,1,forward,closed_loop,4.3003,1417.501,1143,0.130494,,,0,0.083062,1.370,rolling,0
decay,1,forward,closed_loop,4.3220,1417.501,1143,0.130494,,,0,0.083062,1.370,rolling,0
decay,1,forward,closed_loop,4.3436,1417.501,1143,0.130494,,,0,0.083062,1.370,rolling,0
decay,1,forward,closed_loop,4.3652,1417.501,1143,0.130494,,,0,0.083062,1.387,rolling,0
decay,1,forward,closed_loop,4.3825,1417.800,1143,0.152594,0.0220870,0.0010845,1,0.105149,1.387,rolling,0
decay,1,forward,closed_loop,4.4027,1417.800,1143,0.152594,,,0,0.105149,1.387,rolling,0
decay,1,forward,closed_loop,4.4244,1417.800,1143,0.152594,,,0,0.105149,1.387,rolling,0
decay,1,forward,closed_loop,4.4461,1417.800,1143,0.152594,,,0,0.105149,1.387,rolling,0
decay,1,forward,closed_loop,4.4677,1417.800,1143,0.152594,,,0,0.105149,1.404,rolling,0
decay,1,forward,closed_loop,4.4827,1417.823,1143,0.159868,0.0184305,-0.0001224,1,0.123580,1.404,rolling,0
decay,1,forward,closed_loop,4.4948,1417.823,1143,0.159868,,,0,0.123580,1.404,rolling,0
decay,1,forward,closed_loop,4.5164,1417.823,1143,0.159868,,,0,0.123580,1.404,rolling,0
decay,1,forward,closed_loop,4.5380,1417.823,1143,0.159868,,,0,0.123580,1.404,rolling,0
decay,1,forward,closed_loop,4.5595,1417.823,1143,0.159868,,,0,0.123580,1.404,rolling,0
decay,1,forward,closed_loop,4.5812,1417.823,1143,0.159868,,,0,0.123580,1.418,rolling,0
decay,1,forward,closed_loop,4.5837,1417.625,1143,0.156445,0.0145119,0.0000456,1,0.138092,1.418,rolling,0
decay,1,forward,closed_loop,4.5969,1417.625,1143,0.156445,,,0,0.138092,1.418,rolling,0
decay,1,forward,closed_loop,4.6187,1417.625,1143,0.156445,,,0,0.138092,1.418,rolling,0
decay,1,forward,closed_loop,4.6404,1417.625,1143,0.156445,,,0,0.138092,1.418,rolling,0
decay,1,forward,closed_loop,4.6622,1417.625,1143,0.156445,,,0,0.138092,1.427,rolling,0
decay,1,forward,closed_loop,4.6838,1417.316,1143,0.148765,0.0126624,0.0007328,1,0.150754,1.427,rolling,0
decay,1,forward,closed_loop,4.7046,1417.316,1143,0.148765,,,0,0.150754,1.427,rolling,0
decay,1,forward,closed_loop,4.7263,1417.316,1143,0.148765,,,0,0.150754,1.427,rolling,0
decay,1,forward,closed_loop,4.7480,1417.316,1143,0.148765,,,0,0.150754,1.427,rolling,0
decay,1,forward,closed_loop,4.7696,1417.316,1143,0.148765,,,0,0.150754,1.433,rolling,0
decay,1,forward,closed_loop,4.7845,1416.672,1142,0.127486,0.0064076,0.0000652,1,0.157162,1.433,rolling,0
decay,1,forward,closed_loop,4.8006,1416.672,1142,0.127486,,,0,0.157162,1.433,rolling,0
decay,1,forward,closed_loop,4.8224,1416.672,1142,0.127486,,,0,0.157162,1.433,rolling,0
decay,1,forward,closed_loop,4.8441,1416.672,1142,0.127486,,,0,0.157162,1.433,rolling,0
decay,1,forward,closed_loop,4.8658,1416.672,1142,0.127486,,,0,0.157162,1.441,rolling,0
decay,1,forward,closed_loop,4.8851,1416.107,1142,0.112418,0.0067316,-0.0002321,1,0.163893,1.441,rolling,0
decay,1,forward,closed_loop,4.8993,1416.107,1142,0.112418,,,0,0.163893,1.441,rolling,0
decay,1,forward,closed_loop,4.9210,1416.107,1142,0.112418,,,0,0.163893,1.441,rolling,0
decay,1,forward,closed_loop,4.9426,1416.107,1142,0.112418,,,0,0.163893,1.441,rolling,0
decay,1,forward,closed_loop,4.9643,1416.107,1142,0.112418,,,0,0.163893,1.445,rolling,0
decay,1,forward,closed_loop,4.9855,1415.489,1142,0.097048,0.0051308,-0.0000552,1,0.169024,1.445,rolling,0
decay,1,forward,closed_loop,4.9937,1415.489,1142,0.097048,,,0,0.169024,1.445,rolling,0
decay,1,forward,closed_loop,5.0153,1415.489,1142,0.097048,,,0,0.169024,1.445,rolling,0
decay,1,forward,closed_loop,5.0369,1415.489,1142,0.097048,,,0,0.169024,1.445,rolling,0
decay,1,forward,closed_loop,5.0585,1415.489,1142,0.097048,,,0,0.169024,1.445,rolling,0
decay,1,forward,closed_loop,5.0801,1415.489,1142,0.097048,,,0,0.169024,1.445,rolling,0
decay,1,forward,closed_loop,5.0833,1414.874,1141,0.083755,0.0043938,0.0024317,1,0.173418,1.445,rolling,0
decay,1,forward,closed_loop,5.1010,1414.874,1141,0.083755,,,0,0.173418,1.445,rolling,0
decay,1,forward,closed_loop,5.1226,1414.874,1141,0.083755,,,0,0.173418,1.445,rolling,0
decay,1,forward,closed_loop,5.1441,1414.874,1141,0.083755,,,0,0.173418,1.445,rolling,0
decay,1,forward,closed_loop,5.1657,1414.874,1141,0.083755,,,0,0.173418,1.445,rolling,0
decay,1,forward,closed_loop,5.1842,1414.874,1141,0.083755,,,0,0.173418,1.445,rolling,0
decay,1,forward,closed_loop,5.2065,1413.804,1140,0.052124,-0.0042148,-0.0023402,1,0.177632,1.445,rolling,0
decay,1,forward,closed_loop,5.2084,1413.804,1140,0.052124,,,0,0.177632,1.445,rolling,0
decay,1,forward,closed_loop,5.2300,1413.804,1140,0.052124,,,0,0.177632,1.445,rolling,0
decay,1,forward,closed_loop,5.2516,1413.804,1140,0.052124,,,0,0.177632,1.445,rolling,0
decay,1,forward,closed_loop,5.2733,1413.804,1140,0.052124,,,0,0.177632,1.445,rolling,0
decay,1,forward,closed_loop,5.2844,1413.112,1140,0.041573,0.0010041,-0.0000969,1,0.178637,1.445,rolling,0
decay,1,forward,closed_loop,5.3017,1413.112,1140,0.041573,,,0,0.178637,1.445,rolling,0
decay,1,forward,closed_loop,5.3233,1413.112,1140,0.041573,,,0,0.178637,1.445,rolling,0
decay,1,forward,closed_loop,5.3448,1413.112,1140,0.041573,,,0,0.178637,1.445,rolling,0
decay,1,forward,closed_loop,5.3663,1413.112,1140,0.041573,,,0,0.178637,1.444,rolling,0
decay,1,forward,closed_loop,5.3850,1412.297,1139,0.026760,-0.0017628,0.0004259,1,0.180399,1.444,rolling,0
decay,1,forward,closed_loop,5.3978,1412.297,1139,0.026760,,,0,0.180399,1.444,rolling,0
decay,1,forward,closed_loop,5.4195,1412.297,1139,0.026760,,,0,0.180399,1.444,rolling,0
decay,1,forward,closed_loop,5.4410,1412.297,1139,0.026760,,,0,0.180399,1.444,rolling,0
decay,1,forward,closed_loop,5.4627,1412.297,1139,0.026760,,,0,0.180399,1.444,rolling,0
decay,1,forward,closed_loop,5.4829,1411.668,1138,0.022303,0.0009054,-0.0015506,1,0.181305,1.444,rolling,0
decay,1,forward,closed_loop,5.4985,1411.668,1138,0.022303,,,0,0.181305,1.444,rolling,0
decay,1,forward,closed_loop,5.5201,1411.668,1138,0.022303,,,0,0.181305,1.444,rolling,0
decay,1,forward,closed_loop,5.5416,1411.668,1138,0.022303,,,0,0.181305,1.444,rolling,0
decay,1,forward,closed_loop,5.5632,1411.668,1138,0.022303,,,0,0.181305,1.444,rolling,0
decay,1,forward,closed_loop,5.5834,1411.049,1138,0.017770,0.0004027,0.0003548,1,0.181707,1.444,rolling,0
decay,1,forward,closed_loop,5.5953,1411.049,1138,0.017770,,,0,0.181707,1.444,rolling,0
decay,1,forward,closed_loop,5.6169,1411.049,1138,0.017770,,,0,0.181707,1.444,rolling,0
decay,1,forward,closed_loop,5.6385,1411.049,1138,0.017770,,,0,0.181707,1.444,rolling,0
decay,1,forward,closed_loop,5.6601,1411.049,1138,0.017770,,,0,0.181707,1.445,rolling,0
decay,1,forward,closed_loop,5.6816,1410.319,1137,0.010237,-0.0012584,0.0017711,1,0.182966,1.445,rolling,0
decay,1,forward,closed_loop,5.6999,1410.319,1137,0.010237,,,0,0.182966,1.445,rolling,0
decay,1,forward,closed_loop,5.7216,1410.319,1137,0.010237,,,0,0.182966,1.445,rolling,0
decay,1,forward,closed_loop,5.7432,1410.319,1137,0.010237,,,0,0.182966,1.445,rolling,0
decay,1,forward,closed_loop,5.7649,1410.319,1137,0.010237,,,0,0.182966,1.445,rolling,0
decay,1,forward,closed_loop,5.7821,1409.630,1137,0.004404,-0.0012778,-0.0008305,1,0.184244,1.445,recovery,1
decay,1,forward,closed_loop,5.7946,1409.630,1137,0.004404,,,0,0.184244,1.445,recovery,1
decay,1,forward,closed_loop,5.8163,1409.630,1137,0.004404,,,0,0.184244,1.445,recovery,1
decay,1,forward,closed_loop,5.8378,1409.630,1137,0.004404,,,0,0.184244,1.445,recovery,1
decay,1,forward,closed_loop,5.8596,1409.630,1137,0.004404,,,0,0.184244,1.446,recovery,1
decay,1,forward,closed_loop,5.8799,1406.530,1134,0.006495,0.0012822,0.0026348,1,0.185526,1.446,recovery,1
decay,1,forward,closed_loop,5.9016,1406.530,1134,0.006495,,,0,0.185526,1.446,recovery,1
decay,1,forward,closed_loop,5.9232,1406.530,1134,0.006495,,,0,0.185526,1.446,recovery,1
decay,1,forward,closed_loop,5.9448,1406.530,1134,0.006495,,,0,0.185526,1.446,recovery,1
decay,1,forward,closed_loop,5.9663,1406.530,1134,0.006495,,,0,0.185526,1.445,recovery,1
decay,1,forward,closed_loop,5.9806,1403.430,1132,0.007288,0.0009414,-0.0019099,1,0.186467,1.445,recovery,1
decay,1,forward,closed_loop,5.9957,1403.430,1132,0.007288,,,0,0.186467,1.445,recovery,1
decay,1,forward,closed_loop,6.0173,1403.430,1132,0.007288,,,0,0.186467,1.445,recovery,1
decay,1,forward,closed_loop,6.0389,1403.430,1132,0.007288,,,0,0.186467,1.445,recovery,1
decay,1,forward,closed_loop,6.0606,1403.430,1132,0.007288,,,0,0.186467,1.447,recovery,1
decay,1,forward,closed_loop,6.0784,1400.330,1129,0.006957,0.0006048,-0.0009359,1,0.187072,1.447,recovery,1
decay,1,forward,closed_loop,6.0950,1400.330,1129,0.006957,,,0,0.187072,1.447,recovery,1
decay,1,forward,closed_loop,6.1167,1400.330,1129,0.006957,,,0,0.187072,1.447,recovery,1
decay,1,forward,closed_loop,6.1382,1400.330,1129,0.006957,,,0,0.187072,1.447,recovery,1
decay,1,forward,closed_loop,6.1597,1400.330,1129,0.006957,,,0,0.187072,1.447,recovery,1
decay,1,forward,closed_loop,6.1793,1397.230,1127,0.016286,0.0043082,0.0010177,1,0.191380,1.447,recovery,1
decay,1,forward,closed_loop,6.1941,1397.230,1127,0.016286,,,0,0.191380,1.447,recovery,1
decay,1,forward,closed_loop,6.2157,1397.230,1127,0.016286,,,0,0.191380,1.447,recovery,1
decay,1,forward,closed_loop,6.2373,1397.230,1127,0.016286,,,0,0.191380,1.447,recovery,1
decay,1,forward,closed_loop,6.2588,1397.230,1127,0.016286,,,0,0.191380,1.457,recovery,1
decay,1,forward,closed_loop,6.2794,1394.130,1124,0.036695,0.0098962,0.0011503,1,0.201276,1.457,recovery,1
decay,1,forward,closed_loop,6.2935,1394.130,1124,0.036695,,,0,0.201276,1.457,recovery,1
decay,1,forward,closed_loop,6.3152,1394.130,1124,0.036695,,,0,0.201276,1.457,recovery,1
decay,1,forward,closed_loop,6.3367,1394.130,1124,0.036695,,,0,0.201276,1.457,recovery,1
decay,1,forward,closed_loop,6.3583,1394.130,1124,0.036695,,,0,0.201276,1.469,recovery,1
decay,1,forward,closed_loop,6.3805,1413.542,1140,0.059850,0.0129340,0.0008729,1,0.214210,1.469,rolling,1
decay,1,forward,closed_loop,6.3974,1413.542,1140,0.059850,,,0,0.214210,1.469,rolling,1
decay,1,forward,closed_loop,6.4192,1413.542,1140,0.059850,,,0,0.214210,1.469,rolling,1
decay,1,forward,closed_loop,6.4407,1413.542,1140,0.059850,,,0,0.214210,1.469,rolling,1
decay,1,forward,closed_loop,6.4623,1413.542,1140,0.059850,,,0,0.214210,1.492,rolling,1
decay,1,forward,closed_loop,6.4824,1411.519,1138,0.112208,0.0272796,-0.0037463,1,0.241490,1.492,rolling,1
decay,1,forward,closed_loop,6.5026,1411.519,1138,0.112208,,,0,0.241490,1.492,rolling,1
decay,1,forward,closed_loop,6.5244,1411.519,1138,0.112208,,,0,0.241490,1.492,rolling,1
decay,1,forward,closed_loop,6.5465,1411.519,1138,0.112208,,,0,0.241490,1.492,rolling,1
decay,1,forward,closed_loop,6.5682,1411.519,1138,0.112208,,,0,0.241490,1.519,rolling,1
decay,1,forward,closed_loop,6.5785,1412.231,1139,0.154750,0.0288302,-0.0035348,1,0.270320,1.519,rolling,1
decay,1,forward,closed_loop,6.5934,1412.231,1139,0.154750,,,0,0.270320,1.519,rolling,1
decay,1,forward,closed_loop,6.6152,1412.231,1139,0.154750,,,0,0.270320,1.519,rolling,1
decay,1,forward,closed_loop,6.6368,1412.231,1139,0.154750,,,0,0.270320,1.519,rolling,1
decay,1,forward,closed_loop,6.6585,1412.231,1139,0.154750,,,0,0.270320,1.540,rolling,1
decay,1,forward,closed_loop,6.6799,1412.989,1140,0.193578,0.0296383,0.0027096,1,0.299959,1.540,rolling,1
decay,1,forward,closed_loop,6.6993,1412.989,1140,0.193578,,,0,0.299959,1.540,rolling,1
decay,1,forward,closed_loop,6.7209,1412.989,1140,0.193578,,,0,0.299959,1.540,rolling,1
decay,1,forward,closed_loop,6.7425,1412.989,1140,0.193578,,,0,0.299959,1.540,rolling,1
decay,1,forward,closed_loop,6.7641,1412.989,1140,0.193578,,,0,0.299959,1.561,rolling,1
decay,1,forward,closed_loop,6.7798,1413.306,1140,0.208177,0.0255435,0.0011567,1,0.325502,1.561,rolling,1
decay,1,forward,closed_loop,6.7955,1413.306,1140,0.208177,,,0,0.325502,1.561,rolling,1
decay,1,forward,closed_loop,6.8170,1413.306,1140,0.208177,,,0,0.325502,1.561,rolling,1
decay,1,forward,closed_loop,6.8386,1413.306,1140,0.208177,,,0,0.325502,1.561,rolling,1
decay,1,forward,closed_loop,6.8602,1413.306,1140,0.208177,,,0,0.325502,1.584,rolling,1
decay,1,forward,closed_loop,6.8809,1413.286,1140,0.206240,0.0200150,-0.0014376,1,0.345517,1.584,rolling,1
decay,1,forward,closed_loop,6.8977,1413.286,1140,0.206240,,,0,0.345517,1.584,rolling,1
decay,1,forward,closed_loop,6.9194,1413.286,1140,0.206240,,,0,0.345517,1.584,rolling,1
decay,1,forward,closed_loop,6.9410,1413.286,1140,0.206240,,,0,0.345517,1.584,rolling,1
decay,1,forward,closed_loop,6.9626,1413.286,1140,0.206240,,,0,0.345517,1.602,rolling,1
decay,1,forward,closed_loop,6.9813,1413.431,1140,0.211694,0.0230507,-0.0022358,1,0.368568,1.602,rolling,1
decay,1,forward,closed_loop,6.9897,1413.431,1140,0.211694,,,0,0.368568,1.602,rolling,1
decay,1,forward,closed_loop,7.0114,1413.431,1140,0.211694,,,0,0.368568,1.602,rolling,1
decay,1,forward,closed_loop,7.0329,1413.431,1140,0.211694,,,0,0.368568,1.602,rolling,1
decay,1,forward,closed_loop,7.0545,1413.431,1140,0.211694,,,0,0.368568,1.602,rolling,1
decay,1,forward,closed_loop,7.0760,1413.431,1140,0.211694,,,0,0.368568,1.620,rolling,1
decay,1,forward,closed_loop,7.0815,1413.248,1140,0.202211,0.0174175,-0.0007531,1,0.385985,1.620,rolling,1
decay,1,forward,closed_loop,7.0928,1413.248,1140,0.202211,,,0,0.385985,1.620,rolling,1
decay,1,forward,closed_loop,7.1145,1413.248,1140,0.202211,,,0,0.385985,1.620,rolling,1
decay,1,forward,closed_loop,7.1360,1413.248,1140,0.202211,,,0,0.385985,1.620,rolling,1
decay,1,forward,closed_loop,7.1575,1413.248,1140,0.202211,,,0,0.385985,1.632,rolling,1
decay,1,forward,closed_loop,7.1793,1412.986,1140,0.190568,0.0156619,0.0000698,1,0.401647,1.632,rolling,1
decay,1,forward,closed_loop,7.1963,1412.986,1140,0.190568,,,0,0.401647,1.632,rolling,1
decay,1,forward,closed_loop,7.2179,1412.986,1140,0.190568,,,0,0.401647,1.632,rolling,1
decay,1,forward,closed_loop,7.2395,1412.986,1140,0.190568,,,0,0.401647,1.632,rolling,1
decay,1,forward,closed_loop,7.2611,1412.986,1140,0.190568,,,0,0.401647,1.645,rolling,1
decay,1,forward,closed_loop,7.2798,1412.673,1139,0.178114,0.0137117,-0.0002719,1,0.415359,1.645,rolling,1
decay,1,forward,closed_loop,7.2886,1412.673,1139,0.178114,,,0,0.415359,1.645,rolling,1
decay,1,forward,closed_loop,7.3103,1412.673,1139,0.178114,,,0,0.415359,1.645,rolling,1
decay,1,forward,closed_loop,7.3319,1412.673,1139,0.178114,,,0,0.415359,1.645,rolling,1
decay,1,forward,closed_loop,7.3534,1412.673,1139,0.178114,,,0,0.415359,1.645,rolling,1
decay,1,forward,closed_loop,7.3750,1412.673,1139,0.178114,,,0,0.415359,1.653,rolling,1
decay,1,forward,closed_loop,7.3803,1411.812,1139,0.143617,0.0040787,0.0005003,1,0.419438,1.653,rolling,1
decay,1,forward,closed_loop,7.3984,1411.812,1139,0.143617,,,0,0.419438,1.653,rolling,1
decay,1,forward,closed_loop,7.4200,1411.812,1139,0.143617,,,0,0.419438,1.653,rolling,1
decay,1,forward,closed_loop,7.4415,1411.812,1139,0.143617,,,0,0.419438,1.653,rolling,1
decay,1,forward,closed_loop,7.4631,1411.812,1139,0.143617,,,0,0.419438,1.658,rolling,1
decay,1,forward,closed_loop,7.4809,1411.195,1138,0.124158,0.0065690,-0.0003631,1,0.426007,1.658,rolling,1
decay,1,forward,closed_loop,7.4985,1411.195,1138,0.124158,,,0,0.426007,1.658,rolling,1
decay,1,forward,closed_loop,7.5202,1411.195,1138,0.124158,,,0,0.426007,1.658,rolling,1
decay,1,forward,closed_loop,7.5418,1411.195,1138,0.124158,,,0,0.426007,1.658,rolling,1
decay,1,forward,closed_loop,7.5633,1411.195,1138,0.124158,,,0,0.426007,1.664,rolling,1
decay,1,forward,closed_loop,7.5816,1410.593,1138,0.107935,0.0059550,-0.0005424,1,0.431962,1.664,rolling,1
decay,1,forward,closed_loop,7.5913,1410.593,1138,0.107935,,,0,0.431962,1.664,rolling,1
decay,1,forward,closed_loop,7.6130,1410.593,1138,0.107935,,,0,0.431962,1.664,rolling,1
decay,1,forward,closed_loop,7.6346,1410.593,1138,0.107935,,,0,0.431962,1.664,rolling,1
decay,1,forward,closed_loop,7.6562,1410.593,1138,0.107935,,,0,0.431962,1.664,rolling,1
decay,1,forward,closed_loop,7.6778,1410.593,1138,0.107935,,,0,0.431962,1.671,rolling,1
decay,1,forward,closed_loop,7.6824,1410.211,1137,0.103452,0.0090754,0.0004516,1,0.441037,1.671,rolling,1
decay,1,forward,closed_loop,7.6946,1410.211,1137,0.103452,,,0,0.441037,1.671,rolling,1
decay,1,forward,closed_loop,7.7163,1410.211,1137,0.103452,,,0,0.441037,1.671,rolling,1
decay,1,forward,closed_loop,7.7380,1410.211,1137,0.103452,,,0,0.441037,1.671,rolling,1
decay,1,forward,closed_loop,7.7595,1410.211,1137,0.103452,,,0,0.441037,1.684,rolling,1
decay,1,forward,closed_loop,7.7801,1410.067,1137,0.109817,0.0129408,0.0010278,1,0.453978,1.684,rolling,1
decay,1,forward,closed_loop,7.7987,1410.067,1137,0.109817,,,0,0.453978,1.684,rolling,1
decay,1,forward,closed_loop,7.8203,1410.067,1137,0.109817,,,0,0.453978,1.684,rolling,1
decay,1,forward,closed_loop,7.8420,1410.067,1137,0.109817,,,0,0.453978,1.684,rolling,1
decay,1,forward,closed_loop,7.8638,1410.067,1137,0.109817,,,0,0.453978,1.696,rolling,1
decay,1,forward,closed_loop,7.8802,1409.956,1137,0.116521,0.0134011,-0.0006967,1,0.467379,1.696,rolling,1
decay,1,forward,closed_loop,7.8925,1409.956,1137,0.116521,,,0,0.467379,1.696,rolling,1
decay,1,forward,closed_loop,7.9141,1409.956,1137,0.116521,,,0,0.467379,1.696,rolling,1
decay,1,forward,closed_loop,7.9357,1409.956,1137,0.116521,,,0,0.467379,1.696,rolling,1
decay,1,forward,closed_loop,7.9572,1409.956,1137,0.116521,,,0,0.467379,1.696,rolling,1
decay,1,forward,closed_loop,7.9789,1409.956,1137,0.116521,,,0,0.467379,1.710,rolling,1
decay,1,forward,closed_loop,7.9815,1410.090,1137,0.133243,0.0182774,-0.0001152,1,0.485656,1.710,rolling,1
decay,1,forward,closed_loop,7.9968,1410.090,1137,0.133243,,,0,0.485656,1.710,rolling,1
decay,1,forward,closed_loop,8.0184,1410.090,1137,0.133243,,,0,0.485656,1.710,rolling,1
decay,1,forward,closed_loop,8.0400,1410.090,1137,0.133243,,,0,0.485656,1.710,rolling,1
decay,1,forward,closed_loop,8.0616,1410.090,1137,0.133243,,,0,0.485656,1.727,rolling,1
decay,1,forward,closed_loop,8.0818,1410.208,1137,0.147115,0.0190326,0.0025938,1,0.504689,1.727,rolling,1
decay,1,forward,closed_loop,8.1016,1410.208,1137,0.147115,,,0,0.504689,1.727,rolling,1
decay,1,forward,closed_loop,8.1234,1410.208,1137,0.147115,,,0,0.504689,1.727,rolling,1
decay,1,forward,closed_loop,8.1450,1410.208,1137,0.147115,,,0,0.504689,1.727,rolling,1
decay,1,forward,closed_loop,8.1666,1410.208,1137,0.147115,,,0,0.504689,1.745,rolling,1
decay,1,forward,closed_loop,8.1824,1410.361,1137,0.160765,0.0205758,-0.0007984,1,0.525265,1.745,rolling,1
decay,1,forward,closed_loop,8.1966,1410.361,1137,0.160765,,,0,0.525265,1.745,rolling,1
decay,1,forward,closed_loop,8.2183,1410.361,1137,0.160765,,,0,0.525265,1.745,rolling,1
decay,1,forward,closed_loop,8.2399,1410.361,1137,0.160765,,,0,0.525265,1.745,rolling,1
decay,1,forward,closed_loop,8.2614,1410.361,1137,0.160765,,,0,0.525265,1.766,rolling,1
decay,1,forward,closed_loop,8.2803,1410.633,1138,0.177697,0.0226496,0.0010121,1,0.547914,1.766,rolling,1
decay,1,forward,closed_loop,8.3018,1410.633,1138,0.177697,,,0,0.547914,1.766,rolling,1
decay,1,forward,closed_loop,8.3235,1410.633,1138,0.177697,,,0,0.547914,1.766,rolling,1
decay,1,forward,closed_loop,8.3451,1410.633,1138,0.177697,,,0,0.547914,1.766,rolling,1
decay,1,forward,closed_loop,8.3667,1410.633,1138,0.177697,,,0,0.547914,1.788,rolling,1
decay,1,forward,closed_loop,8.3806,1410.766,1138,0.186363,0.0210019,-0.0017690,1,0.568916,1.788,rolling,1
decay,1,forward,closed_loop,8.3951,1410.766,1138,0.186363,,,0,0.568916,1.788,rolling,1
decay,1,forward,closed_loop,8.4168,1410.766,1138,0.186363,,,0,0.568916,1.788,rolling,1
decay,1,forward,closed_loop,8.4383,1410.766,1138,0.186363,,,0,0.568916,1.788,rolling,1
decay,1,forward,closed_loop,8.4599,1410.766,1138,0.186363,,,0,0.568916,1.807,rolling,1
decay,1,forward,closed_loop,8.4813,1410.861,1138,0.192249,0.0208924,-0.0013161,1,0.589809,1.807,rolling,1
decay,1,forward,closed_loop,8.4943,1410.861,1138,0.192249,,,0,0.589809,1.807,rolling,1
decay,1,forward,closed_loop,8.5159,1410.861,1138,0.192249,,,0,0.589809,1.807,rolling,1
decay,1,forward,closed_loop,8.5375,1410.861,1138,0.192249,,,0,0.589809,1.807,rolling,1
decay,1,forward,closed_loop,8.5591,1410.861,1138,0.192249,,,0,0.589809,1.826,rolling,1
decay,1,forward,closed_loop,8.5802,1411.098,1138,0.203566,0.0238972,0.0011188,1,0.613706,1.826,rolling,1
decay,1,forward,closed_loop,8.5961,1411.098,1138,0.203566,,,0,0.613706,1.826,rolling,1
decay,1,forward,closed_loop,8.6179,1411.098,1138,0.203566,,,0,0.613706,1.826,rolling,1
decay,1,forward,closed_loop,8.6396,1411.098,1138,0.203566,,,0,0.613706,1.826,rolling,1
decay,1,forward,closed_loop,8.6613,1411.098,1138,0.203566,,,0,0.613706,1.850,rolling,1
decay,1,forward,closed_loop,8.6799,1411.087,1138,0.202638,0.0199712,-0.0001815,1,0.633677,1.850,rolling,1
decay,1,forward,closed_loop,8.6919,1411.087,1138,0.202638,,,0,0.633677,1.850,rolling,1
decay,1,forward,closed_loop,8.7135,1411.087,1138,0.202638,,,0,0.633677,1.850,rolling,1
decay,1,forward,closed_loop,8.7350,1411.087,1138,0.202638,,,0,0.633677,1.850,rolling,1
decay,1,forward,closed_loop,8.7566,1411.087,1138,0.202638,,,0,0.633677,1.867,rolling,1
decay,1,forward,closed_loop,8.7778,1411.101,1138,0.202900,0.0201608,-0.0000201,1,0.653838,1.867,rolling,1
decay,1,forward,closed_loop,8.7919,1411.101,1138,0.202900,,,0,0.653838,1.867,rolling,1
decay,1,forward,closed_loop,8.8135,1411.101,1138,0.202900,,,0,0.653838,1.867,rolling,1
decay,1,forward,closed_loop,8.8352,1411.101,1138,0.202900,,,0,0.653838,1.867,rolling,1
decay,1,forward,closed_loop,8.8568,1411.101,1138,0.202900,,,0,0.653838,1.886,rolling,1
decay,1,forward,closed_loop,8.8783,1411.134,1138,0.203966,0.0203202,-0.0026095,1,0.674158,1.886,rolling,1
decay,1,forward,closed_loop,8.8916,1411.134,1138,0.203966,,,0,0.674158,1.886,rolling,1
decay,1,forward,closed_loop,8.9131,1411.134,1138,0.203966,,,0,0.674158,1.886,rolling,1
decay,1,forward,closed_loop,8.9347,1411.134,1138,0.203966,,,0,0.674158,1.886,rolling,1
decay,1,forward,closed_loop,8.9561,1411.134,1138,0.203966,,,0,0.674158,1.905,rolling,1
decay,1,forward,closed_loop,8.9771,1411.361,1138,0.213311,0.0241335,-0.0007645,1,0.698291,1.905,rolling,1
decay,1,forward,closed_loop,8.9946,1411.361,1138,0.213311,,,0,0.698291,1.905,rolling,1
decay,1,forward,closed_loop,9.0163,1411.361,1138,0.213311,,,0,0.698291,1.905,rolling,1
decay,1,forward,closed_loop,9.0379,1411.361,1138,0.213311,,,0,0.698291,1.905,rolling,1
decay,1,forward,closed_loop,9.0596,1411.361,1138,0.213311,,,0,0.698291,1.928,rolling,1
decay,1,forward,closed_loop,9.0743,1411.394,1138,0.213040,0.0212098,-0.0002266,1,0.719501,1.928,rolling,1
decay,1,forward,closed_loop,9.0856,1411.394,1138,0.213040,,,0,0.719501,1.928,rolling,1
decay,1,forward,closed_loop,9.1073,1411.394,1138,0.213040,,,0,0.719501,1.928,rolling,1
decay,1,forward,closed_loop,9.1289,1411.394,1138,0.213040,,,0,0.719501,1.928,rolling,1
decay,1,forward,closed_loop,9.1505,1411.394,1138,0.213040,,,0,0.719501,1.928,rolling,1
decay,1,forward,closed_loop,9.1721,1411.394,1138,0.213040,,,0,0.719501,1.947,rolling,1
decay,1,forward,closed_loop,9.1748,1411.298,1138,0.207173,0.0183098,0.0006157,1,0.737811,1.947,rolling,1
decay,1,forward,closed_loop,9.1924,1411.298,1138,0.207173,,,0,0.737811,1.947,rolling,1
decay,1,forward,closed_loop,9.2140,1411.298,1138,0.207173,,,0,0.737811,1.947,rolling,1
decay,1,forward,closed_loop,9.2355,1411.298,1138,0.207173,,,0,0.737811,1.947,rolling,1
decay,1,forward,closed_loop,9.2571,1411.298,1138,0.207173,,,0,0.737811,1.200,rolling,1
decay,1,forward,closed_loop,9.2756,1411.500,1138,0.215016,0.0239653,-0.0009677,1,0.761776,1.200,rolling,1
decay,1,forward,closed_loop,9.2855,1411.500,1138,0.215016,,,0,0.761776,1.200,rolling,1
decay,1,forward,closed_loop,9.3071,1411.500,1138,0.215016,,,0,0.761776,1.200,rolling,1
decay,1,forward,closed_loop,9.3287,1411.500,1138,0.215016,,,0,0.761776,1.200,rolling,1
decay,1,forward,closed_loop,9.3503,1411.500,1138,0.215016,,,0,0.761776,1.200,rolling,1
decay,1,forward,closed_loop,9.3721,1411.500,1138,0.215016,,,0,0.761776,1.217,rolling,1
decay,1,forward,closed_loop,9.3746,1411.417,1138,0.209457,0.0192959,-0.0008084,1,0.781072,1.217,rolling,1
decay,1,forward,closed_loop,9.3860,1411.417,1138,0.209457,,,0,0.781072,1.217,rolling,1
decay,1,forward,closed_loop,9.4077,1411.417,1138,0.209457,,,0,0.781072,1.217,rolling,1
decay,1,forward,closed_loop,9.4293,1411.417,1138,0.209457,,,0,0.781072,1.217,rolling,1
decay,1,forward,closed_loop,9.4508,1411.417,1138,0.209457,,,0,0.781072,1.217,rolling,1
decay,1,forward,closed_loop,9.4726,1411.417,1138,0.209457,,,0,0.781072,1.227,rolling,1
decay,1,forward,closed_loop,9.4751,1411.067,1138,0.192990,0.0141654,0.0012381,1,0.795238,1.227,rolling,1
decay,1,forward,closed_loop,9.4934,1411.067,1138,0.192990,,,0,0.795238,1.227,rolling,1
decay,1,forward,closed_loop,9.5150,1411.067,1138,0.192990,,,0,0.795238,1.227,rolling,1
decay,1,forward,closed_loop,9.5366,1411.067,1138,0.192990,,,0,0.795238,1.227,rolling,1
decay,1,forward,closed_loop,9.5581,1411.067,1138,0.192990,,,0,0.795238,1.222,rolling,1
decay,1,forward,decay,9.5747,1410.563,1138,0.172021,0.0110581,0.0014920,1,0.806296,1.222,rolling,1
decay,1,forward,decay,9.5850,1410.563,1138,0.172021,,,0,0.806296,1.222,rolling,1
decay,1,forward,decay,9.6066,1410.563,1138,0.172021,,,0,0.806296,1.222,rolling,1
decay,1,forward,decay,9.6282,1410.563,1138,0.172021,,,0,0.806296,1.222,rolling,1
decay,1,forward,decay,9.6498,1410.563,1138,0.172021,,,0,0.806296,1.222,rolling,1
decay,1,forward,decay,9.6714,1410.563,1138,0.172021,,,0,0.806296,1.232,rolling,1
decay,1,forward,decay,9.6751,1410.563,1138,0.176369,0.0187913,0.0004903,1,0.825087,1.232,rolling,1
decay,1,forward,decay,9.6921,1410.563,1138,0.176369,,,0,0.825087,1.232,rolling,1
decay,1,forward,decay,9.7137,1410.563,1138,0.176369,,,0,0.825087,1.232,rolling,1
decay,1,forward,decay,9.7353,1410.563,1138,0.176369,,,0,0.825087,1.232,rolling,1
decay,1,forward,decay,9.7568,1410.563,1138,0.176369,,,0,0.825087,1.230,rolling,1
decay,1,forward,decay,9.7734,1410.563,1138,0.173371,0.0165299,-0.0009671,1,0.841617,1.230,rolling,1
decay,1,forward,decay,9.7834,1410.563,1138,0.173371,,,0,0.841617,1.230,rolling,1
decay,1,forward,decay,9.8050,1410.563,1138,0.173371,,,0,0.841617,1.230,rolling,1
decay,1,forward,decay,9.8268,1410.563,1138,0.173371,,,0,0.841617,1.230,rolling,1
decay,1,forward,decay,9.8487,1410.563,1138,0.173371,,,0,0.841617,1.230,rolling,1
decay,1,forward,decay,9.8705,1410.563,1138,0.173371,,,0,0.841617,1.223,rolling,1
decay,1,forward,decay,9.8735,1410.563,1138,0.175975,0.0180102,0.0001108,1,0.859627,1.223,rolling,1
decay,1,forward,decay,9.8871,1410.563,1138,0.175975,,,0,0.859627,1.223,rolling,1
decay,1,forward,decay,9.9088,1410.563,1138,0.175975,,,0,0.859627,1.223,rolling,1
decay,1,forward,decay,9.9304,1410.563,1138,0.175975,,,0,0.859627,1.223,rolling,1
decay,1,forward,decay,9.9520,1410.563,1138,0.175975,,,0,0.859627,1.235,rolling,1
decay,1,forward,decay,9.9744,1410.563,1138,0.182070,0.0202937,0.0007851,1,0.879921,1.235,rolling,1
decay,1,forward,decay,9.9904,1410.563,1138,0.182070,,,0,0.879921,1.235,rolling,1
decay,1,forward,decay,10.0120,1410.563,1138,0.182070,,,0,0.879921,1.235,rolling,1
decay,1,forward,decay,10.0335,1410.563,1138,0.182070,,,0,0.879921,1.235,rolling,1
decay,1,forward,decay,10.0551,1410.563,1138,0.182070,,,0,0.879921,1.227,rolling,1
decay,1,forward,decay,10.0752,1410.563,1138,0.179781,0.0172956,-0.0005290,1,0.897217,1.227,rolling,1
decay,1,forward,decay,10.0870,1410.563,1138,0.179781,,,0,0.897217,1.227,rolling,1
decay,1,forward,decay,10.1088,1410.563,1138,0.179781,,,0,0.897217,1.227,rolling,1
decay,1,forward,decay,10.1304,1410.563,1138,0.179781,,,0,0.897217,1.227,rolling,1
decay,1,forward,decay,10.1520,1410.563,1138,0.179781,,,0,0.897217,1.227,rolling,1
decay,1,forward,decay,10.1738,1410.563,1138,0.179781,,,0,0.897217,1.242,rolling,1
decay,1,forward,decay,10.1763,1410.563,1138,0.173768,0.0157386,-0.0023657,1,0.912955,1.242,rolling,1
decay,1,forward,decay,10.1871,1410.563,1138,0.173768,,,0,0.912955,1.242,rolling,1
decay,1,forward,decay,10.2087,1410.563,1138,0.173768,,,0,0.912955,1.242,rolling,1
decay,1,forward,decay,10.2303,1410.563,1138,0.173768,,,0,0.912955,1.242,rolling,1
decay,1,forward,decay,10.2520,1410.563,1138,0.173768,,,0,0.912955,1.242,rolling,1
decay,1,forward,decay,10.2738,1410.563,1138,0.173768,,,0,0.912955,1.235,rolling,1
decay,1,forward,decay,10.2763,1410.563,1138,0.171365,0.0163749,0.0004283,1,0.929330,1.235,rolling,1
decay,1,forward,decay,10.2939,1410.563,1138,0.171365,,,0,0.929330,1.235,rolling,1
decay,1,forward,decay,10.3155,1410.563,1138,0.171365,,,0,0.929330,1.235,rolling,1
decay,1,forward,decay,10.3370,1410.563,1138,0.171365,,,0,0.929330,1.235,rolling,1
decay,1,forward,decay,10.3586,1410.563,1138,0.171365,,,0,0.929330,1.226,rolling,1
decay,1,forward,decay,10.3767,1411.803,1139,0.183068,0.0219960,0.0009360,1,0.951326,1.226,rolling,1
decay,1,forward,decay,10.3889,1411.803,1139,0.183068,,,0,0.951326,1.226,rolling,1
decay,1,forward,decay,10.4105,1411.803,1139,0.183068,,,0,0.951326,1.226,rolling,1
decay,1,forward,decay,10.4320,1411.803,1139,0.183068,,,0,0.951326,1.226,rolling,1
decay,1,forward,decay,10.4537,1411.803,1139,0.183068,,,0,0.951326,1.226,rolling,1
decay,1,forward,decay,10.4755,1411.803,1139,0.183068,,,0,0.951326,1.227,rolling,1
decay,1,forward,decay,10.4780,1411.803,1139,0.178724,0.0166280,-0.0004188,1,0.967954,1.227,rolling,1
decay,1,forward,decay,10.4922,1411.803,1139,0.178724,,,0,0.967954,1.227,rolling,1
decay,1,forward,decay,10.5140,1411.803,1139,0.178724,,,0,0.967954,1.227,rolling,1
decay,1,forward,decay,10.5356,1411.803,1139,0.178724,,,0,0.967954,1.227,rolling,1
decay,1,forward,decay,10.5572,1411.803,1139,0.178724,,,0,0.967954,1.240,rolling,1
decay,1,forward,decay,10.5774,1411.803,1139,0.177125,0.0173718,-0.0017961,1,0.985326,1.240,rolling,1
decay,1,forward,decay,10.5965,1411.803,1139,0.177125,,,0,0.985326,1.240,rolling,1
decay,1,forward,decay,10.6182,1411.803,1139,0.177125,,,0,0.985326,1.240,rolling,1
decay,1,forward,decay,10.6398,1411.803,1139,0.177125,,,0,0.985326,1.240,rolling,1
decay,1,forward,decay,10.6616,1411.803,1139,0.177125,,,0,0.985326,1.249,rolling,1
decay,1,forward,decay,10.6783,1411.803,1139,0.183787,0.0204541,-0.0006453,1,1.005780,1.249,rolling,1
decay,1,forward,decay,10.6905,1411.803,1139,0.183787,,,0,1.005780,1.249,rolling,1
decay,1,forward,decay,10.7121,1411.803,1139,0.183787,,,0,1.005780,1.249,rolling,1
decay,1,forward,decay,10.7338,1411.803,1139,0.183787,,,0,1.005780,1.249,rolling,1
decay,1,forward,decay,10.7554,1411.803,1139,0.183787,,,0,1.005780,1.265,rolling,1
decay,1,forward,decay,10.7781,1411.803,1139,0.183787,,,0,1.005780,1.265,rolling,1
decay,1,forward,decay,10.7794,1411.803,1139,0.182834,0.0180315,0.0002993,1,1.023811,1.265,rolling,1
decay,1,forward,decay,10.7923,1411.803,1139,0.182834,,,0,1.023811,1.265,rolling,1
decay,1,forward,decay,10.8139,1411.803,1139,0.182834,,,0,1.023811,1.265,rolling,1
decay,1,forward,decay,10.8355,1411.803,1139,0.182834,,,0,1.023811,1.265,rolling,1
decay,1,forward,decay,10.8573,1411.803,1139,0.182834,,,0,1.023811,1.280,rolling,1
decay,1,forward,decay,10.8785,1411.803,1139,0.187006,0.0200497,-0.0005873,1,1.043861,1.280,rolling,1
decay,1,forward,decay,10.8940,1411.803,1139,0.187006,,,0,1.043861,1.280,rolling,1
decay,1,forward,decay,10.9157,1411.803,1139,0.187006,,,0,1.043861,1.280,rolling,1
decay,1,forward,decay,10.9373,1411.803,1139,0.187006,,,0,1.043861,1.280,rolling,1
decay,1,forward,decay,10.9588,1411.803,1139,0.187006,,,0,1.043861,1.295,rolling,1
decay,1,forward,decay,10.9769,1411.803,1139,0.194258,0.0217761,-0.0016748,1,1.065637,1.295,rolling,1
decay,1,forward,decay,10.9887,1411.803,1139,0.194258,,,0,1.065637,1.295,rolling,1
decay,1,forward,decay,11.0103,1411.803,1139,0.194258,,,0,1.065637,1.295,rolling,1
decay,1,forward,decay,11.0318,1411.803,1139,0.194258,,,0,1.065637,1.295,rolling,1
decay,1,forward,decay,11.0535,1411.803,1139,0.194258,,,0,1.065637,1.295,rolling,1
decay,1,forward,decay,11.0751,1411.803,1139,0.194258,,,0,1.065637,1.312,rolling,1
decay,1,forward,decay,11.0777,1411.803,1139,0.206067,0.0236536,-0.0025261,1,1.089291,1.312,rolling,1
decay,1,forward,decay,11.0954,1411.803,1139,0.206067,,,0,1.089291,1.312,rolling,1
decay,1,forward,decay,11.1171,1411.803,1139,0.206067,,,0,1.089291,1.312,rolling,1
decay,1,forward,decay,11.1386,1411.803,1139,0.206067,,,0,1.089291,1.312,rolling,1
decay,1,forward,decay,11.1602,1411.803,1139,0.206067,,,0,1.089291,1.331,rolling,1
decay,1,forward,decay,11.1782,1413.043,1140,0.197201,0.0171270,-0.0015401,1,1.106418,1.331,rolling,1
decay,1,forward,decay,11.1878,1413.043,1140,0.197201,,,0,1.106418,1.331,rolling,1
decay,1,forward,decay,11.2094,1413.043,1140,0.197201,,,0,1.106418,1.331,rolling,1
decay,1,forward,decay,11.2310,1413.043,1140,0.197201,,,0,1.106418,1.331,rolling,1
decay,1,forward,decay,11.2526,1413.043,1140,0.197201,,,0,1.106418,1.331,rolling,1
decay,1,forward,decay,11.2741,1413.043,1140,0.197201,,,0,1.106418,1.347,rolling,1
decay,1,forward,decay,11.2782,1413.043,1140,0.197322,0.0198786,-0.0001812,1,1.126296,1.347,rolling,1
decay,1,forward,decay,11.2892,1413.043,1140,0.197322,,,0,1.126296,1.347,rolling,1
decay,1,forward,decay,11.3110,1413.043,1140,0.197322,,,0,1.126296,1.347,rolling,1
decay,1,forward,decay,11.3326,1413.043,1140,0.197322,,,0,1.126296,1.347,rolling,1
decay,1,forward,decay,11.3542,1413.043,1140,0.197322,,,0,1.126296,1.347,rolling,1
decay,1,forward,decay,11.3759,1413.043,1140,0.197322,,,0,1.126296,1.363,rolling,1
decay,1,forward,decay,11.3789,1413.043,1140,0.189866,0.0170206,0.0014052,1,1.143317,1.363,rolling,1
decay,1,forward,decay,11.3964,1413.043,1140,0.189866,,,0,1.143317,1.363,rolling,1
decay,1,forward,decay,11.4181,1413.043,1140,0.189866,,,0,1.143317,1.363,rolling,1
decay,1,forward,decay,11.4396,1413.043,1140,0.189866,,,0,1.143317,1.363,rolling,1
decay,1,forward,decay,11.4613,1413.043,1140,0.189866,,,0,1.143317,1.378,rolling,1
decay,1,forward,decay,11.4770,1413.043,1140,0.179677,0.0148398,0.0009521,1,1.158157,1.378,rolling,1
decay,1,forward,decay,11.4875,1413.043,1140,0.179677,,,0,1.158157,1.378,rolling,1
decay,1,forward,decay,11.5092,1413.043,1140,0.179677,,,0,1.158157,1.378,rolling,1
decay,1,forward,decay,11.5308,1413.043,1140,0.179677,,,0,1.158157,1.378,rolling,1
decay,1,forward,decay,11.5524,1413.043,1140,0.179677,,,0,1.158157,1.378,rolling,1
decay,1,forward,decay,11.5739,1413.043,1140,0.179677,,,0,1.158157,1.387,rolling,1
decay,1,forward,decay,11.5773,1413.043,1140,0.172182,0.0148569,0.0003288,1,1.173014,1.387,rolling,1
decay,1,forward,decay,11.5908,1413.043,1140,0.172182,,,0,1.173014,1.387,rolling,1
decay,1,forward,decay,11.6125,1413.043,1140,0.172182,,,0,1.173014,1.387,rolling,1
decay,1,forward,decay,11.6340,1413.043,1140,0.172182,,,0,1.173014,1.387,rolling,1
decay,1,forward,decay,11.6557,1413.043,1140,0.172182,,,0,1.173014,1.399,rolling,1
decay,1,forward,decay,11.6757,1413.043,1140,0.167211,0.0151087,-0.0015153,1,1.188122,1.399,rolling,1
decay,1,forward,decay,11.6904,1413.043,1140,0.167211,,,0,1.188122,1.399,rolling,1
decay,1,forward,decay,11.7121,1413.043,1140,0.167211,,,0,1.188122,1.399,rolling,1
decay,1,forward,decay,11.7337,1413.043,1140,0.167211,,,0,1.188122,1.399,rolling,1
decay,1,forward,decay,11.7553,1413.043,1140,0.167211,,,0,1.188122,1.414,rolling,1
decay,1,forward,decay,11.7756,1413.043,1140,0.160861,0.0139139,0.0008705,1,1.202036,1.414,rolling,1
decay,1,forward,decay,11.7921,1413.043,1140,0.160861,,,0,1.202036,1.414,rolling,1
decay,1,forward,decay,11.8136,1413.043,1140,0.160861,,,0,1.202036,1.414,rolling,1
decay,1,forward,decay,11.8352,1413.043,1140,0.160861,,,0,1.202036,1.414,rolling,1
decay,1,forward,decay,11.8568,1413.043,1140,0.160861,,,0,1.202036,1.425,rolling,1
decay,1,forward,decay,11.8741,1413.043,1140,0.163919,0.0174992,-0.0009680,1,1.219535,1.425,rolling,1
decay,1,forward,decay,11.8899,1413.043,1140,0.163919,,,0,1.219535,1.425,rolling,1
decay,1,forward,decay,11.9116,1413.043,1140,0.163919,,,0,1.219535,1.425,rolling,1
decay,1,forward,decay,11.9331,1413.043,1140,0.163919,,,0,1.219535,1.425,rolling,1
decay,1,forward,decay,11.9547,1413.043,1140,0.163919,,,0,1.219535,1.442,rolling,1
decay,1,forward,decay,11.9724,1413.043,1140,0.170467,0.0184830,-0.0000682,1,1.238018,1.442,rolling,1
decay,1,forward,decay,11.9857,1414.283,1141,0.170467,,,0,1.238018,1.442,rolling,1
decay,1,forward,decay,12.0074,1414.283,1141,0.170467,,,0,1.238018,1.442,rolling,1
decay,1,forward,decay,12.0289,1414.283,1141,0.170467,,,0,1.238018,1.442,rolling,1
decay,1,forward,decay,12.0505,1414.283,1141,0.170467,,,0,1.238018,1.452,rolling,1
decay,1,forward,decay,12.0729,1414.283,1141,0.162538,0.0136507,-0.0005957,1,1.251669,1.452,rolling,1
decay,1,forward,decay,12.0857,1414.283,1141,0.162538,,,0,1.251669,1.452,rolling,1
decay,1,forward,decay,12.1074,1414.283,1141,0.162538,,,0,1.251669,1.452,rolling,1
decay,1,forward,decay,12.1290,1414.283,1141,0.162538,,,0,1.251669,1.452,rolling,1
decay,1,forward,decay,12.1505,1414.283,1141,0.162538,,,0,1.251669,1.465,rolling,1
decay,1,forward,decay,12.1734,1414.283,1141,0.162538,,,0,1.251669,1.465,rolling,1
decay,1,forward,decay,12.1750,1414.283,1141,0.167122,0.0181442,-0.0008149,1,1.269813,1.465,rolling,1
decay,1,forward,decay,12.1866,1414.283,1141,0.167122,,,0,1.269813,1.465,rolling,1
decay,1,forward,decay,12.2083,1414.283,1141,0.167122,,,0,1.269813,1.465,rolling,1
decay,1,forward,decay,12.2298,1414.283,1141,0.167122,,,0,1.269813,1.465,rolling,1
decay,1,forward,decay,12.2513,1414.283,1141,0.167122,,,0,1.269813,1.477,rolling,1
decay,1,forward,decay,12.2740,1414.283,1141,0.167122,,,0,1.269813,1.477,rolling,1
decay,1,forward,decay,12.2753,1414.283,1141,0.153900,0.0115074,-0.0006544,1,1.281321,1.477,rolling,1
decay,1,forward,decay,12.2884,1414.283,1141,0.153900,,,0,1.281321,1.477,rolling,1
decay,1,forward,decay,12.3101,1414.283,1141,0.153900,,,0,1.281321,1.477,rolling,1
decay,1,forward,decay,12.3316,1414.283,1141,0.153900,,,0,1.281321,1.477,rolling,1
decay,1,forward,decay,12.3532,1414.283,1141,0.153900,,,0,1.281321,1.490,rolling,1
decay,1,forward,decay,12.3716,1414.283,1141,0.139028,0.0095170,-0.0000604,1,1.290838,1.490,rolling,1
decay,1,forward,decay,12.3815,1414.283,1141,0.139028,,,0,1.290838,1.490,rolling,1
decay,1,forward,decay,12.4032,1414.283,1141,0.139028,,,0,1.290838,1.490,rolling,1
decay,1,forward,decay,12.4247,1414.283,1141,0.139028,,,0,1.290838,1.490,rolling,1
decay,1,forward,decay,12.4463,1414.283,1141,0.139028,,,0,1.290838,1.490,rolling,1
decay,1,forward,decay,12.4679,1414.283,1141,0.139028,,,0,1.290838,1.498,rolling,1
decay,1,forward,decay,12.4725,1414.283,1141,0.146550,0.0165457,-0.0007997,1,1.307383,1.498,rolling,1
decay,1,forward,decay,12.4857,1414.283,1141,0.146550,,,0,1.307383,1.498,rolling,1
decay,1,forward,decay,12.5074,1414.283,1141,0.146550,,,0,1.307383,1.498,rolling,1
decay,1,forward,decay,12.5290,1414.283,1141,0.146550,,,0,1.307383,1.498,rolling,1
decay,1,forward,decay,12.5505,1414.283,1141,0.146550,,,0,1.307383,1.510,rolling,1
decay,1,forward,decay,12.5728,1414.283,1141,0.139903,0.0121045,-0.0005364,1,1.319488,1.510,rolling,1
decay,1,forward,decay,12.5883,1414.283,1141,0.139903,,,0,1.319488,1.510,rolling,1
decay,1,forward,decay,12.6100,1414.283,1141,0.139903,,,0,1.319488,1.510,rolling,1
decay,1,forward,decay,12.6316,1414.283,1141,0.139903,,,0,1.319488,1.510,rolling,1
decay,1,forward,decay,12.6533,1414.283,1141,0.139903,,,0,1.319488,1.523,rolling,1
decay,1,forward,decay,12.6733,1414.283,1141,0.134564,0.0118475,-0.0000036,1,1.331335,1.523,rolling,1
decay,1,forward,decay,12.6828,1414.283,1141,0.134564,,,0,1.331335,1.523,rolling,1
decay,1,forward,decay,12.7044,1414.283,1141,0.134564,,,0,1.331335,1.523,rolling,1
decay,1,forward,decay,12.7260,1414.283,1141,0.134564,,,0,1.331335,1.523,rolling,1
decay,1,forward,decay,12.7477,1414.283,1141,0.134564,,,0,1.331335,1.523,rolling,1
decay,1,forward,decay,12.7696,1414.283,1141,0.134564,,,0,1.331335,1.528,rolling,1
decay,1,forward,decay,12.7720,1414.283,1141,0.112215,0.0045577,0.0015496,1,1.335893,1.528,rolling,1
decay,1,forward,decay,12.7917,1415.523,1142,0.112215,,,0,1.335893,1.528,rolling,1
decay,1,forward,decay,12.8137,1415.523,1142,0.112215,,,0,1.335893,1.528,rolling,1
decay,1,forward,decay,12.8353,1415.523,1142,0.112215,,,0,1.335893,1.528,rolling,1
decay,1,forward,decay,12.8570,1415.523,1142,0.112215,,,0,1.335893,1.541,rolling,1
decay,1,forward,decay,12.8721,1415.523,1142,0.120650,0.0142988,-0.0002490,1,1.350192,1.541,rolling,1
decay,1,forward,decay,12.8844,1415.523,1142,0.120650,,,0,1.350192,1.541,rolling,1
decay,1,forward,decay,12.9061,1415.523,1142,0.120650,,,0,1.350192,1.541,rolling,1
decay,1,forward,decay,12.9277,1415.523,1142,0.120650,,,0,1.350192,1.541,rolling,1
decay,1,forward,decay,12.9492,1415.523,1142,0.120650,,,0,1.350192,1.541,rolling,1
decay,1,forward,decay,12.9712,1415.523,1142,0.120650,,,0,1.350192,1.550,rolling,1
decay,1,forward,decay,12.9739,1415.523,1142,0.117478,0.0107559,-0.0005456,1,1.360948,1.550,rolling,1
decay,1,forward,decay,12.9838,1415.523,1142,0.117478,,,0,1.360948,1.550,rolling,1
decay,1,forward,decay,13.0054,1415.523,1142,0.117478,,,0,1.360948,1.550,rolling,1
decay,1,forward,decay,13.0269,1415.523,1142,0.117478,,,0,1.360948,1.550,rolling,1
decay,1,forward,decay,13.0485,1415.523,1142,0.117478,,,0,1.360948,1.550,rolling,1
decay,1,forward,decay,13.0703,1415.523,1142,0.117478,,,0,1.360948,1.558,rolling,1
decay,1,forward,decay,13.0729,1415.523,1142,0.111652,0.0095124,0.0002801,1,1.370460,1.558,rolling,1
decay,1,forward,decay,13.0875,1415.523,1142,0.111652,,,0,1.370460,1.558,rolling,1
decay,1,forward,decay,13.1092,1415.523,1142,0.111652,,,0,1.370460,1.558,rolling,1
decay,1,forward,decay,13.1307,1415.523,1142,0.111652,,,0,1.370460,1.558,rolling,1
decay,1,forward,decay,13.1523,1415.523,1142,0.111652,,,0,1.370460,1.567,rolling,1
decay,1,forward,decay,13.1736,1415.523,1142,0.105852,0.0088798,0.0002027,1,1.379340,1.567,rolling,1
decay,1,forward,decay,13.1800,1415.523,1142,0.105852,,,0,1.379340,1.567,rolling,1
decay,1,forward,decay,13.2017,1415.523,1142,0.105852,,,0,1.379340,1.567,rolling,1
decay,1,forward,decay,13.2233,1415.523,1142,0.105852,,,0,1.379340,1.567,rolling,1
decay,1,forward,decay,13.2448,1415.523,1142,0.105852,,,0,1.379340,1.567,rolling,1
decay,1,forward,decay,13.2665,1415.523,1142,0.105852,,,0,1.379340,1.574,rolling,1
decay,1,forward,decay,13.2737,1415.523,1142,0.095986,0.0066675,-0.0004524,1,1.386008,1.574,rolling,1
decay,1,forward,decay,13.2839,1415.523,1142,0.095986,,,0,1.386008,1.574,rolling,1
decay,1,forward,decay,13.3056,1415.523,1142,0.095986,,,0,1.386008,1.574,rolling,1
decay,1,forward,decay,13.3273,1415.523,1142,0.095986,,,0,1.386008,1.574,rolling,1
decay,1,forward,decay,13.3489,1415.523,1142,0.095986,,,0,1.386008,1.574,rolling,1
decay,1,forward,decay,13.3705,1415.523,1142,0.095986,,,0,1.386008,1.583,rolling,1
decay,1,forward,decay,13.3742,1415.523,1142,0.092137,0.0081269,-0.0010401,1,1.394135,1.583,rolling,1
decay,1,forward,decay,13.3879,1415.523,1142,0.092137,,,0,1.394135,1.583,rolling,1
decay,1,forward,decay,13.4097,1415.523,1142,0.092137,,,0,1.394135,1.583,rolling,1
decay,1,forward,decay,13.4314,1415.523,1142,0.092137,,,0,1.394135,1.583,rolling,1
decay,1,forward,decay,13.4530,1415.523,1142,0.092137,,,0,1.394135,1.590,rolling,1
decay,1,forward,decay,13.4722,1415.523,1142,0.094951,0.0103484,-0.0043056,1,1.404483,1.590,rolling,1
decay,1,forward,decay,13.4890,1415.523,1142,0.094951,,,0,1.404483,1.590,rolling,1
decay,1,forward,decay,13.5107,1415.523,1142,0.094951,,,0,1.404483,1.590,rolling,1
decay,1,forward,decay,13.5323,1415.523,1142,0.094951,,,0,1.404483,1.590,rolling,1
decay,1,forward,decay,13.5538,1415.523,1142,0.094951,,,0,1.404483,1.602,rolling,1
decay,1,forward,decay,13.5731,1415.523,1142,0.095871,0.0096766,-0.0010151,1,1.414160,1.602,rolling,1
decay,1,forward,decay,13.5888,1415.523,1142,0.095871,,,0,1.414160,1.602,rolling,1
decay,1,forward,decay,13.6104,1416.763,1143,0.095871,,,0,1.414160,1.602,rolling,1
decay,1,forward,decay,13.6320,1416.763,1143,0.095871,,,0,1.414160,1.602,rolling,1
decay,1,forward,decay,13.6536,1416.763,1143,0.095871,,,0,1.414160,1.607,rolling,1
decay,1,forward,decay,13.6735,1416.763,1143,0.096961,0.0100827,-0.0001976,1,1.424242,1.607,rolling,1
decay,1,forward,decay,13.6929,1416.763,1143,0.096961,,,0,1.424242,1.607,rolling,1
decay,1,forward,decay,13.7145,1416.763,1143,0.096961,,,0,1.424242,1.607,rolling,1
decay,1,forward,decay,13.7362,1416.763,1143,0.096961,,,0,1.424242,1.607,rolling,1
decay,1,forward,decay,13.7577,1416.763,1143,0.096961,,,0,1.424242,1.617,rolling,1
decay,1,forward,decay,13.7747,1416.763,1143,0.097007,0.0097895,0.0014519,1,1.434032,1.617,rolling,1
decay,1,forward,decay,13.7833,1416.763,1143,0.097007,,,0,1.434032,1.617,rolling,1
decay,1,forward,decay,13.8050,1416.763,1143,0.097007,,,0,1.434032,1.617,rolling,1
decay,1,forward,decay,13.8266,1416.763,1143,0.097007,,,0,1.434032,1.617,rolling,1
decay,1,forward,decay,13.8483,1416.763,1143,0.097007,,,0,1.434032,1.617,rolling,1
decay,1,forward,decay,13.8701,1416.763,1143,0.097007,,,0,1.434032,1.622,rolling,1
decay,1,forward,decay,13.8725,1416.763,1143,0.086053,0.0054220,-0.0008332,1,1.439454,1.622,rolling,1
decay,1,forward,decay,13.8864,1416.763,1143,0.086053,,,0,1.439454,1.622,rolling,1
decay,1,forward,decay,13.9081,1416.763,1143,0.086053,,,0,1.439454,1.622,rolling,1
decay,1,forward,decay,13.9297,1416.763,1143,0.086053,,,0,1.439454,1.622,rolling,1
decay,1,forward,decay,13.9512,1416.763,1143,0.086053,,,0,1.439454,1.629,rolling,1
decay,1,forward,decay,13.9733,1416.763,1143,0.075767,0.0043419,-0.0006508,1,1.443796,1.629,rolling,1
decay,1,forward,decay,13.9915,1416.763,1143,0.075767,,,0,1.443796,1.629,rolling,1
decay,1,forward,decay,14.0131,1416.763,1143,0.075767,,,0,1.443796,1.629,rolling,1
decay,1,forward,decay,14.0347,1416.763,1143,0.075767,,,0,1.443796,1.629,rolling,1
decay,1,forward,decay,14.0563,1416.763,1143,0.075767,,,0,1.443796,1.634,rolling,1
decay,1,forward,decay,14.0729,1416.763,1143,0.077216,0.0082537,0.0007904,1,1.452049,1.634,rolling,1
decay,1,forward,decay,14.0837,1416.763,1143,0.077216,,,0,1.452049,1.634,rolling,1
decay,1,forward,decay,14.1053,1416.763,1143,0.077216,,,0,1.452049,1.634,rolling,1
decay,1,forward,decay,14.1269,1416.763,1143,0.077216,,,0,1.452049,1.634,rolling,1
decay,1,forward,decay,14.1484,1416.763,1143,0.077216,,,0,1.452049,1.634,rolling,1
decay,1,forward,decay,14.1701,1416.763,1143,0.077216,,,0,1.452049,1.633,rolling,1
decay,1,forward,decay,14.1736,1416.763,1143,0.056572,-0.0005340,-0.0003864,1,1.452583,1.633,rolling,1
decay,1,forward,decay,14.1883,1416.763,1143,0.056572,,,0,1.452583,1.633,rolling,1
decay,1,forward,decay,14.2099,1416.763,1143,0.056572,,,0,1.452583,1.633,rolling,1
decay,1,forward,decay,14.2315,1416.763,1143,0.056572,,,0,1.452583,1.633,rolling,1
decay,1,forward,decay,14.2531,1416.763,1143,0.056572,,,0,1.452583,1.633,rolling,1
decay,1,forward,decay,14.2741,1416.763,1143,0.042286,-0.0000575,0.0011265,1,1.452641,1.633,rolling,1
decay,1,forward,decay,14.2926,1416.763,1143,0.042286,,,0,1.452641,1.633,rolling,1
decay,1,forward,decay,14.3143,1416.763,1143,0.042286,,,0,1.452641,1.633,rolling,1
decay,1,forward,decay,14.3359,1416.763,1143,0.042286,,,0,1.452641,1.633,rolling,1
decay,1,forward,decay,14.3575,1416.763,1143,0.042286,,,0,1.452641,1.631,rolling,1
decay,1,reverse,closed_loop,14.4882,1588.509,1281,0.013811,,,0,0.000000,0.838,startup,0
decay,1,reverse,closed_loop,14.5098,1588.509,1281,0.013811,,,0,0.000000,0.838,startup,0
decay,1,reverse,closed_loop,14.5314,1588.509,1281,0.013811,,,0,0.000000,0.838,startup,0
decay,1,reverse,closed_loop,14.5529,1588.509,1281,0.013811,,,0,0.000000,0.824,startup,0
decay,1,reverse,closed_loop,14.5737,1589.749,1282,0.005825,-0.0017785,0.0007003,1,0.001779,0.824,startup,0
decay,1,reverse,closed_loop,14.5857,1589.749,1282,0.005825,,,0,0.001779,0.824,startup,0
decay,1,reverse,closed_loop,14.6073,1589.749,1282,0.005825,,,0,0.001779,0.824,startup,0
decay,1,reverse,closed_loop,14.6288,1589.749,1282,0.005825,,,0,0.001779,0.824,startup,0
decay,1,reverse,closed_loop,14.6504,1589.749,1282,0.005825,,,0,0.001779,0.824,startup,0
decay,1,reverse,closed_loop,14.6722,1589.749,1282,0.005825,,,0,0.001779,0.830,startup,0
decay,1,reverse,closed_loop,14.6747,1590.989,1283,0.010200,0.0023154,-0.0006121,1,0.004094,0.830,startup,0
decay,1,reverse,closed_loop,14.6862,1590.989,1283,0.010200,,,0,0.004094,0.830,startup,0
decay,1,reverse,closed_loop,14.7079,1590.989,1283,0.010200,,,0,0.004094,0.830,startup,0
decay,1,reverse,closed_loop,14.7295,1590.989,1283,0.010200,,,0,0.004094,0.830,startup,0
decay,1,reverse,closed_loop,14.7510,1590.989,1283,0.010200,,,0,0.004094,0.830,startup,0
decay,1,reverse,closed_loop,14.7728,1590.989,1283,0.010200,,,0,0.004094,0.825,startup,0
decay,1,reverse,closed_loop,14.7752,1592.229,1284,0.009951,0.0009273,0.0014636,1,0.005021,0.825,startup,0
decay,1,reverse,closed_loop,14.7909,1592.229,1284,0.009951,,,0,0.005021,0.825,startup,0
decay,1,reverse,closed_loop,14.8128,1592.229,1284,0.009951,,,0,0.005021,0.825,startup,0
decay,1,reverse,closed_loop,14.8347,1592.229,1284,0.009951,,,0,0.005021,0.825,startup,0
decay,1,reverse,closed_loop,14.8564,1592.229,1284,0.009951,,,0,0.005021,0.823,startup,0
decay,1,reverse,closed_loop,14.8749,1593.469,1285,-0.003934,-0.0045714,-0.0003431,1,0.009593,0.823,startup,0
decay,1,reverse,closed_loop,14.8937,1593.469,1285,-0.003934,,,0,0.009593,0.823,startup,0
decay,1,reverse,closed_loop,14.9154,1593.469,1285,-0.003934,,,0,0.009593,0.823,startup,0
decay,1,reverse,closed_loop,14.9371,1593.469,1285,-0.003934,,,0,0.009593,0.823,startup,0
decay,1,reverse,closed_loop,14.9587,1593.469,1285,-0.003934,,,0,0.009593,0.833,startup,0
decay,1,reverse,closed_loop,14.9755,1596.569,1288,-0.004088,-0.0004578,-0.0013103,1,0.010050,0.833,startup,0
decay,1,reverse,closed_loop,14.9898,1596.569,1288,-0.004088,,,0,0.010050,0.833,startup,0
decay,1,reverse,closed_loop,15.0115,1596.569,1288,-0.004088,,,0,0.010050,0.833,startup,0
decay,1,reverse,closed_loop,15.0331,1596.569,1288,-0.004088,,,0,0.010050,0.833,startup,0
decay,1,reverse,closed_loop,15.0548,1596.569,1288,-0.004088,,,0,0.010050,0.829,startup,0
decay,1,reverse,closed_loop,15.0734,1599.669,1290,-0.001687,0.0005521,-0.0001841,1,0.010603,0.829,startup,0
decay,1,reverse,closed_loop,15.0842,1599.669,1290,-0.001687,,,0,0.010603,0.829,startup,0
decay,1,reverse,closed_loop,15.1059,1599.669,1290,-0.001687,,,0,0.010603,0.829,startup,0
decay,1,reverse,closed_loop,15.1275,1599.669,1290,-0.001687,,,0,0.010603,0.829,startup,0
decay,1,reverse,closed_loop,15.1491,1599.669,1290,-0.001687,,,0,0.010603,0.829,startup,0
decay,1,reverse,closed_loop,15.1707,1599.669,1290,-0.001687,,,0,0.010603,0.818,startup,0
decay,1,reverse,closed_loop,15.1737,1602.769,1293,-0.002719,-0.0005723,0.0000678,1,0.011175,0.818,startup,0
decay,1,reverse,closed_loop,15.1834,1602.769,1293,-0.002719,,,0,0.011175,0.818,startup,0
decay,1,reverse,closed_loop,15.2050,1602.769,1293,-0.002719,,,0,0.011175,0.818,startup,0
decay,1,reverse,closed_loop,15.2267,1602.769,1293,-0.002719,,,0,0.011175,0.818,startup,0
decay,1,reverse,closed_loop,15.2483,1602.769,1293,-0.002719,,,0,0.011175,0.818,startup,0
decay,1,reverse,closed_loop,15.2699,1602.769,1293,-0.002719,,,0,0.011175,0.819,startup,0
decay,1,reverse,closed_loop,15.2742,1605.869,1295,-0.013042,-0.0044149,0.0000868,1,0.015590,0.819,startup,0
decay,1,reverse,closed_loop,15.2897,1605.869,1295,-0.013042,,,0,0.015590,0.819,startup,0
decay,1,reverse,closed_loop,15.3113,1605.869,1295,-0.013042,,,0,0.015590,0.819,startup,0
decay,1,reverse,closed_loop,15.3329,1605.869,1295,-0.013042,,,0,0.015590,0.819,startup,0
decay,1,reverse,closed_loop,15.3545,1605.869,1295,-0.013042,,,0,0.015590,0.826,startup,0
decay,1,reverse,closed_loop,15.3758,1608.969,1298,-0.023370,-0.0055790,0.0005258,1,0.021169,0.826,startup,0
decay,1,reverse,closed_loop,15.3850,1608.969,1298,-0.023370,,,0,0.021169,0.826,startup,0
decay,1,reverse,closed_loop,15.4067,1608.969,1298,-0.023370,,,0,0.021169,0.826,startup,0
decay,1,reverse,closed_loop,15.4282,1608.969,1298,-0.023370,,,0,0.021169,0.826,startup,0
decay,1,reverse,closed_loop,15.4498,1608.969,1298,-0.023370,,,0,0.021169,0.826,startup,0
decay,1,reverse,closed_loop,15.4714,1608.969,1298,-0.023370,,,0,0.021169,0.829,startup,0
decay,1,reverse,closed_loop,15.4757,1612.069,1300,-0.027673,-0.0040006,-0.0010868,1,0.025169,0.829,startup,0
decay,1,reverse,closed_loop,15.4886,1612.069,1300,-0.027673,,,0,0.025169,0.829,startup,0
decay,1,reverse,closed_loop,15.5103,1612.069,1300,-0.027673,,,0,0.025169,0.829,startup,0
decay,1,reverse,closed_loop,15.5319,1612.069,1300,-0.027673,,,0,0.025169,0.829,startup,0
decay,1,reverse,closed_loop,15.5534,1612.069,1300,-0.027673,,,0,0.025169,0.826,startup,0
decay,1,reverse,closed_loop,15.5736,1592.509,1284,-0.061484,-0.0164035,-0.0011238,1,0.041573,0.826,rolling,0
decay,1,reverse,closed_loop,15.5925,1592.509,1284,-0.061484,,,0,0.041573,0.826,rolling,0
decay,1,reverse,closed_loop,15.6142,1592.509,1284,-0.061484,,,0,0.041573,0.826,rolling,0
decay,1,reverse,closed_loop,15.6358,1592.509,1284,-0.061484,,,0,0.041573,0.826,rolling,0
decay,1,reverse,closed_loop,15.6574,1592.509,1284,-0.061484,,,0,0.041573,0.829,rolling,0
decay,1,reverse,closed_loop,15.6738,1594.308,1286,-0.099694,-0.0209555,-0.0006680,1,0.062528,0.829,rolling,0
decay,1,reverse,closed_loop,15.6826,1594.308,1286,-0.099694,,,0,0.062528,0.829,rolling,0
decay,1,reverse,closed_loop,15.7042,1594.308,1286,-0.099694,,,0,0.062528,0.829,rolling,0
decay,1,reverse,closed_loop,15.7259,1594.308,1286,-0.099694,,,0,0.062528,0.829,rolling,0
decay,1,reverse,closed_loop,15.7474,1594.308,1286,-0.099694,,,0,0.062528,0.829,rolling,0
decay,1,reverse,closed_loop,15.7692,1594.308,1286,-0.099694,,,0,0.062528,0.817,rolling,0
decay,1,reverse,closed_loop,15.7728,1593.668,1285,-0.152007,-0.0310995,0.0021973,1,0.093628,0.817,rolling,0
decay,1,reverse,closed_loop,15.7888,1593.668,1285,-0.152007,,,0,0.093628,0.817,rolling,0
decay,1,reverse,closed_loop,15.8104,1593.668,1285,-0.152007,,,0,0.093628,0.817,rolling,0
decay,1,reverse,closed_loop,15.8321,1593.668,1285,-0.152007,,,0,0.093628,0.817,rolling,0
decay,1,reverse,closed_loop,15.8539,1593.668,1285,-0.152007,,,0,0.093628,0.825,rolling,0
decay,1,reverse,closed_loop,15.8721,1593.281,1285,-0.181466,-0.0267043,0.0013913,1,0.120332,0.825,rolling,0
decay,1,reverse,closed_loop,15.8845,1593.281,1285,-0.181466,,,0,0.120332,0.825,rolling,0
decay,1,reverse,closed_loop,15.9062,1593.281,1285,-0.181466,,,0,0.120332,0.825,rolling,0
decay,1,reverse,closed_loop,15.9278,1593.281,1285,-0.181466,,,0,0.120332,0.825,rolling,0
decay,1,reverse,closed_loop,15.9493,1593.281,1285,-0.181466,,,0,0.120332,0.830,rolling,0
decay,1,reverse,closed_loop,15.9708,1593.058,1285,-0.196951,-0.0241812,-0.0018814,1,0.144513,0.830,rolling,0
decay,1,reverse,closed_loop,15.9868,1593.058,1285,-0.196951,,,0,0.144513,0.830,rolling,0
decay,1,reverse,closed_loop,16.0084,1593.058,1285,-0.196951,,,0,0.144513,0.830,rolling,0
decay,1,reverse,closed_loop,16.0300,1593.058,1285,-0.196951,,,0,0.144513,0.830,rolling,0
decay,1,reverse,closed_loop,16.0515,1593.058,1285,-0.196951,,,0,0.144513,0.826,rolling,0
decay,1,reverse,closed_loop,16.0719,1592.750,1284,-0.214565,-0.0264166,-0.0000223,1,0.170930,0.826,rolling,0
decay,1,reverse,closed_loop,16.0847,1592.750,1284,-0.214565,,,0,0.170930,0.826,rolling,0
decay,1,reverse,closed_loop,16.1063,1592.750,1284,-0.214565,,,0,0.170930,0.826,rolling,0
decay,1,reverse,closed_loop,16.1281,1592.750,1284,-0.214565,,,0,0.170930,0.826,rolling,0
decay,1,reverse,closed_loop,16.1497,1592.750,1284,-0.214565,,,0,0.170930,0.817,rolling,0
decay,1,reverse,closed_loop,16.1698,1592.497,1284,-0.226181,-0.0261558,-0.0010130,1,0.197086,0.817,rolling,0
decay,1,reverse,closed_loop,16.1822,1592.497,1284,-0.226181,,,0,0.197086,0.817,rolling,0
decay,1,reverse,closed_loop,16.2039,1592.497,1284,-0.226181,,,0,0.197086,0.817,rolling,0
decay,1,reverse,closed_loop,16.2255,1592.497,1284,-0.226181,,,0,0.197086,0.817,rolling,0
decay,1,reverse,closed_loop,16.2471,1592.497,1284,-0.226181,,,0,0.197086,0.817,rolling,0
decay,1,reverse,closed_loop,16.2690,1592.497,1284,-0.226181,,,0,0.197086,0.816,rolling,0
decay,1,reverse,closed_loop,16.2714,1592.507,1284,-0.221351,-0.0203052,-0.0024764,1,0.217391,0.816,rolling,0
decay,1,reverse,closed_loop,16.2885,1592.507,1284,-0.221351,,,0,0.217391,0.816,rolling,0
decay,1,reverse,closed_loop,16.3101,1592.507,1284,-0.221351,,,0,0.217391,0.816,rolling,0
decay,1,reverse,closed_loop,16.3317,1592.507,1284,-0.221351,,,0,0.217391,0.816,rolling,0
decay,1,reverse,closed_loop,16.3533,1592.507,1284,-0.221351,,,0,0.217391,0.812,rolling,0
decay,1,reverse,closed_loop,16.3700,1592.507,1284,-0.221351,,,0,0.217391,0.812,rolling,0
decay,1,reverse,closed_loop,16.3919,1592.384,1284,-0.224610,-0.0234283,0.0028715,1,0.240819,0.812,rolling,0
decay,1,reverse,closed_loop,16.3945,1592.384,1284,-0.224610,,,0,0.240819,0.812,rolling,0
decay,1,reverse,closed_loop,16.4162,1592.384,1284,-0.224610,,,0,0.240819,0.812,rolling,0
decay,1,reverse,closed_loop,16.4377,1592.384,1284,-0.224610,,,0,0.240819,0.812,rolling,0
decay,1,reverse,closed_loop,16.4593,1592.384,1284,-0.224610,,,0,0.240819,0.822,rolling,0
decay,1,reverse,closed_loop,16.4686,1592.216,1284,-0.229853,-0.0246758,0.0011003,1,0.265495,0.822,rolling,0
decay,1,reverse,closed_loop,16.4858,1592.216,1284,-0.229853,,,0,0.265495,0.822,rolling,0
decay,1,reverse,closed_loop,16.5075,1592.216,1284,-0.229853,,,0,0.265495,0.822,rolling,0
decay,1,reverse,closed_loop,16.5291,1592.216,1284,-0.229853,,,0,0.265495,0.822,rolling,0
decay,1,reverse,closed_loop,16.5507,1592.216,1284,-0.229853,,,0,0.265495,0.811,rolling,0
decay,1,reverse,closed_loop,16.5694,1592.306,1284,-0.219910,-0.0187322,0.0001281,1,0.284227,0.811,rolling,0
decay,1,reverse,closed_loop,16.5822,1592.306,1284,-0.219910,,,0,0.284227,0.811,rolling,0
decay,1,reverse,closed_loop,16.6039,1592.306,1284,-0.219910,,,0,0.284227,0.811,rolling,0
decay,1,reverse,closed_loop,16.6255,1592.306,1284,-0.219910,,,0,0.284227,0.811,rolling,0
decay,1,reverse,closed_loop,16.6471,1592.306,1284,-0.219910,,,0,0.284227,0.825,rolling,0
decay,1,reverse,closed_loop,16.6696,1592.325,1284,-0.215543,-0.0203318,0.0001140,1,0.304559,0.825,rolling,0
decay,1,reverse,closed_loop,16.6792,1592.325,1284,-0.215543,,,0,0.304559,0.825,rolling,0
decay,1,reverse,closed_loop,16.7008,1592.325,1284,-0.215543,,,0,0.304559,0.825,rolling,0
decay,1,reverse,closed_loop,16.7224,1592.325,1284,-0.215543,,,0,0.304559,0.825,rolling,0
decay,1,reverse,closed_loop,16.7440,1592.325,1284,-0.215543,,,0,0.304559,0.825,rolling,0
decay,1,reverse,closed_loop,16.7661,1592.325,1284,-0.215543,,,0,0.304559,0.824,rolling,0
decay,1,reverse,closed_loop,16.7707,1592.775,1284,-0.187970,-0.0105956,0.0007087,1,0.315155,0.824,rolling,0
decay,1,reverse,closed_loop,16.7822,1592.775,1284,-0.187970,,,0,0.315155,0.824,rolling,0
decay,1,reverse,closed_loop,16.8039,1592.775,1284,-0.187970,,,0,0.315155,0.824,rolling,0
decay,1,reverse,closed_loop,16.8255,1592.775,1284,-0.187970,,,0,0.315155,0.824,rolling,0
decay,1,reverse,closed_loop,16.8472,1592.775,1284,-0.187970,,,0,0.315155,0.817,rolling,0
decay,1,reverse,closed_loop,16.8676,1593.298,1285,-0.160757,-0.0077445,-0.0012456,1,0.322899,0.817,rolling,0
decay,1,reverse,closed_loop,16.8812,1593.298,1285,-0.160757,,,0,0.322899,0.817,rolling,0
decay,1,reverse,closed_loop,16.9028,1593.298,1285,-0.160757,,,0,0.322899,0.817,rolling,0
decay,1,reverse,closed_loop,16.9244,1593.298,1285,-0.160757,,,0,0.322899,0.817,rolling,0
decay,1,reverse,closed_loop,16.9462,1593.298,1285,-0.160757,,,0,0.322899,0.824,rolling,0
decay,1,reverse,closed_loop,16.9678,1593.298,1285,-0.160757,,,0,0.322899,0.824,rolling,0
decay,1,reverse,closed_loop,16.9899,1593.784,1285,-0.140278,-0.0078747,-0.0003221,1,0.330774,0.824,rolling,0
decay,1,reverse,closed_loop,16.9946,1593.784,1285,-0.140278,,,0,0.330774,0.824,rolling,0
decay,1,reverse,closed_loop,17.0163,1593.784,1285,-0.140278,,,0,0.330774,0.824,rolling,0
decay,1,reverse,closed_loop,17.0380,1593.784,1285,-0.140278,,,0,0.330774,0.824,rolling,0
decay,1,reverse,closed_loop,17.0596,1593.784,1285,-0.140278,,,0,0.330774,0.803,rolling,0
decay,1,reverse,closed_loop,17.0689,1594.272,1286,-0.123183,-0.0072111,-0.0002919,1,0.337985,0.803,rolling,0
decay,1,reverse,closed_loop,17.0796,1594.272,1286,-0.123183,,,0,0.337985,0.803,rolling,0
decay,1,reverse,closed_loop,17.1012,1594.272,1286,-0.123183,,,0,0.337985,0.803,rolling,0
decay,1,reverse,closed_loop,17.1228,1594.272,1286,-0.123183,,,0,0.337985,0.803,rolling,0
decay,1,reverse,closed_loop,17.1443,1594.272,1286,-0.123183,,,0,0.337985,0.803,rolling,0
decay,1,reverse,closed_loop,17.1659,1594.272,1286,-0.123183,,,0,0.337985,0.826,rolling,0
decay,1,reverse,closed_loop,17.1698,1594.692,1286,-0.112825,-0.0082713,0.0039293,1,0.346256,0.826,rolling,0
decay,1,reverse,closed_loop,17.1863,1594.692,1286,-0.112825,,,0,0.346256,0.826,rolling,0
decay,1,reverse,closed_loop,17.2079,1594.692,1286,-0.112825,,,0,0.346256,0.826,rolling,0
decay,1,reverse,closed_loop,17.2295,1594.692,1286,-0.112825,,,0,0.346256,0.826,rolling,0
decay,1,reverse,closed_loop,17.2510,1594.692,1286,-0.112825,,,0,0.346256,0.812,rolling,0
decay,1,reverse,closed_loop,17.2680,1594.880,1286,-0.116972,-0.0130392,-0.0006721,1,0.359295,0.812,rolling,0
decay,1,reverse,closed_loop,17.2835,1594.880,1286,-0.116972,,,0,0.359295,0.812,rolling,0
decay,1,reverse,closed_loop,17.3051,1594.880,1286,-0.116972,,,0,0.359295,0.812,rolling,0
decay,1,reverse,closed_loop,17.3267,1594.880,1286,-0.116972,,,0,0.359295,0.812,rolling,0
decay,1,reverse,closed_loop,17.3482,1594.880,1286,-0.116972,,,0,0.359295,0.817,rolling,0
decay,1,reverse,closed_loop,17.3678,1595.361,1287,-0.103713,-0.0062315,-0.0041862,1,0.365527,0.817,rolling,0
decay,1,reverse,closed_loop,17.3888,1595.361,1287,-0.103713,,,0,0.365527,0.817,rolling,0
decay,1,reverse,closed_loop,17.4105,1595.361,1287,-0.103713,,,0,0.365527,0.817,rolling,0
decay,1,reverse,closed_loop,17.4321,1595.361,1287,-0.103713,,,0,0.365527,0.817,rolling,0
decay,1,reverse,closed_loop,17.4538,1595.361,1287,-0.103713,,,0,0.365527,0.812,rolling,0
decay,1,reverse,closed_loop,17.4683,1595.361,1287,-0.103713,,,0,0.365527,0.812,rolling,0
decay,1,reverse,closed_loop,17.4902,1595.603,1287,-0.106573,-0.0117262,0.0020475,1,0.377253,0.812,rolling,0
decay,1,reverse,closed_loop,17.4943,1595.603,1287,-0.106573,,,0,0.377253,0.812,rolling,0
decay,1,reverse,closed_loop,17.5160,1595.603,1287,-0.106573,,,0,0.377253,0.812,rolling,0
decay,1,reverse,closed_loop,17.5376,1595.603,1287,-0.106573,,,0,0.377253,0.812,rolling,0
decay,1,reverse,closed_loop,17.5591,1595.603,1287,-0.106573,,,0,0.377253,0.813,rolling,0
decay,1,reverse,closed_loop,17.5692,1595.903,1287,-0.105378,-0.0101082,0.0006087,1,0.387361,0.813,rolling,0
decay,1,reverse,closed_loop,17.5819,1595.903,1287,-0.105378,,,0,0.387361,0.813,rolling,0
decay,1,reverse,closed_loop,17.6035,1595.903,1287,-0.105378,,,0,0.387361,0.813,rolling,0
decay,1,reverse,closed_loop,17.6251,1595.903,1287,-0.105378,,,0,0.387361,0.813,rolling,0
decay,1,reverse,closed_loop,17.6467,1595.903,1287,-0.105378,,,0,0.387361,0.825,rolling,0
decay,1,reverse,closed_loop,17.6696,1595.903,1287,-0.105378,,,0,0.387361,0.825,rolling,0
decay,1,reverse,closed_loop,17.6709,1596.101,1287,-0.110253,-0.0125435,-0.0035149,1,0.399905,0.825,rolling,0
decay,1,reverse,closed_loop,17.6870,1596.101,1287,-0.110253,,,0,0.399905,0.825,rolling,0
decay,1,reverse,closed_loop,17.7086,1596.101,1287,-0.110253,,,0,0.399905,0.825,rolling,0
decay,1,reverse,closed_loop,17.7302,1596.101,1287,-0.110253,,,0,0.399905,0.825,rolling,0
decay,1,reverse,closed_loop,17.7518,1596.101,1287,-0.110253,,,0,0.399905,0.819,rolling,0
decay,1,reverse,closed_loop,17.7672,1596.277,1287,-0.115733,-0.0135076,-0.0032998,1,0.413412,0.819,rolling,0
decay,1,reverse,closed_loop,17.7823,1596.277,1287,-0.115733,,,0,0.413412,0.819,rolling,0
decay,1,reverse,closed_loop,17.8039,1596.277,1287,-0.115733,,,0,0.413412,0.819,rolling,0
decay,1,reverse,closed_loop,17.8255,1596.277,1287,-0.115733,,,0,0.413412,0.819,rolling,0
decay,1,reverse,closed_loop,17.8472,1596.277,1287,-0.115733,,,0,0.413412,0.812,rolling,0
decay,1,reverse,closed_loop,17.8678,1596.323,1287,-0.126761,-0.0153800,0.0018439,1,0.428792,0.812,rolling,0
decay,1,reverse,closed_loop,17.8864,1596.323,1287,-0.126761,,,0,0.428792,0.812,rolling,0
decay,1,reverse,closed_loop,17.9080,1596.323,1287,-0.126761,,,0,0.428792,0.812,rolling,0
decay,1,reverse,closed_loop,17.9295,1596.323,1287,-0.126761,,,0,0.428792,0.812,rolling,0
decay,1,reverse,closed_loop,17.9511,1596.323,1287,-0.126761,,,0,0.428792,0.814,rolling,0
decay,1,reverse,closed_loop,17.9685,1596.321,1287,-0.139172,-0.0177939,0.0019144,1,0.446586,0.814,rolling,0
decay,1,reverse,closed_loop,17.9808,1596.321,1287,-0.139172,,,0,0.446586,0.814,rolling,0
decay,1,reverse,closed_loop,18.0024,1596.321,1287,-0.139172,,,0,0.446586,0.814,rolling,0
decay,1,reverse,closed_loop,18.0239,1596.321,1287,-0.139172,,,0,0.446586,0.814,rolling,0
decay,1,reverse,closed_loop,18.0454,1596.321,1287,-0.139172,,,0,0.446586,0.814,rolling,0
decay,1,reverse,closed_loop,18.0674,1596.321,1287,-0.139172,,,0,0.446586,0.823,rolling,0
decay,1,reverse,closed_loop,18.0700,1596.321,1287,-0.139172,,,0,0.446586,0.823,rolling,0
decay,1,reverse,closed_loop,18.0923,1596.247,1287,-0.153446,-0.0197053,-0.0022801,1,0.466292,0.823,rolling,0
decay,1,reverse,closed_loop,18.0943,1596.247,1287,-0.153446,,,0,0.466292,0.823,rolling,0
decay,1,reverse,closed_loop,18.1161,1596.247,1287,-0.153446,,,0,0.466292,0.823,rolling,0
decay,1,reverse,closed_loop,18.1376,1596.247,1287,-0.153446,,,0,0.466292,0.823,rolling,0
decay,1,reverse,closed_loop,18.1591,1596.247,1287,-0.153446,,,0,0.466292,0.817,rolling,0
decay,1,reverse,closed_loop,18.1674,1596.196,1287,-0.164067,-0.0198109,-0.0012378,1,0.486103,0.817,rolling,0
decay,1,reverse,closed_loop,18.1798,1596.196,1287,-0.164067,,,0,0.486103,0.817,rolling,0
decay,1,reverse,closed_loop,18.2014,1596.196,1287,-0.164067,,,0,0.486103,0.817,rolling,0
decay,1,reverse,closed_loop,18.2230,1596.196,1287,-0.164067,,,0,0.486103,0.817,rolling,0
decay,1,reverse,closed_loop,18.2446,1596.196,1287,-0.164067,,,0,0.486103,0.817,rolling,0
decay,1,reverse,closed_loop,18.2666,1596.196,1287,-0.164067,,,0,0.486103,0.811,rolling,0
decay,1,reverse,closed_loop,18.2693,1595.808,1287,-0.191603,-0.0267733,-0.0005062,1,0.512876,0.811,rolling,0
decay,1,reverse,closed_loop,18.2858,1595.808,1287,-0.191603,,,0,0.512876,0.811,rolling,0
decay,1,reverse,closed_loop,18.3075,1595.808,1287,-0.191603,,,0,0.512876,0.811,rolling,0
decay,1,reverse,closed_loop,18.3291,1595.808,1287,-0.191603,,,0,0.512876,0.811,rolling,0
decay,1,reverse,closed_loop,18.3507,1595.808,1287,-0.191603,,,0,0.512876,0.827,rolling,0
decay,1,reverse,closed_loop,18.3684,1595.665,1287,-0.200934,-0.0230042,0.0008758,1,0.535880,0.827,rolling,0
decay,1,reverse,closed_loop,18.3803,1595.665,1287,-0.200934,,,0,0.535880,0.827,rolling,0
decay,1,reverse,closed_loop,18.4020,1595.665,1287,-0.200934,,,0,0.535880,0.827,rolling,0
decay,1,reverse,closed_loop,18.4236,1595.665,1287,-0.200934,,,0,0.535880,0.827,rolling,0
decay,1,reverse,closed_loop,18.4452,1595.665,1287,-0.200934,,,0,0.535880,0.827,rolling,0
decay,1,reverse,closed_loop,18.4671,1595.665,1287,-0.200934,,,0,0.535880,0.794,rolling,0
decay,1,reverse,closed_loop,18.4698,1595.747,1287,-0.196250,-0.0182596,-0.0019338,1,0.554140,0.794,rolling,0
decay,1,reverse,closed_loop,18.4845,1595.747,1287,-0.196250,,,0,0.554140,0.794,rolling,0
decay,1,reverse,closed_loop,18.5061,1595.747,1287,-0.196250,,,0,0.554140,0.794,rolling,0
decay,1,reverse,closed_loop,18.5277,1595.747,1287,-0.196250,,,0,0.554140,0.794,rolling,0
decay,1,reverse,closed_loop,18.5493,1595.747,1287,-0.196250,,,0,0.554140,0.812,rolling,0
decay,1,reverse,closed_loop,18.5691,1595.961,1287,-0.184987,-0.0152519,0.0002431,1,0.569392,0.812,rolling,0
decay,1,reverse,closed_loop,18.5840,1595.961,1287,-0.184987,,,0,0.569392,0.812,rolling,0
decay,1,reverse,closed_loop,18.6056,1595.961,1287,-0.184987,,,0,0.569392,0.812,rolling,0
decay,1,reverse,closed_loop,18.6273,1595.961,1287,-0.184987,,,0,0.569392,0.812,rolling,0
decay,1,reverse,closed_loop,18.6488,1595.961,1287,-0.184987,,,0,0.569392,0.831,rolling,0
decay,1,reverse,closed_loop,18.6677,1595.866,1287,-0.192791,-0.0217003,-0.0003200,1,0.591092,0.831,rolling,0
decay,1,reverse,closed_loop,18.6802,1595.866,1287,-0.192791,,,0,0.591092,0.831,rolling,0
decay,1,reverse,closed_loop,18.7018,1595.866,1287,-0.192791,,,0,0.591092,0.831,rolling,0
decay,1,reverse,closed_loop,18.7233,1595.866,1287,-0.192791,,,0,0.591092,0.831,rolling,0
decay,1,reverse,closed_loop,18.7448,1595.866,1287,-0.192791,,,0,0.591092,0.831,rolling,0
decay,1,reverse,closed_loop,18.7666,1595.866,1287,-0.192791,,,0,0.591092,0.853,rolling,0
decay,1,reverse,closed_loop,18.7693,1595.757,1287,-0.200055,-0.0217344,-0.0004902,1,0.612826,0.853,rolling,0
decay,1,reverse,closed_loop,18.7785,1595.757,1287,-0.200055,,,0,0.612826,0.853,rolling,0
decay,1,reverse,closed_loop,18.8002,1595.757,1287,-0.200055,,,0,0.612826,0.853,rolling,0
decay,1,reverse,closed_loop,18.8217,1595.757,1287,-0.200055,,,0,0.612826,0.853,rolling,0
decay,1,reverse,closed_loop,18.8433,1595.757,1287,-0.200055,,,0,0.612826,0.853,rolling,0
decay,1,reverse,closed_loop,18.8650,1595.757,1287,-0.200055,,,0,0.612826,0.871,rolling,0
decay,1,reverse,closed_loop,18.8682,1595.568,1287,-0.210501,-0.0243098,-0.0002834,1,0.637136,0.871,rolling,0
decay,1,reverse,closed_loop,18.8837,1595.568,1287,-0.210501,,,0,0.637136,0.871,rolling,0
decay,1,reverse,closed_loop,18.9053,1595.568,1287,-0.210501,,,0,0.637136,0.871,rolling,0
decay,1,reverse,closed_loop,18.9269,1595.568,1287,-0.210501,,,0,0.637136,0.871,rolling,0
decay,1,reverse,closed_loop,18.9484,1595.568,1287,-0.210501,,,0,0.637136,0.887,rolling,0
decay,1,reverse,closed_loop,18.9692,1595.655,1287,-0.203948,-0.0185497,0.0020105,1,0.655686,0.887,rolling,0
decay,1,reverse,closed_loop,18.9854,1595.655,1287,-0.203948,,,0,0.655686,0.887,rolling,0
decay,1,reverse,closed_loop,19.0072,1595.655,1287,-0.203948,,,0,0.655686,0.887,rolling,0
decay,1,reverse,closed_loop,19.0289,1595.655,1287,-0.203948,,,0,0.655686,0.887,rolling,0
decay,1,reverse,closed_loop,19.0506,1595.655,1287,-0.203948,,,0,0.655686,0.901,rolling,0
decay,1,reverse,closed_loop,19.0674,1595.700,1287,-0.200776,-0.0191993,0.0007987,1,0.674885,0.901,rolling,0
decay,1,reverse,closed_loop,19.0838,1595.700,1287,-0.200776,,,0,0.674885,0.901,rolling,0
decay,1,reverse,closed_loop,19.1055,1595.700,1287,-0.200776,,,0,0.674885,0.901,rolling,0
decay,1,reverse,closed_loop,19.1271,1595.700,1287,-0.200776,,,0,0.674885,0.901,rolling,0
decay,1,reverse,closed_loop,19.1487,1595.700,1287,-0.200776,,,0,0.674885,0.919,rolling,0
decay,1,reverse,closed_loop,19.1674,1595.698,1287,-0.200773,-0.0197617,-0.0013403,1,0.694647,0.919,rolling,0
decay,1,reverse,closed_loop,19.1784,1595.698,1287,-0.200773,,,0,0.694647,0.919,rolling,0
decay,1,reverse,closed_loop,19.2001,1595.698,1287,-0.200773,,,0,0.694647,0.919,rolling,0
decay,1,reverse,closed_loop,19.2216,1595.698,1287,-0.200773,,,0,0.694647,0.919,rolling,0
decay,1,reverse,closed_loop,19.2431,1595.698,1287,-0.200773,,,0,0.694647,0.919,rolling,0
decay,1,reverse,closed_loop,19.2647,1595.698,1287,-0.200773,,,0,0.694647,0.930,rolling,0
decay,1,reverse,closed_loop,19.2678,1595.971,1287,-0.185496,-0.0141051,0.0000360,1,0.708752,0.930,rolling,0
decay,1,reverse,closed_loop,19.2852,1595.971,1287,-0.185496,,,0,0.708752,0.930,rolling,0
decay,1,reverse,closed_loop,19.3069,1595.971,1287,-0.185496,,,0,0.708752,0.930,rolling,0
decay,1,reverse,closed_loop,19.3285,1595.971,1287,-0.185496,,,0,0.708752,0.930,rolling,0
decay,1,reverse,closed_loop,19.3501,1595.971,1287,-0.185496,,,0,0.708752,0.947,rolling,0
decay,1,reverse,closed_loop,19.3684,1596.071,1287,-0.182329,-0.0172964,-0.0003358,1,0.726048,0.947,rolling,0
decay,1,reverse,closed_loop,19.3883,1596.071,1287,-0.182329,,,0,0.726048,0.947,rolling,0
decay,1,reverse,closed_loop,19.4100,1596.071,1287,-0.182329,,,0,0.726048,0.947,rolling,0
decay,1,reverse,closed_loop,19.4316,1596.071,1287,-0.182329,,,0,0.726048,0.947,rolling,0
decay,1,reverse,closed_loop,19.4532,1596.071,1287,-0.182329,,,0,0.726048,0.961,rolling,0
decay,1,reverse,closed_loop,19.4694,1596.234,1287,-0.176238,-0.0158250,-0.0006567,1,0.741873,0.961,rolling,0
decay,1,reverse,closed_loop,19.4792,1596.234,1287,-0.176238,,,0,0.741873,0.961,rolling,0
decay,1,reverse,closed_loop,19.5009,1596.234,1287,-0.176238,,,0,0.741873,0.961,rolling,0
decay,1,reverse,closed_loop,19.5224,1596.234,1287,-0.176238,,,0,0.741873,0.961,rolling,0
decay,1,reverse,closed_loop,19.5440,1596.234,1287,-0.176238,,,0,0.741873,0.961,rolling,0
decay,1,reverse,closed_loop,19.5655,1596.234,1287,-0.176238,,,0,0.741873,0.975,rolling,0
decay,1,reverse,closed_loop,19.5692,1596.374,1287,-0.172426,-0.0161953,-0.0019091,1,0.758069,0.975,rolling,0
decay,1,reverse,closed_loop,19.5827,1596.374,1287,-0.172426,,,0,0.758069,0.975,rolling,0
decay,1,reverse,closed_loop,19.6043,1596.374,1287,-0.172426,,,0,0.758069,0.975,rolling,0
decay,1,reverse,closed_loop,19.6260,1596.374,1287,-0.172426,,,0,0.758069,0.975,rolling,0
decay,1,reverse,closed_loop,19.6475,1596.374,1287,-0.172426,,,0,0.758069,0.993,rolling,0
decay,1,reverse,closed_loop,19.6675,1596.433,1287,-0.173815,-0.0178799,-0.0013752,1,0.775949,0.993,rolling,0
decay,1,reverse,closed_loop,19.6766,1596.433,1287,-0.173815,,,0,0.775949,0.993,rolling,0
decay,1,reverse,closed_loop,19.6983,1596.433,1287,-0.173815,,,0,0.775949,0.993,rolling,0
decay,1,reverse,closed_loop,19.7199,1596.433,1287,-0.173815,,,0,0.775949,0.993,rolling,0
decay,1,reverse,closed_loop,19.7416,1596.433,1287,-0.173815,,,0,0.775949,0.993,rolling,0
decay,1,reverse,closed_loop,19.7631,1596.433,1287,-0.173815,,,0,0.775949,1.011,rolling,0
decay,1,reverse,closed_loop,19.7682,1596.410,1287,-0.179406,-0.0195120,-0.0012550,1,0.795461,1.011,rolling,0
decay,1,reverse,closed_loop,19.7818,1596.410,1287,-0.179406,,,0,0.795461,1.011,rolling,0
decay,1,reverse,closed_loop,19.8036,1596.410,1287,-0.179406,,,0,0.795461,1.011,rolling,0
decay,1,reverse,closed_loop,19.8253,1596.410,1287,-0.179406,,,0,0.795461,1.011,rolling,0
decay,1,reverse,closed_loop,19.8471,1596.410,1287,-0.179406,,,0,0.795461,1.035,rolling,0
decay,1,reverse,decay,19.8688,1596.251,1287,-0.191676,-0.0226964,0.0002685,1,0.818157,1.035,rolling,0
decay,1,reverse,decay,19.8867,1596.251,1287,-0.191676,,,0,0.818157,1.035,rolling,0
decay,1,reverse,decay,19.9083,1596.251,1287,-0.191676,,,0,0.818157,1.035,rolling,0
decay,1,reverse,decay,19.9300,1596.251,1287,-0.191676,,,0,0.818157,1.035,rolling,0
decay,1,reverse,decay,19.9515,1596.251,1287,-0.191676,,,0,0.818157,1.051,rolling,0
decay,1,reverse,decay,19.9693,1596.251,1287,-0.194023,-0.0202363,0.0000203,1,0.838393,1.051,rolling,0
decay,1,reverse,decay,19.9801,1596.251,1287,-0.194023,,,0,0.838393,1.051,rolling,0
decay,1,reverse,decay,20.0017,1596.251,1287,-0.194023,,,0,0.838393,1.051,rolling,0
decay,1,reverse,decay,20.0232,1596.251,1287,-0.194023,,,0,0.838393,1.051,rolling,0
decay,1,reverse,decay,20.0448,1596.251,1287,-0.194023,,,0,0.838393,1.069,rolling,0
decay,1,reverse,decay,20.0671,1596.251,1287,-0.192007,-0.0186094,0.0005524,1,0.857003,1.069,rolling,0
decay,1,reverse,decay,20.0827,1596.251,1287,-0.192007,,,0,0.857003,1.069,rolling,0
decay,1,reverse,decay,20.1043,1596.251,1287,-0.192007,,,0,0.857003,1.069,rolling,0
decay,1,reverse,decay,20.1258,1596.251,1287,-0.192007,,,0,0.857003,1.069,rolling,0
decay,1,reverse,decay,20.1473,1596.251,1287,-0.192007,,,0,0.857003,1.088,rolling,0
decay,1,reverse,decay,20.1679,1596.251,1287,-0.195158,-0.0201240,-0.0009578,1,0.877127,1.088,rolling,0
decay,1,reverse,decay,20.1827,1596.251,1287,-0.195158,,,0,0.877127,1.088,rolling,0
decay,1,reverse,decay,20.2043,1596.251,1287,-0.195158,,,0,0.877127,1.088,rolling,0
decay,1,reverse,decay,20.2259,1596.251,1287,-0.195158,,,0,0.877127,1.088,rolling,0
decay,1,reverse,decay,20.2475,1596.251,1287,-0.195158,,,0,0.877127,1.106,rolling,0
decay,1,reverse,decay,20.2681,1596.251,1287,-0.197398,-0.0205483,0.0007068,1,0.897675,1.106,rolling,0
decay,1,reverse,decay,20.2792,1596.251,1287,-0.197398,,,0,0.897675,1.106,rolling,0
decay,1,reverse,decay,20.3008,1596.251,1287,-0.197398,,,0,0.897675,1.106,rolling,0
decay,1,reverse,decay,20.3224,1596.251,1287,-0.197398,,,0,0.897675,1.106,rolling,0
decay,1,reverse,decay,20.3440,1596.251,1287,-0.197398,,,0,0.897675,1.106,rolling,0
decay,1,reverse,decay,20.3655,1596.251,1287,-0.197398,,,0,0.897675,1.121,rolling,0
decay,1,reverse,decay,20.3684,1596.251,1287,-0.192364,-0.0177768,0.0004150,1,0.915452,1.121,rolling,0
decay,1,reverse,decay,20.3829,1596.251,1287,-0.192364,,,0,0.915452,1.121,rolling,0
decay,1,reverse,decay,20.4047,1596.251,1287,-0.192364,,,0,0.915452,1.121,rolling,0
decay,1,reverse,decay,20.4263,1596.251,1287,-0.192364,,,0,0.915452,1.121,rolling,0
decay,1,reverse,decay,20.4480,1596.251,1287,-0.192364,,,0,0.915452,1.133,rolling,0
decay,1,reverse,decay,20.4696,1596.251,1287,-0.192164,-0.0192258,-0.0021074,1,0.934678,1.133,rolling,0
decay,1,reverse,decay,20.4873,1596.251,1287,-0.192164,,,0,0.934678,1.133,rolling,0
decay,1,reverse,decay,20.5090,1596.251,1287,-0.192164,,,0,0.934678,1.133,rolling,0
decay,1,reverse,decay,20.5306,1596.251,1287,-0.192164,,,0,0.934678,1.133,rolling,0
decay,1,reverse,decay,20.5521,1596.251,1287,-0.192164,,,0,0.934678,1.151,rolling,0
decay,1,reverse,decay,20.5673,1596.251,1287,-0.189865,-0.0184351,-0.0004925,1,0.953113,1.151,rolling,0
decay,1,reverse,decay,20.5797,1596.251,1287,-0.189865,,,0,0.953113,1.151,rolling,0
decay,1,reverse,decay,20.6013,1596.251,1287,-0.189865,,,0,0.953113,1.151,rolling,0
decay,1,reverse,decay,20.6229,1596.251,1287,-0.189865,,,0,0.953113,1.151,rolling,0
decay,1,reverse,decay,20.6445,1596.251,1287,-0.189865,,,0,0.953113,1.151,rolling,0
decay,1,reverse,decay,20.6662,1596.251,1287,-0.189865,,,0,0.953113,1.171,rolling,0
decay,1,reverse,decay,20.6688,1595.011,1286,-0.196082,-0.0210308,0.0000255,1,0.974144,1.171,rolling,0
decay,1,reverse,decay,20.6839,1595.011,1286,-0.196082,,,0,0.974144,1.171,rolling,0
decay,1,reverse,decay,20.7056,1595.011,1286,-0.196082,,,0,0.974144,1.171,rolling,0
decay,1,reverse,decay,20.7272,1595.011,1286,-0.196082,,,0,0.974144,1.171,rolling,0
decay,1,reverse,decay,20.7487,1595.011,1286,-0.196082,,,0,0.974144,1.189,rolling,0
decay,1,reverse,decay,20.7683,1595.011,1286,-0.199899,-0.0211738,-0.0004141,1,0.995317,1.189,rolling,0
decay,1,reverse,decay,20.7825,1595.011,1286,-0.199899,,,0,0.995317,1.189,rolling,0
decay,1,reverse,decay,20.8041,1595.011,1286,-0.199899,,,0,0.995317,1.189,rolling,0
decay,1,reverse,decay,20.8256,1595.011,1286,-0.199899,,,0,0.995317,1.189,rolling,0
decay,1,reverse,decay,20.8472,1595.011,1286,-0.199899,,,0,0.995317,1.206,rolling,0
decay,1,reverse,decay,20.8683,1595.011,1286,-0.195213,-0.0184101,-0.0002157,1,1.013728,1.206,rolling,0
decay,1,reverse,decay,20.8808,1595.011,1286,-0.195213,,,0,1.013728,1.206,rolling,0
decay,1,reverse,decay,20.9024,1595.011,1286,-0.195213,,,0,1.013728,1.206,rolling,0
decay,1,reverse,decay,20.9239,1595.011,1286,-0.195213,,,0,1.013728,1.206,rolling,0
decay,1,reverse,decay,20.9455,1595.011,1286,-0.195213,,,0,1.013728,1.206,rolling,0
decay,1,reverse,decay,20.9673,1595.011,1286,-0.195213,,,0,1.013728,1.215,rolling,0
decay,1,reverse,decay,20.9699,1595.011,1286,-0.181727,-0.0140907,0.0025596,1,1.027818,1.215,rolling,0
decay,1,reverse,decay,20.9866,1595.011,1286,-0.181727,,,0,1.027818,1.215,rolling,0
decay,1,reverse,decay,21.0082,1595.011,1286,-0.181727,,,0,1.027818,1.215,rolling,0
decay,1,reverse,decay,21.0298,1595.011,1286,-0.181727,,,0,1.027818,1.215,rolling,0
decay,1,reverse,decay,21.0514,1595.011,1286,-0.181727,,,0,1.027818,1.227,rolling,0
decay,1,reverse,decay,21.0699,1595.011,1286,-0.179438,-0.0173708,-0.0007577,1,1.045189,1.227,rolling,0
decay,1,reverse,decay,21.0846,1595.011,1286,-0.179438,,,0,1.045189,1.227,rolling,0
decay,1,reverse,decay,21.1064,1595.011,1286,-0.179438,,,0,1.045189,1.227,rolling,0
decay,1,reverse,decay,21.1281,1595.011,1286,-0.179438,,,0,1.045189,1.227,rolling,0
decay,1,reverse,decay,21.1498,1595.011,1286,-0.179438,,,0,1.045189,1.238,rolling,0
decay,1,reverse,decay,21.1672,1595.011,1286,-0.167146,-0.0130935,0.0002611,1,1.058282,1.238,rolling,0
decay,1,reverse,decay,21.1829,1595.011,1286,-0.167146,,,0,1.058282,1.238,rolling,0
decay,1,reverse,decay,21.2047,1595.011,1286,-0.167146,,,0,1.058282,1.238,rolling,0
decay,1,reverse,decay,21.2263,1595.011,1286,-0.167146,,,0,1.058282,1.238,rolling,0
decay,1,reverse,decay,21.2479,1595.011,1286,-0.167146,,,0,1.058282,1.248,rolling,0
decay,1,reverse,decay,21.2687,1595.011,1286,-0.150932,-0.0099686,-0.0013830,1,1.068251,1.248,rolling,0
decay,1,reverse,decay,21.2781,1595.011,1286,-0.150932,,,0,1.068251,1.248,rolling,0
decay,1,reverse,decay,21.2998,1595.011,1286,-0.150932,,,0,1.068251,1.248,rolling,0
decay,1,reverse,decay,21.3214,1595.011,1286,-0.150932,,,0,1.068251,1.248,rolling,0
decay,1,reverse,decay,21.3430,1595.011,1286,-0.150932,,,0,1.068251,1.248,rolling,0
decay,1,reverse,decay,21.3645,1595.011,1286,-0.150932,,,0,1.068251,1.254,rolling,0
decay,1,reverse,decay,21.3694,1595.011,1286,-0.125000,-0.0047683,-0.0002927,1,1.073019,1.254,rolling,0
decay,1,reverse,decay,21.3811,1595.011,1286,-0.125000,,,0,1.073019,1.254,rolling,0
decay,1,reverse,decay,21.4028,1595.011,1286,-0.125000,,,0,1.073019,1.254,rolling,0
decay,1,reverse,decay,21.4244,1595.011,1286,-0.125000,,,0,1.073019,1.254,rolling,0
decay,1,reverse,decay,21.4460,1595.011,1286,-0.125000,,,0,1.073019,1.254,rolling,0
decay,1,reverse,decay,21.4680,1595.011,1286,-0.125000,,,0,1.073019,1.261,rolling,0
decay,1,reverse,decay,21.4705,1593.771,1285,-0.116443,-0.0091483,-0.0001253,1,1.082168,1.261,rolling,0
decay,1,reverse,decay,21.4845,1593.771,1285,-0.116443,,,0,1.082168,1.261,rolling,0
decay,1,reverse,decay,21.5062,1593.771,1285,-0.116443,,,0,1.082168,1.261,rolling,0
decay,1,reverse,decay,21.5278,1593.771,1285,-0.116443,,,0,1.082168,1.261,rolling,0
decay,1,reverse,decay,21.5493,1593.771,1285,-0.116443,,,0,1.082168,1.270,rolling,0
decay,1,reverse,decay,21.5702,1593.771,1285,-0.109922,-0.0090792,-0.0003956,1,1.091247,1.270,rolling,0
decay,1,reverse,decay,21.5840,1593.771,1285,-0.109922,,,0,1.091247,1.270,rolling,0
decay,1,reverse,decay,21.6057,1593.771,1285,-0.109922,,,0,1.091247,1.270,rolling,0
decay,1,reverse,decay,21.6273,1593.771,1285,-0.109922,,,0,1.091247,1.270,rolling,0
decay,1,reverse,decay,21.6489,1593.771,1285,-0.109922,,,0,1.091247,1.278,rolling,0
decay,1,reverse,decay,21.6676,1593.771,1285,-0.096140,-0.0055705,-0.0005061,1,1.096817,1.278,rolling,0
decay,1,reverse,decay,21.6847,1593.771,1285,-0.096140,,,0,1.096817,1.278,rolling,0
decay,1,reverse,decay,21.7063,1593.771,1285,-0.096140,,,0,1.096817,1.278,rolling,0
decay,1,reverse,decay,21.7279,1593.771,1285,-0.096140,,,0,1.096817,1.278,rolling,0
decay,1,reverse,decay,21.7495,1593.771,1285,-0.096140,,,0,1.096817,1.285,rolling,0
decay,1,reverse,decay,21.7681,1593.771,1285,-0.107756,-0.0137127,-0.0006219,1,1.110530,1.285,rolling,0
decay,1,reverse,decay,21.7883,1593.771,1285,-0.107756,,,0,1.110530,1.285,rolling,0
decay,1,reverse,decay,21.8100,1593.771,1285,-0.107756,,,0,1.110530,1.285,rolling,0
decay,1,reverse,decay,21.8316,1593.771,1285,-0.107756,,,0,1.110530,1.285,rolling,0
decay,1,reverse,decay,21.8533,1593.771,1285,-0.107756,,,0,1.110530,1.294,rolling,0
decay,1,reverse,decay,21.8687,1593.771,1285,-0.100827,-0.0080501,0.0006040,1,1.118580,1.294,rolling,0
decay,1,reverse,decay,21.8835,1593.771,1285,-0.100827,,,0,1.118580,1.294,rolling,0
decay,1,reverse,decay,21.9051,1593.771,1285,-0.100827,,,0,1.118580,1.294,rolling,0
decay,1,reverse,decay,21.9267,1593.771,1285,-0.100827,,,0,1.118580,1.294,rolling,0
decay,1,reverse,decay,21.9482,1593.771,1285,-0.100827,,,0,1.118580,1.304,rolling,0
decay,1,reverse,decay,21.9699,1593.771,1285,-0.096187,-0.0083221,0.0006525,1,1.126902,1.304,rolling,0
decay,1,reverse,decay,21.9786,1593.771,1285,-0.096187,,,0,1.126902,1.304,rolling,0
decay,1,reverse,decay,22.0003,1593.771,1285,-0.096187,,,0,1.126902,1.304,rolling,0
decay,1,reverse,decay,22.0218,1593.771,1285,-0.096187,,,0,1.126902,1.304,rolling,0
decay,1,reverse,decay,22.0434,1593.771,1285,-0.096187,,,0,1.126902,1.304,rolling,0
decay,1,reverse,decay,22.0650,1593.771,1285,-0.096187,,,0,1.126902,1.314,rolling,0
decay,1,reverse,decay,22.0700,1593.771,1285,-0.100258,-0.0112483,-0.0017065,1,1.138151,1.314,rolling,0
decay,1,reverse,decay,22.0874,1593.771,1285,-0.100258,,,0,1.138151,1.314,rolling,0
decay,1,reverse,decay,22.1091,1593.771,1285,-0.100258,,,0,1.138151,1.314,rolling,0
decay,1,reverse,decay,22.1306,1593.771,1285,-0.100258,,,0,1.138151,1.314,rolling,0
decay,1,reverse,decay,22.1521,1593.771,1285,-0.100258,,,0,1.138151,1.326,rolling,0
decay,1,reverse,decay,22.1683,1593.771,1285,-0.104070,-0.0116198,-0.0008120,1,1.149770,1.326,rolling,0
decay,1,reverse,decay,22.1801,1593.771,1285,-0.104070,,,0,1.149770,1.326,rolling,0
decay,1,reverse,decay,22.2017,1593.771,1285,-0.104070,,,0,1.149770,1.326,rolling,0
decay,1,reverse,decay,22.2232,1593.771,1285,-0.104070,,,0,1.149770,1.326,rolling,0
decay,1,reverse,decay,22.2448,1593.771,1285,-0.104070,,,0,1.149770,1.326,rolling,0
decay,1,reverse,decay,22.2666,1593.771,1285,-0.104070,,,0,1.149770,1.337,rolling,0
decay,1,reverse,decay,22.2691,1593.771,1285,-0.106273,-0.0110803,0.0003686,1,1.160851,1.337,rolling,0
decay,1,reverse,decay,22.2847,1592.531,1284,-0.106273,,,0,1.160851,1.337,rolling,0
decay,1,reverse,decay,22.3063,1592.531,1284,-0.106273,,,0,1.160851,1.337,rolling,0
decay,1,reverse,decay,22.3279,1592.531,1284,-0.106273,,,0,1.160851,1.337,rolling,0
decay,1,reverse,decay,22.3494,1592.531,1284,-0.106273,,,0,1.160851,1.349,rolling,0
decay,1,reverse,decay,22.3695,1592.531,1284,-0.111099,-0.0126068,-0.0001766,1,1.173457,1.349,rolling,0
decay,1,reverse,decay,22.3799,1592.531,1284,-0.111099,,,0,1.173457,1.349,rolling,0
decay,1,reverse,decay,22.4015,1592.531,1284,-0.111099,,,0,1.173457,1.349,rolling,0
decay,1,reverse,decay,22.4231,1592.531,1284,-0.111099,,,0,1.173457,1.349,rolling,0
decay,1,reverse,decay,22.4447,1592.531,1284,-0.111099,,,0,1.173457,1.353,rolling,0
decay,1,reverse,decay,22.4670,1592.531,1284,-0.107994,-0.0099075,-0.0015244,1,1.183365,1.353,rolling,0
decay,1,reverse,decay,22.4846,1592.531,1284,-0.107994,,,0,1.183365,1.353,rolling,0
decay,1,reverse,decay,22.5063,1592.531,1284,-0.107994,,,0,1.183365,1.353,rolling,0
decay,1,reverse,decay,22.5279,1592.531,1284,-0.107994,,,0,1.183365,1.353,rolling,0
decay,1,reverse,decay,22.5495,1592.531,1284,-0.107994,,,0,1.183365,1.357,rolling,0
decay,1,reverse,decay,22.5675,1592.531,1284,-0.107994,,,0,1.183365,1.357,rolling,0
decay,1,reverse,decay,22.5891,1592.531,1284,-0.090539,-0.0037434,-0.0002867,1,1.187108,1.357,rolling,0
decay,1,reverse,decay,22.5935,1592.531,1284,-0.090539,,,0,1.187108,1.357,rolling,0
decay,1,reverse,decay,22.6151,1592.531,1284,-0.090539,,,0,1.187108,1.357,rolling,0
decay,1,reverse,decay,22.6367,1592.531,1284,-0.090539,,,0,1.187108,1.357,rolling,0
decay,1,reverse,decay,22.6584,1592.531,1284,-0.090539,,,0,1.187108,1.357,rolling,0
decay,1,reverse,decay,22.6656,1592.531,1284,-0.072873,-0.0020023,-0.0005390,1,1.189111,1.357,rolling,0
decay,1,reverse,decay,22.6768,1592.531,1284,-0.072873,,,0,1.189111,1.357,rolling,0
decay,1,reverse,decay,22.6985,1592.531,1284,-0.072873,,,0,1.189111,1.357,rolling,0
decay,1,reverse,decay,22.7201,1592.531,1284,-0.072873,,,0,1.189111,1.357,rolling,0
decay,1,reverse,decay,22.7417,1592.531,1284,-0.072873,,,0,1.189111,1.357,rolling,0
decay,1,reverse,decay,22.7632,1592.531,1284,-0.072873,,,0,1.189111,1.357,rolling,0
decay,1,reverse,decay,22.7663,1592.531,1284,-0.055448,-0.0003104,0.0004970,1,1.189421,1.357,rolling,0
decay,1,reverse,decay,22.7824,1592.531,1284,-0.055448,,,0,1.189421,1.357,rolling,0
decay,1,reverse,decay,22.8041,1592.531,1284,-0.055448,,,0,1.189421,1.357,rolling,0
decay,1,reverse,decay,22.8257,1592.531,1284,-0.055448,,,0,1.189421,1.357,rolling,0
decay,1,reverse,decay,22.8473,1592.531,1284,-0.055448,,,0,1.189421,1.356,rolling,0
decay,1,reverse,decay,22.8645,1592.531,1284,-0.041001,0.0002357,-0.0000641,1,1.189657,1.356,rolling,0
decay,1,reverse,decay,22.8729,1592.531,1284,-0.041001,,,0,1.189657,1.356,rolling,0
decay,1,reverse,decay,22.8946,1592.531,1284,-0.041001,,,0,1.189657,1.356,rolling,0
decay,1,reverse,decay,22.9162,1592.531,1284,-0.041001,,,0,1.189657,1.356,rolling,0
decay,1,reverse,decay,22.9377,1592.531,1284,-0.041001,,,0,1.189657,1.356,rolling,0
decay,1,reverse,decay,22.9594,1592.531,1284,-0.041001,,,0,1.189657,1.357,rolling,0
decay,1,reverse,decay,22.9648,1592.531,1284,-0.032935,-0.0008584,-0.0004912,1,1.190515,1.357,rolling,0
decay,1,reverse,decay,22.9781,1592.531,1284,-0.032935,,,0,1.190515,1.357,rolling,0
decay,1,reverse,decay,22.9998,1592.531,1284,-0.032935,,,0,1.190515,1.357,rolling,0
decay,1,reverse,decay,23.0213,1592.531,1284,-0.032935,,,0,1.190515,1.357,rolling,0
decay,1,reverse,decay,23.0429,1592.531,1284,-0.032935,,,0,1.190515,1.358,rolling,0
crawl,1,forward,closed_loop,23.1776,1414.739,1141,-0.015886,,,0,0.000000,1.518,startup,0
crawl,1,forward,closed_loop,23.1993,1414.739,1141,-0.015886,,,0,0.000000,1.518,startup,0
crawl,1,forward,closed_loop,23.2212,1414.739,1141,-0.015886,,,0,0.000000,1.518,startup,0
crawl,1,forward,closed_loop,23.2429,1414.739,1141,-0.015886,,,0,0.000000,1.517,startup,0
crawl,1,forward,closed_loop,23.2637,1413.499,1140,-0.014526,-0.0010227,0.0004014,1,0.001023,1.517,startup,0
crawl,1,forward,closed_loop,23.2788,1413.499,1140,-0.014526,,,0,0.001023,1.517,startup,0
crawl,1,forward,closed_loop,23.3005,1413.499,1140,-0.014526,,,0,0.001023,1.517,startup,0
crawl,1,forward,closed_loop,23.3220,1413.499,1140,-0.014526,,,0,0.001023,1.517,startup,0
crawl,1,forward,closed_loop,23.3436,1413.499,1140,-0.014526,,,0,0.001023,1.517,startup,0
crawl,1,forward,closed_loop,23.3645,1412.259,1139,-0.008518,0.0009651,-0.0006640,1,0.001988,1.517,startup,0
crawl,1,forward,closed_loop,23.3726,1412.259,1139,-0.008518,,,0,0.001988,1.517,startup,0
crawl,1,forward,closed_loop,23.3943,1412.259,1139,-0.008518,,,0,0.001988,1.517,startup,0
crawl,1,forward,closed_loop,23.4158,1412.259,1139,-0.008518,,,0,0.001988,1.517,startup,0
crawl,1,forward,closed_loop,23.4374,1412.259,1139,-0.008518,,,0,0.001988,1.517,startup,0
crawl,1,forward,closed_loop,23.4591,1412.259,1139,-0.008518,,,0,0.001988,1.522,startup,0
crawl,1,forward,closed_loop,23.4645,1411.019,1138,0.008604,0.0059732,0.0004314,1,0.007961,1.522,startup,0
crawl,1,forward,closed_loop,23.4790,1411.019,1138,0.008604,,,0,0.007961,1.522,startup,0
crawl,1,forward,closed_loop,23.5007,1411.019,1138,0.008604,,,0,0.007961,1.522,startup,0
crawl,1,forward,closed_loop,23.5222,1411.019,1138,0.008604,,,0,0.007961,1.522,startup,0
crawl,1,forward,closed_loop,23.5438,1411.019,1138,0.008604,,,0,0.007961,1.532,startup,0
crawl,1,forward,closed_loop,23.5633,1409.779,1137,0.029240,0.0091743,-0.0003366,1,0.017135,1.532,startup,0
crawl,1,forward,closed_loop,23.5730,1409.779,1137,0.029240,,,0,0.017135,1.532,startup,0
crawl,1,forward,closed_loop,23.5946,1409.779,1137,0.029240,,,0,0.017135,1.532,startup,0
crawl,1,forward,closed_loop,23.6161,1409.779,1137,0.029240,,,0,0.017135,1.532,startup,0
crawl,1,forward,closed_loop,23.6377,1409.779,1137,0.029240,,,0,0.017135,1.532,startup,0
crawl,1,forward,closed_loop,23.6592,1409.779,1137,0.029240,,,0,0.017135,1.544,startup,0
crawl,1,forward,closed_loop,23.6630,1410.739,1138,0.053779,0.0126141,-0.0004687,1,0.029749,1.544,rolling,0
crawl,1,forward,closed_loop,23.6743,1410.739,1138,0.053779,,,0,0.029749,1.544,rolling,0
crawl,1,forward,closed_loop,23.6960,1410.739,1138,0.053779,,,0,0.029749,1.544,rolling,0
crawl,1,forward,closed_loop,23.7175,1410.739,1138,0.053779,,,0,0.029749,1.544,rolling,0
crawl,1,forward,closed_loop,23.7392,1410.739,1138,0.053779,,,0,0.029749,1.544,rolling,0
crawl,1,forward,closed_loop,23.7607,1410.739,1138,0.053779,,,0,0.029749,1.558,rolling,0
crawl,1,forward,closed_loop,23.7642,1410.344,1137,0.082857,0.0169318,0.0012386,1,0.046681,1.558,rolling,0
crawl,1,forward,closed_loop,23.7841,1410.344,1137,0.082857,,,0,0.046681,1.558,rolling,0
crawl,1,forward,closed_loop,23.8057,1410.344,1137,0.082857,,,0,0.046681,1.558,rolling,0
crawl,1,forward,closed_loop,23.8273,1410.344,1137,0.082857,,,0,0.046681,1.558,rolling,0
crawl,1,forward,closed_loop,23.8489,1410.344,1137,0.082857,,,0,0.046681,1.572,rolling,0
crawl,1,forward,closed_loop,23.8645,1411.067,1138,0.116503,0.0218682,0.0015665,1,0.068549,1.572,rolling,0
crawl,1,forward,closed_loop,23.8757,1411.067,1138,0.116503,,,0,0.068549,1.572,rolling,0
crawl,1,forward,closed_loop,23.8973,1411.067,1138,0.116503,,,0,0.068549,1.572,rolling,0
crawl,1,forward,closed_loop,23.9188,1411.067,1138,0.116503,,,0,0.068549,1.572,rolling,0
crawl,1,forward,closed_loop,23.9403,1411.067,1138,0.116503,,,0,0.068549,1.595,rolling,0
crawl,1,forward,closed_loop,23.9623,1411.788,1139,0.145699,0.0233302,0.0023817,1,0.091880,1.595,rolling,0
crawl,1,forward,closed_loop,23.9803,1411.788,1139,0.145699,,,0,0.091880,1.595,rolling,0
crawl,1,forward,closed_loop,24.0019,1411.788,1139,0.145699,,,0,0.091880,1.595,rolling,0
crawl,1,forward,closed_loop,24.0234,1411.788,1139,0.145699,,,0,0.091880,1.595,rolling,0
crawl,1,forward,closed_loop,24.0450,1411.788,1139,0.145699,,,0,0.091880,1.615,rolling,0
crawl,1,forward,closed_loop,24.0630,1412.499,1139,0.170809,0.0241396,-0.0011658,1,0.116019,1.615,rolling,0
crawl,1,forward,closed_loop,24.0823,1412.499,1139,0.170809,,,0,0.116019,1.615,rolling,0
crawl,1,forward,closed_loop,24.1040,1412.499,1139,0.170809,,,0,0.116019,1.615,rolling,0
crawl,1,forward,closed_loop,24.1256,1412.499,1139,0.170809,,,0,0.116019,1.615,rolling,0
crawl,1,forward,closed_loop,24.1472,1412.499,1139,0.170809,,,0,0.116019,1.634,rolling,0
crawl,1,forward,closed_loop,24.1640,1413.009,1140,0.183658,0.0224452,-0.0007161,1,0.138464,1.634,rolling,0
crawl,1,forward,closed_loop,24.1775,1413.009,1140,0.183658,,,0,0.138464,1.634,rolling,0
crawl,1,forward,closed_loop,24.1993,1413.009,1140,0.183658,,,0,0.138464,1.634,rolling,0
crawl,1,forward,closed_loop,24.2209,1413.009,1140,0.183658,,,0,0.138464,1.634,rolling,0
crawl,1,forward,closed_loop,24.2425,1413.009,1140,0.183658,,,0,0.138464,1.653,rolling,0
crawl,1,forward,closed_loop,24.2642,1413.414,1140,0.190303,0.0210927,0.0002452,1,0.159557,1.653,rolling,0
crawl,1,forward,closed_loop,24.2782,1413.414,1140,0.190303,,,0,0.159557,1.653,rolling,0
crawl,1,forward,closed_loop,24.2998,1413.414,1140,0.190303,,,0,0.159557,1.653,rolling,0
crawl,1,forward,closed_loop,24.3214,1413.414,1140,0.190303,,,0,0.159557,1.653,rolling,0
crawl,1,forward,closed_loop,24.3431,1413.414,1140,0.190303,,,0,0.159557,1.667,rolling,0
crawl,1,forward,closed_loop,24.3623,1413.456,1140,0.180333,0.0151038,-0.0024896,1,0.174661,1.667,rolling,0
crawl,1,forward,closed_loop,24.3774,1413.456,1140,0.180333,,,0,0.174661,1.667,rolling,0
crawl,1,forward,closed_loop,24.3989,1413.456,1140,0.180333,,,0,0.174661,1.667,rolling,0
crawl,1,forward,closed_loop,24.4204,1413.456,1140,0.180333,,,0,0.174661,1.667,rolling,0
crawl,1,forward,closed_loop,24.4420,1413.456,1140,0.180333,,,0,0.174661,1.671,rolling,0
crawl,1,forward,closed_loop,24.4623,1412.700,1139,0.137050,0.0007101,-0.0014520,1,0.175371,1.671,rolling,0
crawl,1,forward,closed_loop,24.4783,1412.700,1139,0.137050,,,0,0.175371,1.671,rolling,0
crawl,1,forward,closed_loop,24.4999,1412.700,1139,0.137050,,,0,0.175371,1.671,rolling,0
crawl,1,forward,closed_loop,24.5216,1412.700,1139,0.137050,,,0,0.175371,1.671,rolling,0
crawl,1,forward,closed_loop,24.5433,1412.700,1139,0.137050,,,0,0.175371,1.676,rolling,0
crawl,1,forward,closed_loop,24.5636,1412.399,1139,0.119101,0.0065009,0.0021774,1,0.181872,1.676,rolling,0
crawl,1,forward,closed_loop,24.5813,1412.399,1139,0.119101,,,0,0.181872,1.676,rolling,0
crawl,1,forward,closed_loop,24.6029,1412.399,1139,0.119101,,,0,0.181872,1.676,rolling,0
crawl,1,forward,closed_loop,24.6245,1412.399,1139,0.119101,,,0,0.181872,1.676,rolling,0
crawl,1,forward,closed_loop,24.6461,1412.399,1139,0.119101,,,0,0.181872,1.684,rolling,0
crawl,1,forward,closed_loop,24.6645,1412.322,1139,0.113247,0.0096459,0.0004363,1,0.191518,1.684,rolling,0
crawl,1,forward,closed_loop,24.6735,1412.322,1139,0.113247,,,0,0.191518,1.684,rolling,0
crawl,1,forward,closed_loop,24.6951,1412.322,1139,0.113247,,,0,0.191518,1.684,rolling,0
crawl,1,forward,closed_loop,24.7166,1412.322,1139,0.113247,,,0,0.191518,1.684,rolling,0
crawl,1,forward,closed_loop,24.7382,1412.322,1139,0.113247,,,0,0.191518,1.684,rolling,0
crawl,1,forward,closed_loop,24.7597,1412.322,1139,0.113247,,,0,0.191518,1.695,rolling,0
crawl,1,forward,closed_loop,24.7640,1412.345,1139,0.112518,0.0111045,-0.0000462,1,0.202622,1.695,rolling,0
crawl,1,forward,closed_loop,24.7756,1412.345,1139,0.112518,,,0,0.202622,1.695,rolling,0
crawl,1,forward,closed_loop,24.7973,1412.345,1139,0.112518,,,0,0.202622,1.695,rolling,0
crawl,1,forward,closed_loop,24.8191,1412.345,1139,0.112518,,,0,0.202622,1.695,rolling,0
crawl,1,forward,closed_loop,24.8408,1412.345,1139,0.112518,,,0,0.202622,1.695,rolling,0
crawl,1,forward,closed_loop,24.8626,1412.345,1139,0.112518,,,0,0.202622,1.701,rolling,0
crawl,1,forward,closed_loop,24.8652,1412.288,1139,0.108422,0.0096349,-0.0004625,1,0.212257,1.701,rolling,0
crawl,1,forward,closed_loop,24.8789,1412.288,1139,0.108422,,,0,0.212257,1.701,rolling,0
crawl,1,forward,closed_loop,24.9005,1412.288,1139,0.108422,,,0,0.212257,1.701,rolling,0
crawl,1,forward,closed_loop,24.9221,1412.288,1139,0.108422,,,0,0.212257,1.701,rolling,0
crawl,1,forward,closed_loop,24.9437,1412.288,1139,0.108422,,,0,0.212257,1.711,rolling,0
crawl,1,forward,closed_loop,24.9653,1412.506,1139,0.116758,0.0142869,0.0005265,1,0.226544,1.711,rolling,0
crawl,1,forward,closed_loop,24.9793,1412.506,1139,0.116758,,,0,0.226544,1.711,rolling,0
crawl,1,forward,closed_loop,25.0008,1412.506,1139,0.116758,,,0,0.226544,1.711,rolling,0
crawl,1,forward,closed_loop,25.0223,1412.506,1139,0.116758,,,0,0.226544,1.711,rolling,0
crawl,1,forward,closed_loop,25.0439,1412.506,1139,0.116758,,,0,0.226544,1.722,rolling,0
crawl,1,forward,closed_loop,25.0634,1412.462,1139,0.112664,0.0100855,0.0007132,1,0.236630,1.722,rolling,0
crawl,1,forward,closed_loop,25.0767,1412.462,1139,0.112664,,,0,0.236630,1.722,rolling,0
crawl,1,forward,closed_loop,25.0983,1412.462,1139,0.112664,,,0,0.236630,1.722,rolling,0
crawl,1,forward,closed_loop,25.1198,1412.462,1139,0.112664,,,0,0.236630,1.722,rolling,0
crawl,1,forward,closed_loop,25.1414,1412.462,1139,0.112664,,,0,0.236630,1.735,rolling,0
crawl,1,forward,closed_loop,25.1639,1412.462,1139,0.112664,,,0,0.236630,1.735,rolling,0
crawl,1,forward,closed_loop,25.1653,1412.601,1139,0.117118,0.0128449,0.0009828,1,0.249474,1.735,rolling,0
crawl,1,forward,closed_loop,25.1789,1412.601,1139,0.117118,,,0,0.249474,1.735,rolling,0
crawl,1,forward,closed_loop,25.2005,1412.601,1139,0.117118,,,0,0.249474,1.735,rolling,0
crawl,1,forward,closed_loop,25.2221,1412.601,1139,0.117118,,,0,0.249474,1.735,rolling,0
crawl,1,forward,closed_loop,25.2436,1412.601,1139,0.117118,,,0,0.249474,1.747,rolling,0
crawl,1,forward,closed_loop,25.2639,1412.601,1139,0.117118,,,0,0.249474,1.747,rolling,0
crawl,1,forward,closed_loop,25.2860,1412.771,1139,0.122263,0.0137755,-0.0026548,1,0.263250,1.747,rolling,0
crawl,1,forward,closed_loop,25.2902,1412.771,1139,0.122263,,,0,0.263250,1.747,rolling,0
crawl,1,forward,closed_loop,25.3119,1412.771,1139,0.122263,,,0,0.263250,1.747,rolling,0
crawl,1,forward,closed_loop,25.3335,1412.771,1139,0.122263,,,0,0.263250,1.747,rolling,0
crawl,1,forward,closed_loop,25.3551,1412.771,1139,0.122263,,,0,0.263250,1.763,rolling,0
crawl,1,forward,closed_loop,25.3645,1412.925,1139,0.126045,0.0137819,-0.0001657,1,0.277032,1.763,rolling,0
crawl,1,forward,closed_loop,25.3784,1412.925,1139,0.126045,,,0,0.277032,1.763,rolling,0
crawl,1,forward,closed_loop,25.4001,1412.925,1139,0.126045,,,0,0.277032,1.763,rolling,0
crawl,1,forward,closed_loop,25.4217,1412.925,1139,0.126045,,,0,0.277032,1.763,rolling,0
crawl,1,forward,closed_loop,25.4433,1412.925,1139,0.126045,,,0,0.277032,1.772,rolling,0
crawl,1,forward,closed_loop,25.4652,1413.136,1140,0.131788,0.0150222,0.0003516,1,0.292054,1.772,rolling,0
crawl,1,forward,closed_loop,25.4826,1413.136,1140,0.131788,,,0,0.292054,1.772,rolling,0
crawl,1,forward,closed_loop,25.5043,1413.136,1140,0.131788,,,0,0.292054,1.772,rolling,0
crawl,1,forward,closed_loop,25.5258,1413.136,1140,0.131788,,,0,0.292054,1.772,rolling,0
crawl,1,forward,closed_loop,25.5474,1413.136,1140,0.131788,,,0,0.292054,1.784,rolling,0
crawl,1,forward,closed_loop,25.5633,1413.235,1140,0.131861,0.0134645,0.0021600,1,0.305518,1.784,rolling,0
crawl,1,forward,closed_loop,25.5833,1413.235,1140,0.131861,,,0,0.305518,1.784,rolling,0
crawl,1,forward,closed_loop,25.6049,1413.235,1140,0.131861,,,0,0.305518,1.784,rolling,0
crawl,1,forward,closed_loop,25.6265,1413.235,1140,0.131861,,,0,0.305518,1.784,rolling,0
crawl,1,forward,closed_loop,25.6481,1413.235,1140,0.131861,,,0,0.305518,1.799,rolling,0
crawl,1,forward,closed_loop,25.6636,1413.460,1140,0.137604,0.0151288,-0.0015860,1,0.320647,1.799,rolling,0
crawl,1,forward,closed_loop,25.6806,1413.460,1140,0.137604,,,0,0.320647,1.799,rolling,0
crawl,1,forward,closed_loop,25.7022,1413.460,1140,0.137604,,,0,0.320647,1.799,rolling,0
crawl,1,forward,closed_loop,25.7237,1413.460,1140,0.137604,,,0,0.320647,1.799,rolling,0
crawl,1,forward,closed_loop,25.7454,1413.460,1140,0.137604,,,0,0.320647,1.812,rolling,0
crawl,1,forward,closed_loop,25.7645,1413.584,1140,0.138108,0.0138396,0.0009780,1,0.334487,1.812,rolling,0
crawl,1,forward,closed_loop,25.7782,1413.584,1140,0.138108,,,0,0.334487,1.812,rolling,0
crawl,1,forward,closed_loop,25.7999,1413.584,1140,0.138108,,,0,0.334487,1.812,rolling,0
crawl,1,forward,closed_loop,25.8214,1413.584,1140,0.138108,,,0,0.334487,1.812,rolling,0
crawl,1,forward,closed_loop,25.8430,1413.584,1140,0.138108,,,0,0.334487,1.821,rolling,0
crawl,1,forward,closed_loop,25.8652,1413.566,1140,0.132308,0.0116582,-0.0006283,1,0.346145,1.821,rolling,0
crawl,1,forward,closed_loop,25.8781,1413.566,1140,0.132308,,,0,0.346145,1.821,rolling,0
crawl,1,forward,closed_loop,25.8997,1413.566,1140,0.132308,,,0,0.346145,1.821,rolling,0
crawl,1,forward,closed_loop,25.9211,1413.566,1140,0.132308,,,0,0.346145,1.821,rolling,0
crawl,1,forward,closed_loop,25.9427,1413.566,1140,0.132308,,,0,0.346145,1.821,rolling,0
crawl,1,forward,closed_loop,25.9645,1413.566,1140,0.132308,,,0,0.346145,1.829,rolling,0
crawl,1,forward,closed_loop,25.9673,1413.478,1140,0.124246,0.0101475,0.0002106,1,0.356293,1.829,rolling,0
crawl,1,forward,closed_loop,25.9830,1413.478,1140,0.124246,,,0,0.356293,1.829,rolling,0
crawl,1,forward,closed_loop,26.0046,1413.478,1140,0.124246,,,0,0.356293,1.829,rolling,0
crawl,1,forward,closed_loop,26.0262,1413.478,1140,0.124246,,,0,0.356293,1.829,rolling,0
crawl,1,forward,closed_loop,26.0477,1413.478,1140,0.124246,,,0,0.356293,1.837,rolling,0
crawl,1,forward,closed_loop,26.0633,1413.140,1140,0.106354,0.0052265,-0.0020314,1,0.361519,1.837,rolling,0
crawl,1,forward,closed_loop,26.0854,1413.140,1140,0.106354,,,0,0.361519,1.837,rolling,0
crawl,1,forward,closed_loop,26.0867,1413.140,1140,0.106354,,,0,0.361519,1.837,rolling,0
crawl,1,forward,closed_loop,26.1082,1413.140,1140,0.106354,,,0,0.361519,1.837,rolling,0
crawl,1,forward,closed_loop,26.1298,1413.140,1140,0.106354,,,0,0.361519,1.837,rolling,0
crawl,1,forward,closed_loop,26.1513,1413.140,1140,0.106354,,,0,0.361519,1.849,rolling,0
crawl,1,forward,closed_loop,26.1643,1413.203,1140,0.108326,0.0111591,-0.0029979,1,0.372678,1.849,rolling,0
crawl,1,forward,closed_loop,26.1804,1413.203,1140,0.108326,,,0,0.372678,1.849,rolling,0
crawl,1,forward,closed_loop,26.2020,1413.203,1140,0.108326,,,0,0.372678,1.849,rolling,0
crawl,1,forward,closed_loop,26.2235,1413.203,1140,0.108326,,,0,0.372678,1.849,rolling,0
crawl,1,forward,closed_loop,26.2450,1413.203,1140,0.108326,,,0,0.372678,1.857,rolling,0
crawl,1,forward,closed_loop,26.2649,1413.251,1140,0.109273,0.0113574,-0.0004156,1,0.384036,1.857,rolling,0
crawl,1,forward,closed_loop,26.2774,1413.251,1140,0.109273,,,0,0.384036,1.857,rolling,0
crawl,1,forward,closed_loop,26.2990,1413.251,1140,0.109273,,,0,0.384036,1.857,rolling,0
crawl,1,forward,closed_loop,26.3205,1413.251,1140,0.109273,,,0,0.384036,1.857,rolling,0
crawl,1,forward,closed_loop,26.3421,1413.251,1140,0.109273,,,0,0.384036,1.857,rolling,0
crawl,1,forward,closed_loop,26.3638,1413.251,1140,0.109273,,,0,0.384036,1.865,rolling,0
crawl,1,forward,closed_loop,26.3663,1413.200,1140,0.105848,0.0096592,0.0012834,1,0.393695,1.865,rolling,0
crawl,1,forward,closed_loop,26.3786,1413.200,1140,0.105848,,,0,0.393695,1.865,rolling,0
crawl,1,forward,closed_loop,26.4002,1413.200,1140,0.105848,,,0,0.393695,1.865,rolling,0
crawl,1,forward,closed_loop,26.4217,1413.200,1140,0.105848,,,0,0.393695,1.865,rolling,0
crawl,1,forward,closed_loop,26.4432,1413.200,1140,0.105848,,,0,0.393695,1.875,rolling,0
crawl,1,forward,closed_loop,26.4631,1413.253,1140,0.107404,0.0111719,0.0010442,1,0.404867,1.875,rolling,0
crawl,1,forward,closed_loop,26.4792,1413.253,1140,0.107404,,,0,0.404867,1.875,rolling,0
crawl,1,forward,closed_loop,26.5008,1413.253,1140,0.107404,,,0,0.404867,1.875,rolling,0
crawl,1,forward,closed_loop,26.5223,1413.253,1140,0.107404,,,0,0.404867,1.875,rolling,0
crawl,1,forward,closed_loop,26.5440,1413.253,1140,0.107404,,,0,0.404867,1.883,rolling,0
crawl,1,forward,closed_loop,26.5634,1413.129,1140,0.101031,0.0079923,0.0001795,1,0.412859,1.883,rolling,0
crawl,1,forward,closed_loop,26.5759,1413.129,1140,0.101031,,,0,0.412859,1.883,rolling,0
crawl,1,forward,closed_loop,26.5975,1413.129,1140,0.101031,,,0,0.412859,1.883,rolling,0
crawl,1,forward,closed_loop,26.6190,1413.129,1140,0.101031,,,0,0.412859,1.883,rolling,0
crawl,1,forward,closed_loop,26.6407,1413.129,1140,0.101031,,,0,0.412859,1.883,rolling,0
crawl,1,forward,closed_loop,26.6624,1413.129,1140,0.101031,,,0,0.412859,1.892,rolling,0
crawl,1,forward,closed_loop,26.6649,1413.082,1140,0.098874,0.0093058,-0.0003374,1,0.422165,1.892,rolling,0
crawl,1,forward,closed_loop,26.6761,1413.082,1140,0.098874,,,0,0.422165,1.892,rolling,0
crawl,1,forward,closed_loop,26.6977,1413.082,1140,0.098874,,,0,0.422165,1.892,rolling,0
crawl,1,forward,closed_loop,26.7192,1413.082,1140,0.098874,,,0,0.422165,1.892,rolling,0
crawl,1,forward,closed_loop,26.7407,1413.082,1140,0.098874,,,0,0.422165,1.892,rolling,0
crawl,1,forward,closed_loop,26.7623,1413.082,1140,0.098874,,,0,0.422165,1.898,rolling,0
crawl,1,forward,closed_loop,26.7651,1413.203,1140,0.104301,0.0120878,-0.0023382,1,0.434253,1.898,rolling,0
crawl,1,forward,closed_loop,26.7817,1413.203,1140,0.104301,,,0,0.434253,1.898,rolling,0
crawl,1,forward,closed_loop,26.8034,1413.203,1140,0.104301,,,0,0.434253,1.898,rolling,0
crawl,1,forward,closed_loop,26.8249,1413.203,1140,0.104301,,,0,0.434253,1.898,rolling,0
crawl,1,forward,closed_loop,26.8465,1413.203,1140,0.104301,,,0,0.434253,1.913,rolling,0
crawl,1,forward,closed_loop,26.8653,1413.216,1140,0.104280,0.0106438,-0.0024681,1,0.444896,1.913,rolling,0
crawl,1,forward,closed_loop,26.8753,1413.216,1140,0.104280,,,0,0.444896,1.913,rolling,0
crawl,1,forward,closed_loop,26.8970,1413.216,1140,0.104280,,,0,0.444896,1.913,rolling,0
crawl,1,forward,closed_loop,26.9185,1413.216,1140,0.104280,,,0,0.444896,1.913,rolling,0
crawl,1,forward,closed_loop,26.9400,1413.216,1140,0.104280,,,0,0.444896,1.913,rolling,0
crawl,1,forward,closed_loop,26.9617,1413.216,1140,0.104280,,,0,0.444896,1.928,rolling,0
crawl,1,forward,closed_loop,26.9642,1413.279,1140,0.106482,0.0111522,0.0006216,1,0.456049,1.928,rolling,0
crawl,1,forward,closed_loop,26.9813,1413.279,1140,0.106482,,,0,0.456049,1.928,rolling,0
crawl,1,forward,closed_loop,27.0029,1413.279,1140,0.106482,,,0,0.456049,1.928,rolling,0
crawl,1,forward,closed_loop,27.0244,1413.279,1140,0.106482,,,0,0.456049,1.928,rolling,0
crawl,1,forward,closed_loop,27.0460,1413.279,1140,0.106482,,,0,0.456049,1.934,rolling,0
crawl,1,forward,closed_loop,27.0650,1413.375,1140,0.109818,0.0118396,-0.0002329,1,0.467888,1.934,rolling,0
crawl,1,forward,closed_loop,27.0725,1413.375,1140,0.109818,,,0,0.467888,1.934,rolling,0
crawl,1,forward,closed_loop,27.0941,1413.375,1140,0.109818,,,0,0.467888,1.934,rolling,0
crawl,1,forward,closed_loop,27.1157,1413.375,1140,0.109818,,,0,0.467888,1.934,rolling,0
crawl,1,forward,closed_loop,27.1373,1413.375,1140,0.109818,,,0,0.467888,1.934,rolling,0
crawl,1,forward,closed_loop,27.1588,1413.375,1140,0.109818,,,0,0.467888,1.946,rolling,0
crawl,1,forward,closed_loop,27.1642,1413.424,1140,0.110624,0.0114031,-0.0006858,1,0.479291,1.946,rolling,0
crawl,1,forward,closed_loop,27.1757,1413.424,1140,0.110624,,,0,0.479291,1.946,rolling,0
crawl,1,forward,closed_loop,27.1974,1413.424,1140,0.110624,,,0,0.479291,1.946,rolling,0
crawl,1,forward,closed_loop,27.2189,1413.424,1140,0.110624,,,0,0.479291,1.946,rolling,0
crawl,1,forward,closed_loop,27.2404,1413.424,1140,0.110624,,,0,0.479291,1.946,rolling,0
crawl,1,forward,closed_loop,27.2622,1413.424,1140,0.110624,,,0,0.479291,1.952,rolling,0
crawl,1,forward,closed_loop,27.2652,1413.422,1140,0.109168,0.0104710,0.0004697,1,0.489762,1.952,rolling,0
crawl,1,forward,closed_loop,27.2776,1413.422,1140,0.109168,,,0,0.489762,1.952,rolling,0
crawl,1,forward,closed_loop,27.2993,1413.422,1140,0.109168,,,0,0.489762,1.952,rolling,0
crawl,1,forward,closed_loop,27.3210,1413.422,1140,0.109168,,,0,0.489762,1.952,rolling,0
crawl,1,forward,closed_loop,27.3426,1413.422,1140,0.109168,,,0,0.489762,1.965,rolling,0
crawl,1,forward,closed_loop,27.3656,1413.422,1140,0.109168,,,0,0.489762,1.965,rolling,0
crawl,1,forward,closed_loop,27.3674,1413.480,1140,0.110485,0.0115391,-0.0004511,1,0.501301,1.965,rolling,0
crawl,1,forward,closed_loop,27.3727,1413.480,1140,0.110485,,,0,0.501301,1.965,rolling,0
crawl,1,forward,closed_loop,27.3945,1413.480,1140,0.110485,,,0,0.501301,1.965,rolling,0
crawl,1,forward,closed_loop,27.4162,1413.480,1140,0.110485,,,0,0.501301,1.965,rolling,0
crawl,1,forward,closed_loop,27.4378,1413.480,1140,0.110485,,,0,0.501301,1.965,rolling,0
crawl,1,forward,closed_loop,27.4594,1413.480,1140,0.110485,,,0,0.501301,1.973,rolling,0
crawl,1,forward,closed_loop,27.4657,1413.509,1140,0.110378,0.0110088,-0.0006173,1,0.512310,1.973,rolling,0
crawl,1,forward,closed_loop,27.4739,1413.509,1140,0.110378,,,0,0.512310,1.973,rolling,0
crawl,1,forward,closed_loop,27.4956,1413.509,1140,0.110378,,,0,0.512310,1.973,rolling,0
crawl,1,forward,closed_loop,27.5172,1413.509,1140,0.110378,,,0,0.512310,1.973,rolling,0
crawl,1,forward,closed_loop,27.5388,1413.509,1140,0.110378,,,0,0.512310,1.973,rolling,0
crawl,1,forward,closed_loop,27.5604,1413.509,1140,0.110378,,,0,0.512310,1.982,rolling,0
crawl,1,forward,closed_loop,27.5637,1413.238,1140,0.097256,0.0058858,0.0002841,1,0.518196,1.982,rolling,0
crawl,1,forward,closed_loop,27.5815,1413.238,1140,0.097256,,,0,0.518196,1.982,rolling,0
crawl,1,forward,closed_loop,27.6031,1413.238,1140,0.097256,,,0,0.518196,1.982,rolling,0
crawl,1,forward,closed_loop,27.6246,1413.238,1140,0.097256,,,0,0.518196,1.982,rolling,0
crawl,1,forward,closed_loop,27.6462,1413.238,1140,0.097256,,,0,0.518196,1.987,rolling,0
crawl,1,forward,closed_loop,27.6644,1412.856,1139,0.080922,0.0030934,-0.0007507,1,0.521289,1.987,rolling,0
crawl,1,forward,closed_loop,27.6780,1412.856,1139,0.080922,,,0,0.521289,1.987,rolling,0
crawl,1,forward,closed_loop,27.6996,1412.856,1139,0.080922,,,0,0.521289,1.987,rolling,0
crawl,1,forward,closed_loop,27.7211,1412.856,1139,0.080922,,,0,0.521289,1.987,rolling,0
crawl,1,forward,closed_loop,27.7427,1412.856,1139,0.080922,,,0,0.521289,1.988,rolling,0
crawl,1,forward,closed_loop,27.7622,1412.513,1139,0.068535,0.0031790,-0.0002951,1,0.524468,1.988,rolling,0
crawl,1,forward,closed_loop,27.7761,1412.513,1139,0.068535,,,0,0.524468,1.988,rolling,0
crawl,1,forward,closed_loop,27.7978,1412.513,1139,0.068535,,,0,0.524468,1.988,rolling,0
crawl,1,forward,closed_loop,27.8194,1412.513,1139,0.068535,,,0,0.524468,1.988,rolling,0
crawl,1,forward,closed_loop,27.8410,1412.513,1139,0.068535,,,0,0.524468,1.992,rolling,0
crawl,1,forward,closed_loop,27.8632,1412.141,1139,0.056333,0.0019256,0.0034819,1,0.526394,1.992,rolling,0
crawl,1,forward,closed_loop,27.8805,1412.141,1139,0.056333,,,0,0.526394,1.992,rolling,0
crawl,1,forward,closed_loop,27.9021,1412.141,1139,0.056333,,,0,0.526394,1.992,rolling,0
crawl,1,forward,closed_loop,27.9236,1412.141,1139,0.056333,,,0,0.526394,1.992,rolling,0
crawl,1,forward,closed_loop,27.9451,1412.141,1139,0.056333,,,0,0.526394,1.994,rolling,0
crawl,1,forward,closed_loop,27.9604,1412.065,1139,0.058768,0.0066367,-0.0005597,1,0.533031,1.994,rolling,0
crawl,1,forward,closed_loop,27.9781,1412.065,1139,0.058768,,,0,0.533031,1.994,rolling,0
crawl,1,forward,closed_loop,27.9997,1412.065,1139,0.058768,,,0,0.533031,1.994,rolling,0
crawl,1,forward,closed_loop,28.0213,1412.065,1139,0.058768,,,0,0.533031,1.994,rolling,0
crawl,1,forward,closed_loop,28.0428,1412.065,1139,0.058768,,,0,0.533031,2.001,rolling,0
crawl,1,forward,closed_loop,28.0613,1412.002,1139,0.061269,0.0067179,-0.0009583,1,0.539748,2.001,rolling,0
crawl,1,forward,closed_loop,28.0769,1412.002,1139,0.061269,,,0,0.539748,2.001,rolling,0
crawl,1,forward,closed_loop,28.0985,1412.002,1139,0.061269,,,0,0.539748,2.001,rolling,0
crawl,1,forward,closed_loop,28.1201,1412.002,1139,0.061269,,,0,0.539748,2.001,rolling,0
crawl,1,forward,closed_loop,28.1417,1412.002,1139,0.061269,,,0,0.539748,2.007,rolling,0
crawl,1,forward,closed_loop,28.1594,1411.730,1138,0.054569,0.0034905,-0.0018489,1,0.543239,2.007,rolling,0
crawl,1,forward,closed_loop,28.1794,1411.730,1138,0.054569,,,0,0.543239,2.007,rolling,0
crawl,1,forward,closed_loop,28.2010,1411.730,1138,0.054569,,,0,0.543239,2.007,rolling,0
crawl,1,forward,closed_loop,28.2225,1411.730,1138,0.054569,,,0,0.543239,2.007,rolling,0
crawl,1,forward,closed_loop,28.2441,1411.730,1138,0.054569,,,0,0.543239,2.019,rolling,0
crawl,1,forward,closed_loop,28.2598,1412.264,1139,0.083671,0.0165695,0.0013390,1,0.559809,2.019,rolling,0
crawl,1,forward,closed_loop,28.2814,1412.264,1139,0.083671,,,0,0.559809,2.019,rolling,0
crawl,1,forward,closed_loop,28.3030,1412.264,1139,0.083671,,,0,0.559809,2.019,rolling,0
crawl,1,forward,closed_loop,28.3246,1412.264,1139,0.083671,,,0,0.559809,2.019,rolling,0
crawl,1,forward,closed_loop,28.3462,1412.264,1139,0.083671,,,0,0.559809,1.255,rolling,0
crawl,1,forward,closed_loop,28.3602,1412.332,1139,0.088754,0.0104994,-0.0025945,1,0.570308,1.255,rolling,0
crawl,1,forward,closed_loop,28.3790,1412.332,1139,0.088754,,,0,0.570308,1.255,rolling,0
crawl,1,forward,closed_loop,28.4007,1412.332,1139,0.088754,,,0,0.570308,1.255,rolling,0
crawl,1,forward,closed_loop,28.4223,1412.332,1139,0.088754,,,0,0.570308,1.255,rolling,0
crawl,1,forward,closed_loop,28.4439,1412.332,1139,0.088754,,,0,0.570308,1.264,rolling,0
crawl,1,forward,closed_loop,28.4609,1412.432,1139,0.094581,0.0112860,-0.0015086,1,0.581594,1.264,rolling,0
crawl,1,forward,closed_loop,28.4767,1412.432,1139,0.094581,,,0,0.581594,1.264,rolling,0
crawl,1,forward,closed_loop,28.4983,1412.432,1139,0.094581,,,0,0.581594,1.264,rolling,0
crawl,1,forward,closed_loop,28.5199,1412.432,1139,0.094581,,,0,0.581594,1.264,rolling,0
crawl,1,forward,closed_loop,28.5415,1412.432,1139,0.094581,,,0,0.581594,1.267,rolling,0
crawl,1,forward,closed_loop,28.5590,1412.685,1139,0.106288,0.0143417,0.0018715,1,0.595936,1.267,rolling,0
crawl,1,forward,closed_loop,28.5791,1412.685,1139,0.106288,,,0,0.595936,1.267,rolling,0
crawl,1,forward,closed_loop,28.6007,1412.685,1139,0.106288,,,0,0.595936,1.267,rolling,0
crawl,1,forward,closed_loop,28.6223,1412.685,1139,0.106288,,,0,0.595936,1.267,rolling,0
crawl,1,forward,closed_loop,28.6439,1412.685,1139,0.106288,,,0,0.595936,1.271,rolling,0
crawl,1,forward,closed_loop,28.6593,1412.844,1139,0.112437,0.0126887,0.0013855,1,0.608624,1.271,rolling,0
crawl,1,forward,closed_loop,28.6690,1412.844,1139,0.112437,,,0,0.608624,1.271,rolling,0
crawl,1,forward,closed_loop,28.6907,1412.844,1139,0.112437,,,0,0.608624,1.271,rolling,0
crawl,1,forward,closed_loop,28.7123,1412.844,1139,0.112437,,,0,0.608624,1.271,rolling,0
crawl,1,forward,closed_loop,28.7339,1412.844,1139,0.112437,,,0,0.608624,1.271,rolling,0
crawl,1,forward,closed_loop,28.7555,1412.844,1139,0.112437,,,0,0.608624,1.279,rolling,0
crawl,1,forward,closed_loop,28.7598,1413.173,1140,0.125095,0.0163597,0.0007193,1,0.624984,1.279,rolling,0
crawl,1,forward,closed_loop,28.7775,1413.173,1140,0.125095,,,0,0.624984,1.279,rolling,0
crawl,1,forward,closed_loop,28.7993,1413.173,1140,0.125095,,,0,0.624984,1.279,rolling,0
crawl,1,forward,closed_loop,28.8209,1413.173,1140,0.125095,,,0,0.624984,1.279,rolling,0
crawl,1,forward,closed_loop,28.8425,1413.173,1140,0.125095,,,0,0.624984,1.288,rolling,0
crawl,1,forward,closed_loop,28.8608,1413.343,1140,0.129174,0.0142369,-0.0014836,1,0.639221,1.288,rolling,0
crawl,1,forward,closed_loop,28.8743,1413.343,1140,0.129174,,,0,0.639221,1.288,rolling,0
crawl,1,forward,closed_loop,28.8960,1413.343,1140,0.129174,,,0,0.639221,1.288,rolling,0
crawl,1,forward,closed_loop,28.9175,1413.343,1140,0.129174,,,0,0.639221,1.288,rolling,0
crawl,1,forward,closed_loop,28.9390,1413.343,1140,0.129174,,,0,0.639221,1.288,rolling,0
crawl,1,forward,closed_loop,28.9612,1413.531,1140,0.133534,0.0147343,-0.0009088,1,0.653955,1.288,rolling,0
crawl,1,forward,closed_loop,28.9762,1413.531,1140,0.133534,,,0,0.653955,1.288,rolling,0
crawl,1,forward,closed_loop,28.9978,1413.531,1140,0.133534,,,0,0.653955,1.288,rolling,0
crawl,1,forward,closed_loop,29.0193,1413.531,1140,0.133534,,,0,0.653955,1.288,rolling,0
crawl,1,forward,closed_loop,29.0408,1413.531,1140,0.133534,,,0,0.653955,1.294,rolling,0
crawl,1,forward,closed_loop,29.0617,1413.443,1140,0.125328,0.0101238,0.0000873,1,0.664079,1.294,rolling,0
crawl,1,forward,closed_loop,29.0794,1413.443,1140,0.125328,,,0,0.664079,1.294,rolling,0
crawl,1,forward,closed_loop,29.1011,1413.443,1140,0.125328,,,0,0.664079,1.294,rolling,0
crawl,1,forward,closed_loop,29.1226,1413.443,1140,0.125328,,,0,0.664079,1.294,rolling,0
crawl,1,forward,closed_loop,29.1441,1413.443,1140,0.125328,,,0,0.664079,1.288,rolling,0
crawl,1,forward,closed_loop,29.1617,1413.682,1140,0.132375,0.0153864,0.0004923,1,0.679465,1.288,rolling,0
crawl,1,forward,closed_loop,29.1791,1413.682,1140,0.132375,,,0,0.679465,1.288,rolling,0
crawl,1,forward,closed_loop,29.2007,1413.682,1140,0.132375,,,0,0.679465,1.288,rolling,0
crawl,1,forward,closed_loop,29.2223,1413.682,1140,0.132375,,,0,0.679465,1.288,rolling,0
crawl,1,forward,closed_loop,29.2438,1413.682,1140,0.132375,,,0,0.679465,1.287,rolling,0
crawl,1,forward,closed_loop,29.2628,1413.693,1140,0.128642,0.0118191,-0.0005178,1,0.691285,1.287,rolling,0
crawl,1,forward,closed_loop,29.2751,1413.693,1140,0.128642,,,0,0.691285,1.287,rolling,0
crawl,1,forward,closed_loop,29.2967,1413.693,1140,0.128642,,,0,0.691285,1.287,rolling,0
crawl,1,forward,closed_loop,29.3183,1413.693,1140,0.128642,,,0,0.691285,1.287,rolling,0
crawl,1,forward,closed_loop,29.3399,1413.693,1140,0.128642,,,0,0.691285,1.281,rolling,0
crawl,1,forward,closed_loop,29.3606,1413.592,1140,0.120447,0.0097019,-0.0001237,1,0.700986,1.281,rolling,0
crawl,1,forward,closed_loop,29.3787,1413.592,1140,0.120447,,,0,0.700986,1.281,rolling,0
crawl,1,forward,closed_loop,29.4003,1413.592,1140,0.120447,,,0,0.700986,1.281,rolling,0
crawl,1,forward,closed_loop,29.4218,1413.592,1140,0.120447,,,0,0.700986,1.281,rolling,0
crawl,1,forward,closed_loop,29.4435,1413.592,1140,0.120447,,,0,0.700986,1.301,rolling,0
crawl,1,forward,closed_loop,29.4610,1413.500,1140,0.113856,0.0092019,-0.0032977,1,0.710188,1.301,rolling,0
crawl,1,forward,closed_loop,29.4813,1413.500,1140,0.113856,,,0,0.710188,1.301,rolling,0
crawl,1,forward,closed_loop,29.5030,1413.500,1140,0.113856,,,0,0.710188,1.301,rolling,0
crawl,1,forward,closed_loop,29.5247,1413.500,1140,0.113856,,,0,0.710188,1.301,rolling,0
crawl,1,forward,closed_loop,29.5463,1413.500,1140,0.113856,,,0,0.710188,1.301,rolling,0
crawl,1,forward,closed_loop,29.5618,1413.642,1140,0.118202,0.0131722,0.0007317,1,0.723361,1.301,rolling,0
crawl,1,forward,closed_loop,29.5779,1413.642,1140,0.118202,,,0,0.723361,1.301,rolling,0
crawl,1,forward,closed_loop,29.5996,1413.642,1140,0.118202,,,0,0.723361,1.301,rolling,0
crawl,1,forward,closed_loop,29.6212,1413.642,1140,0.118202,,,0,0.723361,1.301,rolling,0
crawl,1,forward,closed_loop,29.6427,1413.642,1140,0.118202,,,0,0.723361,1.290,rolling,0
crawl,1,forward,closed_loop,29.6627,1413.770,1140,0.121370,0.0131552,0.0002840,1,0.736516,1.290,rolling,0
crawl,1,forward,closed_loop,29.6775,1413.770,1140,0.121370,,,0,0.736516,1.290,rolling,0
crawl,1,forward,closed_loop,29.6992,1413.770,1140,0.121370,,,0,0.736516,1.290,rolling,0
crawl,1,forward,closed_loop,29.7207,1413.770,1140,0.121370,,,0,0.736516,1.290,rolling,0
crawl,1,forward,closed_loop,29.7423,1413.770,1140,0.121370,,,0,0.736516,1.287,rolling,0
crawl,1,forward,closed_loop,29.7634,1413.784,1140,0.119187,0.0113644,0.0000436,1,0.747880,1.287,rolling,0
crawl,1,forward,closed_loop,29.7745,1413.784,1140,0.119187,,,0,0.747880,1.287,rolling,0
crawl,1,forward,closed_loop,29.7962,1413.784,1140,0.119187,,,0,0.747880,1.287,rolling,0
crawl,1,forward,closed_loop,29.8177,1413.784,1140,0.119187,,,0,0.747880,1.287,rolling,0
crawl,1,forward,closed_loop,29.8393,1413.784,1140,0.119187,,,0,0.747880,1.287,rolling,0
crawl,1,forward,closed_loop,29.8610,1413.784,1140,0.119187,,,0,0.747880,1.291,rolling,0
crawl,1,forward,closed_loop,29.8636,1413.732,1140,0.114367,0.0101120,-0.0013440,1,0.757992,1.291,rolling,0
crawl,1,forward,closed_loop,29.8777,1413.732,1140,0.114367,,,0,0.757992,1.291,rolling,0
crawl,1,forward,closed_loop,29.8994,1413.732,1140,0.114367,,,0,0.757992,1.291,rolling,0
crawl,1,forward,closed_loop,29.9209,1413.732,1140,0.114367,,,0,0.757992,1.291,rolling,0
crawl,1,forward,closed_loop,29.9424,1413.732,1140,0.114367,,,0,0.757992,1.274,rolling,0
crawl,1,forward,closed_loop,29.9616,1413.977,1140,0.123187,0.0149173,-0.0015445,1,0.772909,1.274,rolling,0
crawl,1,forward,closed_loop,29.9720,1413.977,1140,0.123187,,,0,0.772909,1.274,rolling,0
crawl,1,forward,closed_loop,29.9937,1413.977,1140,0.123187,,,0,0.772909,1.274,rolling,0
crawl,1,forward,closed_loop,30.0152,1413.977,1140,0.123187,,,0,0.772909,1.274,rolling,0
crawl,1,forward,closed_loop,30.0368,1413.977,1140,0.123187,,,0,0.772909,1.274,rolling,0
crawl,1,forward,closed_loop,30.0584,1413.977,1140,0.123187,,,0,0.772909,1.283,rolling,0
crawl,1,forward,closed_loop,30.0617,1414.284,1141,0.133582,0.0160721,-0.0003837,1,0.788981,1.283,rolling,0
crawl,1,forward,closed_loop,30.0779,1414.284,1141,0.133582,,,0,0.788981,1.283,rolling,0
crawl,1,forward,closed_loop,30.0995,1414.284,1141,0.133582,,,0,0.788981,1.283,rolling,0
crawl,1,forward,closed_loop,30.1211,1414.284,1141,0.133582,,,0,0.788981,1.283,rolling,0
crawl,1,forward,closed_loop,30.1427,1414.284,1141,0.133582,,,0,0.788981,1.291,rolling,0
crawl,1,forward,closed_loop,30.1623,1414.566,1141,0.141446,0.0165750,-0.0006432,1,0.805557,1.291,rolling,0
crawl,1,forward,closed_loop,30.1769,1414.566,1141,0.141446,,,0,0.805557,1.291,rolling,0
crawl,1,forward,closed_loop,30.1985,1414.566,1141,0.141446,,,0,0.805557,1.291,rolling,0
crawl,1,forward,closed_loop,30.2200,1414.566,1141,0.141446,,,0,0.805557,1.291,rolling,0
crawl,1,forward,closed_loop,30.2415,1414.566,1141,0.141446,,,0,0.805557,1.297,rolling,0
crawl,1,forward,closed_loop,30.2634,1414.803,1141,0.146247,0.0164070,-0.0010432,1,0.821964,1.297,rolling,0
crawl,1,forward,closed_loop,30.2763,1414.803,1141,0.146247,,,0,0.821964,1.297,rolling,0
crawl,1,forward,closed_loop,30.2979,1414.803,1141,0.146247,,,0,0.821964,1.297,rolling,0
crawl,1,forward,closed_loop,30.3194,1414.803,1141,0.146247,,,0,0.821964,1.297,rolling,0
crawl,1,forward,closed_loop,30.3410,1414.803,1141,0.146247,,,0,0.821964,1.309,rolling,0
crawl,1,forward,closed_loop,30.3632,1414.817,1141,0.140855,0.0123368,0.0004703,1,0.834300,1.309,rolling,0
crawl,1,forward,closed_loop,30.3770,1414.817,1141,0.140855,,,0,0.834300,1.309,rolling,0
crawl,1,forward,closed_loop,30.3986,1414.817,1141,0.140855,,,0,0.834300,1.309,rolling,0
crawl,1,forward,closed_loop,30.4202,1414.817,1141,0.140855,,,0,0.834300,1.309,rolling,0
crawl,1,forward,closed_loop,30.4418,1414.817,1141,0.140855,,,0,0.834300,1.316,rolling,0
crawl,1,forward,closed_loop,30.4620,1414.699,1141,0.130366,0.0099378,0.0005869,1,0.844238,1.316,rolling,0
crawl,1,forward,closed_loop,30.4727,1414.699,1141,0.130366,,,0,0.844238,1.316,rolling,0
crawl,1,forward,closed_loop,30.4943,1414.699,1141,0.130366,,,0,0.844238,1.316,rolling,0
crawl,1,forward,closed_loop,30.5159,1414.699,1141,0.130366,,,0,0.844238,1.316,rolling,0
crawl,1,forward,closed_loop,30.5374,1414.699,1141,0.130366,,,0,0.844238,1.316,rolling,0
crawl,1,forward,closed_loop,30.5591,1414.699,1141,0.130366,,,0,0.844238,1.325,rolling,0
crawl,1,forward,closed_loop,30.5618,1414.715,1141,0.127171,0.0116046,-0.0003997,1,0.855843,1.325,rolling,0
crawl,1,forward,closed_loop,30.5743,1414.715,1141,0.127171,,,0,0.855843,1.325,rolling,0
crawl,1,forward,closed_loop,30.5959,1414.715,1141,0.127171,,,0,0.855843,1.325,rolling,0
crawl,1,forward,closed_loop,30.6174,1414.715,1141,0.127171,,,0,0.855843,1.325,rolling,0
crawl,1,forward,closed_loop,30.6389,1414.715,1141,0.127171,,,0,0.855843,1.336,rolling,0
crawl,1,forward,closed_loop,30.6601,1414.661,1141,0.121275,0.0103290,0.0000867,1,0.866172,1.336,rolling,0
crawl,1,forward,closed_loop,30.6755,1414.661,1141,0.121275,,,0,0.866172,1.336,rolling,0
crawl,1,forward,closed_loop,30.6971,1414.661,1141,0.121275,,,0,0.866172,1.336,rolling,0
crawl,1,forward,closed_loop,30.7186,1414.661,1141,0.121275,,,0,0.866172,1.336,rolling,0
crawl,1,forward,closed_loop,30.7402,1414.661,1141,0.121275,,,0,0.866172,1.343,rolling,0
crawl,1,forward,closed_loop,30.7604,1414.546,1141,0.113552,0.0088922,0.0020150,1,0.875064,1.343,rolling,0
crawl,1,forward,closed_loop,30.7739,1414.546,1141,0.113552,,,0,0.875064,1.343,rolling,0
crawl,1,forward,closed_loop,30.7956,1414.546,1141,0.113552,,,0,0.875064,1.343,rolling,0
crawl,1,forward,closed_loop,30.8172,1414.546,1141,0.113552,,,0,0.875064,1.343,rolling,0
crawl,1,forward,closed_loop,30.8387,1414.546,1141,0.113552,,,0,0.875064,1.348,rolling,0
crawl,1,forward,closed_loop,30.8584,1414.015,1140,0.088688,0.0014163,-0.0017493,1,0.876480,1.348,rolling,0
crawl,1,forward,closed_loop,30.8771,1414.015,1140,0.088688,,,0,0.876480,1.348,rolling,0
crawl,1,forward,closed_loop,30.8987,1414.015,1140,0.088688,,,0,0.876480,1.348,rolling,0
crawl,1,forward,closed_loop,30.9202,1414.015,1140,0.088688,,,0,0.876480,1.348,rolling,0
crawl,1,forward,closed_loop,30.9417,1414.015,1140,0.088688,,,0,0.876480,1.350,rolling,0
crawl,1,forward,closed_loop,30.9600,1413.680,1140,0.075585,0.0036022,0.0019272,1,0.880082,1.350,rolling,0
crawl,1,forward,closed_loop,30.9748,1413.680,1140,0.075585,,,0,0.880082,1.350,rolling,0
crawl,1,forward,closed_loop,30.9964,1413.680,1140,0.075585,,,0,0.880082,1.350,rolling,0
crawl,1,forward,closed_loop,31.0179,1413.680,1140,0.075585,,,0,0.880082,1.350,rolling,0
crawl,1,forward,closed_loop,31.0394,1413.680,1140,0.075585,,,0,0.880082,1.357,rolling,0
crawl,1,forward,closed_loop,31.0577,1413.772,1140,0.082749,0.0104032,-0.0001559,1,0.890486,1.357,rolling,0
crawl,1,forward,closed_loop,31.0704,1413.772,1140,0.082749,,,0,0.890486,1.357,rolling,0
crawl,1,forward,closed_loop,31.0921,1413.772,1140,0.082749,,,0,0.890486,1.357,rolling,0
crawl,1,forward,closed_loop,31.1137,1413.772,1140,0.082749,,,0,0.890486,1.357,rolling,0
crawl,1,forward,closed_loop,31.1352,1413.772,1140,0.082749,,,0,0.890486,1.364,rolling,0
crawl,1,forward,closed_loop,31.1577,1413.772,1140,0.082749,,,0,0.890486,1.364,rolling,0
crawl,1,forward,closed_loop,31.1591,1413.745,1140,0.083793,0.0085144,0.0002975,1,0.899000,1.364,rolling,0
crawl,1,forward,closed_loop,31.1706,1413.745,1140,0.083793,,,0,0.899000,1.364,rolling,0
crawl,1,forward,closed_loop,31.1922,1413.745,1140,0.083793,,,0,0.899000,1.364,rolling,0
crawl,1,forward,closed_loop,31.2137,1413.745,1140,0.083793,,,0,0.899000,1.364,rolling,0
crawl,1,forward,closed_loop,31.2353,1413.745,1140,0.083793,,,0,0.899000,1.364,rolling,0
crawl,1,forward,closed_loop,31.2571,1413.745,1140,0.083793,,,0,0.899000,1.372,rolling,0
crawl,1,forward,closed_loop,31.2596,1413.795,1140,0.088095,0.0101148,0.0001533,1,0.909115,1.372,rolling,0
crawl,1,forward,closed_loop,31.2729,1413.795,1140,0.088095,,,0,0.909115,1.372,rolling,0
crawl,1,forward,closed_loop,31.2946,1413.795,1140,0.088095,,,0,0.909115,1.372,rolling,0
crawl,1,forward,closed_loop,31.3161,1413.795,1140,0.088095,,,0,0.909115,1.372,rolling,0
crawl,1,forward,closed_loop,31.3377,1413.795,1140,0.088095,,,0,0.909115,1.379,rolling,0
crawl,1,forward,closed_loop,31.3561,1413.768,1140,0.088457,0.0090288,-0.0006625,1,0.918144,1.379,rolling,0
crawl,1,forward,closed_loop,31.3670,1413.768,1140,0.088457,,,0,0.918144,1.379,rolling,0
crawl,1,forward,closed_loop,31.3887,1413.768,1140,0.088457,,,0,0.918144,1.379,rolling,0
crawl,1,forward,closed_loop,31.4103,1413.768,1140,0.088457,,,0,0.918144,1.379,rolling,0
crawl,1,forward,closed_loop,31.4318,1413.768,1140,0.088457,,,0,0.918144,1.379,rolling,0
crawl,1,forward,closed_loop,31.4534,1413.768,1140,0.088457,,,0,0.918144,1.389,rolling,0
crawl,1,forward,closed_loop,31.4567,1413.626,1140,0.083752,0.0067949,0.0013609,1,0.924938,1.389,rolling,0
crawl,1,forward,closed_loop,31.4763,1413.626,1140,0.083752,,,0,0.924938,1.389,rolling,0
crawl,1,forward,closed_loop,31.4979,1413.626,1140,0.083752,,,0,0.924938,1.389,rolling,0
crawl,1,forward,closed_loop,31.5197,1413.626,1140,0.083752,,,0,0.924938,1.389,rolling,0
crawl,1,forward,closed_loop,31.5414,1413.626,1140,0.083752,,,0,0.924938,1.396,rolling,0
crawl,1,forward,closed_loop,31.5568,1413.626,1140,0.083752,,,0,0.924938,1.396,rolling,0
crawl,1,forward,closed_loop,31.5793,1413.861,1140,0.096070,0.0133628,-0.0013352,1,0.938301,1.396,rolling,0
crawl,1,forward,closed_loop,31.5825,1413.861,1140,0.096070,,,0,0.938301,1.396,rolling,0
crawl,1,forward,closed_loop,31.6043,1413.861,1140,0.096070,,,0,0.938301,1.396,rolling,0
crawl,1,forward,closed_loop,31.6259,1413.861,1140,0.096070,,,0,0.938301,1.396,rolling,0
crawl,1,forward,closed_loop,31.6475,1413.861,1140,0.096070,,,0,0.938301,1.408,rolling,0
crawl,1,forward,closed_loop,31.6550,1413.948,1140,0.100369,0.0113703,0.0027670,1,0.949672,1.408,rolling,0
crawl,1,forward,closed_loop,31.6711,1413.948,1140,0.100369,,,0,0.949672,1.408,rolling,0
crawl,1,forward,closed_loop,31.6928,1413.948,1140,0.100369,,,0,0.949672,1.408,rolling,0
crawl,1,forward,closed_loop,31.7143,1413.948,1140,0.100369,,,0,0.949672,1.408,rolling,0
crawl,1,forward,closed_loop,31.7360,1413.948,1140,0.100369,,,0,0.949672,1.416,rolling,0
crawl,1,forward,closed_loop,31.7560,1413.948,1140,0.100369,,,0,0.949672,1.416,rolling,0
crawl,1,forward,closed_loop,31.7782,1414.226,1141,0.112453,0.0146155,-0.0043150,1,0.964287,1.416,rolling,0
crawl,1,forward,closed_loop,31.7811,1414.226,1141,0.112453,,,0,0.964287,1.416,rolling,0
crawl,1,forward,closed_loop,31.8028,1414.226,1141,0.112453,,,0,0.964287,1.416,rolling,0
crawl,1,forward,closed_loop,31.8243,1414.226,1141,0.112453,,,0,0.964287,1.416,rolling,0
crawl,1,forward,closed_loop,31.8460,1414.226,1141,0.112453,,,0,0.964287,1.427,rolling,0
crawl,1,forward,closed_loop,31.8570,1414.312,1141,0.114568,0.0121381,-0.0020056,1,0.976425,1.427,rolling,0
crawl,1,forward,closed_loop,31.8664,1414.312,1141,0.114568,,,0,0.976425,1.427,rolling,0
crawl,1,forward,closed_loop,31.8881,1414.312,1141,0.114568,,,0,0.976425,1.427,rolling,0
crawl,1,forward,closed_loop,31.9096,1414.312,1141,0.114568,,,0,0.976425,1.427,rolling,0
crawl,1,forward,closed_loop,31.9311,1414.312,1141,0.114568,,,0,0.976425,1.427,rolling,0
crawl,1,forward,closed_loop,31.9526,1414.312,1141,0.114568,,,0,0.976425,1.434,rolling,0
crawl,1,forward,closed_loop,31.9566,1414.385,1141,0.115795,0.0120793,0.0002467,1,0.988504,1.434,rolling,0
crawl,1,forward,closed_loop,31.9697,1414.385,1141,0.115795,,,0,0.988504,1.434,rolling,0
crawl,1,forward,closed_loop,31.9914,1414.385,1141,0.115795,,,0,0.988504,1.434,rolling,0
crawl,1,forward,closed_loop,32.0129,1414.385,1141,0.115795,,,0,0.988504,1.434,rolling,0
crawl,1,forward,closed_loop,32.0344,1414.385,1141,0.115795,,,0,0.988504,1.446,rolling,0
crawl,1,forward,closed_loop,32.0569,1414.385,1141,0.115795,,,0,0.988504,1.446,rolling,0
crawl,1,forward,closed_loop,32.0788,1414.283,1141,0.109273,0.0091793,0.0027294,1,0.997684,1.446,rolling,0
crawl,1,forward,closed_loop,32.0812,1414.283,1141,0.109273,,,0,0.997684,1.446,rolling,0
crawl,1,forward,closed_loop,32.1028,1414.283,1141,0.109273,,,0,0.997684,1.446,rolling,0
crawl,1,forward,closed_loop,32.1243,1414.283,1141,0.109273,,,0,0.997684,1.446,rolling,0
crawl,1,forward,closed_loop,32.1458,1414.283,1141,0.109273,,,0,0.997684,1.454,rolling,0
crawl,1,forward,closed_loop,32.1582,1414.278,1141,0.107847,0.0102664,-0.0017887,1,1.007950,1.454,rolling,0
crawl,1,forward,closed_loop,32.1758,1414.278,1141,0.107847,,,0,1.007950,1.454,rolling,0
crawl,1,forward,closed_loop,32.1974,1414.278,1141,0.107847,,,0,1.007950,1.454,rolling,0
crawl,1,forward,closed_loop,32.2189,1414.278,1141,0.107847,,,0,1.007950,1.454,rolling,0
crawl,1,forward,closed_loop,32.2404,1414.278,1141,0.107847,,,0,1.007950,1.459,rolling,0
crawl,1,forward,closed_loop,32.2583,1414.255,1141,0.105854,0.0100913,-0.0018321,1,1.018041,1.459,rolling,0
crawl,1,forward,closed_loop,32.2666,1414.255,1141,0.105854,,,0,1.018041,1.459,rolling,0
crawl,1,forward,closed_loop,32.2883,1414.255,1141,0.105854,,,0,1.018041,1.459,rolling,0
crawl,1,forward,closed_loop,32.3099,1414.255,1141,0.105854,,,0,1.018041,1.459,rolling,0
crawl,1,forward,closed_loop,32.3314,1414.255,1141,0.105854,,,0,1.018041,1.459,rolling,0
crawl,1,forward,closed_loop,32.3530,1414.255,1141,0.105854,,,0,1.018041,1.469,rolling,0
crawl,1,forward,closed_loop,32.3565,1414.222,1141,0.103620,0.0096882,0.0006847,1,1.027730,1.469,rolling,0
crawl,1,forward,closed_loop,32.3764,1414.222,1141,0.103620,,,0,1.027730,1.469,rolling,0
crawl,1,forward,closed_loop,32.3981,1414.222,1141,0.103620,,,0,1.027730,1.469,rolling,0
crawl,1,forward,closed_loop,32.4197,1414.222,1141,0.103620,,,0,1.027730,1.469,rolling,0
crawl,1,forward,closed_loop,32.4413,1414.222,1141,0.103620,,,0,1.027730,1.476,rolling,0
crawl,1,forward,closed_loop,32.4592,1414.254,1141,0.104556,0.0104983,-0.0012271,1,1.038228,1.476,rolling,0
crawl,1,forward,closed_loop,32.4746,1414.254,1141,0.104556,,,0,1.038228,1.476,rolling,0
crawl,1,forward,closed_loop,32.4962,1414.254,1141,0.104556,,,0,1.038228,1.476,rolling,0
crawl,1,forward,closed_loop,32.5177,1414.254,1141,0.104556,,,0,1.038228,1.476,rolling,0
crawl,1,forward,closed_loop,32.5393,1414.254,1141,0.104556,,,0,1.038228,1.487,rolling,0
crawl,1,forward,closed_loop,32.5574,1414.085,1140,0.096635,0.0074500,-0.0003009,1,1.045678,1.487,rolling,0
crawl,1,forward,closed_loop,32.5723,1414.085,1140,0.096635,,,0,1.045678,1.487,rolling,0
crawl,1,forward,closed_loop,32.5939,1414.085,1140,0.096635,,,0,1.045678,1.487,rolling,0
crawl,1,forward,closed_loop,32.6154,1414.085,1140,0.096635,,,0,1.045678,1.487,rolling,0
crawl,1,forward,closed_loop,32.6369,1414.085,1140,0.096635,,,0,1.045678,1.492,rolling,0
crawl,1,forward,closed_loop,32.6581,1413.952,1140,0.091299,0.0075670,-0.0002158,1,1.053245,1.492,rolling,0
crawl,1,forward,closed_loop,32.6773,1413.952,1140,0.091299,,,0,1.053245,1.492,rolling,0
crawl,1,forward,closed_loop,32.6989,1413.952,1140,0.091299,,,0,1.053245,1.492,rolling,0
crawl,1,forward,closed_loop,32.7204,1413.952,1140,0.091299,,,0,1.053245,1.492,rolling,0
crawl,1,forward,closed_loop,32.7420,1413.952,1140,0.091299,,,0,1.053245,1.500,rolling,0
crawl,1,forward,closed_loop,32.7585,1413.777,1140,0.084820,0.0065038,-0.0004536,1,1.059749,1.500,rolling,0
crawl,1,forward,closed_loop,32.7680,1413.777,1140,0.084820,,,0,1.059749,1.500,rolling,0
crawl,1,forward,closed_loop,32.7897,1413.777,1140,0.084820,,,0,1.059749,1.500,rolling,0
crawl,1,forward,closed_loop,32.8113,1413.777,1140,0.084820,,,0,1.059749,1.500,rolling,0
crawl,1,forward,closed_loop,32.8330,1413.777,1140,0.084820,,,0,1.059749,1.500,rolling,0
crawl,1,forward,closed_loop,32.8546,1413.777,1140,0.084820,,,0,1.059749,1.505,rolling,0
crawl,1,forward,closed_loop,32.8589,1414.011,1140,0.096990,0.0135500,0.0007607,1,1.073299,1.505,rolling,0
crawl,1,forward,closed_loop,32.8762,1414.011,1140,0.096990,,,0,1.073299,1.505,rolling,0
crawl,1,forward,closed_loop,32.8979,1414.011,1140,0.096990,,,0,1.073299,1.505,rolling,0
crawl,1,forward,closed_loop,32.9195,1414.011,1140,0.096990,,,0,1.073299,1.505,rolling,0
crawl,1,forward,closed_loop,32.9410,1414.011,1140,0.096990,,,0,1.073299,1.516,rolling,0
crawl,1,forward,closed_loop,32.9580,1413.738,1140,0.085467,0.0050009,-0.0004440,1,1.078300,1.516,rolling,0
crawl,1,forward,closed_loop,32.9704,1413.738,1140,0.085467,,,0,1.078300,1.516,rolling,0
crawl,1,forward,closed_loop,32.9920,1413.738,1140,0.085467,,,0,1.078300,1.516,rolling,0
crawl,1,forward,closed_loop,33.0135,1413.738,1140,0.085467,,,0,1.078300,1.516,rolling,0
crawl,1,forward,closed_loop,33.0351,1413.738,1140,0.085467,,,0,1.078300,1.523,rolling,0
crawl,1,forward,closed_loop,33.0580,1413.738,1140,0.085467,,,0,1.078300,1.523,rolling,0
crawl,1,forward,closed_loop,33.0593,1413.763,1140,0.088415,0.0096121,0.0003905,1,1.087912,1.523,rolling,0
crawl,1,forward,closed_loop,33.0737,1413.763,1140,0.088415,,,0,1.087912,1.523,rolling,0
crawl,1,forward,closed_loop,33.0953,1413.763,1140,0.088415,,,0,1.087912,1.523,rolling,0
crawl,1,forward,closed_loop,33.1169,1413.763,1140,0.088415,,,0,1.087912,1.523,rolling,0
crawl,1,forward,closed_loop,33.1385,1413.763,1140,0.088415,,,0,1.087912,1.536,rolling,0
crawl,1,forward,closed_loop,33.1605,1414.030,1140,0.101563,0.0141166,-0.0005933,1,1.102028,1.536,rolling,0
crawl,1,forward,closed_loop,33.1717,1414.030,1140,0.101563,,,0,1.102028,1.536,rolling,0
crawl,1,forward,closed_loop,33.1933,1414.030,1140,0.101563,,,0,1.102028,1.536,rolling,0
crawl,1,forward,closed_loop,33.2148,1414.030,1140,0.101563,,,0,1.102028,1.536,rolling,0
crawl,1,forward,closed_loop,33.2363,1414.030,1140,0.101563,,,0,1.102028,1.544,rolling,0
crawl,1,forward,closed_loop,33.2587,1414.079,1140,0.103482,0.0109371,-0.0016272,1,1.112965,1.544,rolling,0
crawl,1,forward,closed_loop,33.2727,1414.079,1140,0.103482,,,0,1.112965,1.544,rolling,0
crawl,1,forward,closed_loop,33.2944,1414.079,1140,0.103482,,,0,1.112965,1.544,rolling,0
crawl,1,forward,closed_loop,33.3160,1414.079,1140,0.103482,,,0,1.112965,1.544,rolling,0
crawl,1,forward,closed_loop,33.3376,1414.079,1140,0.103482,,,0,1.112965,1.556,rolling,0
crawl,1,forward,closed_loop,33.3590,1414.127,1140,0.105095,0.0111060,-0.0014212,1,1.124071,1.556,rolling,0
crawl,1,forward,closed_loop,33.3730,1414.127,1140,0.105095,,,0,1.124071,1.556,rolling,0
crawl,1,forward,closed_loop,33.3947,1414.127,1140,0.105095,,,0,1.124071,1.556,rolling,0
crawl,1,forward,closed_loop,33.4162,1414.127,1140,0.105095,,,0,1.124071,1.556,rolling,0
crawl,1,forward,closed_loop,33.4378,1414.127,1140,0.105095,,,0,1.124071,1.568,rolling,0
crawl,1,forward,closed_loop,33.4600,1414.291,1141,0.111552,0.0130795,-0.0008664,1,1.137151,1.568,rolling,0
crawl,1,forward,closed_loop,33.4682,1414.291,1141,0.111552,,,0,1.137151,1.568,rolling,0
crawl,1,forward,closed_loop,33.4898,1414.291,1141,0.111552,,,0,1.137151,1.568,rolling,0
crawl,1,forward,closed_loop,33.5113,1414.291,1141,0.111552,,,0,1.137151,1.568,rolling,0
crawl,1,forward,closed_loop,33.5328,1414.291,1141,0.111552,,,0,1.137151,1.568,rolling,0
crawl,1,forward,closed_loop,33.5543,1414.291,1141,0.111552,,,0,1.137151,1.582,rolling,0
crawl,1,forward,closed_loop,33.5576,1414.472,1141,0.117924,0.0138488,0.0000655,1,1.151000,1.582,rolling,0
crawl,1,forward,closed_loop,33.5725,1414.472,1141,0.117924,,,0,1.151000,1.582,rolling,0
crawl,1,forward,closed_loop,33.5941,1414.472,1141,0.117924,,,0,1.151000,1.582,rolling,0
crawl,1,forward,closed_loop,33.6159,1414.472,1141,0.117924,,,0,1.151000,1.582,rolling,0
crawl,1,forward,closed_loop,33.6375,1414.472,1141,0.117924,,,0,1.151000,1.597,rolling,0
crawl,1,forward,closed_loop,33.6594,1414.779,1141,0.128998,0.0158445,0.0001446,1,1.166844,1.597,rolling,0
crawl,1,forward,closed_loop,33.6705,1414.779,1141,0.128998,,,0,1.166844,1.597,rolling,0
crawl,1,forward,closed_loop,33.6922,1414.779,1141,0.128998,,,0,1.166844,1.597,rolling,0
crawl,1,forward,closed_loop,33.7137,1414.779,1141,0.128998,,,0,1.166844,1.597,rolling,0
crawl,1,forward,closed_loop,33.7353,1414.779,1141,0.128998,,,0,1.166844,1.608,rolling,0
crawl,1,forward,closed_loop,33.7559,1414.847,1141,0.128131,0.0126506,0.0004959,1,1.179495,1.608,rolling,0
crawl,1,forward,closed_loop,33.7705,1414.847,1141,0.128131,,,0,1.179495,1.608,rolling,0
crawl,1,forward,closed_loop,33.7923,1414.847,1141,0.128131,,,0,1.179495,1.608,rolling,0
crawl,1,forward,closed_loop,33.8138,1414.847,1141,0.128131,,,0,1.179495,1.608,rolling,0
crawl,1,forward,closed_loop,33.8354,1414.847,1141,0.128131,,,0,1.179495,1.620,rolling,0
crawl,1,forward,closed_loop,33.8565,1415.112,1141,0.136007,0.0159228,-0.0008191,1,1.195418,1.620,rolling,0
crawl,1,forward,closed_loop,33.8743,1415.112,1141,0.136007,,,0,1.195418,1.620,rolling,0
crawl,1,forward,closed_loop,33.8960,1415.112,1141,0.136007,,,0,1.195418,1.620,rolling,0
crawl,1,forward,closed_loop,33.9175,1415.112,1141,0.136007,,,0,1.195418,1.620,rolling,0
crawl,1,forward,closed_loop,33.9391,1415.112,1141,0.136007,,,0,1.195418,1.635,rolling,0
crawl,1,forward,closed_loop,33.9547,1415.106,1141,0.131116,0.0114563,-0.0034617,1,1.206874,1.635,rolling,0
crawl,1,forward,closed_loop,33.9698,1415.106,1141,0.131116,,,0,1.206874,1.635,rolling,0
crawl,1,forward,closed_loop,33.9914,1415.106,1141,0.131116,,,0,1.206874,1.635,rolling,0
crawl,1,forward,closed_loop,34.0129,1415.106,1141,0.131116,,,0,1.206874,1.635,rolling,0
crawl,1,forward,closed_loop,34.0346,1415.106,1141,0.131116,,,0,1.206874,1.644,rolling,0
crawl,1,forward,closed_loop,34.0550,1415.236,1141,0.132810,0.0135468,-0.0005788,1,1.220421,1.644,rolling,0
crawl,1,forward,closed_loop,34.0750,1415.236,1141,0.132810,,,0,1.220421,1.644,rolling,0
crawl,1,forward,closed_loop,34.0966,1415.236,1141,0.132810,,,0,1.220421,1.644,rolling,0
crawl,1,forward,closed_loop,34.1181,1415.236,1141,0.132810,,,0,1.220421,1.644,rolling,0
crawl,1,forward,closed_loop,34.1397,1415.236,1141,0.132810,,,0,1.220421,1.652,rolling,0
crawl,1,forward,closed_loop,34.1533,1415.089,1141,0.122098,0.0090796,0.0015040,1,1.229500,1.652,rolling,0
crawl,1,forward,closed_loop,34.1657,1415.089,1141,0.122098,,,0,1.229500,1.652,rolling,0
crawl,1,forward,closed_loop,34.1873,1415.089,1141,0.122098,,,0,1.229500,1.652,rolling,0
crawl,1,forward,closed_loop,34.2089,1415.089,1141,0.122098,,,0,1.229500,1.652,rolling,0
crawl,1,forward,closed_loop,34.2305,1415.089,1141,0.122098,,,0,1.229500,1.652,rolling,0
crawl,1,forward,closed_loop,34.2523,1415.089,1141,0.122098,,,0,1.229500,1.659,rolling,0
crawl,1,forward,closed_loop,34.2550,1415.044,1141,0.117307,0.0100493,0.0001722,1,1.239550,1.659,rolling,0
crawl,1,forward,closed_loop,34.2690,1415.044,1141,0.117307,,,0,1.239550,1.659,rolling,0
crawl,1,forward,closed_loop,34.2907,1415.044,1141,0.117307,,,0,1.239550,1.659,rolling,0
crawl,1,forward,closed_loop,34.3122,1415.044,1141,0.117307,,,0,1.239550,1.659,rolling,0
crawl,1,forward,closed_loop,34.3337,1415.044,1141,0.117307,,,0,1.239550,1.668,rolling,0
crawl,1,forward,closed_loop,34.3516,1415.035,1141,0.114640,0.0107596,0.0005934,1,1.250309,1.668,rolling,0
crawl,1,forward,closed_loop,34.3607,1415.035,1141,0.114640,,,0,1.250309,1.668,rolling,0
crawl,1,forward,closed_loop,34.3824,1415.035,1141,0.114640,,,0,1.250309,1.668,rolling,0
crawl,1,forward,closed_loop,34.4040,1415.035,1141,0.114640,,,0,1.250309,1.668,rolling,0
crawl,1,forward,closed_loop,34.4256,1415.035,1141,0.114640,,,0,1.250309,1.668,rolling,0
crawl,1,forward,closed_loop,34.4471,1415.035,1141,0.114640,,,0,1.250309,1.681,rolling,0
crawl,1,forward,closed_loop,34.4527,1414.984,1141,0.110564,0.0096238,0.0007757,1,1.259933,1.681,rolling,0
crawl,1,forward,closed_loop,34.4633,1414.984,1141,0.110564,,,0,1.259933,1.681,rolling,0
crawl,1,forward,closed_loop,34.4849,1414.984,1141,0.110564,,,0,1.259933,1.681,rolling,0
crawl,1,forward,closed_loop,34.5067,1414.984,1141,0.110564,,,0,1.259933,1.681,rolling,0
crawl,1,forward,closed_loop,34.5282,1414.984,1141,0.110564,,,0,1.259933,1.681,rolling,0
crawl,1,forward,closed_loop,34.5498,1414.984,1141,0.110564,,,0,1.259933,1.689,rolling,0
crawl,1,forward,closed_loop,34.5534,1414.862,1141,0.103871,0.0084129,0.0001468,1,1.268346,1.689,rolling,0
crawl,1,forward,closed_loop,34.5688,1414.862,1141,0.103871,,,0,1.268346,1.689,rolling,0
crawl,1,forward,closed_loop,34.5905,1414.862,1141,0.103871,,,0,1.268346,1.689,rolling,0
crawl,1,forward,closed_loop,34.6122,1414.862,1141,0.103871,,,0,1.268346,1.689,rolling,0
crawl,1,forward,closed_loop,34.6338,1414.862,1141,0.103871,,,0,1.268346,1.698,rolling,0
crawl,1,forward,closed_loop,34.6537,1414.979,1141,0.108451,0.0122609,-0.0006771,1,1.280607,1.698,rolling,0
crawl,1,forward,closed_loop,34.6665,1414.979,1141,0.108451,,,0,1.280607,1.698,rolling,0
crawl,1,forward,closed_loop,34.6882,1414.979,1141,0.108451,,,0,1.280607,1.698,rolling,0
crawl,1,forward,closed_loop,34.7098,1414.979,1141,0.108451,,,0,1.280607,1.698,rolling,0
crawl,1,forward,closed_loop,34.7314,1414.979,1141,0.108451,,,0,1.280607,1.707,rolling,0
crawl,1,forward,closed_loop,34.7519,1415.057,1141,0.110732,0.0118367,-0.0005294,1,1.292444,1.707,rolling,0
crawl,1,forward,closed_loop,34.7652,1415.057,1141,0.110732,,,0,1.292444,1.707,rolling,0
crawl,1,forward,closed_loop,34.7871,1415.057,1141,0.110732,,,0,1.292444,1.707,rolling,0
crawl,1,forward,closed_loop,34.8087,1415.057,1141,0.110732,,,0,1.292444,1.707,rolling,0
crawl,1,forward,closed_loop,34.8304,1415.057,1141,0.110732,,,0,1.292444,1.716,rolling,0
crawl,1,forward,closed_loop,34.8533,1415.055,1141,0.109247,0.0103388,0.0003686,1,1.302783,1.716,rolling,0
crawl,1,forward,closed_loop,34.8663,1415.055,1141,0.109247,,,0,1.302783,1.716,rolling,0
crawl,1,forward,closed_loop,34.8879,1415.055,1141,0.109247,,,0,1.302783,1.716,rolling,0
crawl,1,forward,closed_loop,34.9095,1415.055,1141,0.109247,,,0,1.302783,1.716,rolling,0
crawl,1,forward,closed_loop,34.9311,1415.055,1141,0.109247,,,0,1.302783,1.727,rolling,0
crawl,1,forward,closed_loop,34.9527,1415.117,1141,0.110733,0.0115510,0.0000868,1,1.314334,1.727,rolling,0
crawl,1,forward,closed_loop,34.9630,1415.117,1141,0.110733,,,0,1.314334,1.727,rolling,0
crawl,1,forward,closed_loop,34.9847,1415.117,1141,0.110733,,,0,1.314334,1.727,rolling,0
crawl,1,forward,closed_loop,35.0064,1415.117,1141,0.110733,,,0,1.314334,1.727,rolling,0
crawl,1,forward,closed_loop,35.0279,1415.117,1141,0.110733,,,0,1.314334,1.727,rolling,0
crawl,1,forward,closed_loop,35.0495,1415.117,1141,0.110733,,,0,1.314334,1.738,rolling,0
crawl,1,forward,closed_loop,35.0529,1415.402,1141,0.121709,0.0155894,-0.0003005,1,1.329923,1.738,rolling,0
crawl,1,forward,closed_loop,35.0679,1415.402,1141,0.121709,,,0,1.329923,1.738,rolling,0
crawl,1,forward,closed_loop,35.0895,1415.402,1141,0.121709,,,0,1.329923,1.738,rolling,0
crawl,1,forward,closed_loop,35.1110,1415.402,1141,0.121709,,,0,1.329923,1.738,rolling,0
crawl,1,forward,closed_loop,35.1326,1415.402,1141,0.121709,,,0,1.329923,1.752,rolling,0
crawl,1,forward,closed_loop,35.1537,1415.480,1142,0.122243,0.0123947,-0.0001278,1,1.342318,1.752,rolling,0
crawl,1,forward,closed_loop,35.1628,1415.480,1142,0.122243,,,0,1.342318,1.752,rolling,0
crawl,1,forward,closed_loop,35.1845,1415.480,1142,0.122243,,,0,1.342318,1.752,rolling,0
crawl,1,forward,closed_loop,35.2060,1415.480,1142,0.122243,,,0,1.342318,1.752,rolling,0
crawl,1,forward,closed_loop,35.2275,1415.480,1142,0.122243,,,0,1.342318,1.752,rolling,0
crawl,1,forward,closed_loop,35.2491,1415.480,1142,0.122243,,,0,1.342318,1.765,rolling,0
crawl,1,forward,closed_loop,35.2539,1415.794,1142,0.132989,0.0165468,-0.0001177,1,1.358864,1.765,rolling,0
crawl,1,forward,closed_loop,35.2663,1415.794,1142,0.132989,,,0,1.358864,1.765,rolling,0
crawl,1,forward,closed_loop,35.2880,1415.794,1142,0.132989,,,0,1.358864,1.765,rolling,0
crawl,1,forward,closed_loop,35.3095,1415.794,1142,0.132989,,,0,1.358864,1.765,rolling,0
crawl,1,forward,closed_loop,35.3311,1415.794,1142,0.132989,,,0,1.358864,1.776,rolling,0
crawl,1,forward,closed_loop,35.3520,1415.710,1142,0.125039,0.0101565,0.0003134,1,1.369021,1.776,rolling,0
crawl,1,forward,closed_loop,35.3719,1415.710,1142,0.125039,,,0,1.369021,1.776,rolling,0
crawl,1,forward,closed_loop,35.3936,1415.710,1142,0.125039,,,0,1.369021,1.776,rolling,0
crawl,1,forward,closed_loop,35.4151,1415.710,1142,0.125039,,,0,1.369021,1.776,rolling,0
crawl,1,forward,closed_loop,35.4367,1415.710,1142,0.125039,,,0,1.369021,1.793,rolling,0
crawl,1,forward,closed_loop,35.4533,1416.023,1142,0.135473,0.0163691,0.0001711,1,1.385390,1.793,rolling,0
crawl,1,forward,closed_loop,35.4672,1416.023,1142,0.135473,,,0,1.385390,1.793,rolling,0
crawl,1,forward,closed_loop,35.4889,1416.023,1142,0.135473,,,0,1.385390,1.793,rolling,0
crawl,1,forward,closed_loop,35.5104,1416.023,1142,0.135473,,,0,1.385390,1.793,rolling,0
crawl,1,forward,closed_loop,35.5320,1416.023,1142,0.135473,,,0,1.385390,1.804,rolling,0
crawl,1,forward,closed_loop,35.5531,1416.240,1142,0.140221,0.0155401,-0.0013283,1,1.400930,1.804,rolling,0
crawl,1,forward,closed_loop,35.5690,1416.240,1142,0.140221,,,0,1.400930,1.804,rolling,0
crawl,1,forward,closed_loop,35.5907,1416.240,1142,0.140221,,,0,1.400930,1.804,rolling,0
crawl,1,forward,closed_loop,35.6122,1416.240,1142,0.140221,,,0,1.400930,1.804,rolling,0
crawl,1,forward,closed_loop,35.6337,1416.240,1142,0.140221,,,0,1.400930,1.814,rolling,0
crawl,1,forward,closed_loop,35.6538,1416.254,1142,0.135576,0.0122440,-0.0024596,1,1.413174,1.814,rolling,0
crawl,1,forward,closed_loop,35.6698,1416.254,1142,0.135576,,,0,1.413174,1.814,rolling,0
crawl,1,forward,closed_loop,35.6917,1416.254,1142,0.135576,,,0,1.413174,1.814,rolling,0
crawl,1,forward,closed_loop,35.7133,1416.254,1142,0.135576,,,0,1.413174,1.814,rolling,0
crawl,1,forward,closed_loop,35.7350,1416.254,1142,0.135576,,,0,1.413174,1.827,rolling,0
crawl,1,forward,closed_loop,35.7542,1416.144,1142,0.126143,0.0098035,-0.0003905,1,1.422978,1.827,rolling,0
crawl,1,forward,closed_loop,35.7649,1416.144,1142,0.126143,,,0,1.422978,1.827,rolling,0
crawl,1,forward,closed_loop,35.7867,1416.144,1142,0.126143,,,0,1.422978,1.827,rolling,0
crawl,1,forward,closed_loop,35.8083,1416.144,1142,0.126143,,,0,1.422978,1.827,rolling,0
crawl,1,forward,closed_loop,35.8299,1416.144,1142,0.126143,,,0,1.422978,1.827,rolling,0
crawl,1,forward,closed_loop,35.8515,1416.144,1142,0.126143,,,0,1.422978,1.840,rolling,0
crawl,1,forward,closed_loop,35.8551,1416.003,1142,0.116585,0.0089422,-0.0001091,1,1.431920,1.840,rolling,0
crawl,1,forward,closed_loop,35.8675,1416.003,1142,0.116585,,,0,1.431920,1.840,rolling,0
crawl,1,forward,closed_loop,35.8892,1416.003,1142,0.116585,,,0,1.431920,1.840,rolling,0
crawl,1,forward,closed_loop,35.9108,1416.003,1142,0.116585,,,0,1.431920,1.840,rolling,0
crawl,1,forward,closed_loop,35.9323,1416.003,1142,0.116585,,,0,1.431920,1.849,rolling,0
crawl,1,forward,closed_loop,35.9528,1416.003,1142,0.116585,,,0,1.431920,1.849,rolling,0
crawl,1,forward,closed_loop,35.9747,1416.503,1142,0.136139,0.0194574,0.0003277,1,1.451377,1.849,rolling,0
crawl,1,forward,closed_loop,35.9815,1416.503,1142,0.136139,,,0,1.451377,1.849,rolling,0
crawl,1,forward,closed_loop,36.0031,1416.503,1142,0.136139,,,0,1.451377,1.849,rolling,0
crawl,1,forward,closed_loop,36.0247,1416.503,1142,0.136139,,,0,1.451377,1.849,rolling,0
crawl,1,forward,closed_loop,36.0463,1416.503,1142,0.136139,,,0,1.451377,1.859,rolling,0
crawl,1,forward,closed_loop,36.0530,1416.231,1142,0.119643,0.0068647,-0.0010133,1,1.458242,1.859,rolling,0
crawl,1,forward,closed_loop,36.0670,1416.231,1142,0.119643,,,0,1.458242,1.859,rolling,0
crawl,1,forward,closed_loop,36.0887,1416.231,1142,0.119643,,,0,1.458242,1.859,rolling,0
crawl,1,forward,closed_loop,36.1103,1416.231,1142,0.119643,,,0,1.458242,1.859,rolling,0
crawl,1,forward,closed_loop,36.1319,1416.231,1142,0.119643,,,0,1.458242,1.868,rolling,0
crawl,1,forward,closed_loop,36.1537,1416.122,1142,0.112369,0.0090672,-0.0000674,1,1.467309,1.868,rolling,0
crawl,1,forward,closed_loop,36.1688,1416.122,1142,0.112369,,,0,1.467309,1.868,rolling,0
crawl,1,forward,closed_loop,36.1906,1416.122,1142,0.112369,,,0,1.467309,1.868,rolling,0
crawl,1,forward,closed_loop,36.2123,1416.122,1142,0.112369,,,0,1.467309,1.868,rolling,0
crawl,1,forward,closed_loop,36.2339,1416.122,1142,0.112369,,,0,1.467309,1.873,rolling,0
crawl,1,forward,closed_loop,36.2551,1416.117,1142,0.110507,0.0105668,-0.0032211,1,1.477876,1.873,rolling,0
crawl,1,forward,closed_loop,36.2697,1416.117,1142,0.110507,,,0,1.477876,1.873,rolling,0
crawl,1,forward,closed_loop,36.2913,1416.117,1142,0.110507,,,0,1.477876,1.873,rolling,0
crawl,1,forward,closed_loop,36.3129,1416.117,1142,0.110507,,,0,1.477876,1.873,rolling,0
crawl,1,forward,closed_loop,36.3345,1416.117,1142,0.110507,,,0,1.477876,1.884,rolling,0
crawl,1,forward,closed_loop,36.3550,1415.965,1142,0.102537,0.0078962,0.0002105,1,1.485772,1.884,rolling,0
crawl,1,forward,closed_loop,36.3676,1415.965,1142,0.102537,,,0,1.485772,1.884,rolling,0
crawl,1,forward,closed_loop,36.3893,1415.965,1142,0.102537,,,0,1.485772,1.884,rolling,0
crawl,1,forward,closed_loop,36.4109,1415.965,1142,0.102537,,,0,1.485772,1.884,rolling,0
crawl,1,forward,closed_loop,36.4324,1415.965,1142,0.102537,,,0,1.485772,1.888,rolling,0
crawl,1,forward,closed_loop,36.4534,1415.901,1142,0.099417,0.0090523,0.0003823,1,1.494824,1.888,rolling,0
crawl,1,forward,closed_loop,36.4713,1415.901,1142,0.099417,,,0,1.494824,1.888,rolling,0
crawl,1,forward,closed_loop,36.4930,1415.901,1142,0.099417,,,0,1.494824,1.888,rolling,0
crawl,1,forward,closed_loop,36.5147,1415.901,1142,0.099417,,,0,1.494824,1.888,rolling,0
crawl,1,forward,closed_loop,36.5363,1415.901,1142,0.099417,,,0,1.494824,1.900,rolling,0
crawl,1,forward,closed_loop,36.5533,1415.805,1142,0.095313,0.0081834,-0.0010679,1,1.503008,1.900,rolling,0
crawl,1,forward,closed_loop,36.5645,1415.805,1142,0.095313,,,0,1.503008,1.900,rolling,0
crawl,1,forward,closed_loop,36.5862,1415.805,1142,0.095313,,,0,1.503008,1.900,rolling,0
crawl,1,forward,closed_loop,36.6078,1415.805,1142,0.095313,,,0,1.503008,1.900,rolling,0
crawl,1,forward,closed_loop,36.6294,1415.805,1142,0.095313,,,0,1.503008,1.909,rolling,0
crawl,1,forward,closed_loop,36.6515,1415.717,1142,0.092095,0.0082269,-0.0011396,1,1.511235,1.909,rolling,0
crawl,1,forward,closed_loop,36.6668,1415.717,1142,0.092095,,,0,1.511235,1.909,rolling,0
crawl,1,forward,closed_loop,36.6886,1415.717,1142,0.092095,,,0,1.511235,1.909,rolling,0
crawl,1,forward,closed_loop,36.7103,1415.717,1142,0.092095,,,0,1.511235,1.909,rolling,0
crawl,1,forward,closed_loop,36.7318,1415.717,1142,0.092095,,,0,1.511235,1.915,rolling,0
crawl,1,forward,closed_loop,36.7525,1415.695,1142,0.092160,0.0090879,-0.0011732,1,1.520322,1.915,rolling,0
crawl,1,forward,closed_loop,36.7617,1415.695,1142,0.092160,,,0,1.520322,1.915,rolling,0
crawl,1,forward,closed_loop,36.7835,1415.695,1142,0.092160,,,0,1.520322,1.915,rolling,0
crawl,1,forward,closed_loop,36.8051,1415.695,1142,0.092160,,,0,1.520322,1.915,rolling,0
crawl,1,forward,closed_loop,36.8267,1415.695,1142,0.092160,,,0,1.520322,1.915,rolling,0
crawl,1,forward,closed_loop,36.8484,1415.695,1142,0.092160,,,0,1.520322,1.926,rolling,0
crawl,1,forward,closed_loop,36.8510,1415.700,1142,0.093421,0.0098049,0.0012792,1,1.530127,1.926,rolling,0
crawl,1,forward,closed_loop,36.8666,1415.700,1142,0.093421,,,0,1.530127,1.926,rolling,0
crawl,1,forward,closed_loop,36.8881,1415.700,1142,0.093421,,,0,1.530127,1.926,rolling,0
crawl,1,forward,closed_loop,36.9097,1415.700,1142,0.093421,,,0,1.530127,1.926,rolling,0
crawl,1,forward,closed_loop,36.9312,1415.700,1142,0.093421,,,0,1.530127,1.936,rolling,0
crawl,1,forward,closed_loop,36.9480,1415.523,1142,0.086519,0.0064281,0.0000513,1,1.536555,1.936,rolling,0
crawl,1,forward,closed_loop,36.9620,1415.523,1142,0.086519,,,0,1.536555,1.936,rolling,0
crawl,1,forward,closed_loop,36.9838,1415.523,1142,0.086519,,,0,1.536555,1.936,rolling,0
crawl,1,forward,closed_loop,37.0054,1415.523,1142,0.086519,,,0,1.536555,1.936,rolling,0
crawl,1,forward,closed_loop,37.0270,1415.523,1142,0.086519,,,0,1.536555,1.938,rolling,0
crawl,1,forward,closed_loop,37.0490,1415.358,1141,0.081083,0.0064256,0.0003062,1,1.542981,1.938,rolling,0
crawl,1,forward,closed_loop,37.0653,1415.358,1141,0.081083,,,0,1.542981,1.938,rolling,0
crawl,1,forward,closed_loop,37.0869,1415.358,1141,0.081083,,,0,1.542981,1.938,rolling,0
crawl,1,forward,closed_loop,37.1084,1415.358,1141,0.081083,,,0,1.542981,1.938,rolling,0
crawl,1,forward,closed_loop,37.1300,1415.358,1141,0.081083,,,0,1.542981,1.944,rolling,0
crawl,1,forward,closed_loop,37.1478,1415.265,1141,0.079505,0.0073909,-0.0011453,1,1.550372,1.944,rolling,0
crawl,1,forward,closed_loop,37.1567,1415.265,1141,0.079505,,,0,1.550372,1.944,rolling,0
crawl,1,forward,closed_loop,37.1784,1415.265,1141,0.079505,,,0,1.550372,1.944,rolling,0
crawl,1,forward,closed_loop,37.1999,1415.265,1141,0.079505,,,0,1.550372,1.944,rolling,0
crawl,1,forward,closed_loop,37.2215,1415.265,1141,0.079505,,,0,1.550372,1.944,rolling,0
crawl,1,forward,closed_loop,37.2430,1415.265,1141,0.079505,,,0,1.550372,1.952,rolling,0
crawl,1,forward,closed_loop,37.2468,1415.140,1141,0.076678,0.0067294,0.0015676,1,1.557101,1.952,rolling,0
crawl,1,forward,closed_loop,37.2648,1415.140,1141,0.076678,,,0,1.557101,1.952,rolling,0
crawl,1,forward,closed_loop,37.2865,1415.140,1141,0.076678,,,0,1.557101,1.952,rolling,0
crawl,1,forward,closed_loop,37.3080,1415.140,1141,0.076678,,,0,1.557101,1.952,rolling,0
crawl,1,forward,closed_loop,37.3296,1415.140,1141,0.076678,,,0,1.557101,1.961,rolling,0
crawl,1,forward,closed_loop,37.3483,1415.127,1141,0.079158,0.0086648,-0.0006811,1,1.565766,1.961,rolling,0
crawl,1,forward,closed_loop,37.3627,1415.127,1141,0.079158,,,0,1.565766,1.961,rolling,0
crawl,1,forward,closed_loop,37.3845,1415.127,1141,0.079158,,,0,1.565766,1.961,rolling,0
crawl,1,forward,closed_loop,37.4060,1415.127,1141,0.079158,,,0,1.565766,1.961,rolling,0
crawl,1,forward,closed_loop,37.4276,1415.127,1141,0.079158,,,0,1.565766,1.964,rolling,0
crawl,1,forward,closed_loop,37.4454,1414.972,1141,0.075151,0.0063515,-0.0017832,1,1.572118,1.964,rolling,0
crawl,1,forward,closed_loop,37.4575,1414.972,1141,0.075151,,,0,1.572118,1.964,rolling,0
crawl,1,forward,closed_loop,37.4791,1414.972,1141,0.075151,,,0,1.572118,1.964,rolling,0
crawl,1,forward,closed_loop,37.5006,1414.972,1141,0.075151,,,0,1.572118,1.964,rolling,0
crawl,1,forward,closed_loop,37.5223,1414.972,1141,0.075151,,,0,1.572118,1.964,rolling,0
crawl,1,forward,closed_loop,37.5441,1414.972,1141,0.075151,,,0,1.572118,1.963,rolling,0
crawl,1,forward,closed_loop,37.5467,1414.570,1141,0.060857,0.0017661,0.0005491,1,1.573884,1.963,rolling,0
crawl,1,forward,closed_loop,37.5608,1414.570,1141,0.060857,,,0,1.573884,1.963,rolling,0
crawl,1,forward,closed_loop,37.5824,1414.570,1141,0.060857,,,0,1.573884,1.963,rolling,0
crawl,1,forward,closed_loop,37.6040,1414.570,1141,0.060857,,,0,1.573884,1.963,rolling,0
crawl,1,forward,closed_loop,37.6255,1414.570,1141,0.060857,,,0,1.573884,1.965,rolling,0
crawl,1,forward,closed_loop,37.6466,1414.081,1140,0.044685,-0.0003839,-0.0002811,1,1.574268,1.965,rolling,0
crawl,1,forward,closed_loop,37.6657,1414.081,1140,0.044685,,,0,1.574268,1.965,rolling,0
crawl,1,forward,closed_loop,37.6874,1414.081,1140,0.044685,,,0,1.574268,1.965,rolling,0
crawl,1,forward,closed_loop,37.7089,1414.081,1140,0.044685,,,0,1.574268,1.965,rolling,0
crawl,1,forward,closed_loop,37.7304,1414.081,1140,0.044685,,,0,1.574268,1.964,rolling,0
crawl,1,forward,closed_loop,37.7468,1413.636,1140,0.032688,-0.0003343,-0.0002557,1,1.574602,1.964,rolling,0
crawl,1,forward,closed_loop,37.7643,1413.636,1140,0.032688,,,0,1.574602,1.964,rolling,0
crawl,1,forward,closed_loop,37.7861,1413.636,1140,0.032688,,,0,1.574602,1.964,rolling,0
crawl,1,forward,closed_loop,37.8078,1413.636,1140,0.032688,,,0,1.574602,1.964,rolling,0
crawl,1,forward,closed_loop,37.8294,1413.636,1140,0.032688,,,0,1.574602,1.963,rolling,0
crawl,1,forward,closed_loop,37.8457,1413.250,1140,0.024781,0.0001070,-0.0012034,1,1.574709,1.963,rolling,0
crawl,1,forward,closed_loop,37.8534,1413.250,1140,0.024781,,,0,1.574709,1.963,rolling,0
crawl,1,forward,closed_loop,37.8751,1413.250,1140,0.024781,,,0,1.574709,1.963,rolling,0
crawl,1,forward,closed_loop,37.8967,1413.250,1140,0.024781,,,0,1.574709,1.963,rolling,0
crawl,1,forward,closed_loop,37.9181,1413.250,1140,0.024781,,,0,1.574709,1.963,rolling,0
crawl,1,forward,closed_loop,37.9396,1413.250,1140,0.024781,,,0,1.574709,1.964,rolling,0
crawl,1,forward,closed_loop,37.9456,1412.892,1139,0.018874,0.0001138,0.0011542,1,1.574823,1.964,rolling,0
crawl,1,forward,closed_loop,37.9580,1412.892,1139,0.018874,,,0,1.574823,1.964,rolling,0
crawl,1,forward,closed_loop,37.9797,1412.892,1139,0.018874,,,0,1.574823,1.964,rolling,0
crawl,1,forward,closed_loop,38.0013,1412.892,1139,0.018874,,,0,1.574823,1.964,rolling,0
crawl,1,forward,closed_loop,38.0228,1412.892,1139,0.018874,,,0,1.574823,1.964,rolling,0
crawl,1,forward,closed_loop,38.0446,1412.892,1139,0.018874,,,0,1.574823,1.964,rolling,0
crawl,1,forward,closed_loop,38.0471,1412.527,1139,0.013521,-0.0002521,0.0002053,1,1.575075,1.964,rolling,0
crawl,1,forward,closed_loop,38.0603,1412.527,1139,0.013521,,,0,1.575075,1.964,rolling,0
crawl,1,forward,closed_loop,38.0819,1412.527,1139,0.013521,,,0,1.575075,1.964,rolling,0
crawl,1,forward,closed_loop,38.1034,1412.527,1139,0.013521,,,0,1.575075,1.964,rolling,0
crawl,1,forward,closed_loop,38.1250,1412.527,1139,0.013521,,,0,1.575075,1.964,rolling,0
crawl,1,forward,closed_loop,38.1467,1412.162,1139,0.008935,-0.0004828,0.0007234,1,1.575558,1.964,recovery,1
crawl,1,forward,closed_loop,38.1625,1412.162,1139,0.008935,,,0,1.575558,1.964,recovery,1
crawl,1,forward,closed_loop,38.1842,1412.162,1139,0.008935,,,0,1.575558,1.964,recovery,1
crawl,1,forward,closed_loop,38.2057,1412.162,1139,0.008935,,,0,1.575558,1.964,recovery,1
crawl,1,forward,closed_loop,38.2273,1412.162,1139,0.008935,,,0,1.575558,1.964,recovery,1
crawl,1,forward,closed_loop,38.2495,1409.062,1136,0.005899,-0.0003220,-0.0000897,1,1.575880,1.964,recovery,1
crawl,1,forward,closed_loop,38.2667,1409.062,1136,0.005899,,,0,1.575880,1.964,recovery,1
crawl,1,forward,closed_loop,38.2884,1409.062,1136,0.005899,,,0,1.575880,1.964,recovery,1
crawl,1,forward,closed_loop,38.3102,1409.062,1136,0.005899,,,0,1.575880,1.964,recovery,1
crawl,1,forward,closed_loop,38.3318,1409.062,1136,0.005899,,,0,1.575880,1.965,recovery,1
crawl,1,forward,closed_loop,38.3503,1405.962,1134,0.000255,-0.0017198,-0.0002357,1,1.577599,1.965,recovery,1
crawl,1,forward,closed_loop,38.3601,1405.962,1134,0.000255,,,0,1.577599,1.965,recovery,1
crawl,1,forward,closed_loop,38.3819,1405.962,1134,0.000255,,,0,1.577599,1.965,recovery,1
crawl,1,forward,closed_loop,38.4034,1405.962,1134,0.000255,,,0,1.577599,1.965,recovery,1
crawl,1,forward,closed_loop,38.4250,1405.962,1134,0.000255,,,0,1.577599,1.965,recovery,1
crawl,1,forward,closed_loop,38.4467,1405.962,1134,0.000255,,,0,1.577599,1.964,recovery,1
crawl,1,forward,closed_loop,38.4494,1402.862,1131,0.001457,0.0005113,-0.0009106,1,1.578111,1.964,recovery,1
crawl,1,forward,closed_loop,38.4621,1402.862,1131,0.001457,,,0,1.578111,1.964,recovery,1
crawl,1,forward,closed_loop,38.4837,1402.862,1131,0.001457,,,0,1.578111,1.964,recovery,1
crawl,1,forward,closed_loop,38.5052,1402.862,1131,0.001457,,,0,1.578111,1.964,recovery,1
crawl,1,forward,closed_loop,38.5267,1402.862,1131,0.001457,,,0,1.578111,1.965,recovery,1
crawl,1,forward,closed_loop,38.5498,1399.762,1129,-0.003687,-0.0018607,0.0003986,1,1.579971,1.965,recovery,1
crawl,1,forward,closed_loop,38.5626,1399.762,1129,-0.003687,,,0,1.579971,1.965,recovery,1
crawl,1,forward,closed_loop,38.5842,1399.762,1129,-0.003687,,,0,1.579971,1.965,recovery,1
crawl,1,forward,closed_loop,38.6058,1399.762,1129,-0.003687,,,0,1.579971,1.965,recovery,1
crawl,1,forward,closed_loop,38.6273,1399.762,1129,-0.003687,,,0,1.579971,1.965,recovery,1
crawl,1,forward,closed_loop,38.6496,1396.662,1126,0.003693,0.0026121,0.0005797,1,1.582583,1.965,recovery,1
crawl,1,forward,closed_loop,38.6599,1396.662,1126,0.003693,,,0,1.582583,1.965,recovery,1
crawl,1,forward,closed_loop,38.6816,1396.662,1126,0.003693,,,0,1.582583,1.965,recovery,1
crawl,1,forward,closed_loop,38.7032,1396.662,1126,0.003693,,,0,1.582583,1.965,recovery,1
crawl,1,forward,closed_loop,38.7249,1396.662,1126,0.003693,,,0,1.582583,1.965,recovery,1
crawl,1,forward,closed_loop,38.7465,1396.662,1126,0.003693,,,0,1.582583,1.975,recovery,1
crawl,1,forward,closed_loop,38.7514,1393.562,1124,0.031348,0.0114941,0.0000691,1,1.594077,1.975,recovery,1
crawl,1,forward,closed_loop,38.7655,1393.562,1124,0.031348,,,0,1.594077,1.975,recovery,1
crawl,1,forward,closed_loop,38.7873,1393.562,1124,0.031348,,,0,1.594077,1.975,recovery,1
crawl,1,forward,closed_loop,38.8089,1393.562,1124,0.031348,,,0,1.594077,1.975,recovery,1
crawl,1,forward,closed_loop,38.8304,1393.562,1124,0.031348,,,0,1.594077,1.992,recovery,1
crawl,1,forward,closed_loop,38.8511,1413.983,1140,0.066822,0.0174203,-0.0009631,1,1.611498,1.992,rolling,1
crawl,1,forward,closed_loop,38.8606,1413.983,1140,0.066822,,,0,1.611498,1.992,rolling,1
crawl,1,forward,closed_loop,38.8823,1413.983,1140,0.066822,,,0,1.611498,1.992,rolling,1
crawl,1,forward,closed_loop,38.9039,1413.983,1140,0.066822,,,0,1.611498,1.992,rolling,1
crawl,1,forward,closed_loop,38.9254,1413.983,1140,0.066822,,,0,1.611498,1.992,rolling,1
crawl,1,forward,closed_loop,38.9470,1413.983,1140,0.066822,,,0,1.611498,2.019,rolling,1
crawl,1,forward,closed_loop,38.9509,1414.669,1141,0.129801,0.0320218,0.0001849,1,1.643520,2.019,rolling,1
crawl,1,forward,closed_loop,38.9709,1414.669,1141,0.129801,,,0,1.643520,2.019,rolling,1
crawl,1,forward,closed_loop,38.9925,1414.669,1141,0.129801,,,0,1.643520,2.019,rolling,1
crawl,1,forward,closed_loop,39.0140,1414.669,1141,0.129801,,,0,1.643520,2.019,rolling,1
crawl,1,forward,closed_loop,39.0356,1414.669,1141,0.129801,,,0,1.643520,2.049,rolling,1
crawl,1,forward,closed_loop,39.0492,1415.679,1142,0.169785,0.0291368,0.0008525,1,1.672656,2.049,rolling,1
crawl,1,forward,closed_loop,39.0616,1415.679,1142,0.169785,,,0,1.672656,2.049,rolling,1
crawl,1,forward,closed_loop,39.0833,1415.679,1142,0.169785,,,0,1.672656,2.049,rolling,1
crawl,1,forward,closed_loop,39.1050,1415.679,1142,0.169785,,,0,1.672656,2.049,rolling,1
crawl,1,forward,closed_loop,39.1265,1415.679,1142,0.169785,,,0,1.672656,2.049,rolling,1
crawl,1,forward,closed_loop,39.1482,1415.679,1142,0.169785,,,0,1.672656,2.071,rolling,1
crawl,1,forward,closed_loop,39.1509,1416.292,1142,0.187580,0.0235486,0.0005380,1,1.696205,2.071,rolling,1
crawl,1,forward,closed_loop,39.1664,1416.292,1142,0.187580,,,0,1.696205,2.071,rolling,1
crawl,1,forward,closed_loop,39.1882,1416.292,1142,0.187580,,,0,1.696205,2.071,rolling,1
crawl,1,forward,closed_loop,39.2099,1416.292,1142,0.187580,,,0,1.696205,2.071,rolling,1
crawl,1,forward,closed_loop,39.2314,1416.292,1142,0.187580,,,0,1.696205,2.096,rolling,1
crawl,1,forward,closed_loop,39.2508,1416.660,1142,0.192081,0.0206574,0.0013005,1,1.716862,2.096,rolling,1
crawl,1,forward,closed_loop,39.2610,1416.660,1142,0.192081,,,0,1.716862,2.096,rolling,1
crawl,1,forward,closed_loop,39.2828,1416.660,1142,0.192081,,,0,1.716862,2.096,rolling,1
crawl,1,forward,closed_loop,39.3044,1416.660,1142,0.192081,,,0,1.716862,2.096,rolling,1
crawl,1,forward,closed_loop,39.3260,1416.660,1142,0.192081,,,0,1.716862,2.096,rolling,1
crawl,1,forward,closed_loop,39.3476,1416.660,1142,0.192081,,,0,1.716862,2.117,rolling,1
crawl,1,forward,closed_loop,39.3506,1417.157,1143,0.201608,0.0231959,-0.0024081,1,1.740058,2.117,rolling,1
crawl,1,forward,closed_loop,39.3665,1417.157,1143,0.201608,,,0,1.740058,2.117,rolling,1
crawl,1,forward,closed_loop,39.3882,1417.157,1143,0.201608,,,0,1.740058,2.117,rolling,1
crawl,1,forward,closed_loop,39.4098,1417.157,1143,0.201608,,,0,1.740058,2.117,rolling,1
crawl,1,forward,closed_loop,39.4315,1417.157,1143,0.201608,,,0,1.740058,2.131,rolling,1
crawl,1,forward,closed_loop,39.4488,1417.429,1143,0.200140,0.0196343,0.0002744,1,1.759692,2.131,rolling,1
crawl,1,forward,closed_loop,39.4615,1417.429,1143,0.200140,,,0,1.759692,2.131,rolling,1
crawl,1,forward,closed_loop,39.4831,1417.429,1143,0.200140,,,0,1.759692,2.131,rolling,1
crawl,1,forward,closed_loop,39.5047,1417.429,1143,0.200140,,,0,1.759692,2.131,rolling,1
crawl,1,forward,closed_loop,39.5262,1417.429,1143,0.200140,,,0,1.759692,2.139,rolling,1
crawl,1,forward,closed_loop,39.5488,1417.429,1143,0.200140,,,0,1.759692,2.139,rolling,1
crawl,1,forward,closed_loop,39.5502,1417.364,1143,0.184448,0.0134504,-0.0016058,1,1.773143,2.139,rolling,1
crawl,1,forward,closed_loop,39.5636,1417.364,1143,0.184448,,,0,1.773143,2.139,rolling,1
crawl,1,forward,closed_loop,39.5852,1417.364,1143,0.184448,,,0,1.773143,2.139,rolling,1
crawl,1,forward,closed_loop,39.6067,1417.364,1143,0.184448,,,0,1.773143,2.139,rolling,1
crawl,1,forward,closed_loop,39.6283,1417.364,1143,0.184448,,,0,1.773143,2.148,rolling,1
crawl,1,forward,closed_loop,39.6495,1417.395,1143,0.174658,0.0147632,-0.0003489,1,1.787906,2.148,rolling,1
crawl,1,forward,closed_loop,39.6651,1417.395,1143,0.174658,,,0,1.787906,2.148,rolling,1
crawl,1,forward,closed_loop,39.6867,1417.395,1143,0.174658,,,0,1.787906,2.148,rolling,1
crawl,1,forward,closed_loop,39.7082,1417.395,1143,0.174658,,,0,1.787906,2.148,rolling,1
crawl,1,forward,closed_loop,39.7298,1417.395,1143,0.174658,,,0,1.787906,2.151,rolling,1
crawl,1,forward,closed_loop,39.7504,1417.461,1143,0.167815,0.0146865,0.0008566,1,1.802593,2.151,rolling,1
crawl,1,forward,closed_loop,39.7615,1417.461,1143,0.167815,,,0,1.802593,2.151,rolling,1
crawl,1,forward,closed_loop,39.7832,1417.461,1143,0.167815,,,0,1.802593,2.151,rolling,1
crawl,1,forward,closed_loop,39.8049,1417.461,1143,0.167815,,,0,1.802593,2.151,rolling,1
crawl,1,forward,closed_loop,39.8265,1417.461,1143,0.167815,,,0,1.802593,2.142,rolling,1
crawl,1,forward,closed_loop,39.8485,1417.461,1143,0.167815,,,0,1.802593,2.142,rolling,1
crawl,1,forward,closed_loop,39.8708,1417.201,1143,0.147627,0.0087379,-0.0001168,1,1.811330,2.142,rolling,1
crawl,1,forward,closed_loop,39.8729,1417.201,1143,0.147627,,,0,1.811330,2.142,rolling,1
crawl,1,forward,closed_loop,39.8946,1417.201,1143,0.147627,,,0,1.811330,2.142,rolling,1
crawl,1,forward,closed_loop,39.9164,1417.201,1143,0.147627,,,0,1.811330,2.142,rolling,1
crawl,1,forward,closed_loop,39.9381,1417.201,1143,0.147627,,,0,1.811330,2.135,rolling,1
crawl,1,forward,closed_loop,39.9488,1417.116,1143,0.137823,0.0106073,-0.0008798,1,1.821938,2.135,rolling,1
crawl,1,forward,closed_loop,39.9622,1417.116,1143,0.137823,,,0,1.821938,2.135,rolling,1
crawl,1,forward,closed_loop,39.9839,1417.116,1143,0.137823,,,0,1.821938,2.135,rolling,1
crawl,1,forward,closed_loop,40.0055,1417.116,1143,0.137823,,,0,1.821938,2.135,rolling,1
crawl,1,forward,closed_loop,40.0272,1417.116,1143,0.137823,,,0,1.821938,2.128,rolling,1
crawl,1,forward,closed_loop,40.0492,1416.926,1143,0.124583,0.0085528,-0.0030416,1,1.830491,2.128,rolling,1
crawl,1,forward,closed_loop,40.0660,1416.926,1143,0.124583,,,0,1.830491,2.128,rolling,1
crawl,1,forward,closed_loop,40.0876,1416.926,1143,0.124583,,,0,1.830491,2.128,rolling,1
crawl,1,forward,closed_loop,40.1092,1416.926,1143,0.124583,,,0,1.830491,2.128,rolling,1
crawl,1,forward,closed_loop,40.1307,1416.926,1143,0.124583,,,0,1.830491,2.137,rolling,1
crawl,1,forward,closed_loop,40.1499,1416.784,1143,0.115216,0.0088269,-0.0010100,1,1.839317,2.137,rolling,1
crawl,1,forward,closed_loop,40.1643,1416.784,1143,0.115216,,,0,1.839317,2.137,rolling,1
crawl,1,forward,closed_loop,40.1859,1416.784,1143,0.115216,,,0,1.839317,2.137,rolling,1
crawl,1,forward,closed_loop,40.2079,1416.784,1143,0.115216,,,0,1.839317,2.137,rolling,1
crawl,1,forward,closed_loop,40.2295,1416.784,1143,0.115216,,,0,1.839317,2.153,rolling,1
crawl,1,forward,closed_loop,40.2480,1416.630,1142,0.106537,0.0080352,-0.0005363,1,1.847353,2.153,rolling,1
crawl,1,forward,closed_loop,40.2585,1416.630,1142,0.106537,,,0,1.847353,2.153,rolling,1
crawl,1,forward,closed_loop,40.2802,1416.630,1142,0.106537,,,0,1.847353,2.153,rolling,1
crawl,1,forward,closed_loop,40.3018,1416.630,1142,0.106537,,,0,1.847353,2.153,rolling,1
crawl,1,forward,closed_loop,40.3233,1416.630,1142,0.106537,,,0,1.847353,2.153,rolling,1
crawl,1,forward,closed_loop,40.3449,1416.630,1142,0.106537,,,0,1.847353,2.137,rolling,1
crawl,1,forward,closed_loop,40.3481,1416.630,1142,0.106537,,,0,1.847353,2.137,rolling,1
crawl,1,forward,closed_loop,40.3703,1416.325,1142,0.092372,0.0048736,0.0030888,1,1.852226,2.137,rolling,1
crawl,1,forward,closed_loop,40.3720,1416.325,1142,0.092372,,,0,1.852226,2.137,rolling,1
crawl,1,forward,closed_loop,40.3937,1416.325,1142,0.092372,,,0,1.852226,2.137,rolling,1
crawl,1,forward,closed_loop,40.4153,1416.325,1142,0.092372,,,0,1.852226,2.137,rolling,1
crawl,1,forward,closed_loop,40.4369,1416.325,1142,0.092372,,,0,1.852226,2.145,rolling,1
crawl,1,forward,closed_loop,40.4484,1416.325,1142,0.092372,,,0,1.852226,2.145,rolling,1
crawl,1,forward,closed_loop,40.4710,1416.356,1142,0.094732,0.0102601,-0.0004676,1,1.862486,2.145,rolling,1
crawl,1,forward,closed_loop,40.4727,1416.356,1142,0.094732,,,0,1.862486,2.145,rolling,1
crawl,1,forward,closed_loop,40.4943,1416.356,1142,0.094732,,,0,1.862486,2.145,rolling,1
crawl,1,forward,closed_loop,40.5159,1416.356,1142,0.094732,,,0,1.862486,2.145,rolling,1
crawl,1,forward,closed_loop,40.5374,1416.356,1142,0.094732,,,0,1.862486,2.131,rolling,1
crawl,1,forward,closed_loop,40.5492,1416.077,1142,0.083283,0.0049140,-0.0019526,1,1.867400,2.131,rolling,1
crawl,1,forward,closed_loop,40.5621,1416.077,1142,0.083283,,,0,1.867400,2.131,rolling,1
crawl,1,forward,closed_loop,40.5838,1416.077,1142,0.083283,,,0,1.867400,2.131,rolling,1
crawl,1,forward,closed_loop,40.6053,1416.077,1142,0.083283,,,0,1.867400,2.131,rolling,1
crawl,1,forward,closed_loop,40.6268,1416.077,1142,0.083283,,,0,1.867400,2.146,rolling,1
crawl,1,forward,closed_loop,40.6476,1416.037,1142,0.083782,0.0086637,-0.0006413,1,1.876064,2.146,rolling,1
crawl,1,forward,closed_loop,40.6682,1416.037,1142,0.083782,,,0,1.876064,2.146,rolling,1
crawl,1,forward,closed_loop,40.6899,1416.037,1142,0.083782,,,0,1.876064,2.146,rolling,1
crawl,1,forward,closed_loop,40.7115,1416.037,1142,0.083782,,,0,1.876064,2.146,rolling,1
crawl,1,forward,closed_loop,40.7332,1416.037,1142,0.083782,,,0,1.876064,2.141,rolling,1
crawl,1,forward,closed_loop,40.7482,1416.080,1142,0.087708,0.0096403,-0.0005515,1,1.885704,2.141,rolling,1
crawl,1,forward,closed_loop,40.7629,1416.080,1142,0.087708,,,0,1.885704,2.141,rolling,1
crawl,1,forward,closed_loop,40.7847,1416.080,1142,0.087708,,,0,1.885704,2.141,rolling,1
crawl,1,forward,closed_loop,40.8063,1416.080,1142,0.087708,,,0,1.885704,2.141,rolling,1
crawl,1,forward,closed_loop,40.8280,1416.080,1142,0.087708,,,0,1.885704,2.143,rolling,1
crawl,1,forward,closed_loop,40.8484,1415.820,1142,0.078019,0.0049241,0.0007315,1,1.890628,2.143,rolling,1
crawl,1,forward,closed_loop,40.8619,1415.820,1142,0.078019,,,0,1.890628,2.143,rolling,1
crawl,1,forward,closed_loop,40.8836,1415.820,1142,0.078019,,,0,1.890628,2.143,rolling,1
crawl,1,forward,closed_loop,40.9053,1415.820,1142,0.078019,,,0,1.890628,2.143,rolling,1
crawl,1,forward,closed_loop,40.9268,1415.820,1142,0.078019,,,0,1.890628,2.148,rolling,1
crawl,1,forward,closed_loop,40.9489,1415.567,1142,0.069913,0.0045955,-0.0011428,1,1.895224,2.148,rolling,1
crawl,1,forward,closed_loop,40.9684,1415.567,1142,0.069913,,,0,1.895224,2.148,rolling,1
crawl,1,forward,closed_loop,40.9900,1415.567,1142,0.069913,,,0,1.895224,2.148,rolling,1
crawl,1,forward,closed_loop,41.0116,1415.567,1142,0.069913,,,0,1.895224,2.148,rolling,1
crawl,1,forward,closed_loop,41.0331,1415.567,1142,0.069913,,,0,1.895224,2.130,rolling,1
crawl,1,forward,closed_loop,41.0497,1415.090,1141,0.053129,0.0002790,-0.0002445,1,1.895503,2.130,rolling,1
crawl,1,forward,closed_loop,41.0592,1415.090,1141,0.053129,,,0,1.895503,2.130,rolling,1
crawl,1,forward,closed_loop,41.0809,1415.090,1141,0.053129,,,0,1.895503,2.130,rolling,1
crawl,1,forward,closed_loop,41.1024,1415.090,1141,0.053129,,,0,1.895503,2.130,rolling,1
crawl,1,forward,closed_loop,41.1239,1415.090,1141,0.053129,,,0,1.895503,2.130,rolling,1
crawl,1,forward,closed_loop,41.1455,1415.090,1141,0.053129,,,0,1.895503,2.150,rolling,1
crawl,1,forward,closed_loop,41.1503,1414.613,1141,0.038539,-0.0005261,-0.0003067,1,1.896029,2.150,rolling,1
crawl,1,forward,closed_loop,41.1607,1414.613,1141,0.038539,,,0,1.896029,2.150,rolling,1
crawl,1,forward,closed_loop,41.1824,1414.613,1141,0.038539,,,0,1.896029,2.150,rolling,1
crawl,1,forward,closed_loop,41.2039,1414.613,1141,0.038539,,,0,1.896029,2.150,rolling,1
crawl,1,forward,closed_loop,41.2254,1414.613,1141,0.038539,,,0,1.896029,2.131,rolling,1
crawl,1,forward,closed_loop,41.2481,1414.204,1140,0.028846,-0.0000234,-0.0004159,1,1.896052,2.131,rolling,1
crawl,1,forward,closed_loop,41.2574,1414.204,1140,0.028846,,,0,1.896052,2.131,rolling,1
crawl,1,forward,closed_loop,41.2790,1414.204,1140,0.028846,,,0,1.896052,2.131,rolling,1
crawl,1,forward,closed_loop,41.3005,1414.204,1140,0.028846,,,0,1.896052,2.131,rolling,1
crawl,1,forward,closed_loop,41.3221,1414.204,1140,0.028846,,,0,1.896052,2.131,rolling,1
crawl,1,forward,closed_loop,41.3436,1414.204,1140,0.028846,,,0,1.896052,2.145,rolling,1
crawl,1,forward,closed_loop,41.3484,1413.789,1140,0.019849,-0.0007004,0.0001760,1,1.896753,2.145,rolling,1
crawl,1,forward,closed_loop,41.3603,1413.789,1140,0.019849,,,0,1.896753,2.145,rolling,1
crawl,1,forward,closed_loop,41.3820,1413.789,1140,0.019849,,,0,1.896753,2.145,rolling,1
crawl,1,forward,closed_loop,41.4036,1413.789,1140,0.019849,,,0,1.896753,2.145,rolling,1
crawl,1,forward,closed_loop,41.4252,1413.789,1140,0.019849,,,0,1.896753,2.145,rolling,1
crawl,1,forward,closed_loop,41.4469,1413.789,1140,0.019849,,,0,1.896753,2.137,rolling,1
crawl,1,forward,closed_loop,41.4495,1413.241,1140,0.006545,-0.0033498,0.0018304,1,1.900103,2.137,rolling,1
crawl,1,forward,closed_loop,41.4674,1413.241,1140,0.006545,,,0,1.900103,2.137,rolling,1
crawl,1,forward,closed_loop,41.4891,1413.241,1140,0.006545,,,0,1.900103,2.137,rolling,1
crawl,1,forward,closed_loop,41.5106,1413.241,1140,0.006545,,,0,1.900103,2.137,rolling,1
crawl,1,forward,closed_loop,41.5321,1413.241,1140,0.006545,,,0,1.900103,2.145,rolling,1
crawl,1,forward,closed_loop,41.5500,1412.985,1140,0.007634,0.0010936,-0.0002107,1,1.901196,2.145,recovery,2
crawl,1,forward,closed_loop,41.5613,1412.985,1140,0.007634,,,0,1.901196,2.145,recovery,2
crawl,1,forward,closed_loop,41.5831,1412.985,1140,0.007634,,,0,1.901196,2.145,recovery,2
crawl,1,forward,closed_loop,41.6047,1412.985,1140,0.007634,,,0,1.901196,2.145,recovery,2
crawl,1,forward,closed_loop,41.6262,1412.985,1140,0.007634,,,0,1.901196,2.143,recovery,2
crawl,1,forward,closed_loop,41.6474,1409.885,1137,0.007321,0.0006420,-0.0000640,1,1.901838,2.143,recovery,2
crawl,1,forward,closed_loop,41.6594,1409.885,1137,0.007321,,,0,1.901838,2.143,recovery,2
crawl,1,forward,closed_loop,41.6811,1409.885,1137,0.007321,,,0,1.901838,2.143,recovery,2
crawl,1,forward,closed_loop,41.7027,1409.885,1137,0.007321,,,0,1.901838,2.143,recovery,2
crawl,1,forward,closed_loop,41.7242,1409.885,1137,0.007321,,,0,1.901838,2.143,recovery,2
crawl,1,forward,closed_loop,41.7458,1409.885,1137,0.007321,,,0,1.901838,2.130,recovery,2
crawl,1,forward,closed_loop,41.7485,1406.785,1135,0.007238,0.0006879,-0.0001153,1,1.902526,2.130,recovery,2
crawl,1,forward,closed_loop,41.7565,1406.785,1135,0.007238,,,0,1.902526,2.130,recovery,2
crawl,1,forward,closed_loop,41.7782,1406.785,1135,0.007238,,,0,1.902526,2.130,recovery,2
crawl,1,forward,closed_loop,41.7998,1406.785,1135,0.007238,,,0,1.902526,2.130,recovery,2
crawl,1,forward,closed_loop,41.8213,1406.785,1135,0.007238,,,0,1.902526,2.130,recovery,2
crawl,1,forward,closed_loop,41.8429,1406.785,1135,0.007238,,,0,1.902526,2.127,recovery,2
crawl,1,forward,closed_loop,41.8492,1403.685,1132,0.010749,0.0021242,0.0002721,1,1.904650,2.127,recovery,2
crawl,1,forward,closed_loop,41.8630,1403.685,1132,0.010749,,,0,1.904650,2.127,recovery,2
crawl,1,forward,closed_loop,41.8846,1403.685,1132,0.010749,,,0,1.904650,2.127,recovery,2
crawl,1,forward,closed_loop,41.9062,1403.685,1132,0.010749,,,0,1.904650,2.127,recovery,2
crawl,1,forward,closed_loop,41.9277,1403.685,1132,0.010749,,,0,1.904650,2.135,recovery,2
crawl,1,forward,closed_loop,41.9491,1400.585,1130,0.012495,0.0017838,0.0003458,1,1.906434,2.135,recovery,2
crawl,1,forward,closed_loop,41.9614,1400.585,1130,0.012495,,,0,1.906434,2.135,recovery,2
crawl,1,forward,closed_loop,41.9831,1400.585,1130,0.012495,,,0,1.906434,2.135,recovery,2
crawl,1,forward,closed_loop,42.0048,1400.585,1130,0.012495,,,0,1.906434,2.135,recovery,2
crawl,1,forward,closed_loop,42.0264,1400.585,1130,0.012495,,,0,1.906434,2.146,recovery,2
crawl,1,forward,closed_loop,42.0471,1397.485,1127,0.033256,0.0096799,-0.0011498,1,1.916114,2.146,recovery,2
crawl,1,forward,closed_loop,42.0621,1397.485,1127,0.033256,,,0,1.916114,2.146,recovery,2
crawl,1,forward,closed_loop,42.0839,1397.485,1127,0.033256,,,0,1.916114,2.146,recovery,2
crawl,1,forward,closed_loop,42.1055,1397.485,1127,0.033256,,,0,1.916114,2.146,recovery,2
crawl,1,forward,closed_loop,42.1272,1397.485,1127,0.033256,,,0,1.916114,2.125,recovery,2
crawl,1,forward,closed_loop,42.1476,1414.832,1141,0.076751,0.0201581,0.0000244,1,1.936272,2.125,rolling,2
crawl,1,forward,closed_loop,42.1659,1414.832,1141,0.076751,,,0,1.936272,2.125,rolling,2
crawl,1,forward,closed_loop,42.1877,1414.832,1141,0.076751,,,0,1.936272,2.125,rolling,2
crawl,1,forward,closed_loop,42.2092,1414.832,1141,0.076751,,,0,1.936272,2.125,rolling,2
crawl,1,forward,closed_loop,42.2307,1414.832,1141,0.076751,,,0,1.936272,2.172,rolling,2
crawl,1,forward,closed_loop,42.2456,1415.106,1141,0.111885,0.0218466,0.0009948,1,1.958119,2.172,rolling,2
crawl,1,forward,closed_loop,42.2566,1415.106,1141,0.111885,,,0,1.958119,2.172,rolling,2
crawl,1,forward,closed_loop,42.2783,1415.106,1141,0.111885,,,0,1.958119,2.172,rolling,2
crawl,1,forward,closed_loop,42.2999,1415.106,1141,0.111885,,,0,1.958119,2.172,rolling,2
crawl,1,forward,closed_loop,42.3214,1415.106,1141,0.111885,,,0,1.958119,2.172,rolling,2
crawl,1,forward,closed_loop,42.3429,1415.106,1141,0.111885,,,0,1.958119,2.185,rolling,2
crawl,1,forward,closed_loop,42.3465,1415.834,1142,0.142079,0.0229732,0.0009767,1,1.981092,2.185,rolling,2
crawl,1,forward,closed_loop,42.3577,1415.834,1142,0.142079,,,0,1.981092,2.185,rolling,2
crawl,1,forward,closed_loop,42.3793,1415.834,1142,0.142079,,,0,1.981092,2.185,rolling,2
crawl,1,forward,closed_loop,42.4008,1415.834,1142,0.142079,,,0,1.981092,2.185,rolling,2
crawl,1,forward,closed_loop,42.4224,1415.834,1142,0.142079,,,0,1.981092,0.837,rolling,2
crawl,1,forward,closed_loop,42.4445,1416.204,1142,0.152675,0.0184068,-0.0007988,1,1.999499,0.837,rolling,2
crawl,1,forward,closed_loop,42.4635,1416.204,1142,0.152675,,,0,1.999499,0.837,rolling,2
crawl,1,forward,closed_loop,42.4851,1416.204,1142,0.152675,,,0,1.999499,0.837,rolling,2
crawl,1,forward,closed_loop,42.5066,1416.204,1142,0.152675,,,0,1.999499,0.837,rolling,2
crawl,1,forward,closed_loop,42.5281,1416.204,1142,0.152675,,,0,1.999499,0.830,rolling,2
crawl,1,forward,closed_loop,42.5448,1416.884,1143,0.175554,0.0239899,-0.0007396,1,2.023488,0.830,rolling,2
crawl,1,forward,closed_loop,42.5588,1416.884,1143,0.175554,,,0,2.023488,0.830,rolling,2
crawl,1,forward,closed_loop,42.5803,1416.884,1143,0.175554,,,0,2.023488,0.830,rolling,2
crawl,1,forward,closed_loop,42.6018,1416.884,1143,0.175554,,,0,2.023488,0.830,rolling,2
crawl,1,forward,closed_loop,42.6234,1416.884,1143,0.175554,,,0,2.023488,0.837,rolling,2
crawl,1,forward,closed_loop,42.6424,1416.964,1143,0.169105,0.0151014,-0.0001806,1,2.038590,0.837,rolling,2
crawl,1,forward,closed_loop,42.6563,1416.964,1143,0.169105,,,0,2.038590,0.837,rolling,2
crawl,1,forward,closed_loop,42.6779,1416.964,1143,0.169105,,,0,2.038590,0.837,rolling,2
crawl,1,forward,closed_loop,42.6996,1416.964,1143,0.169105,,,0,2.038590,0.837,rolling,2
crawl,1,forward,closed_loop,42.7211,1416.964,1143,0.169105,,,0,2.038590,0.835,rolling,2
crawl,1,forward,closed_loop,42.7434,1417.289,1143,0.174458,0.0185975,-0.0007225,1,2.057187,0.835,rolling,2
crawl,1,forward,closed_loop,42.7557,1417.289,1143,0.174458,,,0,2.057187,0.835,rolling,2
crawl,1,forward,closed_loop,42.7774,1417.289,1143,0.174458,,,0,2.057187,0.835,rolling,2
crawl,1,forward,closed_loop,42.7990,1417.289,1143,0.174458,,,0,2.057187,0.835,rolling,2
crawl,1,forward,closed_loop,42.8206,1417.289,1143,0.174458,,,0,2.057187,0.835,rolling,2
crawl,1,forward,closed_loop,42.8424,1417.289,1143,0.174458,,,0,2.057187,0.837,rolling,2
crawl,1,forward,closed_loop,42.8451,1417.496,1143,0.173711,0.0172316,-0.0005105,1,2.074419,0.837,rolling,2
crawl,1,forward,closed_loop,42.8598,1417.496,1143,0.173711,,,0,2.074419,0.837,rolling,2
crawl,1,forward,closed_loop,42.8814,1417.496,1143,0.173711,,,0,2.074419,0.837,rolling,2
crawl,1,forward,closed_loop,42.9030,1417.496,1143,0.173711,,,0,2.074419,0.837,rolling,2
crawl,1,forward,closed_loop,42.9246,1417.496,1143,0.173711,,,0,2.074419,0.844,rolling,2
crawl,1,forward,closed_loop,42.9416,1417.074,1143,0.145707,0.0062042,0.0018423,1,2.080623,0.844,rolling,2
crawl,1,forward,closed_loop,42.9594,1417.074,1143,0.145707,,,0,2.080623,0.844,rolling,2
crawl,1,forward,closed_loop,42.9811,1417.074,1143,0.145707,,,0,2.080623,0.844,rolling,2
crawl,1,forward,closed_loop,43.0026,1417.074,1143,0.145707,,,0,2.080623,0.844,rolling,2
crawl,1,forward,closed_loop,43.0242,1417.074,1143,0.145707,,,0,2.080623,0.848,rolling,2
crawl,1,forward,closed_loop,43.0419,1417.127,1143,0.142145,0.0128395,-0.0011939,1,2.093463,0.848,rolling,2
crawl,1,forward,closed_loop,43.0635,1417.127,1143,0.142145,,,0,2.093463,0.848,rolling,2
crawl,1,forward,closed_loop,43.0851,1417.127,1143,0.142145,,,0,2.093463,0.848,rolling,2
crawl,1,forward,closed_loop,43.1067,1417.127,1143,0.142145,,,0,2.093463,0.848,rolling,2
crawl,1,forward,closed_loop,43.1282,1417.127,1143,0.142145,,,0,2.093463,0.841,rolling,2
crawl,1,forward,closed_loop,43.1427,1417.113,1143,0.135965,0.0119342,-0.0030188,1,2.105397,0.841,rolling,2
crawl,1,forward,closed_loop,43.1632,1417.113,1143,0.135965,,,0,2.105397,0.841,rolling,2
crawl,1,forward,closed_loop,43.1849,1417.113,1143,0.135965,,,0,2.105397,0.841,rolling,2
crawl,1,forward,closed_loop,43.2064,1417.113,1143,0.135965,,,0,2.105397,0.841,rolling,2
crawl,1,forward,closed_loop,43.2279,1417.113,1143,0.135965,,,0,2.105397,0.842,rolling,2
crawl,1,forward,closed_loop,43.2433,1416.878,1143,0.121051,0.0076933,-0.0008285,1,2.113090,0.842,rolling,2
crawl,1,forward,closed_loop,43.2566,1416.878,1143,0.121051,,,0,2.113090,0.842,rolling,2
crawl,1,forward,closed_loop,43.2783,1416.878,1143,0.121051,,,0,2.113090,0.842,rolling,2
crawl,1,forward,closed_loop,43.2998,1416.878,1143,0.121051,,,0,2.113090,0.842,rolling,2
crawl,1,forward,closed_loop,43.3214,1416.878,1143,0.121051,,,0,2.113090,0.846,rolling,2
crawl,1,forward,closed_loop,43.3438,1416.999,1143,0.123552,0.0131300,-0.0002599,1,2.126220,0.846,rolling,2
crawl,1,forward,closed_loop,43.3575,1416.999,1143,0.123552,,,0,2.126220,0.846,rolling,2
crawl,1,forward,closed_loop,43.3793,1416.999,1143,0.123552,,,0,2.126220,0.846,rolling,2
crawl,1,forward,closed_loop,43.4009,1416.999,1143,0.123552,,,0,2.126220,0.846,rolling,2
crawl,1,forward,closed_loop,43.4225,1416.999,1143,0.123552,,,0,2.126220,0.851,rolling,2
crawl,1,forward,closed_loop,43.4441,1416.772,1143,0.110610,0.0071801,0.0016849,1,2.133400,0.851,rolling,2
crawl,1,forward,closed_loop,43.4618,1416.772,1143,0.110610,,,0,2.133400,0.851,rolling,2
crawl,1,forward,closed_loop,43.4834,1416.772,1143,0.110610,,,0,2.133400,0.851,rolling,2
crawl,1,forward,closed_loop,43.5050,1416.772,1143,0.110610,,,0,2.133400,0.851,rolling,2
crawl,1,forward,closed_loop,43.5266,1416.772,1143,0.110610,,,0,2.133400,0.851,rolling,2
crawl,1,forward,closed_loop,43.5424,1416.364,1142,0.091501,0.0034141,0.0023342,1,2.136814,0.851,rolling,2
crawl,1,forward,closed_loop,43.5555,1416.364,1142,0.091501,,,0,2.136814,0.851,rolling,2
crawl,1,forward,closed_loop,43.5772,1416.364,1142,0.091501,,,0,2.136814,0.851,rolling,2
crawl,1,forward,closed_loop,43.5987,1416.364,1142,0.091501,,,0,2.136814,0.851,rolling,2
crawl,1,forward,closed_loop,43.6203,1416.364,1142,0.091501,,,0,2.136814,0.846,rolling,2
crawl,1,forward,closed_loop,43.6428,1416.388,1142,0.093622,0.0098390,-0.0030712,1,2.146653,0.846,rolling,2
crawl,1,forward,closed_loop,43.6653,1416.388,1142,0.093622,,,0,2.146653,0.846,rolling,2
crawl,1,forward,closed_loop,43.6666,1416.388,1142,0.093622,,,0,2.146653,0.846,rolling,2
crawl,1,forward,closed_loop,43.6883,1416.388,1142,0.093622,,,0,2.146653,0.846,rolling,2
crawl,1,forward,closed_loop,43.7098,1416.388,1142,0.093622,,,0,2.146653,0.846,rolling,2
crawl,1,forward,closed_loop,43.7314,1416.388,1142,0.093622,,,0,2.146653,0.851,rolling,2
crawl,1,forward,closed_loop,43.7436,1416.328,1142,0.091881,0.0087369,-0.0016318,1,2.155390,0.851,rolling,2
crawl,1,forward,closed_loop,43.7613,1416.328,1142,0.091881,,,0,2.155390,0.851,rolling,2
crawl,1,forward,closed_loop,43.7831,1416.328,1142,0.091881,,,0,2.155390,0.851,rolling,2
crawl,1,forward,closed_loop,43.8048,1416.328,1142,0.091881,,,0,2.155390,0.851,rolling,2
crawl,1,forward,closed_loop,43.8263,1416.328,1142,0.091881,,,0,2.155390,0.848,rolling,2
crawl,1,forward,closed_loop,43.8438,1416.084,1142,0.082332,0.0054473,0.0002320,1,2.160837,0.848,rolling,2
crawl,1,forward,closed_loop,43.8588,1416.084,1142,0.082332,,,0,2.160837,0.848,rolling,2
crawl,1,forward,closed_loop,43.8805,1416.084,1142,0.082332,,,0,2.160837,0.848,rolling,2
crawl,1,forward,closed_loop,43.9020,1416.084,1142,0.082332,,,0,2.160837,0.848,rolling,2
crawl,1,forward,closed_loop,43.9235,1416.084,1142,0.082332,,,0,2.160837,0.850,rolling,2
crawl,1,forward,closed_loop,43.9445,1416.007,1142,0.081309,0.0078459,-0.0003980,1,2.168683,0.850,rolling,2
crawl,1,forward,closed_loop,43.9586,1416.007,1142,0.081309,,,0,2.168683,0.850,rolling,2
crawl,1,forward,closed_loop,43.9804,1416.007,1142,0.081309,,,0,2.168683,0.850,rolling,2
crawl,1,forward,closed_loop,44.0019,1416.007,1142,0.081309,,,0,2.168683,0.850,rolling,2
crawl,1,forward,closed_loop,44.0236,1416.007,1142,0.081309,,,0,2.168683,0.850,rolling,2
crawl,1,forward,closed_loop,44.0452,1415.812,1142,0.075297,0.0057425,-0.0016736,1,2.174426,0.850,rolling,2
crawl,1,forward,closed_loop,44.0566,1415.812,1142,0.075297,,,0,2.174426,0.850,rolling,2
crawl,1,forward,closed_loop,44.0784,1415.812,1142,0.075297,,,0,2.174426,0.850,rolling,2
crawl,1,forward,closed_loop,44.1001,1415.812,1142,0.075297,,,0,2.174426,0.850,rolling,2
crawl,1,forward,closed_loop,44.1217,1415.812,1142,0.075297,,,0,2.174426,0.850,rolling,2
crawl,1,forward,closed_loop,44.1434,1415.812,1142,0.075297,,,0,2.174426,0.859,rolling,2
crawl,1,forward,closed_loop,44.1461,1415.776,1142,0.076936,0.0081419,-0.0006360,1,2.182568,0.859,rolling,2
crawl,1,forward,closed_loop,44.1570,1415.776,1142,0.076936,,,0,2.182568,0.859,rolling,2
crawl,1,forward,closed_loop,44.1788,1415.776,1142,0.076936,,,0,2.182568,0.859,rolling,2
crawl,1,forward,closed_loop,44.2006,1415.776,1142,0.076936,,,0,2.182568,0.859,rolling,2
crawl,1,forward,closed_loop,44.2221,1415.776,1142,0.076936,,,0,2.182568,0.853,rolling,2
crawl,1,forward,closed_loop,44.2472,1415.776,1142,0.076936,,,0,2.182568,0.853,rolling,2
crawl,1,forward,closed_loop,44.2486,1415.647,1142,0.074358,0.0067163,0.0028727,1,2.189284,0.853,rolling,2
crawl,1,forward,closed_loop,44.2592,1415.647,1142,0.074358,,,0,2.189284,0.853,rolling,2
crawl,1,forward,closed_loop,44.2809,1415.647,1142,0.074358,,,0,2.189284,0.853,rolling,2
crawl,1,forward,closed_loop,44.3024,1415.647,1142,0.074358,,,0,2.189284,0.853,rolling,2
crawl,1,forward,closed_loop,44.3239,1415.647,1142,0.074358,,,0,2.189284,0.851,rolling,2
crawl,1,forward,closed_loop,44.3441,1414.960,1141,0.047671,-0.0031735,-0.0026881,1,2.192458,0.851,rolling,2
crawl,1,forward,closed_loop,44.3664,1414.960,1141,0.047671,,,0,2.192458,0.851,rolling,2
crawl,1,forward,closed_loop,44.3677,1414.960,1141,0.047671,,,0,2.192458,0.851,rolling,2
crawl,1,forward,closed_loop,44.3893,1414.960,1141,0.047671,,,0,2.192458,0.851,rolling,2
crawl,1,forward,closed_loop,44.4109,1414.960,1141,0.047671,,,0,2.192458,0.851,rolling,2
crawl,1,forward,closed_loop,44.4324,1414.960,1141,0.047671,,,0,2.192458,0.857,rolling,2
crawl,1,forward,closed_loop,44.4448,1414.575,1141,0.037862,0.0008547,-0.0008215,1,2.193312,0.857,rolling,2
crawl,1,forward,closed_loop,44.4653,1414.575,1141,0.037862,,,0,2.193312,0.857,rolling,2
crawl,1,forward,closed_loop,44.4870,1414.575,1141,0.037862,,,0,2.193312,0.857,rolling,2
crawl,1,forward,closed_loop,44.5086,1414.575,1141,0.037862,,,0,2.193312,0.857,rolling,2
crawl,1,forward,closed_loop,44.5302,1414.575,1141,0.037862,,,0,2.193312,0.859,rolling,2
crawl,1,forward,closed_loop,44.5461,1414.332,1141,0.035429,0.0028151,0.0001427,1,2.196127,0.859,rolling,2
crawl,1,forward,closed_loop,44.5660,1414.332,1141,0.035429,,,0,2.196127,0.859,rolling,2
crawl,1,forward,closed_loop,44.5877,1414.332,1141,0.035429,,,0,2.196127,0.859,rolling,2
crawl,1,forward,closed_loop,44.6093,1414.332,1141,0.035429,,,0,2.196127,0.859,rolling,2
crawl,1,forward,closed_loop,44.6308,1414.332,1141,0.035429,,,0,2.196127,0.860,rolling,2
crawl,1,forward,closed_loop,44.6455,1414.342,1141,0.044325,0.0071237,0.0010390,1,2.203251,0.860,rolling,2
crawl,1,reverse,closed_loop,45.0577,1591.617,1284,0.011923,,,0,0.000000,2.198,startup,0
crawl,1,reverse,closed_loop,45.0794,1591.617,1284,0.011923,,,0,0.000000,2.198,startup,0
crawl,1,reverse,closed_loop,45.1010,1591.617,1284,0.011923,,,0,0.000000,2.198,startup,0
crawl,1,reverse,closed_loop,45.1226,1591.617,1284,0.011923,,,0,0.000000,2.201,startup,0
crawl,1,reverse,closed_loop,45.1430,1592.857,1285,0.035167,0.0102988,-0.0032527,1,0.010299,2.201,startup,0
crawl,1,reverse,closed_loop,45.1637,1592.857,1285,0.035167,,,0,0.010299,2.201,startup,0
crawl,1,reverse,closed_loop,45.1854,1592.857,1285,0.035167,,,0,0.010299,2.201,startup,0
crawl,1,reverse,closed_loop,45.2072,1592.857,1285,0.035167,,,0,0.010299,2.201,startup,0
crawl,1,reverse,closed_loop,45.2289,1592.857,1285,0.035167,,,0,0.010299,2.210,startup,0
crawl,1,reverse,closed_loop,45.2410,1594.097,1286,0.015834,-0.0042219,-0.0011028,1,0.014521,2.210,startup,0
crawl,1,reverse,closed_loop,45.2628,1594.097,1286,0.015834,,,0,0.014521,2.210,startup,0
crawl,1,reverse,closed_loop,45.2846,1594.097,1286,0.015834,,,0,0.014521,2.210,startup,0
crawl,1,reverse,closed_loop,45.3061,1594.097,1286,0.015834,,,0,0.014521,2.210,startup,0
crawl,1,reverse,closed_loop,45.3277,1594.097,1286,0.015834,,,0,0.014521,2.209,startup,0
crawl,1,reverse,closed_loop,45.3390,1595.337,1287,0.006836,-0.0019946,0.0000304,1,0.016515,2.209,startup,0
crawl,1,reverse,closed_loop,45.3547,1595.337,1287,0.006836,,,0,0.016515,2.209,startup,0
crawl,1,reverse,closed_loop,45.3763,1595.337,1287,0.006836,,,0,0.016515,2.209,startup,0
crawl,1,reverse,closed_loop,45.3978,1595.337,1287,0.006836,,,0,0.016515,2.209,startup,0
crawl,1,reverse,closed_loop,45.4194,1595.337,1287,0.006836,,,0,0.016515,2.224,startup,0
crawl,1,reverse,closed_loop,45.4397,1596.577,1288,-0.027652,-0.0128481,0.0003639,1,0.029363,2.224,startup,0
crawl,1,reverse,closed_loop,45.4613,1596.577,1288,-0.027652,,,0,0.029363,2.224,startup,0
crawl,1,reverse,closed_loop,45.4829,1596.577,1288,-0.027652,,,0,0.029363,2.224,startup,0
crawl,1,reverse,closed_loop,45.5045,1596.577,1288,-0.027652,,,0,0.029363,2.224,startup,0
crawl,1,reverse,closed_loop,45.5260,1596.577,1288,-0.027652,,,0,0.029363,2.241,startup,0
crawl,1,reverse,closed_loop,45.5376,1596.577,1288,-0.027652,,,0,0.029363,2.241,startup,0
crawl,1,reverse,closed_loop,45.5598,1595.617,1287,-0.058523,-0.0151169,0.0037501,1,0.044480,2.241,rolling,0
crawl,1,reverse,closed_loop,45.5616,1595.617,1287,-0.058523,,,0,0.044480,2.241,rolling,0
crawl,1,reverse,closed_loop,45.5833,1595.617,1287,-0.058523,,,0,0.044480,2.241,rolling,0
crawl,1,reverse,closed_loop,45.6050,1595.617,1287,-0.058523,,,0,0.044480,2.241,rolling,0
crawl,1,reverse,closed_loop,45.6267,1595.617,1287,-0.058523,,,0,0.044480,2.249,rolling,0
crawl,1,reverse,closed_loop,45.6382,1595.617,1287,-0.058523,,,0,0.044480,2.249,rolling,0
crawl,1,reverse,closed_loop,45.6599,1595.824,1287,-0.088491,-0.0174808,0.0001137,1,0.061961,2.249,rolling,0
crawl,1,reverse,closed_loop,45.6626,1595.824,1287,-0.088491,,,0,0.061961,2.249,rolling,0
crawl,1,reverse,closed_loop,45.6843,1595.824,1287,-0.088491,,,0,0.061961,2.249,rolling,0
crawl,1,reverse,closed_loop,45.7059,1595.824,1287,-0.088491,,,0,0.061961,2.249,rolling,0
crawl,1,reverse,closed_loop,45.7274,1595.824,1287,-0.088491,,,0,0.061961,2.275,rolling,0
crawl,1,reverse,closed_loop,45.7388,1595.377,1287,-0.115184,-0.0196859,0.0010350,1,0.081647,2.275,rolling,0
crawl,1,reverse,closed_loop,45.7479,1595.377,1287,-0.115184,,,0,0.081647,2.275,rolling,0
crawl,1,reverse,closed_loop,45.7696,1595.377,1287,-0.115184,,,0,0.081647,2.275,rolling,0
crawl,1,reverse,closed_loop,45.7912,1595.377,1287,-0.115184,,,0,0.081647,2.275,rolling,0
crawl,1,reverse,closed_loop,45.8128,1595.377,1287,-0.115184,,,0,0.081647,2.275,rolling,0
crawl,1,reverse,closed_loop,45.8345,1595.377,1287,-0.115184,,,0,0.081647,2.283,rolling,0
crawl,1,reverse,closed_loop,45.8371,1594.967,1286,-0.135479,-0.0195695,0.0001791,1,0.101216,2.283,rolling,0
crawl,1,reverse,closed_loop,45.8499,1594.967,1286,-0.135479,,,0,0.101216,2.283,rolling,0
crawl,1,reverse,closed_loop,45.8716,1594.967,1286,-0.135479,,,0,0.101216,2.283,rolling,0
crawl,1,reverse,closed_loop,45.8932,1594.967,1286,-0.135479,,,0,0.101216,2.283,rolling,0
crawl,1,reverse,closed_loop,45.9147,1594.967,1286,-0.135479,,,0,0.101216,1.163,rolling,0
crawl,1,reverse,closed_loop,45.9375,1594.967,1286,-0.135479,,,0,0.101216,1.163,rolling,0
crawl,1,reverse,closed_loop,45.9389,1594.521,1286,-0.154538,-0.0207642,0.0008559,1,0.121981,1.163,rolling,0
crawl,1,reverse,closed_loop,45.9545,1594.521,1286,-0.154538,,,0,0.121981,1.163,rolling,0
crawl,1,reverse,closed_loop,45.9763,1594.521,1286,-0.154538,,,0,0.121981,1.163,rolling,0
crawl,1,reverse,closed_loop,45.9979,1594.521,1286,-0.154538,,,0,0.121981,1.163,rolling,0
crawl,1,reverse,closed_loop,46.0194,1594.521,1286,-0.154538,,,0,0.121981,1.161,rolling,0
crawl,1,reverse,closed_loop,46.0381,1594.198,1286,-0.163303,-0.0191142,0.0006129,1,0.141095,1.161,rolling,0
crawl,1,reverse,closed_loop,46.0469,1594.198,1286,-0.163303,,,0,0.141095,1.161,rolling,0
crawl,1,reverse,closed_loop,46.0687,1594.198,1286,-0.163303,,,0,0.141095,1.161,rolling,0
crawl,1,reverse,closed_loop,46.0903,1594.198,1286,-0.163303,,,0,0.141095,1.161,rolling,0
crawl,1,reverse,closed_loop,46.1121,1594.198,1286,-0.163303,,,0,0.141095,1.161,rolling,0
crawl,1,reverse,closed_loop,46.1338,1594.198,1286,-0.163303,,,0,0.141095,1.163,rolling,0
crawl,1,reverse,closed_loop,46.1389,1593.792,1285,-0.175210,-0.0211967,-0.0004653,1,0.162292,1.163,rolling,0
crawl,1,reverse,closed_loop,46.1563,1593.792,1285,-0.175210,,,0,0.162292,1.163,rolling,0
crawl,1,reverse,closed_loop,46.1781,1593.792,1285,-0.175210,,,0,0.162292,1.163,rolling,0
crawl,1,reverse,closed_loop,46.1997,1593.792,1285,-0.175210,,,0,0.162292,1.163,rolling,0
crawl,1,reverse,closed_loop,46.2213,1593.792,1285,-0.175210,,,0,0.162292,1.178,rolling,0
crawl,1,reverse,closed_loop,46.2370,1593.516,1285,-0.177996,-0.0186822,0.0010987,1,0.180974,1.178,rolling,0
crawl,1,reverse,closed_loop,46.2537,1593.516,1285,-0.177996,,,0,0.180974,1.178,rolling,0
crawl,1,reverse,closed_loop,46.2754,1593.516,1285,-0.177996,,,0,0.180974,1.178,rolling,0
crawl,1,reverse,closed_loop,46.2969,1593.516,1285,-0.177996,,,0,0.180974,1.178,rolling,0
crawl,1,reverse,closed_loop,46.3185,1593.516,1285,-0.177996,,,0,0.180974,1.165,rolling,0
crawl,1,reverse,closed_loop,46.3373,1593.126,1285,-0.186922,-0.0210119,-0.0003353,1,0.201986,1.165,rolling,0
crawl,1,reverse,closed_loop,46.3566,1593.126,1285,-0.186922,,,0,0.201986,1.165,rolling,0
crawl,1,reverse,closed_loop,46.3783,1593.126,1285,-0.186922,,,0,0.201986,1.165,rolling,0
crawl,1,reverse,closed_loop,46.4000,1593.126,1285,-0.186922,,,0,0.201986,1.165,rolling,0
crawl,1,reverse,closed_loop,46.4215,1593.126,1285,-0.186922,,,0,0.201986,1.155,rolling,0
crawl,1,reverse,closed_loop,46.4376,1592.883,1285,-0.185853,-0.0183725,0.0000706,1,0.220358,1.155,rolling,0
crawl,1,reverse,closed_loop,46.4596,1592.883,1285,-0.185853,,,0,0.220358,1.155,rolling,0
crawl,1,reverse,closed_loop,46.4609,1592.883,1285,-0.185853,,,0,0.220358,1.155,rolling,0
crawl,1,reverse,closed_loop,46.4824,1592.883,1285,-0.185853,,,0,0.220358,1.155,rolling,0
crawl,1,reverse,closed_loop,46.5040,1592.883,1285,-0.185853,,,0,0.220358,1.155,rolling,0
crawl,1,reverse,closed_loop,46.5255,1592.883,1285,-0.185853,,,0,0.220358,1.158,rolling,0
crawl,1,reverse,closed_loop,46.5382,1592.726,1284,-0.180167,-0.0164333,-0.0012808,1,0.236792,1.158,rolling,0
crawl,1,reverse,closed_loop,46.5505,1592.726,1284,-0.180167,,,0,0.236792,1.158,rolling,0
crawl,1,reverse,closed_loop,46.5721,1592.726,1284,-0.180167,,,0,0.236792,1.158,rolling,0
crawl,1,reverse,closed_loop,46.5936,1592.726,1284,-0.180167,,,0,0.236792,1.158,rolling,0
crawl,1,reverse,closed_loop,46.6153,1592.726,1284,-0.180167,,,0,0.236792,1.158,rolling,0
crawl,1,reverse,closed_loop,46.6370,1592.726,1284,-0.180167,,,0,0.236792,1.153,rolling,0
crawl,1,reverse,closed_loop,46.6395,1592.503,1284,-0.179119,-0.0176371,-0.0005753,1,0.254429,1.153,rolling,0
crawl,1,reverse,closed_loop,46.6516,1592.503,1284,-0.179119,,,0,0.254429,1.153,rolling,0
crawl,1,reverse,closed_loop,46.6734,1592.503,1284,-0.179119,,,0,0.254429,1.153,rolling,0
crawl,1,reverse,closed_loop,46.6950,1592.503,1284,-0.179119,,,0,0.254429,1.153,rolling,0
crawl,1,reverse,closed_loop,46.7165,1592.503,1284,-0.179119,,,0,0.254429,1.163,rolling,0
crawl,1,reverse,closed_loop,46.7389,1592.503,1284,-0.179119,,,0,0.254429,1.163,rolling,0
crawl,1,reverse,closed_loop,46.7611,1592.563,1284,-0.162515,-0.0113566,0.0013990,1,0.265785,1.163,rolling,0
crawl,1,reverse,closed_loop,46.7633,1592.563,1284,-0.162515,,,0,0.265785,1.163,rolling,0
crawl,1,reverse,closed_loop,46.7850,1592.563,1284,-0.162515,,,0,0.265785,1.163,rolling,0
crawl,1,reverse,closed_loop,46.8067,1592.563,1284,-0.162515,,,0,0.265785,1.163,rolling,0
crawl,1,reverse,closed_loop,46.8283,1592.563,1284,-0.162515,,,0,0.265785,1.155,rolling,0
crawl,1,reverse,closed_loop,46.8399,1592.692,1284,-0.144986,-0.0092307,0.0010498,1,0.275016,1.155,rolling,0
crawl,1,reverse,closed_loop,46.8490,1592.692,1284,-0.144986,,,0,0.275016,1.155,rolling,0
crawl,1,reverse,closed_loop,46.8708,1592.692,1284,-0.144986,,,0,0.275016,1.155,rolling,0
crawl,1,reverse,closed_loop,46.8923,1592.692,1284,-0.144986,,,0,0.275016,1.155,rolling,0
crawl,1,reverse,closed_loop,46.9139,1592.692,1284,-0.144986,,,0,0.275016,1.155,rolling,0
crawl,1,reverse,closed_loop,46.9355,1592.692,1284,-0.144986,,,0,0.275016,1.140,rolling,0
crawl,1,reverse,closed_loop,46.9402,1593.113,1285,-0.114053,-0.0021484,-0.0010769,1,0.277164,1.140,rolling,0
crawl,1,reverse,closed_loop,46.9615,1593.113,1285,-0.114053,,,0,0.277164,1.140,rolling,0
crawl,1,reverse,closed_loop,46.9832,1593.113,1285,-0.114053,,,0,0.277164,1.140,rolling,0
crawl,1,reverse,closed_loop,47.0047,1593.113,1285,-0.114053,,,0,0.277164,1.140,rolling,0
crawl,1,reverse,closed_loop,47.0263,1593.113,1285,-0.114053,,,0,0.277164,1.146,rolling,0
crawl,1,reverse,closed_loop,47.0409,1593.113,1285,-0.114053,,,0,0.277164,1.146,rolling,0
crawl,1,reverse,closed_loop,47.0630,1593.016,1285,-0.117105,-0.0126689,0.0000698,1,0.289833,1.146,rolling,0
crawl,1,reverse,closed_loop,47.0707,1593.016,1285,-0.117105,,,0,0.289833,1.146,rolling,0
crawl,1,reverse,closed_loop,47.0923,1593.016,1285,-0.117105,,,0,0.289833,1.146,rolling,0
crawl,1,reverse,closed_loop,47.1138,1593.016,1285,-0.117105,,,0,0.289833,1.146,rolling,0
crawl,1,reverse,closed_loop,47.1353,1593.016,1285,-0.117105,,,0,0.289833,1.131,rolling,0
crawl,1,reverse,closed_loop,47.1391,1593.414,1285,-0.092142,-0.0017354,0.0002303,1,0.291569,1.131,rolling,0
crawl,1,reverse,closed_loop,47.1543,1593.414,1285,-0.092142,,,0,0.291569,1.131,rolling,0
crawl,1,reverse,closed_loop,47.1761,1593.414,1285,-0.092142,,,0,0.291569,1.131,rolling,0
crawl,1,reverse,closed_loop,47.1976,1593.414,1285,-0.092142,,,0,0.291569,1.131,rolling,0
crawl,1,reverse,closed_loop,47.2192,1593.414,1285,-0.092142,,,0,0.291569,1.122,rolling,0
crawl,1,reverse,closed_loop,47.2390,1593.727,1285,-0.075997,-0.0027029,0.0006674,1,0.294271,1.122,rolling,0
crawl,1,reverse,closed_loop,47.2541,1593.727,1285,-0.075997,,,0,0.294271,1.122,rolling,0
crawl,1,reverse,closed_loop,47.2759,1593.727,1285,-0.075997,,,0,0.294271,1.122,rolling,0
crawl,1,reverse,closed_loop,47.2974,1593.727,1285,-0.075997,,,0,0.294271,1.122,rolling,0
crawl,1,reverse,closed_loop,47.3190,1593.727,1285,-0.075997,,,0,0.294271,1.150,rolling,0
crawl,1,reverse,closed_loop,47.3395,1594.028,1286,-0.063390,-0.0026112,0.0006856,1,0.296883,1.150,rolling,0
crawl,1,reverse,closed_loop,47.3467,1594.028,1286,-0.063390,,,0,0.296883,1.150,rolling,0
crawl,1,reverse,closed_loop,47.3684,1594.028,1286,-0.063390,,,0,0.296883,1.150,rolling,0
crawl,1,reverse,closed_loop,47.3901,1594.028,1286,-0.063390,,,0,0.296883,1.150,rolling,0
crawl,1,reverse,closed_loop,47.4117,1594.028,1286,-0.063390,,,0,0.296883,1.150,rolling,0
crawl,1,reverse,closed_loop,47.4333,1594.028,1286,-0.063390,,,0,0.296883,1.135,rolling,0
crawl,1,reverse,closed_loop,47.4404,1594.436,1286,-0.046655,0.0003490,0.0004029,1,0.297232,1.135,rolling,0
crawl,1,reverse,closed_loop,47.4508,1594.436,1286,-0.046655,,,0,0.297232,1.135,rolling,0
crawl,1,reverse,closed_loop,47.4725,1594.436,1286,-0.046655,,,0,0.297232,1.135,rolling,0
crawl,1,reverse,closed_loop,47.4940,1594.436,1286,-0.046655,,,0,0.297232,1.135,rolling,0
crawl,1,reverse,closed_loop,47.5155,1594.436,1286,-0.046655,,,0,0.297232,1.153,rolling,0
crawl,1,reverse,closed_loop,47.5382,1594.436,1286,-0.046655,,,0,0.297232,1.153,rolling,0
crawl,1,reverse,closed_loop,47.5395,1594.892,1286,-0.030453,0.0018478,0.0000560,1,0.299080,1.153,rolling,0
crawl,1,reverse,closed_loop,47.5544,1594.892,1286,-0.030453,,,0,0.299080,1.153,rolling,0
crawl,1,reverse,closed_loop,47.5761,1594.892,1286,-0.030453,,,0,0.299080,1.153,rolling,0
crawl,1,reverse,closed_loop,47.5976,1594.892,1286,-0.030453,,,0,0.299080,1.153,rolling,0
crawl,1,reverse,closed_loop,47.6192,1594.892,1286,-0.030453,,,0,0.299080,1.145,rolling,0
crawl,1,reverse,closed_loop,47.6394,1595.132,1286,-0.028308,-0.0021173,-0.0018633,1,0.301197,1.145,rolling,0
crawl,1,reverse,closed_loop,47.6539,1595.132,1286,-0.028308,,,0,0.301197,1.145,rolling,0
crawl,1,reverse,closed_loop,47.6756,1595.132,1286,-0.028308,,,0,0.301197,1.145,rolling,0
crawl,1,reverse,closed_loop,47.6971,1595.132,1286,-0.028308,,,0,0.301197,1.145,rolling,0
crawl,1,reverse,closed_loop,47.7186,1595.132,1286,-0.028308,,,0,0.301197,1.130,rolling,0
crawl,1,reverse,closed_loop,47.7395,1595.529,1287,-0.018327,0.0011731,0.0016082,1,0.302370,1.130,rolling,0
crawl,1,reverse,closed_loop,47.7592,1595.529,1287,-0.018327,,,0,0.302370,1.130,rolling,0
crawl,1,reverse,closed_loop,47.7809,1595.529,1287,-0.018327,,,0,0.302370,1.130,rolling,0
crawl,1,reverse,closed_loop,47.8025,1595.529,1287,-0.018327,,,0,0.302370,1.130,rolling,0
crawl,1,reverse,closed_loop,47.8241,1595.529,1287,-0.018327,,,0,0.302370,1.128,rolling,0
crawl,1,reverse,closed_loop,47.8398,1595.880,1287,-0.012524,0.0004911,-0.0003662,1,0.302861,1.128,rolling,0
crawl,1,reverse,closed_loop,47.8601,1595.880,1287,-0.012524,,,0,0.302861,1.128,rolling,0
crawl,1,reverse,closed_loop,47.8817,1595.880,1287,-0.012524,,,0,0.302861,1.128,rolling,0
crawl,1,reverse,closed_loop,47.9032,1595.880,1287,-0.012524,,,0,0.302861,1.128,rolling,0
crawl,1,reverse,closed_loop,47.9248,1595.880,1287,-0.012524,,,0,0.302861,1.140,rolling,0
crawl,1,reverse,closed_loop,47.9380,1596.089,1287,-0.015522,-0.0024596,-0.0013342,1,0.305321,1.140,recovery,1
crawl,1,reverse,closed_loop,47.9524,1596.089,1287,-0.015522,,,0,0.305321,1.140,recovery,1
crawl,1,reverse,closed_loop,47.9741,1596.089,1287,-0.015522,,,0,0.305321,1.140,recovery,1
crawl,1,reverse,closed_loop,47.9958,1596.089,1287,-0.015522,,,0,0.305321,1.140,recovery,1
crawl,1,reverse,closed_loop,48.0174,1596.089,1287,-0.015522,,,0,0.305321,1.128,recovery,1
crawl,1,reverse,closed_loop,48.0384,1599.189,1290,-0.002313,0.0036858,-0.0000704,1,0.309006,1.128,recovery,1
crawl,1,reverse,closed_loop,48.0589,1599.189,1290,-0.002313,,,0,0.309006,1.128,recovery,1
crawl,1,reverse,closed_loop,48.0806,1599.189,1290,-0.002313,,,0,0.309006,1.128,recovery,1
crawl,1,reverse,closed_loop,48.1022,1599.189,1290,-0.002313,,,0,0.309006,1.128,recovery,1
crawl,1,reverse,closed_loop,48.1239,1599.189,1290,-0.002313,,,0,0.309006,1.133,recovery,1
crawl,1,reverse,closed_loop,48.1392,1602.289,1292,-0.007458,-0.0022848,0.0002593,1,0.311291,1.133,recovery,1
crawl,1,reverse,closed_loop,48.1565,1602.289,1292,-0.007458,,,0,0.311291,1.133,recovery,1
crawl,1,reverse,closed_loop,48.1782,1602.289,1292,-0.007458,,,0,0.311291,1.133,recovery,1
crawl,1,reverse,closed_loop,48.1999,1602.289,1292,-0.007458,,,0,0.311291,1.133,recovery,1
crawl,1,reverse,closed_loop,48.2216,1602.289,1292,-0.007458,,,0,0.311291,1.143,recovery,1
crawl,1,reverse,closed_loop,48.2398,1605.389,1295,-0.011792,-0.0025061,-0.0004247,1,0.313797,1.143,recovery,1
crawl,1,reverse,closed_loop,48.2531,1605.389,1295,-0.011792,,,0,0.313797,1.143,recovery,1
crawl,1,reverse,closed_loop,48.2747,1605.389,1295,-0.011792,,,0,0.313797,1.143,recovery,1
crawl,1,reverse,closed_loop,48.2963,1605.389,1295,-0.011792,,,0,0.313797,1.143,recovery,1
crawl,1,reverse,closed_loop,48.3179,1605.389,1295,-0.011792,,,0,0.313797,1.148,recovery,1
crawl,1,reverse,closed_loop,48.3380,1608.489,1297,0.000580,0.0037876,0.0008195,1,0.317585,1.148,recovery,1
crawl,1,reverse,closed_loop,48.3567,1608.489,1297,0.000580,,,0,0.317585,1.148,recovery,1
crawl,1,reverse,closed_loop,48.3783,1608.489,1297,0.000580,,,0,0.317585,1.148,recovery,1
crawl,1,reverse,closed_loop,48.3999,1608.489,1297,0.000580,,,0,0.317585,1.148,recovery,1
crawl,1,reverse,closed_loop,48.4215,1608.489,1297,0.000580,,,0,0.317585,1.149,recovery,1
crawl,1,reverse,closed_loop,48.4379,1611.589,1300,-0.002500,-0.0011533,0.0000606,1,0.318738,1.149,recovery,1
crawl,1,reverse,closed_loop,48.4516,1611.589,1300,-0.002500,,,0,0.318738,1.149,recovery,1
crawl,1,reverse,closed_loop,48.4733,1611.589,1300,-0.002500,,,0,0.318738,1.149,recovery,1
crawl,1,reverse,closed_loop,48.4949,1611.589,1300,-0.002500,,,0,0.318738,1.149,recovery,1
crawl,1,reverse,closed_loop,48.5164,1611.589,1300,-0.002500,,,0,0.318738,1.147,recovery,1
crawl,1,reverse,closed_loop,48.5389,1611.589,1300,-0.002500,,,0,0.318738,1.147,recovery,1
crawl,1,reverse,closed_loop,48.5402,1614.689,1302,-0.003966,-0.0008362,-0.0005775,1,0.319574,1.147,recovery,1
crawl,1,reverse,closed_loop,48.5521,1614.689,1302,-0.003966,,,0,0.319574,1.147,recovery,1
crawl,1,reverse,closed_loop,48.5738,1614.689,1302,-0.003966,,,0,0.319574,1.147,recovery,1
crawl,1,reverse,closed_loop,48.5954,1614.689,1302,-0.003966,,,0,0.319574,1.147,recovery,1
crawl,1,reverse,closed_loop,48.6169,1614.689,1302,-0.003966,,,0,0.319574,1.146,recovery,1
crawl,1,reverse,closed_loop,48.6392,1617.789,1305,-0.008703,-0.0023038,-0.0002310,1,0.321878,1.146,recovery,1
crawl,1,reverse,closed_loop,48.6576,1617.789,1305,-0.008703,,,0,0.321878,1.146,recovery,1
crawl,1,reverse,closed_loop,48.6792,1617.789,1305,-0.008703,,,0,0.321878,1.146,recovery,1
crawl,1,reverse,closed_loop,48.7007,1617.789,1305,-0.008703,,,0,0.321878,1.146,recovery,1
crawl,1,reverse,closed_loop,48.7223,1617.789,1305,-0.008703,,,0,0.321878,1.143,recovery,1
crawl,1,reverse,closed_loop,48.7396,1620.000,1306,-0.038894,-0.0130330,-0.0007524,1,0.334911,1.143,recovery,1
crawl,1,reverse,closed_loop,48.7576,1620.000,1306,-0.038894,,,0,0.334911,1.143,recovery,1
crawl,1,reverse,closed_loop,48.7792,1620.000,1306,-0.038894,,,0,0.334911,1.143,recovery,1
crawl,1,reverse,closed_loop,48.8008,1620.000,1306,-0.038894,,,0,0.334911,1.143,recovery,1
crawl,1,reverse,closed_loop,48.8224,1620.000,1306,-0.038894,,,0,0.334911,1.144,recovery,1
crawl,1,reverse,closed_loop,48.8413,1594.822,1286,-0.073312,-0.0177503,0.0000667,1,0.352662,1.144,rolling,1
crawl,1,reverse,closed_loop,48.8577,1594.822,1286,-0.073312,,,0,0.352662,1.144,rolling,1
crawl,1,reverse,closed_loop,48.8794,1594.822,1286,-0.073312,,,0,0.352662,1.144,rolling,1
crawl,1,reverse,closed_loop,48.9010,1594.822,1286,-0.073312,,,0,0.352662,1.144,rolling,1
crawl,1,reverse,closed_loop,48.9225,1594.822,1286,-0.073312,,,0,0.352662,1.143,rolling,1
crawl,1,reverse,closed_loop,48.9386,1594.337,1286,-0.126927,-0.0289584,-0.0003304,1,0.381620,1.143,rolling,1
crawl,1,reverse,closed_loop,48.9527,1594.337,1286,-0.126927,,,0,0.381620,1.143,rolling,1
crawl,1,reverse,closed_loop,48.9745,1594.337,1286,-0.126927,,,0,0.381620,1.143,rolling,1
crawl,1,reverse,closed_loop,48.9961,1594.337,1286,-0.126927,,,0,0.381620,1.143,rolling,1
crawl,1,reverse,closed_loop,49.0178,1594.337,1286,-0.126927,,,0,0.381620,1.128,rolling,1
crawl,1,reverse,closed_loop,49.0387,1593.342,1285,-0.178006,-0.0323666,-0.0029143,1,0.413987,1.128,rolling,1
crawl,1,reverse,closed_loop,49.0573,1593.342,1285,-0.178006,,,0,0.413987,1.128,rolling,1
crawl,1,reverse,closed_loop,49.0789,1593.342,1285,-0.178006,,,0,0.413987,1.128,rolling,1
crawl,1,reverse,closed_loop,49.1004,1593.342,1285,-0.178006,,,0,0.413987,1.128,rolling,1
crawl,1,reverse,closed_loop,49.1219,1593.342,1285,-0.178006,,,0,0.413987,1.127,rolling,1
crawl,1,reverse,closed_loop,49.1389,1592.300,1284,-0.222787,-0.0358838,-0.0004695,1,0.449870,1.127,rolling,1
crawl,1,reverse,closed_loop,49.1604,1592.300,1284,-0.222787,,,0,0.449870,1.127,rolling,1
crawl,1,reverse,closed_loop,49.1822,1592.300,1284,-0.222787,,,0,0.449870,1.127,rolling,1
crawl,1,reverse,closed_loop,49.2038,1592.300,1284,-0.222787,,,0,0.449870,1.127,rolling,1
crawl,1,reverse,closed_loop,49.2254,1592.300,1284,-0.222787,,,0,0.449870,1.128,rolling,1
crawl,1,reverse,closed_loop,49.2402,1591.633,1284,-0.239274,-0.0290414,-0.0004169,1,0.478912,1.128,rolling,1
crawl,1,reverse,closed_loop,49.2546,1591.633,1284,-0.239274,,,0,0.478912,1.128,rolling,1
crawl,1,reverse,closed_loop,49.2763,1591.633,1284,-0.239274,,,0,0.478912,1.128,rolling,1
crawl,1,reverse,closed_loop,49.2978,1591.633,1284,-0.239274,,,0,0.478912,1.128,rolling,1
crawl,1,reverse,closed_loop,49.3195,1591.633,1284,-0.239274,,,0,0.478912,1.115,rolling,1
crawl,1,reverse,closed_loop,49.3374,1591.028,1283,-0.249352,-0.0283148,-0.0002913,1,0.507227,1.115,rolling,1
crawl,1,reverse,closed_loop,49.3548,1591.028,1283,-0.249352,,,0,0.507227,1.115,rolling,1
crawl,1,reverse,closed_loop,49.3765,1591.028,1283,-0.249352,,,0,0.507227,1.115,rolling,1
crawl,1,reverse,closed_loop,49.3982,1591.028,1283,-0.249352,,,0,0.507227,1.115,rolling,1
crawl,1,reverse,closed_loop,49.4198,1591.028,1283,-0.249352,,,0,0.507227,1.116,rolling,1
crawl,1,reverse,closed_loop,49.4383,1590.925,1283,-0.230755,-0.0170193,-0.0011784,1,0.524246,1.116,rolling,1
crawl,1,reverse,closed_loop,49.4488,1590.925,1283,-0.230755,,,0,0.524246,1.116,rolling,1
crawl,1,reverse,closed_loop,49.4704,1590.925,1283,-0.230755,,,0,0.524246,1.116,rolling,1
crawl,1,reverse,closed_loop,49.4920,1590.925,1283,-0.230755,,,0,0.524246,1.116,rolling,1
crawl,1,reverse,closed_loop,49.5136,1590.925,1283,-0.230755,,,0,0.524246,1.116,rolling,1
crawl,1,reverse,closed_loop,49.5352,1590.925,1283,-0.230755,,,0,0.524246,1.097,rolling,1
crawl,1,reverse,closed_loop,49.5385,1590.716,1283,-0.220449,-0.0190676,-0.0005982,1,0.543314,1.097,rolling,1
crawl,1,reverse,closed_loop,49.5529,1590.716,1283,-0.220449,,,0,0.543314,1.097,rolling,1
crawl,1,reverse,closed_loop,49.5745,1590.716,1283,-0.220449,,,0,0.543314,1.097,rolling,1
crawl,1,reverse,closed_loop,49.5960,1590.716,1283,-0.220449,,,0,0.543314,1.097,rolling,1
crawl,1,reverse,closed_loop,49.6176,1590.716,1283,-0.220449,,,0,0.543314,1.097,rolling,1
crawl,1,reverse,closed_loop,49.6373,1590.440,1283,-0.215663,-0.0201632,-0.0008590,1,0.563477,1.097,rolling,1
crawl,1,reverse,closed_loop,49.6482,1590.440,1283,-0.215663,,,0,0.563477,1.097,rolling,1
crawl,1,reverse,closed_loop,49.6700,1590.440,1283,-0.215663,,,0,0.563477,1.097,rolling,1
crawl,1,reverse,closed_loop,49.6916,1590.440,1283,-0.215663,,,0,0.563477,1.097,rolling,1
crawl,1,reverse,closed_loop,49.7132,1590.440,1283,-0.215663,,,0,0.563477,1.097,rolling,1
crawl,1,reverse,closed_loop,49.7351,1590.440,1283,-0.215663,,,0,0.563477,1.097,rolling,1
crawl,1,reverse,closed_loop,49.7376,1590.324,1283,-0.203110,-0.0162990,0.0005771,1,0.579776,1.097,rolling,1
crawl,1,reverse,closed_loop,49.7487,1590.324,1283,-0.203110,,,0,0.579776,1.097,rolling,1
crawl,1,reverse,closed_loop,49.7704,1590.324,1283,-0.203110,,,0,0.579776,1.097,rolling,1
crawl,1,reverse,closed_loop,49.7920,1590.324,1283,-0.203110,,,0,0.579776,1.097,rolling,1
crawl,1,reverse,closed_loop,49.8136,1590.324,1283,-0.203110,,,0,0.579776,1.097,rolling,1
crawl,1,reverse,closed_loop,49.8354,1590.324,1283,-0.203110,,,0,0.579776,1.109,rolling,1
crawl,1,reverse,closed_loop,49.8379,1590.215,1282,-0.191954,-0.0158604,0.0006642,1,0.595636,1.109,rolling,1
crawl,1,reverse,closed_loop,49.8514,1590.215,1282,-0.191954,,,0,0.595636,1.109,rolling,1
crawl,1,reverse,closed_loop,49.8731,1590.215,1282,-0.191954,,,0,0.595636,1.109,rolling,1
crawl,1,reverse,closed_loop,49.8947,1590.215,1282,-0.191954,,,0,0.595636,1.109,rolling,1
crawl,1,reverse,closed_loop,49.9163,1590.215,1282,-0.191954,,,0,0.595636,1.092,rolling,1
crawl,1,reverse,closed_loop,49.9386,1590.222,1282,-0.176148,-0.0129759,0.0008131,1,0.608612,1.092,rolling,1
crawl,1,reverse,closed_loop,49.9556,1590.222,1282,-0.176148,,,0,0.608612,1.092,rolling,1
crawl,1,reverse,closed_loop,49.9774,1590.222,1282,-0.176148,,,0,0.608612,1.092,rolling,1
crawl,1,reverse,closed_loop,49.9989,1590.222,1282,-0.176148,,,0,0.608612,1.092,rolling,1
crawl,1,reverse,closed_loop,50.0205,1590.222,1282,-0.176148,,,0,0.608612,1.099,rolling,1
crawl,1,reverse,closed_loop,50.0366,1590.382,1283,-0.154495,-0.0090231,-0.0001324,1,0.617635,1.099,rolling,1
crawl,1,reverse,closed_loop,50.0499,1590.382,1283,-0.154495,,,0,0.617635,1.099,rolling,1
crawl,1,reverse,closed_loop,50.0717,1590.382,1283,-0.154495,,,0,0.617635,1.099,rolling,1
crawl,1,reverse,closed_loop,50.0932,1590.382,1283,-0.154495,,,0,0.617635,1.099,rolling,1
crawl,1,reverse,closed_loop,50.1149,1590.382,1283,-0.154495,,,0,0.617635,1.104,rolling,1
crawl,1,reverse,closed_loop,50.1368,1590.620,1283,-0.132321,-0.0064064,-0.0008262,1,0.624042,1.104,rolling,1
crawl,1,reverse,closed_loop,50.1532,1590.620,1283,-0.132321,,,0,0.624042,1.104,rolling,1
crawl,1,reverse,closed_loop,50.1750,1590.620,1283,-0.132321,,,0,0.624042,1.104,rolling,1
crawl,1,reverse,closed_loop,50.1965,1590.620,1283,-0.132321,,,0,0.624042,1.104,rolling,1
crawl,1,reverse,closed_loop,50.2182,1590.620,1283,-0.132321,,,0,0.624042,1.091,rolling,1
crawl,1,reverse,closed_loop,50.2374,1591.003,1283,-0.105679,-0.0025968,-0.0003978,1,0.626638,1.091,rolling,1
crawl,1,reverse,closed_loop,50.2531,1591.003,1283,-0.105679,,,0,0.626638,1.091,rolling,1
crawl,1,reverse,closed_loop,50.2749,1591.003,1283,-0.105679,,,0,0.626638,1.091,rolling,1
crawl,1,reverse,closed_loop,50.2966,1591.003,1283,-0.105679,,,0,0.626638,1.091,rolling,1
crawl,1,reverse,closed_loop,50.3183,1591.003,1283,-0.105679,,,0,0.626638,1.099,rolling,1
crawl,1,reverse,closed_loop,50.3351,1591.588,1284,-0.072218,0.0028297,0.0001187,1,0.629468,1.099,rolling,1
crawl,1,reverse,closed_loop,50.3539,1591.588,1284,-0.072218,,,0,0.629468,1.099,rolling,1
crawl,1,reverse,closed_loop,50.3756,1591.588,1284,-0.072218,,,0,0.629468,1.099,rolling,1
crawl,1,reverse,closed_loop,50.3972,1591.588,1284,-0.072218,,,0,0.629468,1.099,rolling,1
crawl,1,reverse,closed_loop,50.4188,1591.588,1284,-0.072218,,,0,0.629468,1.093,rolling,1
crawl,1,reverse,closed_loop,50.4362,1592.040,1284,-0.051600,0.0010040,0.0011358,1,0.630472,1.093,rolling,1
crawl,1,reverse,closed_loop,50.4467,1592.040,1284,-0.051600,,,0,0.630472,1.093,rolling,1
crawl,1,reverse,closed_loop,50.4684,1592.040,1284,-0.051600,,,0,0.630472,1.093,rolling,1
crawl,1,reverse,closed_loop,50.4900,1592.040,1284,-0.051600,,,0,0.630472,1.093,rolling,1
crawl,1,reverse,closed_loop,50.5115,1592.040,1284,-0.051600,,,0,0.630472,1.093,rolling,1
crawl,1,reverse,closed_loop,50.5330,1592.040,1284,-0.051600,,,0,0.630472,1.097,rolling,1
crawl,1,reverse,closed_loop,50.5361,1592.443,1284,-0.037289,0.0005665,0.0001921,1,0.631039,1.097,rolling,1
crawl,1,reverse,closed_loop,50.5473,1592.443,1284,-0.037289,,,0,0.631039,1.097,rolling,1
crawl,1,reverse,closed_loop,50.5690,1592.443,1284,-0.037289,,,0,0.631039,1.097,rolling,1
crawl,1,reverse,closed_loop,50.5906,1592.443,1284,-0.037289,,,0,0.631039,1.097,rolling,1
crawl,1,reverse,closed_loop,50.6122,1592.443,1284,-0.037289,,,0,0.631039,1.097,rolling,1
crawl,1,reverse,closed_loop,50.6337,1592.443,1284,-0.037289,,,0,0.631039,1.097,rolling,1
crawl,1,reverse,closed_loop,50.6370,1592.642,1284,-0.036795,-0.0035520,-0.0015803,1,0.634591,1.097,rolling,1
crawl,1,reverse,closed_loop,50.6583,1592.642,1284,-0.036795,,,0,0.634591,1.097,rolling,1
crawl,1,reverse,closed_loop,50.6799,1592.642,1284,-0.036795,,,0,0.634591,1.097,rolling,1
crawl,1,reverse,closed_loop,50.7014,1592.642,1284,-0.036795,,,0,0.634591,1.097,rolling,1
crawl,1,reverse,closed_loop,50.7229,1592.642,1284,-0.036795,,,0,0.634591,1.106,rolling,1
crawl,1,reverse,closed_loop,50.7378,1593.209,1285,-0.016055,0.0047016,-0.0010663,1,0.639292,1.106,rolling,1
crawl,1,reverse,closed_loop,50.7549,1593.209,1285,-0.016055,,,0,0.639292,1.106,rolling,1
crawl,1,reverse,closed_loop,50.7766,1593.209,1285,-0.016055,,,0,0.639292,1.106,rolling,1
crawl,1,reverse,closed_loop,50.7982,1593.209,1285,-0.016055,,,0,0.639292,1.106,rolling,1
crawl,1,reverse,closed_loop,50.8198,1593.209,1285,-0.016055,,,0,0.639292,1.109,rolling,1
crawl,1,reverse,closed_loop,50.8354,1593.403,1285,-0.019291,-0.0029005,0.0015209,1,0.642193,1.109,rolling,1
crawl,1,reverse,closed_loop,50.8554,1593.403,1285,-0.019291,,,0,0.642193,1.109,rolling,1
crawl,1,reverse,closed_loop,50.8770,1593.403,1285,-0.019291,,,0,0.642193,1.109,rolling,1
crawl,1,reverse,closed_loop,50.8986,1593.403,1285,-0.019291,,,0,0.642193,1.109,rolling,1
crawl,1,reverse,closed_loop,50.9202,1593.403,1285,-0.019291,,,0,0.642193,1.092,rolling,1
crawl,1,reverse,closed_loop,50.9359,1593.653,1285,-0.018536,-0.0015880,0.0003000,1,0.643781,1.092,recovery,2
crawl,1,reverse,closed_loop,50.9543,1593.653,1285,-0.018536,,,0,0.643781,1.092,recovery,2
crawl,1,reverse,closed_loop,50.9760,1593.653,1285,-0.018536,,,0,0.643781,1.092,recovery,2
crawl,1,reverse,closed_loop,50.9976,1593.653,1285,-0.018536,,,0,0.643781,1.092,recovery,2
crawl,1,reverse,closed_loop,51.0192,1593.653,1285,-0.018536,,,0,0.643781,1.107,recovery,2
crawl,1,reverse,closed_loop,51.0365,1596.753,1288,-0.004916,0.0036083,0.0003641,1,0.647389,1.107,recovery,2
crawl,1,reverse,closed_loop,51.0490,1596.753,1288,-0.004916,,,0,0.647389,1.107,recovery,2
crawl,1,reverse,closed_loop,51.0707,1596.753,1288,-0.004916,,,0,0.647389,1.107,recovery,2
crawl,1,reverse,closed_loop,51.0923,1596.753,1288,-0.004916,,,0,0.647389,1.107,recovery,2
crawl,1,reverse,closed_loop,51.1139,1596.753,1288,-0.004916,,,0,0.647389,1.105,recovery,2
crawl,1,reverse,closed_loop,51.1351,1599.853,1290,-0.005703,-0.0008144,-0.0001662,1,0.648203,1.105,recovery,2
crawl,1,reverse,closed_loop,51.1517,1599.853,1290,-0.005703,,,0,0.648203,1.105,recovery,2
crawl,1,reverse,closed_loop,51.1734,1599.853,1290,-0.005703,,,0,0.648203,1.105,recovery,2
crawl,1,reverse,closed_loop,51.1950,1599.853,1290,-0.005703,,,0,0.648203,1.105,recovery,2
crawl,1,reverse,closed_loop,51.2165,1599.853,1290,-0.005703,,,0,0.648203,1.109,recovery,2
crawl,1,reverse,closed_loop,51.2351,1602.953,1293,-0.007844,-0.0013883,-0.0007908,1,0.649592,1.109,recovery,2
crawl,1,reverse,closed_loop,51.2433,1602.953,1293,-0.007844,,,0,0.649592,1.109,recovery,2
crawl,1,reverse,closed_loop,51.2650,1602.953,1293,-0.007844,,,0,0.649592,1.109,recovery,2
crawl,1,reverse,closed_loop,51.2867,1602.953,1293,-0.007844,,,0,0.649592,1.109,recovery,2
crawl,1,reverse,closed_loop,51.3083,1602.953,1293,-0.007844,,,0,0.649592,1.109,recovery,2
crawl,1,reverse,closed_loop,51.3299,1602.953,1293,-0.007844,,,0,0.649592,1.094,recovery,2
crawl,1,reverse,closed_loop,51.3355,1606.053,1295,-0.013287,-0.0029691,-0.0010929,1,0.652561,1.094,recovery,2
crawl,1,reverse,closed_loop,51.3497,1606.053,1295,-0.013287,,,0,0.652561,1.094,recovery,2
crawl,1,reverse,closed_loop,51.3713,1606.053,1295,-0.013287,,,0,0.652561,1.094,recovery,2
crawl,1,reverse,closed_loop,51.3928,1606.053,1295,-0.013287,,,0,0.652561,1.094,recovery,2
crawl,1,reverse,closed_loop,51.4143,1606.053,1295,-0.013287,,,0,0.652561,1.089,recovery,2
crawl,1,reverse,closed_loop,51.4361,1609.153,1298,0.000100,0.0040801,-0.0004120,1,0.656641,1.089,recovery,2
crawl,1,reverse,closed_loop,51.4565,1609.153,1298,0.000100,,,0,0.656641,1.089,recovery,2
crawl,1,reverse,closed_loop,51.4780,1609.153,1298,0.000100,,,0,0.656641,1.089,recovery,2
crawl,1,reverse,closed_loop,51.4995,1609.153,1298,0.000100,,,0,0.656641,1.089,recovery,2
crawl,1,reverse,closed_loop,51.5210,1609.153,1298,0.000100,,,0,0.656641,1.089,recovery,2
crawl,1,reverse,closed_loop,51.5340,1612.253,1300,0.001292,0.0004882,0.0001287,1,0.657129,1.089,recovery,2
crawl,1,reverse,closed_loop,51.5447,1612.253,1300,0.001292,,,0,0.657129,1.089,recovery,2
crawl,1,reverse,closed_loop,51.5663,1612.253,1300,0.001292,,,0,0.657129,1.089,recovery,2
crawl,1,reverse,closed_loop,51.5880,1612.253,1300,0.001292,,,0,0.657129,1.089,recovery,2
crawl,1,reverse,closed_loop,51.6095,1612.253,1300,0.001292,,,0,0.657129,1.089,recovery,2
crawl,1,reverse,closed_loop,51.6310,1612.253,1300,0.001292,,,0,0.657129,1.099,recovery,2
crawl,1,reverse,closed_loop,51.6345,1615.353,1303,0.000557,-0.0001608,0.0001151,1,0.657290,1.099,recovery,2
crawl,1,reverse,closed_loop,51.6456,1615.353,1303,0.000557,,,0,0.657290,1.099,recovery,2
crawl,1,reverse,closed_loop,51.6674,1615.353,1303,0.000557,,,0,0.657290,1.099,recovery,2
crawl,1,reverse,closed_loop,51.6890,1615.353,1303,0.000557,,,0,0.657290,1.099,recovery,2
crawl,1,reverse,closed_loop,51.7106,1615.353,1303,0.000557,,,0,0.657290,1.099,recovery,2
crawl,1,reverse,closed_loop,51.7322,1615.353,1303,0.000557,,,0,0.657290,1.106,recovery,2
crawl,1,reverse,closed_loop,51.7352,1618.453,1305,-0.001514,-0.0007826,-0.0001112,1,0.658072,1.106,recovery,2
crawl,1,reverse,closed_loop,51.7503,1618.453,1305,-0.001514,,,0,0.658072,1.106,recovery,2
crawl,1,reverse,closed_loop,51.7722,1618.453,1305,-0.001514,,,0,0.658072,1.106,recovery,2
crawl,1,reverse,closed_loop,51.7939,1618.453,1305,-0.001514,,,0,0.658072,1.106,recovery,2
crawl,1,reverse,closed_loop,51.8156,1618.453,1305,-0.001514,,,0,0.658072,1.102,recovery,2
crawl,1,reverse,closed_loop,51.8336,1620.000,1306,-0.005039,-0.0015714,-0.0000619,1,0.659644,1.102,recovery,2
crawl,1,reverse,closed_loop,51.8434,1620.000,1306,-0.005039,,,0,0.659644,1.102,recovery,2
crawl,1,reverse,closed_loop,51.8651,1620.000,1306,-0.005039,,,0,0.659644,1.102,recovery,2
crawl,1,reverse,closed_loop,51.8867,1620.000,1306,-0.005039,,,0,0.659644,1.102,recovery,2
crawl,1,reverse,closed_loop,51.9082,1620.000,1306,-0.005039,,,0,0.659644,1.102,recovery,2
crawl,1,reverse,closed_loop,51.9297,1620.000,1306,-0.005039,,,0,0.659644,1.102,recovery,2
crawl,1,reverse,closed_loop,51.9339,1620.000,1306,-0.001468,0.0009042,0.0004443,1,0.660548,1.102,recovery,2
crawl,1,reverse,closed_loop,51.9495,1620.000,1306,-0.001468,,,0,0.660548,1.102,recovery,2
crawl,1,reverse,closed_loop,51.9713,1620.000,1306,-0.001468,,,0,0.660548,1.102,recovery,2
crawl,1,reverse,closed_loop,51.9929,1620.000,1306,-0.001468,,,0,0.660548,1.102,recovery,2
crawl,1,reverse,closed_loop,52.0144,1620.000,1306,-0.001468,,,0,0.660548,1.102,recovery,2
crawl,1,reverse,closed_loop,52.0349,1620.000,1306,-0.000874,0.0000921,-0.0002334,1,0.660640,1.102,recovery,2
crawl,1,reverse,closed_loop,52.0459,1620.000,1306,-0.000874,,,0,0.660640,1.102,recovery,2
crawl,1,reverse,closed_loop,52.0676,1620.000,1306,-0.000874,,,0,0.660640,1.102,recovery,2
crawl,1,reverse,closed_loop,52.0892,1620.000,1306,-0.000874,,,0,0.660640,1.102,recovery,2
crawl,1,reverse,closed_loop,52.1107,1620.000,1306,-0.000874,,,0,0.660640,1.100,recovery,2
crawl,1,reverse,closed_loop,52.1322,1620.000,1306,-0.001155,-0.0001988,-0.0000660,1,0.660839,1.100,recovery,2
crawl,1,reverse,closed_loop,52.1436,1620.000,1306,-0.001155,,,0,0.660839,1.100,recovery,2
crawl,1,reverse,closed_loop,52.1652,1620.000,1306,-0.001155,,,0,0.660839,1.100,recovery,2
crawl,1,reverse,closed_loop,52.1868,1620.000,1306,-0.001155,,,0,0.660839,1.100,recovery,2
crawl,1,reverse,closed_loop,52.2084,1620.000,1306,-0.001155,,,0,0.660839,1.100,recovery,2
crawl,1,reverse,closed_loop,52.2299,1620.000,1306,-0.001155,,,0,0.660839,1.089,recovery,2
crawl,1,reverse,closed_loop,52.2334,1620.000,1306,0.000509,0.0005395,-0.0002391,1,0.661378,1.089,recovery,2
crawl,1,reverse,closed_loop,52.2402,1620.000,1306,0.000509,,,0,0.661378,1.089,recovery,2
crawl,1,reverse,closed_loop,52.2619,1620.000,1306,0.000509,,,0,0.661378,1.089,recovery,2
crawl,1,reverse,closed_loop,52.2835,1620.000,1306,0.000509,,,0,0.661378,1.089,recovery,2
crawl,1,reverse,closed_loop,52.3051,1620.000,1306,0.000509,,,0,0.661378,1.089,recovery,2
crawl,1,reverse,closed_loop,52.3266,1620.000,1306,0.000509,,,0,0.661378,1.107,recovery,2
crawl,1,reverse,closed_loop,52.3333,1620.000,1306,-0.000292,-0.0002780,0.0001970,1,0.661656,1.107,recovery,2
crawl,1,reverse,closed_loop,52.3426,1620.000,1306,-0.000292,,,0,0.661656,1.107,recovery,2
crawl,1,reverse,closed_loop,52.3645,1620.000,1306,-0.000292,,,0,0.661656,1.107,recovery,2
crawl,1,reverse,closed_loop,52.3862,1620.000,1306,-0.000292,,,0,0.661656,1.107,recovery,2
crawl,1,reverse,closed_loop,52.4081,1620.000,1306,-0.000292,,,0,0.661656,1.107,recovery,2
crawl,1,reverse,closed_loop,52.4297,1620.000,1306,-0.000292,,,0,0.661656,1.088,recovery,2
crawl,1,reverse,closed_loop,52.4334,1620.000,1306,0.001816,0.0007973,0.0002149,1,0.662454,1.088,recovery,2
crawl,1,reverse,closed_loop,52.4489,1620.000,1306,0.001816,,,0,0.662454,1.088,recovery,2
crawl,1,reverse,closed_loop,52.4706,1620.000,1306,0.001816,,,0,0.662454,1.088,recovery,2
crawl,1,reverse,closed_loop,52.4921,1620.000,1306,0.001816,,,0,0.662454,1.088,recovery,2
crawl,1,reverse,closed_loop,52.5137,1620.000,1306,0.001816,,,0,0.662454,1.095,recovery,2
crawl,1,reverse,closed_loop,52.5320,1620.000,1306,-0.009451,-0.0043342,0.0002837,1,0.666788,1.095,recovery,2
crawl,1,reverse,closed_loop,52.5447,1620.000,1306,-0.009451,,,0,0.666788,1.095,recovery,2
crawl,1,reverse,closed_loop,52.5664,1620.000,1306,-0.009451,,,0,0.666788,1.095,recovery,2
crawl,1,reverse,closed_loop,52.5880,1620.000,1306,-0.009451,,,0,0.666788,1.095,recovery,2
crawl,1,reverse,closed_loop,52.6096,1620.000,1306,-0.009451,,,0,0.666788,1.095,recovery,2
crawl,1,reverse,closed_loop,52.6317,1620.000,1306,-0.009451,,,0,0.666788,1.103,recovery,2
crawl,1,reverse,closed_loop,52.6344,1620.000,1306,0.002654,0.0038272,-0.0006142,1,0.670615,1.103,recovery,2
crawl,1,reverse,closed_loop,52.6489,1620.000,1306,0.002654,,,0,0.670615,1.103,recovery,2
crawl,1,reverse,closed_loop,52.6706,1620.000,1306,0.002654,,,0,0.670615,1.103,recovery,2
crawl,1,reverse,closed_loop,52.6922,1620.000,1306,0.002654,,,0,0.670615,1.103,recovery,2
crawl,1,reverse,closed_loop,52.7138,1620.000,1306,0.002654,,,0,0.670615,1.090,recovery,2
