direction,block,elapsed_s,block_elapsed_s,target_speed_mps,target_curvature_1pm,steering_pulse_us,steering_tick,approach_direction,controller_state,esc_pulse_us,esc_tick,adaptive_feedforward_us,integral_trim_us,fresh_odom,transition_sample,tf_stamp,x_m,y_m,yaw_rad,measured_speed_mps,increment_ds_m,increment_dyaw_rad,instant_curvature_1pm,block_motion_m,direction_motion_m,settled_signed_distance_m,settled_heading_change_rad,front_clearance_m,rear_clearance_m
forward,1,3.0368,0.0000,0.2000,0.00000,1442.635,1163,decreasing,startup,1423.384,1148,1419.384,0.000,0,0,1783746496.036119461,0.244762,0.072993,0.244779,0.002648,,,,0.000000,0.000000,0.000000,0.000000,0.865,2.126
forward,1,3.0586,0.0218,0.2000,0.00000,1442.635,1163,decreasing,startup,1423.384,1148,1419.384,0.000,0,0,1783746496.036119461,0.244762,0.072993,0.244779,0.002648,,,,0.000000,0.000000,0.000000,0.000000,0.865,2.126
forward,1,3.0801,0.0434,0.2000,0.00000,1442.635,1163,decreasing,startup,1423.384,1148,1419.384,0.000,0,0,1783746496.036119461,0.244762,0.072993,0.244779,0.002648,,,,0.000000,0.000000,0.000000,0.000000,0.862,2.122
forward,1,3.0855,0.0488,0.2000,0.00000,1442.635,1163,decreasing,startup,1423.384,1148,1419.384,0.000,0,0,1783746496.036119461,0.244762,0.072993,0.244779,0.002648,,,,0.000000,0.000000,0.000000,0.000000,0.862,2.122
forward,1,3.1075,0.0707,0.2000,0.00000,1442.635,1163,decreasing,startup,1422.144,1147,1419.384,0.000,1,1,1783746496.136582375,0.241276,0.065217,0.247254,-0.011140,-0.0052747,0.0024754,-0.4693067,0.005275,0.005275,0.000000,0.000000,0.862,2.122
forward,1,3.1093,0.0726,0.2000,0.00000,1442.635,1163,decreasing,startup,1422.144,1147,1419.384,0.000,0,0,1783746496.136582375,0.241276,0.065217,0.247254,-0.011140,,,,0.005275,0.005275,0.000000,0.000000,0.862,2.122
forward,1,3.1309,0.0941,0.2000,0.00000,1442.635,1163,decreasing,startup,1422.144,1147,1419.384,0.000,0,0,1783746496.136582375,0.241276,0.065217,0.247254,-0.011140,,,,0.005275,0.005275,0.000000,0.000000,0.862,2.122
forward,1,3.1524,0.1157,0.2000,0.00000,1442.635,1163,decreasing,startup,1422.144,1147,1419.384,0.000,0,0,1783746496.136582375,0.241276,0.065217,0.247254,-0.011140,,,,0.005275,0.005275,0.000000,0.000000,0.862,2.122
forward,1,3.1739,0.1372,0.2000,0.00000,1442.635,1163,decreasing,startup,1422.144,1147,1419.384,0.000,0,0,1783746496.136582375,0.241276,0.065217,0.247254,-0.011140,,,,0.005275,0.005275,0.000000,0.000000,0.867,2.128
forward,1,3.1830,0.1462,0.2000,0.00000,1442.635,1163,decreasing,startup,1422.144,1147,1419.384,0.000,0,0,1783746496.136582375,0.241276,0.065217,0.247254,-0.011140,,,,0.005275,0.005275,0.000000,0.000000,0.867,2.128
forward,1,3.2048,0.1681,0.2000,0.00000,1442.635,1163,decreasing,startup,1420.904,1146,1419.384,0.000,1,2,1783746496.236936092,0.243209,0.065906,0.246964,-0.003266,0.0020430,-0.0002904,-0.1421609,0.007318,0.007318,0.000000,0.000000,0.867,2.128
forward,1,3.2067,0.1700,0.2000,0.00000,1442.635,1163,decreasing,startup,1420.904,1146,1419.384,0.000,0,0,1783746496.236936092,0.243209,0.065906,0.246964,-0.003266,,,,0.007318,0.007318,0.000000,0.000000,0.867,2.128
forward,1,3.2284,0.1916,0.2000,0.00000,1442.635,1163,decreasing,startup,1420.904,1146,1419.384,0.000,0,0,1783746496.236936092,0.243209,0.065906,0.246964,-0.003266,,,,0.007318,0.007318,0.000000,0.000000,0.867,2.128
forward,1,3.2499,0.2131,0.2000,0.00000,1442.635,1163,decreasing,startup,1420.904,1146,1419.384,0.000,0,0,1783746496.236936092,0.243209,0.065906,0.246964,-0.003266,,,,0.007318,0.007318,0.000000,0.000000,0.867,2.128
forward,1,3.2715,0.2347,0.2000,0.00000,1442.635,1163,decreasing,startup,1420.904,1146,1419.384,0.000,0,0,1783746496.236936092,0.243209,0.065906,0.246964,-0.003266,,,,0.007318,0.007318,0.000000,0.000000,0.870,2.119
forward,1,3.2832,0.2464,0.2000,0.00000,1442.635,1163,decreasing,startup,1419.664,1145,1419.384,0.000,1,3,1783746496.334284544,0.242756,0.068952,0.246086,-0.001671,0.0003030,-0.0008778,-2.8974760,0.007621,0.007621,0.000000,0.000000,0.870,2.119
forward,1,3.2959,0.2591,0.2000,0.00000,1442.635,1163,decreasing,startup,1419.664,1145,1419.384,0.000,0,0,1783746496.334284544,0.242756,0.068952,0.246086,-0.001671,,,,0.007621,0.007621,0.000000,0.000000,0.870,2.119
forward,1,3.3175,0.2807,0.2000,0.00000,1442.635,1163,decreasing,startup,1419.664,1145,1419.384,0.000,0,0,1783746496.334284544,0.242756,0.068952,0.246086,-0.001671,,,,0.007621,0.007621,0.000000,0.000000,0.870,2.119
forward,1,3.3392,0.3024,0.2000,0.00000,1442.635,1163,decreasing,startup,1419.664,1145,1419.384,0.000,0,0,1783746496.334284544,0.242756,0.068952,0.246086,-0.001671,,,,0.007621,0.007621,0.000000,0.000000,0.870,2.119
forward,1,3.3607,0.3240,0.2000,0.00000,1442.635,1163,decreasing,startup,1419.664,1145,1419.384,0.000,0,0,1783746496.334284544,0.242756,0.068952,0.246086,-0.001671,,,,0.007621,0.007621,0.000000,0.000000,0.870,2.119
forward,1,3.3823,0.3455,0.2000,0.00000,1442.635,1163,decreasing,startup,1419.664,1145,1419.384,0.000,0,0,1783746496.334284544,0.242756,0.068952,0.246086,-0.001671,,,,0.007621,0.007621,0.000000,0.000000,0.879,2.121
forward,1,3.3849,0.3482,0.2000,0.00000,1442.635,1163,decreasing,startup,1418.424,1144,1419.384,0.000,1,4,1783746496.434706211,0.249666,0.069277,0.247524,0.015626,0.0067801,0.0014381,0.2121031,0.014401,0.014401,0.000000,0.000000,0.879,2.121
forward,1,3.4014,0.3647,0.2000,0.00000,1442.635,1163,decreasing,startup,1418.424,1144,1419.384,0.000,0,0,1783746496.434706211,0.249666,0.069277,0.247524,0.015626,,,,0.014401,0.014401,0.000000,0.000000,0.879,2.121
forward,1,3.4230,0.3863,0.2000,0.00000,1442.635,1163,decreasing,startup,1418.424,1144,1419.384,0.000,0,0,1783746496.434706211,0.249666,0.069277,0.247524,0.015626,,,,0.014401,0.014401,0.000000,0.000000,0.879,2.121
forward,1,3.4446,0.4078,0.2000,0.00000,1442.635,1163,decreasing,startup,1418.424,1144,1419.384,0.000,0,0,1783746496.434706211,0.249666,0.069277,0.247524,0.015626,,,,0.014401,0.014401,0.000000,0.000000,0.879,2.121
forward,1,3.4661,0.4294,0.2000,0.00000,1442.635,1163,decreasing,startup,1418.424,1144,1419.384,0.000,0,0,1783746496.434706211,0.249666,0.069277,0.247524,0.015626,,,,0.014401,0.014401,0.000000,0.000000,0.872,2.122
forward,1,3.4818,0.4451,0.2000,0.00000,1442.635,1163,decreasing,startup,1415.324,1141,1419.384,0.000,1,5,1783746496.535118341,0.249905,0.068673,0.246973,0.011928,0.0000839,-0.0005512,-6.5702848,0.014485,0.014485,0.000000,0.000000,0.872,2.122
forward,1,3.4966,0.4598,0.2000,0.00000,1442.635,1163,decreasing,startup,1415.324,1141,1419.384,0.000,0,0,1783746496.535118341,0.249905,0.068673,0.246973,0.011928,,,,0.014485,0.014485,0.000000,0.000000,0.872,2.122
forward,1,3.5182,0.4815,0.2000,0.00000,1442.635,1163,decreasing,startup,1415.324,1141,1419.384,0.000,0,0,1783746496.535118341,0.249905,0.068673,0.246973,0.011928,,,,0.014485,0.014485,0.000000,0.000000,0.872,2.122
forward,1,3.5398,0.5030,0.2000,0.00000,1442.635,1163,decreasing,startup,1415.324,1141,1419.384,0.000,0,0,1783746496.535118341,0.249905,0.068673,0.246973,0.011928,,,,0.014485,0.014485,0.000000,0.000000,0.872,2.122
forward,1,3.5615,0.5247,0.2000,0.00000,1442.635,1163,decreasing,startup,1415.324,1141,1419.384,0.000,0,0,1783746496.535118341,0.249905,0.068673,0.246973,0.011928,,,,0.014485,0.014485,0.000000,0.000000,0.868,2.119
forward,1,3.5822,0.5454,0.2000,0.00000,1442.635,1163,decreasing,startup,1412.224,1139,1419.384,0.000,1,6,1783746496.633244991,0.247799,0.073091,0.246064,0.006492,-0.0009633,-0.0009084,0.9430269,0.015448,0.015448,0.000000,0.000000,0.868,2.119
forward,1,3.6017,0.5649,0.2000,0.00000,1442.635,1163,decreasing,startup,1412.224,1139,1419.384,0.000,0,0,1783746496.633244991,0.247799,0.073091,0.246064,0.006492,,,,0.015448,0.015448,0.000000,0.000000,0.868,2.119
forward,1,3.6233,0.5866,0.2000,0.00000,1442.635,1163,decreasing,startup,1412.224,1139,1419.384,0.000,0,0,1783746496.633244991,0.247799,0.073091,0.246064,0.006492,,,,0.015448,0.015448,0.000000,0.000000,0.868,2.119
forward,1,3.6449,0.6081,0.2000,0.00000,1442.635,1163,decreasing,startup,1412.224,1139,1419.384,0.000,0,0,1783746496.633244991,0.247799,0.073091,0.246064,0.006492,,,,0.015448,0.015448,0.000000,0.000000,0.868,2.119
forward,1,3.6664,0.6297,0.2000,0.00000,1442.635,1163,decreasing,startup,1412.224,1139,1419.384,0.000,0,0,1783746496.633244991,0.247799,0.073091,0.246064,0.006492,,,,0.015448,0.015448,0.000000,0.000000,0.870,2.116
forward,1,3.6825,0.6457,0.2000,0.00000,1442.635,1163,decreasing,startup,1409.124,1136,1419.384,0.000,1,7,1783746496.733629465,0.247747,0.072101,0.245764,0.004141,-0.0002923,-0.0003002,1.0271653,0.015740,0.015740,0.000000,0.000000,0.870,2.116
forward,1,3.7011,0.6644,0.2000,0.00000,1442.635,1163,decreasing,startup,1409.124,1136,1419.384,0.000,0,0,1783746496.733629465,0.247747,0.072101,0.245764,0.004141,,,,0.015740,0.015740,0.000000,0.000000,0.870,2.116
forward,1,3.7227,0.6860,0.2000,0.00000,1442.635,1163,decreasing,startup,1409.124,1136,1419.384,0.000,0,0,1783746496.733629465,0.247747,0.072101,0.245764,0.004141,,,,0.015740,0.015740,0.000000,0.000000,0.870,2.116
forward,1,3.7442,0.7075,0.2000,0.00000,1442.635,1163,decreasing,startup,1409.124,1136,1419.384,0.000,0,0,1783746496.733629465,0.247747,0.072101,0.245764,0.004141,,,,0.015740,0.015740,0.000000,0.000000,0.870,2.116
forward,1,3.7659,0.7291,0.2000,0.00000,1442.635,1163,decreasing,startup,1409.124,1136,1419.384,0.000,0,0,1783746496.733629465,0.247747,0.072101,0.245764,0.004141,,,,0.015740,0.015740,0.000000,0.000000,0.873,2.119
forward,1,3.7831,0.7464,0.2000,0.00000,1442.635,1163,decreasing,startup,1406.024,1134,1419.384,0.000,1,8,1783746496.833754539,0.246895,0.072365,0.245728,0.001204,-0.0007617,-0.0000357,0.0468984,0.016502,0.016502,0.000000,0.000000,0.873,2.119
forward,1,3.7885,0.7518,0.2000,0.00000,1442.635,1163,decreasing,startup,1406.024,1134,1419.384,0.000,0,0,1783746496.833754539,0.246895,0.072365,0.245728,0.001204,,,,0.016502,0.016502,0.000000,0.000000,0.873,2.119
forward,1,3.8103,0.7735,0.2000,0.00000,1442.635,1163,decreasing,startup,1406.024,1134,1419.384,0.000,0,0,1783746496.833754539,0.246895,0.072365,0.245728,0.001204,,,,0.016502,0.016502,0.000000,0.000000,0.873,2.119
forward,1,3.8319,0.7952,0.2000,0.00000,1442.635,1163,decreasing,startup,1406.024,1134,1419.384,0.000,0,0,1783746496.833754539,0.246895,0.072365,0.245728,0.001204,,,,0.016502,0.016502,0.000000,0.000000,0.873,2.119
forward,1,3.8535,0.8168,0.2000,0.00000,1442.635,1163,decreasing,startup,1406.024,1134,1419.384,0.000,0,0,1783746496.833754539,0.246895,0.072365,0.245728,0.001204,,,,0.016502,0.016502,0.000000,0.000000,0.873,2.119
forward,1,3.8751,0.8383,0.2000,0.00000,1442.635,1163,decreasing,startup,1406.024,1134,1419.384,0.000,0,0,1783746496.833754539,0.246895,0.072365,0.245728,0.001204,,,,0.016502,0.016502,0.000000,0.000000,0.879,2.111
forward,1,3.8832,0.8465,0.2000,0.00000,1442.635,1163,decreasing,startup,1402.924,1131,1419.384,0.000,1,9,1783746496.934262991,0.254781,0.071625,0.248571,0.019472,0.0074653,0.0028432,0.3808498,0.023967,0.023967,0.000000,0.000000,0.879,2.111
forward,1,3.8975,0.8607,0.2000,0.00000,1442.635,1163,decreasing,startup,1402.924,1131,1419.384,0.000,0,0,1783746496.934262991,0.254781,0.071625,0.248571,0.019472,,,,0.023967,0.023967,0.000000,0.000000,0.879,2.111
forward,1,3.9191,0.8824,0.2000,0.00000,1442.635,1163,decreasing,startup,1402.924,1131,1419.384,0.000,0,0,1783746496.934262991,0.254781,0.071625,0.248571,0.019472,,,,0.023967,0.023967,0.000000,0.000000,0.879,2.111
forward,1,3.9407,0.9039,0.2000,0.00000,1442.635,1163,decreasing,startup,1402.924,1131,1419.384,0.000,0,0,1783746496.934262991,0.254781,0.071625,0.248571,0.019472,,,,0.023967,0.023967,0.000000,0.000000,0.879,2.111
forward,1,3.9622,0.9254,0.2000,0.00000,1442.635,1163,decreasing,startup,1402.924,1131,1419.384,0.000,0,0,1783746496.934262991,0.254781,0.071625,0.248571,0.019472,,,,0.023967,0.023967,0.000000,0.000000,0.891,2.091
forward,1,3.9837,0.9470,0.2000,0.00000,1442.635,1163,decreasing,startup,1399.824,1129,1419.384,0.000,1,10,1783746497.034745455,0.266284,0.072420,0.250888,0.042824,0.0113426,0.0023162,0.2042064,0.035310,0.035310,0.000000,0.000000,0.891,2.091
forward,1,3.9997,0.9630,0.2000,0.00000,1442.635,1163,decreasing,startup,1399.824,1129,1419.384,0.000,0,0,1783746497.034745455,0.266284,0.072420,0.250888,0.042824,,,,0.035310,0.035310,0.000000,0.000000,0.891,2.091
forward,1,4.0214,0.9847,0.2000,0.00000,1442.635,1163,decreasing,startup,1399.824,1129,1419.384,0.000,0,0,1783746497.034745455,0.266284,0.072420,0.250888,0.042824,,,,0.035310,0.035310,0.000000,0.000000,0.891,2.091
forward,1,4.0430,1.0063,0.2000,0.00000,1442.635,1163,decreasing,startup,1399.824,1129,1419.384,0.000,0,0,1783746497.034745455,0.266284,0.072420,0.250888,0.042824,,,,0.035310,0.035310,0.000000,0.000000,0.891,2.091
forward,1,4.0646,1.0278,0.2000,0.00000,1442.635,1163,decreasing,startup,1399.824,1129,1419.384,0.000,0,0,1783746497.034745455,0.266284,0.072420,0.250888,0.042824,,,,0.035310,0.035310,0.000000,0.000000,0.906,2.062
forward,1,4.0840,1.0472,0.2000,0.00000,1442.635,1163,decreasing,startup,1399.824,1129,1419.384,0.000,0,0,1783746497.034745455,0.266284,0.072420,0.250888,0.042824,,,,0.035310,0.035310,0.000000,0.000000,0.906,2.062
forward,1,4.1060,1.0692,0.2000,0.00000,1442.635,1163,decreasing,rolling,1419.384,1145,1419.384,0.000,1,11,1783746497.135234594,0.287986,0.084930,0.251258,0.092147,0.0241291,0.0003699,0.0153308,0.059439,0.059439,0.000000,0.000000,0.906,2.062
forward,1,4.1080,1.0712,0.2000,0.00000,1442.635,1163,decreasing,rolling,1419.384,1145,1419.384,0.000,0,0,1783746497.135234594,0.287986,0.084930,0.251258,0.092147,,,,0.059439,0.059439,0.000000,0.000000,0.906,2.062
forward,1,4.1296,1.0928,0.2000,0.00000,1442.635,1163,decreasing,rolling,1419.384,1145,1419.384,0.000,0,0,1783746497.135234594,0.287986,0.084930,0.251258,0.092147,,,,0.059439,0.059439,0.000000,0.000000,0.906,2.062
forward,1,4.1512,1.1144,0.2000,0.00000,1442.635,1163,decreasing,rolling,1419.384,1145,1419.384,0.000,0,0,1783746497.135234594,0.287986,0.084930,0.251258,0.092147,,,,0.059439,0.059439,0.000000,0.000000,0.906,2.062
forward,1,4.1727,1.1360,0.2000,0.00000,1442.635,1163,decreasing,rolling,1419.384,1145,1419.384,0.000,0,0,1783746497.135234594,0.287986,0.084930,0.251258,0.092147,,,,0.059439,0.059439,0.000000,0.000000,0.933,2.024
forward,1,4.1845,1.1477,0.2000,0.00000,1442.635,1163,decreasing,rolling,1418.366,1144,1419.251,-0.133,1,12,1783746497.235499620,0.321608,0.093720,0.246895,0.155759,0.0347514,-0.0043628,-0.1255428,0.094190,0.094190,0.034751,-0.004363,0.933,2.024
forward,1,4.2063,1.1696,0.2000,0.00000,1442.635,1163,decreasing,rolling,1418.366,1144,1419.251,-0.133,0,0,1783746497.235499620,0.321608,0.093720,0.246895,0.155759,,,,0.094190,0.094190,0.034751,-0.004363,0.933,2.024
forward,1,4.2283,1.1915,0.2000,0.00000,1442.635,1163,decreasing,rolling,1418.366,1144,1419.251,-0.133,0,0,1783746497.235499620,0.321608,0.093720,0.246895,0.155759,,,,0.094190,0.094190,0.034751,-0.004363,0.933,2.024
forward,1,4.2501,1.2133,0.2000,0.00000,1442.635,1163,decreasing,rolling,1418.366,1144,1419.251,-0.133,0,0,1783746497.235499620,0.321608,0.093720,0.246895,0.155759,,,,0.094190,0.094190,0.034751,-0.004363,0.933,2.024
forward,1,4.2719,1.2351,0.2000,0.00000,1442.635,1163,decreasing,rolling,1418.366,1144,1419.251,-0.133,0,0,1783746497.235499620,0.321608,0.093720,0.246895,0.155759,,,,0.094190,0.094190,0.034751,-0.004363,0.961,1.998
forward,1,4.2847,1.2479,0.2000,0.00000,1442.635,1163,decreasing,rolling,1419.170,1144,1419.240,-0.144,1,13,1783746497.335961580,0.353206,0.099382,0.246708,0.196511,0.0320238,-0.0001867,-0.0058302,0.126214,0.126214,0.066775,-0.004549,0.961,1.998
forward,1,4.3021,1.2653,0.2000,0.00000,1442.635,1163,decreasing,rolling,1419.170,1144,1419.240,-0.144,0,0,1783746497.335961580,0.353206,0.099382,0.246708,0.196511,,,,0.126214,0.126214,0.066775,-0.004549,0.961,1.998
forward,1,4.3237,1.2870,0.2000,0.00000,1442.635,1163,decreasing,rolling,1419.170,1144,1419.240,-0.144,0,0,1783746497.335961580,0.353206,0.099382,0.246708,0.196511,,,,0.126214,0.126214,0.066775,-0.004549,0.961,1.998
forward,1,4.3452,1.3085,0.2000,0.00000,1442.635,1163,decreasing,rolling,1419.170,1144,1419.240,-0.144,0,0,1783746497.335961580,0.353206,0.099382,0.246708,0.196511,,,,0.126214,0.126214,0.066775,-0.004549,0.961,1.998
forward,1,4.3668,1.3300,0.2000,0.00000,1442.635,1163,decreasing,rolling,1419.170,1144,1419.240,-0.144,0,0,1783746497.335961580,0.353206,0.099382,0.246708,0.196511,,,,0.126214,0.126214,0.066775,-0.004549,0.988,1.969
forward,1,4.3855,1.3487,0.2000,0.00000,1442.635,1163,decreasing,rolling,1419.830,1145,1419.317,-0.066,1,14,1783746497.436421871,0.383214,0.108965,0.248626,0.225627,0.0314417,0.0019176,0.0609883,0.157656,0.157656,0.098217,-0.002632,0.988,1.969
forward,1,4.3976,1.3608,0.2000,0.00000,1442.635,1163,decreasing,rolling,1419.830,1145,1419.317,-0.066,0,0,1783746497.436421871,0.383214,0.108965,0.248626,0.225627,,,,0.157656,0.157656,0.098217,-0.002632,0.988,1.969
forward,1,4.4194,1.3826,0.2000,0.00000,1442.635,1163,decreasing,rolling,1419.830,1145,1419.317,-0.066,0,0,1783746497.436421871,0.383214,0.108965,0.248626,0.225627,,,,0.157656,0.157656,0.098217,-0.002632,0.988,1.969
forward,1,4.4409,1.4042,0.2000,0.00000,1442.635,1163,decreasing,rolling,1419.830,1145,1419.317,-0.066,0,0,1783746497.436421871,0.383214,0.108965,0.248626,0.225627,,,,0.157656,0.157656,0.098217,-0.002632,0.988,1.969
forward,1,4.4625,1.4257,0.2000,0.00000,1442.635,1163,decreasing,rolling,1419.830,1145,1419.317,-0.066,0,0,1783746497.436421871,0.383214,0.108965,0.248626,0.225627,,,,0.157656,0.157656,0.098217,-0.002632,0.988,1.969
forward,1,4.4843,1.4475,0.2000,0.00000,1442.635,1163,decreasing,rolling,1419.830,1145,1419.317,-0.066,0,0,1783746497.436421871,0.383214,0.108965,0.248626,0.225627,,,,0.157656,0.157656,0.098217,-0.002632,1.016,1.941
forward,1,4.4869,1.4502,0.2000,0.00000,1442.635,1163,decreasing,rolling,1420.239,1145,1419.438,0.054,1,15,1783746497.536622524,0.412326,0.109696,0.251774,0.240045,0.0283867,0.0031487,0.1109226,0.186043,0.186043,0.126604,0.000517,1.016,1.941
forward,1,4.5062,1.4694,0.2000,0.00000,1442.635,1163,decreasing,rolling,1420.239,1145,1419.438,0.054,0,0,1783746497.536622524,0.412326,0.109696,0.251774,0.240045,,,,0.186043,0.186043,0.126604,0.000517,1.016,1.941
forward,1,4.5279,1.4911,0.2000,0.00000,1442.635,1163,decreasing,rolling,1420.239,1145,1419.438,0.054,0,0,1783746497.536622524,0.412326,0.109696,0.251774,0.240045,,,,0.186043,0.186043,0.126604,0.000517,1.016,1.941
forward,1,4.5495,1.5127,0.2000,0.00000,1442.635,1163,decreasing,rolling,1420.239,1145,1419.438,0.054,0,0,1783746497.536622524,0.412326,0.109696,0.251774,0.240045,,,,0.186043,0.186043,0.126604,0.000517,1.016,1.941
forward,1,4.5711,1.5344,0.2000,0.00000,1442.635,1163,decreasing,rolling,1420.239,1145,1419.438,0.054,0,0,1783746497.536622524,0.412326,0.109696,0.251774,0.240045,,,,0.186043,0.186043,0.126604,0.000517,1.028,1.922
forward,1,4.5859,1.5491,0.2000,0.00000,1442.635,1163,decreasing,rolling,1420.329,1145,1419.555,0.171,1,16,1783746497.637143612,0.436024,0.112334,0.254567,0.238735,0.0236029,0.0027921,0.1182968,0.209645,0.209645,0.150207,0.003309,1.028,1.922
forward,1,4.6048,1.5681,0.2000,0.00000,1442.635,1163,decreasing,rolling,1420.329,1145,1419.555,0.171,0,0,1783746497.637143612,0.436024,0.112334,0.254567,0.238735,,,,0.209645,0.209645,0.150207,0.003309,1.028,1.922
forward,1,4.6267,1.5899,0.2000,0.00000,1442.635,1163,decreasing,rolling,1420.329,1145,1419.555,0.171,0,0,1783746497.637143612,0.436024,0.112334,0.254567,0.238735,,,,0.209645,0.209645,0.150207,0.003309,1.028,1.922
forward,1,4.6482,1.6115,0.2000,0.00000,1442.635,1163,decreasing,rolling,1420.329,1145,1419.555,0.171,0,0,1783746497.637143612,0.436024,0.112334,0.254567,0.238735,,,,0.209645,0.209645,0.150207,0.003309,1.028,1.922
forward,1,4.6700,1.6332,0.2000,0.00000,1442.635,1163,decreasing,rolling,1420.329,1145,1419.555,0.171,0,0,1783746497.637143612,0.436024,0.112334,0.254567,0.238735,,,,0.209645,0.209645,0.150207,0.003309,1.048,1.903
forward,1,4.6864,1.6496,0.2000,0.00000,1442.635,1163,decreasing,rolling,1420.437,1146,1419.670,0.286,1,17,1783746497.737373352,0.458976,0.118551,0.255771,0.238362,0.0237786,0.0012040,0.0506341,0.233424,0.233424,0.173985,0.004513,1.048,1.903
forward,1,4.7042,1.6674,0.2000,0.00000,1442.635,1163,decreasing,rolling,1420.437,1146,1419.670,0.286,0,0,1783746497.737373352,0.458976,0.118551,0.255771,0.238362,,,,0.233424,0.233424,0.173985,0.004513,1.048,1.903
forward,1,4.7259,1.6892,0.2000,0.00000,1442.635,1163,decreasing,rolling,1420.437,1146,1419.670,0.286,0,0,1783746497.737373352,0.458976,0.118551,0.255771,0.238362,,,,0.233424,0.233424,0.173985,0.004513,1.048,1.903
forward,1,4.7478,1.7111,0.2000,0.00000,1442.635,1163,decreasing,rolling,1420.437,1146,1419.670,0.286,0,0,1783746497.737373352,0.458976,0.118551,0.255771,0.238362,,,,0.233424,0.233424,0.173985,0.004513,1.048,1.903
forward,1,4.7697,1.7330,0.2000,0.00000,1442.635,1163,decreasing,rolling,1420.437,1146,1419.670,0.286,0,0,1783746497.737373352,0.458976,0.118551,0.255771,0.238362,,,,0.233424,0.233424,0.173985,0.004513,1.059,1.891
forward,1,4.7864,1.7497,0.2000,0.00000,1442.635,1163,decreasing,rolling,1419.978,1145,1419.710,0.327,1,18,1783746497.837834358,0.472124,0.123262,0.250179,0.213382,0.0139081,-0.0055919,-0.4020638,0.247332,0.247332,0.187893,-0.001079,1.059,1.891
forward,1,4.8077,1.7710,0.2000,0.00000,1442.635,1163,decreasing,rolling,1419.978,1145,1419.710,0.327,0,0,1783746497.837834358,0.472124,0.123262,0.250179,0.213382,,,,0.247332,0.247332,0.187893,-0.001079,1.059,1.891
forward,1,4.8295,1.7927,0.2000,0.00000,1442.635,1163,decreasing,rolling,1419.978,1145,1419.710,0.327,0,0,1783746497.837834358,0.472124,0.123262,0.250179,0.213382,,,,0.247332,0.247332,0.187893,-0.001079,1.059,1.891
forward,1,4.8510,1.8142,0.2000,0.00000,1442.635,1163,decreasing,rolling,1419.978,1145,1419.710,0.327,0,0,1783746497.837834358,0.472124,0.123262,0.250179,0.213382,,,,0.247332,0.247332,0.187893,-0.001079,1.059,1.891
forward,1,4.8725,1.8358,0.2000,0.00000,1442.635,1163,decreasing,rolling,1419.978,1145,1419.710,0.327,0,0,1783746497.837834358,0.472124,0.123262,0.250179,0.213382,,,,0.247332,0.247332,0.187893,-0.001079,1.079,1.873
forward,1,4.8849,1.8481,0.2000,0.00000,1442.635,1163,decreasing,rolling,1419.704,1145,1419.709,0.326,1,19,1783746497.937926292,0.485080,0.136832,0.247142,0.199744,0.0158977,-0.0030362,-0.1909852,0.263230,0.263230,0.203791,-0.004115,1.079,1.873
forward,1,4.9070,1.8703,0.2000,0.00000,1442.635,1163,decreasing,rolling,1419.704,1145,1419.709,0.326,0,0,1783746497.937926292,0.485080,0.136832,0.247142,0.199744,,,,0.263230,0.263230,0.203791,-0.004115,1.079,1.873
forward,1,4.9083,1.8716,0.2000,0.00000,1442.635,1163,decreasing,rolling,1419.704,1145,1419.709,0.326,0,0,1783746497.937926292,0.485080,0.136832,0.247142,0.199744,,,,0.263230,0.263230,0.203791,-0.004115,1.079,1.873
forward,1,4.9299,1.8931,0.2000,0.00000,1442.635,1163,decreasing,rolling,1419.704,1145,1419.709,0.326,0,0,1783746497.937926292,0.485080,0.136832,0.247142,0.199744,,,,0.263230,0.263230,0.203791,-0.004115,1.079,1.873
forward,1,4.9514,1.9146,0.2000,0.00000,1442.635,1163,decreasing,rolling,1419.704,1145,1419.709,0.326,0,0,1783746497.937926292,0.485080,0.136832,0.247142,0.199744,,,,0.263230,0.263230,0.203791,-0.004115,1.079,1.873
forward,1,4.9729,1.9362,0.2000,0.00000,1442.635,1163,decreasing,rolling,1419.704,1145,1419.709,0.326,0,0,1783746497.937926292,0.485080,0.136832,0.247142,0.199744,,,,0.263230,0.263230,0.203791,-0.004115,1.095,1.867
forward,1,4.9850,1.9483,0.2000,0.00000,1442.635,1163,decreasing,rolling,1419.585,1145,1419.694,0.310,1,20,1783746498.036342382,0.503308,0.136643,0.247927,0.194583,0.0176261,0.0007844,0.0445012,0.280856,0.280856,0.221417,-0.003331,1.095,1.867
forward,1,5.0058,1.9690,0.2000,0.00000,1442.635,1163,decreasing,rolling,1419.585,1145,1419.694,0.310,0,0,1783746498.036342382,0.503308,0.136643,0.247927,0.194583,,,,0.280856,0.280856,0.221417,-0.003331,1.095,1.867
forward,1,5.0274,1.9907,0.2000,0.00000,1442.635,1163,decreasing,rolling,1419.585,1145,1419.694,0.310,0,0,1783746498.036342382,0.503308,0.136643,0.247927,0.194583,,,,0.280856,0.280856,0.221417,-0.003331,1.095,1.867
forward,1,5.0490,2.0123,0.2000,0.00000,1442.635,1163,decreasing,rolling,1419.585,1145,1419.694,0.310,0,0,1783746498.036342382,0.503308,0.136643,0.247927,0.194583,,,,0.280856,0.280856,0.221417,-0.003331,1.095,1.867
forward,1,5.0706,2.0339,0.2000,0.00000,1442.635,1163,decreasing,rolling,1419.585,1145,1419.694,0.310,0,0,1783746498.036342382,0.503308,0.136643,0.247927,0.194583,,,,0.280856,0.280856,0.221417,-0.003331,1.099,1.850
forward,1,5.0854,2.0486,0.2000,0.00000,1442.635,1163,decreasing,rolling,1419.585,1145,1419.694,0.310,0,0,1783746498.036342382,0.503308,0.136643,0.247927,0.194583,,,,0.280856,0.280856,0.221417,-0.003331,1.099,1.850
forward,1,5.1074,2.0706,0.2000,0.00000,1442.635,1163,decreasing,rolling,1419.109,1144,1419.617,0.233,1,21,1783746498.136447668,0.513503,0.143120,0.249348,0.174595,0.0114752,0.0014210,0.1238325,0.292331,0.292331,0.232892,-0.001910,1.099,1.850
forward,1,5.1093,2.0726,0.2000,0.00000,1442.635,1163,decreasing,rolling,1419.109,1144,1419.617,0.233,0,0,1783746498.136447668,0.513503,0.143120,0.249348,0.174595,,,,0.292331,0.292331,0.232892,-0.001910,1.099,1.850
forward,1,5.1310,2.0942,0.2000,0.00000,1442.635,1163,decreasing,rolling,1419.109,1144,1419.617,0.233,0,0,1783746498.136447668,0.513503,0.143120,0.249348,0.174595,,,,0.292331,0.292331,0.232892,-0.001910,1.099,1.850
forward,1,5.1525,2.1158,0.2000,0.00000,1442.635,1163,decreasing,rolling,1419.109,1144,1419.617,0.233,0,0,1783746498.136447668,0.513503,0.143120,0.249348,0.174595,,,,0.292331,0.292331,0.232892,-0.001910,1.099,1.850
forward,1,5.1740,2.1373,0.2000,0.00000,1442.635,1163,decreasing,rolling,1419.109,1144,1419.617,0.233,0,0,1783746498.136447668,0.513503,0.143120,0.249348,0.174595,,,,0.292331,0.292331,0.232892,-0.001910,1.117,1.842
forward,1,5.1858,2.1490,0.2000,0.00000,1442.635,1163,decreasing,rolling,1419.109,1144,1419.617,0.233,0,0,1783746498.136447668,0.513503,0.143120,0.249348,0.174595,,,,0.292331,0.292331,0.232892,-0.001910,1.117,1.842
forward,1,5.2075,2.1708,0.2000,0.00000,1442.635,1163,decreasing,rolling,1418.601,1144,1419.484,0.100,1,22,1783746498.236901999,0.522545,0.148140,0.246021,0.155823,0.0099961,-0.0033263,-0.3327613,0.302327,0.302327,0.242888,-0.005236,1.117,1.842
forward,1,5.2101,2.1734,0.2000,0.00000,1442.635,1163,decreasing,rolling,1418.601,1144,1419.484,0.100,0,0,1783746498.236901999,0.522545,0.148140,0.246021,0.155823,,,,0.302327,0.302327,0.242888,-0.005236,1.117,1.842
forward,1,5.2317,2.1949,0.2000,0.00000,1442.635,1163,decreasing,rolling,1418.601,1144,1419.484,0.100,0,0,1783746498.236901999,0.522545,0.148140,0.246021,0.155823,,,,0.302327,0.302327,0.242888,-0.005236,1.117,1.842
forward,1,5.2532,2.2165,0.2000,0.00000,1442.635,1163,decreasing,rolling,1418.601,1144,1419.484,0.100,0,0,1783746498.236901999,0.522545,0.148140,0.246021,0.155823,,,,0.302327,0.302327,0.242888,-0.005236,1.117,1.842
forward,1,5.2747,2.2380,0.2000,0.00000,1442.635,1163,decreasing,rolling,1418.601,1144,1419.484,0.100,0,0,1783746498.236901999,0.522545,0.148140,0.246021,0.155823,,,,0.302327,0.302327,0.242888,-0.005236,1.124,1.831
forward,1,5.2840,2.2472,0.2000,0.00000,1442.635,1163,decreasing,rolling,1418.172,1144,1419.312,-0.071,1,23,1783746498.337265015,0.532148,0.152915,0.243676,0.142960,0.0104747,-0.0023455,-0.2239165,0.312802,0.312802,0.253363,-0.007582,1.124,1.831
forward,1,5.2936,2.2569,0.2000,0.00000,1442.635,1163,decreasing,rolling,1418.172,1144,1419.312,-0.071,0,0,1783746498.337265015,0.532148,0.152915,0.243676,0.142960,,,,0.312802,0.312802,0.253363,-0.007582,1.124,1.831
forward,1,5.3153,2.2785,0.2000,0.00000,1442.635,1163,decreasing,rolling,1418.172,1144,1419.312,-0.071,0,0,1783746498.337265015,0.532148,0.152915,0.243676,0.142960,,,,0.312802,0.312802,0.253363,-0.007582,1.124,1.831
forward,1,5.3368,2.3001,0.2000,0.00000,1442.635,1163,decreasing,rolling,1418.172,1144,1419.312,-0.071,0,0,1783746498.337265015,0.532148,0.152915,0.243676,0.142960,,,,0.312802,0.312802,0.253363,-0.007582,1.124,1.831
forward,1,5.3583,2.3216,0.2000,0.00000,1442.635,1163,decreasing,rolling,1418.172,1144,1419.312,-0.071,0,0,1783746498.337265015,0.532148,0.152915,0.243676,0.142960,,,,0.312802,0.312802,0.253363,-0.007582,1.124,1.831
forward,1,5.3798,2.3431,0.2000,0.00000,1442.635,1163,decreasing,rolling,1418.172,1144,1419.312,-0.071,0,0,1783746498.337265015,0.532148,0.152915,0.243676,0.142960,,,,0.312802,0.312802,0.253363,-0.007582,1.123,1.823
forward,1,5.3842,2.3474,0.2000,0.00000,1442.635,1163,decreasing,rolling,1417.680,1143,1419.103,-0.281,1,24,1783746498.435465813,0.540758,0.153512,0.242985,0.128859,0.0085001,-0.0006905,-0.0812324,0.321302,0.321302,0.261863,-0.008272,1.123,1.823
forward,1,5.4012,2.3644,0.2000,0.00000,1442.635,1163,decreasing,rolling,1417.680,1143,1419.103,-0.281,0,0,1783746498.435465813,0.540758,0.153512,0.242985,0.128859,,,,0.321302,0.321302,0.261863,-0.008272,1.123,1.823
forward,1,5.4228,2.3861,0.2000,0.00000,1442.635,1163,decreasing,rolling,1417.680,1143,1419.103,-0.281,0,0,1783746498.435465813,0.540758,0.153512,0.242985,0.128859,,,,0.321302,0.321302,0.261863,-0.008272,1.123,1.823
forward,1,5.4444,2.4076,0.2000,0.00000,1442.635,1163,decreasing,rolling,1417.680,1143,1419.103,-0.281,0,0,1783746498.435465813,0.540758,0.153512,0.242985,0.128859,,,,0.321302,0.321302,0.261863,-0.008272,1.123,1.823
forward,1,5.4659,2.4291,0.2000,0.00000,1442.635,1163,decreasing,rolling,1417.680,1143,1419.103,-0.281,0,0,1783746498.435465813,0.540758,0.153512,0.242985,0.128859,,,,0.321302,0.321302,0.261863,-0.008272,1.123,1.816
forward,1,5.4846,2.4479,0.2000,0.00000,1442.635,1163,decreasing,rolling,1417.213,1143,1418.856,-0.528,1,25,1783746498.535683155,0.549122,0.155138,0.243762,0.117872,0.0085094,0.0007762,0.0912165,0.329812,0.329812,0.270373,-0.007496,1.123,1.816
forward,1,5.5036,2.4668,0.2000,0.00000,1442.635,1163,decreasing,rolling,1417.213,1143,1418.856,-0.528,0,0,1783746498.535683155,0.549122,0.155138,0.243762,0.117872,,,,0.329812,0.329812,0.270373,-0.007496,1.123,1.816
forward,1,5.5252,2.4884,0.2000,0.00000,1442.635,1163,decreasing,rolling,1417.213,1143,1418.856,-0.528,0,0,1783746498.535683155,0.549122,0.155138,0.243762,0.117872,,,,0.329812,0.329812,0.270373,-0.007496,1.123,1.816
forward,1,5.5467,2.5099,0.2000,0.00000,1442.635,1163,decreasing,rolling,1417.213,1143,1418.856,-0.528,0,0,1783746498.535683155,0.549122,0.155138,0.243762,0.117872,,,,0.329812,0.329812,0.270373,-0.007496,1.123,1.816
forward,1,5.5682,2.5315,0.2000,0.00000,1442.635,1163,decreasing,rolling,1417.213,1143,1418.856,-0.528,0,0,1783746498.535683155,0.549122,0.155138,0.243762,0.117872,,,,0.329812,0.329812,0.270373,-0.007496,1.135,1.805
forward,1,5.5848,2.5481,0.2000,0.00000,1442.635,1163,decreasing,rolling,1416.824,1143,1418.590,-0.794,1,26,1783746498.636117458,0.559173,0.153528,0.246908,0.111701,0.0093592,0.0031462,0.3361585,0.339171,0.339171,0.279732,-0.004350,1.135,1.805
forward,1,5.6004,2.5636,0.2000,0.00000,1442.635,1163,decreasing,rolling,1416.824,1143,1418.590,-0.794,0,0,1783746498.636117458,0.559173,0.153528,0.246908,0.111701,,,,0.339171,0.339171,0.279732,-0.004350,1.135,1.805
forward,1,5.6220,2.5852,0.2000,0.00000,1442.635,1163,decreasing,rolling,1416.824,1143,1418.590,-0.794,0,0,1783746498.636117458,0.559173,0.153528,0.246908,0.111701,,,,0.339171,0.339171,0.279732,-0.004350,1.135,1.805
forward,1,5.6435,2.6068,0.2000,0.00000,1442.635,1163,decreasing,rolling,1416.824,1143,1418.590,-0.794,0,0,1783746498.636117458,0.559173,0.153528,0.246908,0.111701,,,,0.339171,0.339171,0.279732,-0.004350,1.135,1.805
forward,1,5.6650,2.6283,0.2000,0.00000,1442.635,1163,decreasing,rolling,1416.824,1143,1418.590,-0.794,0,0,1783746498.636117458,0.559173,0.153528,0.246908,0.111701,,,,0.339171,0.339171,0.279732,-0.004350,1.138,1.790
forward,1,5.6831,2.6463,0.2000,0.00000,1442.635,1163,decreasing,rolling,1416.480,1142,1418.314,-1.070,1,27,1783746498.736354828,0.569221,0.153913,0.248627,0.108306,0.0098354,0.0017187,0.1747426,0.349006,0.349006,0.289567,-0.002631,1.138,1.790
forward,1,5.6986,2.6619,0.2000,0.00000,1442.635,1163,decreasing,rolling,1416.480,1142,1418.314,-1.070,0,0,1783746498.736354828,0.569221,0.153913,0.248627,0.108306,,,,0.349006,0.349006,0.289567,-0.002631,1.138,1.790
forward,1,5.7204,2.6836,0.2000,0.00000,1442.635,1163,decreasing,rolling,1416.480,1142,1418.314,-1.070,0,0,1783746498.736354828,0.569221,0.153913,0.248627,0.108306,,,,0.349006,0.349006,0.289567,-0.002631,1.138,1.790
forward,1,5.7419,2.7052,0.2000,0.00000,1442.635,1163,decreasing,rolling,1416.480,1142,1418.314,-1.070,0,0,1783746498.736354828,0.569221,0.153913,0.248627,0.108306,,,,0.349006,0.349006,0.289567,-0.002631,1.138,1.790
forward,1,5.7635,2.7267,0.2000,0.00000,1442.635,1163,decreasing,rolling,1416.480,1142,1418.314,-1.070,0,0,1783746498.736354828,0.569221,0.153913,0.248627,0.108306,,,,0.349006,0.349006,0.289567,-0.002631,1.143,1.780
forward,1,5.7844,2.7476,0.2000,0.00000,1442.635,1163,decreasing,rolling,1416.198,1142,1418.042,-1.341,1,28,1783746498.834581614,0.580952,0.150127,0.249162,0.107791,0.0104364,0.0005355,0.0513086,0.359442,0.359442,0.300004,-0.002096,1.143,1.780
forward,1,5.7998,2.7631,0.2000,0.00000,1442.635,1163,decreasing,rolling,1416.198,1142,1418.042,-1.341,0,0,1783746498.834581614,0.580952,0.150127,0.249162,0.107791,,,,0.359442,0.359442,0.300004,-0.002096,1.143,1.780
forward,1,5.8216,2.7849,0.2000,0.00000,1442.635,1163,decreasing,rolling,1416.198,1142,1418.042,-1.341,0,0,1783746498.834581614,0.580952,0.150127,0.249162,0.107791,,,,0.359442,0.359442,0.300004,-0.002096,1.143,1.780
forward,1,5.8432,2.8065,0.2000,0.00000,1442.635,1163,decreasing,rolling,1416.198,1142,1418.042,-1.341,0,0,1783746498.834581614,0.580952,0.150127,0.249162,0.107791,,,,0.359442,0.359442,0.300004,-0.002096,1.143,1.780
forward,1,5.8648,2.8280,0.2000,0.00000,1442.635,1163,decreasing,rolling,1416.198,1142,1418.042,-1.341,0,0,1783746498.834581614,0.580952,0.150127,0.249162,0.107791,,,,0.359442,0.359442,0.300004,-0.002096,1.153,1.765
forward,1,5.8838,2.8470,0.2000,0.00000,1442.635,1163,decreasing,rolling,1416.051,1142,1417.782,-1.602,1,29,1783746498.934991121,0.593569,0.153650,0.250393,0.113451,0.0130964,0.0012311,0.0940030,0.372539,0.372539,0.313100,-0.000864,1.153,1.765
forward,1,5.9002,2.8634,0.2000,0.00000,1442.635,1163,decreasing,rolling,1416.051,1142,1417.782,-1.602,0,0,1783746498.934991121,0.593569,0.153650,0.250393,0.113451,,,,0.372539,0.372539,0.313100,-0.000864,1.153,1.765
forward,1,5.9219,2.8852,0.2000,0.00000,1442.635,1163,decreasing,rolling,1416.051,1142,1417.782,-1.602,0,0,1783746498.934991121,0.593569,0.153650,0.250393,0.113451,,,,0.372539,0.372539,0.313100,-0.000864,1.153,1.765
forward,1,5.9435,2.9067,0.2000,0.00000,1442.635,1163,decreasing,rolling,1416.051,1142,1417.782,-1.602,0,0,1783746498.934991121,0.593569,0.153650,0.250393,0.113451,,,,0.372539,0.372539,0.313100,-0.000864,1.153,1.765
forward,1,5.9651,2.9283,0.2000,0.00000,1442.635,1163,decreasing,rolling,1416.051,1142,1417.782,-1.602,0,0,1783746498.934991121,0.593569,0.153650,0.250393,0.113451,,,,0.372539,0.372539,0.313100,-0.000864,1.165,1.752
forward,1,5.9814,2.9447,0.2000,0.00000,1442.635,1163,decreasing,rolling,1415.581,1142,1417.494,-1.890,1,30,1783746499.035284519,0.598917,0.163929,0.250497,0.104353,0.0077287,0.0001038,0.0134244,0.380268,0.380268,0.320829,-0.000761,1.165,1.752
forward,1,5.9965,2.9597,0.2000,0.00000,1442.635,1163,decreasing,rolling,1415.581,1142,1417.494,-1.890,0,0,1783746499.035284519,0.598917,0.163929,0.250497,0.104353,,,,0.380268,0.380268,0.320829,-0.000761,1.165,1.752
forward,1,6.0181,2.9814,0.2000,0.00000,1442.635,1163,decreasing,rolling,1415.581,1142,1417.494,-1.890,0,0,1783746499.035284519,0.598917,0.163929,0.250497,0.104353,,,,0.380268,0.380268,0.320829,-0.000761,1.165,1.752
forward,1,6.0397,3.0030,0.2000,0.00000,1442.635,1163,decreasing,rolling,1415.581,1142,1417.494,-1.890,0,0,1783746499.035284519,0.598917,0.163929,0.250497,0.104353,,,,0.380268,0.380268,0.320829,-0.000761,1.165,1.752
forward,1,6.0614,3.0246,0.2000,0.00000,1442.635,1163,decreasing,rolling,1415.581,1142,1417.494,-1.890,0,0,1783746499.035284519,0.598917,0.163929,0.250497,0.104353,,,,0.380268,0.380268,0.320829,-0.000761,1.174,1.740
forward,1,6.0818,3.0451,0.2000,0.00000,1442.635,1163,decreasing,rolling,1415.432,1141,1417.231,-2.153,1,31,1783746499.132802486,0.609957,0.170805,0.249511,0.110049,0.0123979,-0.0009855,-0.0794901,0.392665,0.392665,0.333227,-0.001746,1.174,1.740
forward,1,6.0941,3.0574,0.2000,0.00000,1442.635,1163,decreasing,rolling,1415.432,1141,1417.231,-2.153,0,0,1783746499.132802486,0.609957,0.170805,0.249511,0.110049,,,,0.392665,0.392665,0.333227,-0.001746,1.174,1.740
forward,1,6.1158,3.0790,0.2000,0.00000,1442.635,1163,decreasing,rolling,1415.432,1141,1417.231,-2.153,0,0,1783746499.132802486,0.609957,0.170805,0.249511,0.110049,,,,0.392665,0.392665,0.333227,-0.001746,1.174,1.740
forward,1,6.1373,3.1005,0.2000,0.00000,1442.635,1163,decreasing,rolling,1415.432,1141,1417.231,-2.153,0,0,1783746499.132802486,0.609957,0.170805,0.249511,0.110049,,,,0.392665,0.392665,0.333227,-0.001746,1.174,1.740
forward,1,6.1588,3.1221,0.2000,0.00000,1442.635,1163,decreasing,rolling,1415.432,1141,1417.231,-2.153,0,0,1783746499.132802486,0.609957,0.170805,0.249511,0.110049,,,,0.392665,0.392665,0.333227,-0.001746,1.174,1.740
forward,1,6.1804,3.1436,0.2000,0.00000,1442.635,1163,decreasing,rolling,1415.432,1141,1417.231,-2.153,0,0,1783746499.132802486,0.609957,0.170805,0.249511,0.110049,,,,0.392665,0.392665,0.333227,-0.001746,1.188,1.728
forward,1,6.1830,3.1462,0.2000,0.00000,1442.635,1163,decreasing,rolling,1415.273,1141,1416.974,-2.410,1,32,1783746499.233271122,0.622032,0.176121,0.248757,0.114918,0.0130133,-0.0007542,-0.0579527,0.405679,0.405679,0.346240,-0.002500,1.188,1.728
forward,1,6.1963,3.1595,0.2000,0.00000,1442.635,1163,decreasing,rolling,1415.273,1141,1416.974,-2.410,0,0,1783746499.233271122,0.622032,0.176121,0.248757,0.114918,,,,0.405679,0.405679,0.346240,-0.002500,1.188,1.728
forward,1,6.2179,3.1811,0.2000,0.00000,1442.635,1163,decreasing,rolling,1415.273,1141,1416.974,-2.410,0,0,1783746499.233271122,0.622032,0.176121,0.248757,0.114918,,,,0.405679,0.405679,0.346240,-0.002500,1.188,1.728
forward,1,6.2395,3.2027,0.2000,0.00000,1442.635,1163,decreasing,rolling,1415.273,1141,1416.974,-2.410,0,0,1783746499.233271122,0.622032,0.176121,0.248757,0.114918,,,,0.405679,0.405679,0.346240,-0.002500,1.188,1.728
forward,1,6.2610,3.2242,0.2000,0.00000,1442.635,1163,decreasing,rolling,1415.273,1141,1416.974,-2.410,0,0,1783746499.233271122,0.622032,0.176121,0.248757,0.114918,,,,0.405679,0.405679,0.346240,-0.002500,1.199,1.711
forward,1,6.2802,3.2435,0.2000,0.00000,1442.635,1163,decreasing,rolling,1415.273,1141,1416.974,-2.410,0,0,1783746499.233271122,0.622032,0.176121,0.248757,0.114918,,,,0.405679,0.405679,0.346240,-0.002500,1.199,1.711
forward,1,6.3026,3.2659,0.2000,0.00000,1442.635,1163,decreasing,rolling,1415.266,1141,1416.751,-2.633,1,33,1783746499.333545923,0.638770,0.174656,0.245365,0.125757,0.0158711,-0.0033921,-0.2137258,0.421550,0.421550,0.362111,-0.005892,1.199,1.711
forward,1,6.3063,3.2696,0.2000,0.00000,1442.635,1163,decreasing,rolling,1415.266,1141,1416.751,-2.633,0,0,1783746499.333545923,0.638770,0.174656,0.245365,0.125757,,,,0.421550,0.421550,0.362111,-0.005892,1.199,1.711
forward,1,6.3281,3.2914,0.2000,0.00000,1442.635,1163,decreasing,rolling,1415.266,1141,1416.751,-2.633,0,0,1783746499.333545923,0.638770,0.174656,0.245365,0.125757,,,,0.421550,0.421550,0.362111,-0.005892,1.199,1.711
forward,1,6.3499,3.3131,0.2000,0.00000,1442.635,1163,decreasing,rolling,1415.266,1141,1416.751,-2.633,0,0,1783746499.333545923,0.638770,0.174656,0.245365,0.125757,,,,0.421550,0.421550,0.362111,-0.005892,1.199,1.711
forward,1,6.3716,3.3348,0.2000,0.00000,1442.635,1163,decreasing,rolling,1415.266,1141,1416.751,-2.633,0,0,1783746499.333545923,0.638770,0.174656,0.245365,0.125757,,,,0.421550,0.421550,0.362111,-0.005892,1.209,1.701
forward,1,6.3805,3.3437,0.2000,0.00000,1442.635,1163,decreasing,rolling,1415.537,1142,1416.595,-2.789,1,34,1783746499.431684494,0.658631,0.180645,0.242525,0.147101,0.0207200,-0.0028402,-0.1370756,0.442270,0.442270,0.382831,-0.008733,1.209,1.701
forward,1,6.4016,3.3648,0.2000,0.00000,1442.635,1163,decreasing,rolling,1415.537,1142,1416.595,-2.789,0,0,1783746499.431684494,0.658631,0.180645,0.242525,0.147101,,,,0.442270,0.442270,0.382831,-0.008733,1.209,1.701
forward,1,6.4232,3.3865,0.2000,0.00000,1442.635,1163,decreasing,rolling,1415.537,1142,1416.595,-2.789,0,0,1783746499.431684494,0.658631,0.180645,0.242525,0.147101,,,,0.442270,0.442270,0.382831,-0.008733,1.209,1.701
forward,1,6.4448,3.4080,0.2000,0.00000,1442.635,1163,decreasing,rolling,1415.537,1142,1416.595,-2.789,0,0,1783746499.431684494,0.658631,0.180645,0.242525,0.147101,,,,0.442270,0.442270,0.382831,-0.008733,1.209,1.701
forward,1,6.4663,3.4296,0.2000,0.00000,1442.635,1163,decreasing,rolling,1415.537,1142,1416.595,-2.789,0,0,1783746499.431684494,0.658631,0.180645,0.242525,0.147101,,,,0.442270,0.442270,0.382831,-0.008733,1.215,1.691
forward,1,6.4810,3.4443,0.2000,0.00000,1442.635,1163,decreasing,rolling,1414.937,1141,1416.379,-3.005,1,35,1783746499.531884909,0.664294,0.187104,0.246472,0.127936,0.0070581,0.0039468,0.5591834,0.449328,0.449328,0.389889,-0.004786,1.215,1.691
forward,1,6.4999,3.4631,0.2000,0.00000,1442.635,1163,decreasing,rolling,1414.937,1141,1416.379,-3.005,0,0,1783746499.531884909,0.664294,0.187104,0.246472,0.127936,,,,0.449328,0.449328,0.389889,-0.004786,1.215,1.691
forward,1,6.5216,3.4848,0.2000,0.00000,1442.635,1163,decreasing,rolling,1414.937,1141,1416.379,-3.005,0,0,1783746499.531884909,0.664294,0.187104,0.246472,0.127936,,,,0.449328,0.449328,0.389889,-0.004786,1.215,1.691
forward,1,6.5432,3.5064,0.2000,0.00000,1442.635,1163,decreasing,rolling,1414.937,1141,1416.379,-3.005,0,0,1783746499.531884909,0.664294,0.187104,0.246472,0.127936,,,,0.449328,0.449328,0.389889,-0.004786,1.215,1.691
forward,1,6.5647,3.5279,0.2000,0.00000,1442.635,1163,decreasing,rolling,1414.937,1141,1416.379,-3.005,0,0,1783746499.531884909,0.664294,0.187104,0.246472,0.127936,,,,0.449328,0.449328,0.389889,-0.004786,1.227,1.674
forward,1,6.5810,3.5443,0.2000,0.00000,1442.635,1163,decreasing,rolling,1414.661,1141,1416.154,-3.230,1,36,1783746499.632388592,0.676301,0.187896,0.248462,0.125391,0.0118351,0.0019899,0.1681391,0.461163,0.461163,0.401724,-0.002796,1.227,1.674
forward,2,6.5956,0.0000,0.2000,0.20000,1505.402,1214,increasing,rolling,1414.661,1141,1416.154,-3.230,0,0,1783746499.632388592,0.676301,0.187896,0.248462,0.125391,,,,0.000000,0.461163,0.000000,0.000000,1.227,1.674
forward,2,6.6174,0.0218,0.2000,0.20000,1505.402,1214,increasing,rolling,1414.661,1141,1416.154,-3.230,0,0,1783746499.632388592,0.676301,0.187896,0.248462,0.125391,,,,0.000000,0.461163,0.000000,0.000000,1.227,1.674
forward,2,6.6389,0.0434,0.2000,0.20000,1505.402,1214,increasing,rolling,1414.661,1141,1416.154,-3.230,0,0,1783746499.632388592,0.676301,0.187896,0.248462,0.125391,,,,0.000000,0.461163,0.000000,0.000000,1.227,1.674
forward,2,6.6605,0.0649,0.2000,0.20000,1505.402,1214,increasing,rolling,1414.661,1141,1416.154,-3.230,0,0,1783746499.632388592,0.676301,0.187896,0.248462,0.125391,,,,0.000000,0.461163,0.000000,0.000000,1.244,1.659
forward,2,6.6819,0.0863,0.2000,0.20000,1505.402,1214,increasing,rolling,1414.456,1141,1415.932,-3.452,1,1,1783746499.732521534,0.689538,0.188105,0.250397,0.126199,0.0128794,0.0019357,0.1502908,0.012879,0.474042,0.000000,0.000000,1.244,1.659
forward,2,6.6949,0.0993,0.2000,0.20000,1505.402,1214,increasing,rolling,1414.456,1141,1415.932,-3.452,0,0,1783746499.732521534,0.689538,0.188105,0.250397,0.126199,,,,0.012879,0.474042,0.000000,0.000000,1.244,1.659
forward,2,6.7165,0.1209,0.2000,0.20000,1505.402,1214,increasing,rolling,1414.456,1141,1415.932,-3.452,0,0,1783746499.732521534,0.689538,0.188105,0.250397,0.126199,,,,0.012879,0.474042,0.000000,0.000000,1.244,1.659
forward,2,6.7382,0.1426,0.2000,0.20000,1505.402,1214,increasing,rolling,1414.456,1141,1415.932,-3.452,0,0,1783746499.732521534,0.689538,0.188105,0.250397,0.126199,,,,0.012879,0.474042,0.000000,0.000000,1.244,1.659
forward,2,6.7597,0.1642,0.2000,0.20000,1505.402,1214,increasing,rolling,1414.456,1141,1415.932,-3.452,0,0,1783746499.732521534,0.689538,0.188105,0.250397,0.126199,,,,0.012879,0.474042,0.000000,0.000000,1.246,1.643
forward,2,6.7827,0.1871,0.2000,0.20000,1505.402,1214,increasing,rolling,1414.456,1141,1415.932,-3.452,0,0,1783746499.732521534,0.689538,0.188105,0.250397,0.126199,,,,0.012879,0.474042,0.000000,0.000000,1.246,1.643
forward,2,6.7841,0.1886,0.2000,0.20000,1505.402,1214,increasing,rolling,1414.498,1141,1415.744,-3.640,1,2,1783746499.833247662,0.705904,0.194139,0.250386,0.137713,0.0173505,-0.0000111,-0.0006386,0.030230,0.491393,0.000000,0.000000,1.246,1.643
forward,2,6.7990,0.2034,0.2000,0.20000,1505.402,1214,increasing,rolling,1414.498,1141,1415.744,-3.640,0,0,1783746499.833247662,0.705904,0.194139,0.250386,0.137713,,,,0.030230,0.491393,0.000000,0.000000,1.246,1.643
forward,2,6.8206,0.2251,0.2000,0.20000,1505.402,1214,increasing,rolling,1414.498,1141,1415.744,-3.640,0,0,1783746499.833247662,0.705904,0.194139,0.250386,0.137713,,,,0.030230,0.491393,0.000000,0.000000,1.246,1.643
forward,2,6.8422,0.2467,0.2000,0.20000,1505.402,1214,increasing,rolling,1414.498,1141,1415.744,-3.640,0,0,1783746499.833247662,0.705904,0.194139,0.250386,0.137713,,,,0.030230,0.491393,0.000000,0.000000,1.246,1.643
forward,2,6.8638,0.2683,0.2000,0.20000,1505.402,1214,increasing,rolling,1414.498,1141,1415.744,-3.640,0,0,1783746499.833247662,0.705904,0.194139,0.250386,0.137713,,,,0.030230,0.491393,0.000000,0.000000,1.262,1.627
forward,2,6.8823,0.2867,0.2000,0.20000,1505.402,1214,increasing,rolling,1414.498,1141,1415.744,-3.640,0,0,1783746499.833247662,0.705904,0.194139,0.250386,0.137713,,,,0.030230,0.491393,0.000000,0.000000,1.262,1.627
forward,2,6.9041,0.3085,0.2000,0.20000,1505.402,1214,increasing,rolling,1414.518,1141,1415.583,-3.801,1,3,1783746499.933738232,0.722733,0.198840,0.259382,0.146746,0.0174700,0.0089961,0.5149462,0.047700,0.508863,0.000000,0.000000,1.262,1.627
forward,2,6.9068,0.3113,0.2000,0.20000,1505.402,1214,increasing,rolling,1414.518,1141,1415.583,-3.801,0,0,1783746499.933738232,0.722733,0.198840,0.259382,0.146746,,,,0.047700,0.508863,0.000000,0.000000,1.262,1.627
forward,2,6.9284,0.3329,0.2000,0.20000,1505.402,1214,increasing,rolling,1414.518,1141,1415.583,-3.801,0,0,1783746499.933738232,0.722733,0.198840,0.259382,0.146746,,,,0.047700,0.508863,0.000000,0.000000,1.262,1.627
forward,2,6.9500,0.3544,0.2000,0.20000,1505.402,1214,increasing,rolling,1414.518,1141,1415.583,-3.801,0,0,1783746499.933738232,0.722733,0.198840,0.259382,0.146746,,,,0.047700,0.508863,0.000000,0.000000,1.262,1.627
forward,2,6.9715,0.3759,0.2000,0.20000,1505.402,1214,increasing,rolling,1414.518,1141,1415.583,-3.801,0,0,1783746499.933738232,0.722733,0.198840,0.259382,0.146746,,,,0.047700,0.508863,0.000000,0.000000,1.271,1.607
forward,2,6.9829,0.3873,0.2000,0.20000,1505.402,1214,increasing,rolling,1414.772,1141,1415.477,-3.906,1,4,1783746500.033799171,0.744487,0.202230,0.266132,0.164747,0.0218883,0.0067494,0.3083553,0.069588,0.530751,0.000000,0.000000,1.271,1.607
forward,2,6.9989,0.4034,0.2000,0.20000,1505.402,1214,increasing,rolling,1414.772,1141,1415.477,-3.906,0,0,1783746500.033799171,0.744487,0.202230,0.266132,0.164747,,,,0.069588,0.530751,0.000000,0.000000,1.271,1.607
forward,2,7.0206,0.4251,0.2000,0.20000,1505.402,1214,increasing,rolling,1414.772,1141,1415.477,-3.906,0,0,1783746500.033799171,0.744487,0.202230,0.266132,0.164747,,,,0.069588,0.530751,0.000000,0.000000,1.271,1.607
forward,2,7.0422,0.4466,0.2000,0.20000,1505.402,1214,increasing,rolling,1414.772,1141,1415.477,-3.906,0,0,1783746500.033799171,0.744487,0.202230,0.266132,0.164747,,,,0.069588,0.530751,0.000000,0.000000,1.271,1.607
forward,2,7.0637,0.4682,0.2000,0.20000,1505.402,1214,increasing,rolling,1414.772,1141,1415.477,-3.906,0,0,1783746500.033799171,0.744487,0.202230,0.266132,0.164747,,,,0.069588,0.530751,0.000000,0.000000,1.291,1.586
forward,2,7.0832,0.4877,0.2000,0.20000,1505.402,1214,increasing,rolling,1414.970,1141,1415.411,-3.973,1,5,1783746500.134379625,0.766082,0.206216,0.271764,0.177939,0.0218779,0.0056319,0.2574261,0.091466,0.552629,0.000000,0.000000,1.291,1.586
forward,2,7.0995,0.5040,0.2000,0.20000,1505.402,1214,increasing,rolling,1414.970,1141,1415.411,-3.973,0,0,1783746500.134379625,0.766082,0.206216,0.271764,0.177939,,,,0.091466,0.552629,0.000000,0.000000,1.291,1.586
forward,2,7.1213,0.5258,0.2000,0.20000,1505.402,1214,increasing,rolling,1414.970,1141,1415.411,-3.973,0,0,1783746500.134379625,0.766082,0.206216,0.271764,0.177939,,,,0.091466,0.552629,0.000000,0.000000,1.291,1.586
forward,2,7.1429,0.5474,0.2000,0.20000,1505.402,1214,increasing,rolling,1414.970,1141,1415.411,-3.973,0,0,1783746500.134379625,0.766082,0.206216,0.271764,0.177939,,,,0.091466,0.552629,0.000000,0.000000,1.291,1.586
forward,2,7.1646,0.5691,0.2000,0.20000,1505.402,1214,increasing,rolling,1414.970,1141,1415.411,-3.973,0,0,1783746500.134379625,0.766082,0.206216,0.271764,0.177939,,,,0.091466,0.552629,0.000000,0.000000,1.310,1.566
forward,2,7.1837,0.5881,0.2000,0.20000,1505.402,1214,increasing,rolling,1415.268,1141,1415.392,-3.992,1,6,1783746500.234673262,0.790236,0.209718,0.270630,0.193801,0.0242094,-0.0011331,-0.0468062,0.115675,0.576838,0.000000,0.000000,1.310,1.566
forward,2,7.2012,0.6057,0.2000,0.20000,1505.402,1214,increasing,rolling,1415.268,1141,1415.392,-3.992,0,0,1783746500.234673262,0.790236,0.209718,0.270630,0.193801,,,,0.115675,0.576838,0.000000,0.000000,1.310,1.566
forward,2,7.2229,0.6274,0.2000,0.20000,1505.402,1214,increasing,rolling,1415.268,1141,1415.392,-3.992,0,0,1783746500.234673262,0.790236,0.209718,0.270630,0.193801,,,,0.115675,0.576838,0.000000,0.000000,1.310,1.566
forward,2,7.2445,0.6489,0.2000,0.20000,1505.402,1214,increasing,rolling,1415.268,1141,1415.392,-3.992,0,0,1783746500.234673262,0.790236,0.209718,0.270630,0.193801,,,,0.115675,0.576838,0.000000,0.000000,1.310,1.566
forward,2,7.2660,0.6704,0.2000,0.20000,1505.402,1214,increasing,rolling,1415.268,1141,1415.392,-3.992,0,0,1783746500.234673262,0.790236,0.209718,0.270630,0.193801,,,,0.115675,0.576838,0.000000,0.000000,1.326,1.542
forward,2,7.2842,0.6886,0.2000,0.20000,1505.402,1214,increasing,rolling,1415.354,1141,1415.387,-3.997,1,7,1783746500.335131168,0.809866,0.218578,0.276207,0.198341,0.0212933,0.0055763,0.2618826,0.136969,0.598132,0.000000,0.000000,1.326,1.542
forward,2,7.3014,0.7059,0.2000,0.20000,1505.402,1214,increasing,rolling,1415.354,1141,1415.387,-3.997,0,0,1783746500.335131168,0.809866,0.218578,0.276207,0.198341,,,,0.136969,0.598132,0.000000,0.000000,1.326,1.542
forward,2,7.3231,0.7276,0.2000,0.20000,1505.402,1214,increasing,rolling,1415.354,1141,1415.387,-3.997,0,0,1783746500.335131168,0.809866,0.218578,0.276207,0.198341,,,,0.136969,0.598132,0.000000,0.000000,1.326,1.542
forward,2,7.3448,0.7492,0.2000,0.20000,1505.402,1214,increasing,rolling,1415.354,1141,1415.387,-3.997,0,0,1783746500.335131168,0.809866,0.218578,0.276207,0.198341,,,,0.136969,0.598132,0.000000,0.000000,1.326,1.542
forward,2,7.3663,0.7707,0.2000,0.20000,1505.402,1214,increasing,rolling,1415.354,1141,1415.387,-3.997,0,0,1783746500.335131168,0.809866,0.218578,0.276207,0.198341,,,,0.136969,0.598132,0.000000,0.000000,1.347,1.523
forward,2,7.3843,0.7887,0.2000,0.20000,1505.402,1214,increasing,rolling,1415.354,1141,1415.387,-3.997,0,0,1783746500.335131168,0.809866,0.218578,0.276207,0.198341,,,,0.136969,0.598132,0.000000,0.000000,1.347,1.523
forward,2,7.4063,0.8107,0.2000,0.20000,1505.402,1214,increasing,rolling,1415.671,1142,1415.424,-3.959,1,8,1783746500.435654879,0.834456,0.225591,0.277047,0.212349,0.0255703,0.0008399,0.0328478,0.162539,0.623702,0.025570,0.000840,1.347,1.523
forward,2,7.4083,0.8128,0.2000,0.20000,1505.402,1214,increasing,rolling,1415.671,1142,1415.424,-3.959,0,0,1783746500.435654879,0.834456,0.225591,0.277047,0.212349,,,,0.162539,0.623702,0.025570,0.000840,1.347,1.523
forward,2,7.4300,0.8344,0.2000,0.20000,1505.402,1214,increasing,rolling,1415.671,1142,1415.424,-3.959,0,0,1783746500.435654879,0.834456,0.225591,0.277047,0.212349,,,,0.162539,0.623702,0.025570,0.000840,1.347,1.523
forward,2,7.4515,0.8560,0.2000,0.20000,1505.402,1214,increasing,rolling,1415.671,1142,1415.424,-3.959,0,0,1783746500.435654879,0.834456,0.225591,0.277047,0.212349,,,,0.162539,0.623702,0.025570,0.000840,1.347,1.523
forward,2,7.4730,0.8775,0.2000,0.20000,1505.402,1214,increasing,rolling,1415.671,1142,1415.424,-3.959,0,0,1783746500.435654879,0.834456,0.225591,0.277047,0.212349,,,,0.162539,0.623702,0.025570,0.000840,1.361,1.504
forward,2,7.4848,0.8892,0.2000,0.20000,1505.402,1214,increasing,rolling,1415.837,1142,1415.478,-3.906,1,9,1783746500.535768986,0.857766,0.229544,0.282171,0.217933,0.0234954,0.0051245,0.2181059,0.186034,0.647197,0.049066,0.005964,1.361,1.504
forward,2,7.5028,0.9072,0.2000,0.20000,1505.402,1214,increasing,rolling,1415.837,1142,1415.478,-3.906,0,0,1783746500.535768986,0.857766,0.229544,0.282171,0.217933,,,,0.186034,0.647197,0.049066,0.005964,1.361,1.504
forward,2,7.5244,0.9289,0.2000,0.20000,1505.402,1214,increasing,rolling,1415.837,1142,1415.478,-3.906,0,0,1783746500.535768986,0.857766,0.229544,0.282171,0.217933,,,,0.186034,0.647197,0.049066,0.005964,1.361,1.504
forward,2,7.5460,0.9505,0.2000,0.20000,1505.402,1214,increasing,rolling,1415.837,1142,1415.478,-3.906,0,0,1783746500.535768986,0.857766,0.229544,0.282171,0.217933,,,,0.186034,0.647197,0.049066,0.005964,1.361,1.504
forward,2,7.5676,0.9720,0.2000,0.20000,1505.402,1214,increasing,rolling,1415.837,1142,1415.478,-3.906,0,0,1783746500.535768986,0.857766,0.229544,0.282171,0.217933,,,,0.186034,0.647197,0.049066,0.005964,1.380,1.485
forward,2,7.5825,0.9869,0.2000,0.20000,1505.402,1214,increasing,rolling,1415.837,1142,1415.478,-3.906,0,0,1783746500.535768986,0.857766,0.229544,0.282171,0.217933,,,,0.186034,0.647197,0.049066,0.005964,1.380,1.485
forward,2,7.6043,1.0087,0.2000,0.20000,1505.402,1214,increasing,rolling,1415.588,1142,1415.493,-3.891,1,10,1783746500.636228561,0.873753,0.234059,0.282733,0.204791,0.0166124,0.0005617,0.0338146,0.202647,0.663810,0.065678,0.006526,1.380,1.485
forward,2,7.6100,1.0144,0.2000,0.20000,1505.402,1214,increasing,rolling,1415.588,1142,1415.493,-3.891,0,0,1783746500.636228561,0.873753,0.234059,0.282733,0.204791,,,,0.202647,0.663810,0.065678,0.006526,1.380,1.485
forward,2,7.6316,1.0360,0.2000,0.20000,1505.402,1214,increasing,rolling,1415.588,1142,1415.493,-3.891,0,0,1783746500.636228561,0.873753,0.234059,0.282733,0.204791,,,,0.202647,0.663810,0.065678,0.006526,1.380,1.485
forward,2,7.6531,1.0576,0.2000,0.20000,1505.402,1214,increasing,rolling,1415.588,1142,1415.493,-3.891,0,0,1783746500.636228561,0.873753,0.234059,0.282733,0.204791,,,,0.202647,0.663810,0.065678,0.006526,1.380,1.485
forward,2,7.6746,1.0791,0.2000,0.20000,1505.402,1214,increasing,rolling,1415.588,1142,1415.493,-3.891,0,0,1783746500.636228561,0.873753,0.234059,0.282733,0.204791,,,,0.202647,0.663810,0.065678,0.006526,1.392,1.467
forward,2,7.6832,1.0877,0.2000,0.20000,1505.402,1214,increasing,rolling,1415.423,1141,1415.484,-3.900,1,11,1783746500.734029770,0.890108,0.238558,0.283754,0.196948,0.0169607,0.0010207,0.0601793,0.219608,0.680771,0.082639,0.007547,1.392,1.467
forward,2,7.6907,1.0952,0.2000,0.20000,1505.402,1214,increasing,rolling,1415.423,1141,1415.484,-3.900,0,0,1783746500.734029770,0.890108,0.238558,0.283754,0.196948,,,,0.219608,0.680771,0.082639,0.007547,1.392,1.467
forward,2,7.7124,1.1168,0.2000,0.20000,1505.402,1214,increasing,rolling,1415.423,1141,1415.484,-3.900,0,0,1783746500.734029770,0.890108,0.238558,0.283754,0.196948,,,,0.219608,0.680771,0.082639,0.007547,1.392,1.467
forward,2,7.7340,1.1384,0.2000,0.20000,1505.402,1214,increasing,rolling,1415.423,1141,1415.484,-3.900,0,0,1783746500.734029770,0.890108,0.238558,0.283754,0.196948,,,,0.219608,0.680771,0.082639,0.007547,1.392,1.467
forward,2,7.7555,1.1599,0.2000,0.20000,1505.402,1214,increasing,rolling,1415.423,1141,1415.484,-3.900,0,0,1783746500.734029770,0.890108,0.238558,0.283754,0.196948,,,,0.219608,0.680771,0.082639,0.007547,1.392,1.467
forward,2,7.7770,1.1814,0.2000,0.20000,1505.402,1214,increasing,rolling,1415.423,1141,1415.484,-3.900,0,0,1783746500.734029770,0.890108,0.238558,0.283754,0.196948,,,,0.219608,0.680771,0.082639,0.007547,1.405,1.449
forward,2,7.7836,1.1881,0.2000,0.20000,1505.402,1214,increasing,rolling,1415.394,1141,1415.472,-3.912,1,12,1783746500.834496498,0.907899,0.246980,0.286542,0.196088,0.0194412,0.0027880,0.1434065,0.239049,0.700212,0.102080,0.010335,1.405,1.449
forward,2,7.7994,1.2038,0.2000,0.20000,1505.402,1214,increasing,rolling,1415.394,1141,1415.472,-3.912,0,0,1783746500.834496498,0.907899,0.246980,0.286542,0.196088,,,,0.239049,0.700212,0.102080,0.010335,1.405,1.449
forward,2,7.8210,1.2255,0.2000,0.20000,1505.402,1214,increasing,rolling,1415.394,1141,1415.472,-3.912,0,0,1783746500.834496498,0.907899,0.246980,0.286542,0.196088,,,,0.239049,0.700212,0.102080,0.010335,1.405,1.449
forward,2,7.8426,1.2471,0.2000,0.20000,1505.402,1214,increasing,rolling,1415.394,1141,1415.472,-3.912,0,0,1783746500.834496498,0.907899,0.246980,0.286542,0.196088,,,,0.239049,0.700212,0.102080,0.010335,1.405,1.449
forward,2,7.8642,1.2686,0.2000,0.20000,1505.402,1214,increasing,rolling,1415.394,1141,1415.472,-3.912,0,0,1783746500.834496498,0.907899,0.246980,0.286542,0.196088,,,,0.239049,0.700212,0.102080,0.010335,1.423,1.429
forward,2,7.8813,1.2858,0.2000,0.20000,1505.402,1214,increasing,rolling,1415.394,1141,1415.472,-3.912,0,0,1783746500.834496498,0.907899,0.246980,0.286542,0.196088,,,,0.239049,0.700212,0.102080,0.010335,1.423,1.429
forward,2,7.9033,1.3078,0.2000,0.20000,1505.402,1214,increasing,rolling,1415.423,1141,1415.465,-3.918,1,13,1783746500.935023785,0.927367,0.253166,0.295311,0.197860,0.0204246,0.0087694,0.4293549,0.259473,0.720636,0.122505,0.019104,1.423,1.429
forward,2,7.9075,1.3119,0.2000,0.20000,1505.402,1214,increasing,rolling,1415.423,1141,1415.465,-3.918,0,0,1783746500.935023785,0.927367,0.253166,0.295311,0.197860,,,,0.259473,0.720636,0.122505,0.019104,1.423,1.429
forward,2,7.9292,1.3336,0.2000,0.20000,1505.402,1214,increasing,rolling,1415.423,1141,1415.465,-3.918,0,0,1783746500.935023785,0.927367,0.253166,0.295311,0.197860,,,,0.259473,0.720636,0.122505,0.019104,1.423,1.429
forward,2,7.9507,1.3552,0.2000,0.20000,1505.402,1214,increasing,rolling,1415.423,1141,1415.465,-3.918,0,0,1783746500.935023785,0.927367,0.253166,0.295311,0.197860,,,,0.259473,0.720636,0.122505,0.019104,1.423,1.429
forward,2,7.9723,1.3767,0.2000,0.20000,1505.402,1214,increasing,rolling,1415.423,1141,1415.465,-3.918,0,0,1783746500.935023785,0.927367,0.253166,0.295311,0.197860,,,,0.259473,0.720636,0.122505,0.019104,1.441,1.408
forward,2,7.9819,1.3863,0.2000,0.20000,1505.402,1214,increasing,rolling,1415.692,1142,1415.494,-3.889,1,14,1783746501.032771826,0.951100,0.257763,0.299856,0.209874,0.0240380,0.0045448,0.1890670,0.283511,0.744674,0.146543,0.023649,1.441,1.408
forward,2,7.9972,1.4016,0.2000,0.20000,1505.402,1214,increasing,rolling,1415.692,1142,1415.494,-3.889,0,0,1783746501.032771826,0.951100,0.257763,0.299856,0.209874,,,,0.283511,0.744674,0.146543,0.023649,1.441,1.408
forward,2,8.0190,1.4234,0.2000,0.20000,1505.402,1214,increasing,rolling,1415.692,1142,1415.494,-3.889,0,0,1783746501.032771826,0.951100,0.257763,0.299856,0.209874,,,,0.283511,0.744674,0.146543,0.023649,1.441,1.408
forward,2,8.0405,1.4450,0.2000,0.20000,1505.402,1214,increasing,rolling,1415.692,1142,1415.494,-3.889,0,0,1783746501.032771826,0.951100,0.257763,0.299856,0.209874,,,,0.283511,0.744674,0.146543,0.023649,1.441,1.408
forward,2,8.0622,1.4666,0.2000,0.20000,1505.402,1214,increasing,rolling,1415.692,1142,1415.494,-3.889,0,0,1783746501.032771826,0.951100,0.257763,0.299856,0.209874,,,,0.283511,0.744674,0.146543,0.023649,1.459,1.391
forward,2,8.0825,1.4870,0.2000,0.20000,1505.402,1214,increasing,rolling,1415.680,1142,1415.519,-3.865,1,15,1783746501.133286476,0.970934,0.262557,0.301583,0.208055,0.0203638,0.0017269,0.0848045,0.303875,0.765038,0.166906,0.025376,1.459,1.391
forward,2,8.1022,1.5067,0.2000,0.20000,1505.402,1214,increasing,rolling,1415.680,1142,1415.519,-3.865,0,0,1783746501.133286476,0.970934,0.262557,0.301583,0.208055,,,,0.303875,0.765038,0.166906,0.025376,1.459,1.391
forward,2,8.1239,1.5283,0.2000,0.20000,1505.402,1214,increasing,rolling,1415.680,1142,1415.519,-3.865,0,0,1783746501.133286476,0.970934,0.262557,0.301583,0.208055,,,,0.303875,0.765038,0.166906,0.025376,1.459,1.391
forward,2,8.1455,1.5499,0.2000,0.20000,1505.402,1214,increasing,rolling,1415.680,1142,1415.519,-3.865,0,0,1783746501.133286476,0.970934,0.262557,0.301583,0.208055,,,,0.303875,0.765038,0.166906,0.025376,1.459,1.391
forward,2,8.1670,1.5715,0.2000,0.20000,1505.402,1214,increasing,rolling,1415.680,1142,1415.519,-3.865,0,0,1783746501.133286476,0.970934,0.262557,0.301583,0.208055,,,,0.303875,0.765038,0.166906,0.025376,1.468,1.372
forward,2,8.1823,1.5868,0.2000,0.20000,1505.402,1214,increasing,rolling,1415.667,1142,1415.538,-3.846,1,16,1783746501.233821869,0.991071,0.266070,0.303593,0.206444,0.0202690,0.0020107,0.0992020,0.324144,0.785307,0.187175,0.027387,1.468,1.372
forward,2,8.1977,1.6022,0.2000,0.20000,1505.402,1214,increasing,rolling,1415.667,1142,1415.538,-3.846,0,0,1783746501.233821869,0.991071,0.266070,0.303593,0.206444,,,,0.324144,0.785307,0.187175,0.027387,1.468,1.372
forward,2,8.2195,1.6240,0.2000,0.20000,1505.402,1214,increasing,rolling,1415.667,1142,1415.538,-3.846,0,0,1783746501.233821869,0.991071,0.266070,0.303593,0.206444,,,,0.324144,0.785307,0.187175,0.027387,1.468,1.372
forward,2,8.2411,1.6456,0.2000,0.20000,1505.402,1214,increasing,rolling,1415.667,1142,1415.538,-3.846,0,0,1783746501.233821869,0.991071,0.266070,0.303593,0.206444,,,,0.324144,0.785307,0.187175,0.027387,1.468,1.372
forward,2,8.2626,1.6671,0.2000,0.20000,1505.402,1214,increasing,rolling,1415.667,1142,1415.538,-3.846,0,0,1783746501.233821869,0.991071,0.266070,0.303593,0.206444,,,,0.324144,0.785307,0.187175,0.027387,1.483,1.359
forward,2,8.2805,1.6850,0.2000,0.20000,1505.402,1214,increasing,rolling,1415.257,1141,1415.501,-3.882,1,17,1783746501.333833694,1.002929,0.272297,0.305461,0.187778,0.0131798,0.0018680,0.1417297,0.337324,0.798487,0.200355,0.029255,1.483,1.359
forward,2,8.2977,1.7021,0.2000,0.20000,1505.402,1214,increasing,rolling,1415.257,1141,1415.501,-3.882,0,0,1783746501.333833694,1.002929,0.272297,0.305461,0.187778,,,,0.337324,0.798487,0.200355,0.029255,1.483,1.359
forward,2,8.3194,1.7238,0.2000,0.20000,1505.402,1214,increasing,rolling,1415.257,1141,1415.501,-3.882,0,0,1783746501.333833694,1.002929,0.272297,0.305461,0.187778,,,,0.337324,0.798487,0.200355,0.029255,1.483,1.359
forward,2,8.3410,1.7455,0.2000,0.20000,1505.402,1214,increasing,rolling,1415.257,1141,1415.501,-3.882,0,0,1783746501.333833694,1.002929,0.272297,0.305461,0.187778,,,,0.337324,0.798487,0.200355,0.029255,1.483,1.359
forward,2,8.3629,1.7673,0.2000,0.20000,1505.402,1214,increasing,rolling,1415.257,1141,1415.501,-3.882,0,0,1783746501.333833694,1.002929,0.272297,0.305461,0.187778,,,,0.337324,0.798487,0.200355,0.029255,1.495,1.344
forward,2,8.3809,1.7853,0.2000,0.20000,1505.402,1214,increasing,rolling,1414.836,1141,1415.416,-3.968,1,18,1783746501.432062387,1.012789,0.280423,0.306430,0.170991,0.0118491,0.0009686,0.0817448,0.349173,0.810336,0.212204,0.030223,1.495,1.344
forward,2,8.3993,1.8038,0.2000,0.20000,1505.402,1214,increasing,rolling,1414.836,1141,1415.416,-3.968,0,0,1783746501.432062387,1.012789,0.280423,0.306430,0.170991,,,,0.349173,0.810336,0.212204,0.030223,1.495,1.344
forward,2,8.4212,1.8256,0.2000,0.20000,1505.402,1214,increasing,rolling,1414.836,1141,1415.416,-3.968,0,0,1783746501.432062387,1.012789,0.280423,0.306430,0.170991,,,,0.349173,0.810336,0.212204,0.030223,1.495,1.344
forward,2,8.4429,1.8474,0.2000,0.20000,1505.402,1214,increasing,rolling,1414.836,1141,1415.416,-3.968,0,0,1783746501.432062387,1.012789,0.280423,0.306430,0.170991,,,,0.349173,0.810336,0.212204,0.030223,1.495,1.344
forward,2,8.4646,1.8691,0.2000,0.20000,1505.402,1214,increasing,rolling,1414.836,1141,1415.416,-3.968,0,0,1783746501.432062387,1.012789,0.280423,0.306430,0.170991,,,,0.349173,0.810336,0.212204,0.030223,1.510,1.329
forward,2,8.4813,1.8858,0.2000,0.20000,1505.402,1214,increasing,rolling,1414.398,1141,1415.283,-4.101,1,19,1783746501.532520533,1.021904,0.288290,0.307964,0.155786,0.0110675,0.0015344,0.1386440,0.360241,0.821404,0.223272,0.031758,1.510,1.329
forward,2,8.4912,1.8956,0.2000,0.20000,1505.402,1214,increasing,rolling,1414.398,1141,1415.283,-4.101,0,0,1783746501.532520533,1.021904,0.288290,0.307964,0.155786,,,,0.360241,0.821404,0.223272,0.031758,1.510,1.329
forward,2,8.5129,1.9173,0.2000,0.20000,1505.402,1214,increasing,rolling,1414.398,1141,1415.283,-4.101,0,0,1783746501.532520533,1.021904,0.288290,0.307964,0.155786,,,,0.360241,0.821404,0.223272,0.031758,1.510,1.329
forward,2,8.5345,1.9389,0.2000,0.20000,1505.402,1214,increasing,rolling,1414.398,1141,1415.283,-4.101,0,0,1783746501.532520533,1.021904,0.288290,0.307964,0.155786,,,,0.360241,0.821404,0.223272,0.031758,1.510,1.329
forward,2,8.5560,1.9605,0.2000,0.20000,1505.402,1214,increasing,rolling,1414.398,1141,1415.283,-4.101,0,0,1783746501.532520533,1.021904,0.288290,0.307964,0.155786,,,,0.360241,0.821404,0.223272,0.031758,1.510,1.329
forward,2,8.5776,1.9820,0.2000,0.20000,1505.402,1214,increasing,rolling,1414.398,1141,1415.283,-4.101,0,0,1783746501.532520533,1.021904,0.288290,0.307964,0.155786,,,,0.360241,0.821404,0.223272,0.031758,1.520,1.312
forward,2,8.5801,1.9845,0.2000,0.20000,1505.402,1214,increasing,rolling,1414.450,1141,1415.174,-4.210,1,20,1783746501.632776260,1.038701,0.297640,0.309773,0.163828,0.0188437,0.0018088,0.0959875,0.379084,0.840247,0.242115,0.033566,1.520,1.312
forward,2,8.5990,2.0035,0.2000,0.20000,1505.402,1214,increasing,rolling,1414.450,1141,1415.174,-4.210,0,0,1783746501.632776260,1.038701,0.297640,0.309773,0.163828,,,,0.379084,0.840247,0.242115,0.033566,1.520,1.312
forward,2,8.6206,2.0251,0.2000,0.20000,1505.402,1214,increasing,rolling,1414.450,1141,1415.174,-4.210,0,0,1783746501.632776260,1.038701,0.297640,0.309773,0.163828,,,,0.379084,0.840247,0.242115,0.033566,1.520,1.312
forward,2,8.6422,2.0466,0.2000,0.20000,1505.402,1214,increasing,rolling,1414.450,1141,1415.174,-4.210,0,0,1783746501.632776260,1.038701,0.297640,0.309773,0.163828,,,,0.379084,0.840247,0.242115,0.033566,1.520,1.312
forward,2,8.6637,2.0681,0.2000,0.20000,1505.402,1214,increasing,rolling,1414.450,1141,1415.174,-4.210,0,0,1783746501.632776260,1.038701,0.297640,0.309773,0.163828,,,,0.379084,0.840247,0.242115,0.033566,1.533,1.296
forward,2,8.6799,2.0843,0.2000,0.20000,1505.402,1214,increasing,rolling,1414.450,1141,1415.174,-4.210,0,0,1783746501.632776260,1.038701,0.297640,0.309773,0.163828,,,,0.379084,0.840247,0.242115,0.033566,1.533,1.296
forward,2,8.7021,2.1065,0.2000,0.20000,1505.402,1214,increasing,rolling,1414.283,1141,1415.060,-4.324,1,21,1783746501.730582952,1.056311,0.291893,0.316947,0.161165,0.0149816,0.0071736,0.4788318,0.394066,0.855229,0.257097,0.040740,1.533,1.296
forward,2,8.7039,2.1083,0.2000,0.20000,1505.402,1214,increasing,rolling,1414.283,1141,1415.060,-4.324,0,0,1783746501.730582952,1.056311,0.291893,0.316947,0.161165,,,,0.394066,0.855229,0.257097,0.040740,1.533,1.296
forward,2,8.7256,2.1300,0.2000,0.20000,1505.402,1214,increasing,rolling,1414.283,1141,1415.060,-4.324,0,0,1783746501.730582952,1.056311,0.291893,0.316947,0.161165,,,,0.394066,0.855229,0.257097,0.040740,1.533,1.296
forward,2,8.7471,2.1516,0.2000,0.20000,1505.402,1214,increasing,rolling,1414.283,1141,1415.060,-4.324,0,0,1783746501.730582952,1.056311,0.291893,0.316947,0.161165,,,,0.394066,0.855229,0.257097,0.040740,1.533,1.296
forward,2,8.7687,2.1731,0.2000,0.20000,1505.402,1214,increasing,rolling,1414.283,1141,1415.060,-4.324,0,0,1783746501.730582952,1.056311,0.291893,0.316947,0.161165,,,,0.394066,0.855229,0.257097,0.040740,1.549,1.278
forward,2,8.7795,2.1840,0.2000,0.20000,1505.402,1214,increasing,rolling,1414.567,1141,1414.995,-4.388,1,22,1783746501.830953836,1.080030,0.293987,0.325123,0.178579,0.0231678,0.0081757,0.3528905,0.417234,0.878397,0.280265,0.048916,1.549,1.278
forward,2,8.7962,2.2006,0.2000,0.20000,1505.402,1214,increasing,rolling,1414.567,1141,1414.995,-4.388,0,0,1783746501.830953836,1.080030,0.293987,0.325123,0.178579,,,,0.417234,0.878397,0.280265,0.048916,1.549,1.278
forward,2,8.8180,2.2224,0.2000,0.20000,1505.402,1214,increasing,rolling,1414.567,1141,1414.995,-4.388,0,0,1783746501.830953836,1.080030,0.293987,0.325123,0.178579,,,,0.417234,0.878397,0.280265,0.048916,1.549,1.278
forward,2,8.8396,2.2440,0.2000,0.20000,1505.402,1214,increasing,rolling,1414.567,1141,1414.995,-4.388,0,0,1783746501.830953836,1.080030,0.293987,0.325123,0.178579,,,,0.417234,0.878397,0.280265,0.048916,1.549,1.278
forward,2,8.8611,2.2656,0.2000,0.20000,1505.402,1214,increasing,rolling,1414.567,1141,1414.995,-4.388,0,0,1783746501.830953836,1.080030,0.293987,0.325123,0.178579,,,,0.417234,0.878397,0.280265,0.048916,1.569,1.257
forward,2,8.8774,2.2819,0.2000,0.20000,1505.402,1214,increasing,rolling,1414.559,1141,1414.938,-4.445,1,23,1783746501.931107521,1.099827,0.294370,0.331807,0.181018,0.0188623,0.0066848,0.3543993,0.436096,0.897259,0.299127,0.055601,1.569,1.257
forward,2,8.8989,2.3034,0.2000,0.20000,1505.402,1214,increasing,rolling,1414.559,1141,1414.938,-4.445,0,0,1783746501.931107521,1.099827,0.294370,0.331807,0.181018,,,,0.436096,0.897259,0.299127,0.055601,1.569,1.257
forward,2,8.9205,2.3250,0.2000,0.20000,1505.402,1214,increasing,rolling,1414.559,1141,1414.938,-4.445,0,0,1783746501.931107521,1.099827,0.294370,0.331807,0.181018,,,,0.436096,0.897259,0.299127,0.055601,1.569,1.257
forward,2,8.9421,2.3465,0.2000,0.20000,1505.402,1214,increasing,rolling,1414.559,1141,1414.938,-4.445,0,0,1783746501.931107521,1.099827,0.294370,0.331807,0.181018,,,,0.436096,0.897259,0.299127,0.055601,1.569,1.257
forward,2,8.9636,2.3680,0.2000,0.20000,1505.402,1214,increasing,rolling,1414.559,1141,1414.938,-4.445,0,0,1783746501.931107521,1.099827,0.294370,0.331807,0.181018,,,,0.436096,0.897259,0.299127,0.055601,1.594,1.232
forward,2,8.9780,2.3824,0.2000,0.20000,1505.402,1214,increasing,rolling,1414.706,1141,1414.909,-4.475,1,24,1783746502.028924465,1.119988,0.300828,0.334932,0.189853,0.0211636,0.0031246,0.1476396,0.457259,0.918423,0.320291,0.058725,1.594,1.232
forward,3,8.9928,0.0000,0.2000,-0.20000,1379.869,1113,decreasing,rolling,1414.706,1141,1414.909,-4.475,0,0,1783746502.028924465,1.119988,0.300828,0.334932,0.189853,,,,0.000000,0.918423,0.000000,0.000000,1.594,1.232
forward,3,9.0145,0.0217,0.2000,-0.20000,1379.869,1113,decreasing,rolling,1414.706,1141,1414.909,-4.475,0,0,1783746502.028924465,1.119988,0.300828,0.334932,0.189853,,,,0.000000,0.918423,0.000000,0.000000,1.594,1.232
forward,3,9.0360,0.0433,0.2000,-0.20000,1379.869,1113,decreasing,rolling,1414.706,1141,1414.909,-4.475,0,0,1783746502.028924465,1.119988,0.300828,0.334932,0.189853,,,,0.000000,0.918423,0.000000,0.000000,1.594,1.232
forward,3,9.0577,0.0650,0.2000,-0.20000,1379.869,1113,decreasing,rolling,1414.706,1141,1414.909,-4.475,0,0,1783746502.028924465,1.119988,0.300828,0.334932,0.189853,,,,0.000000,0.918423,0.000000,0.000000,1.611,1.212
forward,3,9.0785,0.0858,0.2000,-0.20000,1379.869,1113,decreasing,rolling,1415.152,1141,1414.941,-4.443,1,1,1783746502.129493237,1.144775,0.313051,0.337271,0.210582,0.0274321,0.0023386,0.0852498,0.027432,0.945855,0.000000,0.000000,1.611,1.212
forward,3,9.0977,0.1050,0.2000,-0.20000,1379.869,1113,decreasing,rolling,1415.152,1141,1414.941,-4.443,0,0,1783746502.129493237,1.144775,0.313051,0.337271,0.210582,,,,0.027432,0.945855,0.000000,0.000000,1.611,1.212
forward,3,9.1194,0.1267,0.2000,-0.20000,1379.869,1113,decreasing,rolling,1415.152,1141,1414.941,-4.443,0,0,1783746502.129493237,1.144775,0.313051,0.337271,0.210582,,,,0.027432,0.945855,0.000000,0.000000,1.611,1.212
forward,3,9.1411,0.1483,0.2000,-0.20000,1379.869,1113,decreasing,rolling,1415.152,1141,1414.941,-4.443,0,0,1783746502.129493237,1.144775,0.313051,0.337271,0.210582,,,,0.027432,0.945855,0.000000,0.000000,1.611,1.212
forward,3,9.1626,0.1699,0.2000,-0.20000,1379.869,1113,decreasing,rolling,1415.152,1141,1414.941,-4.443,0,0,1783746502.129493237,1.144775,0.313051,0.337271,0.210582,,,,0.027432,0.945855,0.000000,0.000000,1.629,1.191
forward,3,9.1765,0.1838,0.2000,-0.20000,1379.869,1113,decreasing,rolling,1415.648,1142,1415.033,-4.350,1,2,1783746502.230113745,1.171609,0.325086,0.335571,0.230740,0.0293019,-0.0016993,-0.0579920,0.056734,0.975157,0.000000,0.000000,1.629,1.191
forward,3,9.1905,0.1978,0.2000,-0.20000,1379.869,1113,decreasing,rolling,1415.648,1142,1415.033,-4.350,0,0,1783746502.230113745,1.171609,0.325086,0.335571,0.230740,,,,0.056734,0.975157,0.000000,0.000000,1.629,1.191
forward,3,9.2122,0.2194,0.2000,-0.20000,1379.869,1113,decreasing,rolling,1415.648,1142,1415.033,-4.350,0,0,1783746502.230113745,1.171609,0.325086,0.335571,0.230740,,,,0.056734,0.975157,0.000000,0.000000,1.629,1.191
forward,3,9.2337,0.2410,0.2000,-0.20000,1379.869,1113,decreasing,rolling,1415.648,1142,1415.033,-4.350,0,0,1783746502.230113745,1.171609,0.325086,0.335571,0.230740,,,,0.056734,0.975157,0.000000,0.000000,1.629,1.191
forward,3,9.2552,0.2625,0.2000,-0.20000,1379.869,1113,decreasing,rolling,1415.648,1142,1415.033,-4.350,0,0,1783746502.230113745,1.171609,0.325086,0.335571,0.230740,,,,0.056734,0.975157,0.000000,0.000000,1.650,1.171
forward,3,9.2766,0.2838,0.2000,-0.20000,1379.869,1113,decreasing,rolling,1415.594,1142,1415.105,-4.279,1,3,1783746502.327917814,1.188665,0.337273,0.328357,0.224425,0.0200967,-0.0072146,-0.3589956,0.076831,0.995253,0.000000,0.000000,1.650,1.171
forward,3,9.2964,0.3037,0.2000,-0.20000,1379.869,1113,decreasing,rolling,1415.594,1142,1415.105,-4.279,0,0,1783746502.327917814,1.188665,0.337273,0.328357,0.224425,,,,0.076831,0.995253,0.000000,0.000000,1.650,1.171
forward,3,9.3181,0.3253,0.2000,-0.20000,1379.869,1113,decreasing,rolling,1415.594,1142,1415.105,-4.279,0,0,1783746502.327917814,1.188665,0.337273,0.328357,0.224425,,,,0.076831,0.995253,0.000000,0.000000,1.650,1.171
forward,3,9.3397,0.3469,0.2000,-0.20000,1379.869,1113,decreasing,rolling,1415.594,1142,1415.105,-4.279,0,0,1783746502.327917814,1.188665,0.337273,0.328357,0.224425,,,,0.076831,0.995253,0.000000,0.000000,1.650,1.171
forward,3,9.3612,0.3685,0.2000,-0.20000,1379.869,1113,decreasing,rolling,1415.594,1142,1415.105,-4.279,0,0,1783746502.327917814,1.188665,0.337273,0.328357,0.224425,,,,0.076831,0.995253,0.000000,0.000000,1.516,1.156
forward,3,9.3771,0.3844,0.2000,-0.20000,1379.869,1113,decreasing,rolling,1415.235,1141,1415.122,-4.262,1,4,1783746502.428050995,1.200351,0.349429,0.322509,0.205668,0.0149598,-0.0058473,-0.3908673,0.091791,1.010213,0.000000,0.000000,1.516,1.156
forward,3,9.3942,0.4015,0.2000,-0.20000,1379.869,1113,decreasing,rolling,1415.235,1141,1415.122,-4.262,0,0,1783746502.428050995,1.200351,0.349429,0.322509,0.205668,,,,0.091791,1.010213,0.000000,0.000000,1.516,1.156
forward,3,9.4158,0.4231,0.2000,-0.20000,1379.869,1113,decreasing,rolling,1415.235,1141,1415.122,-4.262,0,0,1783746502.428050995,1.200351,0.349429,0.322509,0.205668,,,,0.091791,1.010213,0.000000,0.000000,1.516,1.156
forward,3,9.4375,0.4447,0.2000,-0.20000,1379.869,1113,decreasing,rolling,1415.235,1141,1415.122,-4.262,0,0,1783746502.428050995,1.200351,0.349429,0.322509,0.205668,,,,0.091791,1.010213,0.000000,0.000000,1.516,1.156
forward,3,9.4591,0.4663,0.2000,-0.20000,1379.869,1113,decreasing,rolling,1415.235,1141,1415.122,-4.262,0,0,1783746502.428050995,1.200351,0.349429,0.322509,0.205668,,,,0.091791,1.010213,0.000000,0.000000,1.589,1.140
forward,3,9.4779,0.4851,0.2000,-0.20000,1379.869,1113,decreasing,rolling,1415.137,1141,1415.124,-4.260,1,5,1783746502.528561592,1.219409,0.351235,0.318871,0.200653,0.0186553,-0.0036388,-0.1950546,0.110446,1.028868,0.000000,0.000000,1.589,1.140
forward,3,9.4958,0.5030,0.2000,-0.20000,1379.869,1113,decreasing,rolling,1415.137,1141,1415.124,-4.260,0,0,1783746502.528561592,1.219409,0.351235,0.318871,0.200653,,,,0.110446,1.028868,0.000000,0.000000,1.589,1.140
forward,3,9.5175,0.5248,0.2000,-0.20000,1379.869,1113,decreasing,rolling,1415.137,1141,1415.124,-4.260,0,0,1783746502.528561592,1.219409,0.351235,0.318871,0.200653,,,,0.110446,1.028868,0.000000,0.000000,1.589,1.140
forward,3,9.5391,0.5464,0.2000,-0.20000,1379.869,1113,decreasing,rolling,1415.137,1141,1415.124,-4.260,0,0,1783746502.528561592,1.219409,0.351235,0.318871,0.200653,,,,0.110446,1.028868,0.000000,0.000000,1.589,1.140
forward,3,9.5608,0.5681,0.2000,-0.20000,1379.869,1113,decreasing,rolling,1415.137,1141,1415.124,-4.260,0,0,1783746502.528561592,1.219409,0.351235,0.318871,0.200653,,,,0.110446,1.028868,0.000000,0.000000,1.559,1.123
forward,3,9.5755,0.5827,0.2000,-0.20000,1379.869,1113,decreasing,rolling,1415.234,1141,1415.138,-4.245,1,6,1783746502.629122257,1.240766,0.356227,0.319193,0.204798,0.0218452,0.0003228,0.0147756,0.132291,1.050714,0.000000,0.000000,1.559,1.123
forward,3,9.5968,0.6040,0.2000,-0.20000,1379.869,1113,decreasing,rolling,1415.234,1141,1415.138,-4.245,0,0,1783746502.629122257,1.240766,0.356227,0.319193,0.204798,,,,0.132291,1.050714,0.000000,0.000000,1.559,1.123
forward,3,9.6184,0.6257,0.2000,-0.20000,1379.869,1113,decreasing,rolling,1415.234,1141,1415.138,-4.245,0,0,1783746502.629122257,1.240766,0.356227,0.319193,0.204798,,,,0.132291,1.050714,0.000000,0.000000,1.559,1.123
forward,3,9.6400,0.6473,0.2000,-0.20000,1379.869,1113,decreasing,rolling,1415.234,1141,1415.138,-4.245,0,0,1783746502.629122257,1.240766,0.356227,0.319193,0.204798,,,,0.132291,1.050714,0.000000,0.000000,1.559,1.123
forward,3,9.6616,0.6688,0.2000,-0.20000,1379.869,1113,decreasing,rolling,1415.234,1141,1415.138,-4.245,0,0,1783746502.629122257,1.240766,0.356227,0.319193,0.204798,,,,0.132291,1.050714,0.000000,0.000000,1.589,1.107
forward,3,9.6763,0.6835,0.2000,-0.20000,1379.869,1113,decreasing,rolling,1415.128,1141,1415.137,-4.247,1,7,1783746502.727003336,1.259050,0.358218,0.319452,0.199533,0.0179846,0.0002588,0.0143917,0.150276,1.068698,0.000000,0.000000,1.589,1.107
forward,3,9.6867,0.6939,0.2000,-0.20000,1379.869,1113,decreasing,rolling,1415.128,1141,1415.137,-4.247,0,0,1783746502.727003336,1.259050,0.358218,0.319452,0.199533,,,,0.150276,1.068698,0.000000,0.000000,1.589,1.107
forward,3,9.7083,0.7155,0.2000,-0.20000,1379.869,1113,decreasing,rolling,1415.128,1141,1415.137,-4.247,0,0,1783746502.727003336,1.259050,0.358218,0.319452,0.199533,,,,0.150276,1.068698,0.000000,0.000000,1.589,1.107
forward,3,9.7298,0.7371,0.2000,-0.20000,1379.869,1113,decreasing,rolling,1415.128,1141,1415.137,-4.247,0,0,1783746502.727003336,1.259050,0.358218,0.319452,0.199533,,,,0.150276,1.068698,0.000000,0.000000,1.589,1.107
forward,3,9.7517,0.7590,0.2000,-0.20000,1379.869,1113,decreasing,rolling,1415.128,1141,1415.137,-4.247,0,0,1783746502.727003336,1.259050,0.358218,0.319452,0.199533,,,,0.150276,1.068698,0.000000,0.000000,1.589,1.107
forward,3,9.7737,0.7809,0.2000,-0.20000,1379.869,1113,decreasing,rolling,1415.128,1141,1415.137,-4.247,0,0,1783746502.727003336,1.259050,0.358218,0.319452,0.199533,,,,0.150276,1.068698,0.000000,0.000000,1.579,1.089
forward,3,9.7790,0.7862,0.2000,-0.20000,1379.869,1113,decreasing,rolling,1414.802,1141,1415.093,-4.290,1,8,1783746502.827532291,1.270973,0.368100,0.310960,0.185457,0.0143986,-0.0084919,-0.5897691,0.164674,1.083097,0.014399,-0.008492,1.579,1.089
forward,3,9.7984,0.8057,0.2000,-0.20000,1379.869,1113,decreasing,rolling,1414.802,1141,1415.093,-4.290,0,0,1783746502.827532291,1.270973,0.368100,0.310960,0.185457,,,,0.164674,1.083097,0.014399,-0.008492,1.579,1.089
forward,3,9.8201,0.8273,0.2000,-0.20000,1379.869,1113,decreasing,rolling,1414.802,1141,1415.093,-4.290,0,0,1783746502.827532291,1.270973,0.368100,0.310960,0.185457,,,,0.164674,1.083097,0.014399,-0.008492,1.579,1.089
forward,3,9.8419,0.8491,0.2000,-0.20000,1379.869,1113,decreasing,rolling,1414.802,1141,1415.093,-4.290,0,0,1783746502.827532291,1.270973,0.368100,0.310960,0.185457,,,,0.164674,1.083097,0.014399,-0.008492,1.579,1.089
forward,3,9.8635,0.8707,0.2000,-0.20000,1379.869,1113,decreasing,rolling,1414.802,1141,1415.093,-4.290,0,0,1783746502.827532291,1.270973,0.368100,0.310960,0.185457,,,,0.164674,1.083097,0.014399,-0.008492,1.462,1.071
forward,3,9.8790,0.8863,0.2000,-0.20000,1379.869,1113,decreasing,rolling,1414.461,1141,1415.009,-4.375,1,9,1783746502.930375338,1.281008,0.382052,0.303990,0.172609,0.0137876,-0.0069700,-0.5055233,0.178462,1.096884,0.028186,-0.015462,1.462,1.071
forward,3,9.8953,0.9025,0.2000,-0.20000,1379.869,1113,decreasing,rolling,1414.461,1141,1415.009,-4.375,0,0,1783746502.930375338,1.281008,0.382052,0.303990,0.172609,,,,0.178462,1.096884,0.028186,-0.015462,1.462,1.071
forward,3,9.9169,0.9241,0.2000,-0.20000,1379.869,1113,decreasing,rolling,1414.461,1141,1415.009,-4.375,0,0,1783746502.930375338,1.281008,0.382052,0.303990,0.172609,,,,0.178462,1.096884,0.028186,-0.015462,1.462,1.071
forward,3,9.9384,0.9456,0.2000,-0.20000,1379.869,1113,decreasing,rolling,1414.461,1141,1415.009,-4.375,0,0,1783746502.930375338,1.281008,0.382052,0.303990,0.172609,,,,0.178462,1.096884,0.028186,-0.015462,1.462,1.071
forward,3,9.9599,0.9671,0.2000,-0.20000,1379.869,1113,decreasing,rolling,1414.461,1141,1415.009,-4.375,0,0,1783746502.930375338,1.281008,0.382052,0.303990,0.172609,,,,0.178462,1.096884,0.028186,-0.015462,1.484,1.054
forward,3,9.9795,0.9868,0.2000,-0.20000,1379.869,1113,decreasing,rolling,1414.447,1141,1414.935,-4.448,1,10,1783746503.030508518,1.297932,0.389864,0.298210,0.175594,0.0184794,-0.0057808,-0.3128253,0.196941,1.115364,0.046666,-0.021243,1.484,1.054
forward,3,9.9977,1.0050,0.2000,-0.20000,1379.869,1113,decreasing,rolling,1414.447,1141,1414.935,-4.448,0,0,1783746503.030508518,1.297932,0.389864,0.298210,0.175594,,,,0.196941,1.115364,0.046666,-0.021243,1.484,1.054
forward,3,10.0194,1.0266,0.2000,-0.20000,1379.869,1113,decreasing,rolling,1414.447,1141,1414.935,-4.448,0,0,1783746503.030508518,1.297932,0.389864,0.298210,0.175594,,,,0.196941,1.115364,0.046666,-0.021243,1.484,1.054
forward,3,10.0409,1.0481,0.2000,-0.20000,1379.869,1113,decreasing,rolling,1414.447,1141,1414.935,-4.448,0,0,1783746503.030508518,1.297932,0.389864,0.298210,0.175594,,,,0.196941,1.115364,0.046666,-0.021243,1.484,1.054
forward,3,10.0625,1.0697,0.2000,-0.20000,1379.869,1113,decreasing,rolling,1414.447,1141,1414.935,-4.448,0,0,1783746503.030508518,1.297932,0.389864,0.298210,0.175594,,,,0.196941,1.115364,0.046666,-0.021243,1.612,1.039
forward,3,10.0801,1.0874,0.2000,-0.20000,1379.869,1113,decreasing,rolling,1414.590,1141,1414.890,-4.494,1,11,1783746503.131042242,1.318643,0.395440,0.292984,0.185003,0.0214370,-0.0052255,-0.2437593,0.218378,1.136801,0.068103,-0.026468,1.612,1.039
forward,3,10.0890,1.0963,0.2000,-0.20000,1379.869,1113,decreasing,rolling,1414.590,1141,1414.890,-4.494,0,0,1783746503.131042242,1.318643,0.395440,0.292984,0.185003,,,,0.218378,1.136801,0.068103,-0.026468,1.612,1.039
forward,3,10.1107,1.1179,0.2000,-0.20000,1379.869,1113,decreasing,rolling,1414.590,1141,1414.890,-4.494,0,0,1783746503.131042242,1.318643,0.395440,0.292984,0.185003,,,,0.218378,1.136801,0.068103,-0.026468,1.612,1.039
forward,3,10.1322,1.1394,0.2000,-0.20000,1379.869,1113,decreasing,rolling,1414.590,1141,1414.890,-4.494,0,0,1783746503.131042242,1.318643,0.395440,0.292984,0.185003,,,,0.218378,1.136801,0.068103,-0.026468,1.612,1.039
forward,3,10.1537,1.1609,0.2000,-0.20000,1379.869,1113,decreasing,rolling,1414.590,1141,1414.890,-4.494,0,0,1783746503.131042242,1.318643,0.395440,0.292984,0.185003,,,,0.218378,1.136801,0.068103,-0.026468,1.612,1.039
forward,3,10.1752,1.1824,0.2000,-0.20000,1379.869,1113,decreasing,rolling,1414.590,1141,1414.890,-4.494,0,0,1783746503.131042242,1.318643,0.395440,0.292984,0.185003,,,,0.218378,1.136801,0.068103,-0.026468,1.498,1.031
forward,3,10.1803,1.1876,0.2000,-0.20000,1379.869,1113,decreasing,rolling,1414.225,1141,1414.803,-4.581,1,12,1783746503.231419563,1.331343,0.398275,0.294174,0.171072,0.0129765,0.0011903,0.0917301,0.231355,1.149777,0.081079,-0.025278,1.498,1.031
forward,3,10.1992,1.2064,0.2000,-0.20000,1379.869,1113,decreasing,rolling,1414.225,1141,1414.803,-4.581,0,0,1783746503.231419563,1.331343,0.398275,0.294174,0.171072,,,,0.231355,1.149777,0.081079,-0.025278,1.498,1.031
forward,3,10.2208,1.2281,0.2000,-0.20000,1379.869,1113,decreasing,rolling,1414.225,1141,1414.803,-4.581,0,0,1783746503.231419563,1.331343,0.398275,0.294174,0.171072,,,,0.231355,1.149777,0.081079,-0.025278,1.498,1.031
forward,3,10.2424,1.2496,0.2000,-0.20000,1379.869,1113,decreasing,rolling,1414.225,1141,1414.803,-4.581,0,0,1783746503.231419563,1.331343,0.398275,0.294174,0.171072,,,,0.231355,1.149777,0.081079,-0.025278,1.498,1.031
forward,3,10.2639,1.2712,0.2000,-0.20000,1379.869,1113,decreasing,rolling,1414.225,1141,1414.803,-4.581,0,0,1783746503.231419563,1.331343,0.398275,0.294174,0.171072,,,,0.231355,1.149777,0.081079,-0.025278,1.486,1.015
forward,3,10.2809,1.2881,0.2000,-0.20000,1379.869,1113,decreasing,rolling,1413.905,1140,1414.686,-4.698,1,13,1783746503.331782103,1.344503,0.400086,0.294192,0.160986,0.0131202,0.0000179,0.0013659,0.244475,1.162898,0.094199,-0.025260,1.486,1.015
forward,3,10.2958,1.3030,0.2000,-0.20000,1379.869,1113,decreasing,rolling,1413.905,1140,1414.686,-4.698,0,0,1783746503.331782103,1.344503,0.400086,0.294192,0.160986,,,,0.244475,1.162898,0.094199,-0.025260,1.486,1.015
forward,3,10.3175,1.3247,0.2000,-0.20000,1379.869,1113,decreasing,rolling,1413.905,1140,1414.686,-4.698,0,0,1783746503.331782103,1.344503,0.400086,0.294192,0.160986,,,,0.244475,1.162898,0.094199,-0.025260,1.486,1.015
forward,3,10.3390,1.3463,0.2000,-0.20000,1379.869,1113,decreasing,rolling,1413.905,1140,1414.686,-4.698,0,0,1783746503.331782103,1.344503,0.400086,0.294192,0.160986,,,,0.244475,1.162898,0.094199,-0.025260,1.486,1.015
forward,3,10.3606,1.3678,0.2000,-0.20000,1379.869,1113,decreasing,rolling,1413.905,1140,1414.686,-4.698,0,0,1783746503.331782103,1.344503,0.400086,0.294192,0.160986,,,,0.244475,1.162898,0.094199,-0.025260,1.520,1.000
forward,3,10.3786,1.3859,0.2000,-0.20000,1379.869,1113,decreasing,rolling,1413.610,1140,1414.545,-4.839,1,14,1783746503.432281494,1.356853,0.404395,0.287533,0.153244,0.0130667,-0.0066598,-0.5096735,0.257542,1.175964,0.107266,-0.031920,1.520,1.000
forward,3,10.3999,1.4071,0.2000,-0.20000,1379.869,1113,decreasing,rolling,1413.610,1140,1414.545,-4.839,0,0,1783746503.432281494,1.356853,0.404395,0.287533,0.153244,,,,0.257542,1.175964,0.107266,-0.031920,1.520,1.000
forward,3,10.4215,1.4288,0.2000,-0.20000,1379.869,1113,decreasing,rolling,1413.610,1140,1414.545,-4.839,0,0,1783746503.432281494,1.356853,0.404395,0.287533,0.153244,,,,0.257542,1.175964,0.107266,-0.031920,1.520,1.000
forward,3,10.4435,1.4507,0.2000,-0.20000,1379.869,1113,decreasing,rolling,1413.610,1140,1414.545,-4.839,0,0,1783746503.432281494,1.356853,0.404395,0.287533,0.153244,,,,0.257542,1.175964,0.107266,-0.031920,1.520,1.000
forward,3,10.4654,1.4726,0.2000,-0.20000,1379.869,1113,decreasing,rolling,1413.610,1140,1414.545,-4.839,0,0,1783746503.432281494,1.356853,0.404395,0.287533,0.153244,,,,0.257542,1.175964,0.107266,-0.031920,1.536,0.848
forward,3,10.4793,1.4865,0.2000,-0.20000,1379.869,1113,decreasing,rolling,1413.524,1140,1414.414,-4.970,1,15,1783746503.530140400,1.371620,0.410494,0.284336,0.155521,0.0158875,-0.0031962,-0.2011752,0.273429,1.191852,0.123154,-0.035116,1.536,0.848
forward,3,10.4972,1.5045,0.2000,-0.20000,1379.869,1113,decreasing,rolling,1413.524,1140,1414.414,-4.970,0,0,1783746503.530140400,1.371620,0.410494,0.284336,0.155521,,,,0.273429,1.191852,0.123154,-0.035116,1.536,0.848
forward,3,10.5190,1.5263,0.2000,-0.20000,1379.869,1113,decreasing,rolling,1413.524,1140,1414.414,-4.970,0,0,1783746503.530140400,1.371620,0.410494,0.284336,0.155521,,,,0.273429,1.191852,0.123154,-0.035116,1.536,0.848
forward,3,10.5406,1.5478,0.2000,-0.20000,1379.869,1113,decreasing,rolling,1413.524,1140,1414.414,-4.970,0,0,1783746503.530140400,1.371620,0.410494,0.284336,0.155521,,,,0.273429,1.191852,0.123154,-0.035116,1.536,0.848
forward,3,10.5623,1.5695,0.2000,-0.20000,1379.869,1113,decreasing,rolling,1413.524,1140,1414.414,-4.970,0,0,1783746503.530140400,1.371620,0.410494,0.284336,0.155521,,,,0.273429,1.191852,0.123154,-0.035116,1.533,0.612
forward,3,10.5797,1.5870,0.2000,-0.20000,1379.869,1113,decreasing,rolling,1413.798,1140,1414.333,-5.050,1,16,1783746503.630663872,1.393197,0.417810,0.284268,0.173253,0.0227635,-0.0000688,-0.0030225,0.296193,1.214615,0.145917,-0.035185,1.533,0.612
forward,3,10.5951,1.6024,0.2000,-0.20000,1379.869,1113,decreasing,rolling,1413.798,1140,1414.333,-5.050,0,0,1783746503.630663872,1.393197,0.417810,0.284268,0.173253,,,,0.296193,1.214615,0.145917,-0.035185,1.533,0.612
forward,3,10.6168,1.6240,0.2000,-0.20000,1379.869,1113,decreasing,rolling,1413.798,1140,1414.333,-5.050,0,0,1783746503.630663872,1.393197,0.417810,0.284268,0.173253,,,,0.296193,1.214615,0.145917,-0.035185,1.533,0.612
forward,3,10.6383,1.6456,0.2000,-0.20000,1379.869,1113,decreasing,rolling,1413.798,1140,1414.333,-5.050,0,0,1783746503.630663872,1.393197,0.417810,0.284268,0.173253,,,,0.296193,1.214615,0.145917,-0.035185,1.533,0.612
forward,3,10.6599,1.6671,0.2000,-0.20000,1379.869,1113,decreasing,rolling,1413.798,1140,1414.333,-5.050,0,0,1783746503.630663872,1.393197,0.417810,0.284268,0.173253,,,,0.296193,1.214615,0.145917,-0.035185,1.562,0.359
forward,3,10.6797,1.6870,0.2000,-0.20000,1379.869,1113,decreasing,rolling,1414.109,1140,1414.304,-5.080,1,17,1783746503.731048346,1.417499,0.420992,0.282678,0.190263,0.0242220,-0.0015894,-0.0656184,0.320415,1.238837,0.170139,-0.036774,1.562,0.359
forward,3,10.6948,1.7020,0.2000,-0.20000,1379.869,1113,decreasing,rolling,1414.109,1140,1414.304,-5.080,0,0,1783746503.731048346,1.417499,0.420992,0.282678,0.190263,,,,0.320415,1.238837,0.170139,-0.036774,1.562,0.359
forward,3,10.7164,1.7237,0.2000,-0.20000,1379.869,1113,decreasing,rolling,1414.109,1140,1414.304,-5.080,0,0,1783746503.731048346,1.417499,0.420992,0.282678,0.190263,,,,0.320415,1.238837,0.170139,-0.036774,1.562,0.359
forward,3,10.7379,1.7452,0.2000,-0.20000,1379.869,1113,decreasing,rolling,1414.109,1140,1414.304,-5.080,0,0,1783746503.731048346,1.417499,0.420992,0.282678,0.190263,,,,0.320415,1.238837,0.170139,-0.036774,1.562,0.359
forward,3,10.7594,1.7667,0.2000,-0.20000,1379.869,1113,decreasing,rolling,1414.109,1140,1414.304,-5.080,0,0,1783746503.731048346,1.417499,0.420992,0.282678,0.190263,,,,0.320415,1.238837,0.170139,-0.036774,1.579,0.343
forward,3,10.7801,1.7874,0.2000,-0.20000,1379.869,1113,decreasing,rolling,1414.109,1140,1414.304,-5.080,0,0,1783746503.731048346,1.417499,0.420992,0.282678,0.190263,,,,0.320415,1.238837,0.170139,-0.036774,1.579,0.343
forward,3,10.8020,1.8092,0.2000,-0.20000,1379.869,1113,decreasing,rolling,1413.926,1140,1414.255,-5.129,1,18,1783746503.831250906,1.433336,0.425219,0.275100,0.183586,0.0163886,-0.0075779,-0.4623889,0.336803,1.255226,0.186528,-0.044352,1.579,0.343
forward,3,10.8046,1.8119,0.2000,-0.20000,1379.869,1113,decreasing,rolling,1413.926,1140,1414.255,-5.129,0,0,1783746503.831250906,1.433336,0.425219,0.275100,0.183586,,,,0.336803,1.255226,0.186528,-0.044352,1.579,0.343
forward,3,10.8263,1.8335,0.2000,-0.20000,1379.869,1113,decreasing,rolling,1413.926,1140,1414.255,-5.129,0,0,1783746503.831250906,1.433336,0.425219,0.275100,0.183586,,,,0.336803,1.255226,0.186528,-0.044352,1.579,0.343
forward,3,10.8479,1.8551,0.2000,-0.20000,1379.869,1113,decreasing,rolling,1413.926,1140,1414.255,-5.129,0,0,1783746503.831250906,1.433336,0.425219,0.275100,0.183586,,,,0.336803,1.255226,0.186528,-0.044352,1.579,0.343
forward,3,10.8694,1.8767,0.2000,-0.20000,1379.869,1113,decreasing,rolling,1413.926,1140,1414.255,-5.129,0,0,1783746503.831250906,1.433336,0.425219,0.275100,0.183586,,,,0.336803,1.255226,0.186528,-0.044352,1.599,0.955
forward,3,10.8782,1.8855,0.2000,-0.20000,1379.869,1113,decreasing,rolling,1413.996,1140,1414.221,-5.163,1,19,1783746503.931612015,1.451145,0.437676,0.269203,0.188759,0.0205018,-0.0058973,-0.2876500,0.357305,1.275728,0.207029,-0.050249,1.599,0.955
forward,3,10.8913,1.8985,0.2000,-0.20000,1379.869,1113,decreasing,rolling,1413.996,1140,1414.221,-5.163,0,0,1783746503.931612015,1.451145,0.437676,0.269203,0.188759,,,,0.357305,1.275728,0.207029,-0.050249,1.599,0.955
forward,3,10.9129,1.9202,0.2000,-0.20000,1379.869,1113,decreasing,rolling,1413.996,1140,1414.221,-5.163,0,0,1783746503.931612015,1.451145,0.437676,0.269203,0.188759,,,,0.357305,1.275728,0.207029,-0.050249,1.599,0.955
forward,3,10.9345,1.9417,0.2000,-0.20000,1379.869,1113,decreasing,rolling,1413.996,1140,1414.221,-5.163,0,0,1783746503.931612015,1.451145,0.437676,0.269203,0.188759,,,,0.357305,1.275728,0.207029,-0.050249,1.599,0.955
forward,3,10.9560,1.9633,0.2000,-0.20000,1379.869,1113,decreasing,rolling,1413.996,1140,1414.221,-5.163,0,0,1783746503.931612015,1.451145,0.437676,0.269203,0.188759,,,,0.357305,1.275728,0.207029,-0.050249,1.599,0.955
forward,3,10.9777,1.9849,0.2000,-0.20000,1379.869,1113,decreasing,rolling,1413.996,1140,1414.221,-5.163,0,0,1783746503.931612015,1.451145,0.437676,0.269203,0.188759,,,,0.357305,1.275728,0.207029,-0.050249,1.566,0.928
forward,3,10.9802,1.9875,0.2000,-0.20000,1379.869,1113,decreasing,rolling,1414.158,1140,1414.213,-5.171,1,20,1783746504.029629946,1.472382,0.442783,0.262160,0.197255,0.0218327,-0.0070424,-0.3225641,0.379138,1.297560,0.228862,-0.057292,1.566,0.928
forward,3,10.9950,2.0022,0.2000,-0.20000,1379.869,1113,decreasing,rolling,1414.158,1140,1414.213,-5.171,0,0,1783746504.029629946,1.472382,0.442783,0.262160,0.197255,,,,0.379138,1.297560,0.228862,-0.057292,1.566,0.928
forward,3,11.0167,2.0239,0.2000,-0.20000,1379.869,1113,decreasing,rolling,1414.158,1140,1414.213,-5.171,0,0,1783746504.029629946,1.472382,0.442783,0.262160,0.197255,,,,0.379138,1.297560,0.228862,-0.057292,1.566,0.928
forward,3,11.0382,2.0455,0.2000,-0.20000,1379.869,1113,decreasing,rolling,1414.158,1140,1414.213,-5.171,0,0,1783746504.029629946,1.472382,0.442783,0.262160,0.197255,,,,0.379138,1.297560,0.228862,-0.057292,1.566,0.928
forward,3,11.0599,2.0671,0.2000,-0.20000,1379.869,1113,decreasing,rolling,1414.158,1140,1414.213,-5.171,0,0,1783746504.029629946,1.472382,0.442783,0.262160,0.197255,,,,0.379138,1.297560,0.228862,-0.057292,1.587,0.899
forward,3,11.0791,2.0863,0.2000,-0.20000,1379.869,1113,decreasing,rolling,1414.468,1141,1414.246,-5.137,1,21,1783746504.130128622,1.497355,0.447651,0.257229,0.211092,0.0253863,-0.0049312,-0.1942461,0.404524,1.322947,0.254248,-0.062223,1.587,0.899
forward,3,11.0980,2.1052,0.2000,-0.20000,1379.869,1113,decreasing,rolling,1414.468,1141,1414.246,-5.137,0,0,1783746504.130128622,1.497355,0.447651,0.257229,0.211092,,,,0.404524,1.322947,0.254248,-0.062223,1.587,0.899
forward,3,11.1196,2.1268,0.2000,-0.20000,1379.869,1113,decreasing,rolling,1414.468,1141,1414.246,-5.137,0,0,1783746504.130128622,1.497355,0.447651,0.257229,0.211092,,,,0.404524,1.322947,0.254248,-0.062223,1.587,0.899
forward,3,11.1411,2.1484,0.2000,-0.20000,1379.869,1113,decreasing,rolling,1414.468,1141,1414.246,-5.137,0,0,1783746504.130128622,1.497355,0.447651,0.257229,0.211092,,,,0.404524,1.322947,0.254248,-0.062223,1.587,0.899
forward,3,11.1627,2.1700,0.2000,-0.20000,1379.869,1113,decreasing,rolling,1414.468,1141,1414.246,-5.137,0,0,1783746504.130128622,1.497355,0.447651,0.257229,0.211092,,,,0.404524,1.322947,0.254248,-0.062223,1.653,0.867
forward,3,11.1795,2.1868,0.2000,-0.20000,1379.869,1113,decreasing,rolling,1414.712,1141,1414.307,-5.077,1,22,1783746504.230542183,1.520367,0.457986,0.251341,0.220242,0.0248715,-0.0058884,-0.2367514,0.429396,1.347818,0.279120,-0.068111,1.653,0.867
forward,3,11.1951,2.2023,0.2000,-0.20000,1379.869,1113,decreasing,rolling,1414.712,1141,1414.307,-5.077,0,0,1783746504.230542183,1.520367,0.457986,0.251341,0.220242,,,,0.429396,1.347818,0.279120,-0.068111,1.653,0.867
forward,3,11.2167,2.2239,0.2000,-0.20000,1379.869,1113,decreasing,rolling,1414.712,1141,1414.307,-5.077,0,0,1783746504.230542183,1.520367,0.457986,0.251341,0.220242,,,,0.429396,1.347818,0.279120,-0.068111,1.653,0.867
forward,3,11.2382,2.2455,0.2000,-0.20000,1379.869,1113,decreasing,rolling,1414.712,1141,1414.307,-5.077,0,0,1783746504.230542183,1.520367,0.457986,0.251341,0.220242,,,,0.429396,1.347818,0.279120,-0.068111,1.653,0.867
forward,3,11.2598,2.2671,0.2000,-0.20000,1379.869,1113,decreasing,rolling,1414.712,1141,1414.307,-5.077,0,0,1783746504.230542183,1.520367,0.457986,0.251341,0.220242,,,,0.429396,1.347818,0.279120,-0.068111,1.670,0.394
forward,3,11.2770,2.2843,0.2000,-0.20000,1379.869,1113,decreasing,rolling,1414.712,1141,1414.307,-5.077,0,0,1783746504.230542183,1.520367,0.457986,0.251341,0.220242,,,,0.429396,1.347818,0.279120,-0.068111,1.670,0.394
forward,3,11.2989,2.3062,0.2000,-0.20000,1379.869,1113,decreasing,rolling,1414.735,1141,1414.363,-5.021,1,23,1783746504.330980062,1.542306,0.458752,0.247561,0.218570,0.0214491,-0.0037800,-0.1762318,0.450845,1.369267,0.300569,-0.071891,1.670,0.394
forward,4,11.3034,0.0001,0.2000,0.75000,1678.009,1353,increasing,rolling,1414.735,1141,1414.363,-5.021,0,0,1783746504.330980062,1.542306,0.458752,0.247561,0.218570,,,,0.000000,1.369267,0.000000,0.000000,1.670,0.394
forward,4,11.3252,0.0218,0.2000,0.75000,1678.009,1353,increasing,rolling,1414.735,1141,1414.363,-5.021,0,0,1783746504.330980062,1.542306,0.458752,0.247561,0.218570,,,,0.000000,1.369267,0.000000,0.000000,1.670,0.394
forward,4,11.3468,0.0434,0.2000,0.75000,1678.009,1353,increasing,rolling,1414.735,1141,1414.363,-5.021,0,0,1783746504.330980062,1.542306,0.458752,0.247561,0.218570,,,,0.000000,1.369267,0.000000,0.000000,1.670,0.394
forward,4,11.3683,0.0649,0.2000,0.75000,1678.009,1353,increasing,rolling,1414.735,1141,1414.363,-5.021,0,0,1783746504.330980062,1.542306,0.458752,0.247561,0.218570,,,,0.000000,1.369267,0.000000,0.000000,1.694,0.239
forward,4,11.3774,0.0741,0.2000,0.75000,1678.009,1353,increasing,rolling,1415.193,1141,1414.469,-4.915,1,1,1783746504.428474903,1.570280,0.463087,0.243036,0.236212,0.0281894,-0.0045252,-0.1605268,0.028189,1.397457,0.000000,0.000000,1.694,0.239
forward,4,11.3884,0.0850,0.2000,0.75000,1678.009,1353,increasing,rolling,1415.193,1141,1414.469,-4.915,0,0,1783746504.428474903,1.570280,0.463087,0.243036,0.236212,,,,0.028189,1.397457,0.000000,0.000000,1.694,0.239
forward,4,11.4101,0.1067,0.2000,0.75000,1678.009,1353,increasing,rolling,1415.193,1141,1414.469,-4.915,0,0,1783746504.428474903,1.570280,0.463087,0.243036,0.236212,,,,0.028189,1.397457,0.000000,0.000000,1.694,0.239
forward,4,11.4318,0.1284,0.2000,0.75000,1678.009,1353,increasing,rolling,1415.193,1141,1414.469,-4.915,0,0,1783746504.428474903,1.570280,0.463087,0.243036,0.236212,,,,0.028189,1.397457,0.000000,0.000000,1.694,0.239
forward,4,11.4534,0.1500,0.2000,0.75000,1678.009,1353,increasing,rolling,1415.193,1141,1414.469,-4.915,0,0,1783746504.428474903,1.570280,0.463087,0.243036,0.236212,,,,0.028189,1.397457,0.000000,0.000000,1.694,0.239
forward,4,11.4749,0.1716,0.2000,0.75000,1678.009,1353,increasing,rolling,1415.193,1141,1414.469,-4.915,0,0,1783746504.428474903,1.570280,0.463087,0.243036,0.236212,,,,0.028189,1.397457,0.000000,0.000000,1.707,0.400
forward,4,11.4779,0.1746,0.2000,0.75000,1678.009,1353,increasing,rolling,1415.129,1141,1414.556,-4.828,1,2,1783746504.528907061,1.588942,0.473714,0.253932,0.228692,0.0207024,0.0108963,0.5263317,0.048892,1.418159,0.000000,0.000000,1.707,0.400
forward,4,11.4961,0.1927,0.2000,0.75000,1678.009,1353,increasing,rolling,1415.129,1141,1414.556,-4.828,0,0,1783746504.528907061,1.588942,0.473714,0.253932,0.228692,,,,0.048892,1.418159,0.000000,0.000000,1.707,0.400
forward,4,11.5177,0.2143,0.2000,0.75000,1678.009,1353,increasing,rolling,1415.129,1141,1414.556,-4.828,0,0,1783746504.528907061,1.588942,0.473714,0.253932,0.228692,,,,0.048892,1.418159,0.000000,0.000000,1.707,0.400
forward,4,11.5392,0.2358,0.2000,0.75000,1678.009,1353,increasing,rolling,1415.129,1141,1414.556,-4.828,0,0,1783746504.528907061,1.588942,0.473714,0.253932,0.228692,,,,0.048892,1.418159,0.000000,0.000000,1.707,0.400
forward,4,11.5607,0.2574,0.2000,0.75000,1678.009,1353,increasing,rolling,1415.129,1141,1414.556,-4.828,0,0,1783746504.528907061,1.588942,0.473714,0.253932,0.228692,,,,0.048892,1.418159,0.000000,0.000000,1.684,0.470
forward,4,11.5757,0.2723,0.2000,0.75000,1678.009,1353,increasing,rolling,1414.932,1141,1414.605,-4.779,1,3,1783746504.629400253,1.605774,0.480530,0.267839,0.216351,0.0180210,0.0139070,0.7717118,0.066913,1.436180,0.000000,0.000000,1.684,0.470
forward,4,11.5869,0.2836,0.2000,0.75000,1678.009,1353,increasing,rolling,1414.932,1141,1414.605,-4.779,0,0,1783746504.629400253,1.605774,0.480530,0.267839,0.216351,,,,0.066913,1.436180,0.000000,0.000000,1.684,0.470
forward,4,11.6086,0.3052,0.2000,0.75000,1678.009,1353,increasing,rolling,1414.932,1141,1414.605,-4.779,0,0,1783746504.629400253,1.605774,0.480530,0.267839,0.216351,,,,0.066913,1.436180,0.000000,0.000000,1.684,0.470
forward,4,11.6301,0.3267,0.2000,0.75000,1678.009,1353,increasing,rolling,1414.932,1141,1414.605,-4.779,0,0,1783746504.629400253,1.605774,0.480530,0.267839,0.216351,,,,0.066913,1.436180,0.000000,0.000000,1.684,0.470
forward,4,11.6517,0.3483,0.2000,0.75000,1678.009,1353,increasing,rolling,1414.932,1141,1414.605,-4.779,0,0,1783746504.629400253,1.605774,0.480530,0.267839,0.216351,,,,0.066913,1.436180,0.000000,0.000000,1.684,0.470
forward,4,11.6734,0.3701,0.2000,0.75000,1678.009,1353,increasing,rolling,1414.932,1141,1414.605,-4.779,0,0,1783746504.629400253,1.605774,0.480530,0.267839,0.216351,,,,0.066913,1.436180,0.000000,0.000000,1.709,0.506
forward,4,11.6761,0.3727,0.2000,0.75000,1678.009,1353,increasing,rolling,1414.956,1141,1414.650,-4.734,1,4,1783746504.726950884,1.626840,0.482152,0.284668,0.215337,0.0207095,0.0168285,0.8126013,0.087622,1.456890,0.000000,0.000000,1.709,0.506
forward,4,11.6901,0.3867,0.2000,0.75000,1678.009,1353,increasing,rolling,1414.956,1141,1414.650,-4.734,0,0,1783746504.726950884,1.626840,0.482152,0.284668,0.215337,,,,0.087622,1.456890,0.000000,0.000000,1.709,0.506
forward,4,11.7117,0.4083,0.2000,0.75000,1678.009,1353,increasing,rolling,1414.956,1141,1414.650,-4.734,0,0,1783746504.726950884,1.626840,0.482152,0.284668,0.215337,,,,0.087622,1.456890,0.000000,0.000000,1.709,0.506
forward,4,11.7332,0.4298,0.2000,0.75000,1678.009,1353,increasing,rolling,1414.956,1141,1414.650,-4.734,0,0,1783746504.726950884,1.626840,0.482152,0.284668,0.215337,,,,0.087622,1.456890,0.000000,0.000000,1.709,0.506
forward,4,11.7547,0.4513,0.2000,0.75000,1678.009,1353,increasing,rolling,1414.956,1141,1414.650,-4.734,0,0,1783746504.726950884,1.626840,0.482152,0.284668,0.215337,,,,0.087622,1.456890,0.000000,0.000000,1.727,0.520
forward,4,11.7742,0.4708,0.2000,0.75000,1678.009,1353,increasing,rolling,1415.111,1141,1414.710,-4.674,1,5,1783746504.827372313,1.650049,0.486620,0.303103,0.220025,0.0235077,0.0184350,0.7842117,0.111130,1.480397,0.000000,0.000000,1.727,0.520
forward,4,11.7921,0.4887,0.2000,0.75000,1678.009,1353,increasing,rolling,1415.111,1141,1414.710,-4.674,0,0,1783746504.827372313,1.650049,0.486620,0.303103,0.220025,,,,0.111130,1.480397,0.000000,0.000000,1.727,0.520
forward,4,11.8137,0.5103,0.2000,0.75000,1678.009,1353,increasing,rolling,1415.111,1141,1414.710,-4.674,0,0,1783746504.827372313,1.650049,0.486620,0.303103,0.220025,,,,0.111130,1.480397,0.000000,0.000000,1.727,0.520
forward,4,11.8354,0.5321,0.2000,0.75000,1678.009,1353,increasing,rolling,1415.111,1141,1414.710,-4.674,0,0,1783746504.827372313,1.650049,0.486620,0.303103,0.220025,,,,0.111130,1.480397,0.000000,0.000000,1.727,0.520
forward,4,11.8570,0.5536,0.2000,0.75000,1678.009,1353,increasing,rolling,1415.111,1141,1414.710,-4.674,0,0,1783746504.827372313,1.650049,0.486620,0.303103,0.220025,,,,0.111130,1.480397,0.000000,0.000000,1.732,0.536
forward,4,11.8744,0.5710,0.2000,0.75000,1678.009,1353,increasing,rolling,1415.145,1141,1414.766,-4.618,1,6,1783746504.925593615,1.671874,0.487949,0.316691,0.218956,0.0211912,0.0135883,0.6412255,0.132321,1.501588,0.000000,0.000000,1.732,0.536
forward,4,11.8866,0.5832,0.2000,0.75000,1678.009,1353,increasing,rolling,1415.145,1141,1414.766,-4.618,0,0,1783746504.925593615,1.671874,0.487949,0.316691,0.218956,,,,0.132321,1.501588,0.000000,0.000000,1.732,0.536
forward,4,11.9082,0.6048,0.2000,0.75000,1678.009,1353,increasing,rolling,1415.145,1141,1414.766,-4.618,0,0,1783746504.925593615,1.671874,0.487949,0.316691,0.218956,,,,0.132321,1.501588,0.000000,0.000000,1.732,0.536
forward,4,11.9298,0.6264,0.2000,0.75000,1678.009,1353,increasing,rolling,1415.145,1141,1414.766,-4.618,0,0,1783746504.925593615,1.671874,0.487949,0.316691,0.218956,,,,0.132321,1.501588,0.000000,0.000000,1.732,0.536
forward,4,11.9513,0.6479,0.2000,0.75000,1678.009,1353,increasing,rolling,1415.145,1141,1414.766,-4.618,0,0,1783746504.925593615,1.671874,0.487949,0.316691,0.218956,,,,0.132321,1.501588,0.000000,0.000000,1.732,0.536
forward,4,11.9729,0.6695,0.2000,0.75000,1678.009,1353,increasing,rolling,1415.145,1141,1414.766,-4.618,0,0,1783746504.925593615,1.671874,0.487949,0.316691,0.218956,,,,0.132321,1.501588,0.000000,0.000000,1.744,0.550
forward,4,11.9754,0.6720,0.2000,0.75000,1678.009,1353,increasing,rolling,1415.145,1141,1414.766,-4.618,0,0,1783746504.925593615,1.671874,0.487949,0.316691,0.218956,,,,0.132321,1.501588,0.000000,0.000000,1.744,0.550
forward,4,11.9974,0.6940,0.2000,0.75000,1678.009,1353,increasing,rolling,1414.668,1141,1414.753,-4.631,1,7,1783746505.025786638,1.681109,0.500188,0.326430,0.195729,0.0126290,0.0097387,0.7711385,0.144950,1.514217,0.000000,0.000000,1.744,0.550
forward,4,11.9995,0.6961,0.2000,0.75000,1678.009,1353,increasing,rolling,1414.668,1141,1414.753,-4.631,0,0,1783746505.025786638,1.681109,0.500188,0.326430,0.195729,,,,0.144950,1.514217,0.000000,0.000000,1.744,0.550
forward,4,12.0211,0.7177,0.2000,0.75000,1678.009,1353,increasing,rolling,1414.668,1141,1414.753,-4.631,0,0,1783746505.025786638,1.681109,0.500188,0.326430,0.195729,,,,0.144950,1.514217,0.000000,0.000000,1.744,0.550
forward,4,12.0427,0.7393,0.2000,0.75000,1678.009,1353,increasing,rolling,1414.668,1141,1414.753,-4.631,0,0,1783746505.025786638,1.681109,0.500188,0.326430,0.195729,,,,0.144950,1.514217,0.000000,0.000000,1.744,0.550
forward,4,12.0642,0.7608,0.2000,0.75000,1678.009,1353,increasing,rolling,1414.668,1141,1414.753,-4.631,0,0,1783746505.025786638,1.681109,0.500188,0.326430,0.195729,,,,0.144950,1.514217,0.000000,0.000000,1.751,0.543
forward,4,12.0735,0.7702,0.2000,0.75000,1678.009,1353,increasing,rolling,1414.347,1141,1414.700,-4.684,1,8,1783746505.126296520,1.694355,0.505622,0.337632,0.182350,0.0142938,0.0112026,0.7837423,0.159244,1.528511,0.014294,0.011203,1.751,0.543
forward,4,12.0850,0.7816,0.2000,0.75000,1678.009,1353,increasing,rolling,1414.347,1141,1414.700,-4.684,0,0,1783746505.126296520,1.694355,0.505622,0.337632,0.182350,,,,0.159244,1.528511,0.014294,0.011203,1.751,0.543
forward,4,12.1067,0.8033,0.2000,0.75000,1678.009,1353,increasing,rolling,1414.347,1141,1414.700,-4.684,0,0,1783746505.126296520,1.694355,0.505622,0.337632,0.182350,,,,0.159244,1.528511,0.014294,0.011203,1.751,0.543
forward,4,12.1282,0.8248,0.2000,0.75000,1678.009,1353,increasing,rolling,1414.347,1141,1414.700,-4.684,0,0,1783746505.126296520,1.694355,0.505622,0.337632,0.182350,,,,0.159244,1.528511,0.014294,0.011203,1.751,0.543
forward,4,12.1497,0.8464,0.2000,0.75000,1678.009,1353,increasing,rolling,1414.347,1141,1414.700,-4.684,0,0,1783746505.126296520,1.694355,0.505622,0.337632,0.182350,,,,0.159244,1.528511,0.014294,0.011203,1.751,0.543
forward,4,12.1713,0.8679,0.2000,0.75000,1678.009,1353,increasing,rolling,1414.347,1141,1414.700,-4.684,0,0,1783746505.126296520,1.694355,0.505622,0.337632,0.182350,,,,0.159244,1.528511,0.014294,0.011203,1.759,0.526
forward,4,12.1739,0.8705,0.2000,0.75000,1678.009,1353,increasing,rolling,1414.161,1140,1414.631,-4.753,1,9,1783746505.224300623,1.709269,0.510213,0.353052,0.176527,0.0155883,0.0154196,0.9891787,0.174832,1.544099,0.029882,0.026622,1.759,0.526
forward,4,12.1895,0.8861,0.2000,0.75000,1678.009,1353,increasing,rolling,1414.161,1140,1414.631,-4.753,0,0,1783746505.224300623,1.709269,0.510213,0.353052,0.176527,,,,0.174832,1.544099,0.029882,0.026622,1.759,0.526
forward,4,12.2111,0.9077,0.2000,0.75000,1678.009,1353,increasing,rolling,1414.161,1140,1414.631,-4.753,0,0,1783746505.224300623,1.709269,0.510213,0.353052,0.176527,,,,0.174832,1.544099,0.029882,0.026622,1.759,0.526
forward,4,12.2327,0.9293,0.2000,0.75000,1678.009,1353,increasing,rolling,1414.161,1140,1414.631,-4.753,0,0,1783746505.224300623,1.709269,0.510213,0.353052,0.176527,,,,0.174832,1.544099,0.029882,0.026622,1.759,0.526
forward,4,12.2542,0.9509,0.2000,0.75000,1678.009,1353,increasing,rolling,1414.161,1140,1414.631,-4.753,0,0,1783746505.224300623,1.709269,0.510213,0.353052,0.176527,,,,0.174832,1.544099,0.029882,0.026622,1.823,0.523
forward,4,12.2736,0.9702,0.2000,0.75000,1678.009,1353,increasing,rolling,1413.751,1140,1414.516,-4.868,1,10,1783746505.324726105,1.720887,0.512813,0.365741,0.161746,0.0117902,0.0126890,1.0762316,0.186622,1.555890,0.041672,0.039311,1.823,0.523
forward,4,12.2903,0.9870,0.2000,0.75000,1678.009,1353,increasing,rolling,1413.751,1140,1414.516,-4.868,0,0,1783746505.324726105,1.720887,0.512813,0.365741,0.161746,,,,0.186622,1.555890,0.041672,0.039311,1.823,0.523
forward,4,12.3120,1.0086,0.2000,0.75000,1678.009,1353,increasing,rolling,1413.751,1140,1414.516,-4.868,0,0,1783746505.324726105,1.720887,0.512813,0.365741,0.161746,,,,0.186622,1.555890,0.041672,0.039311,1.823,0.523
forward,4,12.3336,1.0302,0.2000,0.75000,1678.009,1353,increasing,rolling,1413.751,1140,1414.516,-4.868,0,0,1783746505.324726105,1.720887,0.512813,0.365741,0.161746,,,,0.186622,1.555890,0.041672,0.039311,1.823,0.523
forward,4,12.3551,1.0517,0.2000,0.75000,1678.009,1353,increasing,rolling,1413.751,1140,1414.516,-4.868,0,0,1783746505.324726105,1.720887,0.512813,0.365741,0.161746,,,,0.186622,1.555890,0.041672,0.039311,1.829,0.521
forward,4,12.3741,1.0707,0.2000,0.75000,1678.009,1353,increasing,rolling,1413.751,1140,1414.516,-4.868,0,0,1783746505.324726105,1.720887,0.512813,0.365741,0.161746,,,,0.186622,1.555890,0.041672,0.039311,1.829,0.521
forward,4,12.3961,1.0927,0.2000,0.75000,1678.009,1353,increasing,rolling,1413.578,1140,1414.393,-4.991,1,11,1783746505.425069094,1.735849,0.516363,0.384867,0.159233,0.0152216,0.0191256,1.2564745,0.201844,1.571111,0.056894,0.058437,1.829,0.521
forward,4,12.3979,1.0945,0.2000,0.75000,1678.009,1353,increasing,rolling,1413.578,1140,1414.393,-4.991,0,0,1783746505.425069094,1.735849,0.516363,0.384867,0.159233,,,,0.201844,1.571111,0.056894,0.058437,1.829,0.521
forward,4,12.4195,1.1161,0.2000,0.75000,1678.009,1353,increasing,rolling,1413.578,1140,1414.393,-4.991,0,0,1783746505.425069094,1.735849,0.516363,0.384867,0.159233,,,,0.201844,1.571111,0.056894,0.058437,1.829,0.521
forward,4,12.4410,1.1376,0.2000,0.75000,1678.009,1353,increasing,rolling,1413.578,1140,1414.393,-4.991,0,0,1783746505.425069094,1.735849,0.516363,0.384867,0.159233,,,,0.201844,1.571111,0.056894,0.058437,1.829,0.521
forward,4,12.4625,1.1592,0.2000,0.75000,1678.009,1353,increasing,rolling,1413.578,1140,1414.393,-4.991,0,0,1783746505.425069094,1.735849,0.516363,0.384867,0.159233,,,,0.201844,1.571111,0.056894,0.058437,1.893,0.516
forward,4,12.4745,1.1711,0.2000,0.75000,1678.009,1353,increasing,rolling,1413.631,1140,1414.293,-5.091,1,12,1783746505.525446415,1.752827,0.525151,0.404801,0.166876,0.0190522,0.0199343,1.0463012,0.220896,1.590164,0.075946,0.078371,1.893,0.516
forward,4,12.4869,1.1835,0.2000,0.75000,1678.009,1353,increasing,rolling,1413.631,1140,1414.293,-5.091,0,0,1783746505.525446415,1.752827,0.525151,0.404801,0.166876,,,,0.220896,1.590164,0.075946,0.078371,1.893,0.516
forward,4,12.5087,1.2054,0.2000,0.75000,1678.009,1353,increasing,rolling,1413.631,1140,1414.293,-5.091,0,0,1783746505.525446415,1.752827,0.525151,0.404801,0.166876,,,,0.220896,1.590164,0.075946,0.078371,1.893,0.516
forward,4,12.5306,1.2272,0.2000,0.75000,1678.009,1353,increasing,rolling,1413.631,1140,1414.293,-5.091,0,0,1783746505.525446415,1.752827,0.525151,0.404801,0.166876,,,,0.220896,1.590164,0.075946,0.078371,1.893,0.516
forward,4,12.5527,1.2493,0.2000,0.75000,1678.009,1353,increasing,rolling,1413.631,1140,1414.293,-5.091,0,0,1783746505.525446415,1.752827,0.525151,0.404801,0.166876,,,,0.220896,1.590164,0.075946,0.078371,1.881,0.497
forward,4,12.5744,1.2710,0.2000,0.75000,1678.009,1353,increasing,rolling,1413.821,1140,1414.231,-5.152,1,13,1783746505.625941277,1.773629,0.532085,0.421766,0.179478,0.0218357,0.0169647,0.7769246,0.242732,1.611999,0.097782,0.095336,1.881,0.497
forward,4,12.5915,1.2881,0.2000,0.75000,1678.009,1353,increasing,rolling,1413.821,1140,1414.231,-5.152,0,0,1783746505.625941277,1.773629,0.532085,0.421766,0.179478,,,,0.242732,1.611999,0.097782,0.095336,1.881,0.497
forward,4,12.6131,1.3098,0.2000,0.75000,1678.009,1353,increasing,rolling,1413.821,1140,1414.231,-5.152,0,0,1783746505.625941277,1.773629,0.532085,0.421766,0.179478,,,,0.242732,1.611999,0.097782,0.095336,1.881,0.497
forward,4,12.6347,1.3313,0.2000,0.75000,1678.009,1353,increasing,rolling,1413.821,1140,1414.231,-5.152,0,0,1783746505.625941277,1.773629,0.532085,0.421766,0.179478,,,,0.242732,1.611999,0.097782,0.095336,1.881,0.497
forward,4,12.6562,1.3528,0.2000,0.75000,1678.009,1353,increasing,rolling,1413.821,1140,1414.231,-5.152,0,0,1783746505.625941277,1.773629,0.532085,0.421766,0.179478,,,,0.242732,1.611999,0.097782,0.095336,1.888,0.476
forward,4,12.6757,1.3723,0.2000,0.75000,1678.009,1353,increasing,rolling,1414.020,1140,1414.204,-5.180,1,14,1783746505.726069450,1.794539,0.540481,0.439053,0.190801,0.0225059,0.0172874,0.7681281,0.265238,1.634505,0.120288,0.112623,1.888,0.476
forward,4,12.6823,1.3789,0.2000,0.75000,1678.009,1353,increasing,rolling,1414.020,1140,1414.204,-5.180,0,0,1783746505.726069450,1.794539,0.540481,0.439053,0.190801,,,,0.265238,1.634505,0.120288,0.112623,1.888,0.476
forward,4,12.7041,1.4007,0.2000,0.75000,1678.009,1353,increasing,rolling,1414.020,1140,1414.204,-5.180,0,0,1783746505.726069450,1.794539,0.540481,0.439053,0.190801,,,,0.265238,1.634505,0.120288,0.112623,1.888,0.476
forward,4,12.7256,1.4223,0.2000,0.75000,1678.009,1353,increasing,rolling,1414.020,1140,1414.204,-5.180,0,0,1783746505.726069450,1.794539,0.540481,0.439053,0.190801,,,,0.265238,1.634505,0.120288,0.112623,1.888,0.476
forward,4,12.7472,1.4438,0.2000,0.75000,1678.009,1353,increasing,rolling,1414.020,1140,1414.204,-5.180,0,0,1783746505.726069450,1.794539,0.540481,0.439053,0.190801,,,,0.265238,1.634505,0.120288,0.112623,1.888,0.476
forward,4,12.7688,1.4655,0.2000,0.75000,1678.009,1353,increasing,rolling,1414.020,1140,1414.204,-5.180,0,0,1783746505.726069450,1.794539,0.540481,0.439053,0.190801,,,,0.265238,1.634505,0.120288,0.112623,1.910,0.458
forward,4,12.7757,1.4723,0.2000,0.75000,1678.009,1353,increasing,rolling,1414.320,1141,1414.219,-5.165,1,15,1783746505.826717615,1.818007,0.549241,0.457312,0.205063,0.0249456,0.0182591,0.7319562,0.290183,1.659451,0.145233,0.130882,1.910,0.458
forward,4,12.7862,1.4828,0.2000,0.75000,1678.009,1353,increasing,rolling,1414.320,1141,1414.219,-5.165,0,0,1783746505.826717615,1.818007,0.549241,0.457312,0.205063,,,,0.290183,1.659451,0.145233,0.130882,1.910,0.458
forward,4,12.8078,1.5044,0.2000,0.75000,1678.009,1353,increasing,rolling,1414.320,1141,1414.219,-5.165,0,0,1783746505.826717615,1.818007,0.549241,0.457312,0.205063,,,,0.290183,1.659451,0.145233,0.130882,1.910,0.458
forward,4,12.8294,1.5260,0.2000,0.75000,1678.009,1353,increasing,rolling,1414.320,1141,1414.219,-5.165,0,0,1783746505.826717615,1.818007,0.549241,0.457312,0.205063,,,,0.290183,1.659451,0.145233,0.130882,1.910,0.458
forward,4,12.8511,1.5477,0.2000,0.75000,1678.009,1353,increasing,rolling,1414.320,1141,1414.219,-5.165,0,0,1783746505.826717615,1.818007,0.549241,0.457312,0.205063,,,,0.290183,1.659451,0.145233,0.130882,1.910,0.458
forward,4,12.8726,1.5692,0.2000,0.75000,1678.009,1353,increasing,rolling,1414.320,1141,1414.219,-5.165,0,0,1783746505.826717615,1.818007,0.549241,0.457312,0.205063,,,,0.290183,1.659451,0.145233,0.130882,1.935,0.423
forward,4,12.8760,1.5726,0.2000,0.75000,1678.009,1353,increasing,rolling,1414.893,1141,1414.307,-5.077,1,16,1783746505.927127361,1.850194,0.552809,0.480524,0.229302,0.0303255,0.0232124,0.7654393,0.320509,1.689776,0.175559,0.154095,1.935,0.423
forward,4,12.8964,1.5930,0.2000,0.75000,1678.009,1353,increasing,rolling,1414.893,1141,1414.307,-5.077,0,0,1783746505.927127361,1.850194,0.552809,0.480524,0.229302,,,,0.320509,1.689776,0.175559,0.154095,1.935,0.423
forward,4,12.9180,1.6146,0.2000,0.75000,1678.009,1353,increasing,rolling,1414.893,1141,1414.307,-5.077,0,0,1783746505.927127361,1.850194,0.552809,0.480524,0.229302,,,,0.320509,1.689776,0.175559,0.154095,1.935,0.423
forward,4,12.9395,1.6361,0.2000,0.75000,1678.009,1353,increasing,rolling,1414.893,1141,1414.307,-5.077,0,0,1783746505.927127361,1.850194,0.552809,0.480524,0.229302,,,,0.320509,1.689776,0.175559,0.154095,1.935,0.423
forward,4,12.9610,1.6576,0.2000,0.75000,1678.009,1353,increasing,rolling,1414.893,1141,1414.307,-5.077,0,0,1783746505.927127361,1.850194,0.552809,0.480524,0.229302,,,,0.320509,1.689776,0.175559,0.154095,2.007,0.411
forward,4,12.9764,1.6730,0.2000,0.75000,1678.009,1353,increasing,rolling,1414.893,1141,1414.307,-5.077,0,0,1783746505.927127361,1.850194,0.552809,0.480524,0.229302,,,,0.320509,1.689776,0.175559,0.154095,2.007,0.411
forward,4,12.9983,1.6949,0.2000,0.75000,1678.009,1353,increasing,rolling,1415.594,1142,1414.476,-4.908,1,17,1783746506.027443647,1.877739,0.572751,0.500747,0.255940,0.0336918,0.0202230,0.6002347,0.354201,1.723468,0.209251,0.174318,2.007,0.411
forward,4,13.0002,1.6968,0.2000,0.75000,1678.009,1353,increasing,rolling,1415.594,1142,1414.476,-4.908,0,0,1783746506.027443647,1.877739,0.572751,0.500747,0.255940,,,,0.354201,1.723468,0.209251,0.174318,2.007,0.411
forward,4,13.0218,1.7184,0.2000,0.75000,1678.009,1353,increasing,rolling,1415.594,1142,1414.476,-4.908,0,0,1783746506.027443647,1.877739,0.572751,0.500747,0.255940,,,,0.354201,1.723468,0.209251,0.174318,2.007,0.411
forward,4,13.0433,1.7399,0.2000,0.75000,1678.009,1353,increasing,rolling,1415.594,1142,1414.476,-4.908,0,0,1783746506.027443647,1.877739,0.572751,0.500747,0.255940,,,,0.354201,1.723468,0.209251,0.174318,2.007,0.411
forward,4,13.0649,1.7615,0.2000,0.75000,1678.009,1353,increasing,rolling,1415.594,1142,1414.476,-4.908,0,0,1783746506.027443647,1.877739,0.572751,0.500747,0.255940,,,,0.354201,1.723468,0.209251,0.174318,2.030,0.436
forward,4,13.0767,1.7734,0.2000,0.75000,1678.009,1353,increasing,rolling,1415.412,1141,1414.598,-4.786,1,18,1783746506.127792835,1.890027,0.590918,0.513243,0.240693,0.0195632,0.0124955,0.6387259,0.373764,1.743031,0.228814,0.186813,2.030,0.436
forward,4,13.0939,1.7905,0.2000,0.75000,1678.009,1353,increasing,rolling,1415.412,1141,1414.598,-4.786,0,0,1783746506.127792835,1.890027,0.590918,0.513243,0.240693,,,,0.373764,1.743031,0.228814,0.186813,2.030,0.436
forward,4,13.1156,1.8122,0.2000,0.75000,1678.009,1353,increasing,rolling,1415.412,1141,1414.598,-4.786,0,0,1783746506.127792835,1.890027,0.590918,0.513243,0.240693,,,,0.373764,1.743031,0.228814,0.186813,2.030,0.436
forward,4,13.1371,1.8337,0.2000,0.75000,1678.009,1353,increasing,rolling,1415.412,1141,1414.598,-4.786,0,0,1783746506.127792835,1.890027,0.590918,0.513243,0.240693,,,,0.373764,1.743031,0.228814,0.186813,2.030,0.436
forward,4,13.1586,1.8553,0.2000,0.75000,1678.009,1353,increasing,rolling,1415.412,1141,1414.598,-4.786,0,0,1783746506.127792835,1.890027,0.590918,0.513243,0.240693,,,,0.373764,1.743031,0.228814,0.186813,2.055,0.461
forward,4,13.1773,1.8739,0.2000,0.75000,1678.009,1353,increasing,rolling,1415.005,1141,1414.651,-4.733,1,19,1783746506.228133917,1.899957,0.603567,0.528809,0.217665,0.0149089,0.0155665,1.0441062,0.388673,1.757940,0.243723,0.202380,2.055,0.461
forward,4,13.1920,1.8886,0.2000,0.75000,1678.009,1353,increasing,rolling,1415.005,1141,1414.651,-4.733,0,0,1783746506.228133917,1.899957,0.603567,0.528809,0.217665,,,,0.388673,1.757940,0.243723,0.202380,2.055,0.461
forward,4,13.2137,1.9103,0.2000,0.75000,1678.009,1353,increasing,rolling,1415.005,1141,1414.651,-4.733,0,0,1783746506.228133917,1.899957,0.603567,0.528809,0.217665,,,,0.388673,1.757940,0.243723,0.202380,2.055,0.461
forward,4,13.2353,1.9319,0.2000,0.75000,1678.009,1353,increasing,rolling,1415.005,1141,1414.651,-4.733,0,0,1783746506.228133917,1.899957,0.603567,0.528809,0.217665,,,,0.388673,1.757940,0.243723,0.202380,2.055,0.461
forward,4,13.2568,1.9535,0.2000,0.75000,1678.009,1353,increasing,rolling,1415.005,1141,1414.651,-4.733,0,0,1783746506.228133917,1.899957,0.603567,0.528809,0.217665,,,,0.388673,1.757940,0.243723,0.202380,2.076,0.672
forward,4,13.2774,1.9740,0.2000,0.75000,1678.009,1353,increasing,rolling,1414.804,1141,1414.671,-4.713,1,20,1783746506.328640461,1.917607,0.608013,0.546085,0.206624,0.0174378,0.0172755,0.9906952,0.406111,1.775378,0.261161,0.219655,2.076,0.672
forward,4,13.2989,1.9955,0.2000,0.75000,1678.009,1353,increasing,rolling,1414.804,1141,1414.671,-4.713,0,0,1783746506.328640461,1.917607,0.608013,0.546085,0.206624,,,,0.406111,1.775378,0.261161,0.219655,2.076,0.672
forward,4,13.3206,2.0172,0.2000,0.75000,1678.009,1353,increasing,rolling,1414.804,1141,1414.671,-4.713,0,0,1783746506.328640461,1.917607,0.608013,0.546085,0.206624,,,,0.406111,1.775378,0.261161,0.219655,2.076,0.672
forward,4,13.3422,2.0388,0.2000,0.75000,1678.009,1353,increasing,rolling,1414.804,1141,1414.671,-4.713,0,0,1783746506.328640461,1.917607,0.608013,0.546085,0.206624,,,,0.406111,1.775378,0.261161,0.219655,2.076,0.672
forward,4,13.3638,2.0604,0.2000,0.75000,1678.009,1353,increasing,rolling,1414.804,1141,1414.671,-4.713,0,0,1783746506.328640461,1.917607,0.608013,0.546085,0.206624,,,,0.406111,1.775378,0.261161,0.219655,2.099,0.676
forward,4,13.3782,2.0748,0.2000,0.75000,1678.009,1353,increasing,rolling,1414.922,1141,1414.704,-4.680,1,21,1783746506.428761244,1.937262,0.618830,0.565226,0.210909,0.0224037,0.0191411,0.8543718,0.428514,1.797782,0.283564,0.238796,2.099,0.676
forward,4,13.3917,2.0883,0.2000,0.75000,1678.009,1353,increasing,rolling,1414.922,1141,1414.704,-4.680,0,0,1783746506.428761244,1.937262,0.618830,0.565226,0.210909,,,,0.428514,1.797782,0.283564,0.238796,2.099,0.676
forward,4,13.4135,2.1101,0.2000,0.75000,1678.009,1353,increasing,rolling,1414.922,1141,1414.704,-4.680,0,0,1783746506.428761244,1.937262,0.618830,0.565226,0.210909,,,,0.428514,1.797782,0.283564,0.238796,2.099,0.676
forward,4,13.4351,2.1317,0.2000,0.75000,1678.009,1353,increasing,rolling,1414.922,1141,1414.704,-4.680,0,0,1783746506.428761244,1.937262,0.618830,0.565226,0.210909,,,,0.428514,1.797782,0.283564,0.238796,2.099,0.676
forward,4,13.4566,2.1532,0.2000,0.75000,1678.009,1353,increasing,rolling,1414.922,1141,1414.704,-4.680,0,0,1783746506.428761244,1.937262,0.618830,0.565226,0.210909,,,,0.428514,1.797782,0.283564,0.238796,2.122,0.687
forward,4,13.4761,2.1727,0.2000,0.75000,1678.009,1353,increasing,rolling,1414.967,1141,1414.738,-4.645,1,22,1783746506.529341698,1.956661,0.628278,0.584104,0.211419,0.0214185,0.0188776,0.8813699,0.449933,1.819200,0.304983,0.257674,2.122,0.687
forward,4,13.4894,2.1860,0.2000,0.75000,1678.009,1353,increasing,rolling,1414.967,1141,1414.738,-4.645,0,0,1783746506.529341698,1.956661,0.628278,0.584104,0.211419,,,,0.449933,1.819200,0.304983,0.257674,2.122,0.687
forward,4,13.5110,2.2076,0.2000,0.75000,1678.009,1353,increasing,rolling,1414.967,1141,1414.738,-4.645,0,0,1783746506.529341698,1.956661,0.628278,0.584104,0.211419,,,,0.449933,1.819200,0.304983,0.257674,2.122,0.687
forward,4,13.5326,2.2292,0.2000,0.75000,1678.009,1353,increasing,rolling,1414.967,1141,1414.738,-4.645,0,0,1783746506.529341698,1.956661,0.628278,0.584104,0.211419,,,,0.449933,1.819200,0.304983,0.257674,2.122,0.687
forward,4,13.5543,2.2509,0.2000,0.75000,1678.009,1353,increasing,rolling,1414.967,1141,1414.738,-4.645,0,0,1783746506.529341698,1.956661,0.628278,0.584104,0.211419,,,,0.449933,1.819200,0.304983,0.257674,2.140,0.612
forward,4,13.5763,2.2730,0.2000,0.75000,1678.009,1353,increasing,rolling,1415.162,1141,1414.793,-4.591,1,23,1783746506.627369881,1.977187,0.639847,0.600164,0.218468,0.0234888,0.0160605,0.6837497,0.473422,1.842689,0.328472,0.273734,2.140,0.612
forward,5,13.5902,0.0000,0.2000,-0.75000,1207.262,974,decreasing,rolling,1415.162,1141,1414.793,-4.591,0,0,1783746506.627369881,1.977187,0.639847,0.600164,0.218468,,,,0.000000,1.842689,0.000000,0.000000,2.140,0.612
forward,5,13.6120,0.0218,0.2000,-0.75000,1207.262,974,decreasing,rolling,1415.162,1141,1414.793,-4.591,0,0,1783746506.627369881,1.977187,0.639847,0.600164,0.218468,,,,0.000000,1.842689,0.000000,0.000000,2.140,0.612
forward,5,13.6336,0.0434,0.2000,-0.75000,1207.262,974,decreasing,rolling,1415.162,1141,1414.793,-4.591,0,0,1783746506.627369881,1.977187,0.639847,0.600164,0.218468,,,,0.000000,1.842689,0.000000,0.000000,2.140,0.612
forward,5,13.6553,0.0651,0.2000,-0.75000,1207.262,974,decreasing,rolling,1415.162,1141,1414.793,-4.591,0,0,1783746506.627369881,1.977187,0.639847,0.600164,0.218468,,,,0.000000,1.842689,0.000000,0.000000,2.154,0.455
forward,5,13.6766,0.0864,0.2000,-0.75000,1207.262,974,decreasing,rolling,1414.636,1141,1414.772,-4.611,1,1,1783746506.727575779,1.988274,0.644508,0.614837,0.193199,0.0117635,0.0146729,1.2473240,0.011763,1.854452,0.000000,0.000000,2.154,0.455
forward,5,13.6933,0.1031,0.2000,-0.75000,1207.262,974,decreasing,rolling,1414.636,1141,1414.772,-4.611,0,0,1783746506.727575779,1.988274,0.644508,0.614837,0.193199,,,,0.011763,1.854452,0.000000,0.000000,2.154,0.455
forward,5,13.7149,0.1247,0.2000,-0.75000,1207.262,974,decreasing,rolling,1414.636,1141,1414.772,-4.611,0,0,1783746506.727575779,1.988274,0.644508,0.614837,0.193199,,,,0.011763,1.854452,0.000000,0.000000,2.154,0.455
forward,5,13.7366,0.1464,0.2000,-0.75000,1207.262,974,decreasing,rolling,1414.636,1141,1414.772,-4.611,0,0,1783746506.727575779,1.988274,0.644508,0.614837,0.193199,,,,0.011763,1.854452,0.000000,0.000000,2.154,0.455
forward,5,13.7581,0.1680,0.2000,-0.75000,1207.262,974,decreasing,rolling,1414.636,1141,1414.772,-4.611,0,0,1783746506.727575779,1.988274,0.644508,0.614837,0.193199,,,,0.011763,1.854452,0.000000,0.000000,1.875,0.310
forward,5,13.7772,0.1871,0.2000,-0.75000,1207.262,974,decreasing,rolling,1414.409,1141,1414.725,-4.659,1,2,1783746506.827953577,2.006456,0.646128,0.614607,0.184220,0.0157878,-0.0002302,-0.0145827,0.027551,1.870240,0.000000,0.000000,1.875,0.310
forward,5,13.7989,0.2087,0.2000,-0.75000,1207.262,974,decreasing,rolling,1414.409,1141,1414.725,-4.659,0,0,1783746506.827953577,2.006456,0.646128,0.614607,0.184220,,,,0.027551,1.870240,0.000000,0.000000,1.875,0.310
forward,5,13.8205,0.2304,0.2000,-0.75000,1207.262,974,decreasing,rolling,1414.409,1141,1414.725,-4.659,0,0,1783746506.827953577,2.006456,0.646128,0.614607,0.184220,,,,0.027551,1.870240,0.000000,0.000000,1.875,0.310
forward,5,13.8421,0.2520,0.2000,-0.75000,1207.262,974,decreasing,rolling,1414.409,1141,1414.725,-4.659,0,0,1783746506.827953577,2.006456,0.646128,0.614607,0.184220,,,,0.027551,1.870240,0.000000,0.000000,1.875,0.310
forward,5,13.8637,0.2735,0.2000,-0.75000,1207.262,974,decreasing,rolling,1414.409,1141,1414.725,-4.659,0,0,1783746506.827953577,2.006456,0.646128,0.614607,0.184220,,,,0.027551,1.870240,0.000000,0.000000,2.175,0.329
forward,5,13.8747,0.2846,0.2000,-0.75000,1207.262,974,decreasing,rolling,1413.867,1140,1414.612,-4.771,1,3,1783746506.928556204,2.015500,0.650452,0.607489,0.162740,0.0098891,-0.0071181,-0.7197893,0.037440,1.880129,0.000000,0.000000,2.175,0.329
forward,5,13.8915,0.3013,0.2000,-0.75000,1207.262,974,decreasing,rolling,1413.867,1140,1414.612,-4.771,0,0,1783746506.928556204,2.015500,0.650452,0.607489,0.162740,,,,0.037440,1.880129,0.000000,0.000000,2.175,0.329
forward,5,13.9131,0.3230,0.2000,-0.75000,1207.262,974,decreasing,rolling,1413.867,1140,1414.612,-4.771,0,0,1783746506.928556204,2.015500,0.650452,0.607489,0.162740,,,,0.037440,1.880129,0.000000,0.000000,2.175,0.329
forward,5,13.9347,0.3445,0.2000,-0.75000,1207.262,974,decreasing,rolling,1413.867,1140,1414.612,-4.771,0,0,1783746506.928556204,2.015500,0.650452,0.607489,0.162740,,,,0.037440,1.880129,0.000000,0.000000,2.175,0.329
forward,5,13.9562,0.3660,0.2000,-0.75000,1207.262,974,decreasing,rolling,1413.867,1140,1414.612,-4.771,0,0,1783746506.928556204,2.015500,0.650452,0.607489,0.162740,,,,0.037440,1.880129,0.000000,0.000000,2.191,0.329
forward,5,13.9750,0.3849,0.2000,-0.75000,1207.262,974,decreasing,rolling,1413.779,1140,1414.506,-4.878,1,4,1783746507.026136398,2.024899,0.665423,0.598954,0.163643,0.0162327,-0.0085343,-0.5257444,0.053673,1.896362,0.000000,0.000000,2.191,0.329
forward,5,13.9935,0.4033,0.2000,-0.75000,1207.262,974,decreasing,rolling,1413.779,1140,1414.506,-4.878,0,0,1783746507.026136398,2.024899,0.665423,0.598954,0.163643,,,,0.053673,1.896362,0.000000,0.000000,2.191,0.329
forward,5,14.0151,0.4249,0.2000,-0.75000,1207.262,974,decreasing,rolling,1413.779,1140,1414.506,-4.878,0,0,1783746507.026136398,2.024899,0.665423,0.598954,0.163643,,,,0.053673,1.896362,0.000000,0.000000,2.191,0.329
forward,5,14.0367,0.4465,0.2000,-0.75000,1207.262,974,decreasing,rolling,1413.779,1140,1414.506,-4.878,0,0,1783746507.026136398,2.024899,0.665423,0.598954,0.163643,,,,0.053673,1.896362,0.000000,0.000000,2.191,0.329
forward,5,14.0583,0.4682,0.2000,-0.75000,1207.262,974,decreasing,rolling,1413.779,1140,1414.506,-4.878,0,0,1783746507.026136398,2.024899,0.665423,0.598954,0.163643,,,,0.053673,1.896362,0.000000,0.000000,2.204,0.310
forward,5,14.0754,0.4853,0.2000,-0.75000,1207.262,974,decreasing,rolling,1413.676,1140,1414.397,-4.986,1,5,1783746507.126379013,2.040541,0.671755,0.586853,0.163909,0.0165105,-0.0121011,-0.7329311,0.070184,1.912872,0.000000,0.000000,2.204,0.310
forward,5,14.0952,0.5051,0.2000,-0.75000,1207.262,974,decreasing,rolling,1413.676,1140,1414.397,-4.986,0,0,1783746507.126379013,2.040541,0.671755,0.586853,0.163909,,,,0.070184,1.912872,0.000000,0.000000,2.204,0.310
forward,5,14.1170,0.5269,0.2000,-0.75000,1207.262,974,decreasing,rolling,1413.676,1140,1414.397,-4.986,0,0,1783746507.126379013,2.040541,0.671755,0.586853,0.163909,,,,0.070184,1.912872,0.000000,0.000000,2.204,0.310
forward,5,14.1386,0.5485,0.2000,-0.75000,1207.262,974,decreasing,rolling,1413.676,1140,1414.397,-4.986,0,0,1783746507.126379013,2.040541,0.671755,0.586853,0.163909,,,,0.070184,1.912872,0.000000,0.000000,2.204,0.310
forward,5,14.1604,0.5702,0.2000,-0.75000,1207.262,974,decreasing,rolling,1413.676,1140,1414.397,-4.986,0,0,1783746507.126379013,2.040541,0.671755,0.586853,0.163909,,,,0.070184,1.912872,0.000000,0.000000,2.221,0.301
forward,5,14.1732,0.5830,0.2000,-0.75000,1207.262,974,decreasing,rolling,1413.459,1140,1414.274,-5.109,1,6,1783746507.226847172,2.047952,0.687061,0.573141,0.159230,0.0145872,-0.0137119,-0.9399946,0.084771,1.927460,0.000000,0.000000,2.221,0.301
forward,5,14.1918,0.6016,0.2000,-0.75000,1207.262,974,decreasing,rolling,1413.459,1140,1414.274,-5.109,0,0,1783746507.226847172,2.047952,0.687061,0.573141,0.159230,,,,0.084771,1.927460,0.000000,0.000000,2.221,0.301
forward,5,14.2134,0.6232,0.2000,-0.75000,1207.262,974,decreasing,rolling,1413.459,1140,1414.274,-5.109,0,0,1783746507.226847172,2.047952,0.687061,0.573141,0.159230,,,,0.084771,1.927460,0.000000,0.000000,2.221,0.301
forward,5,14.2350,0.6448,0.2000,-0.75000,1207.262,974,decreasing,rolling,1413.459,1140,1414.274,-5.109,0,0,1783746507.226847172,2.047952,0.687061,0.573141,0.159230,,,,0.084771,1.927460,0.000000,0.000000,2.221,0.301
forward,5,14.2565,0.6663,0.2000,-0.75000,1207.262,974,decreasing,rolling,1413.459,1140,1414.274,-5.109,0,0,1783746507.226847172,2.047952,0.687061,0.573141,0.159230,,,,0.084771,1.927460,0.000000,0.000000,2.239,0.331
forward,5,14.2736,0.6834,0.2000,-0.75000,1207.262,974,decreasing,rolling,1413.551,1140,1414.182,-5.202,1,7,1783746507.324778557,2.064070,0.697522,0.555891,0.168471,0.0192138,-0.0172505,-0.8978182,0.103985,1.946673,0.000000,0.000000,2.239,0.331
forward,5,14.2933,0.7031,0.2000,-0.75000,1207.262,974,decreasing,rolling,1413.551,1140,1414.182,-5.202,0,0,1783746507.324778557,2.064070,0.697522,0.555891,0.168471,,,,0.103985,1.946673,0.000000,0.000000,2.239,0.331
forward,5,14.3150,0.7248,0.2000,-0.75000,1207.262,974,decreasing,rolling,1413.551,1140,1414.182,-5.202,0,0,1783746507.324778557,2.064070,0.697522,0.555891,0.168471,,,,0.103985,1.946673,0.000000,0.000000,2.239,0.331
forward,5,14.3366,0.7464,0.2000,-0.75000,1207.262,974,decreasing,rolling,1413.551,1140,1414.182,-5.202,0,0,1783746507.324778557,2.064070,0.697522,0.555891,0.168471,,,,0.103985,1.946673,0.000000,0.000000,2.239,0.331
forward,5,14.3582,0.7680,0.2000,-0.75000,1207.262,974,decreasing,rolling,1413.551,1140,1414.182,-5.202,0,0,1783746507.324778557,2.064070,0.697522,0.555891,0.168471,,,,0.103985,1.946673,0.000000,0.000000,2.127,0.345
forward,5,14.3741,0.7840,0.2000,-0.75000,1207.262,974,decreasing,rolling,1413.659,1140,1414.113,-5.270,1,8,1783746507.425121069,2.080875,0.709220,0.544130,0.177282,0.0204413,-0.0117607,-0.5753423,0.124426,1.967115,0.020441,-0.011761,2.127,0.345
forward,5,14.3901,0.7999,0.2000,-0.75000,1207.262,974,decreasing,rolling,1413.659,1140,1414.113,-5.270,0,0,1783746507.425121069,2.080875,0.709220,0.544130,0.177282,,,,0.124426,1.967115,0.020441,-0.011761,2.127,0.345
forward,5,14.4117,0.8215,0.2000,-0.75000,1207.262,974,decreasing,rolling,1413.659,1140,1414.113,-5.270,0,0,1783746507.425121069,2.080875,0.709220,0.544130,0.177282,,,,0.124426,1.967115,0.020441,-0.011761,2.127,0.345
forward,5,14.4334,0.8432,0.2000,-0.75000,1207.262,974,decreasing,rolling,1413.659,1140,1414.113,-5.270,0,0,1783746507.425121069,2.080875,0.709220,0.544130,0.177282,,,,0.124426,1.967115,0.020441,-0.011761,2.127,0.345
forward,5,14.4550,0.8648,0.2000,-0.75000,1207.262,974,decreasing,rolling,1413.659,1140,1414.113,-5.270,0,0,1783746507.425121069,2.080875,0.709220,0.544130,0.177282,,,,0.124426,1.967115,0.020441,-0.011761,2.102,0.334
forward,5,14.4720,0.8818,0.2000,-0.75000,1207.262,974,decreasing,rolling,1413.827,1140,1414.076,-5.308,1,9,1783746507.525461674,2.099430,0.720887,0.526934,0.187551,0.0219101,-0.0171964,-0.7848609,0.146336,1.989025,0.042351,-0.028957,2.102,0.334
forward,5,14.4914,0.9012,0.2000,-0.75000,1207.262,974,decreasing,rolling,1413.827,1140,1414.076,-5.308,0,0,1783746507.525461674,2.099430,0.720887,0.526934,0.187551,,,,0.146336,1.989025,0.042351,-0.028957,2.102,0.334
forward,5,14.5130,0.9229,0.2000,-0.75000,1207.262,974,decreasing,rolling,1413.827,1140,1414.076,-5.308,0,0,1783746507.525461674,2.099430,0.720887,0.526934,0.187551,,,,0.146336,1.989025,0.042351,-0.028957,2.102,0.334
forward,5,14.5346,0.9444,0.2000,-0.75000,1207.262,974,decreasing,rolling,1413.827,1140,1414.076,-5.308,0,0,1783746507.525461674,2.099430,0.720887,0.526934,0.187551,,,,0.146336,1.989025,0.042351,-0.028957,2.102,0.334
forward,5,14.5562,0.9660,0.2000,-0.75000,1207.262,974,decreasing,rolling,1413.827,1140,1414.076,-5.308,0,0,1783746507.525461674,2.099430,0.720887,0.526934,0.187551,,,,0.146336,1.989025,0.042351,-0.028957,2.111,0.319
forward,5,14.5739,0.9838,0.2000,-0.75000,1207.262,974,decreasing,rolling,1413.949,1140,1414.060,-5.324,1,10,1783746507.623425961,2.117874,0.731090,0.507760,0.194450,0.0210768,-0.0191743,-0.9097326,0.167413,2.010102,0.063428,-0.048131,2.111,0.319
forward,5,14.5870,0.9969,0.2000,-0.75000,1207.262,974,decreasing,rolling,1413.949,1140,1414.060,-5.324,0,0,1783746507.623425961,2.117874,0.731090,0.507760,0.194450,,,,0.167413,2.010102,0.063428,-0.048131,2.111,0.319
forward,5,14.6089,1.0188,0.2000,-0.75000,1207.262,974,decreasing,rolling,1413.949,1140,1414.060,-5.324,0,0,1783746507.623425961,2.117874,0.731090,0.507760,0.194450,,,,0.167413,2.010102,0.063428,-0.048131,2.111,0.319
forward,5,14.6308,1.0406,0.2000,-0.75000,1207.262,974,decreasing,rolling,1413.949,1140,1414.060,-5.324,0,0,1783746507.623425961,2.117874,0.731090,0.507760,0.194450,,,,0.167413,2.010102,0.063428,-0.048131,2.111,0.319
forward,5,14.6525,1.0623,0.2000,-0.75000,1207.262,974,decreasing,rolling,1413.949,1140,1414.060,-5.324,0,0,1783746507.623425961,2.117874,0.731090,0.507760,0.194450,,,,0.167413,2.010102,0.063428,-0.048131,2.146,0.299
forward,5,14.6728,1.0826,0.2000,-0.75000,1207.262,974,decreasing,rolling,1414.270,1141,1414.087,-5.296,1,11,1783746507.724193096,2.139843,0.744102,0.488815,0.209143,0.0255162,-0.0189441,-0.7424332,0.192929,2.035618,0.088944,-0.067075,2.146,0.299
forward,5,14.6842,1.0941,0.2000,-0.75000,1207.262,974,decreasing,rolling,1414.270,1141,1414.087,-5.296,0,0,1783746507.724193096,2.139843,0.744102,0.488815,0.209143,,,,0.192929,2.035618,0.088944,-0.067075,2.146,0.299
forward,5,14.7059,1.1157,0.2000,-0.75000,1207.262,974,decreasing,rolling,1414.270,1141,1414.087,-5.296,0,0,1783746507.724193096,2.139843,0.744102,0.488815,0.209143,,,,0.192929,2.035618,0.088944,-0.067075,2.146,0.299
forward,5,14.7274,1.1372,0.2000,-0.75000,1207.262,974,decreasing,rolling,1414.270,1141,1414.087,-5.296,0,0,1783746507.724193096,2.139843,0.744102,0.488815,0.209143,,,,0.192929,2.035618,0.088944,-0.067075,2.146,0.299
forward,5,14.7493,1.1592,0.2000,-0.75000,1207.262,974,decreasing,rolling,1414.270,1141,1414.087,-5.296,0,0,1783746507.724193096,2.139843,0.744102,0.488815,0.209143,,,,0.192929,2.035618,0.088944,-0.067075,2.146,0.299
forward,5,14.7713,1.1812,0.2000,-0.75000,1207.262,974,decreasing,rolling,1414.270,1141,1414.087,-5.296,0,0,1783746507.724193096,2.139843,0.744102,0.488815,0.209143,,,,0.192929,2.035618,0.088944,-0.067075,2.151,0.280
forward,5,14.7739,1.1838,0.2000,-0.75000,1207.262,974,decreasing,rolling,1414.417,1141,1414.130,-5.253,1,12,1783746507.824177504,2.159512,0.756102,0.471857,0.214337,0.0229885,-0.0169580,-0.7376713,0.215918,2.058606,0.111933,-0.084033,2.151,0.280
forward,5,14.7878,1.1976,0.2000,-0.75000,1207.262,974,decreasing,rolling,1414.417,1141,1414.130,-5.253,0,0,1783746507.824177504,2.159512,0.756102,0.471857,0.214337,,,,0.215918,2.058606,0.111933,-0.084033,2.151,0.280
forward,5,14.8095,1.2193,0.2000,-0.75000,1207.262,974,decreasing,rolling,1414.417,1141,1414.130,-5.253,0,0,1783746507.824177504,2.159512,0.756102,0.471857,0.214337,,,,0.215918,2.058606,0.111933,-0.084033,2.151,0.280
forward,5,14.8311,1.2409,0.2000,-0.75000,1207.262,974,decreasing,rolling,1414.417,1141,1414.130,-5.253,0,0,1783746507.824177504,2.159512,0.756102,0.471857,0.214337,,,,0.215918,2.058606,0.111933,-0.084033,2.151,0.280
forward,5,14.8526,1.2625,0.2000,-0.75000,1207.262,974,decreasing,rolling,1414.417,1141,1414.130,-5.253,0,0,1783746507.824177504,2.159512,0.756102,0.471857,0.214337,,,,0.215918,2.058606,0.111933,-0.084033,2.180,0.273
forward,5,14.8711,1.2809,0.2000,-0.75000,1207.262,974,decreasing,rolling,1414.366,1141,1414.161,-5.223,1,13,1783746507.924695015,2.175530,0.768552,0.453698,0.210225,0.0198911,-0.0181598,-0.9129634,0.235809,2.078497,0.131824,-0.102193,2.180,0.273
forward,5,14.8802,1.2900,0.2000,-0.75000,1207.262,974,decreasing,rolling,1414.366,1141,1414.161,-5.223,0,0,1783746507.924695015,2.175530,0.768552,0.453698,0.210225,,,,0.235809,2.078497,0.131824,-0.102193,2.180,0.273
forward,5,14.9018,1.3117,0.2000,-0.75000,1207.262,974,decreasing,rolling,1414.366,1141,1414.161,-5.223,0,0,1783746507.924695015,2.175530,0.768552,0.453698,0.210225,,,,0.235809,2.078497,0.131824,-0.102193,2.180,0.273
forward,5,14.9234,1.3332,0.2000,-0.75000,1207.262,974,decreasing,rolling,1414.366,1141,1414.161,-5.223,0,0,1783746507.924695015,2.175530,0.768552,0.453698,0.210225,,,,0.235809,2.078497,0.131824,-0.102193,2.180,0.273
forward,5,14.9449,1.3547,0.2000,-0.75000,1207.262,974,decreasing,rolling,1414.366,1141,1414.161,-5.223,0,0,1783746507.924695015,2.175530,0.768552,0.453698,0.210225,,,,0.235809,2.078497,0.131824,-0.102193,2.180,0.273
forward,5,14.9664,1.3762,0.2000,-0.75000,1207.262,974,decreasing,rolling,1414.366,1141,1414.161,-5.223,0,0,1783746507.924695015,2.175530,0.768552,0.453698,0.210225,,,,0.235809,2.078497,0.131824,-0.102193,2.195,0.280
forward,5,14.9717,1.3816,0.2000,-0.75000,1207.262,974,decreasing,rolling,1414.463,1141,1414.200,-5.184,1,14,1783746508.022590399,2.193820,0.780675,0.433907,0.213146,0.0217240,-0.0197911,-0.9110231,0.257533,2.100222,0.153548,-0.121984,2.195,0.280
forward,5,14.9867,1.3966,0.2000,-0.75000,1207.262,974,decreasing,rolling,1414.463,1141,1414.200,-5.184,0,0,1783746508.022590399,2.193820,0.780675,0.433907,0.213146,,,,0.257533,2.100222,0.153548,-0.121984,2.195,0.280
forward,5,15.0084,1.4183,0.2000,-0.75000,1207.262,974,decreasing,rolling,1414.463,1141,1414.200,-5.184,0,0,1783746508.022590399,2.193820,0.780675,0.433907,0.213146,,,,0.257533,2.100222,0.153548,-0.121984,2.195,0.280
forward,5,15.0301,1.4399,0.2000,-0.75000,1207.262,974,decreasing,rolling,1414.463,1141,1414.200,-5.184,0,0,1783746508.022590399,2.193820,0.780675,0.433907,0.213146,,,,0.257533,2.100222,0.153548,-0.121984,2.195,0.280
forward,5,15.0517,1.4616,0.2000,-0.75000,1207.262,974,decreasing,rolling,1414.463,1141,1414.200,-5.184,0,0,1783746508.022590399,2.193820,0.780675,0.433907,0.213146,,,,0.257533,2.100222,0.153548,-0.121984,2.212,0.303
forward,5,15.0718,1.4817,0.2000,-0.75000,1207.262,974,decreasing,rolling,1414.463,1141,1414.200,-5.184,0,0,1783746508.022590399,2.193820,0.780675,0.433907,0.213146,,,,0.257533,2.100222,0.153548,-0.121984,2.212,0.303
forward,5,15.0936,1.5035,0.2000,-0.75000,1207.262,974,decreasing,rolling,1414.353,1141,1414.220,-5.164,1,15,1783746508.123202801,2.209266,0.792220,0.414847,0.206646,0.0188291,-0.0190598,-1.0122489,0.276362,2.119051,0.172377,-0.141044,2.212,0.303
forward,5,15.0955,1.5054,0.2000,-0.75000,1207.262,974,decreasing,rolling,1414.353,1141,1414.220,-5.164,0,0,1783746508.123202801,2.209266,0.792220,0.414847,0.206646,,,,0.276362,2.119051,0.172377,-0.141044,2.212,0.303
forward,5,15.1173,1.5271,0.2000,-0.75000,1207.262,974,decreasing,rolling,1414.353,1141,1414.220,-5.164,0,0,1783746508.123202801,2.209266,0.792220,0.414847,0.206646,,,,0.276362,2.119051,0.172377,-0.141044,2.212,0.303
forward,5,15.1389,1.5487,0.2000,-0.75000,1207.262,974,decreasing,rolling,1414.353,1141,1414.220,-5.164,0,0,1783746508.123202801,2.209266,0.792220,0.414847,0.206646,,,,0.276362,2.119051,0.172377,-0.141044,2.212,0.303
forward,5,15.1604,1.5703,0.2000,-0.75000,1207.262,974,decreasing,rolling,1414.353,1141,1414.220,-5.164,0,0,1783746508.123202801,2.209266,0.792220,0.414847,0.206646,,,,0.276362,2.119051,0.172377,-0.141044,2.230,0.312
forward,5,15.1724,1.5822,0.2000,-0.75000,1207.262,974,decreasing,rolling,1415.062,1141,1414.330,-5.054,1,16,1783746508.223266363,2.241411,0.800148,0.395397,0.236601,0.0326675,-0.0194500,-0.5953909,0.309029,2.151718,0.205045,-0.160494,2.230,0.312
forward,5,15.1845,1.5943,0.2000,-0.75000,1207.262,974,decreasing,rolling,1415.062,1141,1414.330,-5.054,0,0,1783746508.223266363,2.241411,0.800148,0.395397,0.236601,,,,0.309029,2.151718,0.205045,-0.160494,2.230,0.312
forward,5,15.2061,1.6159,0.2000,-0.75000,1207.262,974,decreasing,rolling,1415.062,1141,1414.330,-5.054,0,0,1783746508.223266363,2.241411,0.800148,0.395397,0.236601,,,,0.309029,2.151718,0.205045,-0.160494,2.230,0.312
forward,5,15.2276,1.6375,0.2000,-0.75000,1207.262,974,decreasing,rolling,1415.062,1141,1414.330,-5.054,0,0,1783746508.223266363,2.241411,0.800148,0.395397,0.236601,,,,0.309029,2.151718,0.205045,-0.160494,2.230,0.312
forward,5,15.2492,1.6590,0.2000,-0.75000,1207.262,974,decreasing,rolling,1415.062,1141,1414.330,-5.054,0,0,1783746508.223266363,2.241411,0.800148,0.395397,0.236601,,,,0.309029,2.151718,0.205045,-0.160494,2.230,0.312
forward,5,15.2708,1.6806,0.2000,-0.75000,1207.262,974,decreasing,rolling,1415.062,1141,1414.330,-5.054,0,0,1783746508.223266363,2.241411,0.800148,0.395397,0.236601,,,,0.309029,2.151718,0.205045,-0.160494,1.633,0.310
forward,5,15.2733,1.6832,0.2000,-0.75000,1207.262,974,decreasing,rolling,1415.224,1141,1414.447,-4.937,1,17,1783746508.323872566,2.264934,0.807895,0.381299,0.238841,0.0247050,-0.0140977,-0.5706409,0.333734,2.176423,0.229750,-0.174592,1.633,0.310
forward,5,15.2881,1.6979,0.2000,-0.75000,1207.262,974,decreasing,rolling,1415.224,1141,1414.447,-4.937,0,0,1783746508.323872566,2.264934,0.807895,0.381299,0.238841,,,,0.333734,2.176423,0.229750,-0.174592,1.633,0.310
forward,5,15.3097,1.7196,0.2000,-0.75000,1207.262,974,decreasing,rolling,1415.224,1141,1414.447,-4.937,0,0,1783746508.323872566,2.264934,0.807895,0.381299,0.238841,,,,0.333734,2.176423,0.229750,-0.174592,1.633,0.310
forward,5,15.3313,1.7411,0.2000,-0.75000,1207.262,974,decreasing,rolling,1415.224,1141,1414.447,-4.937,0,0,1783746508.323872566,2.264934,0.807895,0.381299,0.238841,,,,0.333734,2.176423,0.229750,-0.174592,1.633,0.310
forward,5,15.3528,1.7627,0.2000,-0.75000,1207.262,974,decreasing,rolling,1415.224,1141,1414.447,-4.937,0,0,1783746508.323872566,2.264934,0.807895,0.381299,0.238841,,,,0.333734,2.176423,0.229750,-0.174592,1.643,0.296
forward,5,15.3731,1.7829,0.2000,-0.75000,1207.262,974,decreasing,rolling,1415.162,1141,1414.540,-4.843,1,18,1783746508.424131632,2.284017,0.816304,0.369317,0.231090,0.0208373,-0.0119825,-0.5750492,0.354572,2.197260,0.250587,-0.186574,1.643,0.296
forward,5,15.3901,1.7999,0.2000,-0.75000,1207.262,974,decreasing,rolling,1415.162,1141,1414.540,-4.843,0,0,1783746508.424131632,2.284017,0.816304,0.369317,0.231090,,,,0.354572,2.197260,0.250587,-0.186574,1.643,0.296
forward,5,15.4118,1.8216,0.2000,-0.75000,1207.262,974,decreasing,rolling,1415.162,1141,1414.540,-4.843,0,0,1783746508.424131632,2.284017,0.816304,0.369317,0.231090,,,,0.354572,2.197260,0.250587,-0.186574,1.643,0.296
forward,5,15.4333,1.8432,0.2000,-0.75000,1207.262,974,decreasing,rolling,1415.162,1141,1414.540,-4.843,0,0,1783746508.424131632,2.284017,0.816304,0.369317,0.231090,,,,0.354572,2.197260,0.250587,-0.186574,1.643,0.296
forward,5,15.4548,1.8647,0.2000,-0.75000,1207.262,974,decreasing,rolling,1415.162,1141,1414.540,-4.843,0,0,1783746508.424131632,2.284017,0.816304,0.369317,0.231090,,,,0.354572,2.197260,0.250587,-0.186574,1.645,0.278
forward,5,15.4736,1.8834,0.2000,-0.75000,1207.262,974,decreasing,rolling,1414.213,1140,1414.498,-4.886,1,19,1783746508.524495840,2.287981,0.819943,0.359418,0.185773,0.0050004,-0.0098992,-1.9796799,0.359572,2.202261,0.255587,-0.196473,1.645,0.278
forward,5,15.4858,1.8956,0.2000,-0.75000,1207.262,974,decreasing,rolling,1414.213,1140,1414.498,-4.886,0,0,1783746508.524495840,2.287981,0.819943,0.359418,0.185773,,,,0.359572,2.202261,0.255587,-0.196473,1.645,0.278
forward,5,15.5074,1.9173,0.2000,-0.75000,1207.262,974,decreasing,rolling,1414.213,1140,1414.498,-4.886,0,0,1783746508.524495840,2.287981,0.819943,0.359418,0.185773,,,,0.359572,2.202261,0.255587,-0.196473,1.645,0.278
forward,5,15.5290,1.9388,0.2000,-0.75000,1207.262,974,decreasing,rolling,1414.213,1140,1414.498,-4.886,0,0,1783746508.524495840,2.287981,0.819943,0.359418,0.185773,,,,0.359572,2.202261,0.255587,-0.196473,1.645,0.278
forward,5,15.5506,1.9604,0.2000,-0.75000,1207.262,974,decreasing,rolling,1414.213,1140,1414.498,-4.886,0,0,1783746508.524495840,2.287981,0.819943,0.359418,0.185773,,,,0.359572,2.202261,0.255587,-0.196473,1.645,0.278
forward,5,15.5721,1.9820,0.2000,-0.75000,1207.262,974,decreasing,rolling,1414.213,1140,1414.498,-4.886,0,0,1783746508.524495840,2.287981,0.819943,0.359418,0.185773,,,,0.359572,2.202261,0.255587,-0.196473,1.648,0.271
forward,5,15.5747,1.9845,0.2000,-0.75000,1207.262,974,decreasing,rolling,1413.611,1140,1414.381,-5.002,1,20,1783746508.625095606,2.296603,0.822345,0.350549,0.161495,0.0089193,-0.0088681,-0.9942568,0.368491,2.211180,0.264507,-0.205341,1.648,0.271
forward,5,15.5876,1.9974,0.2000,-0.75000,1207.262,974,decreasing,rolling,1413.611,1140,1414.381,-5.002,0,0,1783746508.625095606,2.296603,0.822345,0.350549,0.161495,,,,0.368491,2.211180,0.264507,-0.205341,1.648,0.271
forward,5,15.6092,2.0191,0.2000,-0.75000,1207.262,974,decreasing,rolling,1413.611,1140,1414.381,-5.002,0,0,1783746508.625095606,2.296603,0.822345,0.350549,0.161495,,,,0.368491,2.211180,0.264507,-0.205341,1.648,0.271
forward,5,15.6307,2.0406,0.2000,-0.75000,1207.262,974,decreasing,rolling,1413.611,1140,1414.381,-5.002,0,0,1783746508.625095606,2.296603,0.822345,0.350549,0.161495,,,,0.368491,2.211180,0.264507,-0.205341,1.648,0.271
forward,5,15.6523,2.0621,0.2000,-0.75000,1207.262,974,decreasing,rolling,1413.611,1140,1414.381,-5.002,0,0,1783746508.625095606,2.296603,0.822345,0.350549,0.161495,,,,0.368491,2.211180,0.264507,-0.205341,1.643,0.271
forward,5,15.6743,2.0842,0.2000,-0.75000,1207.262,974,decreasing,rolling,1413.841,1140,1414.311,-5.073,1,21,1783746508.725323200,2.317221,0.830642,0.341476,0.176520,0.0222099,-0.0090738,-0.4085466,0.390701,2.233390,0.286717,-0.214415,1.643,0.271
forward,5,15.6932,2.1030,0.2000,-0.75000,1207.262,974,decreasing,rolling,1413.841,1140,1414.311,-5.073,0,0,1783746508.725323200,2.317221,0.830642,0.341476,0.176520,,,,0.390701,2.233390,0.286717,-0.214415,1.643,0.271
forward,5,15.7149,2.1247,0.2000,-0.75000,1207.262,974,decreasing,rolling,1413.841,1140,1414.311,-5.073,0,0,1783746508.725323200,2.317221,0.830642,0.341476,0.176520,,,,0.390701,2.233390,0.286717,-0.214415,1.643,0.271
forward,5,15.7365,2.1463,0.2000,-0.75000,1207.262,974,decreasing,rolling,1413.841,1140,1414.311,-5.073,0,0,1783746508.725323200,2.317221,0.830642,0.341476,0.176520,,,,0.390701,2.233390,0.286717,-0.214415,1.643,0.271
forward,5,15.7580,2.1679,0.2000,-0.75000,1207.262,974,decreasing,rolling,1413.841,1140,1414.311,-5.073,0,0,1783746508.725323200,2.317221,0.830642,0.341476,0.176520,,,,0.390701,2.233390,0.286717,-0.214415,1.653,0.255
forward,5,15.7748,2.1846,0.2000,-0.75000,1207.262,974,decreasing,rolling,1413.316,1140,1414.181,-5.203,1,22,1783746508.825801611,2.328386,0.828406,0.328555,0.156796,0.0098092,-0.0129211,-1.3172493,0.400510,2.243199,0.296526,-0.227336,1.653,0.255
forward,5,15.7859,2.1958,0.2000,-0.75000,1207.262,974,decreasing,rolling,1413.316,1140,1414.181,-5.203,0,0,1783746508.825801611,2.328386,0.828406,0.328555,0.156796,,,,0.400510,2.243199,0.296526,-0.227336,1.653,0.255
forward,5,15.8078,2.2176,0.2000,-0.75000,1207.262,974,decreasing,rolling,1413.316,1140,1414.181,-5.203,0,0,1783746508.825801611,2.328386,0.828406,0.328555,0.156796,,,,0.400510,2.243199,0.296526,-0.227336,1.653,0.255
forward,5,15.8294,2.2392,0.2000,-0.75000,1207.262,974,decreasing,rolling,1413.316,1140,1414.181,-5.203,0,0,1783746508.825801611,2.328386,0.828406,0.328555,0.156796,,,,0.400510,2.243199,0.296526,-0.227336,1.653,0.255
forward,5,15.8510,2.2609,0.2000,-0.75000,1207.262,974,decreasing,rolling,1413.316,1140,1414.181,-5.203,0,0,1783746508.825801611,2.328386,0.828406,0.328555,0.156796,,,,0.400510,2.243199,0.296526,-0.227336,1.653,0.255
forward,5,15.8727,2.2826,0.2000,-0.75000,1207.262,974,decreasing,rolling,1413.316,1140,1414.181,-5.203,0,0,1783746508.825801611,2.328386,0.828406,0.328555,0.156796,,,,0.400510,2.243199,0.296526,-0.227336,1.653,0.227
forward,5,15.8754,2.2852,0.2000,-0.75000,1207.262,974,decreasing,rolling,1413.166,1140,1414.048,-5.336,1,23,1783746508.926147699,2.342895,0.833520,0.312021,0.155919,0.0153817,-0.0165340,-1.0749096,0.415892,2.258581,0.311907,-0.243870,1.653,0.227
forward,5,15.8893,2.2992,0.2000,-0.75000,1207.262,974,decreasing,rolling,1413.166,1140,1414.048,-5.336,0,0,1783746508.926147699,2.342895,0.833520,0.312021,0.155919,,,,0.415892,2.258581,0.311907,-0.243870,1.653,0.227
forward,5,15.9110,2.3208,0.2000,-0.75000,1207.262,974,decreasing,rolling,1413.166,1140,1414.048,-5.336,0,0,1783746508.926147699,2.342895,0.833520,0.312021,0.155919,,,,0.415892,2.258581,0.311907,-0.243870,1.653,0.227
forward,5,15.9325,2.3424,0.2000,-0.75000,1207.262,974,decreasing,rolling,1413.166,1140,1414.048,-5.336,0,0,1783746508.926147699,2.342895,0.833520,0.312021,0.155919,,,,0.415892,2.258581,0.311907,-0.243870,1.653,0.227
forward,5,15.9541,2.3639,0.2000,-0.75000,1207.262,974,decreasing,rolling,1413.166,1140,1414.048,-5.336,0,0,1783746508.926147699,2.342895,0.833520,0.312021,0.155919,,,,0.415892,2.258581,0.311907,-0.243870,1.655,0.213
forward,5,15.9756,2.3855,0.2000,-0.75000,1207.262,974,decreasing,rolling,1413.269,1140,1413.946,-5.438,1,24,1783746509.026485205,2.360573,0.843148,0.295192,0.166142,0.0197478,-0.0168288,-0.8521863,0.435640,2.278329,0.331655,-0.260699,1.655,0.213
forward,5,15.9903,2.4002,0.2000,-0.75000,1207.262,974,decreasing,rolling,1413.269,1140,1413.946,-5.438,0,0,1783746509.026485205,2.360573,0.843148,0.295192,0.166142,,,,0.435640,2.278329,0.331655,-0.260699,1.655,0.213
forward,5,16.0120,2.4218,0.2000,-0.75000,1207.262,974,decreasing,rolling,1413.269,1140,1413.946,-5.438,0,0,1783746509.026485205,2.360573,0.843148,0.295192,0.166142,,,,0.435640,2.278329,0.331655,-0.260699,1.655,0.213
forward,5,16.0335,2.4434,0.2000,-0.75000,1207.262,974,decreasing,rolling,1413.269,1140,1413.946,-5.438,0,0,1783746509.026485205,2.360573,0.843148,0.295192,0.166142,,,,0.435640,2.278329,0.331655,-0.260699,1.655,0.213
forward,5,16.0552,2.4650,0.2000,-0.75000,1207.262,974,decreasing,rolling,1413.269,1140,1413.946,-5.438,0,0,1783746509.026485205,2.360573,0.843148,0.295192,0.166142,,,,0.435640,2.278329,0.331655,-0.260699,1.663,0.203
forward,5,16.0758,2.4856,0.2000,-0.75000,1207.262,974,decreasing,rolling,1413.604,1140,1413.901,-5.483,1,25,1783746509.127029419,2.384165,0.849230,0.277184,0.185150,0.0243492,-0.0180083,-0.7395858,0.459989,2.302678,0.356004,-0.278707,1.663,0.203
forward,6,16.0841,0.0000,0.2000,0.00000,1442.635,1163,increasing,rolling,1413.604,1140,1413.901,-5.483,0,0,1783746509.127029419,2.384165,0.849230,0.277184,0.185150,,,,0.000000,2.302678,0.000000,0.000000,1.663,0.203
forward,6,16.1059,0.0218,0.2000,0.00000,1442.635,1163,increasing,rolling,1413.604,1140,1413.901,-5.483,0,0,1783746509.127029419,2.384165,0.849230,0.277184,0.185150,,,,0.000000,2.302678,0.000000,0.000000,1.663,0.203
forward,6,16.1275,0.0434,0.2000,0.00000,1442.635,1163,increasing,rolling,1413.604,1140,1413.901,-5.483,0,0,1783746509.127029419,2.384165,0.849230,0.277184,0.185150,,,,0.000000,2.302678,0.000000,0.000000,1.663,0.203
forward,6,16.1490,0.0649,0.2000,0.00000,1442.635,1163,increasing,rolling,1413.604,1140,1413.901,-5.483,0,0,1783746509.127029419,2.384165,0.849230,0.277184,0.185150,,,,0.000000,2.302678,0.000000,0.000000,1.663,0.203
forward,6,16.1706,0.0865,0.2000,0.00000,1442.635,1163,increasing,rolling,1413.604,1140,1413.901,-5.483,0,0,1783746509.127029419,2.384165,0.849230,0.277184,0.185150,,,,0.000000,2.302678,0.000000,0.000000,1.658,0.173
forward,6,16.1737,0.0896,0.2000,0.00000,1442.635,1163,increasing,rolling,1413.955,1140,1413.908,-5.476,1,1,1783746509.227133274,2.408229,0.857573,0.259686,0.202335,0.0254152,-0.0174976,-0.6884684,0.025415,2.328093,0.000000,0.000000,1.658,0.173
forward,6,16.1851,0.1010,0.2000,0.00000,1442.635,1163,increasing,rolling,1413.955,1140,1413.908,-5.476,0,0,1783746509.227133274,2.408229,0.857573,0.259686,0.202335,,,,0.025415,2.328093,0.000000,0.000000,1.658,0.173
forward,6,16.2067,0.1226,0.2000,0.00000,1442.635,1163,increasing,rolling,1413.955,1140,1413.908,-5.476,0,0,1783746509.227133274,2.408229,0.857573,0.259686,0.202335,,,,0.025415,2.328093,0.000000,0.000000,1.658,0.173
forward,6,16.2283,0.1442,0.2000,0.00000,1442.635,1163,increasing,rolling,1413.955,1140,1413.908,-5.476,0,0,1783746509.227133274,2.408229,0.857573,0.259686,0.202335,,,,0.025415,2.328093,0.000000,0.000000,1.658,0.173
forward,6,16.2499,0.1658,0.2000,0.00000,1442.635,1163,increasing,rolling,1413.955,1140,1413.908,-5.476,0,0,1783746509.227133274,2.408229,0.857573,0.259686,0.202335,,,,0.025415,2.328093,0.000000,0.000000,1.658,0.173
forward,6,16.2715,0.1874,0.2000,0.00000,1442.635,1163,increasing,rolling,1413.955,1140,1413.908,-5.476,0,0,1783746509.227133274,2.408229,0.857573,0.259686,0.202335,,,,0.025415,2.328093,0.000000,0.000000,1.668,0.144
forward,6,16.2742,0.1901,0.2000,0.00000,1442.635,1163,increasing,rolling,1414.360,1141,1413.966,-5.418,1,2,1783746509.325066090,2.433129,0.867600,0.248051,0.219706,0.0266202,-0.0116345,-0.4370561,0.052035,2.354713,0.000000,0.000000,1.668,0.144
forward,6,16.2942,0.2101,0.2000,0.00000,1442.635,1163,increasing,rolling,1414.360,1141,1413.966,-5.418,0,0,1783746509.325066090,2.433129,0.867600,0.248051,0.219706,,,,0.052035,2.354713,0.000000,0.000000,1.668,0.144
forward,6,16.3158,0.2317,0.2000,0.00000,1442.635,1163,increasing,rolling,1414.360,1141,1413.966,-5.418,0,0,1783746509.325066090,2.433129,0.867600,0.248051,0.219706,,,,0.052035,2.354713,0.000000,0.000000,1.668,0.144
forward,6,16.3373,0.2532,0.2000,0.00000,1442.635,1163,increasing,rolling,1414.360,1141,1413.966,-5.418,0,0,1783746509.325066090,2.433129,0.867600,0.248051,0.219706,,,,0.052035,2.354713,0.000000,0.000000,1.668,0.144
forward,6,16.3588,0.2747,0.2000,0.00000,1442.635,1163,increasing,rolling,1414.360,1141,1413.966,-5.418,0,0,1783746509.325066090,2.433129,0.867600,0.248051,0.219706,,,,0.052035,2.354713,0.000000,0.000000,1.681,0.140
forward,6,16.3747,0.2906,0.2000,0.00000,1442.635,1163,increasing,rolling,1414.095,1140,1413.983,-5.401,1,3,1783746509.425538540,2.448739,0.872812,0.240712,0.205604,0.0164069,-0.0073396,-0.4473518,0.068442,2.371120,0.000000,0.000000,1.681,0.140
forward,6,16.3856,0.3015,0.2000,0.00000,1442.635,1163,increasing,rolling,1414.095,1140,1413.983,-5.401,0,0,1783746509.425538540,2.448739,0.872812,0.240712,0.205604,,,,0.068442,2.371120,0.000000,0.000000,1.681,0.140
forward,6,16.4072,0.3232,0.2000,0.00000,1442.635,1163,increasing,rolling,1414.095,1140,1413.983,-5.401,0,0,1783746509.425538540,2.448739,0.872812,0.240712,0.205604,,,,0.068442,2.371120,0.000000,0.000000,1.681,0.140
forward,6,16.4288,0.3447,0.2000,0.00000,1442.635,1163,increasing,rolling,1414.095,1140,1413.983,-5.401,0,0,1783746509.425538540,2.448739,0.872812,0.240712,0.205604,,,,0.068442,2.371120,0.000000,0.000000,1.681,0.140
forward,6,16.4503,0.3662,0.2000,0.00000,1442.635,1163,increasing,rolling,1414.095,1140,1413.983,-5.401,0,0,1783746509.425538540,2.448739,0.872812,0.240712,0.205604,,,,0.068442,2.371120,0.000000,0.000000,1.676,0.136
forward,6,16.4723,0.3882,0.2000,0.00000,1442.635,1163,increasing,rolling,1413.798,1140,1413.959,-5.425,1,4,1783746509.526141167,2.463644,0.875853,0.238177,0.191978,0.0152009,-0.0025353,-0.1667835,0.083643,2.386321,0.000000,0.000000,1.676,0.136
forward,6,16.4941,0.4101,0.2000,0.00000,1442.635,1163,increasing,rolling,1413.798,1140,1413.959,-5.425,0,0,1783746509.526141167,2.463644,0.875853,0.238177,0.191978,,,,0.083643,2.386321,0.000000,0.000000,1.676,0.136
forward,6,16.5159,0.4318,0.2000,0.00000,1442.635,1163,increasing,rolling,1413.798,1140,1413.959,-5.425,0,0,1783746509.526141167,2.463644,0.875853,0.238177,0.191978,,,,0.083643,2.386321,0.000000,0.000000,1.676,0.136
forward,6,16.5375,0.4534,0.2000,0.00000,1442.635,1163,increasing,rolling,1413.798,1140,1413.959,-5.425,0,0,1783746509.526141167,2.463644,0.875853,0.238177,0.191978,,,,0.083643,2.386321,0.000000,0.000000,1.676,0.136
forward,6,16.5591,0.4750,0.2000,0.00000,1442.635,1163,increasing,rolling,1413.798,1140,1413.959,-5.425,0,0,1783746509.526141167,2.463644,0.875853,0.238177,0.191978,,,,0.083643,2.386321,0.000000,0.000000,1.681,0.138
forward,6,16.5725,0.4884,0.2000,0.00000,1442.635,1163,increasing,rolling,1412.638,1139,1413.790,-5.594,1,5,1783746509.623756170,2.461794,0.880801,0.240729,0.142386,-0.0006239,0.0025520,-4.0905846,0.084267,2.386945,0.000000,0.000000,1.681,0.138
forward,6,16.5849,0.5008,0.2000,0.00000,1442.635,1163,increasing,rolling,1412.638,1139,1413.790,-5.594,0,0,1783746509.623756170,2.461794,0.880801,0.240729,0.142386,,,,0.084267,2.386945,0.000000,0.000000,1.681,0.138
forward,6,16.6067,0.5226,0.2000,0.00000,1442.635,1163,increasing,rolling,1412.638,1139,1413.790,-5.594,0,0,1783746509.623756170,2.461794,0.880801,0.240729,0.142386,,,,0.084267,2.386945,0.000000,0.000000,1.681,0.138
forward,6,16.6283,0.5442,0.2000,0.00000,1442.635,1163,increasing,rolling,1412.638,1139,1413.790,-5.594,0,0,1783746509.623756170,2.461794,0.880801,0.240729,0.142386,,,,0.084267,2.386945,0.000000,0.000000,1.681,0.138
forward,6,16.6501,0.5660,0.2000,0.00000,1442.635,1163,increasing,rolling,1412.638,1139,1413.790,-5.594,0,0,1783746509.623756170,2.461794,0.880801,0.240729,0.142386,,,,0.084267,2.386945,0.000000,0.000000,1.681,0.138
forward,6,16.6706,0.5865,0.2000,0.00000,1442.635,1163,increasing,rolling,1411.711,1138,1413.518,-5.865,1,6,1783746509.723961115,2.462507,0.882711,0.241421,0.109654,0.0011484,0.0006923,0.6028536,0.085416,2.388093,0.000000,0.000000,1.681,0.138
forward,6,16.6860,0.6019,0.2000,0.00000,1442.635,1163,increasing,rolling,1411.711,1138,1413.518,-5.865,0,0,1783746509.723961115,2.462507,0.882711,0.241421,0.109654,,,,0.085416,2.388093,0.000000,0.000000,1.681,0.138
forward,6,16.7080,0.6239,0.2000,0.00000,1442.635,1163,increasing,rolling,1411.711,1138,1413.518,-5.865,0,0,1783746509.723961115,2.462507,0.882711,0.241421,0.109654,,,,0.085416,2.388093,0.000000,0.000000,1.681,0.138
forward,6,16.7298,0.6457,0.2000,0.00000,1442.635,1163,increasing,rolling,1411.711,1138,1413.518,-5.865,0,0,1783746509.723961115,2.462507,0.882711,0.241421,0.109654,,,,0.085416,2.388093,0.000000,0.000000,1.681,0.138
forward,6,16.7513,0.6672,0.2000,0.00000,1442.635,1163,increasing,rolling,1411.711,1138,1413.518,-5.865,0,0,1783746509.723961115,2.462507,0.882711,0.241421,0.109654,,,,0.085416,2.388093,0.000000,0.000000,1.681,0.136
forward,6,16.7712,0.6871,0.2000,0.00000,1442.635,1163,increasing,rolling,1411.072,1138,1413.205,-6.179,1,7,1783746509.821931124,2.466287,0.885604,0.241788,0.093374,0.0043629,0.0003671,0.0841368,0.089778,2.392456,0.000000,0.000000,1.681,0.136
forward,6,16.7800,0.6959,0.2000,0.00000,1442.635,1163,increasing,rolling,1411.072,1138,1413.205,-6.179,0,0,1783746509.821931124,2.466287,0.885604,0.241788,0.093374,,,,0.089778,2.392456,0.000000,0.000000,1.681,0.136
forward,6,16.8018,0.7177,0.2000,0.00000,1442.635,1163,increasing,rolling,1411.072,1138,1413.205,-6.179,0,0,1783746509.821931124,2.466287,0.885604,0.241788,0.093374,,,,0.089778,2.392456,0.000000,0.000000,1.681,0.136
forward,6,16.8234,0.7393,0.2000,0.00000,1442.635,1163,increasing,rolling,1411.072,1138,1413.205,-6.179,0,0,1783746509.821931124,2.466287,0.885604,0.241788,0.093374,,,,0.089778,2.392456,0.000000,0.000000,1.681,0.136
forward,6,16.8449,0.7608,0.2000,0.00000,1442.635,1163,increasing,rolling,1411.072,1138,1413.205,-6.179,0,0,1783746509.821931124,2.466287,0.885604,0.241788,0.093374,,,,0.089778,2.392456,0.000000,0.000000,1.681,0.136
forward,6,16.8665,0.7824,0.2000,0.00000,1442.635,1163,increasing,rolling,1411.072,1138,1413.205,-6.179,0,0,1783746509.821931124,2.466287,0.885604,0.241788,0.093374,,,,0.089778,2.392456,0.000000,0.000000,1.681,0.132
forward,6,16.8713,0.7872,0.2000,0.00000,1442.635,1163,increasing,rolling,1410.072,1137,1412.794,-6.589,1,8,1783746509.922519207,2.464237,0.883606,0.240777,0.063896,-0.0024684,-0.0010109,0.4095538,0.092247,2.394925,0.000000,0.000000,1.681,0.132
forward,6,16.8868,0.8027,0.2000,0.00000,1442.635,1163,increasing,rolling,1410.072,1137,1412.794,-6.589,0,0,1783746509.922519207,2.464237,0.883606,0.240777,0.063896,,,,0.092247,2.394925,0.000000,0.000000,1.681,0.132
forward,6,16.9086,0.8245,0.2000,0.00000,1442.635,1163,increasing,rolling,1410.072,1137,1412.794,-6.589,0,0,1783746509.922519207,2.464237,0.883606,0.240777,0.063896,,,,0.092247,2.394925,0.000000,0.000000,1.681,0.132
forward,6,16.9302,0.8461,0.2000,0.00000,1442.635,1163,increasing,rolling,1410.072,1137,1412.794,-6.589,0,0,1783746509.922519207,2.464237,0.883606,0.240777,0.063896,,,,0.092247,2.394925,0.000000,0.000000,1.681,0.132
forward,6,16.9518,0.8677,0.2000,0.00000,1442.635,1163,increasing,rolling,1410.072,1137,1412.794,-6.589,0,0,1783746509.922519207,2.464237,0.883606,0.240777,0.063896,,,,0.092247,2.394925,0.000000,0.000000,1.676,0.131
forward,6,16.9696,0.8855,0.2000,0.00000,1442.635,1163,increasing,rolling,1409.214,1136,1412.326,-7.058,1,9,1783746510.022768974,2.463161,0.882010,0.240248,0.044367,-0.0014253,-0.0005293,0.3713589,0.093672,2.396350,0.000000,0.000000,1.676,0.131
forward,6,16.9736,0.8895,0.2000,0.00000,1442.635,1163,increasing,rolling,1409.214,1136,1412.326,-7.058,0,0,1783746510.022768974,2.463161,0.882010,0.240248,0.044367,,,,0.093672,2.396350,0.000000,0.000000,1.676,0.131
forward,6,16.9952,0.9111,0.2000,0.00000,1442.635,1163,increasing,rolling,1409.214,1136,1412.326,-7.058,0,0,1783746510.022768974,2.463161,0.882010,0.240248,0.044367,,,,0.093672,2.396350,0.000000,0.000000,1.676,0.131
forward,6,17.0168,0.9327,0.2000,0.00000,1442.635,1163,increasing,rolling,1409.214,1136,1412.326,-7.058,0,0,1783746510.022768974,2.463161,0.882010,0.240248,0.044367,,,,0.093672,2.396350,0.000000,0.000000,1.676,0.131
forward,6,17.0383,0.9542,0.2000,0.00000,1442.635,1163,increasing,rolling,1409.214,1136,1412.326,-7.058,0,0,1783746510.022768974,2.463161,0.882010,0.240248,0.044367,,,,0.093672,2.396350,0.000000,0.000000,1.676,0.131
forward,6,17.0599,0.9758,0.2000,0.00000,1442.635,1163,increasing,rolling,1409.214,1136,1412.326,-7.058,0,0,1783746510.022768974,2.463161,0.882010,0.240248,0.044367,,,,0.093672,2.396350,0.000000,0.000000,1.676,0.108
forward,6,17.0697,0.9856,0.2000,0.00000,1442.635,1163,increasing,rolling,1408.747,1136,1411.868,-7.516,1,10,1783746510.120685339,2.467261,0.882845,0.239428,0.043952,0.0041816,-0.0008194,-0.1959444,0.097854,2.400532,0.000000,0.000000,1.676,0.108
forward,6,17.0792,0.9951,0.2000,0.00000,1442.635,1163,increasing,rolling,1408.747,1136,1411.868,-7.516,0,0,1783746510.120685339,2.467261,0.882845,0.239428,0.043952,,,,0.097854,2.400532,0.000000,0.000000,1.676,0.108
forward,6,17.1009,1.0168,0.2000,0.00000,1442.635,1163,increasing,rolling,1408.747,1136,1411.868,-7.516,0,0,1783746510.120685339,2.467261,0.882845,0.239428,0.043952,,,,0.097854,2.400532,0.000000,0.000000,1.676,0.108
forward,6,17.1224,1.0383,0.2000,0.00000,1442.635,1163,increasing,rolling,1408.747,1136,1411.868,-7.516,0,0,1783746510.120685339,2.467261,0.882845,0.239428,0.043952,,,,0.097854,2.400532,0.000000,0.000000,1.676,0.108
forward,6,17.1439,1.0598,0.2000,0.00000,1442.635,1163,increasing,rolling,1408.747,1136,1411.868,-7.516,0,0,1783746510.120685339,2.467261,0.882845,0.239428,0.043952,,,,0.097854,2.400532,0.000000,0.000000,1.676,0.108
forward,6,17.1654,1.0813,0.2000,0.00000,1442.635,1163,increasing,rolling,1408.747,1136,1411.868,-7.516,0,0,1783746510.120685339,2.467261,0.882845,0.239428,0.043952,,,,0.097854,2.400532,0.000000,0.000000,1.673,0.113
forward,6,17.1701,1.0860,0.2000,0.00000,1442.635,1163,increasing,rolling,1408.360,1136,1411.409,-7.975,1,11,1783746510.221114635,2.472858,0.884690,0.238644,0.047588,0.0058746,-0.0007847,-0.1335843,0.103728,2.406406,0.000000,0.000000,1.673,0.113
forward,6,17.1811,1.0970,0.2000,0.00000,1442.635,1163,increasing,rolling,1408.360,1136,1411.409,-7.975,0,0,1783746510.221114635,2.472858,0.884690,0.238644,0.047588,,,,0.103728,2.406406,0.000000,0.000000,1.673,0.113
forward,6,17.2027,1.1186,0.2000,0.00000,1442.635,1163,increasing,rolling,1408.360,1136,1411.409,-7.975,0,0,1783746510.221114635,2.472858,0.884690,0.238644,0.047588,,,,0.103728,2.406406,0.000000,0.000000,1.673,0.113
forward,6,17.2243,1.1402,0.2000,0.00000,1442.635,1163,increasing,rolling,1408.360,1136,1411.409,-7.975,0,0,1783746510.221114635,2.472858,0.884690,0.238644,0.047588,,,,0.103728,2.406406,0.000000,0.000000,1.673,0.113
forward,6,17.2458,1.1617,0.2000,0.00000,1442.635,1163,increasing,rolling,1408.360,1136,1411.409,-7.975,0,0,1783746510.221114635,2.472858,0.884690,0.238644,0.047588,,,,0.103728,2.406406,0.000000,0.000000,1.688,0.097
forward,6,17.2682,1.1841,0.2000,0.00000,1442.635,1163,increasing,rolling,1407.746,1135,1410.929,-8.454,1,12,1783746510.321488619,2.475058,0.884362,0.239139,0.040820,0.0020594,0.0004956,0.2406439,0.105788,2.408466,0.000000,0.000000,1.688,0.097
forward,6,17.2747,1.1906,0.2000,0.00000,1442.635,1163,increasing,rolling,1407.746,1135,1410.929,-8.454,0,0,1783746510.321488619,2.475058,0.884362,0.239139,0.040820,,,,0.105788,2.408466,0.000000,0.000000,1.688,0.097
forward,6,17.2963,1.2122,0.2000,0.00000,1442.635,1163,increasing,rolling,1407.746,1135,1410.929,-8.454,0,0,1783746510.321488619,2.475058,0.884362,0.239139,0.040820,,,,0.105788,2.408466,0.000000,0.000000,1.688,0.097
forward,6,17.3179,1.2338,0.2000,0.00000,1442.635,1163,increasing,rolling,1407.746,1135,1410.929,-8.454,0,0,1783746510.321488619,2.475058,0.884362,0.239139,0.040820,,,,0.105788,2.408466,0.000000,0.000000,1.688,0.097
forward,6,17.3395,1.2554,0.2000,0.00000,1442.635,1163,increasing,rolling,1407.746,1135,1410.929,-8.454,0,0,1783746510.321488619,2.475058,0.884362,0.239139,0.040820,,,,0.105788,2.408466,0.000000,0.000000,1.688,0.097
forward,6,17.3610,1.2769,0.2000,0.00000,1442.635,1163,increasing,rolling,1407.746,1135,1410.929,-8.454,0,0,1783746510.321488619,2.475058,0.884362,0.239139,0.040820,,,,0.105788,2.408466,0.000000,0.000000,1.661,0.090
forward,6,17.3685,1.2844,0.2000,0.00000,1442.635,1163,increasing,rolling,1406.497,1134,1410.361,-9.023,1,13,1783746510.419618607,2.465573,0.883808,0.245421,0.006818,-0.0093410,0.0062814,-0.6724487,0.115129,2.417807,0.000000,0.000000,1.661,0.090
forward,6,17.3843,1.3002,0.2000,0.00000,1442.635,1163,increasing,rolling,1406.497,1134,1410.361,-9.023,0,0,1783746510.419618607,2.465573,0.883808,0.245421,0.006818,,,,0.115129,2.417807,0.000000,0.000000,1.661,0.090
forward,6,17.4059,1.3218,0.2000,0.00000,1442.635,1163,increasing,rolling,1406.497,1134,1410.361,-9.023,0,0,1783746510.419618607,2.465573,0.883808,0.245421,0.006818,,,,0.115129,2.417807,0.000000,0.000000,1.661,0.090
forward,6,17.4275,1.3434,0.2000,0.00000,1442.635,1163,increasing,rolling,1406.497,1134,1410.361,-9.023,0,0,1783746510.419618607,2.465573,0.883808,0.245421,0.006818,,,,0.115129,2.417807,0.000000,0.000000,1.661,0.090
forward,6,17.4490,1.3649,0.2000,0.00000,1442.635,1163,increasing,rolling,1406.497,1134,1410.361,-9.023,0,0,1783746510.419618607,2.465573,0.883808,0.245421,0.006818,,,,0.115129,2.417807,0.000000,0.000000,1.662,0.082
forward,6,17.4688,1.3847,0.2000,0.00000,1442.635,1163,increasing,rolling,1405.311,1133,1409.700,-9.683,1,14,1783746510.519918442,2.455436,0.883672,0.252131,-0.019458,-0.0098578,0.0067107,-0.6807462,0.124987,2.427664,0.000000,0.000000,1.662,0.082
forward,6,17.4795,1.3954,0.2000,0.00000,1442.635,1163,increasing,rolling,1405.311,1133,1409.700,-9.683,0,0,1783746510.519918442,2.455436,0.883672,0.252131,-0.019458,,,,0.124987,2.427664,0.000000,0.000000,1.662,0.082
forward,6,17.5012,1.4171,0.2000,0.00000,1442.635,1163,increasing,rolling,1405.311,1133,1409.700,-9.683,0,0,1783746510.519918442,2.455436,0.883672,0.252131,-0.019458,,,,0.124987,2.427664,0.000000,0.000000,1.662,0.082
forward,6,17.5228,1.4387,0.2000,0.00000,1442.635,1163,increasing,rolling,1405.311,1133,1409.700,-9.683,0,0,1783746510.519918442,2.455436,0.883672,0.252131,-0.019458,,,,0.124987,2.427664,0.000000,0.000000,1.662,0.082
forward,6,17.5443,1.4602,0.2000,0.00000,1442.635,1163,increasing,rolling,1405.311,1133,1409.700,-9.683,0,0,1783746510.519918442,2.455436,0.883672,0.252131,-0.019458,,,,0.124987,2.427664,0.000000,0.000000,1.662,0.082
forward,6,17.5661,1.4820,0.2000,0.00000,1442.635,1163,increasing,rolling,1405.311,1133,1409.700,-9.683,0,0,1783746510.519918442,2.455436,0.883672,0.252131,-0.019458,,,,0.124987,2.427664,0.000000,0.000000,1.672,0.076
forward,6,17.5696,1.4855,0.2000,0.00000,1442.635,1163,increasing,recovery,1404.000,1132,1408.918,-10.466,1,15,1783746510.620230198,2.437487,0.880332,0.270290,-0.059959,-0.0182030,0.0181593,-0.9975986,0.143190,2.445867,0.000000,0.000000,1.672,0.076
forward,6,17.5809,1.4968,0.2000,0.00000,1442.635,1163,increasing,recovery,1404.000,1132,1408.918,-10.466,0,0,1783746510.620230198,2.437487,0.880332,0.270290,-0.059959,,,,0.143190,2.445867,0.000000,0.000000,1.672,0.076
forward,6,17.6026,1.5185,0.2000,0.00000,1442.635,1163,increasing,recovery,1404.000,1132,1408.918,-10.466,0,0,1783746510.620230198,2.437487,0.880332,0.270290,-0.059959,,,,0.143190,2.445867,0.000000,0.000000,1.672,0.076
forward,6,17.6242,1.5401,0.2000,0.00000,1442.635,1163,increasing,recovery,1404.000,1132,1408.918,-10.466,0,0,1783746510.620230198,2.437487,0.880332,0.270290,-0.059959,,,,0.143190,2.445867,0.000000,0.000000,1.672,0.076
forward,6,17.6458,1.5617,0.2000,0.00000,1442.635,1163,increasing,recovery,1404.000,1132,1408.918,-10.466,0,0,1783746510.620230198,2.437487,0.880332,0.270290,-0.059959,,,,0.143190,2.445867,0.000000,0.000000,1.672,0.076
forward,6,17.6674,1.5833,0.2000,0.00000,1442.635,1163,increasing,recovery,1404.000,1132,1408.918,-10.466,0,0,1783746510.620230198,2.437487,0.880332,0.270290,-0.059959,,,,0.143190,2.445867,0.000000,0.000000,1.686,0.073
forward,6,17.6699,1.5858,0.2000,0.00000,1442.635,1163,increasing,recovery,1400.900,1130,1408.918,-10.466,1,16,1783746510.720834017,2.422529,0.861063,0.296341,-0.094044,-0.0197484,0.0260501,-1.3191021,0.162938,2.465616,0.000000,0.000000,1.686,0.073
forward,6,17.6797,1.5956,0.2000,0.00000,1442.635,1163,increasing,recovery,1400.900,1130,1408.918,-10.466,0,0,1783746510.720834017,2.422529,0.861063,0.296341,-0.094044,,,,0.162938,2.465616,0.000000,0.000000,1.686,0.073
forward,6,17.7013,1.6172,0.2000,0.00000,1442.635,1163,increasing,recovery,1400.900,1130,1408.918,-10.466,0,0,1783746510.720834017,2.422529,0.861063,0.296341,-0.094044,,,,0.162938,2.465616,0.000000,0.000000,1.686,0.073
forward,6,17.7229,1.6388,0.2000,0.00000,1442.635,1163,increasing,recovery,1400.900,1130,1408.918,-10.466,0,0,1783746510.720834017,2.422529,0.861063,0.296341,-0.094044,,,,0.162938,2.465616,0.000000,0.000000,1.686,0.073
forward,6,17.7444,1.6603,0.2000,0.00000,1442.635,1163,increasing,recovery,1400.900,1130,1408.918,-10.466,0,0,1783746510.720834017,2.422529,0.861063,0.296341,-0.094044,,,,0.162938,2.465616,0.000000,0.000000,1.686,0.073
forward,6,17.7659,1.6818,0.2000,0.00000,1442.635,1163,increasing,recovery,1400.900,1130,1408.918,-10.466,0,0,1783746510.720834017,2.422529,0.861063,0.296341,-0.094044,,,,0.162938,2.465616,0.000000,0.000000,1.678,0.072
forward,6,17.7699,1.6858,0.2000,0.00000,1442.635,1163,increasing,recovery,1397.800,1127,1408.918,-10.466,1,17,1783746510.821117878,2.432011,0.855892,0.301644,-0.051740,0.0075385,0.0053037,0.7035485,0.170476,2.473154,0.000000,0.000000,1.678,0.072
forward,6,17.7916,1.7075,0.2000,0.00000,1442.635,1163,increasing,recovery,1397.800,1127,1408.918,-10.466,0,0,1783746510.821117878,2.432011,0.855892,0.301644,-0.051740,,,,0.170476,2.473154,0.000000,0.000000,1.678,0.072
forward,6,17.8133,1.7292,0.2000,0.00000,1442.635,1163,increasing,recovery,1397.800,1127,1408.918,-10.466,0,0,1783746510.821117878,2.432011,0.855892,0.301644,-0.051740,,,,0.170476,2.473154,0.000000,0.000000,1.678,0.072
forward,6,17.8349,1.7508,0.2000,0.00000,1442.635,1163,increasing,recovery,1397.800,1127,1408.918,-10.466,0,0,1783746510.821117878,2.432011,0.855892,0.301644,-0.051740,,,,0.170476,2.473154,0.000000,0.000000,1.678,0.072
forward,6,17.8564,1.7723,0.2000,0.00000,1442.635,1163,increasing,recovery,1397.800,1127,1408.918,-10.466,0,0,1783746510.821117878,2.432011,0.855892,0.301644,-0.051740,,,,0.170476,2.473154,0.000000,0.000000,1.683,0.068
forward,6,17.8702,1.7861,0.2000,0.00000,1442.635,1163,increasing,recovery,1397.800,1127,1408.918,-10.466,0,0,1783746510.821117878,2.432011,0.855892,0.301644,-0.051740,,,,0.170476,2.473154,0.000000,0.000000,1.683,0.068
forward,6,17.8920,1.8079,0.2000,0.00000,1442.635,1163,increasing,recovery,1394.700,1125,1408.918,-10.466,1,18,1783746510.921338797,2.429042,0.853956,0.299475,-0.047309,-0.0034090,-0.0021688,0.6361953,0.173885,2.476563,0.000000,0.000000,1.683,0.068
forward,6,17.8939,1.8098,0.2000,0.00000,1442.635,1163,increasing,recovery,1394.700,1125,1408.918,-10.466,0,0,1783746510.921338797,2.429042,0.853956,0.299475,-0.047309,,,,0.173885,2.476563,0.000000,0.000000,1.683,0.068
forward,6,17.9155,1.8314,0.2000,0.00000,1442.635,1163,increasing,recovery,1394.700,1125,1408.918,-10.466,0,0,1783746510.921338797,2.429042,0.853956,0.299475,-0.047309,,,,0.173885,2.476563,0.000000,0.000000,1.683,0.068
forward,6,17.9370,1.8529,0.2000,0.00000,1442.635,1163,increasing,recovery,1394.700,1125,1408.918,-10.466,0,0,1783746510.921338797,2.429042,0.853956,0.299475,-0.047309,,,,0.173885,2.476563,0.000000,0.000000,1.683,0.068
forward,6,17.9585,1.8744,0.2000,0.00000,1442.635,1163,increasing,recovery,1394.700,1125,1408.918,-10.466,0,0,1783746510.921338797,2.429042,0.853956,0.299475,-0.047309,,,,0.173885,2.476563,0.000000,0.000000,1.683,0.068
forward,6,17.9706,1.8865,0.2000,0.00000,1442.635,1163,increasing,recovery,1391.600,1122,1408.918,-10.466,1,19,1783746511.021699429,2.437197,0.860056,0.296802,-0.011601,0.0095869,-0.0026731,-0.2788318,0.183472,2.486150,0.000000,0.000000,1.683,0.068
forward,6,17.9833,1.8992,0.2000,0.00000,1442.635,1163,increasing,recovery,1391.600,1122,1408.918,-10.466,0,0,1783746511.021699429,2.437197,0.860056,0.296802,-0.011601,,,,0.183472,2.486150,0.000000,0.000000,1.683,0.068
forward,6,18.0050,1.9209,0.2000,0.00000,1442.635,1163,increasing,recovery,1391.600,1122,1408.918,-10.466,0,0,1783746511.021699429,2.437197,0.860056,0.296802,-0.011601,,,,0.183472,2.486150,0.000000,0.000000,1.683,0.068
forward,6,18.0266,1.9425,0.2000,0.00000,1442.635,1163,increasing,recovery,1391.600,1122,1408.918,-10.466,0,0,1783746511.021699429,2.437197,0.860056,0.296802,-0.011601,,,,0.183472,2.486150,0.000000,0.000000,1.683,0.068
forward,6,18.0482,1.9641,0.2000,0.00000,1442.635,1163,increasing,recovery,1391.600,1122,1408.918,-10.466,0,0,1783746511.021699429,2.437197,0.860056,0.296802,-0.011601,,,,0.183472,2.486150,0.000000,0.000000,1.683,0.068
forward,6,18.0698,1.9858,0.2000,0.00000,1442.635,1163,increasing,recovery,1391.600,1122,1408.918,-10.466,0,0,1783746511.021699429,2.437197,0.860056,0.296802,-0.011601,,,,0.183472,2.486150,0.000000,0.000000,1.675,0.068
forward,6,18.0723,1.9882,0.2000,0.00000,1442.635,1163,increasing,recovery,1388.500,1120,1408.918,-10.466,1,20,1783746511.122198105,2.433898,0.855423,0.294505,-0.019907,-0.0045051,-0.0022971,0.5098964,0.187977,2.490655,0.000000,0.000000,1.675,0.068
forward,6,18.0865,2.0024,0.2000,0.00000,1442.635,1163,increasing,recovery,1388.500,1120,1408.918,-10.466,0,0,1783746511.122198105,2.433898,0.855423,0.294505,-0.019907,,,,0.187977,2.490655,0.000000,0.000000,1.675,0.068
forward,6,18.1083,2.0242,0.2000,0.00000,1442.635,1163,increasing,recovery,1388.500,1120,1408.918,-10.466,0,0,1783746511.122198105,2.433898,0.855423,0.294505,-0.019907,,,,0.187977,2.490655,0.000000,0.000000,1.675,0.068
forward,6,18.1300,2.0459,0.2000,0.00000,1442.635,1163,increasing,recovery,1388.500,1120,1408.918,-10.466,0,0,1783746511.122198105,2.433898,0.855423,0.294505,-0.019907,,,,0.187977,2.490655,0.000000,0.000000,1.675,0.068
forward,6,18.1517,2.0677,0.2000,0.00000,1442.635,1163,increasing,recovery,1388.500,1120,1408.918,-10.466,0,0,1783746511.122198105,2.433898,0.855423,0.294505,-0.019907,,,,0.187977,2.490655,0.000000,0.000000,1.678,0.068
forward,6,18.1716,2.0875,0.2000,0.00000,1442.635,1163,increasing,recovery,1385.400,1117,1408.918,-10.466,1,21,1783746511.222476721,2.428999,0.853472,0.293378,-0.028030,-0.0052546,-0.0011274,0.2145611,0.193232,2.495910,0.000000,0.000000,1.678,0.068
forward,6,18.1841,2.1000,0.2000,0.00000,1442.635,1163,increasing,recovery,1385.400,1117,1408.918,-10.466,0,0,1783746511.222476721,2.428999,0.853472,0.293378,-0.028030,,,,0.193232,2.495910,0.000000,0.000000,1.678,0.068
forward,6,18.2059,2.1218,0.2000,0.00000,1442.635,1163,increasing,recovery,1385.400,1117,1408.918,-10.466,0,0,1783746511.222476721,2.428999,0.853472,0.293378,-0.028030,,,,0.193232,2.495910,0.000000,0.000000,1.678,0.068
forward,6,18.2276,2.1435,0.2000,0.00000,1442.635,1163,increasing,recovery,1385.400,1117,1408.918,-10.466,0,0,1783746511.222476721,2.428999,0.853472,0.293378,-0.028030,,,,0.193232,2.495910,0.000000,0.000000,1.678,0.068
forward,6,18.2491,2.1650,0.2000,0.00000,1442.635,1163,increasing,recovery,1385.400,1117,1408.918,-10.466,0,0,1783746511.222476721,2.428999,0.853472,0.293378,-0.028030,,,,0.193232,2.495910,0.000000,0.000000,1.678,0.068
forward,6,18.2707,2.1866,0.2000,0.00000,1442.635,1163,increasing,recovery,1385.400,1117,1408.918,-10.466,0,0,1783746511.222476721,2.428999,0.853472,0.293378,-0.028030,,,,0.193232,2.495910,0.000000,0.000000,0.274,0.069
forward,6,18.2736,2.1895,0.2000,0.00000,1442.635,1163,increasing,recovery,1382.300,1115,1408.918,-10.466,1,22,1783746511.323053360,2.438332,0.851331,0.289147,-0.000330,0.0083249,-0.0042308,-0.5082093,0.201557,2.504235,0.000000,0.000000,0.274,0.069
forward,6,18.2841,2.2000,0.2000,0.00000,1442.635,1163,increasing,recovery,1382.300,1115,1408.918,-10.466,0,0,1783746511.323053360,2.438332,0.851331,0.289147,-0.000330,,,,0.201557,2.504235,0.000000,0.000000,0.274,0.069
forward,6,18.3057,2.2216,0.2000,0.00000,1442.635,1163,increasing,recovery,1382.300,1115,1408.918,-10.466,0,0,1783746511.323053360,2.438332,0.851331,0.289147,-0.000330,,,,0.201557,2.504235,0.000000,0.000000,0.274,0.069
forward,6,18.3274,2.2433,0.2000,0.00000,1442.635,1163,increasing,recovery,1382.300,1115,1408.918,-10.466,0,0,1783746511.323053360,2.438332,0.851331,0.289147,-0.000330,,,,0.201557,2.504235,0.000000,0.000000,0.274,0.069
forward,6,18.3490,2.2649,0.2000,0.00000,1442.635,1163,increasing,recovery,1382.300,1115,1408.918,-10.466,0,0,1783746511.323053360,2.438332,0.851331,0.289147,-0.000330,,,,0.201557,2.504235,0.000000,0.000000,0.274,0.069
forward,6,18.3706,2.2865,0.2000,0.00000,1442.635,1163,increasing,recovery,1382.300,1115,1408.918,-10.466,0,0,1783746511.323053360,2.438332,0.851331,0.289147,-0.000330,,,,0.201557,2.504235,0.000000,0.000000,0.280,0.072
forward,6,18.3731,2.2890,0.2000,0.00000,1442.635,1163,increasing,recovery,1380.000,1113,1408.918,-10.466,1,23,1783746511.423492670,2.435656,0.855244,0.292771,-0.003835,-0.0014412,0.0036238,-2.5144648,0.202998,2.505676,0.000000,0.000000,0.280,0.072
forward,6,18.3879,2.3038,0.2000,0.00000,1442.635,1163,increasing,recovery,1380.000,1113,1408.918,-10.466,0,0,1783746511.423492670,2.435656,0.855244,0.292771,-0.003835,,,,0.202998,2.505676,0.000000,0.000000,0.280,0.072
forward,6,18.4095,2.3254,0.2000,0.00000,1442.635,1163,increasing,recovery,1380.000,1113,1408.918,-10.466,0,0,1783746511.423492670,2.435656,0.855244,0.292771,-0.003835,,,,0.202998,2.505676,0.000000,0.000000,0.280,0.072
forward,6,18.4310,2.3469,0.2000,0.00000,1442.635,1163,increasing,recovery,1380.000,1113,1408.918,-10.466,0,0,1783746511.423492670,2.435656,0.855244,0.292771,-0.003835,,,,0.202998,2.505676,0.000000,0.000000,0.280,0.072
forward,6,18.4525,2.3684,0.2000,0.00000,1442.635,1163,increasing,recovery,1380.000,1113,1408.918,-10.466,0,0,1783746511.423492670,2.435656,0.855244,0.292771,-0.003835,,,,0.202998,2.505676,0.000000,0.000000,0.259,0.076
forward,6,18.4704,2.3863,0.2000,0.00000,1442.635,1163,increasing,recovery,1380.000,1113,1408.918,-10.466,1,24,1783746511.523789883,2.424119,0.859456,0.297304,-0.027336,-0.0098132,0.0045332,-0.4619519,0.212811,2.515489,0.000000,0.000000,0.259,0.076
forward,6,18.4780,2.3939,0.2000,0.00000,1442.635,1163,increasing,recovery,1380.000,1113,1408.918,-10.466,0,0,1783746511.523789883,2.424119,0.859456,0.297304,-0.027336,,,,0.212811,2.515489,0.000000,0.000000,0.259,0.076
forward,6,18.4997,2.4156,0.2000,0.00000,1442.635,1163,increasing,recovery,1380.000,1113,1408.918,-10.466,0,0,1783746511.523789883,2.424119,0.859456,0.297304,-0.027336,,,,0.212811,2.515489,0.000000,0.000000,0.259,0.076
forward,6,18.5212,2.4371,0.2000,0.00000,1442.635,1163,increasing,recovery,1380.000,1113,1408.918,-10.466,0,0,1783746511.523789883,2.424119,0.859456,0.297304,-0.027336,,,,0.212811,2.515489,0.000000,0.000000,0.259,0.076
forward,6,18.5429,2.4588,0.2000,0.00000,1442.635,1163,increasing,recovery,1380.000,1113,1408.918,-10.466,0,0,1783746511.523789883,2.424119,0.859456,0.297304,-0.027336,,,,0.212811,2.515489,0.000000,0.000000,0.259,0.076
forward,6,18.5645,2.4804,0.2000,0.00000,1442.635,1163,increasing,recovery,1380.000,1113,1408.918,-10.466,0,0,1783746511.523789883,2.424119,0.859456,0.297304,-0.027336,,,,0.212811,2.515489,0.000000,0.000000,0.269,0.087
forward,6,18.5705,2.4864,0.2000,0.00000,1442.635,1163,increasing,recovery,1380.000,1113,1408.918,-10.466,1,25,1783746511.621612549,2.406519,0.859395,0.327238,-0.063354,-0.0167676,0.0299337,-1.7852028,0.229579,2.532257,0.000000,0.000000,0.269,0.087
forward,6,18.5869,2.5028,0.2000,0.00000,1442.635,1163,increasing,recovery,1380.000,1113,1408.918,-10.466,0,0,1783746511.621612549,2.406519,0.859395,0.327238,-0.063354,,,,0.229579,2.532257,0.000000,0.000000,0.269,0.087
forward,6,18.6086,2.5245,0.2000,0.00000,1442.635,1163,increasing,recovery,1380.000,1113,1408.918,-10.466,0,0,1783746511.621612549,2.406519,0.859395,0.327238,-0.063354,,,,0.229579,2.532257,0.000000,0.000000,0.269,0.087
forward,6,18.6302,2.5461,0.2000,0.00000,1442.635,1163,increasing,recovery,1380.000,1113,1408.918,-10.466,0,0,1783746511.621612549,2.406519,0.859395,0.327238,-0.063354,,,,0.229579,2.532257,0.000000,0.000000,0.269,0.087
forward,6,18.6517,2.5676,0.2000,0.00000,1442.635,1163,increasing,recovery,1380.000,1113,1408.918,-10.466,0,0,1783746511.621612549,2.406519,0.859395,0.327238,-0.063354,,,,0.229579,2.532257,0.000000,0.000000,0.236,0.100
forward,6,18.6711,2.5870,0.2000,0.00000,1442.635,1163,increasing,recovery,1380.000,1113,1408.918,-10.466,1,26,1783746511.722021103,2.400813,0.821895,0.331778,-0.091170,-0.0175330,0.0045402,-0.2589528,0.247112,2.549790,0.000000,0.000000,0.236,0.100
forward,6,18.6882,2.6041,0.2000,0.00000,1442.635,1163,increasing,recovery,1380.000,1113,1408.918,-10.466,0,0,1783746511.722021103,2.400813,0.821895,0.331778,-0.091170,,,,0.247112,2.549790,0.000000,0.000000,0.236,0.100
forward,6,18.7099,2.6258,0.2000,0.00000,1442.635,1163,increasing,recovery,1380.000,1113,1408.918,-10.466,0,0,1783746511.722021103,2.400813,0.821895,0.331778,-0.091170,,,,0.247112,2.549790,0.000000,0.000000,0.236,0.100
forward,6,18.7317,2.6476,0.2000,0.00000,1442.635,1163,increasing,recovery,1380.000,1113,1408.918,-10.466,0,0,1783746511.722021103,2.400813,0.821895,0.331778,-0.091170,,,,0.247112,2.549790,0.000000,0.000000,0.236,0.100
forward,6,18.7535,2.6694,0.2000,0.00000,1442.635,1163,increasing,recovery,1380.000,1113,1408.918,-10.466,0,0,1783746511.722021103,2.400813,0.821895,0.331778,-0.091170,,,,0.247112,2.549790,0.000000,0.000000,0.245,0.124
forward,6,18.7717,2.6876,0.2000,0.00000,1442.635,1163,increasing,recovery,1380.000,1113,1408.918,-10.466,1,27,1783746511.822604895,2.445784,0.757859,0.324057,-0.013821,0.0219501,-0.0077206,-0.3517325,0.269062,2.571740,0.000000,0.000000,0.245,0.124
forward,6,18.7808,2.6967,0.2000,0.00000,1442.635,1163,increasing,recovery,1380.000,1113,1408.918,-10.466,0,0,1783746511.822604895,2.445784,0.757859,0.324057,-0.013821,,,,0.269062,2.571740,0.000000,0.000000,0.245,0.124
forward,6,18.8025,2.7184,0.2000,0.00000,1442.635,1163,increasing,recovery,1380.000,1113,1408.918,-10.466,0,0,1783746511.822604895,2.445784,0.757859,0.324057,-0.013821,,,,0.269062,2.571740,0.000000,0.000000,0.245,0.124
forward,6,18.8243,2.7402,0.2000,0.00000,1442.635,1163,increasing,recovery,1380.000,1113,1408.918,-10.466,0,0,1783746511.822604895,2.445784,0.757859,0.324057,-0.013821,,,,0.269062,2.571740,0.000000,0.000000,0.245,0.124
forward,6,18.8459,2.7618,0.2000,0.00000,1442.635,1163,increasing,recovery,1380.000,1113,1408.918,-10.466,0,0,1783746511.822604895,2.445784,0.757859,0.324057,-0.013821,,,,0.269062,2.571740,0.000000,0.000000,0.245,0.124
forward,6,18.8675,2.7834,0.2000,0.00000,1442.635,1163,increasing,recovery,1380.000,1113,1408.918,-10.466,0,0,1783746511.822604895,2.445784,0.757859,0.324057,-0.013821,,,,0.269062,2.571740,0.000000,0.000000,0.246,0.138
forward,6,18.8719,2.7878,0.2000,0.00000,1442.635,1163,increasing,recovery,1380.000,1113,1408.918,-10.466,1,28,1783746511.923032284,2.449954,0.740109,0.279499,-0.013588,-0.0012943,-0.0445582,34.4253992,0.270356,2.573034,0.000000,0.000000,0.246,0.138
forward,6,18.8884,2.8043,0.2000,0.00000,1442.635,1163,increasing,recovery,1380.000,1113,1408.918,-10.466,0,0,1783746511.923032284,2.449954,0.740109,0.279499,-0.013588,,,,0.270356,2.573034,0.000000,0.000000,0.246,0.138
forward,6,18.9100,2.8259,0.2000,0.00000,1442.635,1163,increasing,recovery,1380.000,1113,1408.918,-10.466,0,0,1783746511.923032284,2.449954,0.740109,0.279499,-0.013588,,,,0.270356,2.573034,0.000000,0.000000,0.246,0.138
forward,6,18.9316,2.8475,0.2000,0.00000,1442.635,1163,increasing,recovery,1380.000,1113,1408.918,-10.466,0,0,1783746511.923032284,2.449954,0.740109,0.279499,-0.013588,,,,0.270356,2.573034,0.000000,0.000000,0.246,0.138
forward,6,18.9531,2.8690,0.2000,0.00000,1442.635,1163,increasing,recovery,1380.000,1113,1408.918,-10.466,0,0,1783746511.923032284,2.449954,0.740109,0.279499,-0.013588,,,,0.270356,2.573034,0.000000,0.000000,0.245,0.127
forward,6,18.9695,2.8854,0.2000,0.00000,1442.635,1163,increasing,recovery,1380.000,1113,1408.918,-10.466,0,0,1783746511.923032284,2.449954,0.740109,0.279499,-0.013588,,,,0.270356,2.573034,0.000000,0.000000,0.245,0.127
