direction,block,elapsed_s,block_elapsed_s,target_speed_mps,target_curvature_1pm,steering_pulse_us,steering_tick,approach_direction,controller_state,esc_pulse_us,esc_tick,adaptive_feedforward_us,integral_trim_us,fresh_odom,transition_sample,tf_stamp,x_m,y_m,yaw_rad,measured_speed_mps,increment_ds_m,increment_dyaw_rad,instant_curvature_1pm,block_motion_m,direction_motion_m,settled_signed_distance_m,settled_heading_change_rad,front_clearance_m,rear_clearance_m
forward,1,3.0304,0.0000,0.2000,0.00000,1450.000,1169,same,startup,1422.144,1147,1419.384,0.000,1,1,1783744924.546609879,-0.464540,-0.762225,0.840667,0.008369,0.0048276,0.0017873,0.3702219,0.004828,0.004828,0.000000,0.000000,0.901,1.490
forward,1,3.0504,0.0201,0.2000,0.00000,1450.000,1169,same,startup,1422.144,1147,1419.384,0.000,0,0,1783744924.546609879,-0.464540,-0.762225,0.840667,0.008369,,,,0.004828,0.004828,0.000000,0.000000,0.901,1.490
forward,1,3.0721,0.0417,0.2000,0.00000,1450.000,1169,same,startup,1422.144,1147,1419.384,0.000,0,0,1783744924.546609879,-0.464540,-0.762225,0.840667,0.008369,,,,0.004828,0.004828,0.000000,0.000000,0.901,1.490
forward,1,3.0937,0.0634,0.2000,0.00000,1450.000,1169,same,startup,1422.144,1147,1419.384,0.000,0,0,1783744924.546609879,-0.464540,-0.762225,0.840667,0.008369,,,,0.004828,0.004828,0.000000,0.000000,0.901,1.490
forward,1,3.1153,0.0850,0.2000,0.00000,1450.000,1169,same,startup,1422.144,1147,1419.384,0.000,0,0,1783744924.546609879,-0.464540,-0.762225,0.840667,0.008369,,,,0.004828,0.004828,0.000000,0.000000,0.901,1.526
forward,1,3.1304,0.1001,0.2000,0.00000,1450.000,1169,same,startup,1420.904,1146,1419.384,0.000,1,2,1783744924.646900654,-0.465009,-0.762253,0.839995,0.005445,-0.0003337,-0.0006718,2.0129533,0.005161,0.005161,0.000000,0.000000,0.901,1.526
forward,1,3.1453,0.1149,0.2000,0.00000,1450.000,1169,same,startup,1420.904,1146,1419.384,0.000,0,0,1783744924.646900654,-0.465009,-0.762253,0.839995,0.005445,,,,0.005161,0.005161,0.000000,0.000000,0.901,1.526
forward,1,3.1669,0.1365,0.2000,0.00000,1450.000,1169,same,startup,1420.904,1146,1419.384,0.000,0,0,1783744924.646900654,-0.465009,-0.762253,0.839995,0.005445,,,,0.005161,0.005161,0.000000,0.000000,0.901,1.526
forward,1,3.1884,0.1581,0.2000,0.00000,1450.000,1169,same,startup,1420.904,1146,1419.384,0.000,0,0,1783744924.646900654,-0.465009,-0.762253,0.839995,0.005445,,,,0.005161,0.005161,0.000000,0.000000,0.901,1.526
forward,1,3.2099,0.1796,0.2000,0.00000,1450.000,1169,same,startup,1420.904,1146,1419.384,0.000,0,0,1783744924.646900654,-0.465009,-0.762253,0.839995,0.005445,,,,0.005161,0.005161,0.000000,0.000000,0.902,1.482
forward,1,3.2279,0.1976,0.2000,0.00000,1450.000,1169,same,startup,1419.664,1145,1419.384,0.000,1,3,1783744924.747126818,-0.464035,-0.763428,0.839771,0.003523,-0.0002247,-0.0002247,1.0000601,0.005386,0.005386,0.000000,0.000000,0.902,1.482
forward,1,3.2398,0.2094,0.2000,0.00000,1450.000,1169,same,startup,1419.664,1145,1419.384,0.000,0,0,1783744924.747126818,-0.464035,-0.763428,0.839771,0.003523,,,,0.005386,0.005386,0.000000,0.000000,0.902,1.482
forward,1,3.2614,0.2311,0.2000,0.00000,1450.000,1169,same,startup,1419.664,1145,1419.384,0.000,0,0,1783744924.747126818,-0.464035,-0.763428,0.839771,0.003523,,,,0.005386,0.005386,0.000000,0.000000,0.902,1.482
forward,1,3.2830,0.2526,0.2000,0.00000,1450.000,1169,same,startup,1419.664,1145,1419.384,0.000,0,0,1783744924.747126818,-0.464035,-0.763428,0.839771,0.003523,,,,0.005386,0.005386,0.000000,0.000000,0.902,1.482
forward,1,3.3045,0.2742,0.2000,0.00000,1450.000,1169,same,startup,1419.664,1145,1419.384,0.000,0,0,1783744924.747126818,-0.464035,-0.763428,0.839771,0.003523,,,,0.005386,0.005386,0.000000,0.000000,0.902,1.482
forward,1,3.3261,0.2958,0.2000,0.00000,1450.000,1169,same,startup,1419.664,1145,1419.384,0.000,0,0,1783744924.747126818,-0.464035,-0.763428,0.839771,0.003523,,,,0.005386,0.005386,0.000000,0.000000,0.905,1.481
forward,1,3.3290,0.2986,0.2000,0.00000,1450.000,1169,same,startup,1418.424,1144,1419.384,0.000,1,4,1783744924.844776392,-0.464056,-0.760165,0.840650,0.008827,0.0024157,0.0008796,0.3641242,0.007802,0.007802,0.000000,0.000000,0.905,1.481
forward,1,3.3432,0.3128,0.2000,0.00000,1450.000,1169,same,startup,1418.424,1144,1419.384,0.000,0,0,1783744924.844776392,-0.464056,-0.760165,0.840650,0.008827,,,,0.007802,0.007802,0.000000,0.000000,0.905,1.481
forward,1,3.3648,0.3345,0.2000,0.00000,1450.000,1169,same,startup,1418.424,1144,1419.384,0.000,0,0,1783744924.844776392,-0.464056,-0.760165,0.840650,0.008827,,,,0.007802,0.007802,0.000000,0.000000,0.905,1.481
forward,1,3.3863,0.3560,0.2000,0.00000,1450.000,1169,same,startup,1418.424,1144,1419.384,0.000,0,0,1783744924.844776392,-0.464056,-0.760165,0.840650,0.008827,,,,0.007802,0.007802,0.000000,0.000000,0.905,1.481
forward,1,3.4079,0.3775,0.2000,0.00000,1450.000,1169,same,startup,1418.424,1144,1419.384,0.000,0,0,1783744924.844776392,-0.464056,-0.760165,0.840650,0.008827,,,,0.007802,0.007802,0.000000,0.000000,0.907,1.466
forward,1,3.4267,0.3964,0.2000,0.00000,1450.000,1169,same,startup,1415.324,1141,1419.384,0.000,1,5,1783744924.945652246,-0.464158,-0.761513,0.839479,0.003964,-0.0010718,-0.0011714,1.0929219,0.008873,0.008873,0.000000,0.000000,0.907,1.466
forward,1,3.4375,0.4072,0.2000,0.00000,1450.000,1169,same,startup,1415.324,1141,1419.384,0.000,0,0,1783744924.945652246,-0.464158,-0.761513,0.839479,0.003964,,,,0.008873,0.008873,0.000000,0.000000,0.907,1.466
forward,1,3.4591,0.4288,0.2000,0.00000,1450.000,1169,same,startup,1415.324,1141,1419.384,0.000,0,0,1783744924.945652246,-0.464158,-0.761513,0.839479,0.003964,,,,0.008873,0.008873,0.000000,0.000000,0.907,1.466
forward,1,3.4807,0.4503,0.2000,0.00000,1450.000,1169,same,startup,1415.324,1141,1419.384,0.000,0,0,1783744924.945652246,-0.464158,-0.761513,0.839479,0.003964,,,,0.008873,0.008873,0.000000,0.000000,0.907,1.466
forward,1,3.5022,0.4719,0.2000,0.00000,1450.000,1169,same,startup,1415.324,1141,1419.384,0.000,0,0,1783744924.945652246,-0.464158,-0.761513,0.839479,0.003964,,,,0.008873,0.008873,0.000000,0.000000,0.907,1.474
forward,1,3.5245,0.4942,0.2000,0.00000,1450.000,1169,same,startup,1412.224,1139,1419.384,0.000,1,6,1783744925.043416739,-0.461337,-0.761716,0.837470,0.007411,0.0017357,-0.0020092,-1.1576019,0.010609,0.010609,0.000000,0.000000,0.907,1.474
forward,1,3.5392,0.5089,0.2000,0.00000,1450.000,1169,same,startup,1412.224,1139,1419.384,0.000,0,0,1783744925.043416739,-0.461337,-0.761716,0.837470,0.007411,,,,0.010609,0.010609,0.000000,0.000000,0.907,1.474
forward,1,3.5610,0.5306,0.2000,0.00000,1450.000,1169,same,startup,1412.224,1139,1419.384,0.000,0,0,1783744925.043416739,-0.461337,-0.761716,0.837470,0.007411,,,,0.010609,0.010609,0.000000,0.000000,0.907,1.474
forward,1,3.5827,0.5523,0.2000,0.00000,1450.000,1169,same,startup,1412.224,1139,1419.384,0.000,0,0,1783744925.043416739,-0.461337,-0.761716,0.837470,0.007411,,,,0.010609,0.010609,0.000000,0.000000,0.907,1.474
forward,1,3.6043,0.5740,0.2000,0.00000,1450.000,1169,same,startup,1412.224,1139,1419.384,0.000,0,0,1783744925.043416739,-0.461337,-0.761716,0.837470,0.007411,,,,0.010609,0.010609,0.000000,0.000000,0.907,1.471
forward,1,3.6250,0.5947,0.2000,0.00000,1450.000,1169,same,startup,1412.224,1139,1419.384,0.000,0,0,1783744925.043416739,-0.461337,-0.761716,0.837470,0.007411,,,,0.010609,0.010609,0.000000,0.000000,0.907,1.471
forward,1,3.6472,0.6169,0.2000,0.00000,1450.000,1169,same,startup,1409.124,1136,1419.384,0.000,1,7,1783744925.141216516,-0.461767,-0.760160,0.837435,0.007778,0.0008681,-0.0000345,-0.0397580,0.011477,0.011477,0.000000,0.000000,0.907,1.471
forward,1,3.6490,0.6187,0.2000,0.00000,1450.000,1169,same,startup,1409.124,1136,1419.384,0.000,0,0,1783744925.141216516,-0.461767,-0.760160,0.837435,0.007778,,,,0.011477,0.011477,0.000000,0.000000,0.907,1.471
forward,1,3.6706,0.6402,0.2000,0.00000,1450.000,1169,same,startup,1409.124,1136,1419.384,0.000,0,0,1783744925.141216516,-0.461767,-0.760160,0.837435,0.007778,,,,0.011477,0.011477,0.000000,0.000000,0.907,1.471
forward,1,3.6921,0.6617,0.2000,0.00000,1450.000,1169,same,startup,1409.124,1136,1419.384,0.000,0,0,1783744925.141216516,-0.461767,-0.760160,0.837435,0.007778,,,,0.011477,0.011477,0.000000,0.000000,0.907,1.471
forward,1,3.7137,0.6834,0.2000,0.00000,1450.000,1169,same,startup,1409.124,1136,1419.384,0.000,0,0,1783744925.141216516,-0.461767,-0.760160,0.837435,0.007778,,,,0.011477,0.011477,0.000000,0.000000,0.910,1.479
forward,1,3.7225,0.6922,0.2000,0.00000,1450.000,1169,same,startup,1406.024,1134,1419.384,0.000,1,8,1783744925.241749287,-0.459861,-0.759078,0.838316,0.011003,0.0020789,0.0008808,0.4236995,0.013556,0.013556,0.000000,0.000000,0.910,1.479
forward,1,3.7362,0.7059,0.2000,0.00000,1450.000,1169,same,startup,1406.024,1134,1419.384,0.000,0,0,1783744925.241749287,-0.459861,-0.759078,0.838316,0.011003,,,,0.013556,0.013556,0.000000,0.000000,0.910,1.479
forward,1,3.7579,0.7275,0.2000,0.00000,1450.000,1169,same,startup,1406.024,1134,1419.384,0.000,0,0,1783744925.241749287,-0.459861,-0.759078,0.838316,0.011003,,,,0.013556,0.013556,0.000000,0.000000,0.910,1.479
forward,1,3.7794,0.7491,0.2000,0.00000,1450.000,1169,same,startup,1406.024,1134,1419.384,0.000,0,0,1783744925.241749287,-0.459861,-0.759078,0.838316,0.011003,,,,0.013556,0.013556,0.000000,0.000000,0.910,1.479
forward,1,3.8011,0.7708,0.2000,0.00000,1450.000,1169,same,startup,1406.024,1134,1419.384,0.000,0,0,1783744925.241749287,-0.459861,-0.759078,0.838316,0.011003,,,,0.013556,0.013556,0.000000,0.000000,0.921,1.464
forward,1,3.8233,0.7930,0.2000,0.00000,1450.000,1169,same,startup,1402.924,1131,1419.384,0.000,1,9,1783744925.339313507,-0.456912,-0.753342,0.840282,0.024240,0.0062394,0.0019658,0.3150650,0.019796,0.019796,0.000000,0.000000,0.921,1.464
forward,1,3.8385,0.8081,0.2000,0.00000,1450.000,1169,same,startup,1402.924,1131,1419.384,0.000,0,0,1783744925.339313507,-0.456912,-0.753342,0.840282,0.024240,,,,0.019796,0.019796,0.000000,0.000000,0.921,1.464
forward,1,3.8604,0.8301,0.2000,0.00000,1450.000,1169,same,startup,1402.924,1131,1419.384,0.000,0,0,1783744925.339313507,-0.456912,-0.753342,0.840282,0.024240,,,,0.019796,0.019796,0.000000,0.000000,0.921,1.464
forward,1,3.8824,0.8520,0.2000,0.00000,1450.000,1169,same,startup,1402.924,1131,1419.384,0.000,0,0,1783744925.339313507,-0.456912,-0.753342,0.840282,0.024240,,,,0.019796,0.019796,0.000000,0.000000,0.921,1.464
forward,1,3.9044,0.8740,0.2000,0.00000,1450.000,1169,same,startup,1402.924,1131,1419.384,0.000,0,0,1783744925.339313507,-0.456912,-0.753342,0.840282,0.024240,,,,0.019796,0.019796,0.000000,0.000000,0.938,1.442
forward,1,3.9207,0.8903,0.2000,0.00000,1450.000,1169,same,rolling,1419.384,1145,1419.384,0.000,1,10,1783744925.439985752,-0.444794,-0.738698,0.841478,0.065347,0.0189935,0.0011961,0.0629760,0.038789,0.038789,0.000000,0.000000,0.938,1.442
forward,1,3.9368,0.9065,0.2000,0.00000,1450.000,1169,same,rolling,1419.384,1145,1419.384,0.000,0,0,1783744925.439985752,-0.444794,-0.738698,0.841478,0.065347,,,,0.038789,0.038789,0.000000,0.000000,0.938,1.442
forward,1,3.9586,0.9283,0.2000,0.00000,1450.000,1169,same,rolling,1419.384,1145,1419.384,0.000,0,0,1783744925.439985752,-0.444794,-0.738698,0.841478,0.065347,,,,0.038789,0.038789,0.000000,0.000000,0.938,1.442
forward,1,3.9802,0.9499,0.2000,0.00000,1450.000,1169,same,rolling,1419.384,1145,1419.384,0.000,0,0,1783744925.439985752,-0.444794,-0.738698,0.841478,0.065347,,,,0.038789,0.038789,0.000000,0.000000,0.938,1.442
forward,1,4.0018,0.9715,0.2000,0.00000,1450.000,1169,same,rolling,1419.384,1145,1419.384,0.000,0,0,1783744925.439985752,-0.444794,-0.738698,0.841478,0.065347,,,,0.038789,0.038789,0.000000,0.000000,0.964,1.405
forward,1,4.0212,0.9909,0.2000,0.00000,1450.000,1169,same,rolling,1417.509,1143,1419.144,-0.239,1,11,1783744925.537559748,-0.426954,-0.718400,0.840894,0.118245,0.0270221,-0.0005837,-0.0216011,0.065811,0.065811,0.027022,-0.000584,0.964,1.405
forward,1,4.0380,1.0077,0.2000,0.00000,1450.000,1169,same,rolling,1417.509,1143,1419.144,-0.239,0,0,1783744925.537559748,-0.426954,-0.718400,0.840894,0.118245,,,,0.065811,0.065811,0.027022,-0.000584,0.964,1.405
forward,1,4.0596,1.0293,0.2000,0.00000,1450.000,1169,same,rolling,1417.509,1143,1419.144,-0.239,0,0,1783744925.537559748,-0.426954,-0.718400,0.840894,0.118245,,,,0.065811,0.065811,0.027022,-0.000584,0.964,1.405
forward,1,4.0812,1.0508,0.2000,0.00000,1450.000,1169,same,rolling,1417.509,1143,1419.144,-0.239,0,0,1783744925.537559748,-0.426954,-0.718400,0.840894,0.118245,,,,0.065811,0.065811,0.027022,-0.000584,0.964,1.405
forward,1,4.1027,1.0724,0.2000,0.00000,1450.000,1169,same,rolling,1417.509,1143,1419.144,-0.239,0,0,1783744925.537559748,-0.426954,-0.718400,0.840894,0.118245,,,,0.065811,0.065811,0.027022,-0.000584,0.993,1.395
forward,1,4.1219,1.0916,0.2000,0.00000,1450.000,1169,same,rolling,1418.133,1144,1419.012,-0.372,1,12,1783744925.637922049,-0.407127,-0.699855,0.839627,0.156048,0.0270433,-0.0012672,-0.0468591,0.092854,0.092854,0.054065,-0.001851,0.993,1.395
forward,1,4.1319,1.1016,0.2000,0.00000,1450.000,1169,same,rolling,1418.133,1144,1419.012,-0.372,0,0,1783744925.637922049,-0.407127,-0.699855,0.839627,0.156048,,,,0.092854,0.092854,0.054065,-0.001851,0.993,1.395
forward,1,4.1535,1.1232,0.2000,0.00000,1450.000,1169,same,rolling,1418.133,1144,1419.012,-0.372,0,0,1783744925.637922049,-0.407127,-0.699855,0.839627,0.156048,,,,0.092854,0.092854,0.054065,-0.001851,0.993,1.395
forward,1,4.1750,1.1447,0.2000,0.00000,1450.000,1169,same,rolling,1418.133,1144,1419.012,-0.372,0,0,1783744925.637922049,-0.407127,-0.699855,0.839627,0.156048,,,,0.092854,0.092854,0.054065,-0.001851,0.993,1.395
forward,1,4.1965,1.1662,0.2000,0.00000,1450.000,1169,same,rolling,1418.133,1144,1419.012,-0.372,0,0,1783744925.637922049,-0.407127,-0.699855,0.839627,0.156048,,,,0.092854,0.092854,0.054065,-0.001851,0.993,1.395
forward,1,4.2180,1.1877,0.2000,0.00000,1450.000,1169,same,rolling,1418.133,1144,1419.012,-0.372,0,0,1783744925.637922049,-0.407127,-0.699855,0.839627,0.156048,,,,0.092854,0.092854,0.054065,-0.001851,1.018,1.368
forward,1,4.2219,1.1916,0.2000,0.00000,1450.000,1169,same,rolling,1418.538,1144,1418.950,-0.434,1,13,1783744925.738541365,-0.390322,-0.681210,0.839637,0.179400,0.0251001,0.0000102,0.0004057,0.117954,0.117954,0.079165,-0.001841,1.018,1.368
forward,1,4.2350,1.2047,0.2000,0.00000,1450.000,1169,same,rolling,1418.538,1144,1418.950,-0.434,0,0,1783744925.738541365,-0.390322,-0.681210,0.839637,0.179400,,,,0.117954,0.117954,0.079165,-0.001841,1.018,1.368
forward,1,4.2566,1.2263,0.2000,0.00000,1450.000,1169,same,rolling,1418.538,1144,1418.950,-0.434,0,0,1783744925.738541365,-0.390322,-0.681210,0.839637,0.179400,,,,0.117954,0.117954,0.079165,-0.001841,1.018,1.368
forward,1,4.2781,1.2478,0.2000,0.00000,1450.000,1169,same,rolling,1418.538,1144,1418.950,-0.434,0,0,1783744925.738541365,-0.390322,-0.681210,0.839637,0.179400,,,,0.117954,0.117954,0.079165,-0.001841,1.018,1.368
forward,1,4.2996,1.2693,0.2000,0.00000,1450.000,1169,same,rolling,1418.538,1144,1418.950,-0.434,0,0,1783744925.738541365,-0.390322,-0.681210,0.839637,0.179400,,,,0.117954,0.117954,0.079165,-0.001841,1.018,1.368
forward,1,4.3212,1.2909,0.2000,0.00000,1450.000,1169,same,rolling,1418.538,1144,1418.950,-0.434,0,0,1783744925.738541365,-0.390322,-0.681210,0.839637,0.179400,,,,0.117954,0.117954,0.079165,-0.001841,1.037,1.354
forward,1,4.3238,1.2934,0.2000,0.00000,1450.000,1169,same,rolling,1418.534,1144,1418.896,-0.488,1,14,1783744925.838810682,-0.378757,-0.666065,0.840998,0.181915,0.0189970,0.0013607,0.0716246,0.136951,0.136951,0.098162,-0.000480,1.037,1.354
forward,1,4.3377,1.3074,0.2000,0.00000,1450.000,1169,same,rolling,1418.534,1144,1418.896,-0.488,0,0,1783744925.838810682,-0.378757,-0.666065,0.840998,0.181915,,,,0.136951,0.136951,0.098162,-0.000480,1.037,1.354
forward,1,4.3594,1.3290,0.2000,0.00000,1450.000,1169,same,rolling,1418.534,1144,1418.896,-0.488,0,0,1783744925.838810682,-0.378757,-0.666065,0.840998,0.181915,,,,0.136951,0.136951,0.098162,-0.000480,1.037,1.354
forward,1,4.3809,1.3505,0.2000,0.00000,1450.000,1169,same,rolling,1418.534,1144,1418.896,-0.488,0,0,1783744925.838810682,-0.378757,-0.666065,0.840998,0.181915,,,,0.136951,0.136951,0.098162,-0.000480,1.037,1.354
forward,1,4.4024,1.3721,0.2000,0.00000,1450.000,1169,same,rolling,1418.534,1144,1418.896,-0.488,0,0,1783744925.838810682,-0.378757,-0.666065,0.840998,0.181915,,,,0.136951,0.136951,0.098162,-0.000480,1.054,1.373
forward,1,4.4230,1.3927,0.2000,0.00000,1450.000,1169,same,rolling,1418.355,1144,1418.825,-0.559,1,15,1783744925.939320803,-0.367378,-0.654619,0.841156,0.176526,0.0161176,0.0001581,0.0098106,0.153069,0.153069,0.114280,-0.000322,1.054,1.373
forward,1,4.4408,1.4104,0.2000,0.00000,1450.000,1169,same,rolling,1418.355,1144,1418.825,-0.559,0,0,1783744925.939320803,-0.367378,-0.654619,0.841156,0.176526,,,,0.153069,0.153069,0.114280,-0.000322,1.054,1.373
forward,1,4.4625,1.4322,0.2000,0.00000,1450.000,1169,same,rolling,1418.355,1144,1418.825,-0.559,0,0,1783744925.939320803,-0.367378,-0.654619,0.841156,0.176526,,,,0.153069,0.153069,0.114280,-0.000322,1.054,1.373
forward,1,4.4841,1.4537,0.2000,0.00000,1450.000,1169,same,rolling,1418.355,1144,1418.825,-0.559,0,0,1783744925.939320803,-0.367378,-0.654619,0.841156,0.176526,,,,0.153069,0.153069,0.114280,-0.000322,1.054,1.373
forward,1,4.5057,1.4754,0.2000,0.00000,1450.000,1169,same,rolling,1418.355,1144,1418.825,-0.559,0,0,1783744925.939320803,-0.367378,-0.654619,0.841156,0.176526,,,,0.153069,0.153069,0.114280,-0.000322,1.069,1.355
forward,1,4.5237,1.4933,0.2000,0.00000,1450.000,1169,same,rolling,1418.262,1144,1418.751,-0.633,1,16,1783744926.039700270,-0.356413,-0.641172,0.842272,0.175564,0.0173333,0.0011166,0.0644205,0.170402,0.170402,0.131613,0.000795,1.069,1.355
forward,1,4.5377,1.5074,0.2000,0.00000,1450.000,1169,same,rolling,1418.262,1144,1418.751,-0.633,0,0,1783744926.039700270,-0.356413,-0.641172,0.842272,0.175564,,,,0.170402,0.170402,0.131613,0.000795,1.069,1.355
forward,1,4.5593,1.5290,0.2000,0.00000,1450.000,1169,same,rolling,1418.262,1144,1418.751,-0.633,0,0,1783744926.039700270,-0.356413,-0.641172,0.842272,0.175564,,,,0.170402,0.170402,0.131613,0.000795,1.069,1.355
forward,1,4.5809,1.5506,0.2000,0.00000,1450.000,1169,same,rolling,1418.262,1144,1418.751,-0.633,0,0,1783744926.039700270,-0.356413,-0.641172,0.842272,0.175564,,,,0.170402,0.170402,0.131613,0.000795,1.069,1.355
forward,1,4.6025,1.5721,0.2000,0.00000,1450.000,1169,same,rolling,1418.262,1144,1418.751,-0.633,0,0,1783744926.039700270,-0.356413,-0.641172,0.842272,0.175564,,,,0.170402,0.170402,0.131613,0.000795,1.082,1.367
forward,1,4.6239,1.5936,0.2000,0.00000,1450.000,1169,same,rolling,1417.774,1143,1418.623,-0.761,1,17,1783744926.140349865,-0.349208,-0.633635,0.842300,0.157557,0.0104208,0.0000278,0.0026691,0.180823,0.180823,0.142034,0.000822,1.082,1.367
forward,1,4.6400,1.6097,0.2000,0.00000,1450.000,1169,same,rolling,1417.774,1143,1418.623,-0.761,0,0,1783744926.140349865,-0.349208,-0.633635,0.842300,0.157557,,,,0.180823,0.180823,0.142034,0.000822,1.082,1.367
forward,1,4.6617,1.6313,0.2000,0.00000,1450.000,1169,same,rolling,1417.774,1143,1418.623,-0.761,0,0,1783744926.140349865,-0.349208,-0.633635,0.842300,0.157557,,,,0.180823,0.180823,0.142034,0.000822,1.082,1.367
forward,1,4.6832,1.6528,0.2000,0.00000,1450.000,1169,same,rolling,1417.774,1143,1418.623,-0.761,0,0,1783744926.140349865,-0.349208,-0.633635,0.842300,0.157557,,,,0.180823,0.180823,0.142034,0.000822,1.082,1.367
forward,1,4.7047,1.6744,0.2000,0.00000,1450.000,1169,same,rolling,1417.774,1143,1418.623,-0.761,0,0,1783744926.140349865,-0.349208,-0.633635,0.842300,0.157557,,,,0.180823,0.180823,0.142034,0.000822,1.097,1.372
forward,1,4.7239,1.6936,0.2000,0.00000,1450.000,1169,same,rolling,1417.755,1143,1418.509,-0.874,1,18,1783744926.240726709,-0.338319,-0.619621,0.843733,0.162268,0.0177065,0.0014330,0.0809318,0.198530,0.198530,0.159741,0.002255,1.097,1.372
forward,1,4.7452,1.7149,0.2000,0.00000,1450.000,1169,same,rolling,1417.755,1143,1418.509,-0.874,0,0,1783744926.240726709,-0.338319,-0.619621,0.843733,0.162268,,,,0.198530,0.198530,0.159741,0.002255,1.097,1.372
forward,1,4.7669,1.7366,0.2000,0.00000,1450.000,1169,same,rolling,1417.755,1143,1418.509,-0.874,0,0,1783744926.240726709,-0.338319,-0.619621,0.843733,0.162268,,,,0.198530,0.198530,0.159741,0.002255,1.097,1.372
forward,1,4.7885,1.7581,0.2000,0.00000,1450.000,1169,same,rolling,1417.755,1143,1418.509,-0.874,0,0,1783744926.240726709,-0.338319,-0.619621,0.843733,0.162268,,,,0.198530,0.198530,0.159741,0.002255,1.097,1.372
forward,1,4.8104,1.7801,0.2000,0.00000,1450.000,1169,same,rolling,1417.755,1143,1418.509,-0.874,0,0,1783744926.240726709,-0.338319,-0.619621,0.843733,0.162268,,,,0.198530,0.198530,0.159741,0.002255,1.110,1.380
forward,1,4.8241,1.7938,0.2000,0.00000,1450.000,1169,same,rolling,1417.285,1143,1418.350,-1.034,1,19,1783744926.340746164,-0.331169,-0.612563,0.843760,0.146762,0.0100264,0.0000262,0.0026176,0.208556,0.208556,0.169767,0.002282,1.110,1.380
forward,1,4.8338,1.8035,0.2000,0.00000,1450.000,1169,same,rolling,1417.285,1143,1418.350,-1.034,0,0,1783744926.340746164,-0.331169,-0.612563,0.843760,0.146762,,,,0.208556,0.208556,0.169767,0.002282,1.110,1.380
forward,1,4.8557,1.8254,0.2000,0.00000,1450.000,1169,same,rolling,1417.285,1143,1418.350,-1.034,0,0,1783744926.340746164,-0.331169,-0.612563,0.843760,0.146762,,,,0.208556,0.208556,0.169767,0.002282,1.110,1.380
forward,1,4.8773,1.8470,0.2000,0.00000,1450.000,1169,same,rolling,1417.285,1143,1418.350,-1.034,0,0,1783744926.340746164,-0.331169,-0.612563,0.843760,0.146762,,,,0.208556,0.208556,0.169767,0.002282,1.110,1.380
forward,1,4.8989,1.8686,0.2000,0.00000,1450.000,1169,same,rolling,1417.285,1143,1418.350,-1.034,0,0,1783744926.340746164,-0.331169,-0.612563,0.843760,0.146762,,,,0.208556,0.208556,0.169767,0.002282,1.110,1.380
forward,1,4.9206,1.8903,0.2000,0.00000,1450.000,1169,same,rolling,1417.285,1143,1418.350,-1.034,0,0,1783744926.340746164,-0.331169,-0.612563,0.843760,0.146762,,,,0.208556,0.208556,0.169767,0.002282,1.125,1.344
forward,1,4.9250,1.8947,0.2000,0.00000,1450.000,1169,same,rolling,1417.057,1143,1418.181,-1.203,1,20,1783744926.441008329,-0.323249,-0.601492,0.844484,0.143823,0.0135360,0.0007241,0.0534935,0.222092,0.222092,0.183303,0.003006,1.125,1.344
forward,1,4.9390,1.9087,0.2000,0.00000,1450.000,1169,same,rolling,1417.057,1143,1418.181,-1.203,0,0,1783744926.441008329,-0.323249,-0.601492,0.844484,0.143823,,,,0.222092,0.222092,0.183303,0.003006,1.125,1.344
forward,1,4.9607,1.9304,0.2000,0.00000,1450.000,1169,same,rolling,1417.057,1143,1418.181,-1.203,0,0,1783744926.441008329,-0.323249,-0.601492,0.844484,0.143823,,,,0.222092,0.222092,0.183303,0.003006,1.125,1.344
forward,1,4.9823,1.9519,0.2000,0.00000,1450.000,1169,same,rolling,1417.057,1143,1418.181,-1.203,0,0,1783744926.441008329,-0.323249,-0.601492,0.844484,0.143823,,,,0.222092,0.222092,0.183303,0.003006,1.125,1.344
forward,1,5.0039,1.9735,0.2000,0.00000,1450.000,1169,same,rolling,1417.057,1143,1418.181,-1.203,0,0,1783744926.441008329,-0.323249,-0.601492,0.844484,0.143823,,,,0.222092,0.222092,0.183303,0.003006,1.144,1.345
forward,1,5.0256,1.9952,0.2000,0.00000,1450.000,1169,same,rolling,1417.152,1143,1418.046,-1.338,1,21,1783744926.541664362,-0.309173,-0.588449,0.842477,0.155308,0.0191010,-0.0020063,-0.1050369,0.241193,0.241193,0.202404,0.000999,1.144,1.345
forward,1,5.0449,2.0146,0.2000,0.00000,1450.000,1169,same,rolling,1417.152,1143,1418.046,-1.338,0,0,1783744926.541664362,-0.309173,-0.588449,0.842477,0.155308,,,,0.241193,0.241193,0.202404,0.000999,1.144,1.345
forward,1,5.0665,2.0362,0.2000,0.00000,1450.000,1169,same,rolling,1417.152,1143,1418.046,-1.338,0,0,1783744926.541664362,-0.309173,-0.588449,0.842477,0.155308,,,,0.241193,0.241193,0.202404,0.000999,1.144,1.345
forward,1,5.0881,2.0578,0.2000,0.00000,1450.000,1169,same,rolling,1417.152,1143,1418.046,-1.338,0,0,1783744926.541664362,-0.309173,-0.588449,0.842477,0.155308,,,,0.241193,0.241193,0.202404,0.000999,1.144,1.345
forward,1,5.1096,2.0793,0.2000,0.00000,1450.000,1169,same,rolling,1417.152,1143,1418.046,-1.338,0,0,1783744926.541664362,-0.309173,-0.588449,0.842477,0.155308,,,,0.241193,0.241193,0.202404,0.000999,1.165,1.325
forward,1,5.1281,2.0978,0.2000,0.00000,1450.000,1169,same,rolling,1417.152,1143,1418.046,-1.338,0,0,1783744926.541664362,-0.309173,-0.588449,0.842477,0.155308,,,,0.241193,0.241193,0.202404,0.000999,1.165,1.325
forward,1,5.1501,2.1197,0.2000,0.00000,1450.000,1169,same,rolling,1417.354,1143,1417.955,-1.429,1,22,1783744926.642267942,-0.296738,-0.570706,0.844121,0.169959,0.0215202,0.0016440,0.0763944,0.262713,0.262713,0.223924,0.002644,1.165,1.325
forward,1,5.1520,2.1217,0.2000,0.00000,1450.000,1169,same,rolling,1417.354,1143,1417.955,-1.429,0,0,1783744926.642267942,-0.296738,-0.570706,0.844121,0.169959,,,,0.262713,0.262713,0.223924,0.002644,1.165,1.325
forward,1,5.1737,2.1434,0.2000,0.00000,1450.000,1169,same,rolling,1417.354,1143,1417.955,-1.429,0,0,1783744926.642267942,-0.296738,-0.570706,0.844121,0.169959,,,,0.262713,0.262713,0.223924,0.002644,1.165,1.325
forward,1,5.1953,2.1649,0.2000,0.00000,1450.000,1169,same,rolling,1417.354,1143,1417.955,-1.429,0,0,1783744926.642267942,-0.296738,-0.570706,0.844121,0.169959,,,,0.262713,0.262713,0.223924,0.002644,1.165,1.325
forward,1,5.2168,2.1865,0.2000,0.00000,1450.000,1169,same,rolling,1417.354,1143,1417.955,-1.429,0,0,1783744926.642267942,-0.296738,-0.570706,0.844121,0.169959,,,,0.262713,0.262713,0.223924,0.002644,1.183,1.864
forward,1,5.2286,2.1983,0.2000,0.00000,1450.000,1169,same,rolling,1417.417,1143,1417.883,-1.501,1,23,1783744926.744904280,-0.283343,-0.555589,0.843925,0.176667,0.0201978,-0.0001961,-0.0097071,0.282911,0.282911,0.244122,0.002447,1.183,1.864
forward,1,5.2411,2.2107,0.2000,0.00000,1450.000,1169,same,rolling,1417.417,1143,1417.883,-1.501,0,0,1783744926.744904280,-0.283343,-0.555589,0.843925,0.176667,,,,0.282911,0.282911,0.244122,0.002447,1.183,1.864
forward,1,5.2627,2.2324,0.2000,0.00000,1450.000,1169,same,rolling,1417.417,1143,1417.883,-1.501,0,0,1783744926.744904280,-0.283343,-0.555589,0.843925,0.176667,,,,0.282911,0.282911,0.244122,0.002447,1.183,1.864
forward,1,5.2842,2.2539,0.2000,0.00000,1450.000,1169,same,rolling,1417.417,1143,1417.883,-1.501,0,0,1783744926.744904280,-0.283343,-0.555589,0.843925,0.176667,,,,0.282911,0.282911,0.244122,0.002447,1.183,1.864
forward,1,5.3058,2.2754,0.2000,0.00000,1450.000,1169,same,rolling,1417.417,1143,1417.883,-1.501,0,0,1783744926.744904280,-0.283343,-0.555589,0.843925,0.176667,,,,0.282911,0.282911,0.244122,0.002447,1.203,1.844
forward,1,5.3263,2.2959,0.2000,0.00000,1450.000,1169,same,rolling,1417.350,1143,1417.813,-1.570,1,24,1783744926.845309019,-0.270671,-0.543045,0.840193,0.176813,0.0177971,-0.0037327,-0.2097353,0.300708,0.300708,0.261919,-0.001285,1.203,1.844
forward,1,5.3442,2.3138,0.2000,0.00000,1450.000,1169,same,rolling,1417.350,1143,1417.813,-1.570,0,0,1783744926.845309019,-0.270671,-0.543045,0.840193,0.176813,,,,0.300708,0.300708,0.261919,-0.001285,1.203,1.844
forward,1,5.3658,2.3354,0.2000,0.00000,1450.000,1169,same,rolling,1417.350,1143,1417.813,-1.570,0,0,1783744926.845309019,-0.270671,-0.543045,0.840193,0.176813,,,,0.300708,0.300708,0.261919,-0.001285,1.203,1.844
forward,1,5.3873,2.3570,0.2000,0.00000,1450.000,1169,same,rolling,1417.350,1143,1417.813,-1.570,0,0,1783744926.845309019,-0.270671,-0.543045,0.840193,0.176813,,,,0.300708,0.300708,0.261919,-0.001285,1.203,1.844
forward,1,5.4088,2.3785,0.2000,0.00000,1450.000,1169,same,rolling,1417.350,1143,1417.813,-1.570,0,0,1783744926.845309019,-0.270671,-0.543045,0.840193,0.176813,,,,0.300708,0.300708,0.261919,-0.001285,1.222,1.520
forward,1,5.4270,2.3967,0.2000,0.00000,1450.000,1169,same,rolling,1417.335,1143,1417.752,-1.632,1,25,1783744926.943139791,-0.259821,-0.528324,0.843759,0.179137,0.0182071,0.0035666,0.1958901,0.318915,0.318915,0.280126,0.002281,1.222,1.520
forward,1,5.4419,2.4115,0.2000,0.00000,1450.000,1169,same,rolling,1417.335,1143,1417.752,-1.632,0,0,1783744926.943139791,-0.259821,-0.528324,0.843759,0.179137,,,,0.318915,0.318915,0.280126,0.002281,1.222,1.520
forward,1,5.4635,2.4332,0.2000,0.00000,1450.000,1169,same,rolling,1417.335,1143,1417.752,-1.632,0,0,1783744926.943139791,-0.259821,-0.528324,0.843759,0.179137,,,,0.318915,0.318915,0.280126,0.002281,1.222,1.520
forward,1,5.4850,2.4547,0.2000,0.00000,1450.000,1169,same,rolling,1417.335,1143,1417.752,-1.632,0,0,1783744926.943139791,-0.259821,-0.528324,0.843759,0.179137,,,,0.318915,0.318915,0.280126,0.002281,1.222,1.520
forward,1,5.5065,2.4762,0.2000,0.00000,1450.000,1169,same,rolling,1417.335,1143,1417.752,-1.632,0,0,1783744926.943139791,-0.259821,-0.528324,0.843759,0.179137,,,,0.318915,0.318915,0.280126,0.002281,1.245,1.799
forward,1,5.5270,2.4967,0.2000,0.00000,1450.000,1169,same,rolling,1417.810,1143,1417.760,-1.624,1,26,1783744927.043743134,-0.241966,-0.507496,0.843188,0.202514,0.0274289,-0.0005714,-0.0208310,0.346344,0.346344,0.307555,0.001710,1.245,1.799
forward,2,5.5438,0.0000,0.2000,0.30000,1542.308,1244,increasing,rolling,1417.810,1143,1417.760,-1.624,0,0,1783744927.043743134,-0.241966,-0.507496,0.843188,0.202514,,,,0.000000,0.346344,0.000000,0.000000,1.245,1.799
forward,2,5.5655,0.0218,0.2000,0.30000,1542.308,1244,increasing,rolling,1417.810,1143,1417.760,-1.624,0,0,1783744927.043743134,-0.241966,-0.507496,0.843188,0.202514,,,,0.000000,0.346344,0.000000,0.000000,1.245,1.799
forward,2,5.5872,0.0434,0.2000,0.30000,1542.308,1244,increasing,rolling,1417.810,1143,1417.760,-1.624,0,0,1783744927.043743134,-0.241966,-0.507496,0.843188,0.202514,,,,0.000000,0.346344,0.000000,0.000000,1.245,1.799
forward,2,5.6089,0.0651,0.2000,0.30000,1542.308,1244,increasing,rolling,1417.810,1143,1417.760,-1.624,0,0,1783744927.043743134,-0.241966,-0.507496,0.843188,0.202514,,,,0.000000,0.346344,0.000000,0.000000,1.267,1.466
forward,2,5.6273,0.0836,0.2000,0.30000,1542.308,1244,increasing,rolling,1417.718,1143,1417.754,-1.629,1,1,1783744927.143819571,-0.228797,-0.494397,0.843355,0.198200,0.0185400,0.0001667,0.0089933,0.018540,0.364884,0.000000,0.000000,1.267,1.466
forward,2,5.6483,0.1045,0.2000,0.30000,1542.308,1244,increasing,rolling,1417.718,1143,1417.754,-1.629,0,0,1783744927.143819571,-0.228797,-0.494397,0.843355,0.198200,,,,0.018540,0.364884,0.000000,0.000000,1.267,1.466
forward,2,5.6705,0.1267,0.2000,0.30000,1542.308,1244,increasing,rolling,1417.718,1143,1417.754,-1.629,0,0,1783744927.143819571,-0.228797,-0.494397,0.843355,0.198200,,,,0.018540,0.364884,0.000000,0.000000,1.267,1.466
forward,2,5.6923,0.1485,0.2000,0.30000,1542.308,1244,increasing,rolling,1417.718,1143,1417.754,-1.629,0,0,1783744927.143819571,-0.228797,-0.494397,0.843355,0.198200,,,,0.018540,0.364884,0.000000,0.000000,1.267,1.466
forward,2,5.7139,0.1701,0.2000,0.30000,1542.308,1244,increasing,rolling,1417.718,1143,1417.754,-1.629,0,0,1783744927.143819571,-0.228797,-0.494397,0.843355,0.198200,,,,0.018540,0.364884,0.000000,0.000000,1.288,1.452
forward,2,5.7257,0.1820,0.2000,0.30000,1542.308,1244,increasing,rolling,1417.688,1143,1417.746,-1.638,1,2,1783744927.244137526,-0.216576,-0.479243,0.848885,0.197116,0.0194479,0.0055307,0.2843864,0.037988,0.384332,0.000000,0.000000,1.288,1.452
forward,2,5.7402,0.1965,0.2000,0.30000,1542.308,1244,increasing,rolling,1417.688,1143,1417.746,-1.638,0,0,1783744927.244137526,-0.216576,-0.479243,0.848885,0.197116,,,,0.037988,0.384332,0.000000,0.000000,1.288,1.452
forward,2,5.7619,0.2181,0.2000,0.30000,1542.308,1244,increasing,rolling,1417.688,1143,1417.746,-1.638,0,0,1783744927.244137526,-0.216576,-0.479243,0.848885,0.197116,,,,0.037988,0.384332,0.000000,0.000000,1.288,1.452
forward,2,5.7835,0.2398,0.2000,0.30000,1542.308,1244,increasing,rolling,1417.688,1143,1417.746,-1.638,0,0,1783744927.244137526,-0.216576,-0.479243,0.848885,0.197116,,,,0.037988,0.384332,0.000000,0.000000,1.288,1.452
forward,2,5.8051,0.2613,0.2000,0.30000,1542.308,1244,increasing,rolling,1417.688,1143,1417.746,-1.638,0,0,1783744927.244137526,-0.216576,-0.479243,0.848885,0.197116,,,,0.037988,0.384332,0.000000,0.000000,1.310,1.434
forward,2,5.8260,0.2822,0.2000,0.30000,1542.308,1244,increasing,rolling,1417.966,1144,1417.774,-1.610,1,3,1783744927.342413902,-0.199688,-0.461769,0.850468,0.209585,0.0242736,0.0015831,0.0652170,0.062262,0.408606,0.000000,0.000000,1.310,1.434
forward,2,5.8445,0.3007,0.2000,0.30000,1542.308,1244,increasing,rolling,1417.966,1144,1417.774,-1.610,0,0,1783744927.342413902,-0.199688,-0.461769,0.850468,0.209585,,,,0.062262,0.408606,0.000000,0.000000,1.310,1.434
forward,2,5.8661,0.3223,0.2000,0.30000,1542.308,1244,increasing,rolling,1417.966,1144,1417.774,-1.610,0,0,1783744927.342413902,-0.199688,-0.461769,0.850468,0.209585,,,,0.062262,0.408606,0.000000,0.000000,1.310,1.434
forward,2,5.8876,0.3438,0.2000,0.30000,1542.308,1244,increasing,rolling,1417.966,1144,1417.774,-1.610,0,0,1783744927.342413902,-0.199688,-0.461769,0.850468,0.209585,,,,0.062262,0.408606,0.000000,0.000000,1.310,1.434
forward,2,5.9094,0.3656,0.2000,0.30000,1542.308,1244,increasing,rolling,1417.966,1144,1417.774,-1.610,0,0,1783744927.342413902,-0.199688,-0.461769,0.850468,0.209585,,,,0.062262,0.408606,0.000000,0.000000,1.332,1.710
forward,2,5.9277,0.3839,0.2000,0.30000,1542.308,1244,increasing,rolling,1418.078,1144,1417.814,-1.570,1,4,1783744927.442765236,-0.185071,-0.444678,0.856123,0.213213,0.0224886,0.0056550,0.2514609,0.084750,0.431094,0.000000,0.000000,1.332,1.710
forward,2,5.9488,0.4050,0.2000,0.30000,1542.308,1244,increasing,rolling,1418.078,1144,1417.814,-1.570,0,0,1783744927.442765236,-0.185071,-0.444678,0.856123,0.213213,,,,0.084750,0.431094,0.000000,0.000000,1.332,1.710
forward,2,5.9709,0.4272,0.2000,0.30000,1542.308,1244,increasing,rolling,1418.078,1144,1417.814,-1.570,0,0,1783744927.442765236,-0.185071,-0.444678,0.856123,0.213213,,,,0.084750,0.431094,0.000000,0.000000,1.332,1.710
forward,2,5.9928,0.4490,0.2000,0.30000,1542.308,1244,increasing,rolling,1418.078,1144,1417.814,-1.570,0,0,1783744927.442765236,-0.185071,-0.444678,0.856123,0.213213,,,,0.084750,0.431094,0.000000,0.000000,1.332,1.710
forward,2,6.0144,0.4706,0.2000,0.30000,1542.308,1244,increasing,rolling,1418.078,1144,1417.814,-1.570,0,0,1783744927.442765236,-0.185071,-0.444678,0.856123,0.213213,,,,0.084750,0.431094,0.000000,0.000000,1.352,1.691
forward,2,6.0268,0.4830,0.2000,0.30000,1542.308,1244,increasing,rolling,1418.471,1144,1417.900,-1.483,1,5,1783744927.544304609,-0.167169,-0.423327,0.864673,0.228504,0.0278600,0.0085493,0.3068666,0.112610,0.458954,0.000000,0.000000,1.352,1.691
forward,2,6.0404,0.4966,0.2000,0.30000,1542.308,1244,increasing,rolling,1418.471,1144,1417.900,-1.483,0,0,1783744927.544304609,-0.167169,-0.423327,0.864673,0.228504,,,,0.112610,0.458954,0.000000,0.000000,1.352,1.691
forward,2,6.0622,0.5185,0.2000,0.30000,1542.308,1244,increasing,rolling,1418.471,1144,1417.900,-1.483,0,0,1783744927.544304609,-0.167169,-0.423327,0.864673,0.228504,,,,0.112610,0.458954,0.000000,0.000000,1.352,1.691
forward,2,6.0838,0.5401,0.2000,0.30000,1542.308,1244,increasing,rolling,1418.471,1144,1417.900,-1.483,0,0,1783744927.544304609,-0.167169,-0.423327,0.864673,0.228504,,,,0.112610,0.458954,0.000000,0.000000,1.352,1.691
forward,2,6.1055,0.5618,0.2000,0.30000,1542.308,1244,increasing,rolling,1418.471,1144,1417.900,-1.483,0,0,1783744927.544304609,-0.167169,-0.423327,0.864673,0.228504,,,,0.112610,0.458954,0.000000,0.000000,1.370,1.676
forward,2,6.1249,0.5811,0.2000,0.30000,1542.308,1244,increasing,rolling,1418.471,1144,1417.900,-1.483,0,0,1783744927.544304609,-0.167169,-0.423327,0.864673,0.228504,,,,0.112610,0.458954,0.000000,0.000000,1.370,1.676
forward,2,6.1470,0.6032,0.2000,0.30000,1542.308,1244,increasing,rolling,1417.993,1144,1417.913,-1.471,1,6,1783744927.643644810,-0.158324,-0.413808,0.870023,0.204046,0.0129810,0.0053507,0.4121970,0.125591,0.471935,0.012981,0.005351,1.370,1.676
forward,2,6.1489,0.6051,0.2000,0.30000,1542.308,1244,increasing,rolling,1417.993,1144,1417.913,-1.471,0,0,1783744927.643644810,-0.158324,-0.413808,0.870023,0.204046,,,,0.125591,0.471935,0.012981,0.005351,1.370,1.676
forward,2,6.1705,0.6267,0.2000,0.30000,1542.308,1244,increasing,rolling,1417.993,1144,1417.913,-1.471,0,0,1783744927.643644810,-0.158324,-0.413808,0.870023,0.204046,,,,0.125591,0.471935,0.012981,0.005351,1.370,1.676
forward,2,6.1920,0.6483,0.2000,0.30000,1542.308,1244,increasing,rolling,1417.993,1144,1417.913,-1.471,0,0,1783744927.643644810,-0.158324,-0.413808,0.870023,0.204046,,,,0.125591,0.471935,0.012981,0.005351,1.370,1.676
forward,2,6.2135,0.6698,0.2000,0.30000,1542.308,1244,increasing,rolling,1417.993,1144,1417.913,-1.471,0,0,1783744927.643644810,-0.158324,-0.413808,0.870023,0.204046,,,,0.125591,0.471935,0.012981,0.005351,1.363,1.371
forward,2,6.2252,0.6814,0.2000,0.30000,1542.308,1244,increasing,rolling,1417.688,1143,1417.884,-1.500,1,7,1783744927.741599798,-0.149794,-0.401940,0.875768,0.190233,0.0145750,0.0057445,0.3941319,0.140166,0.486510,0.027556,0.011095,1.363,1.371
forward,2,6.2346,0.6908,0.2000,0.30000,1542.308,1244,increasing,rolling,1417.688,1143,1417.884,-1.500,0,0,1783744927.741599798,-0.149794,-0.401940,0.875768,0.190233,,,,0.140166,0.486510,0.027556,0.011095,1.363,1.371
forward,2,6.2563,0.7125,0.2000,0.30000,1542.308,1244,increasing,rolling,1417.688,1143,1417.884,-1.500,0,0,1783744927.741599798,-0.149794,-0.401940,0.875768,0.190233,,,,0.140166,0.486510,0.027556,0.011095,1.363,1.371
forward,2,6.2779,0.7341,0.2000,0.30000,1542.308,1244,increasing,rolling,1417.688,1143,1417.884,-1.500,0,0,1783744927.741599798,-0.149794,-0.401940,0.875768,0.190233,,,,0.140166,0.486510,0.027556,0.011095,1.363,1.371
forward,2,6.2994,0.7557,0.2000,0.30000,1542.308,1244,increasing,rolling,1417.688,1143,1417.884,-1.500,0,0,1783744927.741599798,-0.149794,-0.401940,0.875768,0.190233,,,,0.140166,0.486510,0.027556,0.011095,1.363,1.371
forward,2,6.3210,0.7772,0.2000,0.30000,1542.308,1244,increasing,rolling,1417.688,1143,1417.884,-1.500,0,0,1783744927.741599798,-0.149794,-0.401940,0.875768,0.190233,,,,0.140166,0.486510,0.027556,0.011095,1.345,1.350
forward,2,6.3256,0.7818,0.2000,0.30000,1542.308,1244,increasing,rolling,1417.260,1143,1417.802,-1.582,1,8,1783744927.841964722,-0.142325,-0.392379,0.880248,0.172882,0.0121271,0.0044803,0.3694453,0.152293,0.498638,0.039683,0.015576,1.345,1.350
forward,2,6.3385,0.7948,0.2000,0.30000,1542.308,1244,increasing,rolling,1417.260,1143,1417.802,-1.582,0,0,1783744927.841964722,-0.142325,-0.392379,0.880248,0.172882,,,,0.152293,0.498638,0.039683,0.015576,1.345,1.350
forward,2,6.3603,0.8166,0.2000,0.30000,1542.308,1244,increasing,rolling,1417.260,1143,1417.802,-1.582,0,0,1783744927.841964722,-0.142325,-0.392379,0.880248,0.172882,,,,0.152293,0.498638,0.039683,0.015576,1.345,1.350
forward,2,6.3819,0.8381,0.2000,0.30000,1542.308,1244,increasing,rolling,1417.260,1143,1417.802,-1.582,0,0,1783744927.841964722,-0.142325,-0.392379,0.880248,0.172882,,,,0.152293,0.498638,0.039683,0.015576,1.345,1.350
forward,2,6.4035,0.8597,0.2000,0.30000,1542.308,1244,increasing,rolling,1417.260,1143,1417.802,-1.582,0,0,1783744927.841964722,-0.142325,-0.392379,0.880248,0.172882,,,,0.152293,0.498638,0.039683,0.015576,1.345,1.357
forward,2,6.4241,0.8803,0.2000,0.30000,1542.308,1244,increasing,rolling,1417.263,1143,1417.732,-1.652,1,9,1783744927.942323685,-0.131081,-0.377236,0.886212,0.176589,0.0188384,0.0059637,0.3165688,0.171132,0.517476,0.058522,0.021539,1.345,1.357
forward,2,6.4333,0.8895,0.2000,0.30000,1542.308,1244,increasing,rolling,1417.263,1143,1417.732,-1.652,0,0,1783744927.942323685,-0.131081,-0.377236,0.886212,0.176589,,,,0.171132,0.517476,0.058522,0.021539,1.345,1.357
forward,2,6.4549,0.9111,0.2000,0.30000,1542.308,1244,increasing,rolling,1417.263,1143,1417.732,-1.652,0,0,1783744927.942323685,-0.131081,-0.377236,0.886212,0.176589,,,,0.171132,0.517476,0.058522,0.021539,1.345,1.357
forward,2,6.4765,0.9327,0.2000,0.30000,1542.308,1244,increasing,rolling,1417.263,1143,1417.732,-1.652,0,0,1783744927.942323685,-0.131081,-0.377236,0.886212,0.176589,,,,0.171132,0.517476,0.058522,0.021539,1.345,1.357
forward,2,6.4981,0.9543,0.2000,0.30000,1542.308,1244,increasing,rolling,1417.263,1143,1417.732,-1.652,0,0,1783744927.942323685,-0.131081,-0.377236,0.886212,0.176589,,,,0.171132,0.517476,0.058522,0.021539,1.345,1.357
forward,2,6.5196,0.9758,0.2000,0.30000,1542.308,1244,increasing,rolling,1417.263,1143,1417.732,-1.652,0,0,1783744927.942323685,-0.131081,-0.377236,0.886212,0.176589,,,,0.171132,0.517476,0.058522,0.021539,1.337,1.325
forward,2,6.5240,0.9803,0.2000,0.30000,1542.308,1244,increasing,rolling,1416.980,1143,1417.635,-1.748,1,10,1783744928.040329218,-0.120743,-0.368073,0.888607,0.167218,0.0136329,0.0023950,0.1756765,0.184765,0.531109,0.072155,0.023934,1.337,1.325
forward,2,6.5370,0.9932,0.2000,0.30000,1542.308,1244,increasing,rolling,1416.980,1143,1417.635,-1.748,0,0,1783744928.040329218,-0.120743,-0.368073,0.888607,0.167218,,,,0.184765,0.531109,0.072155,0.023934,1.337,1.325
forward,2,6.5586,1.0148,0.2000,0.30000,1542.308,1244,increasing,rolling,1416.980,1143,1417.635,-1.748,0,0,1783744928.040329218,-0.120743,-0.368073,0.888607,0.167218,,,,0.184765,0.531109,0.072155,0.023934,1.337,1.325
forward,2,6.5802,1.0364,0.2000,0.30000,1542.308,1244,increasing,rolling,1416.980,1143,1417.635,-1.748,0,0,1783744928.040329218,-0.120743,-0.368073,0.888607,0.167218,,,,0.184765,0.531109,0.072155,0.023934,1.337,1.325
forward,2,6.6017,1.0580,0.2000,0.30000,1542.308,1244,increasing,rolling,1416.980,1143,1417.635,-1.748,0,0,1783744928.040329218,-0.120743,-0.368073,0.888607,0.167218,,,,0.184765,0.531109,0.072155,0.023934,1.346,1.316
forward,2,6.6215,1.0777,0.2000,0.30000,1542.308,1244,increasing,rolling,1416.735,1143,1417.517,-1.866,1,11,1783744928.140747309,-0.111194,-0.357478,0.892244,0.160874,0.0142436,0.0036372,0.2553566,0.199008,0.545353,0.086398,0.027571,1.346,1.316
forward,2,6.6394,1.0956,0.2000,0.30000,1542.308,1244,increasing,rolling,1416.735,1143,1417.517,-1.866,0,0,1783744928.140747309,-0.111194,-0.357478,0.892244,0.160874,,,,0.199008,0.545353,0.086398,0.027571,1.346,1.316
forward,2,6.6610,1.1172,0.2000,0.30000,1542.308,1244,increasing,rolling,1416.735,1143,1417.517,-1.866,0,0,1783744928.140747309,-0.111194,-0.357478,0.892244,0.160874,,,,0.199008,0.545353,0.086398,0.027571,1.346,1.316
forward,2,6.6828,1.1391,0.2000,0.30000,1542.308,1244,increasing,rolling,1416.735,1143,1417.517,-1.866,0,0,1783744928.140747309,-0.111194,-0.357478,0.892244,0.160874,,,,0.199008,0.545353,0.086398,0.027571,1.346,1.316
forward,2,6.7047,1.1609,0.2000,0.30000,1542.308,1244,increasing,rolling,1416.735,1143,1417.517,-1.866,0,0,1783744928.140747309,-0.111194,-0.357478,0.892244,0.160874,,,,0.199008,0.545353,0.086398,0.027571,1.365,1.316
forward,2,6.7217,1.1779,0.2000,0.30000,1542.308,1244,increasing,rolling,1416.607,1142,1417.401,-1.983,1,12,1783744928.238299608,-0.101168,-0.345693,0.896632,0.160291,0.0154660,0.0043884,0.2837445,0.214474,0.560819,0.101864,0.031960,1.365,1.316
forward,2,6.7298,1.1861,0.2000,0.30000,1542.308,1244,increasing,rolling,1416.607,1142,1417.401,-1.983,0,0,1783744928.238299608,-0.101168,-0.345693,0.896632,0.160291,,,,0.214474,0.560819,0.101864,0.031960,1.365,1.316
forward,2,6.7515,1.2077,0.2000,0.30000,1542.308,1244,increasing,rolling,1416.607,1142,1417.401,-1.983,0,0,1783744928.238299608,-0.101168,-0.345693,0.896632,0.160291,,,,0.214474,0.560819,0.101864,0.031960,1.365,1.316
forward,2,6.7730,1.2293,0.2000,0.30000,1542.308,1244,increasing,rolling,1416.607,1142,1417.401,-1.983,0,0,1783744928.238299608,-0.101168,-0.345693,0.896632,0.160291,,,,0.214474,0.560819,0.101864,0.031960,1.365,1.316
forward,2,6.7945,1.2508,0.2000,0.30000,1542.308,1244,increasing,rolling,1416.607,1142,1417.401,-1.983,0,0,1783744928.238299608,-0.101168,-0.345693,0.896632,0.160291,,,,0.214474,0.560819,0.101864,0.031960,1.365,1.316
forward,2,6.8161,1.2723,0.2000,0.30000,1542.308,1244,increasing,rolling,1416.607,1142,1417.401,-1.983,0,0,1783744928.238299608,-0.101168,-0.345693,0.896632,0.160291,,,,0.214474,0.560819,0.101864,0.031960,1.375,1.278
forward,2,6.8219,1.2782,0.2000,0.30000,1542.308,1244,increasing,rolling,1416.427,1142,1417.274,-2.110,1,13,1783744928.338515520,-0.094879,-0.331522,0.901361,0.157652,0.0150060,0.0047284,0.3151008,0.229480,0.575825,0.116870,0.036688,1.375,1.278
forward,2,6.8345,1.2908,0.2000,0.30000,1542.308,1244,increasing,rolling,1416.427,1142,1417.274,-2.110,0,0,1783744928.338515520,-0.094879,-0.331522,0.901361,0.157652,,,,0.229480,0.575825,0.116870,0.036688,1.375,1.278
forward,2,6.8561,1.3124,0.2000,0.30000,1542.308,1244,increasing,rolling,1416.427,1142,1417.274,-2.110,0,0,1783744928.338515520,-0.094879,-0.331522,0.901361,0.157652,,,,0.229480,0.575825,0.116870,0.036688,1.375,1.278
forward,2,6.8777,1.3339,0.2000,0.30000,1542.308,1244,increasing,rolling,1416.427,1142,1417.274,-2.110,0,0,1783744928.338515520,-0.094879,-0.331522,0.901361,0.157652,,,,0.229480,0.575825,0.116870,0.036688,1.375,1.278
forward,2,6.8992,1.3555,0.2000,0.30000,1542.308,1244,increasing,rolling,1416.427,1142,1417.274,-2.110,0,0,1783744928.338515520,-0.094879,-0.331522,0.901361,0.157652,,,,0.229480,0.575825,0.116870,0.036688,1.393,1.265
forward,2,6.9206,1.3768,0.2000,0.30000,1542.308,1244,increasing,rolling,1416.640,1142,1417.191,-2.193,1,14,1783744928.438814878,-0.083870,-0.312497,0.906031,0.172470,0.0217573,0.0046697,0.2146286,0.251238,0.597582,0.138627,0.041358,1.393,1.265
forward,2,6.9300,1.3862,0.2000,0.30000,1542.308,1244,increasing,rolling,1416.640,1142,1417.191,-2.193,0,0,1783744928.438814878,-0.083870,-0.312497,0.906031,0.172470,,,,0.251238,0.597582,0.138627,0.041358,1.393,1.265
forward,2,6.9518,1.4080,0.2000,0.30000,1542.308,1244,increasing,rolling,1416.640,1142,1417.191,-2.193,0,0,1783744928.438814878,-0.083870,-0.312497,0.906031,0.172470,,,,0.251238,0.597582,0.138627,0.041358,1.393,1.265
forward,2,6.9735,1.4297,0.2000,0.30000,1542.308,1244,increasing,rolling,1416.640,1142,1417.191,-2.193,0,0,1783744928.438814878,-0.083870,-0.312497,0.906031,0.172470,,,,0.251238,0.597582,0.138627,0.041358,1.393,1.265
forward,2,6.9952,1.4514,0.2000,0.30000,1542.308,1244,increasing,rolling,1416.640,1142,1417.191,-2.193,0,0,1783744928.438814878,-0.083870,-0.312497,0.906031,0.172470,,,,0.251238,0.597582,0.138627,0.041358,1.393,1.265
forward,2,7.0169,1.4731,0.2000,0.30000,1542.308,1244,increasing,rolling,1416.640,1142,1417.191,-2.193,0,0,1783744928.438814878,-0.083870,-0.312497,0.906031,0.172470,,,,0.251238,0.597582,0.138627,0.041358,1.413,1.250
forward,2,7.0202,1.4764,0.2000,0.30000,1542.308,1244,increasing,rolling,1416.780,1143,1417.138,-2.245,1,15,1783744928.536946058,-0.066609,-0.299697,0.916301,0.182070,0.0206928,0.0102702,0.4963173,0.271930,0.618275,0.159320,0.051628,1.413,1.250
forward,2,7.0397,1.4959,0.2000,0.30000,1542.308,1244,increasing,rolling,1416.780,1143,1417.138,-2.245,0,0,1783744928.536946058,-0.066609,-0.299697,0.916301,0.182070,,,,0.271930,0.618275,0.159320,0.051628,1.413,1.250
forward,2,7.0613,1.5175,0.2000,0.30000,1542.308,1244,increasing,rolling,1416.780,1143,1417.138,-2.245,0,0,1783744928.536946058,-0.066609,-0.299697,0.916301,0.182070,,,,0.271930,0.618275,0.159320,0.051628,1.413,1.250
forward,2,7.0828,1.5391,0.2000,0.30000,1542.308,1244,increasing,rolling,1416.780,1143,1417.138,-2.245,0,0,1783744928.536946058,-0.066609,-0.299697,0.916301,0.182070,,,,0.271930,0.618275,0.159320,0.051628,1.413,1.250
forward,2,7.1044,1.5606,0.2000,0.30000,1542.308,1244,increasing,rolling,1416.780,1143,1417.138,-2.245,0,0,1783744928.536946058,-0.066609,-0.299697,0.916301,0.182070,,,,0.271930,0.618275,0.159320,0.051628,1.431,1.505
forward,2,7.1208,1.5770,0.2000,0.30000,1542.308,1244,increasing,rolling,1416.780,1143,1417.138,-2.245,0,0,1783744928.536946058,-0.066609,-0.299697,0.916301,0.182070,,,,0.271930,0.618275,0.159320,0.051628,1.431,1.505
forward,2,7.1429,1.5991,0.2000,0.30000,1542.308,1244,increasing,rolling,1416.602,1142,1417.068,-2.315,1,16,1783744928.636972427,-0.058121,-0.285968,0.921959,0.176701,0.0160637,0.0056586,0.3522606,0.287994,0.634338,0.175384,0.057287,1.431,1.505
forward,2,7.1447,1.6009,0.2000,0.30000,1542.308,1244,increasing,rolling,1416.602,1142,1417.068,-2.315,0,0,1783744928.636972427,-0.058121,-0.285968,0.921959,0.176701,,,,0.287994,0.634338,0.175384,0.057287,1.431,1.505
forward,2,7.1662,1.6224,0.2000,0.30000,1542.308,1244,increasing,rolling,1416.602,1142,1417.068,-2.315,0,0,1783744928.636972427,-0.058121,-0.285968,0.921959,0.176701,,,,0.287994,0.634338,0.175384,0.057287,1.431,1.505
forward,2,7.1877,1.6439,0.2000,0.30000,1542.308,1244,increasing,rolling,1416.602,1142,1417.068,-2.315,0,0,1783744928.636972427,-0.058121,-0.285968,0.921959,0.176701,,,,0.287994,0.634338,0.175384,0.057287,1.431,1.505
forward,2,7.2092,1.6654,0.2000,0.30000,1542.308,1244,increasing,rolling,1416.602,1142,1417.068,-2.315,0,0,1783744928.636972427,-0.058121,-0.285968,0.921959,0.176701,,,,0.287994,0.634338,0.175384,0.057287,1.447,1.202
forward,2,7.2187,1.6749,0.2000,0.30000,1542.308,1244,increasing,rolling,1416.853,1143,1417.040,-2.344,1,17,1783744928.737631559,-0.044474,-0.266960,0.926499,0.190625,0.0233928,0.0045397,0.1940621,0.311387,0.657731,0.198777,0.061826,1.447,1.202
forward,2,7.2327,1.6890,0.2000,0.30000,1542.308,1244,increasing,rolling,1416.853,1143,1417.040,-2.344,0,0,1783744928.737631559,-0.044474,-0.266960,0.926499,0.190625,,,,0.311387,0.657731,0.198777,0.061826,1.447,1.202
forward,2,7.2544,1.7106,0.2000,0.30000,1542.308,1244,increasing,rolling,1416.853,1143,1417.040,-2.344,0,0,1783744928.737631559,-0.044474,-0.266960,0.926499,0.190625,,,,0.311387,0.657731,0.198777,0.061826,1.447,1.202
forward,2,7.2760,1.7322,0.2000,0.30000,1542.308,1244,increasing,rolling,1416.853,1143,1417.040,-2.344,0,0,1783744928.737631559,-0.044474,-0.266960,0.926499,0.190625,,,,0.311387,0.657731,0.198777,0.061826,1.447,1.202
forward,2,7.2975,1.7537,0.2000,0.30000,1542.308,1244,increasing,rolling,1416.853,1143,1417.040,-2.344,0,0,1783744928.737631559,-0.044474,-0.266960,0.926499,0.190625,,,,0.311387,0.657731,0.198777,0.061826,1.462,1.194
forward,2,7.3190,1.7752,0.2000,0.30000,1542.308,1244,increasing,rolling,1416.748,1143,1417.003,-2.381,1,18,1783744928.835513592,-0.036476,-0.251290,0.933352,0.187265,0.0173433,0.0068534,0.3951616,0.328730,0.675074,0.216120,0.068680,1.462,1.194
forward,3,7.3366,0.0000,0.2000,-0.30000,1357.692,1095,decreasing,rolling,1416.748,1143,1417.003,-2.381,0,0,1783744928.835513592,-0.036476,-0.251290,0.933352,0.187265,,,,0.000000,0.675074,0.000000,0.000000,1.462,1.194
forward,3,7.3584,0.0218,0.2000,-0.30000,1357.692,1095,decreasing,rolling,1416.748,1143,1417.003,-2.381,0,0,1783744928.835513592,-0.036476,-0.251290,0.933352,0.187265,,,,0.000000,0.675074,0.000000,0.000000,1.462,1.194
forward,3,7.3799,0.0434,0.2000,-0.30000,1357.692,1095,decreasing,rolling,1416.748,1143,1417.003,-2.381,0,0,1783744928.835513592,-0.036476,-0.251290,0.933352,0.187265,,,,0.000000,0.675074,0.000000,0.000000,1.462,1.194
forward,3,7.4016,0.0650,0.2000,-0.30000,1357.692,1095,decreasing,rolling,1416.748,1143,1417.003,-2.381,0,0,1783744928.835513592,-0.036476,-0.251290,0.933352,0.187265,,,,0.000000,0.675074,0.000000,0.000000,1.482,1.174
forward,3,7.4169,0.0804,0.2000,-0.30000,1357.692,1095,decreasing,rolling,1416.601,1142,1416.950,-2.434,1,1,1783744928.935768604,-0.024104,-0.239440,0.938366,0.182538,0.0168785,0.0050137,0.2970476,0.016878,0.691953,0.000000,0.000000,1.482,1.174
forward,3,7.4297,0.0931,0.2000,-0.30000,1357.692,1095,decreasing,rolling,1416.601,1142,1416.950,-2.434,0,0,1783744928.935768604,-0.024104,-0.239440,0.938366,0.182538,,,,0.016878,0.691953,0.000000,0.000000,1.482,1.174
forward,3,7.4513,0.1147,0.2000,-0.30000,1357.692,1095,decreasing,rolling,1416.601,1142,1416.950,-2.434,0,0,1783744928.935768604,-0.024104,-0.239440,0.938366,0.182538,,,,0.016878,0.691953,0.000000,0.000000,1.482,1.174
forward,3,7.4730,0.1365,0.2000,-0.30000,1357.692,1095,decreasing,rolling,1416.601,1142,1416.950,-2.434,0,0,1783744928.935768604,-0.024104,-0.239440,0.938366,0.182538,,,,0.016878,0.691953,0.000000,0.000000,1.482,1.174
forward,3,7.4946,0.1580,0.2000,-0.30000,1357.692,1095,decreasing,rolling,1416.601,1142,1416.950,-2.434,0,0,1783744928.935768604,-0.024104,-0.239440,0.938366,0.182538,,,,0.016878,0.691953,0.000000,0.000000,1.482,1.174
forward,3,7.5162,0.1796,0.2000,-0.30000,1357.692,1095,decreasing,rolling,1416.601,1142,1416.950,-2.434,0,0,1783744928.935768604,-0.024104,-0.239440,0.938366,0.182538,,,,0.016878,0.691953,0.000000,0.000000,1.495,1.023
forward,3,7.5187,0.1822,0.2000,-0.30000,1357.692,1095,decreasing,rolling,1416.771,1143,1416.927,-2.457,1,2,1783744929.033731937,-0.017915,-0.217108,0.938282,0.192205,0.0216702,-0.0000840,-0.0038784,0.038549,0.713623,0.000000,0.000000,1.495,1.023
forward,3,7.5361,0.1995,0.2000,-0.30000,1357.692,1095,decreasing,rolling,1416.771,1143,1416.927,-2.457,0,0,1783744929.033731937,-0.017915,-0.217108,0.938282,0.192205,,,,0.038549,0.713623,0.000000,0.000000,1.495,1.023
forward,3,7.5577,0.2212,0.2000,-0.30000,1357.692,1095,decreasing,rolling,1416.771,1143,1416.927,-2.457,0,0,1783744929.033731937,-0.017915,-0.217108,0.938282,0.192205,,,,0.038549,0.713623,0.000000,0.000000,1.495,1.023
forward,3,7.5793,0.2427,0.2000,-0.30000,1357.692,1095,decreasing,rolling,1416.771,1143,1416.927,-2.457,0,0,1783744929.033731937,-0.017915,-0.217108,0.938282,0.192205,,,,0.038549,0.713623,0.000000,0.000000,1.495,1.023
forward,3,7.6009,0.2643,0.2000,-0.30000,1357.692,1095,decreasing,rolling,1416.771,1143,1416.927,-2.457,0,0,1783744929.033731937,-0.017915,-0.217108,0.938282,0.192205,,,,0.038549,0.713623,0.000000,0.000000,1.516,1.002
forward,3,7.6179,0.2813,0.2000,-0.30000,1357.692,1095,decreasing,rolling,1416.771,1143,1416.927,-2.457,0,0,1783744929.033731937,-0.017915,-0.217108,0.938282,0.192205,,,,0.038549,0.713623,0.000000,0.000000,1.516,1.002
forward,3,7.6397,0.3031,0.2000,-0.30000,1357.692,1095,decreasing,rolling,1416.748,1143,1416.904,-2.480,1,3,1783744929.134390831,-0.007417,-0.200804,0.934565,0.192223,0.0193543,-0.0037173,-0.1920651,0.057903,0.732977,0.000000,0.000000,1.516,1.002
forward,3,7.6415,0.3050,0.2000,-0.30000,1357.692,1095,decreasing,rolling,1416.748,1143,1416.904,-2.480,0,0,1783744929.134390831,-0.007417,-0.200804,0.934565,0.192223,,,,0.057903,0.732977,0.000000,0.000000,1.516,1.002
forward,3,7.6631,0.3265,0.2000,-0.30000,1357.692,1095,decreasing,rolling,1416.748,1143,1416.904,-2.480,0,0,1783744929.134390831,-0.007417,-0.200804,0.934565,0.192223,,,,0.057903,0.732977,0.000000,0.000000,1.516,1.002
forward,3,7.6846,0.3480,0.2000,-0.30000,1357.692,1095,decreasing,rolling,1416.748,1143,1416.904,-2.480,0,0,1783744929.134390831,-0.007417,-0.200804,0.934565,0.192223,,,,0.057903,0.732977,0.000000,0.000000,1.516,1.002
forward,3,7.7061,0.3696,0.2000,-0.30000,1357.692,1095,decreasing,rolling,1416.748,1143,1416.904,-2.480,0,0,1783744929.134390831,-0.007417,-0.200804,0.934565,0.192223,,,,0.057903,0.732977,0.000000,0.000000,1.533,0.991
forward,3,7.7186,0.3820,0.2000,-0.30000,1357.692,1095,decreasing,rolling,1416.580,1142,1416.861,-2.522,1,4,1783744929.234625578,0.003528,-0.188084,0.933234,0.185908,0.0167354,-0.0013307,-0.0795163,0.074638,0.749713,0.000000,0.000000,1.533,0.991
forward,3,7.7327,0.3961,0.2000,-0.30000,1357.692,1095,decreasing,rolling,1416.580,1142,1416.861,-2.522,0,0,1783744929.234625578,0.003528,-0.188084,0.933234,0.185908,,,,0.074638,0.749713,0.000000,0.000000,1.533,0.991
forward,3,7.7543,0.4177,0.2000,-0.30000,1357.692,1095,decreasing,rolling,1416.580,1142,1416.861,-2.522,0,0,1783744929.234625578,0.003528,-0.188084,0.933234,0.185908,,,,0.074638,0.749713,0.000000,0.000000,1.533,0.991
forward,3,7.7758,0.4393,0.2000,-0.30000,1357.692,1095,decreasing,rolling,1416.580,1142,1416.861,-2.522,0,0,1783744929.234625578,0.003528,-0.188084,0.933234,0.185908,,,,0.074638,0.749713,0.000000,0.000000,1.533,0.991
forward,3,7.7973,0.4608,0.2000,-0.30000,1357.692,1095,decreasing,rolling,1416.580,1142,1416.861,-2.522,0,0,1783744929.234625578,0.003528,-0.188084,0.933234,0.185908,,,,0.074638,0.749713,0.000000,0.000000,1.545,1.378
forward,3,7.8184,0.4819,0.2000,-0.30000,1357.692,1095,decreasing,rolling,1416.419,1142,1416.804,-2.580,1,5,1783744929.334956884,0.013666,-0.174943,0.927533,0.180781,0.0165950,-0.0057014,-0.3435618,0.091233,0.766308,0.000000,0.000000,1.545,1.378
forward,3,7.8301,0.4935,0.2000,-0.30000,1357.692,1095,decreasing,rolling,1416.419,1142,1416.804,-2.580,0,0,1783744929.334956884,0.013666,-0.174943,0.927533,0.180781,,,,0.091233,0.766308,0.000000,0.000000,1.545,1.378
forward,3,7.8519,0.5153,0.2000,-0.30000,1357.692,1095,decreasing,rolling,1416.419,1142,1416.804,-2.580,0,0,1783744929.334956884,0.013666,-0.174943,0.927533,0.180781,,,,0.091233,0.766308,0.000000,0.000000,1.545,1.378
forward,3,7.8735,0.5370,0.2000,-0.30000,1357.692,1095,decreasing,rolling,1416.419,1142,1416.804,-2.580,0,0,1783744929.334956884,0.013666,-0.174943,0.927533,0.180781,,,,0.091233,0.766308,0.000000,0.000000,1.545,1.378
forward,3,7.8952,0.5587,0.2000,-0.30000,1357.692,1095,decreasing,rolling,1416.419,1142,1416.804,-2.580,0,0,1783744929.334956884,0.013666,-0.174943,0.927533,0.180781,,,,0.091233,0.766308,0.000000,0.000000,1.545,1.378
forward,3,7.9169,0.5803,0.2000,-0.30000,1357.692,1095,decreasing,rolling,1416.419,1142,1416.804,-2.580,0,0,1783744929.334956884,0.013666,-0.174943,0.927533,0.180781,,,,0.091233,0.766308,0.000000,0.000000,1.561,0.941
forward,3,7.9194,0.5828,0.2000,-0.30000,1357.692,1095,decreasing,rolling,1416.469,1142,1416.760,-2.624,1,6,1783744929.435229301,0.026260,-0.159390,0.921849,0.185452,0.0200006,-0.0056835,-0.2841673,0.111234,0.786308,0.020001,-0.005684,1.561,0.941
forward,3,7.9324,0.5959,0.2000,-0.30000,1357.692,1095,decreasing,rolling,1416.469,1142,1416.760,-2.624,0,0,1783744929.435229301,0.026260,-0.159390,0.921849,0.185452,,,,0.111234,0.786308,0.020001,-0.005684,1.561,0.941
forward,3,7.9541,0.6176,0.2000,-0.30000,1357.692,1095,decreasing,rolling,1416.469,1142,1416.760,-2.624,0,0,1783744929.435229301,0.026260,-0.159390,0.921849,0.185452,,,,0.111234,0.786308,0.020001,-0.005684,1.561,0.941
forward,3,7.9757,0.6392,0.2000,-0.30000,1357.692,1095,decreasing,rolling,1416.469,1142,1416.760,-2.624,0,0,1783744929.435229301,0.026260,-0.159390,0.921849,0.185452,,,,0.111234,0.786308,0.020001,-0.005684,1.561,0.941
forward,3,7.9976,0.6610,0.2000,-0.30000,1357.692,1095,decreasing,rolling,1416.469,1142,1416.760,-2.624,0,0,1783744929.435229301,0.026260,-0.159390,0.921849,0.185452,,,,0.111234,0.786308,0.020001,-0.005684,1.579,1.340
forward,3,8.0200,0.6835,0.2000,-0.30000,1357.692,1095,decreasing,rolling,1416.616,1142,1416.741,-2.643,1,7,1783744929.535879135,0.035845,-0.139022,0.917355,0.193758,0.0220098,-0.0044942,-0.2041909,0.133244,0.808318,0.042010,-0.010178,1.579,1.340
forward,3,8.0328,0.6962,0.2000,-0.30000,1357.692,1095,decreasing,rolling,1416.616,1142,1416.741,-2.643,0,0,1783744929.535879135,0.035845,-0.139022,0.917355,0.193758,,,,0.133244,0.808318,0.042010,-0.010178,1.579,1.340
forward,3,8.0549,0.7183,0.2000,-0.30000,1357.692,1095,decreasing,rolling,1416.616,1142,1416.741,-2.643,0,0,1783744929.535879135,0.035845,-0.139022,0.917355,0.193758,,,,0.133244,0.808318,0.042010,-0.010178,1.579,1.340
forward,3,8.0766,0.7400,0.2000,-0.30000,1357.692,1095,decreasing,rolling,1416.616,1142,1416.741,-2.643,0,0,1783744929.535879135,0.035845,-0.139022,0.917355,0.193758,,,,0.133244,0.808318,0.042010,-0.010178,1.579,1.340
forward,3,8.0983,0.7618,0.2000,-0.30000,1357.692,1095,decreasing,rolling,1416.616,1142,1416.741,-2.643,0,0,1783744929.535879135,0.035845,-0.139022,0.917355,0.193758,,,,0.133244,0.808318,0.042010,-0.010178,1.579,1.340
forward,3,8.1201,0.7835,0.2000,-0.30000,1357.692,1095,decreasing,rolling,1416.616,1142,1416.741,-2.643,0,0,1783744929.535879135,0.035845,-0.139022,0.917355,0.193758,,,,0.133244,0.808318,0.042010,-0.010178,1.594,1.321
forward,3,8.1226,0.7860,0.2000,-0.30000,1357.692,1095,decreasing,rolling,1416.601,1142,1416.723,-2.661,1,8,1783744929.636366129,0.046722,-0.122748,0.913654,0.193911,0.0195316,-0.0037014,-0.1895065,0.152775,0.827850,0.061542,-0.013879,1.594,1.321
forward,3,8.1331,0.7966,0.2000,-0.30000,1357.692,1095,decreasing,rolling,1416.601,1142,1416.723,-2.661,0,0,1783744929.636366129,0.046722,-0.122748,0.913654,0.193911,,,,0.152775,0.827850,0.061542,-0.013879,1.594,1.321
forward,3,8.1548,0.8182,0.2000,-0.30000,1357.692,1095,decreasing,rolling,1416.601,1142,1416.723,-2.661,0,0,1783744929.636366129,0.046722,-0.122748,0.913654,0.193911,,,,0.152775,0.827850,0.061542,-0.013879,1.594,1.321
forward,3,8.1763,0.8398,0.2000,-0.30000,1357.692,1095,decreasing,rolling,1416.601,1142,1416.723,-2.661,0,0,1783744929.636366129,0.046722,-0.122748,0.913654,0.193911,,,,0.152775,0.827850,0.061542,-0.013879,1.594,1.321
forward,3,8.1978,0.8613,0.2000,-0.30000,1357.692,1095,decreasing,rolling,1416.601,1142,1416.723,-2.661,0,0,1783744929.636366129,0.046722,-0.122748,0.913654,0.193911,,,,0.152775,0.827850,0.061542,-0.013879,1.594,1.321
forward,3,8.2193,0.8828,0.2000,-0.30000,1357.692,1095,decreasing,rolling,1416.601,1142,1416.723,-2.661,0,0,1783744929.636366129,0.046722,-0.122748,0.913654,0.193911,,,,0.152775,0.827850,0.061542,-0.013879,1.610,1.301
forward,3,8.2229,0.8863,0.2000,-0.30000,1357.692,1095,decreasing,rolling,1416.529,1142,1416.697,-2.687,1,9,1783744929.739008188,0.058438,-0.107842,0.909754,0.191609,0.0189584,-0.0038998,-0.2057049,0.171734,0.846808,0.080500,-0.017779,1.610,1.301
forward,3,8.2333,0.8967,0.2000,-0.30000,1357.692,1095,decreasing,rolling,1416.529,1142,1416.697,-2.687,0,0,1783744929.739008188,0.058438,-0.107842,0.909754,0.191609,,,,0.171734,0.846808,0.080500,-0.017779,1.610,1.301
forward,3,8.2549,0.9184,0.2000,-0.30000,1357.692,1095,decreasing,rolling,1416.529,1142,1416.697,-2.687,0,0,1783744929.739008188,0.058438,-0.107842,0.909754,0.191609,,,,0.171734,0.846808,0.080500,-0.017779,1.610,1.301
forward,3,8.2765,0.9399,0.2000,-0.30000,1357.692,1095,decreasing,rolling,1416.529,1142,1416.697,-2.687,0,0,1783744929.739008188,0.058438,-0.107842,0.909754,0.191609,,,,0.171734,0.846808,0.080500,-0.017779,1.610,1.301
forward,3,8.2980,0.9614,0.2000,-0.30000,1357.692,1095,decreasing,rolling,1416.529,1142,1416.697,-2.687,0,0,1783744929.739008188,0.058438,-0.107842,0.909754,0.191609,,,,0.171734,0.846808,0.080500,-0.017779,1.610,1.301
forward,3,8.3195,0.9829,0.2000,-0.30000,1357.692,1095,decreasing,rolling,1416.529,1142,1416.697,-2.687,0,0,1783744929.739008188,0.058438,-0.107842,0.909754,0.191609,,,,0.171734,0.846808,0.080500,-0.017779,1.630,1.285
forward,3,8.3230,0.9865,0.2000,-0.30000,1357.692,1095,decreasing,rolling,1416.542,1142,1416.676,-2.707,1,10,1783744929.839682579,0.071669,-0.092850,0.906683,0.193270,0.0199590,-0.0030705,-0.1538398,0.191693,0.866767,0.100459,-0.020849,1.630,1.285
forward,3,8.3380,1.0014,0.2000,-0.30000,1357.692,1095,decreasing,rolling,1416.542,1142,1416.676,-2.707,0,0,1783744929.839682579,0.071669,-0.092850,0.906683,0.193270,,,,0.191693,0.866767,0.100459,-0.020849,1.630,1.285
forward,3,8.3596,1.0231,0.2000,-0.30000,1357.692,1095,decreasing,rolling,1416.542,1142,1416.676,-2.707,0,0,1783744929.839682579,0.071669,-0.092850,0.906683,0.193270,,,,0.191693,0.866767,0.100459,-0.020849,1.630,1.285
forward,3,8.3812,1.0447,0.2000,-0.30000,1357.692,1095,decreasing,rolling,1416.542,1142,1416.676,-2.707,0,0,1783744929.839682579,0.071669,-0.092850,0.906683,0.193270,,,,0.191693,0.866767,0.100459,-0.020849,1.630,1.285
forward,3,8.4028,1.0662,0.2000,-0.30000,1357.692,1095,decreasing,rolling,1416.542,1142,1416.676,-2.707,0,0,1783744929.839682579,0.071669,-0.092850,0.906683,0.193270,,,,0.191693,0.866767,0.100459,-0.020849,1.643,1.268
forward,3,8.4210,1.0844,0.2000,-0.30000,1357.692,1095,decreasing,rolling,1416.261,1142,1416.622,-2.762,1,11,1783744929.939907551,0.081299,-0.081559,0.898967,0.181942,0.0148290,-0.0077166,-0.5203758,0.206522,0.881596,0.115288,-0.028566,1.643,1.268
forward,3,8.4370,1.1004,0.2000,-0.30000,1357.692,1095,decreasing,rolling,1416.261,1142,1416.622,-2.762,0,0,1783744929.939907551,0.081299,-0.081559,0.898967,0.181942,,,,0.206522,0.881596,0.115288,-0.028566,1.643,1.268
forward,3,8.4586,1.1220,0.2000,-0.30000,1357.692,1095,decreasing,rolling,1416.261,1142,1416.622,-2.762,0,0,1783744929.939907551,0.081299,-0.081559,0.898967,0.181942,,,,0.206522,0.881596,0.115288,-0.028566,1.643,1.268
forward,3,8.4801,1.1436,0.2000,-0.30000,1357.692,1095,decreasing,rolling,1416.261,1142,1416.622,-2.762,0,0,1783744929.939907551,0.081299,-0.081559,0.898967,0.181942,,,,0.206522,0.881596,0.115288,-0.028566,1.643,1.268
forward,3,8.5017,1.1651,0.2000,-0.30000,1357.692,1095,decreasing,rolling,1416.261,1142,1416.622,-2.762,0,0,1783744929.939907551,0.081299,-0.081559,0.898967,0.181942,,,,0.206522,0.881596,0.115288,-0.028566,1.658,1.248
forward,3,8.5215,1.1849,0.2000,-0.30000,1357.692,1095,decreasing,rolling,1416.425,1142,1416.597,-2.787,1,12,1783744930.037849665,0.091573,-0.062202,0.893986,0.191424,0.0215346,-0.0049805,-0.2312799,0.228056,0.903131,0.136823,-0.033547,1.658,1.248
forward,3,8.5383,1.2017,0.2000,-0.30000,1357.692,1095,decreasing,rolling,1416.425,1142,1416.597,-2.787,0,0,1783744930.037849665,0.091573,-0.062202,0.893986,0.191424,,,,0.228056,0.903131,0.136823,-0.033547,1.658,1.248
forward,3,8.5599,1.2234,0.2000,-0.30000,1357.692,1095,decreasing,rolling,1416.425,1142,1416.597,-2.787,0,0,1783744930.037849665,0.091573,-0.062202,0.893986,0.191424,,,,0.228056,0.903131,0.136823,-0.033547,1.658,1.248
forward,3,8.5815,1.2450,0.2000,-0.30000,1357.692,1095,decreasing,rolling,1416.425,1142,1416.597,-2.787,0,0,1783744930.037849665,0.091573,-0.062202,0.893986,0.191424,,,,0.228056,0.903131,0.136823,-0.033547,1.658,1.248
forward,3,8.6031,1.2666,0.2000,-0.30000,1357.692,1095,decreasing,rolling,1416.425,1142,1416.597,-2.787,0,0,1783744930.037849665,0.091573,-0.062202,0.893986,0.191424,,,,0.228056,0.903131,0.136823,-0.033547,1.680,1.227
forward,3,8.6220,1.2854,0.2000,-0.30000,1357.692,1095,decreasing,rolling,1416.454,1142,1416.578,-2.806,1,13,1783744930.138294220,0.106485,-0.048302,0.889984,0.193799,0.0201818,-0.0040020,-0.1983001,0.248238,0.923313,0.157005,-0.037549,1.680,1.227
forward,3,8.6419,1.3053,0.2000,-0.30000,1357.692,1095,decreasing,rolling,1416.454,1142,1416.578,-2.806,0,0,1783744930.138294220,0.106485,-0.048302,0.889984,0.193799,,,,0.248238,0.923313,0.157005,-0.037549,1.680,1.227
forward,3,8.6635,1.3269,0.2000,-0.30000,1357.692,1095,decreasing,rolling,1416.454,1142,1416.578,-2.806,0,0,1783744930.138294220,0.106485,-0.048302,0.889984,0.193799,,,,0.248238,0.923313,0.157005,-0.037549,1.680,1.227
forward,3,8.6851,1.3485,0.2000,-0.30000,1357.692,1095,decreasing,rolling,1416.454,1142,1416.578,-2.806,0,0,1783744930.138294220,0.106485,-0.048302,0.889984,0.193799,,,,0.248238,0.923313,0.157005,-0.037549,1.680,1.227
forward,3,8.7067,1.3702,0.2000,-0.30000,1357.692,1095,decreasing,rolling,1416.454,1142,1416.578,-2.806,0,0,1783744930.138294220,0.106485,-0.048302,0.889984,0.193799,,,,0.248238,0.923313,0.157005,-0.037549,1.697,1.204
forward,3,8.7223,1.3858,0.2000,-0.30000,1357.692,1095,decreasing,rolling,1416.625,1142,1416.584,-2.799,1,14,1783744930.238806963,0.120540,-0.030352,0.884984,0.202043,0.0227936,-0.0050005,-0.2193827,0.271032,0.946106,0.179798,-0.042549,1.697,1.204
forward,3,8.7323,1.3958,0.2000,-0.30000,1357.692,1095,decreasing,rolling,1416.625,1142,1416.584,-2.799,0,0,1783744930.238806963,0.120540,-0.030352,0.884984,0.202043,,,,0.271032,0.946106,0.179798,-0.042549,1.697,1.204
forward,3,8.7540,1.4175,0.2000,-0.30000,1357.692,1095,decreasing,rolling,1416.625,1142,1416.584,-2.799,0,0,1783744930.238806963,0.120540,-0.030352,0.884984,0.202043,,,,0.271032,0.946106,0.179798,-0.042549,1.697,1.204
forward,3,8.7756,1.4390,0.2000,-0.30000,1357.692,1095,decreasing,rolling,1416.625,1142,1416.584,-2.799,0,0,1783744930.238806963,0.120540,-0.030352,0.884984,0.202043,,,,0.271032,0.946106,0.179798,-0.042549,1.697,1.204
forward,3,8.7973,1.4607,0.2000,-0.30000,1357.692,1095,decreasing,rolling,1416.625,1142,1416.584,-2.799,0,0,1783744930.238806963,0.120540,-0.030352,0.884984,0.202043,,,,0.271032,0.946106,0.179798,-0.042549,1.697,1.204
forward,3,8.8189,1.4823,0.2000,-0.30000,1357.692,1095,decreasing,rolling,1416.625,1142,1416.584,-2.799,0,0,1783744930.238806963,0.120540,-0.030352,0.884984,0.202043,,,,0.271032,0.946106,0.179798,-0.042549,1.722,1.179
forward,3,8.8227,1.4861,0.2000,-0.30000,1357.692,1095,decreasing,rolling,1416.625,1142,1416.584,-2.799,0,0,1783744930.238806963,0.120540,-0.030352,0.884984,0.202043,,,,0.271032,0.946106,0.179798,-0.042549,1.722,1.179
forward,3,8.8445,1.5080,0.2000,-0.30000,1357.692,1095,decreasing,rolling,1416.945,1143,1416.632,-2.752,1,15,1783744930.339133501,0.138525,-0.011820,0.882815,0.215660,0.0257348,-0.0021685,-0.0842639,0.296767,0.971841,0.205533,-0.044718,1.722,1.179
forward,3,8.8464,1.5098,0.2000,-0.30000,1357.692,1095,decreasing,rolling,1416.945,1143,1416.632,-2.752,0,0,1783744930.339133501,0.138525,-0.011820,0.882815,0.215660,,,,0.296767,0.971841,0.205533,-0.044718,1.722,1.179
forward,3,8.8680,1.5315,0.2000,-0.30000,1357.692,1095,decreasing,rolling,1416.945,1143,1416.632,-2.752,0,0,1783744930.339133501,0.138525,-0.011820,0.882815,0.215660,,,,0.296767,0.971841,0.205533,-0.044718,1.722,1.179
forward,3,8.8895,1.5530,0.2000,-0.30000,1357.692,1095,decreasing,rolling,1416.945,1143,1416.632,-2.752,0,0,1783744930.339133501,0.138525,-0.011820,0.882815,0.215660,,,,0.296767,0.971841,0.205533,-0.044718,1.722,1.179
forward,3,8.9111,1.5746,0.2000,-0.30000,1357.692,1095,decreasing,rolling,1416.945,1143,1416.632,-2.752,0,0,1783744930.339133501,0.138525,-0.011820,0.882815,0.215660,,,,0.296767,0.971841,0.205533,-0.044718,1.744,1.158
forward,3,8.9233,1.5867,0.2000,-0.30000,1357.692,1095,decreasing,rolling,1416.945,1143,1416.632,-2.752,0,0,1783744930.339133501,0.138525,-0.011820,0.882815,0.215660,,,,0.296767,0.971841,0.205533,-0.044718,1.744,1.158
forward,3,8.9450,1.6084,0.2000,-0.30000,1357.692,1095,decreasing,rolling,1417.129,1143,1416.697,-2.687,1,16,1783744930.439474344,0.153124,0.007299,0.876307,0.221634,0.0240375,-0.0065078,-0.2707340,0.320804,0.995878,0.229571,-0.051225,1.744,1.158
forward,4,8.9485,0.0000,0.2000,0.60000,1634.615,1318,increasing,rolling,1417.129,1143,1416.697,-2.687,0,0,1783744930.439474344,0.153124,0.007299,0.876307,0.221634,,,,0.000000,0.995878,0.000000,0.000000,1.744,1.158
forward,4,8.9702,0.0217,0.2000,0.60000,1634.615,1318,increasing,rolling,1417.129,1143,1416.697,-2.687,0,0,1783744930.439474344,0.153124,0.007299,0.876307,0.221634,,,,0.000000,0.995878,0.000000,0.000000,1.744,1.158
forward,4,8.9919,0.0434,0.2000,0.60000,1634.615,1318,increasing,rolling,1417.129,1143,1416.697,-2.687,0,0,1783744930.439474344,0.153124,0.007299,0.876307,0.221634,,,,0.000000,0.995878,0.000000,0.000000,1.744,1.158
forward,4,9.0136,0.0651,0.2000,0.60000,1634.615,1318,increasing,rolling,1417.129,1143,1416.697,-2.687,0,0,1783744930.439474344,0.153124,0.007299,0.876307,0.221634,,,,0.000000,0.995878,0.000000,0.000000,1.757,1.135
forward,4,9.0209,0.0725,0.2000,0.60000,1634.615,1318,increasing,rolling,1417.333,1143,1416.780,-2.604,1,1,1783744930.539906025,0.167571,0.027391,0.869295,0.227655,0.0246778,-0.0070121,-0.2841460,0.024678,1.020556,0.000000,0.000000,1.757,1.135
forward,4,9.0335,0.0850,0.2000,0.60000,1634.615,1318,increasing,rolling,1417.333,1143,1416.780,-2.604,0,0,1783744930.539906025,0.167571,0.027391,0.869295,0.227655,,,,0.024678,1.020556,0.000000,0.000000,1.757,1.135
forward,4,9.0552,0.1067,0.2000,0.60000,1634.615,1318,increasing,rolling,1417.333,1143,1416.780,-2.604,0,0,1783744930.539906025,0.167571,0.027391,0.869295,0.227655,,,,0.024678,1.020556,0.000000,0.000000,1.757,1.135
forward,4,9.0769,0.1284,0.2000,0.60000,1634.615,1318,increasing,rolling,1417.333,1143,1416.780,-2.604,0,0,1783744930.539906025,0.167571,0.027391,0.869295,0.227655,,,,0.024678,1.020556,0.000000,0.000000,1.757,1.135
forward,4,9.0985,0.1501,0.2000,0.60000,1634.615,1318,increasing,rolling,1417.333,1143,1416.780,-2.604,0,0,1783744930.539906025,0.167571,0.027391,0.869295,0.227655,,,,0.024678,1.020556,0.000000,0.000000,1.757,1.135
forward,4,9.1202,0.1717,0.2000,0.60000,1634.615,1318,increasing,rolling,1417.333,1143,1416.780,-2.604,0,0,1783744930.539906025,0.167571,0.027391,0.869295,0.227655,,,,0.024678,1.020556,0.000000,0.000000,1.781,1.113
forward,4,9.1227,0.1742,0.2000,0.60000,1634.615,1318,increasing,rolling,1417.244,1143,1416.839,-2.544,1,2,1783744930.637783766,0.182089,0.040493,0.869064,0.220237,0.0193781,-0.0002314,-0.0119431,0.044056,1.039934,0.000000,0.000000,1.781,1.113
forward,4,9.1404,0.1919,0.2000,0.60000,1634.615,1318,increasing,rolling,1417.244,1143,1416.839,-2.544,0,0,1783744930.637783766,0.182089,0.040493,0.869064,0.220237,,,,0.044056,1.039934,0.000000,0.000000,1.781,1.113
forward,4,9.1620,0.2136,0.2000,0.60000,1634.615,1318,increasing,rolling,1417.244,1143,1416.839,-2.544,0,0,1783744930.637783766,0.182089,0.040493,0.869064,0.220237,,,,0.044056,1.039934,0.000000,0.000000,1.781,1.113
forward,4,9.1836,0.2351,0.2000,0.60000,1634.615,1318,increasing,rolling,1417.244,1143,1416.839,-2.544,0,0,1783744930.637783766,0.182089,0.040493,0.869064,0.220237,,,,0.044056,1.039934,0.000000,0.000000,1.781,1.113
forward,4,9.2051,0.2567,0.2000,0.60000,1634.615,1318,increasing,rolling,1417.244,1143,1416.839,-2.544,0,0,1783744930.637783766,0.182089,0.040493,0.869064,0.220237,,,,0.044056,1.039934,0.000000,0.000000,1.801,1.092
forward,4,9.2216,0.2731,0.2000,0.60000,1634.615,1318,increasing,rolling,1417.223,1143,1416.890,-2.494,1,3,1783744930.738138437,0.193544,0.057857,0.879198,0.216664,0.0206674,0.0101345,0.4903604,0.064723,1.060602,0.000000,0.000000,1.801,1.092
forward,4,9.2368,0.2883,0.2000,0.60000,1634.615,1318,increasing,rolling,1417.223,1143,1416.890,-2.494,0,0,1783744930.738138437,0.193544,0.057857,0.879198,0.216664,,,,0.064723,1.060602,0.000000,0.000000,1.801,1.092
forward,4,9.2585,0.3100,0.2000,0.60000,1634.615,1318,increasing,rolling,1417.223,1143,1416.890,-2.494,0,0,1783744930.738138437,0.193544,0.057857,0.879198,0.216664,,,,0.064723,1.060602,0.000000,0.000000,1.801,1.092
forward,4,9.2801,0.3316,0.2000,0.60000,1634.615,1318,increasing,rolling,1417.223,1143,1416.890,-2.494,0,0,1783744930.738138437,0.193544,0.057857,0.879198,0.216664,,,,0.064723,1.060602,0.000000,0.000000,1.801,1.092
forward,4,9.3016,0.3532,0.2000,0.60000,1634.615,1318,increasing,rolling,1417.223,1143,1416.890,-2.494,0,0,1783744930.738138437,0.193544,0.057857,0.879198,0.216664,,,,0.064723,1.060602,0.000000,0.000000,1.824,1.069
forward,4,9.3196,0.3711,0.2000,0.60000,1634.615,1318,increasing,rolling,1417.400,1143,1416.956,-2.427,1,4,1783744930.838407755,0.209106,0.076052,0.892759,0.222178,0.0239363,0.0135610,0.5665461,0.088660,1.084538,0.000000,0.000000,1.824,1.069
forward,4,9.3358,0.3873,0.2000,0.60000,1634.615,1318,increasing,rolling,1417.400,1143,1416.956,-2.427,0,0,1783744930.838407755,0.209106,0.076052,0.892759,0.222178,,,,0.088660,1.084538,0.000000,0.000000,1.824,1.069
forward,4,9.3575,0.4090,0.2000,0.60000,1634.615,1318,increasing,rolling,1417.400,1143,1416.956,-2.427,0,0,1783744930.838407755,0.209106,0.076052,0.892759,0.222178,,,,0.088660,1.084538,0.000000,0.000000,1.824,1.069
forward,4,9.3790,0.4306,0.2000,0.60000,1634.615,1318,increasing,rolling,1417.400,1143,1416.956,-2.427,0,0,1783744930.838407755,0.209106,0.076052,0.892759,0.222178,,,,0.088660,1.084538,0.000000,0.000000,1.824,1.069
forward,4,9.4006,0.4521,0.2000,0.60000,1634.615,1318,increasing,rolling,1417.400,1143,1416.956,-2.427,0,0,1783744930.838407755,0.209106,0.076052,0.892759,0.222178,,,,0.088660,1.084538,0.000000,0.000000,1.847,1.044
forward,4,9.4201,0.4716,0.2000,0.60000,1634.615,1318,increasing,rolling,1417.463,1143,1417.021,-2.363,1,5,1783744930.936377048,0.224654,0.091459,0.906237,0.222098,0.0217355,0.0134779,0.6200871,0.110395,1.106273,0.000000,0.000000,1.847,1.044
forward,4,9.4281,0.4796,0.2000,0.60000,1634.615,1318,increasing,rolling,1417.463,1143,1417.021,-2.363,0,0,1783744930.936377048,0.224654,0.091459,0.906237,0.222098,,,,0.110395,1.106273,0.000000,0.000000,1.847,1.044
forward,4,9.4498,0.5014,0.2000,0.60000,1634.615,1318,increasing,rolling,1417.463,1143,1417.021,-2.363,0,0,1783744930.936377048,0.224654,0.091459,0.906237,0.222098,,,,0.110395,1.106273,0.000000,0.000000,1.847,1.044
forward,4,9.4714,0.5229,0.2000,0.60000,1634.615,1318,increasing,rolling,1417.463,1143,1417.021,-2.363,0,0,1783744930.936377048,0.224654,0.091459,0.906237,0.222098,,,,0.110395,1.106273,0.000000,0.000000,1.847,1.044
forward,4,9.4929,0.5445,0.2000,0.60000,1634.615,1318,increasing,rolling,1417.463,1143,1417.021,-2.363,0,0,1783744930.936377048,0.224654,0.091459,0.906237,0.222098,,,,0.110395,1.106273,0.000000,0.000000,1.847,1.044
forward,4,9.5145,0.5660,0.2000,0.60000,1634.615,1318,increasing,rolling,1417.463,1143,1417.021,-2.363,0,0,1783744930.936377048,0.224654,0.091459,0.906237,0.222098,,,,0.110395,1.106273,0.000000,0.000000,1.868,1.022
forward,4,9.5201,0.5716,0.2000,0.60000,1634.615,1318,increasing,rolling,1417.627,1143,1417.100,-2.283,1,6,1783744931.036712170,0.241760,0.108552,0.922055,0.226325,0.0239808,0.0158175,0.6595892,0.134376,1.130254,0.023981,0.015817,1.868,1.022
forward,4,9.5342,0.5857,0.2000,0.60000,1634.615,1318,increasing,rolling,1417.627,1143,1417.100,-2.283,0,0,1783744931.036712170,0.241760,0.108552,0.922055,0.226325,,,,0.134376,1.130254,0.023981,0.015817,1.868,1.022
forward,4,9.5558,0.6073,0.2000,0.60000,1634.615,1318,increasing,rolling,1417.627,1143,1417.100,-2.283,0,0,1783744931.036712170,0.241760,0.108552,0.922055,0.226325,,,,0.134376,1.130254,0.023981,0.015817,1.868,1.022
forward,4,9.5773,0.6289,0.2000,0.60000,1634.615,1318,increasing,rolling,1417.627,1143,1417.100,-2.283,0,0,1783744931.036712170,0.241760,0.108552,0.922055,0.226325,,,,0.134376,1.130254,0.023981,0.015817,1.868,1.022
forward,4,9.5989,0.6504,0.2000,0.60000,1634.615,1318,increasing,rolling,1417.627,1143,1417.100,-2.283,0,0,1783744931.036712170,0.241760,0.108552,0.922055,0.226325,,,,0.134376,1.130254,0.023981,0.015817,1.893,0.996
forward,4,9.6180,0.6695,0.2000,0.60000,1634.615,1318,increasing,rolling,1417.735,1143,1417.183,-2.200,1,7,1783744931.136885166,0.253956,0.128374,0.936353,0.227592,0.0231791,0.0142988,0.6168831,0.157555,1.153433,0.047160,0.030116,1.893,0.996
forward,4,9.6368,0.6884,0.2000,0.60000,1634.615,1318,increasing,rolling,1417.735,1143,1417.183,-2.200,0,0,1783744931.136885166,0.253956,0.128374,0.936353,0.227592,,,,0.157555,1.153433,0.047160,0.030116,1.893,0.996
forward,4,9.6585,0.7101,0.2000,0.60000,1634.615,1318,increasing,rolling,1417.735,1143,1417.183,-2.200,0,0,1783744931.136885166,0.253956,0.128374,0.936353,0.227592,,,,0.157555,1.153433,0.047160,0.030116,1.893,0.996
forward,4,9.6801,0.7316,0.2000,0.60000,1634.615,1318,increasing,rolling,1417.735,1143,1417.183,-2.200,0,0,1783744931.136885166,0.253956,0.128374,0.936353,0.227592,,,,0.157555,1.153433,0.047160,0.030116,1.893,0.996
forward,4,9.7016,0.7532,0.2000,0.60000,1634.615,1318,increasing,rolling,1417.735,1143,1417.183,-2.200,0,0,1783744931.136885166,0.253956,0.128374,0.936353,0.227592,,,,0.157555,1.153433,0.047160,0.030116,1.917,0.974
forward,4,9.7184,0.7700,0.2000,0.60000,1634.615,1318,increasing,rolling,1417.906,1143,1417.276,-2.108,1,8,1783744931.234824181,0.265740,0.149253,0.949118,0.231492,0.0238181,0.0127649,0.5359330,0.181373,1.177251,0.070978,0.042881,1.917,0.974
forward,4,9.7298,0.7814,0.2000,0.60000,1634.615,1318,increasing,rolling,1417.906,1143,1417.276,-2.108,0,0,1783744931.234824181,0.265740,0.149253,0.949118,0.231492,,,,0.181373,1.177251,0.070978,0.042881,1.917,0.974
forward,4,9.7515,0.8031,0.2000,0.60000,1634.615,1318,increasing,rolling,1417.906,1143,1417.276,-2.108,0,0,1783744931.234824181,0.265740,0.149253,0.949118,0.231492,,,,0.181373,1.177251,0.070978,0.042881,1.917,0.974
forward,4,9.7733,0.8248,0.2000,0.60000,1634.615,1318,increasing,rolling,1417.906,1143,1417.276,-2.108,0,0,1783744931.234824181,0.265740,0.149253,0.949118,0.231492,,,,0.181373,1.177251,0.070978,0.042881,1.917,0.974
forward,4,9.7948,0.8463,0.2000,0.60000,1634.615,1318,increasing,rolling,1417.906,1143,1417.276,-2.108,0,0,1783744931.234824181,0.265740,0.149253,0.949118,0.231492,,,,0.181373,1.177251,0.070978,0.042881,1.917,0.974
forward,4,9.8165,0.8681,0.2000,0.60000,1634.615,1318,increasing,rolling,1417.906,1143,1417.276,-2.108,0,0,1783744931.234824181,0.265740,0.149253,0.949118,0.231492,,,,0.181373,1.177251,0.070978,0.042881,1.936,0.954
forward,4,9.8192,0.8707,0.2000,0.60000,1634.615,1318,increasing,rolling,1417.932,1143,1417.362,-2.022,1,9,1783744931.335265398,0.276824,0.168427,0.963146,0.228519,0.0220567,0.0140279,0.6359918,0.203430,1.199308,0.093035,0.056909,1.936,0.954
forward,4,9.8310,0.8826,0.2000,0.60000,1634.615,1318,increasing,rolling,1417.932,1143,1417.362,-2.022,0,0,1783744931.335265398,0.276824,0.168427,0.963146,0.228519,,,,0.203430,1.199308,0.093035,0.056909,1.936,0.954
forward,4,9.8527,0.9043,0.2000,0.60000,1634.615,1318,increasing,rolling,1417.932,1143,1417.362,-2.022,0,0,1783744931.335265398,0.276824,0.168427,0.963146,0.228519,,,,0.203430,1.199308,0.093035,0.056909,1.936,0.954
forward,4,9.8744,0.9260,0.2000,0.60000,1634.615,1318,increasing,rolling,1417.932,1143,1417.362,-2.022,0,0,1783744931.335265398,0.276824,0.168427,0.963146,0.228519,,,,0.203430,1.199308,0.093035,0.056909,1.936,0.954
forward,4,9.8960,0.9475,0.2000,0.60000,1634.615,1318,increasing,rolling,1417.932,1143,1417.362,-2.022,0,0,1783744931.335265398,0.276824,0.168427,0.963146,0.228519,,,,0.203430,1.199308,0.093035,0.056909,1.958,0.933
forward,4,9.9170,0.9686,0.2000,0.60000,1634.615,1318,increasing,rolling,1417.827,1143,1417.423,-1.961,1,10,1783744931.435695410,0.286517,0.185565,0.977857,0.220224,0.0196180,0.0147111,0.7498771,0.223048,1.218926,0.112653,0.071620,1.958,0.933
forward,4,9.9265,0.9781,0.2000,0.60000,1634.615,1318,increasing,rolling,1417.827,1143,1417.423,-1.961,0,0,1783744931.435695410,0.286517,0.185565,0.977857,0.220224,,,,0.223048,1.218926,0.112653,0.071620,1.958,0.933
forward,4,9.9482,0.9998,0.2000,0.60000,1634.615,1318,increasing,rolling,1417.827,1143,1417.423,-1.961,0,0,1783744931.435695410,0.286517,0.185565,0.977857,0.220224,,,,0.223048,1.218926,0.112653,0.071620,1.958,0.933
forward,4,9.9698,1.0213,0.2000,0.60000,1634.615,1318,increasing,rolling,1417.827,1143,1417.423,-1.961,0,0,1783744931.435695410,0.286517,0.185565,0.977857,0.220224,,,,0.223048,1.218926,0.112653,0.071620,1.958,0.933
forward,4,9.9914,1.0430,0.2000,0.60000,1634.615,1318,increasing,rolling,1417.827,1143,1417.423,-1.961,0,0,1783744931.435695410,0.286517,0.185565,0.977857,0.220224,,,,0.223048,1.218926,0.112653,0.071620,1.958,0.933
forward,4,10.0130,1.0645,0.2000,0.60000,1634.615,1318,increasing,rolling,1417.827,1143,1417.423,-1.961,0,0,1783744931.435695410,0.286517,0.185565,0.977857,0.220224,,,,0.223048,1.218926,0.112653,0.071620,1.974,0.913
forward,4,10.0169,1.0684,0.2000,0.60000,1634.615,1318,increasing,rolling,1417.663,1143,1417.454,-1.930,1,11,1783744931.533490419,0.296095,0.200482,0.991101,0.210479,0.0177246,0.0132435,0.7471841,0.240772,1.236651,0.130377,0.084864,1.974,0.913
forward,4,10.0296,1.0811,0.2000,0.60000,1634.615,1318,increasing,rolling,1417.663,1143,1417.454,-1.930,0,0,1783744931.533490419,0.296095,0.200482,0.991101,0.210479,,,,0.240772,1.236651,0.130377,0.084864,1.974,0.913
forward,4,10.0512,1.1028,0.2000,0.60000,1634.615,1318,increasing,rolling,1417.663,1143,1417.454,-1.930,0,0,1783744931.533490419,0.296095,0.200482,0.991101,0.210479,,,,0.240772,1.236651,0.130377,0.084864,1.974,0.913
forward,4,10.0730,1.1246,0.2000,0.60000,1634.615,1318,increasing,rolling,1417.663,1143,1417.454,-1.930,0,0,1783744931.533490419,0.296095,0.200482,0.991101,0.210479,,,,0.240772,1.236651,0.130377,0.084864,1.974,0.913
forward,4,10.0948,1.1464,0.2000,0.60000,1634.615,1318,increasing,rolling,1417.663,1143,1417.454,-1.930,0,0,1783744931.533490419,0.296095,0.200482,0.991101,0.210479,,,,0.240772,1.236651,0.130377,0.084864,1.268,0.892
forward,4,10.1178,1.1693,0.2000,0.60000,1634.615,1318,increasing,rolling,1417.663,1143,1417.454,-1.930,0,0,1783744931.533490419,0.296095,0.200482,0.991101,0.210479,,,,0.240772,1.236651,0.130377,0.084864,1.268,0.892
forward,4,10.1192,1.1708,0.2000,0.60000,1634.615,1318,increasing,rolling,1417.673,1143,1417.482,-1.902,1,12,1783744931.633776188,0.304193,0.219935,1.002455,0.209542,0.0207325,0.0113542,0.5476508,0.261505,1.257383,0.151110,0.096218,1.268,0.892
forward,4,10.1403,1.1918,0.2000,0.60000,1634.615,1318,increasing,rolling,1417.673,1143,1417.482,-1.902,0,0,1783744931.633776188,0.304193,0.219935,1.002455,0.209542,,,,0.261505,1.257383,0.151110,0.096218,1.268,0.892
forward,4,10.1620,1.2136,0.2000,0.60000,1634.615,1318,increasing,rolling,1417.673,1143,1417.482,-1.902,0,0,1783744931.633776188,0.304193,0.219935,1.002455,0.209542,,,,0.261505,1.257383,0.151110,0.096218,1.268,0.892
forward,4,10.1836,1.2351,0.2000,0.60000,1634.615,1318,increasing,rolling,1417.673,1143,1417.482,-1.902,0,0,1783744931.633776188,0.304193,0.219935,1.002455,0.209542,,,,0.261505,1.257383,0.151110,0.096218,1.268,0.892
forward,4,10.2051,1.2567,0.2000,0.60000,1634.615,1318,increasing,rolling,1417.673,1143,1417.482,-1.902,0,0,1783744931.633776188,0.304193,0.219935,1.002455,0.209542,,,,0.261505,1.257383,0.151110,0.096218,1.275,0.871
forward,4,10.2179,1.2695,0.2000,0.60000,1634.615,1318,increasing,rolling,1417.699,1143,1417.511,-1.873,1,13,1783744931.734341383,0.316925,0.236752,1.016002,0.209398,0.0210145,0.0135471,0.6446538,0.282519,1.278398,0.172124,0.109765,1.275,0.871
forward,4,10.2359,1.2874,0.2000,0.60000,1634.615,1318,increasing,rolling,1417.699,1143,1417.511,-1.873,0,0,1783744931.734341383,0.316925,0.236752,1.016002,0.209398,,,,0.282519,1.278398,0.172124,0.109765,1.275,0.871
forward,4,10.2575,1.3091,0.2000,0.60000,1634.615,1318,increasing,rolling,1417.699,1143,1417.511,-1.873,0,0,1783744931.734341383,0.316925,0.236752,1.016002,0.209398,,,,0.282519,1.278398,0.172124,0.109765,1.275,0.871
forward,4,10.2792,1.3307,0.2000,0.60000,1634.615,1318,increasing,rolling,1417.699,1143,1417.511,-1.873,0,0,1783744931.734341383,0.316925,0.236752,1.016002,0.209398,,,,0.282519,1.278398,0.172124,0.109765,1.275,0.871
forward,4,10.3008,1.3523,0.2000,0.60000,1634.615,1318,increasing,rolling,1417.699,1143,1417.511,-1.873,0,0,1783744931.734341383,0.316925,0.236752,1.016002,0.209398,,,,0.282519,1.278398,0.172124,0.109765,1.271,0.848
forward,4,10.3157,1.3672,0.2000,0.60000,1634.615,1318,increasing,rolling,1417.776,1143,1417.545,-1.838,1,14,1783744931.834746838,0.328385,0.255401,1.030548,0.211549,0.0218886,0.0145464,0.6645667,0.304408,1.300286,0.194013,0.124311,1.271,0.848
forward,4,10.3302,1.3817,0.2000,0.60000,1634.615,1318,increasing,rolling,1417.776,1143,1417.545,-1.838,0,0,1783744931.834746838,0.328385,0.255401,1.030548,0.211549,,,,0.304408,1.300286,0.194013,0.124311,1.271,0.848
forward,4,10.3520,1.4035,0.2000,0.60000,1634.615,1318,increasing,rolling,1417.776,1143,1417.545,-1.838,0,0,1783744931.834746838,0.328385,0.255401,1.030548,0.211549,,,,0.304408,1.300286,0.194013,0.124311,1.271,0.848
forward,4,10.3736,1.4251,0.2000,0.60000,1634.615,1318,increasing,rolling,1417.776,1143,1417.545,-1.838,0,0,1783744931.834746838,0.328385,0.255401,1.030548,0.211549,,,,0.304408,1.300286,0.194013,0.124311,1.271,0.848
forward,4,10.3951,1.4466,0.2000,0.60000,1634.615,1318,increasing,rolling,1417.776,1143,1417.545,-1.838,0,0,1783744931.834746838,0.328385,0.255401,1.030548,0.211549,,,,0.304408,1.300286,0.194013,0.124311,1.271,0.848
forward,4,10.4167,1.4682,0.2000,0.60000,1634.615,1318,increasing,rolling,1417.776,1143,1417.545,-1.838,0,0,1783744931.834746838,0.328385,0.255401,1.030548,0.211549,,,,0.304408,1.300286,0.194013,0.124311,1.263,0.823
forward,4,10.4192,1.4708,0.2000,0.60000,1634.615,1318,increasing,rolling,1417.954,1144,1417.598,-1.786,1,15,1783744931.932493687,0.339391,0.275773,1.045283,0.217840,0.0231381,0.0147348,0.6368204,0.327546,1.323424,0.217151,0.139046,1.263,0.823
forward,5,10.4350,0.0000,0.2000,-0.60000,1265.385,1020,decreasing,rolling,1417.954,1144,1417.598,-1.786,0,0,1783744931.932493687,0.339391,0.275773,1.045283,0.217840,,,,0.000000,1.323424,0.000000,0.000000,1.263,0.823
forward,5,10.4568,0.0219,0.2000,-0.60000,1265.385,1020,decreasing,rolling,1417.954,1144,1417.598,-1.786,0,0,1783744931.932493687,0.339391,0.275773,1.045283,0.217840,,,,0.000000,1.323424,0.000000,0.000000,1.263,0.823
forward,5,10.4784,0.0435,0.2000,-0.60000,1265.385,1020,decreasing,rolling,1417.954,1144,1417.598,-1.786,0,0,1783744931.932493687,0.339391,0.275773,1.045283,0.217840,,,,0.000000,1.323424,0.000000,0.000000,1.263,0.823
forward,5,10.5003,0.0653,0.2000,-0.60000,1265.385,1020,decreasing,rolling,1417.954,1144,1417.598,-1.786,0,0,1783744931.932493687,0.339391,0.275773,1.045283,0.217840,,,,0.000000,1.323424,0.000000,0.000000,1.246,0.801
forward,5,10.5195,0.0845,0.2000,-0.60000,1265.385,1020,decreasing,rolling,1417.893,1143,1417.637,-1.746,1,1,1783744932.035770893,0.348254,0.294219,1.061083,0.212799,0.0204155,0.0157994,0.7738907,0.020415,1.343840,0.000000,0.000000,1.246,0.801
forward,5,10.5316,0.0966,0.2000,-0.60000,1265.385,1020,decreasing,rolling,1417.893,1143,1417.637,-1.746,0,0,1783744932.035770893,0.348254,0.294219,1.061083,0.212799,,,,0.020415,1.343840,0.000000,0.000000,1.246,0.801
forward,5,10.5533,0.1184,0.2000,-0.60000,1265.385,1020,decreasing,rolling,1417.893,1143,1417.637,-1.746,0,0,1783744932.035770893,0.348254,0.294219,1.061083,0.212799,,,,0.020415,1.343840,0.000000,0.000000,1.246,0.801
forward,5,10.5751,0.1402,0.2000,-0.60000,1265.385,1020,decreasing,rolling,1417.893,1143,1417.637,-1.746,0,0,1783744932.035770893,0.348254,0.294219,1.061083,0.212799,,,,0.020415,1.343840,0.000000,0.000000,1.246,0.801
forward,5,10.5967,0.1618,0.2000,-0.60000,1265.385,1020,decreasing,rolling,1417.893,1143,1417.637,-1.746,0,0,1783744932.035770893,0.348254,0.294219,1.061083,0.212799,,,,0.020415,1.343840,0.000000,0.000000,1.246,0.801
forward,5,10.6183,0.1833,0.2000,-0.60000,1265.385,1020,decreasing,rolling,1417.893,1143,1417.637,-1.746,0,0,1783744932.035770893,0.348254,0.294219,1.061083,0.212799,,,,0.020415,1.343840,0.000000,0.000000,1.253,0.780
forward,5,10.6208,0.1859,0.2000,-0.60000,1265.385,1020,decreasing,rolling,1418.042,1144,1417.690,-1.693,1,2,1783744932.135996103,0.354369,0.317408,1.071222,0.217606,0.0232548,0.0101390,0.4359951,0.043670,1.367095,0.000000,0.000000,1.253,0.780
forward,5,10.6413,0.2064,0.2000,-0.60000,1265.385,1020,decreasing,rolling,1418.042,1144,1417.690,-1.693,0,0,1783744932.135996103,0.354369,0.317408,1.071222,0.217606,,,,0.043670,1.367095,0.000000,0.000000,1.253,0.780
forward,5,10.6633,0.2283,0.2000,-0.60000,1265.385,1020,decreasing,rolling,1418.042,1144,1417.690,-1.693,0,0,1783744932.135996103,0.354369,0.317408,1.071222,0.217606,,,,0.043670,1.367095,0.000000,0.000000,1.253,0.780
forward,5,10.6851,0.2501,0.2000,-0.60000,1265.385,1020,decreasing,rolling,1418.042,1144,1417.690,-1.693,0,0,1783744932.135996103,0.354369,0.317408,1.071222,0.217606,,,,0.043670,1.367095,0.000000,0.000000,1.253,0.780
forward,5,10.7067,0.2718,0.2000,-0.60000,1265.385,1020,decreasing,rolling,1418.042,1144,1417.690,-1.693,0,0,1783744932.135996103,0.354369,0.317408,1.071222,0.217606,,,,0.043670,1.367095,0.000000,0.000000,1.268,0.762
forward,5,10.7201,0.2851,0.2000,-0.60000,1265.385,1020,decreasing,rolling,1418.042,1144,1417.690,-1.693,0,0,1783744932.135996103,0.354369,0.317408,1.071222,0.217606,,,,0.043670,1.367095,0.000000,0.000000,1.268,0.762
forward,5,10.7419,0.3070,0.2000,-0.60000,1265.385,1020,decreasing,rolling,1417.864,1143,1417.713,-1.671,1,3,1783744932.236456156,0.364902,0.331952,1.064209,0.207552,0.0178207,-0.0070124,-0.3934983,0.061491,1.384915,0.000000,0.000000,1.268,0.762
forward,5,10.7474,0.3125,0.2000,-0.60000,1265.385,1020,decreasing,rolling,1417.864,1143,1417.713,-1.671,0,0,1783744932.236456156,0.364902,0.331952,1.064209,0.207552,,,,0.061491,1.384915,0.000000,0.000000,1.268,0.762
forward,5,10.7690,0.3341,0.2000,-0.60000,1265.385,1020,decreasing,rolling,1417.864,1143,1417.713,-1.671,0,0,1783744932.236456156,0.364902,0.331952,1.064209,0.207552,,,,0.061491,1.384915,0.000000,0.000000,1.268,0.762
forward,5,10.7906,0.3557,0.2000,-0.60000,1265.385,1020,decreasing,rolling,1417.864,1143,1417.713,-1.671,0,0,1783744932.236456156,0.364902,0.331952,1.064209,0.207552,,,,0.061491,1.384915,0.000000,0.000000,1.268,0.762
forward,5,10.8122,0.3773,0.2000,-0.60000,1265.385,1020,decreasing,rolling,1417.864,1143,1417.713,-1.671,0,0,1783744932.236456156,0.364902,0.331952,1.064209,0.207552,,,,0.061491,1.384915,0.000000,0.000000,1.280,0.746
forward,5,10.8202,0.3853,0.2000,-0.60000,1265.385,1020,decreasing,rolling,1417.657,1143,1417.706,-1.678,1,4,1783744932.336828470,0.375838,0.345112,1.056864,0.197569,0.0168243,-0.0073448,-0.4365581,0.078315,1.401740,0.000000,0.000000,1.280,0.746
forward,5,10.8280,0.3931,0.2000,-0.60000,1265.385,1020,decreasing,rolling,1417.657,1143,1417.706,-1.678,0,0,1783744932.336828470,0.375838,0.345112,1.056864,0.197569,,,,0.078315,1.401740,0.000000,0.000000,1.280,0.746
forward,5,10.8496,0.4147,0.2000,-0.60000,1265.385,1020,decreasing,rolling,1417.657,1143,1417.706,-1.678,0,0,1783744932.336828470,0.375838,0.345112,1.056864,0.197569,,,,0.078315,1.401740,0.000000,0.000000,1.280,0.746
forward,5,10.8712,0.4362,0.2000,-0.60000,1265.385,1020,decreasing,rolling,1417.657,1143,1417.706,-1.678,0,0,1783744932.336828470,0.375838,0.345112,1.056864,0.197569,,,,0.078315,1.401740,0.000000,0.000000,1.280,0.746
forward,5,10.8927,0.4578,0.2000,-0.60000,1265.385,1020,decreasing,rolling,1417.657,1143,1417.706,-1.678,0,0,1783744932.336828470,0.375838,0.345112,1.056864,0.197569,,,,0.078315,1.401740,0.000000,0.000000,1.280,0.746
forward,5,10.9142,0.4793,0.2000,-0.60000,1265.385,1020,decreasing,rolling,1417.657,1143,1417.706,-1.678,0,0,1783744932.336828470,0.375838,0.345112,1.056864,0.197569,,,,0.078315,1.401740,0.000000,0.000000,1.298,0.729
forward,5,10.9210,0.4860,0.2000,-0.60000,1265.385,1020,decreasing,rolling,1417.535,1143,1417.683,-1.700,1,5,1783744932.437046766,0.382210,0.361967,1.046634,0.192571,0.0177965,-0.0102304,-0.5748587,0.096112,1.419536,0.000000,0.000000,1.298,0.729
forward,5,10.9390,0.5040,0.2000,-0.60000,1265.385,1020,decreasing,rolling,1417.535,1143,1417.683,-1.700,0,0,1783744932.437046766,0.382210,0.361967,1.046634,0.192571,,,,0.096112,1.419536,0.000000,0.000000,1.298,0.729
forward,5,10.9607,0.5258,0.2000,-0.60000,1265.385,1020,decreasing,rolling,1417.535,1143,1417.683,-1.700,0,0,1783744932.437046766,0.382210,0.361967,1.046634,0.192571,,,,0.096112,1.419536,0.000000,0.000000,1.298,0.729
forward,5,10.9823,0.5474,0.2000,-0.60000,1265.385,1020,decreasing,rolling,1417.535,1143,1417.683,-1.700,0,0,1783744932.437046766,0.382210,0.361967,1.046634,0.192571,,,,0.096112,1.419536,0.000000,0.000000,1.298,0.729
forward,5,11.0040,0.5691,0.2000,-0.60000,1265.385,1020,decreasing,rolling,1417.535,1143,1417.683,-1.700,0,0,1783744932.437046766,0.382210,0.361967,1.046634,0.192571,,,,0.096112,1.419536,0.000000,0.000000,1.309,0.712
forward,5,11.0210,0.5860,0.2000,-0.60000,1265.385,1020,decreasing,rolling,1417.336,1143,1417.638,-1.746,1,6,1783744932.537762642,0.388220,0.377342,1.037325,0.184905,0.0163067,-0.0093090,-0.5708676,0.112418,1.435843,0.016307,-0.009309,1.309,0.712
forward,5,11.0374,0.6025,0.2000,-0.60000,1265.385,1020,decreasing,rolling,1417.336,1143,1417.638,-1.746,0,0,1783744932.537762642,0.388220,0.377342,1.037325,0.184905,,,,0.112418,1.435843,0.016307,-0.009309,1.309,0.712
forward,5,11.0591,0.6241,0.2000,-0.60000,1265.385,1020,decreasing,rolling,1417.336,1143,1417.638,-1.746,0,0,1783744932.537762642,0.388220,0.377342,1.037325,0.184905,,,,0.112418,1.435843,0.016307,-0.009309,1.309,0.712
forward,5,11.0806,0.6456,0.2000,-0.60000,1265.385,1020,decreasing,rolling,1417.336,1143,1417.638,-1.746,0,0,1783744932.537762642,0.388220,0.377342,1.037325,0.184905,,,,0.112418,1.435843,0.016307,-0.009309,1.309,0.712
forward,5,11.1021,0.6672,0.2000,-0.60000,1265.385,1020,decreasing,rolling,1417.336,1143,1417.638,-1.746,0,0,1783744932.537762642,0.388220,0.377342,1.037325,0.184905,,,,0.112418,1.435843,0.016307,-0.009309,1.318,0.697
forward,5,11.1217,0.6868,0.2000,-0.60000,1265.385,1020,decreasing,rolling,1417.221,1143,1417.583,-1.800,1,7,1783744932.637775660,0.397350,0.392018,1.028353,0.181875,0.0172807,-0.0089724,-0.5192146,0.129699,1.453124,0.033587,-0.018281,1.318,0.697
forward,5,11.1368,0.7018,0.2000,-0.60000,1265.385,1020,decreasing,rolling,1417.221,1143,1417.583,-1.800,0,0,1783744932.637775660,0.397350,0.392018,1.028353,0.181875,,,,0.129699,1.453124,0.033587,-0.018281,1.318,0.697
forward,5,11.1584,0.7235,0.2000,-0.60000,1265.385,1020,decreasing,rolling,1417.221,1143,1417.583,-1.800,0,0,1783744932.637775660,0.397350,0.392018,1.028353,0.181875,,,,0.129699,1.453124,0.033587,-0.018281,1.318,0.697
forward,5,11.1799,0.7450,0.2000,-0.60000,1265.385,1020,decreasing,rolling,1417.221,1143,1417.583,-1.800,0,0,1783744932.637775660,0.397350,0.392018,1.028353,0.181875,,,,0.129699,1.453124,0.033587,-0.018281,1.318,0.697
forward,5,11.2017,0.7667,0.2000,-0.60000,1265.385,1020,decreasing,rolling,1417.221,1143,1417.583,-1.800,0,0,1783744932.637775660,0.397350,0.392018,1.028353,0.181875,,,,0.129699,1.453124,0.033587,-0.018281,1.332,0.682
forward,5,11.2217,0.7867,0.2000,-0.60000,1265.385,1020,decreasing,rolling,1416.888,1143,1417.492,-1.891,1,8,1783744932.738204241,0.404717,0.403237,1.019590,0.169798,0.0134138,-0.0087627,-0.6532622,0.143113,1.466537,0.047001,-0.027044,1.332,0.682
forward,5,11.2358,0.8009,0.2000,-0.60000,1265.385,1020,decreasing,rolling,1416.888,1143,1417.492,-1.891,0,0,1783744932.738204241,0.404717,0.403237,1.019590,0.169798,,,,0.143113,1.466537,0.047001,-0.027044,1.332,0.682
forward,5,11.2575,0.8225,0.2000,-0.60000,1265.385,1020,decreasing,rolling,1416.888,1143,1417.492,-1.891,0,0,1783744932.738204241,0.404717,0.403237,1.019590,0.169798,,,,0.143113,1.466537,0.047001,-0.027044,1.332,0.682
forward,5,11.2790,0.8440,0.2000,-0.60000,1265.385,1020,decreasing,rolling,1416.888,1143,1417.492,-1.891,0,0,1783744932.738204241,0.404717,0.403237,1.019590,0.169798,,,,0.143113,1.466537,0.047001,-0.027044,1.332,0.682
forward,5,11.3005,0.8655,0.2000,-0.60000,1265.385,1020,decreasing,rolling,1416.888,1143,1417.492,-1.891,0,0,1783744932.738204241,0.404717,0.403237,1.019590,0.169798,,,,0.143113,1.466537,0.047001,-0.027044,1.352,0.665
forward,5,11.3222,0.8873,0.2000,-0.60000,1265.385,1020,decreasing,rolling,1416.748,1143,1417.395,-1.989,1,9,1783744932.838495731,0.412217,0.417608,1.011374,0.167645,0.0161658,-0.0082160,-0.5082301,0.159279,1.482703,0.063167,-0.035260,1.352,0.665
forward,5,11.3410,0.9061,0.2000,-0.60000,1265.385,1020,decreasing,rolling,1416.748,1143,1417.395,-1.989,0,0,1783744932.838495731,0.412217,0.417608,1.011374,0.167645,,,,0.159279,1.482703,0.063167,-0.035260,1.352,0.665
forward,5,11.3627,0.9277,0.2000,-0.60000,1265.385,1020,decreasing,rolling,1416.748,1143,1417.395,-1.989,0,0,1783744932.838495731,0.412217,0.417608,1.011374,0.167645,,,,0.159279,1.482703,0.063167,-0.035260,1.352,0.665
forward,5,11.3842,0.9492,0.2000,-0.60000,1265.385,1020,decreasing,rolling,1416.748,1143,1417.395,-1.989,0,0,1783744932.838495731,0.412217,0.417608,1.011374,0.167645,,,,0.159279,1.482703,0.063167,-0.035260,1.352,0.665
forward,5,11.4057,0.9707,0.2000,-0.60000,1265.385,1020,decreasing,rolling,1416.748,1143,1417.395,-1.989,0,0,1783744932.838495731,0.412217,0.417608,1.011374,0.167645,,,,0.159279,1.482703,0.063167,-0.035260,1.357,0.647
forward,5,11.4229,0.9879,0.2000,-0.60000,1265.385,1020,decreasing,rolling,1416.601,1142,1417.291,-2.093,1,10,1783744932.939030409,0.420759,0.431117,1.001914,0.165479,0.0159832,-0.0094601,-0.5918761,0.175262,1.498686,0.079150,-0.044720,1.357,0.647
forward,5,11.4346,0.9996,0.2000,-0.60000,1265.385,1020,decreasing,rolling,1416.601,1142,1417.291,-2.093,0,0,1783744932.939030409,0.420759,0.431117,1.001914,0.165479,,,,0.175262,1.498686,0.079150,-0.044720,1.357,0.647
forward,5,11.4562,1.0213,0.2000,-0.60000,1265.385,1020,decreasing,rolling,1416.601,1142,1417.291,-2.093,0,0,1783744932.939030409,0.420759,0.431117,1.001914,0.165479,,,,0.175262,1.498686,0.079150,-0.044720,1.357,0.647
forward,5,11.4778,1.0429,0.2000,-0.60000,1265.385,1020,decreasing,rolling,1416.601,1142,1417.291,-2.093,0,0,1783744932.939030409,0.420759,0.431117,1.001914,0.165479,,,,0.175262,1.498686,0.079150,-0.044720,1.357,0.647
forward,5,11.4994,1.0644,0.2000,-0.60000,1265.385,1020,decreasing,rolling,1416.601,1142,1417.291,-2.093,0,0,1783744932.939030409,0.420759,0.431117,1.001914,0.165479,,,,0.175262,1.498686,0.079150,-0.044720,1.383,0.632
forward,5,11.5207,1.0857,0.2000,-0.60000,1265.385,1020,decreasing,rolling,1416.450,1142,1417.181,-2.203,1,11,1783744933.039370298,0.430407,0.443688,0.992319,0.163461,0.0157942,-0.0095952,-0.6075170,0.191056,1.514481,0.094944,-0.054315,1.383,0.632
forward,5,11.5338,1.0989,0.2000,-0.60000,1265.385,1020,decreasing,rolling,1416.450,1142,1417.181,-2.203,0,0,1783744933.039370298,0.430407,0.443688,0.992319,0.163461,,,,0.191056,1.514481,0.094944,-0.054315,1.383,0.632
forward,5,11.5556,1.1207,0.2000,-0.60000,1265.385,1020,decreasing,rolling,1416.450,1142,1417.181,-2.203,0,0,1783744933.039370298,0.430407,0.443688,0.992319,0.163461,,,,0.191056,1.514481,0.094944,-0.054315,1.383,0.632
forward,5,11.5772,1.1423,0.2000,-0.60000,1265.385,1020,decreasing,rolling,1416.450,1142,1417.181,-2.203,0,0,1783744933.039370298,0.430407,0.443688,0.992319,0.163461,,,,0.191056,1.514481,0.094944,-0.054315,1.383,0.632
forward,5,11.5988,1.1638,0.2000,-0.60000,1265.385,1020,decreasing,rolling,1416.450,1142,1417.181,-2.203,0,0,1783744933.039370298,0.430407,0.443688,0.992319,0.163461,,,,0.191056,1.514481,0.094944,-0.054315,1.385,0.618
forward,5,11.6208,1.1858,0.2000,-0.60000,1265.385,1020,decreasing,rolling,1416.255,1142,1417.062,-2.321,1,12,1783744933.137386799,0.436964,0.456767,0.984204,0.159654,0.0145292,-0.0081144,-0.5584882,0.205585,1.529010,0.109474,-0.062430,1.385,0.618
forward,5,11.6401,1.2051,0.2000,-0.60000,1265.385,1020,decreasing,rolling,1416.255,1142,1417.062,-2.321,0,0,1783744933.137386799,0.436964,0.456767,0.984204,0.159654,,,,0.205585,1.529010,0.109474,-0.062430,1.385,0.618
forward,5,11.6617,1.2268,0.2000,-0.60000,1265.385,1020,decreasing,rolling,1416.255,1142,1417.062,-2.321,0,0,1783744933.137386799,0.436964,0.456767,0.984204,0.159654,,,,0.205585,1.529010,0.109474,-0.062430,1.385,0.618
forward,5,11.6836,1.2487,0.2000,-0.60000,1265.385,1020,decreasing,rolling,1416.255,1142,1417.062,-2.321,0,0,1783744933.137386799,0.436964,0.456767,0.984204,0.159654,,,,0.205585,1.529010,0.109474,-0.062430,1.385,0.618
forward,5,11.7054,1.2704,0.2000,-0.60000,1265.385,1020,decreasing,rolling,1416.255,1142,1417.062,-2.321,0,0,1783744933.137386799,0.436964,0.456767,0.984204,0.159654,,,,0.205585,1.529010,0.109474,-0.062430,1.400,0.604
forward,5,11.7213,1.2864,0.2000,-0.60000,1265.385,1020,decreasing,rolling,1416.049,1142,1416.930,-2.454,1,13,1783744933.237559080,0.444865,0.468930,0.975467,0.155935,0.0145028,-0.0087376,-0.6024806,0.220088,1.543513,0.123976,-0.071167,1.400,0.604
forward,5,11.7327,1.2978,0.2000,-0.60000,1265.385,1020,decreasing,rolling,1416.049,1142,1416.930,-2.454,0,0,1783744933.237559080,0.444865,0.468930,0.975467,0.155935,,,,0.220088,1.543513,0.123976,-0.071167,1.400,0.604
forward,5,11.7544,1.3195,0.2000,-0.60000,1265.385,1020,decreasing,rolling,1416.049,1142,1416.930,-2.454,0,0,1783744933.237559080,0.444865,0.468930,0.975467,0.155935,,,,0.220088,1.543513,0.123976,-0.071167,1.400,0.604
forward,5,11.7759,1.3410,0.2000,-0.60000,1265.385,1020,decreasing,rolling,1416.049,1142,1416.930,-2.454,0,0,1783744933.237559080,0.444865,0.468930,0.975467,0.155935,,,,0.220088,1.543513,0.123976,-0.071167,1.400,0.604
forward,5,11.7974,1.3625,0.2000,-0.60000,1265.385,1020,decreasing,rolling,1416.049,1142,1416.930,-2.454,0,0,1783744933.237559080,0.444865,0.468930,0.975467,0.155935,,,,0.220088,1.543513,0.123976,-0.071167,1.400,0.604
forward,5,11.8189,1.3840,0.2000,-0.60000,1265.385,1020,decreasing,rolling,1416.049,1142,1416.930,-2.454,0,0,1783744933.237559080,0.444865,0.468930,0.975467,0.155935,,,,0.220088,1.543513,0.123976,-0.071167,1.411,0.587
forward,5,11.8217,1.3868,0.2000,-0.60000,1265.385,1020,decreasing,rolling,1416.270,1142,1416.843,-2.540,1,14,1783744933.338135004,0.456769,0.487296,0.965709,0.171337,0.0218795,-0.0097574,-0.4459584,0.241968,1.565392,0.145856,-0.080925,1.411,0.587
forward,5,11.8374,1.4024,0.2000,-0.60000,1265.385,1020,decreasing,rolling,1416.270,1142,1416.843,-2.540,0,0,1783744933.338135004,0.456769,0.487296,0.965709,0.171337,,,,0.241968,1.565392,0.145856,-0.080925,1.411,0.587
forward,5,11.8591,1.4241,0.2000,-0.60000,1265.385,1020,decreasing,rolling,1416.270,1142,1416.843,-2.540,0,0,1783744933.338135004,0.456769,0.487296,0.965709,0.171337,,,,0.241968,1.565392,0.145856,-0.080925,1.411,0.587
forward,5,11.8807,1.4457,0.2000,-0.60000,1265.385,1020,decreasing,rolling,1416.270,1142,1416.843,-2.540,0,0,1783744933.338135004,0.456769,0.487296,0.965709,0.171337,,,,0.241968,1.565392,0.145856,-0.080925,1.411,0.587
forward,5,11.9022,1.4672,0.2000,-0.60000,1265.385,1020,decreasing,rolling,1416.270,1142,1416.843,-2.540,0,0,1783744933.338135004,0.456769,0.487296,0.965709,0.171337,,,,0.241968,1.565392,0.145856,-0.080925,1.436,0.567
forward,5,11.9221,1.4871,0.2000,-0.60000,1265.385,1020,decreasing,rolling,1416.270,1142,1416.843,-2.540,0,0,1783744933.338135004,0.456769,0.487296,0.965709,0.171337,,,,0.241968,1.565392,0.145856,-0.080925,1.436,0.567
forward,5,11.9440,1.5090,0.2000,-0.60000,1265.385,1020,decreasing,rolling,1416.049,1142,1416.739,-2.644,1,15,1783744933.438573122,0.462992,0.501079,0.956270,0.165497,0.0148624,-0.0094392,-0.6351071,0.256830,1.580255,0.160718,-0.090364,1.436,0.567
forward,5,11.9460,1.5110,0.2000,-0.60000,1265.385,1020,decreasing,rolling,1416.049,1142,1416.739,-2.644,0,0,1783744933.438573122,0.462992,0.501079,0.956270,0.165497,,,,0.256830,1.580255,0.160718,-0.090364,1.436,0.567
forward,5,11.9676,1.5327,0.2000,-0.60000,1265.385,1020,decreasing,rolling,1416.049,1142,1416.739,-2.644,0,0,1783744933.438573122,0.462992,0.501079,0.956270,0.165497,,,,0.256830,1.580255,0.160718,-0.090364,1.436,0.567
forward,5,11.9896,1.5547,0.2000,-0.60000,1265.385,1020,decreasing,rolling,1416.049,1142,1416.739,-2.644,0,0,1783744933.438573122,0.462992,0.501079,0.956270,0.165497,,,,0.256830,1.580255,0.160718,-0.090364,1.436,0.567
forward,5,12.0115,1.5766,0.2000,-0.60000,1265.385,1020,decreasing,rolling,1416.049,1142,1416.739,-2.644,0,0,1783744933.438573122,0.462992,0.501079,0.956270,0.165497,,,,0.256830,1.580255,0.160718,-0.090364,1.457,0.549
forward,5,12.0194,1.5845,0.2000,-0.60000,1265.385,1020,decreasing,rolling,1416.161,1142,1416.664,-2.720,1,16,1783744933.538755894,0.477152,0.515946,0.945314,0.174848,0.0203273,-0.0109559,-0.5389748,0.277157,1.600582,0.181046,-0.101320,1.457,0.549
forward,5,12.0355,1.6005,0.2000,-0.60000,1265.385,1020,decreasing,rolling,1416.161,1142,1416.664,-2.720,0,0,1783744933.538755894,0.477152,0.515946,0.945314,0.174848,,,,0.277157,1.600582,0.181046,-0.101320,1.457,0.549
forward,5,12.0572,1.6223,0.2000,-0.60000,1265.385,1020,decreasing,rolling,1416.161,1142,1416.664,-2.720,0,0,1783744933.538755894,0.477152,0.515946,0.945314,0.174848,,,,0.277157,1.600582,0.181046,-0.101320,1.457,0.549
forward,5,12.0788,1.6438,0.2000,-0.60000,1265.385,1020,decreasing,rolling,1416.161,1142,1416.664,-2.720,0,0,1783744933.538755894,0.477152,0.515946,0.945314,0.174848,,,,0.277157,1.600582,0.181046,-0.101320,1.457,0.549
forward,5,12.1003,1.6654,0.2000,-0.60000,1265.385,1020,decreasing,rolling,1416.161,1142,1416.664,-2.720,0,0,1783744933.538755894,0.477152,0.515946,0.945314,0.174848,,,,0.277157,1.600582,0.181046,-0.101320,1.485,0.530
forward,5,12.1206,1.6857,0.2000,-0.60000,1265.385,1020,decreasing,rolling,1416.247,1142,1416.610,-2.773,1,17,1783744933.636566877,0.488821,0.531973,0.936173,0.181810,0.0198260,-0.0091413,-0.4610777,0.296983,1.620408,0.200872,-0.110461,1.485,0.530
forward,5,12.1420,1.7071,0.2000,-0.60000,1265.385,1020,decreasing,rolling,1416.247,1142,1416.610,-2.773,0,0,1783744933.636566877,0.488821,0.531973,0.936173,0.181810,,,,0.296983,1.620408,0.200872,-0.110461,1.485,0.530
forward,5,12.1639,1.7289,0.2000,-0.60000,1265.385,1020,decreasing,rolling,1416.247,1142,1416.610,-2.773,0,0,1783744933.636566877,0.488821,0.531973,0.936173,0.181810,,,,0.296983,1.620408,0.200872,-0.110461,1.485,0.530
forward,5,12.1858,1.7508,0.2000,-0.60000,1265.385,1020,decreasing,rolling,1416.247,1142,1416.610,-2.773,0,0,1783744933.636566877,0.488821,0.531973,0.936173,0.181810,,,,0.296983,1.620408,0.200872,-0.110461,1.485,0.530
forward,5,12.2076,1.7726,0.2000,-0.60000,1265.385,1020,decreasing,rolling,1416.247,1142,1416.610,-2.773,0,0,1783744933.636566877,0.488821,0.531973,0.936173,0.181810,,,,0.296983,1.620408,0.200872,-0.110461,1.046,0.507
forward,5,12.2206,1.7856,0.2000,-0.60000,1265.385,1020,decreasing,rolling,1416.441,1142,1416.588,-2.796,1,18,1783744933.737333059,0.502308,0.550219,0.924159,0.192648,0.0226889,-0.0120140,-0.5295095,0.319672,1.643097,0.223560,-0.122475,1.046,0.507
forward,5,12.2369,1.8019,0.2000,-0.60000,1265.385,1020,decreasing,rolling,1416.441,1142,1416.588,-2.796,0,0,1783744933.737333059,0.502308,0.550219,0.924159,0.192648,,,,0.319672,1.643097,0.223560,-0.122475,1.046,0.507
forward,5,12.2585,1.8236,0.2000,-0.60000,1265.385,1020,decreasing,rolling,1416.441,1142,1416.588,-2.796,0,0,1783744933.737333059,0.502308,0.550219,0.924159,0.192648,,,,0.319672,1.643097,0.223560,-0.122475,1.046,0.507
forward,5,12.2800,1.8451,0.2000,-0.60000,1265.385,1020,decreasing,rolling,1416.441,1142,1416.588,-2.796,0,0,1783744933.737333059,0.502308,0.550219,0.924159,0.192648,,,,0.319672,1.643097,0.223560,-0.122475,1.046,0.507
forward,5,12.3015,1.8666,0.2000,-0.60000,1265.385,1020,decreasing,rolling,1416.441,1142,1416.588,-2.796,0,0,1783744933.737333059,0.502308,0.550219,0.924159,0.192648,,,,0.319672,1.643097,0.223560,-0.122475,1.071,0.484
forward,5,12.3210,1.8860,0.2000,-0.60000,1265.385,1020,decreasing,rolling,1416.594,1142,1416.589,-2.795,1,19,1783744933.837555885,0.516899,0.567210,0.909452,0.200264,0.0223610,-0.0147070,-0.6577073,0.342033,1.665458,0.245921,-0.137182,1.071,0.484
forward,6,12.3371,0.0000,0.2000,0.00000,1450.000,1169,increasing,rolling,1416.594,1142,1416.589,-2.795,0,0,1783744933.837555885,0.516899,0.567210,0.909452,0.200264,,,,0.000000,1.665458,0.000000,0.000000,1.071,0.484
forward,6,12.3589,0.0218,0.2000,0.00000,1450.000,1169,increasing,rolling,1416.594,1142,1416.589,-2.795,0,0,1783744933.837555885,0.516899,0.567210,0.909452,0.200264,,,,0.000000,1.665458,0.000000,0.000000,1.071,0.484
forward,6,12.3804,0.0434,0.2000,0.00000,1450.000,1169,increasing,rolling,1416.594,1142,1416.589,-2.795,0,0,1783744933.837555885,0.516899,0.567210,0.909452,0.200264,,,,0.000000,1.665458,0.000000,0.000000,1.071,0.484
forward,6,12.4021,0.0651,0.2000,0.00000,1450.000,1169,increasing,rolling,1416.594,1142,1416.589,-2.795,0,0,1783744933.837555885,0.516899,0.567210,0.909452,0.200264,,,,0.000000,1.665458,0.000000,0.000000,1.103,0.460
forward,6,12.4191,0.0821,0.2000,0.00000,1450.000,1169,increasing,rolling,1417.120,1143,1416.658,-2.725,1,1,1783744933.937685966,0.533328,0.591432,0.894356,0.223080,0.0291907,-0.0150956,-0.5171358,0.029191,1.694648,0.000000,0.000000,1.103,0.460
forward,6,12.4316,0.0946,0.2000,0.00000,1450.000,1169,increasing,rolling,1417.120,1143,1416.658,-2.725,0,0,1783744933.937685966,0.533328,0.591432,0.894356,0.223080,,,,0.029191,1.694648,0.000000,0.000000,1.103,0.460
forward,6,12.4533,0.1162,0.2000,0.00000,1450.000,1169,increasing,rolling,1417.120,1143,1416.658,-2.725,0,0,1783744933.937685966,0.533328,0.591432,0.894356,0.223080,,,,0.029191,1.694648,0.000000,0.000000,1.103,0.460
forward,6,12.4750,0.1380,0.2000,0.00000,1450.000,1169,increasing,rolling,1417.120,1143,1416.658,-2.725,0,0,1783744933.937685966,0.533328,0.591432,0.894356,0.223080,,,,0.029191,1.694648,0.000000,0.000000,1.103,0.460
forward,6,12.4966,0.1596,0.2000,0.00000,1450.000,1169,increasing,rolling,1417.120,1143,1416.658,-2.725,0,0,1783744933.937685966,0.533328,0.591432,0.894356,0.223080,,,,0.029191,1.694648,0.000000,0.000000,1.103,0.460
forward,6,12.5183,0.1812,0.2000,0.00000,1450.000,1169,increasing,rolling,1417.120,1143,1416.658,-2.725,0,0,1783744933.937685966,0.533328,0.591432,0.894356,0.223080,,,,0.029191,1.694648,0.000000,0.000000,1.125,0.438
forward,6,12.5208,0.1838,0.2000,0.00000,1450.000,1169,increasing,rolling,1417.531,1143,1416.770,-2.614,1,2,1783744934.035595417,0.550996,0.612775,0.887062,0.238054,0.0277061,-0.0072940,-0.2632624,0.056897,1.722354,0.000000,0.000000,1.125,0.438
forward,6,12.5415,0.2044,0.2000,0.00000,1450.000,1169,increasing,rolling,1417.531,1143,1416.770,-2.614,0,0,1783744934.035595417,0.550996,0.612775,0.887062,0.238054,,,,0.056897,1.722354,0.000000,0.000000,1.125,0.438
forward,6,12.5631,0.2261,0.2000,0.00000,1450.000,1169,increasing,rolling,1417.531,1143,1416.770,-2.614,0,0,1783744934.035595417,0.550996,0.612775,0.887062,0.238054,,,,0.056897,1.722354,0.000000,0.000000,1.125,0.438
forward,6,12.5847,0.2476,0.2000,0.00000,1450.000,1169,increasing,rolling,1417.531,1143,1416.770,-2.614,0,0,1783744934.035595417,0.550996,0.612775,0.887062,0.238054,,,,0.056897,1.722354,0.000000,0.000000,1.125,0.438
forward,6,12.6063,0.2693,0.2000,0.00000,1450.000,1169,increasing,rolling,1417.531,1143,1416.770,-2.614,0,0,1783744934.035595417,0.550996,0.612775,0.887062,0.238054,,,,0.056897,1.722354,0.000000,0.000000,1.125,0.416
forward,6,12.6195,0.2825,0.2000,0.00000,1450.000,1169,increasing,rolling,1417.640,1143,1416.884,-2.500,1,3,1783744934.136171818,0.565011,0.632109,0.883536,0.237794,0.0238377,-0.0035267,-0.1479454,0.080735,1.746192,0.000000,0.000000,1.125,0.416
forward,6,12.6414,0.3043,0.2000,0.00000,1450.000,1169,increasing,rolling,1417.640,1143,1416.884,-2.500,0,0,1783744934.136171818,0.565011,0.632109,0.883536,0.237794,,,,0.080735,1.746192,0.000000,0.000000,1.125,0.416
forward,6,12.6630,0.3260,0.2000,0.00000,1450.000,1169,increasing,rolling,1417.640,1143,1416.884,-2.500,0,0,1783744934.136171818,0.565011,0.632109,0.883536,0.237794,,,,0.080735,1.746192,0.000000,0.000000,1.125,0.416
forward,6,12.6845,0.3475,0.2000,0.00000,1450.000,1169,increasing,rolling,1417.640,1143,1416.884,-2.500,0,0,1783744934.136171818,0.565011,0.632109,0.883536,0.237794,,,,0.080735,1.746192,0.000000,0.000000,1.125,0.416
forward,6,12.7061,0.3690,0.2000,0.00000,1450.000,1169,increasing,rolling,1417.640,1143,1416.884,-2.500,0,0,1783744934.136171818,0.565011,0.632109,0.883536,0.237794,,,,0.080735,1.746192,0.000000,0.000000,1.148,0.393
forward,6,12.7178,0.3807,0.2000,0.00000,1450.000,1169,increasing,rolling,1418.026,1144,1417.033,-2.350,1,4,1783744934.236386776,0.583070,0.654254,0.881868,0.249630,0.0285751,-0.0016672,-0.0583460,0.109310,1.774767,0.000000,0.000000,1.148,0.393
forward,6,12.7373,0.4002,0.2000,0.00000,1450.000,1169,increasing,rolling,1418.026,1144,1417.033,-2.350,0,0,1783744934.236386776,0.583070,0.654254,0.881868,0.249630,,,,0.109310,1.774767,0.000000,0.000000,1.148,0.393
forward,6,12.7590,0.4220,0.2000,0.00000,1450.000,1169,increasing,rolling,1418.026,1144,1417.033,-2.350,0,0,1783744934.236386776,0.583070,0.654254,0.881868,0.249630,,,,0.109310,1.774767,0.000000,0.000000,1.148,0.393
forward,6,12.7805,0.4435,0.2000,0.00000,1450.000,1169,increasing,rolling,1418.026,1144,1417.033,-2.350,0,0,1783744934.236386776,0.583070,0.654254,0.881868,0.249630,,,,0.109310,1.774767,0.000000,0.000000,1.148,0.393
forward,6,12.8021,0.4650,0.2000,0.00000,1450.000,1169,increasing,rolling,1418.026,1144,1417.033,-2.350,0,0,1783744934.236386776,0.583070,0.654254,0.881868,0.249630,,,,0.109310,1.774767,0.000000,0.000000,1.156,0.373
forward,6,12.8181,0.4811,0.2000,0.00000,1450.000,1169,increasing,rolling,1417.918,1143,1417.147,-2.237,1,5,1783744934.334661961,0.596091,0.669663,0.881489,0.238538,0.0201721,-0.0003797,-0.0188228,0.129482,1.794939,0.000000,0.000000,1.156,0.373
forward,6,12.8373,0.5003,0.2000,0.00000,1450.000,1169,increasing,rolling,1417.918,1143,1417.147,-2.237,0,0,1783744934.334661961,0.596091,0.669663,0.881489,0.238538,,,,0.129482,1.794939,0.000000,0.000000,1.156,0.373
forward,6,12.8592,0.5221,0.2000,0.00000,1450.000,1169,increasing,rolling,1417.918,1143,1417.147,-2.237,0,0,1783744934.334661961,0.596091,0.669663,0.881489,0.238538,,,,0.129482,1.794939,0.000000,0.000000,1.156,0.373
forward,6,12.8809,0.5439,0.2000,0.00000,1450.000,1169,increasing,rolling,1417.918,1143,1417.147,-2.237,0,0,1783744934.334661961,0.596091,0.669663,0.881489,0.238538,,,,0.129482,1.794939,0.000000,0.000000,1.156,0.373
forward,6,12.9027,0.5656,0.2000,0.00000,1450.000,1169,increasing,rolling,1417.918,1143,1417.147,-2.237,0,0,1783744934.334661961,0.596091,0.669663,0.881489,0.238538,,,,0.129482,1.794939,0.000000,0.000000,1.173,0.354
forward,6,12.9186,0.5816,0.2000,0.00000,1450.000,1169,increasing,rolling,1417.971,1144,1417.255,-2.129,1,6,1783744934.434965134,0.611556,0.686508,0.881333,0.235819,0.0228354,-0.0001562,-0.0068393,0.152317,1.817775,0.022835,-0.000156,1.173,0.354
forward,6,12.9274,0.5903,0.2000,0.00000,1450.000,1169,increasing,rolling,1417.971,1144,1417.255,-2.129,0,0,1783744934.434965134,0.611556,0.686508,0.881333,0.235819,,,,0.152317,1.817775,0.022835,-0.000156,1.173,0.354
forward,6,12.9491,0.6120,0.2000,0.00000,1450.000,1169,increasing,rolling,1417.971,1144,1417.255,-2.129,0,0,1783744934.434965134,0.611556,0.686508,0.881333,0.235819,,,,0.152317,1.817775,0.022835,-0.000156,1.173,0.354
forward,6,12.9707,0.6337,0.2000,0.00000,1450.000,1169,increasing,rolling,1417.971,1144,1417.255,-2.129,0,0,1783744934.434965134,0.611556,0.686508,0.881333,0.235819,,,,0.152317,1.817775,0.022835,-0.000156,1.173,0.354
forward,6,12.9923,0.6553,0.2000,0.00000,1450.000,1169,increasing,rolling,1417.971,1144,1417.255,-2.129,0,0,1783744934.434965134,0.611556,0.686508,0.881333,0.235819,,,,0.152317,1.817775,0.022835,-0.000156,1.173,0.354
forward,6,13.0140,0.6769,0.2000,0.00000,1450.000,1169,increasing,rolling,1417.971,1144,1417.255,-2.129,0,0,1783744934.434965134,0.611556,0.686508,0.881333,0.235819,,,,0.152317,1.817775,0.022835,-0.000156,1.192,0.336
forward,6,13.0165,0.6795,0.2000,0.00000,1450.000,1169,increasing,rolling,1418.205,1144,1417.379,-2.005,1,7,1783744934.535110235,0.628038,0.706378,0.881019,0.241310,0.0258157,-0.0003134,-0.0121408,0.178133,1.843591,0.048651,-0.000470,1.192,0.336
forward,6,13.0360,0.6989,0.2000,0.00000,1450.000,1169,increasing,rolling,1418.205,1144,1417.379,-2.005,0,0,1783744934.535110235,0.628038,0.706378,0.881019,0.241310,,,,0.178133,1.843591,0.048651,-0.000470,1.192,0.336
forward,6,13.0578,0.7208,0.2000,0.00000,1450.000,1169,increasing,rolling,1418.205,1144,1417.379,-2.005,0,0,1783744934.535110235,0.628038,0.706378,0.881019,0.241310,,,,0.178133,1.843591,0.048651,-0.000470,1.192,0.336
forward,6,13.0794,0.7423,0.2000,0.00000,1450.000,1169,increasing,rolling,1418.205,1144,1417.379,-2.005,0,0,1783744934.535110235,0.628038,0.706378,0.881019,0.241310,,,,0.178133,1.843591,0.048651,-0.000470,1.192,0.336
forward,6,13.1009,0.7639,0.2000,0.00000,1450.000,1169,increasing,rolling,1418.205,1144,1417.379,-2.005,0,0,1783744934.535110235,0.628038,0.706378,0.881019,0.241310,,,,0.178133,1.843591,0.048651,-0.000470,1.137,0.317
forward,6,13.1170,0.7799,0.2000,0.00000,1450.000,1169,increasing,rolling,1418.179,1144,1417.482,-1.902,1,8,1783744934.633341789,0.641271,0.722916,0.880803,0.234880,0.0211777,-0.0002163,-0.0102136,0.199311,1.864768,0.069829,-0.000686,1.137,0.317
forward,6,13.1332,0.7961,0.2000,0.00000,1450.000,1169,increasing,rolling,1418.179,1144,1417.482,-1.902,0,0,1783744934.633341789,0.641271,0.722916,0.880803,0.234880,,,,0.199311,1.864768,0.069829,-0.000686,1.137,0.317
forward,6,13.1548,0.8178,0.2000,0.00000,1450.000,1169,increasing,rolling,1418.179,1144,1417.482,-1.902,0,0,1783744934.633341789,0.641271,0.722916,0.880803,0.234880,,,,0.199311,1.864768,0.069829,-0.000686,1.137,0.317
forward,6,13.1763,0.8393,0.2000,0.00000,1450.000,1169,increasing,rolling,1418.179,1144,1417.482,-1.902,0,0,1783744934.633341789,0.641271,0.722916,0.880803,0.234880,,,,0.199311,1.864768,0.069829,-0.000686,1.137,0.317
forward,6,13.1978,0.8608,0.2000,0.00000,1450.000,1169,increasing,rolling,1418.179,1144,1417.482,-1.902,0,0,1783744934.633341789,0.641271,0.722916,0.880803,0.234880,,,,0.199311,1.864768,0.069829,-0.000686,1.141,0.301
forward,6,13.2171,0.8800,0.2000,0.00000,1450.000,1169,increasing,rolling,1417.852,1143,1417.530,-1.854,1,9,1783744934.733705759,0.651429,0.735311,0.879188,0.216080,0.0160259,-0.0016147,-0.1007556,0.215337,1.880794,0.085855,-0.002301,1.141,0.301
forward,6,13.2349,0.8978,0.2000,0.00000,1450.000,1169,increasing,rolling,1417.852,1143,1417.530,-1.854,0,0,1783744934.733705759,0.651429,0.735311,0.879188,0.216080,,,,0.215337,1.880794,0.085855,-0.002301,1.141,0.301
forward,6,13.2566,0.9195,0.2000,0.00000,1450.000,1169,increasing,rolling,1417.852,1143,1417.530,-1.854,0,0,1783744934.733705759,0.651429,0.735311,0.879188,0.216080,,,,0.215337,1.880794,0.085855,-0.002301,1.141,0.301
forward,6,13.2781,0.9411,0.2000,0.00000,1450.000,1169,increasing,rolling,1417.852,1143,1417.530,-1.854,0,0,1783744934.733705759,0.651429,0.735311,0.879188,0.216080,,,,0.215337,1.880794,0.085855,-0.002301,1.141,0.301
forward,6,13.2997,0.9626,0.2000,0.00000,1450.000,1169,increasing,rolling,1417.852,1143,1417.530,-1.854,0,0,1783744934.733705759,0.651429,0.735311,0.879188,0.216080,,,,0.215337,1.880794,0.085855,-0.002301,1.238,0.287
forward,6,13.3176,0.9806,0.2000,0.00000,1450.000,1169,increasing,rolling,1417.525,1143,1417.529,-1.854,1,10,1783744934.833895922,0.662025,0.746156,0.878134,0.199767,0.0151116,-0.0010537,-0.0697292,0.230448,1.895906,0.100966,-0.003354,1.238,0.287
forward,6,13.3311,0.9940,0.2000,0.00000,1450.000,1169,increasing,rolling,1417.525,1143,1417.529,-1.854,0,0,1783744934.833895922,0.662025,0.746156,0.878134,0.199767,,,,0.230448,1.895906,0.100966,-0.003354,1.238,0.287
forward,6,13.3528,1.0158,0.2000,0.00000,1450.000,1169,increasing,rolling,1417.525,1143,1417.529,-1.854,0,0,1783744934.833895922,0.662025,0.746156,0.878134,0.199767,,,,0.230448,1.895906,0.100966,-0.003354,1.238,0.287
forward,6,13.3744,1.0373,0.2000,0.00000,1450.000,1169,increasing,rolling,1417.525,1143,1417.529,-1.854,0,0,1783744934.833895922,0.662025,0.746156,0.878134,0.199767,,,,0.230448,1.895906,0.100966,-0.003354,1.238,0.287
forward,6,13.3959,1.0588,0.2000,0.00000,1450.000,1169,increasing,rolling,1417.525,1143,1417.529,-1.854,0,0,1783744934.833895922,0.662025,0.746156,0.878134,0.199767,,,,0.230448,1.895906,0.100966,-0.003354,1.110,0.277
forward,6,13.4157,1.0787,0.2000,0.00000,1450.000,1169,increasing,rolling,1417.771,1143,1417.561,-1.823,1,11,1783744934.934453249,0.677454,0.765075,0.877780,0.210516,0.0244116,-0.0003544,-0.0145159,0.254860,1.920317,0.125378,-0.003709,1.110,0.277
forward,6,13.4296,1.0925,0.2000,0.00000,1450.000,1169,increasing,rolling,1417.771,1143,1417.561,-1.823,0,0,1783744934.934453249,0.677454,0.765075,0.877780,0.210516,,,,0.254860,1.920317,0.125378,-0.003709,1.110,0.277
forward,6,13.4512,1.1141,0.2000,0.00000,1450.000,1169,increasing,rolling,1417.771,1143,1417.561,-1.823,0,0,1783744934.934453249,0.677454,0.765075,0.877780,0.210516,,,,0.254860,1.920317,0.125378,-0.003709,1.110,0.277
forward,6,13.4727,1.1356,0.2000,0.00000,1450.000,1169,increasing,rolling,1417.771,1143,1417.561,-1.823,0,0,1783744934.934453249,0.677454,0.765075,0.877780,0.210516,,,,0.254860,1.920317,0.125378,-0.003709,1.110,0.277
forward,6,13.4942,1.1571,0.2000,0.00000,1450.000,1169,increasing,rolling,1417.771,1143,1417.561,-1.823,0,0,1783744934.934453249,0.677454,0.765075,0.877780,0.210516,,,,0.254860,1.920317,0.125378,-0.003709,1.127,0.268
forward,6,13.5161,1.1790,0.2000,0.00000,1450.000,1169,increasing,rolling,1417.750,1143,1417.585,-1.798,1,12,1783744935.032288551,0.690847,0.779566,0.875073,0.208242,0.0197060,-0.0027066,-0.1373491,0.274566,1.940023,0.145084,-0.006415,1.127,0.268
forward,6,13.5333,1.1962,0.2000,0.00000,1450.000,1169,increasing,rolling,1417.750,1143,1417.585,-1.798,0,0,1783744935.032288551,0.690847,0.779566,0.875073,0.208242,,,,0.274566,1.940023,0.145084,-0.006415,1.127,0.268
forward,6,13.5549,1.2179,0.2000,0.00000,1450.000,1169,increasing,rolling,1417.750,1143,1417.585,-1.798,0,0,1783744935.032288551,0.690847,0.779566,0.875073,0.208242,,,,0.274566,1.940023,0.145084,-0.006415,1.127,0.268
forward,6,13.5765,1.2394,0.2000,0.00000,1450.000,1169,increasing,rolling,1417.750,1143,1417.585,-1.798,0,0,1783744935.032288551,0.690847,0.779566,0.875073,0.208242,,,,0.274566,1.940023,0.145084,-0.006415,1.127,0.268
forward,6,13.5981,1.2611,0.2000,0.00000,1450.000,1169,increasing,rolling,1417.750,1143,1417.585,-1.798,0,0,1783744935.032288551,0.690847,0.779566,0.875073,0.208242,,,,0.274566,1.940023,0.145084,-0.006415,1.141,0.266
forward,6,13.6162,1.2791,0.2000,0.00000,1450.000,1169,increasing,rolling,1417.723,1143,1417.603,-1.780,1,13,1783744935.132864714,0.702978,0.795539,0.874289,0.205985,0.0200360,-0.0007841,-0.0391329,0.294602,1.960059,0.165120,-0.007199,1.141,0.266
forward,6,13.6332,1.2962,0.2000,0.00000,1450.000,1169,increasing,rolling,1417.723,1143,1417.603,-1.780,0,0,1783744935.132864714,0.702978,0.795539,0.874289,0.205985,,,,0.294602,1.960059,0.165120,-0.007199,1.141,0.266
forward,6,13.6548,1.3178,0.2000,0.00000,1450.000,1169,increasing,rolling,1417.723,1143,1417.603,-1.780,0,0,1783744935.132864714,0.702978,0.795539,0.874289,0.205985,,,,0.294602,1.960059,0.165120,-0.007199,1.141,0.266
forward,6,13.6763,1.3393,0.2000,0.00000,1450.000,1169,increasing,rolling,1417.723,1143,1417.603,-1.780,0,0,1783744935.132864714,0.702978,0.795539,0.874289,0.205985,,,,0.294602,1.960059,0.165120,-0.007199,1.141,0.266
forward,6,13.6979,1.3608,0.2000,0.00000,1450.000,1169,increasing,rolling,1417.723,1143,1417.603,-1.780,0,0,1783744935.132864714,0.702978,0.795539,0.874289,0.205985,,,,0.294602,1.960059,0.165120,-0.007199,1.159,0.269
forward,6,13.7169,1.3798,0.2000,0.00000,1450.000,1169,increasing,rolling,1417.671,1143,1417.612,-1.772,1,14,1783744935.232985973,0.715920,0.810002,0.874077,0.202921,0.0193965,-0.0002128,-0.0109723,0.313998,1.979456,0.184517,-0.007412,1.159,0.269
forward,6,13.7234,1.3863,0.2000,0.00000,1450.000,1169,increasing,rolling,1417.671,1143,1417.612,-1.772,0,0,1783744935.232985973,0.715920,0.810002,0.874077,0.202921,,,,0.313998,1.979456,0.184517,-0.007412,1.159,0.269
forward,6,13.7450,1.4079,0.2000,0.00000,1450.000,1169,increasing,rolling,1417.671,1143,1417.612,-1.772,0,0,1783744935.232985973,0.715920,0.810002,0.874077,0.202921,,,,0.313998,1.979456,0.184517,-0.007412,1.159,0.269
forward,6,13.7666,1.4296,0.2000,0.00000,1450.000,1169,increasing,rolling,1417.671,1143,1417.612,-1.772,0,0,1783744935.232985973,0.715920,0.810002,0.874077,0.202921,,,,0.313998,1.979456,0.184517,-0.007412,1.159,0.269
forward,6,13.7882,1.4511,0.2000,0.00000,1450.000,1169,increasing,rolling,1417.671,1143,1417.612,-1.772,0,0,1783744935.232985973,0.715920,0.810002,0.874077,0.202921,,,,0.313998,1.979456,0.184517,-0.007412,1.159,0.269
forward,6,13.8098,1.4727,0.2000,0.00000,1450.000,1169,increasing,rolling,1417.671,1143,1417.612,-1.772,0,0,1783744935.232985973,0.715920,0.810002,0.874077,0.202921,,,,0.313998,1.979456,0.184517,-0.007412,1.173,0.267
forward,6,13.8147,1.4777,0.2000,0.00000,1450.000,1169,increasing,rolling,1417.559,1143,1417.605,-1.779,1,15,1783744935.333567858,0.725276,0.826030,0.875475,0.197675,0.0182994,0.0013983,0.0764141,0.332298,1.997755,0.202816,-0.006014,1.173,0.267
reverse,7,14.8537,0.0001,-0.2000,0.00000,1450.000,1169,same,startup,1588.509,1281,1592.509,0.000,0,0,1783744936.335142136,0.755609,0.861688,0.877600,0.030096,,,,0.000000,0.000000,0.000000,0.000000,1.200,0.266
reverse,7,14.8753,0.0217,-0.2000,0.00000,1450.000,1169,same,startup,1588.509,1281,1592.509,0.000,0,0,1783744936.335142136,0.755609,0.861688,0.877600,0.030096,,,,0.000000,0.000000,0.000000,0.000000,1.200,0.266
reverse,7,14.8968,0.0432,-0.2000,0.00000,1450.000,1169,same,startup,1588.509,1281,1592.509,0.000,0,0,1783744936.335142136,0.755609,0.861688,0.877600,0.030096,,,,0.000000,0.000000,0.000000,0.000000,1.197,0.264
reverse,7,14.9162,0.0626,-0.2000,0.00000,1450.000,1169,same,startup,1589.749,1282,1592.509,0.000,1,1,1783744936.432420015,0.755948,0.860911,0.875523,0.021595,-0.0003803,-0.0020763,5.4601977,0.000380,0.000380,0.000000,0.000000,1.197,0.264
reverse,7,14.9359,0.0823,-0.2000,0.00000,1450.000,1169,same,startup,1589.749,1282,1592.509,0.000,0,0,1783744936.432420015,0.755948,0.860911,0.875523,0.021595,,,,0.000380,0.000380,0.000000,0.000000,1.197,0.264
reverse,7,14.9575,0.1039,-0.2000,0.00000,1450.000,1169,same,startup,1589.749,1282,1592.509,0.000,0,0,1783744936.432420015,0.755948,0.860911,0.875523,0.021595,,,,0.000380,0.000380,0.000000,0.000000,1.197,0.264
reverse,7,14.9790,0.1254,-0.2000,0.00000,1450.000,1169,same,startup,1589.749,1282,1592.509,0.000,0,0,1783744936.432420015,0.755948,0.860911,0.875523,0.021595,,,,0.000380,0.000380,0.000000,0.000000,1.197,0.264
reverse,7,15.0005,0.1469,-0.2000,0.00000,1450.000,1169,same,startup,1589.749,1282,1592.509,0.000,0,0,1783744936.432420015,0.755948,0.860911,0.875523,0.021595,,,,0.000380,0.000380,0.000000,0.000000,1.195,0.268
reverse,7,15.0168,0.1632,-0.2000,0.00000,1450.000,1169,same,startup,1590.989,1283,1592.509,0.000,1,2,1783744936.532984018,0.755494,0.861789,0.874810,0.017148,0.0003828,-0.0007136,-1.8639785,0.000763,0.000763,0.000000,0.000000,1.195,0.268
reverse,7,15.0357,0.1821,-0.2000,0.00000,1450.000,1169,same,startup,1590.989,1283,1592.509,0.000,0,0,1783744936.532984018,0.755494,0.861789,0.874810,0.017148,,,,0.000763,0.000763,0.000000,0.000000,1.195,0.268
reverse,7,15.0573,0.2037,-0.2000,0.00000,1450.000,1169,same,startup,1590.989,1283,1592.509,0.000,0,0,1783744936.532984018,0.755494,0.861789,0.874810,0.017148,,,,0.000763,0.000763,0.000000,0.000000,1.195,0.268
reverse,7,15.0789,0.2253,-0.2000,0.00000,1450.000,1169,same,startup,1590.989,1283,1592.509,0.000,0,0,1783744936.532984018,0.755494,0.861789,0.874810,0.017148,,,,0.000763,0.000763,0.000000,0.000000,1.195,0.268
reverse,7,15.1004,0.2468,-0.2000,0.00000,1450.000,1169,same,startup,1590.989,1283,1592.509,0.000,0,0,1783744936.532984018,0.755494,0.861789,0.874810,0.017148,,,,0.000763,0.000763,0.000000,0.000000,1.194,0.268
reverse,7,15.1175,0.2639,-0.2000,0.00000,1450.000,1169,same,startup,1592.229,1284,1592.509,0.000,1,3,1783744936.633501768,0.755800,0.858493,0.873093,0.007061,-0.0023318,-0.0017168,0.7362464,0.003095,0.003095,0.000000,0.000000,1.194,0.268
reverse,7,15.1299,0.2763,-0.2000,0.00000,1450.000,1169,same,startup,1592.229,1284,1592.509,0.000,0,0,1783744936.633501768,0.755800,0.858493,0.873093,0.007061,,,,0.003095,0.003095,0.000000,0.000000,1.194,0.268
reverse,7,15.1515,0.2980,-0.2000,0.00000,1450.000,1169,same,startup,1592.229,1284,1592.509,0.000,0,0,1783744936.633501768,0.755800,0.858493,0.873093,0.007061,,,,0.003095,0.003095,0.000000,0.000000,1.194,0.268
reverse,7,15.1731,0.3195,-0.2000,0.00000,1450.000,1169,same,startup,1592.229,1284,1592.509,0.000,0,0,1783744936.633501768,0.755800,0.858493,0.873093,0.007061,,,,0.003095,0.003095,0.000000,0.000000,1.194,0.268
reverse,7,15.1946,0.3410,-0.2000,0.00000,1450.000,1169,same,startup,1592.229,1284,1592.509,0.000,0,0,1783744936.633501768,0.755800,0.858493,0.873093,0.007061,,,,0.003095,0.003095,0.000000,0.000000,1.186,0.267
reverse,7,15.2149,0.3614,-0.2000,0.00000,1450.000,1169,same,startup,1593.469,1285,1592.509,0.000,1,4,1783744936.733952999,0.750676,0.854063,0.872772,-0.011345,-0.0066864,-0.0003213,0.0480586,0.009781,0.009781,0.000000,0.000000,1.186,0.267
reverse,7,15.2317,0.3781,-0.2000,0.00000,1450.000,1169,same,startup,1593.469,1285,1592.509,0.000,0,0,1783744936.733952999,0.750676,0.854063,0.872772,-0.011345,,,,0.009781,0.009781,0.000000,0.000000,1.186,0.267
reverse,7,15.2534,0.3998,-0.2000,0.00000,1450.000,1169,same,startup,1593.469,1285,1592.509,0.000,0,0,1783744936.733952999,0.750676,0.854063,0.872772,-0.011345,,,,0.009781,0.009781,0.000000,0.000000,1.186,0.267
reverse,7,15.2749,0.4213,-0.2000,0.00000,1450.000,1169,same,startup,1593.469,1285,1592.509,0.000,0,0,1783744936.733952999,0.750676,0.854063,0.872772,-0.011345,,,,0.009781,0.009781,0.000000,0.000000,1.186,0.267
reverse,7,15.2964,0.4428,-0.2000,0.00000,1450.000,1169,same,startup,1593.469,1285,1592.509,0.000,0,0,1783744936.733952999,0.750676,0.854063,0.872772,-0.011345,,,,0.009781,0.009781,0.000000,0.000000,1.187,0.264
reverse,7,15.3154,0.4618,-0.2000,0.00000,1450.000,1169,same,startup,1593.469,1285,1592.509,0.000,0,0,1783744936.733952999,0.750676,0.854063,0.872772,-0.011345,,,,0.009781,0.009781,0.000000,0.000000,1.187,0.264
reverse,7,15.3374,0.4838,-0.2000,0.00000,1450.000,1169,same,startup,1596.569,1288,1592.509,0.000,1,5,1783744936.831729889,0.740099,0.845779,0.876481,-0.042103,-0.0131392,0.0037094,-0.2823162,0.022920,0.022920,0.000000,0.000000,1.187,0.264
reverse,7,15.3436,0.4900,-0.2000,0.00000,1450.000,1169,same,startup,1596.569,1288,1592.509,0.000,0,0,1783744936.831729889,0.740099,0.845779,0.876481,-0.042103,,,,0.022920,0.022920,0.000000,0.000000,1.187,0.264
reverse,7,15.3652,0.5116,-0.2000,0.00000,1450.000,1169,same,startup,1596.569,1288,1592.509,0.000,0,0,1783744936.831729889,0.740099,0.845779,0.876481,-0.042103,,,,0.022920,0.022920,0.000000,0.000000,1.187,0.264
reverse,7,15.3868,0.5332,-0.2000,0.00000,1450.000,1169,same,startup,1596.569,1288,1592.509,0.000,0,0,1783744936.831729889,0.740099,0.845779,0.876481,-0.042103,,,,0.022920,0.022920,0.000000,0.000000,1.187,0.264
reverse,7,15.4083,0.5547,-0.2000,0.00000,1450.000,1169,same,startup,1596.569,1288,1592.509,0.000,0,0,1783744936.831729889,0.740099,0.845779,0.876481,-0.042103,,,,0.022920,0.022920,0.000000,0.000000,1.181,0.266
reverse,7,15.4156,0.5620,-0.2000,0.00000,1450.000,1169,same,startup,1599.669,1290,1592.509,0.000,1,6,1783744936.932138443,0.744574,0.846418,0.876381,-0.023226,0.0033544,-0.0000998,-0.0297568,0.026275,0.026275,0.000000,0.000000,1.181,0.266
reverse,7,15.4336,0.5800,-0.2000,0.00000,1450.000,1169,same,startup,1599.669,1290,1592.509,0.000,0,0,1783744936.932138443,0.744574,0.846418,0.876381,-0.023226,,,,0.026275,0.026275,0.000000,0.000000,1.181,0.266
reverse,7,15.4552,0.6016,-0.2000,0.00000,1450.000,1169,same,startup,1599.669,1290,1592.509,0.000,0,0,1783744936.932138443,0.744574,0.846418,0.876381,-0.023226,,,,0.026275,0.026275,0.000000,0.000000,1.181,0.266
reverse,7,15.4767,0.6231,-0.2000,0.00000,1450.000,1169,same,startup,1599.669,1290,1592.509,0.000,0,0,1783744936.932138443,0.744574,0.846418,0.876381,-0.023226,,,,0.026275,0.026275,0.000000,0.000000,1.181,0.266
reverse,7,15.4982,0.6446,-0.2000,0.00000,1450.000,1169,same,startup,1599.669,1290,1592.509,0.000,0,0,1783744936.932138443,0.744574,0.846418,0.876381,-0.023226,,,,0.026275,0.026275,0.000000,0.000000,1.172,0.266
reverse,7,15.5137,0.6601,-0.2000,0.00000,1450.000,1169,same,startup,1599.669,1290,1592.509,0.000,0,0,1783744936.932138443,0.744574,0.846418,0.876381,-0.023226,,,,0.026275,0.026275,0.000000,0.000000,1.172,0.266
reverse,7,15.5357,0.6821,-0.2000,0.00000,1450.000,1169,same,startup,1602.769,1293,1592.509,0.000,1,7,1783744937.032453299,0.738452,0.839693,0.876425,-0.040060,-0.0090850,0.0000435,-0.0047837,0.035360,0.035360,0.000000,0.000000,1.172,0.266
reverse,7,15.5380,0.6844,-0.2000,0.00000,1450.000,1169,same,startup,1602.769,1293,1592.509,0.000,0,0,1783744937.032453299,0.738452,0.839693,0.876425,-0.040060,,,,0.035360,0.035360,0.000000,0.000000,1.172,0.266
reverse,7,15.5596,0.7060,-0.2000,0.00000,1450.000,1169,same,startup,1602.769,1293,1592.509,0.000,0,0,1783744937.032453299,0.738452,0.839693,0.876425,-0.040060,,,,0.035360,0.035360,0.000000,0.000000,1.172,0.266
reverse,7,15.5811,0.7275,-0.2000,0.00000,1450.000,1169,same,startup,1602.769,1293,1592.509,0.000,0,0,1783744937.032453299,0.738452,0.839693,0.876425,-0.040060,,,,0.035360,0.035360,0.000000,0.000000,1.172,0.266
reverse,7,15.6027,0.7492,-0.2000,0.00000,1450.000,1169,same,startup,1602.769,1293,1592.509,0.000,0,0,1783744937.032453299,0.738452,0.839693,0.876425,-0.040060,,,,0.035360,0.035360,0.000000,0.000000,1.163,0.268
reverse,7,15.6140,0.7604,-0.2000,0.00000,1450.000,1169,same,rolling,1592.509,1284,1592.509,0.000,1,8,1783744937.130550861,0.732503,0.833050,0.876924,-0.052757,-0.0089117,0.0004992,-0.0560142,0.044271,0.044271,0.000000,0.000000,1.163,0.268
reverse,7,15.6216,0.7680,-0.2000,0.00000,1450.000,1169,same,rolling,1592.509,1284,1592.509,0.000,0,0,1783744937.130550861,0.732503,0.833050,0.876924,-0.052757,,,,0.044271,0.044271,0.000000,0.000000,1.163,0.268
reverse,7,15.6436,0.7900,-0.2000,0.00000,1450.000,1169,same,rolling,1592.509,1284,1592.509,0.000,0,0,1783744937.130550861,0.732503,0.833050,0.876924,-0.052757,,,,0.044271,0.044271,0.000000,0.000000,1.163,0.268
reverse,7,15.6656,0.8120,-0.2000,0.00000,1450.000,1169,same,rolling,1592.509,1284,1592.509,0.000,0,0,1783744937.130550861,0.732503,0.833050,0.876924,-0.052757,,,,0.044271,0.044271,0.000000,0.000000,1.163,0.268
reverse,7,15.6874,0.8338,-0.2000,0.00000,1450.000,1169,same,rolling,1592.509,1284,1592.509,0.000,0,0,1783744937.130550861,0.732503,0.833050,0.876924,-0.052757,,,,0.044271,0.044271,0.000000,0.000000,1.163,0.268
reverse,7,15.7092,0.8556,-0.2000,0.00000,1450.000,1169,same,rolling,1592.509,1284,1592.509,0.000,0,0,1783744937.130550861,0.732503,0.833050,0.876924,-0.052757,,,,0.044271,0.044271,0.000000,0.000000,1.148,0.265
reverse,7,15.7145,0.8609,-0.2000,0.00000,1450.000,1169,same,rolling,1594.439,1286,1592.831,0.322,1,9,1783744937.230737925,0.718570,0.816892,0.877672,-0.092798,-0.0213322,0.0007482,-0.0350740,0.065604,0.065604,0.000000,0.000000,1.148,0.265
reverse,7,15.7332,0.8796,-0.2000,0.00000,1450.000,1169,same,rolling,1594.439,1286,1592.831,0.322,0,0,1783744937.230737925,0.718570,0.816892,0.877672,-0.092798,,,,0.065604,0.065604,0.000000,0.000000,1.148,0.265
reverse,7,15.7548,0.9012,-0.2000,0.00000,1450.000,1169,same,rolling,1594.439,1286,1592.831,0.322,0,0,1783744937.230737925,0.718570,0.816892,0.877672,-0.092798,,,,0.065604,0.065604,0.000000,0.000000,1.148,0.265
reverse,7,15.7764,0.9228,-0.2000,0.00000,1450.000,1169,same,rolling,1594.439,1286,1592.831,0.322,0,0,1783744937.230737925,0.718570,0.816892,0.877672,-0.092798,,,,0.065604,0.065604,0.000000,0.000000,1.148,0.265
reverse,7,15.7979,0.9443,-0.2000,0.00000,1450.000,1169,same,rolling,1594.439,1286,1592.831,0.322,0,0,1783744937.230737925,0.718570,0.816892,0.877672,-0.092798,,,,0.065604,0.065604,0.000000,0.000000,1.125,0.269
reverse,7,15.8126,0.9590,-0.2000,0.00000,1450.000,1169,same,rolling,1594.201,1286,1593.060,0.552,1,10,1783744937.331320286,0.705523,0.799289,0.879014,-0.123978,-0.0218783,0.0013419,-0.0613360,0.087482,0.087482,-0.021878,0.001342,1.125,0.269
reverse,7,15.8202,0.9666,-0.2000,0.00000,1450.000,1169,same,rolling,1594.201,1286,1593.060,0.552,0,0,1783744937.331320286,0.705523,0.799289,0.879014,-0.123978,,,,0.087482,0.087482,-0.021878,0.001342,1.125,0.269
reverse,7,15.8418,0.9882,-0.2000,0.00000,1450.000,1169,same,rolling,1594.201,1286,1593.060,0.552,0,0,1783744937.331320286,0.705523,0.799289,0.879014,-0.123978,,,,0.087482,0.087482,-0.021878,0.001342,1.125,0.269
reverse,7,15.8633,1.0097,-0.2000,0.00000,1450.000,1169,same,rolling,1594.201,1286,1593.060,0.552,0,0,1783744937.331320286,0.705523,0.799289,0.879014,-0.123978,,,,0.087482,0.087482,-0.021878,0.001342,1.125,0.269
reverse,7,15.8849,1.0313,-0.2000,0.00000,1450.000,1169,same,rolling,1594.201,1286,1593.060,0.552,0,0,1783744937.331320286,0.705523,0.799289,0.879014,-0.123978,,,,0.087482,0.087482,-0.021878,0.001342,1.125,0.269
reverse,7,15.9064,1.0528,-0.2000,0.00000,1450.000,1169,same,rolling,1594.201,1286,1593.060,0.552,0,0,1783744937.331320286,0.705523,0.799289,0.879014,-0.123978,,,,0.087482,0.087482,-0.021878,0.001342,1.263,0.281
reverse,7,15.9130,1.0594,-0.2000,0.00000,1450.000,1169,same,rolling,1593.737,1285,1593.171,0.662,1,11,1783744937.429141045,0.689381,0.777450,0.882137,-0.162288,-0.0271179,0.0031229,-0.1151612,0.114600,0.114600,-0.048996,0.004465,1.263,0.281
reverse,7,15.9271,1.0735,-0.2000,0.00000,1450.000,1169,same,rolling,1593.737,1285,1593.171,0.662,0,0,1783744937.429141045,0.689381,0.777450,0.882137,-0.162288,,,,0.114600,0.114600,-0.048996,0.004465,1.263,0.281
reverse,7,15.9487,1.0951,-0.2000,0.00000,1450.000,1169,same,rolling,1593.737,1285,1593.171,0.662,0,0,1783744937.429141045,0.689381,0.777450,0.882137,-0.162288,,,,0.114600,0.114600,-0.048996,0.004465,1.263,0.281
reverse,7,15.9703,1.1167,-0.2000,0.00000,1450.000,1169,same,rolling,1593.737,1285,1593.171,0.662,0,0,1783744937.429141045,0.689381,0.777450,0.882137,-0.162288,,,,0.114600,0.114600,-0.048996,0.004465,1.263,0.281
reverse,7,15.9918,1.1382,-0.2000,0.00000,1450.000,1169,same,rolling,1593.737,1285,1593.171,0.662,0,0,1783744937.429141045,0.689381,0.777450,0.882137,-0.162288,,,,0.114600,0.114600,-0.048996,0.004465,1.205,0.301
reverse,7,16.0132,1.1596,-0.2000,0.00000,1450.000,1169,same,rolling,1593.119,1285,1593.162,0.654,1,12,1783744937.529729605,0.669434,0.751580,0.886937,-0.202871,-0.0326528,0.0047999,-0.1469998,0.147253,0.147253,-0.081649,0.009265,1.205,0.301
reverse,7,16.0331,1.1795,-0.2000,0.00000,1450.000,1169,same,rolling,1593.119,1285,1593.162,0.654,0,0,1783744937.529729605,0.669434,0.751580,0.886937,-0.202871,,,,0.147253,0.147253,-0.081649,0.009265,1.205,0.301
reverse,7,16.0547,1.2011,-0.2000,0.00000,1450.000,1169,same,rolling,1593.119,1285,1593.162,0.654,0,0,1783744937.529729605,0.669434,0.751580,0.886937,-0.202871,,,,0.147253,0.147253,-0.081649,0.009265,1.205,0.301
reverse,7,16.0762,1.2226,-0.2000,0.00000,1450.000,1169,same,rolling,1593.119,1285,1593.162,0.654,0,0,1783744937.529729605,0.669434,0.751580,0.886937,-0.202871,,,,0.147253,0.147253,-0.081649,0.009265,1.205,0.301
reverse,7,16.0977,1.2441,-0.2000,0.00000,1450.000,1169,same,rolling,1593.119,1285,1593.162,0.654,0,0,1783744937.529729605,0.669434,0.751580,0.886937,-0.202871,,,,0.147253,0.147253,-0.081649,0.009265,1.225,0.319
reverse,7,16.1137,1.2601,-0.2000,0.00000,1450.000,1169,same,rolling,1593.069,1285,1593.147,0.638,1,13,1783744937.629963875,0.654555,0.736286,0.887567,-0.205168,-0.0212557,0.0006299,-0.0296332,0.168508,0.168508,-0.102905,0.009895,1.225,0.319
reverse,7,16.1348,1.2812,-0.2000,0.00000,1450.000,1169,same,rolling,1593.069,1285,1593.147,0.638,0,0,1783744937.629963875,0.654555,0.736286,0.887567,-0.205168,,,,0.168508,0.168508,-0.102905,0.009895,1.225,0.319
reverse,7,16.1566,1.3030,-0.2000,0.00000,1450.000,1169,same,rolling,1593.069,1285,1593.147,0.638,0,0,1783744937.629963875,0.654555,0.736286,0.887567,-0.205168,,,,0.168508,0.168508,-0.102905,0.009895,1.225,0.319
reverse,7,16.1783,1.3247,-0.2000,0.00000,1450.000,1169,same,rolling,1593.069,1285,1593.147,0.638,0,0,1783744937.629963875,0.654555,0.736286,0.887567,-0.205168,,,,0.168508,0.168508,-0.102905,0.009895,1.225,0.319
reverse,7,16.2000,1.3464,-0.2000,0.00000,1450.000,1169,same,rolling,1593.069,1285,1593.147,0.638,0,0,1783744937.629963875,0.654555,0.736286,0.887567,-0.205168,,,,0.168508,0.168508,-0.102905,0.009895,1.170,0.334
reverse,7,16.2137,1.3601,-0.2000,0.00000,1450.000,1169,same,rolling,1593.028,1285,1593.127,0.618,1,14,1783744937.730305433,0.643909,0.717670,0.889248,-0.206597,-0.0211605,0.0016816,-0.0794676,0.189669,0.189669,-0.124065,0.011576,1.170,0.334
reverse,7,16.2286,1.3750,-0.2000,0.00000,1450.000,1169,same,rolling,1593.028,1285,1593.127,0.618,0,0,1783744937.730305433,0.643909,0.717670,0.889248,-0.206597,,,,0.189669,0.189669,-0.124065,0.011576,1.170,0.334
reverse,7,16.2502,1.3967,-0.2000,0.00000,1450.000,1169,same,rolling,1593.028,1285,1593.127,0.618,0,0,1783744937.730305433,0.643909,0.717670,0.889248,-0.206597,,,,0.189669,0.189669,-0.124065,0.011576,1.170,0.334
reverse,7,16.2718,1.4182,-0.2000,0.00000,1450.000,1169,same,rolling,1593.028,1285,1593.127,0.618,0,0,1783744937.730305433,0.643909,0.717670,0.889248,-0.206597,,,,0.189669,0.189669,-0.124065,0.011576,1.170,0.334
reverse,7,16.2940,1.4404,-0.2000,0.00000,1450.000,1169,same,rolling,1593.028,1285,1593.127,0.618,0,0,1783744937.730305433,0.643909,0.717670,0.889248,-0.206597,,,,0.189669,0.189669,-0.124065,0.011576,1.176,0.350
reverse,7,16.3142,1.4606,-0.2000,0.00000,1450.000,1169,same,rolling,1593.028,1285,1593.127,0.618,0,0,1783744937.730305433,0.643909,0.717670,0.889248,-0.206597,,,,0.189669,0.189669,-0.124065,0.011576,1.176,0.350
reverse,7,16.3372,1.4836,-0.2000,0.00000,1450.000,1169,same,rolling,1593.336,1285,1593.162,0.653,1,15,1783744937.830546379,0.633871,0.708543,0.894479,-0.188383,-0.0134062,0.0052301,-0.3901258,0.203075,0.203075,-0.137471,0.016806,1.176,0.350
reverse,7,16.3398,1.4862,-0.2000,0.00000,1450.000,1169,same,rolling,1593.336,1285,1593.162,0.653,0,0,1783744937.830546379,0.633871,0.708543,0.894479,-0.188383,,,,0.203075,0.203075,-0.137471,0.016806,1.176,0.350
reverse,7,16.3618,1.5082,-0.2000,0.00000,1450.000,1169,same,rolling,1593.336,1285,1593.162,0.653,0,0,1783744937.830546379,0.633871,0.708543,0.894479,-0.188383,,,,0.203075,0.203075,-0.137471,0.016806,1.176,0.350
reverse,7,16.3838,1.5302,-0.2000,0.00000,1450.000,1169,same,rolling,1593.336,1285,1593.162,0.653,0,0,1783744937.830546379,0.633871,0.708543,0.894479,-0.188383,,,,0.203075,0.203075,-0.137471,0.016806,1.176,0.350
reverse,7,16.4054,1.5518,-0.2000,0.00000,1450.000,1169,same,rolling,1593.336,1285,1593.162,0.653,0,0,1783744937.830546379,0.633871,0.708543,0.894479,-0.188383,,,,0.203075,0.203075,-0.137471,0.016806,1.183,0.363
reverse,7,16.4152,1.5616,-0.2000,0.00000,1450.000,1169,same,rolling,1593.366,1285,1593.196,0.687,1,16,1783744937.931130171,0.619453,0.695656,0.895259,-0.188696,-0.0190743,0.0007805,-0.0409192,0.222149,0.222149,-0.156546,0.017587,1.183,0.363
reverse,7,16.4285,1.5749,-0.2000,0.00000,1450.000,1169,same,rolling,1593.366,1285,1593.196,0.687,0,0,1783744937.931130171,0.619453,0.695656,0.895259,-0.188696,,,,0.222149,0.222149,-0.156546,0.017587,1.183,0.363
reverse,7,16.4501,1.5965,-0.2000,0.00000,1450.000,1169,same,rolling,1593.366,1285,1593.196,0.687,0,0,1783744937.931130171,0.619453,0.695656,0.895259,-0.188696,,,,0.222149,0.222149,-0.156546,0.017587,1.183,0.363
reverse,7,16.4717,1.6181,-0.2000,0.00000,1450.000,1169,same,rolling,1593.366,1285,1593.196,0.687,0,0,1783744937.931130171,0.619453,0.695656,0.895259,-0.188696,,,,0.222149,0.222149,-0.156546,0.017587,1.183,0.363
reverse,7,16.4933,1.6397,-0.2000,0.00000,1450.000,1169,same,rolling,1593.366,1285,1593.196,0.687,0,0,1783744937.931130171,0.619453,0.695656,0.895259,-0.188696,,,,0.222149,0.222149,-0.156546,0.017587,1.169,0.377
reverse,7,16.5153,1.6617,-0.2000,0.00000,1450.000,1169,same,rolling,1593.503,1285,1593.247,0.739,1,17,1783744938.031716585,0.608107,0.683370,0.896295,-0.182984,-0.0166820,0.0010363,-0.0621182,0.238831,0.238831,-0.173228,0.018623,1.169,0.377
reverse,7,16.5265,1.6729,-0.2000,0.00000,1450.000,1169,same,rolling,1593.503,1285,1593.247,0.739,0,0,1783744938.031716585,0.608107,0.683370,0.896295,-0.182984,,,,0.238831,0.238831,-0.173228,0.018623,1.169,0.377
reverse,7,16.5482,1.6946,-0.2000,0.00000,1450.000,1169,same,rolling,1593.503,1285,1593.247,0.739,0,0,1783744938.031716585,0.608107,0.683370,0.896295,-0.182984,,,,0.238831,0.238831,-0.173228,0.018623,1.169,0.377
reverse,7,16.5698,1.7163,-0.2000,0.00000,1450.000,1169,same,rolling,1593.503,1285,1593.247,0.739,0,0,1783744938.031716585,0.608107,0.683370,0.896295,-0.182984,,,,0.238831,0.238831,-0.173228,0.018623,1.169,0.377
reverse,7,16.5914,1.7378,-0.2000,0.00000,1450.000,1169,same,rolling,1593.503,1285,1593.247,0.739,0,0,1783744938.031716585,0.608107,0.683370,0.896295,-0.182984,,,,0.238831,0.238831,-0.173228,0.018623,1.169,0.377
reverse,7,16.6130,1.7594,-0.2000,0.00000,1450.000,1169,same,rolling,1593.503,1285,1593.247,0.739,0,0,1783744938.031716585,0.608107,0.683370,0.896295,-0.182984,,,,0.238831,0.238831,-0.173228,0.018623,1.166,0.391
reverse,7,16.6156,1.7620,-0.2000,0.00000,1450.000,1169,same,rolling,1593.503,1285,1593.247,0.739,0,0,1783744938.031716585,0.608107,0.683370,0.896295,-0.182984,,,,0.238831,0.238831,-0.173228,0.018623,1.166,0.391
reverse,7,16.6375,1.7839,-0.2000,0.00000,1450.000,1169,same,rolling,1593.870,1285,1593.351,0.843,1,18,1783744938.132059574,0.604755,0.671559,0.898020,-0.165445,-0.0113215,0.0017252,-0.1523812,0.250153,0.250153,-0.184549,0.020348,1.166,0.391
reverse,7,16.6425,1.7889,-0.2000,0.00000,1450.000,1169,same,rolling,1593.870,1285,1593.351,0.843,0,0,1783744938.132059574,0.604755,0.671559,0.898020,-0.165445,,,,0.250153,0.250153,-0.184549,0.020348,1.166,0.391
reverse,7,16.6642,1.8106,-0.2000,0.00000,1450.000,1169,same,rolling,1593.870,1285,1593.351,0.843,0,0,1783744938.132059574,0.604755,0.671559,0.898020,-0.165445,,,,0.250153,0.250153,-0.184549,0.020348,1.166,0.391
reverse,7,16.6862,1.8326,-0.2000,0.00000,1450.000,1169,same,rolling,1593.870,1285,1593.351,0.843,0,0,1783744938.132059574,0.604755,0.671559,0.898020,-0.165445,,,,0.250153,0.250153,-0.184549,0.020348,1.166,0.391
reverse,7,16.7079,1.8543,-0.2000,0.00000,1450.000,1169,same,rolling,1593.870,1285,1593.351,0.843,0,0,1783744938.132059574,0.604755,0.671559,0.898020,-0.165445,,,,0.250153,0.250153,-0.184549,0.020348,1.148,0.409
reverse,7,16.7165,1.8629,-0.2000,0.00000,1450.000,1169,same,rolling,1593.930,1285,1593.448,0.939,1,19,1783744938.232383251,0.594045,0.657635,0.900014,-0.167854,-0.0175646,0.0019940,-0.1135221,0.267717,0.267717,-0.202114,0.022342,1.148,0.409
reverse,7,16.7281,1.8745,-0.2000,0.00000,1450.000,1169,same,rolling,1593.930,1285,1593.448,0.939,0,0,1783744938.232383251,0.594045,0.657635,0.900014,-0.167854,,,,0.267717,0.267717,-0.202114,0.022342,1.148,0.409
reverse,7,16.7497,1.8961,-0.2000,0.00000,1450.000,1169,same,rolling,1593.930,1285,1593.448,0.939,0,0,1783744938.232383251,0.594045,0.657635,0.900014,-0.167854,,,,0.267717,0.267717,-0.202114,0.022342,1.148,0.409
reverse,7,16.7713,1.9177,-0.2000,0.00000,1450.000,1169,same,rolling,1593.930,1285,1593.448,0.939,0,0,1783744938.232383251,0.594045,0.657635,0.900014,-0.167854,,,,0.267717,0.267717,-0.202114,0.022342,1.148,0.409
reverse,7,16.7928,1.9392,-0.2000,0.00000,1450.000,1169,same,rolling,1593.930,1285,1593.448,0.939,0,0,1783744938.232383251,0.594045,0.657635,0.900014,-0.167854,,,,0.267717,0.267717,-0.202114,0.022342,1.148,0.409
reverse,7,16.8144,1.9608,-0.2000,0.00000,1450.000,1169,same,rolling,1593.930,1285,1593.448,0.939,0,0,1783744938.232383251,0.594045,0.657635,0.900014,-0.167854,,,,0.267717,0.267717,-0.202114,0.022342,1.133,0.425
reverse,7,16.8169,1.9633,-0.2000,0.00000,1450.000,1169,same,rolling,1593.949,1285,1593.532,1.023,1,20,1783744938.332774401,0.582253,0.643260,0.901823,-0.172185,-0.0185902,0.0018084,-0.0972748,0.286308,0.286308,-0.220704,0.024151,1.133,0.425
reverse,7,16.8262,1.9726,-0.2000,0.00000,1450.000,1169,same,rolling,1593.949,1285,1593.532,1.023,0,0,1783744938.332774401,0.582253,0.643260,0.901823,-0.172185,,,,0.286308,0.286308,-0.220704,0.024151,1.133,0.425
reverse,7,16.8478,1.9942,-0.2000,0.00000,1450.000,1169,same,rolling,1593.949,1285,1593.532,1.023,0,0,1783744938.332774401,0.582253,0.643260,0.901823,-0.172185,,,,0.286308,0.286308,-0.220704,0.024151,1.133,0.425
reverse,7,16.8693,2.0157,-0.2000,0.00000,1450.000,1169,same,rolling,1593.949,1285,1593.532,1.023,0,0,1783744938.332774401,0.582253,0.643260,0.901823,-0.172185,,,,0.286308,0.286308,-0.220704,0.024151,1.133,0.425
reverse,7,16.8908,2.0372,-0.2000,0.00000,1450.000,1169,same,rolling,1593.949,1285,1593.532,1.023,0,0,1783744938.332774401,0.582253,0.643260,0.901823,-0.172185,,,,0.286308,0.286308,-0.220704,0.024151,1.133,0.425
reverse,7,16.9124,2.0588,-0.2000,0.00000,1450.000,1169,same,rolling,1593.949,1285,1593.532,1.023,0,0,1783744938.332774401,0.582253,0.643260,0.901823,-0.172185,,,,0.286308,0.286308,-0.220704,0.024151,1.123,0.442
reverse,7,16.9166,2.0630,-0.2000,0.00000,1450.000,1169,same,rolling,1593.993,1285,1593.609,1.100,1,21,1783744938.432978392,0.571033,0.629010,0.902633,-0.174388,-0.0181368,0.0008106,-0.0446947,0.304444,0.304444,-0.238841,0.024961,1.123,0.442
reverse,7,16.9332,2.0796,-0.2000,0.00000,1450.000,1169,same,rolling,1593.993,1285,1593.609,1.100,0,0,1783744938.432978392,0.571033,0.629010,0.902633,-0.174388,,,,0.304444,0.304444,-0.238841,0.024961,1.123,0.442
reverse,7,16.9550,2.1014,-0.2000,0.00000,1450.000,1169,same,rolling,1593.993,1285,1593.609,1.100,0,0,1783744938.432978392,0.571033,0.629010,0.902633,-0.174388,,,,0.304444,0.304444,-0.238841,0.024961,1.123,0.442
reverse,7,16.9766,2.1230,-0.2000,0.00000,1450.000,1169,same,rolling,1593.993,1285,1593.609,1.100,0,0,1783744938.432978392,0.571033,0.629010,0.902633,-0.174388,,,,0.304444,0.304444,-0.238841,0.024961,1.123,0.442
reverse,7,16.9982,2.1446,-0.2000,0.00000,1450.000,1169,same,rolling,1593.993,1285,1593.609,1.100,0,0,1783744938.432978392,0.571033,0.629010,0.902633,-0.174388,,,,0.304444,0.304444,-0.238841,0.024961,1.110,0.456
reverse,7,17.0176,2.1640,-0.2000,0.00000,1450.000,1169,same,rolling,1594.072,1286,1593.686,1.178,1,22,1783744938.533372879,0.560986,0.614683,0.902090,-0.174295,-0.0174704,-0.0005435,0.0311101,0.321915,0.321915,-0.256311,0.024418,1.110,0.456
reverse,8,17.0326,0.0000,-0.2000,-0.60000,1265.385,1020,decreasing,rolling,1594.072,1286,1593.686,1.178,0,0,1783744938.533372879,0.560986,0.614683,0.902090,-0.174295,,,,0.000000,0.321915,0.000000,0.000000,1.110,0.456
reverse,8,17.0544,0.0219,-0.2000,-0.60000,1265.385,1020,decreasing,rolling,1594.072,1286,1593.686,1.178,0,0,1783744938.533372879,0.560986,0.614683,0.902090,-0.174295,,,,0.000000,0.321915,0.000000,0.000000,1.110,0.456
reverse,8,17.0760,0.0434,-0.2000,-0.60000,1265.385,1020,decreasing,rolling,1594.072,1286,1593.686,1.178,0,0,1783744938.533372879,0.560986,0.614683,0.902090,-0.174295,,,,0.000000,0.321915,0.000000,0.000000,1.110,0.456
reverse,8,17.0976,0.0650,-0.2000,-0.60000,1265.385,1020,decreasing,rolling,1594.072,1286,1593.686,1.178,0,0,1783744938.533372879,0.560986,0.614683,0.902090,-0.174295,,,,0.000000,0.321915,0.000000,0.000000,1.102,0.472
reverse,8,17.1176,0.0851,-0.2000,-0.60000,1265.385,1020,decreasing,rolling,1594.148,1286,1593.764,1.255,1,1,1783744938.634016752,0.548744,0.601945,0.900770,-0.174404,-0.0175855,-0.0013194,0.0750294,0.017585,0.339500,0.000000,0.000000,1.102,0.472
reverse,8,17.1303,0.0977,-0.2000,-0.60000,1265.385,1020,decreasing,rolling,1594.148,1286,1593.764,1.255,0,0,1783744938.634016752,0.548744,0.601945,0.900770,-0.174404,,,,0.017585,0.339500,0.000000,0.000000,1.102,0.472
reverse,8,17.1520,0.1195,-0.2000,-0.60000,1265.385,1020,decreasing,rolling,1594.148,1286,1593.764,1.255,0,0,1783744938.634016752,0.548744,0.601945,0.900770,-0.174404,,,,0.017585,0.339500,0.000000,0.000000,1.102,0.472
reverse,8,17.1738,0.1412,-0.2000,-0.60000,1265.385,1020,decreasing,rolling,1594.148,1286,1593.764,1.255,0,0,1783744938.634016752,0.548744,0.601945,0.900770,-0.174404,,,,0.017585,0.339500,0.000000,0.000000,1.102,0.472
reverse,8,17.1954,0.1628,-0.2000,-0.60000,1265.385,1020,decreasing,rolling,1594.148,1286,1593.764,1.255,0,0,1783744938.634016752,0.548744,0.601945,0.900770,-0.174404,,,,0.017585,0.339500,0.000000,0.000000,1.086,0.489
reverse,8,17.2154,0.1828,-0.2000,-0.60000,1265.385,1020,decreasing,rolling,1594.099,1286,1593.820,1.311,1,2,1783744938.734366179,0.536711,0.585577,0.899275,-0.181380,-0.0203017,-0.0014954,0.0736596,0.037887,0.359802,0.000000,0.000000,1.086,0.489
reverse,8,17.2294,0.1969,-0.2000,-0.60000,1265.385,1020,decreasing,rolling,1594.099,1286,1593.820,1.311,0,0,1783744938.734366179,0.536711,0.585577,0.899275,-0.181380,,,,0.037887,0.359802,0.000000,0.000000,1.086,0.489
reverse,8,17.2511,0.2185,-0.2000,-0.60000,1265.385,1020,decreasing,rolling,1594.099,1286,1593.820,1.311,0,0,1783744938.734366179,0.536711,0.585577,0.899275,-0.181380,,,,0.037887,0.359802,0.000000,0.000000,1.086,0.489
reverse,8,17.2727,0.2401,-0.2000,-0.60000,1265.385,1020,decreasing,rolling,1594.099,1286,1593.820,1.311,0,0,1783744938.734366179,0.536711,0.585577,0.899275,-0.181380,,,,0.037887,0.359802,0.000000,0.000000,1.086,0.489
reverse,8,17.2942,0.2617,-0.2000,-0.60000,1265.385,1020,decreasing,rolling,1594.099,1286,1593.820,1.311,0,0,1783744938.734366179,0.536711,0.585577,0.899275,-0.181380,,,,0.037887,0.359802,0.000000,0.000000,1.081,0.506
reverse,8,17.3160,0.2834,-0.2000,-0.60000,1265.385,1020,decreasing,rolling,1594.248,1286,1593.890,1.381,1,3,1783744938.832008600,0.528157,0.572381,0.901795,-0.176115,-0.0156538,0.0025196,-0.1609583,0.053541,0.375456,0.000000,0.000000,1.081,0.506
reverse,8,17.3313,0.2988,-0.2000,-0.60000,1265.385,1020,decreasing,rolling,1594.248,1286,1593.890,1.381,0,0,1783744938.832008600,0.528157,0.572381,0.901795,-0.176115,,,,0.053541,0.375456,0.000000,0.000000,1.081,0.506
reverse,8,17.3530,0.3205,-0.2000,-0.60000,1265.385,1020,decreasing,rolling,1594.248,1286,1593.890,1.381,0,0,1783744938.832008600,0.528157,0.572381,0.901795,-0.176115,,,,0.053541,0.375456,0.000000,0.000000,1.081,0.506
reverse,8,17.3746,0.3420,-0.2000,-0.60000,1265.385,1020,decreasing,rolling,1594.248,1286,1593.890,1.381,0,0,1783744938.832008600,0.528157,0.572381,0.901795,-0.176115,,,,0.053541,0.375456,0.000000,0.000000,1.081,0.506
reverse,8,17.3961,0.3636,-0.2000,-0.60000,1265.385,1020,decreasing,rolling,1594.248,1286,1593.890,1.381,0,0,1783744938.832008600,0.528157,0.572381,0.901795,-0.176115,,,,0.053541,0.375456,0.000000,0.000000,1.064,0.518
reverse,8,17.4161,0.3835,-0.2000,-0.60000,1265.385,1020,decreasing,rolling,1594.248,1286,1593.890,1.381,0,0,1783744938.832008600,0.528157,0.572381,0.901795,-0.176115,,,,0.053541,0.375456,0.000000,0.000000,1.064,0.518
reverse,8,17.4379,0.4053,-0.2000,-0.60000,1265.385,1020,decreasing,rolling,1594.372,1286,1593.971,1.462,1,4,1783744938.932717562,0.517364,0.559789,0.909004,-0.173218,-0.0165694,0.0072091,-0.4350867,0.070110,0.392025,0.000000,0.000000,1.064,0.518
reverse,8,17.4398,0.4072,-0.2000,-0.60000,1265.385,1020,decreasing,rolling,1594.372,1286,1593.971,1.462,0,0,1783744938.932717562,0.517364,0.559789,0.909004,-0.173218,,,,0.070110,0.392025,0.000000,0.000000,1.064,0.518
reverse,8,17.4613,0.4288,-0.2000,-0.60000,1265.385,1020,decreasing,rolling,1594.372,1286,1593.971,1.462,0,0,1783744938.932717562,0.517364,0.559789,0.909004,-0.173218,,,,0.070110,0.392025,0.000000,0.000000,1.064,0.518
reverse,8,17.4828,0.4503,-0.2000,-0.60000,1265.385,1020,decreasing,rolling,1594.372,1286,1593.971,1.462,0,0,1783744938.932717562,0.517364,0.559789,0.909004,-0.173218,,,,0.070110,0.392025,0.000000,0.000000,1.064,0.518
reverse,8,17.5043,0.4718,-0.2000,-0.60000,1265.385,1020,decreasing,rolling,1594.372,1286,1593.971,1.462,0,0,1783744938.932717562,0.517364,0.559789,0.909004,-0.173218,,,,0.070110,0.392025,0.000000,0.000000,1.045,0.534
reverse,8,17.5135,0.4810,-0.2000,-0.60000,1265.385,1020,decreasing,rolling,1594.376,1286,1594.038,1.529,1,5,1783744939.032852650,0.506844,0.543829,0.917071,-0.177504,-0.0190618,0.0080671,-0.4232099,0.089172,0.411087,0.000000,0.000000,1.045,0.534
reverse,8,17.5269,0.4944,-0.2000,-0.60000,1265.385,1020,decreasing,rolling,1594.376,1286,1594.038,1.529,0,0,1783744939.032852650,0.506844,0.543829,0.917071,-0.177504,,,,0.089172,0.411087,0.000000,0.000000,1.045,0.534
reverse,8,17.5488,0.5162,-0.2000,-0.60000,1265.385,1020,decreasing,rolling,1594.376,1286,1594.038,1.529,0,0,1783744939.032852650,0.506844,0.543829,0.917071,-0.177504,,,,0.089172,0.411087,0.000000,0.000000,1.045,0.534
reverse,8,17.5703,0.5378,-0.2000,-0.60000,1265.385,1020,decreasing,rolling,1594.376,1286,1594.038,1.529,0,0,1783744939.032852650,0.506844,0.543829,0.917071,-0.177504,,,,0.089172,0.411087,0.000000,0.000000,1.045,0.534
reverse,8,17.5920,0.5595,-0.2000,-0.60000,1265.385,1020,decreasing,rolling,1594.376,1286,1594.038,1.529,0,0,1783744939.032852650,0.506844,0.543829,0.917071,-0.177504,,,,0.089172,0.411087,0.000000,0.000000,1.475,0.550
reverse,8,17.6140,0.5814,-0.2000,-0.60000,1265.385,1020,decreasing,rolling,1594.275,1286,1594.077,1.568,1,6,1783744939.130353689,0.497942,0.524324,0.926213,-0.186764,-0.0209183,0.0091425,-0.4370576,0.110090,0.432005,-0.020918,0.009143,1.475,0.550
reverse,8,17.6320,0.5994,-0.2000,-0.60000,1265.385,1020,decreasing,rolling,1594.275,1286,1594.077,1.568,0,0,1783744939.130353689,0.497942,0.524324,0.926213,-0.186764,,,,0.110090,0.432005,-0.020918,0.009143,1.475,0.550
reverse,8,17.6536,0.6210,-0.2000,-0.60000,1265.385,1020,decreasing,rolling,1594.275,1286,1594.077,1.568,0,0,1783744939.130353689,0.497942,0.524324,0.926213,-0.186764,,,,0.110090,0.432005,-0.020918,0.009143,1.475,0.550
reverse,8,17.6752,0.6426,-0.2000,-0.60000,1265.385,1020,decreasing,rolling,1594.275,1286,1594.077,1.568,0,0,1783744939.130353689,0.497942,0.524324,0.926213,-0.186764,,,,0.110090,0.432005,-0.020918,0.009143,1.475,0.550
reverse,8,17.6967,0.6642,-0.2000,-0.60000,1265.385,1020,decreasing,rolling,1594.275,1286,1594.077,1.568,0,0,1783744939.130353689,0.497942,0.524324,0.926213,-0.186764,,,,0.110090,0.432005,-0.020918,0.009143,1.472,0.568
reverse,8,17.7142,0.6816,-0.2000,-0.60000,1265.385,1020,decreasing,rolling,1594.348,1286,1594.122,1.613,1,7,1783744939.230739117,0.485981,0.510760,0.934286,-0.184960,-0.0180239,0.0080723,-0.4478648,0.128114,0.450029,-0.038942,0.017215,1.472,0.568
reverse,8,17.7348,0.7022,-0.2000,-0.60000,1265.385,1020,decreasing,rolling,1594.348,1286,1594.122,1.613,0,0,1783744939.230739117,0.485981,0.510760,0.934286,-0.184960,,,,0.128114,0.450029,-0.038942,0.017215,1.472,0.568
reverse,8,17.7565,0.7240,-0.2000,-0.60000,1265.385,1020,decreasing,rolling,1594.348,1286,1594.122,1.613,0,0,1783744939.230739117,0.485981,0.510760,0.934286,-0.184960,,,,0.128114,0.450029,-0.038942,0.017215,1.472,0.568
reverse,8,17.7781,0.7456,-0.2000,-0.60000,1265.385,1020,decreasing,rolling,1594.348,1286,1594.122,1.613,0,0,1783744939.230739117,0.485981,0.510760,0.934286,-0.184960,,,,0.128114,0.450029,-0.038942,0.017215,1.472,0.568
reverse,8,17.7996,0.7671,-0.2000,-0.60000,1265.385,1020,decreasing,rolling,1594.348,1286,1594.122,1.613,0,0,1783744939.230739117,0.485981,0.510760,0.934286,-0.184960,,,,0.128114,0.450029,-0.038942,0.017215,1.449,0.586
reverse,8,17.8122,0.7797,-0.2000,-0.60000,1265.385,1020,decreasing,rolling,1594.597,1286,1594.201,1.693,1,8,1783744939.330966234,0.474857,0.501563,0.941386,-0.173630,-0.0139957,0.0071005,-0.5073364,0.142110,0.464025,-0.052938,0.024315,1.449,0.586
reverse,8,17.8255,0.7930,-0.2000,-0.60000,1265.385,1020,decreasing,rolling,1594.597,1286,1594.201,1.693,0,0,1783744939.330966234,0.474857,0.501563,0.941386,-0.173630,,,,0.142110,0.464025,-0.052938,0.024315,1.449,0.586
reverse,8,17.8474,0.8149,-0.2000,-0.60000,1265.385,1020,decreasing,rolling,1594.597,1286,1594.201,1.693,0,0,1783744939.330966234,0.474857,0.501563,0.941386,-0.173630,,,,0.142110,0.464025,-0.052938,0.024315,1.449,0.586
reverse,8,17.8690,0.8365,-0.2000,-0.60000,1265.385,1020,decreasing,rolling,1594.597,1286,1594.201,1.693,0,0,1783744939.330966234,0.474857,0.501563,0.941386,-0.173630,,,,0.142110,0.464025,-0.052938,0.024315,1.449,0.586
reverse,8,17.8906,0.8580,-0.2000,-0.60000,1265.385,1020,decreasing,rolling,1594.597,1286,1594.201,1.693,0,0,1783744939.330966234,0.474857,0.501563,0.941386,-0.173630,,,,0.142110,0.464025,-0.052938,0.024315,1.441,0.604
reverse,8,17.9128,0.8803,-0.2000,-0.60000,1265.385,1020,decreasing,rolling,1594.597,1286,1594.201,1.693,0,0,1783744939.330966234,0.474857,0.501563,0.941386,-0.173630,,,,0.142110,0.464025,-0.052938,0.024315,1.441,0.604
reverse,8,17.9346,0.9020,-0.2000,-0.60000,1265.385,1020,decreasing,rolling,1594.534,1286,1594.256,1.747,1,9,1783744939.429042339,0.465387,0.483625,0.953461,-0.181438,-0.0200924,0.0120749,-0.6009681,0.162202,0.484117,-0.073030,0.036390,1.441,0.604
reverse,8,17.9372,0.9046,-0.2000,-0.60000,1265.385,1020,decreasing,rolling,1594.534,1286,1594.256,1.747,0,0,1783744939.429042339,0.465387,0.483625,0.953461,-0.181438,,,,0.162202,0.484117,-0.073030,0.036390,1.441,0.604
reverse,8,17.9588,0.9262,-0.2000,-0.60000,1265.385,1020,decreasing,rolling,1594.534,1286,1594.256,1.747,0,0,1783744939.429042339,0.465387,0.483625,0.953461,-0.181438,,,,0.162202,0.484117,-0.073030,0.036390,1.441,0.604
reverse,8,17.9804,0.9478,-0.2000,-0.60000,1265.385,1020,decreasing,rolling,1594.534,1286,1594.256,1.747,0,0,1783744939.429042339,0.465387,0.483625,0.953461,-0.181438,,,,0.162202,0.484117,-0.073030,0.036390,1.441,0.604
reverse,8,18.0019,0.9693,-0.2000,-0.60000,1265.385,1020,decreasing,rolling,1594.534,1286,1594.256,1.747,0,0,1783744939.429042339,0.465387,0.483625,0.953461,-0.181438,,,,0.162202,0.484117,-0.073030,0.036390,1.418,0.616
reverse,8,18.0133,0.9807,-0.2000,-0.60000,1265.385,1020,decreasing,rolling,1594.224,1286,1594.251,1.742,1,10,1783744939.529625177,0.449600,0.462403,0.966196,-0.201794,-0.0264393,0.0127351,-0.4816744,0.188642,0.510556,-0.099469,0.049125,1.418,0.616
reverse,8,18.0290,0.9964,-0.2000,-0.60000,1265.385,1020,decreasing,rolling,1594.224,1286,1594.251,1.742,0,0,1783744939.529625177,0.449600,0.462403,0.966196,-0.201794,,,,0.188642,0.510556,-0.099469,0.049125,1.418,0.616
reverse,8,18.0507,1.0181,-0.2000,-0.60000,1265.385,1020,decreasing,rolling,1594.224,1286,1594.251,1.742,0,0,1783744939.529625177,0.449600,0.462403,0.966196,-0.201794,,,,0.188642,0.510556,-0.099469,0.049125,1.418,0.616
reverse,8,18.0722,1.0397,-0.2000,-0.60000,1265.385,1020,decreasing,rolling,1594.224,1286,1594.251,1.742,0,0,1783744939.529625177,0.449600,0.462403,0.966196,-0.201794,,,,0.188642,0.510556,-0.099469,0.049125,1.418,0.616
reverse,8,18.0938,1.0612,-0.2000,-0.60000,1265.385,1020,decreasing,rolling,1594.224,1286,1594.251,1.742,0,0,1783744939.529625177,0.449600,0.462403,0.966196,-0.201794,,,,0.188642,0.510556,-0.099469,0.049125,1.410,0.618
reverse,8,18.1135,1.0810,-0.2000,-0.60000,1265.385,1020,decreasing,rolling,1594.224,1286,1594.251,1.742,0,0,1783744939.529625177,0.449600,0.462403,0.966196,-0.201794,,,,0.188642,0.510556,-0.099469,0.049125,1.410,0.618
reverse,8,18.1354,1.1028,-0.2000,-0.60000,1265.385,1020,decreasing,rolling,1595.065,1286,1594.387,1.878,1,11,1783744939.629972696,0.445573,0.463499,0.969448,-0.154786,-0.0013811,0.0032520,-2.3547311,0.190023,0.511937,-0.100851,0.052377,1.410,0.618
reverse,8,18.1436,1.1110,-0.2000,-0.60000,1265.385,1020,decreasing,rolling,1595.065,1286,1594.387,1.878,0,0,1783744939.629972696,0.445573,0.463499,0.969448,-0.154786,,,,0.190023,0.511937,-0.100851,0.052377,1.410,0.618
reverse,8,18.1652,1.1327,-0.2000,-0.60000,1265.385,1020,decreasing,rolling,1595.065,1286,1594.387,1.878,0,0,1783744939.629972696,0.445573,0.463499,0.969448,-0.154786,,,,0.190023,0.511937,-0.100851,0.052377,1.410,0.618
reverse,8,18.1868,1.1542,-0.2000,-0.60000,1265.385,1020,decreasing,rolling,1595.065,1286,1594.387,1.878,0,0,1783744939.629972696,0.445573,0.463499,0.969448,-0.154786,,,,0.190023,0.511937,-0.100851,0.052377,1.410,0.618
reverse,8,18.2083,1.1757,-0.2000,-0.60000,1265.385,1020,decreasing,rolling,1595.065,1286,1594.387,1.878,0,0,1783744939.629972696,0.445573,0.463499,0.969448,-0.154786,,,,0.190023,0.511937,-0.100851,0.052377,1.406,0.623
reverse,8,18.2116,1.1790,-0.2000,-0.60000,1265.385,1020,decreasing,rolling,1595.595,1287,1594.589,2.080,1,12,1783744939.730292082,0.440931,0.458490,0.973474,-0.132923,-0.0067547,0.0040261,-0.5960521,0.196777,0.518692,-0.107605,0.056403,1.406,0.623
reverse,8,18.2317,1.1991,-0.2000,-0.60000,1265.385,1020,decreasing,rolling,1595.595,1287,1594.589,2.080,0,0,1783744939.730292082,0.440931,0.458490,0.973474,-0.132923,,,,0.196777,0.518692,-0.107605,0.056403,1.406,0.623
reverse,8,18.2533,1.2207,-0.2000,-0.60000,1265.385,1020,decreasing,rolling,1595.595,1287,1594.589,2.080,0,0,1783744939.730292082,0.440931,0.458490,0.973474,-0.132923,,,,0.196777,0.518692,-0.107605,0.056403,1.406,0.623
reverse,8,18.2748,1.2423,-0.2000,-0.60000,1265.385,1020,decreasing,rolling,1595.595,1287,1594.589,2.080,0,0,1783744939.730292082,0.440931,0.458490,0.973474,-0.132923,,,,0.196777,0.518692,-0.107605,0.056403,1.406,0.623
reverse,8,18.2964,1.2639,-0.2000,-0.60000,1265.385,1020,decreasing,rolling,1595.595,1287,1594.589,2.080,0,0,1783744939.730292082,0.440931,0.458490,0.973474,-0.132923,,,,0.196777,0.518692,-0.107605,0.056403,1.400,0.628
reverse,8,18.3117,1.2792,-0.2000,-0.60000,1265.385,1020,decreasing,rolling,1596.044,1287,1594.827,2.319,1,13,1783744939.828383207,0.438313,0.451165,0.975324,-0.118884,-0.0075304,0.0018495,-0.2456056,0.204308,0.526223,-0.115136,0.058253,1.400,0.628
reverse,8,18.3264,1.2938,-0.2000,-0.60000,1265.385,1020,decreasing,rolling,1596.044,1287,1594.827,2.319,0,0,1783744939.828383207,0.438313,0.451165,0.975324,-0.118884,,,,0.204308,0.526223,-0.115136,0.058253,1.400,0.628
reverse,8,18.3481,1.3155,-0.2000,-0.60000,1265.385,1020,decreasing,rolling,1596.044,1287,1594.827,2.319,0,0,1783744939.828383207,0.438313,0.451165,0.975324,-0.118884,,,,0.204308,0.526223,-0.115136,0.058253,1.400,0.628
reverse,8,18.3699,1.3373,-0.2000,-0.60000,1265.385,1020,decreasing,rolling,1596.044,1287,1594.827,2.319,0,0,1783744939.828383207,0.438313,0.451165,0.975324,-0.118884,,,,0.204308,0.526223,-0.115136,0.058253,1.400,0.628
reverse,8,18.3917,1.3591,-0.2000,-0.60000,1265.385,1020,decreasing,rolling,1596.044,1287,1594.827,2.319,0,0,1783744939.828383207,0.438313,0.451165,0.975324,-0.118884,,,,0.204308,0.526223,-0.115136,0.058253,1.398,0.637
reverse,8,18.4123,1.3798,-0.2000,-0.60000,1265.385,1020,decreasing,rolling,1596.959,1288,1595.183,2.674,1,14,1783744939.928524971,0.440032,0.453668,0.976225,-0.081582,0.0030366,0.0009011,0.2967443,0.207344,0.529259,-0.115136,0.058253,1.398,0.637
reverse,8,18.4342,1.4017,-0.2000,-0.60000,1265.385,1020,decreasing,rolling,1596.959,1288,1595.183,2.674,0,0,1783744939.928524971,0.440032,0.453668,0.976225,-0.081582,,,,0.207344,0.529259,-0.115136,0.058253,1.398,0.637
reverse,8,18.4559,1.4234,-0.2000,-0.60000,1265.385,1020,decreasing,rolling,1596.959,1288,1595.183,2.674,0,0,1783744939.928524971,0.440032,0.453668,0.976225,-0.081582,,,,0.207344,0.529259,-0.115136,0.058253,1.398,0.637
reverse,8,18.4775,1.4449,-0.2000,-0.60000,1265.385,1020,decreasing,rolling,1596.959,1288,1595.183,2.674,0,0,1783744939.928524971,0.440032,0.453668,0.976225,-0.081582,,,,0.207344,0.529259,-0.115136,0.058253,1.398,0.637
reverse,8,18.4990,1.4665,-0.2000,-0.60000,1265.385,1020,decreasing,rolling,1596.959,1288,1595.183,2.674,0,0,1783744939.928524971,0.440032,0.453668,0.976225,-0.081582,,,,0.207344,0.529259,-0.115136,0.058253,1.393,0.646
reverse,8,18.5101,1.4775,-0.2000,-0.60000,1265.385,1020,decreasing,rolling,1597.529,1288,1595.576,3.067,1,15,1783744940.029060364,0.439526,0.449847,0.978080,-0.069768,-0.0034508,0.0018550,-0.5375526,0.210795,0.532710,-0.115136,0.058253,1.393,0.646
reverse,8,18.5228,1.4902,-0.2000,-0.60000,1265.385,1020,decreasing,rolling,1597.529,1288,1595.576,3.067,0,0,1783744940.029060364,0.439526,0.449847,0.978080,-0.069768,,,,0.210795,0.532710,-0.115136,0.058253,1.393,0.646
reverse,8,18.5446,1.5120,-0.2000,-0.60000,1265.385,1020,decreasing,rolling,1597.529,1288,1595.576,3.067,0,0,1783744940.029060364,0.439526,0.449847,0.978080,-0.069768,,,,0.210795,0.532710,-0.115136,0.058253,1.393,0.646
reverse,8,18.5662,1.5336,-0.2000,-0.60000,1265.385,1020,decreasing,rolling,1597.529,1288,1595.576,3.067,0,0,1783744940.029060364,0.439526,0.449847,0.978080,-0.069768,,,,0.210795,0.532710,-0.115136,0.058253,1.393,0.646
reverse,8,18.5877,1.5552,-0.2000,-0.60000,1265.385,1020,decreasing,rolling,1597.529,1288,1595.576,3.067,0,0,1783744940.029060364,0.439526,0.449847,0.978080,-0.069768,,,,0.210795,0.532710,-0.115136,0.058253,1.393,0.646
reverse,8,18.6094,1.5768,-0.2000,-0.60000,1265.385,1020,decreasing,rolling,1597.529,1288,1595.576,3.067,0,0,1783744940.029060364,0.439526,0.449847,0.978080,-0.069768,,,,0.210795,0.532710,-0.115136,0.058253,1.377,0.660
reverse,8,18.6119,1.5794,-0.2000,-0.60000,1265.385,1020,decreasing,rolling,1597.532,1288,1595.896,3.387,1,16,1783744940.126898527,0.429221,0.438565,0.986245,-0.090922,-0.0151048,0.0081654,-0.5405840,0.225900,0.547815,-0.115136,0.058253,1.377,0.660
reverse,8,18.6306,1.5980,-0.2000,-0.60000,1265.385,1020,decreasing,rolling,1597.532,1288,1595.896,3.387,0,0,1783744940.126898527,0.429221,0.438565,0.986245,-0.090922,,,,0.225900,0.547815,-0.115136,0.058253,1.377,0.660
reverse,8,18.6522,1.6196,-0.2000,-0.60000,1265.385,1020,decreasing,rolling,1597.532,1288,1595.896,3.387,0,0,1783744940.126898527,0.429221,0.438565,0.986245,-0.090922,,,,0.225900,0.547815,-0.115136,0.058253,1.377,0.660
reverse,8,18.6737,1.6412,-0.2000,-0.60000,1265.385,1020,decreasing,rolling,1597.532,1288,1595.896,3.387,0,0,1783744940.126898527,0.429221,0.438565,0.986245,-0.090922,,,,0.225900,0.547815,-0.115136,0.058253,1.377,0.660
reverse,8,18.6952,1.6627,-0.2000,-0.60000,1265.385,1020,decreasing,rolling,1597.532,1288,1595.896,3.387,0,0,1783744940.126898527,0.429221,0.438565,0.986245,-0.090922,,,,0.225900,0.547815,-0.115136,0.058253,1.366,0.674
reverse,8,18.7110,1.6784,-0.2000,-0.60000,1265.385,1020,decreasing,rolling,1597.577,1288,1596.177,3.668,1,17,1783744940.227141857,0.419333,0.426595,0.994819,-0.106677,-0.0154316,0.0085732,-0.5555639,0.241332,0.563246,-0.130567,0.066826,1.366,0.674
reverse,8,18.7256,1.6930,-0.2000,-0.60000,1265.385,1020,decreasing,rolling,1597.577,1288,1596.177,3.668,0,0,1783744940.227141857,0.419333,0.426595,0.994819,-0.106677,,,,0.241332,0.563246,-0.130567,0.066826,1.366,0.674
reverse,8,18.7472,1.7146,-0.2000,-0.60000,1265.385,1020,decreasing,rolling,1597.577,1288,1596.177,3.668,0,0,1783744940.227141857,0.419333,0.426595,0.994819,-0.106677,,,,0.241332,0.563246,-0.130567,0.066826,1.366,0.674
reverse,8,18.7687,1.7362,-0.2000,-0.60000,1265.385,1020,decreasing,rolling,1597.577,1288,1596.177,3.668,0,0,1783744940.227141857,0.419333,0.426595,0.994819,-0.106677,,,,0.241332,0.563246,-0.130567,0.066826,1.366,0.674
reverse,8,18.7902,1.7577,-0.2000,-0.60000,1265.385,1020,decreasing,rolling,1597.577,1288,1596.177,3.668,0,0,1783744940.227141857,0.419333,0.426595,0.994819,-0.106677,,,,0.241332,0.563246,-0.130567,0.066826,1.344,0.683
reverse,8,18.8113,1.7787,-0.2000,-0.60000,1265.385,1020,decreasing,rolling,1597.655,1288,1596.424,3.916,1,18,1783744940.327856541,0.412721,0.412656,1.004267,-0.117989,-0.0153012,0.0094484,-0.6174928,0.256633,0.578548,-0.145868,0.076275,1.344,0.683
reverse,8,18.8215,1.7889,-0.2000,-0.60000,1265.385,1020,decreasing,rolling,1597.655,1288,1596.424,3.916,0,0,1783744940.327856541,0.412721,0.412656,1.004267,-0.117989,,,,0.256633,0.578548,-0.145868,0.076275,1.344,0.683
reverse,8,18.8431,1.8105,-0.2000,-0.60000,1265.385,1020,decreasing,rolling,1597.655,1288,1596.424,3.916,0,0,1783744940.327856541,0.412721,0.412656,1.004267,-0.117989,,,,0.256633,0.578548,-0.145868,0.076275,1.344,0.683
reverse,8,18.8646,1.8320,-0.2000,-0.60000,1265.385,1020,decreasing,rolling,1597.655,1288,1596.424,3.916,0,0,1783744940.327856541,0.412721,0.412656,1.004267,-0.117989,,,,0.256633,0.578548,-0.145868,0.076275,1.344,0.683
reverse,8,18.8861,1.8535,-0.2000,-0.60000,1265.385,1020,decreasing,rolling,1597.655,1288,1596.424,3.916,0,0,1783744940.327856541,0.412721,0.412656,1.004267,-0.117989,,,,0.256633,0.578548,-0.145868,0.076275,1.344,0.683
reverse,8,18.9076,1.8751,-0.2000,-0.60000,1265.385,1020,decreasing,rolling,1597.655,1288,1596.424,3.916,0,0,1783744940.327856541,0.412721,0.412656,1.004267,-0.117989,,,,0.256633,0.578548,-0.145868,0.076275,1.350,0.695
reverse,8,18.9116,1.8790,-0.2000,-0.60000,1265.385,1020,decreasing,rolling,1597.771,1289,1596.649,4.141,1,19,1783744940.428061724,0.405552,0.399778,1.011185,-0.125208,-0.0147165,0.0069181,-0.4700897,0.271349,0.593264,-0.160585,0.083193,1.350,0.695
reverse,8,18.9318,1.8992,-0.2000,-0.60000,1265.385,1020,decreasing,rolling,1597.771,1289,1596.649,4.141,0,0,1783744940.428061724,0.405552,0.399778,1.011185,-0.125208,,,,0.271349,0.593264,-0.160585,0.083193,1.350,0.695
reverse,8,18.9534,1.9208,-0.2000,-0.60000,1265.385,1020,decreasing,rolling,1597.771,1289,1596.649,4.141,0,0,1783744940.428061724,0.405552,0.399778,1.011185,-0.125208,,,,0.271349,0.593264,-0.160585,0.083193,1.350,0.695
reverse,8,18.9749,1.9423,-0.2000,-0.60000,1265.385,1020,decreasing,rolling,1597.771,1289,1596.649,4.141,0,0,1783744940.428061724,0.405552,0.399778,1.011185,-0.125208,,,,0.271349,0.593264,-0.160585,0.083193,1.350,0.695
reverse,8,18.9965,1.9639,-0.2000,-0.60000,1265.385,1020,decreasing,rolling,1597.771,1289,1596.649,4.141,0,0,1783744940.428061724,0.405552,0.399778,1.011185,-0.125208,,,,0.271349,0.593264,-0.160585,0.083193,1.330,0.711
reverse,8,19.0097,1.9771,-0.2000,-0.60000,1265.385,1020,decreasing,rolling,1597.906,1289,1596.859,4.351,1,20,1783744940.528378725,0.399172,0.386599,1.018396,-0.130194,-0.0145613,0.0072108,-0.4952038,0.285911,0.607825,-0.175146,0.090403,1.330,0.711
reverse,8,19.0175,1.9849,-0.2000,-0.60000,1265.385,1020,decreasing,rolling,1597.906,1289,1596.859,4.351,0,0,1783744940.528378725,0.399172,0.386599,1.018396,-0.130194,,,,0.285911,0.607825,-0.175146,0.090403,1.330,0.711
reverse,8,19.0391,2.0065,-0.2000,-0.60000,1265.385,1020,decreasing,rolling,1597.906,1289,1596.859,4.351,0,0,1783744940.528378725,0.399172,0.386599,1.018396,-0.130194,,,,0.285911,0.607825,-0.175146,0.090403,1.330,0.711
reverse,8,19.0606,2.0280,-0.2000,-0.60000,1265.385,1020,decreasing,rolling,1597.906,1289,1596.859,4.351,0,0,1783744940.528378725,0.399172,0.386599,1.018396,-0.130194,,,,0.285911,0.607825,-0.175146,0.090403,1.330,0.711
reverse,8,19.0821,2.0496,-0.2000,-0.60000,1265.385,1020,decreasing,rolling,1597.906,1289,1596.859,4.351,0,0,1783744940.528378725,0.399172,0.386599,1.018396,-0.130194,,,,0.285911,0.607825,-0.175146,0.090403,1.330,0.711
reverse,8,19.1036,2.0711,-0.2000,-0.60000,1265.385,1020,decreasing,rolling,1597.906,1289,1596.859,4.351,0,0,1783744940.528378725,0.399172,0.386599,1.018396,-0.130194,,,,0.285911,0.607825,-0.175146,0.090403,1.325,0.729
reverse,8,19.1102,2.0776,-0.2000,-0.60000,1265.385,1020,decreasing,rolling,1598.079,1289,1597.059,4.550,1,21,1783744940.626336336,0.392933,0.374634,1.025779,-0.132005,-0.0134629,0.0073833,-0.5484149,0.299374,0.621288,-0.188609,0.097787,1.325,0.729
reverse,8,19.1194,2.0869,-0.2000,-0.60000,1265.385,1020,decreasing,rolling,1598.079,1289,1597.059,4.550,0,0,1783744940.626336336,0.392933,0.374634,1.025779,-0.132005,,,,0.299374,0.621288,-0.188609,0.097787,1.325,0.729
reverse,8,19.1412,2.1087,-0.2000,-0.60000,1265.385,1020,decreasing,rolling,1598.079,1289,1597.059,4.550,0,0,1783744940.626336336,0.392933,0.374634,1.025779,-0.132005,,,,0.299374,0.621288,-0.188609,0.097787,1.325,0.729
reverse,8,19.1628,2.1302,-0.2000,-0.60000,1265.385,1020,decreasing,rolling,1598.079,1289,1597.059,4.550,0,0,1783744940.626336336,0.392933,0.374634,1.025779,-0.132005,,,,0.299374,0.621288,-0.188609,0.097787,1.325,0.729
reverse,8,19.1844,2.1518,-0.2000,-0.60000,1265.385,1020,decreasing,rolling,1598.079,1289,1597.059,4.550,0,0,1783744940.626336336,0.392933,0.374634,1.025779,-0.132005,,,,0.299374,0.621288,-0.188609,0.097787,1.325,0.729
reverse,8,19.2061,2.1736,-0.2000,-0.60000,1265.385,1020,decreasing,rolling,1598.079,1289,1597.059,4.550,0,0,1783744940.626336336,0.392933,0.374634,1.025779,-0.132005,,,,0.299374,0.621288,-0.188609,0.097787,1.310,0.749
reverse,8,19.2104,2.1779,-0.2000,-0.60000,1265.385,1020,decreasing,rolling,1598.339,1289,1597.274,4.765,1,22,1783744940.726970911,0.389093,0.362880,1.035417,-0.128952,-0.0120555,0.0096381,-0.7994800,0.311429,0.633344,-0.200665,0.107425,1.310,0.749
reverse,8,19.2300,2.1974,-0.2000,-0.60000,1265.385,1020,decreasing,rolling,1598.339,1289,1597.274,4.765,0,0,1783744940.726970911,0.389093,0.362880,1.035417,-0.128952,,,,0.311429,0.633344,-0.200665,0.107425,1.310,0.749
reverse,8,19.2516,2.2191,-0.2000,-0.60000,1265.385,1020,decreasing,rolling,1598.339,1289,1597.274,4.765,0,0,1783744940.726970911,0.389093,0.362880,1.035417,-0.128952,,,,0.311429,0.633344,-0.200665,0.107425,1.310,0.749
reverse,8,19.2732,2.2406,-0.2000,-0.60000,1265.385,1020,decreasing,rolling,1598.339,1289,1597.274,4.765,0,0,1783744940.726970911,0.389093,0.362880,1.035417,-0.128952,,,,0.311429,0.633344,-0.200665,0.107425,1.310,0.749
reverse,8,19.2947,2.2621,-0.2000,-0.60000,1265.385,1020,decreasing,rolling,1598.339,1289,1597.274,4.765,0,0,1783744940.726970911,0.389093,0.362880,1.035417,-0.128952,,,,0.311429,0.633344,-0.200665,0.107425,1.289,0.773
reverse,8,19.3080,2.2754,-0.2000,-0.60000,1265.385,1020,decreasing,rolling,1598.199,1289,1597.428,4.920,1,23,1783744940.827267647,0.376314,0.346228,1.047616,-0.148624,-0.0208257,0.0121985,-0.5857426,0.332255,0.654169,-0.221490,0.119623,1.289,0.773
reverse,9,19.3241,0.0000,-0.2000,0.60000,1634.615,1318,increasing,rolling,1598.199,1289,1597.428,4.920,0,0,1783744940.827267647,0.376314,0.346228,1.047616,-0.148624,,,,0.000000,0.654169,0.000000,0.000000,1.289,0.773
reverse,9,19.3458,0.0218,-0.2000,0.60000,1634.615,1318,increasing,rolling,1598.199,1289,1597.428,4.920,0,0,1783744940.827267647,0.376314,0.346228,1.047616,-0.148624,,,,0.000000,0.654169,0.000000,0.000000,1.289,0.773
reverse,9,19.3674,0.0434,-0.2000,0.60000,1634.615,1318,increasing,rolling,1598.199,1289,1597.428,4.920,0,0,1783744940.827267647,0.376314,0.346228,1.047616,-0.148624,,,,0.000000,0.654169,0.000000,0.000000,1.289,0.773
reverse,9,19.3891,0.0650,-0.2000,0.60000,1634.615,1318,increasing,rolling,1598.199,1289,1597.428,4.920,0,0,1783744940.827267647,0.376314,0.346228,1.047616,-0.148624,,,,0.000000,0.654169,0.000000,0.000000,1.260,0.773
reverse,9,19.4088,0.0848,-0.2000,0.60000,1634.615,1318,increasing,rolling,1597.839,1289,1597.495,4.987,1,1,1783744940.924790382,0.363850,0.323880,1.062194,-0.177063,-0.0255878,0.0145782,-0.5697299,0.025588,0.679757,0.000000,0.000000,1.260,0.773
reverse,9,19.4237,0.0997,-0.2000,0.60000,1634.615,1318,increasing,rolling,1597.839,1289,1597.495,4.987,0,0,1783744940.924790382,0.363850,0.323880,1.062194,-0.177063,,,,0.025588,0.679757,0.000000,0.000000,1.260,0.773
reverse,9,19.4453,0.1213,-0.2000,0.60000,1634.615,1318,increasing,rolling,1597.839,1289,1597.495,4.987,0,0,1783744940.924790382,0.363850,0.323880,1.062194,-0.177063,,,,0.025588,0.679757,0.000000,0.000000,1.260,0.773
reverse,9,19.4670,0.1430,-0.2000,0.60000,1634.615,1318,increasing,rolling,1597.839,1289,1597.495,4.987,0,0,1783744940.924790382,0.363850,0.323880,1.062194,-0.177063,,,,0.025588,0.679757,0.000000,0.000000,1.260,0.773
reverse,9,19.4886,0.1645,-0.2000,0.60000,1634.615,1318,increasing,rolling,1597.839,1289,1597.495,4.987,0,0,1783744940.924790382,0.363850,0.323880,1.062194,-0.177063,,,,0.025588,0.679757,0.000000,0.000000,1.243,0.797
reverse,9,19.5067,0.1826,-0.2000,0.60000,1634.615,1318,increasing,rolling,1597.574,1288,1597.509,5.000,1,2,1783744941.025579691,0.352220,0.301371,1.083771,-0.195628,-0.0253308,0.0215774,-0.8518261,0.050919,0.705088,0.000000,0.000000,1.243,0.797
reverse,9,19.5218,0.1978,-0.2000,0.60000,1634.615,1318,increasing,rolling,1597.574,1288,1597.509,5.000,0,0,1783744941.025579691,0.352220,0.301371,1.083771,-0.195628,,,,0.050919,0.705088,0.000000,0.000000,1.243,0.797
reverse,9,19.5434,0.2194,-0.2000,0.60000,1634.615,1318,increasing,rolling,1597.574,1288,1597.509,5.000,0,0,1783744941.025579691,0.352220,0.301371,1.083771,-0.195628,,,,0.050919,0.705088,0.000000,0.000000,1.243,0.797
reverse,9,19.5650,0.2409,-0.2000,0.60000,1634.615,1318,increasing,rolling,1597.574,1288,1597.509,5.000,0,0,1783744941.025579691,0.352220,0.301371,1.083771,-0.195628,,,,0.050919,0.705088,0.000000,0.000000,1.243,0.797
reverse,9,19.5865,0.2624,-0.2000,0.60000,1634.615,1318,increasing,rolling,1597.574,1288,1597.509,5.000,0,0,1783744941.025579691,0.352220,0.301371,1.083771,-0.195628,,,,0.050919,0.705088,0.000000,0.000000,1.243,0.797
reverse,9,19.6081,0.2840,-0.2000,0.60000,1634.615,1318,increasing,rolling,1597.574,1288,1597.509,5.000,0,0,1783744941.025579691,0.352220,0.301371,1.083771,-0.195628,,,,0.050919,0.705088,0.000000,0.000000,1.229,0.820
reverse,9,19.6110,0.2869,-0.2000,0.60000,1634.615,1318,increasing,rolling,1597.293,1288,1597.473,4.965,1,3,1783744941.123172045,0.343924,0.276929,1.093233,-0.212046,-0.0255007,0.0094618,-0.3710418,0.076419,0.730589,0.000000,0.000000,1.229,0.820
reverse,9,19.6297,0.3057,-0.2000,0.60000,1634.615,1318,increasing,rolling,1597.293,1288,1597.473,4.965,0,0,1783744941.123172045,0.343924,0.276929,1.093233,-0.212046,,,,0.076419,0.730589,0.000000,0.000000,1.229,0.820
reverse,9,19.6514,0.3273,-0.2000,0.60000,1634.615,1318,increasing,rolling,1597.293,1288,1597.473,4.965,0,0,1783744941.123172045,0.343924,0.276929,1.093233,-0.212046,,,,0.076419,0.730589,0.000000,0.000000,1.229,0.820
reverse,9,19.6729,0.3489,-0.2000,0.60000,1634.615,1318,increasing,rolling,1597.293,1288,1597.473,4.965,0,0,1783744941.123172045,0.343924,0.276929,1.093233,-0.212046,,,,0.076419,0.730589,0.000000,0.000000,1.229,0.820
reverse,9,19.6945,0.3704,-0.2000,0.60000,1634.615,1318,increasing,rolling,1597.293,1288,1597.473,4.965,0,0,1783744941.123172045,0.343924,0.276929,1.093233,-0.212046,,,,0.076419,0.730589,0.000000,0.000000,1.237,0.849
reverse,9,19.7099,0.3859,-0.2000,0.60000,1634.615,1318,increasing,rolling,1597.293,1288,1597.473,4.965,0,0,1783744941.123172045,0.343924,0.276929,1.093233,-0.212046,,,,0.076419,0.730589,0.000000,0.000000,1.237,0.849
reverse,9,19.7318,0.4077,-0.2000,0.60000,1634.615,1318,increasing,rolling,1597.033,1288,1597.398,4.889,1,4,1783744941.226137877,0.328996,0.254379,1.082085,-0.224358,-0.0269045,-0.0111480,0.4143542,0.103324,0.757493,0.000000,0.000000,1.237,0.849
reverse,9,19.7337,0.4096,-0.2000,0.60000,1634.615,1318,increasing,rolling,1597.033,1288,1597.398,4.889,0,0,1783744941.226137877,0.328996,0.254379,1.082085,-0.224358,,,,0.103324,0.757493,0.000000,0.000000,1.237,0.849
reverse,9,19.7553,0.4313,-0.2000,0.60000,1634.615,1318,increasing,rolling,1597.033,1288,1597.398,4.889,0,0,1783744941.226137877,0.328996,0.254379,1.082085,-0.224358,,,,0.103324,0.757493,0.000000,0.000000,1.237,0.849
reverse,9,19.7770,0.4529,-0.2000,0.60000,1634.615,1318,increasing,rolling,1597.033,1288,1597.398,4.889,0,0,1783744941.226137877,0.328996,0.254379,1.082085,-0.224358,,,,0.103324,0.757493,0.000000,0.000000,1.237,0.849
reverse,9,19.7985,0.4745,-0.2000,0.60000,1634.615,1318,increasing,rolling,1597.033,1288,1597.398,4.889,0,0,1783744941.226137877,0.328996,0.254379,1.082085,-0.224358,,,,0.103324,0.757493,0.000000,0.000000,1.237,0.868
reverse,9,19.8104,0.4863,-0.2000,0.60000,1634.615,1318,increasing,rolling,1597.033,1288,1597.398,4.889,0,0,1783744941.226137877,0.328996,0.254379,1.082085,-0.224358,,,,0.103324,0.757493,0.000000,0.000000,1.237,0.868
reverse,9,19.8324,0.5083,-0.2000,0.60000,1634.615,1318,increasing,rolling,1597.038,1288,1597.338,4.829,1,5,1783744941.326783419,0.320528,0.235284,1.067523,-0.219994,-0.0208239,-0.0145620,0.6992950,0.124148,0.778317,0.000000,0.000000,1.237,0.868
reverse,9,19.8342,0.5101,-0.2000,0.60000,1634.615,1318,increasing,rolling,1597.038,1288,1597.338,4.829,0,0,1783744941.326783419,0.320528,0.235284,1.067523,-0.219994,,,,0.124148,0.778317,0.000000,0.000000,1.237,0.868
reverse,9,19.8559,0.5318,-0.2000,0.60000,1634.615,1318,increasing,rolling,1597.038,1288,1597.338,4.829,0,0,1783744941.326783419,0.320528,0.235284,1.067523,-0.219994,,,,0.124148,0.778317,0.000000,0.000000,1.237,0.868
reverse,9,19.8776,0.5535,-0.2000,0.60000,1634.615,1318,increasing,rolling,1597.038,1288,1597.338,4.829,0,0,1783744941.326783419,0.320528,0.235284,1.067523,-0.219994,,,,0.124148,0.778317,0.000000,0.000000,1.237,0.868
reverse,9,19.8993,0.5752,-0.2000,0.60000,1634.615,1318,increasing,rolling,1597.038,1288,1597.338,4.829,0,0,1783744941.326783419,0.320528,0.235284,1.067523,-0.219994,,,,0.124148,0.778317,0.000000,0.000000,1.248,0.918
reverse,9,19.9109,0.5868,-0.2000,0.60000,1634.615,1318,increasing,rolling,1596.921,1288,1597.268,4.759,1,6,1783744941.427137613,0.309695,0.214606,1.054031,-0.223128,-0.0233352,-0.0134918,0.5781720,0.147483,0.801652,-0.023335,-0.013492,1.248,0.918
reverse,9,19.9213,0.5972,-0.2000,0.60000,1634.615,1318,increasing,rolling,1596.921,1288,1597.268,4.759,0,0,1783744941.427137613,0.309695,0.214606,1.054031,-0.223128,,,,0.147483,0.801652,-0.023335,-0.013492,1.248,0.918
reverse,9,19.9429,0.6189,-0.2000,0.60000,1634.615,1318,increasing,rolling,1596.921,1288,1597.268,4.759,0,0,1783744941.427137613,0.309695,0.214606,1.054031,-0.223128,,,,0.147483,0.801652,-0.023335,-0.013492,1.248,0.918
reverse,9,19.9645,0.6404,-0.2000,0.60000,1634.615,1318,increasing,rolling,1596.921,1288,1597.268,4.759,0,0,1783744941.427137613,0.309695,0.214606,1.054031,-0.223128,,,,0.147483,0.801652,-0.023335,-0.013492,1.248,0.918
reverse,9,19.9860,0.6619,-0.2000,0.60000,1634.615,1318,increasing,rolling,1596.921,1288,1597.268,4.759,0,0,1783744941.427137613,0.309695,0.214606,1.054031,-0.223128,,,,0.147483,0.801652,-0.023335,-0.013492,1.248,0.918
reverse,9,20.0076,0.6836,-0.2000,0.60000,1634.615,1318,increasing,rolling,1596.921,1288,1597.268,4.759,0,0,1783744941.427137613,0.309695,0.214606,1.054031,-0.223128,,,,0.147483,0.801652,-0.023335,-0.013492,1.237,0.928
reverse,9,20.0112,0.6871,-0.2000,0.60000,1634.615,1318,increasing,rolling,1596.689,1288,1597.171,4.662,1,7,1783744941.527508020,0.299071,0.190686,1.040064,-0.232172,-0.0260266,-0.0139676,0.5366656,0.173509,0.827679,-0.049362,-0.027459,1.237,0.928
reverse,9,20.0232,0.6992,-0.2000,0.60000,1634.615,1318,increasing,rolling,1596.689,1288,1597.171,4.662,0,0,1783744941.527508020,0.299071,0.190686,1.040064,-0.232172,,,,0.173509,0.827679,-0.049362,-0.027459,1.237,0.928
reverse,9,20.0449,0.7208,-0.2000,0.60000,1634.615,1318,increasing,rolling,1596.689,1288,1597.171,4.662,0,0,1783744941.527508020,0.299071,0.190686,1.040064,-0.232172,,,,0.173509,0.827679,-0.049362,-0.027459,1.237,0.928
reverse,9,20.0664,0.7423,-0.2000,0.60000,1634.615,1318,increasing,rolling,1596.689,1288,1597.171,4.662,0,0,1783744941.527508020,0.299071,0.190686,1.040064,-0.232172,,,,0.173509,0.827679,-0.049362,-0.027459,1.237,0.928
reverse,9,20.0881,0.7641,-0.2000,0.60000,1634.615,1318,increasing,rolling,1596.689,1288,1597.171,4.662,0,0,1783744941.527508020,0.299071,0.190686,1.040064,-0.232172,,,,0.173509,0.827679,-0.049362,-0.027459,1.237,0.928
reverse,9,20.1102,0.7861,-0.2000,0.60000,1634.615,1318,increasing,rolling,1596.689,1288,1597.171,4.662,0,0,1783744941.527508020,0.299071,0.190686,1.040064,-0.232172,,,,0.173509,0.827679,-0.049362,-0.027459,1.236,0.973
reverse,9,20.1126,0.7885,-0.2000,0.60000,1634.615,1318,increasing,rolling,1596.449,1287,1597.050,4.542,1,8,1783744941.628008604,0.288606,0.166054,1.026194,-0.240090,-0.0265165,-0.0138702,0.5230795,0.200026,0.854195,-0.075878,-0.041330,1.236,0.973
reverse,9,20.1237,0.7996,-0.2000,0.60000,1634.615,1318,increasing,rolling,1596.449,1287,1597.050,4.542,0,0,1783744941.628008604,0.288606,0.166054,1.026194,-0.240090,,,,0.200026,0.854195,-0.075878,-0.041330,1.236,0.973
reverse,9,20.1453,0.8213,-0.2000,0.60000,1634.615,1318,increasing,rolling,1596.449,1287,1597.050,4.542,0,0,1783744941.628008604,0.288606,0.166054,1.026194,-0.240090,,,,0.200026,0.854195,-0.075878,-0.041330,1.236,0.973
reverse,9,20.1669,0.8428,-0.2000,0.60000,1634.615,1318,increasing,rolling,1596.449,1287,1597.050,4.542,0,0,1783744941.628008604,0.288606,0.166054,1.026194,-0.240090,,,,0.200026,0.854195,-0.075878,-0.041330,1.236,0.973
reverse,9,20.1884,0.8643,-0.2000,0.60000,1634.615,1318,increasing,rolling,1596.449,1287,1597.050,4.542,0,0,1783744941.628008604,0.288606,0.166054,1.026194,-0.240090,,,,0.200026,0.854195,-0.075878,-0.041330,1.236,0.973
reverse,9,20.2100,0.8859,-0.2000,0.60000,1634.615,1318,increasing,rolling,1596.449,1287,1597.050,4.542,0,0,1783744941.628008604,0.288606,0.166054,1.026194,-0.240090,,,,0.200026,0.854195,-0.075878,-0.041330,1.918,0.996
reverse,9,20.2127,0.8887,-0.2000,0.60000,1634.615,1318,increasing,rolling,1596.363,1287,1596.936,4.427,1,9,1783744941.728052855,0.277191,0.145773,1.013230,-0.238179,-0.0232549,-0.0129636,0.5574578,0.223281,0.877450,-0.099133,-0.054293,1.918,0.996
reverse,9,20.2207,0.8966,-0.2000,0.60000,1634.615,1318,increasing,rolling,1596.363,1287,1596.936,4.427,0,0,1783744941.728052855,0.277191,0.145773,1.013230,-0.238179,,,,0.223281,0.877450,-0.099133,-0.054293,1.918,0.996
reverse,9,20.2423,0.9182,-0.2000,0.60000,1634.615,1318,increasing,rolling,1596.363,1287,1596.936,4.427,0,0,1783744941.728052855,0.277191,0.145773,1.013230,-0.238179,,,,0.223281,0.877450,-0.099133,-0.054293,1.918,0.996
reverse,9,20.2638,0.9397,-0.2000,0.60000,1634.615,1318,increasing,rolling,1596.363,1287,1596.936,4.427,0,0,1783744941.728052855,0.277191,0.145773,1.013230,-0.238179,,,,0.223281,0.877450,-0.099133,-0.054293,1.918,0.996
reverse,9,20.2856,0.9616,-0.2000,0.60000,1634.615,1318,increasing,rolling,1596.363,1287,1596.936,4.427,0,0,1783744941.728052855,0.277191,0.145773,1.013230,-0.238179,,,,0.223281,0.877450,-0.099133,-0.054293,1.918,0.996
reverse,9,20.3071,0.9831,-0.2000,0.60000,1634.615,1318,increasing,rolling,1596.363,1287,1596.936,4.427,0,0,1783744941.728052855,0.277191,0.145773,1.013230,-0.238179,,,,0.223281,0.877450,-0.099133,-0.054293,1.895,1.020
reverse,9,20.3121,0.9881,-0.2000,0.60000,1634.615,1318,increasing,rolling,1596.485,1287,1596.860,4.352,1,10,1783744941.828534365,0.268113,0.129453,1.003195,-0.225029,-0.0186472,-0.0100346,0.5381313,0.241928,0.896098,-0.117780,-0.064328,1.895,1.020
reverse,9,20.3317,1.0076,-0.2000,0.60000,1634.615,1318,increasing,rolling,1596.485,1287,1596.860,4.352,0,0,1783744941.828534365,0.268113,0.129453,1.003195,-0.225029,,,,0.241928,0.896098,-0.117780,-0.064328,1.895,1.020
reverse,9,20.3533,1.0292,-0.2000,0.60000,1634.615,1318,increasing,rolling,1596.485,1287,1596.860,4.352,0,0,1783744941.828534365,0.268113,0.129453,1.003195,-0.225029,,,,0.241928,0.896098,-0.117780,-0.064328,1.895,1.020
reverse,9,20.3748,1.0507,-0.2000,0.60000,1634.615,1318,increasing,rolling,1596.485,1287,1596.860,4.352,0,0,1783744941.828534365,0.268113,0.129453,1.003195,-0.225029,,,,0.241928,0.896098,-0.117780,-0.064328,1.895,1.020
reverse,9,20.3963,1.0722,-0.2000,0.60000,1634.615,1318,increasing,rolling,1596.485,1287,1596.860,4.352,0,0,1783744941.828534365,0.268113,0.129453,1.003195,-0.225029,,,,0.241928,0.896098,-0.117780,-0.064328,1.875,1.036
reverse,9,20.4124,1.0883,-0.2000,0.60000,1634.615,1318,increasing,rolling,1596.309,1287,1596.768,4.259,1,11,1783744941.928906679,0.253389,0.109406,0.993940,-0.230608,-0.0248267,-0.0092549,0.3727793,0.266755,0.920924,-0.142607,-0.073583,1.875,1.036
reverse,9,20.4329,1.1088,-0.2000,0.60000,1634.615,1318,increasing,rolling,1596.309,1287,1596.768,4.259,0,0,1783744941.928906679,0.253389,0.109406,0.993940,-0.230608,,,,0.266755,0.920924,-0.142607,-0.073583,1.875,1.036
reverse,9,20.4548,1.1307,-0.2000,0.60000,1634.615,1318,increasing,rolling,1596.309,1287,1596.768,4.259,0,0,1783744941.928906679,0.253389,0.109406,0.993940,-0.230608,,,,0.266755,0.920924,-0.142607,-0.073583,1.875,1.036
reverse,9,20.4766,1.1526,-0.2000,0.60000,1634.615,1318,increasing,rolling,1596.309,1287,1596.768,4.259,0,0,1783744941.928906679,0.253389,0.109406,0.993940,-0.230608,,,,0.266755,0.920924,-0.142607,-0.073583,1.875,1.036
reverse,9,20.4983,1.1743,-0.2000,0.60000,1634.615,1318,increasing,rolling,1596.309,1287,1596.768,4.259,0,0,1783744941.928906679,0.253389,0.109406,0.993940,-0.230608,,,,0.266755,0.920924,-0.142607,-0.073583,1.856,1.054
reverse,9,20.5102,1.1862,-0.2000,0.60000,1634.615,1318,increasing,rolling,1596.676,1288,1596.753,4.244,1,12,1783744942.029247999,0.248130,0.097416,0.986741,-0.205121,-0.0129100,-0.0071991,0.5576348,0.279665,0.933834,-0.155517,-0.080782,1.856,1.054
reverse,9,20.5291,1.2051,-0.2000,0.60000,1634.615,1318,increasing,rolling,1596.676,1288,1596.753,4.244,0,0,1783744942.029247999,0.248130,0.097416,0.986741,-0.205121,,,,0.279665,0.933834,-0.155517,-0.080782,1.856,1.054
reverse,9,20.5509,1.2269,-0.2000,0.60000,1634.615,1318,increasing,rolling,1596.676,1288,1596.753,4.244,0,0,1783744942.029247999,0.248130,0.097416,0.986741,-0.205121,,,,0.279665,0.933834,-0.155517,-0.080782,1.856,1.054
reverse,9,20.5726,1.2485,-0.2000,0.60000,1634.615,1318,increasing,rolling,1596.676,1288,1596.753,4.244,0,0,1783744942.029247999,0.248130,0.097416,0.986741,-0.205121,,,,0.279665,0.933834,-0.155517,-0.080782,1.856,1.054
reverse,9,20.5942,1.2701,-0.2000,0.60000,1634.615,1318,increasing,rolling,1596.676,1288,1596.753,4.244,0,0,1783744942.029247999,0.248130,0.097416,0.986741,-0.205121,,,,0.279665,0.933834,-0.155517,-0.080782,1.841,1.071
reverse,9,20.6109,1.2869,-0.2000,0.60000,1634.615,1318,increasing,rolling,1596.778,1288,1596.757,4.248,1,13,1783744942.126990795,0.240727,0.081325,0.980388,-0.198595,-0.0174974,-0.0063536,0.3631159,0.297162,0.951332,-0.173014,-0.087135,1.841,1.071
reverse,9,20.6279,1.3039,-0.2000,0.60000,1634.615,1318,increasing,rolling,1596.778,1288,1596.757,4.248,0,0,1783744942.126990795,0.240727,0.081325,0.980388,-0.198595,,,,0.297162,0.951332,-0.173014,-0.087135,1.841,1.071
reverse,9,20.6499,1.3259,-0.2000,0.60000,1634.615,1318,increasing,rolling,1596.778,1288,1596.757,4.248,0,0,1783744942.126990795,0.240727,0.081325,0.980388,-0.198595,,,,0.297162,0.951332,-0.173014,-0.087135,1.841,1.071
reverse,9,20.6719,1.3479,-0.2000,0.60000,1634.615,1318,increasing,rolling,1596.778,1288,1596.757,4.248,0,0,1783744942.126990795,0.240727,0.081325,0.980388,-0.198595,,,,0.297162,0.951332,-0.173014,-0.087135,1.841,1.071
reverse,9,20.6938,1.3698,-0.2000,0.60000,1634.615,1318,increasing,rolling,1596.778,1288,1596.757,4.248,0,0,1783744942.126990795,0.240727,0.081325,0.980388,-0.198595,,,,0.297162,0.951332,-0.173014,-0.087135,1.824,1.091
reverse,9,20.7114,1.3874,-0.2000,0.60000,1634.615,1318,increasing,rolling,1596.905,1288,1596.782,4.273,1,14,1783744942.227626801,0.231620,0.066670,0.970906,-0.191774,-0.0172403,-0.0094822,0.5500028,0.314402,0.968572,-0.190255,-0.096618,1.824,1.091
reverse,9,20.7221,1.3980,-0.2000,0.60000,1634.615,1318,increasing,rolling,1596.905,1288,1596.782,4.273,0,0,1783744942.227626801,0.231620,0.066670,0.970906,-0.191774,,,,0.314402,0.968572,-0.190255,-0.096618,1.824,1.091
reverse,9,20.7438,1.4197,-0.2000,0.60000,1634.615,1318,increasing,rolling,1596.905,1288,1596.782,4.273,0,0,1783744942.227626801,0.231620,0.066670,0.970906,-0.191774,,,,0.314402,0.968572,-0.190255,-0.096618,1.824,1.091
reverse,9,20.7655,1.4414,-0.2000,0.60000,1634.615,1318,increasing,rolling,1596.905,1288,1596.782,4.273,0,0,1783744942.227626801,0.231620,0.066670,0.970906,-0.191774,,,,0.314402,0.968572,-0.190255,-0.096618,1.824,1.091
reverse,9,20.7872,1.4631,-0.2000,0.60000,1634.615,1318,increasing,rolling,1596.905,1288,1596.782,4.273,0,0,1783744942.227626801,0.231620,0.066670,0.970906,-0.191774,,,,0.314402,0.968572,-0.190255,-0.096618,1.806,1.110
reverse,9,20.8093,1.4852,-0.2000,0.60000,1634.615,1318,increasing,rolling,1597.018,1288,1596.821,4.312,1,15,1783744942.327979565,0.219483,0.054056,0.956557,-0.186890,-0.0172846,-0.0143488,0.8301542,0.331687,0.985856,-0.207539,-0.110966,1.806,1.110
reverse,10,20.8301,0.0000,-0.2000,-0.30000,1357.692,1095,decreasing,rolling,1597.018,1288,1596.821,4.312,0,0,1783744942.327979565,0.219483,0.054056,0.956557,-0.186890,,,,0.000000,0.985856,0.000000,0.000000,1.806,1.110
reverse,10,20.8519,0.0218,-0.2000,-0.30000,1357.692,1095,decreasing,rolling,1597.018,1288,1596.821,4.312,0,0,1783744942.327979565,0.219483,0.054056,0.956557,-0.186890,,,,0.000000,0.985856,0.000000,0.000000,1.806,1.110
reverse,10,20.8734,0.0434,-0.2000,-0.30000,1357.692,1095,decreasing,rolling,1597.018,1288,1596.821,4.312,0,0,1783744942.327979565,0.219483,0.054056,0.956557,-0.186890,,,,0.000000,0.985856,0.000000,0.000000,1.806,1.110
reverse,10,20.8951,0.0651,-0.2000,-0.30000,1357.692,1095,decreasing,rolling,1597.018,1288,1596.821,4.312,0,0,1783744942.327979565,0.219483,0.054056,0.956557,-0.186890,,,,0.000000,0.985856,0.000000,0.000000,1.783,1.130
reverse,10,20.9094,0.0794,-0.2000,-0.30000,1357.692,1095,decreasing,rolling,1596.790,1288,1596.816,4.307,1,1,1783744942.425980568,0.203715,0.035651,0.944791,-0.201752,-0.0241415,-0.0117662,0.4873847,0.024141,1.009998,0.000000,0.000000,1.783,1.130
reverse,10,20.9313,0.1013,-0.2000,-0.30000,1357.692,1095,decreasing,rolling,1596.790,1288,1596.816,4.307,0,0,1783744942.425980568,0.203715,0.035651,0.944791,-0.201752,,,,0.024141,1.009998,0.000000,0.000000,1.783,1.130
reverse,10,20.9530,0.1229,-0.2000,-0.30000,1357.692,1095,decreasing,rolling,1596.790,1288,1596.816,4.307,0,0,1783744942.425980568,0.203715,0.035651,0.944791,-0.201752,,,,0.024141,1.009998,0.000000,0.000000,1.783,1.130
reverse,10,20.9746,0.1446,-0.2000,-0.30000,1357.692,1095,decreasing,rolling,1596.790,1288,1596.816,4.307,0,0,1783744942.425980568,0.203715,0.035651,0.944791,-0.201752,,,,0.024141,1.009998,0.000000,0.000000,1.783,1.130
reverse,10,20.9963,0.1663,-0.2000,-0.30000,1357.692,1095,decreasing,rolling,1596.790,1288,1596.816,4.307,0,0,1783744942.425980568,0.203715,0.035651,0.944791,-0.201752,,,,0.024141,1.009998,0.000000,0.000000,1.763,1.155
reverse,10,21.0096,0.1796,-0.2000,-0.30000,1357.692,1095,decreasing,rolling,1596.637,1288,1596.786,4.277,1,2,1783744942.526220322,0.189111,0.017217,0.930833,-0.209928,-0.0235018,-0.0139578,0.5939029,0.047643,1.033500,0.000000,0.000000,1.763,1.155
reverse,10,21.0220,0.1920,-0.2000,-0.30000,1357.692,1095,decreasing,rolling,1596.637,1288,1596.786,4.277,0,0,1783744942.526220322,0.189111,0.017217,0.930833,-0.209928,,,,0.047643,1.033500,0.000000,0.000000,1.763,1.155
reverse,10,21.0436,0.2136,-0.2000,-0.30000,1357.692,1095,decreasing,rolling,1596.637,1288,1596.786,4.277,0,0,1783744942.526220322,0.189111,0.017217,0.930833,-0.209928,,,,0.047643,1.033500,0.000000,0.000000,1.763,1.155
reverse,10,21.0652,0.2352,-0.2000,-0.30000,1357.692,1095,decreasing,rolling,1596.637,1288,1596.786,4.277,0,0,1783744942.526220322,0.189111,0.017217,0.930833,-0.209928,,,,0.047643,1.033500,0.000000,0.000000,1.763,1.155
reverse,10,21.0867,0.2567,-0.2000,-0.30000,1357.692,1095,decreasing,rolling,1596.637,1288,1596.786,4.277,0,0,1783744942.526220322,0.189111,0.017217,0.930833,-0.209928,,,,0.047643,1.033500,0.000000,0.000000,1.741,1.176
reverse,10,21.1077,0.2777,-0.2000,-0.30000,1357.692,1095,decreasing,rolling,1596.515,1288,1596.741,4.232,1,3,1783744942.626474380,0.175132,-0.001173,0.924260,-0.215047,-0.0230989,-0.0065730,0.2845605,0.070742,1.056599,0.000000,0.000000,1.741,1.176
reverse,10,21.1293,0.2993,-0.2000,-0.30000,1357.692,1095,decreasing,rolling,1596.515,1288,1596.741,4.232,0,0,1783744942.626474380,0.175132,-0.001173,0.924260,-0.215047,,,,0.070742,1.056599,0.000000,0.000000,1.741,1.176
reverse,10,21.1510,0.3210,-0.2000,-0.30000,1357.692,1095,decreasing,rolling,1596.515,1288,1596.741,4.232,0,0,1783744942.626474380,0.175132,-0.001173,0.924260,-0.215047,,,,0.070742,1.056599,0.000000,0.000000,1.741,1.176
reverse,10,21.1726,0.3426,-0.2000,-0.30000,1357.692,1095,decreasing,rolling,1596.515,1288,1596.741,4.232,0,0,1783744942.626474380,0.175132,-0.001173,0.924260,-0.215047,,,,0.070742,1.056599,0.000000,0.000000,1.741,1.176
reverse,10,21.1942,0.3641,-0.2000,-0.30000,1357.692,1095,decreasing,rolling,1596.515,1288,1596.741,4.232,0,0,1783744942.626474380,0.175132,-0.001173,0.924260,-0.215047,,,,0.070742,1.056599,0.000000,0.000000,1.724,1.196
reverse,10,21.2082,0.3782,-0.2000,-0.30000,1357.692,1095,decreasing,rolling,1596.504,1288,1596.702,4.193,1,4,1783744942.724513292,0.162486,-0.017138,0.926004,-0.213207,-0.0203615,0.0017442,-0.0856622,0.091104,1.076960,0.000000,0.000000,1.724,1.196
reverse,10,21.2277,0.3977,-0.2000,-0.30000,1357.692,1095,decreasing,rolling,1596.504,1288,1596.702,4.193,0,0,1783744942.724513292,0.162486,-0.017138,0.926004,-0.213207,,,,0.091104,1.076960,0.000000,0.000000,1.724,1.196
reverse,10,21.2494,0.4194,-0.2000,-0.30000,1357.692,1095,decreasing,rolling,1596.504,1288,1596.702,4.193,0,0,1783744942.724513292,0.162486,-0.017138,0.926004,-0.213207,,,,0.091104,1.076960,0.000000,0.000000,1.724,1.196
reverse,10,21.2710,0.4410,-0.2000,-0.30000,1357.692,1095,decreasing,rolling,1596.504,1288,1596.702,4.193,0,0,1783744942.724513292,0.162486,-0.017138,0.926004,-0.213207,,,,0.091104,1.076960,0.000000,0.000000,1.724,1.196
reverse,10,21.2925,0.4625,-0.2000,-0.30000,1357.692,1095,decreasing,rolling,1596.504,1288,1596.702,4.193,0,0,1783744942.724513292,0.162486,-0.017138,0.926004,-0.213207,,,,0.091104,1.076960,0.000000,0.000000,1.704,1.215
reverse,10,21.3087,0.4787,-0.2000,-0.30000,1357.692,1095,decreasing,rolling,1596.379,1287,1596.648,4.139,1,5,1783744942.824895859,0.147896,-0.035321,0.928161,-0.217933,-0.0232999,0.0021575,-0.0925951,0.114404,1.100260,0.000000,0.000000,1.704,1.215
reverse,10,21.3211,0.4911,-0.2000,-0.30000,1357.692,1095,decreasing,rolling,1596.379,1287,1596.648,4.139,0,0,1783744942.824895859,0.147896,-0.035321,0.928161,-0.217933,,,,0.114404,1.100260,0.000000,0.000000,1.704,1.215
reverse,10,21.3428,0.5128,-0.2000,-0.30000,1357.692,1095,decreasing,rolling,1596.379,1287,1596.648,4.139,0,0,1783744942.824895859,0.147896,-0.035321,0.928161,-0.217933,,,,0.114404,1.100260,0.000000,0.000000,1.704,1.215
reverse,10,21.3644,0.5344,-0.2000,-0.30000,1357.692,1095,decreasing,rolling,1596.379,1287,1596.648,4.139,0,0,1783744942.824895859,0.147896,-0.035321,0.928161,-0.217933,,,,0.114404,1.100260,0.000000,0.000000,1.704,1.215
reverse,10,21.3859,0.5559,-0.2000,-0.30000,1357.692,1095,decreasing,rolling,1596.379,1287,1596.648,4.139,0,0,1783744942.824895859,0.147896,-0.035321,0.928161,-0.217933,,,,0.114404,1.100260,0.000000,0.000000,1.704,1.215
reverse,10,21.4075,0.5775,-0.2000,-0.30000,1357.692,1095,decreasing,rolling,1596.379,1287,1596.648,4.139,0,0,1783744942.824895859,0.147896,-0.035321,0.928161,-0.217933,,,,0.114404,1.100260,0.000000,0.000000,1.683,1.237
reverse,10,21.4100,0.5800,-0.2000,-0.30000,1357.692,1095,decreasing,rolling,1596.366,1287,1596.601,4.092,1,6,1783744942.925466299,0.136028,-0.052654,0.932949,-0.215629,-0.0209906,0.0047880,-0.2281025,0.135394,1.121251,-0.020991,0.004788,1.683,1.237
reverse,10,21.4261,0.5960,-0.2000,-0.30000,1357.692,1095,decreasing,rolling,1596.366,1287,1596.601,4.092,0,0,1783744942.925466299,0.136028,-0.052654,0.932949,-0.215629,,,,0.135394,1.121251,-0.020991,0.004788,1.683,1.237
reverse,10,21.4477,0.6177,-0.2000,-0.30000,1357.692,1095,decreasing,rolling,1596.366,1287,1596.601,4.092,0,0,1783744942.925466299,0.136028,-0.052654,0.932949,-0.215629,,,,0.135394,1.121251,-0.020991,0.004788,1.683,1.237
reverse,10,21.4693,0.6393,-0.2000,-0.30000,1357.692,1095,decreasing,rolling,1596.366,1287,1596.601,4.092,0,0,1783744942.925466299,0.136028,-0.052654,0.932949,-0.215629,,,,0.135394,1.121251,-0.020991,0.004788,1.683,1.237
reverse,10,21.4909,0.6608,-0.2000,-0.30000,1357.692,1095,decreasing,rolling,1596.366,1287,1596.601,4.092,0,0,1783744942.925466299,0.136028,-0.052654,0.932949,-0.215629,,,,0.135394,1.121251,-0.020991,0.004788,1.664,1.258
reverse,10,21.5069,0.6769,-0.2000,-0.30000,1357.692,1095,decreasing,rolling,1596.302,1287,1596.551,4.042,1,7,1783744943.026006222,0.124251,-0.071376,0.937790,-0.216569,-0.0220576,0.0048407,-0.2194573,0.157452,1.143308,-0.043048,0.009629,1.664,1.258
reverse,10,21.5150,0.6850,-0.2000,-0.30000,1357.692,1095,decreasing,rolling,1596.302,1287,1596.551,4.042,0,0,1783744943.026006222,0.124251,-0.071376,0.937790,-0.216569,,,,0.157452,1.143308,-0.043048,0.009629,1.664,1.258
reverse,10,21.5368,0.7068,-0.2000,-0.30000,1357.692,1095,decreasing,rolling,1596.302,1287,1596.551,4.042,0,0,1783744943.026006222,0.124251,-0.071376,0.937790,-0.216569,,,,0.157452,1.143308,-0.043048,0.009629,1.664,1.258
reverse,10,21.5584,0.7284,-0.2000,-0.30000,1357.692,1095,decreasing,rolling,1596.302,1287,1596.551,4.042,0,0,1783744943.026006222,0.124251,-0.071376,0.937790,-0.216569,,,,0.157452,1.143308,-0.043048,0.009629,1.664,1.258
reverse,10,21.5799,0.7499,-0.2000,-0.30000,1357.692,1095,decreasing,rolling,1596.302,1287,1596.551,4.042,0,0,1783744943.026006222,0.124251,-0.071376,0.937790,-0.216569,,,,0.157452,1.143308,-0.043048,0.009629,1.664,1.258
reverse,10,21.6015,0.7714,-0.2000,-0.30000,1357.692,1095,decreasing,rolling,1596.302,1287,1596.551,4.042,0,0,1783744943.026006222,0.124251,-0.071376,0.937790,-0.216569,,,,0.157452,1.143308,-0.043048,0.009629,1.646,1.280
reverse,10,21.6071,0.7770,-0.2000,-0.30000,1357.692,1095,decreasing,rolling,1596.265,1287,1596.504,3.995,1,8,1783744943.123708725,0.111663,-0.088076,0.942306,-0.215931,-0.0209101,0.0045158,-0.2159609,0.178362,1.164218,-0.063958,0.014144,1.646,1.280
reverse,10,21.6198,0.7898,-0.2000,-0.30000,1357.692,1095,decreasing,rolling,1596.265,1287,1596.504,3.995,0,0,1783744943.123708725,0.111663,-0.088076,0.942306,-0.215931,,,,0.178362,1.164218,-0.063958,0.014144,1.646,1.280
reverse,10,21.6414,0.8114,-0.2000,-0.30000,1357.692,1095,decreasing,rolling,1596.265,1287,1596.504,3.995,0,0,1783744943.123708725,0.111663,-0.088076,0.942306,-0.215931,,,,0.178362,1.164218,-0.063958,0.014144,1.646,1.280
reverse,10,21.6629,0.8329,-0.2000,-0.30000,1357.692,1095,decreasing,rolling,1596.265,1287,1596.504,3.995,0,0,1783744943.123708725,0.111663,-0.088076,0.942306,-0.215931,,,,0.178362,1.164218,-0.063958,0.014144,1.646,1.280
reverse,10,21.6848,0.8548,-0.2000,-0.30000,1357.692,1095,decreasing,rolling,1596.265,1287,1596.504,3.995,0,0,1783744943.123708725,0.111663,-0.088076,0.942306,-0.215931,,,,0.178362,1.164218,-0.063958,0.014144,1.646,1.280
reverse,10,21.7066,0.8766,-0.2000,-0.30000,1357.692,1095,decreasing,rolling,1596.265,1287,1596.504,3.995,0,0,1783744943.123708725,0.111663,-0.088076,0.942306,-0.215931,,,,0.178362,1.164218,-0.063958,0.014144,1.625,1.301
reverse,10,21.7092,0.8792,-0.2000,-0.30000,1357.692,1095,decreasing,rolling,1596.279,1287,1596.467,3.958,1,9,1783744943.223943710,0.100373,-0.104916,0.946905,-0.212483,-0.0202614,0.0045990,-0.2269810,0.198623,1.184480,-0.084220,0.018743,1.625,1.301
reverse,10,21.7226,0.8925,-0.2000,-0.30000,1357.692,1095,decreasing,rolling,1596.279,1287,1596.467,3.958,0,0,1783744943.223943710,0.100373,-0.104916,0.946905,-0.212483,,,,0.198623,1.184480,-0.084220,0.018743,1.625,1.301
reverse,10,21.7442,0.9142,-0.2000,-0.30000,1357.692,1095,decreasing,rolling,1596.279,1287,1596.467,3.958,0,0,1783744943.223943710,0.100373,-0.104916,0.946905,-0.212483,,,,0.198623,1.184480,-0.084220,0.018743,1.625,1.301
reverse,10,21.7658,0.9358,-0.2000,-0.30000,1357.692,1095,decreasing,rolling,1596.279,1287,1596.467,3.958,0,0,1783744943.223943710,0.100373,-0.104916,0.946905,-0.212483,,,,0.198623,1.184480,-0.084220,0.018743,1.625,1.301
reverse,10,21.7873,0.9573,-0.2000,-0.30000,1357.692,1095,decreasing,rolling,1596.279,1287,1596.467,3.958,0,0,1783744943.223943710,0.100373,-0.104916,0.946905,-0.212483,,,,0.198623,1.184480,-0.084220,0.018743,1.605,1.322
reverse,10,21.8082,0.9782,-0.2000,-0.30000,1357.692,1095,decreasing,rolling,1596.146,1287,1596.413,3.904,1,10,1783744943.324197769,0.087615,-0.124612,0.952552,-0.217820,-0.0234425,0.0056469,-0.2408822,0.222066,1.207922,-0.107662,0.024390,1.605,1.322
reverse,10,21.8171,0.9871,-0.2000,-0.30000,1357.692,1095,decreasing,rolling,1596.146,1287,1596.413,3.904,0,0,1783744943.324197769,0.087615,-0.124612,0.952552,-0.217820,,,,0.222066,1.207922,-0.107662,0.024390,1.605,1.322
reverse,10,21.8388,1.0087,-0.2000,-0.30000,1357.692,1095,decreasing,rolling,1596.146,1287,1596.413,3.904,0,0,1783744943.324197769,0.087615,-0.124612,0.952552,-0.217820,,,,0.222066,1.207922,-0.107662,0.024390,1.605,1.322
reverse,10,21.8606,1.0305,-0.2000,-0.30000,1357.692,1095,decreasing,rolling,1596.146,1287,1596.413,3.904,0,0,1783744943.324197769,0.087615,-0.124612,0.952552,-0.217820,,,,0.222066,1.207922,-0.107662,0.024390,1.605,1.322
reverse,10,21.8822,1.0522,-0.2000,-0.30000,1357.692,1095,decreasing,rolling,1596.146,1287,1596.413,3.904,0,0,1783744943.324197769,0.087615,-0.124612,0.952552,-0.217820,,,,0.222066,1.207922,-0.107662,0.024390,1.605,1.322
reverse,10,21.9038,1.0738,-0.2000,-0.30000,1357.692,1095,decreasing,rolling,1596.146,1287,1596.413,3.904,0,0,1783744943.324197769,0.087615,-0.124612,0.952552,-0.217820,,,,0.222066,1.207922,-0.107662,0.024390,1.590,1.336
reverse,10,21.9085,1.0785,-0.2000,-0.30000,1357.692,1095,decreasing,rolling,1596.137,1287,1596.367,3.858,1,11,1783744943.424979925,0.076094,-0.142119,0.958635,-0.215324,-0.0209462,0.0060828,-0.2904015,0.243012,1.228868,-0.128608,0.030473,1.590,1.336
reverse,10,21.9208,1.0907,-0.2000,-0.30000,1357.692,1095,decreasing,rolling,1596.137,1287,1596.367,3.858,0,0,1783744943.424979925,0.076094,-0.142119,0.958635,-0.215324,,,,0.243012,1.228868,-0.128608,0.030473,1.590,1.336
reverse,10,21.9424,1.1124,-0.2000,-0.30000,1357.692,1095,decreasing,rolling,1596.137,1287,1596.367,3.858,0,0,1783744943.424979925,0.076094,-0.142119,0.958635,-0.215324,,,,0.243012,1.228868,-0.128608,0.030473,1.590,1.336
reverse,10,21.9640,1.1340,-0.2000,-0.30000,1357.692,1095,decreasing,rolling,1596.137,1287,1596.367,3.858,0,0,1783744943.424979925,0.076094,-0.142119,0.958635,-0.215324,,,,0.243012,1.228868,-0.128608,0.030473,1.590,1.336
reverse,10,21.9855,1.1555,-0.2000,-0.30000,1357.692,1095,decreasing,rolling,1596.137,1287,1596.367,3.858,0,0,1783744943.424979925,0.076094,-0.142119,0.958635,-0.215324,,,,0.243012,1.228868,-0.128608,0.030473,1.590,1.336
reverse,10,22.0072,1.1772,-0.2000,-0.30000,1357.692,1095,decreasing,rolling,1596.137,1287,1596.367,3.858,0,0,1783744943.424979925,0.076094,-0.142119,0.958635,-0.215324,,,,0.243012,1.228868,-0.128608,0.030473,1.579,0.960
reverse,10,22.0113,1.1813,-0.2000,-0.30000,1357.692,1095,decreasing,rolling,1596.360,1287,1596.366,3.857,1,12,1783744943.525357246,0.067531,-0.155174,0.963400,-0.200360,-0.0156053,0.0047657,-0.3053893,0.258617,1.244474,-0.144214,0.035239,1.579,0.960
reverse,10,22.0266,1.1966,-0.2000,-0.30000,1357.692,1095,decreasing,rolling,1596.360,1287,1596.366,3.857,0,0,1783744943.525357246,0.067531,-0.155174,0.963400,-0.200360,,,,0.258617,1.244474,-0.144214,0.035239,1.579,0.960
reverse,10,22.0482,1.2182,-0.2000,-0.30000,1357.692,1095,decreasing,rolling,1596.360,1287,1596.366,3.857,0,0,1783744943.525357246,0.067531,-0.155174,0.963400,-0.200360,,,,0.258617,1.244474,-0.144214,0.035239,1.579,0.960
reverse,10,22.0697,1.2397,-0.2000,-0.30000,1357.692,1095,decreasing,rolling,1596.360,1287,1596.366,3.857,0,0,1783744943.525357246,0.067531,-0.155174,0.963400,-0.200360,,,,0.258617,1.244474,-0.144214,0.035239,1.579,0.960
reverse,10,22.0912,1.2612,-0.2000,-0.30000,1357.692,1095,decreasing,rolling,1596.360,1287,1596.366,3.857,0,0,1783744943.525357246,0.067531,-0.155174,0.963400,-0.200360,,,,0.258617,1.244474,-0.144214,0.035239,1.561,1.367
reverse,10,22.1117,1.2817,-0.2000,-0.30000,1357.692,1095,decreasing,rolling,1596.615,1288,1596.408,3.899,1,13,1783744943.628120899,0.058183,-0.166683,0.968162,-0.186234,-0.0147833,0.0047616,-0.3220922,0.273400,1.259257,-0.158997,0.040000,1.561,1.367
reverse,10,22.1283,1.2983,-0.2000,-0.30000,1357.692,1095,decreasing,rolling,1596.615,1288,1596.408,3.899,0,0,1783744943.628120899,0.058183,-0.166683,0.968162,-0.186234,,,,0.273400,1.259257,-0.158997,0.040000,1.561,1.367
reverse,10,22.1500,1.3199,-0.2000,-0.30000,1357.692,1095,decreasing,rolling,1596.615,1288,1596.408,3.899,0,0,1783744943.628120899,0.058183,-0.166683,0.968162,-0.186234,,,,0.273400,1.259257,-0.158997,0.040000,1.561,1.367
reverse,10,22.1715,1.3415,-0.2000,-0.30000,1357.692,1095,decreasing,rolling,1596.615,1288,1596.408,3.899,0,0,1783744943.628120899,0.058183,-0.166683,0.968162,-0.186234,,,,0.273400,1.259257,-0.158997,0.040000,1.561,1.367
reverse,10,22.1930,1.3629,-0.2000,-0.30000,1357.692,1095,decreasing,rolling,1596.615,1288,1596.408,3.899,0,0,1783744943.628120899,0.058183,-0.166683,0.968162,-0.186234,,,,0.273400,1.259257,-0.158997,0.040000,1.548,1.132
reverse,10,22.2146,1.3846,-0.2000,-0.30000,1357.692,1095,decreasing,rolling,1596.782,1288,1596.471,3.962,1,14,1783744943.728495836,0.049330,-0.179873,0.972720,-0.179239,-0.0158848,0.0045581,-0.2869490,0.289285,1.275142,-0.174882,0.044558,1.548,1.132
reverse,10,22.2337,1.4037,-0.2000,-0.30000,1357.692,1095,decreasing,rolling,1596.782,1288,1596.471,3.962,0,0,1783744943.728495836,0.049330,-0.179873,0.972720,-0.179239,,,,0.289285,1.275142,-0.174882,0.044558,1.548,1.132
reverse,10,22.2553,1.4253,-0.2000,-0.30000,1357.692,1095,decreasing,rolling,1596.782,1288,1596.471,3.962,0,0,1783744943.728495836,0.049330,-0.179873,0.972720,-0.179239,,,,0.289285,1.275142,-0.174882,0.044558,1.548,1.132
reverse,10,22.2768,1.4468,-0.2000,-0.30000,1357.692,1095,decreasing,rolling,1596.782,1288,1596.471,3.962,0,0,1783744943.728495836,0.049330,-0.179873,0.972720,-0.179239,,,,0.289285,1.275142,-0.174882,0.044558,1.548,1.132
reverse,10,22.2984,1.4684,-0.2000,-0.30000,1357.692,1095,decreasing,rolling,1596.782,1288,1596.471,3.962,0,0,1783744943.728495836,0.049330,-0.179873,0.972720,-0.179239,,,,0.289285,1.275142,-0.174882,0.044558,1.539,1.003
reverse,10,22.3149,1.4849,-0.2000,-0.30000,1357.692,1095,decreasing,rolling,1597.033,1288,1596.567,4.058,1,15,1783744943.831357718,0.038745,-0.189843,0.976833,-0.168925,-0.0141931,0.0041135,-0.2898253,0.303478,1.289335,-0.189075,0.048672,1.539,1.003
reverse,10,22.3287,1.4986,-0.2000,-0.30000,1357.692,1095,decreasing,rolling,1597.033,1288,1596.567,4.058,0,0,1783744943.831357718,0.038745,-0.189843,0.976833,-0.168925,,,,0.303478,1.289335,-0.189075,0.048672,1.539,1.003
reverse,10,22.3503,1.5202,-0.2000,-0.30000,1357.692,1095,decreasing,rolling,1597.033,1288,1596.567,4.058,0,0,1783744943.831357718,0.038745,-0.189843,0.976833,-0.168925,,,,0.303478,1.289335,-0.189075,0.048672,1.539,1.003
reverse,10,22.3718,1.5418,-0.2000,-0.30000,1357.692,1095,decreasing,rolling,1597.033,1288,1596.567,4.058,0,0,1783744943.831357718,0.038745,-0.189843,0.976833,-0.168925,,,,0.303478,1.289335,-0.189075,0.048672,1.539,1.003
reverse,10,22.3933,1.5633,-0.2000,-0.30000,1357.692,1095,decreasing,rolling,1597.033,1288,1596.567,4.058,0,0,1783744943.831357718,0.038745,-0.189843,0.976833,-0.168925,,,,0.303478,1.289335,-0.189075,0.048672,1.524,1.143
reverse,10,22.4153,1.5853,-0.2000,-0.30000,1357.692,1095,decreasing,rolling,1597.056,1288,1596.648,4.140,1,16,1783744943.931644440,0.030539,-0.206620,0.981853,-0.172818,-0.0185025,0.0050193,-0.2712757,0.321981,1.307837,-0.207577,0.053691,1.524,1.143
reverse,11,22.4332,0.0000,-0.2000,0.30000,1542.308,1244,increasing,rolling,1597.056,1288,1596.648,4.140,0,0,1783744943.931644440,0.030539,-0.206620,0.981853,-0.172818,,,,0.000000,1.307837,0.000000,0.000000,1.524,1.143
reverse,11,22.4550,0.0218,-0.2000,0.30000,1542.308,1244,increasing,rolling,1597.056,1288,1596.648,4.140,0,0,1783744943.931644440,0.030539,-0.206620,0.981853,-0.172818,,,,0.000000,1.307837,0.000000,0.000000,1.524,1.143
reverse,11,22.4765,0.0434,-0.2000,0.30000,1542.308,1244,increasing,rolling,1597.056,1288,1596.648,4.140,0,0,1783744943.931644440,0.030539,-0.206620,0.981853,-0.172818,,,,0.000000,1.307837,0.000000,0.000000,1.524,1.143
reverse,11,22.4983,0.0652,-0.2000,0.30000,1542.308,1244,increasing,rolling,1597.056,1288,1596.648,4.140,0,0,1783744943.931644440,0.030539,-0.206620,0.981853,-0.172818,,,,0.000000,1.307837,0.000000,0.000000,1.513,1.179
reverse,11,22.5156,0.0824,-0.2000,0.30000,1542.308,1244,increasing,rolling,1597.178,1288,1596.737,4.228,1,1,1783744944.031994104,0.021811,-0.220568,0.988627,-0.170589,-0.0164478,0.0067747,-0.4118920,0.016448,1.324285,0.000000,0.000000,1.513,1.179
reverse,11,22.5370,0.1039,-0.2000,0.30000,1542.308,1244,increasing,rolling,1597.178,1288,1596.737,4.228,0,0,1783744944.031994104,0.021811,-0.220568,0.988627,-0.170589,,,,0.016448,1.324285,0.000000,0.000000,1.513,1.179
reverse,11,22.5589,0.1257,-0.2000,0.30000,1542.308,1244,increasing,rolling,1597.178,1288,1596.737,4.228,0,0,1783744944.031994104,0.021811,-0.220568,0.988627,-0.170589,,,,0.016448,1.324285,0.000000,0.000000,1.513,1.179
reverse,11,22.5807,0.1475,-0.2000,0.30000,1542.308,1244,increasing,rolling,1597.178,1288,1596.737,4.228,0,0,1783744944.031994104,0.021811,-0.220568,0.988627,-0.170589,,,,0.016448,1.324285,0.000000,0.000000,1.513,1.179
reverse,11,22.6023,0.1691,-0.2000,0.30000,1542.308,1244,increasing,rolling,1597.178,1288,1596.737,4.228,0,0,1783744944.031994104,0.021811,-0.220568,0.988627,-0.170589,,,,0.016448,1.324285,0.000000,0.000000,1.497,1.181
reverse,11,22.6159,0.1828,-0.2000,0.30000,1542.308,1244,increasing,rolling,1597.547,1288,1596.872,4.364,1,2,1783744944.132394314,0.016764,-0.230250,0.995689,-0.154999,-0.0108660,0.0070615,-0.6498768,0.027314,1.335151,0.000000,0.000000,1.497,1.181
reverse,11,22.6308,0.1976,-0.2000,0.30000,1542.308,1244,increasing,rolling,1597.547,1288,1596.872,4.364,0,0,1783744944.132394314,0.016764,-0.230250,0.995689,-0.154999,,,,0.027314,1.335151,0.000000,0.000000,1.497,1.181
reverse,11,22.6524,0.2192,-0.2000,0.30000,1542.308,1244,increasing,rolling,1597.547,1288,1596.872,4.364,0,0,1783744944.132394314,0.016764,-0.230250,0.995689,-0.154999,,,,0.027314,1.335151,0.000000,0.000000,1.497,1.181
reverse,11,22.6740,0.2408,-0.2000,0.30000,1542.308,1244,increasing,rolling,1597.547,1288,1596.872,4.364,0,0,1783744944.132394314,0.016764,-0.230250,0.995689,-0.154999,,,,0.027314,1.335151,0.000000,0.000000,1.497,1.181
reverse,11,22.6955,0.2623,-0.2000,0.30000,1542.308,1244,increasing,rolling,1597.547,1288,1596.872,4.364,0,0,1783744944.132394314,0.016764,-0.230250,0.995689,-0.154999,,,,0.027314,1.335151,0.000000,0.000000,1.477,1.196
reverse,11,22.7165,0.2833,-0.2000,0.30000,1542.308,1244,increasing,rolling,1597.547,1288,1596.872,4.364,0,0,1783744944.132394314,0.016764,-0.230250,0.995689,-0.154999,,,,0.027314,1.335151,0.000000,0.000000,1.477,1.196
reverse,11,22.7386,0.3054,-0.2000,0.30000,1542.308,1244,increasing,rolling,1597.568,1288,1596.989,4.480,1,3,1783744944.232835293,0.011529,-0.248467,0.997244,-0.161396,-0.0181386,0.0015550,-0.0857309,0.045452,1.353290,0.000000,0.000000,1.477,1.196
reverse,11,22.7403,0.3072,-0.2000,0.30000,1542.308,1244,increasing,rolling,1597.568,1288,1596.989,4.480,0,0,1783744944.232835293,0.011529,-0.248467,0.997244,-0.161396,,,,0.045452,1.353290,0.000000,0.000000,1.477,1.196
reverse,11,22.7621,0.3289,-0.2000,0.30000,1542.308,1244,increasing,rolling,1597.568,1288,1596.989,4.480,0,0,1783744944.232835293,0.011529,-0.248467,0.997244,-0.161396,,,,0.045452,1.353290,0.000000,0.000000,1.477,1.196
reverse,11,22.7837,0.3505,-0.2000,0.30000,1542.308,1244,increasing,rolling,1597.568,1288,1596.989,4.480,0,0,1783744944.232835293,0.011529,-0.248467,0.997244,-0.161396,,,,0.045452,1.353290,0.000000,0.000000,1.477,1.196
reverse,11,22.8053,0.3721,-0.2000,0.30000,1542.308,1244,increasing,rolling,1597.568,1288,1596.989,4.480,0,0,1783744944.232835293,0.011529,-0.248467,0.997244,-0.161396,,,,0.045452,1.353290,0.000000,0.000000,1.459,1.217
reverse,11,22.8167,0.3836,-0.2000,0.30000,1542.308,1244,increasing,rolling,1597.511,1288,1597.076,4.567,1,4,1783744944.333285332,0.004340,-0.267731,0.996940,-0.171027,-0.0200817,-0.0003039,0.0151341,0.065534,1.373371,0.000000,0.000000,1.459,1.217
reverse,11,22.8358,0.4026,-0.2000,0.30000,1542.308,1244,increasing,rolling,1597.511,1288,1597.076,4.567,0,0,1783744944.333285332,0.004340,-0.267731,0.996940,-0.171027,,,,0.065534,1.373371,0.000000,0.000000,1.459,1.217
reverse,11,22.8574,0.4242,-0.2000,0.30000,1542.308,1244,increasing,rolling,1597.511,1288,1597.076,4.567,0,0,1783744944.333285332,0.004340,-0.267731,0.996940,-0.171027,,,,0.065534,1.373371,0.000000,0.000000,1.459,1.217
reverse,11,22.8789,0.4457,-0.2000,0.30000,1542.308,1244,increasing,rolling,1597.511,1288,1597.076,4.567,0,0,1783744944.333285332,0.004340,-0.267731,0.996940,-0.171027,,,,0.065534,1.373371,0.000000,0.000000,1.459,1.217
reverse,11,22.9004,0.4672,-0.2000,0.30000,1542.308,1244,increasing,rolling,1597.511,1288,1597.076,4.567,0,0,1783744944.333285332,0.004340,-0.267731,0.996940,-0.171027,,,,0.065534,1.373371,0.000000,0.000000,1.436,1.272
reverse,11,22.9147,0.4815,-0.2000,0.30000,1542.308,1244,increasing,rolling,1597.257,1288,1597.106,4.597,1,5,1783744944.433521509,-0.008829,-0.288674,0.993484,-0.189966,-0.0247368,-0.0034561,0.1397144,0.090271,1.398108,0.000000,0.000000,1.436,1.272
reverse,11,22.9286,0.4954,-0.2000,0.30000,1542.308,1244,increasing,rolling,1597.257,1288,1597.106,4.597,0,0,1783744944.433521509,-0.008829,-0.288674,0.993484,-0.189966,,,,0.090271,1.398108,0.000000,0.000000,1.436,1.272
reverse,11,22.9504,0.5172,-0.2000,0.30000,1542.308,1244,increasing,rolling,1597.257,1288,1597.106,4.597,0,0,1783744944.433521509,-0.008829,-0.288674,0.993484,-0.189966,,,,0.090271,1.398108,0.000000,0.000000,1.436,1.272
reverse,11,22.9720,0.5389,-0.2000,0.30000,1542.308,1244,increasing,rolling,1597.257,1288,1597.106,4.597,0,0,1783744944.433521509,-0.008829,-0.288674,0.993484,-0.189966,,,,0.090271,1.398108,0.000000,0.000000,1.436,1.272
reverse,11,22.9937,0.5605,-0.2000,0.30000,1542.308,1244,increasing,rolling,1597.257,1288,1597.106,4.597,0,0,1783744944.433521509,-0.008829,-0.288674,0.993484,-0.189966,,,,0.090271,1.398108,0.000000,0.000000,1.414,1.302
reverse,11,23.0152,0.5820,-0.2000,0.30000,1542.308,1244,increasing,rolling,1597.145,1288,1597.113,4.604,1,6,1783744944.531603098,-0.019631,-0.307567,0.986774,-0.197842,-0.0217219,-0.0067102,0.3089127,0.111993,1.419830,-0.021722,-0.006710,1.414,1.302
reverse,11,23.0364,0.6032,-0.2000,0.30000,1542.308,1244,increasing,rolling,1597.145,1288,1597.113,4.604,0,0,1783744944.531603098,-0.019631,-0.307567,0.986774,-0.197842,,,,0.111993,1.419830,-0.021722,-0.006710,1.414,1.302
reverse,11,23.0580,0.6248,-0.2000,0.30000,1542.308,1244,increasing,rolling,1597.145,1288,1597.113,4.604,0,0,1783744944.531603098,-0.019631,-0.307567,0.986774,-0.197842,,,,0.111993,1.419830,-0.021722,-0.006710,1.414,1.302
reverse,11,23.0795,0.6464,-0.2000,0.30000,1542.308,1244,increasing,rolling,1597.145,1288,1597.113,4.604,0,0,1783744944.531603098,-0.019631,-0.307567,0.986774,-0.197842,,,,0.111993,1.419830,-0.021722,-0.006710,1.414,1.302
reverse,11,23.1010,0.6679,-0.2000,0.30000,1542.308,1244,increasing,rolling,1597.145,1288,1597.113,4.604,0,0,1783744944.531603098,-0.019631,-0.307567,0.986774,-0.197842,,,,0.111993,1.419830,-0.021722,-0.006710,1.393,1.297
reverse,11,23.1155,0.6824,-0.2000,0.30000,1542.308,1244,increasing,rolling,1597.044,1288,1597.101,4.592,1,7,1783744944.631908178,-0.036011,-0.323380,0.981023,-0.203808,-0.0222382,-0.0057509,0.2586024,0.134231,1.442068,-0.043960,-0.012461,1.393,1.297
reverse,11,23.1261,0.6929,-0.2000,0.30000,1542.308,1244,increasing,rolling,1597.044,1288,1597.101,4.592,0,0,1783744944.631908178,-0.036011,-0.323380,0.981023,-0.203808,,,,0.134231,1.442068,-0.043960,-0.012461,1.393,1.297
reverse,11,23.1478,0.7146,-0.2000,0.30000,1542.308,1244,increasing,rolling,1597.044,1288,1597.101,4.592,0,0,1783744944.631908178,-0.036011,-0.323380,0.981023,-0.203808,,,,0.134231,1.442068,-0.043960,-0.012461,1.393,1.297
reverse,11,23.1694,0.7363,-0.2000,0.30000,1542.308,1244,increasing,rolling,1597.044,1288,1597.101,4.592,0,0,1783744944.631908178,-0.036011,-0.323380,0.981023,-0.203808,,,,0.134231,1.442068,-0.043960,-0.012461,1.393,1.297
reverse,11,23.1910,0.7578,-0.2000,0.30000,1542.308,1244,increasing,rolling,1597.044,1288,1597.101,4.592,0,0,1783744944.631908178,-0.036011,-0.323380,0.981023,-0.203808,,,,0.134231,1.442068,-0.043960,-0.012461,1.393,1.297
reverse,11,23.2126,0.7794,-0.2000,0.30000,1542.308,1244,increasing,rolling,1597.044,1288,1597.101,4.592,0,0,1783744944.631908178,-0.036011,-0.323380,0.981023,-0.203808,,,,0.134231,1.442068,-0.043960,-0.012461,1.370,1.297
reverse,11,23.2150,0.7819,-0.2000,0.30000,1542.308,1244,increasing,rolling,1596.746,1288,1597.042,4.533,1,8,1783744944.732268810,-0.050955,-0.345670,0.976895,-0.219703,-0.0268355,-0.0041275,0.1538087,0.161066,1.468904,-0.070796,-0.016589,1.370,1.297
reverse,11,23.2300,0.7968,-0.2000,0.30000,1542.308,1244,increasing,rolling,1596.746,1288,1597.042,4.533,0,0,1783744944.732268810,-0.050955,-0.345670,0.976895,-0.219703,,,,0.161066,1.468904,-0.070796,-0.016589,1.370,1.297
reverse,11,23.2517,0.8185,-0.2000,0.30000,1542.308,1244,increasing,rolling,1596.746,1288,1597.042,4.533,0,0,1783744944.732268810,-0.050955,-0.345670,0.976895,-0.219703,,,,0.161066,1.468904,-0.070796,-0.016589,1.370,1.297
reverse,11,23.2733,0.8401,-0.2000,0.30000,1542.308,1244,increasing,rolling,1596.746,1288,1597.042,4.533,0,0,1783744944.732268810,-0.050955,-0.345670,0.976895,-0.219703,,,,0.161066,1.468904,-0.070796,-0.016589,1.370,1.297
reverse,11,23.2948,0.8616,-0.2000,0.30000,1542.308,1244,increasing,rolling,1596.746,1288,1597.042,4.533,0,0,1783744944.732268810,-0.050955,-0.345670,0.976895,-0.219703,,,,0.161066,1.468904,-0.070796,-0.016589,1.348,1.329
reverse,11,23.3109,0.8778,-0.2000,0.30000,1542.308,1244,increasing,rolling,1596.448,1287,1596.944,4.436,1,9,1783744944.830312252,-0.063705,-0.369405,0.972990,-0.233114,-0.0267998,-0.0039053,0.1457199,0.187866,1.495703,-0.097595,-0.020494,1.348,1.329
reverse,11,23.3208,0.8876,-0.2000,0.30000,1542.308,1244,increasing,rolling,1596.448,1287,1596.944,4.436,0,0,1783744944.830312252,-0.063705,-0.369405,0.972990,-0.233114,,,,0.187866,1.495703,-0.097595,-0.020494,1.348,1.329
reverse,11,23.3424,0.9093,-0.2000,0.30000,1542.308,1244,increasing,rolling,1596.448,1287,1596.944,4.436,0,0,1783744944.830312252,-0.063705,-0.369405,0.972990,-0.233114,,,,0.187866,1.495703,-0.097595,-0.020494,1.348,1.329
reverse,11,23.3640,0.9308,-0.2000,0.30000,1542.308,1244,increasing,rolling,1596.448,1287,1596.944,4.436,0,0,1783744944.830312252,-0.063705,-0.369405,0.972990,-0.233114,,,,0.187866,1.495703,-0.097595,-0.020494,1.348,1.329
reverse,11,23.3855,0.9523,-0.2000,0.30000,1542.308,1244,increasing,rolling,1596.448,1287,1596.944,4.436,0,0,1783744944.830312252,-0.063705,-0.369405,0.972990,-0.233114,,,,0.187866,1.495703,-0.097595,-0.020494,1.348,1.329
reverse,11,23.4070,0.9738,-0.2000,0.30000,1542.308,1244,increasing,rolling,1596.448,1287,1596.944,4.436,0,0,1783744944.830312252,-0.063705,-0.369405,0.972990,-0.233114,,,,0.187866,1.495703,-0.097595,-0.020494,1.325,1.347
reverse,11,23.4116,0.9784,-0.2000,0.30000,1542.308,1244,increasing,rolling,1596.415,1287,1596.858,4.349,1,10,1783744944.927749395,-0.075308,-0.387293,0.968948,-0.229526,-0.0213156,-0.0040426,0.1896556,0.209182,1.517019,-0.118911,-0.024536,1.325,1.347
reverse,11,23.4251,0.9919,-0.2000,0.30000,1542.308,1244,increasing,rolling,1596.415,1287,1596.858,4.349,0,0,1783744944.927749395,-0.075308,-0.387293,0.968948,-0.229526,,,,0.209182,1.517019,-0.118911,-0.024536,1.325,1.347
reverse,11,23.4467,1.0135,-0.2000,0.30000,1542.308,1244,increasing,rolling,1596.415,1287,1596.858,4.349,0,0,1783744944.927749395,-0.075308,-0.387293,0.968948,-0.229526,,,,0.209182,1.517019,-0.118911,-0.024536,1.325,1.347
reverse,11,23.4682,1.0350,-0.2000,0.30000,1542.308,1244,increasing,rolling,1596.415,1287,1596.858,4.349,0,0,1783744944.927749395,-0.075308,-0.387293,0.968948,-0.229526,,,,0.209182,1.517019,-0.118911,-0.024536,1.325,1.347
reverse,11,23.4897,1.0565,-0.2000,0.30000,1542.308,1244,increasing,rolling,1596.415,1287,1596.858,4.349,0,0,1783744944.927749395,-0.075308,-0.387293,0.968948,-0.229526,,,,0.209182,1.517019,-0.118911,-0.024536,1.301,1.663
reverse,11,23.5097,1.0765,-0.2000,0.30000,1542.308,1244,increasing,rolling,1596.285,1287,1596.762,4.253,1,11,1783744945.028421402,-0.087931,-0.407779,0.963651,-0.231818,-0.0240296,-0.0052962,0.2204051,0.233211,1.541049,-0.142941,-0.029833,1.301,1.663
reverse,11,23.5177,1.0845,-0.2000,0.30000,1542.308,1244,increasing,rolling,1596.285,1287,1596.762,4.253,0,0,1783744945.028421402,-0.087931,-0.407779,0.963651,-0.231818,,,,0.233211,1.541049,-0.142941,-0.029833,1.301,1.663
reverse,11,23.5394,1.1062,-0.2000,0.30000,1542.308,1244,increasing,rolling,1596.285,1287,1596.762,4.253,0,0,1783744945.028421402,-0.087931,-0.407779,0.963651,-0.231818,,,,0.233211,1.541049,-0.142941,-0.029833,1.301,1.663
reverse,11,23.5609,1.1278,-0.2000,0.30000,1542.308,1244,increasing,rolling,1596.285,1287,1596.762,4.253,0,0,1783744945.028421402,-0.087931,-0.407779,0.963651,-0.231818,,,,0.233211,1.541049,-0.142941,-0.029833,1.301,1.663
reverse,11,23.5825,1.1493,-0.2000,0.30000,1542.308,1244,increasing,rolling,1596.285,1287,1596.762,4.253,0,0,1783744945.028421402,-0.087931,-0.407779,0.963651,-0.231818,,,,0.233211,1.541049,-0.142941,-0.029833,1.301,1.663
reverse,11,23.6040,1.1709,-0.2000,0.30000,1542.308,1244,increasing,rolling,1596.285,1287,1596.762,4.253,0,0,1783744945.028421402,-0.087931,-0.407779,0.963651,-0.231818,,,,0.233211,1.541049,-0.142941,-0.029833,1.280,1.684
reverse,11,23.6071,1.1740,-0.2000,0.30000,1542.308,1244,increasing,rolling,1596.082,1287,1596.651,4.142,1,12,1783744945.126398325,-0.103510,-0.427517,0.958283,-0.237917,-0.0251032,-0.0053685,0.2138559,0.258315,1.566152,-0.168044,-0.035201,1.280,1.684
reverse,11,23.6198,1.1866,-0.2000,0.30000,1542.308,1244,increasing,rolling,1596.082,1287,1596.651,4.142,0,0,1783744945.126398325,-0.103510,-0.427517,0.958283,-0.237917,,,,0.258315,1.566152,-0.168044,-0.035201,1.280,1.684
reverse,11,23.6414,1.2082,-0.2000,0.30000,1542.308,1244,increasing,rolling,1596.082,1287,1596.651,4.142,0,0,1783744945.126398325,-0.103510,-0.427517,0.958283,-0.237917,,,,0.258315,1.566152,-0.168044,-0.035201,1.280,1.684
reverse,11,23.6630,1.2298,-0.2000,0.30000,1542.308,1244,increasing,rolling,1596.082,1287,1596.651,4.142,0,0,1783744945.126398325,-0.103510,-0.427517,0.958283,-0.237917,,,,0.258315,1.566152,-0.168044,-0.035201,1.280,1.684
reverse,11,23.6845,1.2514,-0.2000,0.30000,1542.308,1244,increasing,rolling,1596.082,1287,1596.651,4.142,0,0,1783744945.126398325,-0.103510,-0.427517,0.958283,-0.237917,,,,0.258315,1.566152,-0.168044,-0.035201,1.280,1.684
reverse,11,23.7061,1.2730,-0.2000,0.30000,1542.308,1244,increasing,rolling,1596.082,1287,1596.651,4.142,0,0,1783744945.126398325,-0.103510,-0.427517,0.958283,-0.237917,,,,0.258315,1.566152,-0.168044,-0.035201,1.263,1.416
reverse,11,23.7086,1.2754,-0.2000,0.30000,1542.308,1244,increasing,rolling,1596.095,1287,1596.560,4.051,1,13,1783744945.223995686,-0.115177,-0.444401,0.955558,-0.231006,-0.0205219,-0.0027245,0.1327602,0.278837,1.586674,-0.188566,-0.037926,1.263,1.416
reverse,11,23.7271,1.2939,-0.2000,0.30000,1542.308,1244,increasing,rolling,1596.095,1287,1596.560,4.051,0,0,1783744945.223995686,-0.115177,-0.444401,0.955558,-0.231006,,,,0.278837,1.586674,-0.188566,-0.037926,1.263,1.416
reverse,11,23.7487,1.3155,-0.2000,0.30000,1542.308,1244,increasing,rolling,1596.095,1287,1596.560,4.051,0,0,1783744945.223995686,-0.115177,-0.444401,0.955558,-0.231006,,,,0.278837,1.586674,-0.188566,-0.037926,1.263,1.416
reverse,11,23.7703,1.3371,-0.2000,0.30000,1542.308,1244,increasing,rolling,1596.095,1287,1596.560,4.051,0,0,1783744945.223995686,-0.115177,-0.444401,0.955558,-0.231006,,,,0.278837,1.586674,-0.188566,-0.037926,1.263,1.416
reverse,11,23.7918,1.3586,-0.2000,0.30000,1542.308,1244,increasing,rolling,1596.095,1287,1596.560,4.051,0,0,1783744945.223995686,-0.115177,-0.444401,0.955558,-0.231006,,,,0.278837,1.586674,-0.188566,-0.037926,1.245,1.725
reverse,11,23.8059,1.3727,-0.2000,0.30000,1542.308,1244,increasing,rolling,1595.943,1287,1596.456,3.948,1,14,1783744945.324622869,-0.127946,-0.465435,0.947966,-0.234221,-0.0245398,-0.0075920,0.3093765,0.303376,1.611214,-0.213106,-0.045518,1.245,1.725
reverse,11,23.8268,1.3936,-0.2000,0.30000,1542.308,1244,increasing,rolling,1595.943,1287,1596.456,3.948,0,0,1783744945.324622869,-0.127946,-0.465435,0.947966,-0.234221,,,,0.303376,1.611214,-0.213106,-0.045518,1.245,1.725
reverse,11,23.8484,1.4152,-0.2000,0.30000,1542.308,1244,increasing,rolling,1595.943,1287,1596.456,3.948,0,0,1783744945.324622869,-0.127946,-0.465435,0.947966,-0.234221,,,,0.303376,1.611214,-0.213106,-0.045518,1.245,1.725
reverse,11,23.8699,1.4368,-0.2000,0.30000,1542.308,1244,increasing,rolling,1595.943,1287,1596.456,3.948,0,0,1783744945.324622869,-0.127946,-0.465435,0.947966,-0.234221,,,,0.303376,1.611214,-0.213106,-0.045518,1.245,1.725
reverse,11,23.8917,1.4585,-0.2000,0.30000,1542.308,1244,increasing,rolling,1595.943,1287,1596.456,3.948,0,0,1783744945.324622869,-0.127946,-0.465435,0.947966,-0.234221,,,,0.303376,1.611214,-0.213106,-0.045518,1.224,1.237
reverse,11,23.9063,1.4731,-0.2000,0.30000,1542.308,1244,increasing,rolling,1595.989,1287,1596.380,3.871,1,15,1783744945.422617197,-0.139056,-0.481761,0.942855,-0.226028,-0.0197407,-0.0051117,0.2589434,0.323117,1.630954,-0.232846,-0.050629,1.224,1.237
reverse,12,23.9277,0.0000,-0.2000,0.00000,1450.000,1169,decreasing,rolling,1595.989,1287,1596.380,3.871,0,0,1783744945.422617197,-0.139056,-0.481761,0.942855,-0.226028,,,,0.000000,1.630954,0.000000,0.000000,1.224,1.237
reverse,12,23.9494,0.0218,-0.2000,0.00000,1450.000,1169,decreasing,rolling,1595.989,1287,1596.380,3.871,0,0,1783744945.422617197,-0.139056,-0.481761,0.942855,-0.226028,,,,0.000000,1.630954,0.000000,0.000000,1.224,1.237
reverse,12,23.9710,0.0434,-0.2000,0.00000,1450.000,1169,decreasing,rolling,1595.989,1287,1596.380,3.871,0,0,1783744945.422617197,-0.139056,-0.481761,0.942855,-0.226028,,,,0.000000,1.630954,0.000000,0.000000,1.224,1.237
reverse,12,23.9926,0.0650,-0.2000,0.00000,1450.000,1169,decreasing,rolling,1595.989,1287,1596.380,3.871,0,0,1783744945.422617197,-0.139056,-0.481761,0.942855,-0.226028,,,,0.000000,1.630954,0.000000,0.000000,1.206,1.265
reverse,12,24.0067,0.0790,-0.2000,0.00000,1450.000,1169,decreasing,rolling,1595.837,1287,1596.289,3.780,1,1,1783744945.523007631,-0.155385,-0.499977,0.939473,-0.230128,-0.0243376,-0.0033819,0.1389558,0.024338,1.655292,0.000000,0.000000,1.206,1.265
reverse,12,24.0178,0.0902,-0.2000,0.00000,1450.000,1169,decreasing,rolling,1595.837,1287,1596.289,3.780,0,0,1783744945.523007631,-0.155385,-0.499977,0.939473,-0.230128,,,,0.024338,1.655292,0.000000,0.000000,1.206,1.265
reverse,12,24.0394,0.1118,-0.2000,0.00000,1450.000,1169,decreasing,rolling,1595.837,1287,1596.289,3.780,0,0,1783744945.523007631,-0.155385,-0.499977,0.939473,-0.230128,,,,0.024338,1.655292,0.000000,0.000000,1.206,1.265
reverse,12,24.0610,0.1334,-0.2000,0.00000,1450.000,1169,decreasing,rolling,1595.837,1287,1596.289,3.780,0,0,1783744945.523007631,-0.155385,-0.499977,0.939473,-0.230128,,,,0.024338,1.655292,0.000000,0.000000,1.206,1.265
reverse,12,24.0826,0.1550,-0.2000,0.00000,1450.000,1169,decreasing,rolling,1595.837,1287,1596.289,3.780,0,0,1783744945.523007631,-0.155385,-0.499977,0.939473,-0.230128,,,,0.024338,1.655292,0.000000,0.000000,1.206,1.265
reverse,12,24.1042,0.1765,-0.2000,0.00000,1450.000,1169,decreasing,rolling,1595.837,1287,1596.289,3.780,0,0,1783744945.523007631,-0.155385,-0.499977,0.939473,-0.230128,,,,0.024338,1.655292,0.000000,0.000000,1.189,1.265
reverse,12,24.1069,0.1792,-0.2000,0.00000,1450.000,1169,decreasing,rolling,1595.874,1287,1596.220,3.711,1,2,1783744945.623267889,-0.165540,-0.517619,0.934537,-0.223039,-0.0202296,-0.0049353,0.2439665,0.044567,1.675522,0.000000,0.000000,1.189,1.265
reverse,12,24.1250,0.1974,-0.2000,0.00000,1450.000,1169,decreasing,rolling,1595.874,1287,1596.220,3.711,0,0,1783744945.623267889,-0.165540,-0.517619,0.934537,-0.223039,,,,0.044567,1.675522,0.000000,0.000000,1.189,1.265
reverse,12,24.1466,0.2190,-0.2000,0.00000,1450.000,1169,decreasing,rolling,1595.874,1287,1596.220,3.711,0,0,1783744945.623267889,-0.165540,-0.517619,0.934537,-0.223039,,,,0.044567,1.675522,0.000000,0.000000,1.189,1.265
reverse,12,24.1682,0.2405,-0.2000,0.00000,1450.000,1169,decreasing,rolling,1595.874,1287,1596.220,3.711,0,0,1783744945.623267889,-0.165540,-0.517619,0.934537,-0.223039,,,,0.044567,1.675522,0.000000,0.000000,1.189,1.265
reverse,12,24.1897,0.2620,-0.2000,0.00000,1450.000,1169,decreasing,rolling,1595.874,1287,1596.220,3.711,0,0,1783744945.623267889,-0.165540,-0.517619,0.934537,-0.223039,,,,0.044567,1.675522,0.000000,0.000000,1.186,1.275
reverse,12,24.2074,0.2798,-0.2000,0.00000,1450.000,1169,decreasing,rolling,1595.901,1287,1596.166,3.658,1,3,1783744945.723632812,-0.178108,-0.533514,0.932059,-0.217729,-0.0202535,-0.0024780,0.1223503,0.064821,1.695775,0.000000,0.000000,1.186,1.275
reverse,12,24.2255,0.2979,-0.2000,0.00000,1450.000,1169,decreasing,rolling,1595.901,1287,1596.166,3.658,0,0,1783744945.723632812,-0.178108,-0.533514,0.932059,-0.217729,,,,0.064821,1.695775,0.000000,0.000000,1.186,1.275
reverse,12,24.2472,0.3195,-0.2000,0.00000,1450.000,1169,decreasing,rolling,1595.901,1287,1596.166,3.658,0,0,1783744945.723632812,-0.178108,-0.533514,0.932059,-0.217729,,,,0.064821,1.695775,0.000000,0.000000,1.186,1.275
reverse,12,24.2687,0.3410,-0.2000,0.00000,1450.000,1169,decreasing,rolling,1595.901,1287,1596.166,3.658,0,0,1783744945.723632812,-0.178108,-0.533514,0.932059,-0.217729,,,,0.064821,1.695775,0.000000,0.000000,1.186,1.275
reverse,12,24.2902,0.3625,-0.2000,0.00000,1450.000,1169,decreasing,rolling,1595.901,1287,1596.166,3.658,0,0,1783744945.723632812,-0.178108,-0.533514,0.932059,-0.217729,,,,0.064821,1.695775,0.000000,0.000000,1.184,1.299
reverse,12,24.3078,0.3802,-0.2000,0.00000,1450.000,1169,decreasing,rolling,1595.955,1287,1596.131,3.622,1,4,1783744945.824235439,-0.188826,-0.549843,0.929478,-0.211750,-0.0194981,-0.0025813,0.1323867,0.084319,1.715273,0.000000,0.000000,1.184,1.299
reverse,12,24.3159,0.3883,-0.2000,0.00000,1450.000,1169,decreasing,rolling,1595.955,1287,1596.131,3.622,0,0,1783744945.824235439,-0.188826,-0.549843,0.929478,-0.211750,,,,0.084319,1.715273,0.000000,0.000000,1.184,1.299
reverse,12,24.3376,0.4100,-0.2000,0.00000,1450.000,1169,decreasing,rolling,1595.955,1287,1596.131,3.622,0,0,1783744945.824235439,-0.188826,-0.549843,0.929478,-0.211750,,,,0.084319,1.715273,0.000000,0.000000,1.184,1.299
reverse,12,24.3592,0.4315,-0.2000,0.00000,1450.000,1169,decreasing,rolling,1595.955,1287,1596.131,3.622,0,0,1783744945.824235439,-0.188826,-0.549843,0.929478,-0.211750,,,,0.084319,1.715273,0.000000,0.000000,1.184,1.299
reverse,12,24.3807,0.4531,-0.2000,0.00000,1450.000,1169,decreasing,rolling,1595.955,1287,1596.131,3.622,0,0,1783744945.824235439,-0.188826,-0.549843,0.929478,-0.211750,,,,0.084319,1.715273,0.000000,0.000000,1.184,1.299
reverse,12,24.4023,0.4746,-0.2000,0.00000,1450.000,1169,decreasing,rolling,1595.955,1287,1596.131,3.622,0,0,1783744945.824235439,-0.188826,-0.549843,0.929478,-0.211750,,,,0.084319,1.715273,0.000000,0.000000,1.183,1.309
reverse,12,24.4081,0.4804,-0.2000,0.00000,1450.000,1169,decreasing,rolling,1595.903,1287,1596.093,3.584,1,5,1783744945.924502134,-0.201850,-0.567082,0.927772,-0.212684,-0.0216060,-0.0017058,0.0789499,0.105925,1.736879,0.000000,0.000000,1.183,1.309
reverse,12,24.4194,0.4918,-0.2000,0.00000,1450.000,1169,decreasing,rolling,1595.903,1287,1596.093,3.584,0,0,1783744945.924502134,-0.201850,-0.567082,0.927772,-0.212684,,,,0.105925,1.736879,0.000000,0.000000,1.183,1.309
reverse,12,24.4411,0.5135,-0.2000,0.00000,1450.000,1169,decreasing,rolling,1595.903,1287,1596.093,3.584,0,0,1783744945.924502134,-0.201850,-0.567082,0.927772,-0.212684,,,,0.105925,1.736879,0.000000,0.000000,1.183,1.309
reverse,12,24.4627,0.5351,-0.2000,0.00000,1450.000,1169,decreasing,rolling,1595.903,1287,1596.093,3.584,0,0,1783744945.924502134,-0.201850,-0.567082,0.927772,-0.212684,,,,0.105925,1.736879,0.000000,0.000000,1.183,1.309
reverse,12,24.4843,0.5566,-0.2000,0.00000,1450.000,1169,decreasing,rolling,1595.903,1287,1596.093,3.584,0,0,1783744945.924502134,-0.201850,-0.567082,0.927772,-0.212684,,,,0.105925,1.736879,0.000000,0.000000,1.183,1.309
reverse,12,24.5058,0.5781,-0.2000,0.00000,1450.000,1169,decreasing,rolling,1595.903,1287,1596.093,3.584,0,0,1783744945.924502134,-0.201850,-0.567082,0.927772,-0.212684,,,,0.105925,1.736879,0.000000,0.000000,1.194,1.301
reverse,12,24.5087,0.5810,-0.2000,0.00000,1450.000,1169,decreasing,rolling,1595.802,1287,1596.044,3.535,1,6,1783744946.024815321,-0.214647,-0.585894,0.925968,-0.216153,-0.0227269,-0.0018038,0.0793694,0.128652,1.759606,-0.022727,-0.001804,1.194,1.301
reverse,12,24.5227,0.5950,-0.2000,0.00000,1450.000,1169,decreasing,rolling,1595.802,1287,1596.044,3.535,0,0,1783744946.024815321,-0.214647,-0.585894,0.925968,-0.216153,,,,0.128652,1.759606,-0.022727,-0.001804,1.194,1.301
reverse,12,24.5443,0.6167,-0.2000,0.00000,1450.000,1169,decreasing,rolling,1595.802,1287,1596.044,3.535,0,0,1783744946.024815321,-0.214647,-0.585894,0.925968,-0.216153,,,,0.128652,1.759606,-0.022727,-0.001804,1.194,1.301
reverse,12,24.5660,0.6384,-0.2000,0.00000,1450.000,1169,decreasing,rolling,1595.802,1287,1596.044,3.535,0,0,1783744946.024815321,-0.214647,-0.585894,0.925968,-0.216153,,,,0.128652,1.759606,-0.022727,-0.001804,1.194,1.301
reverse,12,24.5878,0.6602,-0.2000,0.00000,1450.000,1169,decreasing,rolling,1595.802,1287,1596.044,3.535,0,0,1783744946.024815321,-0.214647,-0.585894,0.925968,-0.216153,,,,0.128652,1.759606,-0.022727,-0.001804,1.183,1.297
reverse,12,24.6102,0.6826,-0.2000,0.00000,1450.000,1169,decreasing,rolling,1595.987,1287,1596.035,3.526,1,7,1783744946.125438929,-0.223620,-0.599832,0.926005,-0.203190,-0.0165328,0.0000369,-0.0022317,0.145185,1.776139,-0.039260,-0.001767,1.183,1.297
reverse,12,24.6236,0.6959,-0.2000,0.00000,1450.000,1169,decreasing,rolling,1595.987,1287,1596.035,3.526,0,0,1783744946.125438929,-0.223620,-0.599832,0.926005,-0.203190,,,,0.145185,1.776139,-0.039260,-0.001767,1.183,1.297
reverse,12,24.6453,0.7177,-0.2000,0.00000,1450.000,1169,decreasing,rolling,1595.987,1287,1596.035,3.526,0,0,1783744946.125438929,-0.223620,-0.599832,0.926005,-0.203190,,,,0.145185,1.776139,-0.039260,-0.001767,1.183,1.297
reverse,12,24.6669,0.7393,-0.2000,0.00000,1450.000,1169,decreasing,rolling,1595.987,1287,1596.035,3.526,0,0,1783744946.125438929,-0.223620,-0.599832,0.926005,-0.203190,,,,0.145185,1.776139,-0.039260,-0.001767,1.183,1.297
reverse,12,24.6885,0.7609,-0.2000,0.00000,1450.000,1169,decreasing,rolling,1595.987,1287,1596.035,3.526,0,0,1783744946.125438929,-0.223620,-0.599832,0.926005,-0.203190,,,,0.145185,1.776139,-0.039260,-0.001767,1.164,1.308
reverse,12,24.7098,0.7822,-0.2000,0.00000,1450.000,1169,decreasing,rolling,1596.185,1287,1596.060,3.551,1,8,1783744946.226403952,-0.231831,-0.613492,0.927830,-0.191648,-0.0158536,0.0018242,-0.1150675,0.161038,1.791992,-0.055113,0.000057,1.164,1.308
reverse,12,24.7256,0.7979,-0.2000,0.00000,1450.000,1169,decreasing,rolling,1596.185,1287,1596.060,3.551,0,0,1783744946.226403952,-0.231831,-0.613492,0.927830,-0.191648,,,,0.161038,1.791992,-0.055113,0.000057,1.164,1.308
reverse,12,24.7475,0.8199,-0.2000,0.00000,1450.000,1169,decreasing,rolling,1596.185,1287,1596.060,3.551,0,0,1783744946.226403952,-0.231831,-0.613492,0.927830,-0.191648,,,,0.161038,1.791992,-0.055113,0.000057,1.164,1.308
reverse,12,24.7693,0.8416,-0.2000,0.00000,1450.000,1169,decreasing,rolling,1596.185,1287,1596.060,3.551,0,0,1783744946.226403952,-0.231831,-0.613492,0.927830,-0.191648,,,,0.161038,1.791992,-0.055113,0.000057,1.164,1.308
reverse,12,24.7909,0.8633,-0.2000,0.00000,1450.000,1169,decreasing,rolling,1596.185,1287,1596.060,3.551,0,0,1783744946.226403952,-0.231831,-0.613492,0.927830,-0.191648,,,,0.161038,1.791992,-0.055113,0.000057,1.145,1.333
reverse,12,24.8100,0.8823,-0.2000,0.00000,1450.000,1169,decreasing,rolling,1596.185,1287,1596.060,3.551,0,0,1783744946.226403952,-0.231831,-0.613492,0.927830,-0.191648,,,,0.161038,1.791992,-0.055113,0.000057,1.145,1.333
reverse,12,24.8319,0.9043,-0.2000,0.00000,1450.000,1169,decreasing,rolling,1596.027,1287,1596.054,3.546,1,9,1783744946.326417446,-0.247989,-0.630429,0.926248,-0.201842,-0.0232457,-0.0015816,0.0680364,0.184284,1.815238,-0.078359,-0.001524,1.145,1.333
reverse,12,24.8339,0.9062,-0.2000,0.00000,1450.000,1169,decreasing,rolling,1596.027,1287,1596.054,3.546,0,0,1783744946.326417446,-0.247989,-0.630429,0.926248,-0.201842,,,,0.184284,1.815238,-0.078359,-0.001524,1.145,1.333
reverse,12,24.8554,0.9278,-0.2000,0.00000,1450.000,1169,decreasing,rolling,1596.027,1287,1596.054,3.546,0,0,1783744946.326417446,-0.247989,-0.630429,0.926248,-0.201842,,,,0.184284,1.815238,-0.078359,-0.001524,1.145,1.333
reverse,12,24.8771,0.9494,-0.2000,0.00000,1450.000,1169,decreasing,rolling,1596.027,1287,1596.054,3.546,0,0,1783744946.326417446,-0.247989,-0.630429,0.926248,-0.201842,,,,0.184284,1.815238,-0.078359,-0.001524,1.145,1.333
reverse,12,24.8986,0.9710,-0.2000,0.00000,1450.000,1169,decreasing,rolling,1596.027,1287,1596.054,3.546,0,0,1783744946.326417446,-0.247989,-0.630429,0.926248,-0.201842,,,,0.184284,1.815238,-0.078359,-0.001524,1.124,1.338
reverse,12,24.9104,0.9827,-0.2000,0.00000,1450.000,1169,decreasing,rolling,1595.842,1287,1596.019,3.510,1,10,1783744946.426599979,-0.261302,-0.650700,0.929026,-0.211783,-0.0242046,0.0027782,-0.1147800,0.208488,1.839443,-0.102564,0.001254,1.124,1.338
reverse,12,24.9257,0.9980,-0.2000,0.00000,1450.000,1169,decreasing,rolling,1595.842,1287,1596.019,3.510,0,0,1783744946.426599979,-0.261302,-0.650700,0.929026,-0.211783,,,,0.208488,1.839443,-0.102564,0.001254,1.124,1.338
reverse,12,24.9473,1.0197,-0.2000,0.00000,1450.000,1169,decreasing,rolling,1595.842,1287,1596.019,3.510,0,0,1783744946.426599979,-0.261302,-0.650700,0.929026,-0.211783,,,,0.208488,1.839443,-0.102564,0.001254,1.124,1.338
reverse,12,24.9690,1.0413,-0.2000,0.00000,1450.000,1169,decreasing,rolling,1595.842,1287,1596.019,3.510,0,0,1783744946.426599979,-0.261302,-0.650700,0.929026,-0.211783,,,,0.208488,1.839443,-0.102564,0.001254,1.124,1.338
reverse,12,24.9906,1.0629,-0.2000,0.00000,1450.000,1169,decreasing,rolling,1595.842,1287,1596.019,3.510,0,0,1783744946.426599979,-0.261302,-0.650700,0.929026,-0.211783,,,,0.208488,1.839443,-0.102564,0.001254,1.104,1.355
reverse,12,25.0108,1.0832,-0.2000,0.00000,1450.000,1169,decreasing,rolling,1595.953,1287,1596.008,3.499,1,11,1783744946.527002811,-0.274054,-0.663644,0.926045,-0.203671,-0.0180059,-0.0029809,0.1655528,0.226494,1.857449,-0.120569,-0.001727,1.104,1.355
reverse,12,25.0310,1.1034,-0.2000,0.00000,1450.000,1169,decreasing,rolling,1595.953,1287,1596.008,3.499,0,0,1783744946.527002811,-0.274054,-0.663644,0.926045,-0.203671,,,,0.226494,1.857449,-0.120569,-0.001727,1.104,1.355
reverse,12,25.0527,1.1251,-0.2000,0.00000,1450.000,1169,decreasing,rolling,1595.953,1287,1596.008,3.499,0,0,1783744946.527002811,-0.274054,-0.663644,0.926045,-0.203671,,,,0.226494,1.857449,-0.120569,-0.001727,1.104,1.355
reverse,12,25.0743,1.1466,-0.2000,0.00000,1450.000,1169,decreasing,rolling,1595.953,1287,1596.008,3.499,0,0,1783744946.527002811,-0.274054,-0.663644,0.926045,-0.203671,,,,0.226494,1.857449,-0.120569,-0.001727,1.104,1.355
reverse,12,25.0958,1.1681,-0.2000,0.00000,1450.000,1169,decreasing,rolling,1595.953,1287,1596.008,3.499,0,0,1783744946.527002811,-0.274054,-0.663644,0.926045,-0.203671,,,,0.226494,1.857449,-0.120569,-0.001727,1.083,1.357
reverse,12,25.1111,1.1834,-0.2000,0.00000,1450.000,1169,decreasing,rolling,1595.958,1287,1596.000,3.491,1,12,1783744946.627499580,-0.283485,-0.681697,0.926703,-0.202750,-0.0200979,0.0006579,-0.0327331,0.246592,1.877546,-0.140667,-0.001069,1.083,1.357
reverse,12,25.1274,1.1997,-0.2000,0.00000,1450.000,1169,decreasing,rolling,1595.958,1287,1596.000,3.491,0,0,1783744946.627499580,-0.283485,-0.681697,0.926703,-0.202750,,,,0.246592,1.877546,-0.140667,-0.001069,1.083,1.357
reverse,12,25.1490,1.2213,-0.2000,0.00000,1450.000,1169,decreasing,rolling,1595.958,1287,1596.000,3.491,0,0,1783744946.627499580,-0.283485,-0.681697,0.926703,-0.202750,,,,0.246592,1.877546,-0.140667,-0.001069,1.083,1.357
reverse,12,25.1705,1.2429,-0.2000,0.00000,1450.000,1169,decreasing,rolling,1595.958,1287,1596.000,3.491,0,0,1783744946.627499580,-0.283485,-0.681697,0.926703,-0.202750,,,,0.246592,1.877546,-0.140667,-0.001069,1.083,1.357
reverse,12,25.1920,1.2644,-0.2000,0.00000,1450.000,1169,decreasing,rolling,1595.958,1287,1596.000,3.491,0,0,1783744946.627499580,-0.283485,-0.681697,0.926703,-0.202750,,,,0.246592,1.877546,-0.140667,-0.001069,1.064,1.406
reverse,12,25.2114,1.2838,-0.2000,0.00000,1450.000,1169,decreasing,rolling,1596.111,1287,1596.018,3.509,1,13,1783744946.727874517,-0.293641,-0.695048,0.928172,-0.193843,-0.0167749,0.0014692,-0.0875829,0.263367,1.894321,-0.157442,0.000400,1.064,1.406
reverse,12,25.2285,1.3009,-0.2000,0.00000,1450.000,1169,decreasing,rolling,1596.111,1287,1596.018,3.509,0,0,1783744946.727874517,-0.293641,-0.695048,0.928172,-0.193843,,,,0.263367,1.894321,-0.157442,0.000400,1.064,1.406
reverse,12,25.2502,1.3226,-0.2000,0.00000,1450.000,1169,decreasing,rolling,1596.111,1287,1596.018,3.509,0,0,1783744946.727874517,-0.293641,-0.695048,0.928172,-0.193843,,,,0.263367,1.894321,-0.157442,0.000400,1.064,1.406
reverse,12,25.2717,1.3441,-0.2000,0.00000,1450.000,1169,decreasing,rolling,1596.111,1287,1596.018,3.509,0,0,1783744946.727874517,-0.293641,-0.695048,0.928172,-0.193843,,,,0.263367,1.894321,-0.157442,0.000400,1.064,1.406
reverse,12,25.2932,1.3656,-0.2000,0.00000,1450.000,1169,decreasing,rolling,1596.111,1287,1596.018,3.509,0,0,1783744946.727874517,-0.293641,-0.695048,0.928172,-0.193843,,,,0.263367,1.894321,-0.157442,0.000400,1.044,1.405
reverse,12,25.3095,1.3819,-0.2000,0.00000,1450.000,1169,decreasing,rolling,1596.168,1287,1596.043,3.534,1,14,1783744946.828201056,-0.305311,-0.709515,0.929405,-0.191667,-0.0185742,0.0012322,-0.0663379,0.281941,1.912896,-0.176016,0.001632,1.044,1.405
reverse,12,25.3204,1.3928,-0.2000,0.00000,1450.000,1169,decreasing,rolling,1596.168,1287,1596.043,3.534,0,0,1783744946.828201056,-0.305311,-0.709515,0.929405,-0.191667,,,,0.281941,1.912896,-0.176016,0.001632,1.044,1.405
reverse,12,25.3421,1.4145,-0.2000,0.00000,1450.000,1169,decreasing,rolling,1596.168,1287,1596.043,3.534,0,0,1783744946.828201056,-0.305311,-0.709515,0.929405,-0.191667,,,,0.281941,1.912896,-0.176016,0.001632,1.044,1.405
reverse,12,25.3637,1.4360,-0.2000,0.00000,1450.000,1169,decreasing,rolling,1596.168,1287,1596.043,3.534,0,0,1783744946.828201056,-0.305311,-0.709515,0.929405,-0.191667,,,,0.281941,1.912896,-0.176016,0.001632,1.044,1.405
reverse,12,25.3852,1.4576,-0.2000,0.00000,1450.000,1169,decreasing,rolling,1596.168,1287,1596.043,3.534,0,0,1783744946.828201056,-0.305311,-0.709515,0.929405,-0.191667,,,,0.281941,1.912896,-0.176016,0.001632,1.044,1.405
reverse,12,25.4069,1.4792,-0.2000,0.00000,1450.000,1169,decreasing,rolling,1596.168,1287,1596.043,3.534,0,0,1783744946.828201056,-0.305311,-0.709515,0.929405,-0.191667,,,,0.281941,1.912896,-0.176016,0.001632,1.026,1.416
reverse,12,25.4099,1.4823,-0.2000,0.00000,1450.000,1169,decreasing,rolling,1596.172,1287,1596.064,3.556,1,15,1783744946.926343203,-0.318373,-0.723797,0.930264,-0.192806,-0.0192581,0.0008592,-0.0446132,0.301199,1.932154,-0.195274,0.002491,1.026,1.416
reverse,12,25.4235,1.4959,-0.2000,0.00000,1450.000,1169,decreasing,rolling,1596.172,1287,1596.064,3.556,0,0,1783744946.926343203,-0.318373,-0.723797,0.930264,-0.192806,,,,0.301199,1.932154,-0.195274,0.002491,1.026,1.416
reverse,12,25.4451,1.5175,-0.2000,0.00000,1450.000,1169,decreasing,rolling,1596.172,1287,1596.064,3.556,0,0,1783744946.926343203,-0.318373,-0.723797,0.930264,-0.192806,,,,0.301199,1.932154,-0.195274,0.002491,1.026,1.416
reverse,12,25.4667,1.5390,-0.2000,0.00000,1450.000,1169,decreasing,rolling,1596.172,1287,1596.064,3.556,0,0,1783744946.926343203,-0.318373,-0.723797,0.930264,-0.192806,,,,0.301199,1.932154,-0.195274,0.002491,1.026,1.416
reverse,12,25.4882,1.5605,-0.2000,0.00000,1450.000,1169,decreasing,rolling,1596.172,1287,1596.064,3.556,0,0,1783744946.926343203,-0.318373,-0.723797,0.930264,-0.192806,,,,0.301199,1.932154,-0.195274,0.002491,1.006,1.433
reverse,12,25.5102,1.5825,-0.2000,0.00000,1450.000,1169,decreasing,rolling,1596.183,1287,1596.084,3.576,1,16,1783744947.026769161,-0.326727,-0.742012,0.932568,-0.193401,-0.0196014,0.0023042,-0.1175547,0.320801,1.951755,-0.214876,0.004796,1.006,1.433
