condition,leg,elapsed_s,phase,target_speed_mps,vehicle_direction,steering_pulse_us,steering_tick,approach_direction,prior_steering_pulse_us,esc_pulse_us,esc_tick,fresh_odom,tf_stamp,x_m,y_m,yaw_rad,measured_speed_mps,increment_ds_m,increment_dyaw_rad,instant_curvature_1pm,effective_angle_rad,leg_motion_m,settled_signed_distance_m,settled_heading_change_rad,front_clearance_m,rear_clearance_m
1,1,4.3806,startup,0.2000,forward,1450.000,1169,increasing,1420.000,1422.144,1147,1,1783739372.061678648,-0.119797,0.173071,0.639426,-0.000612,0.0018432,-0.0006860,-0.3721522,-0.1029074,0.001843,0.000000,0.000000,0.933,1.018
1,1,4.3958,startup,0.2000,forward,1450.000,1169,increasing,1420.000,1422.144,1147,0,1783739372.061678648,-0.119797,0.173071,0.639426,-0.000612,,,,,0.001843,0.000000,0.000000,0.933,1.018
1,1,4.4174,startup,0.2000,forward,1450.000,1169,increasing,1420.000,1422.144,1147,0,1783739372.061678648,-0.119797,0.173071,0.639426,-0.000612,,,,,0.001843,0.000000,0.000000,0.933,1.018
1,1,4.4389,startup,0.2000,forward,1450.000,1169,increasing,1420.000,1422.144,1147,0,1783739372.061678648,-0.119797,0.173071,0.639426,-0.000612,,,,,0.001843,0.000000,0.000000,0.933,1.018
1,1,4.4605,startup,0.2000,forward,1450.000,1169,increasing,1420.000,1422.144,1147,0,1783739372.061678648,-0.119797,0.173071,0.639426,-0.000612,,,,,0.001843,0.000000,0.000000,0.932,1.018
1,1,4.4817,startup,0.2000,forward,1450.000,1169,increasing,1420.000,1420.904,1146,1,1783739372.162260771,-0.120501,0.173401,0.637985,-0.001376,-0.0003690,-0.0014418,3.9075687,0.8258445,0.002212,0.000000,0.000000,0.932,1.018
1,1,4.4967,startup,0.2000,forward,1450.000,1169,increasing,1420.000,1420.904,1146,0,1783739372.162260771,-0.120501,0.173401,0.637985,-0.001376,,,,,0.002212,0.000000,0.000000,0.932,1.018
1,1,4.5183,startup,0.2000,forward,1450.000,1169,increasing,1420.000,1420.904,1146,0,1783739372.162260771,-0.120501,0.173401,0.637985,-0.001376,,,,,0.002212,0.000000,0.000000,0.932,1.018
1,1,4.5398,startup,0.2000,forward,1450.000,1169,increasing,1420.000,1420.904,1146,0,1783739372.162260771,-0.120501,0.173401,0.637985,-0.001376,,,,,0.002212,0.000000,0.000000,0.932,1.018
1,1,4.5613,startup,0.2000,forward,1450.000,1169,increasing,1420.000,1420.904,1146,0,1783739372.162260771,-0.120501,0.173401,0.637985,-0.001376,,,,,0.002212,0.000000,0.000000,0.933,1.018
1,1,4.5821,startup,0.2000,forward,1450.000,1169,increasing,1420.000,1419.664,1145,1,1783739372.262742996,-0.118684,0.171453,0.639568,-0.000293,0.0002970,0.0015831,5.3308091,0.9763630,0.002509,0.000000,0.000000,0.933,1.018
1,1,4.5993,startup,0.2000,forward,1450.000,1169,increasing,1420.000,1419.664,1145,0,1783739372.262742996,-0.118684,0.171453,0.639568,-0.000293,,,,,0.002509,0.000000,0.000000,0.933,1.018
1,1,4.6212,startup,0.2000,forward,1450.000,1169,increasing,1420.000,1419.664,1145,0,1783739372.262742996,-0.118684,0.171453,0.639568,-0.000293,,,,,0.002509,0.000000,0.000000,0.933,1.018
1,1,4.6427,startup,0.2000,forward,1450.000,1169,increasing,1420.000,1419.664,1145,0,1783739372.262742996,-0.118684,0.171453,0.639568,-0.000293,,,,,0.002509,0.000000,0.000000,0.933,1.018
1,1,4.6642,startup,0.2000,forward,1450.000,1169,increasing,1420.000,1419.664,1145,0,1783739372.262742996,-0.118684,0.171453,0.639568,-0.000293,,,,,0.002509,0.000000,0.000000,0.936,1.015
1,1,4.6830,startup,0.2000,forward,1450.000,1169,increasing,1420.000,1418.424,1144,1,1783739372.363195419,-0.117868,0.173000,0.639911,0.003708,0.0015784,0.0003429,0.2172287,0.0602081,0.004088,0.000000,0.000000,0.936,1.015
1,1,4.6941,startup,0.2000,forward,1450.000,1169,increasing,1420.000,1418.424,1144,0,1783739372.363195419,-0.117868,0.173000,0.639911,0.003708,,,,,0.004088,0.000000,0.000000,0.936,1.015
1,1,4.7157,startup,0.2000,forward,1450.000,1169,increasing,1420.000,1418.424,1144,0,1783739372.363195419,-0.117868,0.173000,0.639911,0.003708,,,,,0.004088,0.000000,0.000000,0.936,1.015
1,1,4.7373,startup,0.2000,forward,1450.000,1169,increasing,1420.000,1418.424,1144,0,1783739372.363195419,-0.117868,0.173000,0.639911,0.003708,,,,,0.004088,0.000000,0.000000,0.936,1.015
1,1,4.7589,startup,0.2000,forward,1450.000,1169,increasing,1420.000,1418.424,1144,0,1783739372.363195419,-0.117868,0.173000,0.639911,0.003708,,,,,0.004088,0.000000,0.000000,0.937,1.012
1,1,4.7807,startup,0.2000,forward,1450.000,1169,increasing,1420.000,1415.324,1141,1,1783739372.463824034,-0.114053,0.176569,0.638795,0.015678,0.0051911,-0.0011158,-0.2149442,-0.0595764,0.009279,0.000000,0.000000,0.937,1.012
1,1,4.7968,startup,0.2000,forward,1450.000,1169,increasing,1420.000,1415.324,1141,0,1783739372.463824034,-0.114053,0.176569,0.638795,0.015678,,,,,0.009279,0.000000,0.000000,0.937,1.012
1,1,4.8184,startup,0.2000,forward,1450.000,1169,increasing,1420.000,1415.324,1141,0,1783739372.463824034,-0.114053,0.176569,0.638795,0.015678,,,,,0.009279,0.000000,0.000000,0.937,1.012
1,1,4.8400,startup,0.2000,forward,1450.000,1169,increasing,1420.000,1415.324,1141,0,1783739372.463824034,-0.114053,0.176569,0.638795,0.015678,,,,,0.009279,0.000000,0.000000,0.937,1.012
1,1,4.8615,startup,0.2000,forward,1450.000,1169,increasing,1420.000,1415.324,1141,0,1783739372.463824034,-0.114053,0.176569,0.638795,0.015678,,,,,0.009279,0.000000,0.000000,0.943,1.008
1,1,4.8810,startup,0.2000,forward,1450.000,1169,increasing,1420.000,1412.224,1139,1,1783739372.561777830,-0.110908,0.179566,0.638902,0.022764,0.0043120,0.0001068,0.0247695,0.0068734,0.013591,0.000000,0.000000,0.943,1.008
1,1,4.8981,startup,0.2000,forward,1450.000,1169,increasing,1420.000,1412.224,1139,0,1783739372.561777830,-0.110908,0.179566,0.638902,0.022764,,,,,0.013591,0.000000,0.000000,0.943,1.008
1,1,4.9199,startup,0.2000,forward,1450.000,1169,increasing,1420.000,1412.224,1139,0,1783739372.561777830,-0.110908,0.179566,0.638902,0.022764,,,,,0.013591,0.000000,0.000000,0.943,1.008
1,1,4.9415,startup,0.2000,forward,1450.000,1169,increasing,1420.000,1412.224,1139,0,1783739372.561777830,-0.110908,0.179566,0.638902,0.022764,,,,,0.013591,0.000000,0.000000,0.943,1.008
1,1,4.9631,startup,0.2000,forward,1450.000,1169,increasing,1420.000,1412.224,1139,0,1783739372.561777830,-0.110908,0.179566,0.638902,0.022764,,,,,0.013591,0.000000,0.000000,0.949,1.003
1,1,4.9820,startup,0.2000,forward,1450.000,1169,increasing,1420.000,1409.124,1136,1,1783739372.662155867,-0.104282,0.183024,0.638960,0.035457,0.0073813,0.0000581,0.0078708,0.0021842,0.020972,0.000000,0.000000,0.949,1.003
1,1,4.9917,startup,0.2000,forward,1450.000,1169,increasing,1420.000,1409.124,1136,0,1783739372.662155867,-0.104282,0.183024,0.638960,0.035457,,,,,0.020972,0.000000,0.000000,0.949,1.003
1,1,5.0133,startup,0.2000,forward,1450.000,1169,increasing,1420.000,1409.124,1136,0,1783739372.662155867,-0.104282,0.183024,0.638960,0.035457,,,,,0.020972,0.000000,0.000000,0.949,1.003
1,1,5.0349,startup,0.2000,forward,1450.000,1169,increasing,1420.000,1409.124,1136,0,1783739372.662155867,-0.104282,0.183024,0.638960,0.035457,,,,,0.020972,0.000000,0.000000,0.949,1.003
1,1,5.0564,startup,0.2000,forward,1450.000,1169,increasing,1420.000,1409.124,1136,0,1783739372.662155867,-0.104282,0.183024,0.638960,0.035457,,,,,0.020972,0.000000,0.000000,0.949,1.003
1,1,5.0779,startup,0.2000,forward,1450.000,1169,increasing,1420.000,1409.124,1136,0,1783739372.662155867,-0.104282,0.183024,0.638960,0.035457,,,,,0.020972,0.000000,0.000000,0.959,0.997
1,1,5.0825,startup,0.2000,forward,1450.000,1169,increasing,1420.000,1406.024,1134,1,1783739372.762928963,-0.099790,0.186672,0.641656,0.040935,0.0057812,0.0026964,0.4663996,0.1287104,0.026753,0.000000,0.000000,0.959,0.997
1,1,5.0984,startup,0.2000,forward,1450.000,1169,increasing,1420.000,1406.024,1134,0,1783739372.762928963,-0.099790,0.186672,0.641656,0.040935,,,,,0.026753,0.000000,0.000000,0.959,0.997
1,1,5.1200,startup,0.2000,forward,1450.000,1169,increasing,1420.000,1406.024,1134,0,1783739372.762928963,-0.099790,0.186672,0.641656,0.040935,,,,,0.026753,0.000000,0.000000,0.959,0.997
1,1,5.1415,startup,0.2000,forward,1450.000,1169,increasing,1420.000,1406.024,1134,0,1783739372.762928963,-0.099790,0.186672,0.641656,0.040935,,,,,0.026753,0.000000,0.000000,0.959,0.997
1,1,5.1630,startup,0.2000,forward,1450.000,1169,increasing,1420.000,1406.024,1134,0,1783739372.762928963,-0.099790,0.186672,0.641656,0.040935,,,,,0.026753,0.000000,0.000000,0.974,0.984
1,1,5.1830,rolling,0.2000,forward,1450.000,1169,increasing,1420.000,1419.384,1145,1,1783739372.863547564,-0.086913,0.195763,0.644692,0.069850,0.0157566,0.0030361,0.1926852,0.0534193,0.042510,0.000000,0.000000,0.974,0.984
1,1,5.1983,rolling,0.2000,forward,1450.000,1169,increasing,1420.000,1419.384,1145,0,1783739372.863547564,-0.086913,0.195763,0.644692,0.069850,,,,,0.042510,0.000000,0.000000,0.974,0.984
1,1,5.2200,rolling,0.2000,forward,1450.000,1169,increasing,1420.000,1419.384,1145,0,1783739372.863547564,-0.086913,0.195763,0.644692,0.069850,,,,,0.042510,0.000000,0.000000,0.974,0.984
1,1,5.2415,rolling,0.2000,forward,1450.000,1169,increasing,1420.000,1419.384,1145,0,1783739372.863547564,-0.086913,0.195763,0.644692,0.069850,,,,,0.042510,0.000000,0.000000,0.974,0.984
1,1,5.2632,rolling,0.2000,forward,1450.000,1169,increasing,1420.000,1419.384,1145,0,1783739372.863547564,-0.086913,0.195763,0.644692,0.069850,,,,,0.042510,0.000000,0.000000,0.997,0.965
1,1,5.2836,rolling,0.2000,forward,1450.000,1169,increasing,1420.000,1417.681,1143,1,1783739372.964013338,-0.066530,0.210440,0.648116,0.114874,0.0251109,0.0034236,0.1363407,0.0378165,0.067621,0.000000,0.000000,0.997,0.965
1,1,5.2950,rolling,0.2000,forward,1450.000,1169,increasing,1420.000,1417.681,1143,0,1783739372.964013338,-0.066530,0.210440,0.648116,0.114874,,,,,0.067621,0.000000,0.000000,0.997,0.965
1,1,5.3167,rolling,0.2000,forward,1450.000,1169,increasing,1420.000,1417.681,1143,0,1783739372.964013338,-0.066530,0.210440,0.648116,0.114874,,,,,0.067621,0.000000,0.000000,0.997,0.965
1,1,5.3383,rolling,0.2000,forward,1450.000,1169,increasing,1420.000,1417.681,1143,0,1783739372.964013338,-0.066530,0.210440,0.648116,0.114874,,,,,0.067621,0.000000,0.000000,0.997,0.965
1,1,5.3598,rolling,0.2000,forward,1450.000,1169,increasing,1420.000,1417.681,1143,0,1783739372.964013338,-0.066530,0.210440,0.648116,0.114874,,,,,0.067621,0.000000,0.000000,1.021,0.942
1,1,5.3813,rolling,0.2000,forward,1450.000,1169,increasing,1420.000,1418.331,1144,1,1783739373.064520121,-0.046710,0.225039,0.651385,0.147380,0.0246141,0.0032696,0.1328355,0.0368452,0.092235,0.024614,0.003270,1.021,0.942
1,1,5.3920,rolling,0.2000,forward,1450.000,1169,increasing,1420.000,1418.331,1144,0,1783739373.064520121,-0.046710,0.225039,0.651385,0.147380,,,,,0.092235,0.024614,0.003270,1.021,0.942
1,1,5.4137,rolling,0.2000,forward,1450.000,1169,increasing,1420.000,1418.331,1144,0,1783739373.064520121,-0.046710,0.225039,0.651385,0.147380,,,,,0.092235,0.024614,0.003270,1.021,0.942
1,1,5.4352,rolling,0.2000,forward,1450.000,1169,increasing,1420.000,1418.331,1144,0,1783739373.064520121,-0.046710,0.225039,0.651385,0.147380,,,,,0.092235,0.024614,0.003270,1.021,0.942
1,1,5.4568,rolling,0.2000,forward,1450.000,1169,increasing,1420.000,1418.331,1144,0,1783739373.064520121,-0.046710,0.225039,0.651385,0.147380,,,,,0.092235,0.024614,0.003270,1.021,0.942
1,1,5.4783,rolling,0.2000,forward,1450.000,1169,increasing,1420.000,1418.331,1144,0,1783739373.064520121,-0.046710,0.225039,0.651385,0.147380,,,,,0.092235,0.024614,0.003270,1.047,0.917
1,1,5.4818,rolling,0.2000,forward,1450.000,1169,increasing,1420.000,1418.833,1144,1,1783739373.162343025,-0.028837,0.241543,0.653897,0.172438,0.0242221,0.0025115,0.1036849,0.0287646,0.116457,0.048836,0.005781,1.047,0.917
1,1,5.4979,rolling,0.2000,forward,1450.000,1169,increasing,1420.000,1418.833,1144,0,1783739373.162343025,-0.028837,0.241543,0.653897,0.172438,,,,,0.116457,0.048836,0.005781,1.047,0.917
1,1,5.5195,rolling,0.2000,forward,1450.000,1169,increasing,1420.000,1418.833,1144,0,1783739373.162343025,-0.028837,0.241543,0.653897,0.172438,,,,,0.116457,0.048836,0.005781,1.047,0.917
1,1,5.5411,rolling,0.2000,forward,1450.000,1169,increasing,1420.000,1418.833,1144,0,1783739373.162343025,-0.028837,0.241543,0.653897,0.172438,,,,,0.116457,0.048836,0.005781,1.047,0.917
1,1,5.5629,rolling,0.2000,forward,1450.000,1169,increasing,1420.000,1418.833,1144,0,1783739373.162343025,-0.028837,0.241543,0.653897,0.172438,,,,,0.116457,0.048836,0.005781,1.069,0.892
1,1,5.5820,rolling,0.2000,forward,1450.000,1169,increasing,1420.000,1419.075,1144,1,1783739373.262861729,-0.011589,0.255563,0.654985,0.184587,0.0222178,0.0010883,0.0489821,0.0135917,0.138675,0.071054,0.006869,1.069,0.892
1,1,5.5932,rolling,0.2000,forward,1450.000,1169,increasing,1420.000,1419.075,1144,0,1783739373.262861729,-0.011589,0.255563,0.654985,0.184587,,,,,0.138675,0.071054,0.006869,1.069,0.892
1,1,5.6152,rolling,0.2000,forward,1450.000,1169,increasing,1420.000,1419.075,1144,0,1783739373.262861729,-0.011589,0.255563,0.654985,0.184587,,,,,0.138675,0.071054,0.006869,1.069,0.892
1,1,5.6370,rolling,0.2000,forward,1450.000,1169,increasing,1420.000,1419.075,1144,0,1783739373.262861729,-0.011589,0.255563,0.654985,0.184587,,,,,0.138675,0.071054,0.006869,1.069,0.892
1,1,5.6586,rolling,0.2000,forward,1450.000,1169,increasing,1420.000,1419.075,1144,0,1783739373.262861729,-0.011589,0.255563,0.654985,0.184587,,,,,0.138675,0.071054,0.006869,1.069,0.892
1,1,5.6801,rolling,0.2000,forward,1450.000,1169,increasing,1420.000,1419.075,1144,0,1783739373.262861729,-0.011589,0.255563,0.654985,0.184587,,,,,0.138675,0.071054,0.006869,1.092,0.872
1,1,5.6827,rolling,0.2000,forward,1450.000,1169,increasing,1420.000,1419.295,1145,1,1783739373.363286972,0.006894,0.269179,0.656864,0.195579,0.0229529,0.0018786,0.0818475,0.0227088,0.161628,0.094007,0.008748,1.092,0.872
1,1,5.6934,rolling,0.2000,forward,1450.000,1169,increasing,1420.000,1419.295,1145,0,1783739373.363286972,0.006894,0.269179,0.656864,0.195579,,,,,0.161628,0.094007,0.008748,1.092,0.872
1,1,5.7152,rolling,0.2000,forward,1450.000,1169,increasing,1420.000,1419.295,1145,0,1783739373.363286972,0.006894,0.269179,0.656864,0.195579,,,,,0.161628,0.094007,0.008748,1.092,0.872
1,1,5.7369,rolling,0.2000,forward,1450.000,1169,increasing,1420.000,1419.295,1145,0,1783739373.363286972,0.006894,0.269179,0.656864,0.195579,,,,,0.161628,0.094007,0.008748,1.092,0.872
1,1,5.7587,rolling,0.2000,forward,1450.000,1169,increasing,1420.000,1419.295,1145,0,1783739373.363286972,0.006894,0.269179,0.656864,0.195579,,,,,0.161628,0.094007,0.008748,1.092,0.872
1,1,5.7802,rolling,0.2000,forward,1450.000,1169,increasing,1420.000,1419.295,1145,0,1783739373.363286972,0.006894,0.269179,0.656864,0.195579,,,,,0.161628,0.094007,0.008748,1.112,0.851
1,1,5.7832,rolling,0.2000,forward,1450.000,1169,increasing,1420.000,1419.275,1145,1,1783739373.463833570,0.022367,0.280634,0.660455,0.194540,0.0192470,0.0035917,0.1866096,0.0517379,0.180875,0.113254,0.012340,1.112,0.851
1,1,5.8027,rolling,0.2000,forward,1450.000,1169,increasing,1420.000,1419.275,1145,0,1783739373.463833570,0.022367,0.280634,0.660455,0.194540,,,,,0.180875,0.113254,0.012340,1.112,0.851
1,1,5.8243,rolling,0.2000,forward,1450.000,1169,increasing,1420.000,1419.275,1145,0,1783739373.463833570,0.022367,0.280634,0.660455,0.194540,,,,,0.180875,0.113254,0.012340,1.112,0.851
1,1,5.8458,rolling,0.2000,forward,1450.000,1169,increasing,1420.000,1419.275,1145,0,1783739373.463833570,0.022367,0.280634,0.660455,0.194540,,,,,0.180875,0.113254,0.012340,1.112,0.851
1,1,5.8673,rolling,0.2000,forward,1450.000,1169,increasing,1420.000,1419.275,1145,0,1783739373.463833570,0.022367,0.280634,0.660455,0.194540,,,,,0.180875,0.113254,0.012340,1.128,0.833
1,1,5.8837,rolling,0.2000,forward,1450.000,1169,increasing,1420.000,1419.136,1144,1,1783739373.564305305,0.036664,0.289558,0.663691,0.187614,0.0167624,0.0032351,0.1929975,0.0535057,0.197637,0.130016,0.015575,1.128,0.833
1,1,5.8959,rolling,0.2000,forward,1450.000,1169,increasing,1420.000,1419.136,1144,0,1783739373.564305305,0.036664,0.289558,0.663691,0.187614,,,,,0.197637,0.130016,0.015575,1.128,0.833
1,1,5.9175,rolling,0.2000,forward,1450.000,1169,increasing,1420.000,1419.136,1144,0,1783739373.564305305,0.036664,0.289558,0.663691,0.187614,,,,,0.197637,0.130016,0.015575,1.128,0.833
1,1,5.9391,rolling,0.2000,forward,1450.000,1169,increasing,1420.000,1419.136,1144,0,1783739373.564305305,0.036664,0.289558,0.663691,0.187614,,,,,0.197637,0.130016,0.015575,1.128,0.833
1,1,5.9606,rolling,0.2000,forward,1450.000,1169,increasing,1420.000,1419.136,1144,0,1783739373.564305305,0.036664,0.289558,0.663691,0.187614,,,,,0.197637,0.130016,0.015575,1.128,0.833
1,1,5.9823,rolling,0.2000,forward,1450.000,1169,increasing,1420.000,1419.136,1144,0,1783739373.564305305,0.036664,0.289558,0.663691,0.187614,,,,,0.197637,0.130016,0.015575,1.143,0.817
1,1,5.9849,rolling,0.2000,forward,1450.000,1169,increasing,1420.000,1418.896,1144,1,1783739373.664750338,0.048464,0.297248,0.666472,0.175632,0.0140306,0.0027817,0.1982579,0.0549612,0.211668,0.144047,0.018356,1.143,0.817
1,1,5.9966,rolling,0.2000,forward,1450.000,1169,increasing,1420.000,1418.896,1144,0,1783739373.664750338,0.048464,0.297248,0.666472,0.175632,,,,,0.211668,0.144047,0.018356,1.143,0.817
1,1,6.0184,rolling,0.2000,forward,1450.000,1169,increasing,1420.000,1418.896,1144,0,1783739373.664750338,0.048464,0.297248,0.666472,0.175632,,,,,0.211668,0.144047,0.018356,1.143,0.817
1,1,6.0399,rolling,0.2000,forward,1450.000,1169,increasing,1420.000,1418.896,1144,0,1783739373.664750338,0.048464,0.297248,0.666472,0.175632,,,,,0.211668,0.144047,0.018356,1.143,0.817
1,1,6.0616,rolling,0.2000,forward,1450.000,1169,increasing,1420.000,1418.896,1144,0,1783739373.664750338,0.048464,0.297248,0.666472,0.175632,,,,,0.211668,0.144047,0.018356,1.155,0.804
1,1,6.0824,rolling,0.2000,forward,1450.000,1169,increasing,1420.000,1418.896,1144,0,1783739373.664750338,0.048464,0.297248,0.666472,0.175632,,,,,0.211668,0.144047,0.018356,1.155,0.804
1,1,6.1042,rolling,0.2000,forward,1450.000,1169,increasing,1420.000,1418.718,1144,1,1783739373.765334129,0.056928,0.309264,0.664335,0.166710,0.0140762,-0.0021376,-0.1518600,-0.0421162,0.225744,0.158123,0.016219,1.155,0.804
1,1,6.1067,rolling,0.2000,forward,1450.000,1169,increasing,1420.000,1418.718,1144,0,1783739373.765334129,0.056928,0.309264,0.664335,0.166710,,,,,0.225744,0.158123,0.016219,1.155,0.804
1,1,6.1283,rolling,0.2000,forward,1450.000,1169,increasing,1420.000,1418.718,1144,0,1783739373.765334129,0.056928,0.309264,0.664335,0.166710,,,,,0.225744,0.158123,0.016219,1.155,0.804
1,1,6.1498,rolling,0.2000,forward,1450.000,1169,increasing,1420.000,1418.718,1144,0,1783739373.765334129,0.056928,0.309264,0.664335,0.166710,,,,,0.225744,0.158123,0.016219,1.155,0.804
1,1,6.1713,rolling,0.2000,forward,1450.000,1169,increasing,1420.000,1418.718,1144,0,1783739373.765334129,0.056928,0.309264,0.664335,0.166710,,,,,0.225744,0.158123,0.016219,1.171,0.789
1,1,6.1827,rolling,0.2000,forward,1450.000,1169,increasing,1420.000,1418.387,1144,1,1783739373.863469124,0.063979,0.316275,0.663982,0.150187,0.0098741,-0.0003530,-0.0357459,-0.0099192,0.235618,0.167997,0.015866,1.171,0.789
1,1,6.1964,rolling,0.2000,forward,1450.000,1169,increasing,1420.000,1418.387,1144,0,1783739373.863469124,0.063979,0.316275,0.663982,0.150187,,,,,0.235618,0.167997,0.015866,1.171,0.789
1,1,6.2180,rolling,0.2000,forward,1450.000,1169,increasing,1420.000,1418.387,1144,0,1783739373.863469124,0.063979,0.316275,0.663982,0.150187,,,,,0.235618,0.167997,0.015866,1.171,0.789
1,1,6.2395,rolling,0.2000,forward,1450.000,1169,increasing,1420.000,1418.387,1144,0,1783739373.863469124,0.063979,0.316275,0.663982,0.150187,,,,,0.235618,0.167997,0.015866,1.171,0.789
1,1,6.2611,rolling,0.2000,forward,1450.000,1169,increasing,1420.000,1418.387,1144,0,1783739373.863469124,0.063979,0.316275,0.663982,0.150187,,,,,0.235618,0.167997,0.015866,1.183,0.777
1,1,6.2834,rolling,0.2000,forward,1450.000,1169,increasing,1420.000,1418.398,1144,1,1783739373.963917971,0.075653,0.326169,0.664247,0.150697,0.0152912,0.0002654,0.0173592,0.0048171,0.250909,0.183288,0.016131,1.183,0.777
1,1,6.2955,rolling,0.2000,forward,1450.000,1169,increasing,1420.000,1418.398,1144,0,1783739373.963917971,0.075653,0.326169,0.664247,0.150697,,,,,0.250909,0.183288,0.016131,1.183,0.777
1,1,6.3171,rolling,0.2000,forward,1450.000,1169,increasing,1420.000,1418.398,1144,0,1783739373.963917971,0.075653,0.326169,0.664247,0.150697,,,,,0.250909,0.183288,0.016131,1.183,0.777
1,1,6.3387,rolling,0.2000,forward,1450.000,1169,increasing,1420.000,1418.398,1144,0,1783739373.963917971,0.075653,0.326169,0.664247,0.150697,,,,,0.250909,0.183288,0.016131,1.183,0.777
1,1,6.3602,rolling,0.2000,forward,1450.000,1169,increasing,1420.000,1418.398,1144,0,1783739373.963917971,0.075653,0.326169,0.664247,0.150697,,,,,0.250909,0.183288,0.016131,1.198,0.765
1,1,6.3815,rolling,0.2000,forward,1450.000,1169,increasing,1420.000,1418.153,1144,1,1783739374.064468145,0.084708,0.331213,0.665825,0.138478,0.0102382,0.0015781,0.1541414,0.0427482,0.261147,0.193526,0.017709,1.198,0.765
1,1,6.3978,rolling,0.2000,forward,1450.000,1169,increasing,1420.000,1418.153,1144,0,1783739374.064468145,0.084708,0.331213,0.665825,0.138478,,,,,0.261147,0.193526,0.017709,1.198,0.765
1,1,6.4194,rolling,0.2000,forward,1450.000,1169,increasing,1420.000,1418.153,1144,0,1783739374.064468145,0.084708,0.331213,0.665825,0.138478,,,,,0.261147,0.193526,0.017709,1.198,0.765
1,1,6.4409,rolling,0.2000,forward,1450.000,1169,increasing,1420.000,1418.153,1144,0,1783739374.064468145,0.084708,0.331213,0.665825,0.138478,,,,,0.261147,0.193526,0.017709,1.198,0.765
1,1,6.4624,rolling,0.2000,forward,1450.000,1169,increasing,1420.000,1418.153,1144,0,1783739374.064468145,0.084708,0.331213,0.665825,0.138478,,,,,0.261147,0.193526,0.017709,1.209,0.750
1,1,6.4820,rolling,0.2000,forward,1450.000,1169,increasing,1420.000,1418.298,1144,1,1783739374.162579298,0.097118,0.342013,0.666472,0.145727,0.0164310,0.0006469,0.0393715,0.0109252,0.277578,0.209957,0.018356,1.209,0.750
1,1,6.4958,rolling,0.2000,forward,1450.000,1169,increasing,1420.000,1418.298,1144,0,1783739374.162579298,0.097118,0.342013,0.666472,0.145727,,,,,0.277578,0.209957,0.018356,1.209,0.750
1,1,6.5174,rolling,0.2000,forward,1450.000,1169,increasing,1420.000,1418.298,1144,0,1783739374.162579298,0.097118,0.342013,0.666472,0.145727,,,,,0.277578,0.209957,0.018356,1.209,0.750
1,1,6.5390,rolling,0.2000,forward,1450.000,1169,increasing,1420.000,1418.298,1144,0,1783739374.162579298,0.097118,0.342013,0.666472,0.145727,,,,,0.277578,0.209957,0.018356,1.209,0.750
1,1,6.5605,rolling,0.2000,forward,1450.000,1169,increasing,1420.000,1418.298,1144,0,1783739374.162579298,0.097118,0.342013,0.666472,0.145727,,,,,0.277578,0.209957,0.018356,1.222,0.740
1,1,6.5799,rolling,0.2000,forward,1450.000,1169,increasing,1420.000,1418.206,1144,1,1783739374.263139009,0.107875,0.349048,0.667755,0.141125,0.0128029,0.0012828,0.1001990,0.0277980,0.290381,0.222760,0.019639,1.222,0.740
1,1,6.5973,rolling,0.2000,forward,1450.000,1169,increasing,1420.000,1418.206,1144,0,1783739374.263139009,0.107875,0.349048,0.667755,0.141125,,,,,0.290381,0.222760,0.019639,1.222,0.740
1,1,6.6189,rolling,0.2000,forward,1450.000,1169,increasing,1420.000,1418.206,1144,0,1783739374.263139009,0.107875,0.349048,0.667755,0.141125,,,,,0.290381,0.222760,0.019639,1.222,0.740
1,1,6.6404,rolling,0.2000,forward,1450.000,1169,increasing,1420.000,1418.206,1144,0,1783739374.263139009,0.107875,0.349048,0.667755,0.141125,,,,,0.290381,0.222760,0.019639,1.222,0.740
1,1,6.6619,rolling,0.2000,forward,1450.000,1169,increasing,1420.000,1418.206,1144,0,1783739374.263139009,0.107875,0.349048,0.667755,0.141125,,,,,0.290381,0.222760,0.019639,1.234,0.729
1,1,6.6807,rolling,0.2000,forward,1450.000,1169,increasing,1420.000,1418.114,1144,1,1783739374.361054182,0.116834,0.357072,0.669008,0.136494,0.0120046,0.0012534,0.1044109,0.0289659,0.302386,0.234765,0.020893,1.234,0.729
1,1,6.6898,rolling,0.2000,forward,1450.000,1169,increasing,1420.000,1418.114,1144,0,1783739374.361054182,0.116834,0.357072,0.669008,0.136494,,,,,0.302386,0.234765,0.020893,1.234,0.729
1,1,6.7115,rolling,0.2000,forward,1450.000,1169,increasing,1420.000,1418.114,1144,0,1783739374.361054182,0.116834,0.357072,0.669008,0.136494,,,,,0.302386,0.234765,0.020893,1.234,0.729
1,1,6.7331,rolling,0.2000,forward,1450.000,1169,increasing,1420.000,1418.114,1144,0,1783739374.361054182,0.116834,0.357072,0.669008,0.136494,,,,,0.302386,0.234765,0.020893,1.234,0.729
1,1,6.7546,rolling,0.2000,forward,1450.000,1169,increasing,1420.000,1418.114,1144,0,1783739374.361054182,0.116834,0.357072,0.669008,0.136494,,,,,0.302386,0.234765,0.020893,1.234,0.729
1,1,6.7762,rolling,0.2000,forward,1450.000,1169,increasing,1420.000,1418.114,1144,0,1783739374.361054182,0.116834,0.357072,0.669008,0.136494,,,,,0.302386,0.234765,0.020893,1.243,0.717
1,1,6.7789,rolling,0.2000,forward,1450.000,1169,increasing,1420.000,1418.072,1144,1,1783739374.461785555,0.126969,0.365078,0.669698,0.134424,0.0129151,0.0006891,0.0533594,0.0148062,0.315301,0.247680,0.021582,1.243,0.717
1,1,6.7923,rolling,0.2000,forward,1450.000,1169,increasing,1420.000,1418.072,1144,0,1783739374.461785555,0.126969,0.365078,0.669698,0.134424,,,,,0.315301,0.247680,0.021582,1.243,0.717
1,1,6.8140,rolling,0.2000,forward,1450.000,1169,increasing,1420.000,1418.072,1144,0,1783739374.461785555,0.126969,0.365078,0.669698,0.134424,,,,,0.315301,0.247680,0.021582,1.243,0.717
1,1,6.8355,rolling,0.2000,forward,1450.000,1169,increasing,1420.000,1418.072,1144,0,1783739374.461785555,0.126969,0.365078,0.669698,0.134424,,,,,0.315301,0.247680,0.021582,1.243,0.717
1,1,6.8571,rolling,0.2000,forward,1450.000,1169,increasing,1420.000,1418.072,1144,0,1783739374.461785555,0.126969,0.365078,0.669698,0.134424,,,,,0.315301,0.247680,0.021582,1.256,0.705
1,1,6.8794,rolling,0.2000,forward,1450.000,1169,increasing,1420.000,1417.853,1143,1,1783739374.559741497,0.134109,0.370367,0.669690,0.123485,0.0088816,-0.0000076,-0.0008543,-0.0002371,0.324182,0.256562,0.021574,1.256,0.705
1,1,6.8862,rolling,0.2000,forward,1450.000,1169,increasing,1420.000,1417.853,1143,0,1783739374.559741497,0.134109,0.370367,0.669690,0.123485,,,,,0.324182,0.256562,0.021574,1.256,0.705
1,1,6.9079,rolling,0.2000,forward,1450.000,1169,increasing,1420.000,1417.853,1143,0,1783739374.559741497,0.134109,0.370367,0.669690,0.123485,,,,,0.324182,0.256562,0.021574,1.256,0.705
1,1,6.9294,rolling,0.2000,forward,1450.000,1169,increasing,1420.000,1417.853,1143,0,1783739374.559741497,0.134109,0.370367,0.669690,0.123485,,,,,0.324182,0.256562,0.021574,1.256,0.705
1,1,6.9510,rolling,0.2000,forward,1450.000,1169,increasing,1420.000,1417.853,1143,0,1783739374.559741497,0.134109,0.370367,0.669690,0.123485,,,,,0.324182,0.256562,0.021574,1.256,0.705
1,1,6.9725,rolling,0.2000,forward,1450.000,1169,increasing,1420.000,1417.853,1143,0,1783739374.559741497,0.134109,0.370367,0.669690,0.123485,,,,,0.324182,0.256562,0.021574,1.267,0.695
1,1,6.9768,rolling,0.2000,forward,1450.000,1169,increasing,1420.000,1417.834,1143,1,1783739374.660041571,0.143648,0.377641,0.669601,0.122508,0.0119935,-0.0000894,-0.0074542,-0.0020685,0.336176,0.268555,0.021485,1.267,0.695
1,1,6.9915,rolling,0.2000,forward,1450.000,1169,increasing,1420.000,1417.834,1143,0,1783739374.660041571,0.143648,0.377641,0.669601,0.122508,,,,,0.336176,0.268555,0.021485,1.267,0.695
1,1,7.0132,rolling,0.2000,forward,1450.000,1169,increasing,1420.000,1417.834,1143,0,1783739374.660041571,0.143648,0.377641,0.669601,0.122508,,,,,0.336176,0.268555,0.021485,1.267,0.695
1,1,7.0347,rolling,0.2000,forward,1450.000,1169,increasing,1420.000,1417.834,1143,0,1783739374.660041571,0.143648,0.377641,0.669601,0.122508,,,,,0.336176,0.268555,0.021485,1.267,0.695
1,1,7.0562,rolling,0.2000,forward,1450.000,1169,increasing,1420.000,1417.834,1143,0,1783739374.660041571,0.143648,0.377641,0.669601,0.122508,,,,,0.336176,0.268555,0.021485,1.280,0.680
1,1,7.0777,rolling,0.2000,forward,1450.000,1169,increasing,1420.000,1417.889,1143,1,1783739374.757945061,0.153057,0.386811,0.669511,0.125252,0.0130686,-0.0000893,-0.0068304,-0.0018954,0.349245,0.281624,0.021396,1.280,0.680
1,1,7.0917,rolling,0.2000,forward,1450.000,1169,increasing,1420.000,1417.889,1143,0,1783739374.757945061,0.153057,0.386811,0.669511,0.125252,,,,,0.349245,0.281624,0.021396,1.280,0.680
1,1,7.1134,rolling,0.2000,forward,1450.000,1169,increasing,1420.000,1417.889,1143,0,1783739374.757945061,0.153057,0.386811,0.669511,0.125252,,,,,0.349245,0.281624,0.021396,1.280,0.680
1,1,7.1350,rolling,0.2000,forward,1450.000,1169,increasing,1420.000,1417.889,1143,0,1783739374.757945061,0.153057,0.386811,0.669511,0.125252,,,,,0.349245,0.281624,0.021396,1.280,0.680
1,1,7.1566,rolling,0.2000,forward,1450.000,1169,increasing,1420.000,1417.889,1143,0,1783739374.757945061,0.153057,0.386811,0.669511,0.125252,,,,,0.349245,0.281624,0.021396,1.293,0.668
1,1,7.1781,rolling,0.2000,forward,1450.000,1169,increasing,1420.000,1417.977,1144,1,1783739374.858711243,0.164817,0.395161,0.670049,0.129674,0.0144033,0.0005378,0.0373414,0.0103619,0.363648,0.296027,0.021933,1.293,0.668
1,1,7.1924,rolling,0.2000,forward,1450.000,1169,increasing,1420.000,1417.977,1144,0,1783739374.858711243,0.164817,0.395161,0.670049,0.129674,,,,,0.363648,0.296027,0.021933,1.293,0.668
1,1,7.2140,rolling,0.2000,forward,1450.000,1169,increasing,1420.000,1417.977,1144,0,1783739374.858711243,0.164817,0.395161,0.670049,0.129674,,,,,0.363648,0.296027,0.021933,1.293,0.668
1,1,7.2355,rolling,0.2000,forward,1450.000,1169,increasing,1420.000,1417.977,1144,0,1783739374.858711243,0.164817,0.395161,0.670049,0.129674,,,,,0.363648,0.296027,0.021933,1.293,0.668
1,1,7.2570,rolling,0.2000,forward,1450.000,1169,increasing,1420.000,1417.977,1144,0,1783739374.858711243,0.164817,0.395161,0.670049,0.129674,,,,,0.363648,0.296027,0.021933,1.307,0.653
1,1,7.2785,rolling,0.2000,forward,1450.000,1169,increasing,1420.000,1418.088,1144,1,1783739374.959175348,0.175612,0.406110,0.671718,0.135233,0.0152617,0.0016691,0.1093670,0.0303400,0.378910,0.311289,0.023602,1.307,0.653
1,1,7.2907,rolling,0.2000,forward,1450.000,1169,increasing,1420.000,1418.088,1144,0,1783739374.959175348,0.175612,0.406110,0.671718,0.135233,,,,,0.378910,0.311289,0.023602,1.307,0.653
1,1,7.3123,rolling,0.2000,forward,1450.000,1169,increasing,1420.000,1418.088,1144,0,1783739374.959175348,0.175612,0.406110,0.671718,0.135233,,,,,0.378910,0.311289,0.023602,1.307,0.653
1,1,7.3339,rolling,0.2000,forward,1450.000,1169,increasing,1420.000,1418.088,1144,0,1783739374.959175348,0.175612,0.406110,0.671718,0.135233,,,,,0.378910,0.311289,0.023602,1.307,0.653
1,1,7.3553,rolling,0.2000,forward,1450.000,1169,increasing,1420.000,1418.088,1144,0,1783739374.959175348,0.175612,0.406110,0.671718,0.135233,,,,,0.378910,0.311289,0.023602,1.307,0.653
1,1,7.3769,rolling,0.2000,forward,1450.000,1169,increasing,1420.000,1418.088,1144,0,1783739374.959175348,0.175612,0.406110,0.671718,0.135233,,,,,0.378910,0.311289,0.023602,1.319,0.639
1,1,7.3794,rolling,0.2000,forward,1450.000,1169,increasing,1420.000,1418.065,1144,1,1783739375.059602022,0.187098,0.412717,0.673105,0.134040,0.0131016,0.0013868,0.1058497,0.0293649,0.392011,0.324390,0.024989,1.319,0.639
1,1,7.3950,rolling,0.2000,forward,1450.000,1169,increasing,1420.000,1418.065,1144,0,1783739375.059602022,0.187098,0.412717,0.673105,0.134040,,,,,0.392011,0.324390,0.024989,1.319,0.639
1,1,7.4167,rolling,0.2000,forward,1450.000,1169,increasing,1420.000,1418.065,1144,0,1783739375.059602022,0.187098,0.412717,0.673105,0.134040,,,,,0.392011,0.324390,0.024989,1.319,0.639
1,1,7.4382,rolling,0.2000,forward,1450.000,1169,increasing,1420.000,1418.065,1144,0,1783739375.059602022,0.187098,0.412717,0.673105,0.134040,,,,,0.392011,0.324390,0.024989,1.319,0.639
1,1,7.4597,rolling,0.2000,forward,1450.000,1169,increasing,1420.000,1418.065,1144,0,1783739375.059602022,0.187098,0.412717,0.673105,0.134040,,,,,0.392011,0.324390,0.024989,1.332,0.626
1,1,7.4773,rolling,0.2000,forward,1450.000,1169,increasing,1420.000,1417.860,1143,1,1783739375.160161018,0.193504,0.419707,0.674518,0.123819,0.0093676,0.0014131,0.1508471,0.0418357,0.401379,0.333758,0.026402,1.332,0.626
1,1,7.4905,rolling,0.2000,forward,1450.000,1169,increasing,1420.000,1417.860,1143,0,1783739375.160161018,0.193504,0.419707,0.674518,0.123819,,,,,0.401379,0.333758,0.026402,1.332,0.626
1,1,7.5122,rolling,0.2000,forward,1450.000,1169,increasing,1420.000,1417.860,1143,0,1783739375.160161018,0.193504,0.419707,0.674518,0.123819,,,,,0.401379,0.333758,0.026402,1.332,0.626
1,1,7.5337,rolling,0.2000,forward,1450.000,1169,increasing,1420.000,1417.860,1143,0,1783739375.160161018,0.193504,0.419707,0.674518,0.123819,,,,,0.401379,0.333758,0.026402,1.332,0.626
1,1,7.5553,rolling,0.2000,forward,1450.000,1169,increasing,1420.000,1417.860,1143,0,1783739375.160161018,0.193504,0.419707,0.674518,0.123819,,,,,0.401379,0.333758,0.026402,1.332,0.626
1,1,7.5769,rolling,0.2000,forward,1450.000,1169,increasing,1420.000,1417.860,1143,0,1783739375.160161018,0.193504,0.419707,0.674518,0.123819,,,,,0.401379,0.333758,0.026402,1.343,0.615
1,1,7.5795,rolling,0.2000,forward,1450.000,1169,increasing,1420.000,1417.896,1143,1,1783739375.258372545,0.203160,0.428226,0.674050,0.125603,0.0128613,-0.0004680,-0.0363881,-0.0100974,0.414240,0.346619,0.025934,1.343,0.615
1,1,7.5957,rolling,0.2000,forward,1450.000,1169,increasing,1420.000,1417.896,1143,0,1783739375.258372545,0.203160,0.428226,0.674050,0.125603,,,,,0.414240,0.346619,0.025934,1.343,0.615
1,1,7.6173,rolling,0.2000,forward,1450.000,1169,increasing,1420.000,1417.896,1143,0,1783739375.258372545,0.203160,0.428226,0.674050,0.125603,,,,,0.414240,0.346619,0.025934,1.343,0.615
1,1,7.6391,rolling,0.2000,forward,1450.000,1169,increasing,1420.000,1417.896,1143,0,1783739375.258372545,0.203160,0.428226,0.674050,0.125603,,,,,0.414240,0.346619,0.025934,1.343,0.615
1,1,7.6607,rolling,0.2000,forward,1450.000,1169,increasing,1420.000,1417.896,1143,0,1783739375.258372545,0.203160,0.428226,0.674050,0.125603,,,,,0.414240,0.346619,0.025934,1.356,0.603
1,1,7.6781,rolling,0.2000,forward,1450.000,1169,increasing,1420.000,1417.982,1144,1,1783739375.358960390,0.214342,0.437248,0.672684,0.129911,0.0143677,-0.0013660,-0.0950716,-0.0263762,0.428608,0.360987,0.024568,1.356,0.603
1,1,7.6927,rolling,0.2000,forward,1450.000,1169,increasing,1420.000,1417.982,1144,0,1783739375.358960390,0.214342,0.437248,0.672684,0.129911,,,,,0.428608,0.360987,0.024568,1.356,0.603
1,1,7.7144,rolling,0.2000,forward,1450.000,1169,increasing,1420.000,1417.982,1144,0,1783739375.358960390,0.214342,0.437248,0.672684,0.129911,,,,,0.428608,0.360987,0.024568,1.356,0.603
1,1,7.7360,rolling,0.2000,forward,1450.000,1169,increasing,1420.000,1417.982,1144,0,1783739375.358960390,0.214342,0.437248,0.672684,0.129911,,,,,0.428608,0.360987,0.024568,1.356,0.603
1,1,7.7576,rolling,0.2000,forward,1450.000,1169,increasing,1420.000,1417.982,1144,0,1783739375.358960390,0.214342,0.437248,0.672684,0.129911,,,,,0.428608,0.360987,0.024568,1.370,0.590
1,1,7.7789,rolling,0.2000,forward,1450.000,1169,increasing,1420.000,1418.041,1144,1,1783739375.459327936,0.226101,0.445306,0.675288,0.132845,0.0142168,0.0026039,0.1831565,0.0507822,0.442824,0.375204,0.027172,1.370,0.590
1,1,7.7938,rolling,0.2000,forward,1450.000,1169,increasing,1420.000,1418.041,1144,0,1783739375.459327936,0.226101,0.445306,0.675288,0.132845,,,,,0.442824,0.375204,0.027172,1.370,0.590
1,1,7.8154,rolling,0.2000,forward,1450.000,1169,increasing,1420.000,1418.041,1144,0,1783739375.459327936,0.226101,0.445306,0.675288,0.132845,,,,,0.442824,0.375204,0.027172,1.370,0.590
1,1,7.8369,rolling,0.2000,forward,1450.000,1169,increasing,1420.000,1418.041,1144,0,1783739375.459327936,0.226101,0.445306,0.675288,0.132845,,,,,0.442824,0.375204,0.027172,1.370,0.590
1,1,7.8584,rolling,0.2000,forward,1450.000,1169,increasing,1420.000,1418.041,1144,0,1783739375.459327936,0.226101,0.445306,0.675288,0.132845,,,,,0.442824,0.375204,0.027172,1.383,0.576
1,1,7.8793,rolling,0.2000,forward,1450.000,1169,increasing,1420.000,1418.159,1144,1,1783739375.559731722,0.238894,0.454473,0.676599,0.138764,0.0157153,0.0013108,0.0834072,0.0231414,0.458540,0.390919,0.028483,1.383,0.576
1,2,8.6981,startup,-0.2000,reverse,1450.000,1169,increasing,1420.000,1588.509,1281,0,1783739376.361696720,0.252599,0.467441,0.674098,0.018126,,,,,0.000000,0.000000,0.000000,1.406,0.547
1,2,8.7198,startup,-0.2000,reverse,1450.000,1169,increasing,1420.000,1588.509,1281,0,1783739376.361696720,0.252599,0.467441,0.674098,0.018126,,,,,0.000000,0.000000,0.000000,1.406,0.547
1,2,8.7414,startup,-0.2000,reverse,1450.000,1169,increasing,1420.000,1588.509,1281,0,1783739376.361696720,0.252599,0.467441,0.674098,0.018126,,,,,0.000000,0.000000,0.000000,1.406,0.547
1,2,8.7630,startup,-0.2000,reverse,1450.000,1169,increasing,1420.000,1588.509,1281,0,1783739376.361696720,0.252599,0.467441,0.674098,0.018126,,,,,0.000000,0.000000,0.000000,1.404,0.548
1,2,8.7792,startup,-0.2000,reverse,1450.000,1169,increasing,1420.000,1589.749,1282,1,1783739376.462188244,0.252320,0.466411,0.674618,0.011452,-0.0008612,0.0005202,-0.6039703,-0.1660584,0.000861,0.000000,0.000000,1.404,0.548
1,2,8.7901,startup,-0.2000,reverse,1450.000,1169,increasing,1420.000,1589.749,1282,0,1783739376.462188244,0.252320,0.466411,0.674618,0.011452,,,,,0.000861,0.000000,0.000000,1.404,0.548
1,2,8.8118,startup,-0.2000,reverse,1450.000,1169,increasing,1420.000,1589.749,1282,0,1783739376.462188244,0.252320,0.466411,0.674618,0.011452,,,,,0.000861,0.000000,0.000000,1.404,0.548
1,2,8.8333,startup,-0.2000,reverse,1450.000,1169,increasing,1420.000,1589.749,1282,0,1783739376.462188244,0.252320,0.466411,0.674618,0.011452,,,,,0.000861,0.000000,0.000000,1.404,0.548
1,2,8.8548,startup,-0.2000,reverse,1450.000,1169,increasing,1420.000,1589.749,1282,0,1783739376.462188244,0.252320,0.466411,0.674618,0.011452,,,,,0.000861,0.000000,0.000000,1.404,0.548
1,2,8.8763,startup,-0.2000,reverse,1450.000,1169,increasing,1420.000,1589.749,1282,0,1783739376.462188244,0.252320,0.466411,0.674618,0.011452,,,,,0.000861,0.000000,0.000000,1.405,0.548
1,2,8.8797,startup,-0.2000,reverse,1450.000,1169,increasing,1420.000,1590.989,1283,1,1783739376.560333490,0.250831,0.466965,0.675507,0.006511,-0.0008158,0.0008886,-1.0892107,-0.2935252,0.001677,0.000000,0.000000,1.405,0.548
1,2,8.8943,startup,-0.2000,reverse,1450.000,1169,increasing,1420.000,1590.989,1283,0,1783739376.560333490,0.250831,0.466965,0.675507,0.006511,,,,,0.001677,0.000000,0.000000,1.405,0.548
1,2,8.9161,startup,-0.2000,reverse,1450.000,1169,increasing,1420.000,1590.989,1283,0,1783739376.560333490,0.250831,0.466965,0.675507,0.006511,,,,,0.001677,0.000000,0.000000,1.405,0.548
1,2,8.9376,startup,-0.2000,reverse,1450.000,1169,increasing,1420.000,1590.989,1283,0,1783739376.560333490,0.250831,0.466965,0.675507,0.006511,,,,,0.001677,0.000000,0.000000,1.405,0.548
1,2,8.9592,startup,-0.2000,reverse,1450.000,1169,increasing,1420.000,1590.989,1283,0,1783739376.560333490,0.250831,0.466965,0.675507,0.006511,,,,,0.001677,0.000000,0.000000,1.401,0.549
1,2,8.9809,startup,-0.2000,reverse,1450.000,1169,increasing,1420.000,1592.229,1284,1,1783739376.660871029,0.249244,0.465444,0.676082,-0.000562,-0.0021896,0.0005757,-0.2629262,-0.0728330,0.003867,0.000000,0.000000,1.401,0.549
1,2,8.9934,startup,-0.2000,reverse,1450.000,1169,increasing,1420.000,1592.229,1284,0,1783739376.660871029,0.249244,0.465444,0.676082,-0.000562,,,,,0.003867,0.000000,0.000000,1.401,0.549
1,2,9.0150,startup,-0.2000,reverse,1450.000,1169,increasing,1420.000,1592.229,1284,0,1783739376.660871029,0.249244,0.465444,0.676082,-0.000562,,,,,0.003867,0.000000,0.000000,1.401,0.549
1,2,9.0365,startup,-0.2000,reverse,1450.000,1169,increasing,1420.000,1592.229,1284,0,1783739376.660871029,0.249244,0.465444,0.676082,-0.000562,,,,,0.003867,0.000000,0.000000,1.401,0.549
1,2,9.0581,startup,-0.2000,reverse,1450.000,1169,increasing,1420.000,1592.229,1284,0,1783739376.660871029,0.249244,0.465444,0.676082,-0.000562,,,,,0.003867,0.000000,0.000000,1.392,0.556
1,2,9.0785,startup,-0.2000,reverse,1450.000,1169,increasing,1420.000,1593.469,1285,1,1783739376.761239052,0.243316,0.461604,0.674673,-0.017925,-0.0070271,-0.0014099,0.2006380,0.0556196,0.010894,0.000000,0.000000,1.392,0.556
1,2,9.0935,startup,-0.2000,reverse,1450.000,1169,increasing,1420.000,1593.469,1285,0,1783739376.761239052,0.243316,0.461604,0.674673,-0.017925,,,,,0.010894,0.000000,0.000000,1.392,0.556
1,2,9.1152,startup,-0.2000,reverse,1450.000,1169,increasing,1420.000,1593.469,1285,0,1783739376.761239052,0.243316,0.461604,0.674673,-0.017925,,,,,0.010894,0.000000,0.000000,1.392,0.556
1,2,9.1367,startup,-0.2000,reverse,1450.000,1169,increasing,1420.000,1593.469,1285,0,1783739376.761239052,0.243316,0.461604,0.674673,-0.017925,,,,,0.010894,0.000000,0.000000,1.392,0.556
1,2,9.1582,startup,-0.2000,reverse,1450.000,1169,increasing,1420.000,1593.469,1285,0,1783739376.761239052,0.243316,0.461604,0.674673,-0.017925,,,,,0.010894,0.000000,0.000000,1.382,0.564
1,2,9.1761,startup,-0.2000,reverse,1450.000,1169,increasing,1420.000,1596.569,1288,1,1783739376.859585524,0.234139,0.451489,0.674825,-0.047724,-0.0134854,0.0001529,-0.0113357,-0.0031457,0.024379,0.000000,0.000000,1.382,0.564
1,2,9.1912,startup,-0.2000,reverse,1450.000,1169,increasing,1420.000,1596.569,1288,0,1783739376.859585524,0.234139,0.451489,0.674825,-0.047724,,,,,0.024379,0.000000,0.000000,1.382,0.564
1,2,9.2128,startup,-0.2000,reverse,1450.000,1169,increasing,1420.000,1596.569,1288,0,1783739376.859585524,0.234139,0.451489,0.674825,-0.047724,,,,,0.024379,0.000000,0.000000,1.382,0.564
1,2,9.2343,startup,-0.2000,reverse,1450.000,1169,increasing,1420.000,1596.569,1288,0,1783739376.859585524,0.234139,0.451489,0.674825,-0.047724,,,,,0.024379,0.000000,0.000000,1.382,0.564
1,2,9.2558,startup,-0.2000,reverse,1450.000,1169,increasing,1420.000,1596.569,1288,0,1783739376.859585524,0.234139,0.451489,0.674825,-0.047724,,,,,0.024379,0.000000,0.000000,1.370,0.576
1,2,9.2766,rolling,-0.2000,reverse,1450.000,1169,increasing,1420.000,1592.509,1284,1,1783739376.957261801,0.222022,0.444013,0.676661,-0.071958,-0.0141299,0.0018359,-0.1299300,-0.0360400,0.038509,0.000000,0.000000,1.370,0.576
1,2,9.2911,rolling,-0.2000,reverse,1450.000,1169,increasing,1420.000,1592.509,1284,0,1783739376.957261801,0.222022,0.444013,0.676661,-0.071958,,,,,0.038509,0.000000,0.000000,1.370,0.576
1,2,9.3129,rolling,-0.2000,reverse,1450.000,1169,increasing,1420.000,1592.509,1284,0,1783739376.957261801,0.222022,0.444013,0.676661,-0.071958,,,,,0.038509,0.000000,0.000000,1.370,0.576
1,2,9.3346,rolling,-0.2000,reverse,1450.000,1169,increasing,1420.000,1592.509,1284,0,1783739376.957261801,0.222022,0.444013,0.676661,-0.071958,,,,,0.038509,0.000000,0.000000,1.370,0.576
1,2,9.3562,rolling,-0.2000,reverse,1450.000,1169,increasing,1420.000,1592.509,1284,0,1783739376.957261801,0.222022,0.444013,0.676661,-0.071958,,,,,0.038509,0.000000,0.000000,1.352,0.592
1,2,9.3748,rolling,-0.2000,reverse,1450.000,1169,increasing,1420.000,1594.042,1286,1,1783739377.057725191,0.209792,0.431120,0.677696,-0.097791,-0.0176101,0.0010350,-0.0587710,-0.0163075,0.056119,0.000000,0.000000,1.352,0.592
1,2,9.3860,rolling,-0.2000,reverse,1450.000,1169,increasing,1420.000,1594.042,1286,0,1783739377.057725191,0.209792,0.431120,0.677696,-0.097791,,,,,0.056119,0.000000,0.000000,1.352,0.592
1,2,9.4076,rolling,-0.2000,reverse,1450.000,1169,increasing,1420.000,1594.042,1286,0,1783739377.057725191,0.209792,0.431120,0.677696,-0.097791,,,,,0.056119,0.000000,0.000000,1.352,0.592
1,2,9.4291,rolling,-0.2000,reverse,1450.000,1169,increasing,1420.000,1594.042,1286,0,1783739377.057725191,0.209792,0.431120,0.677696,-0.097791,,,,,0.056119,0.000000,0.000000,1.352,0.592
1,2,9.4506,rolling,-0.2000,reverse,1450.000,1169,increasing,1420.000,1594.042,1286,0,1783739377.057725191,0.209792,0.431120,0.677696,-0.097791,,,,,0.056119,0.000000,0.000000,1.352,0.592
1,2,9.4721,rolling,-0.2000,reverse,1450.000,1169,increasing,1420.000,1594.042,1286,0,1783739377.057725191,0.209792,0.431120,0.677696,-0.097791,,,,,0.056119,0.000000,0.000000,1.333,0.609
1,2,9.4752,rolling,-0.2000,reverse,1450.000,1169,increasing,1420.000,1593.579,1285,1,1783739377.155849695,0.193385,0.416893,0.677633,-0.128635,-0.0217019,-0.0000637,0.0029361,0.0008148,0.077821,-0.021702,-0.000064,1.333,0.609
1,2,9.4868,rolling,-0.2000,reverse,1450.000,1169,increasing,1420.000,1593.579,1285,0,1783739377.155849695,0.193385,0.416893,0.677633,-0.128635,,,,,0.077821,-0.021702,-0.000064,1.333,0.609
1,2,9.5085,rolling,-0.2000,reverse,1450.000,1169,increasing,1420.000,1593.579,1285,0,1783739377.155849695,0.193385,0.416893,0.677633,-0.128635,,,,,0.077821,-0.021702,-0.000064,1.333,0.609
1,2,9.5300,rolling,-0.2000,reverse,1450.000,1169,increasing,1420.000,1593.579,1285,0,1783739377.155849695,0.193385,0.416893,0.677633,-0.128635,,,,,0.077821,-0.021702,-0.000064,1.333,0.609
1,2,9.5515,rolling,-0.2000,reverse,1450.000,1169,increasing,1420.000,1593.579,1285,0,1783739377.155849695,0.193385,0.416893,0.677633,-0.128635,,,,,0.077821,-0.021702,-0.000064,1.333,0.609
1,2,9.5733,rolling,-0.2000,reverse,1450.000,1169,increasing,1420.000,1593.579,1285,0,1783739377.155849695,0.193385,0.416893,0.677633,-0.128635,,,,,0.077821,-0.021702,-0.000064,1.313,0.629
1,2,9.5759,rolling,-0.2000,reverse,1450.000,1169,increasing,1420.000,1593.340,1285,1,1783739377.256373644,0.179520,0.403274,0.679185,-0.144579,-0.0193420,0.0015527,-0.0802770,-0.0222732,0.097163,-0.041044,0.001489,1.313,0.629
1,2,9.5952,rolling,-0.2000,reverse,1450.000,1169,increasing,1420.000,1593.340,1285,0,1783739377.256373644,0.179520,0.403274,0.679185,-0.144579,,,,,0.097163,-0.041044,0.001489,1.313,0.629
1,2,9.6170,rolling,-0.2000,reverse,1450.000,1169,increasing,1420.000,1593.340,1285,0,1783739377.256373644,0.179520,0.403274,0.679185,-0.144579,,,,,0.097163,-0.041044,0.001489,1.313,0.629
1,2,9.6386,rolling,-0.2000,reverse,1450.000,1169,increasing,1420.000,1593.340,1285,0,1783739377.256373644,0.179520,0.403274,0.679185,-0.144579,,,,,0.097163,-0.041044,0.001489,1.313,0.629
1,2,9.6601,rolling,-0.2000,reverse,1450.000,1169,increasing,1420.000,1593.340,1285,0,1783739377.256373644,0.179520,0.403274,0.679185,-0.144579,,,,,0.097163,-0.041044,0.001489,1.289,0.651
1,2,9.6763,rolling,-0.2000,reverse,1450.000,1169,increasing,1420.000,1593.017,1285,1,1783739377.357004404,0.162280,0.387646,0.678843,-0.166147,-0.0232308,-0.0003420,0.0147220,0.0040853,0.120394,-0.064275,0.001147,1.289,0.651
1,2,9.6976,rolling,-0.2000,reverse,1450.000,1169,increasing,1420.000,1593.017,1285,0,1783739377.357004404,0.162280,0.387646,0.678843,-0.166147,,,,,0.120394,-0.064275,0.001147,1.289,0.651
1,2,9.7194,rolling,-0.2000,reverse,1450.000,1169,increasing,1420.000,1593.017,1285,0,1783739377.357004404,0.162280,0.387646,0.678843,-0.166147,,,,,0.120394,-0.064275,0.001147,1.289,0.651
1,2,9.7412,rolling,-0.2000,reverse,1450.000,1169,increasing,1420.000,1593.017,1285,0,1783739377.357004404,0.162280,0.387646,0.678843,-0.166147,,,,,0.120394,-0.064275,0.001147,1.289,0.651
1,2,9.7628,rolling,-0.2000,reverse,1450.000,1169,increasing,1420.000,1593.017,1285,0,1783739377.357004404,0.162280,0.387646,0.678843,-0.166147,,,,,0.120394,-0.064275,0.001147,1.266,0.675
1,2,9.7742,rolling,-0.2000,reverse,1450.000,1169,increasing,1420.000,1592.784,1285,1,1783739377.457415104,0.142442,0.375762,0.677801,-0.181633,-0.0229029,-0.0010418,0.0454898,0.0126228,0.143297,-0.087178,0.000105,1.266,0.675
1,2,9.7903,rolling,-0.2000,reverse,1450.000,1169,increasing,1420.000,1592.784,1285,0,1783739377.457415104,0.142442,0.375762,0.677801,-0.181633,,,,,0.143297,-0.087178,0.000105,1.266,0.675
1,2,9.8120,rolling,-0.2000,reverse,1450.000,1169,increasing,1420.000,1592.784,1285,0,1783739377.457415104,0.142442,0.375762,0.677801,-0.181633,,,,,0.143297,-0.087178,0.000105,1.266,0.675
1,2,9.8335,rolling,-0.2000,reverse,1450.000,1169,increasing,1420.000,1592.784,1285,0,1783739377.457415104,0.142442,0.375762,0.677801,-0.181633,,,,,0.143297,-0.087178,0.000105,1.266,0.675
1,2,9.8550,rolling,-0.2000,reverse,1450.000,1169,increasing,1420.000,1592.784,1285,0,1783739377.457415104,0.142442,0.375762,0.677801,-0.181633,,,,,0.143297,-0.087178,0.000105,1.247,0.698
1,2,9.8745,rolling,-0.2000,reverse,1450.000,1169,increasing,1420.000,1592.784,1285,0,1783739377.457415104,0.142442,0.375762,0.677801,-0.181633,,,,,0.143297,-0.087178,0.000105,1.247,0.698
1,2,9.8963,rolling,-0.2000,reverse,1450.000,1169,increasing,1420.000,1592.637,1284,1,1783739377.555280685,0.126343,0.361271,0.677597,-0.191473,-0.0216276,-0.0002041,0.0094348,0.0026182,0.164924,-0.108805,-0.000099,1.247,0.698
1,2,9.8981,rolling,-0.2000,reverse,1450.000,1169,increasing,1420.000,1592.637,1284,0,1783739377.555280685,0.126343,0.361271,0.677597,-0.191473,,,,,0.164924,-0.108805,-0.000099,1.247,0.698
1,2,9.9198,rolling,-0.2000,reverse,1450.000,1169,increasing,1420.000,1592.637,1284,0,1783739377.555280685,0.126343,0.361271,0.677597,-0.191473,,,,,0.164924,-0.108805,-0.000099,1.247,0.698
1,2,9.9415,rolling,-0.2000,reverse,1450.000,1169,increasing,1420.000,1592.637,1284,0,1783739377.555280685,0.126343,0.361271,0.677597,-0.191473,,,,,0.164924,-0.108805,-0.000099,1.247,0.698
1,2,9.9630,rolling,-0.2000,reverse,1450.000,1169,increasing,1420.000,1592.637,1284,0,1783739377.555280685,0.126343,0.361271,0.677597,-0.191473,,,,,0.164924,-0.108805,-0.000099,1.228,0.719
1,2,9.9751,rolling,-0.2000,reverse,1450.000,1169,increasing,1420.000,1592.629,1284,1,1783739377.655648708,0.111664,0.348518,0.677365,-0.192004,-0.0194309,-0.0002325,0.0119676,0.0033210,0.184355,-0.128236,-0.000331,1.228,0.719
1,2,9.9844,rolling,-0.2000,reverse,1450.000,1169,increasing,1420.000,1592.629,1284,0,1783739377.655648708,0.111664,0.348518,0.677365,-0.192004,,,,,0.184355,-0.128236,-0.000331,1.228,0.719
1,2,10.0061,rolling,-0.2000,reverse,1450.000,1169,increasing,1420.000,1592.629,1284,0,1783739377.655648708,0.111664,0.348518,0.677365,-0.192004,,,,,0.184355,-0.128236,-0.000331,1.228,0.719
1,2,10.0276,rolling,-0.2000,reverse,1450.000,1169,increasing,1420.000,1592.629,1284,0,1783739377.655648708,0.111664,0.348518,0.677365,-0.192004,,,,,0.184355,-0.128236,-0.000331,1.228,0.719
1,2,10.0491,rolling,-0.2000,reverse,1450.000,1169,increasing,1420.000,1592.629,1284,0,1783739377.655648708,0.111664,0.348518,0.677365,-0.192004,,,,,0.184355,-0.128236,-0.000331,1.228,0.719
1,2,10.0706,rolling,-0.2000,reverse,1450.000,1169,increasing,1420.000,1592.629,1284,0,1783739377.655648708,0.111664,0.348518,0.677365,-0.192004,,,,,0.184355,-0.128236,-0.000331,1.207,0.738
1,2,10.0757,rolling,-0.2000,reverse,1450.000,1169,increasing,1420.000,1592.681,1284,1,1783739377.756270885,0.097698,0.337287,0.677369,-0.188530,-0.0179217,0.0000037,-0.0002078,-0.0000577,0.202277,-0.146158,-0.000328,1.207,0.738
1,2,10.0875,rolling,-0.2000,reverse,1450.000,1169,increasing,1420.000,1592.681,1284,0,1783739377.756270885,0.097698,0.337287,0.677369,-0.188530,,,,,0.202277,-0.146158,-0.000328,1.207,0.738
1,2,10.1091,rolling,-0.2000,reverse,1450.000,1169,increasing,1420.000,1592.681,1284,0,1783739377.756270885,0.097698,0.337287,0.677369,-0.188530,,,,,0.202277,-0.146158,-0.000328,1.207,0.738
1,2,10.1306,rolling,-0.2000,reverse,1450.000,1169,increasing,1420.000,1592.681,1284,0,1783739377.756270885,0.097698,0.337287,0.677369,-0.188530,,,,,0.202277,-0.146158,-0.000328,1.207,0.738
1,2,10.1521,rolling,-0.2000,reverse,1450.000,1169,increasing,1420.000,1592.681,1284,0,1783739377.756270885,0.097698,0.337287,0.677369,-0.188530,,,,,0.202277,-0.146158,-0.000328,1.207,0.738
1,2,10.1736,rolling,-0.2000,reverse,1450.000,1169,increasing,1420.000,1592.681,1284,0,1783739377.756270885,0.097698,0.337287,0.677369,-0.188530,,,,,0.202277,-0.146158,-0.000328,1.186,0.758
1,2,10.1764,rolling,-0.2000,reverse,1450.000,1169,increasing,1420.000,1592.509,1284,1,1783739377.856821775,0.078950,0.322987,0.675661,-0.200005,-0.0235720,-0.0017075,0.0724380,0.0200988,0.225849,-0.169730,-0.002035,1.186,0.758
1,2,10.1927,rolling,-0.2000,reverse,1450.000,1169,increasing,1420.000,1592.509,1284,0,1783739377.856821775,0.078950,0.322987,0.675661,-0.200005,,,,,0.225849,-0.169730,-0.002035,1.186,0.758
1,2,10.2143,rolling,-0.2000,reverse,1450.000,1169,increasing,1420.000,1592.509,1284,0,1783739377.856821775,0.078950,0.322987,0.675661,-0.200005,,,,,0.225849,-0.169730,-0.002035,1.186,0.758
1,2,10.2360,rolling,-0.2000,reverse,1450.000,1169,increasing,1420.000,1592.509,1284,0,1783739377.856821775,0.078950,0.322987,0.675661,-0.200005,,,,,0.225849,-0.169730,-0.002035,1.186,0.758
1,2,10.2575,rolling,-0.2000,reverse,1450.000,1169,increasing,1420.000,1592.509,1284,0,1783739377.856821775,0.078950,0.322987,0.675661,-0.200005,,,,,0.225849,-0.169730,-0.002035,1.168,0.775
1,2,10.2774,rolling,-0.2000,reverse,1450.000,1169,increasing,1420.000,1592.641,1284,1,1783739377.957573414,0.067675,0.310517,0.677877,-0.191193,-0.0165995,0.0022157,-0.1334780,-0.0370232,0.242448,-0.186329,0.000180,1.168,0.775
1,2,10.2938,rolling,-0.2000,reverse,1450.000,1169,increasing,1420.000,1592.641,1284,0,1783739377.957573414,0.067675,0.310517,0.677877,-0.191193,,,,,0.242448,-0.186329,0.000180,1.168,0.775
1,2,10.3154,rolling,-0.2000,reverse,1450.000,1169,increasing,1420.000,1592.641,1284,0,1783739377.957573414,0.067675,0.310517,0.677877,-0.191193,,,,,0.242448,-0.186329,0.000180,1.168,0.775
1,2,10.3370,rolling,-0.2000,reverse,1450.000,1169,increasing,1420.000,1592.641,1284,0,1783739377.957573414,0.067675,0.310517,0.677877,-0.191193,,,,,0.242448,-0.186329,0.000180,1.168,0.775
1,2,10.3587,rolling,-0.2000,reverse,1450.000,1169,increasing,1420.000,1592.641,1284,0,1783739377.957573414,0.067675,0.310517,0.677877,-0.191193,,,,,0.242448,-0.186329,0.000180,1.156,0.793
1,2,10.3749,rolling,-0.2000,reverse,1450.000,1169,increasing,1420.000,1592.864,1285,1,1783739378.058087349,0.056989,0.302691,0.676454,-0.176304,-0.0132315,-0.0014223,0.1074963,0.0298214,0.255680,-0.199561,-0.001242,1.156,0.793
1,2,10.3956,rolling,-0.2000,reverse,1450.000,1169,increasing,1420.000,1592.864,1285,0,1783739378.058087349,0.056989,0.302691,0.676454,-0.176304,,,,,0.255680,-0.199561,-0.001242,1.156,0.793
1,2,10.4172,rolling,-0.2000,reverse,1450.000,1169,increasing,1420.000,1592.864,1285,0,1783739378.058087349,0.056989,0.302691,0.676454,-0.176304,,,,,0.255680,-0.199561,-0.001242,1.156,0.793
1,2,10.4387,rolling,-0.2000,reverse,1450.000,1169,increasing,1420.000,1592.864,1285,0,1783739378.058087349,0.056989,0.302691,0.676454,-0.176304,,,,,0.255680,-0.199561,-0.001242,1.156,0.793
1,2,10.4602,rolling,-0.2000,reverse,1450.000,1169,increasing,1420.000,1592.864,1285,0,1783739378.058087349,0.056989,0.302691,0.676454,-0.176304,,,,,0.255680,-0.199561,-0.001242,1.140,0.805
1,2,10.4753,rolling,-0.2000,reverse,1450.000,1169,increasing,1420.000,1593.009,1285,1,1783739378.155947685,0.046303,0.294460,0.676728,-0.166680,-0.0134859,0.0002741,-0.0203257,-0.0056403,0.269166,-0.213047,-0.000968,1.140,0.805
1,2,10.4925,rolling,-0.2000,reverse,1450.000,1169,increasing,1420.000,1593.009,1285,0,1783739378.155947685,0.046303,0.294460,0.676728,-0.166680,,,,,0.269166,-0.213047,-0.000968,1.140,0.805
1,2,10.5141,rolling,-0.2000,reverse,1450.000,1169,increasing,1420.000,1593.009,1285,0,1783739378.155947685,0.046303,0.294460,0.676728,-0.166680,,,,,0.269166,-0.213047,-0.000968,1.140,0.805
1,2,10.5357,rolling,-0.2000,reverse,1450.000,1169,increasing,1420.000,1593.009,1285,0,1783739378.155947685,0.046303,0.294460,0.676728,-0.166680,,,,,0.269166,-0.213047,-0.000968,1.140,0.805
1,2,10.5572,rolling,-0.2000,reverse,1450.000,1169,increasing,1420.000,1593.009,1285,0,1783739378.155947685,0.046303,0.294460,0.676728,-0.166680,,,,,0.269166,-0.213047,-0.000968,1.128,0.817
1,2,10.5759,rolling,-0.2000,reverse,1450.000,1169,increasing,1420.000,1593.160,1285,1,1783739378.256523371,0.035079,0.288159,0.676348,-0.156572,-0.0126976,-0.0003803,0.0299484,0.0083105,0.281863,-0.225744,-0.001348,1.128,0.817
1,2,10.5899,rolling,-0.2000,reverse,1450.000,1169,increasing,1420.000,1593.160,1285,0,1783739378.256523371,0.035079,0.288159,0.676348,-0.156572,,,,,0.281863,-0.225744,-0.001348,1.128,0.817
1,2,10.6118,rolling,-0.2000,reverse,1450.000,1169,increasing,1420.000,1593.160,1285,0,1783739378.256523371,0.035079,0.288159,0.676348,-0.156572,,,,,0.281863,-0.225744,-0.001348,1.128,0.817
1,2,10.6335,rolling,-0.2000,reverse,1450.000,1169,increasing,1420.000,1593.160,1285,0,1783739378.256523371,0.035079,0.288159,0.676348,-0.156572,,,,,0.281863,-0.225744,-0.001348,1.128,0.817
1,2,10.6551,rolling,-0.2000,reverse,1450.000,1169,increasing,1420.000,1593.160,1285,0,1783739378.256523371,0.035079,0.288159,0.676348,-0.156572,,,,,0.281863,-0.225744,-0.001348,1.120,0.831
1,2,10.6766,rolling,-0.2000,reverse,1450.000,1169,increasing,1420.000,1593.404,1285,1,1783739378.357038260,0.029639,0.280223,0.676172,-0.140334,-0.0092090,-0.0001759,0.0190955,0.0052990,0.291072,-0.234953,-0.001524,1.120,0.831
1,2,10.6907,rolling,-0.2000,reverse,1450.000,1169,increasing,1420.000,1593.404,1285,0,1783739378.357038260,0.029639,0.280223,0.676172,-0.140334,,,,,0.291072,-0.234953,-0.001524,1.120,0.831
1,2,10.7123,rolling,-0.2000,reverse,1450.000,1169,increasing,1420.000,1593.404,1285,0,1783739378.357038260,0.029639,0.280223,0.676172,-0.140334,,,,,0.291072,-0.234953,-0.001524,1.120,0.831
1,2,10.7339,rolling,-0.2000,reverse,1450.000,1169,increasing,1420.000,1593.404,1285,0,1783739378.357038260,0.029639,0.280223,0.676172,-0.140334,,,,,0.291072,-0.234953,-0.001524,1.120,0.831
1,2,10.7554,rolling,-0.2000,reverse,1450.000,1169,increasing,1420.000,1593.404,1285,0,1783739378.357038260,0.029639,0.280223,0.676172,-0.140334,,,,,0.291072,-0.234953,-0.001524,1.107,0.841
1,2,10.7770,rolling,-0.2000,reverse,1450.000,1169,increasing,1420.000,1593.404,1285,0,1783739378.357038260,0.029639,0.280223,0.676172,-0.140334,,,,,0.291072,-0.234953,-0.001524,1.107,0.841
1,2,10.7988,rolling,-0.2000,reverse,1450.000,1169,increasing,1420.000,1593.461,1285,1,1783739378.457610607,0.018310,0.274261,0.677711,-0.136487,-0.0125662,0.0015391,-0.1224781,-0.0339746,0.303639,-0.247519,0.000015,1.107,0.841
1,2,10.8006,rolling,-0.2000,reverse,1450.000,1169,increasing,1420.000,1593.461,1285,0,1783739378.457610607,0.018310,0.274261,0.677711,-0.136487,,,,,0.303639,-0.247519,0.000015,1.107,0.841
1,2,10.8221,rolling,-0.2000,reverse,1450.000,1169,increasing,1420.000,1593.461,1285,0,1783739378.457610607,0.018310,0.274261,0.677711,-0.136487,,,,,0.303639,-0.247519,0.000015,1.107,0.841
1,2,10.8436,rolling,-0.2000,reverse,1450.000,1169,increasing,1420.000,1593.461,1285,0,1783739378.457610607,0.018310,0.274261,0.677711,-0.136487,,,,,0.303639,-0.247519,0.000015,1.107,0.841
1,2,10.8652,rolling,-0.2000,reverse,1450.000,1169,increasing,1420.000,1593.461,1285,0,1783739378.457610607,0.018310,0.274261,0.677711,-0.136487,,,,,0.303639,-0.247519,0.000015,1.098,0.853
1,2,10.8778,rolling,-0.2000,reverse,1450.000,1169,increasing,1420.000,1593.652,1285,1,1783739378.558128595,0.013473,0.266544,0.678167,-0.123771,-0.0086068,0.0004555,-0.0529178,-0.0146836,0.312245,-0.256126,0.000471,1.098,0.853
1,2,10.8876,rolling,-0.2000,reverse,1450.000,1169,increasing,1420.000,1593.652,1285,0,1783739378.558128595,0.013473,0.266544,0.678167,-0.123771,,,,,0.312245,-0.256126,0.000471,1.098,0.853
1,2,10.9092,rolling,-0.2000,reverse,1450.000,1169,increasing,1420.000,1593.652,1285,0,1783739378.558128595,0.013473,0.266544,0.678167,-0.123771,,,,,0.312245,-0.256126,0.000471,1.098,0.853
1,2,10.9308,rolling,-0.2000,reverse,1450.000,1169,increasing,1420.000,1593.652,1285,0,1783739378.558128595,0.013473,0.266544,0.678167,-0.123771,,,,,0.312245,-0.256126,0.000471,1.098,0.853
1,2,10.9523,rolling,-0.2000,reverse,1450.000,1169,increasing,1420.000,1593.652,1285,0,1783739378.558128595,0.013473,0.266544,0.678167,-0.123771,,,,,0.312245,-0.256126,0.000471,1.098,0.853
1,2,10.9737,rolling,-0.2000,reverse,1450.000,1169,increasing,1420.000,1593.652,1285,0,1783739378.558128595,0.013473,0.266544,0.678167,-0.123771,,,,,0.312245,-0.256126,0.000471,1.093,0.859
1,2,10.9782,rolling,-0.2000,reverse,1450.000,1169,increasing,1420.000,1593.986,1285,1,1783739378.658841372,0.011861,0.262957,0.677306,-0.101530,-0.0035054,-0.0008609,0.2455962,0.0680477,0.315751,-0.256126,0.000471,1.093,0.859
1,2,10.9929,rolling,-0.2000,reverse,1450.000,1169,increasing,1420.000,1593.986,1285,0,1783739378.658841372,0.011861,0.262957,0.677306,-0.101530,,,,,0.315751,-0.256126,0.000471,1.093,0.859
1,2,11.0147,rolling,-0.2000,reverse,1450.000,1169,increasing,1420.000,1593.986,1285,0,1783739378.658841372,0.011861,0.262957,0.677306,-0.101530,,,,,0.315751,-0.256126,0.000471,1.093,0.859
1,2,11.0363,rolling,-0.2000,reverse,1450.000,1169,increasing,1420.000,1593.986,1285,0,1783739378.658841372,0.011861,0.262957,0.677306,-0.101530,,,,,0.315751,-0.256126,0.000471,1.093,0.859
1,2,11.0579,rolling,-0.2000,reverse,1450.000,1169,increasing,1420.000,1593.986,1285,0,1783739378.658841372,0.011861,0.262957,0.677306,-0.101530,,,,,0.315751,-0.256126,0.000471,1.093,0.860
1,2,11.0788,rolling,-0.2000,reverse,1450.000,1169,increasing,1420.000,1594.368,1286,1,1783739378.759290934,0.010322,0.264949,0.676862,-0.076026,0.0000489,-0.0004443,-9.0927264,-1.1934688,0.315800,-0.256126,0.000471,1.093,0.860
1,2,11.0957,rolling,-0.2000,reverse,1450.000,1169,increasing,1420.000,1594.368,1286,0,1783739378.759290934,0.010322,0.264949,0.676862,-0.076026,,,,,0.315800,-0.256126,0.000471,1.093,0.860
1,2,11.1173,rolling,-0.2000,reverse,1450.000,1169,increasing,1420.000,1594.368,1286,0,1783739378.759290934,0.010322,0.264949,0.676862,-0.076026,,,,,0.315800,-0.256126,0.000471,1.093,0.860
1,2,11.1389,rolling,-0.2000,reverse,1450.000,1169,increasing,1420.000,1594.368,1286,0,1783739378.759290934,0.010322,0.264949,0.676862,-0.076026,,,,,0.315800,-0.256126,0.000471,1.093,0.860
1,2,11.1606,rolling,-0.2000,reverse,1450.000,1169,increasing,1420.000,1594.368,1286,0,1783739378.759290934,0.010322,0.264949,0.676862,-0.076026,,,,,0.315800,-0.256126,0.000471,1.093,0.860
1,2,11.1764,rolling,-0.2000,reverse,1450.000,1169,increasing,1420.000,1594.725,1286,1,1783739378.859856606,0.011556,0.266494,0.676831,-0.052225,0.0019288,-0.0000303,-0.0157045,-0.0043580,0.317728,-0.256126,0.000471,1.093,0.860
1,2,11.1865,rolling,-0.2000,reverse,1450.000,1169,increasing,1420.000,1594.725,1286,0,1783739378.859856606,0.011556,0.266494,0.676831,-0.052225,,,,,0.317728,-0.256126,0.000471,1.093,0.860
1,2,11.2081,rolling,-0.2000,reverse,1450.000,1169,increasing,1420.000,1594.725,1286,0,1783739378.859856606,0.011556,0.266494,0.676831,-0.052225,,,,,0.317728,-0.256126,0.000471,1.093,0.860
1,2,11.2297,rolling,-0.2000,reverse,1450.000,1169,increasing,1420.000,1594.725,1286,0,1783739378.859856606,0.011556,0.266494,0.676831,-0.052225,,,,,0.317728,-0.256126,0.000471,1.093,0.860
1,2,11.2513,rolling,-0.2000,reverse,1450.000,1169,increasing,1420.000,1594.725,1286,0,1783739378.859856606,0.011556,0.266494,0.676831,-0.052225,,,,,0.317728,-0.256126,0.000471,1.093,0.860
1,2,11.2728,rolling,-0.2000,reverse,1450.000,1169,increasing,1420.000,1594.725,1286,0,1783739378.859856606,0.011556,0.266494,0.676831,-0.052225,,,,,0.317728,-0.256126,0.000471,1.094,0.859
1,2,11.2774,rolling,-0.2000,reverse,1450.000,1169,increasing,1420.000,1594.849,1286,1,1783739378.957592487,0.009352,0.266210,0.676624,-0.044018,-0.0018958,-0.0002074,0.1094210,0.0303550,0.319624,-0.256126,0.000471,1.094,0.859
1,2,11.2919,rolling,-0.2000,reverse,1450.000,1169,increasing,1420.000,1594.849,1286,0,1783739378.957592487,0.009352,0.266210,0.676624,-0.044018,,,,,0.319624,-0.256126,0.000471,1.094,0.859
1,2,11.3136,rolling,-0.2000,reverse,1450.000,1169,increasing,1420.000,1594.849,1286,0,1783739378.957592487,0.009352,0.266210,0.676624,-0.044018,,,,,0.319624,-0.256126,0.000471,1.094,0.859
1,2,11.3351,rolling,-0.2000,reverse,1450.000,1169,increasing,1420.000,1594.849,1286,0,1783739378.957592487,0.009352,0.266210,0.676624,-0.044018,,,,,0.319624,-0.256126,0.000471,1.094,0.859
1,2,11.3566,rolling,-0.2000,reverse,1450.000,1169,increasing,1420.000,1594.849,1286,0,1783739378.957592487,0.009352,0.266210,0.676624,-0.044018,,,,,0.319624,-0.256126,0.000471,1.087,0.862
1,2,11.3749,rolling,-0.2000,reverse,1450.000,1169,increasing,1420.000,1594.872,1286,1,1783739379.058561087,0.008240,0.261509,0.677367,-0.042450,-0.0038114,0.0007428,-0.1948929,-0.0540301,0.323436,-0.256126,0.000471,1.087,0.862
1,2,11.3877,rolling,-0.2000,reverse,1450.000,1169,increasing,1420.000,1594.872,1286,0,1783739379.058561087,0.008240,0.261509,0.677367,-0.042450,,,,,0.323436,-0.256126,0.000471,1.087,0.862
1,2,11.4094,rolling,-0.2000,reverse,1450.000,1169,increasing,1420.000,1594.872,1286,0,1783739379.058561087,0.008240,0.261509,0.677367,-0.042450,,,,,0.323436,-0.256126,0.000471,1.087,0.862
1,2,11.4309,rolling,-0.2000,reverse,1450.000,1169,increasing,1420.000,1594.872,1286,0,1783739379.058561087,0.008240,0.261509,0.677367,-0.042450,,,,,0.323436,-0.256126,0.000471,1.087,0.862
1,2,11.4524,rolling,-0.2000,reverse,1450.000,1169,increasing,1420.000,1594.872,1286,0,1783739379.058561087,0.008240,0.261509,0.677367,-0.042450,,,,,0.323436,-0.256126,0.000471,1.083,0.866
1,2,11.4733,rolling,-0.2000,reverse,1450.000,1169,increasing,1420.000,1594.852,1286,1,1783739379.155932426,0.003685,0.259753,0.677650,-0.043776,-0.0046497,0.0002836,-0.0609951,-0.0169245,0.328085,-0.256126,0.000471,1.083,0.866
1,2,11.4910,rolling,-0.2000,reverse,1450.000,1169,increasing,1420.000,1594.852,1286,0,1783739379.155932426,0.003685,0.259753,0.677650,-0.043776,,,,,0.328085,-0.256126,0.000471,1.083,0.866
1,2,11.5126,rolling,-0.2000,reverse,1450.000,1169,increasing,1420.000,1594.852,1286,0,1783739379.155932426,0.003685,0.259753,0.677650,-0.043776,,,,,0.328085,-0.256126,0.000471,1.083,0.866
1,2,11.5342,rolling,-0.2000,reverse,1450.000,1169,increasing,1420.000,1594.852,1286,0,1783739379.155932426,0.003685,0.259753,0.677650,-0.043776,,,,,0.328085,-0.256126,0.000471,1.083,0.866
1,2,11.5557,rolling,-0.2000,reverse,1450.000,1169,increasing,1420.000,1594.852,1286,0,1783739379.155932426,0.003685,0.259753,0.677650,-0.043776,,,,,0.328085,-0.256126,0.000471,1.074,0.873
1,2,11.5736,rolling,-0.2000,reverse,1450.000,1169,increasing,1420.000,1594.635,1286,1,1783739379.254303932,-0.003053,0.252187,0.678420,-0.058229,-0.0099935,0.0007693,-0.0769771,-0.0213579,0.338079,-0.256126,0.000471,1.074,0.873
1,2,11.5941,rolling,-0.2000,reverse,1450.000,1169,increasing,1420.000,1594.635,1286,0,1783739379.254303932,-0.003053,0.252187,0.678420,-0.058229,,,,,0.338079,-0.256126,0.000471,1.074,0.873
1,2,11.6157,rolling,-0.2000,reverse,1450.000,1169,increasing,1420.000,1594.635,1286,0,1783739379.254303932,-0.003053,0.252187,0.678420,-0.058229,,,,,0.338079,-0.256126,0.000471,1.074,0.873
1,2,11.6372,rolling,-0.2000,reverse,1450.000,1169,increasing,1420.000,1594.635,1286,0,1783739379.254303932,-0.003053,0.252187,0.678420,-0.058229,,,,,0.338079,-0.256126,0.000471,1.074,0.873
1,2,11.6587,rolling,-0.2000,reverse,1450.000,1169,increasing,1420.000,1594.635,1286,0,1783739379.254303932,-0.003053,0.252187,0.678420,-0.058229,,,,,0.338079,-0.256126,0.000471,1.067,0.880
1,2,11.6717,rolling,-0.2000,reverse,1450.000,1169,increasing,1420.000,1594.511,1286,1,1783739379.354731083,-0.010312,0.246586,0.678911,-0.066491,-0.0091665,0.0004912,-0.0535891,-0.0148699,0.347245,-0.256126,0.000471,1.067,0.880
1,2,11.6826,rolling,-0.2000,reverse,1450.000,1169,increasing,1420.000,1594.511,1286,0,1783739379.354731083,-0.010312,0.246586,0.678911,-0.066491,,,,,0.347245,-0.256126,0.000471,1.067,0.880
1,2,11.7042,rolling,-0.2000,reverse,1450.000,1169,increasing,1420.000,1594.511,1286,0,1783739379.354731083,-0.010312,0.246586,0.678911,-0.066491,,,,,0.347245,-0.256126,0.000471,1.067,0.880
1,2,11.7258,rolling,-0.2000,reverse,1450.000,1169,increasing,1420.000,1594.511,1286,0,1783739379.354731083,-0.010312,0.246586,0.678911,-0.066491,,,,,0.347245,-0.256126,0.000471,1.067,0.880
1,2,11.7473,rolling,-0.2000,reverse,1450.000,1169,increasing,1420.000,1594.511,1286,0,1783739379.354731083,-0.010312,0.246586,0.678911,-0.066491,,,,,0.347245,-0.256126,0.000471,1.067,0.880
1,2,11.7691,rolling,-0.2000,reverse,1450.000,1169,increasing,1420.000,1594.511,1286,0,1783739379.354731083,-0.010312,0.246586,0.678911,-0.066491,,,,,0.347245,-0.256126,0.000471,1.061,0.888
1,2,11.7720,rolling,-0.2000,reverse,1450.000,1169,increasing,1420.000,1594.557,1286,1,1783739379.452894211,-0.012872,0.241288,0.680346,-0.063420,-0.0053212,0.0014352,-0.2697120,-0.0747058,0.352566,-0.256126,0.000471,1.061,0.888
1,2,11.7892,rolling,-0.2000,reverse,1450.000,1169,increasing,1420.000,1594.557,1286,0,1783739379.452894211,-0.012872,0.241288,0.680346,-0.063420,,,,,0.352566,-0.256126,0.000471,1.061,0.888
1,2,11.8111,rolling,-0.2000,reverse,1450.000,1169,increasing,1420.000,1594.557,1286,0,1783739379.452894211,-0.012872,0.241288,0.680346,-0.063420,,,,,0.352566,-0.256126,0.000471,1.061,0.888
1,2,11.8327,rolling,-0.2000,reverse,1450.000,1169,increasing,1420.000,1594.557,1286,0,1783739379.452894211,-0.012872,0.241288,0.680346,-0.063420,,,,,0.352566,-0.256126,0.000471,1.061,0.888
1,2,11.8542,rolling,-0.2000,reverse,1450.000,1169,increasing,1420.000,1594.557,1286,0,1783739379.452894211,-0.012872,0.241288,0.680346,-0.063420,,,,,0.352566,-0.256126,0.000471,1.053,0.893
1,2,11.8732,rolling,-0.2000,reverse,1450.000,1169,increasing,1420.000,1594.493,1286,1,1783739379.553328276,-0.019107,0.236132,0.679534,-0.067702,-0.0080897,-0.0008124,0.1004233,0.0278603,0.360656,-0.256126,0.000471,1.053,0.893
1,2,11.8859,rolling,-0.2000,reverse,1450.000,1169,increasing,1420.000,1594.493,1286,0,1783739379.553328276,-0.019107,0.236132,0.679534,-0.067702,,,,,0.360656,-0.256126,0.000471,1.053,0.893
1,2,11.9075,rolling,-0.2000,reverse,1450.000,1169,increasing,1420.000,1594.493,1286,0,1783739379.553328276,-0.019107,0.236132,0.679534,-0.067702,,,,,0.360656,-0.256126,0.000471,1.053,0.893
1,2,11.9291,rolling,-0.2000,reverse,1450.000,1169,increasing,1420.000,1594.493,1286,0,1783739379.553328276,-0.019107,0.236132,0.679534,-0.067702,,,,,0.360656,-0.256126,0.000471,1.053,0.893
1,2,11.9508,rolling,-0.2000,reverse,1450.000,1169,increasing,1420.000,1594.493,1286,0,1783739379.553328276,-0.019107,0.236132,0.679534,-0.067702,,,,,0.360656,-0.256126,0.000471,1.053,0.893
1,2,11.9725,rolling,-0.2000,reverse,1450.000,1169,increasing,1420.000,1594.493,1286,0,1783739379.553328276,-0.019107,0.236132,0.679534,-0.067702,,,,,0.360656,-0.256126,0.000471,1.042,0.904
1,2,11.9751,rolling,-0.2000,reverse,1450.000,1169,increasing,1420.000,1594.445,1286,1,1783739379.653937578,-0.026102,0.231886,0.679891,-0.070928,-0.0081096,0.0003570,-0.0440277,-0.0122171,0.368766,-0.256126,0.000471,1.042,0.904
1,2,11.9880,rolling,-0.2000,reverse,1450.000,1169,increasing,1420.000,1594.445,1286,0,1783739379.653937578,-0.026102,0.231886,0.679891,-0.070928,,,,,0.368766,-0.256126,0.000471,1.042,0.904
1,2,12.0096,rolling,-0.2000,reverse,1450.000,1169,increasing,1420.000,1594.445,1286,0,1783739379.653937578,-0.026102,0.231886,0.679891,-0.070928,,,,,0.368766,-0.256126,0.000471,1.042,0.904
1,2,12.0311,rolling,-0.2000,reverse,1450.000,1169,increasing,1420.000,1594.445,1286,0,1783739379.653937578,-0.026102,0.231886,0.679891,-0.070928,,,,,0.368766,-0.256126,0.000471,1.042,0.904
1,2,12.0527,rolling,-0.2000,reverse,1450.000,1169,increasing,1420.000,1594.445,1286,0,1783739379.653937578,-0.026102,0.231886,0.679891,-0.070928,,,,,0.368766,-0.256126,0.000471,1.031,0.914
1,2,12.0713,rolling,-0.2000,reverse,1450.000,1169,increasing,1420.000,1594.245,1286,1,1783739379.754514694,-0.035938,0.224168,0.680858,-0.084269,-0.0125012,0.0009671,-0.0773599,-0.0214641,0.381267,-0.256126,0.000471,1.031,0.914
1,2,12.0896,rolling,-0.2000,reverse,1450.000,1169,increasing,1420.000,1594.245,1286,0,1783739379.754514694,-0.035938,0.224168,0.680858,-0.084269,,,,,0.381267,-0.256126,0.000471,1.031,0.914
1,2,12.1113,rolling,-0.2000,reverse,1450.000,1169,increasing,1420.000,1594.245,1286,0,1783739379.754514694,-0.035938,0.224168,0.680858,-0.084269,,,,,0.381267,-0.256126,0.000471,1.031,0.914
1,2,12.1328,rolling,-0.2000,reverse,1450.000,1169,increasing,1420.000,1594.245,1286,0,1783739379.754514694,-0.035938,0.224168,0.680858,-0.084269,,,,,0.381267,-0.256126,0.000471,1.031,0.914
1,2,12.1543,rolling,-0.2000,reverse,1450.000,1169,increasing,1420.000,1594.245,1286,0,1783739379.754514694,-0.035938,0.224168,0.680858,-0.084269,,,,,0.381267,-0.256126,0.000471,1.020,0.925
1,2,12.1717,rolling,-0.2000,reverse,1450.000,1169,increasing,1420.000,1594.159,1286,1,1783739379.852333069,-0.045012,0.218724,0.680589,-0.089981,-0.0104781,-0.0002689,0.0256589,0.0071202,0.391745,-0.256126,0.000471,1.020,0.925
1,2,12.1834,rolling,-0.2000,reverse,1450.000,1169,increasing,1420.000,1594.159,1286,0,1783739379.852333069,-0.045012,0.218724,0.680589,-0.089981,,,,,0.391745,-0.256126,0.000471,1.020,0.925
1,2,12.2050,rolling,-0.2000,reverse,1450.000,1169,increasing,1420.000,1594.159,1286,0,1783739379.852333069,-0.045012,0.218724,0.680589,-0.089981,,,,,0.391745,-0.256126,0.000471,1.020,0.925
1,2,12.2266,rolling,-0.2000,reverse,1450.000,1169,increasing,1420.000,1594.159,1286,0,1783739379.852333069,-0.045012,0.218724,0.680589,-0.089981,,,,,0.391745,-0.256126,0.000471,1.020,0.925
1,2,12.2481,rolling,-0.2000,reverse,1450.000,1169,increasing,1420.000,1594.159,1286,0,1783739379.852333069,-0.045012,0.218724,0.680589,-0.089981,,,,,0.391745,-0.256126,0.000471,1.020,0.925
1,2,12.2697,rolling,-0.2000,reverse,1450.000,1169,increasing,1420.000,1594.159,1286,0,1783739379.852333069,-0.045012,0.218724,0.680589,-0.089981,,,,,0.391745,-0.256126,0.000471,1.007,0.937
1,2,12.2724,rolling,-0.2000,reverse,1450.000,1169,increasing,1420.000,1594.025,1286,1,1783739379.952851057,-0.054868,0.210826,0.680586,-0.098897,-0.0126296,-0.0000028,0.0002237,0.0000621,0.404375,-0.256126,0.000471,1.007,0.937
1,2,12.2843,rolling,-0.2000,reverse,1450.000,1169,increasing,1420.000,1594.025,1286,0,1783739379.952851057,-0.054868,0.210826,0.680586,-0.098897,,,,,0.404375,-0.256126,0.000471,1.007,0.937
1,2,12.3060,rolling,-0.2000,reverse,1450.000,1169,increasing,1420.000,1594.025,1286,0,1783739379.952851057,-0.054868,0.210826,0.680586,-0.098897,,,,,0.404375,-0.256126,0.000471,1.007,0.937
1,2,12.3277,rolling,-0.2000,reverse,1450.000,1169,increasing,1420.000,1594.025,1286,0,1783739379.952851057,-0.054868,0.210826,0.680586,-0.098897,,,,,0.404375,-0.256126,0.000471,1.007,0.937
1,2,12.3493,rolling,-0.2000,reverse,1450.000,1169,increasing,1420.000,1594.025,1286,0,1783739379.952851057,-0.054868,0.210826,0.680586,-0.098897,,,,,0.404375,-0.256126,0.000471,1.007,0.937
1,2,12.3708,rolling,-0.2000,reverse,1450.000,1169,increasing,1420.000,1594.025,1286,0,1783739379.952851057,-0.054868,0.210826,0.680586,-0.098897,,,,,0.404375,-0.256126,0.000471,0.996,0.947
1,2,12.3733,rolling,-0.2000,reverse,1450.000,1169,increasing,1420.000,1594.073,1286,1,1783739380.053492069,-0.062205,0.206119,0.681242,-0.095695,-0.0086638,0.0006560,-0.0757212,-0.0210095,0.413039,-0.256126,0.000471,0.996,0.947
1,2,12.3924,rolling,-0.2000,reverse,1450.000,1169,increasing,1420.000,1594.073,1286,0,1783739380.053492069,-0.062205,0.206119,0.681242,-0.095695,,,,,0.413039,-0.256126,0.000471,0.996,0.947
1,2,12.4140,rolling,-0.2000,reverse,1450.000,1169,increasing,1420.000,1594.073,1286,0,1783739380.053492069,-0.062205,0.206119,0.681242,-0.095695,,,,,0.413039,-0.256126,0.000471,0.996,0.947
1,2,12.4356,rolling,-0.2000,reverse,1450.000,1169,increasing,1420.000,1594.073,1286,0,1783739380.053492069,-0.062205,0.206119,0.681242,-0.095695,,,,,0.413039,-0.256126,0.000471,0.996,0.947
1,2,12.4571,rolling,-0.2000,reverse,1450.000,1169,increasing,1420.000,1594.073,1286,0,1783739380.053492069,-0.062205,0.206119,0.681242,-0.095695,,,,,0.413039,-0.256126,0.000471,0.985,0.958
1,2,12.4735,rolling,-0.2000,reverse,1450.000,1169,increasing,1420.000,1593.998,1285,1,1783739380.153948069,-0.069979,0.197245,0.682561,-0.100710,-0.0116286,0.0013191,-0.1134320,-0.0314670,0.424667,-0.256126,0.000471,0.985,0.958
1,2,12.4853,rolling,-0.2000,reverse,1450.000,1169,increasing,1420.000,1593.998,1285,0,1783739380.153948069,-0.069979,0.197245,0.682561,-0.100710,,,,,0.424667,-0.256126,0.000471,0.985,0.958
1,2,12.5069,rolling,-0.2000,reverse,1450.000,1169,increasing,1420.000,1593.998,1285,0,1783739380.153948069,-0.069979,0.197245,0.682561,-0.100710,,,,,0.424667,-0.256126,0.000471,0.985,0.958
1,2,12.5284,rolling,-0.2000,reverse,1450.000,1169,increasing,1420.000,1593.998,1285,0,1783739380.153948069,-0.069979,0.197245,0.682561,-0.100710,,,,,0.424667,-0.256126,0.000471,0.985,0.958
1,2,12.5500,rolling,-0.2000,reverse,1450.000,1169,increasing,1420.000,1593.998,1285,0,1783739380.153948069,-0.069979,0.197245,0.682561,-0.100710,,,,,0.424667,-0.256126,0.000471,0.985,0.958
1,2,12.5715,rolling,-0.2000,reverse,1450.000,1169,increasing,1420.000,1593.998,1285,0,1783739380.153948069,-0.069979,0.197245,0.682561,-0.100710,,,,,0.424667,-0.256126,0.000471,0.978,0.966
1,2,12.5740,rolling,-0.2000,reverse,1450.000,1169,increasing,1420.000,1593.981,1285,1,1783739380.254534483,-0.078942,0.191477,0.681138,-0.101863,-0.0105938,-0.0014237,0.1343855,0.0372747,0.435261,-0.256126,0.000471,0.978,0.966
1,2,12.5881,rolling,-0.2000,reverse,1450.000,1169,increasing,1420.000,1593.981,1285,0,1783739380.254534483,-0.078942,0.191477,0.681138,-0.101863,,,,,0.435261,-0.256126,0.000471,0.978,0.966
1,2,12.6098,rolling,-0.2000,reverse,1450.000,1169,increasing,1420.000,1593.981,1285,0,1783739380.254534483,-0.078942,0.191477,0.681138,-0.101863,,,,,0.435261,-0.256126,0.000471,0.978,0.966
1,2,12.6314,rolling,-0.2000,reverse,1450.000,1169,increasing,1420.000,1593.981,1285,0,1783739380.254534483,-0.078942,0.191477,0.681138,-0.101863,,,,,0.435261,-0.256126,0.000471,0.978,0.966
1,2,12.6530,rolling,-0.2000,reverse,1450.000,1169,increasing,1420.000,1593.981,1285,0,1783739380.254534483,-0.078942,0.191477,0.681138,-0.101863,,,,,0.435261,-0.256126,0.000471,0.979,0.971
1,2,12.6722,rolling,-0.2000,reverse,1450.000,1169,increasing,1420.000,1594.438,1286,1,1783739380.355102062,-0.077298,0.192662,0.681037,-0.071369,0.0020228,-0.0001005,-0.0497008,-0.0137911,0.437284,-0.256126,0.000471,0.979,0.971
1,2,12.6896,rolling,-0.2000,reverse,1450.000,1169,increasing,1420.000,1594.438,1286,0,1783739380.355102062,-0.077298,0.192662,0.681037,-0.071369,,,,,0.437284,-0.256126,0.000471,0.979,0.971
1,2,12.7114,rolling,-0.2000,reverse,1450.000,1169,increasing,1420.000,1594.438,1286,0,1783739380.355102062,-0.077298,0.192662,0.681037,-0.071369,,,,,0.437284,-0.256126,0.000471,0.979,0.971
1,2,12.7331,rolling,-0.2000,reverse,1450.000,1169,increasing,1420.000,1594.438,1286,0,1783739380.355102062,-0.077298,0.192662,0.681037,-0.071369,,,,,0.437284,-0.256126,0.000471,0.979,0.971
1,2,12.7547,rolling,-0.2000,reverse,1450.000,1169,increasing,1420.000,1594.438,1286,0,1783739380.355102062,-0.077298,0.192662,0.681037,-0.071369,,,,,0.437284,-0.256126,0.000471,0.976,0.970
1,2,12.7731,rolling,-0.2000,reverse,1450.000,1169,increasing,1420.000,1594.530,1286,1,1783739380.453312159,-0.079046,0.187521,0.681978,-0.065226,-0.0045960,0.0009414,-0.2048224,-0.0567771,0.441880,-0.256126,0.000471,0.976,0.970
1,2,12.7874,rolling,-0.2000,reverse,1450.000,1169,increasing,1420.000,1594.530,1286,0,1783739380.453312159,-0.079046,0.187521,0.681978,-0.065226,,,,,0.441880,-0.256126,0.000471,0.976,0.970
1,2,12.8090,rolling,-0.2000,reverse,1450.000,1169,increasing,1420.000,1594.530,1286,0,1783739380.453312159,-0.079046,0.187521,0.681978,-0.065226,,,,,0.441880,-0.256126,0.000471,0.976,0.970
1,2,12.8306,rolling,-0.2000,reverse,1450.000,1169,increasing,1420.000,1594.530,1286,0,1783739380.453312159,-0.079046,0.187521,0.681978,-0.065226,,,,,0.441880,-0.256126,0.000471,0.976,0.970
1,2,12.8521,rolling,-0.2000,reverse,1450.000,1169,increasing,1420.000,1594.530,1286,0,1783739380.453312159,-0.079046,0.187521,0.681978,-0.065226,,,,,0.441880,-0.256126,0.000471,0.976,0.972
1,2,12.8733,rolling,-0.2000,reverse,1450.000,1169,increasing,1420.000,1594.944,1286,1,1783739380.553747892,-0.076527,0.191590,0.680695,-0.037670,0.0045192,-0.0012832,-0.2839470,-0.0786328,0.446399,-0.256126,0.000471,0.976,0.972
1,2,12.8904,rolling,-0.2000,reverse,1450.000,1169,increasing,1420.000,1594.944,1286,0,1783739380.553747892,-0.076527,0.191590,0.680695,-0.037670,,,,,0.446399,-0.256126,0.000471,0.976,0.972
1,2,12.9120,rolling,-0.2000,reverse,1450.000,1169,increasing,1420.000,1594.944,1286,0,1783739380.553747892,-0.076527,0.191590,0.680695,-0.037670,,,,,0.446399,-0.256126,0.000471,0.976,0.972
1,2,12.9336,rolling,-0.2000,reverse,1450.000,1169,increasing,1420.000,1594.944,1286,0,1783739380.553747892,-0.076527,0.191590,0.680695,-0.037670,,,,,0.446399,-0.256126,0.000471,0.976,0.972
1,2,12.9551,rolling,-0.2000,reverse,1450.000,1169,increasing,1420.000,1594.944,1286,0,1783739380.553747892,-0.076527,0.191590,0.680695,-0.037670,,,,,0.446399,-0.256126,0.000471,0.976,0.971
1,2,12.9737,rolling,-0.2000,reverse,1450.000,1169,increasing,1420.000,1595.103,1286,1,1783739380.654434919,-0.076038,0.191755,0.681342,-0.027051,0.0004838,0.0006470,1.3373023,0.3553483,0.446883,-0.256126,0.000471,0.976,0.971
1,2,12.9896,rolling,-0.2000,reverse,1450.000,1169,increasing,1420.000,1595.103,1286,0,1783739380.654434919,-0.076038,0.191755,0.681342,-0.027051,,,,,0.446883,-0.256126,0.000471,0.976,0.971
1,2,13.0113,rolling,-0.2000,reverse,1450.000,1169,increasing,1420.000,1595.103,1286,0,1783739380.654434919,-0.076038,0.191755,0.681342,-0.027051,,,,,0.446883,-0.256126,0.000471,0.976,0.971
1,2,13.0328,rolling,-0.2000,reverse,1450.000,1169,increasing,1420.000,1595.103,1286,0,1783739380.654434919,-0.076038,0.191755,0.681342,-0.027051,,,,,0.446883,-0.256126,0.000471,0.976,0.971
1,2,13.0543,rolling,-0.2000,reverse,1450.000,1169,increasing,1420.000,1595.103,1286,0,1783739380.654434919,-0.076038,0.191755,0.681342,-0.027051,,,,,0.446883,-0.256126,0.000471,0.975,0.972
1,2,13.0743,rolling,-0.2000,reverse,1450.000,1169,increasing,1420.000,1595.070,1286,1,1783739380.754851341,-0.079735,0.190599,0.681034,-0.029249,-0.0035992,-0.0003085,0.0857089,0.0237797,0.450482,-0.256126,0.000471,0.975,0.972
2,3,15.2406,startup,0.2000,forward,1450.000,1169,decreasing,1480.000,1423.384,1148,0,1783739382.853403807,-0.078198,0.192515,0.680730,-0.001476,,,,,0.000000,0.000000,0.000000,0.976,0.972
2,3,15.2623,startup,0.2000,forward,1450.000,1169,decreasing,1480.000,1423.384,1148,0,1783739382.853403807,-0.078198,0.192515,0.680730,-0.001476,,,,,0.000000,0.000000,0.000000,0.976,0.973
2,3,15.2684,startup,0.2000,forward,1450.000,1169,decreasing,1480.000,1422.144,1147,1,1783739382.950978994,-0.078323,0.192505,0.681339,-0.001372,-0.0001035,0.0006084,-5.8788099,-1.0208860,0.000103,0.000000,0.000000,0.976,0.973
2,3,15.2762,startup,0.2000,forward,1450.000,1169,decreasing,1480.000,1422.144,1147,0,1783739382.950978994,-0.078323,0.192505,0.681339,-0.001372,,,,,0.000103,0.000000,0.000000,0.976,0.973
2,3,15.2979,startup,0.2000,forward,1450.000,1169,decreasing,1480.000,1422.144,1147,0,1783739382.950978994,-0.078323,0.192505,0.681339,-0.001372,,,,,0.000103,0.000000,0.000000,0.976,0.973
2,3,15.3194,startup,0.2000,forward,1450.000,1169,decreasing,1480.000,1422.144,1147,0,1783739382.950978994,-0.078323,0.192505,0.681339,-0.001372,,,,,0.000103,0.000000,0.000000,0.976,0.973
2,3,15.3410,startup,0.2000,forward,1450.000,1169,decreasing,1480.000,1422.144,1147,0,1783739382.950978994,-0.078323,0.192505,0.681339,-0.001372,,,,,0.000103,0.000000,0.000000,0.976,0.973
2,3,15.3625,startup,0.2000,forward,1450.000,1169,decreasing,1480.000,1422.144,1147,0,1783739382.950978994,-0.078323,0.192505,0.681339,-0.001372,,,,,0.000103,0.000000,0.000000,0.976,0.972
2,3,15.3687,startup,0.2000,forward,1450.000,1169,decreasing,1480.000,1420.904,1146,1,1783739383.049291611,-0.076786,0.192018,0.682264,0.001226,0.0008867,0.0009251,1.0432839,0.2818065,0.000990,0.000000,0.000000,0.976,0.972
2,3,15.3772,startup,0.2000,forward,1450.000,1169,decreasing,1480.000,1420.904,1146,0,1783739383.049291611,-0.076786,0.192018,0.682264,0.001226,,,,,0.000990,0.000000,0.000000,0.976,0.972
2,3,15.3989,startup,0.2000,forward,1450.000,1169,decreasing,1480.000,1420.904,1146,0,1783739383.049291611,-0.076786,0.192018,0.682264,0.001226,,,,,0.000990,0.000000,0.000000,0.976,0.972
2,3,15.4204,startup,0.2000,forward,1450.000,1169,decreasing,1480.000,1420.904,1146,0,1783739383.049291611,-0.076786,0.192018,0.682264,0.001226,,,,,0.000990,0.000000,0.000000,0.976,0.972
2,3,15.4420,startup,0.2000,forward,1450.000,1169,decreasing,1480.000,1420.904,1146,0,1783739383.049291611,-0.076786,0.192018,0.682264,0.001226,,,,,0.000990,0.000000,0.000000,0.976,0.972
2,3,15.4635,startup,0.2000,forward,1450.000,1169,decreasing,1480.000,1420.904,1146,0,1783739383.049291611,-0.076786,0.192018,0.682264,0.001226,,,,,0.000990,0.000000,0.000000,0.975,0.971
2,3,15.4690,startup,0.2000,forward,1450.000,1169,decreasing,1480.000,1419.664,1145,1,1783739383.149865389,-0.075649,0.193856,0.681419,0.005993,0.0020413,-0.0008446,-0.4137622,-0.1143184,0.003031,0.000000,0.000000,0.975,0.971
2,3,15.4832,startup,0.2000,forward,1450.000,1169,decreasing,1480.000,1419.664,1145,0,1783739383.149865389,-0.075649,0.193856,0.681419,0.005993,,,,,0.003031,0.000000,0.000000,0.975,0.971
2,3,15.5049,startup,0.2000,forward,1450.000,1169,decreasing,1480.000,1419.664,1145,0,1783739383.149865389,-0.075649,0.193856,0.681419,0.005993,,,,,0.003031,0.000000,0.000000,0.975,0.971
2,3,15.5265,startup,0.2000,forward,1450.000,1169,decreasing,1480.000,1419.664,1145,0,1783739383.149865389,-0.075649,0.193856,0.681419,0.005993,,,,,0.003031,0.000000,0.000000,0.975,0.971
2,3,15.5480,startup,0.2000,forward,1450.000,1169,decreasing,1480.000,1419.664,1145,0,1783739383.149865389,-0.075649,0.193856,0.681419,0.005993,,,,,0.003031,0.000000,0.000000,0.981,0.969
2,3,15.5673,startup,0.2000,forward,1450.000,1169,decreasing,1480.000,1418.424,1144,1,1783739383.250061989,-0.072881,0.194445,0.681243,0.010786,0.0025212,-0.0001758,-0.0697447,-0.0193517,0.005553,0.000000,0.000000,0.981,0.969
2,3,15.5774,startup,0.2000,forward,1450.000,1169,decreasing,1480.000,1418.424,1144,0,1783739383.250061989,-0.072881,0.194445,0.681243,0.010786,,,,,0.005553,0.000000,0.000000,0.981,0.969
2,3,15.5991,startup,0.2000,forward,1450.000,1169,decreasing,1480.000,1418.424,1144,0,1783739383.250061989,-0.072881,0.194445,0.681243,0.010786,,,,,0.005553,0.000000,0.000000,0.981,0.969
2,3,15.6207,startup,0.2000,forward,1450.000,1169,decreasing,1480.000,1418.424,1144,0,1783739383.250061989,-0.072881,0.194445,0.681243,0.010786,,,,,0.005553,0.000000,0.000000,0.981,0.969
2,3,15.6423,startup,0.2000,forward,1450.000,1169,decreasing,1480.000,1418.424,1144,0,1783739383.250061989,-0.072881,0.194445,0.681243,0.010786,,,,,0.005553,0.000000,0.000000,0.981,0.969
2,3,15.6638,startup,0.2000,forward,1450.000,1169,decreasing,1480.000,1418.424,1144,0,1783739383.250061989,-0.072881,0.194445,0.681243,0.010786,,,,,0.005553,0.000000,0.000000,0.986,0.965
2,3,15.6677,startup,0.2000,forward,1450.000,1169,decreasing,1480.000,1415.324,1141,1,1783739383.348288059,-0.070127,0.196893,0.681622,0.017457,0.0036808,0.0003784,0.1027983,0.0285188,0.009233,0.000000,0.000000,0.986,0.965
2,3,15.6782,startup,0.2000,forward,1450.000,1169,decreasing,1480.000,1415.324,1141,0,1783739383.348288059,-0.070127,0.196893,0.681622,0.017457,,,,,0.009233,0.000000,0.000000,0.986,0.965
2,3,15.6998,startup,0.2000,forward,1450.000,1169,decreasing,1480.000,1415.324,1141,0,1783739383.348288059,-0.070127,0.196893,0.681622,0.017457,,,,,0.009233,0.000000,0.000000,0.986,0.965
2,3,15.7214,startup,0.2000,forward,1450.000,1169,decreasing,1480.000,1415.324,1141,0,1783739383.348288059,-0.070127,0.196893,0.681622,0.017457,,,,,0.009233,0.000000,0.000000,0.986,0.965
2,3,15.7430,startup,0.2000,forward,1450.000,1169,decreasing,1480.000,1415.324,1141,0,1783739383.348288059,-0.070127,0.196893,0.681622,0.017457,,,,,0.009233,0.000000,0.000000,0.986,0.965
2,3,15.7645,startup,0.2000,forward,1450.000,1169,decreasing,1480.000,1415.324,1141,0,1783739383.348288059,-0.070127,0.196893,0.681622,0.017457,,,,,0.009233,0.000000,0.000000,0.993,0.961
2,3,15.7683,startup,0.2000,forward,1450.000,1169,decreasing,1480.000,1412.224,1139,1,1783739383.448826313,-0.064731,0.199374,0.681553,0.027400,0.0057536,-0.0000687,-0.0119409,-0.0033136,0.014987,0.000000,0.000000,0.993,0.961
2,3,15.7828,startup,0.2000,forward,1450.000,1169,decreasing,1480.000,1412.224,1139,0,1783739383.448826313,-0.064731,0.199374,0.681553,0.027400,,,,,0.014987,0.000000,0.000000,0.993,0.961
2,3,15.8044,startup,0.2000,forward,1450.000,1169,decreasing,1480.000,1412.224,1139,0,1783739383.448826313,-0.064731,0.199374,0.681553,0.027400,,,,,0.014987,0.000000,0.000000,0.993,0.961
2,3,15.8259,startup,0.2000,forward,1450.000,1169,decreasing,1480.000,1412.224,1139,0,1783739383.448826313,-0.064731,0.199374,0.681553,0.027400,,,,,0.014987,0.000000,0.000000,0.993,0.961
2,3,15.8476,startup,0.2000,forward,1450.000,1169,decreasing,1480.000,1412.224,1139,0,1783739383.448826313,-0.064731,0.199374,0.681553,0.027400,,,,,0.014987,0.000000,0.000000,1.006,0.951
2,3,15.8690,rolling,0.2000,forward,1450.000,1169,decreasing,1480.000,1419.384,1145,1,1783739383.549370527,-0.053996,0.211085,0.680909,0.059622,0.0157138,-0.0006434,-0.0409456,-0.0113619,0.030701,0.000000,0.000000,1.006,0.951
2,3,15.8825,rolling,0.2000,forward,1450.000,1169,decreasing,1480.000,1419.384,1145,0,1783739383.549370527,-0.053996,0.211085,0.680909,0.059622,,,,,0.030701,0.000000,0.000000,1.006,0.951
2,3,15.9043,rolling,0.2000,forward,1450.000,1169,decreasing,1480.000,1419.384,1145,0,1783739383.549370527,-0.053996,0.211085,0.680909,0.059622,,,,,0.030701,0.000000,0.000000,1.006,0.951
2,3,15.9260,rolling,0.2000,forward,1450.000,1169,decreasing,1480.000,1419.384,1145,0,1783739383.549370527,-0.053996,0.211085,0.680909,0.059622,,,,,0.030701,0.000000,0.000000,1.006,0.951
2,3,15.9477,rolling,0.2000,forward,1450.000,1169,decreasing,1480.000,1419.384,1145,0,1783739383.549370527,-0.053996,0.211085,0.680909,0.059622,,,,,0.030701,0.000000,0.000000,1.026,0.934
2,3,15.9663,rolling,0.2000,forward,1450.000,1169,decreasing,1480.000,1417.240,1143,1,1783739383.649861574,-0.039081,0.223383,0.681862,0.092806,0.0193303,0.0009525,0.0492773,0.0136736,0.050031,0.000000,0.000000,1.026,0.934
2,3,15.9829,rolling,0.2000,forward,1450.000,1169,decreasing,1480.000,1417.240,1143,0,1783739383.649861574,-0.039081,0.223383,0.681862,0.092806,,,,,0.050031,0.000000,0.000000,1.026,0.934
2,3,16.0047,rolling,0.2000,forward,1450.000,1169,decreasing,1480.000,1417.240,1143,0,1783739383.649861574,-0.039081,0.223383,0.681862,0.092806,,,,,0.050031,0.000000,0.000000,1.026,0.934
2,3,16.0263,rolling,0.2000,forward,1450.000,1169,decreasing,1480.000,1417.240,1143,0,1783739383.649861574,-0.039081,0.223383,0.681862,0.092806,,,,,0.050031,0.000000,0.000000,1.026,0.934
2,3,16.0479,rolling,0.2000,forward,1450.000,1169,decreasing,1480.000,1417.240,1143,0,1783739383.649861574,-0.039081,0.223383,0.681862,0.092806,,,,,0.050031,0.000000,0.000000,1.046,0.914
2,3,16.0675,rolling,0.2000,forward,1450.000,1169,decreasing,1480.000,1417.801,1143,1,1783739383.747621536,-0.024766,0.237558,0.681086,0.120872,0.0200476,-0.0007758,-0.0386962,-0.0107378,0.070079,0.020048,-0.000776,1.046,0.914
2,3,16.0891,rolling,0.2000,forward,1450.000,1169,decreasing,1480.000,1417.801,1143,0,1783739383.747621536,-0.024766,0.237558,0.681086,0.120872,,,,,0.070079,0.020048,-0.000776,1.046,0.914
2,3,16.1107,rolling,0.2000,forward,1450.000,1169,decreasing,1480.000,1417.801,1143,0,1783739383.747621536,-0.024766,0.237558,0.681086,0.120872,,,,,0.070079,0.020048,-0.000776,1.046,0.914
2,3,16.1323,rolling,0.2000,forward,1450.000,1169,decreasing,1480.000,1417.801,1143,0,1783739383.747621536,-0.024766,0.237558,0.681086,0.120872,,,,,0.070079,0.020048,-0.000776,1.046,0.914
2,3,16.1539,rolling,0.2000,forward,1450.000,1169,decreasing,1480.000,1417.801,1143,0,1783739383.747621536,-0.024766,0.237558,0.681086,0.120872,,,,,0.070079,0.020048,-0.000776,1.069,0.891
2,3,16.1680,rolling,0.2000,forward,1450.000,1169,decreasing,1480.000,1418.394,1144,1,1783739383.848576784,-0.003332,0.249509,0.685815,0.150498,0.0241664,0.0047292,0.1956935,0.0542516,0.094245,0.044214,0.003953,1.069,0.891
2,3,16.1892,rolling,0.2000,forward,1450.000,1169,decreasing,1480.000,1418.394,1144,0,1783739383.848576784,-0.003332,0.249509,0.685815,0.150498,,,,,0.094245,0.044214,0.003953,1.069,0.891
2,3,16.2108,rolling,0.2000,forward,1450.000,1169,decreasing,1480.000,1418.394,1144,0,1783739383.848576784,-0.003332,0.249509,0.685815,0.150498,,,,,0.094245,0.044214,0.003953,1.069,0.891
2,3,16.2323,rolling,0.2000,forward,1450.000,1169,decreasing,1480.000,1418.394,1144,0,1783739383.848576784,-0.003332,0.249509,0.685815,0.150498,,,,,0.094245,0.044214,0.003953,1.069,0.891
2,3,16.2538,rolling,0.2000,forward,1450.000,1169,decreasing,1480.000,1418.394,1144,0,1783739383.848576784,-0.003332,0.249509,0.685815,0.150498,,,,,0.094245,0.044214,0.003953,1.094,0.868
2,3,16.2685,rolling,0.2000,forward,1450.000,1169,decreasing,1480.000,1418.771,1144,1,1783739383.949157715,0.013347,0.264996,0.686661,0.169338,0.0227168,0.0008453,0.0372105,0.0103255,0.116962,0.066931,0.004799,1.094,0.868
2,3,16.2879,rolling,0.2000,forward,1450.000,1169,decreasing,1480.000,1418.771,1144,0,1783739383.949157715,0.013347,0.264996,0.686661,0.169338,,,,,0.116962,0.066931,0.004799,1.094,0.868
2,3,16.3095,rolling,0.2000,forward,1450.000,1169,decreasing,1480.000,1418.771,1144,0,1783739383.949157715,0.013347,0.264996,0.686661,0.169338,,,,,0.116962,0.066931,0.004799,1.094,0.868
2,3,16.3311,rolling,0.2000,forward,1450.000,1169,decreasing,1480.000,1418.771,1144,0,1783739383.949157715,0.013347,0.264996,0.686661,0.169338,,,,,0.116962,0.066931,0.004799,1.094,0.868
2,3,16.3526,rolling,0.2000,forward,1450.000,1169,decreasing,1480.000,1418.771,1144,0,1783739383.949157715,0.013347,0.264996,0.686661,0.169338,,,,,0.116962,0.066931,0.004799,1.119,0.846
2,3,16.3690,rolling,0.2000,forward,1450.000,1169,decreasing,1480.000,1419.098,1144,1,1783739384.049642563,0.031983,0.279487,0.685766,0.185717,0.0235992,-0.0008948,-0.0379175,-0.0105217,0.140561,0.090530,0.003904,1.119,0.846
2,3,16.3864,rolling,0.2000,forward,1450.000,1169,decreasing,1480.000,1419.098,1144,0,1783739384.049642563,0.031983,0.279487,0.685766,0.185717,,,,,0.140561,0.090530,0.003904,1.119,0.846
2,3,16.4080,rolling,0.2000,forward,1450.000,1169,decreasing,1480.000,1419.098,1144,0,1783739384.049642563,0.031983,0.279487,0.685766,0.185717,,,,,0.140561,0.090530,0.003904,1.119,0.846
2,3,16.4296,rolling,0.2000,forward,1450.000,1169,decreasing,1480.000,1419.098,1144,0,1783739384.049642563,0.031983,0.279487,0.685766,0.185717,,,,,0.140561,0.090530,0.003904,1.119,0.846
2,3,16.4513,rolling,0.2000,forward,1450.000,1169,decreasing,1480.000,1419.098,1144,0,1783739384.049642563,0.031983,0.279487,0.685766,0.185717,,,,,0.140561,0.090530,0.003904,1.138,0.823
2,3,16.4698,rolling,0.2000,forward,1450.000,1169,decreasing,1480.000,1419.260,1145,1,1783739384.150104523,0.048786,0.293561,0.685693,0.193826,0.0219163,-0.0000729,-0.0033266,-0.0009231,0.162478,0.112446,0.003831,1.138,0.823
2,3,16.4833,rolling,0.2000,forward,1450.000,1169,decreasing,1480.000,1419.260,1145,0,1783739384.150104523,0.048786,0.293561,0.685693,0.193826,,,,,0.162478,0.112446,0.003831,1.138,0.823
2,3,16.5049,rolling,0.2000,forward,1450.000,1169,decreasing,1480.000,1419.260,1145,0,1783739384.150104523,0.048786,0.293561,0.685693,0.193826,,,,,0.162478,0.112446,0.003831,1.138,0.823
2,3,16.5265,rolling,0.2000,forward,1450.000,1169,decreasing,1480.000,1419.260,1145,0,1783739384.150104523,0.048786,0.293561,0.685693,0.193826,,,,,0.162478,0.112446,0.003831,1.138,0.823
2,3,16.5480,rolling,0.2000,forward,1450.000,1169,decreasing,1480.000,1419.260,1145,0,1783739384.150104523,0.048786,0.293561,0.685693,0.193826,,,,,0.162478,0.112446,0.003831,1.158,0.803
2,3,16.5700,rolling,0.2000,forward,1450.000,1169,decreasing,1480.000,1419.160,1144,1,1783739384.250689268,0.061422,0.305720,0.685972,0.188817,0.0174804,0.0002785,0.0159321,0.0044211,0.179958,0.129927,0.004110,1.158,0.803
2,3,16.5829,rolling,0.2000,forward,1450.000,1169,decreasing,1480.000,1419.160,1144,0,1783739384.250689268,0.061422,0.305720,0.685972,0.188817,,,,,0.179958,0.129927,0.004110,1.158,0.803
2,3,16.6046,rolling,0.2000,forward,1450.000,1169,decreasing,1480.000,1419.160,1144,0,1783739384.250689268,0.061422,0.305720,0.685972,0.188817,,,,,0.179958,0.129927,0.004110,1.158,0.803
2,3,16.6261,rolling,0.2000,forward,1450.000,1169,decreasing,1480.000,1419.160,1144,0,1783739384.250689268,0.061422,0.305720,0.685972,0.188817,,,,,0.179958,0.129927,0.004110,1.158,0.803
2,3,16.6477,rolling,0.2000,forward,1450.000,1169,decreasing,1480.000,1419.160,1144,0,1783739384.250689268,0.061422,0.305720,0.685972,0.188817,,,,,0.179958,0.129927,0.004110,1.158,0.803
2,3,16.6692,rolling,0.2000,forward,1450.000,1169,decreasing,1480.000,1419.160,1144,0,1783739384.250689268,0.061422,0.305720,0.685972,0.188817,,,,,0.179958,0.129927,0.004110,1.178,0.785
2,3,16.6717,rolling,0.2000,forward,1450.000,1169,decreasing,1480.000,1419.204,1145,1,1783739384.351140499,0.077630,0.317263,0.687230,0.191019,0.0198520,0.0012581,0.0633744,0.0175846,0.199810,0.149779,0.005368,1.178,0.785
2,3,16.6874,rolling,0.2000,forward,1450.000,1169,decreasing,1480.000,1419.204,1145,0,1783739384.351140499,0.077630,0.317263,0.687230,0.191019,,,,,0.199810,0.149779,0.005368,1.178,0.785
2,3,16.7090,rolling,0.2000,forward,1450.000,1169,decreasing,1480.000,1419.204,1145,0,1783739384.351140499,0.077630,0.317263,0.687230,0.191019,,,,,0.199810,0.149779,0.005368,1.178,0.785
2,3,16.7306,rolling,0.2000,forward,1450.000,1169,decreasing,1480.000,1419.204,1145,0,1783739384.351140499,0.077630,0.317263,0.687230,0.191019,,,,,0.199810,0.149779,0.005368,1.178,0.785
2,3,16.7521,rolling,0.2000,forward,1450.000,1169,decreasing,1480.000,1419.204,1145,0,1783739384.351140499,0.077630,0.317263,0.687230,0.191019,,,,,0.199810,0.149779,0.005368,1.192,0.768
2,3,16.7687,rolling,0.2000,forward,1450.000,1169,decreasing,1480.000,1419.038,1144,1,1783739384.451661825,0.090490,0.326588,0.687799,0.182701,0.0158566,0.0005693,0.0359014,0.0099623,0.215667,0.165635,0.005937,1.192,0.768
2,3,16.7822,rolling,0.2000,forward,1450.000,1169,decreasing,1480.000,1419.038,1144,0,1783739384.451661825,0.090490,0.326588,0.687799,0.182701,,,,,0.215667,0.165635,0.005937,1.192,0.768
2,3,16.8038,rolling,0.2000,forward,1450.000,1169,decreasing,1480.000,1419.038,1144,0,1783739384.451661825,0.090490,0.326588,0.687799,0.182701,,,,,0.215667,0.165635,0.005937,1.192,0.768
2,3,16.8253,rolling,0.2000,forward,1450.000,1169,decreasing,1480.000,1419.038,1144,0,1783739384.451661825,0.090490,0.326588,0.687799,0.182701,,,,,0.215667,0.165635,0.005937,1.192,0.768
2,3,16.8469,rolling,0.2000,forward,1450.000,1169,decreasing,1480.000,1419.038,1144,0,1783739384.451661825,0.090490,0.326588,0.687799,0.182701,,,,,0.215667,0.165635,0.005937,1.208,0.752
2,3,16.8694,rolling,0.2000,forward,1450.000,1169,decreasing,1480.000,1419.038,1144,0,1783739384.451661825,0.090490,0.326588,0.687799,0.182701,,,,,0.215667,0.165635,0.005937,1.208,0.752
2,3,16.8707,rolling,0.2000,forward,1450.000,1169,decreasing,1480.000,1418.620,1144,1,1783739384.549798489,0.096389,0.334734,0.685791,0.161803,0.0097263,-0.0020079,-0.2064422,-0.0572252,0.225393,0.175362,0.003929,1.208,0.752
2,3,16.8895,rolling,0.2000,forward,1450.000,1169,decreasing,1480.000,1418.620,1144,0,1783739384.549798489,0.096389,0.334734,0.685791,0.161803,,,,,0.225393,0.175362,0.003929,1.208,0.752
2,3,16.9112,rolling,0.2000,forward,1450.000,1169,decreasing,1480.000,1418.620,1144,0,1783739384.549798489,0.096389,0.334734,0.685791,0.161803,,,,,0.225393,0.175362,0.003929,1.208,0.752
2,3,16.9329,rolling,0.2000,forward,1450.000,1169,decreasing,1480.000,1418.620,1144,0,1783739384.549798489,0.096389,0.334734,0.685791,0.161803,,,,,0.225393,0.175362,0.003929,1.208,0.752
2,3,16.9545,rolling,0.2000,forward,1450.000,1169,decreasing,1480.000,1418.620,1144,0,1783739384.549798489,0.096389,0.334734,0.685791,0.161803,,,,,0.225393,0.175362,0.003929,1.222,0.739
2,3,16.9698,rolling,0.2000,forward,1450.000,1169,decreasing,1480.000,1418.678,1144,1,1783739384.650453329,0.108406,0.347630,0.685109,0.164735,0.0174668,-0.0006819,-0.0390409,-0.0108334,0.242860,0.192828,0.003247,1.222,0.739
2,3,16.9882,rolling,0.2000,forward,1450.000,1169,decreasing,1480.000,1418.678,1144,0,1783739384.650453329,0.108406,0.347630,0.685109,0.164735,,,,,0.242860,0.192828,0.003247,1.222,0.739
2,3,17.0099,rolling,0.2000,forward,1450.000,1169,decreasing,1480.000,1418.678,1144,0,1783739384.650453329,0.108406,0.347630,0.685109,0.164735,,,,,0.242860,0.192828,0.003247,1.222,0.739
2,3,17.0315,rolling,0.2000,forward,1450.000,1169,decreasing,1480.000,1418.678,1144,0,1783739384.650453329,0.108406,0.347630,0.685109,0.164735,,,,,0.242860,0.192828,0.003247,1.222,0.739
2,3,17.0530,rolling,0.2000,forward,1450.000,1169,decreasing,1480.000,1418.678,1144,0,1783739384.650453329,0.108406,0.347630,0.685109,0.164735,,,,,0.242860,0.192828,0.003247,1.237,0.725
2,3,17.0704,rolling,0.2000,forward,1450.000,1169,decreasing,1480.000,1418.544,1144,1,1783739384.750848770,0.117955,0.357823,0.685664,0.158025,0.0138440,0.0005546,0.0400637,0.0111172,0.256704,0.206672,0.003802,1.237,0.725
2,3,17.0855,rolling,0.2000,forward,1450.000,1169,decreasing,1480.000,1418.544,1144,0,1783739384.750848770,0.117955,0.357823,0.685664,0.158025,,,,,0.256704,0.206672,0.003802,1.237,0.725
2,3,17.1071,rolling,0.2000,forward,1450.000,1169,decreasing,1480.000,1418.544,1144,0,1783739384.750848770,0.117955,0.357823,0.685664,0.158025,,,,,0.256704,0.206672,0.003802,1.237,0.725
2,3,17.1286,rolling,0.2000,forward,1450.000,1169,decreasing,1480.000,1418.544,1144,0,1783739384.750848770,0.117955,0.357823,0.685664,0.158025,,,,,0.256704,0.206672,0.003802,1.237,0.725
2,3,17.1502,rolling,0.2000,forward,1450.000,1169,decreasing,1480.000,1418.544,1144,0,1783739384.750848770,0.117955,0.357823,0.685664,0.158025,,,,,0.256704,0.206672,0.003802,1.248,0.712
2,3,17.1709,rolling,0.2000,forward,1450.000,1169,decreasing,1480.000,1418.470,1144,1,1783739384.851406574,0.130005,0.365845,0.686493,0.154332,0.0144053,0.0008294,0.0575790,0.0159768,0.271109,0.221078,0.004631,1.248,0.712
2,3,17.1827,rolling,0.2000,forward,1450.000,1169,decreasing,1480.000,1418.470,1144,0,1783739384.851406574,0.130005,0.365845,0.686493,0.154332,,,,,0.271109,0.221078,0.004631,1.248,0.712
2,3,17.2043,rolling,0.2000,forward,1450.000,1169,decreasing,1480.000,1418.470,1144,0,1783739384.851406574,0.130005,0.365845,0.686493,0.154332,,,,,0.271109,0.221078,0.004631,1.248,0.712
2,3,17.2258,rolling,0.2000,forward,1450.000,1169,decreasing,1480.000,1418.470,1144,0,1783739384.851406574,0.130005,0.365845,0.686493,0.154332,,,,,0.271109,0.221078,0.004631,1.248,0.712
2,3,17.2474,rolling,0.2000,forward,1450.000,1169,decreasing,1480.000,1418.470,1144,0,1783739384.851406574,0.130005,0.365845,0.686493,0.154332,,,,,0.271109,0.221078,0.004631,1.248,0.712
2,3,17.2691,rolling,0.2000,forward,1450.000,1169,decreasing,1480.000,1418.470,1144,0,1783739384.851406574,0.130005,0.365845,0.686493,0.154332,,,,,0.271109,0.221078,0.004631,1.264,0.697
2,3,17.2716,rolling,0.2000,forward,1450.000,1169,decreasing,1480.000,1418.294,1144,1,1783739384.951945782,0.138605,0.374218,0.687991,0.145491,0.0119608,0.0014974,0.1251960,0.0347279,0.283070,0.233039,0.006129,1.264,0.697
2,3,17.2888,rolling,0.2000,forward,1450.000,1169,decreasing,1480.000,1418.294,1144,0,1783739384.951945782,0.138605,0.374218,0.687991,0.145491,,,,,0.283070,0.233039,0.006129,1.264,0.697
2,3,17.3104,rolling,0.2000,forward,1450.000,1169,decreasing,1480.000,1418.294,1144,0,1783739384.951945782,0.138605,0.374218,0.687991,0.145491,,,,,0.283070,0.233039,0.006129,1.264,0.697
2,3,17.3320,rolling,0.2000,forward,1450.000,1169,decreasing,1480.000,1418.294,1144,0,1783739384.951945782,0.138605,0.374218,0.687991,0.145491,,,,,0.283070,0.233039,0.006129,1.264,0.697
2,3,17.3535,rolling,0.2000,forward,1450.000,1169,decreasing,1480.000,1418.294,1144,0,1783739384.951945782,0.138605,0.374218,0.687991,0.145491,,,,,0.283070,0.233039,0.006129,1.278,0.682
2,3,17.3691,rolling,0.2000,forward,1450.000,1169,decreasing,1480.000,1418.336,1144,1,1783739385.052417040,0.151749,0.382579,0.686340,0.147598,0.0154644,-0.0016501,-0.1067062,-0.0296023,0.298534,0.248503,0.004478,1.278,0.682
2,3,17.3834,rolling,0.2000,forward,1450.000,1169,decreasing,1480.000,1418.336,1144,0,1783739385.052417040,0.151749,0.382579,0.686340,0.147598,,,,,0.298534,0.248503,0.004478,1.278,0.682
2,3,17.4051,rolling,0.2000,forward,1450.000,1169,decreasing,1480.000,1418.336,1144,0,1783739385.052417040,0.151749,0.382579,0.686340,0.147598,,,,,0.298534,0.248503,0.004478,1.278,0.682
2,3,17.4266,rolling,0.2000,forward,1450.000,1169,decreasing,1480.000,1418.336,1144,0,1783739385.052417040,0.151749,0.382579,0.686340,0.147598,,,,,0.298534,0.248503,0.004478,1.278,0.682
2,3,17.4481,rolling,0.2000,forward,1450.000,1169,decreasing,1480.000,1418.336,1144,0,1783739385.052417040,0.151749,0.382579,0.686340,0.147598,,,,,0.298534,0.248503,0.004478,1.291,0.670
2,3,17.4694,rolling,0.2000,forward,1450.000,1169,decreasing,1480.000,1418.317,1144,1,1783739385.150188446,0.162033,0.392226,0.685949,0.146670,0.0140680,-0.0003911,-0.0278037,-0.0077154,0.312602,0.262571,0.004087,1.291,0.670
2,3,17.4817,rolling,0.2000,forward,1450.000,1169,decreasing,1480.000,1418.317,1144,0,1783739385.150188446,0.162033,0.392226,0.685949,0.146670,,,,,0.312602,0.262571,0.004087,1.291,0.670
2,3,17.5033,rolling,0.2000,forward,1450.000,1169,decreasing,1480.000,1418.317,1144,0,1783739385.150188446,0.162033,0.392226,0.685949,0.146670,,,,,0.312602,0.262571,0.004087,1.291,0.670
2,3,17.5248,rolling,0.2000,forward,1450.000,1169,decreasing,1480.000,1418.317,1144,0,1783739385.150188446,0.162033,0.392226,0.685949,0.146670,,,,,0.312602,0.262571,0.004087,1.291,0.670
2,3,17.5463,rolling,0.2000,forward,1450.000,1169,decreasing,1480.000,1418.317,1144,0,1783739385.150188446,0.162033,0.392226,0.685949,0.146670,,,,,0.312602,0.262571,0.004087,1.291,0.670
2,3,17.5679,rolling,0.2000,forward,1450.000,1169,decreasing,1480.000,1418.317,1144,0,1783739385.150188446,0.162033,0.392226,0.685949,0.146670,,,,,0.312602,0.262571,0.004087,1.302,0.655
2,3,17.5704,rolling,0.2000,forward,1450.000,1169,decreasing,1480.000,1418.342,1144,1,1783739385.250558615,0.174382,0.401168,0.687828,0.147911,0.0152197,0.0018791,0.1234666,0.0342486,0.327822,0.277791,0.005966,1.302,0.655
2,3,17.5870,rolling,0.2000,forward,1450.000,1169,decreasing,1480.000,1418.342,1144,0,1783739385.250558615,0.174382,0.401168,0.687828,0.147911,,,,,0.327822,0.277791,0.005966,1.302,0.655
2,3,17.6086,rolling,0.2000,forward,1450.000,1169,decreasing,1480.000,1418.342,1144,0,1783739385.250558615,0.174382,0.401168,0.687828,0.147911,,,,,0.327822,0.277791,0.005966,1.302,0.655
2,3,17.6302,rolling,0.2000,forward,1450.000,1169,decreasing,1480.000,1418.342,1144,0,1783739385.250558615,0.174382,0.401168,0.687828,0.147911,,,,,0.327822,0.277791,0.005966,1.302,0.655
2,3,17.6518,rolling,0.2000,forward,1450.000,1169,decreasing,1480.000,1418.342,1144,0,1783739385.250558615,0.174382,0.401168,0.687828,0.147911,,,,,0.327822,0.277791,0.005966,1.315,0.642
2,3,17.6707,rolling,0.2000,forward,1450.000,1169,decreasing,1480.000,1418.142,1144,1,1783739385.351232767,0.183228,0.407504,0.688394,0.137893,0.0108563,0.0005660,0.0521370,0.0144670,0.338678,0.288647,0.006532,1.315,0.642
2,3,17.6885,rolling,0.2000,forward,1450.000,1169,decreasing,1480.000,1418.142,1144,0,1783739385.351232767,0.183228,0.407504,0.688394,0.137893,,,,,0.338678,0.288647,0.006532,1.315,0.642
2,3,17.7101,rolling,0.2000,forward,1450.000,1169,decreasing,1480.000,1418.142,1144,0,1783739385.351232767,0.183228,0.407504,0.688394,0.137893,,,,,0.338678,0.288647,0.006532,1.315,0.642
2,3,17.7318,rolling,0.2000,forward,1450.000,1169,decreasing,1480.000,1418.142,1144,0,1783739385.351232767,0.183228,0.407504,0.688394,0.137893,,,,,0.338678,0.288647,0.006532,1.315,0.642
2,3,17.7534,rolling,0.2000,forward,1450.000,1169,decreasing,1480.000,1418.142,1144,0,1783739385.351232767,0.183228,0.407504,0.688394,0.137893,,,,,0.338678,0.288647,0.006532,1.329,0.630
2,3,17.7713,rolling,0.2000,forward,1450.000,1169,decreasing,1480.000,1418.221,1144,1,1783739385.451866150,0.192495,0.420621,0.684829,0.141882,0.0154826,-0.0035659,-0.2303170,-0.0638262,0.354161,0.304130,0.002967,1.329,0.630
2,3,17.7923,rolling,0.2000,forward,1450.000,1169,decreasing,1480.000,1418.221,1144,0,1783739385.451866150,0.192495,0.420621,0.684829,0.141882,,,,,0.354161,0.304130,0.002967,1.329,0.630
2,3,17.8139,rolling,0.2000,forward,1450.000,1169,decreasing,1480.000,1418.221,1144,0,1783739385.451866150,0.192495,0.420621,0.684829,0.141882,,,,,0.354161,0.304130,0.002967,1.329,0.630
2,3,17.8354,rolling,0.2000,forward,1450.000,1169,decreasing,1480.000,1418.221,1144,0,1783739385.451866150,0.192495,0.420621,0.684829,0.141882,,,,,0.354161,0.304130,0.002967,1.329,0.630
2,3,17.8569,rolling,0.2000,forward,1450.000,1169,decreasing,1480.000,1418.221,1144,0,1783739385.451866150,0.192495,0.420621,0.684829,0.141882,,,,,0.354161,0.304130,0.002967,1.341,0.617
2,3,17.8691,rolling,0.2000,forward,1450.000,1169,decreasing,1480.000,1418.221,1144,0,1783739385.451866150,0.192495,0.420621,0.684829,0.141882,,,,,0.354161,0.304130,0.002967,1.341,0.617
2,3,17.8909,rolling,0.2000,forward,1450.000,1169,decreasing,1480.000,1418.028,1144,1,1783739385.552344084,0.202940,0.424221,0.685173,0.132203,0.0103658,0.0003448,0.0332674,0.0092314,0.364527,0.314495,0.003311,1.341,0.617
2,3,17.8946,rolling,0.2000,forward,1450.000,1169,decreasing,1480.000,1418.028,1144,0,1783739385.552344084,0.202940,0.424221,0.685173,0.132203,,,,,0.364527,0.314495,0.003311,1.341,0.617
2,3,17.9163,rolling,0.2000,forward,1450.000,1169,decreasing,1480.000,1418.028,1144,0,1783739385.552344084,0.202940,0.424221,0.685173,0.132203,,,,,0.364527,0.314495,0.003311,1.341,0.617
2,3,17.9378,rolling,0.2000,forward,1450.000,1169,decreasing,1480.000,1418.028,1144,0,1783739385.552344084,0.202940,0.424221,0.685173,0.132203,,,,,0.364527,0.314495,0.003311,1.341,0.617
2,3,17.9595,rolling,0.2000,forward,1450.000,1169,decreasing,1480.000,1418.028,1144,0,1783739385.552344084,0.202940,0.424221,0.685173,0.132203,,,,,0.364527,0.314495,0.003311,1.353,0.607
2,3,17.9702,rolling,0.2000,forward,1450.000,1169,decreasing,1480.000,1418.058,1144,1,1783739385.650232553,0.213922,0.432176,0.686521,0.133726,0.0135374,0.0013474,0.0995292,0.0276123,0.378064,0.328033,0.004659,1.353,0.607
2,3,17.9796,rolling,0.2000,forward,1450.000,1169,decreasing,1480.000,1418.058,1144,0,1783739385.650232553,0.213922,0.432176,0.686521,0.133726,,,,,0.378064,0.328033,0.004659,1.353,0.607
2,3,18.0013,rolling,0.2000,forward,1450.000,1169,decreasing,1480.000,1418.058,1144,0,1783739385.650232553,0.213922,0.432176,0.686521,0.133726,,,,,0.378064,0.328033,0.004659,1.353,0.607
2,3,18.0231,rolling,0.2000,forward,1450.000,1169,decreasing,1480.000,1418.058,1144,0,1783739385.650232553,0.213922,0.432176,0.686521,0.133726,,,,,0.378064,0.328033,0.004659,1.353,0.607
2,3,18.0447,rolling,0.2000,forward,1450.000,1169,decreasing,1480.000,1418.058,1144,0,1783739385.650232553,0.213922,0.432176,0.686521,0.133726,,,,,0.378064,0.328033,0.004659,1.353,0.607
2,3,18.0664,rolling,0.2000,forward,1450.000,1169,decreasing,1480.000,1418.058,1144,0,1783739385.650232553,0.213922,0.432176,0.686521,0.133726,,,,,0.378064,0.328033,0.004659,1.367,0.592
2,3,18.0704,rolling,0.2000,forward,1450.000,1169,decreasing,1480.000,1417.997,1144,1,1783739385.751048088,0.221219,0.442600,0.684429,0.130664,0.0122469,-0.0020918,-0.1708054,-0.0473630,0.390311,0.340280,0.002567,1.367,0.592
2,3,18.0893,rolling,0.2000,forward,1450.000,1169,decreasing,1480.000,1417.997,1144,0,1783739385.751048088,0.221219,0.442600,0.684429,0.130664,,,,,0.390311,0.340280,0.002567,1.367,0.592
2,3,18.1110,rolling,0.2000,forward,1450.000,1169,decreasing,1480.000,1417.997,1144,0,1783739385.751048088,0.221219,0.442600,0.684429,0.130664,,,,,0.390311,0.340280,0.002567,1.367,0.592
2,3,18.1325,rolling,0.2000,forward,1450.000,1169,decreasing,1480.000,1417.997,1144,0,1783739385.751048088,0.221219,0.442600,0.684429,0.130664,,,,,0.390311,0.340280,0.002567,1.367,0.592
2,3,18.1540,rolling,0.2000,forward,1450.000,1169,decreasing,1480.000,1417.997,1144,0,1783739385.751048088,0.221219,0.442600,0.684429,0.130664,,,,,0.390311,0.340280,0.002567,1.379,0.580
2,3,18.1709,rolling,0.2000,forward,1450.000,1169,decreasing,1480.000,1417.998,1144,1,1783739385.851473331,0.230796,0.451649,0.683661,0.130711,0.0131409,-0.0007683,-0.0584691,-0.0162237,0.403452,0.353421,0.001799,1.379,0.580
2,3,18.1885,rolling,0.2000,forward,1450.000,1169,decreasing,1480.000,1417.998,1144,0,1783739385.851473331,0.230796,0.451649,0.683661,0.130711,,,,,0.403452,0.353421,0.001799,1.379,0.580
2,3,18.2101,rolling,0.2000,forward,1450.000,1169,decreasing,1480.000,1417.998,1144,0,1783739385.851473331,0.230796,0.451649,0.683661,0.130711,,,,,0.403452,0.353421,0.001799,1.379,0.580
2,3,18.2317,rolling,0.2000,forward,1450.000,1169,decreasing,1480.000,1417.998,1144,0,1783739385.851473331,0.230796,0.451649,0.683661,0.130711,,,,,0.403452,0.353421,0.001799,1.379,0.580
2,3,18.2532,rolling,0.2000,forward,1450.000,1169,decreasing,1480.000,1417.998,1144,0,1783739385.851473331,0.230796,0.451649,0.683661,0.130711,,,,,0.403452,0.353421,0.001799,1.391,0.567
2,3,18.2717,rolling,0.2000,forward,1450.000,1169,decreasing,1480.000,1418.142,1144,1,1783739385.951952219,0.243760,0.461107,0.684137,0.137905,0.0160249,0.0004762,0.0297158,0.0082460,0.419477,0.369445,0.002275,1.391,0.567
2,3,18.2860,rolling,0.2000,forward,1450.000,1169,decreasing,1480.000,1418.142,1144,0,1783739385.951952219,0.243760,0.461107,0.684137,0.137905,,,,,0.419477,0.369445,0.002275,1.391,0.567
2,3,18.3077,rolling,0.2000,forward,1450.000,1169,decreasing,1480.000,1418.142,1144,0,1783739385.951952219,0.243760,0.461107,0.684137,0.137905,,,,,0.419477,0.369445,0.002275,1.391,0.567
2,3,18.3294,rolling,0.2000,forward,1450.000,1169,decreasing,1480.000,1418.142,1144,0,1783739385.951952219,0.243760,0.461107,0.684137,0.137905,,,,,0.419477,0.369445,0.002275,1.391,0.567
2,3,18.3510,rolling,0.2000,forward,1450.000,1169,decreasing,1480.000,1418.142,1144,0,1783739385.951952219,0.243760,0.461107,0.684137,0.137905,,,,,0.419477,0.369445,0.002275,1.405,0.552
2,3,18.3717,rolling,0.2000,forward,1450.000,1169,decreasing,1480.000,1418.097,1144,1,1783739386.052363634,0.252914,0.470353,0.684482,0.135640,0.0129375,0.0003457,0.0267186,0.0074143,0.432414,0.382383,0.002620,1.405,0.552
2,3,18.3848,rolling,0.2000,forward,1450.000,1169,decreasing,1480.000,1418.097,1144,0,1783739386.052363634,0.252914,0.470353,0.684482,0.135640,,,,,0.432414,0.382383,0.002620,1.405,0.552
2,3,18.4064,rolling,0.2000,forward,1450.000,1169,decreasing,1480.000,1418.097,1144,0,1783739386.052363634,0.252914,0.470353,0.684482,0.135640,,,,,0.432414,0.382383,0.002620,1.405,0.552
2,3,18.4280,rolling,0.2000,forward,1450.000,1169,decreasing,1480.000,1418.097,1144,0,1783739386.052363634,0.252914,0.470353,0.684482,0.135640,,,,,0.432414,0.382383,0.002620,1.405,0.552
2,3,18.4496,rolling,0.2000,forward,1450.000,1169,decreasing,1480.000,1418.097,1144,0,1783739386.052363634,0.252914,0.470353,0.684482,0.135640,,,,,0.432414,0.382383,0.002620,1.421,0.540
2,3,18.4699,rolling,0.2000,forward,1450.000,1169,decreasing,1480.000,1418.035,1144,1,1783739386.152876377,0.264680,0.475534,0.685312,0.132548,0.0123904,0.0008293,0.0669291,0.0185707,0.444805,0.394773,0.003450,1.421,0.540
2,3,18.4889,rolling,0.2000,forward,1450.000,1169,decreasing,1480.000,1418.035,1144,0,1783739386.152876377,0.264680,0.475534,0.685312,0.132548,,,,,0.444805,0.394773,0.003450,1.421,0.540
2,3,18.5105,rolling,0.2000,forward,1450.000,1169,decreasing,1480.000,1418.035,1144,0,1783739386.152876377,0.264680,0.475534,0.685312,0.132548,,,,,0.444805,0.394773,0.003450,1.421,0.540
2,3,18.5321,rolling,0.2000,forward,1450.000,1169,decreasing,1480.000,1418.035,1144,0,1783739386.152876377,0.264680,0.475534,0.685312,0.132548,,,,,0.444805,0.394773,0.003450,1.421,0.540
2,3,18.5537,rolling,0.2000,forward,1450.000,1169,decreasing,1480.000,1418.035,1144,0,1783739386.152876377,0.264680,0.475534,0.685312,0.132548,,,,,0.444805,0.394773,0.003450,1.434,0.527
2,3,18.5702,rolling,0.2000,forward,1450.000,1169,decreasing,1480.000,1418.036,1144,1,1783739386.250943422,0.273514,0.485304,0.685886,0.132611,0.0130235,0.0005743,0.0440966,0.0122362,0.457828,0.407797,0.004024,1.434,0.527
2,4,19.4765,startup,-0.2000,reverse,1450.000,1169,decreasing,1480.000,1588.509,1281,0,1783739387.148109913,0.287342,0.493844,0.687316,0.015418,,,,,0.000000,0.000000,0.000000,1.451,0.503
2,4,19.4981,startup,-0.2000,reverse,1450.000,1169,decreasing,1480.000,1588.509,1281,0,1783739387.148109913,0.287342,0.493844,0.687316,0.015418,,,,,0.000000,0.000000,0.000000,1.451,0.503
2,4,19.5196,startup,-0.2000,reverse,1450.000,1169,decreasing,1480.000,1588.509,1281,0,1783739387.148109913,0.287342,0.493844,0.687316,0.015418,,,,,0.000000,0.000000,0.000000,1.451,0.503
2,4,19.5411,startup,-0.2000,reverse,1450.000,1169,decreasing,1480.000,1588.509,1281,0,1783739387.148109913,0.287342,0.493844,0.687316,0.015418,,,,,0.000000,0.000000,0.000000,1.451,0.503
2,4,19.5627,startup,-0.2000,reverse,1450.000,1169,decreasing,1480.000,1588.509,1281,0,1783739387.148109913,0.287342,0.493844,0.687316,0.015418,,,,,0.000000,0.000000,0.000000,1.451,0.502
2,4,19.5665,startup,-0.2000,reverse,1450.000,1169,decreasing,1480.000,1589.749,1282,1,1783739387.246233940,0.286582,0.496999,0.687539,0.015167,0.0014143,0.0002228,0.1575541,0.0436934,0.001414,0.000000,0.000000,1.451,0.502
2,4,19.5806,startup,-0.2000,reverse,1450.000,1169,decreasing,1480.000,1589.749,1282,0,1783739387.246233940,0.286582,0.496999,0.687539,0.015167,,,,,0.001414,0.000000,0.000000,1.451,0.502
2,4,19.6023,startup,-0.2000,reverse,1450.000,1169,decreasing,1480.000,1589.749,1282,0,1783739387.246233940,0.286582,0.496999,0.687539,0.015167,,,,,0.001414,0.000000,0.000000,1.451,0.502
2,4,19.6240,startup,-0.2000,reverse,1450.000,1169,decreasing,1480.000,1589.749,1282,0,1783739387.246233940,0.286582,0.496999,0.687539,0.015167,,,,,0.001414,0.000000,0.000000,1.451,0.502
2,4,19.6456,startup,-0.2000,reverse,1450.000,1169,decreasing,1480.000,1589.749,1282,0,1783739387.246233940,0.286582,0.496999,0.687539,0.015167,,,,,0.001414,0.000000,0.000000,1.452,0.502
2,4,19.6662,startup,-0.2000,reverse,1450.000,1169,decreasing,1480.000,1590.989,1283,1,1783739387.346992016,0.285899,0.497254,0.685977,0.010465,-0.0003667,-0.0015616,4.2589129,0.8685520,0.001781,0.000000,0.000000,1.452,0.502
2,4,19.6791,startup,-0.2000,reverse,1450.000,1169,decreasing,1480.000,1590.989,1283,0,1783739387.346992016,0.285899,0.497254,0.685977,0.010465,,,,,0.001781,0.000000,0.000000,1.452,0.502
2,4,19.7007,startup,-0.2000,reverse,1450.000,1169,decreasing,1480.000,1590.989,1283,0,1783739387.346992016,0.285899,0.497254,0.685977,0.010465,,,,,0.001781,0.000000,0.000000,1.452,0.502
2,4,19.7223,startup,-0.2000,reverse,1450.000,1169,decreasing,1480.000,1590.989,1283,0,1783739387.346992016,0.285899,0.497254,0.685977,0.010465,,,,,0.001781,0.000000,0.000000,1.452,0.502
2,4,19.7439,startup,-0.2000,reverse,1450.000,1169,decreasing,1480.000,1590.989,1283,0,1783739387.346992016,0.285899,0.497254,0.685977,0.010465,,,,,0.001781,0.000000,0.000000,1.452,0.502
2,4,19.7655,startup,-0.2000,reverse,1450.000,1169,decreasing,1480.000,1590.989,1283,0,1783739387.346992016,0.285899,0.497254,0.685977,0.010465,,,,,0.001781,0.000000,0.000000,1.447,0.507
2,4,19.7680,startup,-0.2000,reverse,1450.000,1169,decreasing,1480.000,1592.229,1284,1,1783739387.447273970,0.283582,0.493317,0.687962,-0.002841,-0.0042879,0.0019845,-0.4628209,-0.1277335,0.006069,0.000000,0.000000,1.447,0.507
2,4,19.7841,startup,-0.2000,reverse,1450.000,1169,decreasing,1480.000,1592.229,1284,0,1783739387.447273970,0.283582,0.493317,0.687962,-0.002841,,,,,0.006069,0.000000,0.000000,1.447,0.507
2,4,19.8057,startup,-0.2000,reverse,1450.000,1169,decreasing,1480.000,1592.229,1284,0,1783739387.447273970,0.283582,0.493317,0.687962,-0.002841,,,,,0.006069,0.000000,0.000000,1.447,0.507
2,4,19.8273,startup,-0.2000,reverse,1450.000,1169,decreasing,1480.000,1592.229,1284,0,1783739387.447273970,0.283582,0.493317,0.687962,-0.002841,,,,,0.006069,0.000000,0.000000,1.447,0.507
2,4,19.8488,startup,-0.2000,reverse,1450.000,1169,decreasing,1480.000,1592.229,1284,0,1783739387.447273970,0.283582,0.493317,0.687962,-0.002841,,,,,0.006069,0.000000,0.000000,1.442,0.513
2,4,19.8675,startup,-0.2000,reverse,1450.000,1169,decreasing,1480.000,1593.469,1285,1,1783739387.547689438,0.277583,0.491088,0.687880,-0.017193,-0.0060501,-0.0000824,0.0136197,0.0037794,0.012119,0.000000,0.000000,1.442,0.513
2,4,19.8777,startup,-0.2000,reverse,1450.000,1169,decreasing,1480.000,1593.469,1285,0,1783739387.547689438,0.277583,0.491088,0.687880,-0.017193,,,,,0.012119,0.000000,0.000000,1.442,0.513
2,4,19.8993,startup,-0.2000,reverse,1450.000,1169,decreasing,1480.000,1593.469,1285,0,1783739387.547689438,0.277583,0.491088,0.687880,-0.017193,,,,,0.012119,0.000000,0.000000,1.442,0.513
2,4,19.9208,startup,-0.2000,reverse,1450.000,1169,decreasing,1480.000,1593.469,1285,0,1783739387.547689438,0.277583,0.491088,0.687880,-0.017193,,,,,0.012119,0.000000,0.000000,1.442,0.513
2,4,19.9423,startup,-0.2000,reverse,1450.000,1169,decreasing,1480.000,1593.469,1285,0,1783739387.547689438,0.277583,0.491088,0.687880,-0.017193,,,,,0.012119,0.000000,0.000000,1.442,0.513
2,4,19.9639,startup,-0.2000,reverse,1450.000,1169,decreasing,1480.000,1593.469,1285,0,1783739387.547689438,0.277583,0.491088,0.687880,-0.017193,,,,,0.012119,0.000000,0.000000,1.441,0.514
2,4,19.9663,startup,-0.2000,reverse,1450.000,1169,decreasing,1480.000,1596.569,1288,1,1783739387.648075819,0.278211,0.489961,0.687588,-0.013468,-0.0002301,-0.0002920,1.2687748,0.3385311,0.012349,0.000000,0.000000,1.441,0.514
2,4,19.9788,startup,-0.2000,reverse,1450.000,1169,decreasing,1480.000,1596.569,1288,0,1783739387.648075819,0.278211,0.489961,0.687588,-0.013468,,,,,0.012349,0.000000,0.000000,1.441,0.514
2,4,20.0005,startup,-0.2000,reverse,1450.000,1169,decreasing,1480.000,1596.569,1288,0,1783739387.648075819,0.278211,0.489961,0.687588,-0.013468,,,,,0.012349,0.000000,0.000000,1.441,0.514
2,4,20.0221,startup,-0.2000,reverse,1450.000,1169,decreasing,1480.000,1596.569,1288,0,1783739387.648075819,0.278211,0.489961,0.687588,-0.013468,,,,,0.012349,0.000000,0.000000,1.441,0.514
2,4,20.0438,startup,-0.2000,reverse,1450.000,1169,decreasing,1480.000,1596.569,1288,0,1783739387.648075819,0.278211,0.489961,0.687588,-0.013468,,,,,0.012349,0.000000,0.000000,1.436,0.515
2,4,20.0654,startup,-0.2000,reverse,1450.000,1169,decreasing,1480.000,1599.669,1290,1,1783739387.746280193,0.276807,0.486855,0.687490,-0.017881,-0.0030561,-0.0000980,0.0320695,0.0088991,0.015405,0.000000,0.000000,1.436,0.515
2,4,20.0835,startup,-0.2000,reverse,1450.000,1169,decreasing,1480.000,1599.669,1290,0,1783739387.746280193,0.276807,0.486855,0.687490,-0.017881,,,,,0.015405,0.000000,0.000000,1.436,0.515
2,4,20.1053,startup,-0.2000,reverse,1450.000,1169,decreasing,1480.000,1599.669,1290,0,1783739387.746280193,0.276807,0.486855,0.687490,-0.017881,,,,,0.015405,0.000000,0.000000,1.436,0.515
2,4,20.1269,startup,-0.2000,reverse,1450.000,1169,decreasing,1480.000,1599.669,1290,0,1783739387.746280193,0.276807,0.486855,0.687490,-0.017881,,,,,0.015405,0.000000,0.000000,1.436,0.515
2,4,20.1485,startup,-0.2000,reverse,1450.000,1169,decreasing,1480.000,1599.669,1290,0,1783739387.746280193,0.276807,0.486855,0.687490,-0.017881,,,,,0.015405,0.000000,0.000000,1.427,0.522
2,4,20.1663,startup,-0.2000,reverse,1450.000,1169,decreasing,1480.000,1602.769,1293,1,1783739387.846721172,0.268529,0.481507,0.687575,-0.037782,-0.0097914,0.0000853,-0.0087115,-0.0024174,0.025197,0.000000,0.000000,1.427,0.522
2,4,20.1791,startup,-0.2000,reverse,1450.000,1169,decreasing,1480.000,1602.769,1293,0,1783739387.846721172,0.268529,0.481507,0.687575,-0.037782,,,,,0.025197,0.000000,0.000000,1.427,0.522
2,4,20.2008,startup,-0.2000,reverse,1450.000,1169,decreasing,1480.000,1602.769,1293,0,1783739387.846721172,0.268529,0.481507,0.687575,-0.037782,,,,,0.025197,0.000000,0.000000,1.427,0.522
2,4,20.2224,startup,-0.2000,reverse,1450.000,1169,decreasing,1480.000,1602.769,1293,0,1783739387.846721172,0.268529,0.481507,0.687575,-0.037782,,,,,0.025197,0.000000,0.000000,1.427,0.522
2,4,20.2439,startup,-0.2000,reverse,1450.000,1169,decreasing,1480.000,1602.769,1293,0,1783739387.846721172,0.268529,0.481507,0.687575,-0.037782,,,,,0.025197,0.000000,0.000000,1.427,0.522
2,4,20.2656,startup,-0.2000,reverse,1450.000,1169,decreasing,1480.000,1602.769,1293,0,1783739387.846721172,0.268529,0.481507,0.687575,-0.037782,,,,,0.025197,0.000000,0.000000,1.411,0.534
2,4,20.2683,rolling,-0.2000,reverse,1450.000,1169,decreasing,1480.000,1592.509,1284,1,1783739387.947466135,0.256879,0.472500,0.686820,-0.064862,-0.0147192,-0.0007545,0.0512593,0.0142235,0.039916,0.000000,0.000000,1.411,0.534
2,4,20.2779,rolling,-0.2000,reverse,1450.000,1169,decreasing,1480.000,1592.509,1284,0,1783739387.947466135,0.256879,0.472500,0.686820,-0.064862,,,,,0.039916,0.000000,0.000000,1.411,0.534
2,4,20.2996,rolling,-0.2000,reverse,1450.000,1169,decreasing,1480.000,1592.509,1284,0,1783739387.947466135,0.256879,0.472500,0.686820,-0.064862,,,,,0.039916,0.000000,0.000000,1.411,0.534
2,4,20.3212,rolling,-0.2000,reverse,1450.000,1169,decreasing,1480.000,1592.509,1284,0,1783739387.947466135,0.256879,0.472500,0.686820,-0.064862,,,,,0.039916,0.000000,0.000000,1.411,0.534
2,4,20.3428,rolling,-0.2000,reverse,1450.000,1169,decreasing,1480.000,1592.509,1284,0,1783739387.947466135,0.256879,0.472500,0.686820,-0.064862,,,,,0.039916,0.000000,0.000000,1.411,0.534
2,4,20.3644,rolling,-0.2000,reverse,1450.000,1169,decreasing,1480.000,1592.509,1284,0,1783739387.947466135,0.256879,0.472500,0.686820,-0.064862,,,,,0.039916,0.000000,0.000000,1.389,0.550
2,4,20.3675,rolling,-0.2000,reverse,1450.000,1169,decreasing,1480.000,1593.749,1285,1,1783739388.048017979,0.235697,0.454789,0.689111,-0.117293,-0.0276098,0.0022905,-0.0829582,-0.0230168,0.067526,0.000000,0.000000,1.389,0.550
2,4,20.3866,rolling,-0.2000,reverse,1450.000,1169,decreasing,1480.000,1593.749,1285,0,1783739388.048017979,0.235697,0.454789,0.689111,-0.117293,,,,,0.067526,0.000000,0.000000,1.389,0.550
2,4,20.4083,rolling,-0.2000,reverse,1450.000,1169,decreasing,1480.000,1593.749,1285,0,1783739388.048017979,0.235697,0.454789,0.689111,-0.117293,,,,,0.067526,0.000000,0.000000,1.389,0.550
2,4,20.4298,rolling,-0.2000,reverse,1450.000,1169,decreasing,1480.000,1593.749,1285,0,1783739388.048017979,0.235697,0.454789,0.689111,-0.117293,,,,,0.067526,0.000000,0.000000,1.389,0.550
2,4,20.4513,rolling,-0.2000,reverse,1450.000,1169,decreasing,1480.000,1593.749,1285,0,1783739388.048017979,0.235697,0.454789,0.689111,-0.117293,,,,,0.067526,0.000000,0.000000,1.362,0.578
2,4,20.4679,rolling,-0.2000,reverse,1450.000,1169,decreasing,1480.000,1593.330,1285,1,1783739388.148572922,0.219007,0.438795,0.690744,-0.145283,-0.0230528,0.0016336,-0.0708631,-0.0196620,0.090579,-0.023053,0.001634,1.362,0.578
2,4,20.4810,rolling,-0.2000,reverse,1450.000,1169,decreasing,1480.000,1593.330,1285,0,1783739388.148572922,0.219007,0.438795,0.690744,-0.145283,,,,,0.090579,-0.023053,0.001634,1.362,0.578
2,4,20.5027,rolling,-0.2000,reverse,1450.000,1169,decreasing,1480.000,1593.330,1285,0,1783739388.148572922,0.219007,0.438795,0.690744,-0.145283,,,,,0.090579,-0.023053,0.001634,1.362,0.578
2,4,20.5242,rolling,-0.2000,reverse,1450.000,1169,decreasing,1480.000,1593.330,1285,0,1783739388.148572922,0.219007,0.438795,0.690744,-0.145283,,,,,0.090579,-0.023053,0.001634,1.362,0.578
2,4,20.5458,rolling,-0.2000,reverse,1450.000,1169,decreasing,1480.000,1593.330,1285,0,1783739388.148572922,0.219007,0.438795,0.690744,-0.145283,,,,,0.090579,-0.023053,0.001634,1.337,0.603
2,4,20.5661,rolling,-0.2000,reverse,1450.000,1169,decreasing,1480.000,1592.856,1285,1,1783739388.248928547,0.197957,0.421476,0.691830,-0.176870,-0.0272594,0.0010856,-0.0398263,-0.0110513,0.117838,-0.050312,0.002719,1.337,0.603
2,4,20.5835,rolling,-0.2000,reverse,1450.000,1169,decreasing,1480.000,1592.856,1285,0,1783739388.248928547,0.197957,0.421476,0.691830,-0.176870,,,,,0.117838,-0.050312,0.002719,1.337,0.603
2,4,20.6054,rolling,-0.2000,reverse,1450.000,1169,decreasing,1480.000,1592.856,1285,0,1783739388.248928547,0.197957,0.421476,0.691830,-0.176870,,,,,0.117838,-0.050312,0.002719,1.337,0.603
2,4,20.6271,rolling,-0.2000,reverse,1450.000,1169,decreasing,1480.000,1592.856,1285,0,1783739388.248928547,0.197957,0.421476,0.691830,-0.176870,,,,,0.117838,-0.050312,0.002719,1.337,0.603
2,4,20.6487,rolling,-0.2000,reverse,1450.000,1169,decreasing,1480.000,1592.856,1285,0,1783739388.248928547,0.197957,0.421476,0.691830,-0.176870,,,,,0.117838,-0.050312,0.002719,1.312,0.628
2,4,20.6668,rolling,-0.2000,reverse,1450.000,1169,decreasing,1480.000,1592.626,1284,1,1783739388.347196341,0.181660,0.404469,0.696083,-0.192195,-0.0234046,0.0042527,-0.1817018,-0.0503796,0.141243,-0.073717,0.006972,1.312,0.628
2,4,20.6876,rolling,-0.2000,reverse,1450.000,1169,decreasing,1480.000,1592.626,1284,0,1783739388.347196341,0.181660,0.404469,0.696083,-0.192195,,,,,0.141243,-0.073717,0.006972,1.312,0.628
2,4,20.7092,rolling,-0.2000,reverse,1450.000,1169,decreasing,1480.000,1592.626,1284,0,1783739388.347196341,0.181660,0.404469,0.696083,-0.192195,,,,,0.141243,-0.073717,0.006972,1.312,0.628
2,4,20.7309,rolling,-0.2000,reverse,1450.000,1169,decreasing,1480.000,1592.626,1284,0,1783739388.347196341,0.181660,0.404469,0.696083,-0.192195,,,,,0.141243,-0.073717,0.006972,1.312,0.628
2,4,20.7524,rolling,-0.2000,reverse,1450.000,1169,decreasing,1480.000,1592.626,1284,0,1783739388.347196341,0.181660,0.404469,0.696083,-0.192195,,,,,0.141243,-0.073717,0.006972,1.289,0.652
2,4,20.7671,rolling,-0.2000,reverse,1450.000,1169,decreasing,1480.000,1592.427,1284,1,1783739388.447706938,0.161089,0.390639,0.696231,-0.205468,-0.0246538,0.0001479,-0.0059974,-0.0016643,0.165896,-0.098371,0.007120,1.289,0.652
2,4,20.7850,rolling,-0.2000,reverse,1450.000,1169,decreasing,1480.000,1592.427,1284,0,1783739388.447706938,0.161089,0.390639,0.696231,-0.205468,,,,,0.165896,-0.098371,0.007120,1.289,0.652
2,4,20.8068,rolling,-0.2000,reverse,1450.000,1169,decreasing,1480.000,1592.427,1284,0,1783739388.447706938,0.161089,0.390639,0.696231,-0.205468,,,,,0.165896,-0.098371,0.007120,1.289,0.652
2,4,20.8284,rolling,-0.2000,reverse,1450.000,1169,decreasing,1480.000,1592.427,1284,0,1783739388.447706938,0.161089,0.390639,0.696231,-0.205468,,,,,0.165896,-0.098371,0.007120,1.289,0.652
2,4,20.8501,rolling,-0.2000,reverse,1450.000,1169,decreasing,1480.000,1592.427,1284,0,1783739388.447706938,0.161089,0.390639,0.696231,-0.205468,,,,,0.165896,-0.098371,0.007120,1.268,0.674
2,4,20.8676,rolling,-0.2000,reverse,1450.000,1169,decreasing,1480.000,1592.452,1284,1,1783739388.548188448,0.146350,0.377129,0.697060,-0.203795,-0.0199735,0.0008299,-0.0415484,-0.0115292,0.185870,-0.118344,0.007950,1.268,0.674
2,4,20.8838,rolling,-0.2000,reverse,1450.000,1169,decreasing,1480.000,1592.452,1284,0,1783739388.548188448,0.146350,0.377129,0.697060,-0.203795,,,,,0.185870,-0.118344,0.007950,1.268,0.674
2,4,20.9054,rolling,-0.2000,reverse,1450.000,1169,decreasing,1480.000,1592.452,1284,0,1783739388.548188448,0.146350,0.377129,0.697060,-0.203795,,,,,0.185870,-0.118344,0.007950,1.268,0.674
2,4,20.9270,rolling,-0.2000,reverse,1450.000,1169,decreasing,1480.000,1592.452,1284,0,1783739388.548188448,0.146350,0.377129,0.697060,-0.203795,,,,,0.185870,-0.118344,0.007950,1.268,0.674
2,4,20.9485,rolling,-0.2000,reverse,1450.000,1169,decreasing,1480.000,1592.452,1284,0,1783739388.548188448,0.146350,0.377129,0.697060,-0.203795,,,,,0.185870,-0.118344,0.007950,1.248,0.697
2,4,20.9683,rolling,-0.2000,reverse,1450.000,1169,decreasing,1480.000,1592.452,1284,0,1783739388.548188448,0.146350,0.377129,0.697060,-0.203795,,,,,0.185870,-0.118344,0.007950,1.248,0.697
2,4,20.9900,rolling,-0.2000,reverse,1450.000,1169,decreasing,1480.000,1592.398,1284,1,1783739388.648759604,0.131399,0.360829,0.701544,-0.207369,-0.0219338,0.0044837,-0.2044197,-0.0566657,0.207804,-0.140278,0.012433,1.248,0.697
2,4,20.9918,rolling,-0.2000,reverse,1450.000,1169,decreasing,1480.000,1592.398,1284,0,1783739388.648759604,0.131399,0.360829,0.701544,-0.207369,,,,,0.207804,-0.140278,0.012433,1.248,0.697
2,4,21.0135,rolling,-0.2000,reverse,1450.000,1169,decreasing,1480.000,1592.398,1284,0,1783739388.648759604,0.131399,0.360829,0.701544,-0.207369,,,,,0.207804,-0.140278,0.012433,1.248,0.697
2,4,21.0350,rolling,-0.2000,reverse,1450.000,1169,decreasing,1480.000,1592.398,1284,0,1783739388.648759604,0.131399,0.360829,0.701544,-0.207369,,,,,0.207804,-0.140278,0.012433,1.248,0.697
2,4,21.0566,rolling,-0.2000,reverse,1450.000,1169,decreasing,1480.000,1592.398,1284,0,1783739388.648759604,0.131399,0.360829,0.701544,-0.207369,,,,,0.207804,-0.140278,0.012433,1.230,0.717
2,4,21.0689,rolling,-0.2000,reverse,1450.000,1169,decreasing,1480.000,1592.526,1284,1,1783739388.749328852,0.116528,0.351414,0.700191,-0.198873,-0.0174373,-0.0013536,0.0776242,0.0215374,0.225241,-0.157715,0.011080,1.230,0.717
2,4,21.0876,rolling,-0.2000,reverse,1450.000,1169,decreasing,1480.000,1592.526,1284,0,1783739388.749328852,0.116528,0.351414,0.700191,-0.198873,,,,,0.225241,-0.157715,0.011080,1.230,0.717
2,4,21.1092,rolling,-0.2000,reverse,1450.000,1169,decreasing,1480.000,1592.526,1284,0,1783739388.749328852,0.116528,0.351414,0.700191,-0.198873,,,,,0.225241,-0.157715,0.011080,1.230,0.717
2,4,21.1308,rolling,-0.2000,reverse,1450.000,1169,decreasing,1480.000,1592.526,1284,0,1783739388.749328852,0.116528,0.351414,0.700191,-0.198873,,,,,0.225241,-0.157715,0.011080,1.230,0.717
2,4,21.1525,rolling,-0.2000,reverse,1450.000,1169,decreasing,1480.000,1592.526,1284,0,1783739388.749328852,0.116528,0.351414,0.700191,-0.198873,,,,,0.225241,-0.157715,0.011080,1.209,0.735
2,4,21.1692,rolling,-0.2000,reverse,1450.000,1169,decreasing,1480.000,1592.572,1284,1,1783739388.849805593,0.101251,0.340478,0.699039,-0.195759,-0.0187305,-0.0011521,0.0615088,0.0170670,0.243971,-0.176446,0.009928,1.209,0.735
2,4,21.1794,rolling,-0.2000,reverse,1450.000,1169,decreasing,1480.000,1592.572,1284,0,1783739388.849805593,0.101251,0.340478,0.699039,-0.195759,,,,,0.243971,-0.176446,0.009928,1.209,0.735
2,4,21.2011,rolling,-0.2000,reverse,1450.000,1169,decreasing,1480.000,1592.572,1284,0,1783739388.849805593,0.101251,0.340478,0.699039,-0.195759,,,,,0.243971,-0.176446,0.009928,1.209,0.735
2,4,21.2227,rolling,-0.2000,reverse,1450.000,1169,decreasing,1480.000,1592.572,1284,0,1783739388.849805593,0.101251,0.340478,0.699039,-0.195759,,,,,0.243971,-0.176446,0.009928,1.209,0.735
2,4,21.2443,rolling,-0.2000,reverse,1450.000,1169,decreasing,1480.000,1592.572,1284,0,1783739388.849805593,0.101251,0.340478,0.699039,-0.195759,,,,,0.243971,-0.176446,0.009928,1.209,0.735
2,4,21.2658,rolling,-0.2000,reverse,1450.000,1169,decreasing,1480.000,1592.572,1284,0,1783739388.849805593,0.101251,0.340478,0.699039,-0.195759,,,,,0.243971,-0.176446,0.009928,1.194,0.751
2,4,21.2683,rolling,-0.2000,reverse,1450.000,1169,decreasing,1480.000,1592.685,1284,1,1783739388.950273514,0.091951,0.325686,0.699380,-0.188220,-0.0166378,0.0003414,-0.0205183,-0.0056938,0.260609,-0.193083,0.010269,1.194,0.751
2,4,21.2885,rolling,-0.2000,reverse,1450.000,1169,decreasing,1480.000,1592.685,1284,0,1783739388.950273514,0.091951,0.325686,0.699380,-0.188220,,,,,0.260609,-0.193083,0.010269,1.194,0.751
2,4,21.3101,rolling,-0.2000,reverse,1450.000,1169,decreasing,1480.000,1592.685,1284,0,1783739388.950273514,0.091951,0.325686,0.699380,-0.188220,,,,,0.260609,-0.193083,0.010269,1.194,0.751
2,4,21.3318,rolling,-0.2000,reverse,1450.000,1169,decreasing,1480.000,1592.685,1284,0,1783739388.950273514,0.091951,0.325686,0.699380,-0.188220,,,,,0.260609,-0.193083,0.010269,1.194,0.751
2,4,21.3533,rolling,-0.2000,reverse,1450.000,1169,decreasing,1480.000,1592.685,1284,0,1783739388.950273514,0.091951,0.325686,0.699380,-0.188220,,,,,0.260609,-0.193083,0.010269,1.177,0.768
2,4,21.3677,rolling,-0.2000,reverse,1450.000,1169,decreasing,1480.000,1592.655,1284,1,1783739389.048400640,0.075761,0.315001,0.700351,-0.190249,-0.0192660,0.0009714,-0.0504229,-0.0139914,0.279875,-0.212349,0.011240,1.177,0.768
2,4,21.3802,rolling,-0.2000,reverse,1450.000,1169,decreasing,1480.000,1592.655,1284,0,1783739389.048400640,0.075761,0.315001,0.700351,-0.190249,,,,,0.279875,-0.212349,0.011240,1.177,0.768
2,4,21.4018,rolling,-0.2000,reverse,1450.000,1169,decreasing,1480.000,1592.655,1284,0,1783739389.048400640,0.075761,0.315001,0.700351,-0.190249,,,,,0.279875,-0.212349,0.011240,1.177,0.768
2,4,21.4233,rolling,-0.2000,reverse,1450.000,1169,decreasing,1480.000,1592.655,1284,0,1783739389.048400640,0.075761,0.315001,0.700351,-0.190249,,,,,0.279875,-0.212349,0.011240,1.177,0.768
2,4,21.4448,rolling,-0.2000,reverse,1450.000,1169,decreasing,1480.000,1592.655,1284,0,1783739389.048400640,0.075761,0.315001,0.700351,-0.190249,,,,,0.279875,-0.212349,0.011240,1.177,0.768
2,4,21.4663,rolling,-0.2000,reverse,1450.000,1169,decreasing,1480.000,1592.655,1284,0,1783739389.048400640,0.075761,0.315001,0.700351,-0.190249,,,,,0.279875,-0.212349,0.011240,1.164,0.781
2,4,21.4687,rolling,-0.2000,reverse,1450.000,1169,decreasing,1480.000,1592.801,1285,1,1783739389.148870230,0.063251,0.306261,0.699595,-0.180507,-0.0151991,-0.0007564,0.0497685,0.0138099,0.295074,-0.227548,0.010484,1.164,0.781
2,4,21.4810,rolling,-0.2000,reverse,1450.000,1169,decreasing,1480.000,1592.801,1285,0,1783739389.148870230,0.063251,0.306261,0.699595,-0.180507,,,,,0.295074,-0.227548,0.010484,1.164,0.781
2,4,21.5027,rolling,-0.2000,reverse,1450.000,1169,decreasing,1480.000,1592.801,1285,0,1783739389.148870230,0.063251,0.306261,0.699595,-0.180507,,,,,0.295074,-0.227548,0.010484,1.164,0.781
2,4,21.5242,rolling,-0.2000,reverse,1450.000,1169,decreasing,1480.000,1592.801,1285,0,1783739389.148870230,0.063251,0.306261,0.699595,-0.180507,,,,,0.295074,-0.227548,0.010484,1.164,0.781
2,4,21.5457,rolling,-0.2000,reverse,1450.000,1169,decreasing,1480.000,1592.801,1285,0,1783739389.148870230,0.063251,0.306261,0.699595,-0.180507,,,,,0.295074,-0.227548,0.010484,1.164,0.781
2,4,21.5673,rolling,-0.2000,reverse,1450.000,1169,decreasing,1480.000,1592.801,1285,0,1783739389.148870230,0.063251,0.306261,0.699595,-0.180507,,,,,0.295074,-0.227548,0.010484,1.156,0.793
2,4,21.5698,rolling,-0.2000,reverse,1450.000,1169,decreasing,1480.000,1593.358,1285,1,1783739389.249515533,0.061135,0.303785,0.699574,-0.143362,-0.0032133,-0.0000210,0.0065506,0.0018178,0.298287,-0.230762,0.010463,1.156,0.793
2,4,21.5896,rolling,-0.2000,reverse,1450.000,1169,decreasing,1480.000,1593.358,1285,0,1783739389.249515533,0.061135,0.303785,0.699574,-0.143362,,,,,0.298287,-0.230762,0.010463,1.156,0.793
2,4,21.6113,rolling,-0.2000,reverse,1450.000,1169,decreasing,1480.000,1593.358,1285,0,1783739389.249515533,0.061135,0.303785,0.699574,-0.143362,,,,,0.298287,-0.230762,0.010463,1.156,0.793
2,4,21.6328,rolling,-0.2000,reverse,1450.000,1169,decreasing,1480.000,1593.358,1285,0,1783739389.249515533,0.061135,0.303785,0.699574,-0.143362,,,,,0.298287,-0.230762,0.010463,1.156,0.793
2,4,21.6543,rolling,-0.2000,reverse,1450.000,1169,decreasing,1480.000,1593.358,1285,0,1783739389.249515533,0.061135,0.303785,0.699574,-0.143362,,,,,0.298287,-0.230762,0.010463,1.156,0.796
2,4,21.6696,rolling,-0.2000,reverse,1450.000,1169,decreasing,1480.000,1593.920,1285,1,1783739389.350099087,0.062556,0.303077,0.698504,-0.105951,0.0006320,-0.0010695,-1.6922496,-0.4390326,0.298920,-0.230762,0.010463,1.156,0.796
2,4,21.6805,rolling,-0.2000,reverse,1450.000,1169,decreasing,1480.000,1593.920,1285,0,1783739389.350099087,0.062556,0.303077,0.698504,-0.105951,,,,,0.298920,-0.230762,0.010463,1.156,0.796
2,4,21.7021,rolling,-0.2000,reverse,1450.000,1169,decreasing,1480.000,1593.920,1285,0,1783739389.350099087,0.062556,0.303077,0.698504,-0.105951,,,,,0.298920,-0.230762,0.010463,1.156,0.796
2,4,21.7236,rolling,-0.2000,reverse,1450.000,1169,decreasing,1480.000,1593.920,1285,0,1783739389.350099087,0.062556,0.303077,0.698504,-0.105951,,,,,0.298920,-0.230762,0.010463,1.156,0.796
2,4,21.7452,rolling,-0.2000,reverse,1450.000,1169,decreasing,1480.000,1593.920,1285,0,1783739389.350099087,0.062556,0.303077,0.698504,-0.105951,,,,,0.298920,-0.230762,0.010463,1.156,0.796
2,4,21.7667,rolling,-0.2000,reverse,1450.000,1169,decreasing,1480.000,1593.920,1285,0,1783739389.350099087,0.062556,0.303077,0.698504,-0.105951,,,,,0.298920,-0.230762,0.010463,1.154,0.795
2,4,21.7700,rolling,-0.2000,reverse,1450.000,1169,decreasing,1480.000,1594.316,1286,1,1783739389.450498104,0.063130,0.302362,0.697805,-0.079513,-0.0000200,-0.0006993,34.9620434,1.4680871,0.298940,-0.230762,0.010463,1.154,0.795
2,4,21.7789,rolling,-0.2000,reverse,1450.000,1169,decreasing,1480.000,1594.316,1286,0,1783739389.450498104,0.063130,0.302362,0.697805,-0.079513,,,,,0.298940,-0.230762,0.010463,1.154,0.795
2,4,21.8005,rolling,-0.2000,reverse,1450.000,1169,decreasing,1480.000,1594.316,1286,0,1783739389.450498104,0.063130,0.302362,0.697805,-0.079513,,,,,0.298940,-0.230762,0.010463,1.154,0.795
2,4,21.8221,rolling,-0.2000,reverse,1450.000,1169,decreasing,1480.000,1594.316,1286,0,1783739389.450498104,0.063130,0.302362,0.697805,-0.079513,,,,,0.298940,-0.230762,0.010463,1.154,0.795
2,4,21.8436,rolling,-0.2000,reverse,1450.000,1169,decreasing,1480.000,1594.316,1286,0,1783739389.450498104,0.063130,0.302362,0.697805,-0.079513,,,,,0.298940,-0.230762,0.010463,1.154,0.795
2,4,21.8652,rolling,-0.2000,reverse,1450.000,1169,decreasing,1480.000,1594.316,1286,0,1783739389.450498104,0.063130,0.302362,0.697805,-0.079513,,,,,0.298940,-0.230762,0.010463,1.156,0.795
2,4,21.8677,rolling,-0.2000,reverse,1450.000,1169,decreasing,1480.000,1594.621,1286,1,1783739389.551138401,0.063169,0.302597,0.697572,-0.059184,0.0001813,-0.0002328,-1.2835814,-0.3421820,0.299121,-0.230762,0.010463,1.156,0.795
2,4,21.8841,rolling,-0.2000,reverse,1450.000,1169,decreasing,1480.000,1594.621,1286,0,1783739389.551138401,0.063169,0.302597,0.697572,-0.059184,,,,,0.299121,-0.230762,0.010463,1.156,0.795
2,4,21.9058,rolling,-0.2000,reverse,1450.000,1169,decreasing,1480.000,1594.621,1286,0,1783739389.551138401,0.063169,0.302597,0.697572,-0.059184,,,,,0.299121,-0.230762,0.010463,1.156,0.795
2,4,21.9274,rolling,-0.2000,reverse,1450.000,1169,decreasing,1480.000,1594.621,1286,0,1783739389.551138401,0.063169,0.302597,0.697572,-0.059184,,,,,0.299121,-0.230762,0.010463,1.156,0.795
2,4,21.9489,rolling,-0.2000,reverse,1450.000,1169,decreasing,1480.000,1594.621,1286,0,1783739389.551138401,0.063169,0.302597,0.697572,-0.059184,,,,,0.299121,-0.230762,0.010463,1.156,0.795
2,4,21.9680,rolling,-0.2000,reverse,1450.000,1169,decreasing,1480.000,1594.813,1286,1,1783739389.648552418,0.062893,0.301724,0.697932,-0.046371,-0.0007727,0.0003603,-0.4662311,-0.1286644,0.299894,-0.230762,0.010463,1.156,0.795
2,4,21.9782,rolling,-0.2000,reverse,1450.000,1169,decreasing,1480.000,1594.813,1286,0,1783739389.648552418,0.062893,0.301724,0.697932,-0.046371,,,,,0.299894,-0.230762,0.010463,1.156,0.795
2,4,21.9999,rolling,-0.2000,reverse,1450.000,1169,decreasing,1480.000,1594.813,1286,0,1783739389.648552418,0.062893,0.301724,0.697932,-0.046371,,,,,0.299894,-0.230762,0.010463,1.156,0.795
2,4,22.0214,rolling,-0.2000,reverse,1450.000,1169,decreasing,1480.000,1594.813,1286,0,1783739389.648552418,0.062893,0.301724,0.697932,-0.046371,,,,,0.299894,-0.230762,0.010463,1.156,0.795
2,4,22.0429,rolling,-0.2000,reverse,1450.000,1169,decreasing,1480.000,1594.813,1286,0,1783739389.648552418,0.062893,0.301724,0.697932,-0.046371,,,,,0.299894,-0.230762,0.010463,1.156,0.795
2,4,22.0644,rolling,-0.2000,reverse,1450.000,1169,decreasing,1480.000,1594.813,1286,0,1783739389.648552418,0.062893,0.301724,0.697932,-0.046371,,,,,0.299894,-0.230762,0.010463,1.156,0.796
2,4,22.0689,rolling,-0.2000,reverse,1450.000,1169,decreasing,1480.000,1594.979,1286,1,1783739389.749133348,0.062607,0.301707,0.698084,-0.035351,-0.0002306,0.0001520,-0.6591592,-0.1809166,0.300124,-0.230762,0.010463,1.156,0.796
2,4,22.0790,rolling,-0.2000,reverse,1450.000,1169,decreasing,1480.000,1594.979,1286,0,1783739389.749133348,0.062607,0.301707,0.698084,-0.035351,,,,,0.300124,-0.230762,0.010463,1.156,0.796
2,4,22.1009,rolling,-0.2000,reverse,1450.000,1169,decreasing,1480.000,1594.979,1286,0,1783739389.749133348,0.062607,0.301707,0.698084,-0.035351,,,,,0.300124,-0.230762,0.010463,1.156,0.796
2,4,22.1227,rolling,-0.2000,reverse,1450.000,1169,decreasing,1480.000,1594.979,1286,0,1783739389.749133348,0.062607,0.301707,0.698084,-0.035351,,,,,0.300124,-0.230762,0.010463,1.156,0.796
2,4,22.1444,rolling,-0.2000,reverse,1450.000,1169,decreasing,1480.000,1594.979,1286,0,1783739389.749133348,0.062607,0.301707,0.698084,-0.035351,,,,,0.300124,-0.230762,0.010463,1.156,0.796
2,4,22.1662,rolling,-0.2000,reverse,1450.000,1169,decreasing,1480.000,1595.169,1286,1,1783739389.849950314,0.062672,0.304059,0.698937,-0.022639,0.0015623,0.0008528,0.5458213,0.1503228,0.301686,-0.230762,0.010463,1.156,0.796
2,4,22.1743,rolling,-0.2000,reverse,1450.000,1169,decreasing,1480.000,1595.169,1286,0,1783739389.849950314,0.062672,0.304059,0.698937,-0.022639,,,,,0.301686,-0.230762,0.010463,1.156,0.796
2,4,22.1959,rolling,-0.2000,reverse,1450.000,1169,decreasing,1480.000,1595.169,1286,0,1783739389.849950314,0.062672,0.304059,0.698937,-0.022639,,,,,0.301686,-0.230762,0.010463,1.156,0.796
2,4,22.2174,rolling,-0.2000,reverse,1450.000,1169,decreasing,1480.000,1595.169,1286,0,1783739389.849950314,0.062672,0.304059,0.698937,-0.022639,,,,,0.301686,-0.230762,0.010463,1.156,0.796
2,4,22.2389,rolling,-0.2000,reverse,1450.000,1169,decreasing,1480.000,1595.169,1286,0,1783739389.849950314,0.062672,0.304059,0.698937,-0.022639,,,,,0.301686,-0.230762,0.010463,1.156,0.796
2,4,22.2605,rolling,-0.2000,reverse,1450.000,1169,decreasing,1480.000,1595.169,1286,0,1783739389.849950314,0.062672,0.304059,0.698937,-0.022639,,,,,0.301686,-0.230762,0.010463,1.156,0.795
2,4,22.2672,rolling,-0.2000,reverse,1450.000,1169,decreasing,1480.000,1595.126,1286,1,1783739389.947575331,0.059997,0.302040,0.697833,-0.025549,-0.0033464,-0.0011041,0.3299402,0.0913038,0.305033,-0.230762,0.010463,1.156,0.795
2,4,22.2833,rolling,-0.2000,reverse,1450.000,1169,decreasing,1480.000,1595.126,1286,0,1783739389.947575331,0.059997,0.302040,0.697833,-0.025549,,,,,0.305033,-0.230762,0.010463,1.156,0.795
2,4,22.3049,rolling,-0.2000,reverse,1450.000,1169,decreasing,1480.000,1595.126,1286,0,1783739389.947575331,0.059997,0.302040,0.697833,-0.025549,,,,,0.305033,-0.230762,0.010463,1.156,0.795
2,4,22.3264,rolling,-0.2000,reverse,1450.000,1169,decreasing,1480.000,1595.126,1286,0,1783739389.947575331,0.059997,0.302040,0.697833,-0.025549,,,,,0.305033,-0.230762,0.010463,1.156,0.795
2,4,22.3479,rolling,-0.2000,reverse,1450.000,1169,decreasing,1480.000,1595.126,1286,0,1783739389.947575331,0.059997,0.302040,0.697833,-0.025549,,,,,0.305033,-0.230762,0.010463,1.156,0.796
2,4,22.3653,rolling,-0.2000,reverse,1450.000,1169,decreasing,1480.000,1595.314,1287,1,1783739390.048203468,0.061647,0.303921,0.699023,-0.013017,0.0024732,0.0011901,0.4811909,0.1327452,0.307506,-0.230762,0.010463,1.156,0.796
2,4,22.3827,rolling,-0.2000,reverse,1450.000,1169,decreasing,1480.000,1595.314,1287,0,1783739390.048203468,0.061647,0.303921,0.699023,-0.013017,,,,,0.307506,-0.230762,0.010463,1.156,0.796
2,4,22.4044,rolling,-0.2000,reverse,1450.000,1169,decreasing,1480.000,1595.314,1287,0,1783739390.048203468,0.061647,0.303921,0.699023,-0.013017,,,,,0.307506,-0.230762,0.010463,1.156,0.796
2,4,22.4259,rolling,-0.2000,reverse,1450.000,1169,decreasing,1480.000,1595.314,1287,0,1783739390.048203468,0.061647,0.303921,0.699023,-0.013017,,,,,0.307506,-0.230762,0.010463,1.156,0.796
2,4,22.4473,rolling,-0.2000,reverse,1450.000,1169,decreasing,1480.000,1595.314,1287,0,1783739390.048203468,0.061647,0.303921,0.699023,-0.013017,,,,,0.307506,-0.230762,0.010463,1.158,0.795
2,4,22.4658,rolling,-0.2000,reverse,1450.000,1169,decreasing,1480.000,1595.357,1287,1,1783739390.146403313,0.061997,0.303295,0.699533,-0.010107,-0.0001351,0.0005096,-3.7707134,-0.8080553,0.307641,-0.230762,0.010463,1.158,0.795
2,4,22.4737,rolling,-0.2000,reverse,1450.000,1169,decreasing,1480.000,1595.357,1287,0,1783739390.146403313,0.061997,0.303295,0.699533,-0.010107,,,,,0.307641,-0.230762,0.010463,1.158,0.795
2,4,22.4953,rolling,-0.2000,reverse,1450.000,1169,decreasing,1480.000,1595.357,1287,0,1783739390.146403313,0.061997,0.303295,0.699533,-0.010107,,,,,0.307641,-0.230762,0.010463,1.158,0.795
2,4,22.5169,rolling,-0.2000,reverse,1450.000,1169,decreasing,1480.000,1595.357,1287,0,1783739390.146403313,0.061997,0.303295,0.699533,-0.010107,,,,,0.307641,-0.230762,0.010463,1.158,0.795
2,4,22.5384,rolling,-0.2000,reverse,1450.000,1169,decreasing,1480.000,1595.357,1287,0,1783739390.146403313,0.061997,0.303295,0.699533,-0.010107,,,,,0.307641,-0.230762,0.010463,1.158,0.795
2,4,22.5600,rolling,-0.2000,reverse,1450.000,1169,decreasing,1480.000,1595.357,1287,0,1783739390.146403313,0.061997,0.303295,0.699533,-0.010107,,,,,0.307641,-0.230762,0.010463,1.155,0.795
2,4,22.5641,rolling,-0.2000,reverse,1450.000,1169,decreasing,1480.000,1595.345,1287,1,1783739390.246869802,0.061756,0.301497,0.697617,-0.010917,-0.0013410,-0.0019156,1.4285020,0.3774071,0.308982,-0.230762,0.010463,1.155,0.795
2,4,22.5836,rolling,-0.2000,reverse,1450.000,1169,decreasing,1480.000,1595.345,1287,0,1783739390.246869802,0.061756,0.301497,0.697617,-0.010917,,,,,0.308982,-0.230762,0.010463,1.155,0.795
2,4,22.6054,rolling,-0.2000,reverse,1450.000,1169,decreasing,1480.000,1595.345,1287,0,1783739390.246869802,0.061756,0.301497,0.697617,-0.010917,,,,,0.308982,-0.230762,0.010463,1.155,0.795
2,4,22.6270,rolling,-0.2000,reverse,1450.000,1169,decreasing,1480.000,1595.345,1287,0,1783739390.246869802,0.061756,0.301497,0.697617,-0.010917,,,,,0.308982,-0.230762,0.010463,1.155,0.795
2,4,22.6486,rolling,-0.2000,reverse,1450.000,1169,decreasing,1480.000,1595.345,1287,0,1783739390.246869802,0.061756,0.301497,0.697617,-0.010917,,,,,0.308982,-0.230762,0.010463,1.156,0.795
2,4,22.6647,rolling,-0.2000,reverse,1450.000,1169,decreasing,1480.000,1598.445,1289,1,1783739390.345215797,0.060336,0.301452,0.697734,-0.011027,-0.0011169,0.0001173,-0.1049998,-0.0291292,0.310099,-0.230762,0.010463,1.156,0.795
2,4,22.6826,rolling,-0.2000,reverse,1450.000,1169,decreasing,1480.000,1598.445,1289,0,1783739390.345215797,0.060336,0.301452,0.697734,-0.011027,,,,,0.310099,-0.230762,0.010463,1.156,0.795
2,4,22.7042,rolling,-0.2000,reverse,1450.000,1169,decreasing,1480.000,1598.445,1289,0,1783739390.345215797,0.060336,0.301452,0.697734,-0.011027,,,,,0.310099,-0.230762,0.010463,1.156,0.795
2,4,22.7258,rolling,-0.2000,reverse,1450.000,1169,decreasing,1480.000,1598.445,1289,0,1783739390.345215797,0.060336,0.301452,0.697734,-0.011027,,,,,0.310099,-0.230762,0.010463,1.156,0.795
2,4,22.7473,rolling,-0.2000,reverse,1450.000,1169,decreasing,1480.000,1598.445,1289,0,1783739390.345215797,0.060336,0.301452,0.697734,-0.011027,,,,,0.310099,-0.230762,0.010463,1.154,0.795
2,4,22.7650,rolling,-0.2000,reverse,1450.000,1169,decreasing,1480.000,1601.545,1292,1,1783739390.445644379,0.060396,0.302752,0.698501,-0.006076,0.0008814,0.0007662,0.8692432,0.2366935,0.310981,-0.230762,0.010463,1.154,0.795
2,4,22.7745,rolling,-0.2000,reverse,1450.000,1169,decreasing,1480.000,1601.545,1292,0,1783739390.445644379,0.060396,0.302752,0.698501,-0.006076,,,,,0.310981,-0.230762,0.010463,1.154,0.795
2,4,22.7962,rolling,-0.2000,reverse,1450.000,1169,decreasing,1480.000,1601.545,1292,0,1783739390.445644379,0.060396,0.302752,0.698501,-0.006076,,,,,0.310981,-0.230762,0.010463,1.154,0.795
2,4,22.8177,rolling,-0.2000,reverse,1450.000,1169,decreasing,1480.000,1601.545,1292,0,1783739390.445644379,0.060396,0.302752,0.698501,-0.006076,,,,,0.310981,-0.230762,0.010463,1.154,0.795
2,4,22.8392,rolling,-0.2000,reverse,1450.000,1169,decreasing,1480.000,1601.545,1292,0,1783739390.445644379,0.060396,0.302752,0.698501,-0.006076,,,,,0.310981,-0.230762,0.010463,1.154,0.795
2,4,22.8608,rolling,-0.2000,reverse,1450.000,1169,decreasing,1480.000,1601.545,1292,0,1783739390.445644379,0.060396,0.302752,0.698501,-0.006076,,,,,0.310981,-0.230762,0.010463,1.155,0.795
2,4,22.8633,rolling,-0.2000,reverse,1450.000,1169,decreasing,1480.000,1604.645,1294,1,1783739390.546133518,0.062571,0.302051,0.699049,-0.001535,0.0012146,0.0005485,0.4515735,0.1246618,0.312195,-0.230762,0.010463,1.155,0.795
2,4,22.8788,rolling,-0.2000,reverse,1450.000,1169,decreasing,1480.000,1604.645,1294,0,1783739390.546133518,0.062571,0.302051,0.699049,-0.001535,,,,,0.312195,-0.230762,0.010463,1.155,0.795
2,4,22.9004,rolling,-0.2000,reverse,1450.000,1169,decreasing,1480.000,1604.645,1294,0,1783739390.546133518,0.062571,0.302051,0.699049,-0.001535,,,,,0.312195,-0.230762,0.010463,1.155,0.795
2,4,22.9220,rolling,-0.2000,reverse,1450.000,1169,decreasing,1480.000,1604.645,1294,0,1783739390.546133518,0.062571,0.302051,0.699049,-0.001535,,,,,0.312195,-0.230762,0.010463,1.155,0.795
2,4,22.9435,rolling,-0.2000,reverse,1450.000,1169,decreasing,1480.000,1604.645,1294,0,1783739390.546133518,0.062571,0.302051,0.699049,-0.001535,,,,,0.312195,-0.230762,0.010463,1.157,0.796
2,4,22.9640,rolling,-0.2000,reverse,1450.000,1169,decreasing,1480.000,1607.745,1297,1,1783739390.644356251,0.060809,0.302508,0.699465,-0.003836,-0.0010545,0.0004161,-0.3945433,-0.1090514,0.313250,-0.230762,0.010463,1.157,0.796
2,4,22.9748,rolling,-0.2000,reverse,1450.000,1169,decreasing,1480.000,1607.745,1297,0,1783739390.644356251,0.060809,0.302508,0.699465,-0.003836,,,,,0.313250,-0.230762,0.010463,1.157,0.796
2,4,22.9965,rolling,-0.2000,reverse,1450.000,1169,decreasing,1480.000,1607.745,1297,0,1783739390.644356251,0.060809,0.302508,0.699465,-0.003836,,,,,0.313250,-0.230762,0.010463,1.157,0.796
2,4,23.0180,rolling,-0.2000,reverse,1450.000,1169,decreasing,1480.000,1607.745,1297,0,1783739390.644356251,0.060809,0.302508,0.699465,-0.003836,,,,,0.313250,-0.230762,0.010463,1.157,0.796
2,4,23.0396,rolling,-0.2000,reverse,1450.000,1169,decreasing,1480.000,1607.745,1297,0,1783739390.644356251,0.060809,0.302508,0.699465,-0.003836,,,,,0.313250,-0.230762,0.010463,1.157,0.796
2,4,23.0611,rolling,-0.2000,reverse,1450.000,1169,decreasing,1480.000,1607.745,1297,0,1783739390.644356251,0.060809,0.302508,0.699465,-0.003836,,,,,0.313250,-0.230762,0.010463,1.156,0.795
2,4,23.0640,rolling,-0.2000,reverse,1450.000,1169,decreasing,1480.000,1610.845,1299,1,1783739390.744814157,0.062027,0.301930,0.698547,-0.001482,0.0005604,-0.0009182,-1.6384130,-0.4267221,0.313810,-0.230762,0.010463,1.156,0.795
2,4,23.0760,rolling,-0.2000,reverse,1450.000,1169,decreasing,1480.000,1610.845,1299,0,1783739390.744814157,0.062027,0.301930,0.698547,-0.001482,,,,,0.313810,-0.230762,0.010463,1.156,0.795
2,4,23.0977,rolling,-0.2000,reverse,1450.000,1169,decreasing,1480.000,1610.845,1299,0,1783739390.744814157,0.062027,0.301930,0.698547,-0.001482,,,,,0.313810,-0.230762,0.010463,1.156,0.795
2,4,23.1194,rolling,-0.2000,reverse,1450.000,1169,decreasing,1480.000,1610.845,1299,0,1783739390.744814157,0.062027,0.301930,0.698547,-0.001482,,,,,0.313810,-0.230762,0.010463,1.156,0.795
2,4,23.1410,rolling,-0.2000,reverse,1450.000,1169,decreasing,1480.000,1610.845,1299,0,1783739390.744814157,0.062027,0.301930,0.698547,-0.001482,,,,,0.313810,-0.230762,0.010463,1.156,0.795
2,4,23.1627,rolling,-0.2000,reverse,1450.000,1169,decreasing,1480.000,1610.845,1299,0,1783739390.744814157,0.062027,0.301930,0.698547,-0.001482,,,,,0.313810,-0.230762,0.010463,1.156,0.796
2,4,23.1653,rolling,-0.2000,reverse,1450.000,1169,decreasing,1480.000,1613.945,1302,1,1783739390.845164776,0.060206,0.302078,0.697966,-0.004349,-0.0012996,-0.0005810,0.4470429,0.1234238,0.315110,-0.230762,0.010463,1.156,0.796
2,4,23.1800,rolling,-0.2000,reverse,1450.000,1169,decreasing,1480.000,1613.945,1302,0,1783739390.845164776,0.060206,0.302078,0.697966,-0.004349,,,,,0.315110,-0.230762,0.010463,1.156,0.796
2,4,23.2017,rolling,-0.2000,reverse,1450.000,1169,decreasing,1480.000,1613.945,1302,0,1783739390.845164776,0.060206,0.302078,0.697966,-0.004349,,,,,0.315110,-0.230762,0.010463,1.156,0.796
2,4,23.2232,rolling,-0.2000,reverse,1450.000,1169,decreasing,1480.000,1613.945,1302,0,1783739390.845164776,0.060206,0.302078,0.697966,-0.004349,,,,,0.315110,-0.230762,0.010463,1.156,0.796
2,4,23.2447,rolling,-0.2000,reverse,1450.000,1169,decreasing,1480.000,1613.945,1302,0,1783739390.845164776,0.060206,0.302078,0.697966,-0.004349,,,,,0.315110,-0.230762,0.010463,1.145,0.797
2,4,23.2624,rolling,-0.2000,reverse,1450.000,1169,decreasing,1480.000,1617.045,1304,1,1783739390.945615768,0.056261,0.294628,0.699701,-0.022707,-0.0078133,0.0017345,-0.2220006,-0.0615274,0.322923,-0.230762,0.010463,1.145,0.797
2,4,23.2793,rolling,-0.2000,reverse,1450.000,1169,decreasing,1480.000,1617.045,1304,0,1783739390.945615768,0.056261,0.294628,0.699701,-0.022707,,,,,0.322923,-0.230762,0.010463,1.145,0.797
2,4,23.3009,rolling,-0.2000,reverse,1450.000,1169,decreasing,1480.000,1617.045,1304,0,1783739390.945615768,0.056261,0.294628,0.699701,-0.022707,,,,,0.322923,-0.230762,0.010463,1.145,0.797
2,4,23.3224,rolling,-0.2000,reverse,1450.000,1169,decreasing,1480.000,1617.045,1304,0,1783739390.945615768,0.056261,0.294628,0.699701,-0.022707,,,,,0.322923,-0.230762,0.010463,1.145,0.797
2,4,23.3440,rolling,-0.2000,reverse,1450.000,1169,decreasing,1480.000,1617.045,1304,0,1783739390.945615768,0.056261,0.294628,0.699701,-0.022707,,,,,0.322923,-0.230762,0.010463,1.128,0.813
2,4,23.3633,rolling,-0.2000,reverse,1450.000,1169,decreasing,1480.000,1592.509,1284,1,1783739391.043435812,0.038742,0.281569,0.703475,-0.072770,-0.0218100,0.0037745,-0.1730614,-0.0479877,0.344733,-0.230762,0.010463,1.128,0.813
2,4,23.3812,rolling,-0.2000,reverse,1450.000,1169,decreasing,1480.000,1592.509,1284,0,1783739391.043435812,0.038742,0.281569,0.703475,-0.072770,,,,,0.344733,-0.230762,0.010463,1.128,0.813
2,4,23.4029,rolling,-0.2000,reverse,1450.000,1169,decreasing,1480.000,1592.509,1284,0,1783739391.043435812,0.038742,0.281569,0.703475,-0.072770,,,,,0.344733,-0.230762,0.010463,1.128,0.813
2,4,23.4245,rolling,-0.2000,reverse,1450.000,1169,decreasing,1480.000,1592.509,1284,0,1783739391.043435812,0.038742,0.281569,0.703475,-0.072770,,,,,0.344733,-0.230762,0.010463,1.128,0.813
2,4,23.4461,rolling,-0.2000,reverse,1450.000,1169,decreasing,1480.000,1592.509,1284,0,1783739391.043435812,0.038742,0.281569,0.703475,-0.072770,,,,,0.344733,-0.230762,0.010463,1.096,0.840
2,4,23.4635,rolling,-0.2000,reverse,1450.000,1169,decreasing,1480.000,1593.480,1285,1,1783739391.144227743,0.013715,0.260780,0.704216,-0.135272,-0.0325335,0.0007413,-0.0227867,-0.0063232,0.377266,-0.263295,0.011204,1.096,0.840
2,4,23.4828,rolling,-0.2000,reverse,1450.000,1169,decreasing,1480.000,1593.480,1285,0,1783739391.144227743,0.013715,0.260780,0.704216,-0.135272,,,,,0.377266,-0.263295,0.011204,1.096,0.840
2,4,23.5044,rolling,-0.2000,reverse,1450.000,1169,decreasing,1480.000,1593.480,1285,0,1783739391.144227743,0.013715,0.260780,0.704216,-0.135272,,,,,0.377266,-0.263295,0.011204,1.096,0.840
2,4,23.5260,rolling,-0.2000,reverse,1450.000,1169,decreasing,1480.000,1593.480,1285,0,1783739391.144227743,0.013715,0.260780,0.704216,-0.135272,,,,,0.377266,-0.263295,0.011204,1.096,0.840
2,4,23.5475,rolling,-0.2000,reverse,1450.000,1169,decreasing,1480.000,1593.480,1285,0,1783739391.144227743,0.013715,0.260780,0.704216,-0.135272,,,,,0.377266,-0.263295,0.011204,1.064,0.872
2,4,23.5642,rolling,-0.2000,reverse,1450.000,1169,decreasing,1480.000,1592.941,1285,1,1783739391.244516850,-0.005070,0.239687,0.706807,-0.171196,-0.0279772,0.0025905,-0.0925924,-0.0256887,0.405244,-0.291272,0.013795,1.064,0.872
2,4,23.5777,rolling,-0.2000,reverse,1450.000,1169,decreasing,1480.000,1592.941,1285,0,1783739391.244516850,-0.005070,0.239687,0.706807,-0.171196,,,,,0.405244,-0.291272,0.013795,1.064,0.872
2,4,23.5993,rolling,-0.2000,reverse,1450.000,1169,decreasing,1480.000,1592.941,1285,0,1783739391.244516850,-0.005070,0.239687,0.706807,-0.171196,,,,,0.405244,-0.291272,0.013795,1.064,0.872
2,4,23.6209,rolling,-0.2000,reverse,1450.000,1169,decreasing,1480.000,1592.941,1285,0,1783739391.244516850,-0.005070,0.239687,0.706807,-0.171196,,,,,0.405244,-0.291272,0.013795,1.064,0.872
2,4,23.6424,rolling,-0.2000,reverse,1450.000,1169,decreasing,1480.000,1592.941,1285,0,1783739391.244516850,-0.005070,0.239687,0.706807,-0.171196,,,,,0.405244,-0.291272,0.013795,1.036,0.901
2,4,23.6646,rolling,-0.2000,reverse,1450.000,1169,decreasing,1480.000,1592.487,1284,1,1783739391.345209360,-0.028939,0.222316,0.708710,-0.201465,-0.0294299,0.0019035,-0.0646788,-0.0179464,0.434673,-0.320702,0.015698,1.036,0.901
2,4,23.6809,rolling,-0.2000,reverse,1450.000,1169,decreasing,1480.000,1592.487,1284,0,1783739391.345209360,-0.028939,0.222316,0.708710,-0.201465,,,,,0.434673,-0.320702,0.015698,1.036,0.901
2,4,23.7025,rolling,-0.2000,reverse,1450.000,1169,decreasing,1480.000,1592.487,1284,0,1783739391.345209360,-0.028939,0.222316,0.708710,-0.201465,,,,,0.434673,-0.320702,0.015698,1.036,0.901
2,4,23.7240,rolling,-0.2000,reverse,1450.000,1169,decreasing,1480.000,1592.487,1284,0,1783739391.345209360,-0.028939,0.222316,0.708710,-0.201465,,,,,0.434673,-0.320702,0.015698,1.036,0.901
2,4,23.7458,rolling,-0.2000,reverse,1450.000,1169,decreasing,1480.000,1592.487,1284,0,1783739391.345209360,-0.028939,0.222316,0.708710,-0.201465,,,,,0.434673,-0.320702,0.015698,1.008,0.928
2,4,23.7627,rolling,-0.2000,reverse,1450.000,1169,decreasing,1480.000,1592.292,1284,1,1783739391.445694447,-0.048785,0.206352,0.709974,-0.214435,-0.0254572,0.0012641,-0.0496571,-0.0137790,0.460131,-0.346159,0.016962,1.008,0.928
3,5,25.9426,startup,0.2000,forward,1300.000,1048,increasing,1270.000,1423.384,1148,0,1783739393.546901941,-0.069740,0.184381,0.710077,-0.001119,,,,,0.000000,0.000000,0.000000,0.977,0.971
3,5,25.9644,startup,0.2000,forward,1300.000,1048,increasing,1270.000,1422.144,1147,1,1783739393.644727468,-0.068935,0.183661,0.712341,-0.000482,0.0001399,0.0022641,16.1891191,1.3517730,0.000140,0.000000,0.000000,0.977,0.971
3,5,25.9752,startup,0.2000,forward,1300.000,1048,increasing,1270.000,1422.144,1147,0,1783739393.644727468,-0.068935,0.183661,0.712341,-0.000482,,,,,0.000140,0.000000,0.000000,0.977,0.971
3,5,25.9969,startup,0.2000,forward,1300.000,1048,increasing,1270.000,1422.144,1147,0,1783739393.644727468,-0.068935,0.183661,0.712341,-0.000482,,,,,0.000140,0.000000,0.000000,0.977,0.971
3,5,26.0186,startup,0.2000,forward,1300.000,1048,increasing,1270.000,1422.144,1147,0,1783739393.644727468,-0.068935,0.183661,0.712341,-0.000482,,,,,0.000140,0.000000,0.000000,0.977,0.971
3,5,26.0402,startup,0.2000,forward,1300.000,1048,increasing,1270.000,1422.144,1147,0,1783739393.644727468,-0.068935,0.183661,0.712341,-0.000482,,,,,0.000140,0.000000,0.000000,0.977,0.971
3,5,26.0617,startup,0.2000,forward,1300.000,1048,increasing,1270.000,1422.144,1147,0,1783739393.644727468,-0.068935,0.183661,0.712341,-0.000482,,,,,0.000140,0.000000,0.000000,0.975,0.970
3,5,26.0648,startup,0.2000,forward,1300.000,1048,increasing,1270.000,1420.904,1146,1,1783739393.745311975,-0.068510,0.182393,0.712881,-0.001621,-0.0005068,0.0005393,-1.0642140,-0.2871571,0.000647,0.000000,0.000000,0.975,0.970
3,5,26.0794,startup,0.2000,forward,1300.000,1048,increasing,1270.000,1420.904,1146,0,1783739393.745311975,-0.068510,0.182393,0.712881,-0.001621,,,,,0.000647,0.000000,0.000000,0.975,0.970
3,5,26.1011,startup,0.2000,forward,1300.000,1048,increasing,1270.000,1420.904,1146,0,1783739393.745311975,-0.068510,0.182393,0.712881,-0.001621,,,,,0.000647,0.000000,0.000000,0.975,0.970
3,5,26.1227,startup,0.2000,forward,1300.000,1048,increasing,1270.000,1420.904,1146,0,1783739393.745311975,-0.068510,0.182393,0.712881,-0.001621,,,,,0.000647,0.000000,0.000000,0.975,0.970
3,5,26.1443,startup,0.2000,forward,1300.000,1048,increasing,1270.000,1420.904,1146,0,1783739393.745311975,-0.068510,0.182393,0.712881,-0.001621,,,,,0.000647,0.000000,0.000000,0.977,0.970
3,5,26.1656,startup,0.2000,forward,1300.000,1048,increasing,1270.000,1419.664,1145,1,1783739393.845927954,-0.069643,0.183267,0.710611,-0.001932,-0.0002883,-0.0022698,7.8743955,1.1416108,0.000935,0.000000,0.000000,0.977,0.970
3,5,26.1823,startup,0.2000,forward,1300.000,1048,increasing,1270.000,1419.664,1145,0,1783739393.845927954,-0.069643,0.183267,0.710611,-0.001932,,,,,0.000935,0.000000,0.000000,0.977,0.970
3,5,26.2040,startup,0.2000,forward,1300.000,1048,increasing,1270.000,1419.664,1145,0,1783739393.845927954,-0.069643,0.183267,0.710611,-0.001932,,,,,0.000935,0.000000,0.000000,0.977,0.970
3,5,26.2256,startup,0.2000,forward,1300.000,1048,increasing,1270.000,1419.664,1145,0,1783739393.845927954,-0.069643,0.183267,0.710611,-0.001932,,,,,0.000935,0.000000,0.000000,0.977,0.970
3,5,26.2474,startup,0.2000,forward,1300.000,1048,increasing,1270.000,1419.664,1145,0,1783739393.845927954,-0.069643,0.183267,0.710611,-0.001932,,,,,0.000935,0.000000,0.000000,0.979,0.969
3,5,26.2656,startup,0.2000,forward,1300.000,1048,increasing,1270.000,1418.424,1144,1,1783739393.946444035,-0.067527,0.189385,0.706038,0.012450,0.0055882,-0.0045728,-0.8182955,-0.2232905,0.006523,0.000000,0.000000,0.979,0.969
3,5,26.2805,startup,0.2000,forward,1300.000,1048,increasing,1270.000,1418.424,1144,0,1783739393.946444035,-0.067527,0.189385,0.706038,0.012450,,,,,0.006523,0.000000,0.000000,0.979,0.969
3,5,26.3022,startup,0.2000,forward,1300.000,1048,increasing,1270.000,1418.424,1144,0,1783739393.946444035,-0.067527,0.189385,0.706038,0.012450,,,,,0.006523,0.000000,0.000000,0.979,0.969
3,5,26.3238,startup,0.2000,forward,1300.000,1048,increasing,1270.000,1418.424,1144,0,1783739393.946444035,-0.067527,0.189385,0.706038,0.012450,,,,,0.006523,0.000000,0.000000,0.979,0.969
3,5,26.3454,startup,0.2000,forward,1300.000,1048,increasing,1270.000,1418.424,1144,0,1783739393.946444035,-0.067527,0.189385,0.706038,0.012450,,,,,0.006523,0.000000,0.000000,0.985,0.963
3,5,26.3665,startup,0.2000,forward,1300.000,1048,increasing,1270.000,1415.324,1141,1,1783739394.046793699,-0.064477,0.191699,0.705037,0.018858,0.0038217,-0.0010016,-0.2620749,-0.0725980,0.010345,0.000000,0.000000,0.985,0.963
3,5,26.3873,startup,0.2000,forward,1300.000,1048,increasing,1270.000,1415.324,1141,0,1783739394.046793699,-0.064477,0.191699,0.705037,0.018858,,,,,0.010345,0.000000,0.000000,0.985,0.963
3,5,26.4089,startup,0.2000,forward,1300.000,1048,increasing,1270.000,1415.324,1141,0,1783739394.046793699,-0.064477,0.191699,0.705037,0.018858,,,,,0.010345,0.000000,0.000000,0.985,0.963
3,5,26.4304,startup,0.2000,forward,1300.000,1048,increasing,1270.000,1415.324,1141,0,1783739394.046793699,-0.064477,0.191699,0.705037,0.018858,,,,,0.010345,0.000000,0.000000,0.985,0.963
3,5,26.4519,startup,0.2000,forward,1300.000,1048,increasing,1270.000,1415.324,1141,0,1783739394.046793699,-0.064477,0.191699,0.705037,0.018858,,,,,0.010345,0.000000,0.000000,0.993,0.960
3,5,26.4669,startup,0.2000,forward,1300.000,1048,increasing,1270.000,1412.224,1139,1,1783739394.147489309,-0.061914,0.197091,0.703229,0.027660,0.0054441,-0.0018078,-0.3320587,-0.0918868,0.015789,0.000000,0.000000,0.993,0.960
3,5,26.4837,startup,0.2000,forward,1300.000,1048,increasing,1270.000,1412.224,1139,0,1783739394.147489309,-0.061914,0.197091,0.703229,0.027660,,,,,0.015789,0.000000,0.000000,0.993,0.960
3,5,26.5053,startup,0.2000,forward,1300.000,1048,increasing,1270.000,1412.224,1139,0,1783739394.147489309,-0.061914,0.197091,0.703229,0.027660,,,,,0.015789,0.000000,0.000000,0.993,0.960
3,5,26.5269,startup,0.2000,forward,1300.000,1048,increasing,1270.000,1412.224,1139,0,1783739394.147489309,-0.061914,0.197091,0.703229,0.027660,,,,,0.015789,0.000000,0.000000,0.993,0.960
3,5,26.5484,startup,0.2000,forward,1300.000,1048,increasing,1270.000,1412.224,1139,0,1783739394.147489309,-0.061914,0.197091,0.703229,0.027660,,,,,0.015789,0.000000,0.000000,1.005,0.951
3,5,26.5649,rolling,0.2000,forward,1300.000,1048,increasing,1270.000,1419.384,1145,1,1783739394.247977018,-0.049541,0.204705,0.701761,0.056479,0.0143634,-0.0014679,-0.1022009,-0.0283531,0.030152,0.000000,0.000000,1.005,0.951
3,5,26.5800,rolling,0.2000,forward,1300.000,1048,increasing,1270.000,1419.384,1145,0,1783739394.247977018,-0.049541,0.204705,0.701761,0.056479,,,,,0.030152,0.000000,0.000000,1.005,0.951
3,5,26.6017,rolling,0.2000,forward,1300.000,1048,increasing,1270.000,1419.384,1145,0,1783739394.247977018,-0.049541,0.204705,0.701761,0.056479,,,,,0.030152,0.000000,0.000000,1.005,0.951
3,5,26.6233,rolling,0.2000,forward,1300.000,1048,increasing,1270.000,1419.384,1145,0,1783739394.247977018,-0.049541,0.204705,0.701761,0.056479,,,,,0.030152,0.000000,0.000000,1.005,0.951
3,5,26.6448,rolling,0.2000,forward,1300.000,1048,increasing,1270.000,1419.384,1145,0,1783739394.247977018,-0.049541,0.204705,0.701761,0.056479,,,,,0.030152,0.000000,0.000000,1.021,0.937
3,5,26.6656,rolling,0.2000,forward,1300.000,1048,increasing,1270.000,1417.147,1143,1,1783739394.346040010,-0.036198,0.216765,0.697438,0.088182,0.0179739,-0.0043230,-0.2405146,-0.0666440,0.048126,0.000000,0.000000,1.021,0.937
3,5,26.6871,rolling,0.2000,forward,1300.000,1048,increasing,1270.000,1417.147,1143,0,1783739394.346040010,-0.036198,0.216765,0.697438,0.088182,,,,,0.048126,0.000000,0.000000,1.021,0.937
3,5,26.7088,rolling,0.2000,forward,1300.000,1048,increasing,1270.000,1417.147,1143,0,1783739394.346040010,-0.036198,0.216765,0.697438,0.088182,,,,,0.048126,0.000000,0.000000,1.021,0.937
3,5,26.7304,rolling,0.2000,forward,1300.000,1048,increasing,1270.000,1417.147,1143,0,1783739394.346040010,-0.036198,0.216765,0.697438,0.088182,,,,,0.048126,0.000000,0.000000,1.021,0.937
3,5,26.7520,rolling,0.2000,forward,1300.000,1048,increasing,1270.000,1417.147,1143,0,1783739394.346040010,-0.036198,0.216765,0.697438,0.088182,,,,,0.048126,0.000000,0.000000,1.039,0.919
3,5,26.7633,rolling,0.2000,forward,1300.000,1048,increasing,1270.000,1417.611,1143,1,1783739394.446525097,-0.021322,0.227305,0.690935,0.111359,0.0181769,-0.0065029,-0.3577553,-0.0989529,0.066303,0.000000,0.000000,1.039,0.919
3,5,26.7758,rolling,0.2000,forward,1300.000,1048,increasing,1270.000,1417.611,1143,0,1783739394.446525097,-0.021322,0.227305,0.690935,0.111359,,,,,0.066303,0.000000,0.000000,1.039,0.919
3,5,26.7975,rolling,0.2000,forward,1300.000,1048,increasing,1270.000,1417.611,1143,0,1783739394.446525097,-0.021322,0.227305,0.690935,0.111359,,,,,0.066303,0.000000,0.000000,1.039,0.919
3,5,26.8191,rolling,0.2000,forward,1300.000,1048,increasing,1270.000,1417.611,1143,0,1783739394.446525097,-0.021322,0.227305,0.690935,0.111359,,,,,0.066303,0.000000,0.000000,1.039,0.919
3,5,26.8406,rolling,0.2000,forward,1300.000,1048,increasing,1270.000,1417.611,1143,0,1783739394.446525097,-0.021322,0.227305,0.690935,0.111359,,,,,0.066303,0.000000,0.000000,1.039,0.919
3,5,26.8624,rolling,0.2000,forward,1300.000,1048,increasing,1270.000,1417.611,1143,0,1783739394.446525097,-0.021322,0.227305,0.690935,0.111359,,,,,0.066303,0.000000,0.000000,1.059,0.899
3,5,26.8651,rolling,0.2000,forward,1300.000,1048,increasing,1270.000,1417.956,1144,1,1783739394.544355869,-0.007972,0.238859,0.685375,0.128621,0.0176493,-0.0055601,-0.3150334,-0.0872001,0.083952,0.017649,-0.005560,1.059,0.899
3,5,26.8761,rolling,0.2000,forward,1300.000,1048,increasing,1270.000,1417.956,1144,0,1783739394.544355869,-0.007972,0.238859,0.685375,0.128621,,,,,0.083952,0.017649,-0.005560,1.059,0.899
3,5,26.8977,rolling,0.2000,forward,1300.000,1048,increasing,1270.000,1417.956,1144,0,1783739394.544355869,-0.007972,0.238859,0.685375,0.128621,,,,,0.083952,0.017649,-0.005560,1.059,0.899
3,5,26.9192,rolling,0.2000,forward,1300.000,1048,increasing,1270.000,1417.956,1144,0,1783739394.544355869,-0.007972,0.238859,0.685375,0.128621,,,,,0.083952,0.017649,-0.005560,1.059,0.899
3,5,26.9408,rolling,0.2000,forward,1300.000,1048,increasing,1270.000,1417.956,1144,0,1783739394.544355869,-0.007972,0.238859,0.685375,0.128621,,,,,0.083952,0.017649,-0.005560,1.081,0.881
3,5,26.9619,rolling,0.2000,forward,1300.000,1048,increasing,1270.000,1418.360,1144,1,1783739394.645406961,0.008106,0.252624,0.676809,0.148811,0.0211581,-0.0085662,-0.4048677,-0.1118816,0.105110,0.038807,-0.014126,1.081,0.881
3,5,26.9786,rolling,0.2000,forward,1300.000,1048,increasing,1270.000,1418.360,1144,0,1783739394.645406961,0.008106,0.252624,0.676809,0.148811,,,,,0.105110,0.038807,-0.014126,1.081,0.881
3,5,27.0003,rolling,0.2000,forward,1300.000,1048,increasing,1270.000,1418.360,1144,0,1783739394.645406961,0.008106,0.252624,0.676809,0.148811,,,,,0.105110,0.038807,-0.014126,1.081,0.881
3,5,27.0218,rolling,0.2000,forward,1300.000,1048,increasing,1270.000,1418.360,1144,0,1783739394.645406961,0.008106,0.252624,0.676809,0.148811,,,,,0.105110,0.038807,-0.014126,1.081,0.881
3,5,27.0434,rolling,0.2000,forward,1300.000,1048,increasing,1270.000,1418.360,1144,0,1783739394.645406961,0.008106,0.252624,0.676809,0.148811,,,,,0.105110,0.038807,-0.014126,1.097,0.863
3,5,27.0627,rolling,0.2000,forward,1300.000,1048,increasing,1270.000,1418.392,1144,1,1783739394.742979527,0.017527,0.265088,0.668998,0.150389,0.0151356,-0.0078111,-0.5160726,-0.1422430,0.120246,0.053943,-0.021937,1.097,0.863
3,5,27.0809,rolling,0.2000,forward,1300.000,1048,increasing,1270.000,1418.392,1144,0,1783739394.742979527,0.017527,0.265088,0.668998,0.150389,,,,,0.120246,0.053943,-0.021937,1.097,0.863
3,5,27.1026,rolling,0.2000,forward,1300.000,1048,increasing,1270.000,1418.392,1144,0,1783739394.742979527,0.017527,0.265088,0.668998,0.150389,,,,,0.120246,0.053943,-0.021937,1.097,0.863
3,5,27.1243,rolling,0.2000,forward,1300.000,1048,increasing,1270.000,1418.392,1144,0,1783739394.742979527,0.017527,0.265088,0.668998,0.150389,,,,,0.120246,0.053943,-0.021937,1.097,0.863
3,5,27.1460,rolling,0.2000,forward,1300.000,1048,increasing,1270.000,1418.392,1144,0,1783739394.742979527,0.017527,0.265088,0.668998,0.150389,,,,,0.120246,0.053943,-0.021937,1.117,0.845
3,5,27.1629,rolling,0.2000,forward,1300.000,1048,increasing,1270.000,1418.643,1144,1,1783739394.843811512,0.034417,0.276339,0.662226,0.162957,0.0202331,-0.0067712,-0.3346606,-0.0926027,0.140479,0.074176,-0.028709,1.117,0.845
3,5,27.1820,rolling,0.2000,forward,1300.000,1048,increasing,1270.000,1418.643,1144,0,1783739394.843811512,0.034417,0.276339,0.662226,0.162957,,,,,0.140479,0.074176,-0.028709,1.117,0.845
3,5,27.2037,rolling,0.2000,forward,1300.000,1048,increasing,1270.000,1418.643,1144,0,1783739394.843811512,0.034417,0.276339,0.662226,0.162957,,,,,0.140479,0.074176,-0.028709,1.117,0.845
3,5,27.2253,rolling,0.2000,forward,1300.000,1048,increasing,1270.000,1418.643,1144,0,1783739394.843811512,0.034417,0.276339,0.662226,0.162957,,,,,0.140479,0.074176,-0.028709,1.117,0.845
3,5,27.2468,rolling,0.2000,forward,1300.000,1048,increasing,1270.000,1418.643,1144,0,1783739394.843811512,0.034417,0.276339,0.662226,0.162957,,,,,0.140479,0.074176,-0.028709,1.131,0.830
3,5,27.2612,rolling,0.2000,forward,1300.000,1048,increasing,1270.000,1418.547,1144,1,1783739394.944008589,0.046626,0.284117,0.656113,0.158184,0.0144151,-0.0061135,-0.4241051,-0.1171503,0.154894,0.088591,-0.034822,1.131,0.830
3,5,27.2738,rolling,0.2000,forward,1300.000,1048,increasing,1270.000,1418.547,1144,0,1783739394.944008589,0.046626,0.284117,0.656113,0.158184,,,,,0.154894,0.088591,-0.034822,1.131,0.830
3,5,27.2954,rolling,0.2000,forward,1300.000,1048,increasing,1270.000,1418.547,1144,0,1783739394.944008589,0.046626,0.284117,0.656113,0.158184,,,,,0.154894,0.088591,-0.034822,1.131,0.830
3,5,27.3171,rolling,0.2000,forward,1300.000,1048,increasing,1270.000,1418.547,1144,0,1783739394.944008589,0.046626,0.284117,0.656113,0.158184,,,,,0.154894,0.088591,-0.034822,1.131,0.830
3,5,27.3387,rolling,0.2000,forward,1300.000,1048,increasing,1270.000,1418.547,1144,0,1783739394.944008589,0.046626,0.284117,0.656113,0.158184,,,,,0.154894,0.088591,-0.034822,1.131,0.830
3,5,27.3603,rolling,0.2000,forward,1300.000,1048,increasing,1270.000,1418.547,1144,0,1783739394.944008589,0.046626,0.284117,0.656113,0.158184,,,,,0.154894,0.088591,-0.034822,1.143,0.816
3,5,27.3627,rolling,0.2000,forward,1300.000,1048,increasing,1270.000,1418.400,1144,1,1783739395.042304516,0.057443,0.290784,0.649610,0.150791,0.0126419,-0.0065024,-0.5143539,-0.1417756,0.167536,0.101233,-0.041325,1.143,0.816
3,5,27.3753,rolling,0.2000,forward,1300.000,1048,increasing,1270.000,1418.400,1144,0,1783739395.042304516,0.057443,0.290784,0.649610,0.150791,,,,,0.167536,0.101233,-0.041325,1.143,0.816
3,5,27.3970,rolling,0.2000,forward,1300.000,1048,increasing,1270.000,1418.400,1144,0,1783739395.042304516,0.057443,0.290784,0.649610,0.150791,,,,,0.167536,0.101233,-0.041325,1.143,0.816
3,5,27.4186,rolling,0.2000,forward,1300.000,1048,increasing,1270.000,1418.400,1144,0,1783739395.042304516,0.057443,0.290784,0.649610,0.150791,,,,,0.167536,0.101233,-0.041325,1.143,0.816
3,5,27.4401,rolling,0.2000,forward,1300.000,1048,increasing,1270.000,1418.400,1144,0,1783739395.042304516,0.057443,0.290784,0.649610,0.150791,,,,,0.167536,0.101233,-0.041325,1.156,0.802
3,5,27.4622,rolling,0.2000,forward,1300.000,1048,increasing,1270.000,1418.152,1144,1,1783739395.142727375,0.063692,0.299384,0.644093,0.138411,0.0101700,-0.0055173,-0.5425043,-0.1494228,0.177706,0.111403,-0.046842,1.156,0.802
3,5,27.4833,rolling,0.2000,forward,1300.000,1048,increasing,1270.000,1418.152,1144,0,1783739395.142727375,0.063692,0.299384,0.644093,0.138411,,,,,0.177706,0.111403,-0.046842,1.156,0.802
3,5,27.5049,rolling,0.2000,forward,1300.000,1048,increasing,1270.000,1418.152,1144,0,1783739395.142727375,0.063692,0.299384,0.644093,0.138411,,,,,0.177706,0.111403,-0.046842,1.156,0.802
3,5,27.5266,rolling,0.2000,forward,1300.000,1048,increasing,1270.000,1418.152,1144,0,1783739395.142727375,0.063692,0.299384,0.644093,0.138411,,,,,0.177706,0.111403,-0.046842,1.156,0.802
3,5,27.5481,rolling,0.2000,forward,1300.000,1048,increasing,1270.000,1418.152,1144,0,1783739395.142727375,0.063692,0.299384,0.644093,0.138411,,,,,0.177706,0.111403,-0.046842,1.166,0.790
3,5,27.5600,rolling,0.2000,forward,1300.000,1048,increasing,1270.000,1418.191,1144,1,1783739395.243309498,0.075580,0.308051,0.638649,0.140372,0.0147106,-0.0054444,-0.3700970,-0.1023431,0.192417,0.126114,-0.052286,1.166,0.790
3,5,27.5736,rolling,0.2000,forward,1300.000,1048,increasing,1270.000,1418.191,1144,0,1783739395.243309498,0.075580,0.308051,0.638649,0.140372,,,,,0.192417,0.126114,-0.052286,1.166,0.790
3,5,27.5955,rolling,0.2000,forward,1300.000,1048,increasing,1270.000,1418.191,1144,0,1783739395.243309498,0.075580,0.308051,0.638649,0.140372,,,,,0.192417,0.126114,-0.052286,1.166,0.790
3,5,27.6173,rolling,0.2000,forward,1300.000,1048,increasing,1270.000,1418.191,1144,0,1783739395.243309498,0.075580,0.308051,0.638649,0.140372,,,,,0.192417,0.126114,-0.052286,1.166,0.790
3,5,27.6388,rolling,0.2000,forward,1300.000,1048,increasing,1270.000,1418.191,1144,0,1783739395.243309498,0.075580,0.308051,0.638649,0.140372,,,,,0.192417,0.126114,-0.052286,1.180,0.778
3,5,27.6605,rolling,0.2000,forward,1300.000,1048,increasing,1270.000,1418.027,1144,1,1783739395.341062307,0.083394,0.315150,0.634523,0.132141,0.0105034,-0.0041258,-0.3928040,-0.1085744,0.202920,0.136617,-0.056412,1.180,0.778
3,5,27.6774,rolling,0.2000,forward,1300.000,1048,increasing,1270.000,1418.027,1144,0,1783739395.341062307,0.083394,0.315150,0.634523,0.132141,,,,,0.202920,0.136617,-0.056412,1.180,0.778
3,5,27.6991,rolling,0.2000,forward,1300.000,1048,increasing,1270.000,1418.027,1144,0,1783739395.341062307,0.083394,0.315150,0.634523,0.132141,,,,,0.202920,0.136617,-0.056412,1.180,0.778
3,5,27.7207,rolling,0.2000,forward,1300.000,1048,increasing,1270.000,1418.027,1144,0,1783739395.341062307,0.083394,0.315150,0.634523,0.132141,,,,,0.202920,0.136617,-0.056412,1.180,0.778
3,5,27.7423,rolling,0.2000,forward,1300.000,1048,increasing,1270.000,1418.027,1144,0,1783739395.341062307,0.083394,0.315150,0.634523,0.132141,,,,,0.202920,0.136617,-0.056412,1.191,0.768
3,5,27.7609,rolling,0.2000,forward,1300.000,1048,increasing,1270.000,1417.874,1143,1,1783739395.441604614,0.093147,0.319122,0.631429,0.124501,0.0102130,-0.0030943,-0.3029815,-0.0838801,0.213133,0.146830,-0.059506,1.191,0.768
3,5,27.7757,rolling,0.2000,forward,1300.000,1048,increasing,1270.000,1417.874,1143,0,1783739395.441604614,0.093147,0.319122,0.631429,0.124501,,,,,0.213133,0.146830,-0.059506,1.191,0.768
3,5,27.7973,rolling,0.2000,forward,1300.000,1048,increasing,1270.000,1417.874,1143,0,1783739395.441604614,0.093147,0.319122,0.631429,0.124501,,,,,0.213133,0.146830,-0.059506,1.191,0.768
3,5,27.8188,rolling,0.2000,forward,1300.000,1048,increasing,1270.000,1417.874,1143,0,1783739395.441604614,0.093147,0.319122,0.631429,0.124501,,,,,0.213133,0.146830,-0.059506,1.191,0.768
3,5,27.8403,rolling,0.2000,forward,1300.000,1048,increasing,1270.000,1417.874,1143,0,1783739395.441604614,0.093147,0.319122,0.631429,0.124501,,,,,0.213133,0.146830,-0.059506,1.202,0.757
3,5,27.8613,rolling,0.2000,forward,1300.000,1048,increasing,1270.000,1417.852,1143,1,1783739395.542051792,0.102958,0.326158,0.626316,0.123424,0.0120730,-0.0051124,-0.4234579,-0.1169731,0.225206,0.158903,-0.064619,1.202,0.757
3,5,27.8817,rolling,0.2000,forward,1300.000,1048,increasing,1270.000,1417.852,1143,0,1783739395.542051792,0.102958,0.326158,0.626316,0.123424,,,,,0.225206,0.158903,-0.064619,1.202,0.757
3,5,27.9033,rolling,0.2000,forward,1300.000,1048,increasing,1270.000,1417.852,1143,0,1783739395.542051792,0.102958,0.326158,0.626316,0.123424,,,,,0.225206,0.158903,-0.064619,1.202,0.757
3,5,27.9248,rolling,0.2000,forward,1300.000,1048,increasing,1270.000,1417.852,1143,0,1783739395.542051792,0.102958,0.326158,0.626316,0.123424,,,,,0.225206,0.158903,-0.064619,1.202,0.757
3,5,27.9463,rolling,0.2000,forward,1300.000,1048,increasing,1270.000,1417.852,1143,0,1783739395.542051792,0.102958,0.326158,0.626316,0.123424,,,,,0.225206,0.158903,-0.064619,1.212,0.747
3,5,27.9622,rolling,0.2000,forward,1300.000,1048,increasing,1270.000,1417.706,1143,1,1783739395.642495632,0.110298,0.332153,0.621187,0.116114,0.0094601,-0.0051297,-0.5422471,-0.1493531,0.234666,0.158903,-0.064619,1.212,0.747
3,5,27.9782,rolling,0.2000,forward,1300.000,1048,increasing,1270.000,1417.706,1143,0,1783739395.642495632,0.110298,0.332153,0.621187,0.116114,,,,,0.234666,0.158903,-0.064619,1.212,0.747
3,5,27.9998,rolling,0.2000,forward,1300.000,1048,increasing,1270.000,1417.706,1143,0,1783739395.642495632,0.110298,0.332153,0.621187,0.116114,,,,,0.234666,0.158903,-0.064619,1.212,0.747
3,5,28.0214,rolling,0.2000,forward,1300.000,1048,increasing,1270.000,1417.706,1143,0,1783739395.642495632,0.110298,0.332153,0.621187,0.116114,,,,,0.234666,0.158903,-0.064619,1.212,0.747
3,5,28.0429,rolling,0.2000,forward,1300.000,1048,increasing,1270.000,1417.706,1143,0,1783739395.642495632,0.110298,0.332153,0.621187,0.116114,,,,,0.234666,0.158903,-0.064619,1.222,0.735
3,5,28.0601,rolling,0.2000,forward,1300.000,1048,increasing,1270.000,1417.588,1143,1,1783739395.743360996,0.116270,0.339858,0.614123,0.110210,0.0093301,-0.0070635,-0.7570626,-0.2070735,0.243996,0.158903,-0.064619,1.222,0.735
3,5,28.0759,rolling,0.2000,forward,1300.000,1048,increasing,1270.000,1417.588,1143,0,1783739395.743360996,0.116270,0.339858,0.614123,0.110210,,,,,0.243996,0.158903,-0.064619,1.222,0.735
3,5,28.0975,rolling,0.2000,forward,1300.000,1048,increasing,1270.000,1417.588,1143,0,1783739395.743360996,0.116270,0.339858,0.614123,0.110210,,,,,0.243996,0.158903,-0.064619,1.222,0.735
3,5,28.1190,rolling,0.2000,forward,1300.000,1048,increasing,1270.000,1417.588,1143,0,1783739395.743360996,0.116270,0.339858,0.614123,0.110210,,,,,0.243996,0.158903,-0.064619,1.222,0.735
3,5,28.1406,rolling,0.2000,forward,1300.000,1048,increasing,1270.000,1417.588,1143,0,1783739395.743360996,0.116270,0.339858,0.614123,0.110210,,,,,0.243996,0.158903,-0.064619,1.234,0.719
3,5,28.1607,rolling,0.2000,forward,1300.000,1048,increasing,1270.000,1417.587,1143,1,1783739395.841232300,0.124515,0.346866,0.608794,0.110180,0.0107745,-0.0053289,-0.4945880,-0.1363960,0.254771,0.158903,-0.064619,1.234,0.719
3,5,28.1754,rolling,0.2000,forward,1300.000,1048,increasing,1270.000,1417.587,1143,0,1783739395.841232300,0.124515,0.346866,0.608794,0.110180,,,,,0.254771,0.158903,-0.064619,1.234,0.719
3,5,28.1970,rolling,0.2000,forward,1300.000,1048,increasing,1270.000,1417.587,1143,0,1783739395.841232300,0.124515,0.346866,0.608794,0.110180,,,,,0.254771,0.158903,-0.064619,1.234,0.719
3,5,28.2185,rolling,0.2000,forward,1300.000,1048,increasing,1270.000,1417.587,1143,0,1783739395.841232300,0.124515,0.346866,0.608794,0.110180,,,,,0.254771,0.158903,-0.064619,1.234,0.719
3,5,28.2400,rolling,0.2000,forward,1300.000,1048,increasing,1270.000,1417.587,1143,0,1783739395.841232300,0.124515,0.346866,0.608794,0.110180,,,,,0.254771,0.158903,-0.064619,1.245,0.714
3,5,28.2612,rolling,0.2000,forward,1300.000,1048,increasing,1270.000,1417.668,1143,1,1783739395.941804886,0.135469,0.353376,0.604229,0.114230,0.0127105,-0.0045651,-0.3591588,-0.0993385,0.267481,0.158903,-0.064619,1.245,0.714
3,5,28.2782,rolling,0.2000,forward,1300.000,1048,increasing,1270.000,1417.668,1143,0,1783739395.941804886,0.135469,0.353376,0.604229,0.114230,,,,,0.267481,0.158903,-0.064619,1.245,0.714
3,5,28.3003,rolling,0.2000,forward,1300.000,1048,increasing,1270.000,1417.668,1143,0,1783739395.941804886,0.135469,0.353376,0.604229,0.114230,,,,,0.267481,0.158903,-0.064619,1.245,0.714
3,5,28.3220,rolling,0.2000,forward,1300.000,1048,increasing,1270.000,1417.668,1143,0,1783739395.941804886,0.135469,0.353376,0.604229,0.114230,,,,,0.267481,0.158903,-0.064619,1.245,0.714
3,5,28.3447,rolling,0.2000,forward,1300.000,1048,increasing,1270.000,1417.668,1143,0,1783739395.941804886,0.135469,0.353376,0.604229,0.114230,,,,,0.267481,0.158903,-0.064619,1.255,0.704
3,5,28.3619,rolling,0.2000,forward,1300.000,1048,increasing,1270.000,1417.691,1143,1,1783739396.042322874,0.145680,0.359578,0.599813,0.115341,0.0119287,-0.0044157,-0.3701720,-0.1023637,0.279410,0.158903,-0.064619,1.255,0.704
3,5,28.3676,rolling,0.2000,forward,1300.000,1048,increasing,1270.000,1417.691,1143,0,1783739396.042322874,0.145680,0.359578,0.599813,0.115341,,,,,0.279410,0.158903,-0.064619,1.255,0.704
3,5,28.3892,rolling,0.2000,forward,1300.000,1048,increasing,1270.000,1417.691,1143,0,1783739396.042322874,0.145680,0.359578,0.599813,0.115341,,,,,0.279410,0.158903,-0.064619,1.255,0.704
3,5,28.4107,rolling,0.2000,forward,1300.000,1048,increasing,1270.000,1417.691,1143,0,1783739396.042322874,0.145680,0.359578,0.599813,0.115341,,,,,0.279410,0.158903,-0.064619,1.255,0.704
3,5,28.4322,rolling,0.2000,forward,1300.000,1048,increasing,1270.000,1417.691,1143,0,1783739396.042322874,0.145680,0.359578,0.599813,0.115341,,,,,0.279410,0.158903,-0.064619,1.255,0.704
3,5,28.4538,rolling,0.2000,forward,1300.000,1048,increasing,1270.000,1417.691,1143,0,1783739396.042322874,0.145680,0.359578,0.599813,0.115341,,,,,0.279410,0.158903,-0.064619,1.265,0.681
3,5,28.4621,rolling,0.2000,forward,1300.000,1048,increasing,1270.000,1417.644,1143,1,1783739396.142984867,0.153828,0.366576,0.594980,0.113012,0.0106725,-0.0048338,-0.4529208,-0.1250299,0.290083,0.158903,-0.064619,1.265,0.681
3,5,28.4748,rolling,0.2000,forward,1300.000,1048,increasing,1270.000,1417.644,1143,0,1783739396.142984867,0.153828,0.366576,0.594980,0.113012,,,,,0.290083,0.158903,-0.064619,1.265,0.681
3,5,28.4964,rolling,0.2000,forward,1300.000,1048,increasing,1270.000,1417.644,1143,0,1783739396.142984867,0.153828,0.366576,0.594980,0.113012,,,,,0.290083,0.158903,-0.064619,1.265,0.681
3,5,28.5180,rolling,0.2000,forward,1300.000,1048,increasing,1270.000,1417.644,1143,0,1783739396.142984867,0.153828,0.366576,0.594980,0.113012,,,,,0.290083,0.158903,-0.064619,1.265,0.681
3,5,28.5398,rolling,0.2000,forward,1300.000,1048,increasing,1270.000,1417.644,1143,0,1783739396.142984867,0.153828,0.366576,0.594980,0.113012,,,,,0.290083,0.158903,-0.064619,1.276,0.676
3,5,28.5607,rolling,0.2000,forward,1300.000,1048,increasing,1270.000,1417.573,1143,1,1783739396.243170023,0.161263,0.373263,0.590459,0.109469,0.0099025,-0.0045209,-0.4565426,-0.1260192,0.299985,0.158903,-0.064619,1.276,0.676
3,5,28.5672,rolling,0.2000,forward,1300.000,1048,increasing,1270.000,1417.573,1143,0,1783739396.243170023,0.161263,0.373263,0.590459,0.109469,,,,,0.299985,0.158903,-0.064619,1.276,0.676
3,5,28.5889,rolling,0.2000,forward,1300.000,1048,increasing,1270.000,1417.573,1143,0,1783739396.243170023,0.161263,0.373263,0.590459,0.109469,,,,,0.299985,0.158903,-0.064619,1.276,0.676
3,5,28.6104,rolling,0.2000,forward,1300.000,1048,increasing,1270.000,1417.573,1143,0,1783739396.243170023,0.161263,0.373263,0.590459,0.109469,,,,,0.299985,0.158903,-0.064619,1.276,0.676
3,5,28.6319,rolling,0.2000,forward,1300.000,1048,increasing,1270.000,1417.573,1143,0,1783739396.243170023,0.161263,0.373263,0.590459,0.109469,,,,,0.299985,0.158903,-0.064619,1.276,0.676
3,5,28.6535,rolling,0.2000,forward,1300.000,1048,increasing,1270.000,1417.573,1143,0,1783739396.243170023,0.161263,0.373263,0.590459,0.109469,,,,,0.299985,0.158903,-0.064619,1.286,0.655
3,5,28.6608,rolling,0.2000,forward,1300.000,1048,increasing,1270.000,1417.704,1143,1,1783739396.341389894,0.173702,0.378605,0.583551,0.115994,0.0133153,-0.0069075,-0.5187655,-0.1429752,0.313300,0.158903,-0.064619,1.286,0.655
3,5,28.6779,rolling,0.2000,forward,1300.000,1048,increasing,1270.000,1417.704,1143,0,1783739396.341389894,0.173702,0.378605,0.583551,0.115994,,,,,0.313300,0.158903,-0.064619,1.286,0.655
3,5,28.6995,rolling,0.2000,forward,1300.000,1048,increasing,1270.000,1417.704,1143,0,1783739396.341389894,0.173702,0.378605,0.583551,0.115994,,,,,0.313300,0.158903,-0.064619,1.286,0.655
3,5,28.7211,rolling,0.2000,forward,1300.000,1048,increasing,1270.000,1417.704,1143,0,1783739396.341389894,0.173702,0.378605,0.583551,0.115994,,,,,0.313300,0.158903,-0.064619,1.286,0.655
3,5,28.7427,rolling,0.2000,forward,1300.000,1048,increasing,1270.000,1417.704,1143,0,1783739396.341389894,0.173702,0.378605,0.583551,0.115994,,,,,0.313300,0.158903,-0.064619,1.301,0.643
3,5,28.7615,rolling,0.2000,forward,1300.000,1048,increasing,1270.000,1417.636,1143,1,1783739396.441936016,0.181828,0.385011,0.577602,0.112626,0.0103084,-0.0059492,-0.5771195,-0.1588022,0.323609,0.158903,-0.064619,1.301,0.643
3,5,28.7773,rolling,0.2000,forward,1300.000,1048,increasing,1270.000,1417.636,1143,0,1783739396.441936016,0.181828,0.385011,0.577602,0.112626,,,,,0.323609,0.158903,-0.064619,1.301,0.643
3,5,28.7989,rolling,0.2000,forward,1300.000,1048,increasing,1270.000,1417.636,1143,0,1783739396.441936016,0.181828,0.385011,0.577602,0.112626,,,,,0.323609,0.158903,-0.064619,1.301,0.643
3,5,28.8204,rolling,0.2000,forward,1300.000,1048,increasing,1270.000,1417.636,1143,0,1783739396.441936016,0.181828,0.385011,0.577602,0.112626,,,,,0.323609,0.158903,-0.064619,1.301,0.643
3,5,28.8419,rolling,0.2000,forward,1300.000,1048,increasing,1270.000,1417.636,1143,0,1783739396.441936016,0.181828,0.385011,0.577602,0.112626,,,,,0.323609,0.158903,-0.064619,1.313,0.632
3,5,28.8618,rolling,0.2000,forward,1300.000,1048,increasing,1270.000,1417.649,1143,1,1783739396.542466640,0.191368,0.391565,0.572015,0.113242,0.0115700,-0.0055868,-0.4828677,-0.1332023,0.335179,0.158903,-0.064619,1.313,0.632
3,5,28.8787,rolling,0.2000,forward,1300.000,1048,increasing,1270.000,1417.649,1143,0,1783739396.542466640,0.191368,0.391565,0.572015,0.113242,,,,,0.335179,0.158903,-0.064619,1.313,0.632
3,5,28.9004,rolling,0.2000,forward,1300.000,1048,increasing,1270.000,1417.649,1143,0,1783739396.542466640,0.191368,0.391565,0.572015,0.113242,,,,,0.335179,0.158903,-0.064619,1.313,0.632
3,5,28.9220,rolling,0.2000,forward,1300.000,1048,increasing,1270.000,1417.649,1143,0,1783739396.542466640,0.191368,0.391565,0.572015,0.113242,,,,,0.335179,0.158903,-0.064619,1.313,0.632
3,5,28.9435,rolling,0.2000,forward,1300.000,1048,increasing,1270.000,1417.649,1143,0,1783739396.542466640,0.191368,0.391565,0.572015,0.113242,,,,,0.335179,0.158903,-0.064619,1.325,0.621
3,5,28.9624,rolling,0.2000,forward,1300.000,1048,increasing,1270.000,1417.715,1143,1,1783739396.642941236,0.200956,0.400152,0.566721,0.116544,0.0127050,-0.0052939,-0.4166824,-0.1151181,0.347884,0.158903,-0.064619,1.325,0.621
3,5,28.9736,rolling,0.2000,forward,1300.000,1048,increasing,1270.000,1417.715,1143,0,1783739396.642941236,0.200956,0.400152,0.566721,0.116544,,,,,0.347884,0.158903,-0.064619,1.325,0.621
3,5,28.9954,rolling,0.2000,forward,1300.000,1048,increasing,1270.000,1417.715,1143,0,1783739396.642941236,0.200956,0.400152,0.566721,0.116544,,,,,0.347884,0.158903,-0.064619,1.325,0.621
3,5,29.0170,rolling,0.2000,forward,1300.000,1048,increasing,1270.000,1417.715,1143,0,1783739396.642941236,0.200956,0.400152,0.566721,0.116544,,,,,0.347884,0.158903,-0.064619,1.325,0.621
3,5,29.0385,rolling,0.2000,forward,1300.000,1048,increasing,1270.000,1417.715,1143,0,1783739396.642941236,0.200956,0.400152,0.566721,0.116544,,,,,0.347884,0.158903,-0.064619,1.325,0.621
3,5,29.0600,rolling,0.2000,forward,1300.000,1048,increasing,1270.000,1417.715,1143,0,1783739396.642941236,0.200956,0.400152,0.566721,0.116544,,,,,0.347884,0.158903,-0.064619,1.336,0.609
3,5,29.0630,rolling,0.2000,forward,1300.000,1048,increasing,1270.000,1417.585,1143,1,1783739396.743483543,0.209097,0.404341,0.562676,0.110080,0.0091180,-0.0040456,-0.4436989,-0.1225098,0.357002,0.158903,-0.064619,1.336,0.609
3,5,29.0791,rolling,0.2000,forward,1300.000,1048,increasing,1270.000,1417.585,1143,0,1783739396.743483543,0.209097,0.404341,0.562676,0.110080,,,,,0.357002,0.158903,-0.064619,1.336,0.609
3,5,29.1007,rolling,0.2000,forward,1300.000,1048,increasing,1270.000,1417.585,1143,0,1783739396.743483543,0.209097,0.404341,0.562676,0.110080,,,,,0.357002,0.158903,-0.064619,1.336,0.609
3,5,29.1222,rolling,0.2000,forward,1300.000,1048,increasing,1270.000,1417.585,1143,0,1783739396.743483543,0.209097,0.404341,0.562676,0.110080,,,,,0.357002,0.158903,-0.064619,1.336,0.609
3,5,29.1438,rolling,0.2000,forward,1300.000,1048,increasing,1270.000,1417.585,1143,0,1783739396.743483543,0.209097,0.404341,0.562676,0.110080,,,,,0.357002,0.158903,-0.064619,1.346,0.598
3,5,29.1612,rolling,0.2000,forward,1300.000,1048,increasing,1270.000,1417.566,1143,1,1783739396.844206095,0.218175,0.409990,0.556477,0.109099,0.0106925,-0.0061986,-0.5797206,-0.1595058,0.367694,0.158903,-0.064619,1.346,0.598
3,5,29.1722,rolling,0.2000,forward,1300.000,1048,increasing,1270.000,1417.566,1143,0,1783739396.844206095,0.218175,0.409990,0.556477,0.109099,,,,,0.367694,0.158903,-0.064619,1.346,0.598
3,5,29.1938,rolling,0.2000,forward,1300.000,1048,increasing,1270.000,1417.566,1143,0,1783739396.844206095,0.218175,0.409990,0.556477,0.109099,,,,,0.367694,0.158903,-0.064619,1.346,0.598
3,5,29.2153,rolling,0.2000,forward,1300.000,1048,increasing,1270.000,1417.566,1143,0,1783739396.844206095,0.218175,0.409990,0.556477,0.109099,,,,,0.367694,0.158903,-0.064619,1.346,0.598
3,5,29.2368,rolling,0.2000,forward,1300.000,1048,increasing,1270.000,1417.566,1143,0,1783739396.844206095,0.218175,0.409990,0.556477,0.109099,,,,,0.367694,0.158903,-0.064619,1.346,0.598
3,5,29.2584,rolling,0.2000,forward,1300.000,1048,increasing,1270.000,1417.566,1143,0,1783739396.844206095,0.218175,0.409990,0.556477,0.109099,,,,,0.367694,0.158903,-0.064619,1.358,0.587
3,5,29.2617,rolling,0.2000,forward,1300.000,1048,increasing,1270.000,1417.738,1143,1,1783739396.942136765,0.230056,0.417490,0.551215,0.117692,0.0140500,-0.0052622,-0.3745349,-0.1035616,0.381744,0.158903,-0.064619,1.358,0.587
3,5,29.2760,rolling,0.2000,forward,1300.000,1048,increasing,1270.000,1417.738,1143,0,1783739396.942136765,0.230056,0.417490,0.551215,0.117692,,,,,0.381744,0.158903,-0.064619,1.358,0.587
3,5,29.2977,rolling,0.2000,forward,1300.000,1048,increasing,1270.000,1417.738,1143,0,1783739396.942136765,0.230056,0.417490,0.551215,0.117692,,,,,0.381744,0.158903,-0.064619,1.358,0.587
3,5,29.3192,rolling,0.2000,forward,1300.000,1048,increasing,1270.000,1417.738,1143,0,1783739396.942136765,0.230056,0.417490,0.551215,0.117692,,,,,0.381744,0.158903,-0.064619,1.358,0.587
3,5,29.3408,rolling,0.2000,forward,1300.000,1048,increasing,1270.000,1417.738,1143,0,1783739396.942136765,0.230056,0.417490,0.551215,0.117692,,,,,0.381744,0.158903,-0.064619,1.370,0.576
3,5,29.3624,rolling,0.2000,forward,1300.000,1048,increasing,1270.000,1417.732,1143,1,1783739397.042807341,0.239433,0.424666,0.544418,0.117429,0.0117422,-0.0067972,-0.5788678,-0.1592752,0.393487,0.158903,-0.064619,1.370,0.576
3,5,29.3789,rolling,0.2000,forward,1300.000,1048,increasing,1270.000,1417.732,1143,0,1783739397.042807341,0.239433,0.424666,0.544418,0.117429,,,,,0.393487,0.158903,-0.064619,1.370,0.576
3,5,29.4005,rolling,0.2000,forward,1300.000,1048,increasing,1270.000,1417.732,1143,0,1783739397.042807341,0.239433,0.424666,0.544418,0.117429,,,,,0.393487,0.158903,-0.064619,1.370,0.576
3,5,29.4221,rolling,0.2000,forward,1300.000,1048,increasing,1270.000,1417.732,1143,0,1783739397.042807341,0.239433,0.424666,0.544418,0.117429,,,,,0.393487,0.158903,-0.064619,1.370,0.576
3,5,29.4436,rolling,0.2000,forward,1300.000,1048,increasing,1270.000,1417.732,1143,0,1783739397.042807341,0.239433,0.424666,0.544418,0.117429,,,,,0.393487,0.158903,-0.064619,1.380,0.562
3,5,29.4628,rolling,0.2000,forward,1300.000,1048,increasing,1270.000,1417.761,1143,1,1783739397.143481016,0.248922,0.432936,0.541065,0.118856,0.0123966,-0.0033528,-0.2704598,-0.0749122,0.405883,0.158903,-0.064619,1.380,0.562
3,5,29.4844,rolling,0.2000,forward,1300.000,1048,increasing,1270.000,1417.761,1143,0,1783739397.143481016,0.248922,0.432936,0.541065,0.118856,,,,,0.405883,0.158903,-0.064619,1.380,0.562
3,5,29.5060,rolling,0.2000,forward,1300.000,1048,increasing,1270.000,1417.761,1143,0,1783739397.143481016,0.248922,0.432936,0.541065,0.118856,,,,,0.405883,0.158903,-0.064619,1.380,0.562
3,5,29.5275,rolling,0.2000,forward,1300.000,1048,increasing,1270.000,1417.761,1143,0,1783739397.143481016,0.248922,0.432936,0.541065,0.118856,,,,,0.405883,0.158903,-0.064619,1.380,0.562
3,5,29.5490,rolling,0.2000,forward,1300.000,1048,increasing,1270.000,1417.761,1143,0,1783739397.143481016,0.248922,0.432936,0.541065,0.118856,,,,,0.405883,0.158903,-0.064619,1.395,0.549
3,5,29.5635,rolling,0.2000,forward,1300.000,1048,increasing,1270.000,1417.809,1143,1,1783739397.243904591,0.260757,0.438271,0.533641,0.121250,0.0128978,-0.0074243,-0.5756270,-0.1583983,0.418781,0.171801,-0.072043,1.395,0.549
3,5,29.5800,rolling,0.2000,forward,1300.000,1048,increasing,1270.000,1417.809,1143,0,1783739397.243904591,0.260757,0.438271,0.533641,0.121250,,,,,0.418781,0.171801,-0.072043,1.395,0.549
3,5,29.6017,rolling,0.2000,forward,1300.000,1048,increasing,1270.000,1417.809,1143,0,1783739397.243904591,0.260757,0.438271,0.533641,0.121250,,,,,0.418781,0.171801,-0.072043,1.395,0.549
3,5,29.6234,rolling,0.2000,forward,1300.000,1048,increasing,1270.000,1417.809,1143,0,1783739397.243904591,0.260757,0.438271,0.533641,0.121250,,,,,0.418781,0.171801,-0.072043,1.395,0.549
3,5,29.6449,rolling,0.2000,forward,1300.000,1048,increasing,1270.000,1417.809,1143,0,1783739397.243904591,0.260757,0.438271,0.533641,0.121250,,,,,0.418781,0.171801,-0.072043,1.408,0.535
3,5,29.6637,rolling,0.2000,forward,1300.000,1048,increasing,1270.000,1417.851,1143,1,1783739397.344509125,0.271937,0.445015,0.525636,0.123379,0.0130552,-0.0080049,-0.6131637,-0.1685388,0.431836,0.184856,-0.080048,1.408,0.535
3,5,29.6771,rolling,0.2000,forward,1300.000,1048,increasing,1270.000,1417.851,1143,0,1783739397.344509125,0.271937,0.445015,0.525636,0.123379,,,,,0.431836,0.184856,-0.080048,1.408,0.535
3,5,29.6987,rolling,0.2000,forward,1300.000,1048,increasing,1270.000,1417.851,1143,0,1783739397.344509125,0.271937,0.445015,0.525636,0.123379,,,,,0.431836,0.184856,-0.080048,1.408,0.535
3,5,29.7203,rolling,0.2000,forward,1300.000,1048,increasing,1270.000,1417.851,1143,0,1783739397.344509125,0.271937,0.445015,0.525636,0.123379,,,,,0.431836,0.184856,-0.080048,1.408,0.535
3,5,29.7419,rolling,0.2000,forward,1300.000,1048,increasing,1270.000,1417.851,1143,0,1783739397.344509125,0.271937,0.445015,0.525636,0.123379,,,,,0.431836,0.184856,-0.080048,1.421,0.522
3,5,29.7643,rolling,0.2000,forward,1300.000,1048,increasing,1270.000,1417.851,1143,0,1783739397.344509125,0.271937,0.445015,0.525636,0.123379,,,,,0.431836,0.184856,-0.080048,1.421,0.522
3,5,29.7657,rolling,0.2000,forward,1300.000,1048,increasing,1270.000,1417.916,1143,1,1783739397.444879055,0.282440,0.454176,0.518610,0.126591,0.0136729,-0.0070257,-0.5138434,-0.1416368,0.445509,0.198529,-0.087074,1.421,0.522
3,5,29.7795,rolling,0.2000,forward,1300.000,1048,increasing,1270.000,1417.916,1143,0,1783739397.444879055,0.282440,0.454176,0.518610,0.126591,,,,,0.445509,0.198529,-0.087074,1.421,0.522
3,5,29.8011,rolling,0.2000,forward,1300.000,1048,increasing,1270.000,1417.916,1143,0,1783739397.444879055,0.282440,0.454176,0.518610,0.126591,,,,,0.445509,0.198529,-0.087074,1.421,0.522
3,5,29.8226,rolling,0.2000,forward,1300.000,1048,increasing,1270.000,1417.916,1143,0,1783739397.444879055,0.282440,0.454176,0.518610,0.126591,,,,,0.445509,0.198529,-0.087074,1.421,0.522
3,5,29.8441,rolling,0.2000,forward,1300.000,1048,increasing,1270.000,1417.916,1143,0,1783739397.444879055,0.282440,0.454176,0.518610,0.126591,,,,,0.445509,0.198529,-0.087074,1.437,0.510
3,5,29.8624,rolling,0.2000,forward,1300.000,1048,increasing,1270.000,1418.092,1144,1,1783739397.545425653,0.296364,0.462637,0.511508,0.135435,0.0162855,-0.0071018,-0.4360806,-0.1204268,0.461794,0.214814,-0.094176,1.437,0.510
3,6,30.7663,startup,-0.2000,reverse,1300.000,1048,increasing,1270.000,1588.509,1281,0,1783739398.440059185,0.314554,0.471314,0.504439,0.015506,,,,,0.000000,0.000000,0.000000,1.457,0.493
3,6,30.7879,startup,-0.2000,reverse,1300.000,1048,increasing,1270.000,1588.509,1281,0,1783739398.440059185,0.314554,0.471314,0.504439,0.015506,,,,,0.000000,0.000000,0.000000,1.457,0.493
3,6,30.8094,startup,-0.2000,reverse,1300.000,1048,increasing,1270.000,1588.509,1281,0,1783739398.440059185,0.314554,0.471314,0.504439,0.015506,,,,,0.000000,0.000000,0.000000,1.457,0.493
3,6,30.8309,startup,-0.2000,reverse,1300.000,1048,increasing,1270.000,1588.509,1281,0,1783739398.440059185,0.314554,0.471314,0.504439,0.015506,,,,,0.000000,0.000000,0.000000,1.457,0.493
3,6,30.8524,startup,-0.2000,reverse,1300.000,1048,increasing,1270.000,1588.509,1281,0,1783739398.440059185,0.314554,0.471314,0.504439,0.015506,,,,,0.000000,0.000000,0.000000,1.458,0.492
3,6,30.8577,startup,-0.2000,reverse,1300.000,1048,increasing,1270.000,1589.749,1282,1,1783739398.538151264,0.312109,0.470110,0.503575,0.004689,-0.0027232,-0.0008643,0.3173949,0.0878504,0.002723,0.000000,0.000000,1.458,0.492
3,6,30.8689,startup,-0.2000,reverse,1300.000,1048,increasing,1270.000,1589.749,1282,0,1783739398.538151264,0.312109,0.470110,0.503575,0.004689,,,,,0.002723,0.000000,0.000000,1.458,0.492
3,6,30.8906,startup,-0.2000,reverse,1300.000,1048,increasing,1270.000,1589.749,1282,0,1783739398.538151264,0.312109,0.470110,0.503575,0.004689,,,,,0.002723,0.000000,0.000000,1.458,0.492
3,6,30.9122,startup,-0.2000,reverse,1300.000,1048,increasing,1270.000,1589.749,1282,0,1783739398.538151264,0.312109,0.470110,0.503575,0.004689,,,,,0.002723,0.000000,0.000000,1.458,0.492
3,6,30.9339,startup,-0.2000,reverse,1300.000,1048,increasing,1270.000,1589.749,1282,0,1783739398.538151264,0.312109,0.470110,0.503575,0.004689,,,,,0.002723,0.000000,0.000000,1.458,0.492
3,6,30.9556,startup,-0.2000,reverse,1300.000,1048,increasing,1270.000,1589.749,1282,0,1783739398.538151264,0.312109,0.470110,0.503575,0.004689,,,,,0.002723,0.000000,0.000000,1.456,0.495
3,6,30.9581,startup,-0.2000,reverse,1300.000,1048,increasing,1270.000,1590.989,1283,1,1783739398.638712168,0.312265,0.471260,0.502639,0.005236,0.0006917,-0.0009358,-1.3530066,-0.3591733,0.003415,0.000000,0.000000,1.456,0.495
3,6,30.9731,startup,-0.2000,reverse,1300.000,1048,increasing,1270.000,1590.989,1283,0,1783739398.638712168,0.312265,0.471260,0.502639,0.005236,,,,,0.003415,0.000000,0.000000,1.456,0.495
3,6,30.9948,startup,-0.2000,reverse,1300.000,1048,increasing,1270.000,1590.989,1283,0,1783739398.638712168,0.312265,0.471260,0.502639,0.005236,,,,,0.003415,0.000000,0.000000,1.456,0.495
3,6,31.0166,startup,-0.2000,reverse,1300.000,1048,increasing,1270.000,1590.989,1283,0,1783739398.638712168,0.312265,0.471260,0.502639,0.005236,,,,,0.003415,0.000000,0.000000,1.456,0.495
3,6,31.0383,startup,-0.2000,reverse,1300.000,1048,increasing,1270.000,1590.989,1283,0,1783739398.638712168,0.312265,0.471260,0.502639,0.005236,,,,,0.003415,0.000000,0.000000,1.452,0.501
3,6,31.0586,startup,-0.2000,reverse,1300.000,1048,increasing,1270.000,1592.229,1284,1,1783739398.739095449,0.309292,0.470943,0.503430,-0.002940,-0.0027574,0.0007905,-0.2866621,-0.0793816,0.006172,0.000000,0.000000,1.452,0.501
3,6,31.0764,startup,-0.2000,reverse,1300.000,1048,increasing,1270.000,1592.229,1284,0,1783739398.739095449,0.309292,0.470943,0.503430,-0.002940,,,,,0.006172,0.000000,0.000000,1.452,0.501
3,6,31.0980,startup,-0.2000,reverse,1300.000,1048,increasing,1270.000,1592.229,1284,0,1783739398.739095449,0.309292,0.470943,0.503430,-0.002940,,,,,0.006172,0.000000,0.000000,1.452,0.501
3,6,31.1195,startup,-0.2000,reverse,1300.000,1048,increasing,1270.000,1592.229,1284,0,1783739398.739095449,0.309292,0.470943,0.503430,-0.002940,,,,,0.006172,0.000000,0.000000,1.452,0.501
3,6,31.1410,startup,-0.2000,reverse,1300.000,1048,increasing,1270.000,1592.229,1284,0,1783739398.739095449,0.309292,0.470943,0.503430,-0.002940,,,,,0.006172,0.000000,0.000000,1.447,0.510
3,6,31.1590,startup,-0.2000,reverse,1300.000,1048,increasing,1270.000,1593.469,1285,1,1783739398.839671373,0.302019,0.467203,0.505371,-0.022525,-0.0081749,0.0019416,-0.2375050,-0.0658125,0.014347,0.000000,0.000000,1.447,0.510
3,6,31.1737,startup,-0.2000,reverse,1300.000,1048,increasing,1270.000,1593.469,1285,0,1783739398.839671373,0.302019,0.467203,0.505371,-0.022525,,,,,0.014347,0.000000,0.000000,1.447,0.510
3,6,31.1953,startup,-0.2000,reverse,1300.000,1048,increasing,1270.000,1593.469,1285,0,1783739398.839671373,0.302019,0.467203,0.505371,-0.022525,,,,,0.014347,0.000000,0.000000,1.447,0.510
3,6,31.2169,startup,-0.2000,reverse,1300.000,1048,increasing,1270.000,1593.469,1285,0,1783739398.839671373,0.302019,0.467203,0.505371,-0.022525,,,,,0.014347,0.000000,0.000000,1.447,0.510
3,6,31.2384,startup,-0.2000,reverse,1300.000,1048,increasing,1270.000,1593.469,1285,0,1783739398.839671373,0.302019,0.467203,0.505371,-0.022525,,,,,0.014347,0.000000,0.000000,1.441,0.511
3,6,31.2572,startup,-0.2000,reverse,1300.000,1048,increasing,1270.000,1596.569,1288,1,1783739398.940080643,0.299062,0.464098,0.510148,-0.027086,-0.0040935,0.0047771,-1.1669914,-0.3131825,0.018441,0.000000,0.000000,1.441,0.511
3,6,31.2772,startup,-0.2000,reverse,1300.000,1048,increasing,1270.000,1596.569,1288,0,1783739398.940080643,0.299062,0.464098,0.510148,-0.027086,,,,,0.018441,0.000000,0.000000,1.441,0.511
3,6,31.2988,startup,-0.2000,reverse,1300.000,1048,increasing,1270.000,1596.569,1288,0,1783739398.940080643,0.299062,0.464098,0.510148,-0.027086,,,,,0.018441,0.000000,0.000000,1.441,0.511
3,6,31.3204,startup,-0.2000,reverse,1300.000,1048,increasing,1270.000,1596.569,1288,0,1783739398.940080643,0.299062,0.464098,0.510148,-0.027086,,,,,0.018441,0.000000,0.000000,1.441,0.511
3,6,31.3419,startup,-0.2000,reverse,1300.000,1048,increasing,1270.000,1596.569,1288,0,1783739398.940080643,0.299062,0.464098,0.510148,-0.027086,,,,,0.018441,0.000000,0.000000,1.441,0.508
3,6,31.3577,startup,-0.2000,reverse,1300.000,1048,increasing,1270.000,1599.669,1290,1,1783739399.038327694,0.299836,0.462164,0.510141,-0.020998,-0.0002686,-0.0000073,0.0271594,0.0075366,0.018709,0.000000,0.000000,1.441,0.508
3,6,31.3722,startup,-0.2000,reverse,1300.000,1048,increasing,1270.000,1599.669,1290,0,1783739399.038327694,0.299836,0.462164,0.510141,-0.020998,,,,,0.018709,0.000000,0.000000,1.441,0.508
3,6,31.3939,startup,-0.2000,reverse,1300.000,1048,increasing,1270.000,1599.669,1290,0,1783739399.038327694,0.299836,0.462164,0.510141,-0.020998,,,,,0.018709,0.000000,0.000000,1.441,0.508
3,6,31.4154,startup,-0.2000,reverse,1300.000,1048,increasing,1270.000,1599.669,1290,0,1783739399.038327694,0.299836,0.462164,0.510141,-0.020998,,,,,0.018709,0.000000,0.000000,1.441,0.508
3,6,31.4370,startup,-0.2000,reverse,1300.000,1048,increasing,1270.000,1599.669,1290,0,1783739399.038327694,0.299836,0.462164,0.510141,-0.020998,,,,,0.018709,0.000000,0.000000,1.442,0.510
3,6,31.4583,startup,-0.2000,reverse,1300.000,1048,increasing,1270.000,1602.769,1293,1,1783739399.138696909,0.300122,0.462041,0.509813,-0.015278,0.0001891,-0.0003276,-1.7325595,-0.4481580,0.018898,0.000000,0.000000,1.442,0.510
3,6,31.4689,startup,-0.2000,reverse,1300.000,1048,increasing,1270.000,1602.769,1293,0,1783739399.138696909,0.300122,0.462041,0.509813,-0.015278,,,,,0.018898,0.000000,0.000000,1.442,0.510
3,6,31.4906,startup,-0.2000,reverse,1300.000,1048,increasing,1270.000,1602.769,1293,0,1783739399.138696909,0.300122,0.462041,0.509813,-0.015278,,,,,0.018898,0.000000,0.000000,1.442,0.510
3,6,31.5121,startup,-0.2000,reverse,1300.000,1048,increasing,1270.000,1602.769,1293,0,1783739399.138696909,0.300122,0.462041,0.509813,-0.015278,,,,,0.018898,0.000000,0.000000,1.442,0.510
3,6,31.5336,startup,-0.2000,reverse,1300.000,1048,increasing,1270.000,1602.769,1293,0,1783739399.138696909,0.300122,0.462041,0.509813,-0.015278,,,,,0.018898,0.000000,0.000000,1.442,0.510
3,6,31.5551,startup,-0.2000,reverse,1300.000,1048,increasing,1270.000,1602.769,1293,0,1783739399.138696909,0.300122,0.462041,0.509813,-0.015278,,,,,0.018898,0.000000,0.000000,1.444,0.511
3,6,31.5588,startup,-0.2000,reverse,1300.000,1048,increasing,1270.000,1605.869,1295,1,1783739399.239438772,0.298399,0.464043,0.508684,-0.012769,-0.0005283,-0.0011293,2.1377023,0.5354137,0.019427,0.000000,0.000000,1.444,0.511
3,6,31.5742,startup,-0.2000,reverse,1300.000,1048,increasing,1270.000,1605.869,1295,0,1783739399.239438772,0.298399,0.464043,0.508684,-0.012769,,,,,0.019427,0.000000,0.000000,1.444,0.511
3,6,31.5959,startup,-0.2000,reverse,1300.000,1048,increasing,1270.000,1605.869,1295,0,1783739399.239438772,0.298399,0.464043,0.508684,-0.012769,,,,,0.019427,0.000000,0.000000,1.444,0.511
3,6,31.6174,startup,-0.2000,reverse,1300.000,1048,increasing,1270.000,1605.869,1295,0,1783739399.239438772,0.298399,0.464043,0.508684,-0.012769,,,,,0.019427,0.000000,0.000000,1.444,0.511
3,6,31.6390,startup,-0.2000,reverse,1300.000,1048,increasing,1270.000,1605.869,1295,0,1783739399.239438772,0.298399,0.464043,0.508684,-0.012769,,,,,0.019427,0.000000,0.000000,1.436,0.525
3,6,31.6595,startup,-0.2000,reverse,1300.000,1048,increasing,1270.000,1605.869,1295,0,1783739399.239438772,0.298399,0.464043,0.508684,-0.012769,,,,,0.019427,0.000000,0.000000,1.436,0.525
3,6,31.6814,startup,-0.2000,reverse,1300.000,1048,increasing,1270.000,1608.969,1298,1,1783739399.339942932,0.296302,0.459375,0.510117,-0.019794,-0.0041074,0.0014335,-0.3489908,-0.0965439,0.023534,0.000000,0.000000,1.436,0.525
3,6,31.6832,startup,-0.2000,reverse,1300.000,1048,increasing,1270.000,1608.969,1298,0,1783739399.339942932,0.296302,0.459375,0.510117,-0.019794,,,,,0.023534,0.000000,0.000000,1.436,0.525
3,6,31.7048,startup,-0.2000,reverse,1300.000,1048,increasing,1270.000,1608.969,1298,0,1783739399.339942932,0.296302,0.459375,0.510117,-0.019794,,,,,0.023534,0.000000,0.000000,1.436,0.525
3,6,31.7263,startup,-0.2000,reverse,1300.000,1048,increasing,1270.000,1608.969,1298,0,1783739399.339942932,0.296302,0.459375,0.510117,-0.019794,,,,,0.023534,0.000000,0.000000,1.436,0.525
3,6,31.7479,startup,-0.2000,reverse,1300.000,1048,increasing,1270.000,1608.969,1298,0,1783739399.339942932,0.296302,0.459375,0.510117,-0.019794,,,,,0.023534,0.000000,0.000000,1.416,0.544
3,6,31.7598,rolling,-0.2000,reverse,1300.000,1048,increasing,1270.000,1592.509,1284,1,1783739399.440489531,0.275097,0.449865,0.518330,-0.072382,-0.0231402,0.0082129,-0.3549204,-0.0981738,0.046674,0.000000,0.000000,1.416,0.544
3,6,31.7800,rolling,-0.2000,reverse,1300.000,1048,increasing,1270.000,1592.509,1284,0,1783739399.440489531,0.275097,0.449865,0.518330,-0.072382,,,,,0.046674,0.000000,0.000000,1.416,0.544
3,6,31.8017,rolling,-0.2000,reverse,1300.000,1048,increasing,1270.000,1592.509,1284,0,1783739399.440489531,0.275097,0.449865,0.518330,-0.072382,,,,,0.046674,0.000000,0.000000,1.416,0.544
3,6,31.8232,rolling,-0.2000,reverse,1300.000,1048,increasing,1270.000,1592.509,1284,0,1783739399.440489531,0.275097,0.449865,0.518330,-0.072382,,,,,0.046674,0.000000,0.000000,1.416,0.544
3,6,31.8449,rolling,-0.2000,reverse,1300.000,1048,increasing,1270.000,1592.509,1284,0,1783739399.440489531,0.275097,0.449865,0.518330,-0.072382,,,,,0.046674,0.000000,0.000000,1.388,0.578
3,6,31.8577,rolling,-0.2000,reverse,1300.000,1048,increasing,1270.000,1592.509,1284,0,1783739399.440489531,0.275097,0.449865,0.518330,-0.072382,,,,,0.046674,0.000000,0.000000,1.388,0.578
3,6,31.8795,rolling,-0.2000,reverse,1300.000,1048,increasing,1270.000,1593.567,1285,1,1783739399.540944576,0.250071,0.432814,0.531049,-0.129447,-0.0302012,0.0127182,-0.4211138,-0.1163314,0.076876,-0.030201,0.012718,1.388,0.578
3,6,31.8813,rolling,-0.2000,reverse,1300.000,1048,increasing,1270.000,1593.567,1285,0,1783739399.540944576,0.250071,0.432814,0.531049,-0.129447,,,,,0.076876,-0.030201,0.012718,1.388,0.578
3,6,31.9029,rolling,-0.2000,reverse,1300.000,1048,increasing,1270.000,1593.567,1285,0,1783739399.540944576,0.250071,0.432814,0.531049,-0.129447,,,,,0.076876,-0.030201,0.012718,1.388,0.578
3,6,31.9245,rolling,-0.2000,reverse,1300.000,1048,increasing,1270.000,1593.567,1285,0,1783739399.540944576,0.250071,0.432814,0.531049,-0.129447,,,,,0.076876,-0.030201,0.012718,1.388,0.578
3,6,31.9460,rolling,-0.2000,reverse,1300.000,1048,increasing,1270.000,1593.567,1285,0,1783739399.540944576,0.250071,0.432814,0.531049,-0.129447,,,,,0.076876,-0.030201,0.012718,1.357,0.591
3,6,31.9582,rolling,-0.2000,reverse,1300.000,1048,increasing,1270.000,1592.783,1285,1,1783739399.638792753,0.221885,0.415388,0.547013,-0.181743,-0.0331345,0.0159648,-0.4818189,-0.1329164,0.110010,-0.063336,0.028683,1.357,0.591
3,6,31.9731,rolling,-0.2000,reverse,1300.000,1048,increasing,1270.000,1592.783,1285,0,1783739399.638792753,0.221885,0.415388,0.547013,-0.181743,,,,,0.110010,-0.063336,0.028683,1.357,0.591
3,6,31.9948,rolling,-0.2000,reverse,1300.000,1048,increasing,1270.000,1592.783,1285,0,1783739399.638792753,0.221885,0.415388,0.547013,-0.181743,,,,,0.110010,-0.063336,0.028683,1.357,0.591
3,6,32.0164,rolling,-0.2000,reverse,1300.000,1048,increasing,1270.000,1592.783,1285,0,1783739399.638792753,0.221885,0.415388,0.547013,-0.181743,,,,,0.110010,-0.063336,0.028683,1.357,0.591
3,6,32.0379,rolling,-0.2000,reverse,1300.000,1048,increasing,1270.000,1592.783,1285,0,1783739399.638792753,0.221885,0.415388,0.547013,-0.181743,,,,,0.110010,-0.063336,0.028683,1.329,0.626
3,6,32.0587,rolling,-0.2000,reverse,1300.000,1048,increasing,1270.000,1592.426,1284,1,1783739399.739270449,0.198883,0.399713,0.565413,-0.205504,-0.0278107,0.0183993,-0.6615883,-0.1815688,0.137821,-0.091146,0.047082,1.329,0.626
3,6,32.0746,rolling,-0.2000,reverse,1300.000,1048,increasing,1270.000,1592.426,1284,0,1783739399.739270449,0.198883,0.399713,0.565413,-0.205504,,,,,0.137821,-0.091146,0.047082,1.329,0.626
3,6,32.0963,rolling,-0.2000,reverse,1300.000,1048,increasing,1270.000,1592.426,1284,0,1783739399.739270449,0.198883,0.399713,0.565413,-0.205504,,,,,0.137821,-0.091146,0.047082,1.329,0.626
3,6,32.1179,rolling,-0.2000,reverse,1300.000,1048,increasing,1270.000,1592.426,1284,0,1783739399.739270449,0.198883,0.399713,0.565413,-0.205504,,,,,0.137821,-0.091146,0.047082,1.329,0.626
3,6,32.1395,rolling,-0.2000,reverse,1300.000,1048,increasing,1270.000,1592.426,1284,0,1783739399.739270449,0.198883,0.399713,0.565413,-0.205504,,,,,0.137821,-0.091146,0.047082,1.306,0.636
3,6,32.1592,rolling,-0.2000,reverse,1300.000,1048,increasing,1270.000,1592.252,1284,1,1783739399.839774132,0.178928,0.383952,0.579266,-0.217087,-0.0253107,0.0138534,-0.5473350,-0.1507334,0.163132,-0.116457,0.060936,1.306,0.636
3,6,32.1770,rolling,-0.2000,reverse,1300.000,1048,increasing,1270.000,1592.252,1284,0,1783739399.839774132,0.178928,0.383952,0.579266,-0.217087,,,,,0.163132,-0.116457,0.060936,1.306,0.636
3,6,32.1989,rolling,-0.2000,reverse,1300.000,1048,increasing,1270.000,1592.252,1284,0,1783739399.839774132,0.178928,0.383952,0.579266,-0.217087,,,,,0.163132,-0.116457,0.060936,1.306,0.636
3,6,32.2206,rolling,-0.2000,reverse,1300.000,1048,increasing,1270.000,1592.252,1284,0,1783739399.839774132,0.178928,0.383952,0.579266,-0.217087,,,,,0.163132,-0.116457,0.060936,1.306,0.636
3,6,32.2421,rolling,-0.2000,reverse,1300.000,1048,increasing,1270.000,1592.252,1284,0,1783739399.839774132,0.178928,0.383952,0.579266,-0.217087,,,,,0.163132,-0.116457,0.060936,1.281,0.659
3,6,32.2598,rolling,-0.2000,reverse,1300.000,1048,increasing,1270.000,1592.197,1284,1,1783739399.940330267,0.157278,0.374402,0.588950,-0.220810,-0.0233268,0.0096836,-0.4151287,-0.1146927,0.186458,-0.139784,0.070619,1.281,0.659
3,6,32.2766,rolling,-0.2000,reverse,1300.000,1048,increasing,1270.000,1592.197,1284,0,1783739399.940330267,0.157278,0.374402,0.588950,-0.220810,,,,,0.186458,-0.139784,0.070619,1.281,0.659
3,6,32.2983,rolling,-0.2000,reverse,1300.000,1048,increasing,1270.000,1592.197,1284,0,1783739399.940330267,0.157278,0.374402,0.588950,-0.220810,,,,,0.186458,-0.139784,0.070619,1.281,0.659
3,6,32.3199,rolling,-0.2000,reverse,1300.000,1048,increasing,1270.000,1592.197,1284,0,1783739399.940330267,0.157278,0.374402,0.588950,-0.220810,,,,,0.186458,-0.139784,0.070619,1.281,0.659
3,6,32.3422,rolling,-0.2000,reverse,1300.000,1048,increasing,1270.000,1592.197,1284,0,1783739399.940330267,0.157278,0.374402,0.588950,-0.220810,,,,,0.186458,-0.139784,0.070619,1.259,0.683
3,6,32.3598,rolling,-0.2000,reverse,1300.000,1048,increasing,1270.000,1592.297,1284,1,1783739400.040681839,0.142535,0.361456,0.598869,-0.214094,-0.0194628,0.0099193,-0.5096560,-0.1404977,0.205921,-0.159247,0.080539,1.259,0.683
3,6,32.3775,rolling,-0.2000,reverse,1300.000,1048,increasing,1270.000,1592.297,1284,0,1783739400.040681839,0.142535,0.361456,0.598869,-0.214094,,,,,0.205921,-0.159247,0.080539,1.259,0.683
3,6,32.3992,rolling,-0.2000,reverse,1300.000,1048,increasing,1270.000,1592.297,1284,0,1783739400.040681839,0.142535,0.361456,0.598869,-0.214094,,,,,0.205921,-0.159247,0.080539,1.259,0.683
3,6,32.4207,rolling,-0.2000,reverse,1300.000,1048,increasing,1270.000,1592.297,1284,0,1783739400.040681839,0.142535,0.361456,0.598869,-0.214094,,,,,0.205921,-0.159247,0.080539,1.259,0.683
3,6,32.4425,rolling,-0.2000,reverse,1300.000,1048,increasing,1270.000,1592.297,1284,0,1783739400.040681839,0.142535,0.361456,0.598869,-0.214094,,,,,0.205921,-0.159247,0.080539,1.240,0.703
3,6,32.4603,rolling,-0.2000,reverse,1300.000,1048,increasing,1270.000,1592.297,1284,0,1783739400.040681839,0.142535,0.361456,0.598869,-0.214094,,,,,0.205921,-0.159247,0.080539,1.240,0.703
3,6,32.4827,rolling,-0.2000,reverse,1300.000,1048,increasing,1270.000,1592.216,1284,1,1783739400.141147852,0.122844,0.348301,0.608423,-0.219492,-0.0236785,0.0095539,-0.4034821,-0.1115019,0.229600,-0.182925,0.090092,1.240,0.703
3,6,32.4850,rolling,-0.2000,reverse,1300.000,1048,increasing,1270.000,1592.216,1284,0,1783739400.141147852,0.122844,0.348301,0.608423,-0.219492,,,,,0.229600,-0.182925,0.090092,1.240,0.703
3,6,32.5068,rolling,-0.2000,reverse,1300.000,1048,increasing,1270.000,1592.216,1284,0,1783739400.141147852,0.122844,0.348301,0.608423,-0.219492,,,,,0.229600,-0.182925,0.090092,1.240,0.703
3,6,32.5284,rolling,-0.2000,reverse,1300.000,1048,increasing,1270.000,1592.216,1284,0,1783739400.141147852,0.122844,0.348301,0.608423,-0.219492,,,,,0.229600,-0.182925,0.090092,1.240,0.703
3,6,32.5500,rolling,-0.2000,reverse,1300.000,1048,increasing,1270.000,1592.216,1284,0,1783739400.141147852,0.122844,0.348301,0.608423,-0.219492,,,,,0.229600,-0.182925,0.090092,1.219,0.723
3,6,32.5615,rolling,-0.2000,reverse,1300.000,1048,increasing,1270.000,1592.464,1284,1,1783739400.241616964,0.110332,0.339307,0.615670,-0.202960,-0.0154084,0.0072476,-0.4703666,-0.1297929,0.245008,-0.198334,0.097340,1.219,0.723
3,6,32.5761,rolling,-0.2000,reverse,1300.000,1048,increasing,1270.000,1592.464,1284,0,1783739400.241616964,0.110332,0.339307,0.615670,-0.202960,,,,,0.245008,-0.198334,0.097340,1.219,0.723
3,6,32.5977,rolling,-0.2000,reverse,1300.000,1048,increasing,1270.000,1592.464,1284,0,1783739400.241616964,0.110332,0.339307,0.615670,-0.202960,,,,,0.245008,-0.198334,0.097340,1.219,0.723
3,6,32.6193,rolling,-0.2000,reverse,1300.000,1048,increasing,1270.000,1592.464,1284,0,1783739400.241616964,0.110332,0.339307,0.615670,-0.202960,,,,,0.245008,-0.198334,0.097340,1.219,0.723
3,6,32.6408,rolling,-0.2000,reverse,1300.000,1048,increasing,1270.000,1592.464,1284,0,1783739400.241616964,0.110332,0.339307,0.615670,-0.202960,,,,,0.245008,-0.198334,0.097340,1.201,0.742
3,6,32.6592,rolling,-0.2000,reverse,1300.000,1048,increasing,1270.000,1592.515,1284,1,1783739400.342355013,0.095158,0.327712,0.623741,-0.199588,-0.0190868,0.0080706,-0.4228351,-0.1168026,0.264095,-0.217420,0.105411,1.201,0.742
3,6,32.6737,rolling,-0.2000,reverse,1300.000,1048,increasing,1270.000,1592.515,1284,0,1783739400.342355013,0.095158,0.327712,0.623741,-0.199588,,,,,0.264095,-0.217420,0.105411,1.201,0.742
3,6,32.6953,rolling,-0.2000,reverse,1300.000,1048,increasing,1270.000,1592.515,1284,0,1783739400.342355013,0.095158,0.327712,0.623741,-0.199588,,,,,0.264095,-0.217420,0.105411,1.201,0.742
3,6,32.7169,rolling,-0.2000,reverse,1300.000,1048,increasing,1270.000,1592.515,1284,0,1783739400.342355013,0.095158,0.327712,0.623741,-0.199588,,,,,0.264095,-0.217420,0.105411,1.201,0.742
3,6,32.7384,rolling,-0.2000,reverse,1300.000,1048,increasing,1270.000,1592.515,1284,0,1783739400.342355013,0.095158,0.327712,0.623741,-0.199588,,,,,0.264095,-0.217420,0.105411,1.184,0.759
3,6,32.7598,rolling,-0.2000,reverse,1300.000,1048,increasing,1270.000,1592.606,1284,1,1783739400.440396547,0.081423,0.317385,0.633445,-0.193504,-0.0171822,0.0097038,-0.5647594,-0.1554562,0.281277,-0.234603,0.115114,1.184,0.759
3,6,32.7730,rolling,-0.2000,reverse,1300.000,1048,increasing,1270.000,1592.606,1284,0,1783739400.440396547,0.081423,0.317385,0.633445,-0.193504,,,,,0.281277,-0.234603,0.115114,1.184,0.759
3,6,32.7947,rolling,-0.2000,reverse,1300.000,1048,increasing,1270.000,1592.606,1284,0,1783739400.440396547,0.081423,0.317385,0.633445,-0.193504,,,,,0.281277,-0.234603,0.115114,1.184,0.759
3,6,32.8162,rolling,-0.2000,reverse,1300.000,1048,increasing,1270.000,1592.606,1284,0,1783739400.440396547,0.081423,0.317385,0.633445,-0.193504,,,,,0.281277,-0.234603,0.115114,1.184,0.759
3,6,32.8377,rolling,-0.2000,reverse,1300.000,1048,increasing,1270.000,1592.606,1284,0,1783739400.440396547,0.081423,0.317385,0.633445,-0.193504,,,,,0.281277,-0.234603,0.115114,1.172,0.774
3,6,32.8602,rolling,-0.2000,reverse,1300.000,1048,increasing,1270.000,1592.606,1284,0,1783739400.440396547,0.081423,0.317385,0.633445,-0.193504,,,,,0.281277,-0.234603,0.115114,1.172,0.774
3,6,32.8617,rolling,-0.2000,reverse,1300.000,1048,increasing,1270.000,1592.747,1284,1,1783739400.540769339,0.069163,0.307639,0.642039,-0.184114,-0.0156524,0.0085938,-0.5490427,-0.1511966,0.296929,-0.250255,0.123708,1.172,0.774
3,6,32.8703,rolling,-0.2000,reverse,1300.000,1048,increasing,1270.000,1592.747,1284,0,1783739400.540769339,0.069163,0.307639,0.642039,-0.184114,,,,,0.296929,-0.250255,0.123708,1.172,0.774
3,6,32.8920,rolling,-0.2000,reverse,1300.000,1048,increasing,1270.000,1592.747,1284,0,1783739400.540769339,0.069163,0.307639,0.642039,-0.184114,,,,,0.296929,-0.250255,0.123708,1.172,0.774
3,6,32.9135,rolling,-0.2000,reverse,1300.000,1048,increasing,1270.000,1592.747,1284,0,1783739400.540769339,0.069163,0.307639,0.642039,-0.184114,,,,,0.296929,-0.250255,0.123708,1.172,0.774
3,6,32.9350,rolling,-0.2000,reverse,1300.000,1048,increasing,1270.000,1592.747,1284,0,1783739400.540769339,0.069163,0.307639,0.642039,-0.184114,,,,,0.296929,-0.250255,0.123708,1.172,0.774
3,6,32.9565,rolling,-0.2000,reverse,1300.000,1048,increasing,1270.000,1592.747,1284,0,1783739400.540769339,0.069163,0.307639,0.642039,-0.184114,,,,,0.296929,-0.250255,0.123708,1.163,0.787
3,6,32.9611,rolling,-0.2000,reverse,1300.000,1048,increasing,1270.000,1593.182,1285,1,1783739400.641302824,0.064096,0.302965,0.646831,-0.155141,-0.0068587,0.0047922,-0.6987131,-0.1915165,0.303788,-0.257114,0.128501,1.163,0.787
3,6,32.9785,rolling,-0.2000,reverse,1300.000,1048,increasing,1270.000,1593.182,1285,0,1783739400.641302824,0.064096,0.302965,0.646831,-0.155141,,,,,0.303788,-0.257114,0.128501,1.163,0.787
3,6,33.0001,rolling,-0.2000,reverse,1300.000,1048,increasing,1270.000,1593.182,1285,0,1783739400.641302824,0.064096,0.302965,0.646831,-0.155141,,,,,0.303788,-0.257114,0.128501,1.163,0.787
3,6,33.0217,rolling,-0.2000,reverse,1300.000,1048,increasing,1270.000,1593.182,1285,0,1783739400.641302824,0.064096,0.302965,0.646831,-0.155141,,,,,0.303788,-0.257114,0.128501,1.163,0.787
3,6,33.0433,rolling,-0.2000,reverse,1300.000,1048,increasing,1270.000,1593.182,1285,0,1783739400.641302824,0.064096,0.302965,0.646831,-0.155141,,,,,0.303788,-0.257114,0.128501,1.163,0.790
3,6,33.0594,rolling,-0.2000,reverse,1300.000,1048,increasing,1270.000,1593.813,1285,1,1783739400.742188692,0.064191,0.305052,0.646332,-0.113052,0.0013333,-0.0004987,-0.3740588,-0.1034309,0.305121,-0.257114,0.128501,1.163,0.790
3,6,33.0742,rolling,-0.2000,reverse,1300.000,1048,increasing,1270.000,1593.813,1285,0,1783739400.742188692,0.064191,0.305052,0.646332,-0.113052,,,,,0.305121,-0.257114,0.128501,1.163,0.790
3,6,33.0958,rolling,-0.2000,reverse,1300.000,1048,increasing,1270.000,1593.813,1285,0,1783739400.742188692,0.064191,0.305052,0.646332,-0.113052,,,,,0.305121,-0.257114,0.128501,1.163,0.790
3,6,33.1173,rolling,-0.2000,reverse,1300.000,1048,increasing,1270.000,1593.813,1285,0,1783739400.742188692,0.064191,0.305052,0.646332,-0.113052,,,,,0.305121,-0.257114,0.128501,1.163,0.790
3,6,33.1388,rolling,-0.2000,reverse,1300.000,1048,increasing,1270.000,1593.813,1285,0,1783739400.742188692,0.064191,0.305052,0.646332,-0.113052,,,,,0.305121,-0.257114,0.128501,1.161,0.790
3,6,33.1594,rolling,-0.2000,reverse,1300.000,1048,increasing,1270.000,1594.251,1286,1,1783739400.840073824,0.064774,0.304884,0.645777,-0.083859,0.0003640,-0.0005551,-1.5250883,-0.4003552,0.305485,-0.257114,0.128501,1.161,0.790
3,6,33.1702,rolling,-0.2000,reverse,1300.000,1048,increasing,1270.000,1594.251,1286,0,1783739400.840073824,0.064774,0.304884,0.645777,-0.083859,,,,,0.305485,-0.257114,0.128501,1.161,0.790
3,6,33.1918,rolling,-0.2000,reverse,1300.000,1048,increasing,1270.000,1594.251,1286,0,1783739400.840073824,0.064774,0.304884,0.645777,-0.083859,,,,,0.305485,-0.257114,0.128501,1.161,0.790
3,6,33.2133,rolling,-0.2000,reverse,1300.000,1048,increasing,1270.000,1594.251,1286,0,1783739400.840073824,0.064774,0.304884,0.645777,-0.083859,,,,,0.305485,-0.257114,0.128501,1.161,0.790
3,6,33.2348,rolling,-0.2000,reverse,1300.000,1048,increasing,1270.000,1594.251,1286,0,1783739400.840073824,0.064774,0.304884,0.645777,-0.083859,,,,,0.305485,-0.257114,0.128501,1.161,0.790
3,6,33.2565,rolling,-0.2000,reverse,1300.000,1048,increasing,1270.000,1594.251,1286,0,1783739400.840073824,0.064774,0.304884,0.645777,-0.083859,,,,,0.305485,-0.257114,0.128501,1.163,0.789
3,6,33.2590,rolling,-0.2000,reverse,1300.000,1048,increasing,1270.000,1594.659,1286,1,1783739400.940526247,0.066990,0.306102,0.645685,-0.056665,0.0025029,-0.0000917,-0.0366336,-0.0101655,0.307988,-0.257114,0.128501,1.163,0.789
3,6,33.2723,rolling,-0.2000,reverse,1300.000,1048,increasing,1270.000,1594.659,1286,0,1783739400.940526247,0.066990,0.306102,0.645685,-0.056665,,,,,0.307988,-0.257114,0.128501,1.163,0.789
3,6,33.2940,rolling,-0.2000,reverse,1300.000,1048,increasing,1270.000,1594.659,1286,0,1783739400.940526247,0.066990,0.306102,0.645685,-0.056665,,,,,0.307988,-0.257114,0.128501,1.163,0.789
3,6,33.3158,rolling,-0.2000,reverse,1300.000,1048,increasing,1270.000,1594.659,1286,0,1783739400.940526247,0.066990,0.306102,0.645685,-0.056665,,,,,0.307988,-0.257114,0.128501,1.163,0.789
3,6,33.3375,rolling,-0.2000,reverse,1300.000,1048,increasing,1270.000,1594.659,1286,0,1783739400.940526247,0.066990,0.306102,0.645685,-0.056665,,,,,0.307988,-0.257114,0.128501,1.163,0.788
3,6,33.3585,rolling,-0.2000,reverse,1300.000,1048,increasing,1270.000,1594.787,1286,1,1783739401.038859844,0.065194,0.304805,0.645611,-0.048130,-0.0022149,-0.0000748,0.0337910,0.0093767,0.310203,-0.257114,0.128501,1.163,0.788
3,6,33.3699,rolling,-0.2000,reverse,1300.000,1048,increasing,1270.000,1594.787,1286,0,1783739401.038859844,0.065194,0.304805,0.645611,-0.048130,,,,,0.310203,-0.257114,0.128501,1.163,0.788
3,6,33.3914,rolling,-0.2000,reverse,1300.000,1048,increasing,1270.000,1594.787,1286,0,1783739401.038859844,0.065194,0.304805,0.645611,-0.048130,,,,,0.310203,-0.257114,0.128501,1.163,0.788
3,6,33.4130,rolling,-0.2000,reverse,1300.000,1048,increasing,1270.000,1594.787,1286,0,1783739401.038859844,0.065194,0.304805,0.645611,-0.048130,,,,,0.310203,-0.257114,0.128501,1.163,0.788
3,6,33.4345,rolling,-0.2000,reverse,1300.000,1048,increasing,1270.000,1594.787,1286,0,1783739401.038859844,0.065194,0.304805,0.645611,-0.048130,,,,,0.310203,-0.257114,0.128501,1.162,0.789
3,6,33.4564,rolling,-0.2000,reverse,1300.000,1048,increasing,1270.000,1594.986,1286,1,1783739401.139295340,0.065630,0.305063,0.645981,-0.034844,0.0005037,0.0003700,0.7346208,0.2011017,0.310707,-0.257114,0.128501,1.162,0.789
3,6,33.4713,rolling,-0.2000,reverse,1300.000,1048,increasing,1270.000,1594.986,1286,0,1783739401.139295340,0.065630,0.305063,0.645981,-0.034844,,,,,0.310707,-0.257114,0.128501,1.162,0.789
3,6,33.4930,rolling,-0.2000,reverse,1300.000,1048,increasing,1270.000,1594.986,1286,0,1783739401.139295340,0.065630,0.305063,0.645981,-0.034844,,,,,0.310707,-0.257114,0.128501,1.162,0.789
3,6,33.5145,rolling,-0.2000,reverse,1300.000,1048,increasing,1270.000,1594.986,1286,0,1783739401.139295340,0.065630,0.305063,0.645981,-0.034844,,,,,0.310707,-0.257114,0.128501,1.162,0.789
3,6,33.5360,rolling,-0.2000,reverse,1300.000,1048,increasing,1270.000,1594.986,1286,0,1783739401.139295340,0.065630,0.305063,0.645981,-0.034844,,,,,0.310707,-0.257114,0.128501,1.162,0.790
3,6,33.5568,rolling,-0.2000,reverse,1300.000,1048,increasing,1270.000,1595.119,1286,1,1783739401.237503529,0.065528,0.305301,0.645841,-0.025976,0.0000615,-0.0001391,-2.2615693,-0.5604564,0.310768,-0.257114,0.128501,1.162,0.790
3,6,33.5713,rolling,-0.2000,reverse,1300.000,1048,increasing,1270.000,1595.119,1286,0,1783739401.237503529,0.065528,0.305301,0.645841,-0.025976,,,,,0.310768,-0.257114,0.128501,1.162,0.790
3,6,33.5930,rolling,-0.2000,reverse,1300.000,1048,increasing,1270.000,1595.119,1286,0,1783739401.237503529,0.065528,0.305301,0.645841,-0.025976,,,,,0.310768,-0.257114,0.128501,1.162,0.790
3,6,33.6145,rolling,-0.2000,reverse,1300.000,1048,increasing,1270.000,1595.119,1286,0,1783739401.237503529,0.065528,0.305301,0.645841,-0.025976,,,,,0.310768,-0.257114,0.128501,1.162,0.790
3,6,33.6361,rolling,-0.2000,reverse,1300.000,1048,increasing,1270.000,1595.119,1286,0,1783739401.237503529,0.065528,0.305301,0.645841,-0.025976,,,,,0.310768,-0.257114,0.128501,1.163,0.790
3,6,33.6546,rolling,-0.2000,reverse,1300.000,1048,increasing,1270.000,1595.255,1286,1,1783739401.337913513,0.065069,0.307632,0.644871,-0.016905,0.0010351,-0.0009701,-0.9372130,-0.2544398,0.311803,-0.257114,0.128501,1.163,0.790
3,6,33.6741,rolling,-0.2000,reverse,1300.000,1048,increasing,1270.000,1595.255,1286,0,1783739401.337913513,0.065069,0.307632,0.644871,-0.016905,,,,,0.311803,-0.257114,0.128501,1.163,0.790
3,6,33.6958,rolling,-0.2000,reverse,1300.000,1048,increasing,1270.000,1595.255,1286,0,1783739401.337913513,0.065069,0.307632,0.644871,-0.016905,,,,,0.311803,-0.257114,0.128501,1.163,0.790
3,6,33.7173,rolling,-0.2000,reverse,1300.000,1048,increasing,1270.000,1595.255,1286,0,1783739401.337913513,0.065069,0.307632,0.644871,-0.016905,,,,,0.311803,-0.257114,0.128501,1.163,0.790
3,6,33.7389,rolling,-0.2000,reverse,1300.000,1048,increasing,1270.000,1595.255,1286,0,1783739401.337913513,0.065069,0.307632,0.644871,-0.016905,,,,,0.311803,-0.257114,0.128501,1.162,0.790
3,6,33.7550,rolling,-0.2000,reverse,1300.000,1048,increasing,1270.000,1595.345,1287,1,1783739401.435708523,0.067203,0.305929,0.644695,-0.010933,0.0006827,-0.0001765,-0.2585433,-0.0716230,0.312486,-0.257114,0.128501,1.162,0.790
3,6,33.7734,rolling,-0.2000,reverse,1300.000,1048,increasing,1270.000,1595.345,1287,0,1783739401.435708523,0.067203,0.305929,0.644695,-0.010933,,,,,0.312486,-0.257114,0.128501,1.162,0.790
3,6,33.7950,rolling,-0.2000,reverse,1300.000,1048,increasing,1270.000,1595.345,1287,0,1783739401.435708523,0.067203,0.305929,0.644695,-0.010933,,,,,0.312486,-0.257114,0.128501,1.162,0.790
3,6,33.8165,rolling,-0.2000,reverse,1300.000,1048,increasing,1270.000,1595.345,1287,0,1783739401.435708523,0.067203,0.305929,0.644695,-0.010933,,,,,0.312486,-0.257114,0.128501,1.162,0.790
3,6,33.8380,rolling,-0.2000,reverse,1300.000,1048,increasing,1270.000,1595.345,1287,0,1783739401.435708523,0.067203,0.305929,0.644695,-0.010933,,,,,0.312486,-0.257114,0.128501,1.163,0.789
3,6,33.8532,rolling,-0.2000,reverse,1300.000,1048,increasing,1270.000,1595.317,1287,1,1783739401.536170959,0.065196,0.305518,0.646156,-0.012806,-0.0018508,0.0014615,-0.7896858,-0.2157278,0.314337,-0.257114,0.128501,1.163,0.789
3,6,33.8665,rolling,-0.2000,reverse,1300.000,1048,increasing,1270.000,1595.317,1287,0,1783739401.536170959,0.065196,0.305518,0.646156,-0.012806,,,,,0.314337,-0.257114,0.128501,1.163,0.789
3,6,33.8882,rolling,-0.2000,reverse,1300.000,1048,increasing,1270.000,1595.317,1287,0,1783739401.536170959,0.065196,0.305518,0.646156,-0.012806,,,,,0.314337,-0.257114,0.128501,1.163,0.789
3,6,33.9098,rolling,-0.2000,reverse,1300.000,1048,increasing,1270.000,1595.317,1287,0,1783739401.536170959,0.065196,0.305518,0.646156,-0.012806,,,,,0.314337,-0.257114,0.128501,1.163,0.789
3,6,33.9314,rolling,-0.2000,reverse,1300.000,1048,increasing,1270.000,1595.317,1287,0,1783739401.536170959,0.065196,0.305518,0.646156,-0.012806,,,,,0.314337,-0.257114,0.128501,1.161,0.789
3,6,33.9539,rolling,-0.2000,reverse,1300.000,1048,increasing,1270.000,1595.317,1287,0,1783739401.536170959,0.065196,0.305518,0.646156,-0.012806,,,,,0.314337,-0.257114,0.128501,1.161,0.789
3,6,33.9554,rolling,-0.2000,reverse,1300.000,1048,increasing,1270.000,1598.417,1289,1,1783739401.634305477,0.064839,0.306096,0.646118,-0.009444,0.0000630,-0.0000385,-0.6112930,-0.1680342,0.314400,-0.257114,0.128501,1.161,0.789
3,6,33.9664,rolling,-0.2000,reverse,1300.000,1048,increasing,1270.000,1598.417,1289,0,1783739401.634305477,0.064839,0.306096,0.646118,-0.009444,,,,,0.314400,-0.257114,0.128501,1.161,0.789
3,6,33.9880,rolling,-0.2000,reverse,1300.000,1048,increasing,1270.000,1598.417,1289,0,1783739401.634305477,0.064839,0.306096,0.646118,-0.009444,,,,,0.314400,-0.257114,0.128501,1.161,0.789
3,6,34.0095,rolling,-0.2000,reverse,1300.000,1048,increasing,1270.000,1598.417,1289,0,1783739401.634305477,0.064839,0.306096,0.646118,-0.009444,,,,,0.314400,-0.257114,0.128501,1.161,0.789
3,6,34.0311,rolling,-0.2000,reverse,1300.000,1048,increasing,1270.000,1598.417,1289,0,1783739401.634305477,0.064839,0.306096,0.646118,-0.009444,,,,,0.314400,-0.257114,0.128501,1.161,0.789
3,6,34.0529,rolling,-0.2000,reverse,1300.000,1048,increasing,1270.000,1598.417,1289,0,1783739401.634305477,0.064839,0.306096,0.646118,-0.009444,,,,,0.314400,-0.257114,0.128501,1.162,0.789
3,6,34.0554,rolling,-0.2000,reverse,1300.000,1048,increasing,1270.000,1601.517,1292,1,1783739401.734903336,0.066406,0.305758,0.645450,-0.004478,0.0010481,-0.0006683,-0.6375994,-0.1751214,0.315448,-0.257114,0.128501,1.162,0.789
3,6,34.0689,rolling,-0.2000,reverse,1300.000,1048,increasing,1270.000,1601.517,1292,0,1783739401.734903336,0.066406,0.305758,0.645450,-0.004478,,,,,0.315448,-0.257114,0.128501,1.162,0.789
3,6,34.0906,rolling,-0.2000,reverse,1300.000,1048,increasing,1270.000,1601.517,1292,0,1783739401.734903336,0.066406,0.305758,0.645450,-0.004478,,,,,0.315448,-0.257114,0.128501,1.162,0.789
3,6,34.1121,rolling,-0.2000,reverse,1300.000,1048,increasing,1270.000,1601.517,1292,0,1783739401.734903336,0.066406,0.305758,0.645450,-0.004478,,,,,0.315448,-0.257114,0.128501,1.162,0.789
3,6,34.1337,rolling,-0.2000,reverse,1300.000,1048,increasing,1270.000,1601.517,1292,0,1783739401.734903336,0.066406,0.305758,0.645450,-0.004478,,,,,0.315448,-0.257114,0.128501,1.163,0.789
3,6,34.1548,rolling,-0.2000,reverse,1300.000,1048,increasing,1270.000,1604.617,1294,1,1783739401.835288048,0.065854,0.304385,0.645797,-0.006513,-0.0012665,0.0003472,-0.2741218,-0.0759226,0.316715,-0.257114,0.128501,1.163,0.789
3,6,34.1646,rolling,-0.2000,reverse,1300.000,1048,increasing,1270.000,1604.617,1294,0,1783739401.835288048,0.065854,0.304385,0.645797,-0.006513,,,,,0.316715,-0.257114,0.128501,1.163,0.789
3,6,34.1863,rolling,-0.2000,reverse,1300.000,1048,increasing,1270.000,1604.617,1294,0,1783739401.835288048,0.065854,0.304385,0.645797,-0.006513,,,,,0.316715,-0.257114,0.128501,1.163,0.789
3,6,34.2079,rolling,-0.2000,reverse,1300.000,1048,increasing,1270.000,1604.617,1294,0,1783739401.835288048,0.065854,0.304385,0.645797,-0.006513,,,,,0.316715,-0.257114,0.128501,1.163,0.789
3,6,34.2294,rolling,-0.2000,reverse,1300.000,1048,increasing,1270.000,1604.617,1294,0,1783739401.835288048,0.065854,0.304385,0.645797,-0.006513,,,,,0.316715,-0.257114,0.128501,1.163,0.789
3,6,34.2510,rolling,-0.2000,reverse,1300.000,1048,increasing,1270.000,1604.617,1294,0,1783739401.835288048,0.065854,0.304385,0.645797,-0.006513,,,,,0.316715,-0.257114,0.128501,1.163,0.789
3,6,34.2535,rolling,-0.2000,reverse,1300.000,1048,increasing,1270.000,1607.717,1297,1,1783739401.935854435,0.065808,0.304391,0.645545,-0.004968,-0.0000335,-0.0002513,7.4937413,1.1225599,0.316748,-0.257114,0.128501,1.163,0.789
3,6,34.2661,rolling,-0.2000,reverse,1300.000,1048,increasing,1270.000,1607.717,1297,0,1783739401.935854435,0.065808,0.304391,0.645545,-0.004968,,,,,0.316748,-0.257114,0.128501,1.163,0.789
3,6,34.2877,rolling,-0.2000,reverse,1300.000,1048,increasing,1270.000,1607.717,1297,0,1783739401.935854435,0.065808,0.304391,0.645545,-0.004968,,,,,0.316748,-0.257114,0.128501,1.163,0.789
3,6,34.3093,rolling,-0.2000,reverse,1300.000,1048,increasing,1270.000,1607.717,1297,0,1783739401.935854435,0.065808,0.304391,0.645545,-0.004968,,,,,0.316748,-0.257114,0.128501,1.163,0.789
3,6,34.3308,rolling,-0.2000,reverse,1300.000,1048,increasing,1270.000,1607.717,1297,0,1783739401.935854435,0.065808,0.304391,0.645545,-0.004968,,,,,0.316748,-0.257114,0.128501,1.157,0.790
3,6,34.3532,rolling,-0.2000,reverse,1300.000,1048,increasing,1270.000,1607.717,1297,0,1783739401.935854435,0.065808,0.304391,0.645545,-0.004968,,,,,0.316748,-0.257114,0.128501,1.157,0.790
3,6,34.3545,rolling,-0.2000,reverse,1300.000,1048,increasing,1270.000,1610.817,1299,1,1783739402.033822298,0.060689,0.300965,0.648408,-0.019420,-0.0061501,0.0028627,-0.4654762,-0.1284584,0.322898,-0.257114,0.128501,1.157,0.790
3,6,34.3714,rolling,-0.2000,reverse,1300.000,1048,increasing,1270.000,1610.817,1299,0,1783739402.033822298,0.060689,0.300965,0.648408,-0.019420,,,,,0.322898,-0.257114,0.128501,1.157,0.790
3,6,34.3930,rolling,-0.2000,reverse,1300.000,1048,increasing,1270.000,1610.817,1299,0,1783739402.033822298,0.060689,0.300965,0.648408,-0.019420,,,,,0.322898,-0.257114,0.128501,1.157,0.790
3,6,34.4147,rolling,-0.2000,reverse,1300.000,1048,increasing,1270.000,1610.817,1299,0,1783739402.033822298,0.060689,0.300965,0.648408,-0.019420,,,,,0.322898,-0.257114,0.128501,1.157,0.790
3,6,34.4363,rolling,-0.2000,reverse,1300.000,1048,increasing,1270.000,1610.817,1299,0,1783739402.033822298,0.060689,0.300965,0.648408,-0.019420,,,,,0.322898,-0.257114,0.128501,1.139,0.804
3,6,34.4538,rolling,-0.2000,reverse,1300.000,1048,increasing,1270.000,1592.509,1284,1,1783739402.134281635,0.043555,0.288886,0.655985,-0.066695,-0.0209480,0.0075768,-0.3616970,-0.1000359,0.343846,-0.257114,0.128501,1.139,0.804
3,6,34.4711,rolling,-0.2000,reverse,1300.000,1048,increasing,1270.000,1592.509,1284,0,1783739402.134281635,0.043555,0.288886,0.655985,-0.066695,,,,,0.343846,-0.257114,0.128501,1.139,0.804
3,6,34.4928,rolling,-0.2000,reverse,1300.000,1048,increasing,1270.000,1592.509,1284,0,1783739402.134281635,0.043555,0.288886,0.655985,-0.066695,,,,,0.343846,-0.257114,0.128501,1.139,0.804
3,6,34.5146,rolling,-0.2000,reverse,1300.000,1048,increasing,1270.000,1592.509,1284,0,1783739402.134281635,0.043555,0.288886,0.655985,-0.066695,,,,,0.343846,-0.257114,0.128501,1.139,0.804
3,6,34.5363,rolling,-0.2000,reverse,1300.000,1048,increasing,1270.000,1592.509,1284,0,1783739402.134281635,0.043555,0.288886,0.655985,-0.066695,,,,,0.343846,-0.257114,0.128501,1.115,0.825
3,6,34.5544,rolling,-0.2000,reverse,1300.000,1048,increasing,1270.000,1592.509,1284,0,1783739402.134281635,0.043555,0.288886,0.655985,-0.066695,,,,,0.343846,-0.257114,0.128501,1.115,0.825
3,6,34.5764,rolling,-0.2000,reverse,1300.000,1048,increasing,1270.000,1593.863,1285,1,1783739402.234864950,0.025428,0.273059,0.667203,-0.109740,-0.0240266,0.0112179,-0.4668948,-0.1288455,0.367873,-0.257114,0.128501,1.115,0.825
3,6,34.5810,rolling,-0.2000,reverse,1300.000,1048,increasing,1270.000,1593.863,1285,0,1783739402.234864950,0.025428,0.273059,0.667203,-0.109740,,,,,0.367873,-0.257114,0.128501,1.115,0.825
3,6,34.6028,rolling,-0.2000,reverse,1300.000,1048,increasing,1270.000,1593.863,1285,0,1783739402.234864950,0.025428,0.273059,0.667203,-0.109740,,,,,0.367873,-0.257114,0.128501,1.115,0.825
3,6,34.6244,rolling,-0.2000,reverse,1300.000,1048,increasing,1270.000,1593.863,1285,0,1783739402.234864950,0.025428,0.273059,0.667203,-0.109740,,,,,0.367873,-0.257114,0.128501,1.115,0.825
3,6,34.6459,rolling,-0.2000,reverse,1300.000,1048,increasing,1270.000,1593.863,1285,0,1783739402.234864950,0.025428,0.273059,0.667203,-0.109740,,,,,0.367873,-0.257114,0.128501,1.094,0.850
3,6,34.6527,rolling,-0.2000,reverse,1300.000,1048,increasing,1270.000,1593.565,1285,1,1783739402.335476637,0.011675,0.259773,0.680443,-0.129607,-0.0190366,0.0132398,-0.6954881,-0.1906539,0.386909,-0.276150,0.141740,1.094,0.850
3,6,34.6701,rolling,-0.2000,reverse,1300.000,1048,increasing,1270.000,1593.565,1285,0,1783739402.335476637,0.011675,0.259773,0.680443,-0.129607,,,,,0.386909,-0.276150,0.141740,1.094,0.850
3,6,34.6917,rolling,-0.2000,reverse,1300.000,1048,increasing,1270.000,1593.565,1285,0,1783739402.335476637,0.011675,0.259773,0.680443,-0.129607,,,,,0.386909,-0.276150,0.141740,1.094,0.850
3,6,34.7133,rolling,-0.2000,reverse,1300.000,1048,increasing,1270.000,1593.565,1285,0,1783739402.335476637,0.011675,0.259773,0.680443,-0.129607,,,,,0.386909,-0.276150,0.141740,1.094,0.850
3,6,34.7349,rolling,-0.2000,reverse,1300.000,1048,increasing,1270.000,1593.565,1285,0,1783739402.335476637,0.011675,0.259773,0.680443,-0.129607,,,,,0.386909,-0.276150,0.141740,1.076,0.868
3,6,34.7527,rolling,-0.2000,reverse,1300.000,1048,increasing,1270.000,1593.449,1285,1,1783739402.433743000,-0.001957,0.251546,0.687415,-0.137312,-0.0157647,0.0069724,-0.4422759,-0.1221208,0.402674,-0.291915,0.148713,1.076,0.868
3,6,34.7706,rolling,-0.2000,reverse,1300.000,1048,increasing,1270.000,1593.449,1285,0,1783739402.433743000,-0.001957,0.251546,0.687415,-0.137312,,,,,0.402674,-0.291915,0.148713,1.076,0.868
3,6,34.7924,rolling,-0.2000,reverse,1300.000,1048,increasing,1270.000,1593.449,1285,0,1783739402.433743000,-0.001957,0.251546,0.687415,-0.137312,,,,,0.402674,-0.291915,0.148713,1.076,0.868
3,6,34.8140,rolling,-0.2000,reverse,1300.000,1048,increasing,1270.000,1593.449,1285,0,1783739402.433743000,-0.001957,0.251546,0.687415,-0.137312,,,,,0.402674,-0.291915,0.148713,1.076,0.868
3,6,34.8356,rolling,-0.2000,reverse,1300.000,1048,increasing,1270.000,1593.449,1285,0,1783739402.433743000,-0.001957,0.251546,0.687415,-0.137312,,,,,0.402674,-0.291915,0.148713,1.061,0.882
3,6,34.8536,rolling,-0.2000,reverse,1300.000,1048,increasing,1270.000,1593.354,1285,1,1783739402.533817768,-0.015923,0.242890,0.694763,-0.143649,-0.0162781,0.0073480,-0.4514036,-0.1246154,0.418952,-0.308193,0.156061,1.061,0.882
3,6,34.8672,rolling,-0.2000,reverse,1300.000,1048,increasing,1270.000,1593.354,1285,0,1783739402.533817768,-0.015923,0.242890,0.694763,-0.143649,,,,,0.418952,-0.308193,0.156061,1.061,0.882
3,6,34.8889,rolling,-0.2000,reverse,1300.000,1048,increasing,1270.000,1593.354,1285,0,1783739402.533817768,-0.015923,0.242890,0.694763,-0.143649,,,,,0.418952,-0.308193,0.156061,1.061,0.882
3,6,34.9104,rolling,-0.2000,reverse,1300.000,1048,increasing,1270.000,1593.354,1285,0,1783739402.533817768,-0.015923,0.242890,0.694763,-0.143649,,,,,0.418952,-0.308193,0.156061,1.061,0.882
3,6,34.9320,rolling,-0.2000,reverse,1300.000,1048,increasing,1270.000,1593.354,1285,0,1783739402.533817768,-0.015923,0.242890,0.694763,-0.143649,,,,,0.418952,-0.308193,0.156061,1.043,0.897
3,6,34.9543,rolling,-0.2000,reverse,1300.000,1048,increasing,1270.000,1593.285,1285,1,1783739402.634746790,-0.026207,0.229695,0.703106,-0.148268,-0.0163630,0.0083433,-0.5098877,-0.1405607,0.435315,-0.324556,0.164404,1.043,0.897
3,6,34.9649,rolling,-0.2000,reverse,1300.000,1048,increasing,1270.000,1593.285,1285,0,1783739402.634746790,-0.026207,0.229695,0.703106,-0.148268,,,,,0.435315,-0.324556,0.164404,1.043,0.897
3,6,34.9866,rolling,-0.2000,reverse,1300.000,1048,increasing,1270.000,1593.285,1285,0,1783739402.634746790,-0.026207,0.229695,0.703106,-0.148268,,,,,0.435315,-0.324556,0.164404,1.043,0.897
3,6,35.0081,rolling,-0.2000,reverse,1300.000,1048,increasing,1270.000,1593.285,1285,0,1783739402.634746790,-0.026207,0.229695,0.703106,-0.148268,,,,,0.435315,-0.324556,0.164404,1.043,0.897
3,6,35.0298,rolling,-0.2000,reverse,1300.000,1048,increasing,1270.000,1593.285,1285,0,1783739402.634746790,-0.026207,0.229695,0.703106,-0.148268,,,,,0.435315,-0.324556,0.164404,1.043,0.897
3,6,35.0514,rolling,-0.2000,reverse,1300.000,1048,increasing,1270.000,1593.285,1285,0,1783739402.634746790,-0.026207,0.229695,0.703106,-0.148268,,,,,0.435315,-0.324556,0.164404,1.027,0.916
3,6,35.0547,rolling,-0.2000,reverse,1300.000,1048,increasing,1270.000,1593.215,1285,1,1783739402.735281467,-0.036243,0.215641,0.714816,-0.152896,-0.0167672,0.0117099,-0.6983837,-0.1914284,0.452082,-0.341323,0.176114,1.027,0.916
4,7,37.2309,startup,0.2000,forward,1300.000,1048,decreasing,1330.000,1423.384,1148,0,1783739404.836128950,-0.051142,0.208338,0.722742,0.002968,,,,,0.000000,0.000000,0.000000,1.007,0.943
4,7,37.2526,startup,0.2000,forward,1300.000,1048,decreasing,1330.000,1423.384,1148,0,1783739404.836128950,-0.051142,0.208338,0.722742,0.002968,,,,,0.000000,0.000000,0.000000,1.007,0.943
4,7,37.2560,startup,0.2000,forward,1300.000,1048,decreasing,1330.000,1422.144,1147,1,1783739404.936641932,-0.051047,0.204877,0.724321,-0.003296,-0.0022203,0.0015796,-0.7114248,-0.1949139,0.002220,0.000000,0.000000,1.007,0.943
4,7,37.2771,startup,0.2000,forward,1300.000,1048,decreasing,1330.000,1422.144,1147,0,1783739404.936641932,-0.051047,0.204877,0.724321,-0.003296,,,,,0.002220,0.000000,0.000000,1.007,0.943
4,7,37.2988,startup,0.2000,forward,1300.000,1048,decreasing,1330.000,1422.144,1147,0,1783739404.936641932,-0.051047,0.204877,0.724321,-0.003296,,,,,0.002220,0.000000,0.000000,1.007,0.943
4,7,37.3203,startup,0.2000,forward,1300.000,1048,decreasing,1330.000,1422.144,1147,0,1783739404.936641932,-0.051047,0.204877,0.724321,-0.003296,,,,,0.002220,0.000000,0.000000,1.007,0.943
4,7,37.3419,startup,0.2000,forward,1300.000,1048,decreasing,1330.000,1422.144,1147,0,1783739404.936641932,-0.051047,0.204877,0.724321,-0.003296,,,,,0.002220,0.000000,0.000000,1.007,0.943
4,7,37.3541,startup,0.2000,forward,1300.000,1048,decreasing,1330.000,1420.904,1146,1,1783739405.037071466,-0.050796,0.206652,0.723889,0.000923,0.0013639,-0.0004322,-0.3168505,-0.0877005,0.003584,0.000000,0.000000,1.007,0.943
4,7,37.3667,startup,0.2000,forward,1300.000,1048,decreasing,1330.000,1420.904,1146,0,1783739405.037071466,-0.050796,0.206652,0.723889,0.000923,,,,,0.003584,0.000000,0.000000,1.007,0.943
4,7,37.3884,startup,0.2000,forward,1300.000,1048,decreasing,1330.000,1420.904,1146,0,1783739405.037071466,-0.050796,0.206652,0.723889,0.000923,,,,,0.003584,0.000000,0.000000,1.007,0.943
4,7,37.4099,startup,0.2000,forward,1300.000,1048,decreasing,1330.000,1420.904,1146,0,1783739405.037071466,-0.050796,0.206652,0.723889,0.000923,,,,,0.003584,0.000000,0.000000,1.007,0.943
4,7,37.4315,startup,0.2000,forward,1300.000,1048,decreasing,1330.000,1420.904,1146,0,1783739405.037071466,-0.050796,0.206652,0.723889,0.000923,,,,,0.003584,0.000000,0.000000,1.007,0.943
4,7,37.4530,startup,0.2000,forward,1300.000,1048,decreasing,1330.000,1420.904,1146,0,1783739405.037071466,-0.050796,0.206652,0.723889,0.000923,,,,,0.003584,0.000000,0.000000,1.007,0.943
4,7,37.4555,startup,0.2000,forward,1300.000,1048,decreasing,1330.000,1419.664,1145,1,1783739405.135242224,-0.050481,0.207733,0.723694,0.003117,0.0009520,-0.0001955,-0.2053392,-0.0569201,0.004536,0.000000,0.000000,1.007,0.943
4,7,37.4653,startup,0.2000,forward,1300.000,1048,decreasing,1330.000,1419.664,1145,0,1783739405.135242224,-0.050481,0.207733,0.723694,0.003117,,,,,0.004536,0.000000,0.000000,1.007,0.943
4,7,37.4870,startup,0.2000,forward,1300.000,1048,decreasing,1330.000,1419.664,1145,0,1783739405.135242224,-0.050481,0.207733,0.723694,0.003117,,,,,0.004536,0.000000,0.000000,1.007,0.943
4,7,37.5085,startup,0.2000,forward,1300.000,1048,decreasing,1330.000,1419.664,1145,0,1783739405.135242224,-0.050481,0.207733,0.723694,0.003117,,,,,0.004536,0.000000,0.000000,1.007,0.943
4,7,37.5300,startup,0.2000,forward,1300.000,1048,decreasing,1330.000,1419.664,1145,0,1783739405.135242224,-0.050481,0.207733,0.723694,0.003117,,,,,0.004536,0.000000,0.000000,1.007,0.943
4,7,37.5515,startup,0.2000,forward,1300.000,1048,decreasing,1330.000,1419.664,1145,0,1783739405.135242224,-0.050481,0.207733,0.723694,0.003117,,,,,0.004536,0.000000,0.000000,1.015,0.939
4,7,37.5552,startup,0.2000,forward,1300.000,1048,decreasing,1330.000,1418.424,1144,1,1783739405.235866785,-0.044208,0.212905,0.720224,0.022526,0.0081258,-0.0034696,-0.4269833,-0.1179380,0.012662,0.000000,0.000000,1.015,0.939
4,7,37.5727,startup,0.2000,forward,1300.000,1048,decreasing,1330.000,1418.424,1144,0,1783739405.235866785,-0.044208,0.212905,0.720224,0.022526,,,,,0.012662,0.000000,0.000000,1.015,0.939
4,7,37.5943,startup,0.2000,forward,1300.000,1048,decreasing,1330.000,1418.424,1144,0,1783739405.235866785,-0.044208,0.212905,0.720224,0.022526,,,,,0.012662,0.000000,0.000000,1.015,0.939
4,7,37.6159,startup,0.2000,forward,1300.000,1048,decreasing,1330.000,1418.424,1144,0,1783739405.235866785,-0.044208,0.212905,0.720224,0.022526,,,,,0.012662,0.000000,0.000000,1.015,0.939
4,7,37.6374,startup,0.2000,forward,1300.000,1048,decreasing,1330.000,1418.424,1144,0,1783739405.235866785,-0.044208,0.212905,0.720224,0.022526,,,,,0.012662,0.000000,0.000000,1.023,0.928
4,7,37.6533,startup,0.2000,forward,1300.000,1048,decreasing,1330.000,1415.324,1141,1,1783739405.336342573,-0.035062,0.219032,0.716287,0.044061,0.0109182,-0.0039368,-0.3605754,-0.0997277,0.023580,0.000000,0.000000,1.023,0.928
4,7,37.6658,startup,0.2000,forward,1300.000,1048,decreasing,1330.000,1415.324,1141,0,1783739405.336342573,-0.035062,0.219032,0.716287,0.044061,,,,,0.023580,0.000000,0.000000,1.023,0.928
4,7,37.6874,startup,0.2000,forward,1300.000,1048,decreasing,1330.000,1415.324,1141,0,1783739405.336342573,-0.035062,0.219032,0.716287,0.044061,,,,,0.023580,0.000000,0.000000,1.023,0.928
4,7,37.7089,startup,0.2000,forward,1300.000,1048,decreasing,1330.000,1415.324,1141,0,1783739405.336342573,-0.035062,0.219032,0.716287,0.044061,,,,,0.023580,0.000000,0.000000,1.023,0.928
4,7,37.7305,startup,0.2000,forward,1300.000,1048,decreasing,1330.000,1415.324,1141,0,1783739405.336342573,-0.035062,0.219032,0.716287,0.044061,,,,,0.023580,0.000000,0.000000,1.035,0.921
4,7,37.7508,rolling,0.2000,forward,1300.000,1048,decreasing,1330.000,1419.384,1145,1,1783739405.434461117,-0.029416,0.227939,0.711071,0.058778,0.0100992,-0.0052159,-0.5164652,-0.1423497,0.033679,0.000000,0.000000,1.035,0.921
4,7,37.7713,rolling,0.2000,forward,1300.000,1048,decreasing,1330.000,1419.384,1145,0,1783739405.434461117,-0.029416,0.227939,0.711071,0.058778,,,,,0.033679,0.000000,0.000000,1.035,0.921
4,7,37.7930,rolling,0.2000,forward,1300.000,1048,decreasing,1330.000,1419.384,1145,0,1783739405.434461117,-0.029416,0.227939,0.711071,0.058778,,,,,0.033679,0.000000,0.000000,1.035,0.921
4,7,37.8145,rolling,0.2000,forward,1300.000,1048,decreasing,1330.000,1419.384,1145,0,1783739405.434461117,-0.029416,0.227939,0.711071,0.058778,,,,,0.033679,0.000000,0.000000,1.035,0.921
4,7,37.8361,rolling,0.2000,forward,1300.000,1048,decreasing,1330.000,1419.384,1145,0,1783739405.434461117,-0.029416,0.227939,0.711071,0.058778,,,,,0.033679,0.000000,0.000000,1.049,0.906
4,7,37.8516,rolling,0.2000,forward,1300.000,1048,decreasing,1330.000,1417.135,1143,1,1783739405.531908751,-0.015606,0.237864,0.707193,0.087552,0.0169438,-0.0038785,-0.2289034,-0.0634355,0.050623,0.000000,0.000000,1.049,0.906
4,7,37.8671,rolling,0.2000,forward,1300.000,1048,decreasing,1330.000,1417.135,1143,0,1783739405.531908751,-0.015606,0.237864,0.707193,0.087552,,,,,0.050623,0.000000,0.000000,1.049,0.906
4,7,37.8888,rolling,0.2000,forward,1300.000,1048,decreasing,1330.000,1417.135,1143,0,1783739405.531908751,-0.015606,0.237864,0.707193,0.087552,,,,,0.050623,0.000000,0.000000,1.049,0.906
4,7,37.9104,rolling,0.2000,forward,1300.000,1048,decreasing,1330.000,1417.135,1143,0,1783739405.531908751,-0.015606,0.237864,0.707193,0.087552,,,,,0.050623,0.000000,0.000000,1.049,0.906
4,7,37.9321,rolling,0.2000,forward,1300.000,1048,decreasing,1330.000,1417.135,1143,0,1783739405.531908751,-0.015606,0.237864,0.707193,0.087552,,,,,0.050623,0.000000,0.000000,1.068,0.888
4,7,37.9522,rolling,0.2000,forward,1300.000,1048,decreasing,1330.000,1417.519,1143,1,1783739405.632727861,-0.004437,0.250334,0.696554,0.106778,0.0165801,-0.0106393,-0.6416912,-0.1762222,0.067203,0.000000,0.000000,1.068,0.888
4,7,37.9721,rolling,0.2000,forward,1300.000,1048,decreasing,1330.000,1417.519,1143,0,1783739405.632727861,-0.004437,0.250334,0.696554,0.106778,,,,,0.067203,0.000000,0.000000,1.068,0.888
4,7,37.9937,rolling,0.2000,forward,1300.000,1048,decreasing,1330.000,1417.519,1143,0,1783739405.632727861,-0.004437,0.250334,0.696554,0.106778,,,,,0.067203,0.000000,0.000000,1.068,0.888
4,7,38.0153,rolling,0.2000,forward,1300.000,1048,decreasing,1330.000,1417.519,1143,0,1783739405.632727861,-0.004437,0.250334,0.696554,0.106778,,,,,0.067203,0.000000,0.000000,1.068,0.888
4,7,38.0369,rolling,0.2000,forward,1300.000,1048,decreasing,1330.000,1417.519,1143,0,1783739405.632727861,-0.004437,0.250334,0.696554,0.106778,,,,,0.067203,0.000000,0.000000,1.090,0.872
4,7,38.0506,rolling,0.2000,forward,1300.000,1048,decreasing,1330.000,1418.006,1144,1,1783739405.733266592,0.010680,0.264238,0.688741,0.131090,0.0205125,-0.0078122,-0.3808522,-0.1052956,0.087716,0.020512,-0.007812,1.090,0.872
4,7,38.0636,rolling,0.2000,forward,1300.000,1048,decreasing,1330.000,1418.006,1144,0,1783739405.733266592,0.010680,0.264238,0.688741,0.131090,,,,,0.087716,0.020512,-0.007812,1.090,0.872
4,7,38.0852,rolling,0.2000,forward,1300.000,1048,decreasing,1330.000,1418.006,1144,0,1783739405.733266592,0.010680,0.264238,0.688741,0.131090,,,,,0.087716,0.020512,-0.007812,1.090,0.872
4,7,38.1067,rolling,0.2000,forward,1300.000,1048,decreasing,1330.000,1418.006,1144,0,1783739405.733266592,0.010680,0.264238,0.688741,0.131090,,,,,0.087716,0.020512,-0.007812,1.090,0.872
4,7,38.1283,rolling,0.2000,forward,1300.000,1048,decreasing,1330.000,1418.006,1144,0,1783739405.733266592,0.010680,0.264238,0.688741,0.131090,,,,,0.087716,0.020512,-0.007812,1.111,0.852
4,7,38.1508,rolling,0.2000,forward,1300.000,1048,decreasing,1330.000,1418.006,1144,0,1783739405.733266592,0.010680,0.264238,0.688741,0.131090,,,,,0.087716,0.020512,-0.007812,1.111,0.852
4,7,38.1521,rolling,0.2000,forward,1300.000,1048,decreasing,1330.000,1418.428,1144,1,1783739405.831376314,0.027994,0.276463,0.680029,0.152196,0.0211440,-0.0087127,-0.4120649,-0.1138535,0.108860,0.041656,-0.016525,1.111,0.852
4,7,38.1632,rolling,0.2000,forward,1300.000,1048,decreasing,1330.000,1418.428,1144,0,1783739405.831376314,0.027994,0.276463,0.680029,0.152196,,,,,0.108860,0.041656,-0.016525,1.111,0.852
4,7,38.1848,rolling,0.2000,forward,1300.000,1048,decreasing,1330.000,1418.428,1144,0,1783739405.831376314,0.027994,0.276463,0.680029,0.152196,,,,,0.108860,0.041656,-0.016525,1.111,0.852
4,7,38.2063,rolling,0.2000,forward,1300.000,1048,decreasing,1330.000,1418.428,1144,0,1783739405.831376314,0.027994,0.276463,0.680029,0.152196,,,,,0.108860,0.041656,-0.016525,1.111,0.852
4,7,38.2278,rolling,0.2000,forward,1300.000,1048,decreasing,1330.000,1418.428,1144,0,1783739405.831376314,0.027994,0.276463,0.680029,0.152196,,,,,0.108860,0.041656,-0.016525,1.111,0.852
4,7,38.2494,rolling,0.2000,forward,1300.000,1048,decreasing,1330.000,1418.428,1144,0,1783739405.831376314,0.027994,0.276463,0.680029,0.152196,,,,,0.108860,0.041656,-0.016525,1.130,0.831
4,7,38.2519,rolling,0.2000,forward,1300.000,1048,decreasing,1330.000,1418.580,1144,1,1783739405.931898117,0.042246,0.288040,0.671073,0.159809,0.0183604,-0.0089553,-0.4877531,-0.1345339,0.127220,0.060017,-0.025480,1.130,0.831
4,7,38.2664,rolling,0.2000,forward,1300.000,1048,decreasing,1330.000,1418.580,1144,0,1783739405.931898117,0.042246,0.288040,0.671073,0.159809,,,,,0.127220,0.060017,-0.025480,1.130,0.831
4,7,38.2882,rolling,0.2000,forward,1300.000,1048,decreasing,1330.000,1418.580,1144,0,1783739405.931898117,0.042246,0.288040,0.671073,0.159809,,,,,0.127220,0.060017,-0.025480,1.130,0.831
4,7,38.3099,rolling,0.2000,forward,1300.000,1048,decreasing,1330.000,1418.580,1144,0,1783739405.931898117,0.042246,0.288040,0.671073,0.159809,,,,,0.127220,0.060017,-0.025480,1.130,0.831
4,7,38.3316,rolling,0.2000,forward,1300.000,1048,decreasing,1330.000,1418.580,1144,0,1783739405.931898117,0.042246,0.288040,0.671073,0.159809,,,,,0.127220,0.060017,-0.025480,1.149,0.812
4,7,38.3520,rolling,0.2000,forward,1300.000,1048,decreasing,1330.000,1418.789,1144,1,1783739406.032413006,0.057892,0.300915,0.660548,0.170241,0.0202572,-0.0105257,-0.5196023,-0.1432027,0.147477,0.080274,-0.036006,1.149,0.812
4,7,38.3654,rolling,0.2000,forward,1300.000,1048,decreasing,1330.000,1418.789,1144,0,1783739406.032413006,0.057892,0.300915,0.660548,0.170241,,,,,0.147477,0.080274,-0.036006,1.149,0.812
4,7,38.3870,rolling,0.2000,forward,1300.000,1048,decreasing,1330.000,1418.789,1144,0,1783739406.032413006,0.057892,0.300915,0.660548,0.170241,,,,,0.147477,0.080274,-0.036006,1.149,0.812
4,7,38.4084,rolling,0.2000,forward,1300.000,1048,decreasing,1330.000,1418.789,1144,0,1783739406.032413006,0.057892,0.300915,0.660548,0.170241,,,,,0.147477,0.080274,-0.036006,1.149,0.812
4,7,38.4300,rolling,0.2000,forward,1300.000,1048,decreasing,1330.000,1418.789,1144,0,1783739406.032413006,0.057892,0.300915,0.660548,0.170241,,,,,0.147477,0.080274,-0.036006,1.166,0.794
4,7,38.4498,rolling,0.2000,forward,1300.000,1048,decreasing,1330.000,1418.828,1144,1,1783739406.132827997,0.071834,0.312128,0.652337,0.172215,0.0178876,-0.0082112,-0.4590432,-0.1267021,0.165365,0.098162,-0.044217,1.166,0.794
4,7,38.4677,rolling,0.2000,forward,1300.000,1048,decreasing,1330.000,1418.828,1144,0,1783739406.132827997,0.071834,0.312128,0.652337,0.172215,,,,,0.165365,0.098162,-0.044217,1.166,0.794
4,7,38.4893,rolling,0.2000,forward,1300.000,1048,decreasing,1330.000,1418.828,1144,0,1783739406.132827997,0.071834,0.312128,0.652337,0.172215,,,,,0.165365,0.098162,-0.044217,1.166,0.794
4,7,38.5108,rolling,0.2000,forward,1300.000,1048,decreasing,1330.000,1418.828,1144,0,1783739406.132827997,0.071834,0.312128,0.652337,0.172215,,,,,0.165365,0.098162,-0.044217,1.166,0.794
4,7,38.5323,rolling,0.2000,forward,1300.000,1048,decreasing,1330.000,1418.828,1144,0,1783739406.132827997,0.071834,0.312128,0.652337,0.172215,,,,,0.165365,0.098162,-0.044217,1.184,0.777
4,7,38.5502,rolling,0.2000,forward,1300.000,1048,decreasing,1330.000,1418.745,1144,1,1783739406.230943441,0.082586,0.323229,0.646037,0.168086,0.0152765,-0.0062991,-0.4123426,-0.1139296,0.180641,0.113438,-0.050516,1.184,0.777
4,7,38.5713,rolling,0.2000,forward,1300.000,1048,decreasing,1330.000,1418.745,1144,0,1783739406.230943441,0.082586,0.323229,0.646037,0.168086,,,,,0.180641,0.113438,-0.050516,1.184,0.777
4,7,38.5930,rolling,0.2000,forward,1300.000,1048,decreasing,1330.000,1418.745,1144,0,1783739406.230943441,0.082586,0.323229,0.646037,0.168086,,,,,0.180641,0.113438,-0.050516,1.184,0.777
4,7,38.6146,rolling,0.2000,forward,1300.000,1048,decreasing,1330.000,1418.745,1144,0,1783739406.230943441,0.082586,0.323229,0.646037,0.168086,,,,,0.180641,0.113438,-0.050516,1.184,0.777
4,7,38.6362,rolling,0.2000,forward,1300.000,1048,decreasing,1330.000,1418.745,1144,0,1783739406.230943441,0.082586,0.323229,0.646037,0.168086,,,,,0.180641,0.113438,-0.050516,1.197,0.763
4,7,38.6513,rolling,0.2000,forward,1300.000,1048,decreasing,1330.000,1418.676,1144,1,1783739406.331349850,0.095690,0.331558,0.638275,0.164612,0.0154818,-0.0077627,-0.5014067,-0.1382527,0.196123,0.128920,-0.058279,1.197,0.763
4,7,38.6597,rolling,0.2000,forward,1300.000,1048,decreasing,1330.000,1418.676,1144,0,1783739406.331349850,0.095690,0.331558,0.638275,0.164612,,,,,0.196123,0.128920,-0.058279,1.197,0.763
4,7,38.6815,rolling,0.2000,forward,1300.000,1048,decreasing,1330.000,1418.676,1144,0,1783739406.331349850,0.095690,0.331558,0.638275,0.164612,,,,,0.196123,0.128920,-0.058279,1.197,0.763
4,7,38.7034,rolling,0.2000,forward,1300.000,1048,decreasing,1330.000,1418.676,1144,0,1783739406.331349850,0.095690,0.331558,0.638275,0.164612,,,,,0.196123,0.128920,-0.058279,1.197,0.763
4,7,38.7250,rolling,0.2000,forward,1300.000,1048,decreasing,1330.000,1418.676,1144,0,1783739406.331349850,0.095690,0.331558,0.638275,0.164612,,,,,0.196123,0.128920,-0.058279,1.197,0.763
4,7,38.7467,rolling,0.2000,forward,1300.000,1048,decreasing,1330.000,1418.676,1144,0,1783739406.331349850,0.095690,0.331558,0.638275,0.164612,,,,,0.196123,0.128920,-0.058279,1.213,0.747
4,7,38.7515,rolling,0.2000,forward,1300.000,1048,decreasing,1330.000,1418.551,1144,1,1783739406.432141066,0.108005,0.338562,0.631161,0.158358,0.0140702,-0.0071141,-0.5056164,-0.1393985,0.210193,0.142990,-0.065393,1.213,0.747
4,7,38.7627,rolling,0.2000,forward,1300.000,1048,decreasing,1330.000,1418.551,1144,0,1783739406.432141066,0.108005,0.338562,0.631161,0.158358,,,,,0.210193,0.142990,-0.065393,1.213,0.747
4,7,38.7843,rolling,0.2000,forward,1300.000,1048,decreasing,1330.000,1418.551,1144,0,1783739406.432141066,0.108005,0.338562,0.631161,0.158358,,,,,0.210193,0.142990,-0.065393,1.213,0.747
4,7,38.8058,rolling,0.2000,forward,1300.000,1048,decreasing,1330.000,1418.551,1144,0,1783739406.432141066,0.108005,0.338562,0.631161,0.158358,,,,,0.210193,0.142990,-0.065393,1.213,0.747
4,7,38.8274,rolling,0.2000,forward,1300.000,1048,decreasing,1330.000,1418.551,1144,0,1783739406.432141066,0.108005,0.338562,0.631161,0.158358,,,,,0.210193,0.142990,-0.065393,1.213,0.747
4,7,38.8490,rolling,0.2000,forward,1300.000,1048,decreasing,1330.000,1418.551,1144,0,1783739406.432141066,0.108005,0.338562,0.631161,0.158358,,,,,0.210193,0.142990,-0.065393,1.224,0.734
4,7,38.8519,rolling,0.2000,forward,1300.000,1048,decreasing,1330.000,1418.371,1144,1,1783739406.532540083,0.116263,0.348104,0.624565,0.149367,0.0122879,-0.0065954,-0.5367402,-0.1478584,0.222481,0.155278,-0.071988,1.224,0.734
4,7,38.8721,rolling,0.2000,forward,1300.000,1048,decreasing,1330.000,1418.371,1144,0,1783739406.532540083,0.116263,0.348104,0.624565,0.149367,,,,,0.222481,0.155278,-0.071988,1.224,0.734
4,7,38.8937,rolling,0.2000,forward,1300.000,1048,decreasing,1330.000,1418.371,1144,0,1783739406.532540083,0.116263,0.348104,0.624565,0.149367,,,,,0.222481,0.155278,-0.071988,1.224,0.734
4,7,38.9154,rolling,0.2000,forward,1300.000,1048,decreasing,1330.000,1418.371,1144,0,1783739406.532540083,0.116263,0.348104,0.624565,0.149367,,,,,0.222481,0.155278,-0.071988,1.224,0.734
4,7,38.9370,rolling,0.2000,forward,1300.000,1048,decreasing,1330.000,1418.371,1144,0,1783739406.532540083,0.116263,0.348104,0.624565,0.149367,,,,,0.222481,0.155278,-0.071988,1.237,0.722
4,7,38.9526,rolling,0.2000,forward,1300.000,1048,decreasing,1330.000,1418.118,1144,1,1783739406.633075953,0.124029,0.354318,0.616714,0.136722,0.0099316,-0.0078510,-0.7905067,-0.2159451,0.232413,0.165210,-0.079839,1.237,0.722
4,7,38.9667,rolling,0.2000,forward,1300.000,1048,decreasing,1330.000,1418.118,1144,0,1783739406.633075953,0.124029,0.354318,0.616714,0.136722,,,,,0.232413,0.165210,-0.079839,1.237,0.722
4,7,38.9883,rolling,0.2000,forward,1300.000,1048,decreasing,1330.000,1418.118,1144,0,1783739406.633075953,0.124029,0.354318,0.616714,0.136722,,,,,0.232413,0.165210,-0.079839,1.237,0.722
4,7,39.0098,rolling,0.2000,forward,1300.000,1048,decreasing,1330.000,1418.118,1144,0,1783739406.633075953,0.124029,0.354318,0.616714,0.136722,,,,,0.232413,0.165210,-0.079839,1.237,0.722
4,7,39.0314,rolling,0.2000,forward,1300.000,1048,decreasing,1330.000,1418.118,1144,0,1783739406.633075953,0.124029,0.354318,0.616714,0.136722,,,,,0.232413,0.165210,-0.079839,1.248,0.709
4,7,39.0505,rolling,0.2000,forward,1300.000,1048,decreasing,1330.000,1418.056,1144,1,1783739406.733394146,0.134339,0.361332,0.609703,0.133610,0.0124672,-0.0070108,-0.5623403,-0.1548010,0.244880,0.177677,-0.086850,1.248,0.709
4,7,39.0669,rolling,0.2000,forward,1300.000,1048,decreasing,1330.000,1418.056,1144,0,1783739406.733394146,0.134339,0.361332,0.609703,0.133610,,,,,0.244880,0.177677,-0.086850,1.248,0.709
4,7,39.0886,rolling,0.2000,forward,1300.000,1048,decreasing,1330.000,1418.056,1144,0,1783739406.733394146,0.134339,0.361332,0.609703,0.133610,,,,,0.244880,0.177677,-0.086850,1.248,0.709
4,7,39.1101,rolling,0.2000,forward,1300.000,1048,decreasing,1330.000,1418.056,1144,0,1783739406.733394146,0.134339,0.361332,0.609703,0.133610,,,,,0.244880,0.177677,-0.086850,1.248,0.709
4,7,39.1316,rolling,0.2000,forward,1300.000,1048,decreasing,1330.000,1418.056,1144,0,1783739406.733394146,0.134339,0.361332,0.609703,0.133610,,,,,0.244880,0.177677,-0.086850,1.260,0.692
4,7,39.1509,rolling,0.2000,forward,1300.000,1048,decreasing,1330.000,1417.946,1144,1,1783739406.831583023,0.143584,0.367234,0.603072,0.128114,0.0109603,-0.0066311,-0.6050153,-0.1663404,0.255840,0.188637,-0.093481,1.260,0.692
4,7,39.1678,rolling,0.2000,forward,1300.000,1048,decreasing,1330.000,1417.946,1144,0,1783739406.831583023,0.143584,0.367234,0.603072,0.128114,,,,,0.255840,0.188637,-0.093481,1.260,0.692
4,7,39.1894,rolling,0.2000,forward,1300.000,1048,decreasing,1330.000,1417.946,1144,0,1783739406.831583023,0.143584,0.367234,0.603072,0.128114,,,,,0.255840,0.188637,-0.093481,1.260,0.692
4,7,39.2109,rolling,0.2000,forward,1300.000,1048,decreasing,1330.000,1417.946,1144,0,1783739406.831583023,0.143584,0.367234,0.603072,0.128114,,,,,0.255840,0.188637,-0.093481,1.260,0.692
4,7,39.2324,rolling,0.2000,forward,1300.000,1048,decreasing,1330.000,1417.946,1144,0,1783739406.831583023,0.143584,0.367234,0.603072,0.128114,,,,,0.255840,0.188637,-0.093481,1.271,0.678
4,7,39.2516,rolling,0.2000,forward,1300.000,1048,decreasing,1330.000,1417.943,1144,1,1783739406.932015657,0.153222,0.375829,0.598460,0.127971,0.0128093,-0.0046125,-0.3600901,-0.0995944,0.268650,0.201446,-0.098094,1.271,0.678
4,7,39.2672,rolling,0.2000,forward,1300.000,1048,decreasing,1330.000,1417.943,1144,0,1783739406.932015657,0.153222,0.375829,0.598460,0.127971,,,,,0.268650,0.201446,-0.098094,1.271,0.678
4,7,39.2888,rolling,0.2000,forward,1300.000,1048,decreasing,1330.000,1417.943,1144,0,1783739406.932015657,0.153222,0.375829,0.598460,0.127971,,,,,0.268650,0.201446,-0.098094,1.271,0.678
4,7,39.3103,rolling,0.2000,forward,1300.000,1048,decreasing,1330.000,1417.943,1144,0,1783739406.932015657,0.153222,0.375829,0.598460,0.127971,,,,,0.268650,0.201446,-0.098094,1.271,0.678
4,7,39.3319,rolling,0.2000,forward,1300.000,1048,decreasing,1330.000,1417.943,1144,0,1783739406.932015657,0.153222,0.375829,0.598460,0.127971,,,,,0.268650,0.201446,-0.098094,1.283,0.670
4,7,39.3521,rolling,0.2000,forward,1300.000,1048,decreasing,1330.000,1418.026,1144,1,1783739407.032740831,0.165320,0.383930,0.592759,0.132114,0.0145593,-0.0057012,-0.3915841,-0.1082399,0.283209,0.216006,-0.103795,1.283,0.670
4,7,39.3661,rolling,0.2000,forward,1300.000,1048,decreasing,1330.000,1418.026,1144,0,1783739407.032740831,0.165320,0.383930,0.592759,0.132114,,,,,0.283209,0.216006,-0.103795,1.283,0.670
4,7,39.3877,rolling,0.2000,forward,1300.000,1048,decreasing,1330.000,1418.026,1144,0,1783739407.032740831,0.165320,0.383930,0.592759,0.132114,,,,,0.283209,0.216006,-0.103795,1.283,0.670
4,7,39.4093,rolling,0.2000,forward,1300.000,1048,decreasing,1330.000,1418.026,1144,0,1783739407.032740831,0.165320,0.383930,0.592759,0.132114,,,,,0.283209,0.216006,-0.103795,1.283,0.670
4,7,39.4308,rolling,0.2000,forward,1300.000,1048,decreasing,1330.000,1418.026,1144,0,1783739407.032740831,0.165320,0.383930,0.592759,0.132114,,,,,0.283209,0.216006,-0.103795,1.294,0.650
4,7,39.4526,rolling,0.2000,forward,1300.000,1048,decreasing,1330.000,1417.822,1143,1,1783739407.133090973,0.172883,0.389106,0.587763,0.121918,0.0091647,-0.0049958,-0.5451121,-0.1501304,0.292374,0.225170,-0.108791,1.294,0.650
4,7,39.4725,rolling,0.2000,forward,1300.000,1048,decreasing,1330.000,1417.822,1143,0,1783739407.133090973,0.172883,0.389106,0.587763,0.121918,,,,,0.292374,0.225170,-0.108791,1.294,0.650
4,7,39.4941,rolling,0.2000,forward,1300.000,1048,decreasing,1330.000,1417.822,1143,0,1783739407.133090973,0.172883,0.389106,0.587763,0.121918,,,,,0.292374,0.225170,-0.108791,1.294,0.650
4,7,39.5156,rolling,0.2000,forward,1300.000,1048,decreasing,1330.000,1417.822,1143,0,1783739407.133090973,0.172883,0.389106,0.587763,0.121918,,,,,0.292374,0.225170,-0.108791,1.294,0.650
4,7,39.5372,rolling,0.2000,forward,1300.000,1048,decreasing,1330.000,1417.822,1143,0,1783739407.133090973,0.172883,0.389106,0.587763,0.121918,,,,,0.292374,0.225170,-0.108791,1.308,0.638
4,7,39.5534,rolling,0.2000,forward,1300.000,1048,decreasing,1330.000,1417.727,1143,1,1783739407.233645201,0.181323,0.395101,0.580346,0.117163,0.0103469,-0.0074167,-0.7168074,-0.1963512,0.302721,0.225170,-0.108791,1.308,0.638
4,7,39.5702,rolling,0.2000,forward,1300.000,1048,decreasing,1330.000,1417.727,1143,0,1783739407.233645201,0.181323,0.395101,0.580346,0.117163,,,,,0.302721,0.225170,-0.108791,1.308,0.638
4,7,39.5920,rolling,0.2000,forward,1300.000,1048,decreasing,1330.000,1417.727,1143,0,1783739407.233645201,0.181323,0.395101,0.580346,0.117163,,,,,0.302721,0.225170,-0.108791,1.308,0.638
4,7,39.6138,rolling,0.2000,forward,1300.000,1048,decreasing,1330.000,1417.727,1143,0,1783739407.233645201,0.181323,0.395101,0.580346,0.117163,,,,,0.302721,0.225170,-0.108791,1.308,0.638
4,7,39.6353,rolling,0.2000,forward,1300.000,1048,decreasing,1330.000,1417.727,1143,0,1783739407.233645201,0.181323,0.395101,0.580346,0.117163,,,,,0.302721,0.225170,-0.108791,1.318,0.631
4,7,39.6509,rolling,0.2000,forward,1300.000,1048,decreasing,1330.000,1417.727,1143,0,1783739407.233645201,0.181323,0.395101,0.580346,0.117163,,,,,0.302721,0.225170,-0.108791,1.318,0.631
4,7,39.6728,rolling,0.2000,forward,1300.000,1048,decreasing,1330.000,1417.626,1143,1,1783739407.334337234,0.191844,0.396862,0.578594,0.112124,0.0097678,-0.0017524,-0.1794070,-0.0497444,0.312489,0.225170,-0.108791,1.318,0.631
4,7,39.6747,rolling,0.2000,forward,1300.000,1048,decreasing,1330.000,1417.626,1143,0,1783739407.334337234,0.191844,0.396862,0.578594,0.112124,,,,,0.312489,0.225170,-0.108791,1.318,0.631
4,7,39.6963,rolling,0.2000,forward,1300.000,1048,decreasing,1330.000,1417.626,1143,0,1783739407.334337234,0.191844,0.396862,0.578594,0.112124,,,,,0.312489,0.225170,-0.108791,1.318,0.631
4,7,39.7179,rolling,0.2000,forward,1300.000,1048,decreasing,1330.000,1417.626,1143,0,1783739407.334337234,0.191844,0.396862,0.578594,0.112124,,,,,0.312489,0.225170,-0.108791,1.318,0.631
4,7,39.7395,rolling,0.2000,forward,1300.000,1048,decreasing,1330.000,1417.626,1143,0,1783739407.334337234,0.191844,0.396862,0.578594,0.112124,,,,,0.312489,0.225170,-0.108791,1.327,0.619
4,7,39.7520,rolling,0.2000,forward,1300.000,1048,decreasing,1330.000,1417.626,1143,0,1783739407.334337234,0.191844,0.396862,0.578594,0.112124,,,,,0.312489,0.225170,-0.108791,1.327,0.619
4,7,39.7738,rolling,0.2000,forward,1300.000,1048,decreasing,1330.000,1417.659,1143,1,1783739407.432081223,0.200811,0.404350,0.570552,0.113753,0.0115964,-0.0080416,-0.6934518,-0.1901090,0.324085,0.225170,-0.108791,1.327,0.619
4,7,39.7757,rolling,0.2000,forward,1300.000,1048,decreasing,1330.000,1417.659,1143,0,1783739407.432081223,0.200811,0.404350,0.570552,0.113753,,,,,0.324085,0.225170,-0.108791,1.327,0.619
4,7,39.7973,rolling,0.2000,forward,1300.000,1048,decreasing,1330.000,1417.659,1143,0,1783739407.432081223,0.200811,0.404350,0.570552,0.113753,,,,,0.324085,0.225170,-0.108791,1.327,0.619
4,7,39.8188,rolling,0.2000,forward,1300.000,1048,decreasing,1330.000,1417.659,1143,0,1783739407.432081223,0.200811,0.404350,0.570552,0.113753,,,,,0.324085,0.225170,-0.108791,1.327,0.619
4,7,39.8403,rolling,0.2000,forward,1300.000,1048,decreasing,1330.000,1417.659,1143,0,1783739407.432081223,0.200811,0.404350,0.570552,0.113753,,,,,0.324085,0.225170,-0.108791,1.340,0.607
4,7,39.8523,rolling,0.2000,forward,1300.000,1048,decreasing,1330.000,1417.727,1143,1,1783739407.532948256,0.211473,0.411518,0.563520,0.117148,0.0128438,-0.0070321,-0.5475104,-0.1507810,0.336929,0.225170,-0.108791,1.340,0.607
4,7,39.8634,rolling,0.2000,forward,1300.000,1048,decreasing,1330.000,1417.727,1143,0,1783739407.532948256,0.211473,0.411518,0.563520,0.117148,,,,,0.336929,0.225170,-0.108791,1.340,0.607
4,7,39.8850,rolling,0.2000,forward,1300.000,1048,decreasing,1330.000,1417.727,1143,0,1783739407.532948256,0.211473,0.411518,0.563520,0.117148,,,,,0.336929,0.225170,-0.108791,1.340,0.607
4,7,39.9066,rolling,0.2000,forward,1300.000,1048,decreasing,1330.000,1417.727,1143,0,1783739407.532948256,0.211473,0.411518,0.563520,0.117148,,,,,0.336929,0.225170,-0.108791,1.340,0.607
4,7,39.9281,rolling,0.2000,forward,1300.000,1048,decreasing,1330.000,1417.727,1143,0,1783739407.532948256,0.211473,0.411518,0.563520,0.117148,,,,,0.336929,0.225170,-0.108791,1.340,0.607
4,7,39.9497,rolling,0.2000,forward,1300.000,1048,decreasing,1330.000,1417.727,1143,0,1783739407.532948256,0.211473,0.411518,0.563520,0.117148,,,,,0.336929,0.225170,-0.108791,1.352,0.594
4,7,39.9533,rolling,0.2000,forward,1300.000,1048,decreasing,1330.000,1417.622,1143,1,1783739407.633348703,0.219033,0.417637,0.558097,0.111904,0.0096555,-0.0054233,-0.5616766,-0.1546212,0.346584,0.225170,-0.108791,1.352,0.594
4,7,39.9716,rolling,0.2000,forward,1300.000,1048,decreasing,1330.000,1417.622,1143,0,1783739407.633348703,0.219033,0.417637,0.558097,0.111904,,,,,0.346584,0.225170,-0.108791,1.352,0.594
4,7,39.9932,rolling,0.2000,forward,1300.000,1048,decreasing,1330.000,1417.622,1143,0,1783739407.633348703,0.219033,0.417637,0.558097,0.111904,,,,,0.346584,0.225170,-0.108791,1.352,0.594
4,7,40.0148,rolling,0.2000,forward,1300.000,1048,decreasing,1330.000,1417.622,1143,0,1783739407.633348703,0.219033,0.417637,0.558097,0.111904,,,,,0.346584,0.225170,-0.108791,1.352,0.594
4,7,40.0363,rolling,0.2000,forward,1300.000,1048,decreasing,1330.000,1417.622,1143,0,1783739407.633348703,0.219033,0.417637,0.558097,0.111904,,,,,0.346584,0.225170,-0.108791,1.362,0.580
4,7,40.0534,rolling,0.2000,forward,1300.000,1048,decreasing,1330.000,1417.689,1143,1,1783739407.734405994,0.229767,0.424375,0.550990,0.115280,0.0126734,-0.0071064,-0.5607369,-0.1543666,0.359258,0.225170,-0.108791,1.362,0.580
4,7,40.0734,rolling,0.2000,forward,1300.000,1048,decreasing,1330.000,1417.689,1143,0,1783739407.734405994,0.229767,0.424375,0.550990,0.115280,,,,,0.359258,0.225170,-0.108791,1.362,0.580
4,7,40.0950,rolling,0.2000,forward,1300.000,1048,decreasing,1330.000,1417.689,1143,0,1783739407.734405994,0.229767,0.424375,0.550990,0.115280,,,,,0.359258,0.225170,-0.108791,1.362,0.580
4,7,40.1165,rolling,0.2000,forward,1300.000,1048,decreasing,1330.000,1417.689,1143,0,1783739407.734405994,0.229767,0.424375,0.550990,0.115280,,,,,0.359258,0.225170,-0.108791,1.362,0.580
4,7,40.1381,rolling,0.2000,forward,1300.000,1048,decreasing,1330.000,1417.689,1143,0,1783739407.734405994,0.229767,0.424375,0.550990,0.115280,,,,,0.359258,0.225170,-0.108791,1.375,0.567
4,7,40.1542,rolling,0.2000,forward,1300.000,1048,decreasing,1330.000,1417.944,1144,1,1783739407.834529877,0.243375,0.434027,0.543166,0.128015,0.0166428,-0.0078239,-0.4701096,-0.1297228,0.375901,0.241813,-0.116615,1.375,0.567
4,7,40.1655,rolling,0.2000,forward,1300.000,1048,decreasing,1330.000,1417.944,1144,0,1783739407.834529877,0.243375,0.434027,0.543166,0.128015,,,,,0.375901,0.241813,-0.116615,1.375,0.567
4,7,40.1872,rolling,0.2000,forward,1300.000,1048,decreasing,1330.000,1417.944,1144,0,1783739407.834529877,0.243375,0.434027,0.543166,0.128015,,,,,0.375901,0.241813,-0.116615,1.375,0.567
4,7,40.2087,rolling,0.2000,forward,1300.000,1048,decreasing,1330.000,1417.944,1144,0,1783739407.834529877,0.243375,0.434027,0.543166,0.128015,,,,,0.375901,0.241813,-0.116615,1.375,0.567
4,7,40.2302,rolling,0.2000,forward,1300.000,1048,decreasing,1330.000,1417.944,1144,0,1783739407.834529877,0.243375,0.434027,0.543166,0.128015,,,,,0.375901,0.241813,-0.116615,1.391,0.550
4,7,40.2517,rolling,0.2000,forward,1300.000,1048,decreasing,1330.000,1418.086,1144,1,1783739407.935073853,0.256056,0.443446,0.534659,0.135095,0.0157182,-0.0085069,-0.5412125,-0.1490723,0.391619,0.257532,-0.125122,1.391,0.550
4,7,40.2663,rolling,0.2000,forward,1300.000,1048,decreasing,1330.000,1418.086,1144,0,1783739407.935073853,0.256056,0.443446,0.534659,0.135095,,,,,0.391619,0.257532,-0.125122,1.391,0.550
4,7,40.2880,rolling,0.2000,forward,1300.000,1048,decreasing,1330.000,1418.086,1144,0,1783739407.935073853,0.256056,0.443446,0.534659,0.135095,,,,,0.391619,0.257532,-0.125122,1.391,0.550
4,7,40.3095,rolling,0.2000,forward,1300.000,1048,decreasing,1330.000,1418.086,1144,0,1783739407.935073853,0.256056,0.443446,0.534659,0.135095,,,,,0.391619,0.257532,-0.125122,1.391,0.550
4,7,40.3311,rolling,0.2000,forward,1300.000,1048,decreasing,1330.000,1418.086,1144,0,1783739407.935073853,0.256056,0.443446,0.534659,0.135095,,,,,0.391619,0.257532,-0.125122,1.408,0.535
4,7,40.3520,rolling,0.2000,forward,1300.000,1048,decreasing,1330.000,1418.164,1144,1,1783739408.032798767,0.266947,0.454019,0.524920,0.139030,0.0147403,-0.0097396,-0.6607430,-0.1813419,0.406359,0.272272,-0.134861,1.408,0.535
4,7,40.3712,rolling,0.2000,forward,1300.000,1048,decreasing,1330.000,1418.164,1144,0,1783739408.032798767,0.266947,0.454019,0.524920,0.139030,,,,,0.406359,0.272272,-0.134861,1.408,0.535
4,7,40.3928,rolling,0.2000,forward,1300.000,1048,decreasing,1330.000,1418.164,1144,0,1783739408.032798767,0.266947,0.454019,0.524920,0.139030,,,,,0.406359,0.272272,-0.134861,1.408,0.535
4,7,40.4143,rolling,0.2000,forward,1300.000,1048,decreasing,1330.000,1418.164,1144,0,1783739408.032798767,0.266947,0.454019,0.524920,0.139030,,,,,0.406359,0.272272,-0.134861,1.408,0.535
4,7,40.4358,rolling,0.2000,forward,1300.000,1048,decreasing,1330.000,1418.164,1144,0,1783739408.032798767,0.266947,0.454019,0.524920,0.139030,,,,,0.406359,0.272272,-0.134861,1.424,0.521
4,7,40.4527,rolling,0.2000,forward,1300.000,1048,decreasing,1330.000,1418.229,1144,1,1783739408.133152962,0.280691,0.460705,0.516547,0.142260,0.0152490,-0.0083731,-0.5490889,-0.1512091,0.421608,0.287521,-0.143234,1.424,0.521
4,7,40.4655,rolling,0.2000,forward,1300.000,1048,decreasing,1330.000,1418.229,1144,0,1783739408.133152962,0.280691,0.460705,0.516547,0.142260,,,,,0.421608,0.287521,-0.143234,1.424,0.521
4,7,40.4872,rolling,0.2000,forward,1300.000,1048,decreasing,1330.000,1418.229,1144,0,1783739408.133152962,0.280691,0.460705,0.516547,0.142260,,,,,0.421608,0.287521,-0.143234,1.424,0.521
4,7,40.5088,rolling,0.2000,forward,1300.000,1048,decreasing,1330.000,1418.229,1144,0,1783739408.133152962,0.280691,0.460705,0.516547,0.142260,,,,,0.421608,0.287521,-0.143234,1.424,0.521
4,7,40.5303,rolling,0.2000,forward,1300.000,1048,decreasing,1330.000,1418.229,1144,0,1783739408.133152962,0.280691,0.460705,0.516547,0.142260,,,,,0.421608,0.287521,-0.143234,1.424,0.521
4,7,40.5520,rolling,0.2000,forward,1300.000,1048,decreasing,1330.000,1418.229,1144,0,1783739408.133152962,0.280691,0.460705,0.516547,0.142260,,,,,0.421608,0.287521,-0.143234,1.441,0.506
4,7,40.5545,rolling,0.2000,forward,1300.000,1048,decreasing,1330.000,1418.262,1144,1,1783739408.233899355,0.294774,0.466289,0.512264,0.143937,0.0150079,-0.0042831,-0.2853895,-0.0790306,0.436616,0.302529,-0.147518,1.441,0.506
4,7,40.5733,rolling,0.2000,forward,1300.000,1048,decreasing,1330.000,1418.262,1144,0,1783739408.233899355,0.294774,0.466289,0.512264,0.143937,,,,,0.436616,0.302529,-0.147518,1.441,0.506
4,7,40.5949,rolling,0.2000,forward,1300.000,1048,decreasing,1330.000,1418.262,1144,0,1783739408.233899355,0.294774,0.466289,0.512264,0.143937,,,,,0.436616,0.302529,-0.147518,1.441,0.506
4,7,40.6166,rolling,0.2000,forward,1300.000,1048,decreasing,1330.000,1418.262,1144,0,1783739408.233899355,0.294774,0.466289,0.512264,0.143937,,,,,0.436616,0.302529,-0.147518,1.441,0.506
4,7,40.6382,rolling,0.2000,forward,1300.000,1048,decreasing,1330.000,1418.262,1144,0,1783739408.233899355,0.294774,0.466289,0.512264,0.143937,,,,,0.436616,0.302529,-0.147518,1.454,0.488
4,7,40.6537,rolling,0.2000,forward,1300.000,1048,decreasing,1330.000,1418.342,1144,1,1783739408.334393740,0.308496,0.474646,0.505966,0.147893,0.0160552,-0.0062976,-0.3922439,-0.1084208,0.452671,0.318584,-0.153815,1.454,0.488
4,8,41.5621,startup,-0.2000,reverse,1300.000,1048,decreasing,1330.000,1588.509,1281,0,1783739409.234251738,0.328810,0.486652,0.492135,0.018241,,,,,0.000000,0.000000,0.000000,1.477,0.472
4,8,41.5837,startup,-0.2000,reverse,1300.000,1048,decreasing,1330.000,1588.509,1281,0,1783739409.234251738,0.328810,0.486652,0.492135,0.018241,,,,,0.000000,0.000000,0.000000,1.477,0.472
4,8,41.6052,startup,-0.2000,reverse,1300.000,1048,decreasing,1330.000,1588.509,1281,0,1783739409.234251738,0.328810,0.486652,0.492135,0.018241,,,,,0.000000,0.000000,0.000000,1.477,0.472
4,8,41.6267,startup,-0.2000,reverse,1300.000,1048,decreasing,1330.000,1588.509,1281,0,1783739409.234251738,0.328810,0.486652,0.492135,0.018241,,,,,0.000000,0.000000,0.000000,1.477,0.472
4,8,41.6482,startup,-0.2000,reverse,1300.000,1048,decreasing,1330.000,1588.509,1281,0,1783739409.234251738,0.328810,0.486652,0.492135,0.018241,,,,,0.000000,0.000000,0.000000,1.476,0.473
4,8,41.6541,startup,-0.2000,reverse,1300.000,1048,decreasing,1330.000,1589.749,1282,1,1783739409.334782124,0.329072,0.484770,0.492317,0.012042,-0.0006589,0.0001822,-0.2765637,-0.0765963,0.000659,0.000000,0.000000,1.476,0.473
4,8,41.6674,startup,-0.2000,reverse,1300.000,1048,decreasing,1330.000,1589.749,1282,0,1783739409.334782124,0.329072,0.484770,0.492317,0.012042,,,,,0.000659,0.000000,0.000000,1.476,0.473
4,8,41.6890,startup,-0.2000,reverse,1300.000,1048,decreasing,1330.000,1589.749,1282,0,1783739409.334782124,0.329072,0.484770,0.492317,0.012042,,,,,0.000659,0.000000,0.000000,1.476,0.473
4,8,41.7105,startup,-0.2000,reverse,1300.000,1048,decreasing,1330.000,1589.749,1282,0,1783739409.334782124,0.329072,0.484770,0.492317,0.012042,,,,,0.000659,0.000000,0.000000,1.476,0.473
4,8,41.7321,startup,-0.2000,reverse,1300.000,1048,decreasing,1330.000,1589.749,1282,0,1783739409.334782124,0.329072,0.484770,0.492317,0.012042,,,,,0.000659,0.000000,0.000000,1.476,0.473
4,8,41.7537,startup,-0.2000,reverse,1300.000,1048,decreasing,1330.000,1589.749,1282,0,1783739409.334782124,0.329072,0.484770,0.492317,0.012042,,,,,0.000659,0.000000,0.000000,1.478,0.477
4,8,41.7562,startup,-0.2000,reverse,1300.000,1048,decreasing,1330.000,1590.989,1283,1,1783739409.435185194,0.328611,0.484901,0.492186,0.008174,-0.0003446,-0.0001316,0.3818299,0.1055639,0.001003,0.000000,0.000000,1.478,0.477
4,8,41.7689,startup,-0.2000,reverse,1300.000,1048,decreasing,1330.000,1590.989,1283,0,1783739409.435185194,0.328611,0.484901,0.492186,0.008174,,,,,0.001003,0.000000,0.000000,1.478,0.477
4,8,41.7905,startup,-0.2000,reverse,1300.000,1048,decreasing,1330.000,1590.989,1283,0,1783739409.435185194,0.328611,0.484901,0.492186,0.008174,,,,,0.001003,0.000000,0.000000,1.478,0.477
4,8,41.8120,startup,-0.2000,reverse,1300.000,1048,decreasing,1330.000,1590.989,1283,0,1783739409.435185194,0.328611,0.484901,0.492186,0.008174,,,,,0.001003,0.000000,0.000000,1.478,0.477
4,8,41.8335,startup,-0.2000,reverse,1300.000,1048,decreasing,1330.000,1590.989,1283,0,1783739409.435185194,0.328611,0.484901,0.492186,0.008174,,,,,0.001003,0.000000,0.000000,1.475,0.481
4,8,41.8531,startup,-0.2000,reverse,1300.000,1048,decreasing,1330.000,1592.229,1284,1,1783739409.535838127,0.325050,0.484635,0.492936,-0.001975,-0.0032633,0.0007505,-0.2299811,-0.0637333,0.004267,0.000000,0.000000,1.475,0.481
4,8,41.8630,startup,-0.2000,reverse,1300.000,1048,decreasing,1330.000,1592.229,1284,0,1783739409.535838127,0.325050,0.484635,0.492936,-0.001975,,,,,0.004267,0.000000,0.000000,1.475,0.481
4,8,41.8846,startup,-0.2000,reverse,1300.000,1048,decreasing,1330.000,1592.229,1284,0,1783739409.535838127,0.325050,0.484635,0.492936,-0.001975,,,,,0.004267,0.000000,0.000000,1.475,0.481
4,8,41.9061,startup,-0.2000,reverse,1300.000,1048,decreasing,1330.000,1592.229,1284,0,1783739409.535838127,0.325050,0.484635,0.492936,-0.001975,,,,,0.004267,0.000000,0.000000,1.475,0.481
4,8,41.9276,startup,-0.2000,reverse,1300.000,1048,decreasing,1330.000,1592.229,1284,0,1783739409.535838127,0.325050,0.484635,0.492936,-0.001975,,,,,0.004267,0.000000,0.000000,1.475,0.481
4,8,41.9491,startup,-0.2000,reverse,1300.000,1048,decreasing,1330.000,1592.229,1284,0,1783739409.535838127,0.325050,0.484635,0.492936,-0.001975,,,,,0.004267,0.000000,0.000000,1.467,0.486
4,8,41.9534,startup,-0.2000,reverse,1300.000,1048,decreasing,1330.000,1593.469,1285,1,1783739409.633956432,0.320384,0.481184,0.494883,-0.016117,-0.0057440,0.0019465,-0.3388801,-0.0937635,0.010011,0.000000,0.000000,1.467,0.486
4,8,41.9666,startup,-0.2000,reverse,1300.000,1048,decreasing,1330.000,1593.469,1285,0,1783739409.633956432,0.320384,0.481184,0.494883,-0.016117,,,,,0.010011,0.000000,0.000000,1.467,0.486
4,8,41.9882,startup,-0.2000,reverse,1300.000,1048,decreasing,1330.000,1593.469,1285,0,1783739409.633956432,0.320384,0.481184,0.494883,-0.016117,,,,,0.010011,0.000000,0.000000,1.467,0.486
4,8,42.0098,startup,-0.2000,reverse,1300.000,1048,decreasing,1330.000,1593.469,1285,0,1783739409.633956432,0.320384,0.481184,0.494883,-0.016117,,,,,0.010011,0.000000,0.000000,1.467,0.486
4,8,42.0313,startup,-0.2000,reverse,1300.000,1048,decreasing,1330.000,1593.469,1285,0,1783739409.633956432,0.320384,0.481184,0.494883,-0.016117,,,,,0.010011,0.000000,0.000000,1.459,0.496
4,8,42.0539,startup,-0.2000,reverse,1300.000,1048,decreasing,1330.000,1593.469,1285,0,1783739409.633956432,0.320384,0.481184,0.494883,-0.016117,,,,,0.010011,0.000000,0.000000,1.459,0.496
4,8,42.0553,startup,-0.2000,reverse,1300.000,1048,decreasing,1330.000,1596.569,1288,1,1783739409.734539270,0.309344,0.477891,0.496732,-0.040117,-0.0112769,0.0018492,-0.1639794,-0.0454729,0.021288,0.000000,0.000000,1.459,0.496
4,8,42.0696,startup,-0.2000,reverse,1300.000,1048,decreasing,1330.000,1596.569,1288,0,1783739409.734539270,0.309344,0.477891,0.496732,-0.040117,,,,,0.021288,0.000000,0.000000,1.459,0.496
4,8,42.0912,startup,-0.2000,reverse,1300.000,1048,decreasing,1330.000,1596.569,1288,0,1783739409.734539270,0.309344,0.477891,0.496732,-0.040117,,,,,0.021288,0.000000,0.000000,1.459,0.496
4,8,42.1127,startup,-0.2000,reverse,1300.000,1048,decreasing,1330.000,1596.569,1288,0,1783739409.734539270,0.309344,0.477891,0.496732,-0.040117,,,,,0.021288,0.000000,0.000000,1.459,0.496
4,8,42.1342,startup,-0.2000,reverse,1300.000,1048,decreasing,1330.000,1596.569,1288,0,1783739409.734539270,0.309344,0.477891,0.496732,-0.040117,,,,,0.021288,0.000000,0.000000,1.449,0.508
4,8,42.1518,rolling,-0.2000,reverse,1300.000,1048,decreasing,1330.000,1592.509,1284,1,1783739409.834945202,0.300633,0.472021,0.502979,-0.056129,-0.0104590,0.0062469,-0.5972757,-0.1642508,0.031747,0.000000,0.000000,1.449,0.508
4,8,42.1704,rolling,-0.2000,reverse,1300.000,1048,decreasing,1330.000,1592.509,1284,0,1783739409.834945202,0.300633,0.472021,0.502979,-0.056129,,,,,0.031747,0.000000,0.000000,1.449,0.508
4,8,42.1921,rolling,-0.2000,reverse,1300.000,1048,decreasing,1330.000,1592.509,1284,0,1783739409.834945202,0.300633,0.472021,0.502979,-0.056129,,,,,0.031747,0.000000,0.000000,1.449,0.508
4,8,42.2136,rolling,-0.2000,reverse,1300.000,1048,decreasing,1330.000,1592.509,1284,0,1783739409.834945202,0.300633,0.472021,0.502979,-0.056129,,,,,0.031747,0.000000,0.000000,1.449,0.508
4,8,42.2352,rolling,-0.2000,reverse,1300.000,1048,decreasing,1330.000,1592.509,1284,0,1783739409.834945202,0.300633,0.472021,0.502979,-0.056129,,,,,0.031747,0.000000,0.000000,1.436,0.524
4,8,42.2522,rolling,-0.2000,reverse,1300.000,1048,decreasing,1330.000,1594.320,1286,1,1783739409.932945728,0.287478,0.465690,0.508367,-0.079280,-0.0145759,0.0053884,-0.3696817,-0.1022290,0.046323,0.000000,0.000000,1.436,0.524
4,8,42.2705,rolling,-0.2000,reverse,1300.000,1048,decreasing,1330.000,1594.320,1286,0,1783739409.932945728,0.287478,0.465690,0.508367,-0.079280,,,,,0.046323,0.000000,0.000000,1.436,0.524
4,8,42.2921,rolling,-0.2000,reverse,1300.000,1048,decreasing,1330.000,1594.320,1286,0,1783739409.932945728,0.287478,0.465690,0.508367,-0.079280,,,,,0.046323,0.000000,0.000000,1.436,0.524
4,8,42.3136,rolling,-0.2000,reverse,1300.000,1048,decreasing,1330.000,1594.320,1286,0,1783739409.932945728,0.287478,0.465690,0.508367,-0.079280,,,,,0.046323,0.000000,0.000000,1.436,0.524
4,8,42.3352,rolling,-0.2000,reverse,1300.000,1048,decreasing,1330.000,1594.320,1286,0,1783739409.932945728,0.287478,0.465690,0.508367,-0.079280,,,,,0.046323,0.000000,0.000000,1.418,0.541
4,8,42.3506,rolling,-0.2000,reverse,1300.000,1048,decreasing,1330.000,1594.088,1286,1,1783739410.033418655,0.276126,0.456948,0.516607,-0.094743,-0.0141798,0.0082398,-0.5810949,-0.1598776,0.060502,0.000000,0.000000,1.418,0.541
4,8,42.3655,rolling,-0.2000,reverse,1300.000,1048,decreasing,1330.000,1594.088,1286,0,1783739410.033418655,0.276126,0.456948,0.516607,-0.094743,,,,,0.060502,0.000000,0.000000,1.418,0.541
4,8,42.3871,rolling,-0.2000,reverse,1300.000,1048,decreasing,1330.000,1594.088,1286,0,1783739410.033418655,0.276126,0.456948,0.516607,-0.094743,,,,,0.060502,0.000000,0.000000,1.418,0.541
4,8,42.4087,rolling,-0.2000,reverse,1300.000,1048,decreasing,1330.000,1594.088,1286,0,1783739410.033418655,0.276126,0.456948,0.516607,-0.094743,,,,,0.060502,0.000000,0.000000,1.418,0.541
4,8,42.4303,rolling,-0.2000,reverse,1300.000,1048,decreasing,1330.000,1594.088,1286,0,1783739410.033418655,0.276126,0.456948,0.516607,-0.094743,,,,,0.060502,0.000000,0.000000,1.399,0.562
4,8,42.4507,rolling,-0.2000,reverse,1300.000,1048,decreasing,1330.000,1593.543,1285,1,1783739410.131059885,0.254709,0.447190,0.528127,-0.131045,-0.0234293,0.0115198,-0.4916847,-0.1356051,0.083932,-0.023429,0.011520,1.399,0.562
4,8,42.4685,rolling,-0.2000,reverse,1300.000,1048,decreasing,1330.000,1593.543,1285,0,1783739410.131059885,0.254709,0.447190,0.528127,-0.131045,,,,,0.083932,-0.023429,0.011520,1.399,0.562
4,8,42.4901,rolling,-0.2000,reverse,1300.000,1048,decreasing,1330.000,1593.543,1285,0,1783739410.131059885,0.254709,0.447190,0.528127,-0.131045,,,,,0.083932,-0.023429,0.011520,1.399,0.562
4,8,42.5117,rolling,-0.2000,reverse,1300.000,1048,decreasing,1330.000,1593.543,1285,0,1783739410.131059885,0.254709,0.447190,0.528127,-0.131045,,,,,0.083932,-0.023429,0.011520,1.399,0.562
4,8,42.5332,rolling,-0.2000,reverse,1300.000,1048,decreasing,1330.000,1593.543,1285,0,1783739410.131059885,0.254709,0.447190,0.528127,-0.131045,,,,,0.083932,-0.023429,0.011520,1.379,0.573
4,8,42.5485,rolling,-0.2000,reverse,1300.000,1048,decreasing,1330.000,1593.165,1285,1,1783739410.231877804,0.235411,0.433909,0.538358,-0.156236,-0.0233706,0.0102314,-0.4377918,-0.1208948,0.107302,-0.046800,0.021751,1.379,0.573
4,8,42.5661,rolling,-0.2000,reverse,1300.000,1048,decreasing,1330.000,1593.165,1285,0,1783739410.231877804,0.235411,0.433909,0.538358,-0.156236,,,,,0.107302,-0.046800,0.021751,1.379,0.573
4,8,42.5877,rolling,-0.2000,reverse,1300.000,1048,decreasing,1330.000,1593.165,1285,0,1783739410.231877804,0.235411,0.433909,0.538358,-0.156236,,,,,0.107302,-0.046800,0.021751,1.379,0.573
4,8,42.6092,rolling,-0.2000,reverse,1300.000,1048,decreasing,1330.000,1593.165,1285,0,1783739410.231877804,0.235411,0.433909,0.538358,-0.156236,,,,,0.107302,-0.046800,0.021751,1.379,0.573
4,8,42.6307,rolling,-0.2000,reverse,1300.000,1048,decreasing,1330.000,1593.165,1285,0,1783739410.231877804,0.235411,0.433909,0.538358,-0.156236,,,,,0.107302,-0.046800,0.021751,1.357,0.589
4,8,42.6497,rolling,-0.2000,reverse,1300.000,1048,decreasing,1330.000,1592.862,1285,1,1783739410.329604864,0.215959,0.421318,0.551147,-0.176426,-0.0231609,0.0127887,-0.5521683,-0.1520441,0.130463,-0.069961,0.034540,1.357,0.589
4,8,42.6633,rolling,-0.2000,reverse,1300.000,1048,decreasing,1330.000,1592.862,1285,0,1783739410.329604864,0.215959,0.421318,0.551147,-0.176426,,,,,0.130463,-0.069961,0.034540,1.357,0.589
4,8,42.6849,rolling,-0.2000,reverse,1300.000,1048,decreasing,1330.000,1592.862,1285,0,1783739410.329604864,0.215959,0.421318,0.551147,-0.176426,,,,,0.130463,-0.069961,0.034540,1.357,0.589
4,8,42.7065,rolling,-0.2000,reverse,1300.000,1048,decreasing,1330.000,1592.862,1285,0,1783739410.329604864,0.215959,0.421318,0.551147,-0.176426,,,,,0.130463,-0.069961,0.034540,1.357,0.589
4,8,42.7280,rolling,-0.2000,reverse,1300.000,1048,decreasing,1330.000,1592.862,1285,0,1783739410.329604864,0.215959,0.421318,0.551147,-0.176426,,,,,0.130463,-0.069961,0.034540,1.337,0.618
4,8,42.7499,rolling,-0.2000,reverse,1300.000,1048,decreasing,1330.000,1592.837,1285,1,1783739410.430529833,0.201415,0.409704,0.564968,-0.178114,-0.0184872,0.0138204,-0.7475659,-0.2045482,0.148950,-0.088448,0.048360,1.337,0.618
4,8,42.7633,rolling,-0.2000,reverse,1300.000,1048,decreasing,1330.000,1592.837,1285,0,1783739410.430529833,0.201415,0.409704,0.564968,-0.178114,,,,,0.148950,-0.088448,0.048360,1.337,0.618
4,8,42.7852,rolling,-0.2000,reverse,1300.000,1048,decreasing,1330.000,1592.837,1285,0,1783739410.430529833,0.201415,0.409704,0.564968,-0.178114,,,,,0.148950,-0.088448,0.048360,1.337,0.618
4,8,42.8069,rolling,-0.2000,reverse,1300.000,1048,decreasing,1330.000,1592.837,1285,0,1783739410.430529833,0.201415,0.409704,0.564968,-0.178114,,,,,0.148950,-0.088448,0.048360,1.337,0.618
4,8,42.8287,rolling,-0.2000,reverse,1300.000,1048,decreasing,1330.000,1592.837,1285,0,1783739410.430529833,0.201415,0.409704,0.564968,-0.178114,,,,,0.148950,-0.088448,0.048360,1.319,0.627
4,8,42.8498,rolling,-0.2000,reverse,1300.000,1048,decreasing,1330.000,1592.796,1285,1,1783739410.530935526,0.186315,0.398080,0.576632,-0.180861,-0.0189867,0.0116644,-0.6143436,-0.1688570,0.167937,-0.107435,0.060025,1.319,0.627
4,8,42.8673,rolling,-0.2000,reverse,1300.000,1048,decreasing,1330.000,1592.796,1285,0,1783739410.530935526,0.186315,0.398080,0.576632,-0.180861,,,,,0.167937,-0.107435,0.060025,1.319,0.627
4,8,42.8889,rolling,-0.2000,reverse,1300.000,1048,decreasing,1330.000,1592.796,1285,0,1783739410.530935526,0.186315,0.398080,0.576632,-0.180861,,,,,0.167937,-0.107435,0.060025,1.319,0.627
4,8,42.9104,rolling,-0.2000,reverse,1300.000,1048,decreasing,1330.000,1592.796,1285,0,1783739410.530935526,0.186315,0.398080,0.576632,-0.180861,,,,,0.167937,-0.107435,0.060025,1.319,0.627
4,8,42.9320,rolling,-0.2000,reverse,1300.000,1048,decreasing,1330.000,1592.796,1285,0,1783739410.530935526,0.186315,0.398080,0.576632,-0.180861,,,,,0.167937,-0.107435,0.060025,1.299,0.641
4,8,42.9484,rolling,-0.2000,reverse,1300.000,1048,decreasing,1330.000,1592.796,1285,0,1783739410.530935526,0.186315,0.398080,0.576632,-0.180861,,,,,0.167937,-0.107435,0.060025,1.299,0.641
4,8,42.9702,rolling,-0.2000,reverse,1300.000,1048,decreasing,1330.000,1592.854,1285,1,1783739410.631164789,0.171611,0.390303,0.583170,-0.176953,-0.0165610,0.0065377,-0.3947635,-0.1091118,0.184498,-0.123996,0.066562,1.299,0.641
4,8,42.9729,rolling,-0.2000,reverse,1300.000,1048,decreasing,1330.000,1592.854,1285,0,1783739410.631164789,0.171611,0.390303,0.583170,-0.176953,,,,,0.184498,-0.123996,0.066562,1.299,0.641
4,8,42.9946,rolling,-0.2000,reverse,1300.000,1048,decreasing,1330.000,1592.854,1285,0,1783739410.631164789,0.171611,0.390303,0.583170,-0.176953,,,,,0.184498,-0.123996,0.066562,1.299,0.641
4,8,43.0163,rolling,-0.2000,reverse,1300.000,1048,decreasing,1330.000,1592.854,1285,0,1783739410.631164789,0.171611,0.390303,0.583170,-0.176953,,,,,0.184498,-0.123996,0.066562,1.299,0.641
4,8,43.0379,rolling,-0.2000,reverse,1300.000,1048,decreasing,1330.000,1592.854,1285,0,1783739410.631164789,0.171611,0.390303,0.583170,-0.176953,,,,,0.184498,-0.123996,0.066562,1.282,0.660
4,8,43.0488,rolling,-0.2000,reverse,1300.000,1048,decreasing,1330.000,1592.823,1285,1,1783739410.729519606,0.155664,0.381339,0.592182,-0.179083,-0.0182420,0.0090120,-0.4940260,-0.1362429,0.202740,-0.142238,0.075574,1.282,0.660
4,8,43.0663,rolling,-0.2000,reverse,1300.000,1048,decreasing,1330.000,1592.823,1285,0,1783739410.729519606,0.155664,0.381339,0.592182,-0.179083,,,,,0.202740,-0.142238,0.075574,1.282,0.660
4,8,43.0879,rolling,-0.2000,reverse,1300.000,1048,decreasing,1330.000,1592.823,1285,0,1783739410.729519606,0.155664,0.381339,0.592182,-0.179083,,,,,0.202740,-0.142238,0.075574,1.282,0.660
4,8,43.1094,rolling,-0.2000,reverse,1300.000,1048,decreasing,1330.000,1592.823,1285,0,1783739410.729519606,0.155664,0.381339,0.592182,-0.179083,,,,,0.202740,-0.142238,0.075574,1.282,0.660
4,8,43.1309,rolling,-0.2000,reverse,1300.000,1048,decreasing,1330.000,1592.823,1285,0,1783739410.729519606,0.155664,0.381339,0.592182,-0.179083,,,,,0.202740,-0.142238,0.075574,1.268,0.678
4,8,43.1495,rolling,-0.2000,reverse,1300.000,1048,decreasing,1330.000,1592.821,1285,1,1783739410.829937220,0.140527,0.371552,0.600630,-0.179175,-0.0180203,0.0084479,-0.4687993,-0.1293653,0.220760,-0.160258,0.084022,1.268,0.678
4,8,43.1664,rolling,-0.2000,reverse,1300.000,1048,decreasing,1330.000,1592.821,1285,0,1783739410.829937220,0.140527,0.371552,0.600630,-0.179175,,,,,0.220760,-0.160258,0.084022,1.268,0.678
4,8,43.1880,rolling,-0.2000,reverse,1300.000,1048,decreasing,1330.000,1592.821,1285,0,1783739410.829937220,0.140527,0.371552,0.600630,-0.179175,,,,,0.220760,-0.160258,0.084022,1.268,0.678
4,8,43.2096,rolling,-0.2000,reverse,1300.000,1048,decreasing,1330.000,1592.821,1285,0,1783739410.829937220,0.140527,0.371552,0.600630,-0.179175,,,,,0.220760,-0.160258,0.084022,1.268,0.678
4,8,43.2311,rolling,-0.2000,reverse,1300.000,1048,decreasing,1330.000,1592.821,1285,0,1783739410.829937220,0.140527,0.371552,0.600630,-0.179175,,,,,0.220760,-0.160258,0.084022,1.250,0.694
4,8,43.2502,rolling,-0.2000,reverse,1300.000,1048,decreasing,1330.000,1592.901,1285,1,1783739410.930675268,0.127923,0.361834,0.607592,-0.173824,-0.0158933,0.0069621,-0.4380553,-0.1209668,0.236654,-0.176151,0.090985,1.250,0.694
4,8,43.2615,rolling,-0.2000,reverse,1300.000,1048,decreasing,1330.000,1592.901,1285,0,1783739410.930675268,0.127923,0.361834,0.607592,-0.173824,,,,,0.236654,-0.176151,0.090985,1.250,0.694
4,8,43.2832,rolling,-0.2000,reverse,1300.000,1048,decreasing,1330.000,1592.901,1285,0,1783739410.930675268,0.127923,0.361834,0.607592,-0.173824,,,,,0.236654,-0.176151,0.090985,1.250,0.694
4,8,43.3047,rolling,-0.2000,reverse,1300.000,1048,decreasing,1330.000,1592.901,1285,0,1783739410.930675268,0.127923,0.361834,0.607592,-0.173824,,,,,0.236654,-0.176151,0.090985,1.250,0.694
4,8,43.3263,rolling,-0.2000,reverse,1300.000,1048,decreasing,1330.000,1592.901,1285,0,1783739410.930675268,0.127923,0.361834,0.607592,-0.173824,,,,,0.236654,-0.176151,0.090985,1.250,0.694
4,8,43.3478,rolling,-0.2000,reverse,1300.000,1048,decreasing,1330.000,1592.901,1285,0,1783739410.930675268,0.127923,0.361834,0.607592,-0.173824,,,,,0.236654,-0.176151,0.090985,1.234,0.711
4,8,43.3506,rolling,-0.2000,reverse,1300.000,1048,decreasing,1330.000,1592.978,1285,1,1783739411.031170130,0.115229,0.353067,0.614887,-0.168746,-0.0154272,0.0072953,-0.4728852,-0.1304801,0.252081,-0.191579,0.098280,1.234,0.711
4,8,43.3620,rolling,-0.2000,reverse,1300.000,1048,decreasing,1330.000,1592.978,1285,0,1783739411.031170130,0.115229,0.353067,0.614887,-0.168746,,,,,0.252081,-0.191579,0.098280,1.234,0.711
4,8,43.3837,rolling,-0.2000,reverse,1300.000,1048,decreasing,1330.000,1592.978,1285,0,1783739411.031170130,0.115229,0.353067,0.614887,-0.168746,,,,,0.252081,-0.191579,0.098280,1.234,0.711
4,8,43.4052,rolling,-0.2000,reverse,1300.000,1048,decreasing,1330.000,1592.978,1285,0,1783739411.031170130,0.115229,0.353067,0.614887,-0.168746,,,,,0.252081,-0.191579,0.098280,1.234,0.711
4,8,43.4267,rolling,-0.2000,reverse,1300.000,1048,decreasing,1330.000,1592.978,1285,0,1783739411.031170130,0.115229,0.353067,0.614887,-0.168746,,,,,0.252081,-0.191579,0.098280,1.234,0.711
4,8,43.4482,rolling,-0.2000,reverse,1300.000,1048,decreasing,1330.000,1592.978,1285,0,1783739411.031170130,0.115229,0.353067,0.614887,-0.168746,,,,,0.252081,-0.191579,0.098280,1.217,0.728
4,8,43.4509,rolling,-0.2000,reverse,1300.000,1048,decreasing,1330.000,1593.091,1285,1,1783739411.131705284,0.105057,0.343340,0.624217,-0.161198,-0.0139295,0.0093297,-0.6697806,-0.1837672,0.266010,-0.205508,0.107610,1.217,0.728
4,8,43.4716,rolling,-0.2000,reverse,1300.000,1048,decreasing,1330.000,1593.091,1285,0,1783739411.131705284,0.105057,0.343340,0.624217,-0.161198,,,,,0.266010,-0.205508,0.107610,1.217,0.728
4,8,43.4932,rolling,-0.2000,reverse,1300.000,1048,decreasing,1330.000,1593.091,1285,0,1783739411.131705284,0.105057,0.343340,0.624217,-0.161198,,,,,0.266010,-0.205508,0.107610,1.217,0.728
4,8,43.5147,rolling,-0.2000,reverse,1300.000,1048,decreasing,1330.000,1593.091,1285,0,1783739411.131705284,0.105057,0.343340,0.624217,-0.161198,,,,,0.266010,-0.205508,0.107610,1.217,0.728
4,8,43.5363,rolling,-0.2000,reverse,1300.000,1048,decreasing,1330.000,1593.091,1285,0,1783739411.131705284,0.105057,0.343340,0.624217,-0.161198,,,,,0.266010,-0.205508,0.107610,1.202,0.744
4,8,43.5516,rolling,-0.2000,reverse,1300.000,1048,decreasing,1330.000,1593.011,1285,1,1783739411.232093334,0.088884,0.334446,0.632995,-0.166501,-0.0183118,0.0087780,-0.4793651,-0.1322474,0.284322,-0.223820,0.116388,1.202,0.744
4,8,43.5653,rolling,-0.2000,reverse,1300.000,1048,decreasing,1330.000,1593.011,1285,0,1783739411.232093334,0.088884,0.334446,0.632995,-0.166501,,,,,0.284322,-0.223820,0.116388,1.202,0.744
4,8,43.5869,rolling,-0.2000,reverse,1300.000,1048,decreasing,1330.000,1593.011,1285,0,1783739411.232093334,0.088884,0.334446,0.632995,-0.166501,,,,,0.284322,-0.223820,0.116388,1.202,0.744
4,8,43.6084,rolling,-0.2000,reverse,1300.000,1048,decreasing,1330.000,1593.011,1285,0,1783739411.232093334,0.088884,0.334446,0.632995,-0.166501,,,,,0.284322,-0.223820,0.116388,1.202,0.744
4,8,43.6299,rolling,-0.2000,reverse,1300.000,1048,decreasing,1330.000,1593.011,1285,0,1783739411.232093334,0.088884,0.334446,0.632995,-0.166501,,,,,0.284322,-0.223820,0.116388,1.186,0.760
4,8,43.6497,rolling,-0.2000,reverse,1300.000,1048,decreasing,1330.000,1593.005,1285,1,1783739411.332480192,0.077831,0.321014,0.642135,-0.166904,-0.0168765,0.0091402,-0.5415959,-0.1491763,0.301199,-0.240696,0.125528,1.186,0.760
4,8,43.6714,rolling,-0.2000,reverse,1300.000,1048,decreasing,1330.000,1593.005,1285,0,1783739411.332480192,0.077831,0.321014,0.642135,-0.166904,,,,,0.301199,-0.240696,0.125528,1.186,0.760
4,8,43.6930,rolling,-0.2000,reverse,1300.000,1048,decreasing,1330.000,1593.005,1285,0,1783739411.332480192,0.077831,0.321014,0.642135,-0.166904,,,,,0.301199,-0.240696,0.125528,1.186,0.760
4,8,43.7146,rolling,-0.2000,reverse,1300.000,1048,decreasing,1330.000,1593.005,1285,0,1783739411.332480192,0.077831,0.321014,0.642135,-0.166904,,,,,0.301199,-0.240696,0.125528,1.186,0.760
4,8,43.7361,rolling,-0.2000,reverse,1300.000,1048,decreasing,1330.000,1593.005,1285,0,1783739411.332480192,0.077831,0.321014,0.642135,-0.166904,,,,,0.301199,-0.240696,0.125528,1.171,0.776
4,8,43.7501,rolling,-0.2000,reverse,1300.000,1048,decreasing,1330.000,1593.005,1285,0,1783739411.332480192,0.077831,0.321014,0.642135,-0.166904,,,,,0.301199,-0.240696,0.125528,1.171,0.776
4,8,43.7719,rolling,-0.2000,reverse,1300.000,1048,decreasing,1330.000,1593.091,1285,1,1783739411.430729151,0.065895,0.313356,0.647616,-0.161164,-0.0141423,0.0054811,-0.3875650,-0.1071375,0.315341,-0.254839,0.131009,1.171,0.776
4,8,43.7794,rolling,-0.2000,reverse,1300.000,1048,decreasing,1330.000,1593.091,1285,0,1783739411.430729151,0.065895,0.313356,0.647616,-0.161164,,,,,0.315341,-0.254839,0.131009,1.171,0.776
4,8,43.8010,rolling,-0.2000,reverse,1300.000,1048,decreasing,1330.000,1593.091,1285,0,1783739411.430729151,0.065895,0.313356,0.647616,-0.161164,,,,,0.315341,-0.254839,0.131009,1.171,0.776
4,8,43.8225,rolling,-0.2000,reverse,1300.000,1048,decreasing,1330.000,1593.091,1285,0,1783739411.430729151,0.065895,0.313356,0.647616,-0.161164,,,,,0.315341,-0.254839,0.131009,1.171,0.776
4,8,43.8440,rolling,-0.2000,reverse,1300.000,1048,decreasing,1330.000,1593.091,1285,0,1783739411.430729151,0.065895,0.313356,0.647616,-0.161164,,,,,0.315341,-0.254839,0.131009,1.160,0.788
4,8,43.8506,rolling,-0.2000,reverse,1300.000,1048,decreasing,1330.000,1593.348,1285,1,1783739411.531211615,0.058109,0.308213,0.654538,-0.144037,-0.0093101,0.0069218,-0.7434669,-0.2034574,0.324651,-0.264149,0.137931,1.160,0.788
4,8,43.8654,rolling,-0.2000,reverse,1300.000,1048,decreasing,1330.000,1593.348,1285,0,1783739411.531211615,0.058109,0.308213,0.654538,-0.144037,,,,,0.324651,-0.264149,0.137931,1.160,0.788
4,8,43.8870,rolling,-0.2000,reverse,1300.000,1048,decreasing,1330.000,1593.348,1285,0,1783739411.531211615,0.058109,0.308213,0.654538,-0.144037,,,,,0.324651,-0.264149,0.137931,1.160,0.788
4,8,43.9086,rolling,-0.2000,reverse,1300.000,1048,decreasing,1330.000,1593.348,1285,0,1783739411.531211615,0.058109,0.308213,0.654538,-0.144037,,,,,0.324651,-0.264149,0.137931,1.160,0.788
4,8,43.9301,rolling,-0.2000,reverse,1300.000,1048,decreasing,1330.000,1593.348,1285,0,1783739411.531211615,0.058109,0.308213,0.654538,-0.144037,,,,,0.324651,-0.264149,0.137931,1.149,0.799
4,8,43.9516,rolling,-0.2000,reverse,1300.000,1048,decreasing,1330.000,1593.436,1285,1,1783739411.631679058,0.049678,0.299293,0.661663,-0.138202,-0.0121261,0.0071256,-0.5876234,-0.1616428,0.336777,-0.276275,0.145056,1.149,0.799
4,8,43.9707,rolling,-0.2000,reverse,1300.000,1048,decreasing,1330.000,1593.436,1285,0,1783739411.631679058,0.049678,0.299293,0.661663,-0.138202,,,,,0.336777,-0.276275,0.145056,1.149,0.799
4,8,43.9923,rolling,-0.2000,reverse,1300.000,1048,decreasing,1330.000,1593.436,1285,0,1783739411.631679058,0.049678,0.299293,0.661663,-0.138202,,,,,0.336777,-0.276275,0.145056,1.149,0.799
4,8,44.0139,rolling,-0.2000,reverse,1300.000,1048,decreasing,1330.000,1593.436,1285,0,1783739411.631679058,0.049678,0.299293,0.661663,-0.138202,,,,,0.336777,-0.276275,0.145056,1.149,0.799
4,8,44.0355,rolling,-0.2000,reverse,1300.000,1048,decreasing,1330.000,1593.436,1285,0,1783739411.631679058,0.049678,0.299293,0.661663,-0.138202,,,,,0.336777,-0.276275,0.145056,1.136,0.809
4,8,44.0519,rolling,-0.2000,reverse,1300.000,1048,decreasing,1330.000,1593.504,1285,1,1783739411.732487917,0.040226,0.291734,0.666747,-0.133663,-0.0121018,0.0050832,-0.4200317,-0.1160352,0.348879,-0.288377,0.150139,1.136,0.809
4,8,44.0690,rolling,-0.2000,reverse,1300.000,1048,decreasing,1330.000,1593.504,1285,0,1783739411.732487917,0.040226,0.291734,0.666747,-0.133663,,,,,0.348879,-0.288377,0.150139,1.136,0.809
4,8,44.0906,rolling,-0.2000,reverse,1300.000,1048,decreasing,1330.000,1593.504,1285,0,1783739411.732487917,0.040226,0.291734,0.666747,-0.133663,,,,,0.348879,-0.288377,0.150139,1.136,0.809
4,8,44.1121,rolling,-0.2000,reverse,1300.000,1048,decreasing,1330.000,1593.504,1285,0,1783739411.732487917,0.040226,0.291734,0.666747,-0.133663,,,,,0.348879,-0.288377,0.150139,1.136,0.809
4,8,44.1336,rolling,-0.2000,reverse,1300.000,1048,decreasing,1330.000,1593.504,1285,0,1783739411.732487917,0.040226,0.291734,0.666747,-0.133663,,,,,0.348879,-0.288377,0.150139,1.128,0.822
4,8,44.1524,rolling,-0.2000,reverse,1300.000,1048,decreasing,1330.000,1593.653,1285,1,1783739411.832932711,0.031843,0.287109,0.673290,-0.123749,-0.0094423,0.0065437,-0.6930131,-0.1899916,0.358321,-0.297819,0.156683,1.128,0.822
4,8,44.1640,rolling,-0.2000,reverse,1300.000,1048,decreasing,1330.000,1593.653,1285,0,1783739411.832932711,0.031843,0.287109,0.673290,-0.123749,,,,,0.358321,-0.297819,0.156683,1.128,0.822
4,8,44.1855,rolling,-0.2000,reverse,1300.000,1048,decreasing,1330.000,1593.653,1285,0,1783739411.832932711,0.031843,0.287109,0.673290,-0.123749,,,,,0.358321,-0.297819,0.156683,1.128,0.822
4,8,44.2071,rolling,-0.2000,reverse,1300.000,1048,decreasing,1330.000,1593.653,1285,0,1783739411.832932711,0.031843,0.287109,0.673290,-0.123749,,,,,0.358321,-0.297819,0.156683,1.128,0.822
4,8,44.2286,rolling,-0.2000,reverse,1300.000,1048,decreasing,1330.000,1593.653,1285,0,1783739411.832932711,0.031843,0.287109,0.673290,-0.123749,,,,,0.358321,-0.297819,0.156683,1.117,0.831
4,8,44.2505,rolling,-0.2000,reverse,1300.000,1048,decreasing,1330.000,1593.852,1285,1,1783739411.933402300,0.026690,0.282201,0.677182,-0.110455,-0.0070906,0.0038923,-0.5489341,-0.1511671,0.365412,-0.297819,0.156683,1.117,0.831
4,8,44.2691,rolling,-0.2000,reverse,1300.000,1048,decreasing,1330.000,1593.852,1285,0,1783739411.933402300,0.026690,0.282201,0.677182,-0.110455,,,,,0.365412,-0.297819,0.156683,1.117,0.831
4,8,44.2907,rolling,-0.2000,reverse,1300.000,1048,decreasing,1330.000,1593.852,1285,0,1783739411.933402300,0.026690,0.282201,0.677182,-0.110455,,,,,0.365412,-0.297819,0.156683,1.117,0.831
4,8,44.3122,rolling,-0.2000,reverse,1300.000,1048,decreasing,1330.000,1593.852,1285,0,1783739411.933402300,0.026690,0.282201,0.677182,-0.110455,,,,,0.365412,-0.297819,0.156683,1.117,0.831
4,8,44.3337,rolling,-0.2000,reverse,1300.000,1048,decreasing,1330.000,1593.852,1285,0,1783739411.933402300,0.026690,0.282201,0.677182,-0.110455,,,,,0.365412,-0.297819,0.156683,1.109,0.840
4,8,44.3509,rolling,-0.2000,reverse,1300.000,1048,decreasing,1330.000,1593.971,1285,1,1783739412.031552315,0.020940,0.277041,0.681092,-0.102494,-0.0077158,0.0039091,-0.5066373,-0.1396764,0.373128,-0.297819,0.156683,1.109,0.840
4,8,44.3671,rolling,-0.2000,reverse,1300.000,1048,decreasing,1330.000,1593.971,1285,0,1783739412.031552315,0.020940,0.277041,0.681092,-0.102494,,,,,0.373128,-0.297819,0.156683,1.109,0.840
4,8,44.3887,rolling,-0.2000,reverse,1300.000,1048,decreasing,1330.000,1593.971,1285,0,1783739412.031552315,0.020940,0.277041,0.681092,-0.102494,,,,,0.373128,-0.297819,0.156683,1.109,0.840
4,8,44.4102,rolling,-0.2000,reverse,1300.000,1048,decreasing,1330.000,1593.971,1285,0,1783739412.031552315,0.020940,0.277041,0.681092,-0.102494,,,,,0.373128,-0.297819,0.156683,1.109,0.840
4,8,44.4317,rolling,-0.2000,reverse,1300.000,1048,decreasing,1330.000,1593.971,1285,0,1783739412.031552315,0.020940,0.277041,0.681092,-0.102494,,,,,0.373128,-0.297819,0.156683,1.110,0.844
4,8,44.4487,rolling,-0.2000,reverse,1300.000,1048,decreasing,1330.000,1594.293,1286,1,1783739412.132053852,0.020410,0.275046,0.682797,-0.081020,-0.0016681,0.0017053,-1.0223269,-0.2764324,0.374796,-0.297819,0.156683,1.110,0.844
4,8,44.4634,rolling,-0.2000,reverse,1300.000,1048,decreasing,1330.000,1594.293,1286,0,1783739412.132053852,0.020410,0.275046,0.682797,-0.081020,,,,,0.374796,-0.297819,0.156683,1.110,0.844
4,8,44.4850,rolling,-0.2000,reverse,1300.000,1048,decreasing,1330.000,1594.293,1286,0,1783739412.132053852,0.020410,0.275046,0.682797,-0.081020,,,,,0.374796,-0.297819,0.156683,1.110,0.844
4,8,44.5065,rolling,-0.2000,reverse,1300.000,1048,decreasing,1330.000,1594.293,1286,0,1783739412.132053852,0.020410,0.275046,0.682797,-0.081020,,,,,0.374796,-0.297819,0.156683,1.110,0.844
4,8,44.5280,rolling,-0.2000,reverse,1300.000,1048,decreasing,1330.000,1594.293,1286,0,1783739412.132053852,0.020410,0.275046,0.682797,-0.081020,,,,,0.374796,-0.297819,0.156683,1.110,0.844
4,8,44.5493,rolling,-0.2000,reverse,1300.000,1048,decreasing,1330.000,1594.609,1286,1,1783739412.229827881,0.019816,0.276252,0.682141,-0.060000,0.0002992,-0.0006554,-2.1909162,-0.5462660,0.375095,-0.297819,0.156683,1.110,0.844
4,8,44.5662,rolling,-0.2000,reverse,1300.000,1048,decreasing,1330.000,1594.609,1286,0,1783739412.229827881,0.019816,0.276252,0.682141,-0.060000,,,,,0.375095,-0.297819,0.156683,1.110,0.844
4,8,44.5881,rolling,-0.2000,reverse,1300.000,1048,decreasing,1330.000,1594.609,1286,0,1783739412.229827881,0.019816,0.276252,0.682141,-0.060000,,,,,0.375095,-0.297819,0.156683,1.110,0.844
4,8,44.6099,rolling,-0.2000,reverse,1300.000,1048,decreasing,1330.000,1594.609,1286,0,1783739412.229827881,0.019816,0.276252,0.682141,-0.060000,,,,,0.375095,-0.297819,0.156683,1.110,0.844
4,8,44.6314,rolling,-0.2000,reverse,1300.000,1048,decreasing,1330.000,1594.609,1286,0,1783739412.229827881,0.019816,0.276252,0.682141,-0.060000,,,,,0.375095,-0.297819,0.156683,1.109,0.845
4,8,44.6470,rolling,-0.2000,reverse,1300.000,1048,decreasing,1330.000,1594.802,1286,1,1783739412.330387354,0.019810,0.274915,0.683031,-0.047108,-0.0008480,0.0008894,-1.0488278,-0.2832254,0.375943,-0.297819,0.156683,1.109,0.845
4,8,44.6598,rolling,-0.2000,reverse,1300.000,1048,decreasing,1330.000,1594.802,1286,0,1783739412.330387354,0.019810,0.274915,0.683031,-0.047108,,,,,0.375943,-0.297819,0.156683,1.109,0.845
4,8,44.6814,rolling,-0.2000,reverse,1300.000,1048,decreasing,1330.000,1594.802,1286,0,1783739412.330387354,0.019810,0.274915,0.683031,-0.047108,,,,,0.375943,-0.297819,0.156683,1.109,0.845
4,8,44.7029,rolling,-0.2000,reverse,1300.000,1048,decreasing,1330.000,1594.802,1286,0,1783739412.330387354,0.019810,0.274915,0.683031,-0.047108,,,,,0.375943,-0.297819,0.156683,1.109,0.845
4,8,44.7244,rolling,-0.2000,reverse,1300.000,1048,decreasing,1330.000,1594.802,1286,0,1783739412.330387354,0.019810,0.274915,0.683031,-0.047108,,,,,0.375943,-0.297819,0.156683,1.109,0.845
4,8,44.7460,rolling,-0.2000,reverse,1300.000,1048,decreasing,1330.000,1594.802,1286,0,1783739412.330387354,0.019810,0.274915,0.683031,-0.047108,,,,,0.375943,-0.297819,0.156683,1.109,0.844
4,8,44.7485,rolling,-0.2000,reverse,1300.000,1048,decreasing,1330.000,1594.990,1286,1,1783739412.428131580,0.019752,0.275458,0.683175,-0.034569,0.0002982,0.0001442,0.4835580,0.1333905,0.376241,-0.297819,0.156683,1.109,0.844
4,8,44.7618,rolling,-0.2000,reverse,1300.000,1048,decreasing,1330.000,1594.990,1286,0,1783739412.428131580,0.019752,0.275458,0.683175,-0.034569,,,,,0.376241,-0.297819,0.156683,1.109,0.844
4,8,44.7834,rolling,-0.2000,reverse,1300.000,1048,decreasing,1330.000,1594.990,1286,0,1783739412.428131580,0.019752,0.275458,0.683175,-0.034569,,,,,0.376241,-0.297819,0.156683,1.109,0.844
4,8,44.8050,rolling,-0.2000,reverse,1300.000,1048,decreasing,1330.000,1594.990,1286,0,1783739412.428131580,0.019752,0.275458,0.683175,-0.034569,,,,,0.376241,-0.297819,0.156683,1.109,0.844
4,8,44.8265,rolling,-0.2000,reverse,1300.000,1048,decreasing,1330.000,1594.990,1286,0,1783739412.428131580,0.019752,0.275458,0.683175,-0.034569,,,,,0.376241,-0.297819,0.156683,1.109,0.844
4,8,44.8459,rolling,-0.2000,reverse,1300.000,1048,decreasing,1330.000,1595.115,1286,1,1783739412.529004812,0.018380,0.276922,0.682507,-0.026276,-0.0001409,-0.0006685,4.7437622,0.9211471,0.376382,-0.297819,0.156683,1.109,0.844
4,8,44.8598,rolling,-0.2000,reverse,1300.000,1048,decreasing,1330.000,1595.115,1286,0,1783739412.529004812,0.018380,0.276922,0.682507,-0.026276,,,,,0.376382,-0.297819,0.156683,1.109,0.844
4,8,44.8815,rolling,-0.2000,reverse,1300.000,1048,decreasing,1330.000,1595.115,1286,0,1783739412.529004812,0.018380,0.276922,0.682507,-0.026276,,,,,0.376382,-0.297819,0.156683,1.109,0.844
4,8,44.9033,rolling,-0.2000,reverse,1300.000,1048,decreasing,1330.000,1595.115,1286,0,1783739412.529004812,0.018380,0.276922,0.682507,-0.026276,,,,,0.376382,-0.297819,0.156683,1.109,0.844
4,8,44.9249,rolling,-0.2000,reverse,1300.000,1048,decreasing,1330.000,1595.115,1286,0,1783739412.529004812,0.018380,0.276922,0.682507,-0.026276,,,,,0.376382,-0.297819,0.156683,1.107,0.844
4,8,44.9466,rolling,-0.2000,reverse,1300.000,1048,decreasing,1330.000,1595.244,1286,1,1783739412.626858950,0.020993,0.275001,0.682271,-0.017621,0.0008165,-0.0002350,-0.2878395,-0.0797062,0.377199,-0.297819,0.156683,1.107,0.844
4,8,44.9630,rolling,-0.2000,reverse,1300.000,1048,decreasing,1330.000,1595.244,1286,0,1783739412.626858950,0.020993,0.275001,0.682271,-0.017621,,,,,0.377199,-0.297819,0.156683,1.107,0.844
4,8,44.9846,rolling,-0.2000,reverse,1300.000,1048,decreasing,1330.000,1595.244,1286,0,1783739412.626858950,0.020993,0.275001,0.682271,-0.017621,,,,,0.377199,-0.297819,0.156683,1.107,0.844
4,8,45.0062,rolling,-0.2000,reverse,1300.000,1048,decreasing,1330.000,1595.244,1286,0,1783739412.626858950,0.020993,0.275001,0.682271,-0.017621,,,,,0.377199,-0.297819,0.156683,1.107,0.844
4,8,45.0278,rolling,-0.2000,reverse,1300.000,1048,decreasing,1330.000,1595.244,1286,0,1783739412.626858950,0.020993,0.275001,0.682271,-0.017621,,,,,0.377199,-0.297819,0.156683,1.109,0.845
4,8,45.0470,rolling,-0.2000,reverse,1300.000,1048,decreasing,1330.000,1595.320,1287,1,1783739412.727618217,0.020318,0.276237,0.681362,-0.012582,0.0002552,-0.0009094,-3.5631662,-0.7797559,0.377454,-0.297819,0.156683,1.109,0.845
4,8,45.0658,rolling,-0.2000,reverse,1300.000,1048,decreasing,1330.000,1595.320,1287,0,1783739412.727618217,0.020318,0.276237,0.681362,-0.012582,,,,,0.377454,-0.297819,0.156683,1.109,0.845
4,8,45.0874,rolling,-0.2000,reverse,1300.000,1048,decreasing,1330.000,1595.320,1287,0,1783739412.727618217,0.020318,0.276237,0.681362,-0.012582,,,,,0.377454,-0.297819,0.156683,1.109,0.845
4,8,45.1089,rolling,-0.2000,reverse,1300.000,1048,decreasing,1330.000,1595.320,1287,0,1783739412.727618217,0.020318,0.276237,0.681362,-0.012582,,,,,0.377454,-0.297819,0.156683,1.109,0.845
4,8,45.1305,rolling,-0.2000,reverse,1300.000,1048,decreasing,1330.000,1595.320,1287,0,1783739412.727618217,0.020318,0.276237,0.681362,-0.012582,,,,,0.377454,-0.297819,0.156683,1.107,0.845
4,8,45.1448,rolling,-0.2000,reverse,1300.000,1048,decreasing,1330.000,1595.316,1287,1,1783739412.828097105,0.019662,0.274860,0.682671,-0.012864,-0.0013774,0.0013085,-0.9499561,-0.2577491,0.378831,-0.297819,0.156683,1.107,0.845
4,8,45.1596,rolling,-0.2000,reverse,1300.000,1048,decreasing,1330.000,1595.316,1287,0,1783739412.828097105,0.019662,0.274860,0.682671,-0.012864,,,,,0.378831,-0.297819,0.156683,1.107,0.845
4,8,45.1814,rolling,-0.2000,reverse,1300.000,1048,decreasing,1330.000,1595.316,1287,0,1783739412.828097105,0.019662,0.274860,0.682671,-0.012864,,,,,0.378831,-0.297819,0.156683,1.107,0.845
4,8,45.2030,rolling,-0.2000,reverse,1300.000,1048,decreasing,1330.000,1595.316,1287,0,1783739412.828097105,0.019662,0.274860,0.682671,-0.012864,,,,,0.378831,-0.297819,0.156683,1.107,0.845
4,8,45.2245,rolling,-0.2000,reverse,1300.000,1048,decreasing,1330.000,1595.316,1287,0,1783739412.828097105,0.019662,0.274860,0.682671,-0.012864,,,,,0.378831,-0.297819,0.156683,1.109,0.844
4,8,45.2457,rolling,-0.2000,reverse,1300.000,1048,decreasing,1330.000,1598.416,1289,1,1783739412.925950766,0.021866,0.275348,0.682773,-0.004494,0.0020171,0.0001022,0.0506775,0.0140621,0.380848,-0.297819,0.156683,1.109,0.844
4,8,45.2636,rolling,-0.2000,reverse,1300.000,1048,decreasing,1330.000,1598.416,1289,0,1783739412.925950766,0.021866,0.275348,0.682773,-0.004494,,,,,0.380848,-0.297819,0.156683,1.109,0.844
4,8,45.2852,rolling,-0.2000,reverse,1300.000,1048,decreasing,1330.000,1598.416,1289,0,1783739412.925950766,0.021866,0.275348,0.682773,-0.004494,,,,,0.380848,-0.297819,0.156683,1.109,0.844
4,8,45.3068,rolling,-0.2000,reverse,1300.000,1048,decreasing,1330.000,1598.416,1289,0,1783739412.925950766,0.021866,0.275348,0.682773,-0.004494,,,,,0.380848,-0.297819,0.156683,1.109,0.844
4,8,45.3284,rolling,-0.2000,reverse,1300.000,1048,decreasing,1330.000,1598.416,1289,0,1783739412.925950766,0.021866,0.275348,0.682773,-0.004494,,,,,0.380848,-0.297819,0.156683,1.108,0.845
4,8,45.3460,rolling,-0.2000,reverse,1300.000,1048,decreasing,1330.000,1601.516,1292,1,1783739413.026743889,0.020281,0.275447,0.682492,-0.006265,-0.0011669,-0.0002806,0.2404965,0.0666390,0.382015,-0.297819,0.156683,1.108,0.845
4,8,45.3632,rolling,-0.2000,reverse,1300.000,1048,decreasing,1330.000,1601.516,1292,0,1783739413.026743889,0.020281,0.275447,0.682492,-0.006265,,,,,0.382015,-0.297819,0.156683,1.108,0.845
4,8,45.3848,rolling,-0.2000,reverse,1300.000,1048,decreasing,1330.000,1601.516,1292,0,1783739413.026743889,0.020281,0.275447,0.682492,-0.006265,,,,,0.382015,-0.297819,0.156683,1.108,0.845
4,8,45.4063,rolling,-0.2000,reverse,1300.000,1048,decreasing,1330.000,1601.516,1292,0,1783739413.026743889,0.020281,0.275447,0.682492,-0.006265,,,,,0.382015,-0.297819,0.156683,1.108,0.845
4,8,45.4278,rolling,-0.2000,reverse,1300.000,1048,decreasing,1330.000,1601.516,1292,0,1783739413.026743889,0.020281,0.275447,0.682492,-0.006265,,,,,0.382015,-0.297819,0.156683,1.107,0.845
4,8,45.4465,rolling,-0.2000,reverse,1300.000,1048,decreasing,1330.000,1604.616,1294,1,1783739413.127205849,0.020942,0.275233,0.682644,-0.003758,0.0003779,0.0001518,0.4015814,0.1109809,0.382393,-0.297819,0.156683,1.107,0.845
4,8,45.4580,rolling,-0.2000,reverse,1300.000,1048,decreasing,1330.000,1604.616,1294,0,1783739413.127205849,0.020942,0.275233,0.682644,-0.003758,,,,,0.382393,-0.297819,0.156683,1.107,0.845
4,8,45.4796,rolling,-0.2000,reverse,1300.000,1048,decreasing,1330.000,1604.616,1294,0,1783739413.127205849,0.020942,0.275233,0.682644,-0.003758,,,,,0.382393,-0.297819,0.156683,1.107,0.845
4,8,45.5011,rolling,-0.2000,reverse,1300.000,1048,decreasing,1330.000,1604.616,1294,0,1783739413.127205849,0.020942,0.275233,0.682644,-0.003758,,,,,0.382393,-0.297819,0.156683,1.107,0.845
4,8,45.5227,rolling,-0.2000,reverse,1300.000,1048,decreasing,1330.000,1604.616,1294,0,1783739413.127205849,0.020942,0.275233,0.682644,-0.003758,,,,,0.382393,-0.297819,0.156683,1.107,0.845
4,8,45.5442,rolling,-0.2000,reverse,1300.000,1048,decreasing,1330.000,1604.616,1294,0,1783739413.127205849,0.020942,0.275233,0.682644,-0.003758,,,,,0.382393,-0.297819,0.156683,1.107,0.844
4,8,45.5470,rolling,-0.2000,reverse,1300.000,1048,decreasing,1330.000,1607.716,1297,1,1783739413.227656841,0.020177,0.275034,0.682743,-0.004609,-0.0007193,0.0000993,-0.1380216,-0.0382823,0.383112,-0.297819,0.156683,1.107,0.844
4,8,45.5588,rolling,-0.2000,reverse,1300.000,1048,decreasing,1330.000,1607.716,1297,0,1783739413.227656841,0.020177,0.275034,0.682743,-0.004609,,,,,0.383112,-0.297819,0.156683,1.107,0.844
4,8,45.5805,rolling,-0.2000,reverse,1300.000,1048,decreasing,1330.000,1607.716,1297,0,1783739413.227656841,0.020177,0.275034,0.682743,-0.004609,,,,,0.383112,-0.297819,0.156683,1.107,0.844
4,8,45.6023,rolling,-0.2000,reverse,1300.000,1048,decreasing,1330.000,1607.716,1297,0,1783739413.227656841,0.020177,0.275034,0.682743,-0.004609,,,,,0.383112,-0.297819,0.156683,1.107,0.844
4,8,45.6240,rolling,-0.2000,reverse,1300.000,1048,decreasing,1330.000,1607.716,1297,0,1783739413.227656841,0.020177,0.275034,0.682743,-0.004609,,,,,0.383112,-0.297819,0.156683,1.109,0.845
4,8,45.6455,rolling,-0.2000,reverse,1300.000,1048,decreasing,1330.000,1610.816,1299,1,1783739413.328176737,0.019988,0.275428,0.682034,-0.003204,0.0001017,-0.0007092,-6.9734371,-1.0938296,0.383214,-0.297819,0.156683,1.109,0.845
4,8,45.6552,rolling,-0.2000,reverse,1300.000,1048,decreasing,1330.000,1610.816,1299,0,1783739413.328176737,0.019988,0.275428,0.682034,-0.003204,,,,,0.383214,-0.297819,0.156683,1.109,0.845
4,8,45.6769,rolling,-0.2000,reverse,1300.000,1048,decreasing,1330.000,1610.816,1299,0,1783739413.328176737,0.019988,0.275428,0.682034,-0.003204,,,,,0.383214,-0.297819,0.156683,1.109,0.845
4,8,45.6986,rolling,-0.2000,reverse,1300.000,1048,decreasing,1330.000,1610.816,1299,0,1783739413.328176737,0.019988,0.275428,0.682034,-0.003204,,,,,0.383214,-0.297819,0.156683,1.109,0.845
4,8,45.7203,rolling,-0.2000,reverse,1300.000,1048,decreasing,1330.000,1610.816,1299,0,1783739413.328176737,0.019988,0.275428,0.682034,-0.003204,,,,,0.383214,-0.297819,0.156683,1.109,0.845
4,8,45.7419,rolling,-0.2000,reverse,1300.000,1048,decreasing,1330.000,1610.816,1299,0,1783739413.328176737,0.019988,0.275428,0.682034,-0.003204,,,,,0.383214,-0.297819,0.156683,1.106,0.845
4,8,45.7457,rolling,-0.2000,reverse,1300.000,1048,decreasing,1330.000,1613.916,1302,1,1783739413.426425695,0.017655,0.276236,0.681819,-0.005715,-0.0013015,-0.0002146,0.1648927,0.0457258,0.384516,-0.297819,0.156683,1.106,0.845
4,8,45.7601,rolling,-0.2000,reverse,1300.000,1048,decreasing,1330.000,1613.916,1302,0,1783739413.426425695,0.017655,0.276236,0.681819,-0.005715,,,,,0.384516,-0.297819,0.156683,1.106,0.845
4,8,45.7818,rolling,-0.2000,reverse,1300.000,1048,decreasing,1330.000,1613.916,1302,0,1783739413.426425695,0.017655,0.276236,0.681819,-0.005715,,,,,0.384516,-0.297819,0.156683,1.106,0.845
4,8,45.8033,rolling,-0.2000,reverse,1300.000,1048,decreasing,1330.000,1613.916,1302,0,1783739413.426425695,0.017655,0.276236,0.681819,-0.005715,,,,,0.384516,-0.297819,0.156683,1.106,0.845
4,8,45.8249,rolling,-0.2000,reverse,1300.000,1048,decreasing,1330.000,1613.916,1302,0,1783739413.426425695,0.017655,0.276236,0.681819,-0.005715,,,,,0.384516,-0.297819,0.156683,1.107,0.846
4,8,45.8463,rolling,-0.2000,reverse,1300.000,1048,decreasing,1330.000,1617.016,1304,1,1783739413.526722193,0.019354,0.275002,0.682161,-0.002938,0.0005409,0.0003421,0.6324016,0.1737225,0.385057,-0.297819,0.156683,1.107,0.846
4,8,45.8646,rolling,-0.2000,reverse,1300.000,1048,decreasing,1330.000,1617.016,1304,0,1783739413.526722193,0.019354,0.275002,0.682161,-0.002938,,,,,0.385057,-0.297819,0.156683,1.107,0.846
4,8,45.8862,rolling,-0.2000,reverse,1300.000,1048,decreasing,1330.000,1617.016,1304,0,1783739413.526722193,0.019354,0.275002,0.682161,-0.002938,,,,,0.385057,-0.297819,0.156683,1.107,0.846
4,8,45.9078,rolling,-0.2000,reverse,1300.000,1048,decreasing,1330.000,1617.016,1304,0,1783739413.526722193,0.019354,0.275002,0.682161,-0.002938,,,,,0.385057,-0.297819,0.156683,1.107,0.846
4,8,45.9293,rolling,-0.2000,reverse,1300.000,1048,decreasing,1330.000,1617.016,1304,0,1783739413.526722193,0.019354,0.275002,0.682161,-0.002938,,,,,0.385057,-0.297819,0.156683,1.105,0.846
4,8,45.9467,rolling,-0.2000,reverse,1300.000,1048,decreasing,1330.000,1620.000,1306,1,1783739413.627384901,0.017367,0.275105,0.683279,-0.005871,-0.0014767,0.0011180,-0.7570664,-0.2070745,0.386533,-0.297819,0.156683,1.105,0.846
4,8,45.9631,rolling,-0.2000,reverse,1300.000,1048,decreasing,1330.000,1620.000,1306,0,1783739413.627384901,0.017367,0.275105,0.683279,-0.005871,,,,,0.386533,-0.297819,0.156683,1.105,0.846
4,8,45.9847,rolling,-0.2000,reverse,1300.000,1048,decreasing,1330.000,1620.000,1306,0,1783739413.627384901,0.017367,0.275105,0.683279,-0.005871,,,,,0.386533,-0.297819,0.156683,1.105,0.846
4,8,46.0063,rolling,-0.2000,reverse,1300.000,1048,decreasing,1330.000,1620.000,1306,0,1783739413.627384901,0.017367,0.275105,0.683279,-0.005871,,,,,0.386533,-0.297819,0.156683,1.105,0.846
4,8,46.0279,rolling,-0.2000,reverse,1300.000,1048,decreasing,1330.000,1620.000,1306,0,1783739413.627384901,0.017367,0.275105,0.683279,-0.005871,,,,,0.386533,-0.297819,0.156683,1.107,0.845
4,8,46.0472,rolling,-0.2000,reverse,1300.000,1048,decreasing,1330.000,1620.000,1306,1,1783739413.727810621,0.018397,0.274693,0.683011,-0.003063,0.0005383,-0.0002682,-0.4982518,-0.1373938,0.387072,-0.297819,0.156683,1.107,0.845
4,8,46.0570,rolling,-0.2000,reverse,1300.000,1048,decreasing,1330.000,1620.000,1306,0,1783739413.727810621,0.018397,0.274693,0.683011,-0.003063,,,,,0.387072,-0.297819,0.156683,1.107,0.845
4,8,46.0787,rolling,-0.2000,reverse,1300.000,1048,decreasing,1330.000,1620.000,1306,0,1783739413.727810621,0.018397,0.274693,0.683011,-0.003063,,,,,0.387072,-0.297819,0.156683,1.107,0.845
4,8,46.1002,rolling,-0.2000,reverse,1300.000,1048,decreasing,1330.000,1620.000,1306,0,1783739413.727810621,0.018397,0.274693,0.683011,-0.003063,,,,,0.387072,-0.297819,0.156683,1.107,0.845
4,8,46.1217,rolling,-0.2000,reverse,1300.000,1048,decreasing,1330.000,1620.000,1306,0,1783739413.727810621,0.018397,0.274693,0.683011,-0.003063,,,,,0.387072,-0.297819,0.156683,1.107,0.845
4,8,46.1432,rolling,-0.2000,reverse,1300.000,1048,decreasing,1330.000,1620.000,1306,0,1783739413.727810621,0.018397,0.274693,0.683011,-0.003063,,,,,0.387072,-0.297819,0.156683,1.107,0.846
4,8,46.1458,rolling,-0.2000,reverse,1300.000,1048,decreasing,1330.000,1620.000,1306,1,1783739413.828372240,0.019870,0.273793,0.683600,-0.000869,0.0005745,0.0005885,1.0242827,0.2769347,0.387646,-0.297819,0.156683,1.107,0.846
4,8,46.1598,rolling,-0.2000,reverse,1300.000,1048,decreasing,1330.000,1620.000,1306,0,1783739413.828372240,0.019870,0.273793,0.683600,-0.000869,,,,,0.387646,-0.297819,0.156683,1.107,0.846
4,8,46.1815,rolling,-0.2000,reverse,1300.000,1048,decreasing,1330.000,1620.000,1306,0,1783739413.828372240,0.019870,0.273793,0.683600,-0.000869,,,,,0.387646,-0.297819,0.156683,1.107,0.846
4,8,46.2030,rolling,-0.2000,reverse,1300.000,1048,decreasing,1330.000,1620.000,1306,0,1783739413.828372240,0.019870,0.273793,0.683600,-0.000869,,,,,0.387646,-0.297819,0.156683,1.107,0.846
4,8,46.2245,rolling,-0.2000,reverse,1300.000,1048,decreasing,1330.000,1620.000,1306,0,1783739413.828372240,0.019870,0.273793,0.683600,-0.000869,,,,,0.387646,-0.297819,0.156683,1.108,0.846
4,8,46.2457,rolling,-0.2000,reverse,1300.000,1048,decreasing,1330.000,1620.000,1306,1,1783739413.926259518,0.020739,0.273473,0.683715,0.000554,0.0004720,0.0001150,0.2437494,0.0675376,0.388118,-0.297819,0.156683,1.108,0.846
4,8,46.2527,rolling,-0.2000,reverse,1300.000,1048,decreasing,1330.000,1620.000,1306,0,1783739413.926259518,0.020739,0.273473,0.683715,0.000554,,,,,0.388118,-0.297819,0.156683,1.108,0.846
4,8,46.2744,rolling,-0.2000,reverse,1300.000,1048,decreasing,1330.000,1620.000,1306,0,1783739413.926259518,0.020739,0.273473,0.683715,0.000554,,,,,0.388118,-0.297819,0.156683,1.108,0.846
4,8,46.2961,rolling,-0.2000,reverse,1300.000,1048,decreasing,1330.000,1620.000,1306,0,1783739413.926259518,0.020739,0.273473,0.683715,0.000554,,,,,0.388118,-0.297819,0.156683,1.108,0.846
4,8,46.3176,rolling,-0.2000,reverse,1300.000,1048,decreasing,1330.000,1620.000,1306,0,1783739413.926259518,0.020739,0.273473,0.683715,0.000554,,,,,0.388118,-0.297819,0.156683,1.108,0.846
4,8,46.3392,rolling,-0.2000,reverse,1300.000,1048,decreasing,1330.000,1620.000,1306,0,1783739413.926259518,0.020739,0.273473,0.683715,0.000554,,,,,0.388118,-0.297819,0.156683,1.100,0.846
4,8,46.3461,rolling,-0.2000,reverse,1300.000,1048,decreasing,1330.000,1620.000,1306,1,1783739414.026647329,0.012744,0.273019,0.683689,-0.015736,-0.0064856,-0.0000260,0.0040017,0.0011105,0.394604,-0.297819,0.156683,1.100,0.846
4,8,46.3610,rolling,-0.2000,reverse,1300.000,1048,decreasing,1330.000,1620.000,1306,0,1783739414.026647329,0.012744,0.273019,0.683689,-0.015736,,,,,0.394604,-0.297819,0.156683,1.100,0.846
4,8,46.3827,rolling,-0.2000,reverse,1300.000,1048,decreasing,1330.000,1620.000,1306,0,1783739414.026647329,0.012744,0.273019,0.683689,-0.015736,,,,,0.394604,-0.297819,0.156683,1.100,0.846
4,8,46.4042,rolling,-0.2000,reverse,1300.000,1048,decreasing,1330.000,1620.000,1306,0,1783739414.026647329,0.012744,0.273019,0.683689,-0.015736,,,,,0.394604,-0.297819,0.156683,1.100,0.846
4,8,46.4257,rolling,-0.2000,reverse,1300.000,1048,decreasing,1330.000,1620.000,1306,0,1783739414.026647329,0.012744,0.273019,0.683689,-0.015736,,,,,0.394604,-0.297819,0.156683,1.087,0.858
4,8,46.4466,rolling,-0.2000,reverse,1300.000,1048,decreasing,1330.000,1620.000,1306,0,1783739414.026647329,0.012744,0.273019,0.683689,-0.015736,,,,,0.394604,-0.297819,0.156683,1.087,0.858
4,8,46.4686,rolling,-0.2000,reverse,1300.000,1048,decreasing,1330.000,1592.509,1284,1,1783739414.127187252,-0.001226,0.262328,0.693072,-0.055517,-0.0175803,0.0093835,-0.5337467,-0.1470456,0.412184,-0.297819,0.156683,1.087,0.858
4,8,46.4711,rolling,-0.2000,reverse,1300.000,1048,decreasing,1330.000,1592.509,1284,0,1783739414.127187252,-0.001226,0.262328,0.693072,-0.055517,,,,,0.412184,-0.297819,0.156683,1.087,0.858
4,8,46.4927,rolling,-0.2000,reverse,1300.000,1048,decreasing,1330.000,1592.509,1284,0,1783739414.127187252,-0.001226,0.262328,0.693072,-0.055517,,,,,0.412184,-0.297819,0.156683,1.087,0.858
4,8,46.5143,rolling,-0.2000,reverse,1300.000,1048,decreasing,1330.000,1592.509,1284,0,1783739414.127187252,-0.001226,0.262328,0.693072,-0.055517,,,,,0.412184,-0.297819,0.156683,1.087,0.858
4,8,46.5358,rolling,-0.2000,reverse,1300.000,1048,decreasing,1330.000,1592.509,1284,0,1783739414.127187252,-0.001226,0.262328,0.693072,-0.055517,,,,,0.412184,-0.297819,0.156683,1.056,0.879
4,8,46.5471,rolling,-0.2000,reverse,1300.000,1048,decreasing,1330.000,1592.509,1284,0,1783739414.127187252,-0.001226,0.262328,0.693072,-0.055517,,,,,0.412184,-0.297819,0.156683,1.056,0.879
4,8,46.5689,rolling,-0.2000,reverse,1300.000,1048,decreasing,1330.000,1593.737,1285,1,1783739414.227653980,-0.021062,0.238164,0.710301,-0.118149,-0.0307475,0.0172289,-0.5603330,-0.1542571,0.442932,-0.297819,0.156683,1.056,0.879
4,8,46.5740,rolling,-0.2000,reverse,1300.000,1048,decreasing,1330.000,1593.737,1285,0,1783739414.227653980,-0.021062,0.238164,0.710301,-0.118149,,,,,0.442932,-0.297819,0.156683,1.056,0.879
4,8,46.5956,rolling,-0.2000,reverse,1300.000,1048,decreasing,1330.000,1593.737,1285,0,1783739414.227653980,-0.021062,0.238164,0.710301,-0.118149,,,,,0.442932,-0.297819,0.156683,1.056,0.879
4,8,46.6171,rolling,-0.2000,reverse,1300.000,1048,decreasing,1330.000,1593.737,1285,0,1783739414.227653980,-0.021062,0.238164,0.710301,-0.118149,,,,,0.442932,-0.297819,0.156683,1.056,0.879
4,8,46.6386,rolling,-0.2000,reverse,1300.000,1048,decreasing,1330.000,1593.737,1285,0,1783739414.227653980,-0.021062,0.238164,0.710301,-0.118149,,,,,0.442932,-0.297819,0.156683,1.023,0.911
4,8,46.6454,rolling,-0.2000,reverse,1300.000,1048,decreasing,1330.000,1593.044,1285,1,1783739414.328170538,-0.044513,0.218739,0.727241,-0.164321,-0.0304401,0.0169397,-0.5564914,-0.1532161,0.473372,-0.328259,0.173623,1.023,0.911
5,9,48.8174,startup,0.2000,forward,1600.000,1290,increasing,1570.000,1423.384,1148,0,1783739416.426857710,-0.066251,0.196288,0.755971,0.002759,,,,,0.000000,0.000000,0.000000,0.984,0.965
5,9,48.8391,startup,0.2000,forward,1600.000,1290,increasing,1570.000,1423.384,1148,0,1783739416.426857710,-0.066251,0.196288,0.755971,0.002759,,,,,0.000000,0.000000,0.000000,0.983,0.965
5,9,48.8468,startup,0.2000,forward,1600.000,1290,increasing,1570.000,1422.144,1147,1,1783739416.527369738,-0.066863,0.197652,0.755900,0.003287,0.0004898,-0.0000711,-0.1450790,-0.0402377,0.000490,0.000000,0.000000,0.983,0.965
5,9,48.8598,startup,0.2000,forward,1600.000,1290,increasing,1570.000,1422.144,1147,0,1783739416.527369738,-0.066863,0.197652,0.755900,0.003287,,,,,0.000490,0.000000,0.000000,0.983,0.965
5,9,48.8814,startup,0.2000,forward,1600.000,1290,increasing,1570.000,1422.144,1147,0,1783739416.527369738,-0.066863,0.197652,0.755900,0.003287,,,,,0.000490,0.000000,0.000000,0.983,0.965
5,9,48.9031,startup,0.2000,forward,1600.000,1290,increasing,1570.000,1422.144,1147,0,1783739416.527369738,-0.066863,0.197652,0.755900,0.003287,,,,,0.000490,0.000000,0.000000,0.983,0.965
5,9,48.9247,startup,0.2000,forward,1600.000,1290,increasing,1570.000,1422.144,1147,0,1783739416.527369738,-0.066863,0.197652,0.755900,0.003287,,,,,0.000490,0.000000,0.000000,0.983,0.965
5,9,48.9466,startup,0.2000,forward,1600.000,1290,increasing,1570.000,1422.144,1147,0,1783739416.527369738,-0.066863,0.197652,0.755900,0.003287,,,,,0.000490,0.000000,0.000000,0.984,0.965
5,9,48.9495,startup,0.2000,forward,1600.000,1290,increasing,1570.000,1420.904,1146,1,1783739416.627948999,-0.067331,0.197198,0.755774,0.000847,-0.0006512,-0.0001261,0.1937077,0.0537022,0.001141,0.000000,0.000000,0.984,0.965
5,9,48.9564,startup,0.2000,forward,1600.000,1290,increasing,1570.000,1420.904,1146,0,1783739416.627948999,-0.067331,0.197198,0.755774,0.000847,,,,,0.001141,0.000000,0.000000,0.984,0.965
5,9,48.9781,startup,0.2000,forward,1600.000,1290,increasing,1570.000,1420.904,1146,0,1783739416.627948999,-0.067331,0.197198,0.755774,0.000847,,,,,0.001141,0.000000,0.000000,0.984,0.965
5,9,48.9998,startup,0.2000,forward,1600.000,1290,increasing,1570.000,1420.904,1146,0,1783739416.627948999,-0.067331,0.197198,0.755774,0.000847,,,,,0.001141,0.000000,0.000000,0.984,0.965
5,9,49.0215,startup,0.2000,forward,1600.000,1290,increasing,1570.000,1420.904,1146,0,1783739416.627948999,-0.067331,0.197198,0.755774,0.000847,,,,,0.001141,0.000000,0.000000,0.984,0.965
5,9,49.0433,startup,0.2000,forward,1600.000,1290,increasing,1570.000,1420.904,1146,0,1783739416.627948999,-0.067331,0.197198,0.755774,0.000847,,,,,0.001141,0.000000,0.000000,0.984,0.965
5,9,49.0455,startup,0.2000,forward,1600.000,1290,increasing,1570.000,1419.664,1145,1,1783739416.728545904,-0.069357,0.198106,0.755714,-0.001483,-0.0008522,-0.0000600,0.0704613,0.0195505,0.001993,0.000000,0.000000,0.984,0.965
5,9,49.0573,startup,0.2000,forward,1600.000,1290,increasing,1570.000,1419.664,1145,0,1783739416.728545904,-0.069357,0.198106,0.755714,-0.001483,,,,,0.001993,0.000000,0.000000,0.984,0.965
5,9,49.0789,startup,0.2000,forward,1600.000,1290,increasing,1570.000,1419.664,1145,0,1783739416.728545904,-0.069357,0.198106,0.755714,-0.001483,,,,,0.001993,0.000000,0.000000,0.984,0.965
5,9,49.1004,startup,0.2000,forward,1600.000,1290,increasing,1570.000,1419.664,1145,0,1783739416.728545904,-0.069357,0.198106,0.755714,-0.001483,,,,,0.001993,0.000000,0.000000,0.984,0.965
5,9,49.1219,startup,0.2000,forward,1600.000,1290,increasing,1570.000,1419.664,1145,0,1783739416.728545904,-0.069357,0.198106,0.755714,-0.001483,,,,,0.001993,0.000000,0.000000,0.984,0.965
5,9,49.1435,startup,0.2000,forward,1600.000,1290,increasing,1570.000,1419.664,1145,0,1783739416.728545904,-0.069357,0.198106,0.755714,-0.001483,,,,,0.001993,0.000000,0.000000,0.989,0.961
5,9,49.1461,startup,0.2000,forward,1600.000,1290,increasing,1570.000,1419.664,1145,0,1783739416.728545904,-0.069357,0.198106,0.755714,-0.001483,,,,,0.001993,0.000000,0.000000,0.989,0.961
5,9,49.1679,startup,0.2000,forward,1600.000,1290,increasing,1570.000,1418.424,1144,1,1783739416.826371431,-0.060136,0.199931,0.758057,0.019223,0.0079570,0.0023431,0.2944687,0.0815339,0.009950,0.000000,0.000000,0.989,0.961
5,9,49.1696,startup,0.2000,forward,1600.000,1290,increasing,1570.000,1418.424,1144,0,1783739416.826371431,-0.060136,0.199931,0.758057,0.019223,,,,,0.009950,0.000000,0.000000,0.989,0.961
5,9,49.1912,startup,0.2000,forward,1600.000,1290,increasing,1570.000,1418.424,1144,0,1783739416.826371431,-0.060136,0.199931,0.758057,0.019223,,,,,0.009950,0.000000,0.000000,0.989,0.961
5,9,49.2127,startup,0.2000,forward,1600.000,1290,increasing,1570.000,1418.424,1144,0,1783739416.826371431,-0.060136,0.199931,0.758057,0.019223,,,,,0.009950,0.000000,0.000000,0.989,0.961
5,9,49.2343,startup,0.2000,forward,1600.000,1290,increasing,1570.000,1418.424,1144,0,1783739416.826371431,-0.060136,0.199931,0.758057,0.019223,,,,,0.009950,0.000000,0.000000,0.996,0.956
5,9,49.2465,startup,0.2000,forward,1600.000,1290,increasing,1570.000,1415.324,1141,1,1783739416.927101851,-0.056577,0.201220,0.760455,0.023026,0.0034689,0.0023980,0.6912821,0.1895283,0.013419,0.000000,0.000000,0.996,0.956
5,9,49.2588,startup,0.2000,forward,1600.000,1290,increasing,1570.000,1415.324,1141,0,1783739416.927101851,-0.056577,0.201220,0.760455,0.023026,,,,,0.013419,0.000000,0.000000,0.996,0.956
5,9,49.2804,startup,0.2000,forward,1600.000,1290,increasing,1570.000,1415.324,1141,0,1783739416.927101851,-0.056577,0.201220,0.760455,0.023026,,,,,0.013419,0.000000,0.000000,0.996,0.956
5,9,49.3020,startup,0.2000,forward,1600.000,1290,increasing,1570.000,1415.324,1141,0,1783739416.927101851,-0.056577,0.201220,0.760455,0.023026,,,,,0.013419,0.000000,0.000000,0.996,0.956
5,9,49.3236,startup,0.2000,forward,1600.000,1290,increasing,1570.000,1415.324,1141,0,1783739416.927101851,-0.056577,0.201220,0.760455,0.023026,,,,,0.013419,0.000000,0.000000,0.996,0.956
5,9,49.3452,startup,0.2000,forward,1600.000,1290,increasing,1570.000,1415.324,1141,0,1783739416.927101851,-0.056577,0.201220,0.760455,0.023026,,,,,0.013419,0.000000,0.000000,1.006,0.951
5,9,49.3478,startup,0.2000,forward,1600.000,1290,increasing,1570.000,1412.224,1139,1,1783739417.027609110,-0.051740,0.207785,0.763392,0.037246,0.0080312,0.0029369,0.3656886,0.1011324,0.021450,0.000000,0.000000,1.006,0.951
5,9,49.3603,startup,0.2000,forward,1600.000,1290,increasing,1570.000,1412.224,1139,0,1783739417.027609110,-0.051740,0.207785,0.763392,0.037246,,,,,0.021450,0.000000,0.000000,1.006,0.951
5,9,49.3820,startup,0.2000,forward,1600.000,1290,increasing,1570.000,1412.224,1139,0,1783739417.027609110,-0.051740,0.207785,0.763392,0.037246,,,,,0.021450,0.000000,0.000000,1.006,0.951
5,9,49.4035,startup,0.2000,forward,1600.000,1290,increasing,1570.000,1412.224,1139,0,1783739417.027609110,-0.051740,0.207785,0.763392,0.037246,,,,,0.021450,0.000000,0.000000,1.006,0.951
5,9,49.4251,startup,0.2000,forward,1600.000,1290,increasing,1570.000,1412.224,1139,0,1783739417.027609110,-0.051740,0.207785,0.763392,0.037246,,,,,0.021450,0.000000,0.000000,1.020,0.942
5,9,49.4451,rolling,0.2000,forward,1600.000,1290,increasing,1570.000,1419.384,1145,1,1783739417.128174305,-0.045327,0.219642,0.765655,0.059844,0.0128358,0.0022628,0.1762916,0.0488820,0.034286,0.000000,0.000000,1.020,0.942
5,9,49.4630,rolling,0.2000,forward,1600.000,1290,increasing,1570.000,1419.384,1145,0,1783739417.128174305,-0.045327,0.219642,0.765655,0.059844,,,,,0.034286,0.000000,0.000000,1.020,0.942
5,9,49.4847,rolling,0.2000,forward,1600.000,1290,increasing,1570.000,1419.384,1145,0,1783739417.128174305,-0.045327,0.219642,0.765655,0.059844,,,,,0.034286,0.000000,0.000000,1.020,0.942
5,9,49.5063,rolling,0.2000,forward,1600.000,1290,increasing,1570.000,1419.384,1145,0,1783739417.128174305,-0.045327,0.219642,0.765655,0.059844,,,,,0.034286,0.000000,0.000000,1.020,0.942
5,9,49.5278,rolling,0.2000,forward,1600.000,1290,increasing,1570.000,1419.384,1145,0,1783739417.128174305,-0.045327,0.219642,0.765655,0.059844,,,,,0.034286,0.000000,0.000000,1.037,0.925
5,9,49.5454,rolling,0.2000,forward,1600.000,1290,increasing,1570.000,1417.273,1143,1,1783739417.226221085,-0.030866,0.232652,0.772199,0.094448,0.0194388,0.0065441,0.3366536,0.0931510,0.053725,0.000000,0.000000,1.037,0.925
5,9,49.5618,rolling,0.2000,forward,1600.000,1290,increasing,1570.000,1417.273,1143,0,1783739417.226221085,-0.030866,0.232652,0.772199,0.094448,,,,,0.053725,0.000000,0.000000,1.037,0.925
5,9,49.5837,rolling,0.2000,forward,1600.000,1290,increasing,1570.000,1417.273,1143,0,1783739417.226221085,-0.030866,0.232652,0.772199,0.094448,,,,,0.053725,0.000000,0.000000,1.037,0.925
5,9,49.6054,rolling,0.2000,forward,1600.000,1290,increasing,1570.000,1417.273,1143,0,1783739417.226221085,-0.030866,0.232652,0.772199,0.094448,,,,,0.053725,0.000000,0.000000,1.037,0.925
5,9,49.6270,rolling,0.2000,forward,1600.000,1290,increasing,1570.000,1417.273,1143,0,1783739417.226221085,-0.030866,0.232652,0.772199,0.094448,,,,,0.053725,0.000000,0.000000,1.059,0.905
5,9,49.6461,rolling,0.2000,forward,1600.000,1290,increasing,1570.000,1417.915,1143,1,1783739417.326622009,-0.013667,0.247091,0.784485,0.126574,0.0223847,0.0122865,0.5488799,0.1511524,0.076110,0.022385,0.012287,1.059,0.905
5,9,49.6674,rolling,0.2000,forward,1600.000,1290,increasing,1570.000,1417.915,1143,0,1783739417.326622009,-0.013667,0.247091,0.784485,0.126574,,,,,0.076110,0.022385,0.012287,1.059,0.905
5,9,49.6891,rolling,0.2000,forward,1600.000,1290,increasing,1570.000,1417.915,1143,0,1783739417.326622009,-0.013667,0.247091,0.784485,0.126574,,,,,0.076110,0.022385,0.012287,1.059,0.905
5,9,49.7106,rolling,0.2000,forward,1600.000,1290,increasing,1570.000,1417.915,1143,0,1783739417.326622009,-0.013667,0.247091,0.784485,0.126574,,,,,0.076110,0.022385,0.012287,1.059,0.905
5,9,49.7321,rolling,0.2000,forward,1600.000,1290,increasing,1570.000,1417.915,1143,0,1783739417.326622009,-0.013667,0.247091,0.784485,0.126574,,,,,0.076110,0.022385,0.012287,1.081,0.885
5,9,49.7465,rolling,0.2000,forward,1600.000,1290,increasing,1570.000,1418.159,1144,1,1783739417.427237988,-0.000991,0.259375,0.795600,0.138781,0.0176481,0.0111147,0.6297971,0.1730212,0.093758,0.040033,0.023401,1.081,0.885
5,9,49.7678,rolling,0.2000,forward,1600.000,1290,increasing,1570.000,1418.159,1144,0,1783739417.427237988,-0.000991,0.259375,0.795600,0.138781,,,,,0.093758,0.040033,0.023401,1.081,0.885
5,9,49.7895,rolling,0.2000,forward,1600.000,1290,increasing,1570.000,1418.159,1144,0,1783739417.427237988,-0.000991,0.259375,0.795600,0.138781,,,,,0.093758,0.040033,0.023401,1.081,0.885
5,9,49.8110,rolling,0.2000,forward,1600.000,1290,increasing,1570.000,1418.159,1144,0,1783739417.427237988,-0.000991,0.259375,0.795600,0.138781,,,,,0.093758,0.040033,0.023401,1.081,0.885
5,9,49.8328,rolling,0.2000,forward,1600.000,1290,increasing,1570.000,1418.159,1144,0,1783739417.427237988,-0.000991,0.259375,0.795600,0.138781,,,,,0.093758,0.040033,0.023401,1.105,0.864
5,9,49.8447,rolling,0.2000,forward,1600.000,1290,increasing,1570.000,1418.634,1144,1,1783739417.527629614,0.015635,0.275949,0.806633,0.162537,0.0234722,0.0110332,0.4700524,0.1297072,0.117230,0.063505,0.034434,1.105,0.864
5,9,49.8574,rolling,0.2000,forward,1600.000,1290,increasing,1570.000,1418.634,1144,0,1783739417.527629614,0.015635,0.275949,0.806633,0.162537,,,,,0.117230,0.063505,0.034434,1.105,0.864
5,9,49.8792,rolling,0.2000,forward,1600.000,1290,increasing,1570.000,1418.634,1144,0,1783739417.527629614,0.015635,0.275949,0.806633,0.162537,,,,,0.117230,0.063505,0.034434,1.105,0.864
5,9,49.9007,rolling,0.2000,forward,1600.000,1290,increasing,1570.000,1418.634,1144,0,1783739417.527629614,0.015635,0.275949,0.806633,0.162537,,,,,0.117230,0.063505,0.034434,1.105,0.864
5,9,49.9223,rolling,0.2000,forward,1600.000,1290,increasing,1570.000,1418.634,1144,0,1783739417.527629614,0.015635,0.275949,0.806633,0.162537,,,,,0.117230,0.063505,0.034434,1.105,0.864
5,9,49.9438,rolling,0.2000,forward,1600.000,1290,increasing,1570.000,1418.634,1144,0,1783739417.527629614,0.015635,0.275949,0.806633,0.162537,,,,,0.117230,0.063505,0.034434,1.125,0.845
5,9,49.9462,rolling,0.2000,forward,1600.000,1290,increasing,1570.000,1418.975,1144,1,1783739417.625817537,0.029466,0.294036,0.815619,0.179546,0.0226394,0.0089860,0.3969182,0.1097026,0.139869,0.086144,0.043420,1.125,0.845
5,9,49.9663,rolling,0.2000,forward,1600.000,1290,increasing,1570.000,1418.975,1144,0,1783739417.625817537,0.029466,0.294036,0.815619,0.179546,,,,,0.139869,0.086144,0.043420,1.125,0.845
5,9,49.9880,rolling,0.2000,forward,1600.000,1290,increasing,1570.000,1418.975,1144,0,1783739417.625817537,0.029466,0.294036,0.815619,0.179546,,,,,0.139869,0.086144,0.043420,1.125,0.845
5,9,50.0096,rolling,0.2000,forward,1600.000,1290,increasing,1570.000,1418.975,1144,0,1783739417.625817537,0.029466,0.294036,0.815619,0.179546,,,,,0.139869,0.086144,0.043420,1.125,0.845
5,9,50.0312,rolling,0.2000,forward,1600.000,1290,increasing,1570.000,1418.975,1144,0,1783739417.625817537,0.029466,0.294036,0.815619,0.179546,,,,,0.139869,0.086144,0.043420,1.145,0.686
5,9,50.0458,rolling,0.2000,forward,1600.000,1290,increasing,1570.000,1419.136,1144,1,1783739417.726228714,0.042796,0.310686,0.827166,0.187618,0.0212705,0.0115469,0.5428616,0.1495198,0.161140,0.107415,0.054967,1.145,0.686
5,9,50.0578,rolling,0.2000,forward,1600.000,1290,increasing,1570.000,1419.136,1144,0,1783739417.726228714,0.042796,0.310686,0.827166,0.187618,,,,,0.161140,0.107415,0.054967,1.145,0.686
5,9,50.0794,rolling,0.2000,forward,1600.000,1290,increasing,1570.000,1419.136,1144,0,1783739417.726228714,0.042796,0.310686,0.827166,0.187618,,,,,0.161140,0.107415,0.054967,1.145,0.686
5,9,50.1010,rolling,0.2000,forward,1600.000,1290,increasing,1570.000,1419.136,1144,0,1783739417.726228714,0.042796,0.310686,0.827166,0.187618,,,,,0.161140,0.107415,0.054967,1.145,0.686
5,9,50.1225,rolling,0.2000,forward,1600.000,1290,increasing,1570.000,1419.136,1144,0,1783739417.726228714,0.042796,0.310686,0.827166,0.187618,,,,,0.161140,0.107415,0.054967,1.145,0.686
5,9,50.1440,rolling,0.2000,forward,1600.000,1290,increasing,1570.000,1419.136,1144,0,1783739417.726228714,0.042796,0.310686,0.827166,0.187618,,,,,0.161140,0.107415,0.054967,1.165,0.804
5,9,50.1464,rolling,0.2000,forward,1600.000,1290,increasing,1570.000,1419.133,1144,1,1783739417.826776743,0.056825,0.323330,0.836382,0.187445,0.0187949,0.0092164,0.4903672,0.1352462,0.179935,0.126210,0.064184,1.165,0.804
5,9,50.1588,rolling,0.2000,forward,1600.000,1290,increasing,1570.000,1419.133,1144,0,1783739417.826776743,0.056825,0.323330,0.836382,0.187445,,,,,0.179935,0.126210,0.064184,1.165,0.804
5,9,50.1805,rolling,0.2000,forward,1600.000,1290,increasing,1570.000,1419.133,1144,0,1783739417.826776743,0.056825,0.323330,0.836382,0.187445,,,,,0.179935,0.126210,0.064184,1.165,0.804
5,9,50.2020,rolling,0.2000,forward,1600.000,1290,increasing,1570.000,1419.133,1144,0,1783739417.826776743,0.056825,0.323330,0.836382,0.187445,,,,,0.179935,0.126210,0.064184,1.165,0.804
5,9,50.2235,rolling,0.2000,forward,1600.000,1290,increasing,1570.000,1419.133,1144,0,1783739417.826776743,0.056825,0.323330,0.836382,0.187445,,,,,0.179935,0.126210,0.064184,1.165,0.804
5,9,50.2451,rolling,0.2000,forward,1600.000,1290,increasing,1570.000,1419.133,1144,0,1783739417.826776743,0.056825,0.323330,0.836382,0.187445,,,,,0.179935,0.126210,0.064184,1.184,0.788
5,9,50.2477,rolling,0.2000,forward,1600.000,1290,increasing,1570.000,1419.086,1144,1,1783739417.927258015,0.068237,0.337122,0.846652,0.185088,0.0178876,0.0102695,0.5741137,0.1579888,0.197822,0.144097,0.074453,1.184,0.788
5,9,50.2590,rolling,0.2000,forward,1600.000,1290,increasing,1570.000,1419.086,1144,0,1783739417.927258015,0.068237,0.337122,0.846652,0.185088,,,,,0.197822,0.144097,0.074453,1.184,0.788
5,9,50.2807,rolling,0.2000,forward,1600.000,1290,increasing,1570.000,1419.086,1144,0,1783739417.927258015,0.068237,0.337122,0.846652,0.185088,,,,,0.197822,0.144097,0.074453,1.184,0.788
5,9,50.3023,rolling,0.2000,forward,1600.000,1290,increasing,1570.000,1419.086,1144,0,1783739417.927258015,0.068237,0.337122,0.846652,0.185088,,,,,0.197822,0.144097,0.074453,1.184,0.788
5,9,50.3238,rolling,0.2000,forward,1600.000,1290,increasing,1570.000,1419.086,1144,0,1783739417.927258015,0.068237,0.337122,0.846652,0.185088,,,,,0.197822,0.144097,0.074453,1.184,0.788
5,9,50.3454,rolling,0.2000,forward,1600.000,1290,increasing,1570.000,1419.086,1144,0,1783739417.927258015,0.068237,0.337122,0.846652,0.185088,,,,,0.197822,0.144097,0.074453,1.204,0.771
5,9,50.3479,rolling,0.2000,forward,1600.000,1290,increasing,1570.000,1419.130,1144,1,1783739418.028021574,0.080708,0.352188,0.857185,0.187324,0.0195512,0.0105331,0.5387434,0.1484022,0.217373,0.163648,0.084986,1.204,0.771
5,9,50.3641,rolling,0.2000,forward,1600.000,1290,increasing,1570.000,1419.130,1144,0,1783739418.028021574,0.080708,0.352188,0.857185,0.187324,,,,,0.217373,0.163648,0.084986,1.204,0.771
5,9,50.3859,rolling,0.2000,forward,1600.000,1290,increasing,1570.000,1419.130,1144,0,1783739418.028021574,0.080708,0.352188,0.857185,0.187324,,,,,0.217373,0.163648,0.084986,1.204,0.771
5,9,50.4075,rolling,0.2000,forward,1600.000,1290,increasing,1570.000,1419.130,1144,0,1783739418.028021574,0.080708,0.352188,0.857185,0.187324,,,,,0.217373,0.163648,0.084986,1.204,0.771
5,9,50.4291,rolling,0.2000,forward,1600.000,1290,increasing,1570.000,1419.130,1144,0,1783739418.028021574,0.080708,0.352188,0.857185,0.187324,,,,,0.217373,0.163648,0.084986,1.220,0.752
5,9,50.4455,rolling,0.2000,forward,1600.000,1290,increasing,1570.000,1419.198,1145,1,1783739418.128498793,0.094813,0.366687,0.867879,0.190721,0.0201873,0.0106935,0.5297154,0.1459508,0.237561,0.183836,0.095680,1.220,0.752
5,9,50.4587,rolling,0.2000,forward,1600.000,1290,increasing,1570.000,1419.198,1145,0,1783739418.128498793,0.094813,0.366687,0.867879,0.190721,,,,,0.237561,0.183836,0.095680,1.220,0.752
5,9,50.4803,rolling,0.2000,forward,1600.000,1290,increasing,1570.000,1419.198,1145,0,1783739418.128498793,0.094813,0.366687,0.867879,0.190721,,,,,0.237561,0.183836,0.095680,1.220,0.752
5,9,50.5018,rolling,0.2000,forward,1600.000,1290,increasing,1570.000,1419.198,1145,0,1783739418.128498793,0.094813,0.366687,0.867879,0.190721,,,,,0.237561,0.183836,0.095680,1.220,0.752
5,9,50.5233,rolling,0.2000,forward,1600.000,1290,increasing,1570.000,1419.198,1145,0,1783739418.128498793,0.094813,0.366687,0.867879,0.190721,,,,,0.237561,0.183836,0.095680,1.220,0.752
5,9,50.5448,rolling,0.2000,forward,1600.000,1290,increasing,1570.000,1419.198,1145,0,1783739418.128498793,0.094813,0.366687,0.867879,0.190721,,,,,0.237561,0.183836,0.095680,1.238,0.737
5,9,50.5472,rolling,0.2000,forward,1600.000,1290,increasing,1570.000,1419.019,1144,1,1783739418.226600170,0.105026,0.377941,0.876893,0.181740,0.0151856,0.0090146,0.5936294,0.1632659,0.252746,0.199021,0.104694,1.238,0.737
5,9,50.5661,rolling,0.2000,forward,1600.000,1290,increasing,1570.000,1419.019,1144,0,1783739418.226600170,0.105026,0.377941,0.876893,0.181740,,,,,0.252746,0.199021,0.104694,1.238,0.737
5,9,50.5877,rolling,0.2000,forward,1600.000,1290,increasing,1570.000,1419.019,1144,0,1783739418.226600170,0.105026,0.377941,0.876893,0.181740,,,,,0.252746,0.199021,0.104694,1.238,0.737
5,9,50.6095,rolling,0.2000,forward,1600.000,1290,increasing,1570.000,1419.019,1144,0,1783739418.226600170,0.105026,0.377941,0.876893,0.181740,,,,,0.252746,0.199021,0.104694,1.238,0.737
5,9,50.6311,rolling,0.2000,forward,1600.000,1290,increasing,1570.000,1419.019,1144,0,1783739418.226600170,0.105026,0.377941,0.876893,0.181740,,,,,0.252746,0.199021,0.104694,1.253,0.720
5,9,50.6467,rolling,0.2000,forward,1600.000,1290,increasing,1570.000,1418.958,1144,1,1783739418.327136755,0.115470,0.391439,0.885511,0.178725,0.0170590,0.0086177,0.5051680,0.1392765,0.269805,0.216080,0.113312,1.253,0.720
5,9,50.6553,rolling,0.2000,forward,1600.000,1290,increasing,1570.000,1418.958,1144,0,1783739418.327136755,0.115470,0.391439,0.885511,0.178725,,,,,0.269805,0.216080,0.113312,1.253,0.720
5,9,50.6770,rolling,0.2000,forward,1600.000,1290,increasing,1570.000,1418.958,1144,0,1783739418.327136755,0.115470,0.391439,0.885511,0.178725,,,,,0.269805,0.216080,0.113312,1.253,0.720
5,9,50.6985,rolling,0.2000,forward,1600.000,1290,increasing,1570.000,1418.958,1144,0,1783739418.327136755,0.115470,0.391439,0.885511,0.178725,,,,,0.269805,0.216080,0.113312,1.253,0.720
5,9,50.7200,rolling,0.2000,forward,1600.000,1290,increasing,1570.000,1418.958,1144,0,1783739418.327136755,0.115470,0.391439,0.885511,0.178725,,,,,0.269805,0.216080,0.113312,1.253,0.720
5,9,50.7417,rolling,0.2000,forward,1600.000,1290,increasing,1570.000,1418.958,1144,0,1783739418.327136755,0.115470,0.391439,0.885511,0.178725,,,,,0.269805,0.216080,0.113312,1.270,0.706
5,9,50.7469,rolling,0.2000,forward,1600.000,1290,increasing,1570.000,1418.827,1144,1,1783739418.427628279,0.124822,0.403578,0.890698,0.172153,0.0153187,0.0051869,0.3385964,0.0936854,0.285124,0.231399,0.118499,1.270,0.706
5,9,50.7617,rolling,0.2000,forward,1600.000,1290,increasing,1570.000,1418.827,1144,0,1783739418.427628279,0.124822,0.403578,0.890698,0.172153,,,,,0.285124,0.231399,0.118499,1.270,0.706
5,9,50.7833,rolling,0.2000,forward,1600.000,1290,increasing,1570.000,1418.827,1144,0,1783739418.427628279,0.124822,0.403578,0.890698,0.172153,,,,,0.285124,0.231399,0.118499,1.270,0.706
5,9,50.8048,rolling,0.2000,forward,1600.000,1290,increasing,1570.000,1418.827,1144,0,1783739418.427628279,0.124822,0.403578,0.890698,0.172153,,,,,0.285124,0.231399,0.118499,1.270,0.706
5,9,50.8263,rolling,0.2000,forward,1600.000,1290,increasing,1570.000,1418.827,1144,0,1783739418.427628279,0.124822,0.403578,0.890698,0.172153,,,,,0.285124,0.231399,0.118499,1.283,0.692
5,9,50.8475,rolling,0.2000,forward,1600.000,1290,increasing,1570.000,1418.725,1144,1,1783739418.528165579,0.133682,0.416034,0.897238,0.167058,0.0152587,0.0065403,0.4286303,0.1183887,0.300383,0.246658,0.125039,1.283,0.692
5,9,50.8636,rolling,0.2000,forward,1600.000,1290,increasing,1570.000,1418.725,1144,0,1783739418.528165579,0.133682,0.416034,0.897238,0.167058,,,,,0.300383,0.246658,0.125039,1.283,0.692
5,9,50.8853,rolling,0.2000,forward,1600.000,1290,increasing,1570.000,1418.725,1144,0,1783739418.528165579,0.133682,0.416034,0.897238,0.167058,,,,,0.300383,0.246658,0.125039,1.283,0.692
5,9,50.9068,rolling,0.2000,forward,1600.000,1290,increasing,1570.000,1418.725,1144,0,1783739418.528165579,0.133682,0.416034,0.897238,0.167058,,,,,0.300383,0.246658,0.125039,1.283,0.692
5,9,50.9283,rolling,0.2000,forward,1600.000,1290,increasing,1570.000,1418.725,1144,0,1783739418.528165579,0.133682,0.416034,0.897238,0.167058,,,,,0.300383,0.246658,0.125039,1.296,0.681
5,9,50.9451,rolling,0.2000,forward,1600.000,1290,increasing,1570.000,1418.659,1144,1,1783739418.628576517,0.144136,0.427464,0.904327,0.163763,0.0154513,0.0070889,0.4587915,0.1266334,0.315834,0.262109,0.132128,1.296,0.681
5,9,50.9564,rolling,0.2000,forward,1600.000,1290,increasing,1570.000,1418.659,1144,0,1783739418.628576517,0.144136,0.427464,0.904327,0.163763,,,,,0.315834,0.262109,0.132128,1.296,0.681
5,9,50.9781,rolling,0.2000,forward,1600.000,1290,increasing,1570.000,1418.659,1144,0,1783739418.628576517,0.144136,0.427464,0.904327,0.163763,,,,,0.315834,0.262109,0.132128,1.296,0.681
5,9,50.9996,rolling,0.2000,forward,1600.000,1290,increasing,1570.000,1418.659,1144,0,1783739418.628576517,0.144136,0.427464,0.904327,0.163763,,,,,0.315834,0.262109,0.132128,1.296,0.681
5,9,51.0212,rolling,0.2000,forward,1600.000,1290,increasing,1570.000,1418.659,1144,0,1783739418.628576517,0.144136,0.427464,0.904327,0.163763,,,,,0.315834,0.262109,0.132128,1.296,0.681
5,9,51.0427,rolling,0.2000,forward,1600.000,1290,increasing,1570.000,1418.659,1144,0,1783739418.628576517,0.144136,0.427464,0.904327,0.163763,,,,,0.315834,0.262109,0.132128,1.308,0.670
5,9,51.0460,rolling,0.2000,forward,1600.000,1290,increasing,1570.000,1418.482,1144,1,1783739418.726274967,0.151218,0.437850,0.910781,0.154922,0.0125442,0.0064541,0.5145048,0.1418166,0.328378,0.274653,0.138582,1.308,0.670
5,9,51.0645,rolling,0.2000,forward,1600.000,1290,increasing,1570.000,1418.482,1144,0,1783739418.726274967,0.151218,0.437850,0.910781,0.154922,,,,,0.328378,0.274653,0.138582,1.308,0.670
5,9,51.0862,rolling,0.2000,forward,1600.000,1290,increasing,1570.000,1418.482,1144,0,1783739418.726274967,0.151218,0.437850,0.910781,0.154922,,,,,0.328378,0.274653,0.138582,1.308,0.670
5,9,51.1079,rolling,0.2000,forward,1600.000,1290,increasing,1570.000,1418.482,1144,0,1783739418.726274967,0.151218,0.437850,0.910781,0.154922,,,,,0.328378,0.274653,0.138582,1.308,0.670
5,9,51.1295,rolling,0.2000,forward,1600.000,1290,increasing,1570.000,1418.482,1144,0,1783739418.726274967,0.151218,0.437850,0.910781,0.154922,,,,,0.328378,0.274653,0.138582,1.322,0.660
5,9,51.1467,rolling,0.2000,forward,1600.000,1290,increasing,1570.000,1418.522,1144,1,1783739418.827051163,0.159692,0.452055,0.917822,0.156937,0.0164247,0.0070411,0.4286881,0.1184045,0.344803,0.291078,0.145623,1.322,0.660
5,9,51.1671,rolling,0.2000,forward,1600.000,1290,increasing,1570.000,1418.522,1144,0,1783739418.827051163,0.159692,0.452055,0.917822,0.156937,,,,,0.344803,0.291078,0.145623,1.322,0.660
5,9,51.1887,rolling,0.2000,forward,1600.000,1290,increasing,1570.000,1418.522,1144,0,1783739418.827051163,0.159692,0.452055,0.917822,0.156937,,,,,0.344803,0.291078,0.145623,1.322,0.660
5,9,51.2102,rolling,0.2000,forward,1600.000,1290,increasing,1570.000,1418.522,1144,0,1783739418.827051163,0.159692,0.452055,0.917822,0.156937,,,,,0.344803,0.291078,0.145623,1.322,0.660
5,9,51.2319,rolling,0.2000,forward,1600.000,1290,increasing,1570.000,1418.522,1144,0,1783739418.827051163,0.159692,0.452055,0.917822,0.156937,,,,,0.344803,0.291078,0.145623,1.339,0.646
5,9,51.2445,rolling,0.2000,forward,1600.000,1290,increasing,1570.000,1418.431,1144,1,1783739418.927587986,0.168557,0.462816,0.926359,0.152344,0.0139308,0.0085372,0.6128274,0.1684481,0.358734,0.305009,0.154160,1.339,0.646
5,9,51.2592,rolling,0.2000,forward,1600.000,1290,increasing,1570.000,1418.431,1144,0,1783739418.927587986,0.168557,0.462816,0.926359,0.152344,,,,,0.358734,0.305009,0.154160,1.339,0.646
5,9,51.2808,rolling,0.2000,forward,1600.000,1290,increasing,1570.000,1418.431,1144,0,1783739418.927587986,0.168557,0.462816,0.926359,0.152344,,,,,0.358734,0.305009,0.154160,1.339,0.646
5,9,51.3024,rolling,0.2000,forward,1600.000,1290,increasing,1570.000,1418.431,1144,0,1783739418.927587986,0.168557,0.462816,0.926359,0.152344,,,,,0.358734,0.305009,0.154160,1.339,0.646
5,9,51.3239,rolling,0.2000,forward,1600.000,1290,increasing,1570.000,1418.431,1144,0,1783739418.927587986,0.168557,0.462816,0.926359,0.152344,,,,,0.358734,0.305009,0.154160,1.351,0.631
5,9,51.3423,rolling,0.2000,forward,1600.000,1290,increasing,1570.000,1418.333,1144,1,1783739419.025584221,0.178464,0.471672,0.932301,0.147482,0.0130236,0.0059413,0.4561943,0.1259241,0.371757,0.318032,0.160102,1.351,0.631
5,9,51.3596,rolling,0.2000,forward,1600.000,1290,increasing,1570.000,1418.333,1144,0,1783739419.025584221,0.178464,0.471672,0.932301,0.147482,,,,,0.371757,0.318032,0.160102,1.351,0.631
5,9,51.3812,rolling,0.2000,forward,1600.000,1290,increasing,1570.000,1418.333,1144,0,1783739419.025584221,0.178464,0.471672,0.932301,0.147482,,,,,0.371757,0.318032,0.160102,1.351,0.631
5,9,51.4027,rolling,0.2000,forward,1600.000,1290,increasing,1570.000,1418.333,1144,0,1783739419.025584221,0.178464,0.471672,0.932301,0.147482,,,,,0.371757,0.318032,0.160102,1.351,0.631
5,9,51.4242,rolling,0.2000,forward,1600.000,1290,increasing,1570.000,1418.333,1144,0,1783739419.025584221,0.178464,0.471672,0.932301,0.147482,,,,,0.371757,0.318032,0.160102,1.364,0.619
5,9,51.4431,rolling,0.2000,forward,1600.000,1290,increasing,1570.000,1418.363,1144,1,1783739419.123359680,0.186650,0.484281,0.939265,0.148983,0.0150070,0.0069644,0.4640781,0.1280767,0.386764,0.333039,0.167066,1.364,0.619
5,9,51.4589,rolling,0.2000,forward,1600.000,1290,increasing,1570.000,1418.363,1144,0,1783739419.123359680,0.186650,0.484281,0.939265,0.148983,,,,,0.386764,0.333039,0.167066,1.364,0.619
5,9,51.4805,rolling,0.2000,forward,1600.000,1290,increasing,1570.000,1418.363,1144,0,1783739419.123359680,0.186650,0.484281,0.939265,0.148983,,,,,0.386764,0.333039,0.167066,1.364,0.619
5,9,51.5021,rolling,0.2000,forward,1600.000,1290,increasing,1570.000,1418.363,1144,0,1783739419.123359680,0.186650,0.484281,0.939265,0.148983,,,,,0.386764,0.333039,0.167066,1.364,0.619
5,9,51.5236,rolling,0.2000,forward,1600.000,1290,increasing,1570.000,1418.363,1144,0,1783739419.123359680,0.186650,0.484281,0.939265,0.148983,,,,,0.386764,0.333039,0.167066,1.378,0.604
5,9,51.5412,rolling,0.2000,forward,1600.000,1290,increasing,1570.000,1418.327,1144,1,1783739419.224109411,0.197249,0.494215,0.945914,0.147139,0.0142668,0.0066492,0.4660627,0.1286184,0.401031,0.347306,0.173715,1.378,0.604
5,9,51.5564,rolling,0.2000,forward,1600.000,1290,increasing,1570.000,1418.327,1144,0,1783739419.224109411,0.197249,0.494215,0.945914,0.147139,,,,,0.401031,0.347306,0.173715,1.378,0.604
5,9,51.5780,rolling,0.2000,forward,1600.000,1290,increasing,1570.000,1418.327,1144,0,1783739419.224109411,0.197249,0.494215,0.945914,0.147139,,,,,0.401031,0.347306,0.173715,1.378,0.604
5,9,51.6002,rolling,0.2000,forward,1600.000,1290,increasing,1570.000,1418.327,1144,0,1783739419.224109411,0.197249,0.494215,0.945914,0.147139,,,,,0.401031,0.347306,0.173715,1.378,0.604
5,9,51.6220,rolling,0.2000,forward,1600.000,1290,increasing,1570.000,1418.327,1144,0,1783739419.224109411,0.197249,0.494215,0.945914,0.147139,,,,,0.401031,0.347306,0.173715,1.391,0.590
5,9,51.6417,rolling,0.2000,forward,1600.000,1290,increasing,1570.000,1418.262,1144,1,1783739419.322365046,0.203477,0.505978,0.952359,0.143911,0.0131888,0.0064450,0.4886715,0.1347842,0.414220,0.360495,0.180160,1.391,0.590
5,9,51.6515,rolling,0.2000,forward,1600.000,1290,increasing,1570.000,1418.262,1144,0,1783739419.322365046,0.203477,0.505978,0.952359,0.143911,,,,,0.414220,0.360495,0.180160,1.391,0.590
5,9,51.6731,rolling,0.2000,forward,1600.000,1290,increasing,1570.000,1418.262,1144,0,1783739419.322365046,0.203477,0.505978,0.952359,0.143911,,,,,0.414220,0.360495,0.180160,1.391,0.590
5,9,51.6946,rolling,0.2000,forward,1600.000,1290,increasing,1570.000,1418.262,1144,0,1783739419.322365046,0.203477,0.505978,0.952359,0.143911,,,,,0.414220,0.360495,0.180160,1.391,0.590
5,9,51.7162,rolling,0.2000,forward,1600.000,1290,increasing,1570.000,1418.262,1144,0,1783739419.322365046,0.203477,0.505978,0.952359,0.143911,,,,,0.414220,0.360495,0.180160,1.391,0.590
5,9,51.7377,rolling,0.2000,forward,1600.000,1290,increasing,1570.000,1418.262,1144,0,1783739419.322365046,0.203477,0.505978,0.952359,0.143911,,,,,0.414220,0.360495,0.180160,1.406,0.572
5,9,51.7421,rolling,0.2000,forward,1600.000,1290,increasing,1570.000,1418.311,1144,1,1783739419.422693014,0.212054,0.518789,0.959236,0.146338,0.0154123,0.0068765,0.4461694,0.1231851,0.429632,0.375907,0.187037,1.406,0.572
5,9,51.7530,rolling,0.2000,forward,1600.000,1290,increasing,1570.000,1418.311,1144,0,1783739419.422693014,0.212054,0.518789,0.959236,0.146338,,,,,0.429632,0.375907,0.187037,1.406,0.572
5,9,51.7746,rolling,0.2000,forward,1600.000,1290,increasing,1570.000,1418.311,1144,0,1783739419.422693014,0.212054,0.518789,0.959236,0.146338,,,,,0.429632,0.375907,0.187037,1.406,0.572
5,9,51.7961,rolling,0.2000,forward,1600.000,1290,increasing,1570.000,1418.311,1144,0,1783739419.422693014,0.212054,0.518789,0.959236,0.146338,,,,,0.429632,0.375907,0.187037,1.406,0.572
5,9,51.8176,rolling,0.2000,forward,1600.000,1290,increasing,1570.000,1418.311,1144,0,1783739419.422693014,0.212054,0.518789,0.959236,0.146338,,,,,0.429632,0.375907,0.187037,1.406,0.572
5,9,51.8392,rolling,0.2000,forward,1600.000,1290,increasing,1570.000,1418.311,1144,0,1783739419.422693014,0.212054,0.518789,0.959236,0.146338,,,,,0.429632,0.375907,0.187037,1.423,0.558
5,9,51.8417,rolling,0.2000,forward,1600.000,1290,increasing,1570.000,1418.448,1144,1,1783739419.523148775,0.220588,0.534123,0.969211,0.153214,0.0174634,0.0099757,0.5712363,0.1572100,0.447096,0.393371,0.197013,1.423,0.558
5,9,51.8582,rolling,0.2000,forward,1600.000,1290,increasing,1570.000,1418.448,1144,0,1783739419.523148775,0.220588,0.534123,0.969211,0.153214,,,,,0.447096,0.393371,0.197013,1.423,0.558
5,9,51.8798,rolling,0.2000,forward,1600.000,1290,increasing,1570.000,1418.448,1144,0,1783739419.523148775,0.220588,0.534123,0.969211,0.153214,,,,,0.447096,0.393371,0.197013,1.423,0.558
5,9,51.9013,rolling,0.2000,forward,1600.000,1290,increasing,1570.000,1418.448,1144,0,1783739419.523148775,0.220588,0.534123,0.969211,0.153214,,,,,0.447096,0.393371,0.197013,1.423,0.558
5,9,51.9230,rolling,0.2000,forward,1600.000,1290,increasing,1570.000,1418.448,1144,0,1783739419.523148775,0.220588,0.534123,0.969211,0.153214,,,,,0.447096,0.393371,0.197013,1.437,0.539
5,9,51.9407,rolling,0.2000,forward,1600.000,1290,increasing,1570.000,1418.484,1144,1,1783739419.621347427,0.228976,0.547465,0.978897,0.155006,0.0157493,0.0096855,0.6149791,0.1690283,0.462845,0.409120,0.206698,1.437,0.539
5,10,52.8585,startup,-0.2000,reverse,1600.000,1290,increasing,1570.000,1588.509,1281,0,1783739420.523219109,0.240266,0.567003,0.990167,0.017202,,,,,0.000000,0.000000,0.000000,1.460,0.525
5,10,52.8801,startup,-0.2000,reverse,1600.000,1290,increasing,1570.000,1588.509,1281,0,1783739420.523219109,0.240266,0.567003,0.990167,0.017202,,,,,0.000000,0.000000,0.000000,1.460,0.525
5,10,52.9017,startup,-0.2000,reverse,1600.000,1290,increasing,1570.000,1588.509,1281,0,1783739420.523219109,0.240266,0.567003,0.990167,0.017202,,,,,0.000000,0.000000,0.000000,1.460,0.525
5,10,52.9232,startup,-0.2000,reverse,1600.000,1290,increasing,1570.000,1588.509,1281,0,1783739420.523219109,0.240266,0.567003,0.990167,0.017202,,,,,0.000000,0.000000,0.000000,1.459,0.524
5,10,52.9432,startup,-0.2000,reverse,1600.000,1290,increasing,1570.000,1589.749,1282,1,1783739420.623914003,0.242928,0.566115,0.989795,0.014683,0.0007175,-0.0003718,-0.5182475,-0.1428343,0.000717,0.000000,0.000000,1.459,0.524
5,10,52.9527,startup,-0.2000,reverse,1600.000,1290,increasing,1570.000,1589.749,1282,0,1783739420.623914003,0.242928,0.566115,0.989795,0.014683,,,,,0.000717,0.000000,0.000000,1.459,0.524
5,10,52.9743,startup,-0.2000,reverse,1600.000,1290,increasing,1570.000,1589.749,1282,0,1783739420.623914003,0.242928,0.566115,0.989795,0.014683,,,,,0.000717,0.000000,0.000000,1.459,0.524
5,10,52.9959,startup,-0.2000,reverse,1600.000,1290,increasing,1570.000,1589.749,1282,0,1783739420.623914003,0.242928,0.566115,0.989795,0.014683,,,,,0.000717,0.000000,0.000000,1.459,0.524
5,10,53.0175,startup,-0.2000,reverse,1600.000,1290,increasing,1570.000,1589.749,1282,0,1783739420.623914003,0.242928,0.566115,0.989795,0.014683,,,,,0.000717,0.000000,0.000000,1.459,0.524
5,10,53.0390,startup,-0.2000,reverse,1600.000,1290,increasing,1570.000,1589.749,1282,0,1783739420.623914003,0.242928,0.566115,0.989795,0.014683,,,,,0.000717,0.000000,0.000000,1.457,0.528
5,10,53.0440,startup,-0.2000,reverse,1600.000,1290,increasing,1570.000,1590.989,1283,1,1783739420.724335670,0.243809,0.565446,0.991501,0.010822,-0.0000765,0.0017063,-22.3163210,-1.4106999,0.000794,0.000000,0.000000,1.457,0.528
5,10,53.0615,startup,-0.2000,reverse,1600.000,1290,increasing,1570.000,1590.989,1283,0,1783739420.724335670,0.243809,0.565446,0.991501,0.010822,,,,,0.000794,0.000000,0.000000,1.457,0.528
5,10,53.0832,startup,-0.2000,reverse,1600.000,1290,increasing,1570.000,1590.989,1283,0,1783739420.724335670,0.243809,0.565446,0.991501,0.010822,,,,,0.000794,0.000000,0.000000,1.457,0.528
5,10,53.1047,startup,-0.2000,reverse,1600.000,1290,increasing,1570.000,1590.989,1283,0,1783739420.724335670,0.243809,0.565446,0.991501,0.010822,,,,,0.000794,0.000000,0.000000,1.457,0.528
5,10,53.1264,startup,-0.2000,reverse,1600.000,1290,increasing,1570.000,1590.989,1283,0,1783739420.724335670,0.243809,0.565446,0.991501,0.010822,,,,,0.000794,0.000000,0.000000,1.454,0.531
5,10,53.1439,startup,-0.2000,reverse,1600.000,1290,increasing,1570.000,1590.989,1283,0,1783739420.724335670,0.243809,0.565446,0.991501,0.010822,,,,,0.000794,0.000000,0.000000,1.454,0.531
5,10,53.1675,startup,-0.2000,reverse,1600.000,1290,increasing,1570.000,1592.229,1284,1,1783739420.825027466,0.238533,0.559870,0.987947,-0.010645,-0.0075564,-0.0035546,0.4704171,0.1298067,0.008350,0.000000,0.000000,1.454,0.531
5,10,53.1760,startup,-0.2000,reverse,1600.000,1290,increasing,1570.000,1592.229,1284,0,1783739420.825027466,0.238533,0.559870,0.987947,-0.010645,,,,,0.008350,0.000000,0.000000,1.454,0.531
5,10,53.1977,startup,-0.2000,reverse,1600.000,1290,increasing,1570.000,1592.229,1284,0,1783739420.825027466,0.238533,0.559870,0.987947,-0.010645,,,,,0.008350,0.000000,0.000000,1.454,0.531
5,10,53.2193,startup,-0.2000,reverse,1600.000,1290,increasing,1570.000,1592.229,1284,0,1783739420.825027466,0.238533,0.559870,0.987947,-0.010645,,,,,0.008350,0.000000,0.000000,1.454,0.531
5,10,53.2408,startup,-0.2000,reverse,1600.000,1290,increasing,1570.000,1592.229,1284,0,1783739420.825027466,0.238533,0.559870,0.987947,-0.010645,,,,,0.008350,0.000000,0.000000,1.446,0.538
5,10,53.2449,startup,-0.2000,reverse,1600.000,1290,increasing,1570.000,1593.469,1285,1,1783739420.925217628,0.235294,0.554264,0.985579,-0.024111,-0.0064631,-0.0023672,0.3662576,0.1012887,0.014813,0.000000,0.000000,1.446,0.538
5,10,53.2594,startup,-0.2000,reverse,1600.000,1290,increasing,1570.000,1593.469,1285,0,1783739420.925217628,0.235294,0.554264,0.985579,-0.024111,,,,,0.014813,0.000000,0.000000,1.446,0.538
5,10,53.2810,startup,-0.2000,reverse,1600.000,1290,increasing,1570.000,1593.469,1285,0,1783739420.925217628,0.235294,0.554264,0.985579,-0.024111,,,,,0.014813,0.000000,0.000000,1.446,0.538
5,10,53.3025,startup,-0.2000,reverse,1600.000,1290,increasing,1570.000,1593.469,1285,0,1783739420.925217628,0.235294,0.554264,0.985579,-0.024111,,,,,0.014813,0.000000,0.000000,1.446,0.538
5,10,53.3241,startup,-0.2000,reverse,1600.000,1290,increasing,1570.000,1593.469,1285,0,1783739420.925217628,0.235294,0.554264,0.985579,-0.024111,,,,,0.014813,0.000000,0.000000,1.439,0.550
5,10,53.3454,startup,-0.2000,reverse,1600.000,1290,increasing,1570.000,1596.569,1288,1,1783739421.026066542,0.231737,0.546325,0.981036,-0.039351,-0.0085794,-0.0045434,0.5295672,0.1459105,0.023393,0.000000,0.000000,1.439,0.550
5,10,53.3622,startup,-0.2000,reverse,1600.000,1290,increasing,1570.000,1596.569,1288,0,1783739421.026066542,0.231737,0.546325,0.981036,-0.039351,,,,,0.023393,0.000000,0.000000,1.439,0.550
5,10,53.3838,startup,-0.2000,reverse,1600.000,1290,increasing,1570.000,1596.569,1288,0,1783739421.026066542,0.231737,0.546325,0.981036,-0.039351,,,,,0.023393,0.000000,0.000000,1.439,0.550
5,10,53.4053,startup,-0.2000,reverse,1600.000,1290,increasing,1570.000,1596.569,1288,0,1783739421.026066542,0.231737,0.546325,0.981036,-0.039351,,,,,0.023393,0.000000,0.000000,1.439,0.550
5,10,53.4268,startup,-0.2000,reverse,1600.000,1290,increasing,1570.000,1596.569,1288,0,1783739421.026066542,0.231737,0.546325,0.981036,-0.039351,,,,,0.023393,0.000000,0.000000,1.430,0.558
5,10,53.4434,rolling,-0.2000,reverse,1600.000,1290,increasing,1570.000,1592.509,1284,1,1783739421.126455545,0.224981,0.538736,0.976455,-0.054585,-0.0100679,-0.0045812,0.4550268,0.1256052,0.033461,0.000000,0.000000,1.430,0.558
5,10,53.4568,rolling,-0.2000,reverse,1600.000,1290,increasing,1570.000,1592.509,1284,0,1783739421.126455545,0.224981,0.538736,0.976455,-0.054585,,,,,0.033461,0.000000,0.000000,1.430,0.558
5,10,53.4785,rolling,-0.2000,reverse,1600.000,1290,increasing,1570.000,1592.509,1284,0,1783739421.126455545,0.224981,0.538736,0.976455,-0.054585,,,,,0.033461,0.000000,0.000000,1.430,0.558
5,10,53.5000,rolling,-0.2000,reverse,1600.000,1290,increasing,1570.000,1592.509,1284,0,1783739421.126455545,0.224981,0.538736,0.976455,-0.054585,,,,,0.033461,0.000000,0.000000,1.430,0.558
5,10,53.5215,rolling,-0.2000,reverse,1600.000,1290,increasing,1570.000,1592.509,1284,0,1783739421.126455545,0.224981,0.538736,0.976455,-0.054585,,,,,0.033461,0.000000,0.000000,1.418,0.575
5,10,53.5438,rolling,-0.2000,reverse,1600.000,1290,increasing,1570.000,1594.370,1286,1,1783739421.224543810,0.215999,0.528257,0.972358,-0.075893,-0.0137144,-0.0040967,0.2987158,0.0827045,0.047175,0.000000,0.000000,1.418,0.575
5,10,53.5594,rolling,-0.2000,reverse,1600.000,1290,increasing,1570.000,1594.370,1286,0,1783739421.224543810,0.215999,0.528257,0.972358,-0.075893,,,,,0.047175,0.000000,0.000000,1.418,0.575
5,10,53.5811,rolling,-0.2000,reverse,1600.000,1290,increasing,1570.000,1594.370,1286,0,1783739421.224543810,0.215999,0.528257,0.972358,-0.075893,,,,,0.047175,0.000000,0.000000,1.418,0.575
5,10,53.6028,rolling,-0.2000,reverse,1600.000,1290,increasing,1570.000,1594.370,1286,0,1783739421.224543810,0.215999,0.528257,0.972358,-0.075893,,,,,0.047175,0.000000,0.000000,1.418,0.575
5,10,53.6243,rolling,-0.2000,reverse,1600.000,1290,increasing,1570.000,1594.370,1286,0,1783739421.224543810,0.215999,0.528257,0.972358,-0.075893,,,,,0.047175,0.000000,0.000000,1.401,0.587
5,10,53.6419,rolling,-0.2000,reverse,1600.000,1290,increasing,1570.000,1594.174,1286,1,1783739421.324923992,0.212383,0.515138,0.966684,-0.088959,-0.0128644,-0.0056746,0.4411043,0.1218005,0.060040,0.000000,0.000000,1.401,0.587
5,10,53.6553,rolling,-0.2000,reverse,1600.000,1290,increasing,1570.000,1594.174,1286,0,1783739421.324923992,0.212383,0.515138,0.966684,-0.088959,,,,,0.060040,0.000000,0.000000,1.401,0.587
5,10,53.6769,rolling,-0.2000,reverse,1600.000,1290,increasing,1570.000,1594.174,1286,0,1783739421.324923992,0.212383,0.515138,0.966684,-0.088959,,,,,0.060040,0.000000,0.000000,1.401,0.587
5,10,53.6985,rolling,-0.2000,reverse,1600.000,1290,increasing,1570.000,1594.174,1286,0,1783739421.324923992,0.212383,0.515138,0.966684,-0.088959,,,,,0.060040,0.000000,0.000000,1.401,0.587
5,10,53.7200,rolling,-0.2000,reverse,1600.000,1290,increasing,1570.000,1594.174,1286,0,1783739421.324923992,0.212383,0.515138,0.966684,-0.088959,,,,,0.060040,0.000000,0.000000,1.385,0.598
5,10,53.7401,rolling,-0.2000,reverse,1600.000,1290,increasing,1570.000,1593.871,1285,1,1783739421.422981977,0.204153,0.500568,0.960431,-0.109196,-0.0166608,-0.0062530,0.3753131,0.1037752,0.076700,0.000000,0.000000,1.385,0.598
5,10,53.7578,rolling,-0.2000,reverse,1600.000,1290,increasing,1570.000,1593.871,1285,0,1783739421.422981977,0.204153,0.500568,0.960431,-0.109196,,,,,0.076700,0.000000,0.000000,1.385,0.598
5,10,53.7796,rolling,-0.2000,reverse,1600.000,1290,increasing,1570.000,1593.871,1285,0,1783739421.422981977,0.204153,0.500568,0.960431,-0.109196,,,,,0.076700,0.000000,0.000000,1.385,0.598
5,10,53.8014,rolling,-0.2000,reverse,1600.000,1290,increasing,1570.000,1593.871,1285,0,1783739421.422981977,0.204153,0.500568,0.960431,-0.109196,,,,,0.076700,0.000000,0.000000,1.385,0.598
5,10,53.8231,rolling,-0.2000,reverse,1600.000,1290,increasing,1570.000,1593.871,1285,0,1783739421.422981977,0.204153,0.500568,0.960431,-0.109196,,,,,0.076700,0.000000,0.000000,1.370,0.610
5,10,53.8413,rolling,-0.2000,reverse,1600.000,1290,increasing,1570.000,1593.598,1285,1,1783739421.521160603,0.195244,0.485009,0.954302,-0.127354,-0.0178515,-0.0061288,0.3433211,0.0949849,0.094552,-0.017851,-0.006129,1.370,0.610
5,10,53.8500,rolling,-0.2000,reverse,1600.000,1290,increasing,1570.000,1593.598,1285,0,1783739421.521160603,0.195244,0.485009,0.954302,-0.127354,,,,,0.094552,-0.017851,-0.006129,1.370,0.610
5,10,53.8717,rolling,-0.2000,reverse,1600.000,1290,increasing,1570.000,1593.598,1285,0,1783739421.521160603,0.195244,0.485009,0.954302,-0.127354,,,,,0.094552,-0.017851,-0.006129,1.370,0.610
5,10,53.8932,rolling,-0.2000,reverse,1600.000,1290,increasing,1570.000,1593.598,1285,0,1783739421.521160603,0.195244,0.485009,0.954302,-0.127354,,,,,0.094552,-0.017851,-0.006129,1.370,0.610
5,10,53.9147,rolling,-0.2000,reverse,1600.000,1290,increasing,1570.000,1593.598,1285,0,1783739421.521160603,0.195244,0.485009,0.954302,-0.127354,,,,,0.094552,-0.017851,-0.006129,1.370,0.610
5,10,53.9362,rolling,-0.2000,reverse,1600.000,1290,increasing,1570.000,1593.598,1285,0,1783739421.521160603,0.195244,0.485009,0.954302,-0.127354,,,,,0.094552,-0.017851,-0.006129,1.352,0.623
5,10,53.9387,rolling,-0.2000,reverse,1600.000,1290,increasing,1570.000,1593.314,1285,1,1783739421.621823788,0.181358,0.469777,0.948647,-0.146336,-0.0204631,-0.0056551,0.2763532,0.0765382,0.115015,-0.038315,-0.011784,1.352,0.623
5,10,53.9542,rolling,-0.2000,reverse,1600.000,1290,increasing,1570.000,1593.314,1285,0,1783739421.621823788,0.181358,0.469777,0.948647,-0.146336,,,,,0.115015,-0.038315,-0.011784,1.352,0.623
5,10,53.9760,rolling,-0.2000,reverse,1600.000,1290,increasing,1570.000,1593.314,1285,0,1783739421.621823788,0.181358,0.469777,0.948647,-0.146336,,,,,0.115015,-0.038315,-0.011784,1.352,0.623
5,10,53.9976,rolling,-0.2000,reverse,1600.000,1290,increasing,1570.000,1593.314,1285,0,1783739421.621823788,0.181358,0.469777,0.948647,-0.146336,,,,,0.115015,-0.038315,-0.011784,1.352,0.623
5,10,54.0193,rolling,-0.2000,reverse,1600.000,1290,increasing,1570.000,1593.314,1285,0,1783739421.621823788,0.181358,0.469777,0.948647,-0.146336,,,,,0.115015,-0.038315,-0.011784,1.337,0.636
5,10,54.0395,rolling,-0.2000,reverse,1600.000,1290,increasing,1570.000,1593.298,1285,1,1783739421.719550133,0.169573,0.460151,0.941636,-0.147368,-0.0147044,-0.0070106,0.4767669,0.1315389,0.129719,-0.053019,-0.018794,1.337,0.636
5,10,54.0531,rolling,-0.2000,reverse,1600.000,1290,increasing,1570.000,1593.298,1285,0,1783739421.719550133,0.169573,0.460151,0.941636,-0.147368,,,,,0.129719,-0.053019,-0.018794,1.337,0.636
5,10,54.0749,rolling,-0.2000,reverse,1600.000,1290,increasing,1570.000,1593.298,1285,0,1783739421.719550133,0.169573,0.460151,0.941636,-0.147368,,,,,0.129719,-0.053019,-0.018794,1.337,0.636
5,10,54.0969,rolling,-0.2000,reverse,1600.000,1290,increasing,1570.000,1593.298,1285,0,1783739421.719550133,0.169573,0.460151,0.941636,-0.147368,,,,,0.129719,-0.053019,-0.018794,1.337,0.636
5,10,54.1187,rolling,-0.2000,reverse,1600.000,1290,increasing,1570.000,1593.298,1285,0,1783739421.719550133,0.169573,0.460151,0.941636,-0.147368,,,,,0.129719,-0.053019,-0.018794,1.322,0.648
5,10,54.1372,rolling,-0.2000,reverse,1600.000,1290,increasing,1570.000,1593.270,1285,1,1783739421.820385933,0.161229,0.446911,0.935810,-0.149232,-0.0156118,-0.0058262,0.3731901,0.1031924,0.145331,-0.068631,-0.024621,1.322,0.648
5,10,54.1530,rolling,-0.2000,reverse,1600.000,1290,increasing,1570.000,1593.270,1285,0,1783739421.820385933,0.161229,0.446911,0.935810,-0.149232,,,,,0.145331,-0.068631,-0.024621,1.322,0.648
5,10,54.1747,rolling,-0.2000,reverse,1600.000,1290,increasing,1570.000,1593.270,1285,0,1783739421.820385933,0.161229,0.446911,0.935810,-0.149232,,,,,0.145331,-0.068631,-0.024621,1.322,0.648
5,10,54.1962,rolling,-0.2000,reverse,1600.000,1290,increasing,1570.000,1593.270,1285,0,1783739421.820385933,0.161229,0.446911,0.935810,-0.149232,,,,,0.145331,-0.068631,-0.024621,1.322,0.648
5,10,54.2178,rolling,-0.2000,reverse,1600.000,1290,increasing,1570.000,1593.270,1285,0,1783739421.820385933,0.161229,0.446911,0.935810,-0.149232,,,,,0.145331,-0.068631,-0.024621,1.308,0.659
5,10,54.2371,rolling,-0.2000,reverse,1600.000,1290,increasing,1570.000,1593.316,1285,1,1783739421.918249369,0.153471,0.435979,0.930605,-0.146161,-0.0134019,-0.0052050,0.3883770,0.1073602,0.158733,-0.082033,-0.029826,1.308,0.659
5,10,54.2531,rolling,-0.2000,reverse,1600.000,1290,increasing,1570.000,1593.316,1285,0,1783739421.918249369,0.153471,0.435979,0.930605,-0.146161,,,,,0.158733,-0.082033,-0.029826,1.308,0.659
5,10,54.2748,rolling,-0.2000,reverse,1600.000,1290,increasing,1570.000,1593.316,1285,0,1783739421.918249369,0.153471,0.435979,0.930605,-0.146161,,,,,0.158733,-0.082033,-0.029826,1.308,0.659
5,10,54.2964,rolling,-0.2000,reverse,1600.000,1290,increasing,1570.000,1593.316,1285,0,1783739421.918249369,0.153471,0.435979,0.930605,-0.146161,,,,,0.158733,-0.082033,-0.029826,1.308,0.659
5,10,54.3180,rolling,-0.2000,reverse,1600.000,1290,increasing,1570.000,1593.316,1285,0,1783739421.918249369,0.153471,0.435979,0.930605,-0.146161,,,,,0.158733,-0.082033,-0.029826,1.298,0.673
5,10,54.3377,rolling,-0.2000,reverse,1600.000,1290,increasing,1570.000,1593.380,1285,1,1783739422.018375635,0.147097,0.424598,0.924033,-0.141903,-0.0129295,-0.0065725,0.5083326,0.1401377,0.171663,-0.094962,-0.036398,1.298,0.673
5,10,54.3475,rolling,-0.2000,reverse,1600.000,1290,increasing,1570.000,1593.380,1285,0,1783739422.018375635,0.147097,0.424598,0.924033,-0.141903,,,,,0.171663,-0.094962,-0.036398,1.298,0.673
5,10,54.3693,rolling,-0.2000,reverse,1600.000,1290,increasing,1570.000,1593.380,1285,0,1783739422.018375635,0.147097,0.424598,0.924033,-0.141903,,,,,0.171663,-0.094962,-0.036398,1.298,0.673
5,10,54.3908,rolling,-0.2000,reverse,1600.000,1290,increasing,1570.000,1593.380,1285,0,1783739422.018375635,0.147097,0.424598,0.924033,-0.141903,,,,,0.171663,-0.094962,-0.036398,1.298,0.673
5,10,54.4124,rolling,-0.2000,reverse,1600.000,1290,increasing,1570.000,1593.380,1285,0,1783739422.018375635,0.147097,0.424598,0.924033,-0.141903,,,,,0.171663,-0.094962,-0.036398,1.298,0.673
5,10,54.4340,rolling,-0.2000,reverse,1600.000,1290,increasing,1570.000,1593.380,1285,0,1783739422.018375635,0.147097,0.424598,0.924033,-0.141903,,,,,0.171663,-0.094962,-0.036398,1.286,0.567
5,10,54.4366,rolling,-0.2000,reverse,1600.000,1290,increasing,1570.000,1593.335,1285,1,1783739422.118820667,0.138575,0.411668,0.919879,-0.144886,-0.0154518,-0.0041532,0.2687837,0.0744496,0.187114,-0.110414,-0.040551,1.286,0.567
5,10,54.4558,rolling,-0.2000,reverse,1600.000,1290,increasing,1570.000,1593.335,1285,0,1783739422.118820667,0.138575,0.411668,0.919879,-0.144886,,,,,0.187114,-0.110414,-0.040551,1.286,0.567
5,10,54.4776,rolling,-0.2000,reverse,1600.000,1290,increasing,1570.000,1593.335,1285,0,1783739422.118820667,0.138575,0.411668,0.919879,-0.144886,,,,,0.187114,-0.110414,-0.040551,1.286,0.567
5,10,54.4992,rolling,-0.2000,reverse,1600.000,1290,increasing,1570.000,1593.335,1285,0,1783739422.118820667,0.138575,0.411668,0.919879,-0.144886,,,,,0.187114,-0.110414,-0.040551,1.286,0.567
5,10,54.5207,rolling,-0.2000,reverse,1600.000,1290,increasing,1570.000,1593.335,1285,0,1783739422.118820667,0.138575,0.411668,0.919879,-0.144886,,,,,0.187114,-0.110414,-0.040551,1.276,0.691
5,10,54.5366,rolling,-0.2000,reverse,1600.000,1290,increasing,1570.000,1593.443,1285,1,1783739422.217205286,0.133409,0.401209,0.913898,-0.137744,-0.0114440,-0.0059817,0.5226960,0.1440436,0.198558,-0.121858,-0.046533,1.276,0.691
5,10,54.5557,rolling,-0.2000,reverse,1600.000,1290,increasing,1570.000,1593.443,1285,0,1783739422.217205286,0.133409,0.401209,0.913898,-0.137744,,,,,0.198558,-0.121858,-0.046533,1.276,0.691
5,10,54.5775,rolling,-0.2000,reverse,1600.000,1290,increasing,1570.000,1593.443,1285,0,1783739422.217205286,0.133409,0.401209,0.913898,-0.137744,,,,,0.198558,-0.121858,-0.046533,1.276,0.691
5,10,54.5992,rolling,-0.2000,reverse,1600.000,1290,increasing,1570.000,1593.443,1285,0,1783739422.217205286,0.133409,0.401209,0.913898,-0.137744,,,,,0.198558,-0.121858,-0.046533,1.276,0.691
5,10,54.6209,rolling,-0.2000,reverse,1600.000,1290,increasing,1570.000,1593.443,1285,0,1783739422.217205286,0.133409,0.401209,0.913898,-0.137744,,,,,0.198558,-0.121858,-0.046533,1.261,0.702
5,10,54.6368,rolling,-0.2000,reverse,1600.000,1290,increasing,1570.000,1593.550,1285,1,1783739422.317673445,0.124819,0.393994,0.907445,-0.130598,-0.0109671,-0.0064530,0.5884014,0.1618531,0.209526,-0.132825,-0.052986,1.261,0.702
5,10,54.6487,rolling,-0.2000,reverse,1600.000,1290,increasing,1570.000,1593.550,1285,0,1783739422.317673445,0.124819,0.393994,0.907445,-0.130598,,,,,0.209526,-0.132825,-0.052986,1.261,0.702
5,10,54.6704,rolling,-0.2000,reverse,1600.000,1290,increasing,1570.000,1593.550,1285,0,1783739422.317673445,0.124819,0.393994,0.907445,-0.130598,,,,,0.209526,-0.132825,-0.052986,1.261,0.702
5,10,54.6920,rolling,-0.2000,reverse,1600.000,1290,increasing,1570.000,1593.550,1285,0,1783739422.317673445,0.124819,0.393994,0.907445,-0.130598,,,,,0.209526,-0.132825,-0.052986,1.261,0.702
5,10,54.7136,rolling,-0.2000,reverse,1600.000,1290,increasing,1570.000,1593.550,1285,0,1783739422.317673445,0.124819,0.393994,0.907445,-0.130598,,,,,0.209526,-0.132825,-0.052986,1.261,0.702
5,10,54.7352,rolling,-0.2000,reverse,1600.000,1290,increasing,1570.000,1593.550,1285,0,1783739422.317673445,0.124819,0.393994,0.907445,-0.130598,,,,,0.209526,-0.132825,-0.052986,1.247,0.714
5,10,54.7379,rolling,-0.2000,reverse,1600.000,1290,increasing,1570.000,1593.544,1285,1,1783739422.417999506,0.116875,0.383378,0.901449,-0.130979,-0.0132551,-0.0059955,0.4523177,0.1248651,0.222781,-0.146080,-0.058982,1.247,0.714
5,10,54.7513,rolling,-0.2000,reverse,1600.000,1290,increasing,1570.000,1593.544,1285,0,1783739422.417999506,0.116875,0.383378,0.901449,-0.130979,,,,,0.222781,-0.146080,-0.058982,1.247,0.714
5,10,54.7731,rolling,-0.2000,reverse,1600.000,1290,increasing,1570.000,1593.544,1285,0,1783739422.417999506,0.116875,0.383378,0.901449,-0.130979,,,,,0.222781,-0.146080,-0.058982,1.247,0.714
5,10,54.7947,rolling,-0.2000,reverse,1600.000,1290,increasing,1570.000,1593.544,1285,0,1783739422.417999506,0.116875,0.383378,0.901449,-0.130979,,,,,0.222781,-0.146080,-0.058982,1.247,0.714
5,10,54.8162,rolling,-0.2000,reverse,1600.000,1290,increasing,1570.000,1593.544,1285,0,1783739422.417999506,0.116875,0.383378,0.901449,-0.130979,,,,,0.222781,-0.146080,-0.058982,1.236,0.613
5,10,54.8359,rolling,-0.2000,reverse,1600.000,1290,increasing,1570.000,1593.502,1285,1,1783739422.518877506,0.108593,0.371620,0.894366,-0.133814,-0.0143568,-0.0070830,0.4933580,0.1360610,0.237137,-0.160437,-0.066065,1.236,0.613
5,10,54.8462,rolling,-0.2000,reverse,1600.000,1290,increasing,1570.000,1593.502,1285,0,1783739422.518877506,0.108593,0.371620,0.894366,-0.133814,,,,,0.237137,-0.160437,-0.066065,1.236,0.613
5,10,54.8678,rolling,-0.2000,reverse,1600.000,1290,increasing,1570.000,1593.502,1285,0,1783739422.518877506,0.108593,0.371620,0.894366,-0.133814,,,,,0.237137,-0.160437,-0.066065,1.236,0.613
5,10,54.8894,rolling,-0.2000,reverse,1600.000,1290,increasing,1570.000,1593.502,1285,0,1783739422.518877506,0.108593,0.371620,0.894366,-0.133814,,,,,0.237137,-0.160437,-0.066065,1.236,0.613
5,10,54.9110,rolling,-0.2000,reverse,1600.000,1290,increasing,1570.000,1593.502,1285,0,1783739422.518877506,0.108593,0.371620,0.894366,-0.133814,,,,,0.237137,-0.160437,-0.066065,1.236,0.613
5,10,54.9325,rolling,-0.2000,reverse,1600.000,1290,increasing,1570.000,1593.502,1285,0,1783739422.518877506,0.108593,0.371620,0.894366,-0.133814,,,,,0.237137,-0.160437,-0.066065,1.222,0.619
5,10,54.9364,rolling,-0.2000,reverse,1600.000,1290,increasing,1570.000,1593.497,1285,1,1783739422.616936207,0.098664,0.362615,0.888439,-0.134126,-0.0132443,-0.0059272,0.4475292,0.1235567,0.250382,-0.173681,-0.071992,1.222,0.619
5,10,54.9516,rolling,-0.2000,reverse,1600.000,1290,increasing,1570.000,1593.497,1285,0,1783739422.616936207,0.098664,0.362615,0.888439,-0.134126,,,,,0.250382,-0.173681,-0.071992,1.222,0.619
5,10,54.9732,rolling,-0.2000,reverse,1600.000,1290,increasing,1570.000,1593.497,1285,0,1783739422.616936207,0.098664,0.362615,0.888439,-0.134126,,,,,0.250382,-0.173681,-0.071992,1.222,0.619
5,10,54.9949,rolling,-0.2000,reverse,1600.000,1290,increasing,1570.000,1593.497,1285,0,1783739422.616936207,0.098664,0.362615,0.888439,-0.134126,,,,,0.250382,-0.173681,-0.071992,1.222,0.619
5,10,55.0165,rolling,-0.2000,reverse,1600.000,1290,increasing,1570.000,1593.497,1285,0,1783739422.616936207,0.098664,0.362615,0.888439,-0.134126,,,,,0.250382,-0.173681,-0.071992,1.209,0.637
5,10,55.0369,rolling,-0.2000,reverse,1600.000,1290,increasing,1570.000,1593.417,1285,1,1783739422.717442513,0.089962,0.349548,0.881739,-0.139457,-0.0156238,-0.0066999,0.4288301,0.1184433,0.266005,-0.189305,-0.078692,1.209,0.637
5,10,55.0528,rolling,-0.2000,reverse,1600.000,1290,increasing,1570.000,1593.417,1285,0,1783739422.717442513,0.089962,0.349548,0.881739,-0.139457,,,,,0.266005,-0.189305,-0.078692,1.209,0.637
5,10,55.0745,rolling,-0.2000,reverse,1600.000,1290,increasing,1570.000,1593.417,1285,0,1783739422.717442513,0.089962,0.349548,0.881739,-0.139457,,,,,0.266005,-0.189305,-0.078692,1.209,0.637
5,10,55.0960,rolling,-0.2000,reverse,1600.000,1290,increasing,1570.000,1593.417,1285,0,1783739422.717442513,0.089962,0.349548,0.881739,-0.139457,,,,,0.266005,-0.189305,-0.078692,1.209,0.637
5,10,55.1176,rolling,-0.2000,reverse,1600.000,1290,increasing,1570.000,1593.417,1285,0,1783739422.717442513,0.089962,0.349548,0.881739,-0.139457,,,,,0.266005,-0.189305,-0.078692,1.195,0.650
5,10,55.1400,rolling,-0.2000,reverse,1600.000,1290,increasing,1570.000,1593.453,1285,1,1783739422.817927122,0.080800,0.340199,0.874652,-0.137047,-0.0130446,-0.0070866,0.5432564,0.1496269,0.279050,-0.202350,-0.085778,1.195,0.650
5,10,55.1578,rolling,-0.2000,reverse,1600.000,1290,increasing,1570.000,1593.453,1285,0,1783739422.817927122,0.080800,0.340199,0.874652,-0.137047,,,,,0.279050,-0.202350,-0.085778,1.195,0.650
5,10,55.1794,rolling,-0.2000,reverse,1600.000,1290,increasing,1570.000,1593.453,1285,0,1783739422.817927122,0.080800,0.340199,0.874652,-0.137047,,,,,0.279050,-0.202350,-0.085778,1.195,0.650
5,10,55.2012,rolling,-0.2000,reverse,1600.000,1290,increasing,1570.000,1593.453,1285,0,1783739422.817927122,0.080800,0.340199,0.874652,-0.137047,,,,,0.279050,-0.202350,-0.085778,1.195,0.650
5,10,55.2229,rolling,-0.2000,reverse,1600.000,1290,increasing,1570.000,1593.453,1285,0,1783739422.817927122,0.080800,0.340199,0.874652,-0.137047,,,,,0.279050,-0.202350,-0.085778,1.181,0.664
5,10,55.2407,rolling,-0.2000,reverse,1600.000,1290,increasing,1570.000,1593.395,1285,1,1783739422.921070576,0.071835,0.327184,0.864926,-0.140908,-0.0157285,-0.0097260,0.6183691,0.1699423,0.294779,-0.218078,-0.095504,1.181,0.664
5,10,55.2559,rolling,-0.2000,reverse,1600.000,1290,increasing,1570.000,1593.395,1285,0,1783739422.921070576,0.071835,0.327184,0.864926,-0.140908,,,,,0.294779,-0.218078,-0.095504,1.181,0.664
5,10,55.2776,rolling,-0.2000,reverse,1600.000,1290,increasing,1570.000,1593.395,1285,0,1783739422.921070576,0.071835,0.327184,0.864926,-0.140908,,,,,0.294779,-0.218078,-0.095504,1.181,0.664
5,10,55.2992,rolling,-0.2000,reverse,1600.000,1290,increasing,1570.000,1593.395,1285,0,1783739422.921070576,0.071835,0.327184,0.864926,-0.140908,,,,,0.294779,-0.218078,-0.095504,1.181,0.664
5,10,55.3207,rolling,-0.2000,reverse,1600.000,1290,increasing,1570.000,1593.395,1285,0,1783739422.921070576,0.071835,0.327184,0.864926,-0.140908,,,,,0.294779,-0.218078,-0.095504,1.167,0.677
5,10,55.3410,rolling,-0.2000,reverse,1600.000,1290,increasing,1570.000,1593.550,1285,1,1783739423.021513700,0.065276,0.319624,0.859465,-0.130593,-0.0100088,-0.0054615,0.5456726,0.1502825,0.304787,-0.228087,-0.100966,1.167,0.677
5,10,55.3567,rolling,-0.2000,reverse,1600.000,1290,increasing,1570.000,1593.550,1285,0,1783739423.021513700,0.065276,0.319624,0.859465,-0.130593,,,,,0.304787,-0.228087,-0.100966,1.167,0.677
5,10,55.3784,rolling,-0.2000,reverse,1600.000,1290,increasing,1570.000,1593.550,1285,0,1783739423.021513700,0.065276,0.319624,0.859465,-0.130593,,,,,0.304787,-0.228087,-0.100966,1.167,0.677
5,10,55.4000,rolling,-0.2000,reverse,1600.000,1290,increasing,1570.000,1593.550,1285,0,1783739423.021513700,0.065276,0.319624,0.859465,-0.130593,,,,,0.304787,-0.228087,-0.100966,1.167,0.677
5,10,55.4215,rolling,-0.2000,reverse,1600.000,1290,increasing,1570.000,1593.550,1285,0,1783739423.021513700,0.065276,0.319624,0.859465,-0.130593,,,,,0.304787,-0.228087,-0.100966,1.156,0.691
5,10,55.4415,rolling,-0.2000,reverse,1600.000,1290,increasing,1570.000,1593.591,1285,1,1783739423.121923923,0.058911,0.309256,0.853956,-0.127831,-0.0120036,-0.0055085,0.4589001,0.1266630,0.316791,-0.240091,-0.106474,1.156,0.691
5,10,55.4553,rolling,-0.2000,reverse,1600.000,1290,increasing,1570.000,1593.591,1285,0,1783739423.121923923,0.058911,0.309256,0.853956,-0.127831,,,,,0.316791,-0.240091,-0.106474,1.156,0.691
5,10,55.4769,rolling,-0.2000,reverse,1600.000,1290,increasing,1570.000,1593.591,1285,0,1783739423.121923923,0.058911,0.309256,0.853956,-0.127831,,,,,0.316791,-0.240091,-0.106474,1.156,0.691
5,10,55.4985,rolling,-0.2000,reverse,1600.000,1290,increasing,1570.000,1593.591,1285,0,1783739423.121923923,0.058911,0.309256,0.853956,-0.127831,,,,,0.316791,-0.240091,-0.106474,1.156,0.691
5,10,55.5200,rolling,-0.2000,reverse,1600.000,1290,increasing,1570.000,1593.591,1285,0,1783739423.121923923,0.058911,0.309256,0.853956,-0.127831,,,,,0.316791,-0.240091,-0.106474,1.143,0.695
5,10,55.5421,rolling,-0.2000,reverse,1600.000,1290,increasing,1570.000,1593.557,1285,1,1783739423.222618818,0.048532,0.299997,0.849548,-0.130143,-0.0138031,-0.0044088,0.3194046,0.0884037,0.330594,-0.253894,-0.110883,1.143,0.695
5,10,55.5597,rolling,-0.2000,reverse,1600.000,1290,increasing,1570.000,1593.557,1285,0,1783739423.222618818,0.048532,0.299997,0.849548,-0.130143,,,,,0.330594,-0.253894,-0.110883,1.143,0.695
5,10,55.5814,rolling,-0.2000,reverse,1600.000,1290,increasing,1570.000,1593.557,1285,0,1783739423.222618818,0.048532,0.299997,0.849548,-0.130143,,,,,0.330594,-0.253894,-0.110883,1.143,0.695
5,10,55.6032,rolling,-0.2000,reverse,1600.000,1290,increasing,1570.000,1593.557,1285,0,1783739423.222618818,0.048532,0.299997,0.849548,-0.130143,,,,,0.330594,-0.253894,-0.110883,1.143,0.695
5,10,55.6249,rolling,-0.2000,reverse,1600.000,1290,increasing,1570.000,1593.557,1285,0,1783739423.222618818,0.048532,0.299997,0.849548,-0.130143,,,,,0.330594,-0.253894,-0.110883,1.130,0.715
5,10,55.6427,rolling,-0.2000,reverse,1600.000,1290,increasing,1570.000,1593.576,1285,1,1783739423.323126078,0.041147,0.289749,0.843447,-0.128870,-0.0125687,-0.0061009,0.4854021,0.1338932,0.343163,-0.266462,-0.116984,1.130,0.715
5,10,55.6553,rolling,-0.2000,reverse,1600.000,1290,increasing,1570.000,1593.576,1285,0,1783739423.323126078,0.041147,0.289749,0.843447,-0.128870,,,,,0.343163,-0.266462,-0.116984,1.130,0.715
5,10,55.6769,rolling,-0.2000,reverse,1600.000,1290,increasing,1570.000,1593.576,1285,0,1783739423.323126078,0.041147,0.289749,0.843447,-0.128870,,,,,0.343163,-0.266462,-0.116984,1.130,0.715
5,10,55.6985,rolling,-0.2000,reverse,1600.000,1290,increasing,1570.000,1593.576,1285,0,1783739423.323126078,0.041147,0.289749,0.843447,-0.128870,,,,,0.343163,-0.266462,-0.116984,1.130,0.715
5,10,55.7200,rolling,-0.2000,reverse,1600.000,1290,increasing,1570.000,1593.576,1285,0,1783739423.323126078,0.041147,0.289749,0.843447,-0.128870,,,,,0.343163,-0.266462,-0.116984,1.121,0.719
5,10,55.7405,rolling,-0.2000,reverse,1600.000,1290,increasing,1570.000,1593.596,1285,1,1783739423.423499584,0.033228,0.280203,0.837383,-0.127523,-0.0123941,-0.0060638,0.4892464,0.1349408,0.355557,-0.278857,-0.123048,1.121,0.719
5,10,55.7548,rolling,-0.2000,reverse,1600.000,1290,increasing,1570.000,1593.596,1285,0,1783739423.423499584,0.033228,0.280203,0.837383,-0.127523,,,,,0.355557,-0.278857,-0.123048,1.121,0.719
5,10,55.7766,rolling,-0.2000,reverse,1600.000,1290,increasing,1570.000,1593.596,1285,0,1783739423.423499584,0.033228,0.280203,0.837383,-0.127523,,,,,0.355557,-0.278857,-0.123048,1.121,0.719
5,10,55.7982,rolling,-0.2000,reverse,1600.000,1290,increasing,1570.000,1593.596,1285,0,1783739423.423499584,0.033228,0.280203,0.837383,-0.127523,,,,,0.355557,-0.278857,-0.123048,1.121,0.719
5,10,55.8197,rolling,-0.2000,reverse,1600.000,1290,increasing,1570.000,1593.596,1285,0,1783739423.423499584,0.033228,0.280203,0.837383,-0.127523,,,,,0.355557,-0.278857,-0.123048,1.110,0.725
5,10,55.8411,rolling,-0.2000,reverse,1600.000,1290,increasing,1570.000,1593.691,1285,1,1783739423.521617174,0.025186,0.273942,0.833916,-0.121218,-0.0100377,-0.0034666,0.3453572,0.0955448,0.365595,-0.288894,-0.126514,1.110,0.725
5,10,55.8591,rolling,-0.2000,reverse,1600.000,1290,increasing,1570.000,1593.691,1285,0,1783739423.521617174,0.025186,0.273942,0.833916,-0.121218,,,,,0.365595,-0.288894,-0.126514,1.110,0.725
5,10,55.8809,rolling,-0.2000,reverse,1600.000,1290,increasing,1570.000,1593.691,1285,0,1783739423.521617174,0.025186,0.273942,0.833916,-0.121218,,,,,0.365595,-0.288894,-0.126514,1.110,0.725
5,10,55.9026,rolling,-0.2000,reverse,1600.000,1290,increasing,1570.000,1593.691,1285,0,1783739423.521617174,0.025186,0.273942,0.833916,-0.121218,,,,,0.365595,-0.288894,-0.126514,1.110,0.725
5,10,55.9242,rolling,-0.2000,reverse,1600.000,1290,increasing,1570.000,1593.691,1285,0,1783739423.521617174,0.025186,0.273942,0.833916,-0.121218,,,,,0.365595,-0.288894,-0.126514,1.104,0.735
5,10,55.9414,rolling,-0.2000,reverse,1600.000,1290,increasing,1570.000,1593.691,1285,0,1783739423.521617174,0.025186,0.273942,0.833916,-0.121218,,,,,0.365595,-0.288894,-0.126514,1.104,0.735
5,10,55.9634,rolling,-0.2000,reverse,1600.000,1290,increasing,1570.000,1594.114,1286,1,1783739423.622066975,0.022900,0.274907,0.827676,-0.092976,-0.0008288,-0.0062406,7.5301745,1.1244513,0.366423,-0.288894,-0.126514,1.104,0.735
5,10,55.9654,rolling,-0.2000,reverse,1600.000,1290,increasing,1570.000,1594.114,1286,0,1783739423.622066975,0.022900,0.274907,0.827676,-0.092976,,,,,0.366423,-0.288894,-0.126514,1.104,0.735
5,10,55.9871,rolling,-0.2000,reverse,1600.000,1290,increasing,1570.000,1594.114,1286,0,1783739423.622066975,0.022900,0.274907,0.827676,-0.092976,,,,,0.366423,-0.288894,-0.126514,1.104,0.735
5,10,56.0087,rolling,-0.2000,reverse,1600.000,1290,increasing,1570.000,1594.114,1286,0,1783739423.622066975,0.022900,0.274907,0.827676,-0.092976,,,,,0.366423,-0.288894,-0.126514,1.104,0.735
5,10,56.0304,rolling,-0.2000,reverse,1600.000,1290,increasing,1570.000,1594.114,1286,0,1783739423.622066975,0.022900,0.274907,0.827676,-0.092976,,,,,0.366423,-0.288894,-0.126514,1.105,0.740
5,10,56.0397,rolling,-0.2000,reverse,1600.000,1290,increasing,1570.000,1594.114,1286,0,1783739423.622066975,0.022900,0.274907,0.827676,-0.092976,,,,,0.366423,-0.288894,-0.126514,1.105,0.740
5,10,56.0617,rolling,-0.2000,reverse,1600.000,1290,increasing,1570.000,1594.373,1286,1,1783739423.722522974,0.020640,0.273730,0.827160,-0.075695,-0.0023961,-0.0005157,0.2152120,0.0596505,0.368819,-0.288894,-0.126514,1.105,0.740
5,10,56.0636,rolling,-0.2000,reverse,1600.000,1290,increasing,1570.000,1594.373,1286,0,1783739423.722522974,0.020640,0.273730,0.827160,-0.075695,,,,,0.368819,-0.288894,-0.126514,1.105,0.740
5,10,56.0856,rolling,-0.2000,reverse,1600.000,1290,increasing,1570.000,1594.373,1286,0,1783739423.722522974,0.020640,0.273730,0.827160,-0.075695,,,,,0.368819,-0.288894,-0.126514,1.105,0.740
5,10,56.1076,rolling,-0.2000,reverse,1600.000,1290,increasing,1570.000,1594.373,1286,0,1783739423.722522974,0.020640,0.273730,0.827160,-0.075695,,,,,0.368819,-0.288894,-0.126514,1.105,0.740
5,10,56.1294,rolling,-0.2000,reverse,1600.000,1290,increasing,1570.000,1594.373,1286,0,1783739423.722522974,0.020640,0.273730,0.827160,-0.075695,,,,,0.368819,-0.288894,-0.126514,1.106,0.743
5,10,56.1408,rolling,-0.2000,reverse,1600.000,1290,increasing,1570.000,1594.671,1286,1,1783739423.820715666,0.022754,0.272262,0.828273,-0.055883,0.0003490,0.0011131,3.1894128,0.7245005,0.369168,-0.288894,-0.126514,1.106,0.743
5,10,56.1600,rolling,-0.2000,reverse,1600.000,1290,increasing,1570.000,1594.671,1286,0,1783739423.820715666,0.022754,0.272262,0.828273,-0.055883,,,,,0.369168,-0.288894,-0.126514,1.106,0.743
5,10,56.1817,rolling,-0.2000,reverse,1600.000,1290,increasing,1570.000,1594.671,1286,0,1783739423.820715666,0.022754,0.272262,0.828273,-0.055883,,,,,0.369168,-0.288894,-0.126514,1.106,0.743
5,10,56.2032,rolling,-0.2000,reverse,1600.000,1290,increasing,1570.000,1594.671,1286,0,1783739423.820715666,0.022754,0.272262,0.828273,-0.055883,,,,,0.369168,-0.288894,-0.126514,1.106,0.743
5,10,56.2248,rolling,-0.2000,reverse,1600.000,1290,increasing,1570.000,1594.671,1286,0,1783739423.820715666,0.022754,0.272262,0.828273,-0.055883,,,,,0.369168,-0.288894,-0.126514,1.105,0.743
5,10,56.2383,rolling,-0.2000,reverse,1600.000,1290,increasing,1570.000,1594.874,1286,1,1783739423.921305180,0.023541,0.271326,0.828343,-0.042303,-0.0001572,0.0000699,-0.4448780,-0.1228321,0.369326,-0.288894,-0.126514,1.105,0.743
5,10,56.2545,rolling,-0.2000,reverse,1600.000,1290,increasing,1570.000,1594.874,1286,0,1783739423.921305180,0.023541,0.271326,0.828343,-0.042303,,,,,0.369326,-0.288894,-0.126514,1.105,0.743
5,10,56.2761,rolling,-0.2000,reverse,1600.000,1290,increasing,1570.000,1594.874,1286,0,1783739423.921305180,0.023541,0.271326,0.828343,-0.042303,,,,,0.369326,-0.288894,-0.126514,1.105,0.743
5,10,56.2979,rolling,-0.2000,reverse,1600.000,1290,increasing,1570.000,1594.874,1286,0,1783739423.921305180,0.023541,0.271326,0.828343,-0.042303,,,,,0.369326,-0.288894,-0.126514,1.105,0.743
5,10,56.3194,rolling,-0.2000,reverse,1600.000,1290,increasing,1570.000,1594.874,1286,0,1783739423.921305180,0.023541,0.271326,0.828343,-0.042303,,,,,0.369326,-0.288894,-0.126514,1.105,0.733
5,10,56.3391,rolling,-0.2000,reverse,1600.000,1290,increasing,1570.000,1595.068,1286,1,1783739424.019322634,0.022530,0.273492,0.827894,-0.029401,0.0009119,-0.0004486,-0.4919125,-0.1356672,0.370238,-0.288894,-0.126514,1.105,0.733
5,10,56.3533,rolling,-0.2000,reverse,1600.000,1290,increasing,1570.000,1595.068,1286,0,1783739424.019322634,0.022530,0.273492,0.827894,-0.029401,,,,,0.370238,-0.288894,-0.126514,1.105,0.733
5,10,56.3750,rolling,-0.2000,reverse,1600.000,1290,increasing,1570.000,1595.068,1286,0,1783739424.019322634,0.022530,0.273492,0.827894,-0.029401,,,,,0.370238,-0.288894,-0.126514,1.105,0.733
5,10,56.3967,rolling,-0.2000,reverse,1600.000,1290,increasing,1570.000,1595.068,1286,0,1783739424.019322634,0.022530,0.273492,0.827894,-0.029401,,,,,0.370238,-0.288894,-0.126514,1.105,0.733
5,10,56.4182,rolling,-0.2000,reverse,1600.000,1290,increasing,1570.000,1595.068,1286,0,1783739424.019322634,0.022530,0.273492,0.827894,-0.029401,,,,,0.370238,-0.288894,-0.126514,1.106,0.852
5,10,56.4365,rolling,-0.2000,reverse,1600.000,1290,increasing,1570.000,1595.125,1286,1,1783739424.119922400,0.020776,0.273163,0.827308,-0.025602,-0.0014291,-0.0005862,0.4102181,0.1133476,0.371667,-0.288894,-0.126514,1.106,0.852
5,10,56.4521,rolling,-0.2000,reverse,1600.000,1290,increasing,1570.000,1595.125,1286,0,1783739424.119922400,0.020776,0.273163,0.827308,-0.025602,,,,,0.371667,-0.288894,-0.126514,1.106,0.852
5,10,56.4737,rolling,-0.2000,reverse,1600.000,1290,increasing,1570.000,1595.125,1286,0,1783739424.119922400,0.020776,0.273163,0.827308,-0.025602,,,,,0.371667,-0.288894,-0.126514,1.106,0.852
5,10,56.4952,rolling,-0.2000,reverse,1600.000,1290,increasing,1570.000,1595.125,1286,0,1783739424.119922400,0.020776,0.273163,0.827308,-0.025602,,,,,0.371667,-0.288894,-0.126514,1.106,0.852
5,10,56.5167,rolling,-0.2000,reverse,1600.000,1290,increasing,1570.000,1595.125,1286,0,1783739424.119922400,0.020776,0.273163,0.827308,-0.025602,,,,,0.371667,-0.288894,-0.126514,1.105,0.851
5,10,56.5370,rolling,-0.2000,reverse,1600.000,1290,increasing,1570.000,1595.257,1286,1,1783739424.217580557,0.021343,0.273937,0.828189,-0.016761,0.0009534,0.0008807,0.9237169,0.2509287,0.372620,-0.288894,-0.126514,1.105,0.851
5,10,56.5546,rolling,-0.2000,reverse,1600.000,1290,increasing,1570.000,1595.257,1286,0,1783739424.217580557,0.021343,0.273937,0.828189,-0.016761,,,,,0.372620,-0.288894,-0.126514,1.105,0.851
5,10,56.5763,rolling,-0.2000,reverse,1600.000,1290,increasing,1570.000,1595.257,1286,0,1783739424.217580557,0.021343,0.273937,0.828189,-0.016761,,,,,0.372620,-0.288894,-0.126514,1.105,0.851
5,10,56.5979,rolling,-0.2000,reverse,1600.000,1290,increasing,1570.000,1595.257,1286,0,1783739424.217580557,0.021343,0.273937,0.828189,-0.016761,,,,,0.372620,-0.288894,-0.126514,1.105,0.851
5,10,56.6194,rolling,-0.2000,reverse,1600.000,1290,increasing,1570.000,1595.257,1286,0,1783739424.217580557,0.021343,0.273937,0.828189,-0.016761,,,,,0.372620,-0.288894,-0.126514,1.104,0.737
5,10,56.6352,rolling,-0.2000,reverse,1600.000,1290,increasing,1570.000,1595.310,1287,1,1783739424.318109274,0.022588,0.272408,0.828447,-0.013279,-0.0002849,0.0002579,-0.9051705,-0.2460935,0.372905,-0.288894,-0.126514,1.104,0.737
5,10,56.6453,rolling,-0.2000,reverse,1600.000,1290,increasing,1570.000,1595.310,1287,0,1783739424.318109274,0.022588,0.272408,0.828447,-0.013279,,,,,0.372905,-0.288894,-0.126514,1.104,0.737
5,10,56.6670,rolling,-0.2000,reverse,1600.000,1290,increasing,1570.000,1595.310,1287,0,1783739424.318109274,0.022588,0.272408,0.828447,-0.013279,,,,,0.372905,-0.288894,-0.126514,1.104,0.737
5,10,56.6886,rolling,-0.2000,reverse,1600.000,1290,increasing,1570.000,1595.310,1287,0,1783739424.318109274,0.022588,0.272408,0.828447,-0.013279,,,,,0.372905,-0.288894,-0.126514,1.104,0.737
5,10,56.7102,rolling,-0.2000,reverse,1600.000,1290,increasing,1570.000,1595.310,1287,0,1783739424.318109274,0.022588,0.272408,0.828447,-0.013279,,,,,0.372905,-0.288894,-0.126514,1.104,0.737
5,10,56.7317,rolling,-0.2000,reverse,1600.000,1290,increasing,1570.000,1595.310,1287,0,1783739424.318109274,0.022588,0.272408,0.828447,-0.013279,,,,,0.372905,-0.288894,-0.126514,1.105,0.852
5,10,56.7358,rolling,-0.2000,reverse,1600.000,1290,increasing,1570.000,1595.301,1287,1,1783739424.416328430,0.022527,0.270378,0.829074,-0.013873,-0.0015374,0.0006276,-0.4082392,-0.1128054,0.374442,-0.288894,-0.126514,1.105,0.852
5,10,56.7489,rolling,-0.2000,reverse,1600.000,1290,increasing,1570.000,1595.301,1287,0,1783739424.416328430,0.022527,0.270378,0.829074,-0.013873,,,,,0.374442,-0.288894,-0.126514,1.105,0.852
5,10,56.7707,rolling,-0.2000,reverse,1600.000,1290,increasing,1570.000,1595.301,1287,0,1783739424.416328430,0.022527,0.270378,0.829074,-0.013873,,,,,0.374442,-0.288894,-0.126514,1.105,0.852
5,10,56.7923,rolling,-0.2000,reverse,1600.000,1290,increasing,1570.000,1595.301,1287,0,1783739424.416328430,0.022527,0.270378,0.829074,-0.013873,,,,,0.374442,-0.288894,-0.126514,1.105,0.852
5,10,56.8140,rolling,-0.2000,reverse,1600.000,1290,increasing,1570.000,1595.301,1287,0,1783739424.416328430,0.022527,0.270378,0.829074,-0.013873,,,,,0.374442,-0.288894,-0.126514,1.105,0.853
5,10,56.8362,rolling,-0.2000,reverse,1600.000,1290,increasing,1570.000,1598.401,1289,1,1783739424.516782999,0.020598,0.271566,0.827884,-0.011470,-0.0004280,-0.0011903,2.7809328,0.6572506,0.374870,-0.288894,-0.126514,1.105,0.853
5,10,56.8503,rolling,-0.2000,reverse,1600.000,1290,increasing,1570.000,1598.401,1289,0,1783739424.516782999,0.020598,0.271566,0.827884,-0.011470,,,,,0.374870,-0.288894,-0.126514,1.105,0.853
5,10,56.8720,rolling,-0.2000,reverse,1600.000,1290,increasing,1570.000,1598.401,1289,0,1783739424.516782999,0.020598,0.271566,0.827884,-0.011470,,,,,0.374870,-0.288894,-0.126514,1.105,0.853
5,10,56.8936,rolling,-0.2000,reverse,1600.000,1290,increasing,1570.000,1598.401,1289,0,1783739424.516782999,0.020598,0.271566,0.827884,-0.011470,,,,,0.374870,-0.288894,-0.126514,1.105,0.853
5,10,56.9152,rolling,-0.2000,reverse,1600.000,1290,increasing,1570.000,1598.401,1289,0,1783739424.516782999,0.020598,0.271566,0.827884,-0.011470,,,,,0.374870,-0.288894,-0.126514,1.107,0.742
5,10,56.9341,rolling,-0.2000,reverse,1600.000,1290,increasing,1570.000,1601.501,1292,1,1783739424.617086887,0.019878,0.273203,0.827422,-0.006813,0.0007180,-0.0004617,-0.6430188,-0.1765793,0.375588,-0.288894,-0.126514,1.107,0.742
5,10,56.9475,rolling,-0.2000,reverse,1600.000,1290,increasing,1570.000,1601.501,1292,0,1783739424.617086887,0.019878,0.273203,0.827422,-0.006813,,,,,0.375588,-0.288894,-0.126514,1.107,0.742
5,10,56.9693,rolling,-0.2000,reverse,1600.000,1290,increasing,1570.000,1601.501,1292,0,1783739424.617086887,0.019878,0.273203,0.827422,-0.006813,,,,,0.375588,-0.288894,-0.126514,1.107,0.742
5,10,56.9909,rolling,-0.2000,reverse,1600.000,1290,increasing,1570.000,1601.501,1292,0,1783739424.617086887,0.019878,0.273203,0.827422,-0.006813,,,,,0.375588,-0.288894,-0.126514,1.107,0.742
5,10,57.0124,rolling,-0.2000,reverse,1600.000,1290,increasing,1570.000,1601.501,1292,0,1783739424.617086887,0.019878,0.273203,0.827422,-0.006813,,,,,0.375588,-0.288894,-0.126514,1.105,0.853
5,10,57.0349,rolling,-0.2000,reverse,1600.000,1290,increasing,1570.000,1601.501,1292,0,1783739424.617086887,0.019878,0.273203,0.827422,-0.006813,,,,,0.375588,-0.288894,-0.126514,1.105,0.853
5,10,57.0363,rolling,-0.2000,reverse,1600.000,1290,increasing,1570.000,1604.601,1294,1,1783739424.715277195,0.021213,0.273334,0.827132,-0.002562,0.0010005,-0.0002904,-0.2902820,-0.0803797,0.376589,-0.288894,-0.126514,1.105,0.853
5,10,57.0504,rolling,-0.2000,reverse,1600.000,1290,increasing,1570.000,1604.601,1294,0,1783739424.715277195,0.021213,0.273334,0.827132,-0.002562,,,,,0.376589,-0.288894,-0.126514,1.105,0.853
5,10,57.0720,rolling,-0.2000,reverse,1600.000,1290,increasing,1570.000,1604.601,1294,0,1783739424.715277195,0.021213,0.273334,0.827132,-0.002562,,,,,0.376589,-0.288894,-0.126514,1.105,0.853
5,10,57.0935,rolling,-0.2000,reverse,1600.000,1290,increasing,1570.000,1604.601,1294,0,1783739424.715277195,0.021213,0.273334,0.827132,-0.002562,,,,,0.376589,-0.288894,-0.126514,1.105,0.853
5,10,57.1150,rolling,-0.2000,reverse,1600.000,1290,increasing,1570.000,1604.601,1294,0,1783739424.715277195,0.021213,0.273334,0.827132,-0.002562,,,,,0.376589,-0.288894,-0.126514,1.105,0.852
5,10,57.1354,rolling,-0.2000,reverse,1600.000,1290,increasing,1570.000,1607.701,1297,1,1783739424.815826654,0.020752,0.272642,0.827175,-0.003964,-0.0008215,0.0000430,-0.0523120,-0.0145156,0.377410,-0.288894,-0.126514,1.105,0.852
5,10,57.1473,rolling,-0.2000,reverse,1600.000,1290,increasing,1570.000,1607.701,1297,0,1783739424.815826654,0.020752,0.272642,0.827175,-0.003964,,,,,0.377410,-0.288894,-0.126514,1.105,0.852
5,10,57.1690,rolling,-0.2000,reverse,1600.000,1290,increasing,1570.000,1607.701,1297,0,1783739424.815826654,0.020752,0.272642,0.827175,-0.003964,,,,,0.377410,-0.288894,-0.126514,1.105,0.852
5,10,57.1905,rolling,-0.2000,reverse,1600.000,1290,increasing,1570.000,1607.701,1297,0,1783739424.815826654,0.020752,0.272642,0.827175,-0.003964,,,,,0.377410,-0.288894,-0.126514,1.105,0.852
5,10,57.2119,rolling,-0.2000,reverse,1600.000,1290,increasing,1570.000,1607.701,1297,0,1783739424.815826654,0.020752,0.272642,0.827175,-0.003964,,,,,0.377410,-0.288894,-0.126514,1.105,0.852
5,10,57.2335,rolling,-0.2000,reverse,1600.000,1290,increasing,1570.000,1607.701,1297,0,1783739424.815826654,0.020752,0.272642,0.827175,-0.003964,,,,,0.377410,-0.288894,-0.126514,1.099,0.853
5,10,57.2360,rolling,-0.2000,reverse,1600.000,1290,increasing,1570.000,1610.801,1299,1,1783739424.916547537,0.018291,0.269626,0.826057,-0.012618,-0.0038858,-0.0011176,0.2876019,0.0796407,0.381296,-0.288894,-0.126514,1.099,0.853
5,10,57.2525,rolling,-0.2000,reverse,1600.000,1290,increasing,1570.000,1610.801,1299,0,1783739424.916547537,0.018291,0.269626,0.826057,-0.012618,,,,,0.381296,-0.288894,-0.126514,1.099,0.853
5,10,57.2743,rolling,-0.2000,reverse,1600.000,1290,increasing,1570.000,1610.801,1299,0,1783739424.916547537,0.018291,0.269626,0.826057,-0.012618,,,,,0.381296,-0.288894,-0.126514,1.099,0.853
5,10,57.2964,rolling,-0.2000,reverse,1600.000,1290,increasing,1570.000,1610.801,1299,0,1783739424.916547537,0.018291,0.269626,0.826057,-0.012618,,,,,0.381296,-0.288894,-0.126514,1.099,0.853
5,10,57.3182,rolling,-0.2000,reverse,1600.000,1290,increasing,1570.000,1610.801,1299,0,1783739424.916547537,0.018291,0.269626,0.826057,-0.012618,,,,,0.381296,-0.288894,-0.126514,1.082,0.867
5,10,57.3364,rolling,-0.2000,reverse,1600.000,1290,increasing,1570.000,1610.801,1299,0,1783739424.916547537,0.018291,0.269626,0.826057,-0.012618,,,,,0.381296,-0.288894,-0.126514,1.082,0.867
5,10,57.3582,rolling,-0.2000,reverse,1600.000,1290,increasing,1570.000,1592.509,1284,1,1783739425.017031193,0.008604,0.253492,0.823822,-0.055303,-0.0184243,-0.0022352,0.1213201,0.0336536,0.399721,-0.288894,-0.126514,1.082,0.867
5,10,57.3605,rolling,-0.2000,reverse,1600.000,1290,increasing,1570.000,1592.509,1284,0,1783739425.017031193,0.008604,0.253492,0.823822,-0.055303,,,,,0.399721,-0.288894,-0.126514,1.082,0.867
5,10,57.3822,rolling,-0.2000,reverse,1600.000,1290,increasing,1570.000,1592.509,1284,0,1783739425.017031193,0.008604,0.253492,0.823822,-0.055303,,,,,0.399721,-0.288894,-0.126514,1.082,0.867
5,10,57.4038,rolling,-0.2000,reverse,1600.000,1290,increasing,1570.000,1592.509,1284,0,1783739425.017031193,0.008604,0.253492,0.823822,-0.055303,,,,,0.399721,-0.288894,-0.126514,1.082,0.867
5,10,57.4253,rolling,-0.2000,reverse,1600.000,1290,increasing,1570.000,1592.509,1284,0,1783739425.017031193,0.008604,0.253492,0.823822,-0.055303,,,,,0.399721,-0.288894,-0.126514,1.054,0.886
5,10,57.4368,rolling,-0.2000,reverse,1600.000,1290,increasing,1570.000,1593.897,1285,1,1783739425.117413044,-0.006618,0.231452,0.814723,-0.107468,-0.0264971,-0.0090989,0.3433909,0.0950041,0.426218,-0.288894,-0.126514,1.054,0.886
5,10,57.4536,rolling,-0.2000,reverse,1600.000,1290,increasing,1570.000,1593.897,1285,0,1783739425.117413044,-0.006618,0.231452,0.814723,-0.107468,,,,,0.426218,-0.288894,-0.126514,1.054,0.886
5,10,57.4752,rolling,-0.2000,reverse,1600.000,1290,increasing,1570.000,1593.897,1285,0,1783739425.117413044,-0.006618,0.231452,0.814723,-0.107468,,,,,0.426218,-0.288894,-0.126514,1.054,0.886
5,10,57.4967,rolling,-0.2000,reverse,1600.000,1290,increasing,1570.000,1593.897,1285,0,1783739425.117413044,-0.006618,0.231452,0.814723,-0.107468,,,,,0.426218,-0.288894,-0.126514,1.054,0.886
5,10,57.5182,rolling,-0.2000,reverse,1600.000,1290,increasing,1570.000,1593.897,1285,0,1783739425.117413044,-0.006618,0.231452,0.814723,-0.107468,,,,,0.426218,-0.288894,-0.126514,1.027,0.913
5,10,57.5374,rolling,-0.2000,reverse,1600.000,1290,increasing,1570.000,1593.228,1285,1,1783739425.217939854,-0.027792,0.211938,0.802755,-0.152061,-0.0287348,-0.0119688,0.4165284,0.1150760,0.454952,-0.317629,-0.138483,1.027,0.913
6,11,59.6763,startup,0.2000,forward,1600.000,1290,decreasing,1630.000,1423.384,1148,0,1783739427.314259768,-0.055908,0.187272,0.781276,0.006965,,,,,0.000000,0.000000,0.000000,0.987,0.963
6,11,59.6979,startup,0.2000,forward,1600.000,1290,decreasing,1630.000,1423.384,1148,0,1783739427.314259768,-0.055908,0.187272,0.781276,0.006965,,,,,0.000000,0.000000,0.000000,0.987,0.963
6,11,59.7195,startup,0.2000,forward,1600.000,1290,decreasing,1630.000,1423.384,1148,0,1783739427.314259768,-0.055908,0.187272,0.781276,0.006965,,,,,0.000000,0.000000,0.000000,0.987,0.963
6,11,59.7339,startup,0.2000,forward,1600.000,1290,decreasing,1630.000,1422.144,1147,1,1783739427.414813280,-0.058528,0.185344,0.778699,-0.002778,-0.0032183,-0.0025773,0.8008270,0.2186759,0.003218,0.000000,0.000000,0.987,0.963
6,11,59.7530,startup,0.2000,forward,1600.000,1290,decreasing,1630.000,1422.144,1147,0,1783739427.414813280,-0.058528,0.185344,0.778699,-0.002778,,,,,0.003218,0.000000,0.000000,0.987,0.963
6,11,59.7747,startup,0.2000,forward,1600.000,1290,decreasing,1630.000,1422.144,1147,0,1783739427.414813280,-0.058528,0.185344,0.778699,-0.002778,,,,,0.003218,0.000000,0.000000,0.987,0.963
6,11,59.7963,startup,0.2000,forward,1600.000,1290,decreasing,1630.000,1422.144,1147,0,1783739427.414813280,-0.058528,0.185344,0.778699,-0.002778,,,,,0.003218,0.000000,0.000000,0.987,0.963
6,11,59.8179,startup,0.2000,forward,1600.000,1290,decreasing,1630.000,1422.144,1147,0,1783739427.414813280,-0.058528,0.185344,0.778699,-0.002778,,,,,0.003218,0.000000,0.000000,0.987,0.963
6,11,59.8345,startup,0.2000,forward,1600.000,1290,decreasing,1630.000,1420.904,1146,1,1783739427.515125513,-0.057166,0.185716,0.779734,0.000983,0.0012303,0.0010351,0.8413236,0.2293590,0.004449,0.000000,0.000000,0.987,0.963
6,11,59.8556,startup,0.2000,forward,1600.000,1290,decreasing,1630.000,1420.904,1146,0,1783739427.515125513,-0.057166,0.185716,0.779734,0.000983,,,,,0.004449,0.000000,0.000000,0.987,0.963
6,11,59.8773,startup,0.2000,forward,1600.000,1290,decreasing,1630.000,1420.904,1146,0,1783739427.515125513,-0.057166,0.185716,0.779734,0.000983,,,,,0.004449,0.000000,0.000000,0.987,0.963
6,11,59.8990,startup,0.2000,forward,1600.000,1290,decreasing,1630.000,1420.904,1146,0,1783739427.515125513,-0.057166,0.185716,0.779734,0.000983,,,,,0.004449,0.000000,0.000000,0.987,0.963
6,11,59.9206,startup,0.2000,forward,1600.000,1290,decreasing,1630.000,1420.904,1146,0,1783739427.515125513,-0.057166,0.185716,0.779734,0.000983,,,,,0.004449,0.000000,0.000000,0.989,0.960
6,11,59.9351,startup,0.2000,forward,1600.000,1290,decreasing,1630.000,1419.664,1145,1,1783739427.615637302,-0.054428,0.186082,0.781465,0.006217,0.0022031,0.0017308,0.7856400,0.2146563,0.006652,0.000000,0.000000,0.989,0.960
6,11,59.9527,startup,0.2000,forward,1600.000,1290,decreasing,1630.000,1419.664,1145,0,1783739427.615637302,-0.054428,0.186082,0.781465,0.006217,,,,,0.006652,0.000000,0.000000,0.989,0.960
6,11,59.9744,startup,0.2000,forward,1600.000,1290,decreasing,1630.000,1419.664,1145,0,1783739427.615637302,-0.054428,0.186082,0.781465,0.006217,,,,,0.006652,0.000000,0.000000,0.989,0.960
6,11,59.9959,startup,0.2000,forward,1600.000,1290,decreasing,1630.000,1419.664,1145,0,1783739427.615637302,-0.054428,0.186082,0.781465,0.006217,,,,,0.006652,0.000000,0.000000,0.989,0.960
6,11,60.0175,startup,0.2000,forward,1600.000,1290,decreasing,1630.000,1419.664,1145,0,1783739427.615637302,-0.054428,0.186082,0.781465,0.006217,,,,,0.006652,0.000000,0.000000,0.994,0.959
6,11,60.0355,startup,0.2000,forward,1600.000,1290,decreasing,1630.000,1418.424,1144,1,1783739427.716184616,-0.052461,0.192370,0.782341,0.019149,0.0058263,0.0008762,0.1503871,0.0417082,0.012478,0.000000,0.000000,0.994,0.959
6,11,60.0492,startup,0.2000,forward,1600.000,1290,decreasing,1630.000,1418.424,1144,0,1783739427.716184616,-0.052461,0.192370,0.782341,0.019149,,,,,0.012478,0.000000,0.000000,0.994,0.959
6,11,60.0710,startup,0.2000,forward,1600.000,1290,decreasing,1630.000,1418.424,1144,0,1783739427.716184616,-0.052461,0.192370,0.782341,0.019149,,,,,0.012478,0.000000,0.000000,0.994,0.959
6,11,60.0925,startup,0.2000,forward,1600.000,1290,decreasing,1630.000,1418.424,1144,0,1783739427.716184616,-0.052461,0.192370,0.782341,0.019149,,,,,0.012478,0.000000,0.000000,0.994,0.959
6,11,60.1140,startup,0.2000,forward,1600.000,1290,decreasing,1630.000,1418.424,1144,0,1783739427.716184616,-0.052461,0.192370,0.782341,0.019149,,,,,0.012478,0.000000,0.000000,1.002,0.952
6,11,60.1361,startup,0.2000,forward,1600.000,1290,decreasing,1630.000,1415.324,1141,1,1783739427.816687107,-0.046678,0.195579,0.787211,0.030181,0.0063595,0.0048702,0.7658103,0.2093972,0.018838,0.000000,0.000000,1.002,0.952
6,11,60.1560,startup,0.2000,forward,1600.000,1290,decreasing,1630.000,1415.324,1141,0,1783739427.816687107,-0.046678,0.195579,0.787211,0.030181,,,,,0.018838,0.000000,0.000000,1.002,0.952
6,11,60.1777,startup,0.2000,forward,1600.000,1290,decreasing,1630.000,1415.324,1141,0,1783739427.816687107,-0.046678,0.195579,0.787211,0.030181,,,,,0.018838,0.000000,0.000000,1.002,0.952
6,11,60.1994,startup,0.2000,forward,1600.000,1290,decreasing,1630.000,1415.324,1141,0,1783739427.816687107,-0.046678,0.195579,0.787211,0.030181,,,,,0.018838,0.000000,0.000000,1.002,0.952
6,11,60.2210,startup,0.2000,forward,1600.000,1290,decreasing,1630.000,1415.324,1141,0,1783739427.816687107,-0.046678,0.195579,0.787211,0.030181,,,,,0.018838,0.000000,0.000000,1.008,0.947
6,11,60.2367,startup,0.2000,forward,1600.000,1290,decreasing,1630.000,1412.224,1139,1,1783739427.917209864,-0.042127,0.198426,0.791042,0.035634,0.0052267,0.0038310,0.7329760,0.2006635,0.024064,0.000000,0.000000,1.008,0.947
6,11,60.2538,startup,0.2000,forward,1600.000,1290,decreasing,1630.000,1412.224,1139,0,1783739427.917209864,-0.042127,0.198426,0.791042,0.035634,,,,,0.024064,0.000000,0.000000,1.008,0.947
6,11,60.2755,startup,0.2000,forward,1600.000,1290,decreasing,1630.000,1412.224,1139,0,1783739427.917209864,-0.042127,0.198426,0.791042,0.035634,,,,,0.024064,0.000000,0.000000,1.008,0.947
6,11,60.2971,startup,0.2000,forward,1600.000,1290,decreasing,1630.000,1412.224,1139,0,1783739427.917209864,-0.042127,0.198426,0.791042,0.035634,,,,,0.024064,0.000000,0.000000,1.008,0.947
6,11,60.3187,startup,0.2000,forward,1600.000,1290,decreasing,1630.000,1412.224,1139,0,1783739427.917209864,-0.042127,0.198426,0.791042,0.035634,,,,,0.024064,0.000000,0.000000,1.020,0.939
6,11,60.3374,rolling,0.2000,forward,1600.000,1290,decreasing,1630.000,1419.384,1145,1,1783739428.017765284,-0.034668,0.209245,0.793208,0.058897,0.0129400,0.0021652,0.1673259,0.0463996,0.037004,0.000000,0.000000,1.020,0.939
6,11,60.3501,rolling,0.2000,forward,1600.000,1290,decreasing,1630.000,1419.384,1145,0,1783739428.017765284,-0.034668,0.209245,0.793208,0.058897,,,,,0.037004,0.000000,0.000000,1.020,0.939
6,11,60.3718,rolling,0.2000,forward,1600.000,1290,decreasing,1630.000,1419.384,1145,0,1783739428.017765284,-0.034668,0.209245,0.793208,0.058897,,,,,0.037004,0.000000,0.000000,1.020,0.939
6,11,60.3934,rolling,0.2000,forward,1600.000,1290,decreasing,1630.000,1419.384,1145,0,1783739428.017765284,-0.034668,0.209245,0.793208,0.058897,,,,,0.037004,0.000000,0.000000,1.020,0.939
6,11,60.4149,rolling,0.2000,forward,1600.000,1290,decreasing,1630.000,1419.384,1145,0,1783739428.017765284,-0.034668,0.209245,0.793208,0.058897,,,,,0.037004,0.000000,0.000000,1.020,0.939
6,11,60.4365,rolling,0.2000,forward,1600.000,1290,decreasing,1630.000,1419.384,1145,0,1783739428.017765284,-0.034668,0.209245,0.793208,0.058897,,,,,0.037004,0.000000,0.000000,1.038,0.923
6,11,60.4390,rolling,0.2000,forward,1600.000,1290,decreasing,1630.000,1417.080,1143,1,1783739428.118278980,-0.022231,0.219940,0.802510,0.084815,0.0163405,0.0093025,0.5692915,0.1566835,0.053345,0.000000,0.000000,1.038,0.923
6,11,60.4567,rolling,0.2000,forward,1600.000,1290,decreasing,1630.000,1417.080,1143,0,1783739428.118278980,-0.022231,0.219940,0.802510,0.084815,,,,,0.053345,0.000000,0.000000,1.038,0.923
6,11,60.4783,rolling,0.2000,forward,1600.000,1290,decreasing,1630.000,1417.080,1143,0,1783739428.118278980,-0.022231,0.219940,0.802510,0.084815,,,,,0.053345,0.000000,0.000000,1.038,0.923
6,11,60.4998,rolling,0.2000,forward,1600.000,1290,decreasing,1630.000,1417.080,1143,0,1783739428.118278980,-0.022231,0.219940,0.802510,0.084815,,,,,0.053345,0.000000,0.000000,1.038,0.923
6,11,60.5215,rolling,0.2000,forward,1600.000,1290,decreasing,1630.000,1417.080,1143,0,1783739428.118278980,-0.022231,0.219940,0.802510,0.084815,,,,,0.053345,0.000000,0.000000,1.059,0.903
6,11,60.5358,rolling,0.2000,forward,1600.000,1290,decreasing,1630.000,1417.655,1143,1,1783739428.218810081,-0.008679,0.234771,0.812903,0.113559,0.0200850,0.0103927,0.5174335,0.1426130,0.073430,0.000000,0.000000,1.059,0.903
6,11,60.5530,rolling,0.2000,forward,1600.000,1290,decreasing,1630.000,1417.655,1143,0,1783739428.218810081,-0.008679,0.234771,0.812903,0.113559,,,,,0.073430,0.000000,0.000000,1.059,0.903
6,11,60.5747,rolling,0.2000,forward,1600.000,1290,decreasing,1630.000,1417.655,1143,0,1783739428.218810081,-0.008679,0.234771,0.812903,0.113559,,,,,0.073430,0.000000,0.000000,1.059,0.903
6,11,60.5962,rolling,0.2000,forward,1600.000,1290,decreasing,1630.000,1417.655,1143,0,1783739428.218810081,-0.008679,0.234771,0.812903,0.113559,,,,,0.073430,0.000000,0.000000,1.059,0.903
6,11,60.6180,rolling,0.2000,forward,1600.000,1290,decreasing,1630.000,1417.655,1143,0,1783739428.218810081,-0.008679,0.234771,0.812903,0.113559,,,,,0.073430,0.000000,0.000000,1.081,0.885
6,11,60.6365,rolling,0.2000,forward,1600.000,1290,decreasing,1630.000,1418.210,1144,1,1783739428.316913605,0.005300,0.251868,0.825075,0.141321,0.0220350,0.0121719,0.5523886,0.1521039,0.095465,0.022035,0.012172,1.081,0.885
6,11,60.6471,rolling,0.2000,forward,1600.000,1290,decreasing,1630.000,1418.210,1144,0,1783739428.316913605,0.005300,0.251868,0.825075,0.141321,,,,,0.095465,0.022035,0.012172,1.081,0.885
6,11,60.6688,rolling,0.2000,forward,1600.000,1290,decreasing,1630.000,1418.210,1144,0,1783739428.316913605,0.005300,0.251868,0.825075,0.141321,,,,,0.095465,0.022035,0.012172,1.081,0.885
6,11,60.6904,rolling,0.2000,forward,1600.000,1290,decreasing,1630.000,1418.210,1144,0,1783739428.316913605,0.005300,0.251868,0.825075,0.141321,,,,,0.095465,0.022035,0.012172,1.081,0.885
6,11,60.7120,rolling,0.2000,forward,1600.000,1290,decreasing,1630.000,1418.210,1144,0,1783739428.316913605,0.005300,0.251868,0.825075,0.141321,,,,,0.095465,0.022035,0.012172,1.081,0.885
6,11,60.7336,rolling,0.2000,forward,1600.000,1290,decreasing,1630.000,1418.210,1144,0,1783739428.316913605,0.005300,0.251868,0.825075,0.141321,,,,,0.095465,0.022035,0.012172,1.104,0.865
6,11,60.7368,rolling,0.2000,forward,1600.000,1290,decreasing,1630.000,1418.694,1144,1,1783739428.417258739,0.020319,0.270510,0.837452,0.165523,0.0238948,0.0123776,0.5180022,0.1427676,0.119360,0.045930,0.024549,1.104,0.865
6,11,60.7475,rolling,0.2000,forward,1600.000,1290,decreasing,1630.000,1418.694,1144,0,1783739428.417258739,0.020319,0.270510,0.837452,0.165523,,,,,0.119360,0.045930,0.024549,1.104,0.865
6,11,60.7692,rolling,0.2000,forward,1600.000,1290,decreasing,1630.000,1418.694,1144,0,1783739428.417258739,0.020319,0.270510,0.837452,0.165523,,,,,0.119360,0.045930,0.024549,1.104,0.865
6,11,60.7908,rolling,0.2000,forward,1600.000,1290,decreasing,1630.000,1418.694,1144,0,1783739428.417258739,0.020319,0.270510,0.837452,0.165523,,,,,0.119360,0.045930,0.024549,1.104,0.865
6,11,60.8124,rolling,0.2000,forward,1600.000,1290,decreasing,1630.000,1418.694,1144,0,1783739428.417258739,0.020319,0.270510,0.837452,0.165523,,,,,0.119360,0.045930,0.024549,1.104,0.865
6,11,60.8339,rolling,0.2000,forward,1600.000,1290,decreasing,1630.000,1418.694,1144,0,1783739428.417258739,0.020319,0.270510,0.837452,0.165523,,,,,0.119360,0.045930,0.024549,1.127,0.702
6,11,60.8376,rolling,0.2000,forward,1600.000,1290,decreasing,1630.000,1419.098,1144,1,1783739428.517743587,0.037601,0.288252,0.852442,0.185696,0.0247412,0.0149894,0.6058476,0.1665650,0.144101,0.070671,0.039539,1.127,0.702
6,11,60.8567,rolling,0.2000,forward,1600.000,1290,decreasing,1630.000,1419.098,1144,0,1783739428.517743587,0.037601,0.288252,0.852442,0.185696,,,,,0.144101,0.070671,0.039539,1.127,0.702
6,11,60.8784,rolling,0.2000,forward,1600.000,1290,decreasing,1630.000,1419.098,1144,0,1783739428.517743587,0.037601,0.288252,0.852442,0.185696,,,,,0.144101,0.070671,0.039539,1.127,0.702
6,11,60.9000,rolling,0.2000,forward,1600.000,1290,decreasing,1630.000,1419.098,1144,0,1783739428.517743587,0.037601,0.288252,0.852442,0.185696,,,,,0.144101,0.070671,0.039539,1.127,0.702
6,11,60.9217,rolling,0.2000,forward,1600.000,1290,decreasing,1630.000,1419.098,1144,0,1783739428.517743587,0.037601,0.288252,0.852442,0.185696,,,,,0.144101,0.070671,0.039539,1.149,0.681
6,11,60.9353,rolling,0.2000,forward,1600.000,1290,decreasing,1630.000,1419.225,1145,1,1783739428.618651628,0.052910,0.303193,0.863934,0.192079,0.0213145,0.0114920,0.5391637,0.1485163,0.165415,0.091986,0.051031,1.149,0.681
6,11,60.9506,rolling,0.2000,forward,1600.000,1290,decreasing,1630.000,1419.225,1145,0,1783739428.618651628,0.052910,0.303193,0.863934,0.192079,,,,,0.165415,0.091986,0.051031,1.149,0.681
6,11,60.9722,rolling,0.2000,forward,1600.000,1290,decreasing,1630.000,1419.225,1145,0,1783739428.618651628,0.052910,0.303193,0.863934,0.192079,,,,,0.165415,0.091986,0.051031,1.149,0.681
6,11,60.9937,rolling,0.2000,forward,1600.000,1290,decreasing,1630.000,1419.225,1145,0,1783739428.618651628,0.052910,0.303193,0.863934,0.192079,,,,,0.165415,0.091986,0.051031,1.149,0.681
6,11,61.0153,rolling,0.2000,forward,1600.000,1290,decreasing,1630.000,1419.225,1145,0,1783739428.618651628,0.052910,0.303193,0.863934,0.192079,,,,,0.165415,0.091986,0.051031,1.170,0.665
6,11,61.0358,rolling,0.2000,forward,1600.000,1290,decreasing,1630.000,1419.224,1145,1,1783739428.716403723,0.066754,0.316053,0.877457,0.192025,0.0187548,0.0135232,0.7210518,0.1974839,0.184170,0.110740,0.064554,1.170,0.665
6,11,61.0555,rolling,0.2000,forward,1600.000,1290,decreasing,1630.000,1419.224,1145,0,1783739428.716403723,0.066754,0.316053,0.877457,0.192025,,,,,0.184170,0.110740,0.064554,1.170,0.665
6,11,61.0770,rolling,0.2000,forward,1600.000,1290,decreasing,1630.000,1419.224,1145,0,1783739428.716403723,0.066754,0.316053,0.877457,0.192025,,,,,0.184170,0.110740,0.064554,1.170,0.665
6,11,61.0986,rolling,0.2000,forward,1600.000,1290,decreasing,1630.000,1419.224,1145,0,1783739428.716403723,0.066754,0.316053,0.877457,0.192025,,,,,0.184170,0.110740,0.064554,1.170,0.665
6,11,61.1201,rolling,0.2000,forward,1600.000,1290,decreasing,1630.000,1419.224,1145,0,1783739428.716403723,0.066754,0.316053,0.877457,0.192025,,,,,0.184170,0.110740,0.064554,1.189,0.642
6,11,61.1363,rolling,0.2000,forward,1600.000,1290,decreasing,1630.000,1419.189,1145,1,1783739428.816832304,0.078702,0.330281,0.887715,0.190264,0.0185776,0.0102582,0.5521816,0.1520478,0.202748,0.129318,0.074812,1.189,0.642
6,11,61.1548,rolling,0.2000,forward,1600.000,1290,decreasing,1630.000,1419.189,1145,0,1783739428.816832304,0.078702,0.330281,0.887715,0.190264,,,,,0.202748,0.129318,0.074812,1.189,0.642
6,11,61.1764,rolling,0.2000,forward,1600.000,1290,decreasing,1630.000,1419.189,1145,0,1783739428.816832304,0.078702,0.330281,0.887715,0.190264,,,,,0.202748,0.129318,0.074812,1.189,0.642
6,11,61.1980,rolling,0.2000,forward,1600.000,1290,decreasing,1630.000,1419.189,1145,0,1783739428.816832304,0.078702,0.330281,0.887715,0.190264,,,,,0.202748,0.129318,0.074812,1.189,0.642
6,11,61.2195,rolling,0.2000,forward,1600.000,1290,decreasing,1630.000,1419.189,1145,0,1783739428.816832304,0.078702,0.330281,0.887715,0.190264,,,,,0.202748,0.129318,0.074812,1.206,0.627
6,11,61.2368,rolling,0.2000,forward,1600.000,1290,decreasing,1630.000,1419.060,1144,1,1783739428.917392969,0.087694,0.344267,0.896205,0.183797,0.0165318,0.0084896,0.5135289,0.1415512,0.219279,0.145850,0.083302,1.206,0.627
6,11,61.2525,rolling,0.2000,forward,1600.000,1290,decreasing,1630.000,1419.060,1144,0,1783739428.917392969,0.087694,0.344267,0.896205,0.183797,,,,,0.219279,0.145850,0.083302,1.206,0.627
6,11,61.2742,rolling,0.2000,forward,1600.000,1290,decreasing,1630.000,1419.060,1144,0,1783739428.917392969,0.087694,0.344267,0.896205,0.183797,,,,,0.219279,0.145850,0.083302,1.206,0.627
6,11,61.2959,rolling,0.2000,forward,1600.000,1290,decreasing,1630.000,1419.060,1144,0,1783739428.917392969,0.087694,0.344267,0.896205,0.183797,,,,,0.219279,0.145850,0.083302,1.206,0.627
6,11,61.3174,rolling,0.2000,forward,1600.000,1290,decreasing,1630.000,1419.060,1144,0,1783739428.917392969,0.087694,0.344267,0.896205,0.183797,,,,,0.219279,0.145850,0.083302,1.222,0.612
6,11,61.3351,rolling,0.2000,forward,1600.000,1290,decreasing,1630.000,1419.097,1144,1,1783739429.017817497,0.099481,0.359431,0.905006,0.185659,0.0192055,0.0088013,0.4582726,0.1264917,0.238485,0.165055,0.092103,1.222,0.612
6,11,61.3497,rolling,0.2000,forward,1600.000,1290,decreasing,1630.000,1419.097,1144,0,1783739429.017817497,0.099481,0.359431,0.905006,0.185659,,,,,0.238485,0.165055,0.092103,1.222,0.612
6,11,61.3714,rolling,0.2000,forward,1600.000,1290,decreasing,1630.000,1419.097,1144,0,1783739429.017817497,0.099481,0.359431,0.905006,0.185659,,,,,0.238485,0.165055,0.092103,1.222,0.612
6,11,61.3932,rolling,0.2000,forward,1600.000,1290,decreasing,1630.000,1419.097,1144,0,1783739429.017817497,0.099481,0.359431,0.905006,0.185659,,,,,0.238485,0.165055,0.092103,1.222,0.612
6,11,61.4150,rolling,0.2000,forward,1600.000,1290,decreasing,1630.000,1419.097,1144,0,1783739429.017817497,0.099481,0.359431,0.905006,0.185659,,,,,0.238485,0.165055,0.092103,1.237,0.593
6,11,61.4367,rolling,0.2000,forward,1600.000,1290,decreasing,1630.000,1419.004,1144,1,1783739429.116129875,0.110538,0.371633,0.913141,0.181001,0.0164208,0.0081351,0.4954126,0.1366206,0.254906,0.181476,0.100238,1.237,0.593
6,11,61.4431,rolling,0.2000,forward,1600.000,1290,decreasing,1630.000,1419.004,1144,0,1783739429.116129875,0.110538,0.371633,0.913141,0.181001,,,,,0.254906,0.181476,0.100238,1.237,0.593
6,11,61.4648,rolling,0.2000,forward,1600.000,1290,decreasing,1630.000,1419.004,1144,0,1783739429.116129875,0.110538,0.371633,0.913141,0.181001,,,,,0.254906,0.181476,0.100238,1.237,0.593
6,11,61.4864,rolling,0.2000,forward,1600.000,1290,decreasing,1630.000,1419.004,1144,0,1783739429.116129875,0.110538,0.371633,0.913141,0.181001,,,,,0.254906,0.181476,0.100238,1.237,0.593
6,11,61.5079,rolling,0.2000,forward,1600.000,1290,decreasing,1630.000,1419.004,1144,0,1783739429.116129875,0.110538,0.371633,0.913141,0.181001,,,,,0.254906,0.181476,0.100238,1.237,0.593
6,11,61.5294,rolling,0.2000,forward,1600.000,1290,decreasing,1630.000,1419.004,1144,0,1783739429.116129875,0.110538,0.371633,0.913141,0.181001,,,,,0.254906,0.181476,0.100238,1.252,0.576
6,11,61.5359,rolling,0.2000,forward,1600.000,1290,decreasing,1630.000,1418.816,1144,1,1783739429.216348648,0.119477,0.382903,0.922680,0.171627,0.0143822,0.0095393,0.6632756,0.1820217,0.269288,0.195858,0.109778,1.252,0.576
6,11,61.5496,rolling,0.2000,forward,1600.000,1290,decreasing,1630.000,1418.816,1144,0,1783739429.216348648,0.119477,0.382903,0.922680,0.171627,,,,,0.269288,0.195858,0.109778,1.252,0.576
6,11,61.5713,rolling,0.2000,forward,1600.000,1290,decreasing,1630.000,1418.816,1144,0,1783739429.216348648,0.119477,0.382903,0.922680,0.171627,,,,,0.269288,0.195858,0.109778,1.252,0.576
6,11,61.5928,rolling,0.2000,forward,1600.000,1290,decreasing,1630.000,1418.816,1144,0,1783739429.216348648,0.119477,0.382903,0.922680,0.171627,,,,,0.269288,0.195858,0.109778,1.252,0.576
6,11,61.6143,rolling,0.2000,forward,1600.000,1290,decreasing,1630.000,1418.816,1144,0,1783739429.216348648,0.119477,0.382903,0.922680,0.171627,,,,,0.269288,0.195858,0.109778,1.265,0.564
6,11,61.6365,rolling,0.2000,forward,1600.000,1290,decreasing,1630.000,1418.712,1144,1,1783739429.317013741,0.128663,0.394977,0.932525,0.166398,0.0151714,0.0098448,0.6489054,0.1781619,0.284459,0.211030,0.119622,1.265,0.564
6,11,61.6498,rolling,0.2000,forward,1600.000,1290,decreasing,1630.000,1418.712,1144,0,1783739429.317013741,0.128663,0.394977,0.932525,0.166398,,,,,0.284459,0.211030,0.119622,1.265,0.564
6,11,61.6714,rolling,0.2000,forward,1600.000,1290,decreasing,1630.000,1418.712,1144,0,1783739429.317013741,0.128663,0.394977,0.932525,0.166398,,,,,0.284459,0.211030,0.119622,1.265,0.564
6,11,61.6929,rolling,0.2000,forward,1600.000,1290,decreasing,1630.000,1418.712,1144,0,1783739429.317013741,0.128663,0.394977,0.932525,0.166398,,,,,0.284459,0.211030,0.119622,1.265,0.564
6,11,61.7144,rolling,0.2000,forward,1600.000,1290,decreasing,1630.000,1418.712,1144,0,1783739429.317013741,0.128663,0.394977,0.932525,0.166398,,,,,0.284459,0.211030,0.119622,1.280,0.553
6,11,61.7347,rolling,0.2000,forward,1600.000,1290,decreasing,1630.000,1418.556,1144,1,1783739429.417663336,0.136691,0.405971,0.938958,0.158610,0.0136125,0.0064332,0.4725925,0.1304002,0.298072,0.224642,0.126056,1.280,0.553
6,11,61.7530,rolling,0.2000,forward,1600.000,1290,decreasing,1630.000,1418.556,1144,0,1783739429.417663336,0.136691,0.405971,0.938958,0.158610,,,,,0.298072,0.224642,0.126056,1.280,0.553
6,11,61.7751,rolling,0.2000,forward,1600.000,1290,decreasing,1630.000,1418.556,1144,0,1783739429.417663336,0.136691,0.405971,0.938958,0.158610,,,,,0.298072,0.224642,0.126056,1.280,0.553
6,11,61.7968,rolling,0.2000,forward,1600.000,1290,decreasing,1630.000,1418.556,1144,0,1783739429.417663336,0.136691,0.405971,0.938958,0.158610,,,,,0.298072,0.224642,0.126056,1.280,0.553
6,11,61.8184,rolling,0.2000,forward,1600.000,1290,decreasing,1630.000,1418.556,1144,0,1783739429.417663336,0.136691,0.405971,0.938958,0.158610,,,,,0.298072,0.224642,0.126056,1.291,0.542
6,11,61.8350,rolling,0.2000,forward,1600.000,1290,decreasing,1630.000,1418.584,1144,1,1783739429.515480995,0.143961,0.420540,0.946235,0.160004,0.0160601,0.0072766,0.4530841,0.1250745,0.314132,0.240702,0.133332,1.291,0.542
6,11,61.8506,rolling,0.2000,forward,1600.000,1290,decreasing,1630.000,1418.584,1144,0,1783739429.515480995,0.143961,0.420540,0.946235,0.160004,,,,,0.314132,0.240702,0.133332,1.291,0.542
6,11,61.8722,rolling,0.2000,forward,1600.000,1290,decreasing,1630.000,1418.584,1144,0,1783739429.515480995,0.143961,0.420540,0.946235,0.160004,,,,,0.314132,0.240702,0.133332,1.291,0.542
6,11,61.8939,rolling,0.2000,forward,1600.000,1290,decreasing,1630.000,1418.584,1144,0,1783739429.515480995,0.143961,0.420540,0.946235,0.160004,,,,,0.314132,0.240702,0.133332,1.291,0.542
6,11,61.9155,rolling,0.2000,forward,1600.000,1290,decreasing,1630.000,1418.584,1144,0,1783739429.515480995,0.143961,0.420540,0.946235,0.160004,,,,,0.314132,0.240702,0.133332,1.304,0.531
6,11,61.9333,rolling,0.2000,forward,1600.000,1290,decreasing,1630.000,1418.473,1144,1,1783739429.616160154,0.152642,0.431395,0.953567,0.154468,0.0138795,0.0073323,0.5282801,0.1455609,0.328011,0.254582,0.140664,1.304,0.531
6,11,61.9430,rolling,0.2000,forward,1600.000,1290,decreasing,1630.000,1418.473,1144,0,1783739429.616160154,0.152642,0.431395,0.953567,0.154468,,,,,0.328011,0.254582,0.140664,1.304,0.531
6,11,61.9646,rolling,0.2000,forward,1600.000,1290,decreasing,1630.000,1418.473,1144,0,1783739429.616160154,0.152642,0.431395,0.953567,0.154468,,,,,0.328011,0.254582,0.140664,1.304,0.531
6,11,61.9863,rolling,0.2000,forward,1600.000,1290,decreasing,1630.000,1418.473,1144,0,1783739429.616160154,0.152642,0.431395,0.953567,0.154468,,,,,0.328011,0.254582,0.140664,1.304,0.531
6,11,62.0078,rolling,0.2000,forward,1600.000,1290,decreasing,1630.000,1418.473,1144,0,1783739429.616160154,0.152642,0.431395,0.953567,0.154468,,,,,0.328011,0.254582,0.140664,1.304,0.531
6,11,62.0293,rolling,0.2000,forward,1600.000,1290,decreasing,1630.000,1418.473,1144,0,1783739429.616160154,0.152642,0.431395,0.953567,0.154468,,,,,0.328011,0.254582,0.140664,1.317,0.512
6,11,62.0337,rolling,0.2000,forward,1600.000,1290,decreasing,1630.000,1418.235,1144,1,1783739429.714131594,0.157277,0.440930,0.960346,0.142551,0.0104636,0.0067790,0.6478628,0.1778817,0.338475,0.265045,0.147443,1.317,0.512
6,11,62.0472,rolling,0.2000,forward,1600.000,1290,decreasing,1630.000,1418.235,1144,0,1783739429.714131594,0.157277,0.440930,0.960346,0.142551,,,,,0.338475,0.265045,0.147443,1.317,0.512
6,11,62.0688,rolling,0.2000,forward,1600.000,1290,decreasing,1630.000,1418.235,1144,0,1783739429.714131594,0.157277,0.440930,0.960346,0.142551,,,,,0.338475,0.265045,0.147443,1.317,0.512
6,11,62.0902,rolling,0.2000,forward,1600.000,1290,decreasing,1630.000,1418.235,1144,0,1783739429.714131594,0.157277,0.440930,0.960346,0.142551,,,,,0.338475,0.265045,0.147443,1.317,0.512
6,11,62.1118,rolling,0.2000,forward,1600.000,1290,decreasing,1630.000,1418.235,1144,0,1783739429.714131594,0.157277,0.440930,0.960346,0.142551,,,,,0.338475,0.265045,0.147443,1.330,0.510
6,11,62.1317,rolling,0.2000,forward,1600.000,1290,decreasing,1630.000,1418.320,1144,1,1783739429.814821720,0.166881,0.453832,0.967308,0.146826,0.0160753,0.0069616,0.4330599,0.1196006,0.354550,0.281121,0.154405,1.330,0.510
6,11,62.1502,rolling,0.2000,forward,1600.000,1290,decreasing,1630.000,1418.320,1144,0,1783739429.814821720,0.166881,0.453832,0.967308,0.146826,,,,,0.354550,0.281121,0.154405,1.330,0.510
6,11,62.1719,rolling,0.2000,forward,1600.000,1290,decreasing,1630.000,1418.320,1144,0,1783739429.814821720,0.166881,0.453832,0.967308,0.146826,,,,,0.354550,0.281121,0.154405,1.330,0.510
6,11,62.1934,rolling,0.2000,forward,1600.000,1290,decreasing,1630.000,1418.320,1144,0,1783739429.814821720,0.166881,0.453832,0.967308,0.146826,,,,,0.354550,0.281121,0.154405,1.330,0.510
6,11,62.2150,rolling,0.2000,forward,1600.000,1290,decreasing,1630.000,1418.320,1144,0,1783739429.814821720,0.166881,0.453832,0.967308,0.146826,,,,,0.354550,0.281121,0.154405,1.345,0.495
6,11,62.2327,rolling,0.2000,forward,1600.000,1290,decreasing,1630.000,1418.285,1144,1,1783739429.912748814,0.175516,0.464513,0.973982,0.145073,0.0136915,0.0066748,0.4875126,0.1344684,0.368242,0.294812,0.161080,1.345,0.495
6,11,62.2396,rolling,0.2000,forward,1600.000,1290,decreasing,1630.000,1418.285,1144,0,1783739429.912748814,0.175516,0.464513,0.973982,0.145073,,,,,0.368242,0.294812,0.161080,1.345,0.495
6,11,62.2614,rolling,0.2000,forward,1600.000,1290,decreasing,1630.000,1418.285,1144,0,1783739429.912748814,0.175516,0.464513,0.973982,0.145073,,,,,0.368242,0.294812,0.161080,1.345,0.495
6,11,62.2830,rolling,0.2000,forward,1600.000,1290,decreasing,1630.000,1418.285,1144,0,1783739429.912748814,0.175516,0.464513,0.973982,0.145073,,,,,0.368242,0.294812,0.161080,1.345,0.495
6,11,62.3047,rolling,0.2000,forward,1600.000,1290,decreasing,1630.000,1418.285,1144,0,1783739429.912748814,0.175516,0.464513,0.973982,0.145073,,,,,0.368242,0.294812,0.161080,1.345,0.495
6,11,62.3262,rolling,0.2000,forward,1600.000,1290,decreasing,1630.000,1418.285,1144,0,1783739429.912748814,0.175516,0.464513,0.973982,0.145073,,,,,0.368242,0.294812,0.161080,1.358,0.485
6,11,62.3302,rolling,0.2000,forward,1600.000,1290,decreasing,1630.000,1418.286,1144,1,1783739430.013462543,0.185965,0.475100,0.981026,0.145096,0.0146201,0.0070436,0.4817718,0.1329036,0.382862,0.309432,0.168123,1.358,0.485
6,11,62.3422,rolling,0.2000,forward,1600.000,1290,decreasing,1630.000,1418.286,1144,0,1783739430.013462543,0.185965,0.475100,0.981026,0.145096,,,,,0.382862,0.309432,0.168123,1.358,0.485
6,11,62.3639,rolling,0.2000,forward,1600.000,1290,decreasing,1630.000,1418.286,1144,0,1783739430.013462543,0.185965,0.475100,0.981026,0.145096,,,,,0.382862,0.309432,0.168123,1.358,0.485
6,11,62.3855,rolling,0.2000,forward,1600.000,1290,decreasing,1630.000,1418.286,1144,0,1783739430.013462543,0.185965,0.475100,0.981026,0.145096,,,,,0.382862,0.309432,0.168123,1.358,0.485
6,11,62.4071,rolling,0.2000,forward,1600.000,1290,decreasing,1630.000,1418.286,1144,0,1783739430.013462543,0.185965,0.475100,0.981026,0.145096,,,,,0.382862,0.309432,0.168123,1.358,0.485
6,11,62.4287,rolling,0.2000,forward,1600.000,1290,decreasing,1630.000,1418.286,1144,0,1783739430.013462543,0.185965,0.475100,0.981026,0.145096,,,,,0.382862,0.309432,0.168123,1.375,0.474
6,11,62.4313,rolling,0.2000,forward,1600.000,1290,decreasing,1630.000,1418.321,1144,1,1783739430.111238480,0.193838,0.487730,0.989370,0.146861,0.0148770,0.0083439,0.5608567,0.1543990,0.397739,0.324309,0.176467,1.375,0.474
6,11,62.4495,rolling,0.2000,forward,1600.000,1290,decreasing,1630.000,1418.321,1144,0,1783739430.111238480,0.193838,0.487730,0.989370,0.146861,,,,,0.397739,0.324309,0.176467,1.375,0.474
6,11,62.4711,rolling,0.2000,forward,1600.000,1290,decreasing,1630.000,1418.321,1144,0,1783739430.111238480,0.193838,0.487730,0.989370,0.146861,,,,,0.397739,0.324309,0.176467,1.375,0.474
6,11,62.4926,rolling,0.2000,forward,1600.000,1290,decreasing,1630.000,1418.321,1144,0,1783739430.111238480,0.193838,0.487730,0.989370,0.146861,,,,,0.397739,0.324309,0.176467,1.375,0.474
6,11,62.5141,rolling,0.2000,forward,1600.000,1290,decreasing,1630.000,1418.321,1144,0,1783739430.111238480,0.193838,0.487730,0.989370,0.146861,,,,,0.397739,0.324309,0.176467,1.387,0.586
6,11,62.5310,rolling,0.2000,forward,1600.000,1290,decreasing,1630.000,1418.357,1144,1,1783739430.211686134,0.201792,0.501029,0.996817,0.148683,0.0154842,0.0074469,0.4809385,0.1326764,0.413223,0.339793,0.183914,1.387,0.586
6,11,62.5441,rolling,0.2000,forward,1600.000,1290,decreasing,1630.000,1418.357,1144,0,1783739430.211686134,0.201792,0.501029,0.996817,0.148683,,,,,0.413223,0.339793,0.183914,1.387,0.586
6,11,62.5658,rolling,0.2000,forward,1600.000,1290,decreasing,1630.000,1418.357,1144,0,1783739430.211686134,0.201792,0.501029,0.996817,0.148683,,,,,0.413223,0.339793,0.183914,1.387,0.586
6,11,62.5874,rolling,0.2000,forward,1600.000,1290,decreasing,1630.000,1418.357,1144,0,1783739430.211686134,0.201792,0.501029,0.996817,0.148683,,,,,0.413223,0.339793,0.183914,1.387,0.586
6,11,62.6090,rolling,0.2000,forward,1600.000,1290,decreasing,1630.000,1418.357,1144,0,1783739430.211686134,0.201792,0.501029,0.996817,0.148683,,,,,0.413223,0.339793,0.183914,1.401,0.570
6,11,62.6291,rolling,0.2000,forward,1600.000,1290,decreasing,1630.000,1418.506,1144,1,1783739430.312136650,0.213614,0.514745,1.005906,0.156127,0.0179261,0.0090893,0.5070455,0.1397874,0.431149,0.357719,0.193003,1.401,0.570
6,11,62.6503,rolling,0.2000,forward,1600.000,1290,decreasing,1630.000,1418.506,1144,0,1783739430.312136650,0.213614,0.514745,1.005906,0.156127,,,,,0.431149,0.357719,0.193003,1.401,0.570
6,11,62.6720,rolling,0.2000,forward,1600.000,1290,decreasing,1630.000,1418.506,1144,0,1783739430.312136650,0.213614,0.514745,1.005906,0.156127,,,,,0.431149,0.357719,0.193003,1.401,0.570
6,11,62.6936,rolling,0.2000,forward,1600.000,1290,decreasing,1630.000,1418.506,1144,0,1783739430.312136650,0.213614,0.514745,1.005906,0.156127,,,,,0.431149,0.357719,0.193003,1.401,0.570
6,11,62.7152,rolling,0.2000,forward,1600.000,1290,decreasing,1630.000,1418.506,1144,0,1783739430.312136650,0.213614,0.514745,1.005906,0.156127,,,,,0.431149,0.357719,0.193003,1.419,0.553
6,11,62.7298,rolling,0.2000,forward,1600.000,1290,decreasing,1630.000,1418.609,1144,1,1783739430.410239935,0.223158,0.529212,1.013368,0.161249,0.0173268,0.0074618,0.4306503,0.1189414,0.448476,0.375046,0.200465,1.419,0.553
6,11,62.7469,rolling,0.2000,forward,1600.000,1290,decreasing,1630.000,1418.609,1144,0,1783739430.410239935,0.223158,0.529212,1.013368,0.161249,,,,,0.448476,0.375046,0.200465,1.419,0.553
6,11,62.7686,rolling,0.2000,forward,1600.000,1290,decreasing,1630.000,1418.609,1144,0,1783739430.410239935,0.223158,0.529212,1.013368,0.161249,,,,,0.448476,0.375046,0.200465,1.419,0.553
6,11,62.7902,rolling,0.2000,forward,1600.000,1290,decreasing,1630.000,1418.609,1144,0,1783739430.410239935,0.223158,0.529212,1.013368,0.161249,,,,,0.448476,0.375046,0.200465,1.419,0.553
6,11,62.8117,rolling,0.2000,forward,1600.000,1290,decreasing,1630.000,1418.609,1144,0,1783739430.410239935,0.223158,0.529212,1.013368,0.161249,,,,,0.448476,0.375046,0.200465,1.434,0.534
6,11,62.8305,rolling,0.2000,forward,1600.000,1290,decreasing,1630.000,1418.781,1144,1,1783739430.510699272,0.229249,0.548547,1.021948,0.169842,0.0196520,0.0085798,0.4365859,0.1205650,0.468128,0.394698,0.209045,1.434,0.534
6,12,63.7415,startup,-0.2000,reverse,1600.000,1290,decreasing,1630.000,1588.509,1281,0,1783739431.415664196,0.242207,0.568176,1.040783,0.019581,,,,,0.000000,0.000000,0.000000,1.458,0.516
6,12,63.7632,startup,-0.2000,reverse,1600.000,1290,decreasing,1630.000,1588.509,1281,0,1783739431.415664196,0.242207,0.568176,1.040783,0.019581,,,,,0.000000,0.000000,0.000000,1.458,0.516
6,12,63.7848,startup,-0.2000,reverse,1600.000,1290,decreasing,1630.000,1588.509,1281,0,1783739431.415664196,0.242207,0.568176,1.040783,0.019581,,,,,0.000000,0.000000,0.000000,1.458,0.516
6,12,63.8063,startup,-0.2000,reverse,1600.000,1290,decreasing,1630.000,1588.509,1281,0,1783739431.415664196,0.242207,0.568176,1.040783,0.019581,,,,,0.000000,0.000000,0.000000,1.458,0.516
6,12,63.8278,startup,-0.2000,reverse,1600.000,1290,decreasing,1630.000,1588.509,1281,0,1783739431.415664196,0.242207,0.568176,1.040783,0.019581,,,,,0.000000,0.000000,0.000000,1.459,0.516
6,12,63.8355,startup,-0.2000,reverse,1600.000,1290,decreasing,1630.000,1589.749,1282,1,1783739431.516119719,0.241289,0.569586,1.042853,0.016565,0.0007550,0.0020692,2.7407813,0.6502296,0.000755,0.000000,0.000000,1.459,0.516
6,12,63.8467,startup,-0.2000,reverse,1600.000,1290,decreasing,1630.000,1589.749,1282,0,1783739431.516119719,0.241289,0.569586,1.042853,0.016565,,,,,0.000755,0.000000,0.000000,1.459,0.516
6,12,63.8684,startup,-0.2000,reverse,1600.000,1290,decreasing,1630.000,1589.749,1282,0,1783739431.516119719,0.241289,0.569586,1.042853,0.016565,,,,,0.000755,0.000000,0.000000,1.459,0.516
6,12,63.8899,startup,-0.2000,reverse,1600.000,1290,decreasing,1630.000,1589.749,1282,0,1783739431.516119719,0.241289,0.569586,1.042853,0.016565,,,,,0.000755,0.000000,0.000000,1.459,0.516
6,12,63.9116,startup,-0.2000,reverse,1600.000,1290,decreasing,1630.000,1589.749,1282,0,1783739431.516119719,0.241289,0.569586,1.042853,0.016565,,,,,0.000755,0.000000,0.000000,1.459,0.516
6,12,63.9333,startup,-0.2000,reverse,1600.000,1290,decreasing,1630.000,1589.749,1282,0,1783739431.516119719,0.241289,0.569586,1.042853,0.016565,,,,,0.000755,0.000000,0.000000,1.458,0.518
6,12,63.9360,startup,-0.2000,reverse,1600.000,1290,decreasing,1630.000,1589.749,1282,0,1783739431.516119719,0.241289,0.569586,1.042853,0.016565,,,,,0.000755,0.000000,0.000000,1.458,0.518
6,12,63.9579,startup,-0.2000,reverse,1600.000,1290,decreasing,1630.000,1590.989,1283,1,1783739431.616566181,0.240563,0.569068,1.039042,0.010396,-0.0008145,-0.0038104,4.6783440,0.9144460,0.001569,0.000000,0.000000,1.458,0.518
6,12,63.9615,startup,-0.2000,reverse,1600.000,1290,decreasing,1630.000,1590.989,1283,0,1783739431.616566181,0.240563,0.569068,1.039042,0.010396,,,,,0.001569,0.000000,0.000000,1.458,0.518
6,12,63.9832,startup,-0.2000,reverse,1600.000,1290,decreasing,1630.000,1590.989,1283,0,1783739431.616566181,0.240563,0.569068,1.039042,0.010396,,,,,0.001569,0.000000,0.000000,1.458,0.518
6,12,64.0048,startup,-0.2000,reverse,1600.000,1290,decreasing,1630.000,1590.989,1283,0,1783739431.616566181,0.240563,0.569068,1.039042,0.010396,,,,,0.001569,0.000000,0.000000,1.458,0.518
6,12,64.0264,startup,-0.2000,reverse,1600.000,1290,decreasing,1630.000,1590.989,1283,0,1783739431.616566181,0.240563,0.569068,1.039042,0.010396,,,,,0.001569,0.000000,0.000000,1.457,0.525
6,12,64.0339,startup,-0.2000,reverse,1600.000,1290,decreasing,1630.000,1592.229,1284,1,1783739431.717069149,0.239915,0.566038,1.035701,0.000487,-0.0029388,-0.0033412,1.1369225,0.3056120,0.004508,0.000000,0.000000,1.457,0.525
6,12,64.0425,startup,-0.2000,reverse,1600.000,1290,decreasing,1630.000,1592.229,1284,0,1783739431.717069149,0.239915,0.566038,1.035701,0.000487,,,,,0.004508,0.000000,0.000000,1.457,0.525
6,12,64.0642,startup,-0.2000,reverse,1600.000,1290,decreasing,1630.000,1592.229,1284,0,1783739431.717069149,0.239915,0.566038,1.035701,0.000487,,,,,0.004508,0.000000,0.000000,1.457,0.525
6,12,64.0857,startup,-0.2000,reverse,1600.000,1290,decreasing,1630.000,1592.229,1284,0,1783739431.717069149,0.239915,0.566038,1.035701,0.000487,,,,,0.004508,0.000000,0.000000,1.457,0.525
6,12,64.1073,startup,-0.2000,reverse,1600.000,1290,decreasing,1630.000,1592.229,1284,0,1783739431.717069149,0.239915,0.566038,1.035701,0.000487,,,,,0.004508,0.000000,0.000000,1.457,0.525
6,12,64.1289,startup,-0.2000,reverse,1600.000,1290,decreasing,1630.000,1592.229,1284,0,1783739431.717069149,0.239915,0.566038,1.035701,0.000487,,,,,0.004508,0.000000,0.000000,1.448,0.533
6,12,64.1344,startup,-0.2000,reverse,1600.000,1290,decreasing,1630.000,1593.469,1285,1,1783739431.815076113,0.237189,0.559932,1.034690,-0.016577,-0.0066417,-0.0010109,0.1522092,0.0422130,0.011150,0.000000,0.000000,1.448,0.533
6,12,64.1508,startup,-0.2000,reverse,1600.000,1290,decreasing,1630.000,1593.469,1285,0,1783739431.815076113,0.237189,0.559932,1.034690,-0.016577,,,,,0.011150,0.000000,0.000000,1.448,0.533
6,12,64.1725,startup,-0.2000,reverse,1600.000,1290,decreasing,1630.000,1593.469,1285,0,1783739431.815076113,0.237189,0.559932,1.034690,-0.016577,,,,,0.011150,0.000000,0.000000,1.448,0.533
6,12,64.1941,startup,-0.2000,reverse,1600.000,1290,decreasing,1630.000,1593.469,1285,0,1783739431.815076113,0.237189,0.559932,1.034690,-0.016577,,,,,0.011150,0.000000,0.000000,1.448,0.533
6,12,64.2156,startup,-0.2000,reverse,1600.000,1290,decreasing,1630.000,1593.469,1285,0,1783739431.815076113,0.237189,0.559932,1.034690,-0.016577,,,,,0.011150,0.000000,0.000000,1.441,0.542
6,12,64.2329,startup,-0.2000,reverse,1600.000,1290,decreasing,1630.000,1596.569,1288,1,1783739431.915565729,0.231685,0.550610,1.031966,-0.039366,-0.0108261,-0.0027245,0.2516563,0.0697214,0.021976,0.000000,0.000000,1.441,0.542
6,12,64.2437,startup,-0.2000,reverse,1600.000,1290,decreasing,1630.000,1596.569,1288,0,1783739431.915565729,0.231685,0.550610,1.031966,-0.039366,,,,,0.021976,0.000000,0.000000,1.441,0.542
6,12,64.2653,startup,-0.2000,reverse,1600.000,1290,decreasing,1630.000,1596.569,1288,0,1783739431.915565729,0.231685,0.550610,1.031966,-0.039366,,,,,0.021976,0.000000,0.000000,1.441,0.542
6,12,64.2869,startup,-0.2000,reverse,1600.000,1290,decreasing,1630.000,1596.569,1288,0,1783739431.915565729,0.231685,0.550610,1.031966,-0.039366,,,,,0.021976,0.000000,0.000000,1.441,0.542
6,12,64.3083,startup,-0.2000,reverse,1600.000,1290,decreasing,1630.000,1596.569,1288,0,1783739431.915565729,0.231685,0.550610,1.031966,-0.039366,,,,,0.021976,0.000000,0.000000,1.441,0.542
6,12,64.3298,startup,-0.2000,reverse,1600.000,1290,decreasing,1630.000,1596.569,1288,0,1783739431.915565729,0.231685,0.550610,1.031966,-0.039366,,,,,0.021976,0.000000,0.000000,1.430,0.552
6,12,64.3332,rolling,-0.2000,reverse,1600.000,1290,decreasing,1630.000,1592.509,1284,1,1783739432.013588905,0.227084,0.542785,1.026782,-0.052673,-0.0090765,-0.0051833,0.5710676,0.1571643,0.031052,0.000000,0.000000,1.430,0.552
6,12,64.3470,rolling,-0.2000,reverse,1600.000,1290,decreasing,1630.000,1592.509,1284,0,1783739432.013588905,0.227084,0.542785,1.026782,-0.052673,,,,,0.031052,0.000000,0.000000,1.430,0.552
6,12,64.3686,rolling,-0.2000,reverse,1600.000,1290,decreasing,1630.000,1592.509,1284,0,1783739432.013588905,0.227084,0.542785,1.026782,-0.052673,,,,,0.031052,0.000000,0.000000,1.430,0.552
6,12,64.3902,rolling,-0.2000,reverse,1600.000,1290,decreasing,1630.000,1592.509,1284,0,1783739432.013588905,0.227084,0.542785,1.026782,-0.052673,,,,,0.031052,0.000000,0.000000,1.430,0.552
6,12,64.4117,rolling,-0.2000,reverse,1600.000,1290,decreasing,1630.000,1592.509,1284,0,1783739432.013588905,0.227084,0.542785,1.026782,-0.052673,,,,,0.031052,0.000000,0.000000,1.416,0.572
6,12,64.4314,rolling,-0.2000,reverse,1600.000,1290,decreasing,1630.000,1594.391,1286,1,1783739432.114338875,0.220664,0.530178,1.020454,-0.074510,-0.0141070,-0.0063283,0.4485939,0.1238477,0.045159,0.000000,0.000000,1.416,0.572
6,12,64.4517,rolling,-0.2000,reverse,1600.000,1290,decreasing,1630.000,1594.391,1286,0,1783739432.114338875,0.220664,0.530178,1.020454,-0.074510,,,,,0.045159,0.000000,0.000000,1.416,0.572
6,12,64.4734,rolling,-0.2000,reverse,1600.000,1290,decreasing,1630.000,1594.391,1286,0,1783739432.114338875,0.220664,0.530178,1.020454,-0.074510,,,,,0.045159,0.000000,0.000000,1.416,0.572
6,12,64.4950,rolling,-0.2000,reverse,1600.000,1290,decreasing,1630.000,1594.391,1286,0,1783739432.114338875,0.220664,0.530178,1.020454,-0.074510,,,,,0.045159,0.000000,0.000000,1.416,0.572
6,12,64.5167,rolling,-0.2000,reverse,1600.000,1290,decreasing,1630.000,1594.391,1286,0,1783739432.114338875,0.220664,0.530178,1.020454,-0.074510,,,,,0.045159,0.000000,0.000000,1.398,0.590
6,12,64.5317,rolling,-0.2000,reverse,1600.000,1290,decreasing,1630.000,1593.873,1285,1,1783739432.212434769,0.210201,0.512127,1.013110,-0.109031,-0.0208545,-0.0073441,0.3521584,0.0974147,0.066014,0.000000,0.000000,1.398,0.590
6,12,64.5435,rolling,-0.2000,reverse,1600.000,1290,decreasing,1630.000,1593.873,1285,0,1783739432.212434769,0.210201,0.512127,1.013110,-0.109031,,,,,0.066014,0.000000,0.000000,1.398,0.590
6,12,64.5653,rolling,-0.2000,reverse,1600.000,1290,decreasing,1630.000,1593.873,1285,0,1783739432.212434769,0.210201,0.512127,1.013110,-0.109031,,,,,0.066014,0.000000,0.000000,1.398,0.590
6,12,64.5871,rolling,-0.2000,reverse,1600.000,1290,decreasing,1630.000,1593.873,1285,0,1783739432.212434769,0.210201,0.512127,1.013110,-0.109031,,,,,0.066014,0.000000,0.000000,1.398,0.590
6,12,64.6088,rolling,-0.2000,reverse,1600.000,1290,decreasing,1630.000,1593.873,1285,0,1783739432.212434769,0.210201,0.512127,1.013110,-0.109031,,,,,0.066014,0.000000,0.000000,1.380,0.467
6,12,64.6297,rolling,-0.2000,reverse,1600.000,1290,decreasing,1630.000,1593.651,1285,1,1783739432.312783241,0.200484,0.498283,1.006999,-0.123856,-0.0168918,-0.0061105,0.3617464,0.1000495,0.082906,-0.016892,-0.006111,1.380,0.467
6,12,64.6473,rolling,-0.2000,reverse,1600.000,1290,decreasing,1630.000,1593.651,1285,0,1783739432.312783241,0.200484,0.498283,1.006999,-0.123856,,,,,0.082906,-0.016892,-0.006111,1.380,0.467
6,12,64.6690,rolling,-0.2000,reverse,1600.000,1290,decreasing,1630.000,1593.651,1285,0,1783739432.312783241,0.200484,0.498283,1.006999,-0.123856,,,,,0.082906,-0.016892,-0.006111,1.380,0.467
6,12,64.6906,rolling,-0.2000,reverse,1600.000,1290,decreasing,1630.000,1593.651,1285,0,1783739432.312783241,0.200484,0.498283,1.006999,-0.123856,,,,,0.082906,-0.016892,-0.006111,1.380,0.467
6,12,64.7122,rolling,-0.2000,reverse,1600.000,1290,decreasing,1630.000,1593.651,1285,0,1783739432.312783241,0.200484,0.498283,1.006999,-0.123856,,,,,0.082906,-0.016892,-0.006111,1.361,0.485
6,12,64.7302,rolling,-0.2000,reverse,1600.000,1290,decreasing,1630.000,1593.243,1285,1,1783739432.410729408,0.192680,0.476250,0.999394,-0.151021,-0.0227741,-0.0076058,0.3339663,0.0924117,0.105680,-0.039666,-0.013716,1.361,0.485
6,12,64.7439,rolling,-0.2000,reverse,1600.000,1290,decreasing,1630.000,1593.243,1285,0,1783739432.410729408,0.192680,0.476250,0.999394,-0.151021,,,,,0.105680,-0.039666,-0.013716,1.361,0.485
6,12,64.7656,rolling,-0.2000,reverse,1600.000,1290,decreasing,1630.000,1593.243,1285,0,1783739432.410729408,0.192680,0.476250,0.999394,-0.151021,,,,,0.105680,-0.039666,-0.013716,1.361,0.485
6,12,64.7872,rolling,-0.2000,reverse,1600.000,1290,decreasing,1630.000,1593.243,1285,0,1783739432.410729408,0.192680,0.476250,0.999394,-0.151021,,,,,0.105680,-0.039666,-0.013716,1.361,0.485
6,12,64.8089,rolling,-0.2000,reverse,1600.000,1290,decreasing,1630.000,1593.243,1285,0,1783739432.410729408,0.192680,0.476250,0.999394,-0.151021,,,,,0.105680,-0.039666,-0.013716,1.342,0.501
6,12,64.8282,rolling,-0.2000,reverse,1600.000,1290,decreasing,1630.000,1593.051,1285,1,1783739432.511115551,0.176669,0.462411,0.990694,-0.163883,-0.0203251,-0.0087001,0.4280472,0.1182291,0.126005,-0.059991,-0.022416,1.342,0.501
6,12,64.8473,rolling,-0.2000,reverse,1600.000,1290,decreasing,1630.000,1593.051,1285,0,1783739432.511115551,0.176669,0.462411,0.990694,-0.163883,,,,,0.126005,-0.059991,-0.022416,1.342,0.501
6,12,64.8690,rolling,-0.2000,reverse,1600.000,1290,decreasing,1630.000,1593.051,1285,0,1783739432.511115551,0.176669,0.462411,0.990694,-0.163883,,,,,0.126005,-0.059991,-0.022416,1.342,0.501
6,12,64.8906,rolling,-0.2000,reverse,1600.000,1290,decreasing,1630.000,1593.051,1285,0,1783739432.511115551,0.176669,0.462411,0.990694,-0.163883,,,,,0.126005,-0.059991,-0.022416,1.342,0.501
6,12,64.9124,rolling,-0.2000,reverse,1600.000,1290,decreasing,1630.000,1593.051,1285,0,1783739432.511115551,0.176669,0.462411,0.990694,-0.163883,,,,,0.126005,-0.059991,-0.022416,1.324,0.519
6,12,64.9285,rolling,-0.2000,reverse,1600.000,1290,decreasing,1630.000,1592.976,1285,1,1783739432.609291553,0.166780,0.447336,0.981765,-0.168823,-0.0180293,-0.0089285,0.4952231,0.1365690,0.144034,-0.078020,-0.031345,1.324,0.519
6,12,64.9476,rolling,-0.2000,reverse,1600.000,1290,decreasing,1630.000,1592.976,1285,0,1783739432.609291553,0.166780,0.447336,0.981765,-0.168823,,,,,0.144034,-0.078020,-0.031345,1.324,0.519
6,12,64.9693,rolling,-0.2000,reverse,1600.000,1290,decreasing,1630.000,1592.976,1285,0,1783739432.609291553,0.166780,0.447336,0.981765,-0.168823,,,,,0.144034,-0.078020,-0.031345,1.324,0.519
6,12,64.9910,rolling,-0.2000,reverse,1600.000,1290,decreasing,1630.000,1592.976,1285,0,1783739432.609291553,0.166780,0.447336,0.981765,-0.168823,,,,,0.144034,-0.078020,-0.031345,1.324,0.519
6,12,65.0126,rolling,-0.2000,reverse,1600.000,1290,decreasing,1630.000,1592.976,1285,0,1783739432.609291553,0.166780,0.447336,0.981765,-0.168823,,,,,0.144034,-0.078020,-0.031345,1.308,0.529
6,12,65.0294,rolling,-0.2000,reverse,1600.000,1290,decreasing,1630.000,1592.932,1285,1,1783739432.709674835,0.160555,0.429676,0.974276,-0.171756,-0.0181249,-0.0074890,0.4131880,0.1141611,0.162159,-0.096145,-0.038834,1.308,0.529
6,12,65.0440,rolling,-0.2000,reverse,1600.000,1290,decreasing,1630.000,1592.932,1285,0,1783739432.709674835,0.160555,0.429676,0.974276,-0.171756,,,,,0.162159,-0.096145,-0.038834,1.308,0.529
6,12,65.0657,rolling,-0.2000,reverse,1600.000,1290,decreasing,1630.000,1592.932,1285,0,1783739432.709674835,0.160555,0.429676,0.974276,-0.171756,,,,,0.162159,-0.096145,-0.038834,1.308,0.529
6,12,65.0872,rolling,-0.2000,reverse,1600.000,1290,decreasing,1630.000,1592.932,1285,0,1783739432.709674835,0.160555,0.429676,0.974276,-0.171756,,,,,0.162159,-0.096145,-0.038834,1.308,0.529
6,12,65.1087,rolling,-0.2000,reverse,1600.000,1290,decreasing,1630.000,1592.932,1285,0,1783739432.709674835,0.160555,0.429676,0.974276,-0.171756,,,,,0.162159,-0.096145,-0.038834,1.292,0.549
6,12,65.1298,rolling,-0.2000,reverse,1600.000,1290,decreasing,1630.000,1592.871,1285,1,1783739432.810458899,0.147218,0.415833,0.969030,-0.175831,-0.0189529,-0.0052459,0.2767849,0.0766573,0.181112,-0.115098,-0.044080,1.292,0.549
6,12,65.1492,rolling,-0.2000,reverse,1600.000,1290,decreasing,1630.000,1592.871,1285,0,1783739432.810458899,0.147218,0.415833,0.969030,-0.175831,,,,,0.181112,-0.115098,-0.044080,1.292,0.549
6,12,65.1707,rolling,-0.2000,reverse,1600.000,1290,decreasing,1630.000,1592.871,1285,0,1783739432.810458899,0.147218,0.415833,0.969030,-0.175831,,,,,0.181112,-0.115098,-0.044080,1.292,0.549
6,12,65.1923,rolling,-0.2000,reverse,1600.000,1290,decreasing,1630.000,1592.871,1285,0,1783739432.810458899,0.147218,0.415833,0.969030,-0.175831,,,,,0.181112,-0.115098,-0.044080,1.292,0.549
6,12,65.2138,rolling,-0.2000,reverse,1600.000,1290,decreasing,1630.000,1592.871,1285,0,1783739432.810458899,0.147218,0.415833,0.969030,-0.175831,,,,,0.181112,-0.115098,-0.044080,1.278,0.564
6,12,65.2303,rolling,-0.2000,reverse,1600.000,1290,decreasing,1630.000,1592.871,1285,0,1783739432.810458899,0.147218,0.415833,0.969030,-0.175831,,,,,0.181112,-0.115098,-0.044080,1.278,0.564
6,12,65.2522,rolling,-0.2000,reverse,1600.000,1290,decreasing,1630.000,1592.927,1285,1,1783739432.910946131,0.141874,0.399859,0.960309,-0.172108,-0.0161726,-0.0087208,0.5392323,0.1485349,0.197285,-0.131271,-0.052801,1.278,0.564
6,12,65.2540,rolling,-0.2000,reverse,1600.000,1290,decreasing,1630.000,1592.927,1285,0,1783739432.910946131,0.141874,0.399859,0.960309,-0.172108,,,,,0.197285,-0.131271,-0.052801,1.278,0.564
6,12,65.2757,rolling,-0.2000,reverse,1600.000,1290,decreasing,1630.000,1592.927,1285,0,1783739432.910946131,0.141874,0.399859,0.960309,-0.172108,,,,,0.197285,-0.131271,-0.052801,1.278,0.564
6,12,65.2973,rolling,-0.2000,reverse,1600.000,1290,decreasing,1630.000,1592.927,1285,0,1783739432.910946131,0.141874,0.399859,0.960309,-0.172108,,,,,0.197285,-0.131271,-0.052801,1.278,0.564
6,12,65.3189,rolling,-0.2000,reverse,1600.000,1290,decreasing,1630.000,1592.927,1285,0,1783739432.910946131,0.141874,0.399859,0.960309,-0.172108,,,,,0.197285,-0.131271,-0.052801,1.263,0.585
6,12,65.3309,rolling,-0.2000,reverse,1600.000,1290,decreasing,1630.000,1592.938,1285,1,1783739433.011452675,0.130769,0.386875,0.952728,-0.171396,-0.0170117,-0.0075818,0.4456805,0.1230515,0.214296,-0.148282,-0.060382,1.263,0.585
6,12,65.3430,rolling,-0.2000,reverse,1600.000,1290,decreasing,1630.000,1592.938,1285,0,1783739433.011452675,0.130769,0.386875,0.952728,-0.171396,,,,,0.214296,-0.148282,-0.060382,1.263,0.585
6,12,65.3646,rolling,-0.2000,reverse,1600.000,1290,decreasing,1630.000,1592.938,1285,0,1783739433.011452675,0.130769,0.386875,0.952728,-0.171396,,,,,0.214296,-0.148282,-0.060382,1.263,0.585
6,12,65.3861,rolling,-0.2000,reverse,1600.000,1290,decreasing,1630.000,1592.938,1285,0,1783739433.011452675,0.130769,0.386875,0.952728,-0.171396,,,,,0.214296,-0.148282,-0.060382,1.263,0.585
6,12,65.4077,rolling,-0.2000,reverse,1600.000,1290,decreasing,1630.000,1592.938,1285,0,1783739433.011452675,0.130769,0.386875,0.952728,-0.171396,,,,,0.214296,-0.148282,-0.060382,1.263,0.585
6,12,65.4294,rolling,-0.2000,reverse,1600.000,1290,decreasing,1630.000,1592.938,1285,0,1783739433.011452675,0.130769,0.386875,0.952728,-0.171396,,,,,0.214296,-0.148282,-0.060382,1.244,0.601
6,12,65.4319,rolling,-0.2000,reverse,1600.000,1290,decreasing,1630.000,1592.955,1285,1,1783739433.111841202,0.121076,0.373217,0.944323,-0.170254,-0.0167475,-0.0084045,0.5018349,0.1383693,0.231044,-0.165030,-0.068787,1.244,0.601
6,12,65.4437,rolling,-0.2000,reverse,1600.000,1290,decreasing,1630.000,1592.955,1285,0,1783739433.111841202,0.121076,0.373217,0.944323,-0.170254,,,,,0.231044,-0.165030,-0.068787,1.244,0.601
6,12,65.4653,rolling,-0.2000,reverse,1600.000,1290,decreasing,1630.000,1592.955,1285,0,1783739433.111841202,0.121076,0.373217,0.944323,-0.170254,,,,,0.231044,-0.165030,-0.068787,1.244,0.601
6,12,65.4868,rolling,-0.2000,reverse,1600.000,1290,decreasing,1630.000,1592.955,1285,0,1783739433.111841202,0.121076,0.373217,0.944323,-0.170254,,,,,0.231044,-0.165030,-0.068787,1.244,0.601
6,12,65.5083,rolling,-0.2000,reverse,1600.000,1290,decreasing,1630.000,1592.955,1285,0,1783739433.111841202,0.121076,0.373217,0.944323,-0.170254,,,,,0.231044,-0.165030,-0.068787,1.244,0.601
6,12,65.5302,rolling,-0.2000,reverse,1600.000,1290,decreasing,1630.000,1592.955,1285,0,1783739433.111841202,0.121076,0.373217,0.944323,-0.170254,,,,,0.231044,-0.165030,-0.068787,1.230,0.615
6,12,65.5325,rolling,-0.2000,reverse,1600.000,1290,decreasing,1630.000,1592.987,1285,1,1783739433.212581396,0.111522,0.360023,0.935657,-0.168114,-0.0162892,-0.0086662,0.5320179,0.1465762,0.247333,-0.181319,-0.077453,1.230,0.615
6,12,65.5434,rolling,-0.2000,reverse,1600.000,1290,decreasing,1630.000,1592.987,1285,0,1783739433.212581396,0.111522,0.360023,0.935657,-0.168114,,,,,0.247333,-0.181319,-0.077453,1.230,0.615
6,12,65.5653,rolling,-0.2000,reverse,1600.000,1290,decreasing,1630.000,1592.987,1285,0,1783739433.212581396,0.111522,0.360023,0.935657,-0.168114,,,,,0.247333,-0.181319,-0.077453,1.230,0.615
6,12,65.5871,rolling,-0.2000,reverse,1600.000,1290,decreasing,1630.000,1592.987,1285,0,1783739433.212581396,0.111522,0.360023,0.935657,-0.168114,,,,,0.247333,-0.181319,-0.077453,1.230,0.615
6,12,65.6090,rolling,-0.2000,reverse,1600.000,1290,decreasing,1630.000,1592.987,1285,0,1783739433.212581396,0.111522,0.360023,0.935657,-0.168114,,,,,0.247333,-0.181319,-0.077453,1.230,0.615
6,12,65.6308,rolling,-0.2000,reverse,1600.000,1290,decreasing,1630.000,1592.987,1285,0,1783739433.212581396,0.111522,0.360023,0.935657,-0.168114,,,,,0.247333,-0.181319,-0.077453,1.214,0.635
6,12,65.6334,rolling,-0.2000,reverse,1600.000,1290,decreasing,1630.000,1593.021,1285,1,1783739433.313030958,0.101582,0.347489,0.926028,-0.165882,-0.0159899,-0.0096292,0.6022068,0.1655823,0.263323,-0.197309,-0.087082,1.214,0.635
6,12,65.6418,rolling,-0.2000,reverse,1600.000,1290,decreasing,1630.000,1593.021,1285,0,1783739433.313030958,0.101582,0.347489,0.926028,-0.165882,,,,,0.263323,-0.197309,-0.087082,1.214,0.635
6,12,65.6634,rolling,-0.2000,reverse,1600.000,1290,decreasing,1630.000,1593.021,1285,0,1783739433.313030958,0.101582,0.347489,0.926028,-0.165882,,,,,0.263323,-0.197309,-0.087082,1.214,0.635
6,12,65.6850,rolling,-0.2000,reverse,1600.000,1290,decreasing,1630.000,1593.021,1285,0,1783739433.313030958,0.101582,0.347489,0.926028,-0.165882,,,,,0.263323,-0.197309,-0.087082,1.214,0.635
6,12,65.7065,rolling,-0.2000,reverse,1600.000,1290,decreasing,1630.000,1593.021,1285,0,1783739433.313030958,0.101582,0.347489,0.926028,-0.165882,,,,,0.263323,-0.197309,-0.087082,1.214,0.635
6,12,65.7280,rolling,-0.2000,reverse,1600.000,1290,decreasing,1630.000,1593.021,1285,0,1783739433.313030958,0.101582,0.347489,0.926028,-0.165882,,,,,0.263323,-0.197309,-0.087082,1.197,0.647
6,12,65.7329,rolling,-0.2000,reverse,1600.000,1290,decreasing,1630.000,1593.076,1285,1,1783739433.413457155,0.092434,0.335386,0.918513,-0.162177,-0.0151706,-0.0075145,0.4953307,0.1365983,0.278494,-0.212480,-0.094597,1.197,0.647
6,12,65.7512,rolling,-0.2000,reverse,1600.000,1290,decreasing,1630.000,1593.076,1285,0,1783739433.413457155,0.092434,0.335386,0.918513,-0.162177,,,,,0.278494,-0.212480,-0.094597,1.197,0.647
6,12,65.7730,rolling,-0.2000,reverse,1600.000,1290,decreasing,1630.000,1593.076,1285,0,1783739433.413457155,0.092434,0.335386,0.918513,-0.162177,,,,,0.278494,-0.212480,-0.094597,1.197,0.647
6,12,65.7945,rolling,-0.2000,reverse,1600.000,1290,decreasing,1630.000,1593.076,1285,0,1783739433.413457155,0.092434,0.335386,0.918513,-0.162177,,,,,0.278494,-0.212480,-0.094597,1.197,0.647
6,12,65.8160,rolling,-0.2000,reverse,1600.000,1290,decreasing,1630.000,1593.076,1285,0,1783739433.413457155,0.092434,0.335386,0.918513,-0.162177,,,,,0.278494,-0.212480,-0.094597,1.180,0.663
6,12,65.8336,rolling,-0.2000,reverse,1600.000,1290,decreasing,1630.000,1593.053,1285,1,1783739433.513945341,0.081743,0.322283,0.910222,-0.163690,-0.0169053,-0.0082911,0.4904433,0.1352669,0.295399,-0.229385,-0.102888,1.180,0.663
6,12,65.8472,rolling,-0.2000,reverse,1600.000,1290,decreasing,1630.000,1593.053,1285,0,1783739433.513945341,0.081743,0.322283,0.910222,-0.163690,,,,,0.295399,-0.229385,-0.102888,1.180,0.663
6,12,65.8688,rolling,-0.2000,reverse,1600.000,1290,decreasing,1630.000,1593.053,1285,0,1783739433.513945341,0.081743,0.322283,0.910222,-0.163690,,,,,0.295399,-0.229385,-0.102888,1.180,0.663
6,12,65.8904,rolling,-0.2000,reverse,1600.000,1290,decreasing,1630.000,1593.053,1285,0,1783739433.513945341,0.081743,0.322283,0.910222,-0.163690,,,,,0.295399,-0.229385,-0.102888,1.180,0.663
6,12,65.9120,rolling,-0.2000,reverse,1600.000,1290,decreasing,1630.000,1593.053,1285,0,1783739433.513945341,0.081743,0.322283,0.910222,-0.163690,,,,,0.295399,-0.229385,-0.102888,1.166,0.681
6,12,65.9314,rolling,-0.2000,reverse,1600.000,1290,decreasing,1630.000,1593.143,1285,1,1783739433.614715338,0.073238,0.311035,0.903298,-0.157748,-0.0140999,-0.0069242,0.4910797,0.1354403,0.309499,-0.243485,-0.109812,1.166,0.681
6,12,65.9462,rolling,-0.2000,reverse,1600.000,1290,decreasing,1630.000,1593.143,1285,0,1783739433.614715338,0.073238,0.311035,0.903298,-0.157748,,,,,0.309499,-0.243485,-0.109812,1.166,0.681
6,12,65.9678,rolling,-0.2000,reverse,1600.000,1290,decreasing,1630.000,1593.143,1285,0,1783739433.614715338,0.073238,0.311035,0.903298,-0.157748,,,,,0.309499,-0.243485,-0.109812,1.166,0.681
6,12,65.9893,rolling,-0.2000,reverse,1600.000,1290,decreasing,1630.000,1593.143,1285,0,1783739433.614715338,0.073238,0.311035,0.903298,-0.157748,,,,,0.309499,-0.243485,-0.109812,1.166,0.681
6,12,66.0109,rolling,-0.2000,reverse,1600.000,1290,decreasing,1630.000,1593.143,1285,0,1783739433.614715338,0.073238,0.311035,0.903298,-0.157748,,,,,0.309499,-0.243485,-0.109812,1.153,0.696
6,12,66.0319,rolling,-0.2000,reverse,1600.000,1290,decreasing,1630.000,1593.250,1285,1,1783739433.712492704,0.066685,0.300137,0.898118,-0.150554,-0.0126106,-0.0051803,0.4107904,0.1135044,0.322109,-0.256095,-0.114992,1.153,0.696
6,12,66.0504,rolling,-0.2000,reverse,1600.000,1290,decreasing,1630.000,1593.250,1285,0,1783739433.712492704,0.066685,0.300137,0.898118,-0.150554,,,,,0.322109,-0.256095,-0.114992,1.153,0.696
6,12,66.0721,rolling,-0.2000,reverse,1600.000,1290,decreasing,1630.000,1593.250,1285,0,1783739433.712492704,0.066685,0.300137,0.898118,-0.150554,,,,,0.322109,-0.256095,-0.114992,1.153,0.696
6,12,66.0938,rolling,-0.2000,reverse,1600.000,1290,decreasing,1630.000,1593.250,1285,0,1783739433.712492704,0.066685,0.300137,0.898118,-0.150554,,,,,0.322109,-0.256095,-0.114992,1.153,0.696
6,12,66.1153,rolling,-0.2000,reverse,1600.000,1290,decreasing,1630.000,1593.250,1285,0,1783739433.712492704,0.066685,0.300137,0.898118,-0.150554,,,,,0.322109,-0.256095,-0.114992,1.141,0.813
6,12,66.1327,rolling,-0.2000,reverse,1600.000,1290,decreasing,1630.000,1593.298,1285,1,1783739433.812923431,0.058101,0.289265,0.891560,-0.147396,-0.0138514,-0.0065578,0.4734411,0.1306317,0.335961,-0.269947,-0.121550,1.141,0.813
6,12,66.1526,rolling,-0.2000,reverse,1600.000,1290,decreasing,1630.000,1593.298,1285,0,1783739433.812923431,0.058101,0.289265,0.891560,-0.147396,,,,,0.335961,-0.269947,-0.121550,1.141,0.813
6,12,66.1743,rolling,-0.2000,reverse,1600.000,1290,decreasing,1630.000,1593.298,1285,0,1783739433.812923431,0.058101,0.289265,0.891560,-0.147396,,,,,0.335961,-0.269947,-0.121550,1.141,0.813
6,12,66.1960,rolling,-0.2000,reverse,1600.000,1290,decreasing,1630.000,1593.298,1285,0,1783739433.812923431,0.058101,0.289265,0.891560,-0.147396,,,,,0.335961,-0.269947,-0.121550,1.141,0.813
6,12,66.2176,rolling,-0.2000,reverse,1600.000,1290,decreasing,1630.000,1593.298,1285,0,1783739433.812923431,0.058101,0.289265,0.891560,-0.147396,,,,,0.335961,-0.269947,-0.121550,1.130,0.723
6,12,66.2305,rolling,-0.2000,reverse,1600.000,1290,decreasing,1630.000,1593.409,1285,1,1783739433.913758755,0.050509,0.280122,0.887313,-0.140010,-0.0118837,-0.0042469,0.3573721,0.0988475,0.347844,-0.281830,-0.125797,1.130,0.723
6,12,66.2464,rolling,-0.2000,reverse,1600.000,1290,decreasing,1630.000,1593.409,1285,0,1783739433.913758755,0.050509,0.280122,0.887313,-0.140010,,,,,0.347844,-0.281830,-0.125797,1.130,0.723
6,12,66.2680,rolling,-0.2000,reverse,1600.000,1290,decreasing,1630.000,1593.409,1285,0,1783739433.913758755,0.050509,0.280122,0.887313,-0.140010,,,,,0.347844,-0.281830,-0.125797,1.130,0.723
6,12,66.2895,rolling,-0.2000,reverse,1600.000,1290,decreasing,1630.000,1593.409,1285,0,1783739433.913758755,0.050509,0.280122,0.887313,-0.140010,,,,,0.347844,-0.281830,-0.125797,1.130,0.723
6,12,66.3111,rolling,-0.2000,reverse,1600.000,1290,decreasing,1630.000,1593.409,1285,0,1783739433.913758755,0.050509,0.280122,0.887313,-0.140010,,,,,0.347844,-0.281830,-0.125797,1.120,0.729
6,12,66.3313,rolling,-0.2000,reverse,1600.000,1290,decreasing,1630.000,1593.482,1285,1,1783739434.011660099,0.041734,0.272077,0.879468,-0.135103,-0.0117857,-0.0078451,0.6656452,0.1826577,0.359630,-0.293616,-0.133642,1.120,0.729
6,12,66.3483,rolling,-0.2000,reverse,1600.000,1290,decreasing,1630.000,1593.482,1285,0,1783739434.011660099,0.041734,0.272077,0.879468,-0.135103,,,,,0.359630,-0.293616,-0.133642,1.120,0.729
6,12,66.3700,rolling,-0.2000,reverse,1600.000,1290,decreasing,1630.000,1593.482,1285,0,1783739434.011660099,0.041734,0.272077,0.879468,-0.135103,,,,,0.359630,-0.293616,-0.133642,1.120,0.729
6,12,66.3915,rolling,-0.2000,reverse,1600.000,1290,decreasing,1630.000,1593.482,1285,0,1783739434.011660099,0.041734,0.272077,0.879468,-0.135103,,,,,0.359630,-0.293616,-0.133642,1.120,0.729
6,12,66.4130,rolling,-0.2000,reverse,1600.000,1290,decreasing,1630.000,1593.482,1285,0,1783739434.011660099,0.041734,0.272077,0.879468,-0.135103,,,,,0.359630,-0.293616,-0.133642,1.113,0.728
6,12,66.4294,rolling,-0.2000,reverse,1600.000,1290,decreasing,1630.000,1593.833,1285,1,1783739434.112327576,0.036627,0.270889,0.874748,-0.111706,-0.0041790,-0.0047196,1.1293750,0.3037060,0.363809,-0.293616,-0.133642,1.113,0.728
6,12,66.4412,rolling,-0.2000,reverse,1600.000,1290,decreasing,1630.000,1593.833,1285,0,1783739434.112327576,0.036627,0.270889,0.874748,-0.111706,,,,,0.363809,-0.293616,-0.133642,1.113,0.728
6,12,66.4628,rolling,-0.2000,reverse,1600.000,1290,decreasing,1630.000,1593.833,1285,0,1783739434.112327576,0.036627,0.270889,0.874748,-0.111706,,,,,0.363809,-0.293616,-0.133642,1.113,0.728
6,12,66.4843,rolling,-0.2000,reverse,1600.000,1290,decreasing,1630.000,1593.833,1285,0,1783739434.112327576,0.036627,0.270889,0.874748,-0.111706,,,,,0.363809,-0.293616,-0.133642,1.113,0.728
6,12,66.5059,rolling,-0.2000,reverse,1600.000,1290,decreasing,1630.000,1593.833,1285,0,1783739434.112327576,0.036627,0.270889,0.874748,-0.111706,,,,,0.363809,-0.293616,-0.133642,1.113,0.728
6,12,66.5274,rolling,-0.2000,reverse,1600.000,1290,decreasing,1630.000,1593.833,1285,0,1783739434.112327576,0.036627,0.270889,0.874748,-0.111706,,,,,0.363809,-0.293616,-0.133642,1.114,0.754
6,12,66.5300,rolling,-0.2000,reverse,1600.000,1290,decreasing,1630.000,1594.367,1286,1,1783739434.210308075,0.040515,0.271541,0.875627,-0.076145,0.0029919,0.0008789,0.2937489,0.0813355,0.366801,-0.293616,-0.133642,1.114,0.754
6,12,66.5514,rolling,-0.2000,reverse,1600.000,1290,decreasing,1630.000,1594.367,1286,0,1783739434.210308075,0.040515,0.271541,0.875627,-0.076145,,,,,0.366801,-0.293616,-0.133642,1.114,0.754
6,12,66.5731,rolling,-0.2000,reverse,1600.000,1290,decreasing,1630.000,1594.367,1286,0,1783739434.210308075,0.040515,0.271541,0.875627,-0.076145,,,,,0.366801,-0.293616,-0.133642,1.114,0.754
6,12,66.5947,rolling,-0.2000,reverse,1600.000,1290,decreasing,1630.000,1594.367,1286,0,1783739434.210308075,0.040515,0.271541,0.875627,-0.076145,,,,,0.366801,-0.293616,-0.133642,1.114,0.754
6,12,66.6163,rolling,-0.2000,reverse,1600.000,1290,decreasing,1630.000,1594.367,1286,0,1783739434.210308075,0.040515,0.271541,0.875627,-0.076145,,,,,0.366801,-0.293616,-0.133642,1.112,0.752
6,12,66.6276,rolling,-0.2000,reverse,1600.000,1290,decreasing,1630.000,1594.537,1286,1,1783739434.310695171,0.040415,0.267596,0.875450,-0.064813,-0.0030936,-0.0001773,0.0573108,0.0159024,0.369895,-0.293616,-0.133642,1.112,0.752
6,12,66.6480,rolling,-0.2000,reverse,1600.000,1290,decreasing,1630.000,1594.537,1286,0,1783739434.310695171,0.040415,0.267596,0.875450,-0.064813,,,,,0.369895,-0.293616,-0.133642,1.112,0.752
6,12,66.6697,rolling,-0.2000,reverse,1600.000,1290,decreasing,1630.000,1594.537,1286,0,1783739434.310695171,0.040415,0.267596,0.875450,-0.064813,,,,,0.369895,-0.293616,-0.133642,1.112,0.752
6,12,66.6913,rolling,-0.2000,reverse,1600.000,1290,decreasing,1630.000,1594.537,1286,0,1783739434.310695171,0.040415,0.267596,0.875450,-0.064813,,,,,0.369895,-0.293616,-0.133642,1.112,0.752
6,12,66.7129,rolling,-0.2000,reverse,1600.000,1290,decreasing,1630.000,1594.537,1286,0,1783739434.310695171,0.040415,0.267596,0.875450,-0.064813,,,,,0.369895,-0.293616,-0.133642,1.112,0.752
6,12,66.7279,rolling,-0.2000,reverse,1600.000,1290,decreasing,1630.000,1594.759,1286,1,1783739434.408654690,0.039826,0.267400,0.876592,-0.049955,-0.0005272,0.0011426,-2.1673727,-0.5414820,0.370422,-0.293616,-0.133642,1.112,0.752
6,12,66.7432,rolling,-0.2000,reverse,1600.000,1290,decreasing,1630.000,1594.759,1286,0,1783739434.408654690,0.039826,0.267400,0.876592,-0.049955,,,,,0.370422,-0.293616,-0.133642,1.112,0.752
6,12,66.7650,rolling,-0.2000,reverse,1600.000,1290,decreasing,1630.000,1594.759,1286,0,1783739434.408654690,0.039826,0.267400,0.876592,-0.049955,,,,,0.370422,-0.293616,-0.133642,1.112,0.752
6,12,66.7866,rolling,-0.2000,reverse,1600.000,1290,decreasing,1630.000,1594.759,1286,0,1783739434.408654690,0.039826,0.267400,0.876592,-0.049955,,,,,0.370422,-0.293616,-0.133642,1.112,0.752
6,12,66.8082,rolling,-0.2000,reverse,1600.000,1290,decreasing,1630.000,1594.759,1286,0,1783739434.408654690,0.039826,0.267400,0.876592,-0.049955,,,,,0.370422,-0.293616,-0.133642,1.114,0.750
6,12,66.8262,rolling,-0.2000,reverse,1600.000,1290,decreasing,1630.000,1594.916,1286,1,1783739434.509092569,0.039121,0.266897,0.877287,-0.039551,-0.0008376,0.0006941,-0.8287472,-0.2260469,0.371259,-0.293616,-0.133642,1.114,0.750
6,12,66.8411,rolling,-0.2000,reverse,1600.000,1290,decreasing,1630.000,1594.916,1286,0,1783739434.509092569,0.039121,0.266897,0.877287,-0.039551,,,,,0.371259,-0.293616,-0.133642,1.114,0.750
6,12,66.8628,rolling,-0.2000,reverse,1600.000,1290,decreasing,1630.000,1594.916,1286,0,1783739434.509092569,0.039121,0.266897,0.877287,-0.039551,,,,,0.371259,-0.293616,-0.133642,1.114,0.750
6,12,66.8844,rolling,-0.2000,reverse,1600.000,1290,decreasing,1630.000,1594.916,1286,0,1783739434.509092569,0.039121,0.266897,0.877287,-0.039551,,,,,0.371259,-0.293616,-0.133642,1.114,0.750
6,12,66.9060,rolling,-0.2000,reverse,1600.000,1290,decreasing,1630.000,1594.916,1286,0,1783739434.509092569,0.039121,0.266897,0.877287,-0.039551,,,,,0.371259,-0.293616,-0.133642,1.115,0.749
6,12,66.9268,rolling,-0.2000,reverse,1600.000,1290,decreasing,1630.000,1595.067,1286,1,1783739434.607304096,0.039402,0.266761,0.877518,-0.029473,0.0000750,0.0002311,3.0804099,0.7072821,0.371334,-0.293616,-0.133642,1.115,0.749
6,12,66.9336,rolling,-0.2000,reverse,1600.000,1290,decreasing,1630.000,1595.067,1286,0,1783739434.607304096,0.039402,0.266761,0.877518,-0.029473,,,,,0.371334,-0.293616,-0.133642,1.115,0.749
6,12,66.9553,rolling,-0.2000,reverse,1600.000,1290,decreasing,1630.000,1595.067,1286,0,1783739434.607304096,0.039402,0.266761,0.877518,-0.029473,,,,,0.371334,-0.293616,-0.133642,1.115,0.749
6,12,66.9768,rolling,-0.2000,reverse,1600.000,1290,decreasing,1630.000,1595.067,1286,0,1783739434.607304096,0.039402,0.266761,0.877518,-0.029473,,,,,0.371334,-0.293616,-0.133642,1.115,0.749
6,12,66.9985,rolling,-0.2000,reverse,1600.000,1290,decreasing,1630.000,1595.067,1286,0,1783739434.607304096,0.039402,0.266761,0.877518,-0.029473,,,,,0.371334,-0.293616,-0.133642,1.115,0.749
6,12,67.0200,rolling,-0.2000,reverse,1600.000,1290,decreasing,1630.000,1595.067,1286,0,1783739434.607304096,0.039402,0.266761,0.877518,-0.029473,,,,,0.371334,-0.293616,-0.133642,1.116,0.747
6,12,67.0271,rolling,-0.2000,reverse,1600.000,1290,decreasing,1630.000,1595.185,1286,1,1783739434.707798243,0.039555,0.266896,0.877454,-0.021603,0.0002016,-0.0000637,-0.3159165,-0.0874433,0.371536,-0.293616,-0.133642,1.116,0.747
6,12,67.0356,rolling,-0.2000,reverse,1600.000,1290,decreasing,1630.000,1595.185,1286,0,1783739434.707798243,0.039555,0.266896,0.877454,-0.021603,,,,,0.371536,-0.293616,-0.133642,1.116,0.747
6,12,67.0573,rolling,-0.2000,reverse,1600.000,1290,decreasing,1630.000,1595.185,1286,0,1783739434.707798243,0.039555,0.266896,0.877454,-0.021603,,,,,0.371536,-0.293616,-0.133642,1.116,0.747
6,12,67.0789,rolling,-0.2000,reverse,1600.000,1290,decreasing,1630.000,1595.185,1286,0,1783739434.707798243,0.039555,0.266896,0.877454,-0.021603,,,,,0.371536,-0.293616,-0.133642,1.116,0.747
6,12,67.1004,rolling,-0.2000,reverse,1600.000,1290,decreasing,1630.000,1595.185,1286,0,1783739434.707798243,0.039555,0.266896,0.877454,-0.021603,,,,,0.371536,-0.293616,-0.133642,1.116,0.747
6,12,67.1219,rolling,-0.2000,reverse,1600.000,1290,decreasing,1630.000,1595.185,1286,0,1783739434.707798243,0.039555,0.266896,0.877454,-0.021603,,,,,0.371536,-0.293616,-0.133642,1.115,0.845
6,12,67.1255,rolling,-0.2000,reverse,1600.000,1290,decreasing,1630.000,1595.281,1287,1,1783739434.808250189,0.040043,0.267012,0.877482,-0.015204,0.0004011,0.0000280,0.0697802,0.0193616,0.371937,-0.293616,-0.133642,1.115,0.845
6,12,67.1401,rolling,-0.2000,reverse,1600.000,1290,decreasing,1630.000,1595.281,1287,0,1783739434.808250189,0.040043,0.267012,0.877482,-0.015204,,,,,0.371937,-0.293616,-0.133642,1.115,0.845
6,12,67.1618,rolling,-0.2000,reverse,1600.000,1290,decreasing,1630.000,1595.281,1287,0,1783739434.808250189,0.040043,0.267012,0.877482,-0.015204,,,,,0.371937,-0.293616,-0.133642,1.115,0.845
6,12,67.1834,rolling,-0.2000,reverse,1600.000,1290,decreasing,1630.000,1595.281,1287,0,1783739434.808250189,0.040043,0.267012,0.877482,-0.015204,,,,,0.371937,-0.293616,-0.133642,1.115,0.845
6,12,67.2049,rolling,-0.2000,reverse,1600.000,1290,decreasing,1630.000,1595.281,1287,0,1783739434.808250189,0.040043,0.267012,0.877482,-0.015204,,,,,0.371937,-0.293616,-0.133642,1.116,0.845
6,12,67.2260,rolling,-0.2000,reverse,1600.000,1290,decreasing,1630.000,1595.368,1287,1,1783739434.906586647,0.040408,0.267744,0.876735,-0.009378,0.0007965,-0.0007470,-0.9378062,-0.2545940,0.372734,-0.293616,-0.133642,1.116,0.845
6,12,67.2352,rolling,-0.2000,reverse,1600.000,1290,decreasing,1630.000,1595.368,1287,0,1783739434.906586647,0.040408,0.267744,0.876735,-0.009378,,,,,0.372734,-0.293616,-0.133642,1.116,0.845
6,12,67.2570,rolling,-0.2000,reverse,1600.000,1290,decreasing,1630.000,1595.368,1287,0,1783739434.906586647,0.040408,0.267744,0.876735,-0.009378,,,,,0.372734,-0.293616,-0.133642,1.116,0.845
6,12,67.2785,rolling,-0.2000,reverse,1600.000,1290,decreasing,1630.000,1595.368,1287,0,1783739434.906586647,0.040408,0.267744,0.876735,-0.009378,,,,,0.372734,-0.293616,-0.133642,1.116,0.845
6,12,67.3000,rolling,-0.2000,reverse,1600.000,1290,decreasing,1630.000,1595.368,1287,0,1783739434.906586647,0.040408,0.267744,0.876735,-0.009378,,,,,0.372734,-0.293616,-0.133642,1.116,0.845
6,12,67.3216,rolling,-0.2000,reverse,1600.000,1290,decreasing,1630.000,1595.368,1287,0,1783739434.906586647,0.040408,0.267744,0.876735,-0.009378,,,,,0.372734,-0.293616,-0.133642,1.115,0.750
6,12,67.3263,rolling,-0.2000,reverse,1600.000,1290,decreasing,1630.000,1595.393,1287,1,1783739435.006907701,0.040624,0.267218,0.875030,-0.007696,-0.0002659,-0.0017049,6.4111377,1.0587223,0.373000,-0.293616,-0.133642,1.115,0.750
6,12,67.3390,rolling,-0.2000,reverse,1600.000,1290,decreasing,1630.000,1595.393,1287,0,1783739435.006907701,0.040624,0.267218,0.875030,-0.007696,,,,,0.373000,-0.293616,-0.133642,1.115,0.750
6,12,67.3608,rolling,-0.2000,reverse,1600.000,1290,decreasing,1630.000,1595.393,1287,0,1783739435.006907701,0.040624,0.267218,0.875030,-0.007696,,,,,0.373000,-0.293616,-0.133642,1.115,0.750
6,12,67.3824,rolling,-0.2000,reverse,1600.000,1290,decreasing,1630.000,1595.393,1287,0,1783739435.006907701,0.040624,0.267218,0.875030,-0.007696,,,,,0.373000,-0.293616,-0.133642,1.115,0.750
6,12,67.4041,rolling,-0.2000,reverse,1600.000,1290,decreasing,1630.000,1595.393,1287,0,1783739435.006907701,0.040624,0.267218,0.875030,-0.007696,,,,,0.373000,-0.293616,-0.133642,1.115,0.750
6,12,67.4257,rolling,-0.2000,reverse,1600.000,1290,decreasing,1630.000,1595.393,1287,0,1783739435.006907701,0.040624,0.267218,0.875030,-0.007696,,,,,0.373000,-0.293616,-0.133642,1.114,0.749
6,12,67.4282,rolling,-0.2000,reverse,1600.000,1290,decreasing,1630.000,1598.493,1289,1,1783739435.107452869,0.040822,0.269333,0.873603,-0.001424,0.0017489,-0.0014274,-0.8161610,-0.2227271,0.374748,-0.293616,-0.133642,1.114,0.749
6,12,67.4443,rolling,-0.2000,reverse,1600.000,1290,decreasing,1630.000,1598.493,1289,0,1783739435.107452869,0.040822,0.269333,0.873603,-0.001424,,,,,0.374748,-0.293616,-0.133642,1.114,0.749
6,12,67.4659,rolling,-0.2000,reverse,1600.000,1290,decreasing,1630.000,1598.493,1289,0,1783739435.107452869,0.040822,0.269333,0.873603,-0.001424,,,,,0.374748,-0.293616,-0.133642,1.114,0.749
6,12,67.4874,rolling,-0.2000,reverse,1600.000,1290,decreasing,1630.000,1598.493,1289,0,1783739435.107452869,0.040822,0.269333,0.873603,-0.001424,,,,,0.374748,-0.293616,-0.133642,1.114,0.749
6,12,67.5088,rolling,-0.2000,reverse,1600.000,1290,decreasing,1630.000,1598.493,1289,0,1783739435.107452869,0.040822,0.269333,0.873603,-0.001424,,,,,0.374748,-0.293616,-0.133642,1.116,0.845
6,12,67.5273,rolling,-0.2000,reverse,1600.000,1290,decreasing,1630.000,1601.593,1292,1,1783739435.207877159,0.039320,0.269833,0.874235,-0.002513,-0.0005804,0.0006323,-1.0894585,-0.2935882,0.375329,-0.293616,-0.133642,1.116,0.845
6,12,67.5423,rolling,-0.2000,reverse,1600.000,1290,decreasing,1630.000,1601.593,1292,0,1783739435.207877159,0.039320,0.269833,0.874235,-0.002513,,,,,0.375329,-0.293616,-0.133642,1.116,0.845
6,12,67.5639,rolling,-0.2000,reverse,1600.000,1290,decreasing,1630.000,1601.593,1292,0,1783739435.207877159,0.039320,0.269833,0.874235,-0.002513,,,,,0.375329,-0.293616,-0.133642,1.116,0.845
6,12,67.5855,rolling,-0.2000,reverse,1600.000,1290,decreasing,1630.000,1601.593,1292,0,1783739435.207877159,0.039320,0.269833,0.874235,-0.002513,,,,,0.375329,-0.293616,-0.133642,1.116,0.845
6,12,67.6072,rolling,-0.2000,reverse,1600.000,1290,decreasing,1630.000,1601.593,1292,0,1783739435.207877159,0.039320,0.269833,0.874235,-0.002513,,,,,0.375329,-0.293616,-0.133642,1.115,0.751
6,12,67.6277,rolling,-0.2000,reverse,1600.000,1290,decreasing,1630.000,1604.693,1294,1,1783739435.308344364,0.040714,0.269607,0.875270,-0.000092,0.0007205,0.0010345,1.4358446,0.3791668,0.376049,-0.293616,-0.133642,1.115,0.751
6,12,67.6415,rolling,-0.2000,reverse,1600.000,1290,decreasing,1630.000,1604.693,1294,0,1783739435.308344364,0.040714,0.269607,0.875270,-0.000092,,,,,0.376049,-0.293616,-0.133642,1.115,0.751
6,12,67.6632,rolling,-0.2000,reverse,1600.000,1290,decreasing,1630.000,1604.693,1294,0,1783739435.308344364,0.040714,0.269607,0.875270,-0.000092,,,,,0.376049,-0.293616,-0.133642,1.115,0.751
6,12,67.6848,rolling,-0.2000,reverse,1600.000,1290,decreasing,1630.000,1604.693,1294,0,1783739435.308344364,0.040714,0.269607,0.875270,-0.000092,,,,,0.376049,-0.293616,-0.133642,1.115,0.751
6,12,67.7063,rolling,-0.2000,reverse,1600.000,1290,decreasing,1630.000,1604.693,1294,0,1783739435.308344364,0.040714,0.269607,0.875270,-0.000092,,,,,0.376049,-0.293616,-0.133642,1.114,0.747
6,12,67.7286,rolling,-0.2000,reverse,1600.000,1290,decreasing,1630.000,1607.793,1297,1,1783739435.409048796,0.040022,0.267533,0.875743,-0.005123,-0.0020361,0.0004737,-0.2326740,-0.0644775,0.378085,-0.293616,-0.133642,1.114,0.747
6,12,67.7429,rolling,-0.2000,reverse,1600.000,1290,decreasing,1630.000,1607.793,1297,0,1783739435.409048796,0.040022,0.267533,0.875743,-0.005123,,,,,0.378085,-0.293616,-0.133642,1.114,0.747
6,12,67.7647,rolling,-0.2000,reverse,1600.000,1290,decreasing,1630.000,1607.793,1297,0,1783739435.409048796,0.040022,0.267533,0.875743,-0.005123,,,,,0.378085,-0.293616,-0.133642,1.114,0.747
6,12,67.7863,rolling,-0.2000,reverse,1600.000,1290,decreasing,1630.000,1607.793,1297,0,1783739435.409048796,0.040022,0.267533,0.875743,-0.005123,,,,,0.378085,-0.293616,-0.133642,1.114,0.747
6,12,67.8079,rolling,-0.2000,reverse,1600.000,1290,decreasing,1630.000,1607.793,1297,0,1783739435.409048796,0.040022,0.267533,0.875743,-0.005123,,,,,0.378085,-0.293616,-0.133642,1.114,0.751
6,12,67.8292,rolling,-0.2000,reverse,1600.000,1290,decreasing,1630.000,1610.893,1299,1,1783739435.509648800,0.038865,0.267119,0.876006,-0.006473,-0.0010585,0.0002625,-0.2480033,-0.0687126,0.379144,-0.293616,-0.133642,1.114,0.751
6,12,67.8443,rolling,-0.2000,reverse,1600.000,1290,decreasing,1630.000,1610.893,1299,0,1783739435.509648800,0.038865,0.267119,0.876006,-0.006473,,,,,0.379144,-0.293616,-0.133642,1.114,0.751
6,12,67.8660,rolling,-0.2000,reverse,1600.000,1290,decreasing,1630.000,1610.893,1299,0,1783739435.509648800,0.038865,0.267119,0.876006,-0.006473,,,,,0.379144,-0.293616,-0.133642,1.114,0.751
6,12,67.8878,rolling,-0.2000,reverse,1600.000,1290,decreasing,1630.000,1610.893,1299,0,1783739435.509648800,0.038865,0.267119,0.876006,-0.006473,,,,,0.379144,-0.293616,-0.133642,1.114,0.751
6,12,67.9095,rolling,-0.2000,reverse,1600.000,1290,decreasing,1630.000,1610.893,1299,0,1783739435.509648800,0.038865,0.267119,0.876006,-0.006473,,,,,0.379144,-0.293616,-0.133642,1.113,0.845
6,12,67.9296,rolling,-0.2000,reverse,1600.000,1290,decreasing,1630.000,1613.993,1302,1,1783739435.610259295,0.041348,0.267549,0.877202,-0.000088,0.0019184,0.0011965,0.6236913,0.1713766,0.381062,-0.293616,-0.133642,1.113,0.845
6,12,67.9436,rolling,-0.2000,reverse,1600.000,1290,decreasing,1630.000,1613.993,1302,0,1783739435.610259295,0.041348,0.267549,0.877202,-0.000088,,,,,0.381062,-0.293616,-0.133642,1.113,0.845
6,12,67.9652,rolling,-0.2000,reverse,1600.000,1290,decreasing,1630.000,1613.993,1302,0,1783739435.610259295,0.041348,0.267549,0.877202,-0.000088,,,,,0.381062,-0.293616,-0.133642,1.113,0.845
6,12,67.9869,rolling,-0.2000,reverse,1600.000,1290,decreasing,1630.000,1613.993,1302,0,1783739435.610259295,0.041348,0.267549,0.877202,-0.000088,,,,,0.381062,-0.293616,-0.133642,1.113,0.845
6,12,68.0085,rolling,-0.2000,reverse,1600.000,1290,decreasing,1630.000,1613.993,1302,0,1783739435.610259295,0.041348,0.267549,0.877202,-0.000088,,,,,0.381062,-0.293616,-0.133642,1.107,0.846
6,12,68.0275,rolling,-0.2000,reverse,1600.000,1290,decreasing,1630.000,1617.093,1304,1,1783739435.710632563,0.037174,0.264916,0.877360,-0.011752,-0.0046920,0.0001575,-0.0335776,-0.0093175,0.385754,-0.293616,-0.133642,1.107,0.846
6,12,68.0449,rolling,-0.2000,reverse,1600.000,1290,decreasing,1630.000,1617.093,1304,0,1783739435.710632563,0.037174,0.264916,0.877360,-0.011752,,,,,0.385754,-0.293616,-0.133642,1.107,0.846
6,12,68.0665,rolling,-0.2000,reverse,1600.000,1290,decreasing,1630.000,1617.093,1304,0,1783739435.710632563,0.037174,0.264916,0.877360,-0.011752,,,,,0.385754,-0.293616,-0.133642,1.107,0.846
6,12,68.0881,rolling,-0.2000,reverse,1600.000,1290,decreasing,1630.000,1617.093,1304,0,1783739435.710632563,0.037174,0.264916,0.877360,-0.011752,,,,,0.385754,-0.293616,-0.133642,1.107,0.846
6,12,68.1096,rolling,-0.2000,reverse,1600.000,1290,decreasing,1630.000,1617.093,1304,0,1783739435.710632563,0.037174,0.264916,0.877360,-0.011752,,,,,0.385754,-0.293616,-0.133642,1.092,0.857
6,12,68.1281,rolling,-0.2000,reverse,1600.000,1290,decreasing,1630.000,1592.509,1284,1,1783739435.808595419,0.027848,0.250439,0.874338,-0.052432,-0.0170918,-0.0030219,0.1768025,0.0490234,0.402846,-0.293616,-0.133642,1.092,0.857
6,12,68.1400,rolling,-0.2000,reverse,1600.000,1290,decreasing,1630.000,1592.509,1284,0,1783739435.808595419,0.027848,0.250439,0.874338,-0.052432,,,,,0.402846,-0.293616,-0.133642,1.092,0.857
6,12,68.1618,rolling,-0.2000,reverse,1600.000,1290,decreasing,1630.000,1592.509,1284,0,1783739435.808595419,0.027848,0.250439,0.874338,-0.052432,,,,,0.402846,-0.293616,-0.133642,1.092,0.857
6,12,68.1834,rolling,-0.2000,reverse,1600.000,1290,decreasing,1630.000,1592.509,1284,0,1783739435.808595419,0.027848,0.250439,0.874338,-0.052432,,,,,0.402846,-0.293616,-0.133642,1.092,0.857
6,12,68.2051,rolling,-0.2000,reverse,1600.000,1290,decreasing,1630.000,1592.509,1284,0,1783739435.808595419,0.027848,0.250439,0.874338,-0.052432,,,,,0.402846,-0.293616,-0.133642,1.092,0.857
6,12,68.2267,rolling,-0.2000,reverse,1600.000,1290,decreasing,1630.000,1592.509,1284,0,1783739435.808595419,0.027848,0.250439,0.874338,-0.052432,,,,,0.402846,-0.293616,-0.133642,1.062,0.879
6,12,68.2292,rolling,-0.2000,reverse,1600.000,1290,decreasing,1630.000,1593.839,1285,1,1783739435.909044504,0.009857,0.227785,0.862656,-0.111289,-0.0289150,-0.0116819,0.4040060,0.1116455,0.431761,-0.293616,-0.133642,1.062,0.879
6,12,68.2457,rolling,-0.2000,reverse,1600.000,1290,decreasing,1630.000,1593.839,1285,0,1783739435.909044504,0.009857,0.227785,0.862656,-0.111289,,,,,0.431761,-0.293616,-0.133642,1.062,0.879
6,12,68.2673,rolling,-0.2000,reverse,1600.000,1290,decreasing,1630.000,1593.839,1285,0,1783739435.909044504,0.009857,0.227785,0.862656,-0.111289,,,,,0.431761,-0.293616,-0.133642,1.062,0.879
6,12,68.2890,rolling,-0.2000,reverse,1600.000,1290,decreasing,1630.000,1593.839,1285,0,1783739435.909044504,0.009857,0.227785,0.862656,-0.111289,,,,,0.431761,-0.293616,-0.133642,1.062,0.879
6,12,68.3106,rolling,-0.2000,reverse,1600.000,1290,decreasing,1630.000,1593.839,1285,0,1783739435.909044504,0.009857,0.227785,0.862656,-0.111289,,,,,0.431761,-0.293616,-0.133642,1.033,0.908
6,12,68.3292,rolling,-0.2000,reverse,1600.000,1290,decreasing,1630.000,1593.187,1285,1,1783739436.009828806,-0.009023,0.206090,0.848672,-0.154807,-0.0287598,-0.0139843,0.4862437,0.1341226,0.460521,-0.322376,-0.147626,1.033,0.908
